{
  "method": "shap",
  "values": [
    0.35530203325807636,
    -0.17024972598829624,
    0.03932813716455287,
    0.03998988614546667,
    -0.04166605860384498
  ],
  "class_values": [
    [
      -0.3553020332580762,
      0.17024972598829607,
      -0.03932813716455298,
      -0.03998988614546656,
      0.04166605860384487
    ],
    [
      0.35530203325807636,
      -0.17024972598829624,
      0.03932813716455287,
      0.03998988614546667,
      -0.04166605860384498
    ]
  ],
  "ranking_values": [
    0.35530203325807636,
    0.17024972598829624,
    0.03932813716455298,
    0.03998988614546667,
    0.04166605860384498
  ],
  "base_value": 0.7772957280240453,
  "max_abs_value": 0.35530203325807636
}