{
  "method": "shap",
  "values": [
    0.20868090468857636,
    0.32286188066206933,
    0.2735818503436329,
    -0.08961326115326568,
    0.0815915657086499
  ],
  "class_values": [
    [
      -0.20868090468857625,
      -0.32286188066206956,
      -0.273581850343633,
      0.08961326115326579,
      -0.08159156570864978
    ],
    [
      0.20868090468857636,
      0.32286188066206933,
      0.2735818503436329,
      -0.08961326115326568,
      0.0815915657086499
    ]
  ],
  "ranking_values": [
    0.20868090468857636,
    0.32286188066206956,
    0.273581850343633,
    0.08961326115326579,
    0.0815915657086499
  ],
  "base_value": 0.202896659733376,
  "max_abs_value": 0.32286188066206933
}