{
  "method": "shap",
  "values": [
    -0.5343732193850941,
    0.006432252954034656,
    -0.25062688436479097,
    0.07758796160189735,
    -0.07631583883009074
  ],
  "class_values": [
    [
      0.534373219385094,
      -0.006432252954034712,
      0.25062688436479097,
      -0.07758796160189746,
      0.07631583883009108
    ],
    [
      -0.5343732193850941,
      0.006432252954034656,
      -0.25062688436479097,
      0.07758796160189735,
      -0.07631583883009074
    ]
  ],
  "ranking_values": [
    0.5343732193850941,
    0.006432252954034712,
    0.25062688436479097,
    0.07758796160189746,
    0.07631583883009108
  ],
  "base_value": 0.7772957280240453,
  "max_abs_value": 0.5343732193850941
}