{
  "method": "shap",
  "values": [
    -0.23106705642359887,
    -0.1961995137021082,
    -0.125754801261231,
    -0.10527699324450346,
    -0.11899736339256062
  ],
  "class_values": [
    [
      0.2310670564235987,
      0.19619951370210797,
      0.12575480126123095,
      0.10527699324450351,
      0.11899736339256095
    ],
    [
      -0.23106705642359887,
      -0.1961995137021082,
      -0.125754801261231,
      -0.10527699324450346,
      -0.11899736339256062
    ]
  ],
  "ranking_values": [
    0.23106705642359887,
    0.1961995137021082,
    0.125754801261231,
    0.10527699324450351,
    0.11899736339256095
  ],
  "base_value": 0.7772957280240453,
  "max_abs_value": 0.23106705642359887
}