{
  "method": "shap",
  "values": [
    -0.08049666810415079,
    0.20717653075435713,
    0.23118951676087013,
    -0.05826787486097709,
    -0.0768972327438101
  ],
  "class_values": [
    [
      0.08049666810415071,
      -0.20717653075435707,
      -0.23118951676087002,
      0.05826787486097705,
      0.07689723274380994
    ],
    [
      -0.08049666810415079,
      0.20717653075435713,
      0.23118951676087013,
      -0.05826787486097709,
      -0.0768972327438101
    ]
  ],
  "ranking_values": [
    0.08049666810415079,
    0.20717653075435713,
    0.23118951676087013,
    0.05826787486097709,
    0.0768972327438101
  ],
  "base_value": 0.7772957280240453,
  "max_abs_value": 0.23118951676087013
}