{
  "method": "shap",
  "values": [
    0.30546564929006687,
    -0.08232265520470683,
    0.004381087399112096,
    0.04168514663806097,
    -0.04650495614657846
  ],
  "class_values": [
    [
      -0.3054656492900667,
      0.08232265520470672,
      -0.00438108739911211,
      -0.041685146638061055,
      0.04650495614657835
    ],
    [
      0.30546564929006687,
      -0.08232265520470683,
      0.004381087399112096,
      0.04168514663806097,
      -0.04650495614657846
    ]
  ],
  "ranking_values": [
    0.30546564929006687,
    0.08232265520470683,
    0.00438108739911211,
    0.041685146638061055,
    0.04650495614657846
  ],
  "base_value": 0.7772957280240453,
  "max_abs_value": 0.30546564929006687
}