{
  "method": "shap",
  "values": [
    0.4866253352254012,
    0.0447959955318879,
    0.1543187959049623,
    -0.1055236518401263,
    0.21636140821570615
  ],
  "class_values": [
    [
      -0.48662533522540147,
      -0.044795995531887955,
      -0.15431879590496217,
      0.1055236518401263,
      -0.21636140821570604
    ],
    [
      0.4866253352254012,
      0.0447959955318879,
      0.1543187959049623,
      -0.1055236518401263,
      0.21636140821570615
    ]
  ],
  "ranking_values": [
    0.48662533522540147,
    0.044795995531887955,
    0.1543187959049623,
    0.1055236518401263,
    0.21636140821570615
  ],
  "base_value": 0.202896659733376,
  "max_abs_value": 0.4866253352254012
}