{
  "method": "shap",
  "values": [
    0.09986312519645756,
    0.023676961885877507,
    0.08807023308000744,
    0.05250508715014024,
    -0.041411135336528515
  ],
  "class_values": [
    [
      -0.0998631251964576,
      -0.023676961885877534,
      -0.08807023308000739,
      -0.05250508715014021,
      0.041411135336528404
    ],
    [
      0.09986312519645756,
      0.023676961885877507,
      0.08807023308000744,
      0.05250508715014024,
      -0.041411135336528515
    ]
  ],
  "ranking_values": [
    0.0998631251964576,
    0.023676961885877534,
    0.08807023308000744,
    0.05250508715014024,
    0.041411135336528515
  ],
  "base_value": 0.7772957280240453,
  "max_abs_value": 0.09986312519645756
}