{
  "method": "shap",
  "values": [
    -0.5646998438617088,
    0.11207873116253864,
    -0.27149097896664987,
    -0.10207365251178907,
    0.04889001619257494
  ],
  "class_values": [
    [
      0.5646998438617087,
      -0.11207873116253875,
      0.27149097896664987,
      0.10207365251178901,
      -0.048890016192574826
    ],
    [
      -0.5646998438617088,
      0.11207873116253864,
      -0.27149097896664987,
      -0.10207365251178907,
      0.04889001619257494
    ]
  ],
  "ranking_values": [
    0.5646998438617088,
    0.11207873116253875,
    0.27149097896664987,
    0.10207365251178907,
    0.04889001619257494
  ],
  "base_value": 0.7772957280240453,
  "max_abs_value": 0.5646998438617088
}