{
  "method": "shap",
  "values": [
    0.08336712359432469,
    0.053356992697615235,
    0.049446000055867884,
    0.029495856316282765,
    0.007038299311864088
  ],
  "class_values": [
    [
      -0.0833671235943246,
      -0.05335699269761522,
      -0.04944600005586797,
      -0.029495856316282848,
      -0.0070382993118641435
    ],
    [
      0.08336712359432469,
      0.053356992697615235,
      0.049446000055867884,
      0.029495856316282765,
      0.007038299311864088
    ]
  ],
  "ranking_values": [
    0.08336712359432469,
    0.053356992697615235,
    0.04944600005586797,
    0.029495856316282848,
    0.0070382993118641435
  ],
  "base_value": 0.7772957280240453,
  "max_abs_value": 0.08336712359432469
}