{
  "method": "shap",
  "values": [
    0.19694768502420334,
    -0.026236496816604893,
    -0.00969063653923831,
    0.04340413218625383,
    0.018279588121340673
  ],
  "class_values": [
    [
      -0.19694768502420307,
      0.026236496816604726,
      0.009690636539238198,
      -0.04340413218625394,
      -0.018279588121340673
    ],
    [
      0.19694768502420334,
      -0.026236496816604893,
      -0.00969063653923831,
      0.04340413218625383,
      0.018279588121340673
    ]
  ],
  "ranking_values": [
    0.19694768502420334,
    0.026236496816604893,
    0.00969063653923831,
    0.04340413218625394,
    0.018279588121340673
  ],
  "base_value": 0.7772957280240453,
  "max_abs_value": 0.19694768502420334
}