{
  "method": "shap",
  "values": [
    0.4409825554613706,
    0.1444657584216431,
    0.011760380904480172,
    0.1006191585424352,
    0.0992754863874058
  ],
  "class_values": [
    [
      -0.4409825554613706,
      -0.144465758421643,
      -0.011760380904480172,
      -0.1006191585424353,
      -0.09927548638740602
    ],
    [
      0.4409825554613706,
      0.1444657584216431,
      0.011760380904480172,
      0.1006191585424352,
      0.0992754863874058
    ]
  ],
  "ranking_values": [
    0.4409825554613706,
    0.1444657584216431,
    0.011760380904480172,
    0.1006191585424353,
    0.09927548638740602
  ],
  "base_value": 0.202896659733376,
  "max_abs_value": 0.4409825554613706
}