{
  "method": "shap",
  "values": [
    0.22167064667485115,
    0.0558343406032972,
    -0.0352629834678683,
    -0.045782206006855064,
    0.026244474172516602
  ],
  "class_values": [
    [
      -0.22167064667485104,
      -0.05583434060329748,
      0.035262983467868145,
      0.04578220600685509,
      -0.02624447417251638
    ],
    [
      0.22167064667485115,
      0.0558343406032972,
      -0.0352629834678683,
      -0.045782206006855064,
      0.026244474172516602
    ]
  ],
  "ranking_values": [
    0.22167064667485115,
    0.05583434060329748,
    0.0352629834678683,
    0.04578220600685509,
    0.026244474172516602
  ],
  "base_value": 0.7772957280240453,
  "max_abs_value": 0.22167064667485115
}