{
  "method": "shap",
  "values": [
    0.19205336770510625,
    0.04689784772047677,
    0.000728636346635142,
    -0.0442830623985543,
    0.027307482583061538
  ],
  "class_values": [
    [
      -0.19205336770510625,
      -0.04689784772047667,
      -0.0007286363466351004,
      0.04428306239855409,
      -0.027307482583061565
    ],
    [
      0.19205336770510625,
      0.04689784772047677,
      0.000728636346635142,
      -0.0442830623985543,
      0.027307482583061538
    ]
  ],
  "ranking_values": [
    0.19205336770510625,
    0.04689784772047677,
    0.000728636346635142,
    0.0442830623985543,
    0.027307482583061565
  ],
  "base_value": 0.7772957280240453,
  "max_abs_value": 0.19205336770510625
}