{
  "method": "shap",
  "values": [
    0.49016935919124693,
    0.10889130206425612,
    0.05107788673749758,
    0.07366546279570207,
    0.07329932947652396
  ],
  "class_values": [
    [
      -0.490169359191247,
      -0.10889130206425601,
      -0.05107788673749769,
      -0.07366546279570191,
      -0.07329932947652429
    ],
    [
      0.49016935919124693,
      0.10889130206425612,
      0.05107788673749758,
      0.07366546279570207,
      0.07329932947652396
    ]
  ],
  "ranking_values": [
    0.490169359191247,
    0.10889130206425612,
    0.05107788673749769,
    0.07366546279570207,
    0.07329932947652429
  ],
  "base_value": 0.202896659733376,
  "max_abs_value": 0.49016935919124693
}