{
  "method": "shap",
  "values": [
    -0.2735682777822529,
    0.02212447060264322,
    -0.10379088880385379,
    -0.17334455999373477,
    -0.23225343156496625
  ],
  "class_values": [
    [
      0.2735682777822528,
      -0.022124470602643165,
      0.1037908888038539,
      0.17334455999373466,
      0.23225343156496614
    ],
    [
      -0.2735682777822529,
      0.02212447060264322,
      -0.10379088880385379,
      -0.17334455999373477,
      -0.23225343156496625
    ]
  ],
  "ranking_values": [
    0.2735682777822529,
    0.02212447060264322,
    0.1037908888038539,
    0.17334455999373477,
    0.23225343156496625
  ],
  "base_value": 0.7772957280240453,
  "max_abs_value": 0.2735682777822529
}