{
  "method": "shap",
  "values": [
    -0.23531848519263654,
    -0.08549735365639544,
    -0.025655422294210695,
    -0.1812293023316306,
    -0.24959515149945544
  ],
  "class_values": [
    [
      0.23531848519263648,
      0.08549735365639521,
      0.02565542229421064,
      0.1812293023316307,
      0.24959515149945555
    ],
    [
      -0.23531848519263654,
      -0.08549735365639544,
      -0.025655422294210695,
      -0.1812293023316306,
      -0.24959515149945544
    ]
  ],
  "ranking_values": [
    0.23531848519263654,
    0.08549735365639544,
    0.025655422294210695,
    0.1812293023316307,
    0.24959515149945555
  ],
  "base_value": 0.7772957280240453,
  "max_abs_value": 0.24959515149945544
}