{
  "method": "shap",
  "values": [
    -0.5978114210149242,
    -0.14045638613786582,
    -0.012797267764183218,
    0.06563984032878767,
    -0.0918704934358503
  ],
  "class_values": [
    [
      0.5978114210149243,
      0.14045638613786582,
      0.012797267764183273,
      -0.06563984032878778,
      0.09187049343585019
    ],
    [
      -0.5978114210149242,
      -0.14045638613786582,
      -0.012797267764183218,
      0.06563984032878767,
      -0.0918704934358503
    ]
  ],
  "ranking_values": [
    0.5978114210149243,
    0.14045638613786582,
    0.012797267764183273,
    0.06563984032878778,
    0.0918704934358503
  ],
  "base_value": 0.7772957280240453,
  "max_abs_value": 0.5978114210149242
}