{
  "method": "shap",
  "values": [
    -0.18564846753210879,
    0.0042238310245378274,
    -0.4997218579098729,
    -0.1608043253939193,
    0.06465509300733785
  ],
  "class_values": [
    [
      0.18564846753210873,
      -0.004223831024537772,
      0.4997218579098728,
      0.16080432539391953,
      -0.06465509300733796
    ],
    [
      -0.18564846753210879,
      0.0042238310245378274,
      -0.4997218579098729,
      -0.1608043253939193,
      0.06465509300733785
    ]
  ],
  "ranking_values": [
    0.18564846753210879,
    0.0042238310245378274,
    0.4997218579098729,
    0.16080432539391953,
    0.06465509300733796
  ],
  "base_value": 0.7772957280240453,
  "max_abs_value": 0.4997218579098729
}