{
  "method": "shap",
  "values": [
    0.34376444702540593,
    -0.15349297758718486,
    0.15151384873100032,
    -0.06387416290081946,
    -0.05557625573262104
  ],
  "class_values": [
    [
      -0.3437644470254057,
      0.1534929775871847,
      -0.15151384873100038,
      0.06387416290081926,
      0.05557625573262115
    ],
    [
      0.34376444702540593,
      -0.15349297758718486,
      0.15151384873100032,
      -0.06387416290081946,
      -0.05557625573262104
    ]
  ],
  "ranking_values": [
    0.34376444702540593,
    0.15349297758718486,
    0.15151384873100038,
    0.06387416290081946,
    0.05557625573262115
  ],
  "base_value": 0.7772957280240453,
  "max_abs_value": 0.34376444702540593
}