{
  "method": "shap",
  "values": [
    0.36115900175052085,
    0.15501461029145225,
    0.27790398627581053,
    -0.0699383343702561,
    0.0729640763108812
  ],
  "class_values": [
    [
      -0.3611590017505208,
      -0.15501461029145225,
      -0.2779039862758107,
      0.0699383343702562,
      -0.07296407631088131
    ],
    [
      0.36115900175052085,
      0.15501461029145225,
      0.27790398627581053,
      -0.0699383343702561,
      0.0729640763108812
    ]
  ],
  "ranking_values": [
    0.36115900175052085,
    0.15501461029145225,
    0.2779039862758107,
    0.0699383343702562,
    0.07296407631088131
  ],
  "base_value": 0.202896659733376,
  "max_abs_value": 0.36115900175052085
}