{
  "method": "shap",
  "values": [
    0.10767500983753123,
    -0.2817220312868439,
    -0.158821946646172,
    0.061718509133353014,
    0.06825379922876876
  ],
  "class_values": [
    [
      -0.10767500983753152,
      0.28172203128684403,
      0.15882194664617197,
      -0.061718509133353,
      -0.06825379922876873
    ],
    [
      0.10767500983753123,
      -0.2817220312868439,
      -0.158821946646172,
      0.061718509133353014,
      0.06825379922876876
    ]
  ],
  "ranking_values": [
    0.10767500983753152,
    0.28172203128684403,
    0.158821946646172,
    0.061718509133353014,
    0.06825379922876876
  ],
  "base_value": 0.202896659733376,
  "max_abs_value": 0.2817220312868439
}