{
  "method": "shap",
  "values": [
    0.14201078821816315,
    0.3701240173350969,
    0.2667992904942559,
    0.0747421017946191,
    -0.05657289709262303
  ],
  "class_values": [
    [
      -0.14201078821816293,
      -0.3701240173350971,
      -0.266799290494256,
      -0.07474210179461926,
      0.05657289709262314
    ],
    [
      0.14201078821816315,
      0.3701240173350969,
      0.2667992904942559,
      0.0747421017946191,
      -0.05657289709262303
    ]
  ],
  "ranking_values": [
    0.14201078821816315,
    0.3701240173350971,
    0.266799290494256,
    0.07474210179461926,
    0.05657289709262314
  ],
  "base_value": 0.202896659733376,
  "max_abs_value": 0.3701240173350969
}