{
  "method": "shap",
  "values": [
    0.00033542736114478,
    0.0713519103943964,
    -0.1587628496412276,
    -0.0663643142004495,
    -0.04945683364724007
  ],
  "class_values": [
    [
      -0.00033542736114485633,
      -0.07135191039439659,
      0.15876284964122767,
      0.06636431420044962,
      0.04945683364724007
    ],
    [
      0.00033542736114478,
      0.0713519103943964,
      -0.1587628496412276,
      -0.0663643142004495,
      -0.04945683364724007
    ]
  ],
  "ranking_values": [
    0.00033542736114485633,
    0.07135191039439659,
    0.15876284964122767,
    0.06636431420044962,
    0.04945683364724007
  ],
  "base_value": 0.202896659733376,
  "max_abs_value": 0.1587628496412276
}