{
  "method": "shap",
  "values": [
    -0.28074700518847007,
    -0.03866587491739823,
    0.12467825548056684,
    -0.04693094510863685,
    0.038768910000562345
  ],
  "class_values": [
    [
      0.2807470051884702,
      0.03866587491739809,
      -0.12467825548056702,
      0.04693094510863707,
      -0.03876891000056243
    ],
    [
      -0.28074700518847007,
      -0.03866587491739823,
      0.12467825548056684,
      -0.04693094510863685,
      0.038768910000562345
    ]
  ],
  "ranking_values": [
    0.2807470051884702,
    0.03866587491739823,
    0.12467825548056702,
    0.04693094510863707,
    0.03876891000056243
  ],
  "base_value": 0.202896659733376,
  "max_abs_value": 0.28074700518847007
}