{
  "method": "shap",
  "values": [
    0.2619216252293898,
    0.08673170996873608,
    0.4523954163419446,
    -0.07979709696982606,
    0.07585162869965956
  ],
  "class_values": [
    [
      -0.2619216252293899,
      -0.08673170996873586,
      -0.4523954163419447,
      0.07979709696982629,
      -0.07585162869965989
    ],
    [
      0.2619216252293898,
      0.08673170996873608,
      0.4523954163419446,
      -0.07979709696982606,
      0.07585162869965956
    ]
  ],
  "ranking_values": [
    0.2619216252293899,
    0.08673170996873608,
    0.4523954163419447,
    0.07979709696982629,
    0.07585162869965989
  ],
  "base_value": 0.202896659733376,
  "max_abs_value": 0.4523954163419446
}