{
  "method": "shap",
  "values": [
    -0.29614713820498784,
    0.1049864590880874,
    -0.10892610107055958,
    0.04710374683434079,
    0.05008637361974322
  ],
  "class_values": [
    [
      0.2961471382049881,
      -0.10498645908808774,
      0.10892610107055976,
      -0.047103746834340904,
      -0.05008637361974333
    ],
    [
      -0.29614713820498784,
      0.1049864590880874,
      -0.10892610107055958,
      0.04710374683434079,
      0.05008637361974322
    ]
  ],
  "ranking_values": [
    0.2961471382049881,
    0.10498645908808774,
    0.10892610107055976,
    0.047103746834340904,
    0.05008637361974333
  ],
  "base_value": 0.202896659733376,
  "max_abs_value": 0.29614713820498784
}