{
  "method": "shap",
  "values": [
    -0.19939048379266155,
    -0.058467466122581295,
    0.1960841458989308,
    0.20214074251915223,
    0.08233730343303539
  ],
  "class_values": [
    [
      0.19939048379266122,
      0.058467466122581344,
      -0.19608414589893064,
      -0.2021407425191522,
      -0.08233730343303541
    ],
    [
      -0.19939048379266155,
      -0.058467466122581295,
      0.1960841458989308,
      0.20214074251915223,
      0.08233730343303539
    ]
  ],
  "ranking_values": [
    0.19939048379266155,
    0.058467466122581344,
    0.1960841458989308,
    0.20214074251915223,
    0.08233730343303541
  ],
  "base_value": 0.7772957280240453,
  "max_abs_value": 0.20214074251915223
}