{
  "method": "shap",
  "values": [
    0.0803375072401101,
    0.06620183075303074,
    0.038308432986007196,
    0.11794200980655747,
    -0.08008551590248325
  ],
  "class_values": [
    [
      -0.08033750724011018,
      -0.06620183075303074,
      -0.03830843298600717,
      -0.11794200980655756,
      0.08008551590248325
    ],
    [
      0.0803375072401101,
      0.06620183075303074,
      0.038308432986007196,
      0.11794200980655747,
      -0.08008551590248325
    ]
  ],
  "ranking_values": [
    0.08033750724011018,
    0.06620183075303074,
    0.038308432986007196,
    0.11794200980655756,
    0.08008551590248325
  ],
  "base_value": 0.7772957280240453,
  "max_abs_value": 0.11794200980655747
}