{
  "method": "shap",
  "values": [
    0.02670930471864249,
    -0.1583430592035357,
    -0.07735353701153234,
    0.054233361057885524,
    -0.04814272929483507
  ],
  "class_values": [
    [
      -0.026709304718642593,
      0.15834305920353575,
      0.0773535370115323,
      -0.05423336105788565,
      0.04814272929483518
    ],
    [
      0.02670930471864249,
      -0.1583430592035357,
      -0.07735353701153234,
      0.054233361057885524,
      -0.04814272929483507
    ]
  ],
  "ranking_values": [
    0.026709304718642593,
    0.15834305920353575,
    0.07735353701153234,
    0.05423336105788565,
    0.04814272929483518
  ],
  "base_value": 0.202896659733376,
  "max_abs_value": 0.1583430592035357
}