{
  "method": "shap",
  "values": [
    -0.6679464449693016,
    0.1045122425503599,
    -0.06860612317993037,
    -0.15899983500995823,
    0.04931499597306943
  ],
  "class_values": [
    [
      0.6679464449693016,
      -0.10451224255035985,
      0.06860612317993031,
      0.15899983500995807,
      -0.04931499597306943
    ],
    [
      -0.6679464449693016,
      0.1045122425503599,
      -0.06860612317993037,
      -0.15899983500995823,
      0.04931499597306943
    ]
  ],
  "ranking_values": [
    0.6679464449693016,
    0.1045122425503599,
    0.06860612317993037,
    0.15899983500995823,
    0.04931499597306943
  ],
  "base_value": 0.7772957280240453,
  "max_abs_value": 0.6679464449693016
}