{
  "method": "shap",
  "values": [
    -0.029878192802042347,
    0.001172077228092691,
    -0.09628359444864196,
    -0.052233243436893007,
    -0.025673706273891372
  ],
  "class_values": [
    [
      0.02987819280204232,
      -0.001172077228092816,
      0.09628359444864204,
      0.052233243436893034,
      0.025673706273891317
    ],
    [
      -0.029878192802042347,
      0.001172077228092691,
      -0.09628359444864196,
      -0.052233243436893007,
      -0.025673706273891372
    ]
  ],
  "ranking_values": [
    0.029878192802042347,
    0.001172077228092816,
    0.09628359444864204,
    0.052233243436893034,
    0.025673706273891372
  ],
  "base_value": 0.202896659733376,
  "max_abs_value": 0.09628359444864196
}