{
  "method": "shap",
  "values": [
    -0.22483988560392626,
    -0.06899117218965164,
    -0.00860082809293071,
    0.051356576379839716,
    0.04817864977329289
  ],
  "class_values": [
    [
      0.2248398856039265,
      0.06899117218965164,
      0.00860082809293064,
      -0.05135657637983977,
      -0.04817864977329317
    ],
    [
      -0.22483988560392626,
      -0.06899117218965164,
      -0.00860082809293071,
      0.051356576379839716,
      0.04817864977329289
    ]
  ],
  "ranking_values": [
    0.2248398856039265,
    0.06899117218965164,
    0.00860082809293071,
    0.05135657637983977,
    0.04817864977329317
  ],
  "base_value": 0.202896659733376,
  "max_abs_value": 0.22483988560392626
}