{
  "method": "shap",
  "values": [
    -0.05820748823911745,
    0.20824178970796303,
    -0.30222585456807977,
    0.07007162424686249,
    -0.12073813337727572
  ],
  "class_values": [
    [
      0.05820748823911731,
      -0.2082417897079633,
      0.3022258545680799,
      -0.07007162424686235,
      0.12073813337727578
    ],
    [
      -0.05820748823911745,
      0.20824178970796303,
      -0.30222585456807977,
      0.07007162424686249,
      -0.12073813337727572
    ]
  ],
  "ranking_values": [
    0.05820748823911745,
    0.2082417897079633,
    0.3022258545680799,
    0.07007162424686249,
    0.12073813337727578
  ],
  "base_value": 0.202896659733376,
  "max_abs_value": 0.30222585456807977
}