{
  "method": "shap",
  "values": [
    -0.17801101236518324,
    -0.10098484237165944,
    -0.0016265712210989103,
    0.04076713176112086,
    0.03695863446344477
  ],
  "class_values": [
    [
      0.1780110123651833,
      0.10098484237165942,
      0.0016265712210988686,
      -0.040767131761120914,
      -0.03695863446344483
    ],
    [
      -0.17801101236518324,
      -0.10098484237165944,
      -0.0016265712210989103,
      0.04076713176112086,
      0.03695863446344477
    ]
  ],
  "ranking_values": [
    0.1780110123651833,
    0.10098484237165944,
    0.0016265712210989103,
    0.040767131761120914,
    0.03695863446344483
  ],
  "base_value": 0.202896659733376,
  "max_abs_value": 0.17801101236518324
}