{
  "method": "shap",
  "values": [
    0.27261801048066414,
    -0.00877690593246247,
    0.048416444512068946,
    -0.0448624443185881,
    -0.04469083276572783
  ],
  "class_values": [
    [
      -0.2726180104806638,
      0.00877690593246247,
      -0.048416444512069015,
      0.04486244431858791,
      0.044690832765727606
    ],
    [
      0.27261801048066414,
      -0.00877690593246247,
      0.048416444512068946,
      -0.0448624443185881,
      -0.04469083276572783
    ]
  ],
  "ranking_values": [
    0.27261801048066414,
    0.00877690593246247,
    0.048416444512069015,
    0.0448624443185881,
    0.04469083276572783
  ],
  "base_value": 0.7772957280240453,
  "max_abs_value": 0.27261801048066414
}