{
  "method": "shap",
  "values": [
    0.11383553027579801,
    0.10971759219257306,
    -0.04234555144894428,
    0.032266805305075086,
    0.009229895651452796
  ],
  "class_values": [
    [
      -0.11383553027579794,
      -0.109717592192573,
      0.04234555144894418,
      -0.032266805305075114,
      -0.009229895651452907
    ],
    [
      0.11383553027579801,
      0.10971759219257306,
      -0.04234555144894428,
      0.032266805305075086,
      0.009229895651452796
    ]
  ],
  "ranking_values": [
    0.11383553027579801,
    0.10971759219257306,
    0.04234555144894428,
    0.032266805305075114,
    0.009229895651452907
  ],
  "base_value": 0.7772957280240453,
  "max_abs_value": 0.11383553027579801
}