{
  "method": "shap",
  "values": [
    -0.1728944163751817,
    -0.13689517649423114,
    0.022511144113871617,
    0.04549977400481689,
    0.03888201501734831
  ],
  "class_values": [
    [
      0.1728944163751818,
      0.1368951764942313,
      -0.022511144113871687,
      -0.04549977400481704,
      -0.038882015017348504
    ],
    [
      -0.1728944163751817,
      -0.13689517649423114,
      0.022511144113871617,
      0.04549977400481689,
      0.03888201501734831
    ]
  ],
  "ranking_values": [
    0.1728944163751818,
    0.1368951764942313,
    0.022511144113871687,
    0.04549977400481704,
    0.038882015017348504
  ],
  "base_value": 0.202896659733376,
  "max_abs_value": 0.1728944163751817
}