{
  "method": "shap",
  "values": [
    0.21595170131435165,
    0.5754803567367608,
    -0.025118163704045515,
    0.06696158534931024,
    -0.03617216398822021
  ],
  "class_values": [
    [
      -0.21595170131435149,
      -0.5754803567367606,
      0.02511816370404557,
      -0.0669615853493104,
      0.03617216398821965
    ],
    [
      0.21595170131435165,
      0.5754803567367608,
      -0.025118163704045515,
      0.06696158534931024,
      -0.03617216398822021
    ]
  ],
  "ranking_values": [
    0.21595170131435165,
    0.5754803567367608,
    0.02511816370404557,
    0.0669615853493104,
    0.03617216398822021
  ],
  "base_value": 0.202896659733376,
  "max_abs_value": 0.5754803567367608
}