{
  "method": "shap",
  "values": [
    -0.1643973791440158,
    0.31619196028299895,
    -0.23303660844649707,
    -0.1881388009480559,
    0.06648443943654558
  ],
  "class_values": [
    [
      0.16439737914401592,
      -0.31619196028299923,
      0.23303660844649715,
      0.1881388009480559,
      -0.06648443943654558
    ],
    [
      -0.1643973791440158,
      0.31619196028299895,
      -0.23303660844649707,
      -0.1881388009480559,
      0.06648443943654558
    ]
  ],
  "ranking_values": [
    0.16439737914401592,
    0.31619196028299923,
    0.23303660844649715,
    0.1881388009480559,
    0.06648443943654558
  ],
  "base_value": 0.202896659733376,
  "max_abs_value": 0.31619196028299895
}