{
  "method": "shap",
  "values": [
    -0.38433317827779473,
    0.24572409368338044,
    -0.08107826996529775,
    0.04001778557586229,
    -0.023227090749526225
  ],
  "class_values": [
    [
      0.3843331782777951,
      -0.2457240936833806,
      0.08107826996529764,
      -0.04001778557586233,
      0.023227090749526058
    ],
    [
      -0.38433317827779473,
      0.24572409368338044,
      -0.08107826996529775,
      0.04001778557586229,
      -0.023227090749526225
    ]
  ],
  "ranking_values": [
    0.3843331782777951,
    0.2457240936833806,
    0.08107826996529775,
    0.04001778557586233,
    0.023227090749526225
  ],
  "base_value": 0.202896659733376,
  "max_abs_value": 0.38433317827779473
}