{
  "method": "shap",
  "values": [
    0.5028041300702807,
    0.12226216413550345,
    -0.0278249347312583,
    0.09658404951441713,
    0.10327790515541957
  ],
  "class_values": [
    [
      -0.502804130070281,
      -0.12226216413550317,
      0.02782493473125841,
      -0.09658404951441713,
      -0.10327790515541968
    ],
    [
      0.5028041300702807,
      0.12226216413550345,
      -0.0278249347312583,
      0.09658404951441713,
      0.10327790515541957
    ]
  ],
  "ranking_values": [
    0.502804130070281,
    0.12226216413550345,
    0.02782493473125841,
    0.09658404951441713,
    0.10327790515541968
  ],
  "base_value": 0.202896659733376,
  "max_abs_value": 0.5028041300702807
}