{
  "method": "shap",
  "values": [
    0.2643104936262375,
    0.08581882198287732,
    0.02350719916966515,
    0.18415148119144337,
    0.23930068511621982
  ],
  "class_values": [
    [
      -0.2643104936262376,
      -0.08581882198287744,
      -0.02350719916966504,
      -0.18415148119144337,
      -0.23930068511621982
    ],
    [
      0.2643104936262375,
      0.08581882198287732,
      0.02350719916966515,
      0.18415148119144337,
      0.23930068511621982
    ]
  ],
  "ranking_values": [
    0.2643104936262376,
    0.08581882198287744,
    0.02350719916966515,
    0.18415148119144337,
    0.23930068511621982
  ],
  "base_value": 0.202896659733376,
  "max_abs_value": 0.2643104936262375
}