{
  "method": "shap",
  "values": [
    0.4134078912558269,
    0.23505397690579716,
    0.26166107189439675,
    -0.10297009042376393,
    -0.0677465008838305
  ],
  "class_values": [
    [
      -0.4134078912558271,
      -0.23505397690579732,
      -0.2616610718943968,
      0.10297009042376393,
      0.06774650088383072
    ],
    [
      0.4134078912558269,
      0.23505397690579716,
      0.26166107189439675,
      -0.10297009042376393,
      -0.0677465008838305
    ]
  ],
  "ranking_values": [
    0.4134078912558271,
    0.23505397690579732,
    0.2616610718943968,
    0.10297009042376393,
    0.06774650088383072
  ],
  "base_value": 0.202896659733376,
  "max_abs_value": 0.4134078912558269
}