{
  "method": "shap",
  "values": [
    0.02452303388058641,
    0.11093025090624337,
    0.08277152582241262,
    0.034951419369821005,
    -0.030471958003108757
  ],
  "class_values": [
    [
      -0.024523033880586492,
      -0.11093025090624324,
      -0.08277152582241257,
      -0.034951419369821074,
      0.03047195800310859
    ],
    [
      0.02452303388058641,
      0.11093025090624337,
      0.08277152582241262,
      0.034951419369821005,
      -0.030471958003108757
    ]
  ],
  "ranking_values": [
    0.024523033880586492,
    0.11093025090624337,
    0.08277152582241262,
    0.034951419369821074,
    0.030471958003108757
  ],
  "base_value": 0.7772957280240453,
  "max_abs_value": 0.11093025090624337
}