{
  "method": "shap",
  "values": [
    0.49176830375049174,
    0.11515214950633024,
    0.05422983526217473,
    0.07238077455436459,
    0.06357227719317471
  ],
  "class_values": [
    [
      -0.49176830375049185,
      -0.11515214950633018,
      -0.05422983526217473,
      -0.07238077455436465,
      -0.06357227719317482
    ],
    [
      0.49176830375049174,
      0.11515214950633024,
      0.05422983526217473,
      0.07238077455436459,
      0.06357227719317471
    ]
  ],
  "ranking_values": [
    0.49176830375049185,
    0.11515214950633024,
    0.05422983526217473,
    0.07238077455436465,
    0.06357227719317482
  ],
  "base_value": 0.202896659733376,
  "max_abs_value": 0.49176830375049174
}