{
  "method": "shap",
  "values": [
    0.7326745459707787,
    0.19394990177737725,
    -0.03768690874564434,
    -0.06426771886679333,
    -0.027566535903138845
  ],
  "class_values": [
    [
      -0.7326745459707791,
      -0.19394990177737725,
      0.037686908745644565,
      0.06426771886679344,
      0.027566535903138734
    ],
    [
      0.7326745459707787,
      0.19394990177737725,
      -0.03768690874564434,
      -0.06426771886679333,
      -0.027566535903138845
    ]
  ],
  "ranking_values": [
    0.7326745459707791,
    0.19394990177737725,
    0.037686908745644565,
    0.06426771886679344,
    0.027566535903138845
  ],
  "base_value": 0.202896659733376,
  "max_abs_value": 0.7326745459707787
}