{
  "method": "shap",
  "values": [
    0.008844231549878484,
    -0.1272920077415631,
    -0.03435579198691023,
    -0.034865650959274186,
    -0.015227440595506958
  ],
  "class_values": [
    [
      -0.008844231549878553,
      0.12729200774156316,
      0.034355791986910134,
      0.03486565095927417,
      0.015227440595506958
    ],
    [
      0.008844231549878484,
      -0.1272920077415631,
      -0.03435579198691023,
      -0.034865650959274186,
      -0.015227440595506958
    ]
  ],
  "ranking_values": [
    0.008844231549878553,
    0.12729200774156316,
    0.03435579198691023,
    0.034865650959274186,
    0.015227440595506958
  ],
  "base_value": 0.202896659733376,
  "max_abs_value": 0.1272920077415631
}