{
  "method": "shap",
  "values": [
    0.651283340797042,
    0.09140022923729452,
    -0.09350044509321959,
    0.16982172671772033,
    -0.04090833468050936
  ],
  "class_values": [
    [
      -0.6512833407970421,
      -0.0914002292372943,
      0.09350044509321964,
      -0.16982172671772028,
      0.04090833468050914
    ],
    [
      0.651283340797042,
      0.09140022923729452,
      -0.09350044509321959,
      0.16982172671772033,
      -0.04090833468050936
    ]
  ],
  "ranking_values": [
    0.6512833407970421,
    0.09140022923729452,
    0.09350044509321964,
    0.16982172671772033,
    0.04090833468050936
  ],
  "base_value": 0.202896659733376,
  "max_abs_value": 0.651283340797042
}