{
  "method": "shap",
  "values": [
    -0.08572441862897134,
    -0.04234482228629469,
    -0.01671559237726579,
    -0.04031340773481795,
    -0.01779841870602622
  ],
  "class_values": [
    [
      0.08572441862897151,
      0.0423448222862946,
      0.016715592377265664,
      0.040313407734817924,
      0.017798418706026192
    ],
    [
      -0.08572441862897134,
      -0.04234482228629469,
      -0.01671559237726579,
      -0.04031340773481795,
      -0.01779841870602622
    ]
  ],
  "ranking_values": [
    0.08572441862897151,
    0.04234482228629469,
    0.01671559237726579,
    0.04031340773481795,
    0.01779841870602622
  ],
  "base_value": 0.202896659733376,
  "max_abs_value": 0.08572441862897134
}