{
  "method": "shap",
  "values": [
    -0.1864100810993259,
    -0.036161666980229656,
    0.015360432834984228,
    -0.03558300988849558,
    0.03989766539969092
  ],
  "class_values": [
    [
      0.1864100810993261,
      0.0361616669802296,
      -0.015360432834984325,
      0.035583009888495554,
      -0.03989766539969103
    ],
    [
      -0.1864100810993259,
      -0.036161666980229656,
      0.015360432834984228,
      -0.03558300988849558,
      0.03989766539969092
    ]
  ],
  "ranking_values": [
    0.1864100810993261,
    0.036161666980229656,
    0.015360432834984325,
    0.03558300988849558,
    0.03989766539969103
  ],
  "base_value": 0.202896659733376,
  "max_abs_value": 0.1864100810993259
}