{
  "method": "shap",
  "values": [
    0.17560289330011591,
    0.4546225604026519,
    0.14617766745902627,
    0.06497132746490608,
    -0.044271108361023215
  ],
  "class_values": [
    [
      -0.17560289330011603,
      -0.4546225604026522,
      -0.1461776674590261,
      -0.06497132746490608,
      0.044271108361023326
    ],
    [
      0.17560289330011591,
      0.4546225604026519,
      0.14617766745902627,
      0.06497132746490608,
      -0.044271108361023215
    ]
  ],
  "ranking_values": [
    0.17560289330011603,
    0.4546225604026522,
    0.14617766745902627,
    0.06497132746490608,
    0.044271108361023326
  ],
  "base_value": 0.202896659733376,
  "max_abs_value": 0.4546225604026519
}