{
  "method": "shap",
  "values": [
    0.5091641174221779,
    0.21582534091165373,
    -0.04085587084437731,
    0.05921012906310774,
    0.05375962371406151
  ],
  "class_values": [
    [
      -0.5091641174221779,
      -0.21582534091165362,
      0.040855870844377085,
      -0.059210129063107964,
      -0.05375962371406118
    ],
    [
      0.5091641174221779,
      0.21582534091165373,
      -0.04085587084437731,
      0.05921012906310774,
      0.05375962371406151
    ]
  ],
  "ranking_values": [
    0.5091641174221779,
    0.21582534091165373,
    0.04085587084437731,
    0.059210129063107964,
    0.05375962371406151
  ],
  "base_value": 0.202896659733376,
  "max_abs_value": 0.5091641174221779
}