{
  "method": "shap",
  "values": [
    0.1301808207046794,
    -0.2624273960052646,
    0.04361529858892993,
    -0.06965573960690391,
    -0.044609643414816796
  ],
  "class_values": [
    [
      -0.1301808207046795,
      0.2624273960052647,
      -0.04361529858893011,
      0.06965573960690388,
      0.044609643414816935
    ],
    [
      0.1301808207046794,
      -0.2624273960052646,
      0.04361529858892993,
      -0.06965573960690391,
      -0.044609643414816796
    ]
  ],
  "ranking_values": [
    0.1301808207046795,
    0.2624273960052647,
    0.04361529858893011,
    0.06965573960690391,
    0.044609643414816935
  ],
  "base_value": 0.202896659733376,
  "max_abs_value": 0.2624273960052646
}