{
  "method": "shap",
  "values": [
    0.5329539138212059,
    0.14597118488351707,
    0.07741456633223676,
    0.07946398775675956,
    -0.03870031255129469
  ],
  "class_values": [
    [
      -0.532953913821206,
      -0.14597118488351724,
      -0.07741456633223676,
      -0.07946398775675934,
      0.03870031255129458
    ],
    [
      0.5329539138212059,
      0.14597118488351707,
      0.07741456633223676,
      0.07946398775675956,
      -0.03870031255129469
    ]
  ],
  "ranking_values": [
    0.532953913821206,
    0.14597118488351724,
    0.07741456633223676,
    0.07946398775675956,
    0.03870031255129469
  ],
  "base_value": 0.202896659733376,
  "max_abs_value": 0.5329539138212059
}