{
  "method": "shap",
  "values": [
    -0.223603212365104,
    0.09775358860757141,
    -0.20475225802848096,
    0.06495789428793464,
    0.06274732801750899
  ],
  "class_values": [
    [
      0.2236032123651041,
      -0.09775358860757158,
      0.204752258028481,
      -0.06495789428793464,
      -0.06274732801750899
    ],
    [
      -0.223603212365104,
      0.09775358860757141,
      -0.20475225802848096,
      0.06495789428793464,
      0.06274732801750899
    ]
  ],
  "ranking_values": [
    0.2236032123651041,
    0.09775358860757158,
    0.204752258028481,
    0.06495789428793464,
    0.06274732801750899
  ],
  "base_value": 0.202896659733376,
  "max_abs_value": 0.223603212365104
}