{
  "method": "shap",
  "values": [
    -0.2789407596262204,
    0.03767754462462322,
    0.01675928595769719,
    0.042921485636243054,
    -0.02131421632571906
  ],
  "class_values": [
    [
      0.27894075962622056,
      -0.037677544624623305,
      -0.01675928595769726,
      -0.04292148563624315,
      0.02131421632571906
    ],
    [
      -0.2789407596262204,
      0.03767754462462322,
      0.01675928595769719,
      0.042921485636243054,
      -0.02131421632571906
    ]
  ],
  "ranking_values": [
    0.27894075962622056,
    0.037677544624623305,
    0.01675928595769726,
    0.04292148563624315,
    0.02131421632571906
  ],
  "base_value": 0.202896659733376,
  "max_abs_value": 0.2789407596262204
}