{
  "method": "shap",
  "values": [
    -0.4000845097426756,
    0.1387388105454721,
    0.19939532193520776,
    0.22132996509961383,
    0.06332466656464775
  ],
  "class_values": [
    [
      0.4000845097426755,
      -0.1387388105454721,
      -0.19939532193520776,
      -0.22132996509961383,
      -0.06332466656464775
    ],
    [
      -0.4000845097426756,
      0.1387388105454721,
      0.19939532193520776,
      0.22132996509961383,
      0.06332466656464775
    ]
  ],
  "ranking_values": [
    0.4000845097426756,
    0.1387388105454721,
    0.19939532193520776,
    0.22132996509961383,
    0.06332466656464775
  ],
  "base_value": 0.7772957280240453,
  "max_abs_value": 0.4000845097426756
}