{
  "method": "shap",
  "values": [
    0.21935612164269225,
    0.27021696211955243,
    -0.10602483784638808,
    0.17509574776862508,
    0.23844564249706024
  ],
  "class_values": [
    [
      -0.21935612164269236,
      -0.27021696211955243,
      0.10602483784638816,
      -0.17509574776862502,
      -0.23844564249706035
    ],
    [
      0.21935612164269225,
      0.27021696211955243,
      -0.10602483784638808,
      0.17509574776862508,
      0.23844564249706024
    ]
  ],
  "ranking_values": [
    0.21935612164269236,
    0.27021696211955243,
    0.10602483784638816,
    0.17509574776862508,
    0.23844564249706035
  ],
  "base_value": 0.202896659733376,
  "max_abs_value": 0.27021696211955243
}