{
  "method": "shap",
  "values": [
    -0.08884045431581616,
    0.08277943804662101,
    -0.11784943287640937,
    -0.05429579158725663,
    -0.024690419000514857
  ],
  "class_values": [
    [
      0.08884045431581614,
      -0.08277943804662115,
      0.11784943287640938,
      0.054295791587256545,
      0.024690419000514996
    ],
    [
      -0.08884045431581616,
      0.08277943804662101,
      -0.11784943287640937,
      -0.05429579158725663,
      -0.024690419000514857
    ]
  ],
  "ranking_values": [
    0.08884045431581616,
    0.08277943804662115,
    0.11784943287640938,
    0.05429579158725663,
    0.024690419000514996
  ],
  "base_value": 0.202896659733376,
  "max_abs_value": 0.11784943287640937
}