{
  "method": "shap",
  "values": [
    -0.5722375744215755,
    0.17503387385614455,
    -0.3614882584950637,
    -0.057394451963698745,
    0.03879068300078281
  ],
  "class_values": [
    [
      0.5722375744215755,
      -0.17503387385614455,
      0.36148825849506394,
      0.05739445196369852,
      -0.03879068300078292
    ],
    [
      -0.5722375744215755,
      0.17503387385614455,
      -0.3614882584950637,
      -0.057394451963698745,
      0.03879068300078281
    ]
  ],
  "ranking_values": [
    0.5722375744215755,
    0.17503387385614455,
    0.36148825849506394,
    0.057394451963698745,
    0.03879068300078292
  ],
  "base_value": 0.7772957280240453,
  "max_abs_value": 0.5722375744215755
}