{
  "method": "shap",
  "values": [
    -0.029451974774524742,
    0.28788153508435893,
    -0.11688152854067538,
    -0.20870042120366966,
    -0.12843311240959235
  ],
  "class_values": [
    [
      0.029451974774524846,
      -0.28788153508435926,
      0.11688152854067543,
      0.20870042120366972,
      0.12843311240959235
    ],
    [
      -0.029451974774524742,
      0.28788153508435893,
      -0.11688152854067538,
      -0.20870042120366966,
      -0.12843311240959235
    ]
  ],
  "ranking_values": [
    0.029451974774524846,
    0.28788153508435926,
    0.11688152854067543,
    0.20870042120366972,
    0.12843311240959235
  ],
  "base_value": 0.202896659733376,
  "max_abs_value": 0.28788153508435893
}