{
  "method": "shap",
  "values": [
    0.2526819266083858,
    0.005115301370294534,
    0.13562487911536242,
    0.17983838218856868,
    0.2234164284148542
  ],
  "class_values": [
    [
      -0.2526819266083858,
      -0.005115301370294478,
      -0.13562487911536236,
      -0.1798383821885688,
      -0.22341642841485432
    ],
    [
      0.2526819266083858,
      0.005115301370294534,
      0.13562487911536242,
      0.17983838218856868,
      0.2234164284148542
    ]
  ],
  "ranking_values": [
    0.2526819266083858,
    0.005115301370294534,
    0.13562487911536242,
    0.1798383821885688,
    0.22341642841485432
  ],
  "base_value": 0.202896659733376,
  "max_abs_value": 0.2526819266083858
}