{
  "method": "shap",
  "values": [
    -0.19787479663631063,
    -0.026932638424481403,
    0.01870717597477961,
    -0.03946154373622329,
    0.042665143088859714
  ],
  "class_values": [
    [
      0.19787479663631075,
      0.026932638424481348,
      -0.018707175974779736,
      0.03946154373622324,
      -0.042665143088859714
    ],
    [
      -0.19787479663631063,
      -0.026932638424481403,
      0.01870717597477961,
      -0.03946154373622329,
      0.042665143088859714
    ]
  ],
  "ranking_values": [
    0.19787479663631075,
    0.026932638424481403,
    0.018707175974779736,
    0.03946154373622329,
    0.042665143088859714
  ],
  "base_value": 0.202896659733376,
  "max_abs_value": 0.19787479663631063
}