{
  "method": "shap",
  "values": [
    0.013739118751674911,
    0.14164275126540377,
    -0.35605750440667217,
    -0.05856861675722083,
    0.056347591413502984
  ],
  "class_values": [
    [
      -0.013739118751675064,
      -0.14164275126540393,
      0.35605750440667255,
      0.058568616757220804,
      -0.056347591413503095
    ],
    [
      0.013739118751674911,
      0.14164275126540377,
      -0.35605750440667217,
      -0.05856861675722083,
      0.056347591413502984
    ]
  ],
  "ranking_values": [
    0.013739118751675064,
    0.14164275126540393,
    0.35605750440667255,
    0.05856861675722083,
    0.056347591413503095
  ],
  "base_value": 0.202896659733376,
  "max_abs_value": 0.35605750440667217
}