{
  "method": "shap",
  "values": [
    -0.35333878740611513,
    0.06853611253091112,
    0.06327462398711987,
    0.0485722951951717,
    -0.029940904040463567
  ],
  "class_values": [
    [
      0.3533387874061154,
      -0.06853611253091127,
      -0.06327462398711997,
      -0.04857229519517178,
      0.029940904040463484
    ],
    [
      -0.35333878740611513,
      0.06853611253091112,
      0.06327462398711987,
      0.0485722951951717,
      -0.029940904040463567
    ]
  ],
  "ranking_values": [
    0.3533387874061154,
    0.06853611253091127,
    0.06327462398711997,
    0.04857229519517178,
    0.029940904040463567
  ],
  "base_value": 0.202896659733376,
  "max_abs_value": 0.35333878740611513
}