{
  "method": "shap",
  "values": [
    0.4859324500034809,
    -0.016979611455883614,
    0.12641672159769857,
    0.09297907194698085,
    0.10875469900851953
  ],
  "class_values": [
    [
      -0.4859324500034812,
      0.01697961145588356,
      -0.12641672159769834,
      -0.09297907194698074,
      -0.10875469900851964
    ],
    [
      0.4859324500034809,
      -0.016979611455883614,
      0.12641672159769857,
      0.09297907194698085,
      0.10875469900851953
    ]
  ],
  "ranking_values": [
    0.4859324500034812,
    0.016979611455883614,
    0.12641672159769857,
    0.09297907194698085,
    0.10875469900851964
  ],
  "base_value": 0.202896659733376,
  "max_abs_value": 0.4859324500034809
}