{
  "method": "shap",
  "values": [
    -0.14347624515706436,
    0.023906607428967358,
    0.017987025514170044,
    -0.06558087538104818,
    -0.035733172138400854
  ],
  "class_values": [
    [
      0.1434762451570644,
      -0.023906607428967497,
      -0.017987025514170127,
      0.06558087538104834,
      0.03573317213840077
    ],
    [
      -0.14347624515706436,
      0.023906607428967358,
      0.017987025514170044,
      -0.06558087538104818,
      -0.035733172138400854
    ]
  ],
  "ranking_values": [
    0.1434762451570644,
    0.023906607428967497,
    0.017987025514170127,
    0.06558087538104834,
    0.035733172138400854
  ],
  "base_value": 0.202896659733376,
  "max_abs_value": 0.14347624515706436
}