{
  "method": "shap",
  "values": [
    -0.4568417171486341,
    -0.02270261065482071,
    -0.19808605434550736,
    -0.1711608777553839,
    0.07150130156515666
  ],
  "class_values": [
    [
      0.45684171714863403,
      0.022702610654820654,
      0.1980860543455072,
      0.1711608777553839,
      -0.07150130156515644
    ],
    [
      -0.4568417171486341,
      -0.02270261065482071,
      -0.19808605434550736,
      -0.1711608777553839,
      0.07150130156515666
    ]
  ],
  "ranking_values": [
    0.4568417171486341,
    0.02270261065482071,
    0.19808605434550736,
    0.1711608777553839,
    0.07150130156515666
  ],
  "base_value": 0.7772957280240453,
  "max_abs_value": 0.4568417171486341
}