{
  "method": "shap",
  "values": [
    -0.15660403714150356,
    0.01627070025141497,
    -0.07407706965759364,
    0.050622321716655296,
    -0.039108574901923154
  ],
  "class_values": [
    [
      0.15660403714150362,
      -0.016270700251415124,
      0.07407706965759356,
      -0.05062232171665533,
      0.03910857490192332
    ],
    [
      -0.15660403714150356,
      0.01627070025141497,
      -0.07407706965759364,
      0.050622321716655296,
      -0.039108574901923154
    ]
  ],
  "ranking_values": [
    0.15660403714150362,
    0.016270700251415124,
    0.07407706965759364,
    0.05062232171665533,
    0.03910857490192332
  ],
  "base_value": 0.202896659733376,
  "max_abs_value": 0.15660403714150356
}