{
  "method": "shap",
  "values": [
    -0.20755751290789015,
    -0.019991344371381337,
    -0.059226332528148684,
    0.04507549847437241,
    0.038803031599671745
  ],
  "class_values": [
    [
      0.2075575129078903,
      0.01999134437138128,
      0.05922633252814863,
      -0.04507549847437242,
      -0.03880303159967191
    ],
    [
      -0.20755751290789015,
      -0.019991344371381337,
      -0.059226332528148684,
      0.04507549847437241,
      0.038803031599671745
    ]
  ],
  "ranking_values": [
    0.2075575129078903,
    0.019991344371381337,
    0.059226332528148684,
    0.04507549847437242,
    0.03880303159967191
  ],
  "base_value": 0.202896659733376,
  "max_abs_value": 0.20755751290789015
}