{
  "method": "shap",
  "values": [
    -0.4509343997466492,
    -0.04770871358186052,
    -0.17744933983523814,
    -0.1711121065770499,
    0.069922395953678
  ],
  "class_values": [
    [
      0.450934399746649,
      0.04770871358186046,
      0.17744933983523836,
      0.17111210657704973,
      -0.069922395953678
    ],
    [
      -0.4509343997466492,
      -0.04770871358186052,
      -0.17744933983523814,
      -0.1711121065770499,
      0.069922395953678
    ]
  ],
  "ranking_values": [
    0.4509343997466492,
    0.04770871358186052,
    0.17744933983523836,
    0.1711121065770499,
    0.069922395953678
  ],
  "base_value": 0.7772957280240453,
  "max_abs_value": 0.4509343997466492
}