{
  "method": "shap",
  "values": [
    0.2640248662331863,
    0.18814348364463856,
    0.3189466008217625,
    0.0699620709751474,
    -0.043973681448460034
  ],
  "class_values": [
    [
      -0.26402486623318633,
      -0.18814348364463873,
      -0.3189466008217626,
      -0.06996207097514723,
      0.043973681448460145
    ],
    [
      0.2640248662331863,
      0.18814348364463856,
      0.3189466008217625,
      0.0699620709751474,
      -0.043973681448460034
    ]
  ],
  "ranking_values": [
    0.26402486623318633,
    0.18814348364463873,
    0.3189466008217626,
    0.0699620709751474,
    0.043973681448460145
  ],
  "base_value": 0.202896659733376,
  "max_abs_value": 0.3189466008217625
}