{
  "method": "shap",
  "values": [
    0.5650246633563826,
    0.02360945279034482,
    0.19958315037014923,
    -0.06438415138691261,
    0.07327022490108448
  ],
  "class_values": [
    [
      -0.5650246633563827,
      -0.023609452790344987,
      -0.1995831503701493,
      0.06438415138691278,
      -0.07327022490108459
    ],
    [
      0.5650246633563826,
      0.02360945279034482,
      0.19958315037014923,
      -0.06438415138691261,
      0.07327022490108448
    ]
  ],
  "ranking_values": [
    0.5650246633563827,
    0.023609452790344987,
    0.1995831503701493,
    0.06438415138691278,
    0.07327022490108459
  ],
  "base_value": 0.202896659733376,
  "max_abs_value": 0.5650246633563826
}