{
  "method": "shap",
  "values": [
    -0.11063747445366792,
    -0.04352146796241661,
    0.00487558987819664,
    -0.03631130086074352,
    -0.017302006334744602
  ],
  "class_values": [
    [
      0.11063747445366802,
      0.043521467962416516,
      -0.004875589878196737,
      0.03631130086074347,
      0.017302006334744657
    ],
    [
      -0.11063747445366792,
      -0.04352146796241661,
      0.00487558987819664,
      -0.03631130086074352,
      -0.017302006334744602
    ]
  ],
  "ranking_values": [
    0.11063747445366802,
    0.04352146796241661,
    0.004875589878196737,
    0.03631130086074352,
    0.017302006334744657
  ],
  "base_value": 0.202896659733376,
  "max_abs_value": 0.11063747445366792
}