{
  "method": "shap",
  "values": [
    0.7133623755402756,
    0.23929438787466484,
    -0.05799446471746289,
    -0.06244296193093751,
    -0.03587489784801301
  ],
  "class_values": [
    [
      -0.7133623755402758,
      -0.23929438787466484,
      0.05799446471746289,
      0.06244296193093757,
      0.03587489784801301
    ],
    [
      0.7133623755402756,
      0.23929438787466484,
      -0.05799446471746289,
      -0.06244296193093751,
      -0.03587489784801301
    ]
  ],
  "ranking_values": [
    0.7133623755402758,
    0.23929438787466484,
    0.05799446471746289,
    0.06244296193093757,
    0.03587489784801301
  ],
  "base_value": 0.202896659733376,
  "max_abs_value": 0.7133623755402756
}