{
  "method": "shap",
  "values": [
    -0.23335510188879527,
    -0.204685148139352,
    -0.12211194230186467,
    -0.10175435136515021,
    -0.11538918432888223
  ],
  "class_values": [
    [
      0.23335510188879505,
      0.20468514813935196,
      0.12211194230186484,
      0.10175435136515021,
      0.11538918432888212
    ],
    [
      -0.23335510188879527,
      -0.204685148139352,
      -0.12211194230186467,
      -0.10175435136515021,
      -0.11538918432888223
    ]
  ],
  "ranking_values": [
    0.23335510188879527,
    0.204685148139352,
    0.12211194230186484,
    0.10175435136515021,
    0.11538918432888223
  ],
  "base_value": 0.7772957280240453,
  "max_abs_value": 0.23335510188879527
}