{
  "method": "shap",
  "values": [
    0.5631256203613175,
    -0.09244738852282541,
    0.3017923635633276,
    0.07713710567112264,
    -0.05250463932093208
  ],
  "class_values": [
    [
      -0.5631256203613179,
      0.0924473885228253,
      -0.30179236356332756,
      -0.07713710567112275,
      0.05250463932093241
    ],
    [
      0.5631256203613175,
      -0.09244738852282541,
      0.3017923635633276,
      0.07713710567112264,
      -0.05250463932093208
    ]
  ],
  "ranking_values": [
    0.5631256203613179,
    0.09244738852282541,
    0.3017923635633276,
    0.07713710567112275,
    0.05250463932093241
  ],
  "base_value": 0.202896659733376,
  "max_abs_value": 0.5631256203613175
}