{
  "method": "shap",
  "values": [
    -0.03675358141680493,
    -0.1834505207871562,
    0.019277374486889154,
    -0.06431338009604015,
    0.06234344807976261
  ],
  "class_values": [
    [
      0.03675358141680468,
      0.18345052078715623,
      -0.019277374486889154,
      0.06431338009604026,
      -0.062343448079762664
    ],
    [
      -0.03675358141680493,
      -0.1834505207871562,
      0.019277374486889154,
      -0.06431338009604015,
      0.06234344807976261
    ]
  ],
  "ranking_values": [
    0.03675358141680493,
    0.18345052078715623,
    0.019277374486889154,
    0.06431338009604026,
    0.062343448079762664
  ],
  "base_value": 0.202896659733376,
  "max_abs_value": 0.1834505207871562
}