{
  "method": "shap",
  "values": [
    -0.4253918297035655,
    -0.16356962501808747,
    -0.16417214351475679,
    -0.054535612435711145,
    0.0303734826480756
  ],
  "class_values": [
    [
      0.4253918297035657,
      0.16356962501808725,
      0.1641721435147565,
      0.05453561243571109,
      -0.03037348264807538
    ],
    [
      -0.4253918297035655,
      -0.16356962501808747,
      -0.16417214351475679,
      -0.054535612435711145,
      0.0303734826480756
    ]
  ],
  "ranking_values": [
    0.4253918297035657,
    0.16356962501808747,
    0.16417214351475679,
    0.054535612435711145,
    0.0303734826480756
  ],
  "base_value": 0.7772957280240453,
  "max_abs_value": 0.4253918297035655
}