{
  "method": "shap",
  "values": [
    0.346046043828704,
    0.18348270848066806,
    0.17942506378279788,
    0.04783566695326641,
    0.04031385722118752
  ],
  "class_values": [
    [
      -0.346046043828704,
      -0.1834827084806681,
      -0.179425063782798,
      -0.047835666953266354,
      -0.04031385722118763
    ],
    [
      0.346046043828704,
      0.18348270848066806,
      0.17942506378279788,
      0.04783566695326641,
      0.04031385722118752
    ]
  ],
  "ranking_values": [
    0.346046043828704,
    0.1834827084806681,
    0.179425063782798,
    0.04783566695326641,
    0.04031385722118763
  ],
  "base_value": 0.202896659733376,
  "max_abs_value": 0.346046043828704
}