{
  "method": "shap",
  "values": [
    0.23875527940629834,
    0.04673053455620402,
    -0.04239244942367386,
    -0.04342498910291058,
    0.023035896540036738
  ],
  "class_values": [
    [
      -0.23875527940629804,
      -0.0467305345562041,
      0.04239244942367376,
      0.04342498910291044,
      -0.023035896540036793
    ],
    [
      0.23875527940629834,
      0.04673053455620402,
      -0.04239244942367386,
      -0.04342498910291058,
      0.023035896540036738
    ]
  ],
  "ranking_values": [
    0.23875527940629834,
    0.0467305345562041,
    0.04239244942367386,
    0.04342498910291058,
    0.023035896540036793
  ],
  "base_value": 0.7772957280240453,
  "max_abs_value": 0.23875527940629834
}