{
  "method": "shap",
  "values": [
    -0.09883154412168874,
    -0.03040790953695935,
    -0.08623450361595655,
    0.025435304876632425,
    -0.012858007335403793
  ],
  "class_values": [
    [
      0.09883154412168874,
      0.03040790953695932,
      0.08623450361595661,
      -0.02543530487663251,
      0.012858007335403737
    ],
    [
      -0.09883154412168874,
      -0.03040790953695935,
      -0.08623450361595655,
      0.025435304876632425,
      -0.012858007335403793
    ]
  ],
  "ranking_values": [
    0.09883154412168874,
    0.03040790953695935,
    0.08623450361595661,
    0.02543530487663251,
    0.012858007335403793
  ],
  "base_value": 0.202896659733376,
  "max_abs_value": 0.09883154412168874
}