{
  "method": "shap",
  "values": [
    -0.0799935091398428,
    -0.046810873931021985,
    -0.02254085141929575,
    -0.03874214217464003,
    -0.014809283068575457
  ],
  "class_values": [
    [
      0.07999350913984285,
      0.046810873931021846,
      0.022540851419295765,
      0.038742142174640046,
      0.014809283068575374
    ],
    [
      -0.0799935091398428,
      -0.046810873931021985,
      -0.02254085141929575,
      -0.03874214217464003,
      -0.014809283068575457
    ]
  ],
  "ranking_values": [
    0.07999350913984285,
    0.046810873931021985,
    0.022540851419295765,
    0.038742142174640046,
    0.014809283068575457
  ],
  "base_value": 0.202896659733376,
  "max_abs_value": 0.0799935091398428
}