{
  "method": "shap",
  "values": [
    -0.33741471319408883,
    -0.35203837911292235,
    -0.08406963286672953,
    0.06772113755247311,
    -0.07149414040277768
  ],
  "class_values": [
    [
      0.33741471319408867,
      0.35203837911292246,
      0.08406963286672947,
      -0.06772113755247333,
      0.0714941404027779
    ],
    [
      -0.33741471319408883,
      -0.35203837911292235,
      -0.08406963286672953,
      0.06772113755247311,
      -0.07149414040277768
    ]
  ],
  "ranking_values": [
    0.33741471319408883,
    0.35203837911292246,
    0.08406963286672953,
    0.06772113755247333,
    0.0714941404027779
  ],
  "base_value": 0.7772957280240453,
  "max_abs_value": 0.35203837911292235
}