{
  "method": "shap",
  "values": [
    -0.4545733600855766,
    0.02544662138834891,
    -0.24140621041848065,
    -0.17405011656056107,
    0.06728734302285344
  ],
  "class_values": [
    [
      0.4545733600855767,
      -0.025446621388348856,
      0.24140621041848065,
      0.17405011656056102,
      -0.06728734302285366
    ],
    [
      -0.4545733600855766,
      0.02544662138834891,
      -0.24140621041848065,
      -0.17405011656056107,
      0.06728734302285344
    ]
  ],
  "ranking_values": [
    0.4545733600855767,
    0.02544662138834891,
    0.24140621041848065,
    0.17405011656056107,
    0.06728734302285366
  ],
  "base_value": 0.7772957280240453,
  "max_abs_value": 0.4545733600855766
}