{
  "method": "shap",
  "values": [
    -0.3507993195052076,
    0.1486100073483848,
    -0.08655428557535513,
    0.04514359266821541,
    0.04070334533058653
  ],
  "class_values": [
    [
      0.35079931950520793,
      -0.14861000734838498,
      0.08655428557535506,
      -0.045143592668215465,
      -0.04070334533058664
    ],
    [
      -0.3507993195052076,
      0.1486100073483848,
      -0.08655428557535513,
      0.04514359266821541,
      0.04070334533058653
    ]
  ],
  "ranking_values": [
    0.35079931950520793,
    0.14861000734838498,
    0.08655428557535513,
    0.045143592668215465,
    0.04070334533058664
  ],
  "base_value": 0.202896659733376,
  "max_abs_value": 0.3507993195052076
}