{
  "method": "shap",
  "values": [
    -0.07190885429363214,
    -0.08615669762801673,
    0.06634564658435432,
    -0.19327758074064583,
    0.08210082642941668
  ],
  "class_values": [
    [
      0.07190885429363209,
      0.0861566976280167,
      -0.06634564658435431,
      0.1932775807406459,
      -0.08210082642941685
    ],
    [
      -0.07190885429363214,
      -0.08615669762801673,
      0.06634564658435432,
      -0.19327758074064583,
      0.08210082642941668
    ]
  ],
  "ranking_values": [
    0.07190885429363214,
    0.08615669762801673,
    0.06634564658435432,
    0.1932775807406459,
    0.08210082642941685
  ],
  "base_value": 0.202896659733376,
  "max_abs_value": 0.19327758074064583
}