{
  "method": "shap",
  "values": [
    -0.348131140364927,
    0.1342964203320205,
    0.0051634623362504795,
    -0.037091210957993365,
    0.04286580892127337
  ],
  "class_values": [
    [
      0.3481311403649271,
      -0.13429642033202055,
      -0.005163462336250563,
      0.03709121095799328,
      -0.04286580892127337
    ],
    [
      -0.348131140364927,
      0.1342964203320205,
      0.0051634623362504795,
      -0.037091210957993365,
      0.04286580892127337
    ]
  ],
  "ranking_values": [
    0.3481311403649271,
    0.13429642033202055,
    0.005163462336250563,
    0.037091210957993365,
    0.04286580892127337
  ],
  "base_value": 0.202896659733376,
  "max_abs_value": 0.348131140364927
}