{
  "method": "shap",
  "values": [
    -0.185490701997909,
    0.221679490376872,
    -0.11525146377625212,
    -0.07912209912732109,
    -0.04471188520706851
  ],
  "class_values": [
    [
      0.18549070199790912,
      -0.2216794903768724,
      0.11525146377625214,
      0.07912209912732122,
      0.04471188520706848
    ],
    [
      -0.185490701997909,
      0.221679490376872,
      -0.11525146377625212,
      -0.07912209912732109,
      -0.04471188520706851
    ]
  ],
  "ranking_values": [
    0.18549070199790912,
    0.2216794903768724,
    0.11525146377625214,
    0.07912209912732122,
    0.04471188520706851
  ],
  "base_value": 0.202896659733376,
  "max_abs_value": 0.221679490376872
}