{
  "method": "shap",
  "values": [
    0.13115923822512982,
    0.12232846595610516,
    -0.03402069618125664,
    0.059815133591030134,
    -0.056577869628781086
  ],
  "class_values": [
    [
      -0.13115923822512987,
      -0.12232846595610516,
      0.034020696181256666,
      -0.059815133591030106,
      0.05657786962878092
    ],
    [
      0.13115923822512982,
      0.12232846595610516,
      -0.03402069618125664,
      0.059815133591030134,
      -0.056577869628781086
    ]
  ],
  "ranking_values": [
    0.13115923822512987,
    0.12232846595610516,
    0.034020696181256666,
    0.059815133591030134,
    0.056577869628781086
  ],
  "base_value": 0.7772957280240453,
  "max_abs_value": 0.13115923822512982
}