{
  "method": "shap",
  "values": [
    0.48281997758899126,
    0.08564083146489604,
    0.04177415298897058,
    0.09063115241290626,
    0.09623722569306314
  ],
  "class_values": [
    [
      -0.48281997758899164,
      -0.08564083146489615,
      -0.04177415298897058,
      -0.09063115241290609,
      -0.09623722569306292
    ],
    [
      0.48281997758899126,
      0.08564083146489604,
      0.04177415298897058,
      0.09063115241290626,
      0.09623722569306314
    ]
  ],
  "ranking_values": [
    0.48281997758899164,
    0.08564083146489615,
    0.04177415298897058,
    0.09063115241290626,
    0.09623722569306314
  ],
  "base_value": 0.202896659733376,
  "max_abs_value": 0.48281997758899126
}