{
  "method": "shap",
  "values": [
    0.2898200045923337,
    0.45485407658400645,
    0.18716778452487126,
    -0.08735073728604298,
    -0.047733388201467775
  ],
  "class_values": [
    [
      -0.2898200045923337,
      -0.45485407658400656,
      -0.18716778452487148,
      0.0873507372860432,
      0.047733388201467886
    ],
    [
      0.2898200045923337,
      0.45485407658400645,
      0.18716778452487126,
      -0.08735073728604298,
      -0.047733388201467775
    ]
  ],
  "ranking_values": [
    0.2898200045923337,
    0.45485407658400656,
    0.18716778452487148,
    0.0873507372860432,
    0.047733388201467886
  ],
  "base_value": 0.202896659733376,
  "max_abs_value": 0.45485407658400645
}