{
  "method": "shap",
  "values": [
    -0.09326521499020936,
    -0.074136532672086,
    -0.04990324355067435,
    0.05219674267255356,
    -0.037788411192946236
  ],
  "class_values": [
    [
      0.09326521499020932,
      0.07413653267208584,
      0.049903243550674284,
      -0.052196742672553545,
      0.03778841119294646
    ],
    [
      -0.09326521499020936,
      -0.074136532672086,
      -0.04990324355067435,
      0.05219674267255356,
      -0.037788411192946236
    ]
  ],
  "ranking_values": [
    0.09326521499020936,
    0.074136532672086,
    0.04990324355067435,
    0.05219674267255356,
    0.03778841119294646
  ],
  "base_value": 0.202896659733376,
  "max_abs_value": 0.09326521499020936
}