{
  "method": "shap",
  "values": [
    0.03242992283117546,
    0.3409188159085216,
    0.3353902725868885,
    0.14448663248476667,
    -0.05612277559034273
  ],
  "class_values": [
    [
      -0.03242992283117535,
      -0.3409188159085216,
      -0.33539027258688847,
      -0.14448663248476679,
      0.05612277559034262
    ],
    [
      0.03242992283117546,
      0.3409188159085216,
      0.3353902725868885,
      0.14448663248476667,
      -0.05612277559034273
    ]
  ],
  "ranking_values": [
    0.03242992283117546,
    0.3409188159085216,
    0.3353902725868885,
    0.14448663248476679,
    0.05612277559034273
  ],
  "base_value": 0.202896659733376,
  "max_abs_value": 0.3409188159085216
}