{
  "method": "shap",
  "values": [
    -0.05221759689850769,
    -0.05864466438815567,
    -0.10253746212353393,
    0.02825049523301254,
    -0.01774743155619124
  ],
  "class_values": [
    [
      0.052217596898507634,
      0.058644664388155576,
      0.10253746212353401,
      -0.028250495233012596,
      0.017747431556191268
    ],
    [
      -0.05221759689850769,
      -0.05864466438815567,
      -0.10253746212353393,
      0.02825049523301254,
      -0.01774743155619124
    ]
  ],
  "ranking_values": [
    0.05221759689850769,
    0.05864466438815567,
    0.10253746212353401,
    0.028250495233012596,
    0.017747431556191268
  ],
  "base_value": 0.202896659733376,
  "max_abs_value": 0.10253746212353393
}