{
  "method": "shap",
  "values": [
    0.4351415438806183,
    -0.11729066558029384,
    -0.15448144425848528,
    -0.21542767141198674,
    -0.1313529755011268
  ],
  "class_values": [
    [
      -0.43514154388061854,
      0.11729066558029366,
      0.1544814442584855,
      0.21542767141198682,
      0.13135297550112682
    ],
    [
      0.4351415438806183,
      -0.11729066558029384,
      -0.15448144425848528,
      -0.21542767141198674,
      -0.1313529755011268
    ]
  ],
  "ranking_values": [
    0.43514154388061854,
    0.11729066558029384,
    0.1544814442584855,
    0.21542767141198682,
    0.13135297550112682
  ],
  "base_value": 0.202896659733376,
  "max_abs_value": 0.4351415438806183
}