{
  "method": "shap",
  "values": [
    -0.13934053548241432,
    -0.06646556480230159,
    -0.016161377853019507,
    0.04644211318337391,
    -0.027371294779014482
  ],
  "class_values": [
    [
      0.13934053548241454,
      0.06646556480230151,
      0.01616137785301945,
      -0.046442113183374004,
      0.0273712947790144
    ],
    [
      -0.13934053548241432,
      -0.06646556480230159,
      -0.016161377853019507,
      0.04644211318337391,
      -0.027371294779014482
    ]
  ],
  "ranking_values": [
    0.13934053548241454,
    0.06646556480230159,
    0.016161377853019507,
    0.046442113183374004,
    0.027371294779014482
  ],
  "base_value": 0.202896659733376,
  "max_abs_value": 0.13934053548241432
}