{
  "method": "shap",
  "values": [
    -0.8324715101488191,
    0.03286816506430795,
    0.05402484473799979,
    -0.05067219693400915,
    0.018954969258679566
  ],
  "class_values": [
    [
      0.8324715101488191,
      -0.032868165064307786,
      -0.05402484473799962,
      0.05067219693400893,
      -0.018954969258679788
    ],
    [
      -0.8324715101488191,
      0.03286816506430795,
      0.05402484473799979,
      -0.05067219693400915,
      0.018954969258679566
    ]
  ],
  "ranking_values": [
    0.8324715101488191,
    0.03286816506430795,
    0.05402484473799979,
    0.05067219693400915,
    0.018954969258679788
  ],
  "base_value": 0.7772957280240453,
  "max_abs_value": 0.8324715101488191
}