{
  "method": "shap",
  "values": [
    0.09319115100968245,
    0.04064705341720137,
    0.08009600005247017,
    0.04882014252006378,
    -0.04005007502346336
  ],
  "class_values": [
    [
      -0.0931911510096824,
      -0.040647053417201484,
      -0.08009600005246992,
      -0.048820142520064,
      0.04005007502346325
    ],
    [
      0.09319115100968245,
      0.04064705341720137,
      0.08009600005247017,
      0.04882014252006378,
      -0.04005007502346336
    ]
  ],
  "ranking_values": [
    0.09319115100968245,
    0.040647053417201484,
    0.08009600005247017,
    0.048820142520064,
    0.04005007502346336
  ],
  "base_value": 0.7772957280240453,
  "max_abs_value": 0.09319115100968245
}