{
  "method": "shap",
  "values": [
    -0.03944446535146548,
    -0.0730937920929593,
    -0.10307356894350689,
    0.02324924278407607,
    -0.010534076129520398
  ],
  "class_values": [
    [
      0.03944446535146537,
      0.07309379209295935,
      0.10307356894350699,
      -0.02324924278407617,
      0.01053407612952037
    ],
    [
      -0.03944446535146548,
      -0.0730937920929593,
      -0.10307356894350689,
      0.02324924278407607,
      -0.010534076129520398
    ]
  ],
  "ranking_values": [
    0.03944446535146548,
    0.07309379209295935,
    0.10307356894350699,
    0.02324924278407617,
    0.010534076129520398
  ],
  "base_value": 0.202896659733376,
  "max_abs_value": 0.10307356894350689
}