{
  "method": "shap",
  "values": [
    -0.1778332236891645,
    -0.4409215795384508,
    -0.1494494150640518,
    0.07743723869380786,
    -0.08652874842618585
  ],
  "class_values": [
    [
      0.17783322368916443,
      0.440921579538451,
      0.14944941506405185,
      -0.07743723869380803,
      0.08652874842618574
    ],
    [
      -0.1778332236891645,
      -0.4409215795384508,
      -0.1494494150640518,
      0.07743723869380786,
      -0.08652874842618585
    ]
  ],
  "ranking_values": [
    0.1778332236891645,
    0.440921579538451,
    0.14944941506405185,
    0.07743723869380803,
    0.08652874842618585
  ],
  "base_value": 0.7772957280240453,
  "max_abs_value": 0.4409215795384508
}