{
  "method": "shap",
  "values": [
    -0.12193527596883422,
    0.04959249466361118,
    -0.11841256049542917,
    -0.05558085157941753,
    0.04343953364669373
  ],
  "class_values": [
    [
      0.12193527596883424,
      -0.049592494663611236,
      0.11841256049542925,
      0.05558085157941747,
      -0.04343953364669384
    ],
    [
      -0.12193527596883422,
      0.04959249466361118,
      -0.11841256049542917,
      -0.05558085157941753,
      0.04343953364669373
    ]
  ],
  "ranking_values": [
    0.12193527596883424,
    0.049592494663611236,
    0.11841256049542925,
    0.05558085157941753,
    0.04343953364669384
  ],
  "base_value": 0.202896659733376,
  "max_abs_value": 0.12193527596883422
}