{
  "method": "shap",
  "values": [
    -0.01660358233577447,
    -0.1231460071956676,
    -0.07258564739294998,
    0.044151370464740144,
    -0.03471279327372412
  ],
  "class_values": [
    [
      0.01660358233577436,
      0.12314600719566776,
      0.07258564739294993,
      -0.044151370464740256,
      0.03471279327372412
    ],
    [
      -0.01660358233577447,
      -0.1231460071956676,
      -0.07258564739294998,
      0.044151370464740144,
      -0.03471279327372412
    ]
  ],
  "ranking_values": [
    0.01660358233577447,
    0.12314600719566776,
    0.07258564739294998,
    0.044151370464740256,
    0.03471279327372412
  ],
  "base_value": 0.202896659733376,
  "max_abs_value": 0.1231460071956676
}