{
  "method": "shap",
  "values": [
    -0.3214503426920414,
    -0.2787436545857454,
    0.027639874258136854,
    -0.1002767928041356,
    -0.10446481220025172
  ],
  "class_values": [
    [
      0.32145034269204154,
      0.2787436545857453,
      -0.027639874258136743,
      0.1002767928041356,
      0.1044648122002515
    ],
    [
      -0.3214503426920414,
      -0.2787436545857454,
      0.027639874258136854,
      -0.1002767928041356,
      -0.10446481220025172
    ]
  ],
  "ranking_values": [
    0.32145034269204154,
    0.2787436545857454,
    0.027639874258136854,
    0.1002767928041356,
    0.10446481220025172
  ],
  "base_value": 0.7772957280240453,
  "max_abs_value": 0.3214503426920414
}