{
  "method": "shap",
  "values": [
    0.35454154488133327,
    0.24372632125452587,
    0.0472874523777162,
    0.07921029739278918,
    0.072337724350521
  ],
  "class_values": [
    [
      -0.35454154488133355,
      -0.24372632125452587,
      -0.0472874523777162,
      -0.07921029739278918,
      -0.07233772435052088
    ],
    [
      0.35454154488133327,
      0.24372632125452587,
      0.0472874523777162,
      0.07921029739278918,
      0.072337724350521
    ]
  ],
  "ranking_values": [
    0.35454154488133355,
    0.24372632125452587,
    0.0472874523777162,
    0.07921029739278918,
    0.072337724350521
  ],
  "base_value": 0.202896659733376,
  "max_abs_value": 0.35454154488133327
}