{
  "method": "shap",
  "values": [
    -0.1486952613984562,
    -0.05288235160454388,
    -0.005724560490210903,
    -0.02927194817891529,
    0.03367746193875029
  ],
  "class_values": [
    [
      0.14869526139845635,
      0.05288235160454391,
      0.005724560490210778,
      0.029271948178915208,
      -0.03367746193875035
    ],
    [
      -0.1486952613984562,
      -0.05288235160454388,
      -0.005724560490210903,
      -0.02927194817891529,
      0.03367746193875029
    ]
  ],
  "ranking_values": [
    0.14869526139845635,
    0.05288235160454391,
    0.005724560490210903,
    0.02927194817891529,
    0.03367746193875035
  ],
  "base_value": 0.202896659733376,
  "max_abs_value": 0.1486952613984562
}