{
  "method": "shap",
  "values": [
    0.5020543766388704,
    0.0775606110449133,
    0.18716954103602668,
    0.08370156122607769,
    -0.0533828122771558
  ],
  "class_values": [
    [
      -0.5020543766388709,
      -0.07756061104491324,
      -0.18716954103602684,
      -0.08370156122607741,
      0.05338281227715591
    ],
    [
      0.5020543766388704,
      0.0775606110449133,
      0.18716954103602668,
      0.08370156122607769,
      -0.0533828122771558
    ]
  ],
  "ranking_values": [
    0.5020543766388709,
    0.0775606110449133,
    0.18716954103602684,
    0.08370156122607769,
    0.05338281227715591
  ],
  "base_value": 0.202896659733376,
  "max_abs_value": 0.5020543766388704
}