{
  "method": "shap",
  "values": [
    0.08594173479991252,
    0.06566845247391201,
    0.24622634165046386,
    0.1767555624649248,
    0.222348107371944
  ],
  "class_values": [
    [
      -0.08594173479991257,
      -0.06566845247391212,
      -0.24622634165046375,
      -0.17675556246492463,
      -0.22234810737194421
    ],
    [
      0.08594173479991252,
      0.06566845247391201,
      0.24622634165046386,
      0.1767555624649248,
      0.222348107371944
    ]
  ],
  "ranking_values": [
    0.08594173479991257,
    0.06566845247391212,
    0.24622634165046386,
    0.1767555624649248,
    0.22234810737194421
  ],
  "base_value": 0.202896659733376,
  "max_abs_value": 0.24622634165046386
}