{
  "method": "shap",
  "values": [
    -0.2993163889636168,
    0.11214680798750057,
    -0.03339654869796325,
    0.04384426149243405,
    -0.026174791551730553
  ],
  "class_values": [
    [
      0.29931638896361695,
      -0.11214680798750078,
      0.03339654869796329,
      -0.043844261492434075,
      0.02617479155173047
    ],
    [
      -0.2993163889636168,
      0.11214680798750057,
      -0.03339654869796325,
      0.04384426149243405,
      -0.026174791551730553
    ]
  ],
  "ranking_values": [
    0.29931638896361695,
    0.11214680798750078,
    0.03339654869796329,
    0.043844261492434075,
    0.026174791551730553
  ],
  "base_value": 0.202896659733376,
  "max_abs_value": 0.2993163889636168
}