{
  "method": "shap",
  "values": [
    0.11206728475025157,
    0.2645050155787208,
    0.20312878077591195,
    0.11753156679996335,
    0.09987034227810931
  ],
  "class_values": [
    [
      -0.11206728475025168,
      -0.26450501557872086,
      -0.20312878077591184,
      -0.11753156679996352,
      -0.09987034227810931
    ],
    [
      0.11206728475025157,
      0.2645050155787208,
      0.20312878077591195,
      0.11753156679996335,
      0.09987034227810931
    ]
  ],
  "ranking_values": [
    0.11206728475025168,
    0.26450501557872086,
    0.20312878077591195,
    0.11753156679996352,
    0.09987034227810931
  ],
  "base_value": 0.202896659733376,
  "max_abs_value": 0.2645050155787208
}