{
  "method": "shap",
  "values": [
    0.43144677285301347,
    -0.08488957930088104,
    0.3455437648371041,
    -0.10396089598730296,
    0.20795086076868996
  ],
  "class_values": [
    [
      -0.4314467728530136,
      0.08488957930088104,
      -0.3455437648371041,
      0.10396089598730324,
      -0.2079508607686904
    ],
    [
      0.43144677285301347,
      -0.08488957930088104,
      0.3455437648371041,
      -0.10396089598730296,
      0.20795086076868996
    ]
  ],
  "ranking_values": [
    0.4314467728530136,
    0.08488957930088104,
    0.3455437648371041,
    0.10396089598730324,
    0.2079508607686904
  ],
  "base_value": 0.202896659733376,
  "max_abs_value": 0.43144677285301347
}