{
  "method": "shap",
  "values": [
    0.09535500996509601,
    0.04958035216343962,
    0.016603926566405088,
    -0.07012130245485838,
    0.13128532133480963
  ],
  "class_values": [
    [
      -0.09535500996509622,
      -0.04958035216343974,
      -0.01660392656640529,
      0.07012130245485862,
      -0.13128532133480944
    ],
    [
      0.09535500996509601,
      0.04958035216343962,
      0.016603926566405088,
      -0.07012130245485838,
      0.13128532133480963
    ]
  ],
  "ranking_values": [
    0.09535500996509622,
    0.04958035216343974,
    0.01660392656640529,
    0.07012130245485862,
    0.13128532133480963
  ],
  "base_value": 0.7772957280240453,
  "max_abs_value": 0.13128532133480963
}