{
  "method": "shap",
  "values": [
    -0.21735061940912984,
    0.0700975389714452,
    -0.19127733612336512,
    0.07196018527992029,
    0.06368053861688913
  ],
  "class_values": [
    [
      0.21735061940912978,
      -0.07009753897144547,
      0.1912773361233652,
      -0.07196018527992032,
      -0.06368053861688905
    ],
    [
      -0.21735061940912984,
      0.0700975389714452,
      -0.19127733612336512,
      0.07196018527992029,
      0.06368053861688913
    ]
  ],
  "ranking_values": [
    0.21735061940912984,
    0.07009753897144547,
    0.1912773361233652,
    0.07196018527992032,
    0.06368053861688913
  ],
  "base_value": 0.202896659733376,
  "max_abs_value": 0.21735061940912984
}