{
  "method": "shap",
  "values": [
    0.11866210393371729,
    0.2509712099856086,
    0.016085252791973148,
    0.17798330725574418,
    0.23339963184857915
  ],
  "class_values": [
    [
      -0.11866210393371718,
      -0.25097120998560857,
      -0.016085252791973204,
      -0.17798330725574435,
      -0.23339963184857915
    ],
    [
      0.11866210393371729,
      0.2509712099856086,
      0.016085252791973148,
      0.17798330725574418,
      0.23339963184857915
    ]
  ],
  "ranking_values": [
    0.11866210393371729,
    0.2509712099856086,
    0.016085252791973204,
    0.17798330725574435,
    0.23339963184857915
  ],
  "base_value": 0.202896659733376,
  "max_abs_value": 0.2509712099856086
}