{
  "method": "shap",
  "values": [
    -0.07279887647190308,
    0.19026231911607822,
    -0.1900068034650974,
    0.07979258585543776,
    -0.12061155759623984
  ],
  "class_values": [
    [
      0.07279887647190308,
      -0.19026231911607838,
      0.1900068034650973,
      -0.07979258585543768,
      0.12061155759623991
    ],
    [
      -0.07279887647190308,
      0.19026231911607822,
      -0.1900068034650974,
      0.07979258585543776,
      -0.12061155759623984
    ]
  ],
  "ranking_values": [
    0.07279887647190308,
    0.19026231911607838,
    0.1900068034650974,
    0.07979258585543776,
    0.12061155759623991
  ],
  "base_value": 0.202896659733376,
  "max_abs_value": 0.19026231911607822
}