{
  "method": "shap",
  "values": [
    -0.04614589974916927,
    -0.08723163016902691,
    -0.22958592242963938,
    -0.17875323679261906,
    -0.23557903849858441
  ],
  "class_values": [
    [
      0.04614589974916916,
      0.08723163016902691,
      0.22958592242963943,
      0.17875323679261906,
      0.2355790384985843
    ],
    [
      -0.04614589974916927,
      -0.08723163016902691,
      -0.22958592242963938,
      -0.17875323679261906,
      -0.23557903849858441
    ]
  ],
  "ranking_values": [
    0.04614589974916927,
    0.08723163016902691,
    0.22958592242963943,
    0.17875323679261906,
    0.23557903849858441
  ],
  "base_value": 0.7772957280240453,
  "max_abs_value": 0.23557903849858441
}