{
  "method": "shap",
  "values": [
    0.496366155492094,
    0.2639150521122705,
    -0.13316311083545207,
    0.08229629506811348,
    0.08768894768078661
  ],
  "class_values": [
    [
      -0.496366155492094,
      -0.2639150521122703,
      0.13316311083545213,
      -0.08229629506811376,
      -0.08768894768078661
    ],
    [
      0.496366155492094,
      0.2639150521122705,
      -0.13316311083545207,
      0.08229629506811348,
      0.08768894768078661
    ]
  ],
  "ranking_values": [
    0.496366155492094,
    0.2639150521122705,
    0.13316311083545213,
    0.08229629506811376,
    0.08768894768078661
  ],
  "base_value": 0.202896659733376,
  "max_abs_value": 0.496366155492094
}