{
  "method": "shap",
  "values": [
    -0.1689379475584234,
    -0.015492871759984761,
    -0.014626915633956794,
    -0.05563170582530033,
    0.05179278104429261
  ],
  "class_values": [
    [
      0.1689379475584235,
      0.015492871759984622,
      0.01462691563395667,
      0.05563170582530044,
      -0.051792781044292635
    ],
    [
      -0.1689379475584234,
      -0.015492871759984761,
      -0.014626915633956794,
      -0.05563170582530033,
      0.05179278104429261
    ]
  ],
  "ranking_values": [
    0.1689379475584235,
    0.015492871759984761,
    0.014626915633956794,
    0.05563170582530044,
    0.051792781044292635
  ],
  "base_value": 0.202896659733376,
  "max_abs_value": 0.1689379475584234
}