{
  "method": "shap",
  "values": [
    -0.13782301077707484,
    0.18030440731194367,
    -0.15789153280461368,
    -0.05652052707125199,
    -0.030965996392379153
  ],
  "class_values": [
    [
      0.13782301077707496,
      -0.18030440731194386,
      0.15789153280461363,
      0.056520527071252075,
      0.030965996392379097
    ],
    [
      -0.13782301077707484,
      0.18030440731194367,
      -0.15789153280461368,
      -0.05652052707125199,
      -0.030965996392379153
    ]
  ],
  "ranking_values": [
    0.13782301077707496,
    0.18030440731194386,
    0.15789153280461368,
    0.056520527071252075,
    0.030965996392379153
  ],
  "base_value": 0.202896659733376,
  "max_abs_value": 0.18030440731194367
}