{
  "method": "shap",
  "values": [
    0.4111401909442761,
    0.28527747782214397,
    0.07012177712685452,
    0.06295351841274327,
    -0.03238962403939627
  ],
  "class_values": [
    [
      -0.4111401909442761,
      -0.2852774778221441,
      -0.0701217771268548,
      -0.0629535184127431,
      0.03238962403939649
    ],
    [
      0.4111401909442761,
      0.28527747782214397,
      0.07012177712685452,
      0.06295351841274327,
      -0.03238962403939627
    ]
  ],
  "ranking_values": [
    0.4111401909442761,
    0.2852774778221441,
    0.0701217771268548,
    0.06295351841274327,
    0.03238962403939649
  ],
  "base_value": 0.202896659733376,
  "max_abs_value": 0.4111401909442761
}