{
  "method": "shap",
  "values": [
    -0.467420663411465,
    0.02291468812707309,
    0.0921900408954466,
    -0.17940119437484725,
    -0.24544147592641663
  ],
  "class_values": [
    [
      0.46742066341146493,
      -0.02291468812707309,
      -0.09219004089544658,
      0.17940119437484725,
      0.24544147592641652
    ],
    [
      -0.467420663411465,
      0.02291468812707309,
      0.0921900408954466,
      -0.17940119437484725,
      -0.24544147592641663
    ]
  ],
  "ranking_values": [
    0.467420663411465,
    0.02291468812707309,
    0.0921900408954466,
    0.17940119437484725,
    0.24544147592641663
  ],
  "base_value": 0.7772957280240453,
  "max_abs_value": 0.467420663411465
}