{
  "method": "shap",
  "values": [
    0.06231362604367108,
    0.063613687049107,
    0.1072623408233768,
    -0.02646596359717733,
    0.015980581656977133
  ],
  "class_values": [
    [
      -0.06231362604367102,
      -0.0636136870491071,
      -0.10726234082337666,
      0.02646596359717722,
      -0.015980581656977244
    ],
    [
      0.06231362604367108,
      0.063613687049107,
      0.1072623408233768,
      -0.02646596359717733,
      0.015980581656977133
    ]
  ],
  "ranking_values": [
    0.06231362604367108,
    0.0636136870491071,
    0.1072623408233768,
    0.02646596359717733,
    0.015980581656977244
  ],
  "base_value": 0.7772957280240453,
  "max_abs_value": 0.1072623408233768
}