{
  "method": "shap",
  "values": [
    -0.05986008939383042,
    0.04338160512288383,
    -0.09258820374313548,
    -0.16728267766928648,
    0.07345270596269246
  ],
  "class_values": [
    [
      0.059860089393830446,
      -0.04338160512288396,
      0.0925882037431355,
      0.16728267766928645,
      -0.07345270596269249
    ],
    [
      -0.05986008939383042,
      0.04338160512288383,
      -0.09258820374313548,
      -0.16728267766928648,
      0.07345270596269246
    ]
  ],
  "ranking_values": [
    0.059860089393830446,
    0.04338160512288396,
    0.0925882037431355,
    0.16728267766928648,
    0.07345270596269249
  ],
  "base_value": 0.202896659733376,
  "max_abs_value": 0.16728267766928648
}