{
  "method": "shap",
  "values": [
    0.5794321983245222,
    -0.10326420033062822,
    0.28870669448423386,
    0.0824224598707397,
    -0.05019414161818003
  ],
  "class_values": [
    [
      -0.5794321983245225,
      0.10326420033062833,
      -0.2887066944842339,
      -0.0824224598707396,
      0.050194141618180144
    ],
    [
      0.5794321983245222,
      -0.10326420033062822,
      0.28870669448423386,
      0.0824224598707397,
      -0.05019414161818003
    ]
  ],
  "ranking_values": [
    0.5794321983245225,
    0.10326420033062833,
    0.2887066944842339,
    0.0824224598707397,
    0.050194141618180144
  ],
  "base_value": 0.202896659733376,
  "max_abs_value": 0.5794321983245222
}