{
  "method": "shap",
  "values": [
    0.3008529059955444,
    0.3723375739143681,
    0.08669527959935863,
    0.08448221730467176,
    -0.04726463808496373
  ],
  "class_values": [
    [
      -0.3008529059955447,
      -0.37233757391436806,
      -0.08669527959935869,
      -0.08448221730467154,
      0.04726463808496373
    ],
    [
      0.3008529059955444,
      0.3723375739143681,
      0.08669527959935863,
      0.08448221730467176,
      -0.04726463808496373
    ]
  ],
  "ranking_values": [
    0.3008529059955447,
    0.3723375739143681,
    0.08669527959935869,
    0.08448221730467176,
    0.04726463808496373
  ],
  "base_value": 0.202896659733376,
  "max_abs_value": 0.3723375739143681
}