{
  "method": "shap",
  "values": [
    -0.2444623758616755,
    -0.07610213415100697,
    0.00024837780211869886,
    0.05561925484344857,
    0.06180021763663138
  ],
  "class_values": [
    [
      0.24446237586167552,
      0.07610213415100697,
      -0.00024837780211864335,
      -0.055619254843448665,
      -0.06180021763663146
    ],
    [
      -0.2444623758616755,
      -0.07610213415100697,
      0.00024837780211869886,
      0.05561925484344857,
      0.06180021763663138
    ]
  ],
  "ranking_values": [
    0.24446237586167552,
    0.07610213415100697,
    0.00024837780211869886,
    0.055619254843448665,
    0.06180021763663146
  ],
  "base_value": 0.202896659733376,
  "max_abs_value": 0.2444623758616755
}