{
  "method": "shap",
  "values": [
    -0.12774620970545403,
    -0.12139516614104014,
    0.051065300493758875,
    -0.05939910844698246,
    0.05457852406642316
  ],
  "class_values": [
    [
      0.12774620970545392,
      0.12139516614104016,
      -0.051065300493759125,
      0.059399108446982735,
      -0.05457852406642316
    ],
    [
      -0.12774620970545403,
      -0.12139516614104014,
      0.051065300493758875,
      -0.05939910844698246,
      0.05457852406642316
    ]
  ],
  "ranking_values": [
    0.12774620970545403,
    0.12139516614104016,
    0.051065300493759125,
    0.059399108446982735,
    0.05457852406642316
  ],
  "base_value": 0.202896659733376,
  "max_abs_value": 0.12774620970545403
}