{
  "method": "shap",
  "values": [
    -0.04241494261273528,
    0.1648216173539077,
    -0.034938814960050135,
    -0.21468826081894948,
    -0.07567625863425417
  ],
  "class_values": [
    [
      0.04241494261273527,
      -0.164821617353908,
      0.03493881496005029,
      0.21468826081894937,
      0.07567625863425431
    ],
    [
      -0.04241494261273528,
      0.1648216173539077,
      -0.034938814960050135,
      -0.21468826081894948,
      -0.07567625863425417
    ]
  ],
  "ranking_values": [
    0.04241494261273528,
    0.164821617353908,
    0.03493881496005029,
    0.21468826081894948,
    0.07567625863425431
  ],
  "base_value": 0.202896659733376,
  "max_abs_value": 0.21468826081894948
}