{
  "method": "shap",
  "values": [
    0.5875771792022452,
    0.046260236557499335,
    0.0244677324515431,
    0.07186120136174884,
    0.06693699069312153
  ],
  "class_values": [
    [
      -0.5875771792022452,
      -0.046260236557499446,
      -0.024467732451543156,
      -0.07186120136174867,
      -0.06693699069312153
    ],
    [
      0.5875771792022452,
      0.046260236557499335,
      0.0244677324515431,
      0.07186120136174884,
      0.06693699069312153
    ]
  ],
  "ranking_values": [
    0.5875771792022452,
    0.046260236557499446,
    0.024467732451543156,
    0.07186120136174884,
    0.06693699069312153
  ],
  "base_value": 0.202896659733376,
  "max_abs_value": 0.5875771792022452
}