{
  "method": "shap",
  "values": [
    -0.181275416519582,
    0.012872722533114334,
    -0.03879842267653753,
    -0.033181220035664705,
    0.037485676965293924
  ],
  "class_values": [
    [
      0.181275416519582,
      -0.012872722533114334,
      0.03879842267653749,
      0.03318122003566476,
      -0.037485676965294035
    ],
    [
      -0.181275416519582,
      0.012872722533114334,
      -0.03879842267653753,
      -0.033181220035664705,
      0.037485676965293924
    ]
  ],
  "ranking_values": [
    0.181275416519582,
    0.012872722533114334,
    0.03879842267653753,
    0.03318122003566476,
    0.037485676965294035
  ],
  "base_value": 0.202896659733376,
  "max_abs_value": 0.181275416519582
}