{
  "method": "shap",
  "values": [
    -0.04962661078521344,
    -0.05509738736164578,
    -0.05318327465183484,
    -0.03379814703136663,
    -0.011191239903315331
  ],
  "class_values": [
    [
      0.04962661078521338,
      0.05509738736164577,
      0.0531832746518348,
      0.03379814703136662,
      0.011191239903315331
    ],
    [
      -0.04962661078521344,
      -0.05509738736164578,
      -0.05318327465183484,
      -0.03379814703136663,
      -0.011191239903315331
    ]
  ],
  "ranking_values": [
    0.04962661078521344,
    0.05509738736164578,
    0.05318327465183484,
    0.03379814703136663,
    0.011191239903315331
  ],
  "base_value": 0.202896659733376,
  "max_abs_value": 0.05509738736164578
}