{
  "method": "shap",
  "values": [
    -0.23487321760913993,
    -0.06435894468973952,
    -0.3912264271770579,
    0.10752739765696029,
    -0.19436453578488988
  ],
  "class_values": [
    [
      0.23487321760913965,
      0.06435894468973957,
      0.391226427177058,
      -0.10752739765696029,
      0.19436453578489
    ],
    [
      -0.23487321760913993,
      -0.06435894468973952,
      -0.3912264271770579,
      0.10752739765696029,
      -0.19436453578488988
    ]
  ],
  "ranking_values": [
    0.23487321760913993,
    0.06435894468973957,
    0.391226427177058,
    0.10752739765696029,
    0.19436453578489
  ],
  "base_value": 0.7772957280240453,
  "max_abs_value": 0.3912264271770579
}