{
  "method": "shap",
  "values": [
    0.22636028608132786,
    0.3767119876450727,
    0.08582471426267607,
    -0.09966049978792785,
    0.20494443878516477
  ],
  "class_values": [
    [
      -0.22636028608132797,
      -0.37671198764507297,
      -0.08582471426267602,
      0.09966049978792785,
      -0.20494443878516444
    ],
    [
      0.22636028608132786,
      0.3767119876450727,
      0.08582471426267607,
      -0.09966049978792785,
      0.20494443878516477
    ]
  ],
  "ranking_values": [
    0.22636028608132797,
    0.37671198764507297,
    0.08582471426267607,
    0.09966049978792785,
    0.20494443878516477
  ],
  "base_value": 0.202896659733376,
  "max_abs_value": 0.3767119876450727
}