{
  "method": "shap",
  "values": [
    0.11754744871551562,
    -0.01406050323877625,
    0.07133636194141671,
    0.03667997655927202,
    0.011200987998526563
  ],
  "class_values": [
    [
      -0.11754744871551544,
      0.01406050323877614,
      -0.07133636194141671,
      -0.036679976559272146,
      -0.011200987998526646
    ],
    [
      0.11754744871551562,
      -0.01406050323877625,
      0.07133636194141671,
      0.03667997655927202,
      0.011200987998526563
    ]
  ],
  "ranking_values": [
    0.11754744871551562,
    0.01406050323877625,
    0.07133636194141671,
    0.036679976559272146,
    0.011200987998526646
  ],
  "base_value": 0.7772957280240453,
  "max_abs_value": 0.11754744871551562
}