{
  "method": "shap",
  "values": [
    0.14329628982740195,
    0.3552087450130108,
    0.1169792445786601,
    0.0897995425108063,
    0.09181951785036124
  ],
  "class_values": [
    [
      -0.14329628982740206,
      -0.35520874501301075,
      -0.11697924457866016,
      -0.0897995425108063,
      -0.09181951785036135
    ],
    [
      0.14329628982740195,
      0.3552087450130108,
      0.1169792445786601,
      0.0897995425108063,
      0.09181951785036124
    ]
  ],
  "ranking_values": [
    0.14329628982740206,
    0.3552087450130108,
    0.11697924457866016,
    0.0897995425108063,
    0.09181951785036135
  ],
  "base_value": 0.202896659733376,
  "max_abs_value": 0.3552087450130108
}