{
  "method": "shap",
  "values": [
    -0.29163849677598974,
    -0.15309117555998863,
    -0.21249095694531195,
    -0.16712876863016868,
    0.06858484585443447
  ],
  "class_values": [
    [
      0.29163849677598963,
      0.15309117555998847,
      0.21249095694531228,
      0.16712876863016846,
      -0.06858484585443436
    ],
    [
      -0.29163849677598974,
      -0.15309117555998863,
      -0.21249095694531195,
      -0.16712876863016868,
      0.06858484585443447
    ]
  ],
  "ranking_values": [
    0.29163849677598974,
    0.15309117555998863,
    0.21249095694531228,
    0.16712876863016868,
    0.06858484585443447
  ],
  "base_value": 0.7772957280240453,
  "max_abs_value": 0.29163849677598974
}