{
  "method": "shap",
  "values": [
    -0.1997288147392609,
    0.08872429096801543,
    -0.03642551657092907,
    -0.04013512527084061,
    -0.015331494120360833
  ],
  "class_values": [
    [
      0.19972881473926107,
      -0.08872429096801555,
      0.036425516570929004,
      0.04013512527084055,
      0.015331494120360833
    ],
    [
      -0.1997288147392609,
      0.08872429096801543,
      -0.03642551657092907,
      -0.04013512527084061,
      -0.015331494120360833
    ]
  ],
  "ranking_values": [
    0.19972881473926107,
    0.08872429096801555,
    0.03642551657092907,
    0.04013512527084061,
    0.015331494120360833
  ],
  "base_value": 0.202896659733376,
  "max_abs_value": 0.1997288147392609
}