{
  "method": "shap",
  "values": [
    0.08289321090168941,
    0.046200343070922634,
    0.05635379460362985,
    0.02957795800157638,
    0.007678965398136395
  ],
  "class_values": [
    [
      -0.08289321090168922,
      -0.0462003430709227,
      -0.05635379460362995,
      -0.02957795800157645,
      -0.007678965398136478
    ],
    [
      0.08289321090168941,
      0.046200343070922634,
      0.05635379460362985,
      0.02957795800157638,
      0.007678965398136395
    ]
  ],
  "ranking_values": [
    0.08289321090168941,
    0.0462003430709227,
    0.05635379460362995,
    0.02957795800157645,
    0.007678965398136478
  ],
  "base_value": 0.7772957280240453,
  "max_abs_value": 0.08289321090168941
}