{
  "method": "shap",
  "values": [
    0.10893989817091643,
    0.3591084299961935,
    0.174585637464596,
    0.0773890675885533,
    0.07708030701935653
  ],
  "class_values": [
    [
      -0.10893989817091637,
      -0.3591084299961939,
      -0.174585637464596,
      -0.07738906758855313,
      -0.07708030701935653
    ],
    [
      0.10893989817091643,
      0.3591084299961935,
      0.174585637464596,
      0.0773890675885533,
      0.07708030701935653
    ]
  ],
  "ranking_values": [
    0.10893989817091643,
    0.3591084299961939,
    0.174585637464596,
    0.0773890675885533,
    0.07708030701935653
  ],
  "base_value": 0.202896659733376,
  "max_abs_value": 0.3591084299961935
}