{
  "method": "shap",
  "values": [
    0.401162520249193,
    -0.13389663634677496,
    0.43601330690259443,
    0.15540992504219198,
    -0.061632301951571655
  ],
  "class_values": [
    [
      -0.4011625202491932,
      0.13389663634677468,
      -0.43601330690259427,
      -0.15540992504219198,
      0.06163230195157188
    ],
    [
      0.401162520249193,
      -0.13389663634677496,
      0.43601330690259443,
      0.15540992504219198,
      -0.061632301951571655
    ]
  ],
  "ranking_values": [
    0.4011625202491932,
    0.13389663634677496,
    0.43601330690259443,
    0.15540992504219198,
    0.06163230195157188
  ],
  "base_value": 0.202896659733376,
  "max_abs_value": 0.43601330690259443
}