{
  "method": "shap",
  "values": [
    -0.1710649122077174,
    -0.1433903961267396,
    0.01716364503760817,
    0.04803068395715447,
    0.04636431960632029
  ],
  "class_values": [
    [
      0.1710649122077175,
      0.14339039612673965,
      -0.017163645037608116,
      -0.04803068395715465,
      -0.046364319606320314
    ],
    [
      -0.1710649122077174,
      -0.1433903961267396,
      0.01716364503760817,
      0.04803068395715447,
      0.04636431960632029
    ]
  ],
  "ranking_values": [
    0.1710649122077175,
    0.14339039612673965,
    0.01716364503760817,
    0.04803068395715465,
    0.046364319606320314
  ],
  "base_value": 0.202896659733376,
  "max_abs_value": 0.1710649122077174
}