{
  "method": "shap",
  "values": [
    0.45204235680871174,
    -0.12370873949780573,
    -0.11476802793720753,
    0.04389539676907031,
    -0.03475671416681414
  ],
  "class_values": [
    [
      -0.45204235680871163,
      0.12370873949780566,
      0.11476802793720743,
      -0.04389539676907045,
      0.03475671416681425
    ],
    [
      0.45204235680871174,
      -0.12370873949780573,
      -0.11476802793720753,
      0.04389539676907031,
      -0.03475671416681414
    ]
  ],
  "ranking_values": [
    0.45204235680871174,
    0.12370873949780573,
    0.11476802793720753,
    0.04389539676907045,
    0.03475671416681425
  ],
  "base_value": 0.7772957280240453,
  "max_abs_value": 0.45204235680871174
}