{
  "method": "shap",
  "values": [
    0.6236934111861119,
    -0.09738184364010838,
    0.27325060596513806,
    -0.06263542263471727,
    0.06017651229018817
  ],
  "class_values": [
    [
      -0.623693411186112,
      0.09738184364010838,
      -0.27325060596513795,
      0.06263542263471722,
      -0.06017651229018828
    ],
    [
      0.6236934111861119,
      -0.09738184364010838,
      0.27325060596513806,
      -0.06263542263471727,
      0.06017651229018817
    ]
  ],
  "ranking_values": [
    0.623693411186112,
    0.09738184364010838,
    0.27325060596513806,
    0.06263542263471727,
    0.06017651229018828
  ],
  "base_value": 0.202896659733376,
  "max_abs_value": 0.6236934111861119
}