{
  "method": "shap",
  "values": [
    0.07047923426955365,
    -0.2671236166249194,
    -0.1545553078371386,
    0.0758261874810073,
    0.07247749825321673
  ],
  "class_values": [
    [
      -0.07047923426955373,
      0.26712361662491946,
      0.1545553078371386,
      -0.07582618748100729,
      -0.07247749825321681
    ],
    [
      0.07047923426955365,
      -0.2671236166249194,
      -0.1545553078371386,
      0.0758261874810073,
      0.07247749825321673
    ]
  ],
  "ranking_values": [
    0.07047923426955373,
    0.26712361662491946,
    0.1545553078371386,
    0.0758261874810073,
    0.07247749825321681
  ],
  "base_value": 0.202896659733376,
  "max_abs_value": 0.2671236166249194
}