{
  "method": "shap",
  "values": [
    0.09777900105715549,
    -0.22469901763621805,
    0.06312969934589999,
    -0.0831966589453093,
    -0.05590968355383827
  ],
  "class_values": [
    [
      -0.09777900105715574,
      0.22469901763621827,
      -0.06312969934590015,
      0.08319665894530946,
      0.05590968355383813
    ],
    [
      0.09777900105715549,
      -0.22469901763621805,
      0.06312969934589999,
      -0.0831966589453093,
      -0.05590968355383827
    ]
  ],
  "ranking_values": [
    0.09777900105715574,
    0.22469901763621827,
    0.06312969934590015,
    0.08319665894530946,
    0.05590968355383827
  ],
  "base_value": 0.202896659733376,
  "max_abs_value": 0.22469901763621805
}