{
  "method": "shap",
  "values": [
    -0.11034523244552986,
    -0.09408070304540585,
    -0.017469126675322577,
    0.03201053170037879,
    -0.013012129267496508
  ],
  "class_values": [
    [
      0.11034523244552995,
      0.09408070304540583,
      0.01746912667532255,
      -0.03201053170037886,
      0.013012129267496397
    ],
    [
      -0.11034523244552986,
      -0.09408070304540585,
      -0.017469126675322577,
      0.03201053170037879,
      -0.013012129267496508
    ]
  ],
  "ranking_values": [
    0.11034523244552995,
    0.09408070304540585,
    0.017469126675322577,
    0.03201053170037886,
    0.013012129267496508
  ],
  "base_value": 0.202896659733376,
  "max_abs_value": 0.11034523244552986
}