{
  "method": "shap",
  "values": [
    0.359544416974968,
    0.25537903342448665,
    0.33235609279626716,
    -0.09148731735019355,
    -0.05868916359034759
  ],
  "class_values": [
    [
      -0.3595444169749681,
      -0.25537903342448665,
      -0.33235609279626754,
      0.09148731735019361,
      0.058689163590347926
    ],
    [
      0.359544416974968,
      0.25537903342448665,
      0.33235609279626716,
      -0.09148731735019355,
      -0.05868916359034759
    ]
  ],
  "ranking_values": [
    0.3595444169749681,
    0.25537903342448665,
    0.33235609279626754,
    0.09148731735019361,
    0.058689163590347926
  ],
  "base_value": 0.202896659733376,
  "max_abs_value": 0.359544416974968
}