{
  "method": "shap",
  "values": [
    -0.21044184141294137,
    0.1001919414437437,
    -0.08531432067360453,
    -0.05025232739670482,
    0.04291988830613103
  ],
  "class_values": [
    [
      0.21044184141294148,
      -0.10019194144374391,
      0.08531432067360468,
      0.050252327396704766,
      -0.04291988830613114
    ],
    [
      -0.21044184141294137,
      0.1001919414437437,
      -0.08531432067360453,
      -0.05025232739670482,
      0.04291988830613103
    ]
  ],
  "ranking_values": [
    0.21044184141294148,
    0.10019194144374391,
    0.08531432067360468,
    0.05025232739670482,
    0.04291988830613114
  ],
  "base_value": 0.202896659733376,
  "max_abs_value": 0.21044184141294137
}