{
  "method": "shap",
  "values": [
    0.2570806547062471,
    0.19083168753135887,
    0.12843842118674015,
    0.10660542312993881,
    0.11414712617194811
  ],
  "class_values": [
    [
      -0.2570806547062471,
      -0.1908316875313591,
      -0.12843842118674004,
      -0.10660542312993887,
      -0.11414712617194811
    ],
    [
      0.2570806547062471,
      0.19083168753135887,
      0.12843842118674015,
      0.10660542312993881,
      0.11414712617194811
    ]
  ],
  "ranking_values": [
    0.2570806547062471,
    0.1908316875313591,
    0.12843842118674015,
    0.10660542312993887,
    0.11414712617194811
  ],
  "base_value": 0.202896659733376,
  "max_abs_value": 0.2570806547062471
}