{
  "method": "shap",
  "values": [
    0.631467390810287,
    0.2369699891567485,
    0.03957079644277889,
    -0.07223474699210769,
    -0.04007077679863902
  ],
  "class_values": [
    [
      -0.6314673908102871,
      -0.23696998915674855,
      -0.03957079644277889,
      0.07223474699210752,
      0.04007077679863924
    ],
    [
      0.631467390810287,
      0.2369699891567485,
      0.03957079644277889,
      -0.07223474699210769,
      -0.04007077679863902
    ]
  ],
  "ranking_values": [
    0.6314673908102871,
    0.23696998915674855,
    0.03957079644277889,
    0.07223474699210769,
    0.04007077679863924
  ],
  "base_value": 0.202896659733376,
  "max_abs_value": 0.631467390810287
}