{
  "method": "shap",
  "values": [
    0.586842068164677,
    -0.09607904539552975,
    0.19347096357712618,
    0.16756349307936985,
    -0.054699061655517967
  ],
  "class_values": [
    [
      -0.5868420681646775,
      0.09607904539552992,
      -0.19347096357712612,
      -0.1675634930793698,
      0.05469906165551808
    ],
    [
      0.586842068164677,
      -0.09607904539552975,
      0.19347096357712618,
      0.16756349307936985,
      -0.054699061655517967
    ]
  ],
  "ranking_values": [
    0.5868420681646775,
    0.09607904539552992,
    0.19347096357712618,
    0.16756349307936985,
    0.05469906165551808
  ],
  "base_value": 0.202896659733376,
  "max_abs_value": 0.586842068164677
}