{
  "method": "shap",
  "values": [
    -0.003041014343106427,
    -0.1740032535559613,
    -0.04052709219076012,
    0.03773848325368462,
    -0.023063782897232765
  ],
  "class_values": [
    [
      0.0030410143431063297,
      0.17400325355596147,
      0.040527092190760075,
      -0.03773848325368473,
      0.023063782897232765
    ],
    [
      -0.003041014343106427,
      -0.1740032535559613,
      -0.04052709219076012,
      0.03773848325368462,
      -0.023063782897232765
    ]
  ],
  "ranking_values": [
    0.003041014343106427,
    0.17400325355596147,
    0.04052709219076012,
    0.03773848325368473,
    0.023063782897232765
  ],
  "base_value": 0.202896659733376,
  "max_abs_value": 0.1740032535559613
}