{
  "method": "shap",
  "values": [
    -0.1838221160794282,
    -0.09178802451752258,
    0.1482356127300825,
    -0.04869794857510544,
    -0.026824183291402293
  ],
  "class_values": [
    [
      0.18382211607942828,
      0.09178802451752262,
      -0.1482356127300828,
      0.04869794857510544,
      0.026824183291402348
    ],
    [
      -0.1838221160794282,
      -0.09178802451752258,
      0.1482356127300825,
      -0.04869794857510544,
      -0.026824183291402293
    ]
  ],
  "ranking_values": [
    0.18382211607942828,
    0.09178802451752262,
    0.1482356127300828,
    0.04869794857510544,
    0.026824183291402348
  ],
  "base_value": 0.202896659733376,
  "max_abs_value": 0.1838221160794282
}