{
  "method": "shap",
  "values": [
    0.042370609547014236,
    -0.17490762956808345,
    -0.08029428779518902,
    0.04022177228240584,
    -0.03028712419952362
  ],
  "class_values": [
    [
      -0.04237060954701432,
      0.17490762956808356,
      0.08029428779518906,
      -0.040221772282405935,
      0.030287124199523507
    ],
    [
      0.042370609547014236,
      -0.17490762956808345,
      -0.08029428779518902,
      0.04022177228240584,
      -0.03028712419952362
    ]
  ],
  "ranking_values": [
    0.04237060954701432,
    0.17490762956808356,
    0.08029428779518906,
    0.040221772282405935,
    0.03028712419952362
  ],
  "base_value": 0.202896659733376,
  "max_abs_value": 0.17490762956808345
}