{
  "method": "shap",
  "values": [
    0.18594440722133912,
    0.11316775005184282,
    0.03965679091733018,
    -0.05363261690118294,
    -0.062432133344066054
  ],
  "class_values": [
    [
      -0.1859444072213391,
      -0.11316775005184271,
      -0.039656790917330154,
      0.053632616901182886,
      0.06243213334406578
    ],
    [
      0.18594440722133912,
      0.11316775005184282,
      0.03965679091733018,
      -0.05363261690118294,
      -0.062432133344066054
    ]
  ],
  "ranking_values": [
    0.18594440722133912,
    0.11316775005184282,
    0.03965679091733018,
    0.05363261690118294,
    0.062432133344066054
  ],
  "base_value": 0.7772957280240453,
  "max_abs_value": 0.18594440722133912
}