{
  "method": "shap",
  "values": [
    -0.1175866007052703,
    0.01576013303599535,
    -0.04051786134806116,
    0.22605219360208917,
    0.13897761534702505
  ],
  "class_values": [
    [
      0.11758660070527018,
      -0.015760133035995345,
      0.04051786134806128,
      -0.22605219360208922,
      -0.13897761534702513
    ],
    [
      -0.1175866007052703,
      0.01576013303599535,
      -0.04051786134806116,
      0.22605219360208917,
      0.13897761534702505
    ]
  ],
  "ranking_values": [
    0.1175866007052703,
    0.01576013303599535,
    0.04051786134806128,
    0.22605219360208922,
    0.13897761534702513
  ],
  "base_value": 0.7772957280240453,
  "max_abs_value": 0.22605219360208917
}