{
  "method": "shap",
  "values": [
    -0.26920024033676127,
    -0.029895940915455388,
    -0.37856242427078823,
    0.11159350887554587,
    -0.21123055133639068
  ],
  "class_values": [
    [
      0.26920024033676143,
      0.029895940915455388,
      0.37856242427078846,
      -0.11159350887554609,
      0.21123055133639046
    ],
    [
      -0.26920024033676127,
      -0.029895940915455388,
      -0.37856242427078823,
      0.11159350887554587,
      -0.21123055133639068
    ]
  ],
  "ranking_values": [
    0.26920024033676143,
    0.029895940915455388,
    0.37856242427078846,
    0.11159350887554609,
    0.21123055133639068
  ],
  "base_value": 0.7772957280240453,
  "max_abs_value": 0.37856242427078823
}