{
  "method": "shap",
  "values": [
    0.3653011962449374,
    0.23235010101982428,
    0.07437310496627969,
    0.06087439697524577,
    0.06420454106032403
  ],
  "class_values": [
    [
      -0.3653011962449376,
      -0.23235010101982434,
      -0.07437310496627969,
      -0.06087439697524566,
      -0.06420454106032392
    ],
    [
      0.3653011962449374,
      0.23235010101982428,
      0.07437310496627969,
      0.06087439697524577,
      0.06420454106032403
    ]
  ],
  "ranking_values": [
    0.3653011962449376,
    0.23235010101982434,
    0.07437310496627969,
    0.06087439697524577,
    0.06420454106032403
  ],
  "base_value": 0.202896659733376,
  "max_abs_value": 0.3653011962449374
}