{
  "method": "shap",
  "values": [
    -0.04704906158464155,
    -0.08044253921906763,
    -0.016736935409613227,
    -0.04142709303538865,
    -0.01724103048466491
  ],
  "class_values": [
    [
      0.04704906158464153,
      0.08044253921906765,
      0.01673693540961313,
      0.041427093035388635,
      0.017241030484664938
    ],
    [
      -0.04704906158464155,
      -0.08044253921906763,
      -0.016736935409613227,
      -0.04142709303538865,
      -0.01724103048466491
    ]
  ],
  "ranking_values": [
    0.04704906158464155,
    0.08044253921906765,
    0.016736935409613227,
    0.04142709303538865,
    0.017241030484664938
  ],
  "base_value": 0.202896659733376,
  "max_abs_value": 0.08044253921906763
}