{
  "method": "shap",
  "values": [
    0.5352480612026279,
    0.2013448600999158,
    -0.04443447117822019,
    0.05588646647822143,
    0.04905842366407909
  ],
  "class_values": [
    [
      -0.535248061202628,
      -0.20134486009991587,
      0.04443447117822008,
      -0.05588646647822132,
      -0.049058423664078976
    ],
    [
      0.5352480612026279,
      0.2013448600999158,
      -0.04443447117822019,
      0.05588646647822143,
      0.04905842366407909
    ]
  ],
  "ranking_values": [
    0.535248061202628,
    0.20134486009991587,
    0.04443447117822019,
    0.05588646647822143,
    0.04905842366407909
  ],
  "base_value": 0.202896659733376,
  "max_abs_value": 0.5352480612026279
}