{
  "method": "shap",
  "values": [
    0.06547760739807726,
    -0.1564864821188353,
    -0.09667108369039079,
    -0.07637234603441496,
    0.061155644712225316
  ],
  "class_values": [
    [
      -0.06547760739807744,
      0.15648648211883523,
      0.09667108369039074,
      0.07637234603441527,
      -0.061155644712225454
    ],
    [
      0.06547760739807726,
      -0.1564864821188353,
      -0.09667108369039079,
      -0.07637234603441496,
      0.061155644712225316
    ]
  ],
  "ranking_values": [
    0.06547760739807744,
    0.1564864821188353,
    0.09667108369039079,
    0.07637234603441527,
    0.061155644712225454
  ],
  "base_value": 0.202896659733376,
  "max_abs_value": 0.1564864821188353
}