{
  "method": "shap",
  "values": [
    -0.2740289874409673,
    0.351397608762809,
    0.03566493696748854,
    -0.19745173484389084,
    -0.1184647576824516
  ],
  "class_values": [
    [
      0.2740289874409674,
      -0.35139760876280934,
      -0.035664936967488556,
      0.19745173484389086,
      0.11846475768245175
    ],
    [
      -0.2740289874409673,
      0.351397608762809,
      0.03566493696748854,
      -0.19745173484389084,
      -0.1184647576824516
    ]
  ],
  "ranking_values": [
    0.2740289874409674,
    0.35139760876280934,
    0.035664936967488556,
    0.19745173484389086,
    0.11846475768245175
  ],
  "base_value": 0.202896659733376,
  "max_abs_value": 0.351397608762809
}