{
  "method": "shap",
  "values": [
    0.5267716042620181,
    -0.03538374882147122,
    0.10529922054421431,
    0.09058486381435837,
    0.10983115555287659
  ],
  "class_values": [
    [
      -0.5267716042620181,
      0.035383748821471384,
      -0.10529922054421442,
      -0.09058486381435843,
      -0.10983115555287659
    ],
    [
      0.5267716042620181,
      -0.03538374882147122,
      0.10529922054421431,
      0.09058486381435837,
      0.10983115555287659
    ]
  ],
  "ranking_values": [
    0.5267716042620181,
    0.035383748821471384,
    0.10529922054421442,
    0.09058486381435843,
    0.10983115555287659
  ],
  "base_value": 0.202896659733376,
  "max_abs_value": 0.5267716042620181
}