{
  "method": "shap",
  "values": [
    0.41200031573607704,
    0.0968778062461903,
    0.18135442909334903,
    -0.10726016979687653,
    0.21412408755618506
  ],
  "class_values": [
    [
      -0.4120003157360771,
      -0.09687780624619036,
      -0.18135442909334903,
      0.10726016979687664,
      -0.2141240875561854
    ],
    [
      0.41200031573607704,
      0.0968778062461903,
      0.18135442909334903,
      -0.10726016979687653,
      0.21412408755618506
    ]
  ],
  "ranking_values": [
    0.4120003157360771,
    0.09687780624619036,
    0.18135442909334903,
    0.10726016979687664,
    0.2141240875561854
  ],
  "base_value": 0.202896659733376,
  "max_abs_value": 0.41200031573607704
}