{
  "method": "shap",
  "values": [
    0.5881455287961663,
    0.002763870668668622,
    0.026620449457322615,
    0.08628988123904252,
    0.09328359372902495
  ],
  "class_values": [
    [
      -0.5881455287961664,
      -0.002763870668668511,
      -0.02662044945732256,
      -0.08628988123904263,
      -0.09328359372902484
    ],
    [
      0.5881455287961663,
      0.002763870668668622,
      0.026620449457322615,
      0.08628988123904252,
      0.09328359372902495
    ]
  ],
  "ranking_values": [
    0.5881455287961664,
    0.002763870668668622,
    0.026620449457322615,
    0.08628988123904263,
    0.09328359372902495
  ],
  "base_value": 0.202896659733376,
  "max_abs_value": 0.5881455287961663
}