{
  "method": "shap",
  "values": [
    0.17779444114310783,
    0.2479067617710931,
    0.04615466287946479,
    0.16129625597605596,
    0.16395070154298186
  ],
  "class_values": [
    [
      -0.17779444114310794,
      -0.24790676177109322,
      -0.04615466287946485,
      -0.16129625597605596,
      -0.16395070154298164
    ],
    [
      0.17779444114310783,
      0.2479067617710931,
      0.04615466287946479,
      0.16129625597605596,
      0.16395070154298186
    ]
  ],
  "ranking_values": [
    0.17779444114310794,
    0.24790676177109322,
    0.04615466287946485,
    0.16129625597605596,
    0.16395070154298186
  ],
  "base_value": 0.202896659733376,
  "max_abs_value": 0.2479067617710931
}