{
  "method": "shap",
  "values": [
    -0.12544611857742943,
    0.20378725718718066,
    0.06280033962074158,
    0.05785460577958634,
    0.02370818796587551
  ],
  "class_values": [
    [
      0.12544611857742927,
      -0.20378725718718055,
      -0.06280033962074155,
      -0.05785460577958648,
      -0.023708187965875455
    ],
    [
      -0.12544611857742943,
      0.20378725718718066,
      0.06280033962074158,
      0.05785460577958634,
      0.02370818796587551
    ]
  ],
  "ranking_values": [
    0.12544611857742943,
    0.20378725718718066,
    0.06280033962074158,
    0.05785460577958648,
    0.02370818796587551
  ],
  "base_value": 0.7772957280240453,
  "max_abs_value": 0.20378725718718066
}