{
  "method": "shap",
  "values": [
    -0.4070492434804735,
    0.14423435678016264,
    0.03508273338342675,
    0.04738775713899171,
    -0.02255226355548362
  ],
  "class_values": [
    [
      0.407049243480474,
      -0.14423435678016286,
      -0.035082733383426865,
      -0.04738775713899182,
      0.022552263555483426
    ],
    [
      -0.4070492434804735,
      0.14423435678016264,
      0.03508273338342675,
      0.04738775713899171,
      -0.02255226355548362
    ]
  ],
  "ranking_values": [
    0.407049243480474,
    0.14423435678016286,
    0.035082733383426865,
    0.04738775713899182,
    0.02255226355548362
  ],
  "base_value": 0.202896659733376,
  "max_abs_value": 0.4070492434804735
}