{
  "method": "shap",
  "values": [
    -0.1061093806039266,
    -0.0892194818837682,
    0.08794573619439115,
    -0.16853186680274637,
    0.07301833338875358
  ],
  "class_values": [
    [
      0.1061093806039266,
      0.08921948188376817,
      -0.0879457361943912,
      0.1685318668027464,
      -0.07301833338875363
    ],
    [
      -0.1061093806039266,
      -0.0892194818837682,
      0.08794573619439115,
      -0.16853186680274637,
      0.07301833338875358
    ]
  ],
  "ranking_values": [
    0.1061093806039266,
    0.0892194818837682,
    0.0879457361943912,
    0.1685318668027464,
    0.07301833338875363
  ],
  "base_value": 0.202896659733376,
  "max_abs_value": 0.16853186680274637
}