{
  "method": "shap",
  "values": [
    -0.09792699665784242,
    -0.038620819765380315,
    -0.06320756433185701,
    -0.026630635266876687,
    0.0234893562885804
  ],
  "class_values": [
    [
      0.09792699665784249,
      0.03862081976538033,
      0.06320756433185701,
      0.02663063526687659,
      -0.023489356288580537
    ],
    [
      -0.09792699665784242,
      -0.038620819765380315,
      -0.06320756433185701,
      -0.026630635266876687,
      0.0234893562885804
    ]
  ],
  "ranking_values": [
    0.09792699665784249,
    0.03862081976538033,
    0.06320756433185701,
    0.026630635266876687,
    0.023489356288580537
  ],
  "base_value": 0.202896659733376,
  "max_abs_value": 0.09792699665784242
}