{
  "method": "shap",
  "values": [
    -0.18975437835636622,
    -0.27976252489390707,
    0.11529360891773544,
    -0.17424471072656117,
    -0.24882771023907913
  ],
  "class_values": [
    [
      0.18975437835636605,
      0.2797625248939072,
      -0.11529360891773535,
      0.17424471072656111,
      0.24882771023907913
    ],
    [
      -0.18975437835636622,
      -0.27976252489390707,
      0.11529360891773544,
      -0.17424471072656117,
      -0.24882771023907913
    ]
  ],
  "ranking_values": [
    0.18975437835636622,
    0.2797625248939072,
    0.11529360891773544,
    0.17424471072656117,
    0.24882771023907913
  ],
  "base_value": 0.7772957280240453,
  "max_abs_value": 0.27976252489390707
}