{
  "method": "shap",
  "values": [
    0.21253956763152698,
    -0.5136305309974565,
    -0.02826105143218774,
    0.05845712027161773,
    0.06799824329990864
  ],
  "class_values": [
    [
      -0.21253956763152712,
      0.5136305309974567,
      0.028261051432187878,
      -0.05845712027161783,
      -0.06799824329990889
    ],
    [
      0.21253956763152698,
      -0.5136305309974565,
      -0.02826105143218774,
      0.05845712027161773,
      0.06799824329990864
    ]
  ],
  "ranking_values": [
    0.21253956763152712,
    0.5136305309974567,
    0.028261051432187878,
    0.05845712027161783,
    0.06799824329990889
  ],
  "base_value": 0.202896659733376,
  "max_abs_value": 0.5136305309974565
}