{
  "method": "shap",
  "values": [
    0.45657026209057905,
    0.23488384726733347,
    -0.003598876570013565,
    0.16685150900132872,
    -0.05799696736569637
  ],
  "class_values": [
    [
      -0.4565702620905792,
      -0.23488384726733325,
      0.0035988765700135095,
      -0.1668515090013289,
      0.057996967365696594
    ],
    [
      0.45657026209057905,
      0.23488384726733347,
      -0.003598876570013565,
      0.16685150900132872,
      -0.05799696736569637
    ]
  ],
  "ranking_values": [
    0.4565702620905792,
    0.23488384726733347,
    0.003598876570013565,
    0.1668515090013289,
    0.057996967365696594
  ],
  "base_value": 0.202896659733376,
  "max_abs_value": 0.45657026209057905
}