{
  "method": "shap",
  "values": [
    -0.10579265347945327,
    -0.04383142034614759,
    -0.0019089583322253467,
    -0.034703234853106446,
    -0.01666039272244335
  ],
  "class_values": [
    [
      0.10579265347945335,
      0.043831420346147565,
      0.0019089583322252357,
      0.03470323485310639,
      0.01666039272244335
    ],
    [
      -0.10579265347945327,
      -0.04383142034614759,
      -0.0019089583322253467,
      -0.034703234853106446,
      -0.01666039272244335
    ]
  ],
  "ranking_values": [
    0.10579265347945335,
    0.04383142034614759,
    0.0019089583322253467,
    0.034703234853106446,
    0.01666039272244335
  ],
  "base_value": 0.202896659733376,
  "max_abs_value": 0.10579265347945327
}