{
  "method": "shap",
  "values": [
    -0.12807104820905368,
    -0.42580032558181735,
    -0.10988654535265241,
    0.09864660193196853,
    -0.2112165251874848
  ],
  "class_values": [
    [
      0.12807104820905357,
      0.42580032558181735,
      0.10988654535265252,
      -0.09864660193196848,
      0.21121652518748468
    ],
    [
      -0.12807104820905368,
      -0.42580032558181735,
      -0.10988654535265241,
      0.09864660193196853,
      -0.2112165251874848
    ]
  ],
  "ranking_values": [
    0.12807104820905368,
    0.42580032558181735,
    0.10988654535265252,
    0.09864660193196853,
    0.2112165251874848
  ],
  "base_value": 0.7772957280240453,
  "max_abs_value": 0.42580032558181735
}