{
  "method": "shap",
  "values": [
    0.015769752398963388,
    -0.2686948588181264,
    -0.07247955784256796,
    0.054026114975247036,
    0.06848188955310802
  ],
  "class_values": [
    [
      -0.015769752398963555,
      0.2686948588181265,
      0.07247955784256804,
      -0.05402611497524708,
      -0.06848188955310802
    ],
    [
      0.015769752398963388,
      -0.2686948588181264,
      -0.07247955784256796,
      0.054026114975247036,
      0.06848188955310802
    ]
  ],
  "ranking_values": [
    0.015769752398963555,
    0.2686948588181265,
    0.07247955784256804,
    0.05402611497524708,
    0.06848188955310802
  ],
  "base_value": 0.202896659733376,
  "max_abs_value": 0.2686948588181264
}