{
  "method": "shap",
  "values": [
    0.1882860615161941,
    -0.2094388607605402,
    0.10839332643495336,
    0.20531571639076573,
    -0.07624407220692253
  ],
  "class_values": [
    [
      -0.18828606151619412,
      0.2094388607605403,
      -0.10839332643495334,
      -0.20531571639076585,
      0.07624407220692242
    ],
    [
      0.1882860615161941,
      -0.2094388607605402,
      0.10839332643495336,
      0.20531571639076573,
      -0.07624407220692253
    ]
  ],
  "ranking_values": [
    0.18828606151619412,
    0.2094388607605403,
    0.10839332643495336,
    0.20531571639076585,
    0.07624407220692253
  ],
  "base_value": 0.7772957280240453,
  "max_abs_value": 0.2094388607605402
}