{
  "method": "shap",
  "values": [
    -0.3939575401678052,
    -0.5655032963230031,
    0.07063415153686581,
    0.07310495773555531,
    0.03842599920237666
  ],
  "class_values": [
    [
      0.3939575401678049,
      0.5655032963230032,
      -0.07063415153686603,
      -0.07310495773555542,
      -0.038425999202376326
    ],
    [
      -0.3939575401678052,
      -0.5655032963230031,
      0.07063415153686581,
      0.07310495773555531,
      0.03842599920237666
    ]
  ],
  "ranking_values": [
    0.3939575401678052,
    0.5655032963230032,
    0.07063415153686603,
    0.07310495773555542,
    0.03842599920237666
  ],
  "base_value": 0.7772957280240453,
  "max_abs_value": 0.5655032963230031
}