{
  "method": "shap",
  "values": [
    -0.15099662629710076,
    -0.15588208072751808,
    0.18523109345836852,
    -0.1450003141101328,
    0.06375126801253767
  ],
  "class_values": [
    [
      0.1509966262971007,
      0.15588208072751814,
      -0.1852310934583687,
      0.145000314110133,
      -0.06375126801253772
    ],
    [
      -0.15099662629710076,
      -0.15588208072751808,
      0.18523109345836852,
      -0.1450003141101328,
      0.06375126801253767
    ]
  ],
  "ranking_values": [
    0.15099662629710076,
    0.15588208072751814,
    0.1852310934583687,
    0.145000314110133,
    0.06375126801253772
  ],
  "base_value": 0.202896659733376,
  "max_abs_value": 0.18523109345836852
}