{
  "method": "shap",
  "values": [
    0.13402119056263204,
    0.009601436794822199,
    0.016381968898075486,
    0.04620805286821281,
    0.016491622852212146
  ],
  "class_values": [
    [
      -0.13402119056263184,
      -0.009601436794822296,
      -0.016381968898075597,
      -0.04620805286821279,
      -0.016491622852212284
    ],
    [
      0.13402119056263204,
      0.009601436794822199,
      0.016381968898075486,
      0.04620805286821281,
      0.016491622852212146
    ]
  ],
  "ranking_values": [
    0.13402119056263204,
    0.009601436794822296,
    0.016381968898075597,
    0.04620805286821281,
    0.016491622852212284
  ],
  "base_value": 0.7772957280240453,
  "max_abs_value": 0.13402119056263204
}