{
  "method": "shap",
  "values": [
    -0.0439196872171706,
    -0.08944889153919064,
    0.0032263452612601162,
    -0.049122845980985916,
    -0.023631580257288953
  ],
  "class_values": [
    [
      0.0439196872171705,
      0.08944889153919071,
      -0.0032263452612601717,
      0.04912284598098596,
      0.023631580257288898
    ],
    [
      -0.0439196872171706,
      -0.08944889153919064,
      0.0032263452612601162,
      -0.049122845980985916,
      -0.023631580257288953
    ]
  ],
  "ranking_values": [
    0.0439196872171706,
    0.08944889153919071,
    0.0032263452612601717,
    0.04912284598098596,
    0.023631580257288953
  ],
  "base_value": 0.202896659733376,
  "max_abs_value": 0.08944889153919064
}