{
  "method": "shap",
  "values": [
    -0.1849686127041708,
    0.34750956020074397,
    0.19766818024071497,
    -0.06415852294238622,
    -0.07334633322856249
  ],
  "class_values": [
    [
      0.1849686127041706,
      -0.347509560200744,
      -0.19766818024071495,
      0.06415852294238637,
      0.07334633322856249
    ],
    [
      -0.1849686127041708,
      0.34750956020074397,
      0.19766818024071497,
      -0.06415852294238622,
      -0.07334633322856249
    ]
  ],
  "ranking_values": [
    0.1849686127041708,
    0.347509560200744,
    0.19766818024071497,
    0.06415852294238637,
    0.07334633322856249
  ],
  "base_value": 0.7772957280240453,
  "max_abs_value": 0.34750956020074397
}