{
  "method": "shap",
  "values": [
    -0.45781757829019476,
    -0.22560925614802396,
    -0.039742741314002905,
    -0.10838210595977105,
    0.054255953689288594
  ],
  "class_values": [
    [
      0.45781757829019465,
      0.2256092561480239,
      0.039742741314002905,
      0.10838210595977105,
      -0.054255953689288594
    ],
    [
      -0.45781757829019476,
      -0.22560925614802396,
      -0.039742741314002905,
      -0.10838210595977105,
      0.054255953689288594
    ]
  ],
  "ranking_values": [
    0.45781757829019476,
    0.22560925614802396,
    0.039742741314002905,
    0.10838210595977105,
    0.054255953689288594
  ],
  "base_value": 0.7772957280240453,
  "max_abs_value": 0.45781757829019476
}