{
  "method": "shap",
  "values": [
    -0.24048216431660727,
    -0.04501132355303167,
    0.08606883930005499,
    -0.04184601857229875,
    0.03837400740850666
  ],
  "class_values": [
    [
      0.24048216431660743,
      0.045011323553031723,
      -0.08606883930005521,
      0.04184601857229875,
      -0.03837400740850677
    ],
    [
      -0.24048216431660727,
      -0.04501132355303167,
      0.08606883930005499,
      -0.04184601857229875,
      0.03837400740850666
    ]
  ],
  "ranking_values": [
    0.24048216431660743,
    0.045011323553031723,
    0.08606883930005521,
    0.04184601857229875,
    0.03837400740850677
  ],
  "base_value": 0.202896659733376,
  "max_abs_value": 0.24048216431660727
}