{
  "method": "shap",
  "values": [
    0.13676421106168046,
    -0.36915159214404425,
    -0.4375771235793809,
    -0.14189444292609188,
    0.038894768887884235
  ],
  "class_values": [
    [
      -0.13676421106168046,
      0.3691515921440446,
      0.4375771235793806,
      0.14189444292609166,
      -0.038894768887884235
    ],
    [
      0.13676421106168046,
      -0.36915159214404425,
      -0.4375771235793809,
      -0.14189444292609188,
      0.038894768887884235
    ]
  ],
  "ranking_values": [
    0.13676421106168046,
    0.3691515921440446,
    0.4375771235793809,
    0.14189444292609188,
    0.038894768887884235
  ],
  "base_value": 0.7772957280240453,
  "max_abs_value": 0.4375771235793809
}