{
  "method": "shap",
  "values": [
    0.14882956299951644,
    0.4186122846822451,
    0.11227047999338524,
    0.17391155342010367,
    -0.05652211950949537
  ],
  "class_values": [
    [
      -0.14882956299951666,
      -0.4186122846822451,
      -0.11227047999338524,
      -0.17391155342010362,
      0.05652211950949537
    ],
    [
      0.14882956299951644,
      0.4186122846822451,
      0.11227047999338524,
      0.17391155342010367,
      -0.05652211950949537
    ]
  ],
  "ranking_values": [
    0.14882956299951666,
    0.4186122846822451,
    0.11227047999338524,
    0.17391155342010367,
    0.05652211950949537
  ],
  "base_value": 0.202896659733376,
  "max_abs_value": 0.4186122846822451
}