{
  "method": "shap",
  "values": [
    -0.2608251295787083,
    -0.5490379855655554,
    0.14120156081485163,
    -0.15235407682818097,
    0.04373382240655388
  ],
  "class_values": [
    [
      0.2608251295787082,
      0.5490379855655555,
      -0.14120156081485147,
      0.15235407682818086,
      -0.04373382240655399
    ],
    [
      -0.2608251295787083,
      -0.5490379855655554,
      0.14120156081485163,
      -0.15235407682818097,
      0.04373382240655388
    ]
  ],
  "ranking_values": [
    0.2608251295787083,
    0.5490379855655555,
    0.14120156081485163,
    0.15235407682818097,
    0.04373382240655399
  ],
  "base_value": 0.7772957280240453,
  "max_abs_value": 0.5490379855655554
}