{
  "method": "shap",
  "values": [
    0.7176639164619659,
    0.0041733135427775014,
    -0.07140136196405344,
    0.07410477976334101,
    0.07256269188001563
  ],
  "class_values": [
    [
      -0.7176639164619659,
      -0.0041733135427776125,
      0.07140136196405344,
      -0.07410477976334079,
      -0.07256269188001596
    ],
    [
      0.7176639164619659,
      0.0041733135427775014,
      -0.07140136196405344,
      0.07410477976334101,
      0.07256269188001563
    ]
  ],
  "ranking_values": [
    0.7176639164619659,
    0.0041733135427776125,
    0.07140136196405344,
    0.07410477976334101,
    0.07256269188001596
  ],
  "base_value": 0.202896659733376,
  "max_abs_value": 0.7176639164619659
}