{
  "method": "shap",
  "values": [
    0.018338118185089625,
    0.04907063197827918,
    0.3258830140622118,
    -0.07174350000908153,
    -0.0990573613081786
  ],
  "class_values": [
    [
      -0.018338118185089694,
      -0.0490706319782791,
      -0.32588301406221165,
      0.07174350000908139,
      0.09905736130817844
    ],
    [
      0.018338118185089625,
      0.04907063197827918,
      0.3258830140622118,
      -0.07174350000908153,
      -0.0990573613081786
    ]
  ],
  "ranking_values": [
    0.018338118185089694,
    0.04907063197827918,
    0.3258830140622118,
    0.07174350000908153,
    0.0990573613081786
  ],
  "base_value": 0.7772957280240453,
  "max_abs_value": 0.3258830140622118
}