{
  "method": "shap",
  "values": [
    0.3414537398531277,
    -0.2283447981254474,
    -0.2597411582252069,
    0.0770157012868582,
    -0.13325912865650283
  ],
  "class_values": [
    [
      -0.341453739853128,
      0.2283447981254474,
      0.2597411582252068,
      -0.07701570128685811,
      0.13325912865650294
    ],
    [
      0.3414537398531277,
      -0.2283447981254474,
      -0.2597411582252069,
      0.0770157012868582,
      -0.13325912865650283
    ]
  ],
  "ranking_values": [
    0.341453739853128,
    0.2283447981254474,
    0.2597411582252069,
    0.0770157012868582,
    0.13325912865650294
  ],
  "base_value": 0.202896659733376,
  "max_abs_value": 0.3414537398531277
}