{
  "method": "shap",
  "values": [
    -0.05496076584154316,
    -0.11977360248039426,
    -0.04439892688806146,
    0.032360793164490725,
    -0.016124157687867846
  ],
  "class_values": [
    [
      0.05496076584154311,
      0.1197736024803944,
      0.044398926888061394,
      -0.032360793164490836,
      0.01612415768786782
    ],
    [
      -0.05496076584154316,
      -0.11977360248039426,
      -0.04439892688806146,
      0.032360793164490725,
      -0.016124157687867846
    ]
  ],
  "ranking_values": [
    0.05496076584154316,
    0.1197736024803944,
    0.04439892688806146,
    0.032360793164490836,
    0.016124157687867846
  ],
  "base_value": 0.202896659733376,
  "max_abs_value": 0.11977360248039426
}