{
  "method": "shap",
  "values": [
    -0.4828812011839543,
    0.22712929176029378,
    0.035798692010156605,
    0.03869946871267249,
    -0.021642911032543927
  ],
  "class_values": [
    [
      0.48288120118395456,
      -0.22712929176029395,
      -0.03579869201015664,
      -0.038699468712672574,
      0.021642911032543843
    ],
    [
      -0.4828812011839543,
      0.22712929176029378,
      0.035798692010156605,
      0.03869946871267249,
      -0.021642911032543927
    ]
  ],
  "ranking_values": [
    0.48288120118395456,
    0.22712929176029395,
    0.03579869201015664,
    0.038699468712672574,
    0.021642911032543927
  ],
  "base_value": 0.202896659733376,
  "max_abs_value": 0.4828812011839543
}