{
  "method": "shap",
  "values": [
    0.17792877248241779,
    0.21889452741204907,
    0.5181735853654701,
    -0.06864262736010862,
    -0.04998911546158147
  ],
  "class_values": [
    [
      -0.17792877248241779,
      -0.2188945274120494,
      -0.5181735853654706,
      0.06864262736010884,
      0.04998911546158202
    ],
    [
      0.17792877248241779,
      0.21889452741204907,
      0.5181735853654701,
      -0.06864262736010862,
      -0.04998911546158147
    ]
  ],
  "ranking_values": [
    0.17792877248241779,
    0.2188945274120494,
    0.5181735853654706,
    0.06864262736010884,
    0.04998911546158202
  ],
  "base_value": 0.202896659733376,
  "max_abs_value": 0.5181735853654701
}