{
  "method": "shap",
  "values": [
    0.4164484758621653,
    0.39416481297128064,
    0.13199109489612115,
    -0.09628384694029113,
    -0.04963049352518789
  ],
  "class_values": [
    [
      -0.41644847586216555,
      -0.3941648129712807,
      -0.13199109489612132,
      0.09628384694029096,
      0.04963049352518856
    ],
    [
      0.4164484758621653,
      0.39416481297128064,
      0.13199109489612115,
      -0.09628384694029113,
      -0.04963049352518789
    ]
  ],
  "ranking_values": [
    0.41644847586216555,
    0.3941648129712807,
    0.13199109489612132,
    0.09628384694029113,
    0.04963049352518856
  ],
  "base_value": 0.202896659733376,
  "max_abs_value": 0.4164484758621653
}