{
  "method": "shap",
  "values": [
    -0.3868690953924836,
    0.03968005288251017,
    0.12807142272684635,
    0.03953570671836054,
    -0.0233147466686095
  ],
  "class_values": [
    [
      0.3868690953924838,
      -0.03968005288251021,
      -0.1280714227268465,
      -0.039535706718360625,
      0.023314746668609387
    ],
    [
      -0.3868690953924836,
      0.03968005288251017,
      0.12807142272684635,
      0.03953570671836054,
      -0.0233147466686095
    ]
  ],
  "ranking_values": [
    0.3868690953924838,
    0.03968005288251021,
    0.1280714227268465,
    0.039535706718360625,
    0.0233147466686095
  ],
  "base_value": 0.202896659733376,
  "max_abs_value": 0.3868690953924836
}