{
  "method": "shap",
  "values": [
    0.17640865878387052,
    0.042769503775400286,
    0.11089248791841089,
    -0.05013665163310155,
    -0.05722972687285899
  ],
  "class_values": [
    [
      -0.17640865878387063,
      -0.04276950377540023,
      -0.11089248791841075,
      0.05013665163310144,
      0.05722972687285888
    ],
    [
      0.17640865878387052,
      0.042769503775400286,
      0.11089248791841089,
      -0.05013665163310155,
      -0.05722972687285899
    ]
  ],
  "ranking_values": [
    0.17640865878387063,
    0.042769503775400286,
    0.11089248791841089,
    0.05013665163310155,
    0.05722972687285899
  ],
  "base_value": 0.7772957280240453,
  "max_abs_value": 0.17640865878387052
}