{
  "method": "shap",
  "values": [
    -0.39907336017211703,
    -0.13963734253515803,
    -0.3922176218212876,
    0.09662854654152697,
    0.057004138998448695
  ],
  "class_values": [
    [
      0.399073360172117,
      0.13963734253515825,
      0.3922176218212874,
      -0.09662854654152708,
      -0.057004138998448695
    ],
    [
      -0.39907336017211703,
      -0.13963734253515803,
      -0.3922176218212876,
      0.09662854654152697,
      0.057004138998448695
    ]
  ],
  "ranking_values": [
    0.39907336017211703,
    0.13963734253515825,
    0.3922176218212876,
    0.09662854654152708,
    0.057004138998448695
  ],
  "base_value": 0.7772957280240453,
  "max_abs_value": 0.39907336017211703
}