{
  "method": "shap",
  "values": [
    -0.26702275370231143,
    0.06562256462733773,
    -0.006171559366348986,
    -0.0365412308936294,
    0.041216319601576096
  ],
  "class_values": [
    [
      0.2670227537023116,
      -0.0656225646273378,
      0.006171559366348833,
      0.03654123089362937,
      -0.041216319601576124
    ],
    [
      -0.26702275370231143,
      0.06562256462733773,
      -0.006171559366348986,
      -0.0365412308936294,
      0.041216319601576096
    ]
  ],
  "ranking_values": [
    0.2670227537023116,
    0.0656225646273378,
    0.006171559366348986,
    0.0365412308936294,
    0.041216319601576124
  ],
  "base_value": 0.202896659733376,
  "max_abs_value": 0.26702275370231143
}