{
  "method": "shap",
  "values": [
    -0.04963390615597216,
    0.13134260098555223,
    0.07651722090643087,
    0.04700973614595025,
    0.01746862009399347
  ],
  "class_values": [
    [
      0.04963390615597191,
      -0.13134260098555217,
      -0.07651722090643083,
      -0.04700973614595011,
      -0.01746862009399358
    ],
    [
      -0.04963390615597216,
      0.13134260098555223,
      0.07651722090643087,
      0.04700973614595025,
      0.01746862009399347
    ]
  ],
  "ranking_values": [
    0.04963390615597216,
    0.13134260098555223,
    0.07651722090643087,
    0.04700973614595025,
    0.01746862009399358
  ],
  "base_value": 0.7772957280240453,
  "max_abs_value": 0.13134260098555223
}