{
  "method": "shap",
  "values": [
    0.2609825345006185,
    0.5970730338221276,
    0.03501122570027426,
    -0.06390306885304864,
    -0.032060402099062024
  ],
  "class_values": [
    [
      -0.2609825345006186,
      -0.597073033822128,
      -0.03501122570027404,
      0.06390306885304864,
      0.032060402099062135
    ],
    [
      0.2609825345006185,
      0.5970730338221276,
      0.03501122570027426,
      -0.06390306885304864,
      -0.032060402099062024
    ]
  ],
  "ranking_values": [
    0.2609825345006186,
    0.597073033822128,
    0.03501122570027426,
    0.06390306885304864,
    0.032060402099062135
  ],
  "base_value": 0.202896659733376,
  "max_abs_value": 0.5970730338221276
}