{
  "method": "shap",
  "values": [
    0.46135425154247844,
    0.20172031400081397,
    0.018291257124653904,
    0.17532966735177624,
    -0.05959280900065289
  ],
  "class_values": [
    [
      -0.46135425154247867,
      -0.20172031400081403,
      -0.018291257124653792,
      -0.17532966735177646,
      0.059592809000653224
    ],
    [
      0.46135425154247844,
      0.20172031400081397,
      0.018291257124653904,
      0.17532966735177624,
      -0.05959280900065289
    ]
  ],
  "ranking_values": [
    0.46135425154247867,
    0.20172031400081403,
    0.018291257124653904,
    0.17532966735177646,
    0.059592809000653224
  ],
  "base_value": 0.202896659733376,
  "max_abs_value": 0.46135425154247844
}