{
  "method": "shap",
  "values": [
    0.2541014149694602,
    0.05722112407438093,
    0.010445930534487821,
    -0.04995334724151207,
    -0.049110850362493574
  ],
  "class_values": [
    [
      -0.25410141496946015,
      -0.05722112407438085,
      -0.010445930534487766,
      0.04995334724151192,
      0.04911085036249346
    ],
    [
      0.2541014149694602,
      0.05722112407438093,
      0.010445930534487821,
      -0.04995334724151207,
      -0.049110850362493574
    ]
  ],
  "ranking_values": [
    0.2541014149694602,
    0.05722112407438093,
    0.010445930534487821,
    0.04995334724151207,
    0.049110850362493574
  ],
  "base_value": 0.7772957280240453,
  "max_abs_value": 0.2541014149694602
}