{
  "method": "shap",
  "values": [
    -0.07256663202996938,
    0.005261722040462227,
    -0.07511613387305675,
    -0.043739182572703206,
    -0.016736433298108894
  ],
  "class_values": [
    [
      0.07256663202996946,
      -0.005261722040462366,
      0.07511613387305677,
      0.043739182572703164,
      0.016736433298108866
    ],
    [
      -0.07256663202996938,
      0.005261722040462227,
      -0.07511613387305675,
      -0.043739182572703206,
      -0.016736433298108894
    ]
  ],
  "ranking_values": [
    0.07256663202996946,
    0.005261722040462366,
    0.07511613387305677,
    0.043739182572703206,
    0.016736433298108894
  ],
  "base_value": 0.202896659733376,
  "max_abs_value": 0.07511613387305675
}