{
  "method": "shap",
  "values": [
    -0.4498357491956369,
    0.06287315208376149,
    0.03258717789198942,
    -0.17787759439336642,
    -0.24419248217737444
  ],
  "class_values": [
    [
      0.44983574919563685,
      -0.06287315208376132,
      -0.03258717789198953,
      0.17787759439336642,
      0.24419248217737433
    ],
    [
      -0.4498357491956369,
      0.06287315208376149,
      0.03258717789198942,
      -0.17787759439336642,
      -0.24419248217737444
    ]
  ],
  "ranking_values": [
    0.4498357491956369,
    0.06287315208376149,
    0.03258717789198953,
    0.17787759439336642,
    0.24419248217737444
  ],
  "base_value": 0.7772957280240453,
  "max_abs_value": 0.4498357491956369
}