{
  "method": "shap",
  "values": [
    0.3656976748524728,
    -0.23888493972705033,
    0.03289923798062177,
    0.04907021575635184,
    0.013922083113490413
  ],
  "class_values": [
    [
      -0.3656976748524726,
      0.23888493972705013,
      -0.03289923798062159,
      -0.04907021575635187,
      -0.013922083113490663
    ],
    [
      0.3656976748524728,
      -0.23888493972705033,
      0.03289923798062177,
      0.04907021575635184,
      0.013922083113490413
    ]
  ],
  "ranking_values": [
    0.3656976748524728,
    0.23888493972705033,
    0.03289923798062177,
    0.04907021575635187,
    0.013922083113490663
  ],
  "base_value": 0.7772957280240453,
  "max_abs_value": 0.3656976748524728
}