{
  "method": "shap",
  "values": [
    -0.10945010869566313,
    -0.022844281735795363,
    -0.06749231486800089,
    -0.030948771611957,
    0.027838817178040376
  ],
  "class_values": [
    [
      0.10945010869566316,
      0.022844281735795335,
      0.06749231486800092,
      0.03094877161195697,
      -0.027838817178040487
    ],
    [
      -0.10945010869566313,
      -0.022844281735795363,
      -0.06749231486800089,
      -0.030948771611957,
      0.027838817178040376
    ]
  ],
  "ranking_values": [
    0.10945010869566316,
    0.022844281735795363,
    0.06749231486800092,
    0.030948771611957,
    0.027838817178040487
  ],
  "base_value": 0.202896659733376,
  "max_abs_value": 0.10945010869566313
}