{
  "method": "shap",
  "values": [
    -0.17524422905196274,
    0.040701433367353906,
    -0.17570616117001117,
    0.0507474810333515,
    0.05660481608789408
  ],
  "class_values": [
    [
      0.1752442290519629,
      -0.04070143336735402,
      0.17570616117001125,
      -0.05074748103335168,
      -0.05660481608789425
    ],
    [
      -0.17524422905196274,
      0.040701433367353906,
      -0.17570616117001117,
      0.0507474810333515,
      0.05660481608789408
    ]
  ],
  "ranking_values": [
    0.1752442290519629,
    0.04070143336735402,
    0.17570616117001125,
    0.05074748103335168,
    0.05660481608789425
  ],
  "base_value": 0.202896659733376,
  "max_abs_value": 0.17570616117001117
}