participant,domain,xai,phase,original label,target label,case,instance id,response time (seconds),attribute values before and after,x_1_change,x_2_change,x_3_change,x_4_change,x_5_change,x_1_changed,x_2_changed,x_3_changed,x_4_changed,x_5_changed,explanation,num attributes changed,distance of counterfactual to original,counterfactual label,valid counterfactual (0/1),distance to closest minimal counterfactual,confidence for target label original,confidence for target label counterfactual,delta confidence of target label,training response,training correct (0/1)
R_7B5Jtq7sogkM7FU,diabetes,none,training,No Diabetes,,1,130105,26.839,"""Glucose"" - 83(0.0726066995409)
""Blood Pressure"" - 78(0.652173913043)
""Insulin"" - 71(0.072176853914)
""BMI"" - 29.3(0.312587805563)
""Age"" - 36(0.405405405405)",,,,,,,,,,,,,,,,,,,,Diabetes,0
R_7B5Jtq7sogkM7FU,diabetes,none,training,No Diabetes,,2,130104,11.469,"""Glucose"" - 117(0.361673184833)
""Blood Pressure"" - 64(0.347826086957)
""Insulin"" - 120(0.173224449394)
""BMI"" - 33.2(0.449564484406)
""Age"" - 24(0.0810810810811)",,,,,,,,,,,,,,,,,,,,No Diabetes,1
R_7B5Jtq7sogkM7FU,diabetes,none,training,No Diabetes,,3,130103,5.25,"""Glucose"" - 100(0.217139942187)
""Blood Pressure"" - 88(0.869565217391)
""Insulin"" - 110(0.152602491133)
""BMI"" - 46.8(0.927226749087)
""Age"" - 31(0.27027027027)",,,,,,,,,,,,,,,,,,,,Diabetes,0
R_7B5Jtq7sogkM7FU,diabetes,none,training,Diabetes,,4,130102,5.393,"""Glucose"" - 197(1)
""Blood Pressure"" - 70(0.478260869565)
""Insulin"" - 543(1)
""BMI"" - 30.5(0.354734475976)
""Age"" - 53(0.864864864865)",,,,,,,,,,,,,,,,,,,,Diabetes,1
R_7B5Jtq7sogkM7FU,diabetes,none,training,Diabetes,,5,130101,7.433,"""Glucose"" - 136(0.523210338378)
""Blood Pressure"" - 70(0.478260869565)
""Insulin"" - 110(0.152602491133)
""BMI"" - 37.1(0.586541163248)
""Age"" - 43(0.594594594595)",,,,,,,,,,,,,,,,,,,,No Diabetes,0
R_7B5Jtq7sogkM7FU,diabetes,none,training,Diabetes,,6,130100,4.887,"""Glucose"" - 160(0.727257269172)
""Blood Pressure"" - 54(0.130434782609)
""Insulin"" - 175(0.28664521983)
""BMI"" - 30.5(0.354734475976)
""Age"" - 39(0.486486486486)",,,,,,,,,,,,,,,,,,,,No Diabetes,0
R_7B5Jtq7sogkM7FU,diabetes,none,training,Diabetes,,7,130108,5.09,"""Glucose"" - 130(0.472198605679)
""Blood Pressure"" - 78(0.652173913043)
""Insulin"" - 79(0.088674420523)
""BMI"" - 28.4(0.280977802754)
""Age"" - 34(0.351351351351)",,,,,,,,,,,,,,,,,,,,Diabetes,1
R_7B5Jtq7sogkM7FU,diabetes,none,training,Diabetes,,8,130106,3.681,"""Glucose"" - 129(0.46369665023)
""Blood Pressure"" - 64(0.347826086957)
""Insulin"" - 115(0.162913470263)
""BMI"" - 26.4(0.210733352065)
""Age"" - 28(0.189189189189)",,,,,,,,,,,,,,,,,,,,No Diabetes,0
R_7B5Jtq7sogkM7FU,diabetes,none,training,No Diabetes,,9,130110,4.242,"""Glucose"" - 154(0.676245536473)
""Blood Pressure"" - 62(0.304347826087)
""Insulin"" - 284(0.511424564877)
""BMI"" - 32.8(0.435515594268)
""Age"" - 23(0.0540540540541)",,,,,,,,,,,,,,,,,,,,Diabetes,0
R_7B5Jtq7sogkM7FU,diabetes,none,training,No Diabetes,,10,130109,5.575,"""Glucose"" - 152(0.659241625574)
""Blood Pressure"" - 82(0.739130434783)
""Insulin"" - 272(0.486678214963)
""BMI"" - 41.5(0.741078954763)
""Age"" - 27(0.162162162162)",,,,,,,,,,,,,,,,,,,,Diabetes,0
R_7B5Jtq7sogkM7FU,diabetes,none,training,Diabetes,,11,130107,3.334,"""Glucose"" - 109(0.293657541234)
""Blood Pressure"" - 76(0.608695652174)
""Insulin"" - 114(0.160851274437)
""BMI"" - 27.9(0.263416690081)
""Age"" - 31(0.27027027027)",,,,,,,,,,,,,,,,,,,,Diabetes,1
R_7B5Jtq7sogkM7FU,diabetes,none,training,No Diabetes,,12,130111,2.981,"""Glucose"" - 146(0.608229892875)
""Blood Pressure"" - 76(0.608695652174)
""Insulin"" - 194(0.325826940526)
""BMI"" - 38.2(0.625175611127)
""Age"" - 29(0.216216216216)",,,,,,,,,,,,,,,,,,,,No Diabetes,1
R_7B5Jtq7sogkM7FU,diabetes,none,testing,Diabetes,No Diabetes,1,130200,14.354,"""Glucose"" - 187(0.956810066315) -> 149(0.633735759225)
""Blood Pressure"" - 76(0.608695652174) -> 68(0.434782608696)
""Insulin"" - 207(0.352635486266) -> 157(0.24952569496)
""BMI"" - 43.6(0.814835627985) -> 35.20544(0.52)
""Age"" - 53(0.864864864865)",-0.323074307091,-0.173913043478,-0.103109791306,-0.294835627985,0,1,1,1,1,0,,4,0.89493276986,Diabetes,0,0.805535651565,0.0193316016805,0.0600323549903,0.0407007533098,,
R_7B5Jtq7sogkM7FU,diabetes,none,testing,Diabetes,No Diabetes,2,130209,6.527,"""Glucose"" - 128(0.45519469478) -> 100(0.217139942187)
""Blood Pressure"" - 98(1) -> 65(0.369565217391)
""Insulin"" - 58(0.0453683081745)
""BMI"" - 32(0.407417813993)
""Age"" - 33(0.324324324324)",-0.238054752593,-0.630434782609,0,0,0,1,1,0,0,0,,2,0.868489535202,No Diabetes,1,0.677537713815,0.00126323358936,0.999958081248,0.998694847658,,
R_7B5Jtq7sogkM7FU,diabetes,none,testing,Diabetes,No Diabetes,3,130206,5.828,"""Glucose"" - 181(0.905798333617) -> 122(0.404182962081)
""Blood Pressure"" - 64(0.347826086957)
""Insulin"" - 180(0.296956198961)
""BMI"" - 34.1(0.481174487216)
""Age"" - 38(0.459459459459)",-0.501615371535,0,0,0,0,1,0,0,0,0,,1,0.501615371535,No Diabetes,1,0.629218340609,0.000759705140061,0.675762952841,0.675003247701,,
R_7B5Jtq7sogkM7FU,diabetes,none,testing,Diabetes,No Diabetes,4,130208,6.715,"""Glucose"" - 119(0.378677095732) -> 106(0.268151674885)
""Blood Pressure"" - 50(0.0434782608696)
""Insulin"" - 176(0.288707415656) -> 94(0.119607357915)
""BMI"" - 27.1(0.235318909806) -> 24.10136(0.13)
""Age"" - 33(0.324324324324)",-0.110525420847,0,-0.169100057741,-0.105318909806,0,1,0,1,1,0,,3,0.384944388394,No Diabetes,1,0.580009018242,5.14842648366e-05,0.545308046181,0.545256561916,,
R_7B5Jtq7sogkM7FU,diabetes,none,testing,Diabetes,No Diabetes,5,130205,5.682,"""Glucose"" - 108(0.285155585785) -> 98(0.200136031287)
""Blood Pressure"" - 44(0)
""Insulin"" - 130(0.193846407655) -> 94(0.119607357915)
""BMI"" - 24(0.126440011239)
""Age"" - 35(0.378378378378)",-0.0850195544975,0,-0.0742390497402,0,0,1,0,1,0,0,,2,0.159258604238,Diabetes,0,0.294981283439,0.000410874889345,0.347482734876,0.347071859987,,
R_7B5Jtq7sogkM7FU,diabetes,none,testing,Diabetes,No Diabetes,6,130201,4.424,"""Glucose"" - 158(0.710253358272) -> 106(0.268151674885)
""Blood Pressure"" - 64(0.347826086957)
""Insulin"" - 387(0.723830734967) -> 201(0.340262311309)
""BMI"" - 31.2(0.379320033717)
""Age"" - 24(0.0810810810811)",-0.442101683387,0,-0.383568423658,0,0,1,0,1,0,0,,2,0.825670107045,No Diabetes,1,0.734210792924,0.0206474394228,0.999756404694,0.979108965272,,
R_7B5Jtq7sogkM7FU,diabetes,none,testing,Diabetes,No Diabetes,7,130203,4.813,"""Glucose"" - 128(0.45519469478) -> 100(0.217139942187)
""Blood Pressure"" - 88(0.869565217391) -> 65(0.369565217391)
""Insulin"" - 110(0.152602491133)
""BMI"" - 36.5(0.565467828042)
""Age"" - 37(0.432432432432)",-0.238054752593,-0.5,0,0,0,1,1,0,0,0,,2,0.738054752593,No Diabetes,1,0.721603518751,0.10151951701,0.999998291942,0.898478774932,,
R_7B5Jtq7sogkM7FU,diabetes,none,testing,Diabetes,No Diabetes,8,130202,4.196,"""Glucose"" - 165(0.769767046421) -> 124(0.421186872981)
""Blood Pressure"" - 68(0.434782608696) -> 62(0.304347826087)
""Insulin"" - 168(0.272209849047)
""BMI"" - 33.6(0.463613374543)
""Age"" - 49(0.756756756757)",-0.34858017344,-0.130434782609,0,0,0,1,1,0,0,0,,2,0.479014956049,No Diabetes,1,0.546814246165,0.00169891992297,0.996822619499,0.995123699576,,
R_7B5Jtq7sogkM7FU,diabetes,none,testing,Diabetes,No Diabetes,9,130207,4.467,"""Glucose"" - 173(0.837782690019) -> 111(0.310661452134)
""Blood Pressure"" - 70(0.478260869565) -> 58(0.217391304348)
""Insulin"" - 168(0.272209849047)
""BMI"" - 29.7(0.326636695701)
""Age"" - 33(0.324324324324)",-0.527121237885,-0.260869565217,0,0,0,1,1,0,0,0,,2,0.787990803102,Diabetes,0,0.854234241683,0.0202974786765,0.305995145079,0.285697666402,,
R_7B5Jtq7sogkM7FU,diabetes,none,testing,Diabetes,No Diabetes,10,130204,4.283,"""Glucose"" - 133(0.497704472029) -> 99(0.208637986737)
""Blood Pressure"" - 102(1) -> 62(0.304347826087)
""Insulin"" - 140(0.214468365916)
""BMI"" - 32.8(0.435515594268)
""Age"" - 45(0.648648648649)",-0.289066485292,-0.695652173913,0,0,0,1,1,0,0,0,,2,0.984718659205,No Diabetes,1,1.25498892947,0.00196931166883,0.999999999233,0.998030687565,,
R_7B5Jtq7sogkM7FU,diabetes,none,testing,No Diabetes,Diabetes,11,130301,44.538,"""Glucose"" - 97(0.191634075837) -> 89(0.123618432239)
""Blood Pressure"" - 64(0.347826086957) -> 59(0.239130434783)
""Insulin"" - 100(0.131980532871)
""BMI"" - 36.8(0.576004495645) -> 29.51104(0.32)
""Age"" - 25(0.108108108108)",-0.068015643598,-0.108695652174,0,-0.256004495645,0,1,1,0,1,0,,3,0.432715791417,No Diabetes,0,0.508473874029,0.0306247744831,0.0109826897268,-0.0196420847563,,
R_7B5Jtq7sogkM7FU,diabetes,none,testing,No Diabetes,Diabetes,12,130307,20.003,"""Glucose"" - 133(0.497704472029) -> 103(0.242645808536)
""Blood Pressure"" - 88(0.869565217391) -> 77(0.630434782609)
""Insulin"" - 155(0.245401303308) -> 109(0.150540295306)
""BMI"" - 32.4(0.42146670413) -> 30.08048(0.34)
""Age"" - 37(0.432432432432)",-0.255058663493,-0.239130434783,-0.0948610080013,-0.0814667041304,0,1,1,1,1,0,,4,0.670516810407,Diabetes,1,0.594468736986,0.00513383899707,0.718119424173,0.712985585176,,
R_7B5Jtq7sogkM7FU,diabetes,none,testing,No Diabetes,Diabetes,13,130308,15.014,"""Glucose"" - 122(0.404182962081) -> 104(0.251147763986)
""Blood Pressure"" - 76(0.608695652174) -> 62(0.304347826087)
""Insulin"" - 200(0.338200115483)
""BMI"" - 35.9(0.544394492835) -> 29.51104(0.32)
""Age"" - 26(0.135135135135)",-0.153035198096,-0.304347826087,0,-0.224394492835,0,1,1,0,1,0,,3,0.681777517018,No Diabetes,0,0.892705836642,3.47155324043e-06,0.000132755780338,0.000129284227098,,
R_7B5Jtq7sogkM7FU,diabetes,none,testing,No Diabetes,Diabetes,14,130305,9.709,"""Glucose"" - 105(0.259649719435) -> 94(0.166128209488)
""Blood Pressure"" - 72(0.521739130435) -> 64(0.347826086957)
""Insulin"" - 325(0.595974593747) -> 172(0.280458632352)
""BMI"" - 36.9(0.579516718179) -> 31.21936(0.38)
""Age"" - 28(0.189189189189)",-0.0935215099473,-0.173913043478,-0.315515961396,-0.199516718179,0,1,1,1,1,0,,4,0.782467233001,No Diabetes,0,0.895863237701,0.000141101260031,0.000245620491593,0.000104519231563,,
R_7B5Jtq7sogkM7FU,diabetes,none,testing,No Diabetes,Diabetes,15,130303,8.194,"""Glucose"" - 129(0.46369665023) -> 100(0.217139942187)
""Blood Pressure"" - 74(0.565217391304) -> 66(0.391304347826)
""Insulin"" - 205(0.348511094614) -> 138(0.210343974264)
""BMI"" - 33.2(0.449564484406) -> 25.52496(0.18)
""Age"" - 25(0.108108108108)",-0.246556708043,-0.173913043478,-0.13816712035,-0.269564484406,0,1,1,1,1,0,,4,0.828201356277,No Diabetes,0,0.724793600695,0.000766530678579,2.90217445008e-05,-0.000737508934078,,
R_7B5Jtq7sogkM7FU,diabetes,none,testing,No Diabetes,Diabetes,16,130302,11.706,"""Glucose"" - 87(0.10661452134) -> 89(0.123618432239)
""Blood Pressure"" - 60(0.260869565217) -> 55(0.152173913043)
""Insulin"" - 75(0.0804256372185)
""BMI"" - 37.2(0.590053385783) -> 30.3652(0.35)
""Age"" - 22(0.027027027027)",0.0170039108995,-0.108695652174,0,-0.240053385783,0,1,1,0,1,0,,3,0.365752948856,No Diabetes,0,0.473999820395,0.000799413265625,0.000358202250393,-0.000441211015232,,
R_7B5Jtq7sogkM7FU,diabetes,none,testing,No Diabetes,Diabetes,17,130304,8.68,"""Glucose"" - 136(0.523210338378) -> 111(0.310661452134)
""Blood Pressure"" - 74(0.565217391304) -> 59(0.239130434783)
""Insulin"" - 204(0.346448898787) -> 128(0.189722016003)
""BMI"" - 37.4(0.597077830851) -> 27.518(0.25)
""Age"" - 24(0.0810810810811)",-0.212548886244,-0.326086956522,-0.156726882785,-0.347077830851,0,1,1,1,1,0,,4,1.0424405564,No Diabetes,0,0.98251106169,0.00664884006495,0.000216102646348,-0.0064327374186,,
R_7B5Jtq7sogkM7FU,diabetes,none,testing,No Diabetes,Diabetes,18,130300,6.15,"""Glucose"" - 115(0.344669273933) -> 103(0.242645808536)
""Blood Pressure"" - 66(0.391304347826) -> 57(0.195652173913)
""Insulin"" - 140(0.214468365916)
""BMI"" - 38.1(0.621663388592) -> 29.79576(0.33)
""Age"" - 28(0.189189189189)",-0.102023465397,-0.195652173913,0,-0.291663388592,0,1,1,0,1,0,,3,0.589339027902,No Diabetes,0,0.667918822776,0.00966080352846,0.0213148273984,0.0116540238699,,
R_7B5Jtq7sogkM7FU,diabetes,none,testing,No Diabetes,Diabetes,19,130306,5.853,"""Glucose"" - 102(0.234143853086)
""Blood Pressure"" - 64(0.347826086957) -> 58(0.217391304348)
""Insulin"" - 78(0.0866122246969)
""BMI"" - 40.6(0.709468951953) -> 31.7888(0.4)
""Age"" - 21(0)",0,-0.130434782609,0,-0.309468951953,0,0,1,0,1,0,,2,0.439903734561,No Diabetes,0,0.555096710015,0.000893085040188,0.000536833516646,-0.000356251523542,,
R_7B5Jtq7sogkM7FU,diabetes,none,testing,No Diabetes,Diabetes,20,130309,6.446,"""Glucose"" - 143(0.582724026526) -> 123(0.412684917531)
""Blood Pressure"" - 86(0.826086956522) -> 67(0.413043478261)
""Insulin"" - 330(0.606285572878) -> 181(0.299018394787)
""BMI"" - 30.1(0.340685585839)
""Age"" - 23(0.0540540540541)",-0.170039108995,-0.413043478261,-0.307267178091,0,0,1,1,1,0,0,,3,0.890349765347,No Diabetes,0,0.656507227157,0.000130785916376,0.100759419277,0.100628633361,,
R_1Gjl0Vj3LRbQDQL,diabetes,counterfactual,training,No Diabetes,,1,130105,16.709,"""Glucose"" - 83(0.0726066995409)
""Blood Pressure"" - 78(0.652173913043)
""Insulin"" - 71(0.072176853914)
""BMI"" - 29.3(0.312587805563)
""Age"" - 36(0.405405405405)",,,,,,,,,,,"""Glucose"" - 83(0.0726066995409) -> 103(0.242645808536)
""Blood Pressure"" - 78(0.652173913043)
""Insulin"" - 71(0.072176853914) -> 72(0.0742390497402)
""BMI"" - 29.3(0.312587805563)
""Age"" - 36(0.405405405405)",,,,,,,,,Diabetes,0
R_1Gjl0Vj3LRbQDQL,diabetes,counterfactual,training,Diabetes,,2,130101,13.012,"""Glucose"" - 136(0.523210338378)
""Blood Pressure"" - 70(0.478260869565)
""Insulin"" - 110(0.152602491133)
""BMI"" - 37.1(0.586541163248)
""Age"" - 43(0.594594594595)",,,,,,,,,,,"""Glucose"" - 136(0.523210338378) -> 130(0.472198605679)
""Blood Pressure"" - 70(0.478260869565)
""Insulin"" - 110(0.152602491133) -> 109(0.150540295306)
""BMI"" - 37.1(0.586541163248)
""Age"" - 43(0.594594594595)",,,,,,,,,Diabetes,1
R_1Gjl0Vj3LRbQDQL,diabetes,counterfactual,training,No Diabetes,,3,130103,8.087,"""Glucose"" - 100(0.217139942187)
""Blood Pressure"" - 88(0.869565217391)
""Insulin"" - 110(0.152602491133)
""BMI"" - 46.8(0.927226749087)
""Age"" - 31(0.27027027027)",,,,,,,,,,,"""Glucose"" - 100(0.217139942187) -> 101(0.225641897636)
""Blood Pressure"" - 88(0.869565217391)
""Insulin"" - 110(0.152602491133) -> 154(0.243339107482)
""BMI"" - 46.8(0.927226749087)
""Age"" - 31(0.27027027027)",,,,,,,,,No Diabetes,1
R_1Gjl0Vj3LRbQDQL,diabetes,counterfactual,training,Diabetes,,4,130102,8.505,"""Glucose"" - 197(1)
""Blood Pressure"" - 70(0.478260869565)
""Insulin"" - 543(1)
""BMI"" - 30.5(0.354734475976)
""Age"" - 53(0.864864864865)",,,,,,,,,,,"""Glucose"" - 197(1) -> 180(0.897296378167)
""Blood Pressure"" - 70(0.478260869565)
""Insulin"" - 543(1) -> 542(1)
""BMI"" - 30.5(0.354734475976)
""Age"" - 53(0.864864864865)",,,,,,,,,Diabetes,1
R_1Gjl0Vj3LRbQDQL,diabetes,counterfactual,training,Diabetes,,5,130100,6.566,"""Glucose"" - 160(0.727257269172)
""Blood Pressure"" - 54(0.130434782609)
""Insulin"" - 175(0.28664521983)
""BMI"" - 30.5(0.354734475976)
""Age"" - 39(0.486486486486)",,,,,,,,,,,"""Glucose"" - 160(0.727257269172) -> 159(0.718755313722)
""Blood Pressure"" - 54(0.130434782609)
""Insulin"" - 175(0.28664521983) -> 147(0.228903736699)
""BMI"" - 30.5(0.354734475976)
""Age"" - 39(0.486486486486)",,,,,,,,,Diabetes,1
R_1Gjl0Vj3LRbQDQL,diabetes,counterfactual,training,No Diabetes,,6,130104,5.356,"""Glucose"" - 117(0.361673184833)
""Blood Pressure"" - 64(0.347826086957)
""Insulin"" - 120(0.173224449394)
""BMI"" - 33.2(0.449564484406)
""Age"" - 24(0.0810810810811)",,,,,,,,,,,"""Glucose"" - 117(0.361673184833) -> 120(0.387179051182)
""Blood Pressure"" - 64(0.347826086957)
""Insulin"" - 120(0.173224449394) -> 143(0.220654953394)
""BMI"" - 33.2(0.449564484406)
""Age"" - 24(0.0810810810811)",,,,,,,,,No Diabetes,1
R_1Gjl0Vj3LRbQDQL,diabetes,counterfactual,training,Diabetes,,7,130107,22.027,"""Glucose"" - 109(0.293657541234)
""Blood Pressure"" - 76(0.608695652174)
""Insulin"" - 114(0.160851274437)
""BMI"" - 27.9(0.263416690081)
""Age"" - 31(0.27027027027)",,,,,,,,,,,"""Glucose"" - 109(0.293657541234)
""Blood Pressure"" - 76(0.608695652174) -> 74(0.565217391304)
""Insulin"" - 114(0.160851274437)
""BMI"" - 27.9(0.263416690081)
""Age"" - 31(0.27027027027) -> 30(0.243243243243)",,,,,,,,,No Diabetes,0
R_1Gjl0Vj3LRbQDQL,diabetes,counterfactual,training,No Diabetes,,8,130110,16.953,"""Glucose"" - 154(0.676245536473)
""Blood Pressure"" - 62(0.304347826087)
""Insulin"" - 284(0.511424564877)
""BMI"" - 32.8(0.435515594268)
""Age"" - 23(0.0540540540541)",,,,,,,,,,,"""Glucose"" - 154(0.676245536473)
""Blood Pressure"" - 62(0.304347826087) -> 65(0.369565217391)
""Insulin"" - 284(0.511424564877)
""BMI"" - 32.8(0.435515594268)
""Age"" - 23(0.0540540540541) -> 24(0.0810810810811)",,,,,,,,,Diabetes,0
R_1Gjl0Vj3LRbQDQL,diabetes,counterfactual,training,No Diabetes,,9,130111,6.735,"""Glucose"" - 146(0.608229892875)
""Blood Pressure"" - 76(0.608695652174)
""Insulin"" - 194(0.325826940526)
""BMI"" - 38.2(0.625175611127)
""Age"" - 29(0.216216216216)",,,,,,,,,,,"""Glucose"" - 146(0.608229892875)
""Blood Pressure"" - 76(0.608695652174) -> 80(0.695652173913)
""Insulin"" - 194(0.325826940526)
""BMI"" - 38.2(0.625175611127)
""Age"" - 29(0.216216216216) -> 30(0.243243243243)",,,,,,,,,Diabetes,0
R_1Gjl0Vj3LRbQDQL,diabetes,counterfactual,training,No Diabetes,,10,130109,3.671,"""Glucose"" - 152(0.659241625574)
""Blood Pressure"" - 82(0.739130434783)
""Insulin"" - 272(0.486678214963)
""BMI"" - 41.5(0.741078954763)
""Age"" - 27(0.162162162162)",,,,,,,,,,,"""Glucose"" - 152(0.659241625574)
""Blood Pressure"" - 82(0.739130434783) -> 83(0.760869565217)
""Insulin"" - 272(0.486678214963)
""BMI"" - 41.5(0.741078954763)
""Age"" - 27(0.162162162162) -> 34(0.351351351351)",,,,,,,,,No Diabetes,1
R_1Gjl0Vj3LRbQDQL,diabetes,counterfactual,training,Diabetes,,11,130108,4.879,"""Glucose"" - 130(0.472198605679)
""Blood Pressure"" - 78(0.652173913043)
""Insulin"" - 79(0.088674420523)
""BMI"" - 28.4(0.280977802754)
""Age"" - 34(0.351351351351)",,,,,,,,,,,"""Glucose"" - 130(0.472198605679)
""Blood Pressure"" - 78(0.652173913043) -> 75(0.586956521739)
""Insulin"" - 79(0.088674420523)
""BMI"" - 28.4(0.280977802754)
""Age"" - 34(0.351351351351) -> 33(0.324324324324)",,,,,,,,,No Diabetes,0
R_1Gjl0Vj3LRbQDQL,diabetes,counterfactual,training,Diabetes,,12,130106,3.392,"""Glucose"" - 129(0.46369665023)
""Blood Pressure"" - 64(0.347826086957)
""Insulin"" - 115(0.162913470263)
""BMI"" - 26.4(0.210733352065)
""Age"" - 28(0.189189189189)",,,,,,,,,,,"""Glucose"" - 129(0.46369665023)
""Blood Pressure"" - 64(0.347826086957) -> 63(0.326086956522)
""Insulin"" - 115(0.162913470263)
""BMI"" - 26.4(0.210733352065)
""Age"" - 28(0.189189189189) -> 26(0.135135135135)",,,,,,,,,No Diabetes,0
R_1Gjl0Vj3LRbQDQL,diabetes,counterfactual,testing,Diabetes,No Diabetes,1,130208,38.585,"""Glucose"" - 119(0.378677095732)
""Blood Pressure"" - 50(0.0434782608696)
""Insulin"" - 176(0.288707415656) -> 128(0.189722016003)
""BMI"" - 27.1(0.235318909806)
""Age"" - 33(0.324324324324)",0,0,-0.0989853996536,0,0,0,0,1,0,0,,1,0.0989853996536,Diabetes,0,0.294050029501,5.14842648366e-05,0.113846600044,0.113795115779,,
R_1Gjl0Vj3LRbQDQL,diabetes,counterfactual,testing,Diabetes,No Diabetes,2,130207,13.854,"""Glucose"" - 173(0.837782690019) -> 144(0.591225981976)
""Blood Pressure"" - 70(0.478260869565)
""Insulin"" - 168(0.272209849047) -> 143(0.220654953394)
""BMI"" - 29.7(0.326636695701)
""Age"" - 33(0.324324324324)",-0.246556708043,0,-0.0515548956529,0,0,1,0,1,0,0,,2,0.298111603696,No Diabetes,1,0.261245250971,0.0202974786765,0.633977809949,0.613680331273,,
R_1Gjl0Vj3LRbQDQL,diabetes,counterfactual,testing,Diabetes,No Diabetes,3,130209,11.317,"""Glucose"" - 128(0.45519469478)
""Blood Pressure"" - 98(1)
""Insulin"" - 58(0.0453683081745)
""BMI"" - 32(0.407417813993) -> 28(0.266928912616)
""Age"" - 33(0.324324324324)",0,0,0,-0.140488901377,0,0,0,0,1,0,,1,0.140488901377,Diabetes,0,0.601710993034,0.00126323358936,0.232186470212,0.230923236622,,
R_1Gjl0Vj3LRbQDQL,diabetes,counterfactual,testing,Diabetes,No Diabetes,4,130206,13.239,"""Glucose"" - 181(0.905798333617) -> 138(0.540214249277)
""Blood Pressure"" - 64(0.347826086957)
""Insulin"" - 180(0.296956198961) -> 148(0.230965932525)
""BMI"" - 34.1(0.481174487216)
""Age"" - 38(0.459459459459)",-0.365584084339,0,-0.0659902664357,0,0,1,0,1,0,0,,2,0.431574350775,Diabetes,0,0.427196786978,0.000759705140061,0.471305483575,0.470545778435,,
R_1Gjl0Vj3LRbQDQL,diabetes,counterfactual,testing,Diabetes,No Diabetes,5,130200,11.926,"""Glucose"" - 187(0.956810066315) -> 144(0.591225981976)
""Blood Pressure"" - 76(0.608695652174) -> 72(0.521739130435)
""Insulin"" - 207(0.352635486266)
""BMI"" - 43.6(0.814835627985)
""Age"" - 53(0.864864864865) -> 39(0.486486486486)",-0.365584084339,-0.0869565217391,0,0,-0.378378378378,1,1,0,0,1,,3,0.830918984457,Diabetes,0,0.741521866162,0.0193316016805,0.147292144107,0.127960542426,,
R_1Gjl0Vj3LRbQDQL,diabetes,counterfactual,testing,Diabetes,No Diabetes,6,130201,9.697,"""Glucose"" - 158(0.710253358272) -> 147(0.616731848325)
""Blood Pressure"" - 64(0.347826086957)
""Insulin"" - 387(0.723830734967) -> 249(0.439247710963)
""BMI"" - 31.2(0.379320033717)
""Age"" - 24(0.0810810810811)",-0.0935215099473,0,-0.284583024004,0,0,1,0,1,0,0,,2,0.378104533951,No Diabetes,1,0.28664521983,0.0206474394228,0.985897354186,0.965249914763,,
R_1Gjl0Vj3LRbQDQL,diabetes,counterfactual,testing,Diabetes,No Diabetes,7,130204,12.182,"""Glucose"" - 133(0.497704472029)
""Blood Pressure"" - 102(1) -> 74(0.565217391304)
""Insulin"" - 140(0.214468365916)
""BMI"" - 32.8(0.435515594268)
""Age"" - 45(0.648648648649)",0,-0.434782608696,0,0,0,0,1,0,0,0,,1,0.434782608696,Diabetes,0,0.705052878966,0.00196931166883,0.0351759572296,0.0332066455608,,
R_1Gjl0Vj3LRbQDQL,diabetes,counterfactual,testing,Diabetes,No Diabetes,8,130205,10.539,"""Glucose"" - 108(0.285155585785) -> 122(0.404182962081)
""Blood Pressure"" - 44(0)
""Insulin"" - 130(0.193846407655)
""BMI"" - 24(0.126440011239)
""Age"" - 35(0.378378378378)",0.119027376297,0,0,0,0,1,0,0,0,0,,1,0.119027376297,Diabetes,0,0.254750055497,0.000410874889345,9.75121930775e-05,-0.000313362696268,,
R_1Gjl0Vj3LRbQDQL,diabetes,counterfactual,testing,Diabetes,No Diabetes,9,130203,9.082,"""Glucose"" - 128(0.45519469478)
""Blood Pressure"" - 88(0.869565217391) -> 75(0.586956521739)
""Insulin"" - 110(0.152602491133)
""BMI"" - 36.5(0.565467828042)
""Age"" - 37(0.432432432432)",0,-0.282608695652,0,0,0,0,1,0,0,0,,1,0.282608695652,No Diabetes,1,0.26615746181,0.10151951701,0.969949831666,0.868430314656,,
R_1Gjl0Vj3LRbQDQL,diabetes,counterfactual,testing,Diabetes,No Diabetes,10,130202,9.006,"""Glucose"" - 165(0.769767046421) -> 144(0.591225981976)
""Blood Pressure"" - 68(0.434782608696)
""Insulin"" - 168(0.272209849047)
""BMI"" - 33.6(0.463613374543) -> 31.21936(0.38)
""Age"" - 49(0.756756756757)",-0.178541064445,0,0,-0.0836133745434,0,1,0,0,1,0,,2,0.262154438988,Diabetes,0,0.329953729105,0.00169891992297,0.211152746508,0.209453826585,,
R_1Gjl0Vj3LRbQDQL,diabetes,counterfactual,testing,No Diabetes,Diabetes,11,130301,18.155,"""Glucose"" - 97(0.191634075837) -> 156(0.693249447373)
""Blood Pressure"" - 64(0.347826086957) -> 76(0.608695652174)
""Insulin"" - 100(0.131980532871) -> 143(0.220654953394)
""BMI"" - 36.8(0.576004495645)
""Age"" - 25(0.108108108108)",0.501615371535,0.260869565217,0.088674420523,0,0,1,1,1,0,0,,3,0.851159357276,Diabetes,1,0.824893974491,0.0306247744831,0.999976553927,0.969351779444,,
R_1Gjl0Vj3LRbQDQL,diabetes,counterfactual,testing,No Diabetes,Diabetes,12,130304,15.957,"""Glucose"" - 136(0.523210338378) -> 152(0.659241625574)
""Blood Pressure"" - 74(0.565217391304) -> 78(0.652173913043)
""Insulin"" - 204(0.346448898787) -> 308(0.560917264703)
""BMI"" - 37.4(0.597077830851)
""Age"" - 24(0.0810810810811)",0.136031287196,0.0869565217391,0.214468365916,0,0,1,1,1,0,0,,3,0.437456174851,No Diabetes,0,0.551439723617,0.00664884006495,0.333887119076,0.327238279011,,
R_1Gjl0Vj3LRbQDQL,diabetes,counterfactual,testing,No Diabetes,Diabetes,13,130305,20.863,"""Glucose"" - 105(0.259649719435) -> 137(0.531712293828)
""Blood Pressure"" - 72(0.521739130435) -> 85(0.804347826087)
""Insulin"" - 325(0.595974593747) -> 390(0.730017322445)
""BMI"" - 36.9(0.579516718179)
""Age"" - 28(0.189189189189)",0.272062574392,0.282608695652,0.134042728698,0,0,1,1,1,0,0,,3,0.688713998742,No Diabetes,0,0.845588264312,0.000141101260031,4.48489467786e-09,-0.000141096775136,,
R_1Gjl0Vj3LRbQDQL,diabetes,counterfactual,testing,No Diabetes,Diabetes,14,130308,9.792,"""Glucose"" - 122(0.404182962081) -> 150(0.642237714674)
""Blood Pressure"" - 76(0.608695652174) -> 88(0.869565217391)
""Insulin"" - 200(0.338200115483) -> 240(0.420687948528)
""BMI"" - 35.9(0.544394492835)
""Age"" - 26(0.135135135135)",0.238054752593,0.260869565217,0.0824878330446,0,0,1,1,1,0,0,,3,0.581412150855,No Diabetes,0,0.74886220961,3.47155324043e-06,0.250271361453,0.2502678899,,
R_1Gjl0Vj3LRbQDQL,diabetes,counterfactual,testing,No Diabetes,Diabetes,15,130303,13.508,"""Glucose"" - 129(0.46369665023) -> 144(0.591225981976)
""Blood Pressure"" - 74(0.565217391304) -> 89(0.891304347826)
""Insulin"" - 205(0.348511094614) -> 240(0.420687948528)
""BMI"" - 33.2(0.449564484406) -> 40.61512(0.71)
""Age"" - 25(0.108108108108)",0.127529331746,0.326086956522,0.072176853914,0.260435515594,0,1,1,1,1,0,,4,0.786228657776,No Diabetes,0,0.943690467412,0.000766530678579,0.000776974541737,1.04438631578e-05,,
R_1Gjl0Vj3LRbQDQL,diabetes,counterfactual,testing,No Diabetes,Diabetes,16,130302,8.557,"""Glucose"" - 87(0.10661452134) -> 151(0.650739670124)
""Blood Pressure"" - 60(0.260869565217) -> 58(0.217391304348)
""Insulin"" - 75(0.0804256372185) -> 288(0.519673348181)
""BMI"" - 37.2(0.590053385783) -> 48.58728(0.99)
""Age"" - 22(0.027027027027)",0.544125148784,-0.0434782608696,0.439247710963,0.399946614217,0,1,1,1,1,0,,4,1.42679773483,Diabetes,1,1.43302114098,0.000799413265625,0.999999905476,0.99920049221,,
R_1Gjl0Vj3LRbQDQL,diabetes,counterfactual,testing,No Diabetes,Diabetes,17,130306,8.207,"""Glucose"" - 102(0.234143853086) -> 131(0.480700561129)
""Blood Pressure"" - 64(0.347826086957) -> 61(0.282608695652)
""Insulin"" - 78(0.0866122246969) -> 264(0.470180648354)
""BMI"" - 40.6(0.709468951953) -> 44.6012(0.85)
""Age"" - 21(0)",0.246556708043,-0.0652173913043,0.383568423658,0.140531048047,0,1,1,1,1,0,,4,0.835873571052,Diabetes,1,0.832039170209,0.000893085040188,0.999987741193,0.999094656153,,
R_1Gjl0Vj3LRbQDQL,diabetes,counterfactual,testing,No Diabetes,Diabetes,18,130307,8.078,"""Glucose"" - 133(0.497704472029) -> 137(0.531712293828)
""Blood Pressure"" - 88(0.869565217391) -> 86(0.826086956522)
""Insulin"" - 155(0.245401303308)
""BMI"" - 32.4(0.42146670413) -> 42.89288(0.79)
""Age"" - 37(0.432432432432)",0.034007821799,-0.0434782608696,0,0.36853329587,0,1,1,0,1,0,,3,0.446019378538,Diabetes,1,0.522067451959,0.00513383899707,0.998493177686,0.993359338689,,
R_1Gjl0Vj3LRbQDQL,diabetes,counterfactual,testing,No Diabetes,Diabetes,19,130309,11.276,"""Glucose"" - 143(0.582724026526)
""Blood Pressure"" - 86(0.826086956522) -> 82(0.739130434783)
""Insulin"" - 330(0.606285572878) -> 429(0.810442959663)
""BMI"" - 30.1(0.340685585839) -> 38.33736(0.63)
""Age"" - 23(0.0540540540541)",0,-0.0869565217391,0.204157386785,0.289314414161,0,0,1,1,1,0,,3,0.580428322686,No Diabetes,0,0.694411871452,0.000130785916376,1.74727839974e-08,-0.000130768443592,,
R_1Gjl0Vj3LRbQDQL,diabetes,counterfactual,testing,No Diabetes,Diabetes,20,130300,5.906,"""Glucose"" - 115(0.344669273933) -> 149(0.633735759225)
""Blood Pressure"" - 66(0.391304347826) -> 75(0.586956521739)
""Insulin"" - 140(0.214468365916)
""BMI"" - 38.1(0.621663388592) -> 40.61512(0.71)
""Age"" - 28(0.189189189189)",0.289066485292,0.195652173913,0,0.0883366114077,0,1,1,0,1,0,,3,0.573055270612,No Diabetes,0,0.498599867391,0.00966080352846,0.0994709967411,0.0898101932127,,
R_7wiYsAy6cA2mUR1,diabetes,attribution,training,Diabetes,,1,130100,12.546,"""Glucose"" - 160(0.727257269172)
""Blood Pressure"" - 54(0.130434782609)
""Insulin"" - 175(0.28664521983)
""BMI"" - 30.5(0.354734475976)
""Age"" - 39(0.486486486486)",,,,,,,,,,,"""Glucose"" - -50% toward Diabetes
""Insulin"" - -50% toward Diabetes",,,,,,,,,Diabetes,1
R_7wiYsAy6cA2mUR1,diabetes,attribution,training,No Diabetes,,2,130105,9.407,"""Glucose"" - 83(0.0726066995409)
""Blood Pressure"" - 78(0.652173913043)
""Insulin"" - 71(0.072176853914)
""BMI"" - 29.3(0.312587805563)
""Age"" - 36(0.405405405405)",,,,,,,,,,,"""Glucose"" - +87% toward No Diabetes
""Insulin"" - +13% toward No Diabetes",,,,,,,,,No Diabetes,1
R_7wiYsAy6cA2mUR1,diabetes,attribution,training,No Diabetes,,3,130103,32.282,"""Glucose"" - 100(0.217139942187)
""Blood Pressure"" - 88(0.869565217391)
""Insulin"" - 110(0.152602491133)
""BMI"" - 46.8(0.927226749087)
""Age"" - 31(0.27027027027)",,,,,,,,,,,"""Insulin"" - +59% toward No Diabetes
""Glucose"" - +41% toward No Diabetes",,,,,,,,,Diabetes,0
R_7wiYsAy6cA2mUR1,diabetes,attribution,training,No Diabetes,,4,130104,8.809,"""Glucose"" - 117(0.361673184833)
""Blood Pressure"" - 64(0.347826086957)
""Insulin"" - 120(0.173224449394)
""BMI"" - 33.2(0.449564484406)
""Age"" - 24(0.0810810810811)",,,,,,,,,,,"""Insulin"" - +61% toward No Diabetes
""Glucose"" - +39% toward No Diabetes",,,,,,,,,No Diabetes,1
R_7wiYsAy6cA2mUR1,diabetes,attribution,training,Diabetes,,5,130101,16.318,"""Glucose"" - 136(0.523210338378)
""Blood Pressure"" - 70(0.478260869565)
""Insulin"" - 110(0.152602491133)
""BMI"" - 37.1(0.586541163248)
""Age"" - 43(0.594594594595)",,,,,,,,,,,"""Glucose"" - -55% toward Diabetes
""Insulin"" - -45% toward Diabetes",,,,,,,,,Diabetes,1
R_7wiYsAy6cA2mUR1,diabetes,attribution,training,Diabetes,,6,130102,5.69,"""Glucose"" - 197(1)
""Blood Pressure"" - 70(0.478260869565)
""Insulin"" - 543(1)
""BMI"" - 30.5(0.354734475976)
""Age"" - 53(0.864864864865)",,,,,,,,,,,"""Glucose"" - -61% toward Diabetes
""Insulin"" - -39% toward Diabetes",,,,,,,,,Diabetes,1
R_7wiYsAy6cA2mUR1,diabetes,attribution,training,Diabetes,,7,130106,16.059,"""Glucose"" - 129(0.46369665023)
""Blood Pressure"" - 64(0.347826086957)
""Insulin"" - 115(0.162913470263)
""BMI"" - 26.4(0.210733352065)
""Age"" - 28(0.189189189189)",,,,,,,,,,,"""Blood Pressure"" - -53% toward Diabetes
""Age"" - -47% toward Diabetes",,,,,,,,,No Diabetes,0
R_7wiYsAy6cA2mUR1,diabetes,attribution,training,No Diabetes,,8,130109,13.107,"""Glucose"" - 152(0.659241625574)
""Blood Pressure"" - 82(0.739130434783)
""Insulin"" - 272(0.486678214963)
""BMI"" - 41.5(0.741078954763)
""Age"" - 27(0.162162162162)",,,,,,,,,,,"""Age"" - +53% toward No Diabetes
""Blood Pressure"" - +47% toward No Diabetes",,,,,,,,,Diabetes,0
R_7wiYsAy6cA2mUR1,diabetes,attribution,training,No Diabetes,,9,130110,7.174,"""Glucose"" - 154(0.676245536473)
""Blood Pressure"" - 62(0.304347826087)
""Insulin"" - 284(0.511424564877)
""BMI"" - 32.8(0.435515594268)
""Age"" - 23(0.0540540540541)",,,,,,,,,,,"""Age"" - +60% toward No Diabetes
""Blood Pressure"" - +40% toward No Diabetes",,,,,,,,,Diabetes,0
R_7wiYsAy6cA2mUR1,diabetes,attribution,training,Diabetes,,10,130108,8.135,"""Glucose"" - 130(0.472198605679)
""Blood Pressure"" - 78(0.652173913043)
""Insulin"" - 79(0.088674420523)
""BMI"" - 28.4(0.280977802754)
""Age"" - 34(0.351351351351)",,,,,,,,,,,"""Age"" - -58% toward Diabetes
""Blood Pressure"" - -42% toward Diabetes",,,,,,,,,No Diabetes,0
R_7wiYsAy6cA2mUR1,diabetes,attribution,training,Diabetes,,11,130107,6.468,"""Glucose"" - 109(0.293657541234)
""Blood Pressure"" - 76(0.608695652174)
""Insulin"" - 114(0.160851274437)
""BMI"" - 27.9(0.263416690081)
""Age"" - 31(0.27027027027)",,,,,,,,,,,"""Age"" - -53% toward Diabetes
""Blood Pressure"" - -47% toward Diabetes",,,,,,,,,No Diabetes,0
R_7wiYsAy6cA2mUR1,diabetes,attribution,training,No Diabetes,,12,130111,7.954,"""Glucose"" - 146(0.608229892875)
""Blood Pressure"" - 76(0.608695652174)
""Insulin"" - 194(0.325826940526)
""BMI"" - 38.2(0.625175611127)
""Age"" - 29(0.216216216216)",,,,,,,,,,,"""Blood Pressure"" - +64% toward No Diabetes
""Age"" - +36% toward No Diabetes",,,,,,,,,Diabetes,0
R_7wiYsAy6cA2mUR1,diabetes,attribution,testing,Diabetes,No Diabetes,1,130204,20.453,"""Glucose"" - 133(0.497704472029)
""Blood Pressure"" - 102(1) -> 72(0.521739130435)
""Insulin"" - 140(0.214468365916)
""BMI"" - 32.8(0.435515594268)
""Age"" - 45(0.648648648649)",0,-0.478260869565,0,0,0,0,1,0,0,0,,1,0.478260869565,Diabetes,0,0.748531139835,0.00196931166883,0.0635088218122,0.0615395101433,,
R_7wiYsAy6cA2mUR1,diabetes,attribution,testing,Diabetes,No Diabetes,2,130206,6.726,"""Glucose"" - 181(0.905798333617) -> 132(0.489202516579)
""Blood Pressure"" - 64(0.347826086957)
""Insulin"" - 180(0.296956198961)
""BMI"" - 34.1(0.481174487216)
""Age"" - 38(0.459459459459)",-0.416595817038,0,0,0,0,1,0,0,0,0,,1,0.416595817038,No Diabetes,1,0.544198786112,0.000759705140061,0.533372298831,0.532612593691,,
R_7wiYsAy6cA2mUR1,diabetes,attribution,testing,Diabetes,No Diabetes,3,130201,8.036,"""Glucose"" - 158(0.710253358272) -> 131(0.480700561129)
""Blood Pressure"" - 64(0.347826086957)
""Insulin"" - 387(0.723830734967) -> 308(0.560917264703)
""BMI"" - 31.2(0.379320033717)
""Age"" - 24(0.0810810810811)",-0.229552797143,0,-0.162913470263,0,0,1,0,1,0,0,,2,0.392466267406,No Diabetes,1,0.301006953285,0.0206474394228,0.987344846694,0.966697407271,,
R_7wiYsAy6cA2mUR1,diabetes,attribution,testing,Diabetes,No Diabetes,4,130208,9.181,"""Glucose"" - 119(0.378677095732) -> 113(0.327665363033)
""Blood Pressure"" - 50(0.0434782608696)
""Insulin"" - 176(0.288707415656)
""BMI"" - 27.1(0.235318909806)
""Age"" - 33(0.324324324324)",-0.0510117326985,0,0,0,0,1,0,0,0,0,,1,0.0510117326985,Diabetes,0,0.246076362546,5.14842648366e-05,9.97094929235e-06,-4.15133155443e-05,,
R_7wiYsAy6cA2mUR1,diabetes,attribution,testing,Diabetes,No Diabetes,5,130200,14.139,"""Glucose"" - 187(0.956810066315) -> 138(0.540214249277)
""Blood Pressure"" - 76(0.608695652174) -> 70(0.478260869565)
""Insulin"" - 207(0.352635486266)
""BMI"" - 43.6(0.814835627985) -> 34.35128(0.49)
""Age"" - 53(0.864864864865)",-0.416595817038,-0.130434782609,0,-0.324835627985,0,1,1,0,1,0,,3,0.871866227632,Diabetes,0,0.782469109337,0.0193316016805,0.290043640777,0.270712039096,,
R_7wiYsAy6cA2mUR1,diabetes,attribution,testing,Diabetes,No Diabetes,6,130203,9.121,"""Glucose"" - 128(0.45519469478)
""Blood Pressure"" - 88(0.869565217391) -> 70(0.478260869565)
""Insulin"" - 110(0.152602491133)
""BMI"" - 36.5(0.565467828042) -> 34.35128(0.49)
""Age"" - 37(0.432432432432)",0,-0.391304347826,0,-0.0754678280416,0,0,1,0,1,0,,2,0.466772175868,Diabetes,0,0.450320942025,0.10151951701,0.175172840085,0.073653323075,,
R_7wiYsAy6cA2mUR1,diabetes,attribution,testing,Diabetes,No Diabetes,7,130209,11.086,"""Glucose"" - 128(0.45519469478) -> 119(0.378677095732)
""Blood Pressure"" - 98(1) -> 69(0.45652173913)
""Insulin"" - 58(0.0453683081745)
""BMI"" - 32(0.407417813993) -> 30(0.337173363304)
""Age"" - 33(0.324324324324)",-0.0765175990478,-0.54347826087,0,-0.0702444506884,0,1,1,0,1,0,,3,0.690240310606,No Diabetes,1,0.499288489219,0.00126323358936,0.939875194457,0.938611960868,,
R_7wiYsAy6cA2mUR1,diabetes,attribution,testing,Diabetes,No Diabetes,8,130207,9.349,"""Glucose"" - 173(0.837782690019) -> 132(0.489202516579)
""Blood Pressure"" - 70(0.478260869565) -> 66(0.391304347826)
""Insulin"" - 168(0.272209849047)
""BMI"" - 29.7(0.326636695701)
""Age"" - 33(0.324324324324)",-0.34858017344,-0.0869565217391,0,0,0,1,1,0,0,0,,2,0.435536695179,No Diabetes,1,0.50178013376,0.0202974786765,0.735307010457,0.715009531781,,
R_7wiYsAy6cA2mUR1,diabetes,attribution,testing,Diabetes,No Diabetes,9,130205,10.373,"""Glucose"" - 108(0.285155585785) -> 98(0.200136031287)
""Blood Pressure"" - 44(0)
""Insulin"" - 130(0.193846407655)
""BMI"" - 24(0.126440011239)
""Age"" - 35(0.378378378378)",-0.0850195544975,0,0,0,0,1,0,0,0,0,,1,0.0850195544975,Diabetes,0,0.220742233698,0.000410874889345,0.00115104093168,0.000740166042336,,
R_7wiYsAy6cA2mUR1,diabetes,attribution,testing,Diabetes,No Diabetes,10,130202,9.317,"""Glucose"" - 165(0.769767046421) -> 137(0.531712293828)
""Blood Pressure"" - 68(0.434782608696)
""Insulin"" - 168(0.272209849047)
""BMI"" - 33.6(0.463613374543) -> 33.2124(0.45)
""Age"" - 49(0.756756756757)",-0.238054752593,0,0,-0.0136133745434,0,1,0,0,1,0,,2,0.251668127137,Diabetes,0,0.319467417253,0.00169891992297,0.456322349336,0.454623429413,,
R_7wiYsAy6cA2mUR1,diabetes,attribution,testing,No Diabetes,Diabetes,11,130309,33.663,"""Glucose"" - 143(0.582724026526) -> 172(0.829280734569)
""Blood Pressure"" - 86(0.826086956522)
""Insulin"" - 330(0.606285572878) -> 424(0.800131980533)
""BMI"" - 30.1(0.340685585839)
""Age"" - 23(0.0540540540541)",0.246556708043,0,0.193846407655,0,0,1,0,1,0,0,,2,0.440403115698,Diabetes,1,0.728299707942,0.000130785916376,0.99999971451,0.999868928594,,
R_7wiYsAy6cA2mUR1,diabetes,attribution,testing,No Diabetes,Diabetes,12,130304,12.117,"""Glucose"" - 136(0.523210338378) -> 177(0.871790511818)
""Blood Pressure"" - 74(0.565217391304)
""Insulin"" - 204(0.346448898787) -> 448(0.84962468036)
""BMI"" - 37.4(0.597077830851)
""Age"" - 24(0.0810810810811)",0.34858017344,0,0.503175781572,0,0,1,0,1,0,0,,2,0.851755955012,Diabetes,1,0.965739503778,0.00664884006495,0.999940561816,0.993291721751,,
R_7wiYsAy6cA2mUR1,diabetes,attribution,testing,No Diabetes,Diabetes,13,130300,10.603,"""Glucose"" - 115(0.344669273933) -> 172(0.829280734569)
""Blood Pressure"" - 66(0.391304347826)
""Insulin"" - 140(0.214468365916) -> 409(0.769199043141)
""BMI"" - 38.1(0.621663388592)
""Age"" - 28(0.189189189189)",0.484611460636,0,0.554730677225,0,0,1,0,1,0,0,,2,1.03934213786,Diabetes,1,0.964886734639,0.00966080352846,0.999862566637,0.990201763108,,
R_7wiYsAy6cA2mUR1,diabetes,attribution,testing,No Diabetes,Diabetes,14,130305,31.65,"""Glucose"" - 105(0.259649719435) -> 171(0.820778779119)
""Blood Pressure"" - 72(0.521739130435)
""Insulin"" - 325(0.595974593747) -> 453(0.85993565949)
""BMI"" - 36.9(0.579516718179)
""Age"" - 28(0.189189189189)",0.561129059684,0,0.263961065743,0,0,1,0,1,0,0,,2,0.825090125427,Diabetes,1,0.981964390996,0.000141101260031,0.922422543969,0.922281442709,,
R_7wiYsAy6cA2mUR1,diabetes,attribution,testing,No Diabetes,Diabetes,15,130301,10.986,"""Glucose"" - 97(0.191634075837) -> 172(0.829280734569)
""Blood Pressure"" - 64(0.347826086957)
""Insulin"" - 100(0.131980532871) -> 405(0.760950259837)
""BMI"" - 36.8(0.576004495645)
""Age"" - 25(0.108108108108)",0.637646658732,0,0.628969726965,0,0,1,0,1,0,0,,2,1.2666163857,Diabetes,1,1.24035100291,0.0306247744831,0.999944818019,0.969320043536,,
R_7wiYsAy6cA2mUR1,diabetes,attribution,testing,No Diabetes,Diabetes,16,130308,8.485,"""Glucose"" - 122(0.404182962081) -> 180(0.897296378167)
""Blood Pressure"" - 76(0.608695652174)
""Insulin"" - 200(0.338200115483) -> 472(0.899117380186)
""BMI"" - 35.9(0.544394492835)
""Age"" - 26(0.135135135135)",0.493113416086,0,0.560917264703,0,0,1,0,1,0,0,,2,1.05403068079,Diabetes,1,1.26495900041,3.47155324043e-06,0.999993943136,0.999990471583,,
R_7wiYsAy6cA2mUR1,diabetes,attribution,testing,No Diabetes,Diabetes,17,130303,14.453,"""Glucose"" - 129(0.46369665023) -> 180(0.897296378167)
""Blood Pressure"" - 74(0.565217391304)
""Insulin"" - 205(0.348511094614) -> 472(0.899117380186)
""BMI"" - 33.2(0.449564484406)
""Age"" - 25(0.108108108108)",0.433599727937,0,0.550606285573,0,0,1,0,1,0,0,,2,0.98420601351,Diabetes,1,1.14166782315,0.000766530678579,0.999999781249,0.99923325057,,
R_7wiYsAy6cA2mUR1,diabetes,attribution,testing,No Diabetes,Diabetes,18,130307,12.653,"""Glucose"" - 133(0.497704472029) -> 161(0.735759224622)
""Blood Pressure"" - 88(0.869565217391) -> 72(0.521739130435)
""Insulin"" - 155(0.245401303308) -> 380(0.709395364184)
""BMI"" - 32.4(0.42146670413)
""Age"" - 37(0.432432432432)",0.238054752593,-0.347826086957,0.463994060876,0,0,1,1,1,0,0,,3,1.04987490043,No Diabetes,0,1.12592297385,0.00513383899707,0.429939908345,0.424806069348,,
R_7wiYsAy6cA2mUR1,diabetes,attribution,testing,No Diabetes,Diabetes,19,130306,10.671,"""Glucose"" - 102(0.234143853086)
""Blood Pressure"" - 64(0.347826086957)
""Insulin"" - 78(0.0866122246969)
""BMI"" - 40.6(0.709468951953) -> 32.64296(0.43)
""Age"" - 21(0)",0,0,0,-0.279468951953,0,0,0,0,1,0,,1,0.279468951953,No Diabetes,0,0.394661927406,0.000893085040188,0.0796958115552,0.078802726515,,
R_7wiYsAy6cA2mUR1,diabetes,attribution,testing,No Diabetes,Diabetes,20,130302,6.325,"""Glucose"" - 87(0.10661452134)
""Blood Pressure"" - 60(0.260869565217)
""Insulin"" - 75(0.0804256372185)
""BMI"" - 37.2(0.590053385783) -> 30.93464(0.37)
""Age"" - 22(0.027027027027)",0,0,0,-0.220053385783,0,0,0,0,1,0,,1,0.220053385783,No Diabetes,0,0.362308079121,0.000799413265625,0.000174129899723,-0.000625283365902,,
R_3pV2gsUjgx4OTvP,diabetes,none,training,No Diabetes,,1,130104,6.433,"""Glucose"" - 117(0.361673184833)
""Blood Pressure"" - 64(0.347826086957)
""Insulin"" - 120(0.173224449394)
""BMI"" - 33.2(0.449564484406)
""Age"" - 24(0.0810810810811)",,,,,,,,,,,,,,,,,,,,No Diabetes,1
R_3pV2gsUjgx4OTvP,diabetes,none,training,Diabetes,,2,130100,3.095,"""Glucose"" - 160(0.727257269172)
""Blood Pressure"" - 54(0.130434782609)
""Insulin"" - 175(0.28664521983)
""BMI"" - 30.5(0.354734475976)
""Age"" - 39(0.486486486486)",,,,,,,,,,,,,,,,,,,,Diabetes,1
R_3pV2gsUjgx4OTvP,diabetes,none,training,No Diabetes,,3,130105,3.327,"""Glucose"" - 83(0.0726066995409)
""Blood Pressure"" - 78(0.652173913043)
""Insulin"" - 71(0.072176853914)
""BMI"" - 29.3(0.312587805563)
""Age"" - 36(0.405405405405)",,,,,,,,,,,,,,,,,,,,No Diabetes,1
R_3pV2gsUjgx4OTvP,diabetes,none,training,Diabetes,,4,130102,2.509,"""Glucose"" - 197(1)
""Blood Pressure"" - 70(0.478260869565)
""Insulin"" - 543(1)
""BMI"" - 30.5(0.354734475976)
""Age"" - 53(0.864864864865)",,,,,,,,,,,,,,,,,,,,Diabetes,1
R_3pV2gsUjgx4OTvP,diabetes,none,training,No Diabetes,,5,130103,2.447,"""Glucose"" - 100(0.217139942187)
""Blood Pressure"" - 88(0.869565217391)
""Insulin"" - 110(0.152602491133)
""BMI"" - 46.8(0.927226749087)
""Age"" - 31(0.27027027027)",,,,,,,,,,,,,,,,,,,,No Diabetes,1
R_3pV2gsUjgx4OTvP,diabetes,none,training,Diabetes,,6,130101,2.978,"""Glucose"" - 136(0.523210338378)
""Blood Pressure"" - 70(0.478260869565)
""Insulin"" - 110(0.152602491133)
""BMI"" - 37.1(0.586541163248)
""Age"" - 43(0.594594594595)",,,,,,,,,,,,,,,,,,,,Diabetes,1
R_3pV2gsUjgx4OTvP,diabetes,none,training,No Diabetes,,7,130111,9.871,"""Glucose"" - 146(0.608229892875)
""Blood Pressure"" - 76(0.608695652174)
""Insulin"" - 194(0.325826940526)
""BMI"" - 38.2(0.625175611127)
""Age"" - 29(0.216216216216)",,,,,,,,,,,,,,,,,,,,Diabetes,0
R_3pV2gsUjgx4OTvP,diabetes,none,training,No Diabetes,,8,130110,7.804,"""Glucose"" - 154(0.676245536473)
""Blood Pressure"" - 62(0.304347826087)
""Insulin"" - 284(0.511424564877)
""BMI"" - 32.8(0.435515594268)
""Age"" - 23(0.0540540540541)",,,,,,,,,,,,,,,,,,,,Diabetes,0
R_3pV2gsUjgx4OTvP,diabetes,none,training,No Diabetes,,9,130109,4.217,"""Glucose"" - 152(0.659241625574)
""Blood Pressure"" - 82(0.739130434783)
""Insulin"" - 272(0.486678214963)
""BMI"" - 41.5(0.741078954763)
""Age"" - 27(0.162162162162)",,,,,,,,,,,,,,,,,,,,Diabetes,0
R_3pV2gsUjgx4OTvP,diabetes,none,training,Diabetes,,10,130107,3.38,"""Glucose"" - 109(0.293657541234)
""Blood Pressure"" - 76(0.608695652174)
""Insulin"" - 114(0.160851274437)
""BMI"" - 27.9(0.263416690081)
""Age"" - 31(0.27027027027)",,,,,,,,,,,,,,,,,,,,No Diabetes,0
R_3pV2gsUjgx4OTvP,diabetes,none,training,Diabetes,,11,130106,2.827,"""Glucose"" - 129(0.46369665023)
""Blood Pressure"" - 64(0.347826086957)
""Insulin"" - 115(0.162913470263)
""BMI"" - 26.4(0.210733352065)
""Age"" - 28(0.189189189189)",,,,,,,,,,,,,,,,,,,,No Diabetes,0
R_3pV2gsUjgx4OTvP,diabetes,none,training,Diabetes,,12,130108,4.713,"""Glucose"" - 130(0.472198605679)
""Blood Pressure"" - 78(0.652173913043)
""Insulin"" - 79(0.088674420523)
""BMI"" - 28.4(0.280977802754)
""Age"" - 34(0.351351351351)",,,,,,,,,,,,,,,,,,,,No Diabetes,0
R_3pV2gsUjgx4OTvP,diabetes,none,testing,Diabetes,No Diabetes,1,130207,23.304,"""Glucose"" - 173(0.837782690019) -> 123(0.412684917531)
""Blood Pressure"" - 70(0.478260869565)
""Insulin"" - 168(0.272209849047)
""BMI"" - 29.7(0.326636695701)
""Age"" - 33(0.324324324324)",-0.425097772488,0,0,0,0,1,0,0,0,0,,1,0.425097772488,No Diabetes,1,0.491341211069,0.0202974786765,0.963426755822,0.943129277146,,
R_3pV2gsUjgx4OTvP,diabetes,none,testing,Diabetes,No Diabetes,2,130209,7.495,"""Glucose"" - 128(0.45519469478) -> 116(0.353171229383)
""Blood Pressure"" - 98(1) -> 73(0.54347826087)
""Insulin"" - 58(0.0453683081745)
""BMI"" - 32(0.407417813993)
""Age"" - 33(0.324324324324)",-0.102023465397,-0.45652173913,0,0,0,1,1,0,0,0,,2,0.558545204527,Diabetes,0,0.367593383141,0.00126323358936,0.412705143852,0.411441910263,,
R_3pV2gsUjgx4OTvP,diabetes,none,testing,Diabetes,No Diabetes,3,130205,9.14,"""Glucose"" - 108(0.285155585785) -> 94(0.166128209488)
""Blood Pressure"" - 44(0)
""Insulin"" - 130(0.193846407655)
""BMI"" - 24(0.126440011239)
""Age"" - 35(0.378378378378)",-0.119027376297,0,0,0,0,1,0,0,0,0,,1,0.119027376297,Diabetes,0,0.254750055497,0.000410874889345,0.00340470510804,0.00299383021869,,
R_3pV2gsUjgx4OTvP,diabetes,none,testing,Diabetes,No Diabetes,4,130204,6.47,"""Glucose"" - 133(0.497704472029) -> 113(0.327665363033)
""Blood Pressure"" - 102(1) -> 72(0.521739130435)
""Insulin"" - 140(0.214468365916)
""BMI"" - 32.8(0.435515594268) -> 28.9416(0.3)
""Age"" - 45(0.648648648649)",-0.170039108995,-0.478260869565,0,-0.135515594268,0,1,1,0,1,0,,3,0.783815572828,Diabetes,0,1.0540858431,0.00196931166883,0.366255195651,0.364285883982,,
R_3pV2gsUjgx4OTvP,diabetes,none,testing,Diabetes,No Diabetes,5,130201,3.014,"""Glucose"" - 158(0.710253358272) -> 107(0.276653630335)
""Blood Pressure"" - 64(0.347826086957)
""Insulin"" - 387(0.723830734967) -> 220(0.379444032005)
""BMI"" - 31.2(0.379320033717)
""Age"" - 24(0.0810810810811)",-0.433599727937,0,-0.344386702961,0,0,1,0,1,0,0,,2,0.777986430899,No Diabetes,1,0.686527116778,0.0206474394228,0.999382991863,0.97873555244,,
R_3pV2gsUjgx4OTvP,diabetes,none,testing,Diabetes,No Diabetes,6,130202,4.284,"""Glucose"" - 165(0.769767046421) -> 129(0.46369665023)
""Blood Pressure"" - 68(0.434782608696)
""Insulin"" - 168(0.272209849047)
""BMI"" - 33.6(0.463613374543) -> 29.79576(0.33)
""Age"" - 49(0.756756756757)",-0.306070396191,0,0,-0.133613374543,0,1,0,0,1,0,,2,0.439683770735,No Diabetes,1,0.507483060851,0.00169891992297,0.926452275923,0.924753356,,
R_3pV2gsUjgx4OTvP,diabetes,none,testing,Diabetes,No Diabetes,7,130203,4.263,"""Glucose"" - 128(0.45519469478) -> 111(0.310661452134)
""Blood Pressure"" - 88(0.869565217391) -> 70(0.478260869565)
""Insulin"" - 110(0.152602491133)
""BMI"" - 36.5(0.565467828042) -> 29.22632(0.31)
""Age"" - 37(0.432432432432)",-0.144533242646,-0.391304347826,0,-0.255467828042,0,1,1,0,1,0,,3,0.791305418513,Diabetes,0,0.774854184671,0.10151951701,0.342751032439,0.24123151543,,
R_3pV2gsUjgx4OTvP,diabetes,none,testing,Diabetes,No Diabetes,8,130200,5.453,"""Glucose"" - 187(0.956810066315) -> 111(0.310661452134)
""Blood Pressure"" - 76(0.608695652174) -> 63(0.326086956522)
""Insulin"" - 207(0.352635486266)
""BMI"" - 43.6(0.814835627985) -> 31.21936(0.38)
""Age"" - 53(0.864864864865)",-0.646148614181,-0.282608695652,0,-0.434835627985,0,1,1,0,1,0,,3,1.36359293782,No Diabetes,1,1.27419581952,0.0193316016805,0.985948162458,0.966616560778,,
R_3pV2gsUjgx4OTvP,diabetes,none,testing,Diabetes,No Diabetes,9,130208,4.49,"""Glucose"" - 119(0.378677095732) -> 116(0.353171229383)
""Blood Pressure"" - 50(0.0434782608696)
""Insulin"" - 176(0.288707415656)
""BMI"" - 27.1(0.235318909806)
""Age"" - 33(0.324324324324)",-0.0255058663493,0,0,0,0,1,0,0,0,0,,1,0.0255058663493,Diabetes,0,0.220570496196,5.14842648366e-05,2.27099332726e-05,-2.8774331564e-05,,
R_3pV2gsUjgx4OTvP,diabetes,none,testing,Diabetes,No Diabetes,10,130206,3.516,"""Glucose"" - 181(0.905798333617) -> 113(0.327665363033)
""Blood Pressure"" - 64(0.347826086957)
""Insulin"" - 180(0.296956198961)
""BMI"" - 34.1(0.481174487216) -> 28.9416(0.3)
""Age"" - 38(0.459459459459)",-0.578132970583,0,0,-0.181174487216,0,1,0,0,1,0,,2,0.759307457799,No Diabetes,1,0.886910426873,0.000759705140061,0.950316052395,0.949556347255,,
R_3pV2gsUjgx4OTvP,diabetes,none,testing,No Diabetes,Diabetes,11,130301,9.233,"""Glucose"" - 97(0.191634075837) -> 119(0.378677095732)
""Blood Pressure"" - 64(0.347826086957)
""Insulin"" - 100(0.131980532871) -> 167(0.270147653221)
""BMI"" - 36.8(0.576004495645)
""Age"" - 25(0.108108108108)",0.187043019895,0,0.13816712035,0,0,1,0,1,0,0,,2,0.325210140244,Diabetes,1,0.298944757459,0.0306247744831,0.945301897953,0.91467712347,,
R_3pV2gsUjgx4OTvP,diabetes,none,testing,No Diabetes,Diabetes,12,130307,3.505,"""Glucose"" - 133(0.497704472029)
""Blood Pressure"" - 88(0.869565217391)
""Insulin"" - 155(0.245401303308) -> 274(0.490802606616)
""BMI"" - 32.4(0.42146670413)
""Age"" - 37(0.432432432432)",0,0,0.245401303308,0,0,0,0,1,0,0,,1,0.245401303308,Diabetes,1,0.338453287628,0.00513383899707,0.89121229132,0.886078452323,,
R_3pV2gsUjgx4OTvP,diabetes,none,testing,No Diabetes,Diabetes,13,130309,2.241,"""Glucose"" - 143(0.582724026526)
""Blood Pressure"" - 86(0.826086956522)
""Insulin"" - 330(0.606285572878)
""BMI"" - 30.1(0.340685585839) -> 34.636(0.5)
""Age"" - 23(0.0540540540541)",0,0,0,0.159314414161,0,0,0,0,1,0,,1,0.159314414161,No Diabetes,0,0.447211006406,0.000130785916376,3.49904447688e-05,-9.57954716074e-05,,
R_3pV2gsUjgx4OTvP,diabetes,none,testing,No Diabetes,Diabetes,14,130305,3.068,"""Glucose"" - 105(0.259649719435) -> 142(0.574222071076)
""Blood Pressure"" - 72(0.521739130435)
""Insulin"" - 325(0.595974593747)
""BMI"" - 36.9(0.579516718179)
""Age"" - 28(0.189189189189)",0.314572351641,0,0,0,0,1,0,0,0,0,,1,0.314572351641,No Diabetes,0,0.471446617211,0.000141101260031,0.000924852353016,0.000783751092985,,
R_3pV2gsUjgx4OTvP,diabetes,none,testing,No Diabetes,Diabetes,15,130300,8.612,"""Glucose"" - 115(0.344669273933) -> 145(0.599727937426)
""Blood Pressure"" - 66(0.391304347826)
""Insulin"" - 140(0.214468365916) -> 133(0.200032995133)
""BMI"" - 38.1(0.621663388592)
""Age"" - 28(0.189189189189)",0.255058663493,0,-0.0144353707828,0,0,1,0,1,0,0,,2,0.269494034275,Diabetes,1,0.190914239402,0.00966080352846,0.952489639253,0.942828835725,,
R_3pV2gsUjgx4OTvP,diabetes,none,testing,No Diabetes,Diabetes,16,130308,4.691,"""Glucose"" - 122(0.404182962081) -> 142(0.574222071076)
""Blood Pressure"" - 76(0.608695652174)
""Insulin"" - 200(0.338200115483)
""BMI"" - 35.9(0.544394492835)
""Age"" - 26(0.135135135135)",0.170039108995,0,0,0,0,1,0,0,0,0,,1,0.170039108995,No Diabetes,0,0.380967428619,3.47155324043e-06,0.296668399234,0.296664927681,,
R_3pV2gsUjgx4OTvP,diabetes,none,testing,No Diabetes,Diabetes,17,130306,2.705,"""Glucose"" - 102(0.234143853086) -> 130(0.472198605679)
""Blood Pressure"" - 64(0.347826086957)
""Insulin"" - 78(0.0866122246969)
""BMI"" - 40.6(0.709468951953)
""Age"" - 21(0)",0.238054752593,0,0,0,0,1,0,0,0,0,,1,0.238054752593,No Diabetes,0,0.23422035175,0.000893085040188,0.011501266798,0.0106081817578,,
R_3pV2gsUjgx4OTvP,diabetes,none,testing,No Diabetes,Diabetes,18,130302,2.575,"""Glucose"" - 87(0.10661452134) -> 139(0.548716204727)
""Blood Pressure"" - 60(0.260869565217)
""Insulin"" - 75(0.0804256372185)
""BMI"" - 37.2(0.590053385783)
""Age"" - 22(0.027027027027)",0.442101683387,0,0,0,0,1,0,0,0,0,,1,0.442101683387,No Diabetes,0,0.448325089529,0.000799413265625,0.000234838452052,-0.000564574813573,,
R_3pV2gsUjgx4OTvP,diabetes,none,testing,No Diabetes,Diabetes,19,130303,3.52,"""Glucose"" - 129(0.46369665023) -> 142(0.574222071076)
""Blood Pressure"" - 74(0.565217391304)
""Insulin"" - 205(0.348511094614)
""BMI"" - 33.2(0.449564484406) -> 37.4832(0.6)
""Age"" - 25(0.108108108108)",0.110525420847,0,0,0.150435515594,0,1,0,0,1,0,,2,0.260960936441,No Diabetes,0,0.418422746077,0.000766530678579,0.0760442103569,0.0752776796783,,
R_3pV2gsUjgx4OTvP,diabetes,none,testing,No Diabetes,Diabetes,20,130304,7.865,"""Glucose"" - 136(0.523210338378) -> 149(0.633735759225)
""Blood Pressure"" - 74(0.565217391304)
""Insulin"" - 204(0.346448898787)
""BMI"" - 37.4(0.597077830851) -> 37.4832(0.6)
""Age"" - 24(0.0810810810811)",0.110525420847,0,0,0.00292216914864,0,1,0,0,1,0,,2,0.113447589995,Diabetes,1,0.227431138762,0.00664884006495,0.890787184403,0.884138344338,,
R_5Qg3F8vwXGPLT2w,diabetes,counterfactual,training,Diabetes,,1,130102,34.412,"""Glucose"" - 197(1)
""Blood Pressure"" - 70(0.478260869565)
""Insulin"" - 543(1)
""BMI"" - 30.5(0.354734475976)
""Age"" - 53(0.864864864865)",,,,,,,,,,,"""Glucose"" - 197(1) -> 180(0.897296378167)
""Blood Pressure"" - 70(0.478260869565)
""Insulin"" - 543(1) -> 542(1)
""BMI"" - 30.5(0.354734475976)
""Age"" - 53(0.864864864865)",,,,,,,,,No Diabetes,0
R_5Qg3F8vwXGPLT2w,diabetes,counterfactual,training,Diabetes,,2,130101,14.205,"""Glucose"" - 136(0.523210338378)
""Blood Pressure"" - 70(0.478260869565)
""Insulin"" - 110(0.152602491133)
""BMI"" - 37.1(0.586541163248)
""Age"" - 43(0.594594594595)",,,,,,,,,,,"""Glucose"" - 136(0.523210338378) -> 130(0.472198605679)
""Blood Pressure"" - 70(0.478260869565)
""Insulin"" - 110(0.152602491133) -> 109(0.150540295306)
""BMI"" - 37.1(0.586541163248)
""Age"" - 43(0.594594594595)",,,,,,,,,No Diabetes,0
R_5Qg3F8vwXGPLT2w,diabetes,counterfactual,training,No Diabetes,,3,130104,17.953,"""Glucose"" - 117(0.361673184833)
""Blood Pressure"" - 64(0.347826086957)
""Insulin"" - 120(0.173224449394)
""BMI"" - 33.2(0.449564484406)
""Age"" - 24(0.0810810810811)",,,,,,,,,,,"""Glucose"" - 117(0.361673184833) -> 120(0.387179051182)
""Blood Pressure"" - 64(0.347826086957)
""Insulin"" - 120(0.173224449394) -> 143(0.220654953394)
""BMI"" - 33.2(0.449564484406)
""Age"" - 24(0.0810810810811)",,,,,,,,,Diabetes,0
R_5Qg3F8vwXGPLT2w,diabetes,counterfactual,training,No Diabetes,,4,130103,10.665,"""Glucose"" - 100(0.217139942187)
""Blood Pressure"" - 88(0.869565217391)
""Insulin"" - 110(0.152602491133)
""BMI"" - 46.8(0.927226749087)
""Age"" - 31(0.27027027027)",,,,,,,,,,,"""Glucose"" - 100(0.217139942187) -> 101(0.225641897636)
""Blood Pressure"" - 88(0.869565217391)
""Insulin"" - 110(0.152602491133) -> 154(0.243339107482)
""BMI"" - 46.8(0.927226749087)
""Age"" - 31(0.27027027027)",,,,,,,,,Diabetes,0
R_5Qg3F8vwXGPLT2w,diabetes,counterfactual,training,Diabetes,,5,130100,15.326,"""Glucose"" - 160(0.727257269172)
""Blood Pressure"" - 54(0.130434782609)
""Insulin"" - 175(0.28664521983)
""BMI"" - 30.5(0.354734475976)
""Age"" - 39(0.486486486486)",,,,,,,,,,,"""Glucose"" - 160(0.727257269172) -> 159(0.718755313722)
""Blood Pressure"" - 54(0.130434782609)
""Insulin"" - 175(0.28664521983) -> 147(0.228903736699)
""BMI"" - 30.5(0.354734475976)
""Age"" - 39(0.486486486486)",,,,,,,,,No Diabetes,0
R_5Qg3F8vwXGPLT2w,diabetes,counterfactual,training,No Diabetes,,6,130105,10.106,"""Glucose"" - 83(0.0726066995409)
""Blood Pressure"" - 78(0.652173913043)
""Insulin"" - 71(0.072176853914)
""BMI"" - 29.3(0.312587805563)
""Age"" - 36(0.405405405405)",,,,,,,,,,,"""Glucose"" - 83(0.0726066995409) -> 103(0.242645808536)
""Blood Pressure"" - 78(0.652173913043)
""Insulin"" - 71(0.072176853914) -> 72(0.0742390497402)
""BMI"" - 29.3(0.312587805563)
""Age"" - 36(0.405405405405)",,,,,,,,,Diabetes,0
R_5Qg3F8vwXGPLT2w,diabetes,counterfactual,training,Diabetes,,7,130108,11.665,"""Glucose"" - 130(0.472198605679)
""Blood Pressure"" - 78(0.652173913043)
""Insulin"" - 79(0.088674420523)
""BMI"" - 28.4(0.280977802754)
""Age"" - 34(0.351351351351)",,,,,,,,,,,"""Glucose"" - 130(0.472198605679)
""Blood Pressure"" - 78(0.652173913043) -> 75(0.586956521739)
""Insulin"" - 79(0.088674420523)
""BMI"" - 28.4(0.280977802754)
""Age"" - 34(0.351351351351) -> 33(0.324324324324)",,,,,,,,,Diabetes,1
R_5Qg3F8vwXGPLT2w,diabetes,counterfactual,training,No Diabetes,,8,130111,16.887,"""Glucose"" - 146(0.608229892875)
""Blood Pressure"" - 76(0.608695652174)
""Insulin"" - 194(0.325826940526)
""BMI"" - 38.2(0.625175611127)
""Age"" - 29(0.216216216216)",,,,,,,,,,,"""Glucose"" - 146(0.608229892875)
""Blood Pressure"" - 76(0.608695652174) -> 80(0.695652173913)
""Insulin"" - 194(0.325826940526)
""BMI"" - 38.2(0.625175611127)
""Age"" - 29(0.216216216216) -> 30(0.243243243243)",,,,,,,,,Diabetes,0
R_5Qg3F8vwXGPLT2w,diabetes,counterfactual,training,No Diabetes,,9,130109,8.395,"""Glucose"" - 152(0.659241625574)
""Blood Pressure"" - 82(0.739130434783)
""Insulin"" - 272(0.486678214963)
""BMI"" - 41.5(0.741078954763)
""Age"" - 27(0.162162162162)",,,,,,,,,,,"""Glucose"" - 152(0.659241625574)
""Blood Pressure"" - 82(0.739130434783) -> 83(0.760869565217)
""Insulin"" - 272(0.486678214963)
""BMI"" - 41.5(0.741078954763)
""Age"" - 27(0.162162162162) -> 34(0.351351351351)",,,,,,,,,Diabetes,0
R_5Qg3F8vwXGPLT2w,diabetes,counterfactual,training,Diabetes,,10,130106,20.938,"""Glucose"" - 129(0.46369665023)
""Blood Pressure"" - 64(0.347826086957)
""Insulin"" - 115(0.162913470263)
""BMI"" - 26.4(0.210733352065)
""Age"" - 28(0.189189189189)",,,,,,,,,,,"""Glucose"" - 129(0.46369665023)
""Blood Pressure"" - 64(0.347826086957) -> 63(0.326086956522)
""Insulin"" - 115(0.162913470263)
""BMI"" - 26.4(0.210733352065)
""Age"" - 28(0.189189189189) -> 26(0.135135135135)",,,,,,,,,Diabetes,1
R_5Qg3F8vwXGPLT2w,diabetes,counterfactual,training,No Diabetes,,11,130110,10.343,"""Glucose"" - 154(0.676245536473)
""Blood Pressure"" - 62(0.304347826087)
""Insulin"" - 284(0.511424564877)
""BMI"" - 32.8(0.435515594268)
""Age"" - 23(0.0540540540541)",,,,,,,,,,,"""Glucose"" - 154(0.676245536473)
""Blood Pressure"" - 62(0.304347826087) -> 65(0.369565217391)
""Insulin"" - 284(0.511424564877)
""BMI"" - 32.8(0.435515594268)
""Age"" - 23(0.0540540540541) -> 24(0.0810810810811)",,,,,,,,,Diabetes,0
R_5Qg3F8vwXGPLT2w,diabetes,counterfactual,training,Diabetes,,12,130107,11.123,"""Glucose"" - 109(0.293657541234)
""Blood Pressure"" - 76(0.608695652174)
""Insulin"" - 114(0.160851274437)
""BMI"" - 27.9(0.263416690081)
""Age"" - 31(0.27027027027)",,,,,,,,,,,"""Glucose"" - 109(0.293657541234)
""Blood Pressure"" - 76(0.608695652174) -> 74(0.565217391304)
""Insulin"" - 114(0.160851274437)
""BMI"" - 27.9(0.263416690081)
""Age"" - 31(0.27027027027) -> 30(0.243243243243)",,,,,,,,,No Diabetes,0
R_5Qg3F8vwXGPLT2w,diabetes,counterfactual,testing,Diabetes,No Diabetes,1,130208,36.498,"""Glucose"" - 119(0.378677095732) -> 112(0.319163407584)
""Blood Pressure"" - 50(0.0434782608696) -> 61(0.282608695652)
""Insulin"" - 176(0.288707415656)
""BMI"" - 27.1(0.235318909806)
""Age"" - 33(0.324324324324)",-0.0595136881483,0.239130434783,0,0,0,1,1,0,0,0,,2,0.298644122931,No Diabetes,1,0.3197957093,5.14842648366e-05,0.995278850809,0.995227366544,,
R_5Qg3F8vwXGPLT2w,diabetes,counterfactual,testing,Diabetes,No Diabetes,2,130200,17.732,"""Glucose"" - 187(0.956810066315) -> 131(0.480700561129)
""Blood Pressure"" - 76(0.608695652174) -> 70(0.478260869565)
""Insulin"" - 207(0.352635486266)
""BMI"" - 43.6(0.814835627985) -> 31.21936(0.38)
""Age"" - 53(0.864864864865)",-0.476109505186,-0.130434782609,0,-0.434835627985,0,1,1,0,1,0,,3,1.04137991578,Diabetes,0,0.951982797485,0.0193316016805,0.0252142138767,0.00588261219623,,
R_5Qg3F8vwXGPLT2w,diabetes,counterfactual,testing,Diabetes,No Diabetes,3,130205,13.022,"""Glucose"" - 108(0.285155585785)
""Blood Pressure"" - 44(0) -> 66(0.391304347826)
""Insulin"" - 130(0.193846407655) -> 215(0.369133052875)
""BMI"" - 24(0.126440011239)
""Age"" - 35(0.378378378378)",0,0.391304347826,0.17528664522,0,0,0,1,1,0,0,,2,0.566590993046,No Diabetes,1,0.484922367899,0.000410874889345,0.999999991411,0.999589116522,,
R_5Qg3F8vwXGPLT2w,diabetes,counterfactual,testing,Diabetes,No Diabetes,4,130209,8.105,"""Glucose"" - 128(0.45519469478)
""Blood Pressure"" - 98(1) -> 66(0.391304347826)
""Insulin"" - 58(0.0453683081745) -> 138(0.210343974264)
""BMI"" - 32(0.407417813993)
""Age"" - 33(0.324324324324)",0,-0.608695652174,0.164975666089,0,0,0,1,1,0,0,,2,0.773671318263,No Diabetes,1,0.582719496877,0.00126323358936,0.905621411069,0.90435817748,,
R_5Qg3F8vwXGPLT2w,diabetes,counterfactual,testing,Diabetes,No Diabetes,5,130203,15.03,"""Glucose"" - 128(0.45519469478)
""Blood Pressure"" - 88(0.869565217391) -> 66(0.391304347826)
""Insulin"" - 110(0.152602491133) -> 152(0.239214715829)
""BMI"" - 36.5(0.565467828042)
""Age"" - 37(0.432432432432)",0,-0.478260869565,0.0866122246969,0,0,0,1,1,0,0,,2,0.564873094262,No Diabetes,1,0.54842186042,0.10151951701,0.791253697402,0.689734180392,,
R_5Qg3F8vwXGPLT2w,diabetes,counterfactual,testing,Diabetes,No Diabetes,6,130206,12.513,"""Glucose"" - 181(0.905798333617) -> 136(0.523210338378)
""Blood Pressure"" - 64(0.347826086957)
""Insulin"" - 180(0.296956198961)
""BMI"" - 34.1(0.481174487216) -> 28.08744(0.27)
""Age"" - 38(0.459459459459)",-0.382587995239,0,0,-0.211174487216,0,1,0,0,1,0,,2,0.593762482454,No Diabetes,1,0.721365451528,0.000759705140061,0.975167001282,0.974407296142,,
R_5Qg3F8vwXGPLT2w,diabetes,counterfactual,testing,Diabetes,No Diabetes,7,130202,29.227,"""Glucose"" - 165(0.769767046421) -> 126(0.43819078388)
""Blood Pressure"" - 68(0.434782608696)
""Insulin"" - 168(0.272209849047) -> 245(0.430998927658)
""BMI"" - 33.6(0.463613374543) -> 25.52496(0.18)
""Age"" - 49(0.756756756757)",-0.33157626254,0,0.158789078611,-0.283613374543,0,1,0,1,1,0,,3,0.773978715695,No Diabetes,1,0.689175514679,0.00169891992297,0.912631428261,0.910932508338,,
R_5Qg3F8vwXGPLT2w,diabetes,counterfactual,testing,Diabetes,No Diabetes,8,130207,8.27,"""Glucose"" - 173(0.837782690019) -> 133(0.497704472029)
""Blood Pressure"" - 70(0.478260869565)
""Insulin"" - 168(0.272209849047)
""BMI"" - 29.7(0.326636695701)
""Age"" - 33(0.324324324324)",-0.34007821799,0,0,0,0,1,0,0,0,0,,1,0.34007821799,No Diabetes,1,0.406321656571,0.0202974786765,0.970437621698,0.950140143022,,
R_5Qg3F8vwXGPLT2w,diabetes,counterfactual,testing,Diabetes,No Diabetes,9,130204,6.897,"""Glucose"" - 133(0.497704472029)
""Blood Pressure"" - 102(1) -> 70(0.478260869565)
""Insulin"" - 140(0.214468365916)
""BMI"" - 32.8(0.435515594268) -> 31.7888(0.4)
""Age"" - 45(0.648648648649)",0,-0.521739130435,0,-0.0355155942681,0,0,1,0,1,0,,2,0.557254724703,Diabetes,0,0.827524994973,0.00196931166883,0.0745008472294,0.0725315355606,,
R_5Qg3F8vwXGPLT2w,diabetes,counterfactual,testing,Diabetes,No Diabetes,10,130201,31.039,"""Glucose"" - 158(0.710253358272) -> 140(0.557218160177)
""Blood Pressure"" - 64(0.347826086957) -> 67(0.413043478261)
""Insulin"" - 387(0.723830734967) -> 317(0.579477027138)
""BMI"" - 31.2(0.379320033717)
""Age"" - 24(0.0810810810811)",-0.153035198096,0.0652173913043,-0.144353707828,0,0,1,1,1,0,0,,3,0.362606297228,No Diabetes,1,0.271146983107,0.0206474394228,0.884555814066,0.863908374643,,
R_5Qg3F8vwXGPLT2w,diabetes,counterfactual,testing,No Diabetes,Diabetes,11,130307,41.821,"""Glucose"" - 133(0.497704472029) -> 127(0.44669273933)
""Blood Pressure"" - 88(0.869565217391) -> 75(0.586956521739)
""Insulin"" - 155(0.245401303308) -> 181(0.299018394787)
""BMI"" - 32.4(0.42146670413)
""Age"" - 37(0.432432432432) -> 38(0.459459459459)",-0.0510117326985,-0.282608695652,0.053617091479,0,0.027027027027,1,1,1,0,1,,4,0.414264546857,Diabetes,1,0.507316531177,0.00513383899707,0.839931238836,0.834797399839,,
R_5Qg3F8vwXGPLT2w,diabetes,counterfactual,testing,No Diabetes,Diabetes,12,130309,39.707,"""Glucose"" - 143(0.582724026526) -> 136(0.523210338378)
""Blood Pressure"" - 86(0.826086956522)
""Insulin"" - 330(0.606285572878) -> 293(0.529984327312)
""BMI"" - 30.1(0.340685585839)
""Age"" - 23(0.0540540540541) -> 44(0.621621621622)",-0.0595136881483,0,-0.0763012455663,0,0.567567567568,1,0,1,0,1,,3,0.703382501282,Diabetes,1,0.937225039472,0.000130785916376,0.859518924837,0.859388138921,,
R_5Qg3F8vwXGPLT2w,diabetes,counterfactual,testing,No Diabetes,Diabetes,13,130305,17.114,"""Glucose"" - 105(0.259649719435)
""Blood Pressure"" - 72(0.521739130435)
""Insulin"" - 325(0.595974593747)
""BMI"" - 36.9(0.579516718179)
""Age"" - 28(0.189189189189) -> 55(0.918918918919)",0,0,0,0,0.72972972973,0,0,0,0,1,,1,0.72972972973,Diabetes,1,0.616333725029,0.000141101260031,0.999999966097,0.999858864837,,
R_5Qg3F8vwXGPLT2w,diabetes,counterfactual,testing,No Diabetes,Diabetes,14,130300,19.997,"""Glucose"" - 115(0.344669273933)
""Blood Pressure"" - 66(0.391304347826)
""Insulin"" - 140(0.214468365916) -> 254(0.449558690093)
""BMI"" - 38.1(0.621663388592)
""Age"" - 28(0.189189189189)",0,0,0.235090324177,0,0,0,0,1,0,0,,1,0.235090324177,No Diabetes,0,0.313670119051,0.00966080352846,0.102502771115,0.0928419675865,,
R_5Qg3F8vwXGPLT2w,diabetes,counterfactual,testing,No Diabetes,Diabetes,15,130306,20.999,"""Glucose"" - 102(0.234143853086)
""Blood Pressure"" - 64(0.347826086957)
""Insulin"" - 78(0.0866122246969) -> 254(0.449558690093)
""BMI"" - 40.6(0.709468951953) -> 35.77488(0.54)
""Age"" - 21(0) -> 43(0.594594594595)",0,0,0.362946465396,-0.169468951953,0.594594594595,0,0,1,1,1,,3,1.12701001194,Diabetes,1,1.2422029874,0.000893085040188,0.996771744224,0.995878659184,,
R_5Qg3F8vwXGPLT2w,diabetes,counterfactual,testing,No Diabetes,Diabetes,16,130304,26.727,"""Glucose"" - 136(0.523210338378)
""Blood Pressure"" - 74(0.565217391304) -> 69(0.45652173913)
""Insulin"" - 204(0.346448898787)
""BMI"" - 37.4(0.597077830851) -> 35.20544(0.52)
""Age"" - 24(0.0810810810811)",0,-0.108695652174,0,-0.0770778308514,0,0,1,0,1,0,,2,0.185773483025,Diabetes,1,0.125843988313,0.00664884006495,0.973498318292,0.966849478227,,
R_5Qg3F8vwXGPLT2w,diabetes,counterfactual,testing,No Diabetes,Diabetes,17,130301,18.668,"""Glucose"" - 97(0.191634075837) -> 109(0.293657541234)
""Blood Pressure"" - 64(0.347826086957)
""Insulin"" - 100(0.131980532871) -> 177(0.290769611482)
""BMI"" - 36.8(0.576004495645)
""Age"" - 25(0.108108108108)",0.102023465397,0,0.158789078611,0,0,1,0,1,0,0,,2,0.260812544008,No Diabetes,0,0.234547161223,0.0306247744831,0.466072080881,0.435447306398,,
R_5Qg3F8vwXGPLT2w,diabetes,counterfactual,testing,No Diabetes,Diabetes,18,130303,18.792,"""Glucose"" - 129(0.46369665023)
""Blood Pressure"" - 74(0.565217391304) -> 68(0.434782608696)
""Insulin"" - 205(0.348511094614)
""BMI"" - 33.2(0.449564484406) -> 29.79576(0.33)
""Age"" - 25(0.108108108108)",0,-0.130434782609,0,-0.119564484406,0,0,1,0,1,0,,2,0.249999267014,Diabetes,1,0.146591511433,0.000766530678579,0.500515067148,0.499748536469,,
R_5Qg3F8vwXGPLT2w,diabetes,counterfactual,testing,No Diabetes,Diabetes,19,130308,23.054,"""Glucose"" - 122(0.404182962081)
""Blood Pressure"" - 76(0.608695652174) -> 72(0.521739130435)
""Insulin"" - 200(0.338200115483)
""BMI"" - 35.9(0.544394492835) -> 31.50408(0.39)
""Age"" - 26(0.135135135135)",0,-0.0869565217391,0,-0.154394492835,0,0,1,0,1,0,,2,0.241351014574,No Diabetes,0,0.452279334198,3.47155324043e-06,0.0617021515112,0.0616986799579,,
R_5Qg3F8vwXGPLT2w,diabetes,counterfactual,testing,No Diabetes,Diabetes,20,130302,33.813,"""Glucose"" - 87(0.10661452134) -> 110(0.302159496684)
""Blood Pressure"" - 60(0.260869565217)
""Insulin"" - 75(0.0804256372185) -> 225(0.389755011136)
""BMI"" - 37.2(0.590053385783)
""Age"" - 22(0.027027027027)",0.195544975344,0,0.309329373917,0,0,1,0,1,0,0,,2,0.504874349262,Diabetes,1,0.511097755404,0.000799413265625,0.951105495751,0.950306082485,,
R_6SHQ1D1ZGzH7pWU,diabetes,counterfactual,training,No Diabetes,,1,130109,42.832,"""Glucose"" - 152(0.659241625574)
""Blood Pressure"" - 82(0.739130434783)
""Insulin"" - 272(0.486678214963)
""BMI"" - 41.5(0.741078954763)
""Age"" - 27(0.162162162162)",,,,,,,,,,,"""Glucose"" - 152(0.659241625574)
""Blood Pressure"" - 82(0.739130434783) -> 83(0.760869565217)
""Insulin"" - 272(0.486678214963)
""BMI"" - 41.5(0.741078954763)
""Age"" - 27(0.162162162162) -> 34(0.351351351351)",,,,,,,,,Diabetes,0
R_6SHQ1D1ZGzH7pWU,diabetes,counterfactual,training,Diabetes,,2,130108,22.371,"""Glucose"" - 130(0.472198605679)
""Blood Pressure"" - 78(0.652173913043)
""Insulin"" - 79(0.088674420523)
""BMI"" - 28.4(0.280977802754)
""Age"" - 34(0.351351351351)",,,,,,,,,,,"""Glucose"" - 130(0.472198605679)
""Blood Pressure"" - 78(0.652173913043) -> 75(0.586956521739)
""Insulin"" - 79(0.088674420523)
""BMI"" - 28.4(0.280977802754)
""Age"" - 34(0.351351351351) -> 33(0.324324324324)",,,,,,,,,No Diabetes,0
R_6SHQ1D1ZGzH7pWU,diabetes,counterfactual,training,No Diabetes,,3,130110,17.106,"""Glucose"" - 154(0.676245536473)
""Blood Pressure"" - 62(0.304347826087)
""Insulin"" - 284(0.511424564877)
""BMI"" - 32.8(0.435515594268)
""Age"" - 23(0.0540540540541)",,,,,,,,,,,"""Glucose"" - 154(0.676245536473)
""Blood Pressure"" - 62(0.304347826087) -> 65(0.369565217391)
""Insulin"" - 284(0.511424564877)
""BMI"" - 32.8(0.435515594268)
""Age"" - 23(0.0540540540541) -> 24(0.0810810810811)",,,,,,,,,No Diabetes,1
R_6SHQ1D1ZGzH7pWU,diabetes,counterfactual,training,Diabetes,,4,130106,14.903,"""Glucose"" - 129(0.46369665023)
""Blood Pressure"" - 64(0.347826086957)
""Insulin"" - 115(0.162913470263)
""BMI"" - 26.4(0.210733352065)
""Age"" - 28(0.189189189189)",,,,,,,,,,,"""Glucose"" - 129(0.46369665023)
""Blood Pressure"" - 64(0.347826086957) -> 63(0.326086956522)
""Insulin"" - 115(0.162913470263)
""BMI"" - 26.4(0.210733352065)
""Age"" - 28(0.189189189189) -> 26(0.135135135135)",,,,,,,,,No Diabetes,0
R_6SHQ1D1ZGzH7pWU,diabetes,counterfactual,training,Diabetes,,5,130107,31.712,"""Glucose"" - 109(0.293657541234)
""Blood Pressure"" - 76(0.608695652174)
""Insulin"" - 114(0.160851274437)
""BMI"" - 27.9(0.263416690081)
""Age"" - 31(0.27027027027)",,,,,,,,,,,"""Glucose"" - 109(0.293657541234)
""Blood Pressure"" - 76(0.608695652174) -> 74(0.565217391304)
""Insulin"" - 114(0.160851274437)
""BMI"" - 27.9(0.263416690081)
""Age"" - 31(0.27027027027) -> 30(0.243243243243)",,,,,,,,,No Diabetes,0
R_6SHQ1D1ZGzH7pWU,diabetes,counterfactual,training,No Diabetes,,6,130111,18.354,"""Glucose"" - 146(0.608229892875)
""Blood Pressure"" - 76(0.608695652174)
""Insulin"" - 194(0.325826940526)
""BMI"" - 38.2(0.625175611127)
""Age"" - 29(0.216216216216)",,,,,,,,,,,"""Glucose"" - 146(0.608229892875)
""Blood Pressure"" - 76(0.608695652174) -> 80(0.695652173913)
""Insulin"" - 194(0.325826940526)
""BMI"" - 38.2(0.625175611127)
""Age"" - 29(0.216216216216) -> 30(0.243243243243)",,,,,,,,,Diabetes,0
R_6SHQ1D1ZGzH7pWU,diabetes,counterfactual,training,Diabetes,,7,130102,8.543,"""Glucose"" - 197(1)
""Blood Pressure"" - 70(0.478260869565)
""Insulin"" - 543(1)
""BMI"" - 30.5(0.354734475976)
""Age"" - 53(0.864864864865)",,,,,,,,,,,"""Glucose"" - 197(1) -> 180(0.897296378167)
""Blood Pressure"" - 70(0.478260869565)
""Insulin"" - 543(1) -> 542(1)
""BMI"" - 30.5(0.354734475976)
""Age"" - 53(0.864864864865)",,,,,,,,,Diabetes,1
R_6SHQ1D1ZGzH7pWU,diabetes,counterfactual,training,Diabetes,,8,130100,5.807,"""Glucose"" - 160(0.727257269172)
""Blood Pressure"" - 54(0.130434782609)
""Insulin"" - 175(0.28664521983)
""BMI"" - 30.5(0.354734475976)
""Age"" - 39(0.486486486486)",,,,,,,,,,,"""Glucose"" - 160(0.727257269172) -> 159(0.718755313722)
""Blood Pressure"" - 54(0.130434782609)
""Insulin"" - 175(0.28664521983) -> 147(0.228903736699)
""BMI"" - 30.5(0.354734475976)
""Age"" - 39(0.486486486486)",,,,,,,,,Diabetes,1
R_6SHQ1D1ZGzH7pWU,diabetes,counterfactual,training,No Diabetes,,9,130103,16.521,"""Glucose"" - 100(0.217139942187)
""Blood Pressure"" - 88(0.869565217391)
""Insulin"" - 110(0.152602491133)
""BMI"" - 46.8(0.927226749087)
""Age"" - 31(0.27027027027)",,,,,,,,,,,"""Glucose"" - 100(0.217139942187) -> 101(0.225641897636)
""Blood Pressure"" - 88(0.869565217391)
""Insulin"" - 110(0.152602491133) -> 154(0.243339107482)
""BMI"" - 46.8(0.927226749087)
""Age"" - 31(0.27027027027)",,,,,,,,,Diabetes,0
R_6SHQ1D1ZGzH7pWU,diabetes,counterfactual,training,No Diabetes,,10,130105,17.885,"""Glucose"" - 83(0.0726066995409)
""Blood Pressure"" - 78(0.652173913043)
""Insulin"" - 71(0.072176853914)
""BMI"" - 29.3(0.312587805563)
""Age"" - 36(0.405405405405)",,,,,,,,,,,"""Glucose"" - 83(0.0726066995409) -> 103(0.242645808536)
""Blood Pressure"" - 78(0.652173913043)
""Insulin"" - 71(0.072176853914) -> 72(0.0742390497402)
""BMI"" - 29.3(0.312587805563)
""Age"" - 36(0.405405405405)",,,,,,,,,No Diabetes,1
R_6SHQ1D1ZGzH7pWU,diabetes,counterfactual,training,No Diabetes,,11,130104,7.616,"""Glucose"" - 117(0.361673184833)
""Blood Pressure"" - 64(0.347826086957)
""Insulin"" - 120(0.173224449394)
""BMI"" - 33.2(0.449564484406)
""Age"" - 24(0.0810810810811)",,,,,,,,,,,"""Glucose"" - 117(0.361673184833) -> 120(0.387179051182)
""Blood Pressure"" - 64(0.347826086957)
""Insulin"" - 120(0.173224449394) -> 143(0.220654953394)
""BMI"" - 33.2(0.449564484406)
""Age"" - 24(0.0810810810811)",,,,,,,,,No Diabetes,1
R_6SHQ1D1ZGzH7pWU,diabetes,counterfactual,training,Diabetes,,12,130101,17.492,"""Glucose"" - 136(0.523210338378)
""Blood Pressure"" - 70(0.478260869565)
""Insulin"" - 110(0.152602491133)
""BMI"" - 37.1(0.586541163248)
""Age"" - 43(0.594594594595)",,,,,,,,,,,"""Glucose"" - 136(0.523210338378) -> 130(0.472198605679)
""Blood Pressure"" - 70(0.478260869565)
""Insulin"" - 110(0.152602491133) -> 109(0.150540295306)
""BMI"" - 37.1(0.586541163248)
""Age"" - 43(0.594594594595)",,,,,,,,,No Diabetes,0
R_6SHQ1D1ZGzH7pWU,diabetes,counterfactual,testing,Diabetes,No Diabetes,1,130204,39.568,"""Glucose"" - 133(0.497704472029) -> 110(0.302159496684)
""Blood Pressure"" - 102(1) -> 72(0.521739130435)
""Insulin"" - 140(0.214468365916)
""BMI"" - 32.8(0.435515594268)
""Age"" - 45(0.648648648649) -> 21(0)",-0.195544975344,-0.478260869565,0,0,-0.648648648649,1,1,0,0,1,,3,1.32245449356,No Diabetes,1,1.05218422329,0.00196931166883,0.999999168752,0.998029857083,,
R_6SHQ1D1ZGzH7pWU,diabetes,counterfactual,testing,Diabetes,No Diabetes,2,130202,12.552,"""Glucose"" - 165(0.769767046421) -> 90(0.132120387689)
""Blood Pressure"" - 68(0.434782608696) -> 56(0.173913043478)
""Insulin"" - 168(0.272209849047)
""BMI"" - 33.6(0.463613374543)
""Age"" - 49(0.756756756757) -> 21(0)",-0.637646658732,-0.260869565217,0,0,-0.756756756757,1,1,0,0,1,,3,1.65527298071,No Diabetes,1,1.72307227082,0.00169891992297,0.999983988204,0.998285068281,,
R_6SHQ1D1ZGzH7pWU,diabetes,counterfactual,testing,Diabetes,No Diabetes,3,130201,17.947,"""Glucose"" - 158(0.710253358272) -> 93(0.157626254038)
""Blood Pressure"" - 64(0.347826086957)
""Insulin"" - 387(0.723830734967) -> 114(0.160851274437)
""BMI"" - 31.2(0.379320033717) -> 20.4(0)
""Age"" - 24(0.0810810810811)",-0.552627104234,0,-0.56297946053,-0.379320033717,0,1,0,1,1,0,,3,1.49492659848,No Diabetes,1,1.40346728436,0.0206474394228,0.999999999671,0.979352560248,,
R_6SHQ1D1ZGzH7pWU,diabetes,counterfactual,testing,Diabetes,No Diabetes,4,130206,20.241,"""Glucose"" - 181(0.905798333617) -> 106(0.268151674885)
""Blood Pressure"" - 64(0.347826086957)
""Insulin"" - 180(0.296956198961)
""BMI"" - 34.1(0.481174487216) -> 22.96248(0.09)
""Age"" - 38(0.459459459459) -> 26(0.135135135135)",-0.637646658732,0,0,-0.391174487216,-0.324324324324,1,0,0,1,1,,3,1.35314547027,No Diabetes,1,1.48074843935,0.000759705140061,0.999998233558,0.999238528418,,
R_6SHQ1D1ZGzH7pWU,diabetes,counterfactual,testing,Diabetes,No Diabetes,5,130200,28.7,"""Glucose"" - 187(0.956810066315) -> 114(0.336167318483)
""Blood Pressure"" - 76(0.608695652174) -> 77(0.630434782609)
""Insulin"" - 207(0.352635486266) -> 104(0.140229316176)
""BMI"" - 43.6(0.814835627985) -> 22.10832(0.06)
""Age"" - 53(0.864864864865) -> 26(0.135135135135)",-0.620642747832,0.0217391304348,-0.21240617009,-0.754835627985,-0.72972972973,1,1,1,1,1,,5,2.33935340607,No Diabetes,1,2.24995628778,0.0193316016805,0.999999947982,0.980668346301,,
R_6SHQ1D1ZGzH7pWU,diabetes,counterfactual,testing,Diabetes,No Diabetes,6,130208,20.444,"""Glucose"" - 119(0.378677095732) -> 111(0.310661452134)
""Blood Pressure"" - 50(0.0434782608696)
""Insulin"" - 176(0.288707415656) -> 114(0.160851274437)
""BMI"" - 27.1(0.235318909806) -> 24.6708(0.15)
""Age"" - 33(0.324324324324) -> 24(0.0810810810811)",-0.068015643598,0,-0.127856141219,-0.0853189098061,-0.243243243243,1,0,1,1,1,,4,0.524433937867,No Diabetes,1,0.503282351498,5.14842648366e-05,0.999354343666,0.999302859402,,
R_6SHQ1D1ZGzH7pWU,diabetes,counterfactual,testing,Diabetes,No Diabetes,7,130207,11.244,"""Glucose"" - 173(0.837782690019) -> 105(0.259649719435)
""Blood Pressure"" - 70(0.478260869565)
""Insulin"" - 168(0.272209849047) -> 133(0.200032995133)
""BMI"" - 29.7(0.326636695701)
""Age"" - 33(0.324324324324) -> 28(0.189189189189)",-0.578132970583,0,-0.072176853914,0,-0.135135135135,1,0,1,0,1,,3,0.785444959632,No Diabetes,1,0.736205431951,0.0202974786765,0.988706303303,0.968408824627,,
R_6SHQ1D1ZGzH7pWU,diabetes,counterfactual,testing,Diabetes,No Diabetes,8,130209,18.059,"""Glucose"" - 128(0.45519469478) -> 96(0.183132120388)
""Blood Pressure"" - 98(1) -> 86(0.826086956522)
""Insulin"" - 58(0.0453683081745)
""BMI"" - 32(0.407417813993) -> 26(0.196684461928)
""Age"" - 33(0.324324324324) -> 27(0.162162162162)",-0.272062574392,-0.173913043478,0,-0.210733352065,-0.162162162162,1,1,0,1,1,,4,0.818871132098,No Diabetes,1,0.661996866528,0.00126323358936,0.99999914015,0.99873590656,,
R_6SHQ1D1ZGzH7pWU,diabetes,counterfactual,testing,Diabetes,No Diabetes,9,130203,19.144,"""Glucose"" - 128(0.45519469478) -> 100(0.217139942187)
""Blood Pressure"" - 88(0.869565217391) -> 82(0.739130434783)
""Insulin"" - 110(0.152602491133)
""BMI"" - 36.5(0.565467828042) -> 23.53192(0.11)
""Age"" - 37(0.432432432432) -> 28(0.189189189189)",-0.238054752593,-0.130434782609,0,-0.455467828042,-0.243243243243,1,1,0,1,1,,4,1.06720060649,No Diabetes,1,1.05074937264,0.10151951701,0.999999998759,0.898480481749,,
R_6SHQ1D1ZGzH7pWU,diabetes,counterfactual,testing,Diabetes,No Diabetes,10,130205,19.332,"""Glucose"" - 108(0.285155585785)
""Blood Pressure"" - 44(0) -> 78(0.652173913043)
""Insulin"" - 130(0.193846407655) -> 104(0.140229316176)
""BMI"" - 24(0.126440011239)
""Age"" - 35(0.378378378378) -> 26(0.135135135135)",0,0.652173913043,-0.053617091479,0,-0.243243243243,0,1,1,0,1,,3,0.949034247766,No Diabetes,1,0.867365622619,0.000410874889345,0.999999815856,0.999588940967,,
R_6SHQ1D1ZGzH7pWU,diabetes,counterfactual,testing,No Diabetes,Diabetes,11,130303,10.387,"""Glucose"" - 129(0.46369665023) -> 164(0.761265090971)
""Blood Pressure"" - 74(0.565217391304)
""Insulin"" - 205(0.348511094614)
""BMI"" - 33.2(0.449564484406)
""Age"" - 25(0.108108108108) -> 36(0.405405405405)",0.297568440741,0,0,0,0.297297297297,1,0,0,0,1,,2,0.594865738039,Diabetes,1,0.69827349362,0.000766530678579,0.999447831994,0.998681301316,,
R_6SHQ1D1ZGzH7pWU,diabetes,counterfactual,testing,No Diabetes,Diabetes,12,130301,10.082,"""Glucose"" - 97(0.191634075837) -> 179(0.888794422717)
""Blood Pressure"" - 64(0.347826086957)
""Insulin"" - 100(0.131980532871)
""BMI"" - 36.8(0.576004495645)
""Age"" - 25(0.108108108108) -> 46(0.675675675676)",0.69716034688,0,0,0,0.567567567568,1,0,0,0,1,,2,1.26472791445,Diabetes,1,1.23846253166,0.0306247744831,0.989327334115,0.958702559632,,
R_6SHQ1D1ZGzH7pWU,diabetes,counterfactual,testing,No Diabetes,Diabetes,13,130300,8.249,"""Glucose"" - 115(0.344669273933) -> 154(0.676245536473)
""Blood Pressure"" - 66(0.391304347826)
""Insulin"" - 140(0.214468365916)
""BMI"" - 38.1(0.621663388592)
""Age"" - 28(0.189189189189) -> 48(0.72972972973)",0.33157626254,0,0,0,0.540540540541,1,0,0,0,1,,2,0.872116803081,Diabetes,1,0.797661399859,0.00966080352846,0.992996527137,0.983335723609,,
R_6SHQ1D1ZGzH7pWU,diabetes,counterfactual,testing,No Diabetes,Diabetes,14,130305,12.072,"""Glucose"" - 105(0.259649719435) -> 164(0.761265090971)
""Blood Pressure"" - 72(0.521739130435) -> 94(1)
""Insulin"" - 325(0.595974593747)
""BMI"" - 36.9(0.579516718179)
""Age"" - 28(0.189189189189) -> 52(0.837837837838)",0.501615371535,0.478260869565,0,0,0.648648648649,1,1,0,0,1,,3,1.62852488975,Diabetes,1,1.51512888505,0.000141101260031,0.999999497482,0.999858396222,,
R_6SHQ1D1ZGzH7pWU,diabetes,counterfactual,testing,No Diabetes,Diabetes,15,130308,12.741,"""Glucose"" - 122(0.404182962081) -> 173(0.837782690019)
""Blood Pressure"" - 76(0.608695652174) -> 94(1)
""Insulin"" - 200(0.338200115483)
""BMI"" - 35.9(0.544394492835)
""Age"" - 26(0.135135135135) -> 53(0.864864864865)",0.433599727937,0.391304347826,0,0,0.72972972973,1,1,0,0,1,,3,1.55463380549,Diabetes,1,1.34370548587,3.47155324043e-06,0.999999965594,0.999996494041,,
R_6SHQ1D1ZGzH7pWU,diabetes,counterfactual,testing,No Diabetes,Diabetes,16,130302,12.231,"""Glucose"" - 87(0.10661452134) -> 191(0.990817888114)
""Blood Pressure"" - 60(0.260869565217) -> 85(0.804347826087)
""Insulin"" - 75(0.0804256372185) -> 521(1)
""BMI"" - 37.2(0.590053385783)
""Age"" - 22(0.027027027027) -> 58(1)",0.884203366774,0.54347826087,0.919574362781,0,0.972972972973,1,1,1,0,1,,4,3.3202289634,Diabetes,1,3.32645236954,0.000799413265625,0.529974957704,0.529175544439,,
R_6SHQ1D1ZGzH7pWU,diabetes,counterfactual,testing,No Diabetes,Diabetes,17,130309,14.718,"""Glucose"" - 143(0.582724026526) -> 149(0.633735759225)
""Blood Pressure"" - 86(0.826086956522) -> 94(1)
""Insulin"" - 330(0.606285572878) -> 521(1)
""BMI"" - 30.1(0.340685585839)
""Age"" - 23(0.0540540540541) -> 58(1)",0.0510117326985,0.173913043478,0.393714427122,0,0.945945945946,1,1,1,0,1,,4,1.56458514924,Diabetes,1,1.79842768744,0.000130785916376,0.999831599582,0.999700813665,,
R_6SHQ1D1ZGzH7pWU,diabetes,counterfactual,testing,No Diabetes,Diabetes,18,130307,6.067,"""Glucose"" - 133(0.497704472029) -> 176(0.863288556368)
""Blood Pressure"" - 88(0.869565217391)
""Insulin"" - 155(0.245401303308)
""BMI"" - 32.4(0.42146670413)
""Age"" - 37(0.432432432432) -> 58(1)",0.365584084339,0,0,0,0.567567567568,1,0,0,0,1,,2,0.933151651907,Diabetes,1,1.00919972533,0.00513383899707,0.999999994311,0.994866155314,,
R_6SHQ1D1ZGzH7pWU,diabetes,counterfactual,testing,No Diabetes,Diabetes,19,130304,6.96,"""Glucose"" - 136(0.523210338378) -> 191(0.990817888114)
""Blood Pressure"" - 74(0.565217391304)
""Insulin"" - 204(0.346448898787)
""BMI"" - 37.4(0.597077830851)
""Age"" - 24(0.0810810810811) -> 47(0.702702702703)",0.467607549736,0,0,0,0.621621621622,1,0,0,0,1,,2,1.08922917136,Diabetes,1,1.20321272012,0.00664884006495,0.999971872731,0.993323032666,,
R_6SHQ1D1ZGzH7pWU,diabetes,counterfactual,testing,No Diabetes,Diabetes,20,130306,10.23,"""Glucose"" - 102(0.234143853086) -> 169(0.80377486822)
""Blood Pressure"" - 64(0.347826086957) -> 94(1)
""Insulin"" - 78(0.0866122246969)
""BMI"" - 40.6(0.709468951953)
""Age"" - 21(0) -> 47(0.702702702703)",0.569631015133,0.652173913043,0,0,0.702702702703,1,1,0,0,1,,3,1.92450763088,Diabetes,1,1.92067323004,0.000893085040188,0.999999971948,0.999106886908,,
R_52rQ67BFIWPT81l,diabetes,counterfactual,training,No Diabetes,,1,130110,30.028,"""Glucose"" - 154(0.676245536473)
""Blood Pressure"" - 62(0.304347826087)
""Insulin"" - 284(0.511424564877)
""BMI"" - 32.8(0.435515594268)
""Age"" - 23(0.0540540540541)",,,,,,,,,,,"""Glucose"" - 154(0.676245536473)
""Blood Pressure"" - 62(0.304347826087) -> 65(0.369565217391)
""Insulin"" - 284(0.511424564877)
""BMI"" - 32.8(0.435515594268)
""Age"" - 23(0.0540540540541) -> 24(0.0810810810811)",,,,,,,,,Diabetes,0
R_52rQ67BFIWPT81l,diabetes,counterfactual,training,Diabetes,,2,130108,18.687,"""Glucose"" - 130(0.472198605679)
""Blood Pressure"" - 78(0.652173913043)
""Insulin"" - 79(0.088674420523)
""BMI"" - 28.4(0.280977802754)
""Age"" - 34(0.351351351351)",,,,,,,,,,,"""Glucose"" - 130(0.472198605679)
""Blood Pressure"" - 78(0.652173913043) -> 75(0.586956521739)
""Insulin"" - 79(0.088674420523)
""BMI"" - 28.4(0.280977802754)
""Age"" - 34(0.351351351351) -> 33(0.324324324324)",,,,,,,,,Diabetes,1
R_52rQ67BFIWPT81l,diabetes,counterfactual,training,No Diabetes,,3,130111,25.673,"""Glucose"" - 146(0.608229892875)
""Blood Pressure"" - 76(0.608695652174)
""Insulin"" - 194(0.325826940526)
""BMI"" - 38.2(0.625175611127)
""Age"" - 29(0.216216216216)",,,,,,,,,,,"""Glucose"" - 146(0.608229892875)
""Blood Pressure"" - 76(0.608695652174) -> 80(0.695652173913)
""Insulin"" - 194(0.325826940526)
""BMI"" - 38.2(0.625175611127)
""Age"" - 29(0.216216216216) -> 30(0.243243243243)",,,,,,,,,Diabetes,0
R_52rQ67BFIWPT81l,diabetes,counterfactual,training,Diabetes,,4,130107,23.968,"""Glucose"" - 109(0.293657541234)
""Blood Pressure"" - 76(0.608695652174)
""Insulin"" - 114(0.160851274437)
""BMI"" - 27.9(0.263416690081)
""Age"" - 31(0.27027027027)",,,,,,,,,,,"""Glucose"" - 109(0.293657541234)
""Blood Pressure"" - 76(0.608695652174) -> 74(0.565217391304)
""Insulin"" - 114(0.160851274437)
""BMI"" - 27.9(0.263416690081)
""Age"" - 31(0.27027027027) -> 30(0.243243243243)",,,,,,,,,No Diabetes,0
R_52rQ67BFIWPT81l,diabetes,counterfactual,training,No Diabetes,,5,130109,8.241,"""Glucose"" - 152(0.659241625574)
""Blood Pressure"" - 82(0.739130434783)
""Insulin"" - 272(0.486678214963)
""BMI"" - 41.5(0.741078954763)
""Age"" - 27(0.162162162162)",,,,,,,,,,,"""Glucose"" - 152(0.659241625574)
""Blood Pressure"" - 82(0.739130434783) -> 83(0.760869565217)
""Insulin"" - 272(0.486678214963)
""BMI"" - 41.5(0.741078954763)
""Age"" - 27(0.162162162162) -> 34(0.351351351351)",,,,,,,,,Diabetes,0
R_52rQ67BFIWPT81l,diabetes,counterfactual,training,Diabetes,,6,130106,18.661,"""Glucose"" - 129(0.46369665023)
""Blood Pressure"" - 64(0.347826086957)
""Insulin"" - 115(0.162913470263)
""BMI"" - 26.4(0.210733352065)
""Age"" - 28(0.189189189189)",,,,,,,,,,,"""Glucose"" - 129(0.46369665023)
""Blood Pressure"" - 64(0.347826086957) -> 63(0.326086956522)
""Insulin"" - 115(0.162913470263)
""BMI"" - 26.4(0.210733352065)
""Age"" - 28(0.189189189189) -> 26(0.135135135135)",,,,,,,,,No Diabetes,0
R_52rQ67BFIWPT81l,diabetes,counterfactual,training,No Diabetes,,7,130105,16.359,"""Glucose"" - 83(0.0726066995409)
""Blood Pressure"" - 78(0.652173913043)
""Insulin"" - 71(0.072176853914)
""BMI"" - 29.3(0.312587805563)
""Age"" - 36(0.405405405405)",,,,,,,,,,,"""Glucose"" - 83(0.0726066995409) -> 103(0.242645808536)
""Blood Pressure"" - 78(0.652173913043)
""Insulin"" - 71(0.072176853914) -> 72(0.0742390497402)
""BMI"" - 29.3(0.312587805563)
""Age"" - 36(0.405405405405)",,,,,,,,,Diabetes,0
R_52rQ67BFIWPT81l,diabetes,counterfactual,training,No Diabetes,,8,130103,17.214,"""Glucose"" - 100(0.217139942187)
""Blood Pressure"" - 88(0.869565217391)
""Insulin"" - 110(0.152602491133)
""BMI"" - 46.8(0.927226749087)
""Age"" - 31(0.27027027027)",,,,,,,,,,,"""Glucose"" - 100(0.217139942187) -> 101(0.225641897636)
""Blood Pressure"" - 88(0.869565217391)
""Insulin"" - 110(0.152602491133) -> 154(0.243339107482)
""BMI"" - 46.8(0.927226749087)
""Age"" - 31(0.27027027027)",,,,,,,,,Diabetes,0
R_52rQ67BFIWPT81l,diabetes,counterfactual,training,Diabetes,,9,130101,7.9,"""Glucose"" - 136(0.523210338378)
""Blood Pressure"" - 70(0.478260869565)
""Insulin"" - 110(0.152602491133)
""BMI"" - 37.1(0.586541163248)
""Age"" - 43(0.594594594595)",,,,,,,,,,,"""Glucose"" - 136(0.523210338378) -> 130(0.472198605679)
""Blood Pressure"" - 70(0.478260869565)
""Insulin"" - 110(0.152602491133) -> 109(0.150540295306)
""BMI"" - 37.1(0.586541163248)
""Age"" - 43(0.594594594595)",,,,,,,,,Diabetes,1
R_52rQ67BFIWPT81l,diabetes,counterfactual,training,No Diabetes,,10,130104,6.864,"""Glucose"" - 117(0.361673184833)
""Blood Pressure"" - 64(0.347826086957)
""Insulin"" - 120(0.173224449394)
""BMI"" - 33.2(0.449564484406)
""Age"" - 24(0.0810810810811)",,,,,,,,,,,"""Glucose"" - 117(0.361673184833) -> 120(0.387179051182)
""Blood Pressure"" - 64(0.347826086957)
""Insulin"" - 120(0.173224449394) -> 143(0.220654953394)
""BMI"" - 33.2(0.449564484406)
""Age"" - 24(0.0810810810811)",,,,,,,,,No Diabetes,1
R_52rQ67BFIWPT81l,diabetes,counterfactual,training,Diabetes,,11,130100,12.438,"""Glucose"" - 160(0.727257269172)
""Blood Pressure"" - 54(0.130434782609)
""Insulin"" - 175(0.28664521983)
""BMI"" - 30.5(0.354734475976)
""Age"" - 39(0.486486486486)",,,,,,,,,,,"""Glucose"" - 160(0.727257269172) -> 159(0.718755313722)
""Blood Pressure"" - 54(0.130434782609)
""Insulin"" - 175(0.28664521983) -> 147(0.228903736699)
""BMI"" - 30.5(0.354734475976)
""Age"" - 39(0.486486486486)",,,,,,,,,Diabetes,1
R_52rQ67BFIWPT81l,diabetes,counterfactual,training,Diabetes,,12,130102,4.927,"""Glucose"" - 197(1)
""Blood Pressure"" - 70(0.478260869565)
""Insulin"" - 543(1)
""BMI"" - 30.5(0.354734475976)
""Age"" - 53(0.864864864865)",,,,,,,,,,,"""Glucose"" - 197(1) -> 180(0.897296378167)
""Blood Pressure"" - 70(0.478260869565)
""Insulin"" - 543(1) -> 542(1)
""BMI"" - 30.5(0.354734475976)
""Age"" - 53(0.864864864865)",,,,,,,,,Diabetes,1
R_52rQ67BFIWPT81l,diabetes,counterfactual,testing,Diabetes,No Diabetes,1,130203,23.386,"""Glucose"" - 128(0.45519469478) -> 111(0.310661452134)
""Blood Pressure"" - 88(0.869565217391) -> 61(0.282608695652)
""Insulin"" - 110(0.152602491133)
""BMI"" - 36.5(0.565467828042) -> 26.66384(0.22)
""Age"" - 37(0.432432432432)",-0.144533242646,-0.586956521739,0,-0.345467828042,0,1,1,0,1,0,,3,1.07695759243,No Diabetes,1,1.06050635858,0.10151951701,0.999987608303,0.898468091293,,
R_52rQ67BFIWPT81l,diabetes,counterfactual,testing,Diabetes,No Diabetes,2,130204,9.53,"""Glucose"" - 133(0.497704472029) -> 118(0.370175140282)
""Blood Pressure"" - 102(1) -> 59(0.239130434783)
""Insulin"" - 140(0.214468365916)
""BMI"" - 32.8(0.435515594268) -> 29.51104(0.32)
""Age"" - 45(0.648648648649)",-0.127529331746,-0.760869565217,0,-0.115515594268,0,1,1,0,1,0,,3,1.00391449123,No Diabetes,1,1.2741847615,0.00196931166883,0.999956214783,0.997986903114,,
R_52rQ67BFIWPT81l,diabetes,counterfactual,testing,Diabetes,No Diabetes,3,130205,9.246,"""Glucose"" - 108(0.285155585785)
""Blood Pressure"" - 44(0) -> 55(0.152173913043)
""Insulin"" - 130(0.193846407655)
""BMI"" - 24(0.126440011239) -> 26(0.196684461928)
""Age"" - 35(0.378378378378)",0,0.152173913043,0,0.0702444506884,0,0,1,0,1,0,,2,0.222418363732,No Diabetes,1,0.140749738585,0.000410874889345,0.774177163118,0.773766288229,,
R_52rQ67BFIWPT81l,diabetes,counterfactual,testing,Diabetes,No Diabetes,4,130200,13.082,"""Glucose"" - 187(0.956810066315) -> 118(0.370175140282)
""Blood Pressure"" - 76(0.608695652174) -> 59(0.239130434783)
""Insulin"" - 207(0.352635486266) -> 143(0.220654953394)
""BMI"" - 43.6(0.814835627985) -> 29.79576(0.33)
""Age"" - 53(0.864864864865)",-0.586634926033,-0.369565217391,-0.131980532871,-0.484835627985,0,1,1,1,1,0,,4,1.57301630428,No Diabetes,1,1.48361918599,0.0193316016805,0.99999998162,0.98066837994,,
R_52rQ67BFIWPT81l,diabetes,counterfactual,testing,Diabetes,No Diabetes,5,130201,10.521,"""Glucose"" - 158(0.710253358272) -> 105(0.259649719435)
""Blood Pressure"" - 64(0.347826086957) -> 59(0.239130434783)
""Insulin"" - 387(0.723830734967) -> 128(0.189722016003)
""BMI"" - 31.2(0.379320033717) -> 27.80272(0.26)
""Age"" - 24(0.0810810810811)",-0.450603638837,-0.108695652174,-0.534108718964,-0.119320033717,0,1,1,1,1,0,,4,1.21272804369,No Diabetes,1,1.12126872957,0.0206474394228,0.999906450977,0.979259011555,,
R_52rQ67BFIWPT81l,diabetes,counterfactual,testing,Diabetes,No Diabetes,6,130206,7.027,"""Glucose"" - 181(0.905798333617) -> 112(0.319163407584)
""Blood Pressure"" - 64(0.347826086957)
""Insulin"" - 180(0.296956198961)
""BMI"" - 34.1(0.481174487216) -> 29.79576(0.33)
""Age"" - 38(0.459459459459)",-0.586634926033,0,0,-0.151174487216,0,1,0,0,1,0,,2,0.737809413248,No Diabetes,1,0.865412382322,0.000759705140061,0.735266288913,0.734506583773,,
R_52rQ67BFIWPT81l,diabetes,counterfactual,testing,Diabetes,No Diabetes,7,130208,8.116,"""Glucose"" - 119(0.378677095732) -> 106(0.268151674885)
""Blood Pressure"" - 50(0.0434782608696) -> 59(0.239130434783)
""Insulin"" - 176(0.288707415656)
""BMI"" - 27.1(0.235318909806) -> 30.08048(0.34)
""Age"" - 33(0.324324324324)",-0.110525420847,0.195652173913,0,0.104681090194,0,1,1,0,1,0,,3,0.410858684954,Diabetes,0,0.432010271323,5.14842648366e-05,0.368233729057,0.368182244792,,
R_52rQ67BFIWPT81l,diabetes,counterfactual,testing,Diabetes,No Diabetes,8,130209,13.871,"""Glucose"" - 128(0.45519469478) -> 98(0.200136031287)
""Blood Pressure"" - 98(1) -> 58(0.217391304348)
""Insulin"" - 58(0.0453683081745) -> 138(0.210343974264)
""BMI"" - 32(0.407417813993) -> 28(0.266928912616)
""Age"" - 33(0.324324324324) -> 29(0.216216216216)",-0.255058663493,-0.782608695652,0.164975666089,-0.140488901377,-0.108108108108,1,1,1,1,1,,5,1.45124003472,No Diabetes,1,1.04407199712,0.00126323358936,0.990861528713,0.989598295124,,
R_52rQ67BFIWPT81l,diabetes,counterfactual,testing,Diabetes,No Diabetes,9,130202,11.291,"""Glucose"" - 165(0.769767046421) -> 109(0.293657541234)
""Blood Pressure"" - 68(0.434782608696) -> 62(0.304347826087)
""Insulin"" - 168(0.272209849047) -> 148(0.230965932525)
""BMI"" - 33.6(0.463613374543) -> 27.80272(0.26)
""Age"" - 49(0.756756756757)",-0.476109505186,-0.130434782609,-0.0412439165223,-0.203613374543,0,1,1,1,1,0,,4,0.851401578861,No Diabetes,1,0.919200868977,0.00169891992297,0.999999939282,0.998301019359,,
R_52rQ67BFIWPT81l,diabetes,counterfactual,testing,Diabetes,No Diabetes,10,130207,7.196,"""Glucose"" - 173(0.837782690019) -> 106(0.268151674885)
""Blood Pressure"" - 70(0.478260869565) -> 60(0.260869565217)
""Insulin"" - 168(0.272209849047)
""BMI"" - 29.7(0.326636695701)
""Age"" - 33(0.324324324324)",-0.569631015133,-0.217391304348,0,0,0,1,1,0,0,0,,2,0.787022319481,No Diabetes,1,0.853265758062,0.0202974786765,0.967807458299,0.947509979622,,
R_52rQ67BFIWPT81l,diabetes,counterfactual,testing,No Diabetes,Diabetes,11,130308,48.576,"""Glucose"" - 122(0.404182962081) -> 131(0.480700561129)
""Blood Pressure"" - 76(0.608695652174) -> 77(0.630434782609)
""Insulin"" - 200(0.338200115483) -> 254(0.449558690093)
""BMI"" - 35.9(0.544394492835)
""Age"" - 26(0.135135135135) -> 34(0.351351351351)",0.0765175990478,0.0217391304348,0.11135857461,0,0.216216216216,1,1,1,0,1,,4,0.425831520309,No Diabetes,0,0.214903200685,3.47155324043e-06,0.00610442297882,0.00610095142558,,
R_52rQ67BFIWPT81l,diabetes,counterfactual,testing,No Diabetes,Diabetes,12,130309,36.714,"""Glucose"" - 143(0.582724026526) -> 122(0.404182962081)
""Blood Pressure"" - 86(0.826086956522) -> 63(0.326086956522)
""Insulin"" - 330(0.606285572878) -> 206(0.35057329044)
""BMI"" - 30.1(0.340685585839) -> 26.94856(0.23)
""Age"" - 23(0.0540540540541)",-0.178541064445,-0.5,-0.255712282438,-0.110685585839,0,1,1,1,1,0,,4,1.04493893272,No Diabetes,0,0.811096394532,0.000130785916376,2.51433867715e-05,-0.000105642529605,,
R_52rQ67BFIWPT81l,diabetes,counterfactual,testing,No Diabetes,Diabetes,13,130303,21.98,"""Glucose"" - 129(0.46369665023) -> 107(0.276653630335)
""Blood Pressure"" - 74(0.565217391304) -> 65(0.369565217391)
""Insulin"" - 205(0.348511094614) -> 162(0.259836674091)
""BMI"" - 33.2(0.449564484406) -> 29.51104(0.32)
""Age"" - 25(0.108108108108) -> 24(0.0810810810811)",-0.187043019895,-0.195652173913,-0.088674420523,-0.129564484406,-0.027027027027,1,1,1,1,1,,5,0.627961125763,No Diabetes,0,0.524553370182,0.000766530678579,8.88175593327e-05,-0.000677713119247,,
R_52rQ67BFIWPT81l,diabetes,counterfactual,testing,No Diabetes,Diabetes,14,130306,18.31,"""Glucose"" - 102(0.234143853086)
""Blood Pressure"" - 64(0.347826086957)
""Insulin"" - 78(0.0866122246969)
""BMI"" - 40.6(0.709468951953) -> 29.51104(0.32)
""Age"" - 21(0)",0,0,0,-0.389468951953,0,0,0,0,1,0,,1,0.389468951953,No Diabetes,0,0.504661927406,0.000893085040188,0.00592762799264,0.00503454295245,,
R_52rQ67BFIWPT81l,diabetes,counterfactual,testing,No Diabetes,Diabetes,15,130302,7.9,"""Glucose"" - 87(0.10661452134)
""Blood Pressure"" - 60(0.260869565217)
""Insulin"" - 75(0.0804256372185)
""BMI"" - 37.2(0.590053385783) -> 32.35824(0.42)
""Age"" - 22(0.027027027027)",0,0,0,-0.170053385783,0,0,0,0,1,0,,1,0.170053385783,No Diabetes,0,0.312308079121,0.000799413265625,0.00121223404126,0.000412820775638,,
R_52rQ67BFIWPT81l,diabetes,counterfactual,testing,No Diabetes,Diabetes,16,130307,13.329,"""Glucose"" - 133(0.497704472029) -> 106(0.268151674885)
""Blood Pressure"" - 88(0.869565217391) -> 68(0.434782608696)
""Insulin"" - 155(0.245401303308)
""BMI"" - 32.4(0.42146670413)
""Age"" - 37(0.432432432432)",-0.229552797143,-0.434782608696,0,0,0,1,1,0,0,0,,2,0.664335405839,No Diabetes,0,0.757387390159,0.00513383899707,0.314062199238,0.308928360241,,
R_52rQ67BFIWPT81l,diabetes,counterfactual,testing,No Diabetes,Diabetes,17,130304,9.958,"""Glucose"" - 136(0.523210338378) -> 116(0.353171229383)
""Blood Pressure"" - 74(0.565217391304) -> 63(0.326086956522)
""Insulin"" - 204(0.346448898787)
""BMI"" - 37.4(0.597077830851) -> 29.79576(0.33)
""Age"" - 24(0.0810810810811)",-0.170039108995,-0.239130434783,0,-0.267077830851,0,1,1,0,1,0,,3,0.676247374629,No Diabetes,0,0.616317879917,0.00664884006495,0.00206143875573,-0.00458740130922,,
R_52rQ67BFIWPT81l,diabetes,counterfactual,testing,No Diabetes,Diabetes,18,130300,13.654,"""Glucose"" - 115(0.344669273933)
""Blood Pressure"" - 66(0.391304347826) -> 58(0.217391304348)
""Insulin"" - 140(0.214468365916)
""BMI"" - 38.1(0.621663388592) -> 26.0944(0.2)
""Age"" - 28(0.189189189189)",0,-0.173913043478,0,-0.421663388592,0,0,1,0,1,0,,2,0.595576432071,No Diabetes,0,0.674156226944,0.00966080352846,0.0152382992937,0.00557749576522,,
R_52rQ67BFIWPT81l,diabetes,counterfactual,testing,No Diabetes,Diabetes,19,130305,12.129,"""Glucose"" - 105(0.259649719435)
""Blood Pressure"" - 72(0.521739130435) -> 61(0.282608695652)
""Insulin"" - 325(0.595974593747) -> 196(0.329951332179)
""BMI"" - 36.9(0.579516718179) -> 30.08048(0.34)
""Age"" - 28(0.189189189189)",0,-0.239130434783,-0.266023261569,-0.239516718179,0,0,1,1,1,0,,3,0.744670414531,No Diabetes,0,0.858066419231,0.000141101260031,0.0243588372613,0.0242177360013,,
R_52rQ67BFIWPT81l,diabetes,counterfactual,testing,No Diabetes,Diabetes,20,130301,5.48,"""Glucose"" - 97(0.191634075837)
""Blood Pressure"" - 64(0.347826086957) -> 60(0.260869565217)
""Insulin"" - 100(0.131980532871)
""BMI"" - 36.8(0.576004495645) -> 29.51104(0.32)
""Age"" - 25(0.108108108108)",0,-0.0869565217391,0,-0.256004495645,0,0,1,0,1,0,,2,0.342961017384,No Diabetes,0,0.418719099996,0.0306247744831,0.00856858378396,-0.0220561906992,,
R_1CWrMhp5nGpISLk,diabetes,counterfactual,training,No Diabetes,,1,130110,57.759,"""Glucose"" - 154(0.676245536473)
""Blood Pressure"" - 62(0.304347826087)
""Insulin"" - 284(0.511424564877)
""BMI"" - 32.8(0.435515594268)
""Age"" - 23(0.0540540540541)",,,,,,,,,,,"""Glucose"" - 154(0.676245536473)
""Blood Pressure"" - 62(0.304347826087) -> 65(0.369565217391)
""Insulin"" - 284(0.511424564877)
""BMI"" - 32.8(0.435515594268)
""Age"" - 23(0.0540540540541) -> 24(0.0810810810811)",,,,,,,,,Diabetes,0
R_1CWrMhp5nGpISLk,diabetes,counterfactual,training,Diabetes,,2,130107,32.336,"""Glucose"" - 109(0.293657541234)
""Blood Pressure"" - 76(0.608695652174)
""Insulin"" - 114(0.160851274437)
""BMI"" - 27.9(0.263416690081)
""Age"" - 31(0.27027027027)",,,,,,,,,,,"""Glucose"" - 109(0.293657541234)
""Blood Pressure"" - 76(0.608695652174) -> 74(0.565217391304)
""Insulin"" - 114(0.160851274437)
""BMI"" - 27.9(0.263416690081)
""Age"" - 31(0.27027027027) -> 30(0.243243243243)",,,,,,,,,No Diabetes,0
R_1CWrMhp5nGpISLk,diabetes,counterfactual,training,Diabetes,,3,130106,18.683,"""Glucose"" - 129(0.46369665023)
""Blood Pressure"" - 64(0.347826086957)
""Insulin"" - 115(0.162913470263)
""BMI"" - 26.4(0.210733352065)
""Age"" - 28(0.189189189189)",,,,,,,,,,,"""Glucose"" - 129(0.46369665023)
""Blood Pressure"" - 64(0.347826086957) -> 63(0.326086956522)
""Insulin"" - 115(0.162913470263)
""BMI"" - 26.4(0.210733352065)
""Age"" - 28(0.189189189189) -> 26(0.135135135135)",,,,,,,,,No Diabetes,0
R_1CWrMhp5nGpISLk,diabetes,counterfactual,training,Diabetes,,4,130108,25.053,"""Glucose"" - 130(0.472198605679)
""Blood Pressure"" - 78(0.652173913043)
""Insulin"" - 79(0.088674420523)
""BMI"" - 28.4(0.280977802754)
""Age"" - 34(0.351351351351)",,,,,,,,,,,"""Glucose"" - 130(0.472198605679)
""Blood Pressure"" - 78(0.652173913043) -> 75(0.586956521739)
""Insulin"" - 79(0.088674420523)
""BMI"" - 28.4(0.280977802754)
""Age"" - 34(0.351351351351) -> 33(0.324324324324)",,,,,,,,,Diabetes,1
R_1CWrMhp5nGpISLk,diabetes,counterfactual,training,No Diabetes,,5,130111,37.154,"""Glucose"" - 146(0.608229892875)
""Blood Pressure"" - 76(0.608695652174)
""Insulin"" - 194(0.325826940526)
""BMI"" - 38.2(0.625175611127)
""Age"" - 29(0.216216216216)",,,,,,,,,,,"""Glucose"" - 146(0.608229892875)
""Blood Pressure"" - 76(0.608695652174) -> 80(0.695652173913)
""Insulin"" - 194(0.325826940526)
""BMI"" - 38.2(0.625175611127)
""Age"" - 29(0.216216216216) -> 30(0.243243243243)",,,,,,,,,Diabetes,0
R_1CWrMhp5nGpISLk,diabetes,counterfactual,training,No Diabetes,,6,130109,15.415,"""Glucose"" - 152(0.659241625574)
""Blood Pressure"" - 82(0.739130434783)
""Insulin"" - 272(0.486678214963)
""BMI"" - 41.5(0.741078954763)
""Age"" - 27(0.162162162162)",,,,,,,,,,,"""Glucose"" - 152(0.659241625574)
""Blood Pressure"" - 82(0.739130434783) -> 83(0.760869565217)
""Insulin"" - 272(0.486678214963)
""BMI"" - 41.5(0.741078954763)
""Age"" - 27(0.162162162162) -> 34(0.351351351351)",,,,,,,,,Diabetes,0
R_1CWrMhp5nGpISLk,diabetes,counterfactual,training,Diabetes,,7,130101,21.759,"""Glucose"" - 136(0.523210338378)
""Blood Pressure"" - 70(0.478260869565)
""Insulin"" - 110(0.152602491133)
""BMI"" - 37.1(0.586541163248)
""Age"" - 43(0.594594594595)",,,,,,,,,,,"""Glucose"" - 136(0.523210338378) -> 130(0.472198605679)
""Blood Pressure"" - 70(0.478260869565)
""Insulin"" - 110(0.152602491133) -> 109(0.150540295306)
""BMI"" - 37.1(0.586541163248)
""Age"" - 43(0.594594594595)",,,,,,,,,Diabetes,1
R_1CWrMhp5nGpISLk,diabetes,counterfactual,training,No Diabetes,,8,130105,15.792,"""Glucose"" - 83(0.0726066995409)
""Blood Pressure"" - 78(0.652173913043)
""Insulin"" - 71(0.072176853914)
""BMI"" - 29.3(0.312587805563)
""Age"" - 36(0.405405405405)",,,,,,,,,,,"""Glucose"" - 83(0.0726066995409) -> 103(0.242645808536)
""Blood Pressure"" - 78(0.652173913043)
""Insulin"" - 71(0.072176853914) -> 72(0.0742390497402)
""BMI"" - 29.3(0.312587805563)
""Age"" - 36(0.405405405405)",,,,,,,,,Diabetes,0
R_1CWrMhp5nGpISLk,diabetes,counterfactual,training,Diabetes,,9,130100,23.187,"""Glucose"" - 160(0.727257269172)
""Blood Pressure"" - 54(0.130434782609)
""Insulin"" - 175(0.28664521983)
""BMI"" - 30.5(0.354734475976)
""Age"" - 39(0.486486486486)",,,,,,,,,,,"""Glucose"" - 160(0.727257269172) -> 159(0.718755313722)
""Blood Pressure"" - 54(0.130434782609)
""Insulin"" - 175(0.28664521983) -> 147(0.228903736699)
""BMI"" - 30.5(0.354734475976)
""Age"" - 39(0.486486486486)",,,,,,,,,No Diabetes,0
R_1CWrMhp5nGpISLk,diabetes,counterfactual,training,No Diabetes,,10,130104,25.922,"""Glucose"" - 117(0.361673184833)
""Blood Pressure"" - 64(0.347826086957)
""Insulin"" - 120(0.173224449394)
""BMI"" - 33.2(0.449564484406)
""Age"" - 24(0.0810810810811)",,,,,,,,,,,"""Glucose"" - 117(0.361673184833) -> 120(0.387179051182)
""Blood Pressure"" - 64(0.347826086957)
""Insulin"" - 120(0.173224449394) -> 143(0.220654953394)
""BMI"" - 33.2(0.449564484406)
""Age"" - 24(0.0810810810811)",,,,,,,,,No Diabetes,1
R_1CWrMhp5nGpISLk,diabetes,counterfactual,training,Diabetes,,11,130102,11.629,"""Glucose"" - 197(1)
""Blood Pressure"" - 70(0.478260869565)
""Insulin"" - 543(1)
""BMI"" - 30.5(0.354734475976)
""Age"" - 53(0.864864864865)",,,,,,,,,,,"""Glucose"" - 197(1) -> 180(0.897296378167)
""Blood Pressure"" - 70(0.478260869565)
""Insulin"" - 543(1) -> 542(1)
""BMI"" - 30.5(0.354734475976)
""Age"" - 53(0.864864864865)",,,,,,,,,Diabetes,1
R_1CWrMhp5nGpISLk,diabetes,counterfactual,training,No Diabetes,,12,130103,12.886,"""Glucose"" - 100(0.217139942187)
""Blood Pressure"" - 88(0.869565217391)
""Insulin"" - 110(0.152602491133)
""BMI"" - 46.8(0.927226749087)
""Age"" - 31(0.27027027027)",,,,,,,,,,,"""Glucose"" - 100(0.217139942187) -> 101(0.225641897636)
""Blood Pressure"" - 88(0.869565217391)
""Insulin"" - 110(0.152602491133) -> 154(0.243339107482)
""BMI"" - 46.8(0.927226749087)
""Age"" - 31(0.27027027027)",,,,,,,,,Diabetes,0
R_1CWrMhp5nGpISLk,diabetes,counterfactual,testing,Diabetes,No Diabetes,1,130200,59.883,"""Glucose"" - 187(0.956810066315) -> 142(0.574222071076)
""Blood Pressure"" - 76(0.608695652174) -> 71(0.5)
""Insulin"" - 207(0.352635486266)
""BMI"" - 43.6(0.814835627985)
""Age"" - 53(0.864864864865)",-0.382587995239,-0.108695652174,0,0,0,1,1,0,0,0,,2,0.491283647413,No Diabetes,1,0.401886529118,0.0193316016805,0.980140921888,0.960809320207,,
R_1CWrMhp5nGpISLk,diabetes,counterfactual,testing,Diabetes,No Diabetes,2,130205,37.795,"""Glucose"" - 108(0.285155585785)
""Blood Pressure"" - 44(0)
""Insulin"" - 130(0.193846407655)
""BMI"" - 24(0.126440011239)
""Age"" - 35(0.378378378378) -> 29(0.216216216216)",0,0,0,0,-0.162162162162,0,0,0,0,1,,1,0.162162162162,Diabetes,0,0.297884841363,0.000410874889345,0.00443199310912,0.00402111821977,,
R_1CWrMhp5nGpISLk,diabetes,counterfactual,testing,Diabetes,No Diabetes,3,130202,32.854,"""Glucose"" - 165(0.769767046421) -> 145(0.599727937426)
""Blood Pressure"" - 68(0.434782608696)
""Insulin"" - 168(0.272209849047) -> 133(0.200032995133)
""BMI"" - 33.6(0.463613374543)
""Age"" - 49(0.756756756757) -> 39(0.486486486486)",-0.170039108995,0,-0.072176853914,0,-0.27027027027,1,0,1,0,1,,3,0.512486233179,Diabetes,0,0.580285523296,0.00169891992297,0.101591630195,0.0998927102719,,
R_1CWrMhp5nGpISLk,diabetes,counterfactual,testing,Diabetes,No Diabetes,4,130208,20.944,"""Glucose"" - 119(0.378677095732)
""Blood Pressure"" - 50(0.0434782608696)
""Insulin"" - 176(0.288707415656)
""BMI"" - 27.1(0.235318909806)
""Age"" - 33(0.324324324324) -> 28(0.189189189189)",0,0,0,0,-0.135135135135,0,0,0,0,1,,1,0.135135135135,Diabetes,0,0.113983548766,5.14842648366e-05,0.0470184382159,0.0469669539511,,
R_1CWrMhp5nGpISLk,diabetes,counterfactual,testing,Diabetes,No Diabetes,5,130206,53.387,"""Glucose"" - 181(0.905798333617) -> 146(0.608229892875)
""Blood Pressure"" - 64(0.347826086957)
""Insulin"" - 180(0.296956198961) -> 162(0.259836674091)
""BMI"" - 34.1(0.481174487216)
""Age"" - 38(0.459459459459) -> 29(0.216216216216)",-0.297568440741,0,-0.0371195248701,0,-0.243243243243,1,0,1,0,1,,3,0.577931208855,Diabetes,0,0.631295128188,0.000759705140061,0.015323111862,0.0145634067219,,
R_1CWrMhp5nGpISLk,diabetes,counterfactual,testing,Diabetes,No Diabetes,6,130204,22.594,"""Glucose"" - 133(0.497704472029)
""Blood Pressure"" - 102(1) -> 72(0.521739130435)
""Insulin"" - 140(0.214468365916)
""BMI"" - 32.8(0.435515594268)
""Age"" - 45(0.648648648649) -> 35(0.378378378378)",0,-0.478260869565,0,0,-0.27027027027,0,1,0,0,1,,2,0.748531139835,No Diabetes,1,0.478260869565,0.00196931166883,0.909490698716,0.907521387047,,
R_1CWrMhp5nGpISLk,diabetes,counterfactual,testing,Diabetes,No Diabetes,7,130201,29.102,"""Glucose"" - 158(0.710253358272) -> 138(0.540214249277)
""Blood Pressure"" - 64(0.347826086957)
""Insulin"" - 387(0.723830734967) -> 337(0.620720943661)
""BMI"" - 31.2(0.379320033717) -> 25.52496(0.18)
""Age"" - 24(0.0810810810811)",-0.170039108995,0,-0.103109791306,-0.199320033717,0,1,0,1,1,0,,3,0.472468934018,No Diabetes,1,0.381009619897,0.0206474394228,0.999999978241,0.979352538818,,
R_1CWrMhp5nGpISLk,diabetes,counterfactual,testing,Diabetes,No Diabetes,8,130207,32.613,"""Glucose"" - 173(0.837782690019) -> 133(0.497704472029)
""Blood Pressure"" - 70(0.478260869565)
""Insulin"" - 168(0.272209849047)
""BMI"" - 29.7(0.326636695701)
""Age"" - 33(0.324324324324) -> 29(0.216216216216)",-0.34007821799,0,0,0,-0.108108108108,1,0,0,0,1,,2,0.448186326098,No Diabetes,1,0.514429764679,0.0202974786765,0.549217801361,0.528920322684,,
R_1CWrMhp5nGpISLk,diabetes,counterfactual,testing,Diabetes,No Diabetes,9,130209,20.25,"""Glucose"" - 128(0.45519469478)
""Blood Pressure"" - 98(1) -> 73(0.54347826087)
""Insulin"" - 58(0.0453683081745)
""BMI"" - 32(0.407417813993)
""Age"" - 33(0.324324324324) -> 30(0.243243243243)",0,-0.45652173913,0,0,-0.0810810810811,0,1,0,0,1,,2,0.537602820212,Diabetes,0,0.184488836663,0.00126323358936,0.367528138291,0.366264904701,,
R_1CWrMhp5nGpISLk,diabetes,counterfactual,testing,Diabetes,No Diabetes,10,130203,24.22,"""Glucose"" - 128(0.45519469478)
""Blood Pressure"" - 88(0.869565217391) -> 78(0.652173913043)
""Insulin"" - 110(0.152602491133)
""BMI"" - 36.5(0.565467828042)
""Age"" - 37(0.432432432432) -> 29(0.216216216216)",0,-0.217391304348,0,0,-0.216216216216,0,1,0,0,1,,2,0.433607520564,No Diabetes,1,0.417156286722,0.10151951701,0.930758971845,0.829239454835,,
R_1CWrMhp5nGpISLk,diabetes,counterfactual,testing,No Diabetes,Diabetes,11,130306,35.261,"""Glucose"" - 102(0.234143853086)
""Blood Pressure"" - 64(0.347826086957)
""Insulin"" - 78(0.0866122246969)
""BMI"" - 40.6(0.709468951953) -> 32.07352(0.41)
""Age"" - 21(0)",0,0,0,-0.299468951953,0,0,0,0,1,0,,1,0.299468951953,No Diabetes,0,0.414661927406,0.000893085040188,0.0407959352712,0.039902850231,,
R_1CWrMhp5nGpISLk,diabetes,counterfactual,testing,No Diabetes,Diabetes,12,130300,61.496,"""Glucose"" - 115(0.344669273933) -> 106(0.268151674885)
""Blood Pressure"" - 66(0.391304347826)
""Insulin"" - 140(0.214468365916)
""BMI"" - 38.1(0.621663388592) -> 28.08744(0.27)
""Age"" - 28(0.189189189189)",-0.0765175990478,0,0,-0.351663388592,0,1,0,0,1,0,,2,0.42818098764,No Diabetes,0,0.506760782514,0.00966080352846,0.00864345284089,-0.00101735068758,,
R_1CWrMhp5nGpISLk,diabetes,counterfactual,testing,No Diabetes,Diabetes,13,130307,34.528,"""Glucose"" - 133(0.497704472029) -> 123(0.412684917531)
""Blood Pressure"" - 88(0.869565217391) -> 63(0.326086956522)
""Insulin"" - 155(0.245401303308)
""BMI"" - 32.4(0.42146670413) -> 26.37912(0.21)
""Age"" - 37(0.432432432432)",-0.0850195544975,-0.54347826087,0,-0.21146670413,0,1,1,0,1,0,,3,0.839964519497,No Diabetes,0,0.933016503818,0.00513383899707,0.0269771742192,0.0218433352221,,
R_1CWrMhp5nGpISLk,diabetes,counterfactual,testing,No Diabetes,Diabetes,14,130301,9.328,"""Glucose"" - 97(0.191634075837)
""Blood Pressure"" - 64(0.347826086957)
""Insulin"" - 100(0.131980532871)
""BMI"" - 36.8(0.576004495645) -> 29.79576(0.33)
""Age"" - 25(0.108108108108)",0,0,0,-0.246004495645,0,0,0,0,1,0,,1,0.246004495645,No Diabetes,0,0.321762578257,0.0306247744831,0.00184173134387,-0.0287830431393,,
R_1CWrMhp5nGpISLk,diabetes,counterfactual,testing,No Diabetes,Diabetes,15,130303,22.185,"""Glucose"" - 129(0.46369665023)
""Blood Pressure"" - 74(0.565217391304)
""Insulin"" - 205(0.348511094614) -> 152(0.239214715829)
""BMI"" - 33.2(0.449564484406) -> 28.65688(0.29)
""Age"" - 25(0.108108108108)",0,0,-0.109296378784,-0.159564484406,0,0,0,1,1,0,,2,0.26886086319,No Diabetes,0,0.426322672826,0.000766530678579,0.0144117015476,0.0136451708691,,
R_1CWrMhp5nGpISLk,diabetes,counterfactual,testing,No Diabetes,Diabetes,16,130309,31.578,"""Glucose"" - 143(0.582724026526) -> 127(0.44669273933)
""Blood Pressure"" - 86(0.826086956522) -> 75(0.586956521739)
""Insulin"" - 330(0.606285572878)
""BMI"" - 30.1(0.340685585839) -> 24.95552(0.16)
""Age"" - 23(0.0540540540541)",-0.136031287196,-0.239130434783,0,-0.180685585839,0,1,1,0,1,0,,3,0.555847307817,No Diabetes,0,0.365483030497,0.000130785916376,8.59422902955e-07,-0.000129926493473,,
R_1CWrMhp5nGpISLk,diabetes,counterfactual,testing,No Diabetes,Diabetes,17,130308,10.821,"""Glucose"" - 122(0.404182962081)
""Blood Pressure"" - 76(0.608695652174)
""Insulin"" - 200(0.338200115483)
""BMI"" - 35.9(0.544394492835) -> 30.64992(0.36)
""Age"" - 26(0.135135135135)",0,0,0,-0.184394492835,0,0,0,0,1,0,,1,0.184394492835,No Diabetes,0,0.395322812459,3.47155324043e-06,0.000722019767321,0.00071854821408,,
R_1CWrMhp5nGpISLk,diabetes,counterfactual,testing,No Diabetes,Diabetes,18,130305,24.984,"""Glucose"" - 105(0.259649719435)
""Blood Pressure"" - 72(0.521739130435)
""Insulin"" - 325(0.595974593747)
""BMI"" - 36.9(0.579516718179) -> 30.93464(0.37)
""Age"" - 28(0.189189189189)",0,0,0,-0.209516718179,0,0,0,0,1,0,,1,0.209516718179,No Diabetes,0,0.366390983749,0.000141101260031,1.88170000215e-06,-0.000139219560029,,
R_1CWrMhp5nGpISLk,diabetes,counterfactual,testing,No Diabetes,Diabetes,19,130302,9.069,"""Glucose"" - 87(0.10661452134)
""Blood Pressure"" - 60(0.260869565217)
""Insulin"" - 75(0.0804256372185)
""BMI"" - 37.2(0.590053385783) -> 28.37216(0.28)
""Age"" - 22(0.027027027027)",0,0,0,-0.310053385783,0,0,0,0,1,0,,1,0.310053385783,No Diabetes,0,0.452308079121,0.000799413265625,4.54592261959e-05,-0.000753954039429,,
R_1CWrMhp5nGpISLk,diabetes,counterfactual,testing,No Diabetes,Diabetes,20,130304,23.579,"""Glucose"" - 136(0.523210338378) -> 130(0.472198605679)
""Blood Pressure"" - 74(0.565217391304)
""Insulin"" - 204(0.346448898787)
""BMI"" - 37.4(0.597077830851) -> 28.65688(0.29)
""Age"" - 24(0.0810810810811)",-0.0510117326985,0,0,-0.307077830851,0,1,0,0,1,0,,2,0.35808956355,No Diabetes,0,0.472073112316,0.00664884006495,0.0622707567055,0.0556219166406,,
R_3MG8uGwV5hZBvNL,diabetes,attribution,training,Diabetes,,1,130102,124.173,"""Glucose"" - 197(1)
""Blood Pressure"" - 70(0.478260869565)
""Insulin"" - 543(1)
""BMI"" - 30.5(0.354734475976)
""Age"" - 53(0.864864864865)",,,,,,,,,,,"""Glucose"" - -61% toward Diabetes
""Insulin"" - -39% toward Diabetes",,,,,,,,,No Diabetes,0
R_3MG8uGwV5hZBvNL,diabetes,attribution,training,No Diabetes,,2,130104,20.501,"""Glucose"" - 117(0.361673184833)
""Blood Pressure"" - 64(0.347826086957)
""Insulin"" - 120(0.173224449394)
""BMI"" - 33.2(0.449564484406)
""Age"" - 24(0.0810810810811)",,,,,,,,,,,"""Insulin"" - +61% toward No Diabetes
""Glucose"" - +39% toward No Diabetes",,,,,,,,,No Diabetes,1
R_3MG8uGwV5hZBvNL,diabetes,attribution,training,Diabetes,,3,130101,31.63,"""Glucose"" - 136(0.523210338378)
""Blood Pressure"" - 70(0.478260869565)
""Insulin"" - 110(0.152602491133)
""BMI"" - 37.1(0.586541163248)
""Age"" - 43(0.594594594595)",,,,,,,,,,,"""Glucose"" - -55% toward Diabetes
""Insulin"" - -45% toward Diabetes",,,,,,,,,Diabetes,1
R_3MG8uGwV5hZBvNL,diabetes,attribution,training,No Diabetes,,4,130103,31.478,"""Glucose"" - 100(0.217139942187)
""Blood Pressure"" - 88(0.869565217391)
""Insulin"" - 110(0.152602491133)
""BMI"" - 46.8(0.927226749087)
""Age"" - 31(0.27027027027)",,,,,,,,,,,"""Insulin"" - +59% toward No Diabetes
""Glucose"" - +41% toward No Diabetes",,,,,,,,,Diabetes,0
R_3MG8uGwV5hZBvNL,diabetes,attribution,training,No Diabetes,,5,130105,7.253,"""Glucose"" - 83(0.0726066995409)
""Blood Pressure"" - 78(0.652173913043)
""Insulin"" - 71(0.072176853914)
""BMI"" - 29.3(0.312587805563)
""Age"" - 36(0.405405405405)",,,,,,,,,,,"""Glucose"" - +87% toward No Diabetes
""Insulin"" - +13% toward No Diabetes",,,,,,,,,No Diabetes,1
R_3MG8uGwV5hZBvNL,diabetes,attribution,training,Diabetes,,6,130100,6.319,"""Glucose"" - 160(0.727257269172)
""Blood Pressure"" - 54(0.130434782609)
""Insulin"" - 175(0.28664521983)
""BMI"" - 30.5(0.354734475976)
""Age"" - 39(0.486486486486)",,,,,,,,,,,"""Glucose"" - -50% toward Diabetes
""Insulin"" - -50% toward Diabetes",,,,,,,,,Diabetes,1
R_3MG8uGwV5hZBvNL,diabetes,attribution,training,Diabetes,,7,130106,28.153,"""Glucose"" - 129(0.46369665023)
""Blood Pressure"" - 64(0.347826086957)
""Insulin"" - 115(0.162913470263)
""BMI"" - 26.4(0.210733352065)
""Age"" - 28(0.189189189189)",,,,,,,,,,,"""Blood Pressure"" - -53% toward Diabetes
""Age"" - -47% toward Diabetes",,,,,,,,,No Diabetes,0
R_3MG8uGwV5hZBvNL,diabetes,attribution,training,No Diabetes,,8,130109,31.484,"""Glucose"" - 152(0.659241625574)
""Blood Pressure"" - 82(0.739130434783)
""Insulin"" - 272(0.486678214963)
""BMI"" - 41.5(0.741078954763)
""Age"" - 27(0.162162162162)",,,,,,,,,,,"""Age"" - +53% toward No Diabetes
""Blood Pressure"" - +47% toward No Diabetes",,,,,,,,,Diabetes,0
R_3MG8uGwV5hZBvNL,diabetes,attribution,training,No Diabetes,,9,130110,18.039,"""Glucose"" - 154(0.676245536473)
""Blood Pressure"" - 62(0.304347826087)
""Insulin"" - 284(0.511424564877)
""BMI"" - 32.8(0.435515594268)
""Age"" - 23(0.0540540540541)",,,,,,,,,,,"""Age"" - +60% toward No Diabetes
""Blood Pressure"" - +40% toward No Diabetes",,,,,,,,,Diabetes,0
R_3MG8uGwV5hZBvNL,diabetes,attribution,training,Diabetes,,10,130107,28.471,"""Glucose"" - 109(0.293657541234)
""Blood Pressure"" - 76(0.608695652174)
""Insulin"" - 114(0.160851274437)
""BMI"" - 27.9(0.263416690081)
""Age"" - 31(0.27027027027)",,,,,,,,,,,"""Age"" - -53% toward Diabetes
""Blood Pressure"" - -47% toward Diabetes",,,,,,,,,No Diabetes,0
R_3MG8uGwV5hZBvNL,diabetes,attribution,training,Diabetes,,11,130108,27.098,"""Glucose"" - 130(0.472198605679)
""Blood Pressure"" - 78(0.652173913043)
""Insulin"" - 79(0.088674420523)
""BMI"" - 28.4(0.280977802754)
""Age"" - 34(0.351351351351)",,,,,,,,,,,"""Age"" - -58% toward Diabetes
""Blood Pressure"" - -42% toward Diabetes",,,,,,,,,No Diabetes,0
R_3MG8uGwV5hZBvNL,diabetes,attribution,training,No Diabetes,,12,130111,22.437,"""Glucose"" - 146(0.608229892875)
""Blood Pressure"" - 76(0.608695652174)
""Insulin"" - 194(0.325826940526)
""BMI"" - 38.2(0.625175611127)
""Age"" - 29(0.216216216216)",,,,,,,,,,,"""Blood Pressure"" - +64% toward No Diabetes
""Age"" - +36% toward No Diabetes",,,,,,,,,Diabetes,0
R_3MG8uGwV5hZBvNL,diabetes,attribution,testing,Diabetes,No Diabetes,1,130202,36.504,"""Glucose"" - 165(0.769767046421) -> 117(0.361673184833)
""Blood Pressure"" - 68(0.434782608696)
""Insulin"" - 168(0.272209849047)
""BMI"" - 33.6(0.463613374543) -> 33.49712(0.46)
""Age"" - 49(0.756756756757)",-0.408093861588,0,0,-0.00361337454341,0,1,0,0,1,0,,2,0.411707236132,No Diabetes,1,0.479506526248,0.00169891992297,0.994004981378,0.992306061455,,
R_3MG8uGwV5hZBvNL,diabetes,attribution,testing,Diabetes,No Diabetes,2,130208,25.657,"""Glucose"" - 119(0.378677095732)
""Blood Pressure"" - 50(0.0434782608696) -> 60(0.260869565217)
""Insulin"" - 176(0.288707415656)
""BMI"" - 27.1(0.235318909806)
""Age"" - 33(0.324324324324)",0,0.217391304348,0,0,0,0,1,0,0,0,,1,0.217391304348,No Diabetes,1,0.238542890717,5.14842648366e-05,0.924960326567,0.924908842302,,
R_3MG8uGwV5hZBvNL,diabetes,attribution,testing,Diabetes,No Diabetes,3,130200,12.011,"""Glucose"" - 187(0.956810066315) -> 126(0.43819078388)
""Blood Pressure"" - 76(0.608695652174)
""Insulin"" - 207(0.352635486266)
""BMI"" - 43.6(0.814835627985) -> 32.92768(0.44)
""Age"" - 53(0.864864864865)",-0.518619282435,0,0,-0.374835627985,0,1,0,0,1,0,,2,0.89345491042,Diabetes,0,0.804057792125,0.0193316016805,0.000629819628072,-0.0187017820524,,
R_3MG8uGwV5hZBvNL,diabetes,attribution,testing,Diabetes,No Diabetes,4,130205,19.356,"""Glucose"" - 108(0.285155585785)
""Blood Pressure"" - 44(0) -> 60(0.260869565217)
""Insulin"" - 130(0.193846407655)
""BMI"" - 24(0.126440011239)
""Age"" - 35(0.378378378378)",0,0.260869565217,0,0,0,0,1,0,0,0,,1,0.260869565217,No Diabetes,1,0.179200940071,0.000410874889345,0.99999567773,0.999584802841,,
R_3MG8uGwV5hZBvNL,diabetes,attribution,testing,Diabetes,No Diabetes,5,130203,15.498,"""Glucose"" - 128(0.45519469478)
""Blood Pressure"" - 88(0.869565217391) -> 62(0.304347826087)
""Insulin"" - 110(0.152602491133)
""BMI"" - 36.5(0.565467828042) -> 29.79576(0.33)
""Age"" - 37(0.432432432432)",0,-0.565217391304,0,-0.235467828042,0,0,1,0,1,0,,2,0.800685219346,No Diabetes,1,0.784233985503,0.10151951701,0.990535553743,0.889016036733,,
R_3MG8uGwV5hZBvNL,diabetes,attribution,testing,Diabetes,No Diabetes,6,130206,13.605,"""Glucose"" - 181(0.905798333617) -> 123(0.412684917531)
""Blood Pressure"" - 64(0.347826086957)
""Insulin"" - 180(0.296956198961)
""BMI"" - 34.1(0.481174487216) -> 32.35824(0.42)
""Age"" - 38(0.459459459459)",-0.493113416086,0,0,-0.0611744872155,0,1,0,0,1,0,,2,0.554287903301,No Diabetes,1,0.681890872375,0.000759705140061,0.853377004165,0.852617299025,,
R_3MG8uGwV5hZBvNL,diabetes,attribution,testing,Diabetes,No Diabetes,7,130207,10.614,"""Glucose"" - 173(0.837782690019) -> 122(0.404182962081)
""Blood Pressure"" - 70(0.478260869565)
""Insulin"" - 168(0.272209849047)
""BMI"" - 29.7(0.326636695701)
""Age"" - 33(0.324324324324)",-0.433599727937,0,0,0,0,1,0,0,0,0,,1,0.433599727937,No Diabetes,1,0.499843166518,0.0202974786765,0.95806847755,0.937770998874,,
R_3MG8uGwV5hZBvNL,diabetes,attribution,testing,Diabetes,No Diabetes,8,130201,40.219,"""Glucose"" - 158(0.710253358272) -> 113(0.327665363033)
""Blood Pressure"" - 64(0.347826086957)
""Insulin"" - 387(0.723830734967) -> 283(0.509362369051)
""BMI"" - 31.2(0.379320033717)
""Age"" - 24(0.0810810810811)",-0.382587995239,0,-0.214468365916,0,0,1,0,1,0,0,,2,0.597056361155,No Diabetes,1,0.505597047034,0.0206474394228,0.999592991174,0.978945551751,,
R_3MG8uGwV5hZBvNL,diabetes,attribution,testing,Diabetes,No Diabetes,9,130204,11.466,"""Glucose"" - 133(0.497704472029)
""Blood Pressure"" - 102(1) -> 69(0.45652173913)
""Insulin"" - 140(0.214468365916)
""BMI"" - 32.8(0.435515594268)
""Age"" - 45(0.648648648649)",0,-0.54347826087,0,0,0,0,1,0,0,0,,1,0.54347826087,Diabetes,0,0.81374853114,0.00196931166883,0.203462959405,0.201493647736,,
R_3MG8uGwV5hZBvNL,diabetes,attribution,testing,Diabetes,No Diabetes,10,130209,11.882,"""Glucose"" - 128(0.45519469478)
""Blood Pressure"" - 98(1) -> 69(0.45652173913)
""Insulin"" - 58(0.0453683081745)
""BMI"" - 32(0.407417813993)
""Age"" - 33(0.324324324324)",0,-0.54347826087,0,0,0,0,1,0,0,0,,1,0.54347826087,No Diabetes,1,0.352526439483,0.00126323358936,0.784911902771,0.783648669181,,
R_3MG8uGwV5hZBvNL,diabetes,attribution,testing,No Diabetes,Diabetes,11,130304,75.873,"""Glucose"" - 136(0.523210338378) -> 139(0.548716204727)
""Blood Pressure"" - 74(0.565217391304) -> 75(0.586956521739)
""Insulin"" - 204(0.346448898787)
""BMI"" - 37.4(0.597077830851)
""Age"" - 24(0.0810810810811)",0.0255058663493,0.0217391304348,0,0,0,1,1,0,0,0,,2,0.047244996784,No Diabetes,0,0.16122854555,0.00664884006495,0.0097707227139,0.00312188264895,,
R_3MG8uGwV5hZBvNL,diabetes,attribution,testing,No Diabetes,Diabetes,12,130309,54.415,"""Glucose"" - 143(0.582724026526) -> 139(0.548716204727)
""Blood Pressure"" - 86(0.826086956522) -> 82(0.739130434783)
""Insulin"" - 330(0.606285572878)
""BMI"" - 30.1(0.340685585839)
""Age"" - 23(0.0540540540541)",-0.034007821799,-0.0869565217391,0,0,0,1,1,0,0,0,,2,0.120964343538,No Diabetes,0,0.234947892304,0.000130785916376,7.27704165918e-05,-5.80154997845e-05,,
R_3MG8uGwV5hZBvNL,diabetes,attribution,testing,No Diabetes,Diabetes,13,130306,23.625,"""Glucose"" - 102(0.234143853086)
""Blood Pressure"" - 64(0.347826086957)
""Insulin"" - 78(0.0866122246969)
""BMI"" - 40.6(0.709468951953) -> 34.92072(0.51)
""Age"" - 21(0)",0,0,0,-0.199468951953,0,0,0,0,1,0,,1,0.199468951953,No Diabetes,0,0.314661927406,0.000893085040188,0.362231067576,0.361337982536,,
R_3MG8uGwV5hZBvNL,diabetes,attribution,testing,No Diabetes,Diabetes,14,130302,38.609,"""Glucose"" - 87(0.10661452134)
""Blood Pressure"" - 60(0.260869565217)
""Insulin"" - 75(0.0804256372185)
""BMI"" - 37.2(0.590053385783) -> 34.92072(0.51)
""Age"" - 22(0.027027027027)",0,0,0,-0.0800533857825,0,0,0,0,1,0,,1,0.0800533857825,No Diabetes,0,0.222308079121,0.000799413265625,0.00930344690467,0.00850403363905,,
R_3MG8uGwV5hZBvNL,diabetes,attribution,testing,No Diabetes,Diabetes,15,130305,46.401,"""Glucose"" - 105(0.259649719435)
""Blood Pressure"" - 72(0.521739130435)
""Insulin"" - 325(0.595974593747) -> 259(0.459869669224)
""BMI"" - 36.9(0.579516718179) -> 33.2124(0.45)
""Age"" - 28(0.189189189189)",0,0,-0.136104924524,-0.129516718179,0,0,0,1,1,0,,2,0.265621642703,No Diabetes,0,0.422495908273,0.000141101260031,0.00101790981115,0.000876808551119,,
R_3MG8uGwV5hZBvNL,diabetes,attribution,testing,No Diabetes,Diabetes,16,130307,25.207,"""Glucose"" - 133(0.497704472029) -> 124(0.421186872981)
""Blood Pressure"" - 88(0.869565217391) -> 70(0.478260869565)
""Insulin"" - 155(0.245401303308)
""BMI"" - 32.4(0.42146670413)
""Age"" - 37(0.432432432432)",-0.0765175990478,-0.391304347826,0,0,0,1,1,0,0,0,,2,0.467821946874,Diabetes,1,0.560873931194,0.00513383899707,0.89813386657,0.893000027573,,
R_3MG8uGwV5hZBvNL,diabetes,attribution,testing,No Diabetes,Diabetes,17,130300,13.395,"""Glucose"" - 115(0.344669273933)
""Blood Pressure"" - 66(0.391304347826)
""Insulin"" - 140(0.214468365916)
""BMI"" - 38.1(0.621663388592) -> 30.93464(0.37)
""Age"" - 28(0.189189189189)",0,0,0,-0.251663388592,0,0,0,0,1,0,,1,0.251663388592,No Diabetes,0,0.330243183466,0.00966080352846,0.172984828171,0.163324024642,,
R_3MG8uGwV5hZBvNL,diabetes,attribution,testing,No Diabetes,Diabetes,18,130303,26.096,"""Glucose"" - 129(0.46369665023) -> 124(0.421186872981)
""Blood Pressure"" - 74(0.565217391304)
""Insulin"" - 205(0.348511094614)
""BMI"" - 33.2(0.449564484406) -> 30.3652(0.35)
""Age"" - 25(0.108108108108)",-0.0425097772488,0,0,-0.0995644844057,0,1,0,0,1,0,,2,0.142074261654,No Diabetes,0,0.29953607129,0.000766530678579,0.0082437502256,0.00747721954702,,
R_3MG8uGwV5hZBvNL,diabetes,attribution,testing,No Diabetes,Diabetes,19,130301,10.882,"""Glucose"" - 97(0.191634075837)
""Blood Pressure"" - 64(0.347826086957)
""Insulin"" - 100(0.131980532871)
""BMI"" - 36.8(0.576004495645) -> 29.51104(0.32)
""Age"" - 25(0.108108108108)",0,0,0,-0.256004495645,0,0,0,0,1,0,,1,0.256004495645,No Diabetes,0,0.331762578257,0.0306247744831,0.00144769223357,-0.0291770822496,,
R_3MG8uGwV5hZBvNL,diabetes,attribution,testing,No Diabetes,Diabetes,20,130308,16.215,"""Glucose"" - 122(0.404182962081)
""Blood Pressure"" - 76(0.608695652174) -> 69(0.45652173913)
""Insulin"" - 200(0.338200115483)
""BMI"" - 35.9(0.544394492835) -> 30.64992(0.36)
""Age"" - 26(0.135135135135)",0,-0.152173913043,0,-0.184394492835,0,0,1,0,1,0,,2,0.336568405879,Diabetes,1,0.547496725503,3.47155324043e-06,0.69857869624,0.698575224687,,
R_10u9fEU6tjcCgkp,diabetes,none,training,Diabetes,,1,130100,352.061,"""Glucose"" - 160(0.727257269172)
""Blood Pressure"" - 54(0.130434782609)
""Insulin"" - 175(0.28664521983)
""BMI"" - 30.5(0.354734475976)
""Age"" - 39(0.486486486486)",,,,,,,,,,,,,,,,,,,,Diabetes,1
R_10u9fEU6tjcCgkp,diabetes,none,training,No Diabetes,,2,130104,24.849,"""Glucose"" - 117(0.361673184833)
""Blood Pressure"" - 64(0.347826086957)
""Insulin"" - 120(0.173224449394)
""BMI"" - 33.2(0.449564484406)
""Age"" - 24(0.0810810810811)",,,,,,,,,,,,,,,,,,,,Diabetes,0
R_10u9fEU6tjcCgkp,diabetes,none,training,No Diabetes,,3,130105,39.09,"""Glucose"" - 83(0.0726066995409)
""Blood Pressure"" - 78(0.652173913043)
""Insulin"" - 71(0.072176853914)
""BMI"" - 29.3(0.312587805563)
""Age"" - 36(0.405405405405)",,,,,,,,,,,,,,,,,,,,No Diabetes,1
R_10u9fEU6tjcCgkp,diabetes,none,training,Diabetes,,4,130102,2.325,"""Glucose"" - 197(1)
""Blood Pressure"" - 70(0.478260869565)
""Insulin"" - 543(1)
""BMI"" - 30.5(0.354734475976)
""Age"" - 53(0.864864864865)",,,,,,,,,,,,,,,,,,,,Diabetes,1
R_10u9fEU6tjcCgkp,diabetes,none,training,No Diabetes,,5,130103,5.805,"""Glucose"" - 100(0.217139942187)
""Blood Pressure"" - 88(0.869565217391)
""Insulin"" - 110(0.152602491133)
""BMI"" - 46.8(0.927226749087)
""Age"" - 31(0.27027027027)",,,,,,,,,,,,,,,,,,,,Diabetes,0
R_10u9fEU6tjcCgkp,diabetes,none,training,Diabetes,,6,130101,6.362,"""Glucose"" - 136(0.523210338378)
""Blood Pressure"" - 70(0.478260869565)
""Insulin"" - 110(0.152602491133)
""BMI"" - 37.1(0.586541163248)
""Age"" - 43(0.594594594595)",,,,,,,,,,,,,,,,,,,,No Diabetes,0
R_10u9fEU6tjcCgkp,diabetes,none,training,Diabetes,,7,130107,13.63,"""Glucose"" - 109(0.293657541234)
""Blood Pressure"" - 76(0.608695652174)
""Insulin"" - 114(0.160851274437)
""BMI"" - 27.9(0.263416690081)
""Age"" - 31(0.27027027027)",,,,,,,,,,,,,,,,,,,,No Diabetes,0
R_10u9fEU6tjcCgkp,diabetes,none,training,No Diabetes,,8,130111,6.271,"""Glucose"" - 146(0.608229892875)
""Blood Pressure"" - 76(0.608695652174)
""Insulin"" - 194(0.325826940526)
""BMI"" - 38.2(0.625175611127)
""Age"" - 29(0.216216216216)",,,,,,,,,,,,,,,,,,,,Diabetes,0
R_10u9fEU6tjcCgkp,diabetes,none,training,No Diabetes,,9,130109,6.047,"""Glucose"" - 152(0.659241625574)
""Blood Pressure"" - 82(0.739130434783)
""Insulin"" - 272(0.486678214963)
""BMI"" - 41.5(0.741078954763)
""Age"" - 27(0.162162162162)",,,,,,,,,,,,,,,,,,,,Diabetes,0
R_10u9fEU6tjcCgkp,diabetes,none,training,Diabetes,,10,130106,10.671,"""Glucose"" - 129(0.46369665023)
""Blood Pressure"" - 64(0.347826086957)
""Insulin"" - 115(0.162913470263)
""BMI"" - 26.4(0.210733352065)
""Age"" - 28(0.189189189189)",,,,,,,,,,,,,,,,,,,,No Diabetes,0
R_10u9fEU6tjcCgkp,diabetes,none,training,No Diabetes,,11,130110,5.863,"""Glucose"" - 154(0.676245536473)
""Blood Pressure"" - 62(0.304347826087)
""Insulin"" - 284(0.511424564877)
""BMI"" - 32.8(0.435515594268)
""Age"" - 23(0.0540540540541)",,,,,,,,,,,,,,,,,,,,Diabetes,0
R_10u9fEU6tjcCgkp,diabetes,none,training,Diabetes,,12,130108,4.636,"""Glucose"" - 130(0.472198605679)
""Blood Pressure"" - 78(0.652173913043)
""Insulin"" - 79(0.088674420523)
""BMI"" - 28.4(0.280977802754)
""Age"" - 34(0.351351351351)",,,,,,,,,,,,,,,,,,,,Diabetes,1
R_10u9fEU6tjcCgkp,diabetes,none,testing,Diabetes,No Diabetes,1,130202,40.63,"""Glucose"" - 165(0.769767046421) -> 133(0.497704472029)
""Blood Pressure"" - 68(0.434782608696)
""Insulin"" - 168(0.272209849047)
""BMI"" - 33.6(0.463613374543) -> 28.37216(0.28)
""Age"" - 49(0.756756756757)",-0.272062574392,0,0,-0.183613374543,0,1,0,0,1,0,,2,0.455675948936,No Diabetes,1,0.523475239052,0.00169891992297,0.822184371994,0.820485452071,,
R_10u9fEU6tjcCgkp,diabetes,none,testing,Diabetes,No Diabetes,2,130209,63.649,"""Glucose"" - 128(0.45519469478) -> 118(0.370175140282)
""Blood Pressure"" - 98(1) -> 83(0.760869565217)
""Insulin"" - 58(0.0453683081745)
""BMI"" - 32(0.407417813993) -> 28(0.266928912616)
""Age"" - 33(0.324324324324)",-0.0850195544975,-0.239130434783,0,-0.140488901377,0,1,1,0,1,0,,3,0.464638890657,Diabetes,0,0.447600112749,0.00126323358936,0.0550949540435,0.0538317204541,,
R_10u9fEU6tjcCgkp,diabetes,none,testing,Diabetes,No Diabetes,3,130204,7.874,"""Glucose"" - 133(0.497704472029) -> 119(0.378677095732)
""Blood Pressure"" - 102(1) -> 84(0.782608695652)
""Insulin"" - 140(0.214468365916)
""BMI"" - 32.8(0.435515594268)
""Age"" - 45(0.648648648649)",-0.119027376297,-0.217391304348,0,0,0,1,1,0,0,0,,2,0.336418680644,Diabetes,0,0.606688950915,0.00196931166883,0.0758227267121,0.0738534150432,,
R_10u9fEU6tjcCgkp,diabetes,none,testing,Diabetes,No Diabetes,4,130208,6.041,"""Glucose"" - 119(0.378677095732) -> 113(0.327665363033)
""Blood Pressure"" - 50(0.0434782608696)
""Insulin"" - 176(0.288707415656) -> 148(0.230965932525)
""BMI"" - 27.1(0.235318909806)
""Age"" - 33(0.324324324324)",-0.0510117326985,0,-0.0577414831312,0,0,1,0,1,0,0,,2,0.10875321583,Diabetes,0,0.303817845677,5.14842648366e-05,0.00065622109706,0.000604736832224,,
R_10u9fEU6tjcCgkp,diabetes,none,testing,Diabetes,No Diabetes,5,130206,16.065,"""Glucose"" - 181(0.905798333617) -> 159(0.718755313722)
""Blood Pressure"" - 64(0.347826086957) -> 68(0.434782608696)
""Insulin"" - 180(0.296956198961)
""BMI"" - 34.1(0.481174487216)
""Age"" - 38(0.459459459459)",-0.187043019895,0.0869565217391,0,0,0,1,1,0,0,0,,2,0.273999541634,Diabetes,0,0.401602510708,0.000759705140061,0.0112934656923,0.0105337605522,,
R_10u9fEU6tjcCgkp,diabetes,none,testing,Diabetes,No Diabetes,6,130205,13.373,"""Glucose"" - 108(0.285155585785)
""Blood Pressure"" - 44(0) -> 58(0.217391304348)
""Insulin"" - 130(0.193846407655)
""BMI"" - 24(0.126440011239) -> 30(0.337173363304)
""Age"" - 35(0.378378378378)",0,0.217391304348,0,0.210733352065,0,0,1,0,1,0,,2,0.428124656413,No Diabetes,1,0.346456031266,0.000410874889345,0.987963296467,0.987552421577,,
R_10u9fEU6tjcCgkp,diabetes,none,testing,Diabetes,No Diabetes,7,130200,7.804,"""Glucose"" - 187(0.956810066315) -> 151(0.650739670124)
""Blood Pressure"" - 76(0.608695652174)
""Insulin"" - 207(0.352635486266)
""BMI"" - 43.6(0.814835627985) -> 38.9068(0.65)
""Age"" - 53(0.864864864865)",-0.306070396191,0,0,-0.164835627985,0,1,0,0,1,0,,2,0.470906024177,No Diabetes,1,0.381508905881,0.0193316016805,0.672997233104,0.653665631423,,
R_10u9fEU6tjcCgkp,diabetes,none,testing,Diabetes,No Diabetes,8,130201,7.315,"""Glucose"" - 158(0.710253358272) -> 144(0.591225981976)
""Blood Pressure"" - 64(0.347826086957) -> 70(0.478260869565)
""Insulin"" - 387(0.723830734967) -> 317(0.579477027138)
""BMI"" - 31.2(0.379320033717)
""Age"" - 24(0.0810810810811)",-0.119027376297,0.130434782609,-0.144353707828,0,0,1,1,1,0,0,,3,0.393815866733,Diabetes,0,0.302356552612,0.0206474394228,0.424933550131,0.404286110708,,
R_10u9fEU6tjcCgkp,diabetes,none,testing,Diabetes,No Diabetes,9,130203,8.795,"""Glucose"" - 128(0.45519469478) -> 113(0.327665363033)
""Blood Pressure"" - 88(0.869565217391)
""Insulin"" - 110(0.152602491133)
""BMI"" - 36.5(0.565467828042) -> 32.92768(0.44)
""Age"" - 37(0.432432432432)",-0.127529331746,0,0,-0.125467828042,0,1,0,0,1,0,,2,0.252997159788,Diabetes,0,0.323502447684,0.10151951701,0.0946188224454,-0.00690069456449,,
R_10u9fEU6tjcCgkp,diabetes,none,testing,Diabetes,No Diabetes,10,130207,7.793,"""Glucose"" - 173(0.837782690019) -> 149(0.633735759225)
""Blood Pressure"" - 70(0.478260869565)
""Insulin"" - 168(0.272209849047)
""BMI"" - 29.7(0.326636695701)
""Age"" - 33(0.324324324324)",-0.204046930794,0,0,0,0,1,0,0,0,0,,1,0.204046930794,No Diabetes,1,0.270290369375,0.0202974786765,0.652337768568,0.632040289892,,
R_10u9fEU6tjcCgkp,diabetes,none,testing,No Diabetes,Diabetes,11,130302,60.635,"""Glucose"" - 87(0.10661452134)
""Blood Pressure"" - 60(0.260869565217)
""Insulin"" - 75(0.0804256372185)
""BMI"" - 37.2(0.590053385783) -> 45.45536(0.88)
""Age"" - 22(0.027027027027)",0,0,0,0.289946614217,0,0,0,0,1,0,,1,0.289946614217,No Diabetes,0,0.432201307556,0.000799413265625,7.79662565731e-07,-0.000798633603059,,
R_10u9fEU6tjcCgkp,diabetes,none,testing,No Diabetes,Diabetes,12,130303,140.538,"""Glucose"" - 129(0.46369665023) -> 149(0.633735759225)
""Blood Pressure"" - 74(0.565217391304)
""Insulin"" - 205(0.348511094614)
""BMI"" - 33.2(0.449564484406) -> 37.4832(0.6)
""Age"" - 25(0.108108108108)",0.170039108995,0,0,0.150435515594,0,1,0,0,1,0,,2,0.320474624589,Diabetes,1,0.477936434225,0.000766530678579,0.867312576709,0.86654604603,,
R_10u9fEU6tjcCgkp,diabetes,none,testing,No Diabetes,Diabetes,13,130301,23.082,"""Glucose"" - 97(0.191634075837) -> 123(0.412684917531)
""Blood Pressure"" - 64(0.347826086957)
""Insulin"" - 100(0.131980532871)
""BMI"" - 36.8(0.576004495645) -> 43.74704(0.82)
""Age"" - 25(0.108108108108)",0.221050841694,0,0,0.243995504355,0,1,0,0,1,0,,2,0.465046346049,No Diabetes,0,0.438780963264,0.0306247744831,0.000979367260043,-0.0296454072231,,
R_10u9fEU6tjcCgkp,diabetes,none,testing,No Diabetes,Diabetes,14,130300,15.583,"""Glucose"" - 115(0.344669273933) -> 136(0.523210338378)
""Blood Pressure"" - 66(0.391304347826)
""Insulin"" - 140(0.214468365916) -> 172(0.280458632352)
""BMI"" - 38.1(0.621663388592) -> 44.03176(0.83)
""Age"" - 28(0.189189189189)",0.178541064445,0,0.0659902664357,0.208336611408,0,1,0,1,1,0,,3,0.452867942288,No Diabetes,0,0.378412539067,0.00966080352846,0.0893091795765,0.079648376048,,
R_10u9fEU6tjcCgkp,diabetes,none,testing,No Diabetes,Diabetes,15,130308,26.988,"""Glucose"" - 122(0.404182962081) -> 136(0.523210338378)
""Blood Pressure"" - 76(0.608695652174) -> 80(0.695652173913)
""Insulin"" - 200(0.338200115483) -> 254(0.449558690093)
""BMI"" - 35.9(0.544394492835) -> 38.9068(0.65)
""Age"" - 26(0.135135135135)",0.119027376297,0.0869565217391,0.11135857461,0.105605507165,0,1,1,1,1,0,,4,0.422947979811,No Diabetes,0,0.590398038565,3.47155324043e-06,3.53023630606e-06,5.86830656291e-08,,
R_10u9fEU6tjcCgkp,diabetes,none,testing,No Diabetes,Diabetes,16,130305,29.19,"""Glucose"" - 105(0.259649719435) -> 118(0.370175140282)
""Blood Pressure"" - 72(0.521739130435)
""Insulin"" - 325(0.595974593747) -> 409(0.769199043141)
""BMI"" - 36.9(0.579516718179) -> 40.61512(0.71)
""Age"" - 28(0.189189189189)",0.110525420847,0,0.173224449394,0.130483281821,0,1,0,1,1,0,,3,0.414233152061,No Diabetes,0,0.571107417631,0.000141101260031,5.43627804772e-07,-0.000140557632226,,
R_10u9fEU6tjcCgkp,diabetes,none,testing,No Diabetes,Diabetes,17,130306,8.953,"""Glucose"" - 102(0.234143853086) -> 136(0.523210338378)
""Blood Pressure"" - 64(0.347826086957)
""Insulin"" - 78(0.0866122246969)
""BMI"" - 40.6(0.709468951953) -> 43.74704(0.82)
""Age"" - 21(0)",0.289066485292,0,0,0.110531048047,0,1,0,0,1,0,,2,0.399597533339,No Diabetes,0,0.395763132496,0.000893085040188,0.0400088352854,0.0391157502452,,
R_10u9fEU6tjcCgkp,diabetes,none,testing,No Diabetes,Diabetes,18,130307,10.798,"""Glucose"" - 133(0.497704472029) -> 144(0.591225981976)
""Blood Pressure"" - 88(0.869565217391)
""Insulin"" - 155(0.245401303308)
""BMI"" - 32.4(0.42146670413) -> 38.05264(0.62)
""Age"" - 37(0.432432432432)",0.0935215099473,0,0,0.19853329587,0,1,0,0,1,0,,2,0.292054805817,Diabetes,1,0.368102879238,0.00513383899707,0.983148218946,0.978014379949,,
R_10u9fEU6tjcCgkp,diabetes,none,testing,No Diabetes,Diabetes,19,130309,8.551,"""Glucose"" - 143(0.582724026526) -> 159(0.718755313722)
""Blood Pressure"" - 86(0.826086956522)
""Insulin"" - 330(0.606285572878)
""BMI"" - 30.1(0.340685585839) -> 36.62904(0.57)
""Age"" - 23(0.0540540540541)",0.136031287196,0,0,0.229314414161,0,1,0,0,1,0,,2,0.365345701357,Diabetes,1,0.653242293602,0.000130785916376,0.850994132834,0.850863346917,,
R_10u9fEU6tjcCgkp,diabetes,none,testing,No Diabetes,Diabetes,20,130304,7.032,"""Glucose"" - 136(0.523210338378) -> 151(0.650739670124)
""Blood Pressure"" - 74(0.565217391304)
""Insulin"" - 204(0.346448898787) -> 278(0.49905138992)
""BMI"" - 37.4(0.597077830851) -> 40.89984(0.72)
""Age"" - 24(0.0810810810811)",0.127529331746,0,0.152602491133,0.122922169149,0,1,0,1,1,0,,3,0.403053992027,No Diabetes,0,0.517037540794,0.00664884006495,0.0594659270698,0.0528170870048,,
R_3Rqq1nU9dD98bDb,diabetes,attribution,training,No Diabetes,,1,130109,50.392,"""Glucose"" - 152(0.659241625574)
""Blood Pressure"" - 82(0.739130434783)
""Insulin"" - 272(0.486678214963)
""BMI"" - 41.5(0.741078954763)
""Age"" - 27(0.162162162162)",,,,,,,,,,,"""Age"" - +53% toward No Diabetes
""Blood Pressure"" - +47% toward No Diabetes",,,,,,,,,Diabetes,0
R_3Rqq1nU9dD98bDb,diabetes,attribution,training,Diabetes,,2,130106,21.408,"""Glucose"" - 129(0.46369665023)
""Blood Pressure"" - 64(0.347826086957)
""Insulin"" - 115(0.162913470263)
""BMI"" - 26.4(0.210733352065)
""Age"" - 28(0.189189189189)",,,,,,,,,,,"""Blood Pressure"" - -53% toward Diabetes
""Age"" - -47% toward Diabetes",,,,,,,,,No Diabetes,0
R_3Rqq1nU9dD98bDb,diabetes,attribution,training,Diabetes,,3,130107,27.395,"""Glucose"" - 109(0.293657541234)
""Blood Pressure"" - 76(0.608695652174)
""Insulin"" - 114(0.160851274437)
""BMI"" - 27.9(0.263416690081)
""Age"" - 31(0.27027027027)",,,,,,,,,,,"""Age"" - -53% toward Diabetes
""Blood Pressure"" - -47% toward Diabetes",,,,,,,,,No Diabetes,0
R_3Rqq1nU9dD98bDb,diabetes,attribution,training,No Diabetes,,4,130110,16.551,"""Glucose"" - 154(0.676245536473)
""Blood Pressure"" - 62(0.304347826087)
""Insulin"" - 284(0.511424564877)
""BMI"" - 32.8(0.435515594268)
""Age"" - 23(0.0540540540541)",,,,,,,,,,,"""Age"" - +60% toward No Diabetes
""Blood Pressure"" - +40% toward No Diabetes",,,,,,,,,Diabetes,0
R_3Rqq1nU9dD98bDb,diabetes,attribution,training,No Diabetes,,5,130111,10.067,"""Glucose"" - 146(0.608229892875)
""Blood Pressure"" - 76(0.608695652174)
""Insulin"" - 194(0.325826940526)
""BMI"" - 38.2(0.625175611127)
""Age"" - 29(0.216216216216)",,,,,,,,,,,"""Blood Pressure"" - +64% toward No Diabetes
""Age"" - +36% toward No Diabetes",,,,,,,,,No Diabetes,1
R_3Rqq1nU9dD98bDb,diabetes,attribution,training,Diabetes,,6,130108,9.173,"""Glucose"" - 130(0.472198605679)
""Blood Pressure"" - 78(0.652173913043)
""Insulin"" - 79(0.088674420523)
""BMI"" - 28.4(0.280977802754)
""Age"" - 34(0.351351351351)",,,,,,,,,,,"""Age"" - -58% toward Diabetes
""Blood Pressure"" - -42% toward Diabetes",,,,,,,,,Diabetes,1
R_3Rqq1nU9dD98bDb,diabetes,attribution,training,No Diabetes,,7,130103,10.272,"""Glucose"" - 100(0.217139942187)
""Blood Pressure"" - 88(0.869565217391)
""Insulin"" - 110(0.152602491133)
""BMI"" - 46.8(0.927226749087)
""Age"" - 31(0.27027027027)",,,,,,,,,,,"""Insulin"" - +59% toward No Diabetes
""Glucose"" - +41% toward No Diabetes",,,,,,,,,Diabetes,0
R_3Rqq1nU9dD98bDb,diabetes,attribution,training,No Diabetes,,8,130104,8.64,"""Glucose"" - 117(0.361673184833)
""Blood Pressure"" - 64(0.347826086957)
""Insulin"" - 120(0.173224449394)
""BMI"" - 33.2(0.449564484406)
""Age"" - 24(0.0810810810811)",,,,,,,,,,,"""Insulin"" - +61% toward No Diabetes
""Glucose"" - +39% toward No Diabetes",,,,,,,,,No Diabetes,1
R_3Rqq1nU9dD98bDb,diabetes,attribution,training,No Diabetes,,9,130105,12.533,"""Glucose"" - 83(0.0726066995409)
""Blood Pressure"" - 78(0.652173913043)
""Insulin"" - 71(0.072176853914)
""BMI"" - 29.3(0.312587805563)
""Age"" - 36(0.405405405405)",,,,,,,,,,,"""Glucose"" - +87% toward No Diabetes
""Insulin"" - +13% toward No Diabetes",,,,,,,,,Diabetes,0
R_3Rqq1nU9dD98bDb,diabetes,attribution,training,Diabetes,,10,130102,14.31,"""Glucose"" - 197(1)
""Blood Pressure"" - 70(0.478260869565)
""Insulin"" - 543(1)
""BMI"" - 30.5(0.354734475976)
""Age"" - 53(0.864864864865)",,,,,,,,,,,"""Glucose"" - -61% toward Diabetes
""Insulin"" - -39% toward Diabetes",,,,,,,,,Diabetes,1
R_3Rqq1nU9dD98bDb,diabetes,attribution,training,Diabetes,,11,130100,9.2,"""Glucose"" - 160(0.727257269172)
""Blood Pressure"" - 54(0.130434782609)
""Insulin"" - 175(0.28664521983)
""BMI"" - 30.5(0.354734475976)
""Age"" - 39(0.486486486486)",,,,,,,,,,,"""Glucose"" - -50% toward Diabetes
""Insulin"" - -50% toward Diabetes",,,,,,,,,No Diabetes,0
R_3Rqq1nU9dD98bDb,diabetes,attribution,training,Diabetes,,12,130101,11.437,"""Glucose"" - 136(0.523210338378)
""Blood Pressure"" - 70(0.478260869565)
""Insulin"" - 110(0.152602491133)
""BMI"" - 37.1(0.586541163248)
""Age"" - 43(0.594594594595)",,,,,,,,,,,"""Glucose"" - -55% toward Diabetes
""Insulin"" - -45% toward Diabetes",,,,,,,,,No Diabetes,0
R_3Rqq1nU9dD98bDb,diabetes,attribution,testing,Diabetes,No Diabetes,1,130203,36.65,"""Glucose"" - 128(0.45519469478)
""Blood Pressure"" - 88(0.869565217391) -> 80(0.695652173913)
""Insulin"" - 110(0.152602491133)
""BMI"" - 36.5(0.565467828042) -> 34.92072(0.51)
""Age"" - 37(0.432432432432)",0,-0.173913043478,0,-0.0554678280416,0,0,1,0,1,0,,2,0.22938087152,No Diabetes,1,0.212929637677,0.10151951701,0.96183510062,0.86031558361,,
R_3Rqq1nU9dD98bDb,diabetes,attribution,testing,Diabetes,No Diabetes,2,130207,18.419,"""Glucose"" - 173(0.837782690019) -> 170(0.812276823669)
""Blood Pressure"" - 70(0.478260869565)
""Insulin"" - 168(0.272209849047)
""BMI"" - 29.7(0.326636695701)
""Age"" - 33(0.324324324324)",-0.0255058663493,0,0,0,0,1,0,0,0,0,,1,0.0255058663493,Diabetes,0,0.0917493049303,0.0202974786765,0.0172068782195,-0.00309060045701,,
R_3Rqq1nU9dD98bDb,diabetes,attribution,testing,Diabetes,No Diabetes,3,130205,32.442,"""Glucose"" - 108(0.285155585785) -> 116(0.353171229383)
""Blood Pressure"" - 44(0) -> 60(0.260869565217)
""Insulin"" - 130(0.193846407655)
""BMI"" - 24(0.126440011239)
""Age"" - 35(0.378378378378)",0.068015643598,0.260869565217,0,0,0,1,1,0,0,0,,2,0.328885208815,No Diabetes,1,0.247216583669,0.000410874889345,0.999724336647,0.999313461758,,
R_3Rqq1nU9dD98bDb,diabetes,attribution,testing,Diabetes,No Diabetes,4,130202,28.244,"""Glucose"" - 165(0.769767046421) -> 156(0.693249447373)
""Blood Pressure"" - 68(0.434782608696)
""Insulin"" - 168(0.272209849047)
""BMI"" - 33.6(0.463613374543)
""Age"" - 49(0.756756756757)",-0.0765175990478,0,0,0,0,1,0,0,0,0,,1,0.0765175990478,Diabetes,0,0.144316889164,0.00169891992297,0.132939436625,0.131240516702,,
R_3Rqq1nU9dD98bDb,diabetes,attribution,testing,Diabetes,No Diabetes,5,130206,25.882,"""Glucose"" - 181(0.905798333617) -> 166(0.77826900187)
""Blood Pressure"" - 64(0.347826086957) -> 71(0.5)
""Insulin"" - 180(0.296956198961)
""BMI"" - 34.1(0.481174487216)
""Age"" - 38(0.459459459459)",-0.127529331746,0.152173913043,0,0,0,1,1,0,0,0,,2,0.27970324479,Diabetes,0,0.407306213864,0.000759705140061,0.00126479815044,0.00050509301038,,
R_3Rqq1nU9dD98bDb,diabetes,attribution,testing,Diabetes,No Diabetes,6,130204,43.049,"""Glucose"" - 133(0.497704472029)
""Blood Pressure"" - 102(1) -> 90(0.913043478261)
""Insulin"" - 140(0.214468365916) -> 143(0.220654953394)
""BMI"" - 32.8(0.435515594268)
""Age"" - 45(0.648648648649)",0,-0.0869565217391,0.00618658747835,0,0,0,1,1,0,0,,2,0.0931431092175,Diabetes,0,0.363413379488,0.00196931166883,0.370739747093,0.368770435425,,
R_3Rqq1nU9dD98bDb,diabetes,attribution,testing,Diabetes,No Diabetes,7,130200,38.785,"""Glucose"" - 187(0.956810066315) -> 157(0.701751402823)
""Blood Pressure"" - 76(0.608695652174)
""Insulin"" - 207(0.352635486266) -> 177(0.290769611482)
""BMI"" - 43.6(0.814835627985) -> 42.32344(0.77)
""Age"" - 53(0.864864864865)",-0.255058663493,0,-0.0618658747835,-0.0448356279854,0,1,0,1,1,0,,3,0.361760166261,Diabetes,0,0.272363047966,0.0193316016805,0.394784428298,0.375452826617,,
R_3Rqq1nU9dD98bDb,diabetes,attribution,testing,Diabetes,No Diabetes,8,130201,30.707,"""Glucose"" - 158(0.710253358272)
""Blood Pressure"" - 64(0.347826086957) -> 68(0.434782608696)
""Insulin"" - 387(0.723830734967) -> 191(0.319640353048)
""BMI"" - 31.2(0.379320033717)
""Age"" - 24(0.0810810810811)",0,0.0869565217391,-0.404190381919,0,0,0,1,1,0,0,,2,0.491146903658,Diabetes,0,0.586730609431,0.0206474394228,0.366287151047,0.345639711625,,
R_3Rqq1nU9dD98bDb,diabetes,attribution,testing,Diabetes,No Diabetes,9,130209,17.734,"""Glucose"" - 128(0.45519469478)
""Blood Pressure"" - 98(1) -> 89(0.891304347826)
""Insulin"" - 58(0.0453683081745) -> 114(0.160851274437)
""BMI"" - 32(0.407417813993)
""Age"" - 33(0.324324324324)",0,-0.108695652174,0.115482966262,0,0,0,1,1,0,0,,2,0.224178618436,No Diabetes,1,0.468009405745,0.00126323358936,0.751834404039,0.750571170449,,
R_3Rqq1nU9dD98bDb,diabetes,attribution,testing,Diabetes,No Diabetes,10,130208,22.123,"""Glucose"" - 119(0.378677095732) -> 124(0.421186872981)
""Blood Pressure"" - 50(0.0434782608696) -> 70(0.478260869565)
""Insulin"" - 176(0.288707415656) -> 201(0.340262311309)
""BMI"" - 27.1(0.235318909806)
""Age"" - 33(0.324324324324)",0.0425097772488,0.434782608696,0.0515548956529,0,0,1,1,1,0,0,,3,0.528847281597,No Diabetes,1,0.549998867966,5.14842648366e-05,0.999385598959,0.999334114695,,
R_3Rqq1nU9dD98bDb,diabetes,attribution,testing,No Diabetes,Diabetes,11,130308,48.398,"""Glucose"" - 122(0.404182962081) -> 92(0.149124298589)
""Blood Pressure"" - 76(0.608695652174) -> 85(0.804347826087)
""Insulin"" - 200(0.338200115483)
""BMI"" - 35.9(0.544394492835)
""Age"" - 26(0.135135135135)",-0.255058663493,0.195652173913,0,0,0,1,1,0,0,0,,2,0.450710837406,No Diabetes,0,0.61816089616,3.47155324043e-06,0.0348095120713,0.034806040518,,
R_3Rqq1nU9dD98bDb,diabetes,attribution,testing,No Diabetes,Diabetes,12,130301,25.209,"""Glucose"" - 97(0.191634075837)
""Blood Pressure"" - 64(0.347826086957) -> 75(0.586956521739)
""Insulin"" - 100(0.131980532871)
""BMI"" - 36.8(0.576004495645) -> 48.58728(0.99)
""Age"" - 25(0.108108108108)",0,0.239130434783,0,0.413995504355,0,0,1,0,1,0,,2,0.653125939138,No Diabetes,0,0.72888402175,0.0306247744831,2.20140515916e-06,-0.030622573078,,
R_3Rqq1nU9dD98bDb,diabetes,attribution,testing,No Diabetes,Diabetes,13,130304,26.757,"""Glucose"" - 136(0.523210338378) -> 92(0.149124298589)
""Blood Pressure"" - 74(0.565217391304) -> 81(0.717391304348)
""Insulin"" - 204(0.346448898787)
""BMI"" - 37.4(0.597077830851) -> 48.58728(0.99)
""Age"" - 24(0.0810810810811)",-0.374086039789,0.152173913043,0,0.392922169149,0,1,1,0,1,0,,3,0.919182121981,Diabetes,1,1.03316567075,0.00664884006495,0.904747216755,0.89809837669,,
R_3Rqq1nU9dD98bDb,diabetes,attribution,testing,No Diabetes,Diabetes,14,130300,27.393,"""Glucose"" - 115(0.344669273933) -> 97(0.191634075837)
""Blood Pressure"" - 66(0.391304347826) -> 77(0.630434782609)
""Insulin"" - 140(0.214468365916)
""BMI"" - 38.1(0.621663388592) -> 48.58728(0.99)
""Age"" - 28(0.189189189189)",-0.153035198096,0.239130434783,0,0.368336611408,0,1,1,0,1,0,,3,0.760502244286,No Diabetes,0,0.83908203916,0.00966080352846,0.0355117293215,0.0258509257931,,
R_3Rqq1nU9dD98bDb,diabetes,attribution,testing,No Diabetes,Diabetes,15,130305,44.9,"""Glucose"" - 105(0.259649719435)
""Blood Pressure"" - 72(0.521739130435) -> 81(0.717391304348)
""Insulin"" - 325(0.595974593747) -> 312(0.569166048008)
""BMI"" - 36.9(0.579516718179) -> 34.636(0.5)
""Age"" - 28(0.189189189189) -> 26(0.135135135135)",0,0.195652173913,-0.0268085457395,-0.0795167181793,-0.0540540540541,0,1,1,1,1,,4,0.356031491886,No Diabetes,0,0.512905757456,0.000141101260031,6.02490008061e-06,-0.00013507635995,,
R_3Rqq1nU9dD98bDb,diabetes,attribution,testing,No Diabetes,Diabetes,16,130309,50.408,"""Glucose"" - 143(0.582724026526)
""Blood Pressure"" - 86(0.826086956522) -> 87(0.847826086957)
""Insulin"" - 330(0.606285572878) -> 322(0.589788006269)
""BMI"" - 30.1(0.340685585839)
""Age"" - 23(0.0540540540541)",0,0.0217391304348,-0.0164975666089,0,0,0,1,1,0,0,,2,0.0382366970437,No Diabetes,0,0.326133289288,0.000130785916376,7.9356711433e-05,-5.14292049433e-05,,
R_3Rqq1nU9dD98bDb,diabetes,attribution,testing,No Diabetes,Diabetes,17,130303,26.435,"""Glucose"" - 129(0.46369665023)
""Blood Pressure"" - 74(0.565217391304) -> 87(0.847826086957)
""Insulin"" - 205(0.348511094614)
""BMI"" - 33.2(0.449564484406) -> 43.46232(0.81)
""Age"" - 25(0.108108108108)",0,0.282608695652,0,0.360435515594,0,0,1,0,1,0,,2,0.643044211246,No Diabetes,0,0.800506020882,0.000766530678579,6.83628093509e-05,-0.000698167869228,,
R_3Rqq1nU9dD98bDb,diabetes,attribution,testing,No Diabetes,Diabetes,18,130307,37.113,"""Glucose"" - 133(0.497704472029)
""Blood Pressure"" - 88(0.869565217391) -> 92(0.95652173913)
""Insulin"" - 155(0.245401303308) -> 167(0.270147653221)
""BMI"" - 32.4(0.42146670413) -> 44.6012(0.85)
""Age"" - 37(0.432432432432)",0,0.0869565217391,0.0247463499134,0.42853329587,0,0,1,1,1,0,,3,0.540236167522,Diabetes,1,0.633288151843,0.00513383899707,0.999357628677,0.99422378968,,
R_3Rqq1nU9dD98bDb,diabetes,attribution,testing,No Diabetes,Diabetes,19,130306,32.222,"""Glucose"" - 102(0.234143853086)
""Blood Pressure"" - 64(0.347826086957) -> 91(0.934782608696)
""Insulin"" - 78(0.0866122246969)
""BMI"" - 40.6(0.709468951953) -> 44.31648(0.84)
""Age"" - 21(0)",0,0.586956521739,0,0.130531048047,0,0,1,0,1,0,,2,0.717487569786,Diabetes,1,0.83268054524,0.000893085040188,0.917142475429,0.916249390388,,
R_3Rqq1nU9dD98bDb,diabetes,attribution,testing,No Diabetes,Diabetes,20,130302,27.377,"""Glucose"" - 87(0.10661452134)
""Blood Pressure"" - 60(0.260869565217) -> 93(0.978260869565)
""Insulin"" - 75(0.0804256372185)
""BMI"" - 37.2(0.590053385783) -> 46.59424(0.92)
""Age"" - 22(0.027027027027)",0,0.717391304348,0,0.329946614217,0,0,1,0,1,0,,2,1.04733791857,Diabetes,1,1.1895926119,0.000799413265625,0.849237210928,0.848437797662,,
R_6je4Jj1MX2gnjbr,diabetes,none,training,No Diabetes,,1,130111,21.48,"""Glucose"" - 146(0.608229892875)
""Blood Pressure"" - 76(0.608695652174)
""Insulin"" - 194(0.325826940526)
""BMI"" - 38.2(0.625175611127)
""Age"" - 29(0.216216216216)",,,,,,,,,,,,,,,,,,,,No Diabetes,1
R_6je4Jj1MX2gnjbr,diabetes,none,training,Diabetes,,2,130106,18.658,"""Glucose"" - 129(0.46369665023)
""Blood Pressure"" - 64(0.347826086957)
""Insulin"" - 115(0.162913470263)
""BMI"" - 26.4(0.210733352065)
""Age"" - 28(0.189189189189)",,,,,,,,,,,,,,,,,,,,No Diabetes,0
R_6je4Jj1MX2gnjbr,diabetes,none,training,No Diabetes,,3,130109,6.654,"""Glucose"" - 152(0.659241625574)
""Blood Pressure"" - 82(0.739130434783)
""Insulin"" - 272(0.486678214963)
""BMI"" - 41.5(0.741078954763)
""Age"" - 27(0.162162162162)",,,,,,,,,,,,,,,,,,,,No Diabetes,1
R_6je4Jj1MX2gnjbr,diabetes,none,training,Diabetes,,4,130107,24.517,"""Glucose"" - 109(0.293657541234)
""Blood Pressure"" - 76(0.608695652174)
""Insulin"" - 114(0.160851274437)
""BMI"" - 27.9(0.263416690081)
""Age"" - 31(0.27027027027)",,,,,,,,,,,,,,,,,,,,No Diabetes,0
R_6je4Jj1MX2gnjbr,diabetes,none,training,No Diabetes,,5,130110,9.974,"""Glucose"" - 154(0.676245536473)
""Blood Pressure"" - 62(0.304347826087)
""Insulin"" - 284(0.511424564877)
""BMI"" - 32.8(0.435515594268)
""Age"" - 23(0.0540540540541)",,,,,,,,,,,,,,,,,,,,Diabetes,0
R_6je4Jj1MX2gnjbr,diabetes,none,training,Diabetes,,6,130108,8.075,"""Glucose"" - 130(0.472198605679)
""Blood Pressure"" - 78(0.652173913043)
""Insulin"" - 79(0.088674420523)
""BMI"" - 28.4(0.280977802754)
""Age"" - 34(0.351351351351)",,,,,,,,,,,,,,,,,,,,Diabetes,1
R_6je4Jj1MX2gnjbr,diabetes,none,training,Diabetes,,7,130102,5.738,"""Glucose"" - 197(1)
""Blood Pressure"" - 70(0.478260869565)
""Insulin"" - 543(1)
""BMI"" - 30.5(0.354734475976)
""Age"" - 53(0.864864864865)",,,,,,,,,,,,,,,,,,,,Diabetes,1
R_6je4Jj1MX2gnjbr,diabetes,none,training,No Diabetes,,8,130105,5.545,"""Glucose"" - 83(0.0726066995409)
""Blood Pressure"" - 78(0.652173913043)
""Insulin"" - 71(0.072176853914)
""BMI"" - 29.3(0.312587805563)
""Age"" - 36(0.405405405405)",,,,,,,,,,,,,,,,,,,,No Diabetes,1
R_6je4Jj1MX2gnjbr,diabetes,none,training,No Diabetes,,9,130104,5.88,"""Glucose"" - 117(0.361673184833)
""Blood Pressure"" - 64(0.347826086957)
""Insulin"" - 120(0.173224449394)
""BMI"" - 33.2(0.449564484406)
""Age"" - 24(0.0810810810811)",,,,,,,,,,,,,,,,,,,,Diabetes,0
R_6je4Jj1MX2gnjbr,diabetes,none,training,No Diabetes,,10,130103,5.824,"""Glucose"" - 100(0.217139942187)
""Blood Pressure"" - 88(0.869565217391)
""Insulin"" - 110(0.152602491133)
""BMI"" - 46.8(0.927226749087)
""Age"" - 31(0.27027027027)",,,,,,,,,,,,,,,,,,,,Diabetes,0
R_6je4Jj1MX2gnjbr,diabetes,none,training,Diabetes,,11,130100,3.581,"""Glucose"" - 160(0.727257269172)
""Blood Pressure"" - 54(0.130434782609)
""Insulin"" - 175(0.28664521983)
""BMI"" - 30.5(0.354734475976)
""Age"" - 39(0.486486486486)",,,,,,,,,,,,,,,,,,,,Diabetes,1
R_6je4Jj1MX2gnjbr,diabetes,none,training,Diabetes,,12,130101,3.87,"""Glucose"" - 136(0.523210338378)
""Blood Pressure"" - 70(0.478260869565)
""Insulin"" - 110(0.152602491133)
""BMI"" - 37.1(0.586541163248)
""Age"" - 43(0.594594594595)",,,,,,,,,,,,,,,,,,,,No Diabetes,0
R_6je4Jj1MX2gnjbr,diabetes,none,testing,Diabetes,No Diabetes,1,130201,57.287,"""Glucose"" - 158(0.710253358272) -> 120(0.387179051182)
""Blood Pressure"" - 64(0.347826086957) -> 72(0.521739130435)
""Insulin"" - 387(0.723830734967) -> 143(0.220654953394)
""BMI"" - 31.2(0.379320033717)
""Age"" - 24(0.0810810810811)",-0.323074307091,0.173913043478,-0.503175781572,0,0,1,1,1,0,0,,3,1.00016313214,No Diabetes,1,0.90870381802,0.0206474394228,0.996422909999,0.975775470576,,
R_6je4Jj1MX2gnjbr,diabetes,none,testing,Diabetes,No Diabetes,2,130207,11.108,"""Glucose"" - 173(0.837782690019) -> 127(0.44669273933)
""Blood Pressure"" - 70(0.478260869565)
""Insulin"" - 168(0.272209849047) -> 94(0.119607357915)
""BMI"" - 29.7(0.326636695701)
""Age"" - 33(0.324324324324)",-0.391089950689,0,-0.152602491133,0,0,1,0,1,0,0,,2,0.543692441821,No Diabetes,1,0.49445291414,0.0202974786765,0.962536904789,0.942239426112,,
R_6je4Jj1MX2gnjbr,diabetes,none,testing,Diabetes,No Diabetes,3,130202,16.896,"""Glucose"" - 165(0.769767046421) -> 122(0.404182962081)
""Blood Pressure"" - 68(0.434782608696) -> 72(0.521739130435)
""Insulin"" - 168(0.272209849047)
""BMI"" - 33.6(0.463613374543) -> 28.08744(0.27)
""Age"" - 49(0.756756756757)",-0.365584084339,0.0869565217391,0,-0.193613374543,0,1,1,0,1,0,,3,0.646153980622,Diabetes,0,0.713953270738,0.00169891992297,0.487898455134,0.486199535211,,
R_6je4Jj1MX2gnjbr,diabetes,none,testing,Diabetes,No Diabetes,4,130200,9.976,"""Glucose"" - 187(0.956810066315) -> 127(0.44669273933)
""Blood Pressure"" - 76(0.608695652174)
""Insulin"" - 207(0.352635486266) -> 114(0.160851274437)
""BMI"" - 43.6(0.814835627985) -> 33.2124(0.45)
""Age"" - 53(0.864864864865)",-0.510117326985,0,-0.191784211829,-0.364835627985,0,1,0,1,1,0,,3,1.0667371668,No Diabetes,1,0.977340048504,0.0193316016805,0.998976258086,0.979644656405,,
R_6je4Jj1MX2gnjbr,diabetes,none,testing,Diabetes,No Diabetes,5,130203,19.493,"""Glucose"" - 128(0.45519469478)
""Blood Pressure"" - 88(0.869565217391) -> 67(0.413043478261)
""Insulin"" - 110(0.152602491133)
""BMI"" - 36.5(0.565467828042) -> 33.2124(0.45)
""Age"" - 37(0.432432432432)",0,-0.45652173913,0,-0.115467828042,0,0,1,0,1,0,,2,0.571989567172,No Diabetes,1,0.555538333329,0.10151951701,0.746992358123,0.645472841113,,
R_6je4Jj1MX2gnjbr,diabetes,none,testing,Diabetes,No Diabetes,6,130204,13.138,"""Glucose"" - 133(0.497704472029)
""Blood Pressure"" - 102(1) -> 69(0.45652173913)
""Insulin"" - 140(0.214468365916)
""BMI"" - 32.8(0.435515594268) -> 27.80272(0.26)
""Age"" - 45(0.648648648649)",0,-0.54347826087,0,-0.175515594268,0,0,1,0,1,0,,2,0.718993855138,Diabetes,0,0.989264125408,0.00196931166883,0.39372666819,0.391757356521,,
R_6je4Jj1MX2gnjbr,diabetes,none,testing,Diabetes,No Diabetes,7,130209,14.903,"""Glucose"" - 128(0.45519469478)
""Blood Pressure"" - 98(1) -> 70(0.478260869565)
""Insulin"" - 58(0.0453683081745) -> 80(0.0907366163491)
""BMI"" - 32(0.407417813993)
""Age"" - 33(0.324324324324)",0,-0.521739130435,0.0453683081745,0,0,0,1,1,0,0,,2,0.567107438609,No Diabetes,1,0.376155617223,0.00126323358936,0.926258017737,0.924994784148,,
R_6je4Jj1MX2gnjbr,diabetes,none,testing,Diabetes,No Diabetes,8,130205,22.035,"""Glucose"" - 108(0.285155585785)
""Blood Pressure"" - 44(0) -> 73(0.54347826087)
""Insulin"" - 130(0.193846407655)
""BMI"" - 24(0.126440011239)
""Age"" - 35(0.378378378378)",0,0.54347826087,0,0,0,0,1,0,0,0,,1,0.54347826087,No Diabetes,1,0.461809635723,0.000410874889345,0.999989010711,0.999578135822,,
R_6je4Jj1MX2gnjbr,diabetes,none,testing,Diabetes,No Diabetes,9,130206,7.801,"""Glucose"" - 181(0.905798333617) -> 138(0.540214249277)
""Blood Pressure"" - 64(0.347826086957) -> 71(0.5)
""Insulin"" - 180(0.296956198961) -> 114(0.160851274437)
""BMI"" - 34.1(0.481174487216)
""Age"" - 38(0.459459459459)",-0.365584084339,0.152173913043,-0.136104924524,0,0,1,1,1,0,0,,3,0.653862921907,Diabetes,0,0.509256041933,0.000759705140061,0.0492610275821,0.0485013224421,,
R_6je4Jj1MX2gnjbr,diabetes,none,testing,Diabetes,No Diabetes,10,130208,9.306,"""Glucose"" - 119(0.378677095732)
""Blood Pressure"" - 50(0.0434782608696) -> 71(0.5)
""Insulin"" - 176(0.288707415656) -> 118(0.169100057741)
""BMI"" - 27.1(0.235318909806)
""Age"" - 33(0.324324324324)",0,0.45652173913,-0.119607357915,0,0,0,1,1,0,0,,2,0.576129097045,No Diabetes,1,0.597280683414,5.14842648366e-05,0.884161403186,0.884109918921,,
R_6je4Jj1MX2gnjbr,diabetes,none,testing,No Diabetes,Diabetes,11,130305,67.712,"""Glucose"" - 105(0.259649719435)
""Blood Pressure"" - 72(0.521739130435) -> 81(0.717391304348)
""Insulin"" - 325(0.595974593747)
""BMI"" - 36.9(0.579516718179) -> 40.04568(0.69)
""Age"" - 28(0.189189189189)",0,0.195652173913,0,0.110483281821,0,0,1,0,1,0,,2,0.306135455734,No Diabetes,0,0.463009721304,0.000141101260031,0.000110823669958,-3.02775900728e-05,,
R_6je4Jj1MX2gnjbr,diabetes,none,testing,No Diabetes,Diabetes,12,130300,17.85,"""Glucose"" - 115(0.344669273933)
""Blood Pressure"" - 66(0.391304347826) -> 82(0.739130434783)
""Insulin"" - 140(0.214468365916) -> 259(0.459869669224)
""BMI"" - 38.1(0.621663388592)
""Age"" - 28(0.189189189189)",0,0.347826086957,0.245401303308,0,0,0,1,1,0,0,,2,0.593227390264,No Diabetes,0,0.671807185138,0.00966080352846,0.000157880110102,-0.00950292341836,,
R_6je4Jj1MX2gnjbr,diabetes,none,testing,No Diabetes,Diabetes,13,130309,9.828,"""Glucose"" - 143(0.582724026526)
""Blood Pressure"" - 86(0.826086956522)
""Insulin"" - 330(0.606285572878) -> 123(0.179411036872)
""BMI"" - 30.1(0.340685585839) -> 34.92072(0.51)
""Age"" - 23(0.0540540540541)",0,0,-0.426874536006,0.169314414161,0,0,0,1,1,0,,2,0.596188950167,No Diabetes,0,0.884085542412,0.000130785916376,0.182367106215,0.182236320299,,
R_6je4Jj1MX2gnjbr,diabetes,none,testing,No Diabetes,Diabetes,14,130301,8.254,"""Glucose"" - 97(0.191634075837) -> 127(0.44669273933)
""Blood Pressure"" - 64(0.347826086957) -> 74(0.565217391304)
""Insulin"" - 100(0.131980532871) -> 269(0.480491627485)
""BMI"" - 36.8(0.576004495645)
""Age"" - 25(0.108108108108)",0.255058663493,0.217391304348,0.348511094614,0,0,1,1,1,0,0,,3,0.820961062454,No Diabetes,0,0.794695679669,0.0306247744831,6.34464786453e-06,-0.0306184298353,,
R_6je4Jj1MX2gnjbr,diabetes,none,testing,No Diabetes,Diabetes,15,130307,9.711,"""Glucose"" - 133(0.497704472029) -> 151(0.650739670124)
""Blood Pressure"" - 88(0.869565217391)
""Insulin"" - 155(0.245401303308) -> 298(0.540295306442)
""BMI"" - 32.4(0.42146670413) -> 36.34432(0.56)
""Age"" - 37(0.432432432432)",0.153035198096,0,0.294894003135,0.13853329587,0,1,0,1,1,0,,3,0.5864624971,Diabetes,1,0.662510570521,0.00513383899707,0.991489216586,0.986355377589,,
R_6je4Jj1MX2gnjbr,diabetes,none,testing,No Diabetes,Diabetes,16,130304,8.02,"""Glucose"" - 136(0.523210338378) -> 159(0.718755313722)
""Blood Pressure"" - 74(0.565217391304) -> 82(0.739130434783)
""Insulin"" - 204(0.346448898787) -> 351(0.649591685226)
""BMI"" - 37.4(0.597077830851)
""Age"" - 24(0.0810810810811)",0.195544975344,0.173913043478,0.303142786439,0,0,1,1,1,0,0,,3,0.672600805262,Diabetes,1,0.786584354028,0.00664884006495,0.876875987845,0.87022714778,,
R_6je4Jj1MX2gnjbr,diabetes,none,testing,No Diabetes,Diabetes,17,130308,12.313,"""Glucose"" - 122(0.404182962081) -> 143(0.582724026526)
""Blood Pressure"" - 76(0.608695652174) -> 60(0.260869565217)
""Insulin"" - 200(0.338200115483) -> 317(0.579477027138)
""BMI"" - 35.9(0.544394492835)
""Age"" - 26(0.135135135135)",0.178541064445,-0.347826086957,0.241276911656,0,0,1,1,1,0,0,,3,0.767644063057,Diabetes,1,0.978572382681,3.47155324043e-06,0.999966945282,0.999963473728,,
R_6je4Jj1MX2gnjbr,diabetes,none,testing,No Diabetes,Diabetes,18,130303,13.87,"""Glucose"" - 129(0.46369665023) -> 144(0.591225981976)
""Blood Pressure"" - 74(0.565217391304) -> 79(0.673913043478)
""Insulin"" - 205(0.348511094614)
""BMI"" - 33.2(0.449564484406)
""Age"" - 25(0.108108108108)",0.127529331746,0.108695652174,0,0,0,1,1,0,0,0,,2,0.23622498392,Diabetes,1,0.393686793556,0.000766530678579,0.869212440493,0.868445909814,,
R_6je4Jj1MX2gnjbr,diabetes,none,testing,No Diabetes,Diabetes,19,130306,11.738,"""Glucose"" - 102(0.234143853086) -> 140(0.557218160177)
""Blood Pressure"" - 64(0.347826086957) -> 76(0.608695652174)
""Insulin"" - 78(0.0866122246969)
""BMI"" - 40.6(0.709468951953)
""Age"" - 21(0)",0.323074307091,0.260869565217,0,0,0,1,1,0,0,0,,2,0.583943872308,No Diabetes,0,0.580109471465,0.000893085040188,0.203272059422,0.202378974382,,
R_6je4Jj1MX2gnjbr,diabetes,none,testing,No Diabetes,Diabetes,20,130302,8.533,"""Glucose"" - 87(0.10661452134)
""Blood Pressure"" - 60(0.260869565217)
""Insulin"" - 75(0.0804256372185) -> 283(0.509362369051)
""BMI"" - 37.2(0.590053385783)
""Age"" - 22(0.027027027027)",0,0,0.428936731832,0,0,0,0,1,0,0,,1,0.428936731832,No Diabetes,0,0.57119142517,0.000799413265625,0.00231811152561,0.00151869825998,,
R_1hM8ZPOQNryYfzQ,diabetes,counterfactual,training,No Diabetes,,1,130110,48.199,"""Glucose"" - 154(0.676245536473)
""Blood Pressure"" - 62(0.304347826087)
""Insulin"" - 284(0.511424564877)
""BMI"" - 32.8(0.435515594268)
""Age"" - 23(0.0540540540541)",,,,,,,,,,,"""Glucose"" - 154(0.676245536473)
""Blood Pressure"" - 62(0.304347826087) -> 65(0.369565217391)
""Insulin"" - 284(0.511424564877)
""BMI"" - 32.8(0.435515594268)
""Age"" - 23(0.0540540540541) -> 24(0.0810810810811)",,,,,,,,,No Diabetes,1
R_1hM8ZPOQNryYfzQ,diabetes,counterfactual,training,No Diabetes,,2,130111,26.604,"""Glucose"" - 146(0.608229892875)
""Blood Pressure"" - 76(0.608695652174)
""Insulin"" - 194(0.325826940526)
""BMI"" - 38.2(0.625175611127)
""Age"" - 29(0.216216216216)",,,,,,,,,,,"""Glucose"" - 146(0.608229892875)
""Blood Pressure"" - 76(0.608695652174) -> 80(0.695652173913)
""Insulin"" - 194(0.325826940526)
""BMI"" - 38.2(0.625175611127)
""Age"" - 29(0.216216216216) -> 30(0.243243243243)",,,,,,,,,No Diabetes,1
R_1hM8ZPOQNryYfzQ,diabetes,counterfactual,training,Diabetes,,3,130108,37.329,"""Glucose"" - 130(0.472198605679)
""Blood Pressure"" - 78(0.652173913043)
""Insulin"" - 79(0.088674420523)
""BMI"" - 28.4(0.280977802754)
""Age"" - 34(0.351351351351)",,,,,,,,,,,"""Glucose"" - 130(0.472198605679)
""Blood Pressure"" - 78(0.652173913043) -> 75(0.586956521739)
""Insulin"" - 79(0.088674420523)
""BMI"" - 28.4(0.280977802754)
""Age"" - 34(0.351351351351) -> 33(0.324324324324)",,,,,,,,,No Diabetes,0
R_1hM8ZPOQNryYfzQ,diabetes,counterfactual,training,Diabetes,,4,130106,16.344,"""Glucose"" - 129(0.46369665023)
""Blood Pressure"" - 64(0.347826086957)
""Insulin"" - 115(0.162913470263)
""BMI"" - 26.4(0.210733352065)
""Age"" - 28(0.189189189189)",,,,,,,,,,,"""Glucose"" - 129(0.46369665023)
""Blood Pressure"" - 64(0.347826086957) -> 63(0.326086956522)
""Insulin"" - 115(0.162913470263)
""BMI"" - 26.4(0.210733352065)
""Age"" - 28(0.189189189189) -> 26(0.135135135135)",,,,,,,,,No Diabetes,0
R_1hM8ZPOQNryYfzQ,diabetes,counterfactual,training,Diabetes,,5,130107,8.356,"""Glucose"" - 109(0.293657541234)
""Blood Pressure"" - 76(0.608695652174)
""Insulin"" - 114(0.160851274437)
""BMI"" - 27.9(0.263416690081)
""Age"" - 31(0.27027027027)",,,,,,,,,,,"""Glucose"" - 109(0.293657541234)
""Blood Pressure"" - 76(0.608695652174) -> 74(0.565217391304)
""Insulin"" - 114(0.160851274437)
""BMI"" - 27.9(0.263416690081)
""Age"" - 31(0.27027027027) -> 30(0.243243243243)",,,,,,,,,No Diabetes,0
R_1hM8ZPOQNryYfzQ,diabetes,counterfactual,training,No Diabetes,,6,130109,6.382,"""Glucose"" - 152(0.659241625574)
""Blood Pressure"" - 82(0.739130434783)
""Insulin"" - 272(0.486678214963)
""BMI"" - 41.5(0.741078954763)
""Age"" - 27(0.162162162162)",,,,,,,,,,,"""Glucose"" - 152(0.659241625574)
""Blood Pressure"" - 82(0.739130434783) -> 83(0.760869565217)
""Insulin"" - 272(0.486678214963)
""BMI"" - 41.5(0.741078954763)
""Age"" - 27(0.162162162162) -> 34(0.351351351351)",,,,,,,,,Diabetes,0
R_1hM8ZPOQNryYfzQ,diabetes,counterfactual,training,Diabetes,,7,130101,5.275,"""Glucose"" - 136(0.523210338378)
""Blood Pressure"" - 70(0.478260869565)
""Insulin"" - 110(0.152602491133)
""BMI"" - 37.1(0.586541163248)
""Age"" - 43(0.594594594595)",,,,,,,,,,,"""Glucose"" - 136(0.523210338378) -> 130(0.472198605679)
""Blood Pressure"" - 70(0.478260869565)
""Insulin"" - 110(0.152602491133) -> 109(0.150540295306)
""BMI"" - 37.1(0.586541163248)
""Age"" - 43(0.594594594595)",,,,,,,,,No Diabetes,0
R_1hM8ZPOQNryYfzQ,diabetes,counterfactual,training,No Diabetes,,8,130104,5.551,"""Glucose"" - 117(0.361673184833)
""Blood Pressure"" - 64(0.347826086957)
""Insulin"" - 120(0.173224449394)
""BMI"" - 33.2(0.449564484406)
""Age"" - 24(0.0810810810811)",,,,,,,,,,,"""Glucose"" - 117(0.361673184833) -> 120(0.387179051182)
""Blood Pressure"" - 64(0.347826086957)
""Insulin"" - 120(0.173224449394) -> 143(0.220654953394)
""BMI"" - 33.2(0.449564484406)
""Age"" - 24(0.0810810810811)",,,,,,,,,No Diabetes,1
R_1hM8ZPOQNryYfzQ,diabetes,counterfactual,training,Diabetes,,9,130102,5.474,"""Glucose"" - 197(1)
""Blood Pressure"" - 70(0.478260869565)
""Insulin"" - 543(1)
""BMI"" - 30.5(0.354734475976)
""Age"" - 53(0.864864864865)",,,,,,,,,,,"""Glucose"" - 197(1) -> 180(0.897296378167)
""Blood Pressure"" - 70(0.478260869565)
""Insulin"" - 543(1) -> 542(1)
""BMI"" - 30.5(0.354734475976)
""Age"" - 53(0.864864864865)",,,,,,,,,Diabetes,1
R_1hM8ZPOQNryYfzQ,diabetes,counterfactual,training,No Diabetes,,10,130105,4.789,"""Glucose"" - 83(0.0726066995409)
""Blood Pressure"" - 78(0.652173913043)
""Insulin"" - 71(0.072176853914)
""BMI"" - 29.3(0.312587805563)
""Age"" - 36(0.405405405405)",,,,,,,,,,,"""Glucose"" - 83(0.0726066995409) -> 103(0.242645808536)
""Blood Pressure"" - 78(0.652173913043)
""Insulin"" - 71(0.072176853914) -> 72(0.0742390497402)
""BMI"" - 29.3(0.312587805563)
""Age"" - 36(0.405405405405)",,,,,,,,,No Diabetes,1
R_1hM8ZPOQNryYfzQ,diabetes,counterfactual,training,No Diabetes,,11,130103,4.263,"""Glucose"" - 100(0.217139942187)
""Blood Pressure"" - 88(0.869565217391)
""Insulin"" - 110(0.152602491133)
""BMI"" - 46.8(0.927226749087)
""Age"" - 31(0.27027027027)",,,,,,,,,,,"""Glucose"" - 100(0.217139942187) -> 101(0.225641897636)
""Blood Pressure"" - 88(0.869565217391)
""Insulin"" - 110(0.152602491133) -> 154(0.243339107482)
""BMI"" - 46.8(0.927226749087)
""Age"" - 31(0.27027027027)",,,,,,,,,Diabetes,0
R_1hM8ZPOQNryYfzQ,diabetes,counterfactual,training,Diabetes,,12,130100,5.524,"""Glucose"" - 160(0.727257269172)
""Blood Pressure"" - 54(0.130434782609)
""Insulin"" - 175(0.28664521983)
""BMI"" - 30.5(0.354734475976)
""Age"" - 39(0.486486486486)",,,,,,,,,,,"""Glucose"" - 160(0.727257269172) -> 159(0.718755313722)
""Blood Pressure"" - 54(0.130434782609)
""Insulin"" - 175(0.28664521983) -> 147(0.228903736699)
""BMI"" - 30.5(0.354734475976)
""Age"" - 39(0.486486486486)",,,,,,,,,No Diabetes,0
R_1hM8ZPOQNryYfzQ,diabetes,counterfactual,testing,Diabetes,No Diabetes,1,130204,34.545,"""Glucose"" - 133(0.497704472029)
""Blood Pressure"" - 102(1) -> 84(0.782608695652)
""Insulin"" - 140(0.214468365916)
""BMI"" - 32.8(0.435515594268) -> 27.518(0.25)
""Age"" - 45(0.648648648649) -> 42(0.567567567568)",0,-0.217391304348,0,-0.185515594268,-0.0810810810811,0,1,0,1,1,,3,0.483987979697,No Diabetes,1,0.592096087805,0.00196931166883,0.941026282944,0.939056971275,,
R_1hM8ZPOQNryYfzQ,diabetes,counterfactual,testing,Diabetes,No Diabetes,2,130200,9.913,"""Glucose"" - 187(0.956810066315) -> 153(0.667743581024)
""Blood Pressure"" - 76(0.608695652174)
""Insulin"" - 207(0.352635486266)
""BMI"" - 43.6(0.814835627985) -> 38.62208(0.64)
""Age"" - 53(0.864864864865) -> 46(0.675675675676)",-0.289066485292,0,0,-0.174835627985,-0.189189189189,1,0,0,1,1,,3,0.653091302466,Diabetes,0,0.563694184171,0.0193316016805,0.215104303486,0.195772701806,,
R_1hM8ZPOQNryYfzQ,diabetes,counterfactual,testing,Diabetes,No Diabetes,3,130201,6.465,"""Glucose"" - 158(0.710253358272) -> 137(0.531712293828)
""Blood Pressure"" - 64(0.347826086957)
""Insulin"" - 387(0.723830734967) -> 230(0.400065990266)
""BMI"" - 31.2(0.379320033717)
""Age"" - 24(0.0810810810811)",-0.178541064445,0,-0.3237647447,0,0,1,0,1,0,0,,2,0.502305809145,No Diabetes,1,0.410846495024,0.0206474394228,0.866926850268,0.846279410846,,
R_1hM8ZPOQNryYfzQ,diabetes,counterfactual,testing,Diabetes,No Diabetes,4,130205,10.125,"""Glucose"" - 108(0.285155585785) -> 84(0.0811086549906)
""Blood Pressure"" - 44(0)
""Insulin"" - 130(0.193846407655)
""BMI"" - 24(0.126440011239)
""Age"" - 35(0.378378378378) -> 30(0.243243243243)",-0.204046930794,0,0,0,-0.135135135135,1,0,0,0,1,,2,0.339182065929,Diabetes,0,0.47490474513,0.000410874889345,0.0122000379108,0.0117891630214,,
R_1hM8ZPOQNryYfzQ,diabetes,counterfactual,testing,Diabetes,No Diabetes,5,130206,12.867,"""Glucose"" - 181(0.905798333617) -> 130(0.472198605679)
""Blood Pressure"" - 64(0.347826086957)
""Insulin"" - 180(0.296956198961)
""BMI"" - 34.1(0.481174487216) -> 25.52496(0.18)
""Age"" - 38(0.459459459459) -> 30(0.243243243243)",-0.433599727937,0,0,-0.301174487216,-0.216216216216,1,0,0,1,1,,3,0.950990431369,No Diabetes,1,1.07859340044,0.000759705140061,0.991972931576,0.991213226436,,
R_1hM8ZPOQNryYfzQ,diabetes,counterfactual,testing,Diabetes,No Diabetes,6,130203,4.135,"""Glucose"" - 128(0.45519469478)
""Blood Pressure"" - 88(0.869565217391) -> 69(0.45652173913)
""Insulin"" - 110(0.152602491133)
""BMI"" - 36.5(0.565467828042) -> 32.07352(0.41)
""Age"" - 37(0.432432432432)",0,-0.413043478261,0,-0.155467828042,0,0,1,0,1,0,,2,0.568511306302,Diabetes,0,0.55206007246,0.10151951701,0.46307845066,0.36155893365,,
R_1hM8ZPOQNryYfzQ,diabetes,counterfactual,testing,Diabetes,No Diabetes,7,130207,3.414,"""Glucose"" - 173(0.837782690019) -> 114(0.336167318483)
""Blood Pressure"" - 70(0.478260869565) -> 60(0.260869565217)
""Insulin"" - 168(0.272209849047)
""BMI"" - 29.7(0.326636695701)
""Age"" - 33(0.324324324324)",-0.501615371535,-0.217391304348,0,0,0,1,1,0,0,0,,2,0.719006675883,No Diabetes,1,0.785250114464,0.0202974786765,0.93266072858,0.912363249904,,
R_1hM8ZPOQNryYfzQ,diabetes,counterfactual,testing,Diabetes,No Diabetes,8,130208,5.645,"""Glucose"" - 119(0.378677095732)
""Blood Pressure"" - 50(0.0434782608696)
""Insulin"" - 176(0.288707415656) -> 109(0.150540295306)
""BMI"" - 27.1(0.235318909806)
""Age"" - 33(0.324324324324) -> 29(0.216216216216)",0,0,-0.13816712035,0,-0.108108108108,0,0,1,0,1,,2,0.246275228458,No Diabetes,1,0.225123642089,5.14842648366e-05,0.979905990098,0.979854505833,,
R_1hM8ZPOQNryYfzQ,diabetes,counterfactual,testing,Diabetes,No Diabetes,9,130209,6.741,"""Glucose"" - 128(0.45519469478) -> 113(0.327665363033)
""Blood Pressure"" - 98(1) -> 61(0.282608695652)
""Insulin"" - 58(0.0453683081745)
""BMI"" - 32(0.407417813993)
""Age"" - 33(0.324324324324)",-0.127529331746,-0.717391304348,0,0,0,1,1,0,0,0,,2,0.844920636094,No Diabetes,1,0.653968814708,0.00126323358936,0.999710503179,0.99844726959,,
R_1hM8ZPOQNryYfzQ,diabetes,counterfactual,testing,Diabetes,No Diabetes,10,130202,4.416,"""Glucose"" - 165(0.769767046421) -> 129(0.46369665023)
""Blood Pressure"" - 68(0.434782608696)
""Insulin"" - 168(0.272209849047)
""BMI"" - 33.6(0.463613374543) -> 27.80272(0.26)
""Age"" - 49(0.756756756757) -> 35(0.378378378378)",-0.306070396191,0,0,-0.203613374543,-0.378378378378,1,0,0,1,1,,3,0.888062149113,No Diabetes,1,0.955861439229,0.00169891992297,0.989316744996,0.987617825073,,
R_1hM8ZPOQNryYfzQ,diabetes,counterfactual,testing,No Diabetes,Diabetes,11,130304,12.555,"""Glucose"" - 136(0.523210338378)
""Blood Pressure"" - 74(0.565217391304) -> 82(0.739130434783)
""Insulin"" - 204(0.346448898787) -> 322(0.589788006269)
""BMI"" - 37.4(0.597077830851)
""Age"" - 24(0.0810810810811)",0,0.173913043478,0.243339107482,0,0,0,1,1,0,0,,2,0.41725215096,No Diabetes,0,0.531235699726,0.00664884006495,3.22463856728e-08,-0.00664880781857,,
R_1hM8ZPOQNryYfzQ,diabetes,counterfactual,testing,No Diabetes,Diabetes,12,130308,3.511,"""Glucose"" - 122(0.404182962081)
""Blood Pressure"" - 76(0.608695652174)
""Insulin"" - 200(0.338200115483) -> 400(0.750639280706)
""BMI"" - 35.9(0.544394492835) -> 40.04568(0.69)
""Age"" - 26(0.135135135135)",0,0,0.412439165223,0.145605507165,0,0,0,1,1,0,,2,0.558044672388,No Diabetes,0,0.768972992012,3.47155324043e-06,5.17349940665e-10,-3.47103589049e-06,,
R_1hM8ZPOQNryYfzQ,diabetes,counterfactual,testing,No Diabetes,Diabetes,13,130305,8.198,"""Glucose"" - 105(0.259649719435)
""Blood Pressure"" - 72(0.521739130435)
""Insulin"" - 325(0.595974593747) -> 414(0.779510022272)
""BMI"" - 36.9(0.579516718179) -> 42.32344(0.77)
""Age"" - 28(0.189189189189)",0,0,0.183535428524,0.190483281821,0,0,0,1,1,0,,2,0.374018710345,No Diabetes,0,0.530892975915,0.000141101260031,1.33140990476e-05,-0.000127787160983,,
R_1hM8ZPOQNryYfzQ,diabetes,counterfactual,testing,No Diabetes,Diabetes,14,130301,5.706,"""Glucose"" - 97(0.191634075837)
""Blood Pressure"" - 64(0.347826086957) -> 77(0.630434782609)
""Insulin"" - 100(0.131980532871) -> 211(0.36088426957)
""BMI"" - 36.8(0.576004495645)
""Age"" - 25(0.108108108108)",0,0.282608695652,0.228903736699,0,0,0,1,1,0,0,,2,0.511512432351,No Diabetes,0,0.587270514963,0.0306247744831,0.00113799244347,-0.0294867820397,,
R_1hM8ZPOQNryYfzQ,diabetes,counterfactual,testing,No Diabetes,Diabetes,15,130303,4.419,"""Glucose"" - 129(0.46369665023)
""Blood Pressure"" - 74(0.565217391304)
""Insulin"" - 205(0.348511094614) -> 346(0.639280706096)
""BMI"" - 33.2(0.449564484406) -> 36.91376(0.58)
""Age"" - 25(0.108108108108)",0,0,0.290769611482,0.130435515594,0,0,0,1,1,0,,2,0.421205127077,No Diabetes,0,0.578666936712,0.000766530678579,1.65313084999e-07,-0.000766365365494,,
R_1hM8ZPOQNryYfzQ,diabetes,counterfactual,testing,No Diabetes,Diabetes,16,130306,4,"""Glucose"" - 102(0.234143853086)
""Blood Pressure"" - 64(0.347826086957) -> 75(0.586956521739)
""Insulin"" - 78(0.0866122246969) -> 220(0.379444032005)
""BMI"" - 40.6(0.709468951953)
""Age"" - 21(0)",0,0.239130434783,0.292831807308,0,0,0,1,1,0,0,,2,0.531962242091,No Diabetes,0,0.647155217544,0.000893085040188,1.94158098266e-07,-0.000892890882089,,
R_1hM8ZPOQNryYfzQ,diabetes,counterfactual,testing,No Diabetes,Diabetes,17,130302,3.595,"""Glucose"" - 87(0.10661452134) -> 113(0.327665363033)
""Blood Pressure"" - 60(0.260869565217)
""Insulin"" - 75(0.0804256372185) -> 220(0.379444032005)
""BMI"" - 37.2(0.590053385783)
""Age"" - 22(0.027027027027)",0.221050841694,0,0.299018394787,0,0,1,0,1,0,0,,2,0.52006923648,Diabetes,1,0.526292642622,0.000799413265625,0.989213879262,0.988414465997,,
R_1hM8ZPOQNryYfzQ,diabetes,counterfactual,testing,No Diabetes,Diabetes,18,130309,7.634,"""Glucose"" - 143(0.582724026526) -> 165(0.769767046421)
""Blood Pressure"" - 86(0.826086956522)
""Insulin"" - 330(0.606285572878) -> 419(0.789821001402)
""BMI"" - 30.1(0.340685585839)
""Age"" - 23(0.0540540540541)",0.187043019895,0,0.183535428524,0,0,1,0,1,0,0,,2,0.370578448419,Diabetes,1,0.658475040663,0.000130785916376,0.99993985199,0.999809066074,,
R_1hM8ZPOQNryYfzQ,diabetes,counterfactual,testing,No Diabetes,Diabetes,19,130300,5.712,"""Glucose"" - 115(0.344669273933)
""Blood Pressure"" - 66(0.391304347826)
""Insulin"" - 140(0.214468365916) -> 215(0.369133052875)
""BMI"" - 38.1(0.621663388592)
""Age"" - 28(0.189189189189)",0,0,0.154664686959,0,0,0,0,1,0,0,,1,0.154664686959,No Diabetes,0,0.233244481833,0.00966080352846,0.256713973048,0.247053169519,,
R_1hM8ZPOQNryYfzQ,diabetes,counterfactual,testing,No Diabetes,Diabetes,20,130307,5.809,"""Glucose"" - 133(0.497704472029)
""Blood Pressure"" - 88(0.869565217391)
""Insulin"" - 155(0.245401303308) -> 337(0.620720943661)
""BMI"" - 32.4(0.42146670413) -> 39.76096(0.68)
""Age"" - 37(0.432432432432)",0,0,0.375319640353,0.25853329587,0,0,0,1,1,0,,2,0.633852936223,Diabetes,1,0.726904920543,0.00513383899707,0.891167411958,0.886033572961,,
R_6glWsdr4qttHZT3,diabetes,none,training,No Diabetes,,1,130109,40.372,"""Glucose"" - 152(0.659241625574)
""Blood Pressure"" - 82(0.739130434783)
""Insulin"" - 272(0.486678214963)
""BMI"" - 41.5(0.741078954763)
""Age"" - 27(0.162162162162)",,,,,,,,,,,,,,,,,,,,Diabetes,0
R_6glWsdr4qttHZT3,diabetes,none,training,Diabetes,,2,130108,40.355,"""Glucose"" - 130(0.472198605679)
""Blood Pressure"" - 78(0.652173913043)
""Insulin"" - 79(0.088674420523)
""BMI"" - 28.4(0.280977802754)
""Age"" - 34(0.351351351351)",,,,,,,,,,,,,,,,,,,,No Diabetes,0
R_6glWsdr4qttHZT3,diabetes,none,training,Diabetes,,3,130107,23.435,"""Glucose"" - 109(0.293657541234)
""Blood Pressure"" - 76(0.608695652174)
""Insulin"" - 114(0.160851274437)
""BMI"" - 27.9(0.263416690081)
""Age"" - 31(0.27027027027)",,,,,,,,,,,,,,,,,,,,No Diabetes,0
R_6glWsdr4qttHZT3,diabetes,none,training,No Diabetes,,4,130110,25.291,"""Glucose"" - 154(0.676245536473)
""Blood Pressure"" - 62(0.304347826087)
""Insulin"" - 284(0.511424564877)
""BMI"" - 32.8(0.435515594268)
""Age"" - 23(0.0540540540541)",,,,,,,,,,,,,,,,,,,,No Diabetes,1
R_6glWsdr4qttHZT3,diabetes,none,training,Diabetes,,5,130106,30.227,"""Glucose"" - 129(0.46369665023)
""Blood Pressure"" - 64(0.347826086957)
""Insulin"" - 115(0.162913470263)
""BMI"" - 26.4(0.210733352065)
""Age"" - 28(0.189189189189)",,,,,,,,,,,,,,,,,,,,Diabetes,1
R_6glWsdr4qttHZT3,diabetes,none,training,No Diabetes,,6,130111,60.977,"""Glucose"" - 146(0.608229892875)
""Blood Pressure"" - 76(0.608695652174)
""Insulin"" - 194(0.325826940526)
""BMI"" - 38.2(0.625175611127)
""Age"" - 29(0.216216216216)",,,,,,,,,,,,,,,,,,,,No Diabetes,1
R_6glWsdr4qttHZT3,diabetes,none,training,Diabetes,,7,130100,68.379,"""Glucose"" - 160(0.727257269172)
""Blood Pressure"" - 54(0.130434782609)
""Insulin"" - 175(0.28664521983)
""BMI"" - 30.5(0.354734475976)
""Age"" - 39(0.486486486486)",,,,,,,,,,,,,,,,,,,,Diabetes,1
R_6glWsdr4qttHZT3,diabetes,none,training,No Diabetes,,8,130105,9.376,"""Glucose"" - 83(0.0726066995409)
""Blood Pressure"" - 78(0.652173913043)
""Insulin"" - 71(0.072176853914)
""BMI"" - 29.3(0.312587805563)
""Age"" - 36(0.405405405405)",,,,,,,,,,,,,,,,,,,,Diabetes,0
R_6glWsdr4qttHZT3,diabetes,none,training,No Diabetes,,9,130104,7.763,"""Glucose"" - 117(0.361673184833)
""Blood Pressure"" - 64(0.347826086957)
""Insulin"" - 120(0.173224449394)
""BMI"" - 33.2(0.449564484406)
""Age"" - 24(0.0810810810811)",,,,,,,,,,,,,,,,,,,,No Diabetes,1
R_6glWsdr4qttHZT3,diabetes,none,training,No Diabetes,,10,130103,29.951,"""Glucose"" - 100(0.217139942187)
""Blood Pressure"" - 88(0.869565217391)
""Insulin"" - 110(0.152602491133)
""BMI"" - 46.8(0.927226749087)
""Age"" - 31(0.27027027027)",,,,,,,,,,,,,,,,,,,,Diabetes,0
R_6glWsdr4qttHZT3,diabetes,none,training,Diabetes,,11,130101,6.484,"""Glucose"" - 136(0.523210338378)
""Blood Pressure"" - 70(0.478260869565)
""Insulin"" - 110(0.152602491133)
""BMI"" - 37.1(0.586541163248)
""Age"" - 43(0.594594594595)",,,,,,,,,,,,,,,,,,,,No Diabetes,0
R_6glWsdr4qttHZT3,diabetes,none,training,Diabetes,,12,130102,7.656,"""Glucose"" - 197(1)
""Blood Pressure"" - 70(0.478260869565)
""Insulin"" - 543(1)
""BMI"" - 30.5(0.354734475976)
""Age"" - 53(0.864864864865)",,,,,,,,,,,,,,,,,,,,No Diabetes,0
R_6glWsdr4qttHZT3,diabetes,none,testing,Diabetes,No Diabetes,1,130203,143.651,"""Glucose"" - 128(0.45519469478)
""Blood Pressure"" - 88(0.869565217391)
""Insulin"" - 110(0.152602491133)
""BMI"" - 36.5(0.565467828042) -> 29.22632(0.31)
""Age"" - 37(0.432432432432)",0,0,0,-0.255467828042,0,0,0,0,1,0,,1,0.255467828042,No Diabetes,1,0.325973115938,0.10151951701,0.72573769644,0.62421817943,,
R_6glWsdr4qttHZT3,diabetes,none,testing,Diabetes,No Diabetes,2,130200,55.122,"""Glucose"" - 187(0.956810066315) -> 147(0.616731848325)
""Blood Pressure"" - 76(0.608695652174)
""Insulin"" - 207(0.352635486266)
""BMI"" - 43.6(0.814835627985)
""Age"" - 53(0.864864864865)",-0.34007821799,0,0,0,0,1,0,0,0,0,,1,0.34007821799,No Diabetes,1,0.250681099695,0.0193316016805,0.959887572493,0.940555970813,,
R_6glWsdr4qttHZT3,diabetes,none,testing,Diabetes,No Diabetes,3,130202,26.835,"""Glucose"" - 165(0.769767046421) -> 140(0.557218160177)
""Blood Pressure"" - 68(0.434782608696)
""Insulin"" - 168(0.272209849047)
""BMI"" - 33.6(0.463613374543)
""Age"" - 49(0.756756756757)",-0.212548886244,0,0,0,0,1,0,0,0,0,,1,0.212548886244,Diabetes,0,0.28034817636,0.00169891992297,0.499034460749,0.497335540826,,
R_6glWsdr4qttHZT3,diabetes,none,testing,Diabetes,No Diabetes,4,130209,18.638,"""Glucose"" - 128(0.45519469478)
""Blood Pressure"" - 98(1) -> 82(0.739130434783)
""Insulin"" - 58(0.0453683081745)
""BMI"" - 32(0.407417813993)
""Age"" - 33(0.324324324324)",0,-0.260869565217,0,0,0,0,1,0,0,0,,1,0.260869565217,Diabetes,0,0.200352526439,0.00126323358936,0.000212243309627,-0.00105099027973,,
R_6glWsdr4qttHZT3,diabetes,none,testing,Diabetes,No Diabetes,5,130208,17.525,"""Glucose"" - 119(0.378677095732) -> 125(0.429688828431)
""Blood Pressure"" - 50(0.0434782608696) -> 70(0.478260869565)
""Insulin"" - 176(0.288707415656)
""BMI"" - 27.1(0.235318909806)
""Age"" - 33(0.324324324324)",0.0510117326985,0.434782608696,0,0,0,1,1,0,0,0,,2,0.485794341394,No Diabetes,1,0.506945927763,5.14842648366e-05,0.997249219949,0.997197735684,,
R_6glWsdr4qttHZT3,diabetes,none,testing,Diabetes,No Diabetes,6,130205,8.658,"""Glucose"" - 108(0.285155585785)
""Blood Pressure"" - 44(0) -> 74(0.565217391304)
""Insulin"" - 130(0.193846407655)
""BMI"" - 24(0.126440011239)
""Age"" - 35(0.378378378378)",0,0.565217391304,0,0,0,0,1,0,0,0,,1,0.565217391304,No Diabetes,1,0.483548766157,0.000410874889345,0.99999161719,0.999580742301,,
R_6glWsdr4qttHZT3,diabetes,none,testing,Diabetes,No Diabetes,7,130207,18.911,"""Glucose"" - 173(0.837782690019) -> 122(0.404182962081)
""Blood Pressure"" - 70(0.478260869565)
""Insulin"" - 168(0.272209849047) -> 177(0.290769611482)
""BMI"" - 29.7(0.326636695701)
""Age"" - 33(0.324324324324)",-0.433599727937,0,0.018559762435,0,0,1,0,1,0,0,,2,0.452159490372,No Diabetes,1,0.518402928953,0.0202974786765,0.963866352539,0.943568873863,,
R_6glWsdr4qttHZT3,diabetes,none,testing,Diabetes,No Diabetes,8,130206,33.333,"""Glucose"" - 181(0.905798333617) -> 144(0.591225981976)
""Blood Pressure"" - 64(0.347826086957) -> 67(0.413043478261)
""Insulin"" - 180(0.296956198961)
""BMI"" - 34.1(0.481174487216)
""Age"" - 38(0.459459459459)",-0.314572351641,0.0652173913043,0,0,0,1,1,0,0,0,,2,0.379789742945,No Diabetes,1,0.507392712019,0.000759705140061,0.782051849913,0.781292144773,,
R_6glWsdr4qttHZT3,diabetes,none,testing,Diabetes,No Diabetes,9,130201,66.691,"""Glucose"" - 158(0.710253358272) -> 143(0.582724026526)
""Blood Pressure"" - 64(0.347826086957)
""Insulin"" - 387(0.723830734967) -> 249(0.439247710963)
""BMI"" - 31.2(0.379320033717)
""Age"" - 24(0.0810810810811)",-0.127529331746,0,-0.284583024004,0,0,1,0,1,0,0,,2,0.41211235575,No Diabetes,1,0.320653041629,0.0206474394228,0.983889821455,0.963242382032,,
R_6glWsdr4qttHZT3,diabetes,none,testing,Diabetes,No Diabetes,10,130204,28.854,"""Glucose"" - 133(0.497704472029)
""Blood Pressure"" - 102(1) -> 75(0.586956521739)
""Insulin"" - 140(0.214468365916)
""BMI"" - 32.8(0.435515594268)
""Age"" - 45(0.648648648649) -> 40(0.513513513514)",0,-0.413043478261,0,0,-0.135135135135,0,1,0,0,1,,2,0.548178613396,Diabetes,0,0.548178613396,0.00196931166883,0.366628177233,0.364658865564,,
R_6glWsdr4qttHZT3,diabetes,none,testing,No Diabetes,Diabetes,11,130309,39.979,"""Glucose"" - 143(0.582724026526)
""Blood Pressure"" - 86(0.826086956522) -> 81(0.717391304348)
""Insulin"" - 330(0.606285572878)
""BMI"" - 30.1(0.340685585839)
""Age"" - 23(0.0540540540541)",0,-0.108695652174,0,0,0,0,1,0,0,0,,1,0.108695652174,No Diabetes,0,0.179200940071,0.000130785916376,0.00359463960909,0.00346385369271,,
R_6glWsdr4qttHZT3,diabetes,none,testing,No Diabetes,Diabetes,12,130306,23.1,"""Glucose"" - 102(0.234143853086)
""Blood Pressure"" - 64(0.347826086957)
""Insulin"" - 78(0.0866122246969)
""BMI"" - 40.6(0.709468951953) -> 26.37912(0.21)
""Age"" - 21(0)",0,0,0,-0.499468951953,0,0,0,0,1,0,,1,0.499468951953,No Diabetes,0,0.614661927406,0.000893085040188,0.00187661004656,0.000983525006368,,
R_6glWsdr4qttHZT3,diabetes,none,testing,No Diabetes,Diabetes,13,130301,18.442,"""Glucose"" - 97(0.191634075837)
""Blood Pressure"" - 64(0.347826086957)
""Insulin"" - 100(0.131980532871)
""BMI"" - 36.8(0.576004495645) -> 26.94856(0.23)
""Age"" - 25(0.108108108108)",0,0,0,-0.346004495645,0,0,0,0,1,0,,1,0.346004495645,No Diabetes,0,0.421762578257,0.0306247744831,0.000620912932579,-0.0300038615506,,
R_6glWsdr4qttHZT3,diabetes,none,testing,No Diabetes,Diabetes,14,130300,24.592,"""Glucose"" - 115(0.344669273933)
""Blood Pressure"" - 66(0.391304347826)
""Insulin"" - 140(0.214468365916)
""BMI"" - 38.1(0.621663388592) -> 30.08048(0.34)
""Age"" - 28(0.189189189189)",0,0,0,-0.281663388592,0,0,0,0,1,0,,1,0.281663388592,No Diabetes,0,0.360243183466,0.00966080352846,0.204196237732,0.194535434204,,
R_6glWsdr4qttHZT3,diabetes,none,testing,No Diabetes,Diabetes,15,130304,13.061,"""Glucose"" - 136(0.523210338378) -> 130(0.472198605679)
""Blood Pressure"" - 74(0.565217391304)
""Insulin"" - 204(0.346448898787)
""BMI"" - 37.4(0.597077830851) -> 28.65688(0.29)
""Age"" - 24(0.0810810810811)",-0.0510117326985,0,0,-0.307077830851,0,1,0,0,1,0,,2,0.35808956355,No Diabetes,0,0.472073112316,0.00664884006495,0.0622707567055,0.0556219166406,,
R_6glWsdr4qttHZT3,diabetes,none,testing,No Diabetes,Diabetes,16,130302,23.419,"""Glucose"" - 87(0.10661452134) -> 106(0.268151674885)
""Blood Pressure"" - 60(0.260869565217) -> 65(0.369565217391)
""Insulin"" - 75(0.0804256372185)
""BMI"" - 37.2(0.590053385783) -> 29.79576(0.33)
""Age"" - 22(0.027027027027)",0.161537153545,0.108695652174,0,-0.260053385783,0,1,1,0,1,0,,3,0.530286191502,No Diabetes,0,0.536509597644,0.000799413265625,0.105409205381,0.104609792116,,
R_6glWsdr4qttHZT3,diabetes,none,testing,No Diabetes,Diabetes,17,130308,16.207,"""Glucose"" - 122(0.404182962081) -> 113(0.327665363033)
""Blood Pressure"" - 76(0.608695652174)
""Insulin"" - 200(0.338200115483)
""BMI"" - 35.9(0.544394492835) -> 31.7888(0.4)
""Age"" - 26(0.135135135135)",-0.0765175990478,0,0,-0.144394492835,0,1,0,0,1,0,,2,0.220912091883,No Diabetes,0,0.431840411507,3.47155324043e-06,0.000127896743733,0.000124425190493,,
R_6glWsdr4qttHZT3,diabetes,none,testing,No Diabetes,Diabetes,18,130307,12.534,"""Glucose"" - 133(0.497704472029)
""Blood Pressure"" - 88(0.869565217391) -> 73(0.54347826087)
""Insulin"" - 155(0.245401303308)
""BMI"" - 32.4(0.42146670413)
""Age"" - 37(0.432432432432)",0,-0.326086956522,0,0,0,0,1,0,0,0,,1,0.326086956522,No Diabetes,0,0.419138940842,0.00513383899707,0.208328808787,0.20319496979,,
R_6glWsdr4qttHZT3,diabetes,none,testing,No Diabetes,Diabetes,19,130303,43.252,"""Glucose"" - 129(0.46369665023) -> 124(0.421186872981)
""Blood Pressure"" - 74(0.565217391304) -> 70(0.478260869565)
""Insulin"" - 205(0.348511094614)
""BMI"" - 33.2(0.449564484406) -> 30.3652(0.35)
""Age"" - 25(0.108108108108)",-0.0425097772488,-0.0869565217391,0,-0.0995644844057,0,1,1,0,1,0,,3,0.229030783394,No Diabetes,0,0.212579549551,0.000766530678579,0.486217933413,0.485451402735,,
R_6glWsdr4qttHZT3,diabetes,none,testing,No Diabetes,Diabetes,20,130305,30.286,"""Glucose"" - 105(0.259649719435)
""Blood Pressure"" - 72(0.521739130435)
""Insulin"" - 325(0.595974593747) -> 288(0.519673348181)
""BMI"" - 36.9(0.579516718179) -> 31.50408(0.39)
""Age"" - 28(0.189189189189)",0,0,-0.0763012455663,-0.189516718179,0,0,0,1,1,0,,2,0.265817963746,No Diabetes,0,0.422692229315,0.000141101260031,1.96577948853e-05,-0.000121443465146,,
R_6a94wM1ITk1h1po,diabetes,attribution,training,Diabetes,,1,130106,47.416,"""Glucose"" - 129(0.46369665023)
""Blood Pressure"" - 64(0.347826086957)
""Insulin"" - 115(0.162913470263)
""BMI"" - 26.4(0.210733352065)
""Age"" - 28(0.189189189189)",,,,,,,,,,,"""Blood Pressure"" - -53% toward Diabetes
""Age"" - -47% toward Diabetes",,,,,,,,,No Diabetes,0
R_6a94wM1ITk1h1po,diabetes,attribution,training,No Diabetes,,2,130109,22.529,"""Glucose"" - 152(0.659241625574)
""Blood Pressure"" - 82(0.739130434783)
""Insulin"" - 272(0.486678214963)
""BMI"" - 41.5(0.741078954763)
""Age"" - 27(0.162162162162)",,,,,,,,,,,"""Age"" - +53% toward No Diabetes
""Blood Pressure"" - +47% toward No Diabetes",,,,,,,,,No Diabetes,1
R_6a94wM1ITk1h1po,diabetes,attribution,training,Diabetes,,3,130108,38.524,"""Glucose"" - 130(0.472198605679)
""Blood Pressure"" - 78(0.652173913043)
""Insulin"" - 79(0.088674420523)
""BMI"" - 28.4(0.280977802754)
""Age"" - 34(0.351351351351)",,,,,,,,,,,"""Age"" - -58% toward Diabetes
""Blood Pressure"" - -42% toward Diabetes",,,,,,,,,No Diabetes,0
R_6a94wM1ITk1h1po,diabetes,attribution,training,No Diabetes,,4,130111,25.267,"""Glucose"" - 146(0.608229892875)
""Blood Pressure"" - 76(0.608695652174)
""Insulin"" - 194(0.325826940526)
""BMI"" - 38.2(0.625175611127)
""Age"" - 29(0.216216216216)",,,,,,,,,,,"""Blood Pressure"" - +64% toward No Diabetes
""Age"" - +36% toward No Diabetes",,,,,,,,,Diabetes,0
R_6a94wM1ITk1h1po,diabetes,attribution,training,No Diabetes,,5,130110,17.626,"""Glucose"" - 154(0.676245536473)
""Blood Pressure"" - 62(0.304347826087)
""Insulin"" - 284(0.511424564877)
""BMI"" - 32.8(0.435515594268)
""Age"" - 23(0.0540540540541)",,,,,,,,,,,"""Age"" - +60% toward No Diabetes
""Blood Pressure"" - +40% toward No Diabetes",,,,,,,,,No Diabetes,1
R_6a94wM1ITk1h1po,diabetes,attribution,training,Diabetes,,6,130107,15.529,"""Glucose"" - 109(0.293657541234)
""Blood Pressure"" - 76(0.608695652174)
""Insulin"" - 114(0.160851274437)
""BMI"" - 27.9(0.263416690081)
""Age"" - 31(0.27027027027)",,,,,,,,,,,"""Age"" - -53% toward Diabetes
""Blood Pressure"" - -47% toward Diabetes",,,,,,,,,Diabetes,1
R_6a94wM1ITk1h1po,diabetes,attribution,training,No Diabetes,,7,130103,29.725,"""Glucose"" - 100(0.217139942187)
""Blood Pressure"" - 88(0.869565217391)
""Insulin"" - 110(0.152602491133)
""BMI"" - 46.8(0.927226749087)
""Age"" - 31(0.27027027027)",,,,,,,,,,,"""Insulin"" - +59% toward No Diabetes
""Glucose"" - +41% toward No Diabetes",,,,,,,,,Diabetes,0
R_6a94wM1ITk1h1po,diabetes,attribution,training,Diabetes,,8,130102,24.345,"""Glucose"" - 197(1)
""Blood Pressure"" - 70(0.478260869565)
""Insulin"" - 543(1)
""BMI"" - 30.5(0.354734475976)
""Age"" - 53(0.864864864865)",,,,,,,,,,,"""Glucose"" - -61% toward Diabetes
""Insulin"" - -39% toward Diabetes",,,,,,,,,Diabetes,1
R_6a94wM1ITk1h1po,diabetes,attribution,training,No Diabetes,,9,130105,16.678,"""Glucose"" - 83(0.0726066995409)
""Blood Pressure"" - 78(0.652173913043)
""Insulin"" - 71(0.072176853914)
""BMI"" - 29.3(0.312587805563)
""Age"" - 36(0.405405405405)",,,,,,,,,,,"""Glucose"" - +87% toward No Diabetes
""Insulin"" - +13% toward No Diabetes",,,,,,,,,No Diabetes,1
R_6a94wM1ITk1h1po,diabetes,attribution,training,No Diabetes,,10,130104,43.85,"""Glucose"" - 117(0.361673184833)
""Blood Pressure"" - 64(0.347826086957)
""Insulin"" - 120(0.173224449394)
""BMI"" - 33.2(0.449564484406)
""Age"" - 24(0.0810810810811)",,,,,,,,,,,"""Insulin"" - +61% toward No Diabetes
""Glucose"" - +39% toward No Diabetes",,,,,,,,,No Diabetes,1
R_6a94wM1ITk1h1po,diabetes,attribution,training,Diabetes,,11,130100,20.307,"""Glucose"" - 160(0.727257269172)
""Blood Pressure"" - 54(0.130434782609)
""Insulin"" - 175(0.28664521983)
""BMI"" - 30.5(0.354734475976)
""Age"" - 39(0.486486486486)",,,,,,,,,,,"""Glucose"" - -50% toward Diabetes
""Insulin"" - -50% toward Diabetes",,,,,,,,,Diabetes,1
R_6a94wM1ITk1h1po,diabetes,attribution,training,Diabetes,,12,130101,14.353,"""Glucose"" - 136(0.523210338378)
""Blood Pressure"" - 70(0.478260869565)
""Insulin"" - 110(0.152602491133)
""BMI"" - 37.1(0.586541163248)
""Age"" - 43(0.594594594595)",,,,,,,,,,,"""Glucose"" - -55% toward Diabetes
""Insulin"" - -45% toward Diabetes",,,,,,,,,No Diabetes,0
R_6a94wM1ITk1h1po,diabetes,attribution,testing,Diabetes,No Diabetes,1,130206,67.754,"""Glucose"" - 181(0.905798333617) -> 137(0.531712293828)
""Blood Pressure"" - 64(0.347826086957)
""Insulin"" - 180(0.296956198961) -> 123(0.179411036872)
""BMI"" - 34.1(0.481174487216)
""Age"" - 38(0.459459459459)",-0.374086039789,0,-0.117545162089,0,0,1,0,1,0,0,,2,0.491631201878,No Diabetes,1,0.384143846774,0.000759705140061,0.578365584279,0.577605879139,,
R_6a94wM1ITk1h1po,diabetes,attribution,testing,Diabetes,No Diabetes,2,130209,39.142,"""Glucose"" - 128(0.45519469478) -> 137(0.531712293828)
""Blood Pressure"" - 98(1) -> 69(0.45652173913)
""Insulin"" - 58(0.0453683081745)
""BMI"" - 32(0.407417813993)
""Age"" - 33(0.324324324324)",0.0765175990478,-0.54347826087,0,0,0,1,1,0,0,0,,2,0.619995859917,Diabetes,0,0.429044038531,0.00126323358936,0.341702405651,0.340439172062,,
R_6a94wM1ITk1h1po,diabetes,attribution,testing,Diabetes,No Diabetes,3,130200,27.714,"""Glucose"" - 187(0.956810066315) -> 158(0.710253358272)
""Blood Pressure"" - 76(0.608695652174)
""Insulin"" - 207(0.352635486266)
""BMI"" - 43.6(0.814835627985)
""Age"" - 53(0.864864864865)",-0.246556708043,0,0,0,0,1,0,0,0,0,,1,0.246556708043,No Diabetes,1,0.157159589748,0.0193316016805,0.928341441801,0.90900984012,,
R_6a94wM1ITk1h1po,diabetes,attribution,testing,Diabetes,No Diabetes,4,130201,31.591,"""Glucose"" - 158(0.710253358272) -> 130(0.472198605679)
""Blood Pressure"" - 64(0.347826086957)
""Insulin"" - 387(0.723830734967) -> 186(0.309329373917)
""BMI"" - 31.2(0.379320033717)
""Age"" - 24(0.0810810810811)",-0.238054752593,0,-0.414501361049,0,0,1,0,1,0,0,,2,0.652556113642,Diabetes,0,0.561096799521,0.0206474394228,0.133229587488,0.112582148066,,
R_6a94wM1ITk1h1po,diabetes,attribution,testing,Diabetes,No Diabetes,5,130203,27.459,"""Glucose"" - 128(0.45519469478) -> 151(0.650739670124)
""Blood Pressure"" - 88(0.869565217391) -> 75(0.586956521739)
""Insulin"" - 110(0.152602491133)
""BMI"" - 36.5(0.565467828042)
""Age"" - 37(0.432432432432)",0.195544975344,-0.282608695652,0,0,0,1,1,0,0,0,,2,0.478153670997,Diabetes,0,0.461702437154,0.10151951701,0.000859852216811,-0.100659664793,,
R_6a94wM1ITk1h1po,diabetes,attribution,testing,Diabetes,No Diabetes,6,130204,29.883,"""Glucose"" - 133(0.497704472029)
""Blood Pressure"" - 102(1) -> 73(0.54347826087)
""Insulin"" - 140(0.214468365916) -> 89(0.109296378784)
""BMI"" - 32.8(0.435515594268)
""Age"" - 45(0.648648648649)",0,-0.45652173913,-0.105171987132,0,0,0,1,1,0,0,,2,0.561693726262,Diabetes,0,0.831963996533,0.00196931166883,0.404840941405,0.402871629736,,
R_6a94wM1ITk1h1po,diabetes,attribution,testing,Diabetes,No Diabetes,7,130205,15.655,"""Glucose"" - 108(0.285155585785) -> 143(0.582724026526)
""Blood Pressure"" - 44(0) -> 62(0.304347826087)
""Insulin"" - 130(0.193846407655)
""BMI"" - 24(0.126440011239)
""Age"" - 35(0.378378378378)",0.297568440741,0.304347826087,0,0,0,1,1,0,0,0,,2,0.601916266828,No Diabetes,1,0.520247641681,0.000410874889345,0.94584455679,0.945433681901,,
R_6a94wM1ITk1h1po,diabetes,attribution,testing,Diabetes,No Diabetes,8,130208,22.835,"""Glucose"" - 119(0.378677095732) -> 150(0.642237714674)
""Blood Pressure"" - 50(0.0434782608696) -> 62(0.304347826087)
""Insulin"" - 176(0.288707415656) -> 133(0.200032995133)
""BMI"" - 27.1(0.235318909806)
""Age"" - 33(0.324324324324)",0.263560618942,0.260869565217,-0.088674420523,0,0,1,1,1,0,0,,3,0.613104604683,No Diabetes,1,0.634256191052,5.14842648366e-05,0.963130845584,0.963079361319,,
R_6a94wM1ITk1h1po,diabetes,attribution,testing,Diabetes,No Diabetes,9,130207,17.965,"""Glucose"" - 173(0.837782690019)
""Blood Pressure"" - 70(0.478260869565)
""Insulin"" - 168(0.272209849047) -> 99(0.129918337045)
""BMI"" - 29.7(0.326636695701) -> 24.95552(0.16)
""Age"" - 33(0.324324324324)",0,0,-0.142291512002,-0.166636695701,0,0,0,1,1,0,,2,0.308928207703,Diabetes,0,0.259688680022,0.0202974786765,0.076937361131,0.0566398824545,,
R_6a94wM1ITk1h1po,diabetes,attribution,testing,Diabetes,No Diabetes,10,130202,14.89,"""Glucose"" - 165(0.769767046421) -> 138(0.540214249277)
""Blood Pressure"" - 68(0.434782608696)
""Insulin"" - 168(0.272209849047)
""BMI"" - 33.6(0.463613374543)
""Age"" - 49(0.756756756757)",-0.229552797143,0,0,0,0,1,0,0,0,0,,1,0.229552797143,Diabetes,0,0.29735208726,0.00169891992297,0.487080289997,0.485381370074,,
R_6a94wM1ITk1h1po,diabetes,attribution,testing,No Diabetes,Diabetes,11,130304,40.721,"""Glucose"" - 136(0.523210338378) -> 153(0.667743581024)
""Blood Pressure"" - 74(0.565217391304) -> 84(0.782608695652)
""Insulin"" - 204(0.346448898787) -> 298(0.540295306442)
""BMI"" - 37.4(0.597077830851)
""Age"" - 24(0.0810810810811)",0.144533242646,0.217391304348,0.193846407655,0,0,1,1,1,0,0,,3,0.555770954649,No Diabetes,0,0.669754503415,0.00664884006495,0.122617230196,0.115968390131,,
R_6a94wM1ITk1h1po,diabetes,attribution,testing,No Diabetes,Diabetes,12,130305,24.902,"""Glucose"" - 105(0.259649719435) -> 191(0.990817888114)
""Blood Pressure"" - 72(0.521739130435)
""Insulin"" - 325(0.595974593747) -> 472(0.899117380186)
""BMI"" - 36.9(0.579516718179)
""Age"" - 28(0.189189189189)",0.731168168679,0,0.303142786439,0,0,1,0,1,0,0,,2,1.03431095512,Diabetes,1,1.19118522069,0.000141101260031,0.999999879883,0.999858778623,,
R_6a94wM1ITk1h1po,diabetes,attribution,testing,No Diabetes,Diabetes,13,130309,14.111,"""Glucose"" - 143(0.582724026526)
""Blood Pressure"" - 86(0.826086956522)
""Insulin"" - 330(0.606285572878)
""BMI"" - 30.1(0.340685585839) -> 22.10832(0.06)
""Age"" - 23(0.0540540540541)",0,0,0,-0.280685585839,0,0,0,0,1,0,,1,0.280685585839,No Diabetes,0,0.568582178083,0.000130785916376,1.25161515041e-07,-0.000130660754861,,
R_6a94wM1ITk1h1po,diabetes,attribution,testing,No Diabetes,Diabetes,14,130302,68.304,"""Glucose"" - 87(0.10661452134) -> 142(0.574222071076)
""Blood Pressure"" - 60(0.260869565217) -> 89(0.891304347826)
""Insulin"" - 75(0.0804256372185) -> 448(0.84962468036)
""BMI"" - 37.2(0.590053385783)
""Age"" - 22(0.027027027027)",0.467607549736,0.630434782609,0.769199043141,0,0,1,1,1,0,0,,3,1.86724137549,No Diabetes,0,1.87346478163,0.000799413265625,7.15581816024e-10,-0.000799412550043,,
R_6a94wM1ITk1h1po,diabetes,attribution,testing,No Diabetes,Diabetes,15,130301,38.124,"""Glucose"" - 97(0.191634075837) -> 139(0.548716204727)
""Blood Pressure"" - 64(0.347826086957) -> 52(0.0869565217391)
""Insulin"" - 100(0.131980532871) -> 443(0.839313701229)
""BMI"" - 36.8(0.576004495645)
""Age"" - 25(0.108108108108)",0.35708212889,-0.260869565217,0.707333168358,0,0,1,1,1,0,0,,3,1.32528486246,Diabetes,1,1.29901947968,0.0306247744831,0.999999999897,0.969375225414,,
R_6a94wM1ITk1h1po,diabetes,attribution,testing,No Diabetes,Diabetes,16,130300,31.212,"""Glucose"" - 115(0.344669273933)
""Blood Pressure"" - 66(0.391304347826) -> 54(0.130434782609)
""Insulin"" - 140(0.214468365916) -> 521(1)
""BMI"" - 38.1(0.621663388592)
""Age"" - 28(0.189189189189)",0,-0.260869565217,0.785531634084,0,0,0,1,1,0,0,,2,1.0464011993,Diabetes,1,1.12498099418,0.00966080352846,0.999999999557,0.990339196028,,
R_6a94wM1ITk1h1po,diabetes,attribution,testing,No Diabetes,Diabetes,17,130308,14.984,"""Glucose"" - 122(0.404182962081)
""Blood Pressure"" - 76(0.608695652174)
""Insulin"" - 200(0.338200115483) -> 521(1)
""BMI"" - 35.9(0.544394492835)
""Age"" - 26(0.135135135135)",0,0,0.661799884517,0,0,0,0,1,0,0,,1,0.661799884517,No Diabetes,0,0.872728204141,3.47155324043e-06,7.24388216078e-09,-3.46430935827e-06,,
R_6a94wM1ITk1h1po,diabetes,attribution,testing,No Diabetes,Diabetes,18,130303,23.879,"""Glucose"" - 129(0.46369665023) -> 171(0.820778779119)
""Blood Pressure"" - 74(0.565217391304)
""Insulin"" - 205(0.348511094614) -> 521(1)
""BMI"" - 33.2(0.449564484406)
""Age"" - 25(0.108108108108) -> 37(0.432432432432)",0.35708212889,0,0.651488905386,0,0.324324324324,1,0,1,0,1,,3,1.3328953586,No Diabetes,0,1.43630311418,0.000766530678579,0.0358613154208,0.0350947847422,,
R_6a94wM1ITk1h1po,diabetes,attribution,testing,No Diabetes,Diabetes,19,130307,20.838,"""Glucose"" - 133(0.497704472029) -> 172(0.829280734569)
""Blood Pressure"" - 88(0.869565217391)
""Insulin"" - 155(0.245401303308) -> 521(1)
""BMI"" - 32.4(0.42146670413)
""Age"" - 37(0.432432432432)",0.33157626254,0,0.754598696692,0,0,1,0,1,0,0,,2,1.08617495923,Diabetes,1,1.16222303265,0.00513383899707,0.589885931339,0.584752092342,,
R_6a94wM1ITk1h1po,diabetes,attribution,testing,No Diabetes,Diabetes,20,130306,27.241,"""Glucose"" - 102(0.234143853086) -> 139(0.548716204727)
""Blood Pressure"" - 64(0.347826086957) -> 48(0)
""Insulin"" - 78(0.0866122246969) -> 405(0.760950259837)
""BMI"" - 40.6(0.709468951953)
""Age"" - 21(0)",0.314572351641,-0.347826086957,0.67433803514,0,0,1,1,1,0,0,,3,1.33673647374,Diabetes,1,1.33290207289,0.000893085040188,1,0.99910691496,,
