participant,domain,xai,case,instance id,selected model family,model MAP subset probability,observed selection F1 model,observed selection F1 baseline,observed amount MAE model,observed amount MAE baseline,observed validity,observed boundary distance,observed plausibility,model validity,baseline validity,model plausibility,baseline plausibility,model boundary distance,baseline boundary distance
R_10ZHzHEdKnH9gjk,housing,counterfactual,1,614,weighted examples,0.3253669407838695,0.5,0.5,0.3407349800197061,0.377979798,0.0,0.1385377327,0.9923409091,1.0,0.0,0.9770849273936418,0.96,0.03594501415281287,0.008274170728976321
R_10ZHzHEdKnH9gjk,housing,counterfactual,2,102,weighted examples,0.36385502520984514,0.6666666666666666,0.3333333333333333,0.244638070705479,0.3287878788,1.0,0.0209793991,0.9869318182,1.0,0.0,0.9856243236970291,0.9780681818181818,0.294024076396747,0.08957744293095415
R_10ZHzHEdKnH9gjk,housing,counterfactual,3,1760,weighted examples,0.3276417029194826,0.5,0.5,0.2146878170667342,0.2538825757666667,1.0,0.3857655718,0.9998295455,1.0,0.0,0.9619851582541167,0.9796590909090909,0.026740275059443208,0.10448117132687773
R_10ZHzHEdKnH9gjk,housing,counterfactual,4,577,weighted examples,0.32745506892103415,0.6666666666666666,0.6666666666666666,0.23708041795670504,0.382575757575,1.0,0.1754639694,0.9863636364,1.0,0.0,0.9892476676993034,0.9581818181818182,0.3385544201883942,0.0592224426913196
R_10ZHzHEdKnH9gjk,housing,counterfactual,5,2275,weighted examples,0.29200365712214926,0.0,0.0,0.31367821185416866,0.247230113625,1.0,0.6499508575,0.9965340909,1.0,0.0,0.9661385846670787,0.9781818181818182,0.0024569978347053767,0.06603888395520496
R_10ZHzHEdKnH9gjk,housing,counterfactual,6,675,weighted examples,0.4350582612282403,0.3333333333333333,0.4,0.4529277907330725,0.357575757575,0.0,0.2785606507,1.0,1.0,0.0,0.9591934213875335,0.9798863636363636,0.29140860700051036,0.22627552265197742
R_10ZHzHEdKnH9gjk,housing,counterfactual,7,3174,weighted examples,0.40821542990080245,0.0,0.0,0.405533448455306,0.203882575769697,1.0,0.580793925,0.8611931818,1.0,1.0,0.9166805466357599,0.9230681818181818,0.3484240338233925,0.056286733310353526
R_10ZHzHEdKnH9gjk,housing,counterfactual,8,2987,weighted examples,0.29276139108694516,0.0,1.0,0.3310542078932507,0.4037784091,1.0,0.1358835324,0.9663295455,1.0,1.0,0.9593573912647934,0.96875,0.15101315190546555,0.16430979287149533
R_10ZHzHEdKnH9gjk,housing,counterfactual,9,692,weighted examples,0.4601421436788307,0.6666666666666666,0.6666666666666666,0.4348887332452337,0.4840909091,1.0,0.3364936627,0.9784090909,1.0,1.0,0.9789337138616415,0.9593181818181818,0.31277158388715537,0.1291572794149762
R_10ZHzHEdKnH9gjk,housing,counterfactual,10,2255,weighted examples,0.2851431498182757,0.5,0.0,0.1838805698858327,0.217400568175,1.0,0.2079384195,0.9998863636,1.0,0.0,0.9591430064599842,0.978125,0.030734154296681304,0.15077214010600382
R_10ZHzHEdKnH9gjk,housing,counterfactual,11,172,weighted examples,0.31393376954670354,0.6666666666666666,0.6666666666666666,0.32381884591446475,0.46136363625,1.0,0.0753114005,1.0,0.0,1.0,0.9501446155980969,0.9507954545454546,0.06502278496254467,0.1661054705516385
R_10ZHzHEdKnH9gjk,housing,counterfactual,12,2462,weighted examples,0.45981822669602196,1.0,0.75,0.24686004636781822,0.4576363636,0.0,0.1103438057,0.9893522727,0.0,0.0,0.9335195386269576,0.9531818181818181,0.20796738848658475,0.4805857246436517
R_10ZHzHEdKnH9gjk,housing,counterfactual,13,1657,weighted examples,0.30995109987139496,1.0,1.0,0.20384831319486466,0.31237373733333335,0.0,0.0657160307,0.9994318182,0.0,0.0,0.9657324196912666,0.9598863636363637,0.08089582303243265,0.26458243760337
R_10ZHzHEdKnH9gjk,housing,counterfactual,14,1751,weighted examples,0.5625488072820308,1.0,0.75,0.17142219813502246,0.334090909,1.0,0.0020991352,0.9984090909,0.0,0.0,0.9414150126698644,0.9575,0.11235497919498166,0.26634120642052334
R_10ZHzHEdKnH9gjk,housing,counterfactual,15,553,weighted examples,0.20018309095017706,0.3333333333333333,0.6666666666666666,0.2886969546709553,0.251339962,0.0,0.348529882,0.9966931818,1.0,0.0,0.963571954767925,0.9598863636363636,0.07750140068515027,0.2029266346588025
R_10ZHzHEdKnH9gjk,housing,counterfactual,16,2728,weighted examples,0.30364720011772145,1.0,0.3333333333333333,0.30662578204898194,0.371090909,1.0,0.3072312036,0.9904090909,0.0,1.0,0.9568502882554594,0.9589772727272727,0.08896083472215674,0.00663423872155966
R_10ZHzHEdKnH9gjk,housing,counterfactual,17,2447,weighted examples,0.3373021637835382,0.6666666666666666,0.4,0.28648445176454546,0.4199999999772728,0.0,0.2574649061,0.9858863636,0.0,0.0,0.9626333406231098,0.9782954545454545,0.0447709900642827,0.03764918418233387
R_10ZHzHEdKnH9gjk,housing,counterfactual,18,2767,weighted examples,0.40758510845914986,0.75,0.75,0.22389895096667098,0.32032196980000005,1.0,0.0744955427,0.9998295455,1.0,0.0,0.9639094258086632,0.9398863636363637,0.007729911754243035,0.32942234837988316
R_10ZHzHEdKnH9gjk,housing,counterfactual,19,456,weighted examples,0.2972735564158947,0.6666666666666666,0.8,0.2250397674233664,0.21810606033333335,0.0,0.1011783789,0.9946136364,1.0,0.0,0.958424931064247,0.9975,0.09058079864889085,0.3639631857637027
R_10ZHzHEdKnH9gjk,housing,counterfactual,20,1155,weighted examples,0.42575978939000514,1.0,0.8571428571428571,0.15014200873527028,0.37964015125,0.0,0.4673737208,0.9889772727,1.0,0.0,0.9571659963181861,0.9593181818181818,0.003190391372529078,0.6468791762377606
R_12bqooCAAJESsRr,safelimit,attribution,1,87,feature contribution,0.7281169149842142,1.0,0.0,0.03414473810964336,0.440012494,1.0,0.3633076785,0.99674383,1.0,0.0,0.9920798000251817,0.9702997247085979,0.3291629409242561,0.369371687172108
R_12bqooCAAJESsRr,safelimit,attribution,2,203,feature contribution,0.5388597625736453,1.0,1.0,0.17543703490221466,0.12518740600000003,1.0,0.0535557245,0.983358183,0.0,0.0,0.9765236755232497,0.9815561100493198,0.12188131166229721,0.07163168276029719
R_12bqooCAAJESsRr,safelimit,attribution,3,106,feature contribution,0.5914951205825953,1.0,0.0,0.31284357791404294,0.23740629700000002,0.0,0.0422062395,0.9748214468,1.0,0.0,0.9682188879082083,0.9754026164322958,0.27063733948053353,0.5039646219393319
R_12bqooCAAJESsRr,safelimit,attribution,4,143,feature contribution,0.7292616741937501,1.0,0.0,0.04397727083796671,0.305112444,1.0,0.1358171698,0.9792356789,1.0,0.0,0.9880311330377055,0.9856575750567396,0.09092441270571983,0.17021076139869473
R_12bqooCAAJESsRr,safelimit,attribution,5,300,feature contribution,0.5919570253606474,1.0,1.0,0.15165420568922583,0.274812594,1.0,0.1413318476,0.9749677277,0.0,0.0,0.9752310824806831,0.9826732778555314,0.010322358723607539,0.13348074703460755
R_12bqooCAAJESsRr,safelimit,attribution,6,98,feature contribution,0.5859404520282595,0.0,0.0,0.29615333327057475,0.33480222950000005,0.0,0.0010538826,0.9690237991,0.0,0.0,0.9810825900670876,0.9720950682842359,0.2674008642845956,0.18698472708418923
R_12bqooCAAJESsRr,safelimit,attribution,7,261,feature contribution,0.5367851006077743,0.0,1.0,0.7827129612769228,0.6054545450000001,0.0,0.411867991,0.9687148847,1.0,0.0,0.9611562519027821,0.9647780301278213,0.1317432276992847,0.6846058066698129
R_12bqooCAAJESsRr,safelimit,attribution,8,4,feature contribution,0.4533741869353768,1.0,0.0,0.048090198367783304,0.2497251374,1.0,0.0487185588,0.9667407044,1.0,0.0,0.972175138471492,0.9806255303259422,0.09680875716159787,0.2010065797603488
R_12bqooCAAJESsRr,safelimit,attribution,9,209,feature contribution,0.6315614855777947,1.0,0.0,0.236363636,0.723636364,0.0,0.2655858805,0.97444741,0.0,0.0,0.9628455898558517,0.9824170978157092,0.14119374493918235,0.6346133783210511
R_12bqooCAAJESsRr,safelimit,attribution,10,245,feature contribution,0.5753064109736673,1.0,1.0,0.20363636399999996,0.41636363600000004,0.0,0.3475688945,0.9784923539,0.0,0.0,0.9794635964355765,0.9794757568749213,0.23662924221653037,0.6636203238991104
R_12qUeHEbPUo2PTn,housing,none,1,3174,feature contribution,0.34464739303850445,0.4,0.8,0.22946512251146411,0.305012626269697,1.0,0.1856000472,0.9915,1.0,1.0,0.935711832161008,0.9271590909090909,0.08337183991705428,0.17361106614027189
R_12qUeHEbPUo2PTn,housing,none,2,2275,feature contribution,0.3511421609548488,0.5,0.0,0.11499612199047192,0.14069602272499998,1.0,0.3509921275,0.9876704545,1.0,0.0,0.9966841449857169,0.9781818181818182,0.015872425960461956,0.05974279041468078
R_12qUeHEbPUo2PTn,housing,none,3,675,feature contribution,0.44349081417890085,0.5714285714285714,0.6666666666666666,0.27819773399968206,0.379071969675,1.0,0.3517816246,0.9986363636,1.0,0.0,0.9495704806209816,0.9798863636363636,0.17041195116223345,0.22627552265197742
R_12qUeHEbPUo2PTn,housing,none,4,102,feature contribution,0.39991420547028306,0.6666666666666666,0.6666666666666666,0.21532283951922832,0.3409848485,1.0,0.2151087584,0.9803636364,1.0,0.0,0.9282345967261356,0.9581818181818181,0.24607402844045706,0.1268350012266774
R_12qUeHEbPUo2PTn,housing,none,5,577,feature contribution,0.5180544551701834,0.0,1.0,0.5333333333333333,0.3,1.0,0.2875608104,0.98125,1.0,0.0,0.9982954545454545,0.98,0.07352070945024117,0.012554416104254562
R_12qUeHEbPUo2PTn,housing,none,6,2447,feature contribution,1.0,0.8888888888888888,0.8888888888888888,0.4662240062318981,0.5393939395818182,1.0,0.1716226045,0.9998863636,1.0,0.0,0.9555511077923863,0.9593181818181818,0.12318798986579507,0.01693925796384138
R_12qUeHEbPUo2PTn,housing,none,7,1751,feature contribution,1.0,1.0,1.0,0.411138882928786,0.5541666667999999,1.0,0.0495168267,0.9997727273,1.0,0.0,0.9621032573496944,0.9375,0.14427750790890803,0.29730547832369425
R_12qUeHEbPUo2PTn,housing,none,8,553,feature contribution,0.406171629189696,0.75,0.75,0.3886926768585804,0.39384469699999997,1.0,0.0113831202,0.9927840909,1.0,0.0,0.938511301395482,0.9398863636363637,0.1117555224348559,0.20136012955282184
R_12qUeHEbPUo2PTn,housing,none,9,172,feature contribution,0.3639832061331075,0.6666666666666666,0.3333333333333333,0.36203919014262004,0.37309090899999997,1.0,0.0578700256,0.9996363636,1.0,1.0,0.9181565265828736,0.9485227272727272,0.16293302560589512,0.14298339491079548
R_12qUeHEbPUo2PTn,housing,none,10,2728,feature contribution,0.43853406139997103,0.75,0.75,0.33961363653216947,0.3857575756,0.0,0.0807836953,0.9859090909,1.0,1.0,0.9379418531979457,0.9489772727272727,0.21016193772087927,0.015773594421157777
R_17kEVqhzQ2qsxRj,diabetes,none,1,42,feature contribution,0.4890568256905696,0.5,1.0,0.1091450804031754,0.078594664,1.0,0.0911412253,0.9478381122,0.0,0.0,0.9372215462938635,0.9388236297515031,0.09167328729198321,0.0006702468942351159
R_17kEVqhzQ2qsxRj,diabetes,none,2,56,feature contribution,0.4890568256905696,0.5,0.0,0.22290399514175685,0.16364619275,1.0,0.0853831388,0.9444033797,0.0,0.0,0.9252683406430569,0.9441380573329636,0.07694693362922667,0.1197463886539187
R_17kEVqhzQ2qsxRj,diabetes,none,3,26,feature contribution,0.4890568256905696,0.5,0.5,0.14791154167041728,0.18076512666666666,1.0,0.0674638591,0.9755793905,0.0,1.0,0.9473302981212971,0.9406391560588501,0.06979092390868802,0.03306564511590465
R_17kEVqhzQ2qsxRj,diabetes,none,4,53,feature contribution,0.4890568256905696,0.5,0.5,0.13940337788010776,0.26063323566666663,0.0,0.0942672556,0.9229688592,1.0,0.0,0.9423123129509021,0.9449924457738775,0.046006219113663205,0.07020935569562506
R_17kEVqhzQ2qsxRj,diabetes,none,5,33,feature contribution,0.45306497868835927,0.6666666666666666,0.4,0.09641492954082996,0.1321570533,1.0,0.0887931601,0.9383243166,1.0,1.0,0.9413166257366763,0.9351277160483601,0.17120742395728628,0.14802266642767076
R_17kEVqhzQ2qsxRj,diabetes,none,6,7,feature contribution,0.4890568256905696,0.5,0.5,0.18125102275967064,0.10930557499999999,0.0,0.0233069063,0.915182125,0.0,0.0,0.9471886854110726,0.9423396406935721,0.17889739830753137,0.13179170831563822
R_17kEVqhzQ2qsxRj,diabetes,none,7,32,feature contribution,0.4890568256905696,0.5,1.0,0.2065822432874426,0.22068758100000002,1.0,0.1751543515,0.93734892,0.0,1.0,0.9288880726209571,0.942019943603606,0.04248551004749446,0.019677559921170998
R_17kEVqhzQ2qsxRj,diabetes,none,8,35,feature contribution,0.45306497868835927,0.6666666666666666,0.6666666666666666,0.21973381186220858,0.2750870353923913,0.0,0.2661618748,0.8945804877,0.0,0.0,0.8893192232255712,0.8654052806755738,0.39577140136757366,0.5079280187075761
R_17kEVqhzQ2qsxRj,diabetes,none,9,14,feature contribution,0.4890568256905696,0.5,0.0,0.0948624494013427,0.17282091175,1.0,0.0616971327,0.8923234534,1.0,0.0,0.9400451217849692,0.9403374297198187,0.041991535531953894,0.2545813930247104
R_17kEVqhzQ2qsxRj,diabetes,none,10,30,feature contribution,0.4890568256905696,0.5,0.5,0.14295639348525743,0.14321980999999998,0.0,2.0907e-05,0.9337793102,0.0,0.0,0.8848441384172215,0.9084953910396059,0.24254401141021087,0.13452070523865026
R_17kEVqhzQ2qsxRj,diabetes,none,11,51,feature contribution,0.4890568256905696,0.5,0.5,0.09826338392121069,0.1658918798,0.0,0.0747438587,0.9360120246,0.0,0.0,0.9015334033376151,0.9079446539675288,0.04749695050791006,0.033781290969375266
R_17kEVqhzQ2qsxRj,diabetes,none,12,52,feature contribution,0.4890568256905696,0.5,0.0,0.14125740839789347,0.15339466975,0.0,0.4111869549,0.9591714131,0.0,0.0,0.9202667553174155,0.9160461003768946,0.4615955278935774,0.2298258368900814
R_17kEVqhzQ2qsxRj,diabetes,none,13,12,feature contribution,0.4890568256905696,0.5,0.5,0.07351256728855067,0.13618045433333334,0.0,0.0868101723,0.9262771861,0.0,1.0,0.9407109684299703,0.9448369485727007,0.06173861961664523,0.01580261901401897
R_17kEVqhzQ2qsxRj,diabetes,none,14,59,feature contribution,0.4890568256905696,0.5,0.5,0.16097227842000447,0.18006180566666666,0.0,0.1090503126,0.9449254673,0.0,0.0,0.9484170800241738,0.9626978841495935,0.06092211282224874,0.01721669016791938
R_17kEVqhzQ2qsxRj,diabetes,none,15,11,feature contribution,0.4890568256905696,0.5,0.5,0.20426677885105474,0.2175492683333333,0.0,0.2002837268,0.9458022175,0.0,0.0,0.9654993855173751,0.9663818057546709,0.16847933927005188,0.18974401251973178
R_17kEVqhzQ2qsxRj,diabetes,none,16,58,feature contribution,0.4890568256905696,0.5,1.0,0.14339636886122423,0.309079126,0.0,0.157763018,0.8974151046,0.0,0.0,0.9275561401901297,0.9251499692733951,0.034096506234327806,0.009522958932003
R_17kEVqhzQ2qsxRj,diabetes,none,17,0,feature contribution,0.4890568256905696,1.0,0.5,0.3907754110702925,0.301089171,0.0,0.0902070304,0.9310055822,0.0,0.0,0.8673758274676785,0.855809227284489,0.011678360648949171,0.061079467072917275
R_17kEVqhzQ2qsxRj,diabetes,none,18,15,feature contribution,0.7204850845606131,0.0,0.0,0.24416653760483334,0.289130435,0.0,0.4598033709,0.9594085622,0.0,0.0,0.8831621336995816,0.8652720843098796,0.26862928843863354,0.12609013263983881
R_17kEVqhzQ2qsxRj,diabetes,none,19,20,feature contribution,0.4890568256905696,0.5,0.5,0.130313924255165,0.17281542866666666,0.0,0.0201390535,0.9535229736,0.0,0.0,0.9672758458636895,0.9399878666002617,0.05420739660345664,0.14370581079774541
R_17kEVqhzQ2qsxRj,diabetes,none,20,31,feature contribution,0.7204850845606131,0.0,0.0,0.2573263699127751,0.15536667600000004,0.0,0.2784553444,0.9455506228,1.0,0.0,0.9336046478250325,0.9621804388002316,0.08115963289454992,0.09774009660643773
R_1CkJOzM85nYSCk1,diabetes,attribution,1,30,feature contribution,0.32460773199290544,0.6666666666666666,0.5,0.21741112360768108,0.12495622307567567,0.0,0.2700750763,0.8826156623,0.0,0.0,0.8838818818859285,0.8610803554774507,0.2547731568512109,0.2346431159404283
R_1CkJOzM85nYSCk1,diabetes,attribution,2,42,feature contribution,0.32460773199290544,0.5,0.5,0.1441236753043326,0.14434679233333333,1.0,0.2032288669,0.9495876287,0.0,0.0,0.9430384934345578,0.9538647578361095,0.03654963553400992,0.019206394270751798
R_1CkJOzM85nYSCk1,diabetes,attribution,3,53,feature contribution,0.6405871994412875,1.0,0.0,0.048262188567256614,0.419835062,0.0,0.0497233786,0.9176189483,0.0,0.0,0.9079665105682135,0.9428400307861561,0.0166271856143253,0.16276563771480548
R_1CkJOzM85nYSCk1,diabetes,attribution,4,7,feature contribution,0.32460773199290544,0.5,0.5,0.24778150018620862,0.21210595899999998,1.0,0.0151217643,0.9189284079,1.0,0.0,0.9193255460633891,0.9345545785645413,0.07859063818571449,0.09461199488145239
R_1CkJOzM85nYSCk1,diabetes,attribution,5,14,feature contribution,0.32460773199290544,0.5,0.5,0.18778533943634734,0.25224226366666663,1.0,0.1214092754,0.9003957019,1.0,0.0,0.9000246145846706,0.9403374297198187,0.14500809236867185,0.2545813930247104
R_1CkJOzM85nYSCk1,diabetes,attribution,6,26,feature contribution,0.32460773199290544,0.5,0.0,0.11210555494598085,0.17173562455,0.0,0.0232514533,0.957882691,1.0,1.0,0.9732248694979153,0.9406391560588501,0.042362447482082344,0.03306564511590465
R_1CkJOzM85nYSCk1,diabetes,attribution,7,32,feature contribution,0.32460773199290544,0.5,0.5,0.13572775746587257,0.200973254,1.0,0.2194493536,0.9262570578,1.0,1.0,0.9112937196949215,0.9368025522992582,0.027430266342861,0.023736132972330293
R_1CkJOzM85nYSCk1,diabetes,attribution,8,56,feature contribution,0.32460773199290544,0.5,0.5,0.21262064570959405,0.18300948233333333,1.0,0.1025671095,0.9108620155,1.0,1.0,0.9433425320014989,0.9340038248527528,0.11914648941440564,0.04013072782078181
R_1CkJOzM85nYSCk1,diabetes,attribution,9,35,feature contribution,0.32460773199290544,0.5,0.5,0.030466080661032072,0.21266220325652174,0.0,0.356191009,0.868945371,0.0,0.0,0.8767584175525043,0.8454052806755737,0.36999739531803305,0.3770833245636617
R_1CkJOzM85nYSCk1,diabetes,attribution,10,33,feature contribution,0.6405871994412875,1.0,0.0,0.10937096984168732,0.186031287,1.0,0.2535736589,0.9431313721,1.0,0.0,0.9242038956610821,0.9259385268591709,0.16648140479510531,0.05755949017213874
R_1CkJOzM85nYSCk1,diabetes,attribution,11,15,feature contribution,0.6405871994412875,1.0,1.0,0.37503676419187093,0.30418296209999995,1.0,0.0763046631,0.9139869215,0.0,0.0,0.8869769322392741,0.9011476926576483,0.21415126349990554,0.20937421572937065
R_1CkJOzM85nYSCk1,diabetes,attribution,12,52,feature contribution,0.6405871994412875,1.0,0.0,0.06140821000239763,0.15144162489263902,0.0,0.2305279225,0.9034249156,0.0,0.0,0.9062742356164151,0.9095855944215919,0.30947883600424175,0.37016239781887916
R_1CkJOzM85nYSCk1,diabetes,attribution,13,58,feature contribution,0.6405871994412875,1.0,0.0,0.35151644529674886,0.23704301989999998,1.0,0.1566668547,0.9299752983,0.0,0.0,0.9274376147325477,0.9051499692733952,0.028006453049584656,0.015798628337693243
R_1CkJOzM85nYSCk1,diabetes,attribution,14,59,feature contribution,0.32460773199290544,0.5,0.0,0.10554550516597438,0.13808059505000003,1.0,0.0031387804,0.9520071881,0.0,0.0,0.9404798331810371,0.9232245641633767,0.040222290897642315,0.07470206132997495
R_1CkJOzM85nYSCk1,diabetes,attribution,15,12,feature contribution,0.6405871994412875,1.0,0.0,0.18846767861776792,0.18178030944999998,0.0,0.0322006797,0.8976110713,0.0,0.0,0.9316706548933795,0.9198876785900232,0.037680217406794225,0.0706018471315693
R_1CkJOzM85nYSCk1,diabetes,attribution,16,11,feature contribution,0.6405871994412875,1.0,0.0,0.13770813376377342,0.13076857675,0.0,0.0711292268,0.9652224611,0.0,0.0,0.9614863096164368,0.958342127290813,0.23692219284287697,0.1143943825996139
R_1CkJOzM85nYSCk1,diabetes,attribution,17,31,feature contribution,0.6405871994412875,1.0,0.0,0.055696865931579964,0.2072861758,1.0,0.080412862,0.9314740551,1.0,0.0,0.9425639419092817,0.9516190608244436,0.11283008891180699,0.31707840365515966
R_1CkJOzM85nYSCk1,diabetes,attribution,18,51,feature contribution,0.32460773199290544,0.5,0.5,0.1488014193840856,0.15489253733333333,0.0,0.011665163,0.9301282926,0.0,0.0,0.9046109765798901,0.9005310134241848,0.0433813568093232,0.08693529776914694
R_1CkJOzM85nYSCk1,diabetes,attribution,19,0,feature contribution,0.6405871994412875,0.0,0.0,0.17729628558198576,0.22567567570000002,0.0,0.0056742776,0.8848617672,0.0,1.0,0.8597239750063204,0.8692429605247338,0.023748284015077448,0.07652893562043278
R_1CkJOzM85nYSCk1,diabetes,attribution,20,20,feature contribution,0.6405871994412875,1.0,0.0,0.222423549028798,0.1690273763,1.0,0.1734554,0.9456510618,0.0,0.0,0.955902989224831,0.9562767274808285,0.06621759959079215,0.07726064312596054
R_1FwylBEbSuK0oNf,diabetes,counterfactual,1,7,feature contribution,0.5395991388915281,0.5,0.5,0.05709803034903447,0.082782313,0.0,0.1566975201,0.9409221765,0.0,0.0,0.9400885023659015,0.9423396406935721,0.1295454933600178,0.13179170831563822
R_1FwylBEbSuK0oNf,diabetes,counterfactual,2,33,feature contribution,0.46827227636798124,0.0,0.0,0.11029968725272116,0.104054054,0.0,0.1133635263,0.9243169052,1.0,1.0,0.914163828130508,0.9551277160483601,0.11564633608278763,0.04802266642767078
R_1FwylBEbSuK0oNf,diabetes,counterfactual,3,32,feature contribution,0.46827227636798124,1.0,0.0,0.12372842230634223,0.054250977500000006,0.0,0.0809907381,0.927077423,1.0,1.0,0.9155738681423375,0.9227947305002444,0.04586509160381913,0.010690734383481393
R_1FwylBEbSuK0oNf,diabetes,counterfactual,4,14,feature contribution,0.46827227636798124,0.0,0.0,0.24649581560516912,0.10405405399999998,0.0,0.0712120655,0.9106418098,1.0,0.0,0.9087345717366153,0.9418792528983757,0.041067340512412676,0.040112881971640535
R_1FwylBEbSuK0oNf,diabetes,counterfactual,5,35,feature contribution,0.46827227636798124,1.0,0.0,0.3349815354618478,0.05425097749999999,0.0,0.5609171189,0.8724005418,0.0,0.0,0.8755194330860848,0.8821031998198638,0.31284507162856195,0.4260344978991623
R_1FwylBEbSuK0oNf,diabetes,counterfactual,6,53,feature contribution,0.5395991388915281,0.5,0.5,0.11548652025894128,0.05668790466666666,0.0,0.2218474351,0.9229292805,0.0,0.0,0.9297629473925595,0.9278084048328584,0.1050703688356891,0.14562815071307175
R_1FwylBEbSuK0oNf,diabetes,counterfactual,7,42,feature contribution,0.46827227636798124,1.0,0.0,0.05605221991746168,0.05425097749999999,0.0,0.0338438985,0.931269626,0.0,0.0,0.9343431603871694,0.944351843628005,0.1076648506065363,0.021420327523615307
R_1FwylBEbSuK0oNf,diabetes,counterfactual,8,30,feature contribution,0.46827227636798124,1.0,0.0,0.0007469108252118276,0.017764491013513514,0.0,0.244128279,0.8847853698,0.0,0.0,0.8849347520478984,0.8810803554774507,0.2495088060412109,0.21385332973650534
R_1FwylBEbSuK0oNf,diabetes,counterfactual,9,56,feature contribution,0.5395991388915281,0.5,0.5,0.06194265875779248,0.0808800933333333,0.0,0.0375905242,0.9465641965,0.0,1.0,0.9367332200421896,0.9544403707857603,0.011627687127404696,0.034732794070368306
R_1FwylBEbSuK0oNf,diabetes,counterfactual,10,26,feature contribution,0.46827227636798124,1.0,0.0,0.1850045001035425,0.05850195549999999,0.0,0.0634431262,0.9424557652,0.0,1.0,0.931327472002734,0.9606391560588501,0.083159160329881,0.05271005119622266
R_1FwylBEbSuK0oNf,diabetes,counterfactual,11,15,feature contribution,1.0,1.0,1.0,0.0,0.0,0.0,0.2769489345,0.8811476927,0.0,0.0,0.8811476926576483,0.8811476926576483,0.22609013263983882,0.22609013263983882
R_1FwylBEbSuK0oNf,diabetes,counterfactual,12,59,feature contribution,0.46827227636798124,1.0,0.0,0.03553739651770403,0.05425097769999999,0.0,0.082837181,0.945916615,0.0,0.0,0.9480996908140805,0.9623996148171047,0.04117141953301484,0.04283183314783964
R_1FwylBEbSuK0oNf,diabetes,counterfactual,13,20,feature contribution,0.46827227636798124,1.0,0.0,0.0008088208951206148,0.0542509777,0.0,0.0784929194,0.9544771396,0.0,0.0,0.9546389037696147,0.9562767274808285,0.07253802686679217,0.07726064312596054
R_1FwylBEbSuK0oNf,diabetes,counterfactual,14,12,feature contribution,0.5395991388915281,0.5,0.5,0.06191479422373486,0.05945085293333333,0.0,0.0463754507,0.9042171668,0.0,1.0,0.9413660433642641,0.9048369485727007,0.061151388030005416,0.009183321714979709
R_1FwylBEbSuK0oNf,diabetes,counterfactual,15,58,feature contribution,0.46827227636798124,0.0,0.0,0.03720791709904554,0.0609721832,0.0,0.1040868297,0.9373444059,0.0,0.0,0.9278386994730133,0.9251499692733951,0.031859875815084315,0.037099176329349615
R_1FwylBEbSuK0oNf,diabetes,counterfactual,16,31,feature contribution,0.46827227636798124,1.0,0.0,0.19799543094577157,0.05425097769999999,0.0,0.2672798239,0.9509123319,0.0,0.0,0.9514352196974742,0.9621804388002316,0.014461715061085179,0.2267923338408947
R_1FwylBEbSuK0oNf,diabetes,counterfactual,17,51,feature contribution,0.46827227636798124,1.0,0.0,0.0034126572339456783,0.05850195544999999,0.0,0.0910496432,0.904357088,0.0,0.0,0.9036745565435523,0.8879446539675289,0.04626633798671645,0.03983479761999173
R_1FwylBEbSuK0oNf,diabetes,counterfactual,18,52,feature contribution,0.46827227636798124,1.0,0.0,0.09813375671567524,0.054250977700000015,0.0,0.3436233911,0.92033252,0.0,0.0,0.9007057686604408,0.9420329110835759,0.32657010603443315,0.3813525846383232
R_1FwylBEbSuK0oNf,diabetes,counterfactual,19,11,feature contribution,0.46827227636798124,1.0,1.0,0.07138949947611838,0.09149804459999998,0.0,0.2602522589,0.9584208968,0.0,0.0,0.972698796644415,0.9767205056691914,0.15746444397430537,0.13735589885030536
R_1FwylBEbSuK0oNf,diabetes,counterfactual,20,0,feature contribution,0.46827227636798124,1.0,0.0,0.0065713125030409,0.0542509777,0.0,0.012408081,0.8586718279,0.0,0.0,0.859986090379723,0.8756225614949796,0.02363619215109858,0.013631053068592802
R_1J8ShU0r192gzAd,safelimit,none,1,87,feature contribution,0.6326748727780336,1.0,1.0,0.24725100927876276,0.48002498800000004,1.0,0.1633076785,0.9927698572,0.0,0.0,0.9836430344041663,0.976277880281199,0.08394333110401964,0.31671730982501956
R_1J8ShU0r192gzAd,safelimit,none,2,203,feature contribution,0.6326748727780336,1.0,0.0,0.08227958502595101,0.11259370299999999,0.0,0.0464442765,0.9806977106,0.0,0.0,0.9751551654985025,0.975270384029325,0.12872386178629713,0.136112897934066
R_1J8ShU0r192gzAd,safelimit,none,3,106,feature contribution,0.6326748727780336,1.0,0.0,0.09395302395702151,0.249875062,0.0,0.1671437707,0.9698239455,0.0,0.0,0.9810183483329434,0.9642476178797921,0.07319074725873032,0.4170188332157303
R_1J8ShU0r192gzAd,safelimit,none,4,143,feature contribution,0.6326748727780336,1.0,0.0,0.16132562350883478,0.22255622200000003,1.0,0.1749016833,0.9749492863,1.0,0.0,0.9788450916378172,0.9796975214462005,0.013576060034719784,0.09731031150106251
R_1J8ShU0r192gzAd,safelimit,none,5,300,feature contribution,0.6326748727780336,1.0,0.0,0.15012907827521219,0.17493753100000003,1.0,0.0163943163,0.9805744173,0.0,0.0,0.9826424646054864,0.9763142335863548,0.13373476330960754,0.1682891252851928
R_1J8ShU0r192gzAd,safelimit,none,6,98,feature contribution,0.6326748727780336,1.0,0.0,0.13417129757193663,0.1696501749,0.0,0.1173345522,0.9860251033,0.0,0.0,0.9785272561097049,0.9856230315753176,0.25150584975518925,0.31790452481040726
R_1J8ShU0r192gzAd,safelimit,none,7,261,feature contribution,0.6326748727780336,1.0,1.0,0.12271864072033983,0.2145627186,0.0,0.4517413834,0.973908464,0.0,0.0,0.9891984152084006,0.9909923259415697,0.3099322657776511,0.6663041020845577
R_1J8ShU0r192gzAd,safelimit,none,8,4,feature contribution,0.6326748727780336,1.0,0.0,0.10822810051126748,0.0798625687,0.0,0.1412814423,0.969145526,0.0,0.0,0.9668961137076786,0.9606255303259423,0.03305334184934883,0.13161527654979815
R_1J8ShU0r192gzAd,safelimit,none,9,209,feature contribution,0.6326748727780336,1.0,1.0,0.20516241880939526,0.019675162399999974,0.0,0.5451227453,0.9712014587,0.0,0.0,0.9765968003543585,0.9751364911836521,0.3097757971110511,0.5540570331344243
R_1J8ShU0r192gzAd,safelimit,none,10,245,feature contribution,0.6326748727780336,1.0,0.0,0.15617191407736136,0.11246876559999999,0.0,0.5804869279,0.9856025864,0.0,0.0,0.9740455074022271,0.9794757568749213,0.4790403579201976,0.6636203238991104
R_1LdrH2cHZN4yUZH,diabetes,attribution,1,42,weighted examples,0.5889149573216569,1.0,0.0,0.13043478308695655,0.13695652149999998,1.0,0.0640465889,0.9438424637,1.0,0.0,0.9369704763919051,0.9446914602765505,0.09899007437023671,0.04668783439529749
R_1LdrH2cHZN4yUZH,diabetes,attribution,2,33,weighted examples,0.761577925780986,1.0,1.0,8.695655306922845e-11,0.204347826,1.0,0.1466689781,0.9236878853,1.0,1.0,0.9236878853270183,0.9499103247440124,0.18114511181870424,0.06470056586395556
R_1LdrH2cHZN4yUZH,diabetes,attribution,3,53,weighted examples,0.759050903996032,1.0,0.0,0.16153715353052178,0.3050586635,0.0,0.0057320669,0.9271229886,0.0,0.0,0.9214259024363278,0.9484948791649523,0.013812545248072239,0.17020935569562506
R_1LdrH2cHZN4yUZH,diabetes,attribution,4,7,weighted examples,0.43821421032963565,0.5,0.5,0.15078624534870103,0.09471942300000002,0.0,0.0557044157,0.9080738992,1.0,1.0,0.9226333153564932,0.9207123019852853,0.1633227903097253,0.014378666706635096
R_1LdrH2cHZN4yUZH,diabetes,attribution,5,32,weighted examples,0.6001285843233053,1.0,0.5,0.3076009130304394,0.12807249466666668,1.0,0.079008238,0.9240025386,1.0,1.0,0.9659045396526987,0.9253770319327532,0.09944129651046747,0.0507284512917629
R_1LdrH2cHZN4yUZH,diabetes,attribution,6,35,weighted examples,0.5616350414836943,1.0,0.5,0.18994757411715338,0.29213061633333337,0.0,0.1536351739,0.930205864,1.0,0.0,0.9344639110009223,0.8741009328494868,0.08173976892954227,0.35734768999410166
R_1LdrH2cHZN4yUZH,diabetes,attribution,7,14,weighted examples,0.7605629965390952,1.0,1.0,0.13603128763594607,0.24858017300000002,1.0,0.0034216411,0.9159952417,1.0,0.0,0.9170759725322527,0.9418792528983757,0.07017216316284414,0.040112881971640535
R_1LdrH2cHZN4yUZH,diabetes,attribution,8,56,weighted examples,0.7400623255446496,1.0,1.0,0.08695652143478261,0.334782609,1.0,0.0066074833,0.9435422524,1.0,1.0,0.926150948031779,0.9533670355792416,0.05730805517626658,0.06278171219886206
R_1LdrH2cHZN4yUZH,diabetes,attribution,9,26,weighted examples,0.42464370390096307,1.0,0.5,0.11526064039139294,0.16849643533333333,1.0,0.01332391,0.9746323466,1.0,0.0,0.9736936995712399,0.9433529701833689,0.09969190517846677,0.11243694370204654
R_1LdrH2cHZN4yUZH,diabetes,attribution,10,30,weighted examples,0.5671727801191387,0.5,0.0,0.200992265523905,0.16065858433333333,0.0,0.039558793,0.9276433571,1.0,0.0,0.9706739971143877,0.8884953910396058,0.07755107450412568,0.13591383696484927
R_1LdrH2cHZN4yUZH,diabetes,attribution,11,20,weighted examples,0.6365413901407356,0.0,0.0,0.18375337454860907,0.13695652149999998,1.0,0.0534912767,0.9603269759,0.0,0.0,0.9730633458693991,0.9727767485105905,0.1103056819258379,0.11047950819885904
R_1LdrH2cHZN4yUZH,diabetes,attribution,12,11,weighted examples,0.4220940188604882,0.0,0.0,0.2629414550346029,0.2130434785,1.0,0.0034168797,0.9709618364,0.0,0.0,0.9575707012141668,0.9767205056691914,0.03755994578130539,0.13735589885030536
R_1LdrH2cHZN4yUZH,diabetes,attribution,13,15,weighted examples,0.4700600164604666,0.0,0.0,0.607305767326475,0.397826087,0.0,0.4578098606,0.920569259,1.0,0.0,0.928440245743141,0.8652720843098796,0.026193627305008182,0.12609013263983881
R_1LdrH2cHZN4yUZH,diabetes,attribution,14,0,weighted examples,0.5456385788174786,0.0,0.0,0.4699388104710145,0.2880547525,0.0,0.0166773734,0.945519973,1.0,1.0,0.931178966969813,0.8692429605247338,0.19584402365847706,0.07652893562043278
R_1LdrH2cHZN4yUZH,diabetes,attribution,15,58,weighted examples,0.6533389961528833,0.0,1.0,0.3097022100082468,0.426086957,0.0,0.1753417184,0.8947151867,1.0,0.0,0.913821582923894,0.9051499692733952,0.0968982843938169,0.015798628337693243
R_1LdrH2cHZN4yUZH,diabetes,attribution,16,31,weighted examples,0.7169136220448046,0.0,1.0,0.3211554548072606,0.380977803,0.0,0.4102370189,0.9476945956,1.0,0.0,0.9407767197258701,0.9621804388002316,0.08778477797020232,0.2267923338408947
R_1LdrH2cHZN4yUZH,diabetes,attribution,17,52,weighted examples,0.6799469420035033,0.0,0.0,0.4665111040057812,0.284832818,0.0,0.2448072518,0.9263297047,0.0,0.0,0.8918221262127286,0.9020329110835759,0.08080839610689586,0.30659917158126265
R_1LdrH2cHZN4yUZH,diabetes,attribution,18,59,weighted examples,0.7522112821465947,0.0,1.0,0.3827681202533013,0.426086957,0.0,0.0900191099,0.9425090714,0.0,0.0,0.9656756732722425,0.9623996148171047,0.024629377285735943,0.04283183314783964
R_1LdrH2cHZN4yUZH,diabetes,attribution,19,51,weighted examples,0.3595423833987668,0.0,0.0,0.4029924135993255,0.3,0.0,0.2364562131,0.9158230611,0.0,1.0,0.9370945906010426,0.9209563058103415,0.10366240898254986,0.050146147318997775
R_1LdrH2cHZN4yUZH,diabetes,attribution,20,12,weighted examples,0.505662578387007,0.0,1.0,0.22965611518287699,0.24048890099999998,0.0,0.01875771,0.9398876786,1.0,0.0,0.9008822822320522,0.9198876785900232,0.009620037904856327,0.0706018471315693
R_1QAMxqJ6UaP9XPc,diabetes,none,1,26,feature contribution,0.45305938078574604,0.5,0.0,0.13555232155848715,0.17097219074999997,1.0,0.0041058248,0.9566456669,0.0,1.0,0.930733383973191,0.9434489340863859,0.09406016704163286,0.06206935556336346
R_1QAMxqJ6UaP9XPc,diabetes,none,2,33,feature contribution,0.6052020807453349,0.0,0.0,0.20555325526086957,0.092509777,1.0,0.0660950332,0.9181238051,1.0,1.0,0.9193400592400618,0.9551277160483601,0.20288424225370427,0.04802266642767078
R_1QAMxqJ6UaP9XPc,diabetes,none,3,7,feature contribution,0.6378019122122902,0.0,0.0,0.3430131009782609,0.2191000575,1.0,0.2373621501,0.8999512616,1.0,0.0,0.9017726929857823,0.9273483211253303,0.11415075850347295,0.11714823133455277
R_1QAMxqJ6UaP9XPc,diabetes,none,4,32,feature contribution,0.629215517321037,1.0,0.5,0.47022657078492025,0.33196443633333333,1.0,0.0178519078,0.9360027002,0.0,1.0,0.9361701141107416,0.9253770319327532,0.046181566426508336,0.0507284512917629
R_1QAMxqJ6UaP9XPc,diabetes,none,5,35,feature contribution,0.592297112912896,1.0,0.5,0.4017694206129972,0.3959124339565217,1.0,0.2594811677,0.9059225877,0.0,0.0,0.8997296661171018,0.8454052806755737,0.3904323033856852,0.3770833245636617
R_1QAMxqJ6UaP9XPc,diabetes,none,6,42,feature contribution,0.524614455666145,0.0,0.0,0.0995938157120688,0.09250977699999999,0.0,0.1084758219,0.9384362363,0.0,0.0,0.9415182281431774,0.944351843628005,0.007722479687579428,0.021420327523615307
R_1QAMxqJ6UaP9XPc,diabetes,none,7,53,feature contribution,0.37663949439786537,1.0,0.5,0.14249909584985004,0.27143654,1.0,0.1169989935,0.9182225969,0.0,0.0,0.9420085334203772,0.9628400307861561,0.040910283434680506,0.12192548263297329
R_1QAMxqJ6UaP9XPc,diabetes,none,8,14,feature contribution,0.40972288552868247,1.0,1.0,0.10793693838228541,0.2401518555,1.0,0.3325232519,0.9050196585,1.0,0.0,0.9246438339416335,0.9367270628464083,0.11269613407923995,0.1166424182720372
R_1QAMxqJ6UaP9XPc,diabetes,none,9,30,feature contribution,0.6335222840826628,1.0,1.0,0.6129668425495955,0.516596552,1.0,0.2834465517,0.9258189619,0.0,0.0,0.8872117027729369,0.906485760882856,0.2423230394644077,0.23452070523865032
R_1QAMxqJ6UaP9XPc,diabetes,none,10,56,feature contribution,0.7538347123838977,0.0,0.0,0.2936925498478261,0.1263012455,0.0,0.0951878184,0.9262112519,0.0,0.0,0.9435422523796051,0.9540038248527527,0.007729917126893415,0.017613700810540256
R_1QAMxqJ6UaP9XPc,diabetes,none,11,20,feature contribution,0.38743298773007223,0.5,1.0,0.15673642992183168,0.2988569015,0.0,0.020352414,0.9631541491,0.0,0.0,0.9672758458636895,0.9365822237699002,0.05420739660345664,0.010862055120935854
R_1QAMxqJ6UaP9XPc,diabetes,none,12,58,feature contribution,0.5762720746077137,0.0,0.0,0.15237784635638682,0.1984780995,0.0,0.4651589257,0.8908626365,0.0,1.0,0.9267098680159499,0.9281632689907193,0.034243116974315146,0.006248605258372508
R_1QAMxqJ6UaP9XPc,diabetes,none,13,31,feature contribution,0.7351982940959798,0.0,0.0,0.27981583491277506,0.177856141,0.0,0.0449339475,0.9524403486,1.0,0.0,0.9336046478250325,0.9621804388002316,0.08115963289454992,0.2267923338408947
R_1QAMxqJ6UaP9XPc,diabetes,none,14,0,feature contribution,0.3874507493861539,0.0,0.5,0.214957579470414,0.32125580466666664,0.0,0.2874188658,0.9242346295,0.0,0.0,0.8622751783205007,0.855809227284489,0.008141721170000893,0.061079467072917275
R_1QAMxqJ6UaP9XPc,diabetes,none,15,52,feature contribution,0.6629198008564373,0.0,0.0,0.45958889925612045,0.504832818,0.0,0.5663663973,0.9296081189,0.0,0.0,0.9201304785811276,0.9368155197792281,0.37493485964330553,0.2979593921360224
R_1QAMxqJ6UaP9XPc,diabetes,none,16,59,feature contribution,0.754559425830034,0.0,1.0,0.16177400127253547,0.256726883,0.0,0.0520109215,0.9331360441,0.0,0.0,0.9550254745123514,0.9276170061214525,0.06432505028981161,0.15188955188149975
R_1QAMxqJ6UaP9XPc,diabetes,none,17,12,feature contribution,0.5381482207363246,0.0,0.0,0.1628172755163469,0.2087890785,0.0,0.3455740331,0.9336486727,0.0,0.0,0.9414989573965619,0.9266892429498259,0.06132546723903376,0.03258827641823375
R_1QAMxqJ6UaP9XPc,diabetes,none,18,51,feature contribution,0.5066679993735204,0.5,0.5,0.11026246855637538,0.172634213,0.0,0.3691485112,0.87238348,0.0,1.0,0.9015334033376151,0.9009563058103415,0.04749695050791006,0.06016520444220638
R_1QAMxqJ6UaP9XPc,diabetes,none,19,15,feature contribution,0.4242974853557095,0.5,0.0,0.08765174179768692,0.11571804966666666,0.0,0.3947345811,0.8415010513,0.0,0.0,0.8843079079362604,0.9011476926576483,0.26290041725563357,0.20937421572937065
R_1QAMxqJ6UaP9XPc,diabetes,none,20,11,feature contribution,0.46803522131862235,0.5,1.0,0.23462779185105476,0.371865422,0.0,0.2131235842,0.9508528322,0.0,0.0,0.9654993855173751,0.9474551409611895,0.16847933927005188,0.15326657105253982
R_1beGb3seoyBqBAl,diabetes,counterfactual,1,56,feature contribution,0.45306497868835927,1.0,0.6666666666666666,0.0970882104363005,0.1542630925,1.0,0.0521837254,0.9599831755,0.0,0.0,0.950927862919629,0.9421016051281109,0.008928922701342601,0.06126444322597602
R_1beGb3seoyBqBAl,diabetes,counterfactual,2,14,feature contribution,0.45306497868835927,1.0,0.6666666666666666,0.02743196169221714,0.13547523325,1.0,0.0730980116,0.9107764396,1.0,0.0,0.9127850495263092,0.9203374297198187,0.07924404545191627,0.14597009217475343
R_1beGb3seoyBqBAl,diabetes,counterfactual,3,32,feature contribution,0.7204850845606131,0.0,0.0,0.14376015389560237,0.17033998314999999,0.0,0.1020969077,0.8997192629,0.0,1.0,0.9296120923541178,0.9220199436036061,0.039524948469049526,0.01363471429781915
R_1beGb3seoyBqBAl,diabetes,counterfactual,4,53,feature contribution,0.45306497868835927,1.0,0.6666666666666666,0.06111723416605593,0.162064702,1.0,0.0022731614,0.9290532014,0.0,0.0,0.9184808964962102,0.9573048930905395,0.09017565968228097,0.03724359929544016
R_1beGb3seoyBqBAl,diabetes,counterfactual,5,35,feature contribution,0.45306497868835927,0.6666666666666666,0.6666666666666666,0.1924738852607251,0.2528185917173913,0.0,0.1312515432,0.9552694425,0.0,0.0,0.8893192232255712,0.8913395510176844,0.39577140136757366,0.364052662856424
R_1beGb3seoyBqBAl,diabetes,counterfactual,6,42,feature contribution,0.4890568256905696,0.5,0.5,0.1598697180698421,0.1660125538409909,1.0,0.1088608207,0.9515534911,0.0,0.0,0.9372215462938635,0.9299164728451954,0.09167328729198321,0.05001867657301373
R_1beGb3seoyBqBAl,diabetes,counterfactual,7,26,feature contribution,0.4890568256905696,0.5,0.5,0.20147016433708398,0.23432374933333333,1.0,0.0947099579,0.952139869,0.0,1.0,0.9473302981212971,0.9434489340863859,0.06979092390868802,0.06206935556336346
R_1beGb3seoyBqBAl,diabetes,counterfactual,8,33,feature contribution,0.45306497868835927,1.0,1.0,0.12447806996320061,0.11024952799999999,1.0,0.3086195482,0.9070779297,1.0,1.0,0.9413166257366763,0.9499103247440123,0.17120742395728628,0.2075558209781915
R_1beGb3seoyBqBAl,diabetes,counterfactual,9,30,feature contribution,1.0,0.8571428571428571,0.8571428571428571,0.21964572168035565,0.147605177125,1.0,0.1790889677,0.9635745857,0.0,0.0,0.8855700803073023,0.8884953910396058,0.2430304596462042,0.21444816824536891
R_1beGb3seoyBqBAl,diabetes,counterfactual,10,7,feature contribution,0.45306497868835927,1.0,0.6666666666666666,0.10898986185835391,0.16882757099999998,0.0,0.0123976545,0.9437912716,0.0,1.0,0.9628894503791581,0.9305611049243024,0.05766381557617373,0.042932816179135996
R_1beGb3seoyBqBAl,diabetes,counterfactual,11,51,feature contribution,0.45306497868835927,0.6666666666666666,0.6666666666666666,0.19955575523499294,0.2274337356,0.0,0.0543412985,0.9071261249,0.0,1.0,0.9012588342957955,0.9209397871853792,0.047219554628270405,0.06703623971019146
R_1beGb3seoyBqBAl,diabetes,counterfactual,12,52,feature contribution,0.4890568256905696,0.5,0.5,0.3475735477230663,0.3505171406666667,1.0,0.3096069482,0.8904491117,0.0,0.0,0.9202667553174155,0.916815519779228,0.4615955278935774,0.19795939213602237
R_1beGb3seoyBqBAl,diabetes,counterfactual,13,11,feature contribution,1.0,1.0,1.0,0.1388624393589433,0.10973657115000002,1.0,0.0888677754,0.9130023794,0.0,0.0,0.9550886102947446,0.9474551409611895,0.25263609624273914,0.2518419259412082
R_1beGb3seoyBqBAl,diabetes,counterfactual,14,15,feature contribution,0.4890568256905696,1.0,0.0,0.37863280738182886,0.29029345976666665,1.0,0.0593710529,0.9084673984,0.0,0.0,0.8824536218342465,0.8652720843098796,0.2224499889247049,0.12609013263983881
R_1beGb3seoyBqBAl,diabetes,counterfactual,15,59,feature contribution,0.45306497868835927,1.0,1.0,0.20682652955019784,0.16595854523333334,0.0,0.0134768532,0.9478707063,0.0,0.0,0.949748464142423,0.9426978841495934,0.0625783970604506,0.023841278023273627
R_1beGb3seoyBqBAl,diabetes,counterfactual,16,0,feature contribution,0.45306497868835927,1.0,1.0,0.5407876014926307,0.5310599012666667,0.0,0.1241214011,0.9313951596,0.0,1.0,0.8593929601033276,0.8383042223308483,0.01262287554331909,0.0026359758297038183
R_1beGb3seoyBqBAl,diabetes,counterfactual,17,20,feature contribution,0.45306497868835927,1.0,0.6666666666666666,0.24318626192656456,0.20108506965,0.0,0.0638909526,0.9386863267,0.0,0.0,0.9613705967349263,0.9599878666002617,0.06713894114467162,0.20036137501452128
R_1beGb3seoyBqBAl,diabetes,counterfactual,18,31,feature contribution,0.45306497868835927,1.0,0.6666666666666666,0.22302612994804052,0.18373277962500004,0.0,0.125706569,0.9501469018,0.0,0.0,0.9621897426559272,0.9621804388002316,0.11101806220309207,0.07207513171773061
R_1beGb3seoyBqBAl,diabetes,counterfactual,19,12,feature contribution,1.0,1.0,1.0,0.37157403115081045,0.2768129771,1.0,0.2792197639,0.9085553744,0.0,1.0,0.9425028574161914,0.9116385129325034,0.06386612090801064,0.016467105639963564
R_1beGb3seoyBqBAl,diabetes,counterfactual,20,58,feature contribution,0.45306497868835927,1.0,0.6666666666666666,0.32034337954665043,0.21888302864999998,1.0,0.1259020104,0.8986102216,0.0,1.0,0.9270619159148544,0.9164271621137545,0.03360076316440047,0.09047704251307809
R_1eUSbs1pQPimBTZ,housing,attribution,1,3174,feature contribution,0.3461705387828752,0.5,0.0,0.16304844505451163,0.19303030303333335,1.0,0.1191934663,0.9388409091,1.0,1.0,0.9409436602418385,0.9453409090909091,0.039914297246270124,0.14413448637799176
R_1eUSbs1pQPimBTZ,housing,attribution,2,2275,feature contribution,0.29183959848235697,0.0,0.0,0.08867888927040814,0.137713068175,1.0,0.341924989,0.9852840909,0.0,0.0,0.9969546158509462,0.9577272727272728,0.007030626216545516,0.03789599504957042
R_1eUSbs1pQPimBTZ,housing,attribution,3,675,feature contribution,0.3480870850264329,0.5,0.5,0.33565441866367224,0.3555555555666667,0.0,0.0460198729,0.9625,0.0,0.0,0.9855770457781603,0.9798863636363636,0.18569874007400966,0.22627552265197742
R_1eUSbs1pQPimBTZ,housing,attribution,4,102,feature contribution,0.4629386236137714,0.5,0.0,0.3786787427779453,0.35848484850000006,0.0,0.0783771917,0.9905227273,0.0,0.0,0.9529139664665661,0.9798863636363636,0.021223326166613266,0.031616040244525134
R_1eUSbs1pQPimBTZ,housing,attribution,5,577,feature contribution,0.6327886529829748,0.0,0.0,0.5000000000166667,0.38333333334999997,0.0,0.0920991765,0.9982954545,0.0,0.0,0.9994318181818181,0.9976136363636364,0.01455331015816417,0.1285457744602146
R_1eUSbs1pQPimBTZ,housing,attribution,6,2447,feature contribution,0.2658109497130893,1.0,0.6666666666666666,0.34780362549278726,0.434185606,1.0,0.0425424251,0.9743181818,0.0,0.0,0.9738562987062058,0.9760227272727273,0.10221966693976098,0.23024249335140334
R_1eUSbs1pQPimBTZ,housing,attribution,7,1751,feature contribution,0.33168403212126896,0.5,0.0,0.21648679328763784,0.20136363624999998,0.0,0.5430502314,0.9797045455,0.0,0.0,0.9886988330274173,0.96,0.091187570477827,0.4816147751181293
R_1eUSbs1pQPimBTZ,housing,attribution,8,553,feature contribution,0.4812765655656857,0.0,0.0,0.468181818,0.368181818,0.0,0.8244329102,0.9465909091,0.0,0.0,0.98,0.99875,0.07234134982984211,0.24978842392964196
R_1eUSbs1pQPimBTZ,housing,attribution,9,172,feature contribution,0.6378023733340753,0.0,0.0,0.5227272725000001,0.3227272725,1.0,0.0216802222,0.9602272727,1.0,1.0,0.9655303030303031,0.9885227272727273,0.035626801195641655,0.11209840571843942
R_1eUSbs1pQPimBTZ,housing,attribution,10,2728,feature contribution,0.42753853305750383,0.5,0.5,0.2753762363775064,0.3595959593333333,0.0,0.3580492899,0.99375,1.0,0.0,0.9755037870819621,0.9889772727272728,0.09973916047655268,0.03112459488648467
R_1eygULWOJvBHm3R,diabetes,attribution,1,32,weighted examples,0.5072930576843421,1.0,0.5,0.1772936128490495,0.32932374969369366,1.0,0.0870350357,0.9644103681,1.0,1.0,0.9676949436333128,0.9135747552469533,0.2249927277086225,0.0769612394120929
R_1eygULWOJvBHm3R,diabetes,attribution,2,33,weighted examples,0.47717923521030553,0.5,0.5,0.24670541579435956,0.22770815766666672,1.0,0.1363170217,0.904447228,1.0,1.0,0.9444739213945353,0.9351277160483601,0.2599720817251593,0.14802266642767076
R_1eygULWOJvBHm3R,diabetes,attribution,3,30,weighted examples,0.47981585134987426,0.5,0.0,0.30768588114778667,0.268575792009009,1.0,0.2635492703,0.958755582,1.0,0.0,0.919875457992316,0.8810803554774507,0.17355796704512103,0.21385332973650534
R_1eygULWOJvBHm3R,diabetes,attribution,4,26,weighted examples,0.307558945706794,1.0,0.5,0.0791273295870894,0.31525374033333337,1.0,0.1178618592,0.9385451371,1.0,1.0,0.9329234504501429,0.9406391560588501,0.1586754809431117,0.03306564511590465
R_1eygULWOJvBHm3R,diabetes,attribution,5,7,weighted examples,0.4923259636595069,0.5,0.0,0.344593323368586,0.30374464,0.0,0.1744659146,0.9207027394,0.0,1.0,0.9216842992670441,0.9207123019852853,0.11154501504561465,0.014378666706635096
R_1eygULWOJvBHm3R,diabetes,attribution,6,56,weighted examples,0.5930041022716382,1.0,0.0,0.02173913065217381,0.4304347825,1.0,0.1197717451,0.9148967653,1.0,0.0,0.9192445913602851,0.9367317501534071,0.12374257083978979,0.05611855300781293
R_1eygULWOJvBHm3R,diabetes,attribution,7,42,weighted examples,0.3332249906385746,0.5,0.0,0.20687189116059537,0.19600642488074316,1.0,0.1941999503,0.9513597944,1.0,0.0,0.9566352169713005,0.9164743494038362,0.274207328644127,0.09893458121521614
R_1eygULWOJvBHm3R,diabetes,attribution,8,35,weighted examples,0.4621990362371073,1.0,0.0,0.16092120170621071,0.39227734425000005,1.0,0.0360940687,0.9264213473,1.0,0.0,0.9089196450070939,0.9141009328494868,0.2300855731785137,0.188434903395951
R_1eygULWOJvBHm3R,diabetes,attribution,9,53,weighted examples,0.37483697638217417,0.5,0.5,0.34700618424021923,0.33503604366666667,1.0,0.0502056668,0.9080916653,1.0,0.0,0.9128483081835113,0.9500462882253672,0.3547146972399139,0.17540301318236856
R_1eygULWOJvBHm3R,diabetes,attribution,10,14,weighted examples,0.5120820799931033,0.5,0.5,0.34037956957022536,0.2765873296666667,1.0,0.2021887617,0.8992413228,1.0,0.0,0.9298370891339786,0.9218792528983757,0.38493113657277883,0.011507072508453176
R_1eygULWOJvBHm3R,diabetes,attribution,11,0,weighted examples,0.3072356228078493,0.5,0.5,0.3596354173268704,0.17279640443333333,1.0,0.3617308716,0.8687766397,1.0,1.0,0.9177033843197839,0.8871749638964674,0.41323214789409846,0.104318459968607
R_1eygULWOJvBHm3R,diabetes,attribution,12,59,weighted examples,0.33159597708846955,0.0,0.5,0.32980684562578677,0.20560340466666668,0.0,0.0932695198,0.9319739812,0.0,0.0,0.9169426548849954,0.927842137695044,0.1011091234412691,0.16776492471344281
R_1eygULWOJvBHm3R,diabetes,attribution,13,51,weighted examples,0.21909404023185547,0.0,0.0,0.39067629837433687,0.21274970624999998,0.0,0.19103425,0.958889661,1.0,1.0,0.9069009190278448,0.9405310134241849,0.0530008634361816,0.036614760362470994
R_1eygULWOJvBHm3R,diabetes,attribution,14,20,weighted examples,0.6125723791758134,0.0,0.0,0.36427732097297294,0.191304348,1.0,0.0663468726,0.9385878455,1.0,0.0,0.9432871610203989,0.9562767274808285,0.012827738163072366,0.07726064312596054
R_1eygULWOJvBHm3R,diabetes,attribution,15,52,weighted examples,0.6567032784134068,0.0,0.0,0.7223502470086718,0.42483281800000006,0.0,0.3316168144,0.9413394286,1.0,0.0,0.916389459849136,0.9420329110835759,0.05026157987836477,0.3813525846383232
R_1eygULWOJvBHm3R,diabetes,attribution,16,15,weighted examples,0.4803819229300449,0.5,0.0,0.39017459158734463,0.32193422674999994,0.0,0.4809810173,0.8745606607,0.0,0.0,0.8779503567536338,0.8919585034684591,0.08511315408295944,0.26103554164974746
R_1eygULWOJvBHm3R,diabetes,attribution,17,58,weighted examples,0.37590152666149446,0.0,0.5,0.5247891933541581,0.32242956233333336,0.0,0.1567364742,0.8710672786,1.0,1.0,0.9418477562713979,0.8964271621137545,0.12813054053888917,0.08420137313545367
R_1eygULWOJvBHm3R,diabetes,attribution,18,11,weighted examples,0.5706295089259116,0.0,0.0,0.4715041127432432,0.27826086949999995,0.0,0.0198294403,0.9681881805,1.0,0.0,0.9384355823752311,0.9367205056691914,0.00995670241133631,0.2008857446291391
R_1eygULWOJvBHm3R,diabetes,attribution,19,31,weighted examples,0.41828408107613246,0.0,1.0,0.5344165199608909,0.62683338,0.0,0.5112909176,0.9694437057,1.0,0.0,0.9204413927508195,0.9621804388002316,0.04750725478878057,0.2267923338408947
R_1eygULWOJvBHm3R,diabetes,attribution,20,12,weighted examples,0.47655057172219606,0.0,0.0,0.4322897365243155,0.2431722395,0.0,0.0860921471,0.92340745,1.0,1.0,0.9204376800440505,0.9248369485727007,0.08378669490642773,0.035998793690712294
R_1fpKwE5dFxzF6vi,diabetes,attribution,1,35,feature contribution,0.6830186627659518,1.0,0.0,0.30199455748242754,0.05850195549999999,0.0,0.5555279489,0.8707001507,0.0,0.0,0.8753853198587862,0.8941009328494868,0.32765765150299925,0.4742642975336425
R_1fpKwE5dFxzF6vi,diabetes,attribution,2,26,feature contribution,0.6830186627659518,1.0,1.0,0.01416341592884171,0.12105084200000002,0.0,0.0212392452,0.9351359581,0.0,0.0,0.9323032749962572,0.9394314986004275,0.07675893647067755,0.11400594757776733
R_1fpKwE5dFxzF6vi,diabetes,attribution,3,7,feature contribution,0.6830186627659518,0.0,0.0,0.21635998019544295,0.16956521740000002,0.0,0.204094155,0.9228582307,0.0,0.0,0.9410575458117493,0.9275142486981451,0.0758464321468999,0.0856213350097223
R_1fpKwE5dFxzF6vi,diabetes,attribution,4,42,feature contribution,0.6830186627659518,1.0,0.0,0.1607628650280267,0.15486263126148633,0.0,0.0215551107,0.9486385828,0.0,0.0,0.9334899207980717,0.9151338641495432,0.10868046748058202,0.1500186765730137
R_1fpKwE5dFxzF6vi,diabetes,attribution,5,32,feature contribution,0.4854574414711853,0.5,0.5,0.07269347439960296,0.1053162226666667,1.0,0.0480619948,0.9409558151,1.0,1.0,0.9224462946433678,0.9253770319327532,0.055661310579235,0.0507284512917629
R_1fpKwE5dFxzF6vi,diabetes,attribution,6,53,feature contribution,0.5664903637751709,0.6666666666666666,0.6666666666666666,0.17643464435078035,0.13967555379999996,0.0,0.2283767968,0.932905062,0.0,0.0,0.9168224027248828,0.9612120195610225,0.1200519097832666,0.1483347680458606
R_1fpKwE5dFxzF6vi,diabetes,attribution,7,33,feature contribution,0.5664903637751709,0.8,1.0,0.160318633278155,0.12595047073333332,1.0,0.2038707931,0.8986625095,1.0,1.0,0.9357486135752531,0.9499103247440123,0.10063167306222029,0.2075558209781915
R_1fpKwE5dFxzF6vi,diabetes,attribution,8,56,feature contribution,0.6830186627659518,1.0,0.0,0.0660601933898996,0.130768577,0.0,0.0089103312,0.9416963941,0.0,1.0,0.9284843553747728,0.9533670355792416,0.004812082717494615,0.06278171219886206
R_1fpKwE5dFxzF6vi,diabetes,attribution,9,14,feature contribution,0.6830186627659518,0.0,0.0,0.2690082517780125,0.13695652149999998,0.0,0.1230271512,0.8930888224,1.0,0.0,0.912890584267478,0.9418792528983757,0.032347498238675,0.040112881971640535
R_1fpKwE5dFxzF6vi,diabetes,attribution,10,30,feature contribution,0.6830186627659518,1.0,0.0,0.07850985650768111,0.09250977699999999,0.0,0.3122419749,0.86948185,0.0,0.0,0.8851838213843923,0.906485760882856,0.24434072269308735,0.23452070523865032
R_1fpKwE5dFxzF6vi,diabetes,attribution,11,31,feature contribution,0.6830186627659518,0.0,0.0,0.16281175488289498,0.12024445050000002,0.0,0.2627150477,0.9483604008,0.0,0.0,0.9549444107619562,0.9544286987695102,0.03532204775466674,0.15771109371462982
R_1fpKwE5dFxzF6vi,diabetes,attribution,12,58,feature contribution,0.4854574414711853,0.5,0.5,0.10705512401771276,0.10465673703333334,1.0,0.1168927329,0.9139621559,0.0,1.0,0.9265890014640228,0.9081632689907193,0.03195100936021905,0.020653536055206756
R_1fpKwE5dFxzF6vi,diabetes,attribution,13,51,feature contribution,0.6830186627659518,0.0,0.0,0.06005217464484893,0.10434782609999999,0.0,0.1056316634,0.8862055235,0.0,0.0,0.903238045228281,0.9205310134241849,0.046842440635019605,0.0633852409174833
R_1fpKwE5dFxzF6vi,diabetes,attribution,14,59,feature contribution,0.6830186627659518,0.0,1.0,0.11598488954627442,0.27391304299999997,1.0,0.0398315725,0.972943854,0.0,0.0,0.949772592483004,0.9623996148171047,0.038220121928911166,0.04283183314783964
R_1fpKwE5dFxzF6vi,diabetes,attribution,15,52,feature contribution,0.4854574414711853,0.5,1.0,0.12161832461995938,0.236956521292639,0.0,0.5011339621,0.958793217,0.0,0.0,0.9138472670957332,0.9243682031172441,0.3286873973003078,0.293219585816887
R_1fpKwE5dFxzF6vi,diabetes,attribution,16,11,feature contribution,0.6830186627659518,0.0,0.0,0.08204421143405666,0.12608695649999999,0.0,0.2050205901,0.9262857231,0.0,0.0,0.9591034076428141,0.9367205056691914,0.22500768297487694,0.2008857446291391
R_1fpKwE5dFxzF6vi,diabetes,attribution,17,0,feature contribution,0.4854574414711853,0.5,0.0,0.09675785053720705,0.11966401325,1.0,0.0218486629,0.8965681431,0.0,1.0,0.8580487192367905,0.8701820180979123,0.02289391928914064,0.08636895084160079
R_1fpKwE5dFxzF6vi,diabetes,attribution,18,15,feature contribution,1.0,1.0,1.0,0.0,0.0,0.0,0.2769489345,0.8811476927,0.0,0.0,0.8811476926576483,0.8811476926576483,0.22609013263983882,0.22609013263983882
R_1fpKwE5dFxzF6vi,diabetes,attribution,19,12,feature contribution,0.6830186627659518,0.0,0.0,0.09713667657055802,0.1283634415,0.0,0.1847227586,0.936948186,0.0,0.0,0.9391799489216027,0.9198876785900232,0.04990155672628738,0.0706018471315693
R_1fpKwE5dFxzF6vi,diabetes,attribution,20,20,feature contribution,0.6830186627659518,0.0,1.0,0.05825562689280052,0.20869565199999998,0.0,0.0038821178,0.964674802,0.0,0.0,0.9543398688677107,0.9558634749480305,0.07403320137679215,0.12841233347823128
R_1iD8KQ66I3AExYs,diabetes,none,1,32,weighted examples,0.5438591624019883,0.0,0.0,0.45020424703660344,0.21304347825,0.0,0.0702646519,0.9039587606,1.0,0.0,0.9309627469075971,0.9453770319327532,0.035589619153015284,0.019576249666981557
R_1iD8KQ66I3AExYs,diabetes,none,2,14,weighted examples,0.5120820799931033,0.0,0.5,0.36363931169952707,0.169261208,1.0,0.0008966533,0.8752434553,1.0,0.0,0.9641853592128118,0.9219590513414403,0.08721571289668045,0.16538471386369186
R_1iD8KQ66I3AExYs,diabetes,none,3,42,weighted examples,0.4533823517688176,1.0,0.0,0.13043478291304345,0.26739130450000004,1.0,0.169089531,0.9270926299,1.0,0.0,0.9369704763919051,0.9338647578361094,0.09899007437023671,0.010518742798398623
R_1iD8KQ66I3AExYs,diabetes,none,4,33,weighted examples,0.47717923521030553,0.5,0.5,0.24360007217732074,0.27207637456666667,1.0,0.1992844724,0.8936960165,1.0,1.0,0.9320179871994707,0.9287188572070374,0.05741562314281712,0.01618779798041159
R_1iD8KQ66I3AExYs,diabetes,none,5,56,weighted examples,0.5930041022716382,1.0,0.0,0.10869565243478257,0.25652173899999997,0.0,0.0029864263,0.9478900785,1.0,0.0,0.926150948031779,0.9402060485052111,0.05730805517626658,0.03463969038141182
R_1iD8KQ66I3AExYs,diabetes,none,6,53,weighted examples,0.6973546063349331,1.0,0.0,0.025505866469478167,0.39858017349999997,0.0,0.0854719583,0.9163247292,0.0,0.0,0.9214259024363278,0.9484948791649523,0.013812545248072239,0.17020935569562506
R_1iD8KQ66I3AExYs,diabetes,none,7,30,weighted examples,0.543858309658342,0.0,0.0,0.3639784599075966,0.1804347826,0.0,0.0082274798,0.9077148735,1.0,0.0,0.9290387713150166,0.866485760882856,0.10407449840211816,0.2492942961162285
R_1iD8KQ66I3AExYs,diabetes,none,8,26,weighted examples,0.307558945706794,1.0,0.5,0.11951161810860711,0.3250112743333334,1.0,0.2297343082,0.9332139955,1.0,1.0,0.9736936995712399,0.9434489340863859,0.09969190517846677,0.06206935556336346
R_1iD8KQ66I3AExYs,diabetes,none,9,7,weighted examples,0.5630293087641249,0.0,0.0,0.5273207989729729,0.354347826,0.0,0.1214820572,0.8900405009,1.0,1.0,0.9576012054310229,0.9232507749378842,0.18218301632286013,0.021246972132965863
R_1iD8KQ66I3AExYs,diabetes,none,10,35,weighted examples,0.46974148340758415,1.0,0.0,0.13603128753052174,0.3178115965,0.0,0.340125037,0.898382419,0.0,0.0,0.871176161566168,0.8941009328494868,0.38193688307315826,0.4742642975336425
R_1iD8KQ66I3AExYs,diabetes,none,11,51,weighted examples,0.2938810557936016,0.0,1.0,0.3556951160993255,0.505405405,0.0,0.0455813179,0.9314505844,0.0,0.0,0.9370945906010426,0.8809563058103415,0.10366240898254986,0.09020692154279289
R_1iD8KQ66I3AExYs,diabetes,none,12,58,weighted examples,0.6887864871789681,1.0,0.0,0.43243243259459463,0.131081081,0.0,0.0600465463,0.9295313209,1.0,1.0,0.9440147670731962,0.9164271621137545,0.11786035883593904,0.06290082514938583
R_1iD8KQ66I3AExYs,diabetes,none,13,11,weighted examples,0.5706295089259116,0.0,0.0,0.4230317271621622,0.310869565,0.0,0.086063943,0.957621072,1.0,0.0,0.9693547966801888,0.9551495311412243,0.0051305807565711625,0.13705561166910102
R_1iD8KQ66I3AExYs,diabetes,none,14,0,weighted examples,0.3072356228078493,0.0,0.5,0.4431044795801018,0.3767571413333333,0.0,0.0571402524,0.9377377067,1.0,1.0,0.9493160436328099,0.8492429605247338,0.24224113772855876,0.06705042215472584
R_1iD8KQ66I3AExYs,diabetes,none,15,20,weighted examples,0.6125723791758134,0.0,0.0,0.2899529966486486,0.19130434799999999,1.0,0.0663468726,0.9385878455,0.0,1.0,0.9325098162536677,0.9565822237699002,0.07560994691374034,0.01815119974213386
R_1iD8KQ66I3AExYs,diabetes,none,16,12,weighted examples,0.47655057172219606,0.0,0.0,0.22965611518287699,0.12024445049999999,0.0,0.01875771,0.9398876786,1.0,1.0,0.9008822822320522,0.9248369485727007,0.009620037904856327,0.035998793690712294
R_1iD8KQ66I3AExYs,diabetes,none,17,31,weighted examples,0.4962921682246985,0.0,0.5,0.31488972124146813,0.24895814233333333,0.0,0.1115455279,0.9398924894,1.0,0.0,0.922591640492706,0.950832929086784,0.06304343562196027,0.2278029779916868
R_1iD8KQ66I3AExYs,diabetes,none,18,52,weighted examples,0.6567032784134068,0.0,0.0,0.3295043730057812,0.14782608700000002,0.0,0.6125937306,0.9325122636,0.0,0.0,0.8918221262127286,0.9420329110835759,0.08080839610689586,0.3813525846383232
R_1iD8KQ66I3AExYs,diabetes,none,19,59,weighted examples,0.7083568116661644,0.0,0.0,0.3175507287533013,0.14782608700000002,1.0,0.0354829344,0.9685960279,0.0,0.0,0.9656756732722425,0.9276170061214525,0.024629377285735943,0.15188955188149975
R_1iD8KQ66I3AExYs,diabetes,none,20,15,weighted examples,0.43220685447602736,0.0,0.0,0.574697071826475,0.3652173915,0.0,0.5518246897,0.9336127373,1.0,0.0,0.928440245743141,0.9011476926576483,0.026193627305008182,0.20937421572937065
R_1knCAqvmyTwFTer,safelimit,counterfactual,1,87,weighted examples,0.7096529090256523,1.0,0.0,0.14728359235811672,0.280012494,1.0,0.0433076785,0.981196639,0.0,0.0,0.9848120140505217,0.9763367944349881,0.10397591418301955,0.37046662690776255
R_1knCAqvmyTwFTer,safelimit,counterfactual,2,203,weighted examples,0.22745898996554884,0.5,0.6666666666666666,0.5386453715251056,0.2810223258,1.0,0.3925561315,0.9823505768,1.0,0.0,0.978646287792326,0.9818517864731456,0.016027620347729088,0.1011278225783182
R_1knCAqvmyTwFTer,safelimit,counterfactual,3,106,weighted examples,0.2997358196847975,0.5,0.5,0.13435622775181114,0.15650875553333335,0.0,0.0573049816,0.9681400332,0.0,0.0,0.9970960890321384,0.9727894295472642,0.11645790485853932,0.3255767268191921
R_1knCAqvmyTwFTer,safelimit,counterfactual,4,143,weighted examples,0.22483604015482594,1.0,0.5,0.14748916025307254,0.43837081466666666,1.0,0.3424264004,0.9814493042,1.0,1.0,0.9796425155294368,0.9869347166173704,0.046575714028940174,0.003454748368198368
R_1knCAqvmyTwFTer,safelimit,counterfactual,5,300,weighted examples,0.7527284413242202,0.0,1.0,0.624937531,0.14987506200000003,1.0,0.0163943163,0.9805744173,0.0,0.0,0.9794776947115341,0.9826732778555314,0.09419302034728133,0.13348074703460755
R_1knCAqvmyTwFTer,safelimit,counterfactual,6,98,weighted examples,0.6174988537214459,1.0,0.0,0.0,1.0,0.0,0.5686177615,0.9710916753,0.0,0.0,0.9710916753058206,0.9856230315753176,0.5686177615465099,0.31790452481040726
R_1knCAqvmyTwFTer,safelimit,counterfactual,7,261,weighted examples,0.6677265293257356,1.0,0.0,0.23000000004067966,0.3722813593,0.0,0.0836654325,0.9816040354,1.0,0.0,0.9582379836854152,0.9675531286038848,0.1463345687862847,0.7304919307849681
R_1knCAqvmyTwFTer,safelimit,counterfactual,8,4,weighted examples,0.6456427516706985,0.0,0.0,0.6799999999999999,0.22999999999999998,0.0,0.4773467766,0.9859783832,0.0,0.0,0.9716444705959268,0.9616190278892132,0.062028461970327464,0.10100657976034877
R_1knCAqvmyTwFTer,safelimit,counterfactual,9,209,weighted examples,0.406541429321392,0.5,0.0,0.5694195584565298,0.6898375811999999,0.0,0.0293602453,0.9831695359,1.0,0.0,0.9771446498856754,0.9824170978157092,0.23340510954861327,0.6346133783210511
R_1knCAqvmyTwFTer,safelimit,counterfactual,10,245,weighted examples,0.3900517206507041,1.0,0.0,0.0,0.7000000000000001,0.0,0.2732697501,0.9949496257,0.0,0.0,0.9949496257069073,0.9794757568749213,0.2732697500604581,0.6636203238991104
R_1tEUS0XkXyE4GbH,diabetes,none,1,32,weighted examples,0.545690406790226,0.6666666666666666,0.6666666666666666,0.04551174321787482,0.14779375875,1.0,0.0413451186,0.9445923836,0.0,1.0,0.9344495597221343,0.9210172193405619,0.011277888576929407,0.10093298665366417
R_1tEUS0XkXyE4GbH,diabetes,none,2,35,weighted examples,0.5616350414836943,1.0,0.5,0.0671790271914233,0.2353266046231884,0.0,0.3922936151,0.9176301513,0.0,0.0,0.8907585404975479,0.8454052806755737,0.19188970600431365,0.3770833245636617
R_1tEUS0XkXyE4GbH,diabetes,none,3,30,weighted examples,0.5698626973337315,1.0,0.0,0.013919821692403384,0.247463499,0.0,0.0926951673,0.9359784607,0.0,0.0,0.9331944963443755,0.8864857608828561,0.1285633182849841,0.2417537618662109
R_1tEUS0XkXyE4GbH,diabetes,none,4,26,weighted examples,0.42464370390096307,1.0,0.5,0.025747987195696466,0.10550310633333333,0.0,0.0234314461,0.9542276536,0.0,0.0,0.9645268484603041,0.9594314986004275,0.012215958642953106,0.02351120824215261
R_1tEUS0XkXyE4GbH,diabetes,none,5,14,weighted examples,0.37309986305484094,1.0,0.5,0.050437492572456694,0.06759369033333334,0.0,0.0405388471,0.9361708488,0.0,0.0,0.9217847556901874,0.9218792528983757,0.0031767090514485674,0.011507072508453176
R_1tEUS0XkXyE4GbH,diabetes,none,6,33,weighted examples,0.38686375422568947,0.5,0.0,0.04009823341127287,0.09474134070000001,1.0,0.0860830235,0.9518370377,1.0,1.0,0.959692889554771,0.9151277160483601,0.10598967012085439,0.10274748830817315
R_1tEUS0XkXyE4GbH,diabetes,none,7,7,weighted examples,1.0,1.0,1.0,0.026604095548696634,0.03550758700000002,1.0,0.0025528344,0.9330117684,1.0,1.0,0.9269322715417827,0.9416341036893116,0.06310525076349047,0.002022288144877399
R_1tEUS0XkXyE4GbH,diabetes,none,8,42,weighted examples,0.5889149573216569,1.0,0.0,0.06521739104347828,0.093478261,1.0,0.0176131225,0.9469605393,1.0,0.0,0.9394946375942747,0.941432325403677,0.01897073515245387,0.1006702468942351
R_1tEUS0XkXyE4GbH,diabetes,none,9,53,weighted examples,0.41278532156481124,0.6666666666666666,0.6666666666666666,0.07078157515359985,0.06970654000000001,0.0,0.1815034557,0.9430632984,0.0,0.0,0.9091373093614579,0.9453971388532858,0.12682819221376232,0.07540301318236853
R_1tEUS0XkXyE4GbH,diabetes,none,10,56,weighted examples,0.7400623255446496,1.0,0.0,0.08695652221739125,0.13695652149999998,1.0,0.0742638495,0.9609335567,1.0,0.0,0.9783248610752572,0.9367317501534071,0.05862466316400511,0.05611855300781293
R_1tEUS0XkXyE4GbH,diabetes,none,11,58,weighted examples,0.6533389961528833,0.0,0.0,0.10593806125412342,0.0826086955,0.0,0.1924247854,0.9381934475,1.0,0.0,0.91883152268907,0.9451499692733951,0.02787183356861117,0.03295487328329
R_1tEUS0XkXyE4GbH,diabetes,none,12,20,weighted examples,0.6365413901407356,1.0,0.0,0.14636133704860907,0.07478224199999998,0.0,0.0922552924,0.9528485685,0.0,1.0,0.9721361191203124,0.9565822237699002,0.10914530849592002,0.01815119974213386
R_1tEUS0XkXyE4GbH,diabetes,none,13,0,weighted examples,0.6271919745469112,0.5,0.5,0.11546371866771728,0.15088795833333332,1.0,0.0263847518,0.9061553364,1.0,0.0,0.9331857778463346,0.855809227284489,0.03128346372409835,0.061079467072917275
R_1tEUS0XkXyE4GbH,diabetes,none,14,31,weighted examples,0.7169136220448046,0.0,0.0,0.1430166146536303,0.10268333799999999,0.0,0.1739014043,0.9449972738,0.0,0.0,0.9540507996702504,0.9516190608244436,0.037906664453858874,0.31707840365515966
R_1tEUS0XkXyE4GbH,diabetes,none,15,11,weighted examples,0.4220940188604882,0.0,0.0,0.13690550976730145,0.13695652149999998,0.0,0.1561272013,0.9736374933,0.0,0.0,0.976700100976112,0.9767205056691914,0.13745792231630538,0.13735589885030536
R_1tEUS0XkXyE4GbH,diabetes,none,16,52,weighted examples,0.6799469420035033,0.0,1.0,0.20567196100289062,0.269999999585278,0.0,0.2986530893,0.9363888044,0.0,0.0,0.9064147319613332,0.9095855944215919,0.23979157086431102,0.37016239781887916
R_1tEUS0XkXyE4GbH,diabetes,none,17,59,weighted examples,0.41444396371557596,0.5,0.5,0.1123702569213379,0.08524898399999999,0.0,0.0879064479,0.9500707444,0.0,0.0,0.9480178223967851,0.9626978841495935,0.02252313925824395,0.01721669016791938
R_1tEUS0XkXyE4GbH,diabetes,none,18,15,weighted examples,0.631003767166481,0.5,0.0,0.16491760657742405,0.19388331699999997,0.0,0.601333994,0.9441492197,0.0,0.0,0.9245737096270585,0.9011476926576483,0.19594535757063203,0.20937421572937065
R_1tEUS0XkXyE4GbH,diabetes,none,19,51,weighted examples,0.3595423833987668,0.0,1.0,0.11997446779966275,0.18695652199999996,0.0,0.1512484568,0.9183476102,0.0,0.0,0.9311294961440499,0.8879446539675289,0.07030969481645138,0.03983479761999173
R_1tEUS0XkXyE4GbH,diabetes,none,20,12,weighted examples,0.505662578387007,0.0,0.0,0.11482805784143849,0.08512222550000001,0.0,0.0211848498,0.9539365687,0.0,0.0,0.9148069100132505,0.9598876785900232,0.02908192280401245,0.0841973824852304
R_2wBl4JWxZiMKmQY,diabetes,counterfactual,1,53,feature contribution,0.3008780244178895,1.0,0.6666666666666666,0.19086522867792854,0.21572638015,1.0,0.0154920783,0.9392282179,0.0,0.0,0.934271822160446,0.9251997091806846,0.2341019650761763,0.06725618178716489
R_2wBl4JWxZiMKmQY,diabetes,counterfactual,2,14,feature contribution,0.23416504518446593,0.6666666666666666,0.3333333333333333,0.1288976446529843,0.1836126384,0.0,0.0645501795,0.914556511,0.0,0.0,0.9371024266217487,0.9167270628464083,0.08680149310127502,0.016642418272037218
R_2wBl4JWxZiMKmQY,diabetes,counterfactual,3,7,feature contribution,0.2771897917197313,0.0,0.5,0.15946317843547803,0.18743094883333333,0.0,0.1157499426,0.9231057701,0.0,0.0,0.9280545274844226,0.9249055530459712,0.01997833276876526,0.05706718573194941
R_2wBl4JWxZiMKmQY,diabetes,counterfactual,4,35,feature contribution,0.4504902182251592,0.6666666666666666,0.6666666666666666,0.2273362292103413,0.23174125149239133,0.0,0.1251872971,0.9293058068,0.0,0.0,0.8768130383155561,0.8654052806755738,0.25455314144428937,0.5079280187075761
R_2wBl4JWxZiMKmQY,diabetes,counterfactual,5,32,feature contribution,0.431279820991598,0.5,0.5,0.21322454303602859,0.20854113213333333,0.0,0.1020871706,0.9066160646,0.0,1.0,0.9361701141107416,0.942019943603606,0.046181566426508336,0.019677559921170998
R_2wBl4JWxZiMKmQY,diabetes,counterfactual,6,33,feature contribution,0.29534160528321235,0.5,0.6666666666666666,0.19276958023817894,0.31148124190000004,1.0,0.2347893623,0.9257530249,0.0,1.0,0.9348692754762635,0.9551277160483601,0.01777414821370682,0.04802266642767078
R_2wBl4JWxZiMKmQY,diabetes,counterfactual,7,26,feature contribution,0.47122091938894833,0.75,0.75,0.13620837827483437,0.1729729521,1.0,0.0989764074,0.9414970468,0.0,0.0,0.937246668280278,0.9433529701833689,0.05767578239697074,0.020590908777770867
R_2wBl4JWxZiMKmQY,diabetes,counterfactual,8,42,feature contribution,1.0,1.0,1.0,0.18102147919663847,0.23242273304459454,0.0,0.0630984978,0.9322993703,0.0,0.0,0.9322715711017873,0.9348726654077448,0.10866843362105855,0.0022443606826492712
R_2wBl4JWxZiMKmQY,diabetes,counterfactual,9,30,feature contribution,0.6437191334890886,0.75,0.5714285714285714,0.25154315883681927,0.2959237857454054,1.0,0.0992314908,0.9231143694,0.0,0.0,0.8854609823860368,0.8630899856342005,0.24269020591810758,0.18329622651008504
R_2wBl4JWxZiMKmQY,diabetes,counterfactual,10,56,feature contribution,1.0,1.0,1.0,0.21679578652596249,0.22650648712,1.0,0.0990576698,0.9470164759,1.0,0.0,0.9540669286824502,0.9342093156771996,0.005138483226794666,0.05370272114053126
R_2wBl4JWxZiMKmQY,diabetes,counterfactual,11,15,feature contribution,0.28380529742632277,0.5,1.0,0.4129237416199804,0.5214215222,1.0,0.271461208,0.8786342843,0.0,0.0,0.8843622108335031,0.8852720843098796,0.27140560484024656,0.10937421572937064
R_2wBl4JWxZiMKmQY,diabetes,counterfactual,12,12,feature contribution,0.28184951163277855,0.0,0.5,0.11762647155690333,0.1514223827,0.0,0.1374556009,0.8753608295,0.0,0.0,0.939862488577578,0.9016478344848284,0.06361887975406039,0.08786574081261989
R_2wBl4JWxZiMKmQY,diabetes,counterfactual,13,51,feature contribution,0.38793437032719474,0.5,0.5,0.3003643225212107,0.36799281840000003,1.0,0.1985033218,0.9211232254,0.0,1.0,0.9015334033376151,0.9009563058103415,0.04749695050791006,0.017968992570788794
R_2wBl4JWxZiMKmQY,diabetes,counterfactual,14,0,feature contribution,0.3420528774128877,0.5,0.0,0.3399459989318272,0.31000722324999996,1.0,0.4662909881,0.8619341603,0.0,1.0,0.8644103982000184,0.8583042223308484,0.017342020497012278,0.017641540561811914
R_2wBl4JWxZiMKmQY,diabetes,counterfactual,15,20,feature contribution,0.33378303357281236,0.75,0.75,0.1722506260097901,0.17603001102,1.0,0.0413383419,0.941805747,0.0,0.0,0.9496543367045702,0.9580128434312525,0.07305121808807002,0.0998708275533926
R_2wBl4JWxZiMKmQY,diabetes,counterfactual,16,58,feature contribution,0.40585727188882237,0.8,0.6666666666666666,0.3372872729721091,0.23097316837499998,1.0,0.1319262518,0.9356861957,0.0,1.0,0.9275561401901297,0.9504349839127683,0.034096506234327806,0.1766906287811279
R_2wBl4JWxZiMKmQY,diabetes,counterfactual,17,52,feature contribution,0.43616008580176846,1.0,0.0,0.5482498897616159,0.3276322588463195,0.0,0.1304867009,0.8685242311,0.0,0.0,0.9229670245340331,0.9243682031172441,0.39697267105885214,0.293219585816887
R_2wBl4JWxZiMKmQY,diabetes,counterfactual,18,59,feature contribution,0.34033347251709256,0.6666666666666666,0.6666666666666666,0.2964853396599826,0.2948598119,1.0,0.1021699171,0.8409889201,0.0,1.0,0.9516043062499084,0.9535086949604042,0.030404603713267142,0.11587412041979331
R_2wBl4JWxZiMKmQY,diabetes,counterfactual,19,11,feature contribution,0.34161860696431656,1.0,0.5,0.6326146696899906,0.44982544183333334,1.0,0.1966438289,0.9138156208,0.0,0.0,0.9705892812308177,0.938342127290813,0.17432894280687694,0.1265677828031491
R_2wBl4JWxZiMKmQY,diabetes,counterfactual,20,31,feature contribution,0.29580041022226494,0.6666666666666666,0.6666666666666666,0.29480388239217004,0.35593905827499994,0.0,0.0224035297,0.8837449213,0.0,0.0,0.9569764001204238,0.9621804388002316,0.15777797268080712,0.07207513171773061
R_31GpbVwSgVHpLam,safelimit,counterfactual,1,87,feature contribution,0.6126740244378098,0.0,0.0,0.6663869893606187,0.55,0.0,0.2522131127,0.9852391278,0.0,0.0,0.9836430344041663,0.9702997247085979,0.08394333110401964,0.369371687172108
R_31GpbVwSgVHpLam,safelimit,counterfactual,2,203,feature contribution,0.48071114606041826,1.0,0.0,0.6640513584921872,0.7168572456,1.0,0.4039483785,0.9751599777,0.0,0.0,0.9724129638947082,0.9665736013036926,0.1347871758757464,0.19280806097834502
R_31GpbVwSgVHpLam,safelimit,counterfactual,3,106,feature contribution,0.3660953111792989,0.8,0.8,0.17001979992715463,0.22936672073333333,1.0,0.1947933038,0.977934127,0.0,0.0,0.9760532474632487,0.9702338804119565,0.12822769870090683,0.34253957311449135
R_31GpbVwSgVHpLam,safelimit,counterfactual,4,143,feature contribution,0.4925243576060051,1.0,0.0,0.09867437649116524,0.092556222,0.0,0.0850983176,0.9886250913,1.0,0.0,0.9788450916378172,0.9906386845804321,0.013576060034719784,0.12094595147064813
R_31GpbVwSgVHpLam,safelimit,counterfactual,5,300,feature contribution,0.3338809907862008,0.0,0.0,0.2963850379123939,0.4930240921,1.0,0.1046435472,0.9740009675,0.0,0.0,0.9826424646054864,0.970342197343027,0.13373476330960754,0.23348074703460753
R_31GpbVwSgVHpLam,safelimit,counterfactual,6,98,feature contribution,0.43299584622618636,0.0,1.0,0.27637706413034613,0.6090909091,0.0,0.5868550206,0.9898770462,0.0,0.0,0.9788773974825761,0.9656230315753176,0.2654471337201452,0.24316958818473994
R_31GpbVwSgVHpLam,safelimit,counterfactual,7,261,feature contribution,0.35168820992457944,0.0,1.0,0.39136795216016995,0.24545454500000002,0.0,0.5771493597,0.9804143938,0.0,0.0,0.9891984152084006,0.9647780301278213,0.3099322657776511,0.6846058066698129
R_31GpbVwSgVHpLam,safelimit,counterfactual,8,4,feature contribution,0.552671344180007,0.0,1.0,0.8872727273,0.916363636390909,0.0,0.7754657277,0.9960467039,0.0,0.0,0.9806255303259422,0.9748073485077605,0.2010065797603488,0.1829043845168294
R_31GpbVwSgVHpLam,safelimit,counterfactual,9,209,feature contribution,0.49927406255615364,0.0,0.0,0.74,1.0,0.0,0.86817956,0.9651719289,0.0,0.0,0.9881704239573849,0.9824170978157092,0.3948634217432387,0.6346133783210511
R_31GpbVwSgVHpLam,safelimit,counterfactual,10,245,feature contribution,0.5221381822857225,0.0,1.0,0.6509090909999999,0.201818182,0.0,0.562291443,0.9899623471,0.0,0.0,0.9855701585316001,0.9794757568749213,0.577935159779924,0.6636203238991104
R_322r5wcn8EpZV6e,housing,attribution,1,614,feature contribution,0.5794625816342768,0.75,0.75,0.2904472270586096,0.31945454546,1.0,0.215014728,0.9786590909,1.0,1.0,0.9655258003934374,0.9398863636363637,0.11641964730725791,0.18084716924068378
R_322r5wcn8EpZV6e,housing,attribution,2,102,feature contribution,0.39991420547028306,0.6666666666666666,0.3333333333333333,0.29221204406922835,0.33429924244,1.0,0.723860079,0.9958522727,1.0,0.0,0.9282345967261356,0.9581818181818181,0.24607402844045706,0.09591321143897702
R_322r5wcn8EpZV6e,housing,attribution,3,577,feature contribution,0.47105640909818497,0.6666666666666666,0.3333333333333333,0.30972552244751905,0.34049242424,1.0,0.6804184231,0.9956818182,1.0,0.0,0.9346647595177247,0.9780681818181818,0.2627331887939294,0.03984712105163671
R_322r5wcn8EpZV6e,housing,attribution,4,2987,feature contribution,0.5125958431748284,0.6666666666666666,0.4,0.35401092129445677,0.417571022725,1.0,0.6253487811,0.9853068182,1.0,1.0,0.9757273323953956,0.9497727272727273,0.057649594539137955,0.048918841754898065
R_322r5wcn8EpZV6e,housing,attribution,5,1760,feature contribution,0.4887861266837698,1.0,1.0,0.2917354238273265,0.25792140139999997,1.0,0.4770642451,0.9885113636,0.0,1.0,0.9883070441414677,0.9579545454545455,0.12028477056378839,0.03942085815940227
R_322r5wcn8EpZV6e,housing,attribution,6,2275,feature contribution,0.3511421609548488,0.5,1.0,0.33431430375713855,0.4103693181,1.0,0.3385747718,0.9910795455,1.0,1.0,0.9966841449857169,0.9960795454545455,0.015872425960461956,0.020938923290511002
R_322r5wcn8EpZV6e,housing,attribution,7,3174,feature contribution,1.0,0.75,0.75,0.4209664156205637,0.4403219696218182,1.0,0.43441852,0.9749431818,1.0,1.0,0.9356319084096156,0.9071590909090909,0.08350259283791947,0.2678733599225904
R_322r5wcn8EpZV6e,housing,attribution,8,675,feature contribution,1.0,0.75,0.75,0.5942241151896395,0.6653030302999999,1.0,0.4410098948,0.9528409091,1.0,0.0,0.9495704806209816,0.9598863636363636,0.17041195116223345,0.12050414074363072
R_322r5wcn8EpZV6e,housing,attribution,9,2255,feature contribution,0.3474120919792218,1.0,0.5,0.4487899628539411,0.3235795454666666,1.0,0.338496209,0.9932954545,0.0,0.0,0.990538712407031,0.9799431818181819,0.17590644139902148,0.19412797167015533
R_322r5wcn8EpZV6e,housing,attribution,10,692,feature contribution,0.47000644065926606,1.0,0.75,0.3271562420809266,0.38007575764,1.0,0.6495344205,0.9817045455,1.0,1.0,0.9190266232190074,0.9571590909090909,0.5092786102239772,0.047310026140182426
R_322r5wcn8EpZV6e,housing,attribution,11,456,feature contribution,0.4047805455161788,0.75,0.5714285714285714,0.2944475654483266,0.36842803039999994,1.0,0.0073323131,0.9938068182,1.0,0.0,0.9690866233850566,0.9775,0.06148148369679224,0.43254941430783694
R_322r5wcn8EpZV6e,housing,attribution,12,2767,feature contribution,1.0,1.0,1.0,0.254649945813065,0.4636931818000001,1.0,0.2316429309,0.9982386364,1.0,0.0,0.9633992965929956,0.9365909090909091,0.09303424307360048,0.31469271686648537
R_322r5wcn8EpZV6e,housing,attribution,13,1657,feature contribution,0.45562024606687535,1.0,0.6666666666666666,0.20511860835181672,0.46517518950000003,1.0,0.556265851,0.9422159091,1.0,0.0,0.9898959328442267,0.9400000000000001,0.10129724205485062,0.31531197740585404
R_322r5wcn8EpZV6e,housing,attribution,14,2728,feature contribution,0.43853406139997103,0.75,0.75,0.2873464720973707,0.33970454540000006,1.0,0.3356842115,0.9893636364,1.0,1.0,0.9379418531979457,0.9389772727272727,0.21016193772087927,0.1066342387215597
R_322r5wcn8EpZV6e,housing,attribution,15,172,feature contribution,1.0,1.0,1.0,0.28013507411192023,0.39291666666,1.0,0.2118750454,1.0,1.0,1.0,0.9020997743795949,0.9107954545454545,0.23019965529572306,0.23531695977371508
R_322r5wcn8EpZV6e,housing,attribution,16,1155,feature contribution,0.4269132961081149,0.75,0.5714285714285714,0.4027887775485713,0.6333333334000001,1.0,0.3060520637,0.9869318182,1.0,0.0,0.954550346803665,0.9400000000000001,0.11654960713921139,0.5369031861838636
R_322r5wcn8EpZV6e,housing,attribution,17,1751,feature contribution,0.4133213715478732,0.75,0.75,0.23915961378095152,0.40929924240000004,1.0,0.2554877457,0.9961931818,1.0,0.0,0.9688895213042447,0.9575,0.15185678667457805,0.4114832992064703
R_322r5wcn8EpZV6e,housing,attribution,18,2462,feature contribution,0.3924854584575783,0.75,0.75,0.3913775500444253,0.479878788,0.0,0.045313014,0.9862954545,1.0,0.0,0.9242507909949816,0.9325,0.04738861242561457,0.6720362783644442
R_322r5wcn8EpZV6e,housing,attribution,19,553,feature contribution,1.0,1.0,1.0,0.3764229632635148,0.47183712119999993,0.0,0.0320954815,0.9898295455,1.0,0.0,0.9410271078390134,0.9377272727272727,0.1072439184277594,0.30136012955282193
R_322r5wcn8EpZV6e,housing,attribution,20,2447,feature contribution,1.0,0.8888888888888888,0.8888888888888888,0.47729218803189805,0.5504621213818182,1.0,0.3426002452,0.9859772727,1.0,0.0,0.9555511077923863,0.9593181818181818,0.12318798986579507,0.01693925796384138
R_322vaHesZ9mABo8,housing,attribution,1,3174,feature contribution,0.4535663691339694,0.0,0.0,0.17162727655560714,0.21666666665,1.0,0.0932088735,0.9420454545,1.0,1.0,0.9409703014923027,0.9453409090909091,0.04003403871505429,0.14413448637799176
R_322vaHesZ9mABo8,housing,attribution,2,2275,feature contribution,0.36563066472662775,0.0,0.0,0.021218577705373814,0.06988636364999999,1.0,0.0315421593,0.9989204545,0.0,0.0,0.9971943871051232,0.9777272727272728,0.006367127348635926,0.047277259905648183
R_322vaHesZ9mABo8,housing,attribution,3,675,feature contribution,0.4968643984887549,1.0,0.0,0.03353821210227392,0.15000000000000002,0.0,0.1682062193,1.0,0.0,0.0,0.9932923575795453,0.98,0.20011449240498896,0.29426022104297495
R_322vaHesZ9mABo8,housing,attribution,4,102,feature contribution,0.648019232179086,0.0,1.0,0.5000000000166667,0.5666666667,0.0,0.063981822,0.9988636364,0.0,0.0,1.0,0.98,0.14169689555643994,0.13093998362112738
R_322vaHesZ9mABo8,housing,attribution,5,577,feature contribution,0.6327886529829748,0.0,1.0,0.5000000000166667,0.5666666667,0.0,0.0920991765,0.9982954545,0.0,0.0,0.9994318181818181,0.98,0.01455331015816417,0.05967023213906586
R_322vaHesZ9mABo8,housing,attribution,6,2447,feature contribution,0.31669862078704697,1.0,0.0,0.616358646857678,0.21666666664999998,0.0,0.122494396,0.9863636364,0.0,0.0,0.9615293051357781,0.9794318181818182,0.3361477038007551,0.07299703757734435
R_322vaHesZ9mABo8,housing,attribution,7,1751,feature contribution,0.4280571078537566,0.0,0.0,0.31666666665,0.21666666664999998,0.0,0.4955735981,0.9772727273,0.0,0.0,0.9782954545454545,0.9953409090909091,0.1749506525841369,0.379317002512372
R_322vaHesZ9mABo8,housing,attribution,8,553,feature contribution,0.4812765655656857,0.0,0.0,0.31666666665,0.21666666664999998,0.0,0.3199383211,0.9892045455,0.0,0.0,0.98,0.98,0.07234134982984211,0.25872344845409784
R_322vaHesZ9mABo8,housing,attribution,9,172,feature contribution,0.6378023733340753,1.0,0.0,0.166666667,0.2166666665,1.0,0.0887221004,0.9988636364,1.0,1.0,0.9655303030303031,0.9777272727272728,0.035626801195641655,0.010198227575189234
R_322vaHesZ9mABo8,housing,attribution,10,2728,feature contribution,0.6364912283714631,1.0,1.0,0.166666667,0.23333333300000003,0.0,0.0263892945,1.0,0.0,0.0,0.9666666666666667,0.9720454545454545,0.14146273779997015,0.03954028395629061
R_32YjhrSOKPpEfJf,diabetes,attribution,1,42,feature contribution,0.3361955506568402,0.6666666666666666,0.6666666666666666,0.09513553576508076,0.151835557425,1.0,0.0066899294,0.9399682519,0.0,1.0,0.938245530340006,0.9530771976918082,0.08537785844170598,0.0361394244151938
R_32YjhrSOKPpEfJf,diabetes,attribution,2,30,feature contribution,0.3361955506568402,0.8,0.4,0.11746312571434962,0.136402545925,0.0,0.2733182814,0.9030413755,0.0,0.0,0.8851299221942464,0.8684953910396058,0.24805443763072388,0.228024645386349
R_32YjhrSOKPpEfJf,diabetes,attribution,3,33,feature contribution,0.3361955506568402,0.6666666666666666,0.6666666666666666,0.10931210841469385,0.12785765137500002,0.0,0.0807686902,0.9496674037,1.0,1.0,0.9407749612274159,0.9499103247440123,0.06328296928671862,0.2075558209781915
R_32YjhrSOKPpEfJf,diabetes,attribution,4,32,feature contribution,0.3361955506568402,0.6666666666666666,0.6666666666666666,0.11305931310608772,0.13163427542027026,0.0,0.0432713795,0.9196867309,1.0,1.0,0.9209876643366146,0.9335747552469533,0.06310550441520987,0.100758641002171
R_32YjhrSOKPpEfJf,diabetes,attribution,5,56,feature contribution,0.3361955506568402,0.3333333333333333,0.6666666666666666,0.09326543162800702,0.12842545149999998,0.0,0.0622102932,0.9203698977,1.0,0.0,0.9413193419222599,0.9592345824552586,0.07864043793664935,0.11755516372454392
R_32YjhrSOKPpEfJf,diabetes,attribution,6,14,feature contribution,0.5194103003727245,0.75,0.75,0.17200446542326858,0.16320183262000001,0.0,0.1766414214,0.9305925818,1.0,0.0,0.9184290591967345,0.9089154823083436,0.007808301631594183,0.05794463675435735
R_32YjhrSOKPpEfJf,diabetes,attribution,7,26,feature contribution,0.32460773199290544,0.0,0.0,0.14048399693296795,0.133344180275,0.0,0.2821240985,0.940624274,0.0,0.0,0.9366376431083999,0.9406391560588501,0.09020301787739438,0.01440239333769322
R_32YjhrSOKPpEfJf,diabetes,attribution,8,35,feature contribution,0.3361955506568402,0.3333333333333333,0.3333333333333333,0.17641441211115919,0.15658357479391305,0.0,0.1652640718,0.8824791686,0.0,0.0,0.8766332289600945,0.8654052806755738,0.38023562395786215,0.28009691876224724
R_32YjhrSOKPpEfJf,diabetes,attribution,9,7,feature contribution,0.32460773199290544,1.0,0.5,0.17953387125288872,0.1323002840666667,1.0,0.0806745317,0.930730011,0.0,0.0,0.9173389311071267,0.919655005255158,0.013577630478539437,0.019681899288441884
R_32YjhrSOKPpEfJf,diabetes,attribution,10,53,feature contribution,0.32460773199290544,0.5,0.0,0.26560911129216186,0.1427715102,0.0,0.3458787704,0.9179950206,0.0,0.0,0.9086891094665002,0.9500462882253672,0.1716297708840633,0.17540301318236856
R_32YjhrSOKPpEfJf,diabetes,attribution,11,12,feature contribution,0.6405871994412875,0.0,0.0,0.12413991112055801,0.15536667604999999,0.0,0.0257220408,0.8977410082,0.0,0.0,0.9391799489216027,0.9598876785900232,0.04990155672628738,0.0841973824852304
R_32YjhrSOKPpEfJf,diabetes,attribution,12,31,feature contribution,0.6405871994412875,1.0,0.0,0.09542992103421005,0.19028226490000003,1.0,0.0582709068,0.9382756194,0.0,0.0,0.9549444107619562,0.9544286987695102,0.03532204775466674,0.15771109371462982
R_32YjhrSOKPpEfJf,diabetes,attribution,13,20,feature contribution,0.6405871994412875,0.0,0.0,0.03277854239280052,0.0788707415,0.0,0.0435367298,0.953555926,0.0,1.0,0.9543398688677107,0.9565822237699002,0.07403320137679215,0.01815119974213386
R_32YjhrSOKPpEfJf,diabetes,attribution,14,59,feature contribution,0.32460773199290544,0.5,0.5,0.21517820972905088,0.26028473846666667,1.0,0.0150795189,0.9519937479,0.0,0.0,0.9440484196512449,0.9532104256279155,0.055360302203607104,0.004179971938494925
R_32YjhrSOKPpEfJf,diabetes,attribution,15,0,feature contribution,0.32460773199290544,0.5,0.5,0.08929610148411678,0.09208819443333333,1.0,0.0254486679,0.8873261666,0.0,0.0,0.8580487192367905,0.855809227284489,0.02289391928914064,0.061079467072917275
R_32YjhrSOKPpEfJf,diabetes,attribution,16,58,feature contribution,0.6405871994412875,0.0,0.0,0.08172935512581277,0.12608695649999999,0.0,0.181286396,0.9294977954,0.0,0.0,0.9274069287237202,0.9451499692733951,0.03277145018232808,0.03295487328329
R_32YjhrSOKPpEfJf,diabetes,attribution,17,52,feature contribution,0.32460773199290544,0.0,1.0,0.06923304931496954,0.12700486659263902,0.0,0.2554593783,0.9214115816,0.0,0.0,0.9138472670957332,0.8895855944215919,0.3286873973003078,0.2768094981325648
R_32YjhrSOKPpEfJf,diabetes,attribution,18,51,feature contribution,0.32460773199290544,0.5,0.5,0.07309985768517471,0.07059081606666666,0.0,0.0402943401,0.942080077,0.0,1.0,0.9027836411951158,0.9009563058103415,0.0463833582647899,0.017968992570788794
R_32YjhrSOKPpEfJf,diabetes,attribution,19,15,feature contribution,0.32460773199290544,0.6666666666666666,0.5,0.10036853717296773,0.07177005776666667,0.0,0.3348302851,0.9242097274,0.0,0.0,0.8840623124484611,0.8852720843098796,0.26412839469463356,0.10937421572937064
R_32YjhrSOKPpEfJf,diabetes,attribution,20,11,feature contribution,0.32460773199290544,0.5,0.0,0.13303736793982848,0.146579803275,0.0,0.1286784413,0.9674509058,0.0,0.0,0.9580368389842528,0.938342127290813,0.22359209639248578,0.13973764345042503
R_39eI4Ru6gkJHOk9,housing,attribution,1,2275,feature contribution,0.3898561938971668,0.0,0.0,0.10741255138946486,0.1502840909,1.0,0.2068800473,0.9986363636,1.0,1.0,0.9948758885314868,0.9788636363636364,0.007817501244691522,0.09311337635695974
R_39eI4Ru6gkJHOk9,housing,attribution,2,675,feature contribution,0.3898561938971668,0.0,0.0,0.2032599212652444,0.1377840909,0.0,0.2478104342,0.9993181818,0.0,0.0,0.9938096678539022,0.98,0.13513994614585018,0.26842340090248784
R_39eI4Ru6gkJHOk9,housing,attribution,3,2255,feature contribution,0.3898561938971668,0.0,0.0,0.06930575033595315,0.10980113635,0.0,0.157385869,1.0,0.0,0.0,0.9961413362238005,0.9799431818181819,0.21971457749552709,0.1922833049563561
R_39eI4Ru6gkJHOk9,housing,attribution,4,692,feature contribution,0.3898561938971668,0.0,0.0,0.3614778348405439,0.05227272724999999,0.0,0.0607770837,0.9980681818,1.0,0.0,0.9022270478728733,0.9976136363636364,0.6562192038456651,0.12923548377267596
R_39eI4Ru6gkJHOk9,housing,attribution,5,2987,feature contribution,0.3898561938971668,0.0,1.0,0.02673073323946486,0.060795454500000005,1.0,0.0604391323,0.9819318182,1.0,1.0,0.9869213430769413,0.98875,0.024844536766022163,0.16917646913881842
R_39eI4Ru6gkJHOk9,housing,attribution,6,1760,feature contribution,0.3898561938971668,0.0,0.0,0.04586825033595315,0.08636363635,0.0,0.1176131417,0.9994318182,0.0,0.0,0.995970881678346,0.9978409090909091,0.18387367947276262,0.12271064368949913
R_39eI4Ru6gkJHOk9,housing,attribution,7,3174,feature contribution,0.3898561938971668,0.0,0.0,0.06696821609297657,0.11221590909999998,1.0,0.1543863118,0.9404545455,1.0,1.0,0.9393490772028094,0.92125,0.03822575466301233,0.11124519735573642
R_39eI4Ru6gkJHOk9,housing,attribution,8,102,feature contribution,0.3898561938971668,0.0,0.0,0.30209119826074243,0.08636363649999998,0.0,0.2647052555,0.9997727273,1.0,0.0,0.9691635207502485,0.98,0.33728958121353814,0.20285691758481475
R_39eI4Ru6gkJHOk9,housing,attribution,9,577,feature contribution,0.3898561938971668,0.0,0.0,0.32271218387729655,0.1123579545,0.0,0.2357691134,0.9999431818,1.0,0.0,0.9571083082490813,0.98,0.4121351585435223,0.12895320510392255
R_39eI4Ru6gkJHOk9,housing,attribution,10,614,feature contribution,0.3898561938971668,0.0,0.0,0.19762705548417125,0.1171875,0.0,0.0567826949,0.9998295455,1.0,0.0,0.9878241778063315,0.98,0.07787224476044619,0.07060391003020053
R_39eI4Ru6gkJHOk9,housing,attribution,11,1657,feature contribution,0.3898561938971668,0.0,0.0,0.5488636365,0.29886363650000003,0.0,0.1914372461,0.98625,1.0,0.0,0.9594318181818182,0.98,0.12517134083434875,0.41952544085595256
R_39eI4Ru6gkJHOk9,housing,attribution,12,172,feature contribution,0.3898561938971668,1.0,1.0,0.0,0.30000000000000004,1.0,0.34482851,0.9588636364,1.0,1.0,0.9588636363636364,0.9788636363636364,0.3448285100433164,0.06750736514983402
R_39eI4Ru6gkJHOk9,housing,attribution,13,456,feature contribution,0.3898561938971668,1.0,0.0,0.28395328716677876,0.35,1.0,0.0922848183,0.9378409091,0.0,0.0,0.9716770210697194,0.9993181818181819,0.06372943371152845,0.2957842523143112
R_39eI4Ru6gkJHOk9,housing,attribution,14,2462,feature contribution,0.3898561938971668,1.0,0.0,0.2693666895620874,0.45,1.0,0.2883328392,0.9569886364,1.0,0.0,0.9831152984512189,0.9924999999999999,0.02321844761736075,0.6569074264446417
R_39eI4Ru6gkJHOk9,housing,attribution,15,2767,feature contribution,0.3898561938971668,1.0,0.0,0.0,0.35,1.0,0.2167087945,0.9526136364,1.0,0.0,0.9526136363636364,0.9936363636363637,0.21670879453482442,0.4162268533777764
R_39eI4Ru6gkJHOk9,housing,attribution,16,1751,feature contribution,0.3898561938971668,1.0,0.0,0.0,0.35,1.0,0.1163947582,0.9582954545,1.0,0.0,0.9582954545454545,0.9995454545454545,0.11639475818020985,0.43519340534182693
R_39eI4Ru6gkJHOk9,housing,attribution,17,1155,feature contribution,0.3898561938971668,1.0,0.0,0.0,0.45,1.0,0.1528852772,0.96,1.0,0.0,0.96,0.98,0.15288527721689937,0.7653671024577043
R_39eI4Ru6gkJHOk9,housing,attribution,18,2447,feature contribution,0.3898561938971668,1.0,1.0,0.3904953860140469,0.30000000000000004,1.0,0.2245155382,0.9594318182,0.0,0.0,0.9941218044755367,0.9794318181818182,0.1632043975809522,0.07299703757734435
R_39eI4Ru6gkJHOk9,housing,attribution,19,2728,feature contribution,0.3898561938971668,1.0,1.0,0.0,0.30000000000000004,1.0,0.161298865,0.95375,1.0,1.0,0.95375,0.97375,0.161298864987935,0.047892356784320966
R_39eI4Ru6gkJHOk9,housing,attribution,20,553,feature contribution,0.3898561938971668,1.0,0.0,0.04140583466234704,0.35,1.0,0.2077268641,0.9548863636,1.0,0.0,0.9631675305688331,0.98,0.1589374418736023,0.35313384383214197
R_3B7CxgDgEzWSvrb,diabetes,counterfactual,1,26,weighted examples,0.46545921697661785,0.5,0.5,0.17464278368330835,0.17885560113333332,1.0,0.0006130162,0.9464842174,0.0,0.0,0.9574801993183408,0.9594314986004275,0.07876797937591784,0.12543790566785984
R_3B7CxgDgEzWSvrb,diabetes,counterfactual,2,7,weighted examples,0.6715529147844774,0.0,0.0,0.09100163235495343,0.10526271039999999,0.0,0.1161497613,0.9117527304,0.0,0.0,0.9175463437198655,0.9180333836335364,0.007275187491440016,0.011091260797930214
R_3B7CxgDgEzWSvrb,diabetes,counterfactual,3,14,weighted examples,0.3396315854100167,1.0,0.0,0.21286205679657794,0.13267874424999998,0.0,0.0684886295,0.9008117451,0.0,0.0,0.9161061693969997,0.932263431445375,0.08926124299206734,0.1406338073516883
R_3B7CxgDgEzWSvrb,diabetes,counterfactual,4,35,weighted examples,0.4376289682107841,0.5,0.5,0.29947798946304766,0.31812345820000004,1.0,0.1400726892,0.9647405509,0.0,0.0,0.8881455418585072,0.8741009328494868,0.238985293284697,0.4163109851944145
R_3B7CxgDgEzWSvrb,diabetes,counterfactual,5,53,weighted examples,0.2616977562266413,1.0,0.5,0.18763038045940283,0.24001080583333334,0.0,0.0406876112,0.9731716119,0.0,0.0,0.9235192575220822,0.9628400307861561,0.11455826656018098,0.12192548263297329
R_3B7CxgDgEzWSvrb,diabetes,counterfactual,6,56,weighted examples,0.6186436742120184,0.0,0.0,0.2099365133187067,0.19847809949999998,0.0,0.1134448045,0.9218663424,1.0,1.0,0.9507343135592616,0.9533670355792416,0.06696522296159352,0.06278171219886206
R_3B7CxgDgEzWSvrb,diabetes,counterfactual,7,30,weighted examples,0.5761143366696487,0.0,0.0,0.312836080748808,0.2456521739,1.0,0.1202761773,0.8990192213,0.0,0.0,0.9333593236223793,0.8884953910396058,0.1273316206645166,0.13591383696484927
R_3B7CxgDgEzWSvrb,diabetes,counterfactual,8,32,weighted examples,0.4201661795796824,0.5,0.5,0.14924343297854706,0.11494578443333332,0.0,0.0838405605,0.9605507403,1.0,1.0,0.9381410827260008,0.942019943603606,0.0428315376535337,0.019677559921170998
R_3B7CxgDgEzWSvrb,diabetes,counterfactual,9,42,weighted examples,0.705682985412073,0.0,0.0,0.22224149300271723,0.19022931620000003,1.0,0.1666481863,0.9380284805,0.0,0.0,0.941036872312889,0.941432325403677,0.017505410356736723,0.1006702468942351
R_3B7CxgDgEzWSvrb,diabetes,counterfactual,10,33,weighted examples,0.3975101544838172,1.0,0.5,0.15420454755809565,0.2420028599,0.0,0.0722186982,0.9367743031,1.0,1.0,0.9551290856273776,0.9351277160483601,0.0019095362128546678,0.14802266642767076
R_3B7CxgDgEzWSvrb,diabetes,counterfactual,11,52,weighted examples,0.29226222019247977,0.6666666666666666,1.0,0.22871980737943887,0.39288841329509266,0.0,0.1259653647,0.9455063288,0.0,0.0,0.940150374209695,0.9050036727286785,0.1568235709180545,0.21543620346384817
R_3B7CxgDgEzWSvrb,diabetes,counterfactual,12,51,weighted examples,0.5667820948930604,0.75,0.75,0.14496328896119842,0.21490956947999998,0.0,0.1335225094,0.9419942325,1.0,1.0,0.9376892680662096,0.9409397871853791,0.0007215162223500604,0.08700313805792409
R_3B7CxgDgEzWSvrb,diabetes,counterfactual,13,58,weighted examples,0.7021059119416259,0.0,0.0,0.2879547737888921,0.14176771424999998,1.0,0.061221981,0.8997200764,1.0,0.0,0.9483537943698455,0.9451499692733951,0.06271854800059681,0.03295487328329
R_3B7CxgDgEzWSvrb,diabetes,counterfactual,14,20,weighted examples,0.5172784826103024,1.0,1.0,0.19722003366927704,0.021669553700000024,0.0,0.1107883969,0.9284428378,0.0,0.0,0.9508190050119332,0.9327767485105906,0.04827290178804178,0.11086205512093589
R_3B7CxgDgEzWSvrb,diabetes,counterfactual,15,15,weighted examples,0.30920205007628926,0.5,0.6666666666666666,0.1869705360992334,0.239753213,1.0,0.0948897476,0.9267798993,1.0,0.0,0.9117663160825532,0.9011476926576483,0.0001545011463740531,0.20937421572937065
R_3B7CxgDgEzWSvrb,diabetes,counterfactual,16,11,weighted examples,0.4447065337820427,0.0,1.0,0.13906260623378952,0.0711622536,0.0,0.170850268,0.9564898648,0.0,0.0,0.9761373000544922,0.9551495311412243,0.13039293998330537,0.13705561166910102
R_3B7CxgDgEzWSvrb,diabetes,counterfactual,17,31,weighted examples,0.25196928176888245,0.5,1.0,0.06977332700181853,0.05963836244999997,1.0,0.0005394916,0.928879352,0.0,0.0,0.9638320276548666,0.9421804388002316,0.011900915600058959,0.05771109371462978
R_3B7CxgDgEzWSvrb,diabetes,counterfactual,18,12,weighted examples,0.358505358256351,0.5,0.5,0.14308107451975327,0.1316546284,1.0,0.0175316665,0.9372616833,1.0,1.0,0.9298752278373129,0.9116385129325034,0.022910515806743748,0.06741172550148994
R_3B7CxgDgEzWSvrb,diabetes,counterfactual,19,0,weighted examples,0.5112384969844346,1.0,0.0,0.06792679864677979,0.18748401255,1.0,0.0713892973,0.9482184672,1.0,1.0,0.9384390520762677,0.8708645821463554,0.03522897663816427,0.09629990383371162
R_3B7CxgDgEzWSvrb,diabetes,counterfactual,20,59,weighted examples,0.40843072963747873,0.5,0.5,0.10784069970628211,0.13633608073333334,0.0,0.0421796546,0.9615153715,0.0,1.0,0.9570122044398367,0.9566255375198066,0.03082614330128508,0.029855350804294967
R_3FJQV7viaHYDHi3,housing,none,1,3174,feature contribution,0.34464739303850445,0.4,0.5,0.2087800942909761,0.3100694444363636,1.0,0.1978607196,0.9866477273,1.0,1.0,0.9386766821381283,0.9230681818181818,0.06561883291305425,0.056286733310353526
R_3FJQV7viaHYDHi3,housing,none,2,2275,feature contribution,0.3511421609548488,1.0,0.5,0.3027802128904719,0.2058080808,1.0,0.1099738511,0.9988636364,1.0,1.0,0.997768421460318,0.9736363636363636,0.008050544783805513,0.037857261574767986
R_3FJQV7viaHYDHi3,housing,none,3,675,feature contribution,1.0,0.75,0.75,0.41206481417309304,0.4394507575800001,1.0,0.311770761,0.9792613636,1.0,0.0,0.9753413293203658,0.9598863636363636,0.0019857542662843064,0.12050414074363072
R_3FJQV7viaHYDHi3,housing,none,4,102,feature contribution,0.39991420547028306,0.6666666666666666,1.0,0.2441731896120587,0.377979798,0.0,0.030709385,0.9981363636,1.0,0.0,0.9583359732307029,0.9581818181818181,0.07549943557602895,0.03787643902086352
R_3FJQV7viaHYDHi3,housing,none,5,577,feature contribution,0.47105640909818497,0.6666666666666666,0.3333333333333333,0.1986869644816794,0.22742424243999998,1.0,0.1893272891,0.9954545455,1.0,0.0,0.9599492388278569,0.9581818181818182,0.1219186194656749,0.0592224426913196
R_3FJQV7viaHYDHi3,housing,none,6,2447,feature contribution,1.0,0.8888888888888888,0.8888888888888888,0.29157178032093467,0.3325530303818182,1.0,0.0661325503,0.9835454545,1.0,0.0,0.9578221222147207,0.9593181818181818,0.04212065338278609,0.01693925796384138
R_3FJQV7viaHYDHi3,housing,none,7,1751,feature contribution,0.4133213715478732,1.0,0.75,0.28211153811789136,0.2855681818,0.0,0.1859177762,0.9995454545,0.0,0.0,0.9588941028572021,0.9575,0.06824277828773945,0.26634120642052334
R_3FJQV7viaHYDHi3,housing,none,8,553,feature contribution,0.406171629189696,0.75,1.0,0.27985105152220396,0.419090909,0.0,0.0497925856,0.9987045455,0.0,0.0,0.9513686453747658,0.9376136363636364,0.04896460194556945,0.32871048126139657
R_3FJQV7viaHYDHi3,housing,none,9,172,feature contribution,0.44071352853758855,1.0,0.0,0.0,0.55,1.0,0.1533632533,0.9982954545,1.0,1.0,0.9982954545454545,0.9777272727272728,0.15336325326062306,0.03717494673273794
R_3FJQV7viaHYDHi3,housing,none,10,2728,feature contribution,0.4293558562525885,1.0,0.6666666666666666,0.26312141143704126,0.30369318175,1.0,0.1132987593,1.0,1.0,1.0,0.9660116291778148,0.9689772727272727,0.3280158318033878,0.0006850445168965491
R_3L5KFiVFwyHWfy9,housing,counterfactual,1,1760,weighted examples,0.49701480644107576,1.0,1.0,0.03333333329999999,0.4333333333,0.0,0.2276243549,0.9997727273,0.0,0.0,0.9931060606060607,0.9797727272727272,0.2440619731662934,0.10563557768435608
R_3L5KFiVFwyHWfy9,housing,counterfactual,2,102,weighted examples,0.4503623492115967,0.0,0.0,0.31207386365,0.21207386365000003,1.0,0.0385925818,0.9976704545,1.0,0.0,0.9933333333333334,0.98,0.03353417067380518,0.13093998362112738
R_3L5KFiVFwyHWfy9,housing,counterfactual,3,614,weighted examples,0.2976518302236885,0.5,0.5,0.17353535353333335,0.2402020202,0.0,0.1677496457,0.9983409091,1.0,0.0,0.9860984848484848,0.96,0.03407181604801762,0.021916190938059465
R_3L5KFiVFwyHWfy9,housing,counterfactual,4,3174,weighted examples,0.420642278184488,0.5,0.0,0.31858585860000005,0.24080808080000002,1.0,0.0019846897,0.9569545455,1.0,1.0,0.8964015151515152,0.9453409090909091,0.47863442568126996,0.14413448637799176
R_3L5KFiVFwyHWfy9,housing,counterfactual,5,2275,weighted examples,0.4992342489271127,0.0,0.0,0.2707386363545455,0.1502840909,1.0,0.2068800473,0.9986363636,1.0,0.0,0.9954545454545455,0.9981818181818182,0.007241226056493466,0.05918544546616933
R_3L5KFiVFwyHWfy9,housing,counterfactual,6,692,weighted examples,0.4157044108997756,1.0,0.0,0.3666666666999999,0.38333333334999997,1.0,0.001242147,0.9994318182,1.0,1.0,0.9916287878787879,0.9989772727272728,0.1691586381956835,0.008323025847059073
R_3L5KFiVFwyHWfy9,housing,counterfactual,7,577,weighted examples,0.45381709145854665,1.0,0.0,0.3666666666999999,0.38333333334999997,0.0,0.0920991765,0.9982954545,1.0,0.0,0.9933333333333334,0.98,0.04549020479230853,0.12895320510392255
R_3L5KFiVFwyHWfy9,housing,counterfactual,8,2987,weighted examples,0.6260896140812902,0.0,0.0,0.3890909091,0.21409090909999998,0.0,0.0397912509,0.9917727273,1.0,1.0,0.9726893939393939,0.9697727272727272,0.16132790922806783,0.07192625987761965
R_3L5KFiVFwyHWfy9,housing,counterfactual,9,675,weighted examples,0.32551694672224907,0.6666666666666666,0.4,0.26805160984090914,0.24121685605,0.0,0.209363827,0.9990340909,1.0,0.0,0.9678996212121213,0.9798863636363636,0.18394609708517545,0.22627552265197742
R_3L5KFiVFwyHWfy9,housing,counterfactual,10,2255,weighted examples,0.48600839357583003,0.0,1.0,0.29573863635,0.19147727269999998,1.0,0.0144891556,0.9997159091,0.0,0.0,0.9922537878787879,0.9999431818181819,0.2323567160036086,0.17698814170569394
R_3L5KFiVFwyHWfy9,housing,counterfactual,11,2767,weighted examples,0.2607509613086557,0.5,0.5,0.22750315645454547,0.22673611100000002,0.0,0.3083246185,0.9976704545,0.0,0.0,0.9931875,0.9963636363636363,0.29800387531752875,0.380222460012933
R_3L5KFiVFwyHWfy9,housing,counterfactual,12,1657,weighted examples,0.3547392284072733,0.0,0.0,0.3316666665,0.2166666665,0.0,0.449029641,0.9994318182,0.0,0.0,0.9854318181818182,0.98,0.11974193724673421,0.3497419372467342
R_3L5KFiVFwyHWfy9,housing,counterfactual,13,1751,weighted examples,0.3870377799700717,0.0,0.5,0.3261032195,0.2595959593333333,0.0,0.7745937659,0.9639772727,1.0,0.0,0.9858522727272727,0.9753409090909091,0.17154875222785682,0.39261351458026217
R_3L5KFiVFwyHWfy9,housing,counterfactual,14,2447,weighted examples,0.44440227825538214,0.0,0.0,0.5719696971363637,0.3833333335,0.0,0.2557364255,0.9784090909,0.0,0.0,0.9943181818181819,0.9760227272727273,0.2085681862068176,0.23024249335140334
R_3L5KFiVFwyHWfy9,housing,counterfactual,15,2462,weighted examples,0.5218574822994624,0.0,1.0,0.444090909,0.508181818,0.0,0.5550645606,0.9895909091,0.0,0.0,0.9805909090909091,0.9924999999999999,0.027414887456365333,0.6569074264446417
R_3L5KFiVFwyHWfy9,housing,counterfactual,16,2728,weighted examples,0.7147839274105185,1.0,0.0,0.21666666700000003,0.21666666650000002,0.0,0.0263892945,1.0,0.0,0.0,0.9766666666666667,0.9720454545454545,0.19441666899906324,0.04293702548589823
R_3L5KFiVFwyHWfy9,housing,counterfactual,17,553,weighted examples,0.4763214293749337,0.0,0.0,0.363181818,0.248181818,0.0,0.6295202009,0.9713181818,0.0,0.0,0.9808863636363636,0.98,0.04234134982984214,0.35313384383214197
R_3L5KFiVFwyHWfy9,housing,counterfactual,18,172,weighted examples,0.6855810503693487,1.0,0.0,0.21666666700000003,0.2166666665,1.0,0.0887221004,0.9988636364,1.0,1.0,0.9555303030303031,0.9885227272727273,0.008777300355491957,0.11209840571843942
R_3L5KFiVFwyHWfy9,housing,counterfactual,19,1155,weighted examples,0.34181221092413594,1.0,0.6666666666666666,0.24042613618181813,0.256818182,0.0,0.6179847897,0.9977272727,0.0,0.0,0.9984431818181818,0.9993181818181818,0.47796823797538057,0.6427645372387205
R_3L5KFiVFwyHWfy9,housing,counterfactual,20,456,weighted examples,0.7214079446064023,1.0,0.0,0.11666666700000006,0.333333333,0.0,0.3867202421,0.9994318182,0.0,0.0,0.9760984848484848,0.9988636363636364,0.39316127556492864,0.35329656778187146
R_3MQqO18M5uhCVdT,diabetes,counterfactual,1,32,feature contribution,0.6167702442599076,1.0,0.5,0.4371762097849203,0.3099308623333334,1.0,0.2047679544,0.9462763018,0.0,1.0,0.9361701141107416,0.9328672416905145,0.046181566426508336,0.06404615179089405
R_3MQqO18M5uhCVdT,diabetes,counterfactual,2,42,feature contribution,0.5976473782070568,1.0,1.0,0.14618076099945387,0.08946422899999999,1.0,0.1089130443,0.9434902861,0.0,0.0,0.9419285832753295,0.9388236297515031,0.07017880084150341,0.0006702468942351159
R_3MQqO18M5uhCVdT,diabetes,counterfactual,3,53,feature contribution,0.767432087173138,1.0,0.0,0.05330726115762613,0.262548886,1.0,0.0257876044,0.9286705793,1.0,0.0,0.9207805297912324,0.9428400307861561,0.05796733617835392,0.2219254826329733
R_3MQqO18M5uhCVdT,diabetes,counterfactual,4,33,feature contribution,0.6371373182179114,0.5,0.5,0.09858776682635269,0.09567917200000002,1.0,0.1267804991,0.9577526107,1.0,1.0,0.94213752279706,0.9316655748294196,0.16557319489400654,0.141862006569438
R_3MQqO18M5uhCVdT,diabetes,counterfactual,5,56,feature contribution,0.5080229443907958,0.5,0.5,0.15287979888505174,0.16559072533333333,0.0,0.0466508972,0.9658932541,1.0,1.0,0.933777503900748,0.9515143588490593,0.13083523627861793,0.017291215375215052
R_3MQqO18M5uhCVdT,diabetes,counterfactual,6,14,feature contribution,0.35484998570092624,0.5,1.0,0.1271157490784764,0.04154129350000003,0.0,0.0050532275,0.9104801268,1.0,0.0,0.9246438339416335,0.9218792528983757,0.11269613407923995,0.011507072508453176
R_3MQqO18M5uhCVdT,diabetes,counterfactual,7,35,feature contribution,0.6535767866814758,1.0,0.0,0.04394121099672438,0.19177823943478262,0.0,0.3439346414,0.8762004876,0.0,0.0,0.8680616661378304,0.8654052806755738,0.3024310128887698,0.4800223061191712
R_3MQqO18M5uhCVdT,diabetes,counterfactual,8,7,feature contribution,1.0,1.0,1.0,0.10109133245646036,0.05896489960000001,0.0,0.1604223937,0.9177336333,0.0,1.0,0.961115414672829,0.9416341036893116,0.008426922154431415,0.002022288144877399
R_3MQqO18M5uhCVdT,diabetes,counterfactual,9,26,feature contribution,0.7291570727746014,1.0,1.0,0.07023670508379992,0.14655670800000004,1.0,0.0042666245,0.9402371314,0.0,0.0,0.9317784485358067,0.9394314986004275,0.10315391054741566,0.11400594757776733
R_3MQqO18M5uhCVdT,diabetes,counterfactual,10,30,feature contribution,0.5372693278542638,0.5,0.5,0.13596156783806804,0.13625139166666667,0.0,0.136237453,0.8909400099,0.0,0.0,0.8863118665856969,0.9084953910396059,0.2426463260290681,0.13452070523865026
R_3MQqO18M5uhCVdT,diabetes,counterfactual,11,31,feature contribution,0.427080526763075,0.5,1.0,0.14476760425644777,0.057200972450000026,0.0,0.2787789711,0.9405810311,0.0,0.0,0.9518490555892928,0.9559041987267526,0.09717753578415958,0.3097173857624244
R_3MQqO18M5uhCVdT,diabetes,counterfactual,12,11,feature contribution,0.5652156532458276,1.0,0.0,0.015548208199504948,0.13076857675,0.0,0.0711292268,0.9652224611,0.0,0.0,0.9683321027679089,0.9551495311412243,0.09136695355030539,0.13705561166910102
R_3MQqO18M5uhCVdT,diabetes,counterfactual,13,12,feature contribution,0.6716712056487528,1.0,0.0,0.3320218239673063,0.22003910899999998,0.0,0.0024060751,0.90513326,0.0,1.0,0.9414989573965619,0.9248369485727007,0.06132546723903376,0.035998793690712294
R_3MQqO18M5uhCVdT,diabetes,counterfactual,14,0,feature contribution,0.622698306929859,1.0,0.0,0.22391908626901977,0.21304347825000003,1.0,0.0695925124,0.9089301842,0.0,1.0,0.8760561355411757,0.8692429605247338,0.013862530796251937,0.07652893562043278
R_3MQqO18M5uhCVdT,diabetes,counterfactual,15,15,feature contribution,0.6826491012835318,0.0,0.0,0.10486330125483333,0.14982719865,0.0,0.2716764106,0.8785615469,0.0,0.0,0.8831621336995816,0.8652720843098796,0.26862928843863354,0.12609013263983881
R_3MQqO18M5uhCVdT,diabetes,counterfactual,16,59,feature contribution,0.7422058490619501,0.0,0.0,0.13867327017253545,0.1052627104,0.0,0.0177725704,0.9432624185,0.0,0.0,0.9550254745123514,0.955003915898185,0.06432505028981161,0.04534873713990473
R_3MQqO18M5uhCVdT,diabetes,counterfactual,17,58,feature contribution,0.6814829307081557,0.0,0.0,0.058247572956386835,0.10434782610000001,0.0,0.1033771369,0.9034108388,0.0,1.0,0.9267098680159499,0.9281632689907193,0.034243116974315146,0.006248605258372508
R_3MQqO18M5uhCVdT,diabetes,counterfactual,18,52,feature contribution,0.7084710362310205,1.0,0.0,0.22854259008775912,0.16902737629999998,0.0,0.2240483366,0.9076900253,0.0,0.0,0.9201304785811276,0.9368155197792281,0.37493485964330553,0.2979593921360224
R_3MQqO18M5uhCVdT,diabetes,counterfactual,19,51,feature contribution,0.5824176407027034,0.0,0.0,0.07418701427637352,0.12024445069999999,0.0,0.1244931668,0.9286287937,0.0,0.0,0.9025333312408909,0.8879446539675289,0.04777251410646077,0.03983479761999173
R_3MQqO18M5uhCVdT,diabetes,counterfactual,20,20,feature contribution,0.7112079054777354,1.0,1.0,0.09419522773683617,0.08043551560000003,0.0,0.1150828915,0.975694984,0.0,0.0,0.9700248060832233,0.9727767485105905,0.10512314569529313,0.11047950819885904
R_3OLJbpwtIN5r62B,safelimit,attribution,1,87,weighted examples,0.47418046528771945,0.8,0.6666666666666666,0.3684414625909555,0.32557978175,0.0,0.0713821343,0.9832350196,0.0,0.0,0.9889489661484643,0.9836760876206008,0.18592469307808768,0.21539105523588953
R_3OLJbpwtIN5r62B,safelimit,attribution,2,203,weighted examples,0.4467905917736793,1.0,0.5,0.014110256253500153,0.10401488386666667,1.0,0.0927103476,0.9903827997,1.0,0.0,0.986255620795889,0.9740655720977405,0.11973544547876827,0.036112897934066024
R_3OLJbpwtIN5r62B,safelimit,attribution,3,106,weighted examples,1.0,0.8571428571428571,0.8571428571428571,0.2843087785222811,0.3045562748,1.0,0.0166423699,0.9799260148,0.0,0.0,0.9840707674092164,0.9728702715426635,0.17391476115824128,0.2255767268191921
R_3OLJbpwtIN5r62B,safelimit,attribution,4,143,weighted examples,0.48838419970359453,0.4,0.8,0.3140758620147296,0.3380677843666667,1.0,0.1845035309,0.9794851848,1.0,0.0,0.9877072319943254,0.9896146970155208,0.061114170129761614,0.02094595147064804
R_3OLJbpwtIN5r62B,safelimit,attribution,5,300,weighted examples,0.39777755960678063,1.0,0.5,0.0665602376987405,0.12429971803333334,1.0,0.0979999203,0.9951211376,0.0,0.0,0.9892328134278802,0.9728550960373495,0.029085523613562536,0.093976827485903
R_3OLJbpwtIN5r62B,safelimit,attribution,6,98,weighted examples,0.47693536206292125,0.8,0.8,0.05602670239694874,0.07096366596666664,0.0,0.0155768157,0.9854002283,0.0,0.0,0.9835752122917621,0.9773483441666437,0.03717893773188469,0.13817498721445165
R_3OLJbpwtIN5r62B,safelimit,attribution,7,261,weighted examples,0.7478562561665048,0.8,0.4,0.3828605534430069,0.35864067965,0.0,0.2921205698,0.986605197,0.0,0.0,0.9933089395981658,0.9875331385988873,0.3319513484744586,0.5756970290255725
R_3OLJbpwtIN5r62B,safelimit,attribution,8,4,weighted examples,0.3411876774350679,0.6666666666666666,0.0,0.5349747089276574,0.4165750458,1.0,0.0742352488,0.9704178304,0.0,0.0,0.9656638839802761,0.9606255303259423,0.12123086021634877,0.13161527654979815
R_3OLJbpwtIN5r62B,safelimit,attribution,9,209,weighted examples,0.5576398623402249,0.8,0.8,0.4255257942728659,0.3774674784666667,0.0,0.1724029281,0.9865388962,0.0,0.0,0.9872870860904085,0.9725910366381976,0.32535905796631615,0.5238673040848142
R_3OLJbpwtIN5r62B,safelimit,attribution,10,245,weighted examples,0.5069039416410267,0.8,0.4,0.3872761350181268,0.373377856625,0.0,0.0698837209,0.9899278036,0.0,0.0,0.9868699678179716,0.9854154150736734,0.46714485180145665,0.49129078601122134
R_3OZ3Mh6AZsBTXup,diabetes,counterfactual,1,14,weighted examples,0.7399087452961178,1.0,0.0,0.0028339850115061127,0.24979595300000002,1.0,0.034754285,0.9057928952,1.0,0.0,0.9063596921809842,0.9078714310993619,0.046509612188414706,0.06623999246306045
R_3OZ3Mh6AZsBTXup,diabetes,counterfactual,2,35,weighted examples,0.42247311077339156,1.0,0.0,0.06234767311693046,0.373074307,0.0,0.3502621313,0.8762773348,0.0,0.0,0.8887468694956584,0.8821031998198638,0.3289894023308792,0.4260344978991623
R_3OZ3Mh6AZsBTXup,diabetes,counterfactual,3,7,weighted examples,0.5347447127344575,1.0,0.0,0.123188405710145,0.20217391299999998,1.0,0.0786861643,0.9104683452,1.0,0.0,0.9056654111030139,0.9273483211253303,0.07006816343207933,0.11714823133455277
R_3OZ3Mh6AZsBTXup,diabetes,counterfactual,4,42,weighted examples,0.763719582016872,0.0,0.0,0.29802124447386896,0.1695652175,1.0,0.0455138572,0.9481902898,1.0,0.0,0.9295722657109367,0.9446914602765505,0.019615685476598255,0.04668783439529749
R_3OZ3Mh6AZsBTXup,diabetes,counterfactual,5,32,weighted examples,0.6986256253638253,0.0,0.0,0.4324987916776233,0.21578813149999998,1.0,0.1435770377,0.8991474561,1.0,1.0,0.9391427903511891,0.9227947305002444,0.0006211603310680713,0.010690734383481393
R_3OZ3Mh6AZsBTXup,diabetes,counterfactual,6,30,weighted examples,0.5411460461929805,0.0,0.0,0.33560981831159425,0.1283634415,0.0,0.1759909969,0.9178311374,1.0,0.0,0.9070241839020035,0.866485760882856,0.18628987947839837,0.2492942961162285
R_3OZ3Mh6AZsBTXup,diabetes,counterfactual,7,53,weighted examples,0.7593883163831175,1.0,0.0,0.20121294588306954,0.2412939975,1.0,0.0179722686,0.9371725347,1.0,0.0,0.9225886123168799,0.9484948791649523,0.05730546320379459,0.17020935569562506
R_3OZ3Mh6AZsBTXup,diabetes,counterfactual,8,33,weighted examples,0.6834089254281421,0.0,0.0,0.24433921326735025,0.13695652149999998,1.0,0.0789535671,0.9497748418,1.0,1.0,0.9266289281683895,0.9551277160483601,0.13925298209521675,0.04802266642767078
R_3OZ3Mh6AZsBTXup,diabetes,counterfactual,9,26,weighted examples,0.5910559097877834,1.0,0.0,0.10769143578750762,0.2115371535,1.0,0.0807842235,0.9555406512,0.0,1.0,0.9568483100314137,0.9606391560588501,0.005397507945441471,0.05271005119622266
R_3OZ3Mh6AZsBTXup,diabetes,counterfactual,10,56,weighted examples,0.7650150840411258,1.0,1.0,0.07971014523188413,0.334782609,1.0,0.0066074833,0.9435422524,0.0,1.0,0.9594842813651123,0.9533670355792416,0.003279932805641539,0.06278171219886206
R_3OZ3Mh6AZsBTXup,diabetes,counterfactual,11,11,weighted examples,0.7560780986620098,0.0,1.0,0.18653151638043478,0.014980445499999981,0.0,0.1700318544,0.9737244166,0.0,0.0,0.9633531407182954,0.9767205056691914,0.05329254562206388,0.13735589885030536
R_3OZ3Mh6AZsBTXup,diabetes,counterfactual,12,31,weighted examples,0.45434744352314416,0.6666666666666666,0.6666666666666666,0.21502421746358796,0.22296333935000004,0.0,0.2400977496,0.9389694567,0.0,0.0,0.9842913823260774,0.9516190608244436,0.04131612481480605,0.15771109371462977
R_3OZ3Mh6AZsBTXup,diabetes,counterfactual,13,52,weighted examples,0.5776247317429678,0.0,0.0,0.30285207744675435,0.147826087,0.0,0.6125937306,0.9325122636,0.0,0.0,0.9277593002940955,0.9020329110835759,0.20922007417254376,0.30659917158126265
R_3OZ3Mh6AZsBTXup,diabetes,counterfactual,14,20,weighted examples,0.5077466530283258,0.0,0.0,0.1308638089816504,0.09347826085,0.0,0.1052341202,0.9532547793,0.0,1.0,0.9559844007621765,0.9565822237699002,0.004165821350927967,0.01815119974213386
R_3OZ3Mh6AZsBTXup,diabetes,counterfactual,15,51,weighted examples,0.6993030667199177,1.0,0.0,0.02717391300000005,0.22391304350000002,0.0,0.234473934,0.9286508098,0.0,0.0,0.9235366546401772,0.8964768967439194,0.210309598789963,0.030595565074088588
R_3OZ3Mh6AZsBTXup,diabetes,counterfactual,16,15,weighted examples,0.626115727866198,1.0,0.0,0.1467391306521738,0.739130435,0.0,0.5058239266,0.9118736069,0.0,0.0,0.9412214329603801,0.8811476926576483,0.41047182844243,0.22609013263983882
R_3OZ3Mh6AZsBTXup,diabetes,counterfactual,17,0,weighted examples,0.6017996640303994,0.0,0.0,0.25799372463650727,0.05824878329999999,1.0,0.0047826104,0.8636717323,0.0,0.0,0.9442446797108744,0.8403722189591147,0.017130369019148106,0.0329495809691287
R_3OZ3Mh6AZsBTXup,diabetes,counterfactual,18,58,weighted examples,0.5621441814121925,1.0,0.0,0.0815217394782608,0.191304348,0.0,0.1712301036,0.9034108388,0.0,1.0,0.9197151866646995,0.9281632689907193,0.0937665202314335,0.006248605258372508
R_3OZ3Mh6AZsBTXup,diabetes,counterfactual,19,12,weighted examples,0.44577920494725126,0.5,0.5,0.23907501938712059,0.1126130527,1.0,0.0143097566,0.8723198469,0.0,0.0,0.9403772803288579,0.9066892429498259,0.026102527300762512,0.05070757592731845
R_3OZ3Mh6AZsBTXup,diabetes,counterfactual,20,59,weighted examples,0.7234290177105219,0.0,0.0,0.32186541776243316,0.22391304350000002,0.0,0.1117582404,0.9381612453,1.0,0.0,0.9635165527052809,0.955003915898185,0.0055647506783707,0.04534873713990473
R_3RUOoa2ojaPNwoF,diabetes,attribution,1,7,weighted examples,1.0,1.0,1.0,0.08532949086348118,0.24371018500000005,1.0,0.2803821554,0.9505929298,1.0,1.0,0.9392047645314343,0.9416341036893116,0.2693373399840674,0.002022288144877399
R_3RUOoa2ojaPNwoF,diabetes,attribution,2,35,weighted examples,0.6572544779067236,0.6666666666666666,0.6666666666666666,0.22975866288571406,0.37505430321739136,1.0,0.0645381872,0.9276386198,1.0,0.0,0.9534292146417405,0.8654052806755738,0.3519947867446943,0.5079280187075761
R_3RUOoa2ojaPNwoF,diabetes,attribution,3,30,weighted examples,0.6121937458705226,0.6666666666666666,0.8,0.24625332153134677,0.30119456,1.0,0.0639441501,0.9541838959,1.0,0.0,0.9529536569300601,0.8684953910396058,0.13239538027558195,0.228024645386349
R_3RUOoa2ojaPNwoF,diabetes,attribution,4,32,weighted examples,0.6001285843233053,1.0,0.0,0.13478383584904952,0.3229774305,1.0,0.1319613945,0.9589608409,1.0,1.0,0.9676949436333128,0.9070093975415482,0.2249927277086225,0.10351820813687626
R_3RUOoa2ojaPNwoF,diabetes,attribution,5,42,weighted examples,0.4490357870345209,0.5,0.5,0.2557524033403374,0.2948331968409909,1.0,0.184086195,0.9318880301,1.0,0.0,0.9094208085359942,0.9299164728451954,0.17358725157644955,0.05001867657301373
R_3RUOoa2ojaPNwoF,diabetes,attribution,6,33,weighted examples,0.38686375422568947,0.5,0.6666666666666666,0.22050914246715195,0.3766576965,1.0,0.3170975153,0.9035929477,1.0,1.0,0.886094419051332,0.9499103247440124,0.27327981592666967,0.06470056586395556
R_3RUOoa2ojaPNwoF,diabetes,attribution,7,56,weighted examples,0.4461536838805657,1.0,0.6666666666666666,0.19496392312633817,0.3292481405,1.0,0.4285107683,0.9464831536,1.0,0.0,0.9384351223532617,0.952587694055578,0.11588764999463813,0.06526721056338458
R_3RUOoa2ojaPNwoF,diabetes,attribution,8,53,weighted examples,1.0,1.0,1.0,0.18240439757222757,0.415601,1.0,0.3154124761,0.9041514746,1.0,0.0,0.9382644938384219,0.9577095861699477,0.37462166309577927,0.04833476804586059
R_3RUOoa2ojaPNwoF,diabetes,attribution,9,26,weighted examples,0.42464370390096307,1.0,0.5,0.10796928956535029,0.3974750426666667,0.0,0.0295967727,0.9293874445,1.0,0.0,0.9329234504501429,0.9433529701833689,0.1586754809431117,0.11243694370204654
R_3RUOoa2ojaPNwoF,diabetes,attribution,10,14,weighted examples,0.4094631249178091,0.6666666666666666,1.0,0.19332861420651118,0.35669928433333337,1.0,0.1348935237,0.882085559,1.0,0.0,0.921194990466601,0.9060939199396795,0.3714030439048227,0.04567670181579081
R_3RUOoa2ojaPNwoF,diabetes,attribution,11,0,weighted examples,0.4496128637673461,1.0,0.6666666666666666,0.23932693005852312,0.19277666155,1.0,0.1087427754,0.95438885,0.0,1.0,0.9400639739366621,0.8383042223308483,0.24117368033247324,0.0026359758297038183
R_3RUOoa2ojaPNwoF,diabetes,attribution,12,52,weighted examples,0.6799469420035033,0.0,0.0,0.6723502470086719,0.374832818,0.0,0.2655127548,0.9412945824,1.0,0.0,0.916389459849136,0.9020329110835759,0.05026157987836477,0.32935057994551065
R_3RUOoa2ojaPNwoF,diabetes,attribution,13,11,weighted examples,0.46549921337105127,0.5,0.5,0.20471654231721167,0.265688131,0.0,0.1933458853,0.9576776806,1.0,0.0,0.9403963998254155,0.9474551409611895,0.05519243758193115,0.15326657105253982
R_3RUOoa2ojaPNwoF,diabetes,attribution,14,51,weighted examples,0.3595423833987668,0.0,1.0,0.49035818539898834,0.62173913,0.0,0.2374213559,0.9114752351,0.0,0.0,0.9064961078811775,0.8879446539675289,0.14522001807700716,0.03983479761999173
R_3RUOoa2ojaPNwoF,diabetes,attribution,15,58,weighted examples,0.46218038098546965,0.6666666666666666,0.6666666666666666,0.3291931090079947,0.2556936485,0.0,0.3417687002,0.871274445,0.0,1.0,0.8778035171435231,0.9504349839127683,0.06178900048216568,0.1766906287811279
R_3RUOoa2ojaPNwoF,diabetes,attribution,16,59,weighted examples,0.41444396371557596,0.5,1.0,0.49649532809734714,0.42269726399999996,0.0,0.1261829865,0.9415703664,1.0,0.0,0.9286077973272167,0.9423996148171047,0.009680971306187142,0.05153078256310263
R_3RUOoa2ojaPNwoF,diabetes,attribution,17,12,weighted examples,0.608171079269657,0.0,0.5,0.3417887394360708,0.21804578500000002,0.0,0.258068485,0.9394023021,1.0,0.0,0.9402935971880674,0.9066892429498259,0.03526706545932945,0.05070757592731845
R_3RUOoa2ojaPNwoF,diabetes,attribution,18,20,weighted examples,1.0,1.0,1.0,0.30395938836842495,0.3840611455,0.0,0.2851490241,0.957637806,0.0,0.0,0.9523642145575633,0.9399878666002617,0.05081551956791816,0.10036137501452125
R_3RUOoa2ojaPNwoF,diabetes,attribution,19,31,weighted examples,0.43345362028323936,0.6666666666666666,0.6666666666666666,0.3775738113497758,0.274175516,0.0,0.1674900554,0.9739351306,1.0,0.0,0.9211092479479025,0.9712875070171944,0.08037837095771883,0.21193876961522562
R_3RUOoa2ojaPNwoF,diabetes,attribution,20,15,weighted examples,0.631003767166481,0.5,0.5,0.4275658957322721,0.48112969366666664,0.0,0.3826563114,0.8657231572,0.0,0.0,0.8779503567536338,0.8811476926576483,0.08511315408295944,0.2087873930244037
R_3cKOdqKWicLMTCx,diabetes,counterfactual,1,53,weighted examples,0.3973034422484242,1.0,0.6666666666666666,0.15740596823991085,0.17551895,1.0,0.1166955842,0.9394468715,0.0,0.0,0.9220020424616105,0.9573048930905395,0.2147585981657149,0.03724359929544016
R_3cKOdqKWicLMTCx,diabetes,counterfactual,2,26,weighted examples,0.48700198629134595,1.0,1.0,0.16142878357712906,0.11519830033333335,0.0,0.0014022105,0.9713491178,0.0,0.0,0.9501594626283667,0.9394314986004275,0.13506062676158065,0.027679400093651163
R_3cKOdqKWicLMTCx,diabetes,counterfactual,3,35,weighted examples,1.0,1.0,1.0,0.1844874253674224,0.2580413137173913,0.0,0.0228008852,0.9398163979,0.0,0.0,0.9125587769314655,0.8713395510176845,0.25098766889395147,0.3153314039826781
R_3cKOdqKWicLMTCx,diabetes,counterfactual,4,42,weighted examples,0.36189795604071767,0.6666666666666666,1.0,0.1370419758269775,0.035243117666666664,1.0,0.1036470524,0.9449768277,1.0,1.0,0.9416466007976261,0.9530771976918082,0.03651974931763774,0.0361394244151938
R_3cKOdqKWicLMTCx,diabetes,counterfactual,5,30,weighted examples,0.5220553405831211,1.0,0.6666666666666666,0.08188330917702165,0.13572513052500002,1.0,0.048812366,0.9473987644,0.0,0.0,0.9352816077317281,0.8884953910396058,0.13545638056024656,0.21444816824536891
R_3cKOdqKWicLMTCx,diabetes,counterfactual,6,14,weighted examples,0.4578212109714668,1.0,0.0,0.2327430357923539,0.19418169775,1.0,0.1102894317,0.9245319129,1.0,0.0,0.918156984775845,0.9027192410473945,0.043036491743882355,0.06121533202134516
R_3cKOdqKWicLMTCx,diabetes,counterfactual,7,32,weighted examples,0.4816982670262598,1.0,1.0,0.20716208170113337,0.32482847000000004,1.0,0.1183092556,0.9595437995,1.0,1.0,0.9368760733687767,0.942019943603606,0.06554340263270786,0.019677559921170998
R_3cKOdqKWicLMTCx,diabetes,counterfactual,8,56,weighted examples,0.34508015298859246,0.5,0.0,0.17460232992991676,0.21506260924999998,1.0,0.0494028889,0.9631820807,1.0,1.0,0.9534396374738289,0.9340038248527528,0.11173592643390826,0.04013072782078181
R_3cKOdqKWicLMTCx,diabetes,counterfactual,9,7,weighted examples,0.6301478751478143,0.5,0.5,0.21754734209696103,0.22310879533333336,0.0,0.0165547203,0.9344099751,1.0,0.0,0.934696511691713,0.9423396406935721,0.03844192315509687,0.13179170831563822
R_3cKOdqKWicLMTCx,diabetes,counterfactual,10,33,weighted examples,0.4859842674610591,0.5,0.0,0.14030525912055936,0.139684448225,1.0,0.0271620509,0.9606528352,1.0,1.0,0.9515914768225557,0.9351277160483601,0.03720479135768551,0.14802266642767076
R_3cKOdqKWicLMTCx,diabetes,counterfactual,11,15,weighted examples,0.5717356249969501,1.0,0.0,0.05726459742590402,0.151072540175,0.0,0.2418889072,0.9245971208,0.0,0.0,0.9475029598038746,0.8700568299367083,0.23125213007763598,0.14442248410869107
R_3cKOdqKWicLMTCx,diabetes,counterfactual,12,20,weighted examples,0.6228033430195102,0.5,0.5,0.09483923610185448,0.15864550266666663,1.0,0.0223707264,0.9599136498,1.0,0.0,0.9618413897719089,0.9399878666002617,0.03577282047541391,0.14370581079774541
R_3cKOdqKWicLMTCx,diabetes,counterfactual,13,12,weighted examples,0.44577920494725126,1.0,0.5,0.039933546163166564,0.08914485113333333,0.0,0.0444958543,0.9627675497,0.0,0.0,0.9467941312045592,0.9398876785900232,0.05694550120432329,0.0926062720724401
R_3cKOdqKWicLMTCx,diabetes,counterfactual,14,0,weighted examples,0.6041853315378092,1.0,0.5,0.14701521277739854,0.2365120788333334,1.0,0.0567899924,0.9327752639,1.0,1.0,0.941984593240542,0.8701820180979123,0.05339877050346856,0.08636895084160079
R_3cKOdqKWicLMTCx,diabetes,counterfactual,15,51,weighted examples,0.3942480197292761,0.5,0.5,0.0910581918762512,0.1447011251,0.0,0.2621944966,0.9372753937,0.0,0.0,0.9348429747441962,0.9131620452718767,0.05546650176940987,0.030161046551604398
R_3cKOdqKWicLMTCx,diabetes,counterfactual,16,52,weighted examples,0.48467350049757363,1.0,0.6666666666666666,0.1972093623419158,0.2831609161463195,0.0,0.1976806231,0.9304898855,0.0,0.0,0.9592055662582528,0.9050036727286785,0.3149774503927595,0.21543620346384817
R_3cKOdqKWicLMTCx,diabetes,counterfactual,17,11,weighted examples,0.39996167350618705,1.0,0.6666666666666666,0.0873291384725872,0.082241080075,0.0,0.0336515665,0.9589218844,0.0,0.0,0.9582220390859434,0.9674551409611896,0.1420151904134071,0.23554747861312147
R_3cKOdqKWicLMTCx,diabetes,counterfactual,18,58,weighted examples,0.6640689511228529,0.6666666666666666,1.0,0.0722332115851146,0.17988681216666666,0.0,0.169549638,0.9097340405,0.0,1.0,0.9328740044149183,0.9281632689907193,0.08199484881636815,0.021132361899546148
R_3cKOdqKWicLMTCx,diabetes,counterfactual,19,31,weighted examples,0.45434744352314416,0.6666666666666666,1.0,0.131661447418206,0.2101109211,0.0,0.0018227319,0.9696795751,0.0,0.0,0.9682666943657556,0.9712875070171944,0.054724171007105554,0.21193876961522562
R_3cKOdqKWicLMTCx,diabetes,counterfactual,20,59,weighted examples,0.418312007498896,0.6666666666666666,0.6666666666666666,0.09044853341346396,0.14060010475,0.0,0.0377052169,0.9465507267,0.0,0.0,0.9719135786036853,0.9352060712613606,0.06668263688275922,0.0687972050296817
R_3da8jwTxaAuNxsI,housing,none,1,3174,feature contribution,0.5152773207178256,0.8,0.4,0.6229317283607375,0.5198200757772727,1.0,0.4114919229,0.9855909091,1.0,1.0,0.9417561145144666,0.9030681818181818,0.0500424271410733,0.15197132124676022
R_3da8jwTxaAuNxsI,housing,none,2,2275,feature contribution,0.29183959848235697,0.5,0.5,0.28177375522108833,0.3458648989666666,1.0,0.202093669,0.9985795455,0.0,0.0,0.9961819589746197,0.9577272727272728,0.008497011760966872,0.03789599504957042
R_3da8jwTxaAuNxsI,housing,none,3,675,feature contribution,1.0,0.75,0.75,0.3539522008032524,0.37615530304,0.0,0.0914658296,0.9983522727,1.0,0.0,0.9753413293203658,0.9598863636363636,0.0019857542662843064,0.12050414074363072
R_3da8jwTxaAuNxsI,housing,none,4,102,feature contribution,0.648019232179086,0.0,0.0,0.6666666666833333,0.38333333334999997,0.0,0.063981822,0.9988636364,1.0,0.0,0.9994318181818181,0.9981818181818182,0.07317221775737565,0.20011718191567668
R_3da8jwTxaAuNxsI,housing,none,5,577,feature contribution,0.6327886529829748,0.0,0.0,0.6666666666833333,0.38333333334999997,0.0,0.0920991765,0.9982954545,1.0,0.0,0.9982954545454545,0.9976136363636364,0.07352070945024117,0.1285457744602146
R_3da8jwTxaAuNxsI,housing,none,6,2447,feature contribution,1.0,0.8888888888888888,0.8888888888888888,0.45483314392093466,0.49581439398181815,1.0,0.1644903039,0.9934659091,1.0,0.0,0.9578221222147207,0.9593181818181818,0.04212065338278609,0.01693925796384138
R_3da8jwTxaAuNxsI,housing,none,7,1751,feature contribution,1.0,1.0,1.0,0.31721813727046555,0.459215909,1.0,0.2620500182,0.9980795455,0.0,0.0,0.9546195640417203,0.9375,0.07759203950352389,0.29730547832369425
R_3da8jwTxaAuNxsI,housing,none,8,553,feature contribution,1.0,1.0,1.0,0.3289016099381535,0.3808522726,0.0,0.0101208125,0.9953977273,0.0,0.0,0.9479572993300021,0.9377272727272727,0.06014849347756629,0.30136012955282193
R_3da8jwTxaAuNxsI,housing,none,9,172,feature contribution,0.4295276374561886,0.5,0.5,0.44009350427007377,0.475151515,0.0,0.0383627042,0.9876363636,1.0,1.0,0.9616545875014382,0.9685227272727273,0.2535117703280716,0.13749782208566835
R_3da8jwTxaAuNxsI,housing,none,10,2728,feature contribution,0.42753853305750383,0.5,0.5,0.39671206908834616,0.4318181816666667,0.0,0.1189978031,0.9954545455,1.0,0.0,0.9515757559821061,0.9520454545454545,0.15603051901047837,0.026203575147133007
R_3dnediamQ206QWR,diabetes,attribution,1,33,feature contribution,1.0,0.8888888888888888,0.8888888888888888,0.3268383583764277,0.36453132404,0.0,0.2650326254,0.9239149723,1.0,1.0,0.9404145677590022,0.941806863069771,0.0964963733769954,0.12268563860367404
R_3dnediamQ206QWR,diabetes,attribution,2,56,feature contribution,1.0,1.0,1.0,0.34747355964222665,0.31876904708,0.0,0.5137612373,0.8869857842,1.0,0.0,0.9533437350622442,0.9342093156771996,0.026387852791847022,0.05370272114053126
R_3dnediamQ206QWR,diabetes,attribution,3,7,feature contribution,0.32460773199290544,1.0,0.5,0.5202595764293129,0.2134597044333333,0.0,0.2298087135,0.9056817403,1.0,0.0,0.9193255460633891,0.9345545785645413,0.07859063818571449,0.09461199488145239
R_3dnediamQ206QWR,diabetes,attribution,4,42,feature contribution,0.6405871994412875,1.0,1.0,0.6391952363439466,0.6186192824000001,0.0,0.1283024825,0.917926229,0.0,0.0,0.9455475161924664,0.941432325403677,0.08577461657737373,0.1006702468942351
R_3dnediamQ206QWR,diabetes,attribution,5,30,feature contribution,0.32460773199290544,0.6666666666666666,0.5,0.2738732180923189,0.220584689409009,0.0,0.2696901652,0.868139711,0.0,0.0,0.8838818818859285,0.9010803554774507,0.2547731568512109,0.20749367821165032
R_3dnediamQ206QWR,diabetes,attribution,6,32,feature contribution,0.5194103003727245,0.75,0.75,0.3222174704714513,0.3062036418362163,0.0,0.1047378486,0.9076419034,1.0,1.0,0.936704098992413,0.9098578059287872,0.040473897326495756,0.19028481808996436
R_3dnediamQ206QWR,diabetes,attribution,7,26,feature contribution,0.6405871994412875,1.0,0.0,0.011322919857683467,0.262548886,0.0,0.0052568434,0.955714716,1.0,1.0,0.9578052352692228,0.9606391560588501,0.0032025494238518415,0.05271005119622266
R_3dnediamQ206QWR,diabetes,attribution,8,53,feature contribution,0.32460773199290544,1.0,0.5,0.04545079461069723,0.29477018833333335,1.0,0.022364098,0.9030687756,0.0,0.0,0.908569057096516,0.9321489057085415,0.011027105698869666,0.24085587180931547
R_3dnediamQ206QWR,diabetes,attribution,9,14,feature contribution,0.32460773199290544,0.5,0.5,0.22117814110301404,0.22328739200000003,0.0,0.0256856712,0.9433642662,1.0,0.0,0.9000246145846706,0.9218792528983757,0.14500809236867185,0.011507072508453176
R_3dnediamQ206QWR,diabetes,attribution,10,35,feature contribution,0.32460773199290544,0.5,0.0,0.13521938769436537,0.28806163271739127,0.0,0.2771519497,0.874757819,0.0,0.0,0.8767584175525043,0.8854052806755738,0.36999739531803305,0.4840095976265212
R_3dnediamQ206QWR,diabetes,attribution,11,20,feature contribution,0.6405871994412875,1.0,1.0,0.018376618228797985,0.06599217819999997,0.0,0.0400197542,0.9595783129,0.0,1.0,0.955902989224831,0.9565822237699002,0.06621759959079215,0.01815119974213386
R_3dnediamQ206QWR,diabetes,attribution,12,31,feature contribution,0.6405871994412875,0.0,0.0,0.22861286961579,0.09347826085,0.0,0.2837482865,0.9518200031,1.0,0.0,0.9425639419092817,0.9621804388002316,0.11283008891180699,0.2267923338408947
R_3dnediamQ206QWR,diabetes,attribution,13,58,feature contribution,1.0,1.0,1.0,0.0,0.0,0.0,0.1309893092,0.9251499693,0.0,0.0,0.9251499692733951,0.9251499692733951,0.037099176329349615,0.037099176329349615
R_3dnediamQ206QWR,diabetes,attribution,14,52,feature contribution,0.32460773199290544,0.5,0.5,0.11928099245947558,0.09199551250000003,0.0,0.2558548023,0.9072377683,0.0,0.0,0.9085566183208458,0.9568155197792281,0.28003438659281,0.3004063100274167
R_3dnediamQ206QWR,diabetes,attribution,15,11,feature contribution,0.32460773199290544,0.5,0.5,0.17333732795020473,0.16894955023333336,0.0,0.1221739812,0.9362644493,0.0,0.0,0.9593531722993143,0.9567205056691914,0.22057883233052156,0.19950021109359706
R_3dnediamQ206QWR,diabetes,attribution,16,12,feature contribution,0.6405871994412875,1.0,0.0,0.09209685128223206,0.05850195549999999,0.0,0.0355045189,0.9364868964,0.0,1.0,0.9316706548933795,0.9248369485727007,0.037680217406794225,0.035998793690712294
R_3dnediamQ206QWR,diabetes,attribution,17,15,feature contribution,0.6405871994412875,1.0,0.0,0.09447223429187095,0.1118092161,0.0,0.2154566163,0.9024705969,0.0,0.0,0.8869769322392741,0.8611476926576482,0.21415126349990554,0.24442248410869108
R_3dnediamQ206QWR,diabetes,attribution,18,0,feature contribution,0.32460773199290544,0.5,0.5,0.2563590810015669,0.26194326689999997,1.0,0.1109146069,0.8997507872,0.0,0.0,0.8589730730340395,0.855809227284489,0.021802921047492985,0.061079467072917275
R_3dnediamQ206QWR,diabetes,attribution,19,51,feature contribution,0.32460773199290544,0.5,0.5,0.1830631893174189,0.18915430726666668,1.0,0.0698086711,0.8945443977,0.0,1.0,0.9046109765798901,0.9009563058103415,0.0433813568093232,0.017968992570788794
R_3dnediamQ206QWR,diabetes,attribution,20,59,feature contribution,0.6405871994412875,0.0,0.0,0.23196977959254886,0.2239130435,0.0,0.1878133164,0.9394183208,0.0,0.0,0.9421448082666857,0.9453675027037052,0.0037583122297887017,0.012557741751689111
R_3dxYvw8kqqJYsmL,diabetes,none,1,30,feature contribution,0.48720328872239993,1.0,0.0,0.028152762306697623,0.05481147166666666,0.0,0.3525738163,0.8925710795,0.0,0.0,0.8863118665856969,0.8884953910396058,0.2426463260290681,0.13591383696484927
R_3dxYvw8kqqJYsmL,diabetes,none,2,14,feature contribution,0.40972288552868247,0.5,0.5,0.0996589080784764,0.13755995333333335,1.0,0.0227480838,0.9322159612,1.0,0.0,0.9246438339416335,0.9403374297198187,0.11269613407923995,0.2545813930247104
R_3dxYvw8kqqJYsmL,diabetes,none,3,35,feature contribution,0.592297112912896,1.0,0.5,0.05419965661299721,0.18303983766666665,0.0,0.4074668332,0.8954332251,0.0,0.0,0.8997296661171018,0.8741009328494868,0.3904323033856852,0.35734768999410166
R_3dxYvw8kqqJYsmL,diabetes,none,4,32,feature contribution,0.629215517321037,1.0,0.5,0.3203007967849203,0.23201392033333335,1.0,0.086710626,0.9514975539,0.0,1.0,0.9361701141107416,0.9427947305002444,0.046181566426508336,0.04863702462660645
R_3dxYvw8kqqJYsmL,diabetes,none,5,7,feature contribution,0.479979756118661,0.5,0.5,0.1643473268733117,0.09731169400000002,0.0,0.1166082496,0.9307190942,1.0,0.0,0.917658176766929,0.9432507749378842,0.13285559730935304,0.026576644318439868
R_3dxYvw8kqqJYsmL,diabetes,none,6,33,feature contribution,0.575247632016359,1.0,0.6666666666666666,0.07668311273952905,0.12232022050000002,1.0,0.120552855,0.9420439713,1.0,1.0,0.94213752279706,0.9151277160483601,0.16557319489400654,0.10274748830817315
R_3dxYvw8kqqJYsmL,diabetes,none,7,42,feature contribution,0.5363989960992093,1.0,0.5,0.1268092404994539,0.11339513899999999,1.0,0.0769021374,0.94443733,0.0,1.0,0.9419285832753295,0.9427838127320808,0.07017880084150341,0.0037673874461137957
R_3dxYvw8kqqJYsmL,diabetes,none,8,53,feature contribution,1.0,1.0,1.0,0.049952024738593954,0.08527786400000001,1.0,0.0190979221,0.9204569499,0.0,0.0,0.9188958083033918,0.9577095861699477,0.11746033514649667,0.04833476804586059
R_3dxYvw8kqqJYsmL,diabetes,none,9,26,feature contribution,0.45305938078574604,1.0,1.0,0.12061697202208628,0.12013595750000002,1.0,0.0727751912,0.9789801727,0.0,0.0,0.930733383973191,0.9406391560588501,0.09406016704163286,0.01440239333769322
R_3dxYvw8kqqJYsmL,diabetes,none,10,56,feature contribution,0.3926289056170373,1.0,0.6666666666666666,0.13919358201884488,0.14587086800000001,1.0,0.0885834999,0.9495549058,0.0,0.0,0.950927862919629,0.952587694055578,0.008928922701342601,0.06526721056338458
R_3dxYvw8kqqJYsmL,diabetes,none,11,12,feature contribution,0.4832730629213018,1.0,0.5,0.20561892530727705,0.14141216246666666,0.0,0.0084713681,0.9227115107,0.0,0.0,0.9424874059471123,0.9398876785900232,0.06356183055500692,0.0926062720724401
R_3dxYvw8kqqJYsmL,diabetes,none,12,20,feature contribution,0.38743298773007223,0.5,0.5,0.0701968697397319,0.07335832393333333,1.0,0.0148077159,0.9381447246,0.0,0.0,0.9672758458636895,0.9399878666002617,0.05420739660345664,0.14370581079774541
R_3dxYvw8kqqJYsmL,diabetes,none,13,0,feature contribution,0.3874507493861539,0.5,1.0,0.059256494757465,0.06839675930000001,1.0,0.0098895252,0.8895802919,0.0,1.0,0.8622751783205007,0.8701820180979123,0.008141721170000893,0.08636895084160079
R_3dxYvw8kqqJYsmL,diabetes,none,14,52,feature contribution,0.5171215570444616,1.0,0.5,0.23992607968814111,0.16177681356175935,0.0,0.0477020638,0.9416269153,0.0,0.0,0.9190041275388323,0.8895855944215919,0.45632593914531105,0.2768094981325648
R_3dxYvw8kqqJYsmL,diabetes,none,15,31,feature contribution,0.40795631016896666,0.6666666666666666,0.6666666666666666,0.06296884594998137,0.12323128732500002,0.0,0.1847833718,0.9458071698,0.0,0.0,0.9621897426559272,0.9759041987267526,0.11101806220309207,0.2603968842329586
R_3dxYvw8kqqJYsmL,diabetes,none,16,15,feature contribution,0.4242974853557095,1.0,0.6666666666666666,0.12825590440346962,0.0861564426,0.0,0.1091206418,0.8876129061,0.0,0.0,0.8843079079362604,0.9011476926576483,0.26290041725563357,0.20937421572937065
R_3dxYvw8kqqJYsmL,diabetes,none,17,59,feature contribution,0.44645303042556456,0.6666666666666666,1.0,0.05680953355436834,0.024498267933333307,0.0,0.2044761077,0.9189102236,0.0,0.0,0.9458599590248552,0.9223996148171048,0.11051737546671501,0.16752658065551884
R_3dxYvw8kqqJYsmL,diabetes,none,18,58,feature contribution,0.5165065121784712,1.0,1.0,0.04647718522435899,0.048132997533333326,0.0,0.0212867197,0.9452756487,0.0,1.0,0.9283838596187798,0.9504349839127683,0.02995790909132784,0.1766906287811279
R_3dxYvw8kqqJYsmL,diabetes,none,19,51,feature contribution,0.5066679993735204,0.5,0.5,0.07050308032121066,0.0714649095333333,0.0,0.007102389,0.916040991,0.0,0.0,0.9015334033376151,0.9079446539675289,0.04749695050791006,0.034152704695248504
R_3dxYvw8kqqJYsmL,diabetes,none,20,11,feature contribution,0.7281750445369597,1.0,0.6666666666666666,0.03911514518994891,0.05186705697499999,0.0,0.1817802755,0.942459062,0.0,0.0,0.9623988526195074,0.9367205056691914,0.20435763861140904,0.22076576090445105
R_3fTrP1eNSLr6OFA,housing,attribution,1,3174,weighted examples,0.7069091469865121,0.0,0.0,0.66666666665,0.21666666664999998,1.0,0.0932088735,0.9420454545,1.0,1.0,0.94125,0.92125,0.021589852398005427,0.11124519735573642
R_3fTrP1eNSLr6OFA,housing,attribution,2,2275,weighted examples,0.5106113679322658,0.0,0.0,0.3644886363454546,0.05994318179999999,1.0,0.0118598142,0.9982954545,1.0,1.0,0.9848863636363636,0.9788636363636364,0.13695999769633288,0.09311337635695974
R_3fTrP1eNSLr6OFA,housing,attribution,3,675,weighted examples,0.31922004857655345,0.6666666666666666,0.4,0.31017992425000007,0.21465435605,0.0,0.4385951363,0.9997159091,0.0,0.0,0.9457007575757576,0.9798863636363636,0.14716152211868588,0.22627552265197742
R_3fTrP1eNSLr6OFA,housing,attribution,4,102,weighted examples,0.6716326816933342,0.0,0.0,0.6666666666833333,0.38333333334999997,0.0,0.063981822,0.9988636364,1.0,0.0,0.9994318181818181,0.98,0.07317221775737565,0.20285691758481475
R_3fTrP1eNSLr6OFA,housing,attribution,5,577,weighted examples,0.663146473147496,0.0,0.0,0.6666666666833333,0.38333333334999997,0.0,0.0920991765,0.9982954545,1.0,0.0,0.9982954545454545,0.9976136363636364,0.07352070945024117,0.1285457744602146
R_3fTrP1eNSLr6OFA,housing,attribution,6,2447,weighted examples,0.6016439388714558,0.0,1.0,0.8333333334999999,0.566666667,0.0,0.3021678706,0.9892045455,0.0,0.0,0.9219318181818181,0.9760227272727273,0.25376685171736707,0.23024249335140334
R_3fTrP1eNSLr6OFA,housing,attribution,7,1751,weighted examples,0.2953621702304934,0.5,0.5,0.3762626262626263,0.3333333333333333,0.0,0.3493969713,1.0,0.0,0.0,0.9482954545454545,0.96,0.014731780907064396,0.37909087702956207
R_3fTrP1eNSLr6OFA,housing,attribution,8,553,weighted examples,0.4764677365443313,0.0,0.0,0.6666666668333333,0.3833333335,0.0,0.4827773946,0.9744318182,0.0,0.0,0.9971590909090909,0.9976136363636364,0.4212564700600786,0.3907893779269108
R_3fTrP1eNSLr6OFA,housing,attribution,9,172,weighted examples,0.7408679808053481,1.0,0.0,0.0,0.55,1.0,0.1533632533,0.9982954545,1.0,1.0,0.9982954545454545,0.9777272727272728,0.15336325326062306,0.03717494673273794
R_3fTrP1eNSLr6OFA,housing,attribution,10,2728,weighted examples,0.7472520169610197,1.0,0.0,0.666666667,0.2166666665,0.0,0.0263892945,1.0,0.0,0.0,0.9994318181818181,0.9989772727272728,0.07962211913662093,0.03958245024920498
R_3irfiuQFDddFGoo,diabetes,counterfactual,1,42,weighted examples,0.36189795604071767,0.6666666666666666,0.6666666666666666,0.16076342045395497,0.11121187433074317,1.0,0.0940975547,0.9486027289,0.0,0.0,0.9360263378852001,0.9250489286274863,0.04103339437715242,0.01512787203868371
R_3irfiuQFDddFGoo,diabetes,counterfactual,2,7,weighted examples,0.44443336392553046,0.6666666666666666,0.6666666666666666,0.1635141082080443,0.18339485850000004,0.0,0.0320092626,0.9415593655,1.0,0.0,0.9316971839687976,0.9388372073024973,0.10376801586636397,0.03179170831563821
R_3irfiuQFDddFGoo,diabetes,counterfactual,3,53,weighted examples,1.0,1.0,1.0,0.17335552731016965,0.2130891345,1.0,0.1515214903,0.9514850253,1.0,0.0,0.9254945116278341,0.9577095861699477,0.07093932059275992,0.04833476804586059
R_3irfiuQFDddFGoo,diabetes,counterfactual,4,56,weighted examples,0.3923071525463082,1.0,1.0,0.16122234051466786,0.18283434200000004,1.0,0.0773883256,0.965869336,1.0,1.0,0.9285627617636418,0.9506490585524721,0.0814011916764012,0.00016148403611437878
R_3irfiuQFDddFGoo,diabetes,counterfactual,5,33,weighted examples,0.5653257505328364,0.6666666666666666,0.8,0.14537556400076657,0.15860002350000002,1.0,0.0467633739,0.9341581315,1.0,1.0,0.9493416541282669,0.9316655748294196,0.03153107199217797,0.141862006569438
R_3irfiuQFDddFGoo,diabetes,counterfactual,6,26,weighted examples,0.607149297117402,0.5,1.0,0.24882444338131124,0.33650517850000006,1.0,0.1277108428,0.9530953098,1.0,0.0,0.9614169500725563,0.9406391560588501,0.0658015564631465,0.01440239333769322
R_3irfiuQFDddFGoo,diabetes,counterfactual,7,35,weighted examples,1.0,1.0,1.0,0.1911385386777572,0.3005556820173913,1.0,0.0024576702,0.9507748542,1.0,0.0,0.9362836720647354,0.8713395510176845,0.058156090385066805,0.3153314039826781
R_3irfiuQFDddFGoo,diabetes,counterfactual,8,32,weighted examples,0.4816982670262598,1.0,0.5,0.10248223775751339,0.286137356,1.0,0.1344418361,0.9577927739,1.0,1.0,0.9802469286988605,0.9328672416905145,0.10524734608443558,0.06404615179089405
R_3irfiuQFDddFGoo,diabetes,counterfactual,9,14,weighted examples,0.3920824537051459,0.6666666666666666,1.0,0.18281475940133404,0.19064668066666668,1.0,0.1323447743,0.91787928,1.0,0.0,0.9110005494181249,0.9060939199396795,0.16884314107798226,0.04567670181579081
R_3irfiuQFDddFGoo,diabetes,counterfactual,10,30,weighted examples,0.5220553405831211,1.0,0.6666666666666666,0.16762220350099097,0.1818535731,1.0,0.0182428085,0.9711034651,1.0,0.0,0.9430476217490323,0.8884953910396058,0.1564089047889173,0.21444816824536891
R_3irfiuQFDddFGoo,diabetes,counterfactual,11,51,weighted examples,0.6993030667199177,0.0,0.0,0.4411500866,0.30365008660000004,1.0,0.1020197706,0.8609368536,0.0,0.0,0.9235366546401772,0.8964768967439194,0.210309598789963,0.030595565074088588
R_3irfiuQFDddFGoo,diabetes,counterfactual,12,15,weighted examples,0.5395168726841914,1.0,0.6666666666666666,0.08593215773570784,0.200859879775,0.0,0.2600612339,0.9314884334,0.0,0.0,0.922000170375366,0.8900568299367083,0.16503121009024585,0.10878739302440368
R_3irfiuQFDddFGoo,diabetes,counterfactual,13,31,weighted examples,0.45285546606076377,0.5,0.5,0.19101956015637125,0.219972635,0.0,0.3075277031,0.9572837937,1.0,0.0,0.9678969255084581,0.9821804388002316,0.01867443924929256,0.12679233384089472
R_3irfiuQFDddFGoo,diabetes,counterfactual,14,0,weighted examples,0.4709992582960543,1.0,1.0,0.19523902046259853,0.3028812108666667,0.0,0.1231180474,0.9727003244,0.0,1.0,0.9523836212126608,0.8383042223308483,0.044008132286185775,0.0026359758297038183
R_3irfiuQFDddFGoo,diabetes,counterfactual,15,59,weighted examples,0.4907178047145582,0.5,1.0,0.3768674230691584,0.26028354295,0.0,0.2562370306,0.8856171465,1.0,0.0,0.9648591524934025,0.9423996148171047,0.06141104428227864,0.11582998459809163
R_3irfiuQFDddFGoo,diabetes,counterfactual,16,52,weighted examples,0.6133463435385181,0.5,0.0,0.41962356819877705,0.178779243075,0.0,0.2291390475,0.9207547398,1.0,0.0,0.9574209038595098,0.9160461003768946,0.0012869987619988366,0.2298258368900814
R_3irfiuQFDddFGoo,diabetes,counterfactual,17,11,weighted examples,0.39996167350618705,0.6666666666666666,0.6666666666666666,0.15680221976954856,0.17315488834999998,0.0,0.2760206929,0.9335608313,0.0,0.0,0.9711749853170808,0.9674551409611896,0.0387531236351564,0.23554747861312147
R_3irfiuQFDddFGoo,diabetes,counterfactual,18,58,weighted examples,0.5621441814121925,1.0,1.0,0.4836956522217392,0.18260869570000005,0.0,0.0625933718,0.8686282301,0.0,0.0,0.9197151866646995,0.9051499692733952,0.0937665202314335,0.015798628337693243
R_3irfiuQFDddFGoo,diabetes,counterfactual,19,20,weighted examples,0.5077466530283258,1.0,0.0,0.8262600016633008,0.3757444527,0.0,0.2953850824,0.8609570469,0.0,0.0,0.9559844007621765,0.9727767485105905,0.004165821350927967,0.11047950819885904
R_3irfiuQFDddFGoo,diabetes,counterfactual,20,12,weighted examples,0.38765063605783934,1.0,0.0,0.4402173912956522,0.36521739129999997,1.0,0.1072495392,0.9620108596,0.0,0.0,0.971409417720458,0.9266892429498259,0.06404234000972642,0.03258827641823375
R_3nxy8fTXACyezRw,housing,counterfactual,1,102,weighted examples,0.5709643408043883,0.0,0.0,0.3369268773537308,0.2166666665,0.0,0.1416968956,1.0,1.0,0.0,0.9985625823251744,0.9981818181818182,0.04015563259472468,0.20011718191567668
R_3nxy8fTXACyezRw,housing,counterfactual,2,2255,weighted examples,0.6761960045812297,1.0,0.0,0.057541661863241444,0.15,0.0,0.0268096602,0.9994886364,1.0,0.0,0.987980303990988,0.998125,0.030732014181205025,0.21079683108291
R_3nxy8fTXACyezRw,housing,counterfactual,3,692,weighted examples,0.5497328512715848,0.0,0.0,0.279134494734977,0.15,1.0,0.1549846285,0.9977272727,1.0,0.0,0.9933083233181305,0.9976136363636364,0.1986709691842498,0.12923548377267596
R_3nxy8fTXACyezRw,housing,counterfactual,4,1760,weighted examples,0.6533006359666496,0.0,1.0,0.2082992224260351,0.06704545449999996,0.0,0.0232949599,0.9993181818,1.0,0.0,0.9898621292023132,0.9996590909090909,0.05444640375121462,0.09034041443369395
R_3nxy8fTXACyezRw,housing,counterfactual,5,2987,weighted examples,0.7038530325929336,0.0,0.0,0.2721553601564314,0.1390909091,0.0,0.0281605017,0.9958636364,1.0,1.0,0.9894636135168214,0.98875,0.1079877742843082,0.16917646913881842
R_3nxy8fTXACyezRw,housing,counterfactual,6,3174,weighted examples,0.5219266858716518,1.0,0.0,0.2650830614422001,0.21666666665,1.0,0.0932088735,0.9420454545,1.0,1.0,0.8890288422636812,0.9453409090909091,0.17475467587799992,0.14413448637799176
R_3nxy8fTXACyezRw,housing,counterfactual,7,2275,weighted examples,0.7249526698380372,0.0,0.0,0.2688276408916326,0.14715909089999998,1.0,0.1891081047,0.9997727273,1.0,1.0,0.9959401472693803,0.9788636363636364,0.008164214862942165,0.09311337635695974
R_3nxy8fTXACyezRw,housing,counterfactual,8,675,weighted examples,0.4374045354346344,1.0,0.5,0.21573787079490556,0.3111111111,1.0,0.1566419605,0.9554545455,1.0,0.0,0.9277132750154505,0.9798863636363636,0.02505827625870516,0.22627552265197742
R_3nxy8fTXACyezRw,housing,counterfactual,9,577,weighted examples,0.6038738836701155,1.0,0.0,0.3175815134666347,0.38333333334999997,0.0,0.0920991765,0.9982954545,1.0,0.0,0.9968496360199937,0.98,0.04981984688588095,0.12895320510392255
R_3nxy8fTXACyezRw,housing,counterfactual,10,614,weighted examples,0.3726062300895963,0.0,0.0,0.2594291576707409,0.15653409089999998,1.0,0.2142506132,0.9992045455,1.0,1.0,0.985868782236582,0.96,0.03795223011712218,0.019108685047746418
R_3nxy8fTXACyezRw,housing,counterfactual,11,553,weighted examples,0.30735349929828426,0.5,0.0,0.2750147044219192,0.28004261375,1.0,0.1869825181,0.9669886364,0.0,0.0,0.9514671558955757,0.9776136363636364,0.11242034034898085,0.5047512647623899
R_3nxy8fTXACyezRw,housing,counterfactual,12,2728,weighted examples,0.3270602213356152,1.0,0.0,0.2410700046078432,0.35,1.0,0.0278209602,1.0,0.0,0.0,0.9702386648235294,0.9889772727272728,0.034595928627007555,0.03112459488648467
R_3nxy8fTXACyezRw,housing,counterfactual,13,456,weighted examples,0.4205491636039653,1.0,0.0,0.29547512945115506,0.4,0.0,0.0273668674,0.98125,0.0,0.0,0.9473807543638875,0.9975,0.06163557942389691,0.3639631857637027
R_3nxy8fTXACyezRw,housing,counterfactual,14,1751,weighted examples,0.3753978435133728,1.0,0.3333333333333333,0.2551383841470735,0.3596969698,1.0,0.2194982926,0.9968181818,0.0,0.0,0.9672653929451016,0.9553409090909091,0.11601529758057882,0.2689751439859004
R_3nxy8fTXACyezRw,housing,counterfactual,15,172,weighted examples,0.36802973796961136,0.5,0.5,0.259283650281231,0.18014520199999998,0.0,0.0451180995,0.9999431818,0.0,1.0,0.9513805673948977,0.9588636363636364,0.01543413667083203,0.12135550774516257
R_3nxy8fTXACyezRw,housing,counterfactual,16,1155,weighted examples,0.2799346116158969,0.5,0.6666666666666666,0.4782330852345658,0.674431818,0.0,0.5160030121,0.9375,0.0,0.0,0.9771671239407395,0.9993181818181818,0.09686619871621499,0.6427645372387205
R_3nxy8fTXACyezRw,housing,counterfactual,17,2462,weighted examples,0.3157354662426181,0.6666666666666666,0.6666666666666666,0.22510766055493464,0.39787878774999996,0.0,0.1954627216,0.9951818182,0.0,0.0,0.9512510070397201,0.9559090909090909,0.2170099884705214,0.5514715981897329
R_3nxy8fTXACyezRw,housing,counterfactual,18,2447,weighted examples,0.5072868465963333,0.5,0.0,0.425327889307348,0.47777777799999993,0.0,0.1530136245,1.0,0.0,0.0,0.962583097087439,0.9976136363636363,0.271659006128711,0.08363479124673595
R_3nxy8fTXACyezRw,housing,counterfactual,19,1657,weighted examples,0.3759554461928332,0.0,0.0,0.40533283655595115,0.3,0.0,0.35777405,0.9948863636,1.0,0.0,0.9874480874265792,0.9980681818181818,0.1512571218041489,0.3187408602786265
R_3nxy8fTXACyezRw,housing,counterfactual,20,2767,weighted examples,0.4342782914652228,0.3333333333333333,0.6666666666666666,0.39627640354119154,0.4583333335,1.0,0.0355458494,0.9477272727,1.0,0.0,0.9857311723497175,0.9559090909090909,0.06553255815801823,0.28478598719640746
R_3oGxWzvzrZAX87o,diabetes,counterfactual,1,42,feature contribution,0.3046205595170594,0.5,1.0,0.05943969605175555,0.031032837499999993,1.0,0.0302420214,0.9571560998,0.0,0.0,0.9364997691711354,0.9594740689722027,0.09146692484021635,0.030876521797553555
R_3oGxWzvzrZAX87o,diabetes,counterfactual,2,35,feature contribution,0.3435891083650825,1.0,0.5,0.18657837963716917,0.24849921400000005,0.0,0.1906140277,0.9142293692,0.0,0.0,0.8860538027074331,0.9021031998198639,0.42134159214014927,0.27722616086502705
R_3oGxWzvzrZAX87o,diabetes,counterfactual,3,14,feature contribution,0.32999631017305964,0.75,0.75,0.08903778844454656,0.065804296,0.0,0.0487746975,0.9118859925,1.0,0.0,0.9318979873057512,0.9219590513414403,0.04190656649531399,0.12437440471058434
R_3oGxWzvzrZAX87o,diabetes,counterfactual,4,7,feature contribution,0.36400265538201965,0.5,0.5,0.16121318514429805,0.13513778099999998,0.0,0.1272586221,0.9402165914,0.0,0.0,0.9233704052182712,0.9473483211253303,0.009968254284467792,0.05318231466657436
R_3oGxWzvzrZAX87o,diabetes,counterfactual,5,32,feature contribution,0.4516138340880216,1.0,1.0,0.1267585114101019,0.12550204300000004,1.0,0.0734613907,0.9337418116,1.0,1.0,0.9188331167475222,0.942019943603606,0.06167811322493982,0.019677559921170998
R_3oGxWzvzrZAX87o,diabetes,counterfactual,6,56,feature contribution,0.4253281433732531,0.5,0.5,0.22708934501693237,0.22225739200000003,1.0,0.0381566562,0.954053447,1.0,0.0,0.9322109761456704,0.9621016051281109,0.055794048970655985,0.1181709662933575
R_3oGxWzvzrZAX87o,diabetes,counterfactual,7,33,feature contribution,0.4081401914113758,0.6666666666666666,0.8,0.13770852975095493,0.1309253963333333,1.0,0.3562408221,0.9140919803,1.0,1.0,0.9323035643739528,0.9351277160483601,0.04694634588472979,0.14802266642767076
R_3oGxWzvzrZAX87o,diabetes,counterfactual,8,53,feature contribution,0.19980937023320994,0.3333333333333333,0.6666666666666666,0.1491707291900391,0.21500926200000003,0.0,0.0048417602,0.9425261655,0.0,0.0,0.9382636678835271,0.9408073264816142,0.1269971135650767,0.11013555431882746
R_3oGxWzvzrZAX87o,diabetes,counterfactual,9,30,feature contribution,0.41931889961361885,0.5,0.0,0.14575734787876068,0.13929219953175676,0.0,0.0332028217,0.9333205314,0.0,0.0,0.8850597063755997,0.8610803554774507,0.24621064181415078,0.2346431159404283
R_3oGxWzvzrZAX87o,diabetes,counterfactual,10,26,feature contribution,0.2574205074560962,1.0,0.0,0.15302840865520848,0.185815966,1.0,0.0656153617,0.984081346,0.0,0.0,0.9383671991199422,0.9433529701833689,0.07600678373704028,0.08795503050399606
R_3oGxWzvzrZAX87o,diabetes,counterfactual,11,20,feature contribution,0.4309255863734753,0.5,1.0,0.1389291798255768,0.302608329,0.0,0.1171868482,0.9519982563,0.0,0.0,0.9508608297792998,0.9758634749480304,0.07975102705977904,0.1830230104678086
R_3oGxWzvzrZAX87o,diabetes,counterfactual,12,15,feature contribution,0.3301565921295255,0.5,0.5,0.21542587193322746,0.227352146,0.0,0.1874581435,0.9142942045,0.0,0.0,0.8924278487499431,0.8919585034684591,0.21926350850763354,0.26103554164974746
R_3oGxWzvzrZAX87o,diabetes,counterfactual,13,11,feature contribution,0.35119876292414426,0.3333333333333333,0.3333333333333333,0.18573390110999155,0.20812454530000002,1.0,0.0647239141,0.953002688,0.0,0.0,0.9695452243137699,0.958342127290813,0.19352415970377684,0.19844778879757094
R_3oGxWzvzrZAX87o,diabetes,counterfactual,14,31,feature contribution,0.4067676633070401,0.0,0.5,0.1830613084207805,0.17615475770000003,0.0,0.0958580326,0.9255562563,0.0,0.0,0.958837818137001,0.9716190608244436,0.04785339017997364,0.2190897436609574
R_3oGxWzvzrZAX87o,diabetes,counterfactual,15,0,feature contribution,0.32000892132327396,0.0,0.0,0.33185526789995934,0.3760869565,1.0,0.2838558608,0.899294909,0.0,1.0,0.8626795435190985,0.8692429605247338,0.021300356530154385,0.07652893562043278
R_3oGxWzvzrZAX87o,diabetes,counterfactual,16,59,feature contribution,0.26782930758264906,0.5,0.0,0.20994545539479606,0.20992270615000003,1.0,0.0502269143,0.9309618636,0.0,1.0,0.9452753241611381,0.9566255375198066,0.049193287282876044,0.029855350804294967
R_3oGxWzvzrZAX87o,diabetes,counterfactual,17,51,feature contribution,0.31143995205651215,1.0,1.0,0.4305951907765734,0.340843351,0.0,0.0161007589,0.9018523103,0.0,0.0,0.9045759937927155,0.9131620452718767,0.04446937910414259,0.030161046551604398
R_3oGxWzvzrZAX87o,diabetes,counterfactual,18,52,feature contribution,0.7431212791759656,1.0,0.0,0.46029211329159525,0.35607039620000003,0.0,0.0901797226,0.9182439378,0.0,0.0,0.9064158361985756,0.9420329110835759,0.3091664287201027,0.3813525846383232
R_3oGxWzvzrZAX87o,diabetes,counterfactual,19,12,feature contribution,0.34144385333409677,0.5,0.5,0.2771626667588934,0.28390774046666667,0.0,0.0020131081,0.8680113198,0.0,0.0,0.942642198725162,0.9066892429498259,0.05726297203409847,0.05948139126398022
R_3oGxWzvzrZAX87o,diabetes,counterfactual,20,58,feature contribution,0.2767385813729178,1.0,0.0,0.40373274448647567,0.3091893334,1.0,0.0029528696,0.9038000074,0.0,0.0,0.9283369125652442,0.9051499692733952,0.029441476617521112,0.015798628337693243
R_3obc8KIkN9SGl0t,diabetes,attribution,1,30,weighted examples,0.3804027616241975,0.6666666666666666,0.0,0.22138772442170004,0.2678532137454054,1.0,0.1247545939,0.9778567742,0.0,0.0,0.924632753942728,0.8610803554774507,0.04665212397061713,0.2346431159404283
R_3obc8KIkN9SGl0t,diabetes,attribution,2,26,weighted examples,0.307558945706794,0.5,0.5,0.19971888565214435,0.24992354866666666,1.0,0.1866686122,0.971534256,0.0,0.0,0.9645268484603041,0.9594314986004275,0.012215958642953106,0.12543790566785984
R_3obc8KIkN9SGl0t,diabetes,attribution,3,42,weighted examples,0.3332249906385746,0.0,0.5,0.18289230085546418,0.15033897066666668,1.0,0.2105050045,0.9447918367,0.0,1.0,0.9354405835402205,0.9352162451645133,0.012733128479036904,0.0010183916351145794
R_3obc8KIkN9SGl0t,diabetes,attribution,4,56,weighted examples,0.4535395820088556,0.5,0.0,0.24827384323384258,0.259193044,1.0,0.1918507984,0.9493551106,1.0,0.0,0.9523969917745329,0.9392345824552586,0.05004481926593052,0.10946303897949788
R_3obc8KIkN9SGl0t,diabetes,attribution,5,53,weighted examples,0.28408914280457387,0.6666666666666666,0.6666666666666666,0.22879497527383846,0.27248679875,1.0,0.092781213,0.9493038594,0.0,0.0,0.9532618687034086,0.9478084048328584,0.11869124979138246,0.07219051996281636
R_3obc8KIkN9SGl0t,diabetes,attribution,6,32,weighted examples,0.5072930576843421,1.0,0.5,0.0857031104847803,0.223705292,0.0,0.0328996029,0.967648079,1.0,1.0,0.9358414698049604,0.9427947305002444,0.0480515650205266,0.04863702462660645
R_3obc8KIkN9SGl0t,diabetes,attribution,7,35,weighted examples,0.4621990362371073,0.5,0.0,0.22824170002887723,0.2320590205,0.0,0.2717909302,0.8416345668,0.0,0.0,0.8907585404975479,0.9021031998198639,0.19188970600431365,0.27722616086502705
R_3obc8KIkN9SGl0t,diabetes,attribution,8,14,weighted examples,0.5120820799931033,0.5,0.5,0.2698236182543694,0.24023183466666667,1.0,0.2055232715,0.9087187085,1.0,0.0,0.9254345114759366,0.9403374297198187,0.002948948733843715,0.2545813930247104
R_3obc8KIkN9SGl0t,diabetes,attribution,9,33,weighted examples,0.6254552843347451,0.0,0.0,0.2662919662297297,0.2115622365,1.0,0.2396724185,0.9224837149,0.0,1.0,0.9211647073057059,0.9499103247440124,0.10303140422495896,0.06470056586395556
R_3obc8KIkN9SGl0t,diabetes,attribution,10,7,weighted examples,0.4923259636595069,0.5,0.5,0.31496935183157065,0.29861604199999997,1.0,0.1639387713,0.8935234622,1.0,0.0,0.9215331569463605,0.919655005255158,0.06339221308281429,0.019681899288441884
R_3obc8KIkN9SGl0t,diabetes,attribution,11,59,weighted examples,0.7083568116661644,0.0,0.0,0.40743076162665065,0.34756844075000004,0.0,0.0175765918,0.9205482772,0.0,0.0,0.9506287515486574,0.9276170061214525,0.013748919154347117,0.15188955188149975
R_3obc8KIkN9SGl0t,diabetes,attribution,12,11,weighted examples,0.3072574194330131,0.5,0.5,0.1915196310758531,0.17076490253333332,0.0,0.1986018706,0.9339004109,0.0,0.0,0.9658892901653012,0.9663818057546709,0.09777846919641486,0.18974401251973178
R_3obc8KIkN9SGl0t,diabetes,attribution,13,0,weighted examples,0.3072356228078493,0.5,0.5,0.1888583245200679,0.04850057546666667,0.0,0.0426319345,0.8486631781,1.0,0.0,0.914396667529953,0.8583042223308484,0.061173064084083156,0.009538936532192288
R_3obc8KIkN9SGl0t,diabetes,attribution,14,12,weighted examples,0.48450044184601343,0.5,0.5,0.16884580923825368,0.13406607559999997,0.0,0.1320537601,0.9002729115,0.0,0.0,0.9437924172596274,0.9066892429498259,0.05714859237384534,0.05070757592731845
R_3obc8KIkN9SGl0t,diabetes,attribution,15,52,weighted examples,0.41224318904649654,1.0,0.5,0.2504345807808337,0.1119790508666667,0.0,0.3549023115,0.9004650367,0.0,0.0,0.9330513445631914,0.9220329110835759,0.27848473882365576,0.37077424543405835
R_3obc8KIkN9SGl0t,diabetes,attribution,16,31,weighted examples,0.4962921682246985,0.0,1.0,0.2796674192457341,0.381163724,1.0,0.2634011603,0.8496155851,0.0,0.0,0.9729697185891693,0.9692113074651624,0.05532861728782201,0.25771109371462975
R_3obc8KIkN9SGl0t,diabetes,attribution,17,20,weighted examples,0.6125723791758134,0.0,1.0,0.3378849432743243,0.4271212379,1.0,0.2535548411,0.9265183118,0.0,1.0,0.9606010518051529,0.9565822237699002,0.08341989732158817,0.01815119974213386
R_3obc8KIkN9SGl0t,diabetes,attribution,18,15,weighted examples,0.4803819229300449,0.0,0.6666666666666666,0.19057985880516948,0.07823147165000001,0.0,0.3006927844,0.8791998378,0.0,0.0,0.9245737096270585,0.8611476926576482,0.19594535757063203,0.24442248410869108
R_3obc8KIkN9SGl0t,diabetes,attribution,19,51,weighted examples,0.21909404023185547,0.5,1.0,0.24614445637748306,0.21726562315000003,0.0,0.2105093217,0.8609498832,0.0,0.0,0.9313918832034405,0.9079446539675289,0.034617298608980634,0.034152704695248504
R_3obc8KIkN9SGl0t,diabetes,attribution,20,58,weighted examples,0.37590152666149446,1.0,0.0,0.33628565634722785,0.4055091138333333,1.0,0.3424028022,0.8915285066,1.0,1.0,0.9272266016134827,0.9164271621137545,0.10229694843400058,0.06290082514938583
R_3rxDc2Hw1SSJ2Es,housing,none,1,2987,feature contribution,0.3283052006729463,1.0,0.6666666666666666,0.18649679132279204,0.16761363634999998,1.0,0.3811790087,0.9472727273,1.0,1.0,0.9773259892618441,0.98875,0.0583778246493494,0.16917646913881842
R_3rxDc2Hw1SSJ2Es,housing,none,2,692,feature contribution,0.3635823496922045,0.0,1.0,0.3996909507572281,0.35833333334999995,1.0,0.2339952994,0.9886363636,1.0,1.0,0.9668291808917291,0.9789772727272728,0.4137841129600936,0.03034496096452627
R_3rxDc2Hw1SSJ2Es,housing,none,3,614,feature contribution,0.5794625816342768,0.75,0.75,0.2348924277175739,0.29558333334,1.0,0.3491891736,0.9942954545,1.0,1.0,0.9655258003934374,0.9577272727272728,0.11641964730725791,0.014153532867583862
R_3rxDc2Hw1SSJ2Es,housing,none,4,1760,feature contribution,0.44242654351236954,1.0,0.3333333333333333,0.29023434821702526,0.20660984848,1.0,0.2280922781,0.9999431818,0.0,0.0,0.9887865866498217,0.9779545454545455,0.12142111727054111,0.028578421162163692
R_3rxDc2Hw1SSJ2Es,housing,none,5,102,feature contribution,0.3822445269805337,0.5,1.0,0.20613723840050246,0.3560606061,1.0,0.1107696161,0.9997727273,0.0,0.0,0.988031350497901,0.9798863636363636,0.0023004964046585696,0.030939983621127348
R_3rxDc2Hw1SSJ2Es,housing,none,6,2255,feature contribution,0.46622935416985606,1.0,0.3333333333333333,0.33399157504670846,0.23342803029999998,1.0,0.2755354599,0.9997727273,0.0,0.0,0.9889400555405824,0.958125,0.2036328367687799,0.12161057971914707
R_3rxDc2Hw1SSJ2Es,housing,none,7,577,feature contribution,0.5028122965931552,0.75,0.75,0.24185710873533034,0.32589015152,1.0,0.2719642446,0.9999431818,1.0,1.0,0.9449677200532455,0.9580681818181819,0.3203342448241489,0.04077758338083287
R_3rxDc2Hw1SSJ2Es,housing,none,8,675,feature contribution,1.0,0.75,0.75,0.4141104788296396,0.48518939394,1.0,0.3697920203,0.9988636364,1.0,0.0,0.9495704806209816,0.9598863636363636,0.17041195116223345,0.12050414074363072
R_3rxDc2Hw1SSJ2Es,housing,none,9,2275,feature contribution,0.3511421609548488,0.5,0.0,0.1554317280571386,0.171022727275,1.0,0.4814515332,0.9954545455,1.0,0.0,0.9966841449857169,0.9577272727272728,0.015872425960461956,0.03789599504957042
R_3rxDc2Hw1SSJ2Es,housing,none,10,3174,feature contribution,0.34464739303850445,0.4,0.5,0.2645503497614641,0.3851262626030303,1.0,0.2507278888,0.9967954545,1.0,1.0,0.935711832161008,0.9230681818181818,0.08337183991705428,0.056286733310353526
R_3rxDc2Hw1SSJ2Es,housing,none,11,1751,feature contribution,0.4133213715478732,0.75,0.75,0.3302392664896948,0.4022348484,0.0,0.0279544807,0.9952272727,1.0,0.0,0.9688895213042447,0.9353409090909091,0.15185678667457805,0.291169603713204
R_3rxDc2Hw1SSJ2Es,housing,none,12,1657,feature contribution,0.40792090909926443,0.75,0.75,0.3101343734031342,0.323712121,0.0,0.0945040321,0.9838636364,1.0,0.0,0.9653637987269414,0.9580681818181819,0.14993950050866042,0.31946432110017325
R_3rxDc2Hw1SSJ2Es,housing,none,13,1155,feature contribution,1.0,0.8888888888888888,0.8888888888888888,0.35936074714857125,0.649905303,1.0,0.1216780642,0.9871022727,1.0,0.0,0.954550346803665,0.9393181818181818,0.11654960713921139,0.5414208658967457
R_3rxDc2Hw1SSJ2Es,housing,none,14,456,feature contribution,0.4047805455161788,0.75,0.5714285714285714,0.38727604614568906,0.4344772726,0.0,0.0240560154,0.9822045455,1.0,0.0,0.9690866233850566,0.9593181818181818,0.06148148369679224,0.23254941430783688
R_3rxDc2Hw1SSJ2Es,housing,none,15,2728,feature contribution,1.0,1.0,1.0,0.31740498147200263,0.302367424,0.0,0.0169261656,0.9996022727,1.0,1.0,0.9307818018184222,0.9289772727272727,0.19136245321986062,0.19293960947427502
R_3rxDc2Hw1SSJ2Es,housing,none,16,553,feature contribution,1.0,1.0,1.0,0.29593764220723023,0.42386363619999995,1.0,0.1687351572,0.99625,1.0,0.0,0.9410271078390134,0.9377272727272727,0.1072439184277594,0.30136012955282193
R_3rxDc2Hw1SSJ2Es,housing,none,17,2462,feature contribution,1.0,1.0,1.0,0.2915874699835955,0.4516022726,1.0,0.1111207456,0.9949886364,1.0,0.0,0.9215875712431245,0.9331818181818181,0.04368972679713997,0.5121707136303568
R_3rxDc2Hw1SSJ2Es,housing,none,18,2767,feature contribution,1.0,1.0,1.0,0.2734327482764064,0.4131818182,1.0,0.0012661249,0.9997727273,1.0,0.0,0.9633992965929956,0.9365909090909091,0.09303424307360048,0.31469271686648537
R_3rxDc2Hw1SSJ2Es,housing,none,19,2447,feature contribution,1.0,0.8888888888888888,0.8888888888888888,0.44706491523189806,0.5202348485818182,1.0,0.1188942536,0.998,1.0,0.0,0.9555511077923863,0.9593181818181818,0.12318798986579507,0.01693925796384138
R_3rxDc2Hw1SSJ2Es,housing,none,20,172,feature contribution,0.3639832061331075,0.6666666666666666,1.0,0.35315875621009213,0.32626262600000006,1.0,0.0175310761,1.0,1.0,1.0,0.9181565265828736,0.9388636363636363,0.16293302560589512,0.08441140777380118
R_3u3Hr91OxYQ7j2h,diabetes,none,1,7,weighted examples,1.0,1.0,1.0,0.056156861825654124,0.10632782825,1.0,0.1850908172,0.9626937078,1.0,1.0,0.9547201796503957,0.9416341036893116,0.26996281179898723,0.002022288144877399
R_3u3Hr91OxYQ7j2h,diabetes,none,2,42,weighted examples,0.4490357870345209,0.5,0.5,0.11696680128486259,0.12726951250765758,1.0,0.0840191477,0.9456989707,1.0,0.0,0.9304092893826755,0.9299164728451954,0.05350494899552155,0.05001867657301373
R_3u3Hr91OxYQ7j2h,diabetes,none,3,33,weighted examples,0.38686375422568947,0.5,0.0,0.1300021840892124,0.20595506533333333,1.0,0.3186408844,0.9256733966,1.0,1.0,0.934178119895487,0.9551277160483601,0.25158702412988426,0.04802266642767078
R_3u3Hr91OxYQ7j2h,diabetes,none,4,14,weighted examples,0.37309986305484094,0.5,0.0,0.1568065134299423,0.1603100995,1.0,0.0384339489,0.8855082253,1.0,0.0,0.9153575359908318,0.9403374297198187,0.19287281481684415,0.2545813930247104
R_3u3Hr91OxYQ7j2h,diabetes,none,5,35,weighted examples,0.4943794372445189,1.0,0.0,0.21254888653052179,0.279552797,0.0,0.3391439846,0.8830788992,0.0,0.0,0.871176161566168,0.8821031998198638,0.38193688307315826,0.4260344978991623
R_3u3Hr91OxYQ7j2h,diabetes,none,6,32,weighted examples,0.6001285843233053,1.0,0.5,0.24278674003043943,0.17128194333333333,1.0,0.0803020912,0.9375835896,1.0,1.0,0.9659045396526987,0.9427947305002444,0.09944129651046747,0.04863702462660645
R_3u3Hr91OxYQ7j2h,diabetes,none,7,30,weighted examples,0.5698626973337315,1.0,1.0,0.3206714506151932,0.046415904000000036,0.0,0.1831571173,0.9157689416,1.0,0.0,0.9290387713150166,0.906485760882856,0.10407449840211816,0.23452070523865032
R_3u3Hr91OxYQ7j2h,diabetes,none,8,56,weighted examples,0.7400623255446496,1.0,0.0,0.06521739143478261,0.2782608695,1.0,0.0220944693,0.9391944263,1.0,0.0,0.926150948031779,0.9367317501534071,0.05730805517626658,0.05611855300781293
R_3u3Hr91OxYQ7j2h,diabetes,none,9,26,weighted examples,0.42464370390096307,1.0,0.5,0.11714400854356687,0.18173361033333335,1.0,0.0087550522,0.9564876951,1.0,0.0,0.9736936995712399,0.9433529701833689,0.09969190517846677,0.11243694370204654
R_3u3Hr91OxYQ7j2h,diabetes,none,10,53,weighted examples,0.3815567581474561,0.5,0.5,0.15139616820670107,0.19335664600000002,0.0,0.0218799923,0.9237222064,1.0,0.0,0.9591640860542441,0.9500462882253672,0.12542923057925634,0.17540301318236856
R_3u3Hr91OxYQ7j2h,diabetes,none,11,51,weighted examples,0.3595423833987668,0.0,0.0,0.25076490124932554,0.14777248765,0.0,0.095265303,0.9155858918,0.0,0.0,0.9370945906010426,0.8879446539675289,0.10366240898254986,0.03983479761999173
R_3u3Hr91OxYQ7j2h,diabetes,none,12,20,weighted examples,0.586418903664675,0.0,0.5,0.15939868053565343,0.168725865,1.0,0.0205197172,0.9538654326,0.0,0.0,0.9463235399907662,0.9365822237699002,0.15955574920019028,0.010862055120935854
R_3u3Hr91OxYQ7j2h,diabetes,none,13,12,weighted examples,0.505662578387007,0.0,0.0,0.22965611518287699,0.1202444505,0.0,0.01875771,0.9398876786,1.0,0.0,0.9008822822320522,0.9598876785900232,0.009620037904856327,0.0841973824852304
R_3u3Hr91OxYQ7j2h,diabetes,none,14,59,weighted examples,0.7522112821465947,0.0,0.0,0.2849420332533013,0.1152173915,1.0,0.0351840091,0.9642482018,0.0,0.0,0.9656756732722425,0.955003915898185,0.024629377285735943,0.04534873713990473
R_3u3Hr91OxYQ7j2h,diabetes,none,15,58,weighted examples,0.5717516539535561,0.5,0.5,0.24288318890565708,0.14373391,0.0,0.2283067502,0.913692232,1.0,1.0,0.9076790402255774,0.8964271621137545,0.06459055843785899,0.08420137313545367
R_3u3Hr91OxYQ7j2h,diabetes,none,16,31,weighted examples,0.7169136220448046,0.0,0.0,0.21578877880726058,0.08512222550000001,0.0,0.1789966983,0.9520217189,1.0,0.0,0.9407767197258701,0.9621804388002316,0.08778477797020232,0.09774009660643773
R_3u3Hr91OxYQ7j2h,diabetes,none,17,0,weighted examples,0.5456385788174786,0.0,0.0,0.4699388104710145,0.2880547525,0.0,0.0166773734,0.945519973,1.0,1.0,0.931178966969813,0.8692429605247338,0.19584402365847706,0.07652893562043278
R_3u3Hr91OxYQ7j2h,diabetes,none,18,15,weighted examples,0.4700600164604666,0.0,0.0,0.49861011532647503,0.289130435,0.0,0.4598033709,0.9594085622,1.0,0.0,0.928440245743141,0.9011476926576483,0.026193627305008182,0.20937421572937065
R_3u3Hr91OxYQ7j2h,diabetes,none,19,52,weighted examples,0.6799469420035033,0.0,1.0,0.40559132950578125,0.447826087,0.0,0.4277703202,0.9158745183,0.0,0.0,0.8918221262127286,0.9368155197792281,0.08080839610689586,0.2979593921360224
R_3u3Hr91OxYQ7j2h,diabetes,none,20,11,weighted examples,0.4220940188604882,0.0,1.0,0.20859362853460292,0.317391304,0.0,0.1144614188,0.9649418411,0.0,0.0,0.9575707012141668,0.9367205056691914,0.03755994578130539,0.2265677828031491
R_502VKXs2OjYkMTQ,diabetes,none,1,56,weighted examples,0.4461536838805657,1.0,0.6666666666666666,0.17280718679300486,0.35610884875000004,1.0,0.3179981492,0.9586713159,1.0,0.0,0.9384351223532617,0.9421016051281109,0.11588764999463813,0.06126444322597602
R_502VKXs2OjYkMTQ,diabetes,none,2,35,weighted examples,0.5616350414836943,1.0,0.5,0.05464818970621077,0.527218467,1.0,0.1292886606,0.9299540424,1.0,0.0,0.9089196450070939,0.9000352031915975,0.2300855731785137,0.4107172371454043
R_502VKXs2OjYkMTQ,diabetes,none,3,53,weighted examples,0.41278532156481124,1.0,1.0,0.0928675055121936,0.459545077,1.0,0.1757971513,0.8907792335,1.0,0.0,0.9312554209036336,0.9453971388532858,0.40198571884032147,0.07540301318236853
R_502VKXs2OjYkMTQ,diabetes,none,4,14,weighted examples,1.0,1.0,1.0,0.1646625788231872,0.260560169,1.0,0.3269791196,0.8917857734,1.0,0.0,0.9166180156235766,0.9139405584394242,0.37278969415347424,0.07317786272760335
R_502VKXs2OjYkMTQ,diabetes,none,5,33,weighted examples,0.37214801926754165,1.0,0.8,0.26401716175270434,0.3377974160000001,1.0,0.3438611774,0.892827366,1.0,1.0,0.9109666644798792,0.9316655748294196,0.37282152692597714,0.141862006569438
R_502VKXs2OjYkMTQ,diabetes,none,6,7,weighted examples,1.0,1.0,1.0,0.1467826671460899,0.300007872,1.0,0.309910779,0.9415547804,1.0,1.0,0.9392047645314343,0.9416341036893116,0.2693373399840674,0.002022288144877399
R_502VKXs2OjYkMTQ,diabetes,none,7,32,weighted examples,0.545690406790226,0.6666666666666666,1.0,0.1671663173509788,0.33601172166666665,1.0,0.1750846558,0.9543246168,1.0,1.0,0.9800301931120113,0.9568025522992581,0.10944091657583656,0.042463960663437494
R_502VKXs2OjYkMTQ,diabetes,none,8,30,weighted examples,0.6121937458705226,0.6666666666666666,1.0,0.3010629642813467,0.28044967299999995,1.0,0.1337133048,0.9337672811,1.0,0.0,0.9529536569300601,0.8884953910396058,0.13239538027558195,0.21444816824536891
R_502VKXs2OjYkMTQ,diabetes,none,9,26,weighted examples,0.42464370390096307,1.0,0.5,0.02763135556535032,0.34958439,1.0,0.12080278,0.9316388554,1.0,1.0,0.9329234504501429,0.9434489340863859,0.1586754809431117,0.06206935556336346
R_502VKXs2OjYkMTQ,diabetes,none,10,42,weighted examples,0.4490357870345209,0.5,0.0,0.26206602934033735,0.27586011713074315,1.0,0.0601830827,0.9305462285,1.0,0.0,0.9094208085359942,0.930256089493741,0.17358725157644955,0.13087198455318227
R_502VKXs2OjYkMTQ,diabetes,none,11,0,weighted examples,0.4496128637673461,0.6666666666666666,1.0,0.3267771323456864,0.4672551096666666,0.0,0.0105734558,0.9316127633,0.0,1.0,0.9400639739366621,0.8383042223308483,0.24117368033247324,0.0026359758297038183
R_502VKXs2OjYkMTQ,diabetes,none,12,11,weighted examples,0.46549921337105127,0.5,0.5,0.23036871631721167,0.291340305,0.0,0.2468087283,0.951277788,1.0,0.0,0.9403963998254155,0.9567205056691914,0.05519243758193115,0.19950021109359706
R_502VKXs2OjYkMTQ,diabetes,none,13,51,weighted examples,0.3595423833987668,0.0,0.0,0.5555755768989883,0.3760869565,0.0,0.3311320517,0.9053109951,0.0,1.0,0.9064961078811775,0.9209563058103415,0.14522001807700716,0.050146147318997775
R_502VKXs2OjYkMTQ,diabetes,none,14,59,weighted examples,0.41444396371557596,0.5,0.5,0.48232540209734703,0.26762825,0.0,0.1065059329,0.933068411,1.0,0.0,0.9286077973272167,0.927842137695044,0.009680971306187142,0.16776492471344281
R_502VKXs2OjYkMTQ,diabetes,none,15,31,weighted examples,0.5002936798613968,0.5,0.5,0.41479232523479687,0.22108229366666668,0.0,0.0850548004,0.9268583121,1.0,0.0,0.9326016630800399,0.9716190608244436,0.03321686297444826,0.2190897436609574
R_502VKXs2OjYkMTQ,diabetes,none,16,58,weighted examples,0.46218038098546965,1.0,1.0,0.4815209376773262,0.38352165699999996,0.0,0.2077086905,0.8544120218,0.0,1.0,0.8778035171435231,0.9281632689907193,0.06178900048216568,0.021132361899546148
R_502VKXs2OjYkMTQ,diabetes,none,17,20,weighted examples,0.586418903664675,0.0,0.5,0.31657070342848015,0.3230523743333333,0.0,0.1078752138,0.9205348037,0.0,0.0,0.941856877721895,0.9758634749480304,0.1537935341291939,0.1830230104678086
R_502VKXs2OjYkMTQ,diabetes,none,18,12,weighted examples,0.5809741158400764,0.6666666666666666,1.0,0.44855055411926836,0.31098024166666666,0.0,0.2296461444,0.8841792878,1.0,1.0,0.9355183244492458,0.9316385129325034,0.16779508993651615,0.044605395051650065
R_502VKXs2OjYkMTQ,diabetes,none,19,15,weighted examples,0.4700600164604666,0.0,0.0,0.8892195204897125,0.55,0.0,0.3165727171,0.8596996938,1.0,0.0,0.8915018868853465,0.9011476926576483,0.2856733076310082,0.20937421572937065
R_502VKXs2OjYkMTQ,diabetes,none,20,52,weighted examples,0.5002431890438656,0.5,0.5,0.5561391953832283,0.5211594201950926,0.0,0.2617365328,0.909857806,1.0,0.0,0.9068624696349351,0.8895855944215919,0.04005549400493517,0.2768094981325648
R_51KsCVvwgplPovt,housing,none,1,2987,feature contribution,0.32150005819598815,0.4,0.3333333333333333,0.21287634601401373,0.22920075752000005,1.0,0.1829959918,0.9900795455,1.0,1.0,0.9814749019321385,0.9297727272727273,0.04497751740288705,0.0869357773426855
R_51KsCVvwgplPovt,housing,none,2,675,feature contribution,0.5568070174584341,0.5714285714285714,0.3333333333333333,0.19977885979674762,0.24121212119999996,0.0,0.0674969831,0.9939772727,1.0,0.0,0.9753413293203658,0.96,0.0019857542662843064,0.1942602210429749
R_51KsCVvwgplPovt,housing,none,3,1760,feature contribution,0.32150005819598815,0.6666666666666666,0.6666666666666666,0.10848555054457361,0.09352272724999998,1.0,0.0869652707,0.9909772727,0.0,0.0,0.9923170636734566,0.9597727272727273,0.14871641533221006,0.10512966395768286
R_51KsCVvwgplPovt,housing,none,4,692,feature contribution,0.32150005819598815,1.0,1.0,0.20581067094729422,0.24371843436666663,1.0,0.1700652514,0.9953977273,1.0,1.0,0.963275107521273,0.9593181818181818,0.3317750325916705,0.1291572794149762
R_51KsCVvwgplPovt,housing,none,5,577,feature contribution,0.32150005819598815,1.0,0.6666666666666666,0.27594460652865943,0.2823626894,1.0,0.3077438044,0.9972159091,1.0,1.0,0.9706560067047681,0.9780681818181818,0.1735954335495779,0.028357456656901037
R_51KsCVvwgplPovt,housing,none,6,102,feature contribution,0.3068233974325252,0.5,1.0,0.15914499845213004,0.18164772729999998,1.0,0.0001395314,0.9921136364,1.0,0.0,0.9924838596486336,0.9980681818181818,0.10783533045336724,0.10979258086658594
R_51KsCVvwgplPovt,housing,none,7,614,feature contribution,0.3068233974325252,1.0,0.5,0.1251200404157577,0.15085227273333332,1.0,0.2541329701,0.999375,1.0,0.0,0.986369753858787,0.96,0.001252347251448016,0.021916190938059465
R_51KsCVvwgplPovt,housing,none,8,2255,feature contribution,0.3068233974325252,0.5,0.5,0.07849091091686218,0.09583333333333334,0.0,0.1550812871,0.9925568182,0.0,0.0,0.9937114143319601,0.9799431818181819,0.22559881961905612,0.19412797167015533
R_51KsCVvwgplPovt,housing,none,9,3174,feature contribution,0.32150005819598815,0.4,0.5,0.21163520791597606,0.25023989896666665,1.0,0.132620146,0.9916363636,1.0,1.0,0.9386766821381283,0.9453409090909091,0.06561883291305425,0.14413448637799176
R_51KsCVvwgplPovt,housing,none,10,2275,feature contribution,0.6246897251397974,0.0,1.0,0.1951283625897497,0.2667613636,1.0,0.3105141849,0.9869886364,1.0,1.0,0.9930282004113729,0.9936363636363637,0.01631146398514874,0.09176943199202292
R_51KsCVvwgplPovt,housing,none,11,553,feature contribution,0.5568070174584341,1.0,1.0,0.41669421182411254,0.46074810625,1.0,0.1856686937,0.9776136364,0.0,0.0,0.9513686453747658,0.9398863636363637,0.04896460194556945,0.20136012955282184
R_51KsCVvwgplPovt,housing,none,12,1751,feature contribution,0.32150005819598815,0.6666666666666666,0.6666666666666666,0.2822823775430173,0.41851325775000003,0.0,0.0059548481,0.9996590909,0.0,0.0,0.97237468937336,0.9595454545454546,0.06594937049200594,0.405163772811257
R_51KsCVvwgplPovt,housing,none,13,2462,feature contribution,0.5568070174584341,0.75,0.75,0.342879923606106,0.4583674242000001,1.0,0.2669092767,0.9892840909,0.0,0.0,0.9201949717744322,0.9359090909090909,0.18196016943300422,0.513277761512658
R_51KsCVvwgplPovt,housing,none,14,172,feature contribution,0.3068233974325252,0.5,0.5,0.13681407089237763,0.24444444433333334,1.0,0.3303079213,0.9960227273,1.0,1.0,0.955373678610028,0.9588636363636364,0.43938973526432357,0.06212291585834648
R_51KsCVvwgplPovt,housing,none,15,2728,feature contribution,0.32150005819598815,1.0,0.3333333333333333,0.07261098946496343,0.187121212,1.0,0.3638424913,0.9727272727,1.0,1.0,0.9660116291778148,0.9473863636363636,0.3280158318033878,0.05149375540243156
R_51KsCVvwgplPovt,housing,none,16,1155,feature contribution,0.5568070174584341,0.75,0.5714285714285714,0.37168593354387536,0.48195075740000004,1.0,0.1841206894,0.9928977273,0.0,0.0,0.9537355057358217,0.9593181818181818,0.05591553810747202,0.6375876197036593
R_51KsCVvwgplPovt,housing,none,17,2767,feature contribution,0.5568070174584341,0.75,0.75,0.4304142840730405,0.49804924240000004,1.0,0.1948576523,0.9961931818,0.0,0.0,0.9557658612843531,0.9565909090909092,0.11279039428173637,0.3236089695267984
R_51KsCVvwgplPovt,housing,none,18,2447,feature contribution,0.32150005819598815,0.6666666666666666,0.6666666666666666,0.2290854738884413,0.24195075772727276,0.0,0.0614056467,0.9994318182,1.0,1.0,0.9583124705448633,0.9793181818181818,0.04139034033833544,0.011733792392485565
R_51KsCVvwgplPovt,housing,none,19,456,feature contribution,1.0,0.8888888888888888,0.8888888888888888,0.39275165963221775,0.4420719696,1.0,0.0185550083,0.9895568182,0.0,0.0,0.9425097691253912,0.9575,0.09830206592017166,0.33254941430783613
R_51KsCVvwgplPovt,housing,none,20,1657,feature contribution,0.32150005819598815,0.6666666666666666,0.6666666666666666,0.1682585940810306,0.30002367425,1.0,0.1321017781,0.9999431818,0.0,0.0,0.9760476353184997,0.9780681818181819,0.03458101861453933,0.3293333409614458
R_52EcHdeCk0DGfHz,diabetes,counterfactual,1,35,weighted examples,0.5358941698946205,0.0,0.0,0.16972692183155288,0.12608695649999999,0.0,0.3782171993,0.8925379824,0.0,0.0,0.8581474986950918,0.8821031998198638,0.4596076762796374,0.4260344978991623
R_52EcHdeCk0DGfHz,diabetes,counterfactual,2,14,weighted examples,0.2492550943558953,0.6666666666666666,0.6666666666666666,0.07415036001251776,0.090703304125,1.0,0.0514309361,0.9135312768,0.0,0.0,0.9296070030588984,0.9210535444612047,0.004206752125809843,0.12505322174252842
R_52EcHdeCk0DGfHz,diabetes,counterfactual,3,33,weighted examples,0.38430599572655294,0.6666666666666666,0.6666666666666666,0.06361309603721436,0.16036746905,1.0,0.0157051883,0.9477463506,0.0,1.0,0.9392150336605485,0.9270242543741188,0.00651711207357588,0.0565933052085531
R_52EcHdeCk0DGfHz,diabetes,counterfactual,4,7,weighted examples,0.2814489666542834,0.6666666666666666,0.6666666666666666,0.10144545236967747,0.166193449775,0.0,0.0846996119,0.9060048474,0.0,1.0,0.9196126451856748,0.9351765368256978,0.04648880181937798,0.005388007053423044
R_52EcHdeCk0DGfHz,diabetes,counterfactual,5,56,weighted examples,0.241943717940046,0.6666666666666666,0.6666666666666666,0.05577065087360743,0.0942332046,0.0,0.0992713569,0.9685514439,1.0,1.0,0.9441370786647035,0.9506490585524721,0.07836314496322494,0.00016148403611437878
R_52EcHdeCk0DGfHz,diabetes,counterfactual,6,32,weighted examples,0.3079026443986647,0.3333333333333333,0.6666666666666666,0.08371960561584055,0.10833691487027028,0.0,0.1225904242,0.9233205574,0.0,1.0,0.9524184871725823,0.8973629308751739,0.03679932635991345,0.17921340955351658
R_52EcHdeCk0DGfHz,diabetes,counterfactual,7,53,weighted examples,0.1721309629142083,0.6666666666666666,0.3333333333333333,0.08989585046047482,0.11343059324,0.0,0.0578770029,0.9185171,0.0,0.0,0.9252723704343977,0.9453971388532858,0.23323517957417977,0.07540301318236853
R_52EcHdeCk0DGfHz,diabetes,counterfactual,8,26,weighted examples,0.39427541968092117,0.6666666666666666,0.6666666666666666,0.07453575942653365,0.115357846375,1.0,0.0150173478,0.9712766372,0.0,0.0,0.9504219963964152,0.963352970183369,0.1454924736284583,0.12351120824215261
R_52EcHdeCk0DGfHz,diabetes,counterfactual,9,42,weighted examples,0.26612966384253733,0.0,0.5,0.059287065650291855,0.1025603505409909,1.0,0.0407837308,0.9405505174,0.0,0.0,0.9377353352221998,0.9164743494038362,0.06174279131802614,0.09893458121521614
R_52EcHdeCk0DGfHz,diabetes,counterfactual,10,30,weighted examples,0.5154620758712389,0.6666666666666666,0.4,0.06948434156613958,0.09728666484999998,0.0,0.2574934292,0.9131968065,0.0,0.0,0.9244127027329262,0.9084953910396059,0.2159530938189878,0.13452070523865026
R_52EcHdeCk0DGfHz,diabetes,counterfactual,11,11,weighted examples,0.403319279958339,0.0,1.0,0.06951774304372516,0.014980445499999981,0.0,0.1700318544,0.9737244166,0.0,0.0,0.9496580709190791,0.9767205056691914,0.21320483791815042,0.13735589885030536
R_52EcHdeCk0DGfHz,diabetes,counterfactual,12,52,weighted examples,0.5336504606401219,0.5,0.0,0.061894278379496105,0.09770001642131951,0.0,0.1974062936,0.9161392408,0.0,0.0,0.9161248184795999,0.9295855944215919,0.3270144008173529,0.37213422018118925
R_52EcHdeCk0DGfHz,diabetes,counterfactual,13,31,weighted examples,0.7183893197235817,1.0,0.0,0.001668536452068367,0.08825879949999998,0.0,0.1312270493,0.9574839586,0.0,0.0,0.9578176658906453,0.9621804388002316,0.11955396115443773,0.2267923338408947
R_52EcHdeCk0DGfHz,diabetes,counterfactual,14,0,weighted examples,0.4400043966901367,0.5,0.5,0.06261694620742135,0.10951491176666667,1.0,0.0181383085,0.8879305352,1.0,1.0,0.8992913283278072,0.8871749638964674,0.0067483919687591765,0.104318459968607
R_52EcHdeCk0DGfHz,diabetes,counterfactual,15,59,weighted examples,0.42310892919145304,1.0,0.0,0.02366513421694468,0.06970021755,0.0,0.0845210208,0.9473633078,0.0,0.0,0.9568293614645684,0.9532104256279155,0.07996896721668306,0.004179971938494925
R_52EcHdeCk0DGfHz,diabetes,counterfactual,16,58,weighted examples,0.23096424897198503,0.3333333333333333,0.4,0.06739387084592666,0.0930448119,1.0,0.0351562639,0.9462129805,1.0,1.0,0.9177511433675154,0.8964271621137545,0.038340181059997536,0.08420137313545367
R_52EcHdeCk0DGfHz,diabetes,counterfactual,17,51,weighted examples,0.3156868782412145,0.5,0.5,0.1028090206762653,0.08971087886666668,0.0,0.0767362267,0.9203590348,0.0,1.0,0.9224183196157061,0.9405310134241849,0.029970413586543454,0.036614760362470994
R_52EcHdeCk0DGfHz,diabetes,counterfactual,18,12,weighted examples,0.39119249259036726,0.5,0.5,0.0897316424432399,0.08157564646666665,0.0,0.0371793551,0.9412221159,0.0,0.0,0.9231653325518925,0.9398876785900232,0.01348050703643211,0.09387530587774434
R_52EcHdeCk0DGfHz,diabetes,counterfactual,19,15,weighted examples,0.2969988045634103,0.0,0.5,0.1643279912924821,0.1278904866,1.0,0.0022379339,0.909884621,0.0,0.0,0.928375922119954,0.8700568299367083,0.3025178604280811,0.14442248410869107
R_52EcHdeCk0DGfHz,diabetes,counterfactual,20,20,weighted examples,0.31526949084233025,0.6666666666666666,0.3333333333333333,0.08025396577722413,0.07995770443999999,0.0,0.0639897127,0.9516625573,0.0,0.0,0.9451876048102099,0.9221956648502792,0.035711484150949435,0.15424929848112795
R_55tIhWzHfQVe7nG,diabetes,counterfactual,1,30,feature contribution,0.36138581639513107,1.0,0.5,0.1815947637095302,0.13099087066666668,0.0,0.1484388795,0.87024051,0.0,0.0,0.8836336518683432,0.9084953910396059,0.26499284134337897,0.13452070523865026
R_55tIhWzHfQVe7nG,diabetes,counterfactual,2,33,feature contribution,0.36138581639513107,0.6666666666666666,0.0,0.056209567557072904,0.115058140675,1.0,0.1322792827,0.9407653697,1.0,1.0,0.9212282603465904,0.9699103247440123,0.1516032282231053,0.0932914770138129
R_55tIhWzHfQVe7nG,diabetes,counterfactual,3,26,feature contribution,0.4258160578917468,1.0,0.6666666666666666,0.08810140609476297,0.20208785015,1.0,0.068601115,0.9510638388,1.0,0.0,0.9713562317620017,0.963352970183369,0.03336955454235471,0.12351120824215261
R_55tIhWzHfQVe7nG,diabetes,counterfactual,4,53,feature contribution,0.36138581639513107,1.0,0.5,0.044688629209466035,0.27990295159999995,0.0,0.0892045823,0.9216488895,1.0,0.0,0.9320873506540098,0.9449924457738775,0.046576834595278116,0.07020935569562506
R_55tIhWzHfQVe7nG,diabetes,counterfactual,5,14,feature contribution,0.36138581639513107,1.0,1.0,0.10030042710994101,0.29243136055,1.0,0.0684365741,0.9371262246,1.0,0.0,0.912614024518165,0.9367270628464083,0.21410617932373674,0.1166424182720372
R_55tIhWzHfQVe7nG,diabetes,counterfactual,6,42,feature contribution,0.4258160578917468,1.0,0.6666666666666666,0.08215791053292236,0.07900974734999999,1.0,0.0636465756,0.9578656808,0.0,1.0,0.9501279857639235,0.9530771976918082,0.056435540219791025,0.0361394244151938
R_55tIhWzHfQVe7nG,diabetes,counterfactual,7,32,feature contribution,0.36138581639513107,1.0,0.5,0.17010626832020384,0.24506222100000005,1.0,0.1663276104,0.9321202768,1.0,1.0,0.904887155692278,0.9328672416905145,0.12796074110498445,0.06404615179089405
R_55tIhWzHfQVe7nG,diabetes,counterfactual,8,7,feature contribution,0.36138581639513107,1.0,0.5,0.06131527222125453,0.12944729199999996,1.0,0.0995405785,0.9261883866,0.0,1.0,0.9507144954885335,0.9380333836335364,0.03418579996661947,0.07396686257409688
R_55tIhWzHfQVe7nG,diabetes,counterfactual,9,56,feature contribution,0.36138581639513107,0.5,0.5,0.18139185603190014,0.218933978,1.0,0.1651819115,0.933345882,1.0,1.0,0.9251126724336127,0.9515143588490593,0.013836505827079765,0.017291215375215052
R_55tIhWzHfQVe7nG,diabetes,counterfactual,10,35,feature contribution,0.4258160578917468,1.0,0.6666666666666666,0.1656174669786494,0.31932481276739133,0.0,0.0793607215,0.8884364083,0.0,0.0,0.8748088953072809,0.8654052806755738,0.356601563644774,0.5079280187075761
R_55tIhWzHfQVe7nG,diabetes,counterfactual,11,51,feature contribution,0.4258160578917468,1.0,0.6666666666666666,0.15208242112989415,0.15236202189999998,0.0,0.0459705003,0.9523894459,0.0,1.0,0.9085309767485212,0.9209397871853792,0.029470461392469116,0.06703623971019146
R_55tIhWzHfQVe7nG,diabetes,counterfactual,12,52,feature contribution,0.36138581639513107,1.0,0.5,0.038380712667012096,0.10255435546666665,0.0,0.1415112542,0.9137732384,0.0,0.0,0.9211429372831322,0.916815519779228,0.11483091730857625,0.2578271134995265
R_55tIhWzHfQVe7nG,diabetes,counterfactual,13,11,feature contribution,0.36138581639513107,1.0,0.5,0.055233992885624236,0.05273764016666666,0.0,0.1692170369,0.9551439147,0.0,0.0,0.9704566869234411,0.9351495311412242,0.1466729069213411,0.16347039894454068
R_55tIhWzHfQVe7nG,diabetes,counterfactual,14,15,feature contribution,0.7589020894168516,0.0,0.0,0.31149831575498077,0.310869565,0.0,0.5617835248,0.9553518677,0.0,0.0,0.9013991929596405,0.8652720843098796,0.18836682214894274,0.12609013263983881
R_55tIhWzHfQVe7nG,diabetes,counterfactual,15,0,feature contribution,0.36138581639513107,0.5,0.5,0.20843171125527027,0.20347274070000002,1.0,0.072901208,0.9429235973,0.0,1.0,0.8611546409730236,0.8701820180979123,0.014545458324758231,0.08636895084160079
R_55tIhWzHfQVe7nG,diabetes,counterfactual,16,59,feature contribution,0.4258160578917468,1.0,0.6666666666666666,0.057314911934062816,0.11207567334999999,1.0,0.0469418114,0.970296419,0.0,0.0,0.9451367663415482,0.9443476408104859,0.05523758166724216,0.057092238889524666
R_55tIhWzHfQVe7nG,diabetes,counterfactual,17,31,feature contribution,0.36138581639513107,1.0,0.5,0.030327517136697454,0.10855988863333331,1.0,0.0394746937,0.9292525922,1.0,0.0,0.9329044665807074,0.9821804388002316,0.0988710197694834,0.12679233384089472
R_55tIhWzHfQVe7nG,diabetes,counterfactual,18,58,feature contribution,0.36138581639513107,1.0,0.5,0.08985303168398669,0.12712092556666665,0.0,0.0283632665,0.9118907136,0.0,1.0,0.9260862913128765,0.9364271621137545,0.012567417032901984,0.06704512804578555
R_55tIhWzHfQVe7nG,diabetes,counterfactual,19,20,feature contribution,0.36138581639513107,1.0,0.5,0.24756167776976162,0.17658780509999997,1.0,0.2973054666,0.9237052447,0.0,0.0,0.9564245727158726,0.9399878666002617,0.059173328410454196,0.14370581079774541
R_55tIhWzHfQVe7nG,diabetes,counterfactual,20,12,feature contribution,0.36138581639513107,1.0,0.5,0.08297897523679953,0.1352975909,0.0,0.0793414506,0.9055106883,0.0,1.0,0.9387022785045457,0.9048369485727007,0.033546116357716316,0.02939815502386328
R_5ARKBiJcbeCMbPI,housing,none,1,3174,feature contribution,0.3461705387828752,1.0,0.5,0.21986343421165938,0.22000000000303033,1.0,0.1772189492,0.9791590909,1.0,1.0,0.9403309807255155,0.9030681818181818,0.060007231258919456,0.15197132124676022
R_5ARKBiJcbeCMbPI,housing,none,2,2275,feature contribution,0.36563066472662775,0.0,0.0,0.11763300581612147,0.16363636365,1.0,0.2190421593,0.9960227273,0.0,0.0,0.9961286158608241,0.9777272727272728,0.007972900701659957,0.01351339469755436
R_5ARKBiJcbeCMbPI,housing,none,3,675,feature contribution,0.4883944866299173,0.8571428571428571,0.8571428571428571,0.27595914543109823,0.30508996212500006,1.0,0.0882551417,0.9915340909,1.0,0.0,0.9495704806209816,0.9598863636363636,0.17041195116223345,0.12050414074363072
R_5ARKBiJcbeCMbPI,housing,none,4,102,feature contribution,0.251902729666871,0.6666666666666666,0.3333333333333333,0.19632851882690697,0.19364015152,0.0,0.0806959672,0.9985568182,1.0,0.0,0.955608720689488,0.9598863636363636,0.08233746718891677,0.025867864817901154
R_5ARKBiJcbeCMbPI,housing,none,5,577,feature contribution,0.4627155724922627,0.5,1.0,0.15967550922935478,0.29455492424999996,0.0,0.0365811959,0.9975568182,1.0,1.0,0.9688389009120337,0.9798863636363636,0.010964982584489913,0.038781578689806334
R_5ARKBiJcbeCMbPI,housing,none,6,2447,feature contribution,0.6627353877579851,0.75,0.8571428571428571,0.3068414302318981,0.40001420447727276,0.0,0.1100357897,0.9979431818,1.0,0.0,0.9555511077923863,0.9778409090909091,0.12318798986579507,0.11693925796384141
R_5ARKBiJcbeCMbPI,housing,none,7,1751,feature contribution,0.5792045405675194,1.0,0.75,0.2586420462298302,0.2813901514,0.0,0.1894250874,0.9986477273,1.0,0.0,0.9836928224199244,0.9575,0.08251243609953725,0.4114832992064703
R_5ARKBiJcbeCMbPI,housing,none,8,553,feature contribution,0.5724120091683228,1.0,0.75,0.26032638556195775,0.2551515152,0.0,0.1490187352,0.9982954545,1.0,0.0,0.9722129858614046,0.9376136363636364,0.05402622740576797,0.32871048126139657
R_5ARKBiJcbeCMbPI,housing,none,9,172,feature contribution,0.6378023733340753,1.0,0.0,0.0,0.55,1.0,0.1533632533,0.9982954545,1.0,1.0,0.9982954545454545,0.9777272727272728,0.15336325326062306,0.03717494673273794
R_5ARKBiJcbeCMbPI,housing,none,10,2728,feature contribution,0.3469428081664706,0.6666666666666666,0.3333333333333333,0.30060192358867344,0.2900681818,0.0,0.0384685993,0.9950454545,1.0,1.0,0.9470487641411824,0.9589772727272727,0.1259625264794397,0.07802225310107919
R_5BSmZ6kOyBcgvGO,diabetes,counterfactual,1,30,weighted examples,0.4915251321293192,0.0,1.0,0.17064170674475962,0.007234183000000019,0.0,0.2329244834,0.9079325975,0.0,0.0,0.9086420666808325,0.906485760882856,0.03996619538044907,0.23452070523865032
R_5BSmZ6kOyBcgvGO,diabetes,counterfactual,2,32,weighted examples,0.4048290044587583,1.0,0.5,0.14530246413617437,0.10153066833333334,1.0,0.026513754,0.9211015425,1.0,1.0,0.9391290936338536,0.9253770319327532,0.09300876292791589,0.0507284512917629
R_5BSmZ6kOyBcgvGO,diabetes,counterfactual,3,35,weighted examples,0.401582096242688,1.0,1.0,0.1796133099523365,0.0506135655,0.0,0.4351603594,0.8582593836,0.0,0.0,0.8873058099254791,0.8621031998198638,0.21936792976498412,0.42552032939507567
R_5BSmZ6kOyBcgvGO,diabetes,counterfactual,4,14,weighted examples,0.4618304087605971,1.0,0.5,0.11253521348381568,0.05471293200000002,0.0,0.0310772762,0.9332661609,1.0,0.0,0.9174500390547309,0.9218792528983757,0.031315108045062046,0.011507072508453176
R_5BSmZ6kOyBcgvGO,diabetes,counterfactual,5,53,weighted examples,0.765634852362478,1.0,1.0,0.05371852098297794,0.12105084200000002,0.0,0.1264348861,0.9303792076,0.0,0.0,0.9298378498960529,0.9300462882253672,0.13560023683313394,0.32927866587034715
R_5BSmZ6kOyBcgvGO,diabetes,counterfactual,6,33,weighted examples,0.6541828935484371,0.0,1.0,0.14182308916718397,0.03043478300000002,1.0,0.0847557491,0.9438233682,1.0,1.0,0.9317162760748249,0.9499103247440124,0.04817172894548072,0.06470056586395556
R_5BSmZ6kOyBcgvGO,diabetes,counterfactual,7,42,weighted examples,0.7617847344872244,0.0,1.0,0.13315986204911281,0.013043477999999983,1.0,0.0176131225,0.9469605393,0.0,0.0,0.9441046420114473,0.944351843628005,0.010527608934551541,0.021420327523615307
R_5BSmZ6kOyBcgvGO,diabetes,counterfactual,8,26,weighted examples,0.5110508234845402,1.0,1.0,0.05396848017606096,0.04453324300000003,0.0,0.0977568442,0.9381358006,0.0,0.0,0.9306261344172377,0.9394314986004275,0.08873534940788796,0.11400594757776733
R_5BSmZ6kOyBcgvGO,diabetes,counterfactual,9,56,weighted examples,0.7690064777712099,1.0,0.0,0.034490531399719804,0.1152173915,1.0,0.0752901405,0.9522379046,1.0,0.0,0.959136010911723,0.9367317501534071,0.07104880537035224,0.05611855300781293
R_5BSmZ6kOyBcgvGO,diabetes,counterfactual,10,7,weighted examples,0.47972640608959755,1.0,0.0,0.016367189288382614,0.093478261,0.0,0.0896144451,0.9206420793,0.0,1.0,0.9173686414802077,0.9232507749378842,0.04050192808593023,0.021246972132965863
R_5BSmZ6kOyBcgvGO,diabetes,counterfactual,11,58,weighted examples,0.5413877204035145,0.0,0.0,0.15934409178874062,0.1595139085,0.0,0.2176077759,0.8813444059,0.0,1.0,0.9400005046535511,0.9164271621137545,0.0544717028270848,0.06290082514938583
R_5BSmZ6kOyBcgvGO,diabetes,counterfactual,12,20,weighted examples,0.5939134744968445,0.0,0.0,0.09618042632975354,0.104782242,0.0,0.0617605172,0.9589547781,0.0,0.0,0.9493698272738872,0.9558634749480305,0.04506393080214943,0.12841233347823128
R_5BSmZ6kOyBcgvGO,diabetes,counterfactual,13,59,weighted examples,0.7387202001797298,0.0,0.0,0.10782472719233774,0.0826086955,0.0,0.0205374843,0.9512047235,0.0,0.0,0.9583032857444306,0.955003915898185,0.060479471215191205,0.04534873713990473
R_5BSmZ6kOyBcgvGO,diabetes,counterfactual,14,12,weighted examples,0.36723137167599273,0.0,0.0,0.05388473470078946,0.05927988099999999,0.0,0.0465556383,0.9361757261,0.0,0.0,0.9288473014695101,0.9198876785900232,0.0345583835730246,0.0706018471315693
R_5BSmZ6kOyBcgvGO,diabetes,counterfactual,15,51,weighted examples,0.6987176407567862,1.0,0.0,0.016276702162929424,0.1369565215,0.0,0.1965663461,0.9357389145,0.0,0.0,0.9389942548429273,0.8964768967439194,0.1420934783861468,0.030595565074088588
R_5BSmZ6kOyBcgvGO,diabetes,counterfactual,16,15,weighted examples,0.6416027423419417,1.0,0.0,0.12855352397348807,0.173913043,0.0,0.358656733,0.9159303014,0.0,0.0,0.9416410060523459,0.8811476926576483,0.4203194544895432,0.22609013263983882
R_5BSmZ6kOyBcgvGO,diabetes,counterfactual,17,52,weighted examples,0.5870839885350048,1.0,1.0,0.012815780378622382,0.279999999585278,0.0,0.295996333,0.9343888044,0.0,0.0,0.9318256483850664,0.9095855944215919,0.32388615258373954,0.37016239781887916
R_5BSmZ6kOyBcgvGO,diabetes,counterfactual,18,11,weighted examples,0.7555707815423508,1.0,0.0,0.03513624284954417,0.10434782599999999,0.0,0.1838599942,0.960594015,0.0,0.0,0.9676212635714978,0.9367205056691914,0.1858499623684789,0.2008857446291391
R_5BSmZ6kOyBcgvGO,diabetes,counterfactual,19,31,weighted examples,0.6675022166765598,0.0,0.0,0.10532345084700945,0.10268333799999999,0.0,0.1739014043,0.9449972738,0.0,0.0,0.9619337798202443,0.9516190608244436,0.09245987091243774,0.31707840365515966
R_5BSmZ6kOyBcgvGO,diabetes,counterfactual,20,0,weighted examples,0.5580587510349233,1.0,0.0,0.12230182341796937,0.109513688,1.0,0.0067711669,0.8841776942,1.0,0.0,0.9086380588427087,0.8756225614949796,0.03223018511408887,0.013631053068592802
R_5DSzaEugkyhB8He,housing,none,1,3174,feature contribution,0.4535663691339694,0.0,0.0,0.3432545531612143,0.38333333334999997,1.0,0.2110850441,0.8753787879,1.0,1.0,0.9418093970153948,0.9453409090909091,0.04995525852705428,0.14413448637799176
R_5DSzaEugkyhB8He,housing,none,2,2275,feature contribution,0.36563066472662775,0.0,0.0,0.06871556446074766,0.11605113634999999,1.0,0.1238717047,0.9980113636,0.0,1.0,0.9966615014829736,0.9788636363636364,0.007170014025147997,0.09311337635695974
R_5DSzaEugkyhB8He,housing,none,3,675,feature contribution,0.3480870850264329,0.0,0.0,0.3485541049442408,0.3666666666666667,0.0,0.2968247638,0.9857954545,0.0,0.0,0.9884294433173346,0.9998863636363636,0.002606824789216977,0.33300563648212667
R_5DSzaEugkyhB8He,housing,none,4,102,feature contribution,0.648019232179086,0.0,0.0,0.6666666666833333,0.38333333334999997,0.0,0.063981822,0.9988636364,1.0,0.0,0.9994318181818181,0.9998863636363636,0.07317221775737565,0.09197798273870719
R_5DSzaEugkyhB8He,housing,none,5,577,feature contribution,0.6327886529829748,0.0,0.0,0.6666666666833333,0.38333333334999997,0.0,0.0920991765,0.9982954545,1.0,0.0,0.9982954545454545,0.98,0.07352070945024117,0.012554416104254562
R_5DSzaEugkyhB8He,housing,none,6,2447,feature contribution,0.2658109497130893,0.5,0.6666666666666666,0.3413195370971856,0.45,0.0,0.2097540138,0.9994318182,0.0,0.0,0.9481207359209217,0.9760227272727273,0.16552177419851083,0.23024249335140334
R_5DSzaEugkyhB8He,housing,none,7,1751,feature contribution,0.4280571078537566,0.0,0.0,0.6333333335,0.3833333335,0.0,0.3885570401,0.9971590909,1.0,0.0,0.9582954545454545,0.98,0.11639475818020985,0.4356378368363904
R_5DSzaEugkyhB8He,housing,none,8,553,feature contribution,0.4812765655656857,0.0,0.0,0.6333333335,0.3833333335,0.0,0.4212564701,0.9971590909,1.0,0.0,0.9548863636363636,0.99875,0.2077268641120518,0.24978842392964196
R_5DSzaEugkyhB8He,housing,none,9,172,feature contribution,0.6378023733340753,1.0,0.0,0.0,0.55,1.0,0.1533632533,0.9982954545,1.0,1.0,0.9982954545454545,0.9885227272727273,0.15336325326062306,0.11209840571843942
R_5DSzaEugkyhB8He,housing,none,10,2728,feature contribution,0.6364912283714631,1.0,0.0,0.0,0.55,0.0,0.0796221191,0.9994318182,0.0,0.0,0.9994318181818181,0.9989772727272728,0.07962211913662093,0.03958245024920498
R_5JCJbR8oOgkjlA0,diabetes,attribution,1,42,feature contribution,0.44009728133478215,0.3333333333333333,0.6666666666666666,0.09217088993455026,0.12879324120574318,1.0,0.1206814242,0.9474464534,0.0,1.0,0.9532547478718397,0.9252647798985022,0.03949357476408255,0.03690578785298687
R_5JCJbR8oOgkjlA0,diabetes,attribution,2,35,feature contribution,0.5114858405901516,0.75,1.0,0.22320006106806572,0.31841093389239133,1.0,0.1503334678,0.9356977287,1.0,0.0,0.9061388120115075,0.8713395510176845,0.026898044774182728,0.3153314039826781
R_5JCJbR8oOgkjlA0,diabetes,attribution,3,14,feature contribution,0.25971195784721474,0.6666666666666666,1.0,0.261413694152422,0.2072763056666667,1.0,0.0648059357,0.9307196913,1.0,0.0,0.9593644533306649,0.9419590513414403,0.140707806967289,0.24129278450084177
R_5JCJbR8oOgkjlA0,diabetes,attribution,4,26,feature contribution,0.2902539082103627,0.6666666666666666,0.3333333333333333,0.11521205513925731,0.12494156860000001,1.0,0.114454646,0.9362973996,0.0,0.0,0.9481151902012009,0.963352970183369,0.07121926054993216,0.09494397410008448
R_5JCJbR8oOgkjlA0,diabetes,attribution,5,56,feature contribution,0.33165020278542157,0.6666666666666666,0.6666666666666666,0.2044115218663784,0.14995097575000002,1.0,0.130450673,0.9423385075,1.0,1.0,0.9542086951464143,0.9349886572008632,0.1823752442209256,0.07396053820029141
R_5JCJbR8oOgkjlA0,diabetes,attribution,6,30,feature contribution,0.43307783279903017,0.6666666666666666,0.0,0.26760968052036754,0.2411968257654054,1.0,0.1635078386,0.960469282,0.0,0.0,0.8855571569476903,0.8610803554774507,0.24583234329364423,0.2346431159404283
R_5JCJbR8oOgkjlA0,diabetes,attribution,7,33,feature contribution,0.33733861149417327,0.3333333333333333,0.6666666666666666,0.12508873230697096,0.1237707777,1.0,0.1089871569,0.9432520105,1.0,1.0,0.9426531585024538,0.9607211355548231,0.06156504952971792,0.007284392529575745
R_5JCJbR8oOgkjlA0,diabetes,attribution,8,53,feature contribution,0.36454950292337607,0.75,0.75,0.1738903183805876,0.1829627378,1.0,0.1862553256,0.9337456659,0.0,0.0,0.9535203299438159,0.9451997091806845,0.062303542743708806,0.010135554318827455
R_5JCJbR8oOgkjlA0,diabetes,attribution,9,32,feature contribution,0.5112969111543795,1.0,1.0,0.19598758539837996,0.17822338410000002,1.0,0.2780490546,0.9439184482,1.0,1.0,0.9351775840880857,0.9410172193405619,0.03330224808141374,0.1455055931229533
R_5JCJbR8oOgkjlA0,diabetes,attribution,10,7,feature contribution,1.0,1.0,1.0,0.1534327191776479,0.17579818436,1.0,0.1603702693,0.9423175773,1.0,0.0,0.968281738001318,0.939655005255158,0.15151569464843695,0.0044067949935291395
R_5JCJbR8oOgkjlA0,diabetes,attribution,11,0,feature contribution,0.3201854323601799,0.6666666666666666,0.3333333333333333,0.30920999639971725,0.28665098332,1.0,0.2264293374,0.9003650428,0.0,1.0,0.8716914313048139,0.8671749638964674,0.002903059263636487,0.09046106602945947
R_5JCJbR8oOgkjlA0,diabetes,attribution,12,51,feature contribution,0.38827782452105297,1.0,0.6666666666666666,0.3863082067775145,0.27060793554999996,1.0,0.2252374787,0.8859134706,0.0,0.0,0.9057170340201466,0.9279446539675288,0.02792654443964085,0.012996863909693818
R_5JCJbR8oOgkjlA0,diabetes,attribution,13,58,feature contribution,0.22268646404009124,1.0,0.5,0.401263139074491,0.27953961396666666,1.0,0.1992293032,0.9181264,0.0,1.0,0.9298106539280732,0.9304349839127684,0.027216624072840534,0.10624860525837249
R_5JCJbR8oOgkjlA0,diabetes,attribution,14,15,feature contribution,0.6315362851875864,0.8571428571428571,0.5714285714285714,0.4463222739351978,0.34866400058,1.0,0.1626134507,0.9422813496,0.0,0.0,0.8857525491296377,0.8716784515583299,0.22596162606178274,0.23725092864780173
R_5JCJbR8oOgkjlA0,diabetes,attribution,15,59,feature contribution,0.2123412054868846,0.6666666666666666,0.6666666666666666,0.2935876872101232,0.30881249852500003,1.0,0.1442698047,0.955447292,1.0,0.0,0.9351560206878796,0.9168276928829822,0.044177587914166455,0.1352748687353138
R_5JCJbR8oOgkjlA0,diabetes,attribution,16,52,feature contribution,0.2904128211305569,0.6666666666666666,0.6666666666666666,0.27515860417085836,0.2585792636463195,1.0,0.1008259698,0.8859042486,0.0,0.0,0.9145939747002625,0.9095855944215919,0.3387906318561556,0.27213422018118927
R_5JCJbR8oOgkjlA0,diabetes,attribution,17,31,feature contribution,0.34531663655645595,0.6666666666666666,0.6666666666666666,0.2709855440015102,0.35439107164999994,0.0,0.0053844305,0.8847569562,0.0,0.0,0.9349206689194263,0.9553087933566243,0.15768894562190988,0.15842692387915447
R_5JCJbR8oOgkjlA0,diabetes,attribution,18,20,feature contribution,0.27340221005961785,1.0,0.6666666666666666,0.3945659082797675,0.300862117675,1.0,0.0712353623,0.8848619863,0.0,0.0,0.9454343153207407,0.9411180798325837,0.07017588481739434,0.005635026245147445
R_5JCJbR8oOgkjlA0,diabetes,attribution,19,11,feature contribution,0.32032592877766064,1.0,0.3333333333333333,0.41796314586225436,0.3252869952,1.0,0.2947438798,0.8739674435,0.0,0.0,0.9494952005352547,0.9490094350194301,0.10305118254957146,0.06347039894454068
R_5JCJbR8oOgkjlA0,diabetes,attribution,20,12,feature contribution,0.3428194714194967,1.0,0.6666666666666666,0.4651453971482625,0.33656298407500007,1.0,0.1164466849,0.8776462716,0.0,0.0,0.942456785282086,0.9216478344848285,0.0636079309336704,0.0995300284769261
R_5JrAewWP4QfNMDy,housing,attribution,1,3174,weighted examples,0.7069091469865121,0.0,1.0,0.4962121212166667,0.35000000000909093,1.0,0.0344868977,0.9773863636,1.0,1.0,0.9284848484848485,0.9230681818181818,0.1634413474121394,0.056286733310353526
R_5JrAewWP4QfNMDy,housing,attribution,2,2275,weighted examples,0.5106113679322658,0.0,0.0,0.4030303030136364,0.21666666664999998,1.0,0.0623138454,0.9704545455,1.0,0.0,0.9957954545454546,0.9777272727272728,0.048786992793213774,0.047277259905648183
R_5JrAewWP4QfNMDy,housing,attribution,3,675,weighted examples,1.0,1.0,0.75,0.20841666667818184,0.36143939394,0.0,0.0883013788,0.9994318182,1.0,0.0,0.9450681818181818,0.9598863636363636,0.15672942560003253,0.12050414074363072
R_5JrAewWP4QfNMDy,housing,attribution,4,102,weighted examples,0.4364249797409052,0.5,0.5,0.3777777777888889,0.28888888890000003,1.0,0.1360181914,0.9988636364,1.0,0.0,0.9577272727272728,0.9781818181818182,0.18397436965414188,0.1680445769585326
R_5JrAewWP4QfNMDy,housing,attribution,5,577,weighted examples,0.4478928002237254,0.5,0.0,0.4444444444555556,0.316666666675,1.0,0.3093476914,0.9965909091,1.0,0.0,0.9571590909090909,0.9798863636363636,0.18057705988102385,0.02929150458010038
R_5JrAewWP4QfNMDy,housing,attribution,6,2447,weighted examples,0.331702993748047,1.0,0.8,0.218787879040404,0.4933333333030303,0.0,0.2574649061,0.9858863636,0.0,0.0,0.9460984848484848,0.9782954545454545,0.2692793670904118,0.1759985916096394
R_5JrAewWP4QfNMDy,housing,attribution,7,1751,weighted examples,0.2953621702304934,0.5,0.5,0.30239899001010095,0.28888888900000004,0.0,0.1885570401,0.9977272727,0.0,0.0,0.9659469696969697,0.9753409090909091,0.26711138874719814,0.39261351458026217
R_5JrAewWP4QfNMDy,housing,attribution,8,553,weighted examples,0.3058051780743536,0.5,0.5,0.33333333344444444,0.3555555556666667,1.0,0.0004207957,0.9931818182,0.0,0.0,0.9460984848484849,0.9798863636363636,0.4322367641293335,0.14978842392964198
R_5JrAewWP4QfNMDy,housing,attribution,9,172,weighted examples,0.2096155912873869,0.6666666666666666,0.6666666666666666,0.23719696966666665,0.1521969695,1.0,0.0879080176,0.9964545455,1.0,1.0,0.9369621212121212,0.9507954545454546,0.08329259276732773,0.1928493152222297
R_5JrAewWP4QfNMDy,housing,attribution,10,2728,weighted examples,0.27303776885192343,1.0,0.5,0.2866666668333333,0.1777777776666667,1.0,0.0863631417,0.9994318182,0.0,1.0,0.9653333333333334,0.9673863636363637,0.026245545771471618,0.025122588719861116
R_5OT6oo9gKTZyooh,diabetes,none,1,26,feature contribution,0.7204850845606131,1.0,1.0,0.38703011816759975,0.639670124,1.0,0.1444087981,0.9355571162,1.0,0.0,0.9614537909485056,0.9394314986004275,0.022098449525956687,0.11400594757776733
R_5OT6oo9gKTZyooh,diabetes,none,2,30,feature contribution,0.4890568256905696,1.0,0.6666666666666666,0.2856826631718271,0.2438907755,0.0,0.1610405558,0.8791345347,0.0,0.0,0.8832025159515869,0.866485760882856,0.238729148398519,0.2492942961162285
R_5OT6oo9gKTZyooh,diabetes,none,3,35,feature contribution,0.4890568256905696,1.0,0.5,0.19190950631264012,0.4026223656666667,0.0,0.2862186475,0.8273271361,0.0,0.0,0.8977747537025105,0.8621031998198638,0.35192052911670507,0.42552032939507567
R_5OT6oo9gKTZyooh,diabetes,none,4,42,feature contribution,0.4890568256905696,1.0,0.5,0.13468208355717093,0.1415128073333333,1.0,0.1947269114,0.9478872376,0.0,0.0,0.9403584051887061,0.9388236297515031,0.05093498398548814,0.0006702468942351159
R_5OT6oo9gKTZyooh,diabetes,none,5,53,feature contribution,0.4890568256905696,1.0,0.5,0.10470300933647034,0.2851981476666667,0.0,0.0088190945,0.9174010275,1.0,0.0,0.9143671733799038,0.9488995722443607,0.028186907888429563,0.17540301318236853
R_5OT6oo9gKTZyooh,diabetes,none,6,7,feature contribution,0.4890568256905696,1.0,0.5,0.1522302022790119,0.189771322,0.0,0.0392541311,0.9323291901,1.0,0.0,0.8714371091556055,0.9432507749378842,0.09911993974280559,0.026576644318439868
R_5OT6oo9gKTZyooh,diabetes,none,7,56,feature contribution,0.4890568256905696,1.0,0.5,0.08264818792527054,0.20101208966666664,1.0,0.1414628087,0.9075097343,1.0,1.0,0.9084582808546449,0.9544403707857603,0.24147154624171518,0.034732794070368306
R_5OT6oo9gKTZyooh,diabetes,none,8,33,feature contribution,0.4890568256905696,1.0,1.0,0.01737817296020415,0.1445974345,1.0,0.403178437,0.9265904216,1.0,1.0,0.9335416908445558,0.9351277160483601,0.39289529101848625,0.14802266642767076
R_5OT6oo9gKTZyooh,diabetes,none,9,32,feature contribution,0.4890568256905696,1.0,0.5,0.2992582403429913,0.233145787,1.0,0.2944758569,0.9149535379,1.0,1.0,0.9208781617009649,0.9368025522992582,0.0002844358724538032,0.023736132972330293
R_5OT6oo9gKTZyooh,diabetes,none,10,14,feature contribution,0.4890568256905696,1.0,1.0,0.10284967420402816,0.35563001699999996,1.0,0.2084526265,0.8937897049,1.0,0.0,0.8526498350789785,0.9260939199396795,0.2862668354777675,0.09267897713271789
R_5OT6oo9gKTZyooh,diabetes,none,11,11,feature contribution,0.7204850845606131,1.0,0.0,0.3796765898990099,0.38582724025,1.0,0.3932851301,0.9194355844,1.0,0.0,0.948083055056531,0.9551495311412243,0.05462199439817539,0.13705561166910102
R_5OT6oo9gKTZyooh,diabetes,none,12,52,feature contribution,0.7204850845606131,1.0,0.0,0.9161907744755183,0.51760754975,1.0,0.1642340227,0.8993384606,0.0,0.0,0.9182280460786795,0.9368155197792281,0.3693448743775838,0.2979593921360224
R_5OT6oo9gKTZyooh,diabetes,none,13,0,feature contribution,0.4890568256905696,1.0,0.5,0.6932438811405851,0.4766403813333333,0.0,0.0389452208,0.938555224,1.0,1.0,0.8669908986746144,0.8583042223308484,0.0022871588173297708,0.017641540561811914
R_5OT6oo9gKTZyooh,diabetes,none,14,58,feature contribution,0.4890568256905696,1.0,0.5,0.4690393213663273,0.32071345063333334,1.0,0.2765535343,0.930830702,0.0,1.0,0.9299623111068642,0.9364271621137545,0.03065656515358417,0.06704512804578555
R_5OT6oo9gKTZyooh,diabetes,none,15,20,feature contribution,0.4890568256905696,1.0,0.5,0.46982661476549503,0.33155408533333336,0.0,0.4872289351,0.9012474288,0.0,0.0,0.9727884787375785,0.9365822237699002,0.03242665216168983,0.010862055120935854
R_5OT6oo9gKTZyooh,diabetes,none,16,12,feature contribution,0.4890568256905696,1.0,0.5,0.22515064663434797,0.15809799033333335,1.0,0.0410568044,0.8825573254,0.0,0.0,0.9415342582699173,0.9466892429498259,0.05934834498633246,0.05539460663925583
R_5OT6oo9gKTZyooh,diabetes,none,17,15,feature contribution,0.4890568256905696,1.0,0.6666666666666666,0.36656271466365786,0.3301774792,1.0,0.1111940378,0.8954088222,0.0,0.0,0.8837595510108447,0.8611476926576482,0.2549993242907316,0.24442248410869108
R_5OT6oo9gKTZyooh,diabetes,none,18,59,feature contribution,0.4890568256905696,1.0,0.5,0.15270030403998663,0.1969544815333333,1.0,0.0386105534,0.930591724,1.0,0.0,0.9449002598369658,0.9626978841495935,0.04101025661627361,0.01721669016791938
R_5OT6oo9gKTZyooh,diabetes,none,19,31,feature contribution,0.4890568256905696,1.0,0.5,0.020505576397180023,0.21403475763333335,1.0,0.1186663155,0.9532542334,1.0,0.0,0.9602740059101573,0.9559041987267526,0.1176050019235026,0.3097173857624244
R_5OT6oo9gKTZyooh,diabetes,none,20,51,feature contribution,0.4890568256905696,1.0,0.5,0.427751947830874,0.2937578096666667,1.0,0.4049306575,0.9273679829,0.0,0.0,0.9022934537171337,0.9079446539675289,0.045140046758638114,0.034152704695248504
R_5PStwIHXgmZwa9J,diabetes,none,1,56,feature contribution,0.470992608202288,1.0,0.6666666666666666,0.12459195270435637,0.258175101,1.0,0.1450282492,0.9374348509,1.0,0.0,0.9594383162828188,0.952587694055578,0.11772286212124239,0.06526721056338458
R_5PStwIHXgmZwa9J,diabetes,none,2,42,feature contribution,1.0,1.0,1.0,0.23104125738763379,0.25237857090574317,1.0,0.0524853331,0.9287598802,0.0,1.0,0.9493881177986644,0.9386418269089987,0.051240138357961595,0.040443267321384035
R_5PStwIHXgmZwa9J,diabetes,none,3,53,feature contribution,1.0,1.0,1.0,0.0707832212017517,0.23801739475,1.0,0.0952126062,0.9540449245,1.0,0.0,0.9397262989662521,0.9577095861699477,0.10447679686264305,0.04833476804586059
R_5PStwIHXgmZwa9J,diabetes,none,4,14,feature contribution,0.3825922287129283,0.6666666666666666,1.0,0.13820747876436443,0.18287682533333335,1.0,0.0798991081,0.8940971303,1.0,0.0,0.8794063798741526,0.9060939199396795,0.41103763431873497,0.04567670181579081
R_5PStwIHXgmZwa9J,diabetes,none,5,26,feature contribution,1.0,1.0,1.0,0.1963485761233428,0.2517008745,1.0,0.0136341281,0.9384174129,0.0,0.0,0.9393320201355826,0.9433529701833689,0.037789670241890505,0.0565056771499316
R_5PStwIHXgmZwa9J,diabetes,none,6,33,feature contribution,1.0,0.8571428571428571,0.8571428571428571,0.1712441853634552,0.19496617049999998,1.0,0.0453070418,0.9337551964,1.0,1.0,0.9297214683544937,0.9499103247440123,0.3553785885302311,0.2075558209781915
R_5PStwIHXgmZwa9J,diabetes,none,7,30,feature contribution,1.0,0.8571428571428571,0.8571428571428571,0.19624186191071136,0.1271607728,1.0,0.1742685885,0.9465394563,0.0,0.0,0.8846543997317486,0.8884953910396058,0.24437401157090077,0.21444816824536891
R_5PStwIHXgmZwa9J,diabetes,none,8,7,feature contribution,0.46549962421093233,0.6666666666666666,0.6666666666666666,0.1767113276869781,0.19590463575000003,1.0,0.0036162778,0.9459640586,1.0,1.0,0.920449528963067,0.9580333836335364,0.2586729354504926,0.007160814885250555
R_5PStwIHXgmZwa9J,diabetes,none,9,32,feature contribution,0.4825323292584077,0.6666666666666666,0.6666666666666666,0.19598240336665756,0.19057101075000002,1.0,0.1389655967,0.9626379351,0.0,1.0,0.9377964550450999,0.9568025522992581,0.01316445186432226,0.042463960663437494
R_5PStwIHXgmZwa9J,diabetes,none,10,35,feature contribution,1.0,1.0,1.0,0.16911956310018883,0.32573945694239137,1.0,0.0031770872,0.9469199851,0.0,0.0,0.918715177221492,0.8713395510176845,0.32621696830127733,0.3153314039826781
R_5PStwIHXgmZwa9J,diabetes,none,11,31,feature contribution,0.747662744159035,1.0,0.0,0.35278011215110033,0.17752933175000002,1.0,0.0268052736,0.9433767927,1.0,0.0,0.9072735696049558,0.9544286987695102,0.04683909548105686,0.15771109371462982
R_5PStwIHXgmZwa9J,diabetes,none,12,52,feature contribution,0.7084710362310205,0.0,1.0,0.13324391206224087,0.1474634991,0.0,0.090254011,0.874149378,0.0,0.0,0.9182280460786795,0.9020329110835759,0.3693448743775838,0.30659917158126265
R_5PStwIHXgmZwa9J,diabetes,none,13,58,feature contribution,0.5487290814222385,0.5,0.0,0.08009510092791644,0.108287259275,0.0,0.0091002585,0.9511578184,0.0,1.0,0.9299623111068642,0.9081632689907193,0.03065656515358417,0.020653536055206756
R_5PStwIHXgmZwa9J,diabetes,none,14,51,feature contribution,0.6024668558166671,1.0,0.6666666666666666,0.2892147668339334,0.20087798814999996,1.0,0.2313401826,0.9460815156,0.0,1.0,0.9041301246168783,0.9209397871853792,0.03504192799863812,0.06584729734499564
R_5PStwIHXgmZwa9J,diabetes,none,15,11,feature contribution,0.6615253322702713,1.0,1.0,0.11346835385054495,0.13352517673333333,0.0,0.1707290187,0.9324009132,0.0,0.0,0.9708696982791352,0.9674551409611896,0.19371026457544327,0.23554747861312147
R_5PStwIHXgmZwa9J,diabetes,none,16,20,feature contribution,0.4483647787952726,0.6666666666666666,1.0,0.11874941058916061,0.08697870820000002,0.0,0.0784846683,0.9260258621,0.0,0.0,0.9664948208980227,0.9565822237699002,0.059276939473731693,0.07853955921289846
R_5PStwIHXgmZwa9J,diabetes,none,17,12,feature contribution,1.0,1.0,1.0,0.25773494187662094,0.16821283377500001,1.0,0.0235823864,0.9483547031,0.0,1.0,0.9451180362423598,0.9116385129325034,0.05570461906208907,0.016467105639963564
R_5PStwIHXgmZwa9J,diabetes,none,18,0,feature contribution,0.6459857583408365,1.0,0.6666666666666666,0.22981038759066466,0.197422073675,1.0,0.1048447225,0.9089260287,1.0,1.0,0.8642260954915426,0.8501820180979123,0.06254733728779721,0.04575119916954029
R_5PStwIHXgmZwa9J,diabetes,none,19,59,feature contribution,0.4740421050852037,1.0,1.0,0.28369839276579245,0.2890389927333333,1.0,0.0280670742,0.9378552815,0.0,0.0,0.9365138467883499,0.9352060712613606,0.041339703041579134,0.0687972050296817
R_5PStwIHXgmZwa9J,diabetes,none,20,15,feature contribution,0.6020718378625144,1.0,0.8,0.4235866992201758,0.3698157897,1.0,0.4904078617,0.8959053051,0.0,0.0,0.8855923941897184,0.8852720843098796,0.20735210284398037,0.10937421572937064
R_5QGGlhAzSiOVePL,diabetes,attribution,1,7,weighted examples,0.43821421032963565,0.5,0.5,0.18122315934870104,0.19078995499999998,0.0,0.0467113705,0.9451056272,1.0,0.0,0.9226333153564932,0.9249055530459712,0.1633227903097253,0.05706718573194941
R_5QGGlhAzSiOVePL,diabetes,attribution,2,14,weighted examples,0.37309986305484094,0.5,0.5,0.13395300076327563,0.13515103666666664,1.0,0.0255787711,0.9242159612,1.0,0.0,0.9153575359908318,0.9403374297198187,0.19287281481684415,0.2545813930247104
R_5QGGlhAzSiOVePL,diabetes,attribution,3,53,weighted examples,0.3815567581474561,0.5,0.5,0.20623375887336773,0.20851844466666666,1.0,0.0932560433,0.9237012924,1.0,0.0,0.9591640860542441,0.9608073264816143,0.12542923057925634,0.13724359929544017
R_5QGGlhAzSiOVePL,diabetes,attribution,4,26,weighted examples,0.42464370390096307,1.0,0.5,0.18989487139139294,0.11874028133333332,0.0,0.085492332,0.9534743064,1.0,1.0,0.9736936995712399,0.9406391560588501,0.09969190517846677,0.03306564511590465
R_5QGGlhAzSiOVePL,diabetes,attribution,5,33,weighted examples,0.38686375422568947,0.5,0.0,0.21048719484718345,0.24296181536666664,1.0,0.0300388213,0.9239457495,1.0,1.0,0.934178119895487,0.9551277160483601,0.25158702412988426,0.04802266642767078
R_5QGGlhAzSiOVePL,diabetes,attribution,6,35,weighted examples,0.5616350414836943,1.0,1.0,0.052576788617153425,0.47556671,1.0,0.0261064307,0.9313492764,1.0,0.0,0.9344639110009223,0.8621031998198638,0.08173976892954227,0.42552032939507567
R_5QGGlhAzSiOVePL,diabetes,attribution,7,42,weighted examples,0.4490357870345209,0.5,0.5,0.2025967124181959,0.15870360213333337,1.0,0.1152233946,0.9300319307,1.0,0.0,0.9304092893826755,0.9388236297515031,0.05350494899552155,0.0006702468942351159
R_5QGGlhAzSiOVePL,diabetes,attribution,8,30,weighted examples,0.5671727801191387,1.0,0.0,0.26086866842933576,0.30497174506666663,1.0,0.2398545554,0.9535458655,1.0,0.0,0.9706739971143877,0.8884953910396058,0.07755107450412568,0.13591383696484927
R_5QGGlhAzSiOVePL,diabetes,attribution,9,32,weighted examples,0.6001285843233053,1.0,0.5,0.2027005070304394,0.19800609866666666,1.0,0.0327794457,0.9446959895,1.0,1.0,0.9659045396526987,0.9427947305002444,0.09944129651046747,0.04863702462660645
R_5QGGlhAzSiOVePL,diabetes,attribution,10,56,weighted examples,0.4439372982015872,0.5,0.5,0.1614008631432838,0.20617043533333335,1.0,0.022842403,0.963705621,1.0,0.0,0.934524378703837,0.9441380573329636,0.2273471641712666,0.1197463886539187
R_5QGGlhAzSiOVePL,diabetes,attribution,11,20,weighted examples,0.586418903664675,0.5,0.5,0.1770739795160591,0.19566407453333334,0.0,0.0552198602,0.9182020071,0.0,0.0,0.9463235399907662,0.9758634749480304,0.15955574920019028,0.1830230104678086
R_5QGGlhAzSiOVePL,diabetes,attribution,12,12,weighted examples,0.608171079269657,0.5,0.0,0.28693648516600473,0.2724444281,1.0,0.1446865273,0.92392603,0.0,0.0,0.9500567760092024,0.9398876785900232,0.0187045899694262,0.0926062720724401
R_5QGGlhAzSiOVePL,diabetes,attribution,13,31,weighted examples,0.5002936798613968,0.5,0.0,0.2900925220565312,0.13738104242500002,0.0,0.247427001,0.9214467202,0.0,0.0,0.9597882058399472,0.9421804388002316,0.0494506305073924,0.05771109371462978
R_5QGGlhAzSiOVePL,diabetes,attribution,14,52,weighted examples,0.5002431890438656,0.5,0.5,0.3307423481665967,0.32857076066175933,0.0,0.0008429274,0.9106147297,1.0,0.0,0.9219948380569114,0.8895855944215919,0.027073349477635122,0.3110718700657574
R_5QGGlhAzSiOVePL,diabetes,attribution,15,58,weighted examples,0.5717516539535561,0.5,0.5,0.28932717916132794,0.31905620893333336,1.0,0.3531488192,0.9149229102,1.0,1.0,0.9076790402255774,0.9481632689907193,0.06459055843785899,0.00852828161070368
R_5QGGlhAzSiOVePL,diabetes,attribution,16,15,weighted examples,0.631003767166481,0.5,0.5,0.27923735768045194,0.24634752240000002,0.0,0.1761996524,0.9208757078,0.0,0.0,0.9353331801953735,0.8852720843098796,0.10876561131438574,0.10937421572937064
R_5QGGlhAzSiOVePL,diabetes,attribution,17,59,weighted examples,0.41444396371557596,0.0,0.5,0.21116193473200687,0.1606400338,0.0,0.1474982317,0.9397752662,1.0,0.0,0.9526594887437426,0.9423996148171047,0.04414654089515363,0.05153078256310263
R_5QGGlhAzSiOVePL,diabetes,attribution,18,51,weighted examples,0.36369794835497254,0.5,0.5,0.34641929288829937,0.21048454433333333,0.0,0.2366737341,0.9273790798,0.0,0.0,0.9475122642311627,0.9131620452718767,0.018088538672163423,0.030161046551604398
R_5QGGlhAzSiOVePL,diabetes,attribution,19,11,weighted examples,0.46549921337105127,0.5,1.0,0.12933992198925223,0.288314805,0.0,0.1021724337,0.9572445733,1.0,0.0,0.9595857395170216,0.9289091088592719,0.05243787894687017,0.18013924305775128
R_5QGGlhAzSiOVePL,diabetes,attribution,20,0,weighted examples,0.6271919745469112,1.0,1.0,0.13047975675315182,0.28632183225,1.0,0.0665454553,0.9266730335,0.0,0.0,0.9553752502830866,0.855809227284489,0.06451119733493432,0.061079467072917275
R_5a6S4hSnNMThfbj,diabetes,counterfactual,1,35,weighted examples,0.7693078022620693,1.0,0.0,0.15584039659869897,0.30930964099999997,0.0,0.3393078106,0.8949816368,0.0,0.0,0.8716603540981942,0.8941009328494868,0.3079246219436455,0.4742642975336425
R_5a6S4hSnNMThfbj,diabetes,counterfactual,2,14,weighted examples,0.32867468555987855,0.5,0.5,0.09434700700464925,0.06405147966666669,0.0,0.0024206387,0.9276630321,1.0,0.0,0.9073986681944217,0.9218792528983757,0.082087380934491,0.011507072508453176
R_5a6S4hSnNMThfbj,diabetes,counterfactual,3,53,weighted examples,0.7698550509791884,1.0,1.0,0.05989189778186088,0.265584084,1.0,0.0144419364,0.9405733169,1.0,0.0,0.9285949374176263,0.9300462882253672,0.005038284803353887,0.32927866587034715
R_5a6S4hSnNMThfbj,diabetes,counterfactual,4,26,weighted examples,0.769069823572962,1.0,0.0,0.01765943767748207,0.21578813149999998,1.0,0.089286179,0.9572410423,1.0,0.0,0.9537091548465292,0.9394314986004275,0.02416821521632051,0.035955590559678174
R_5a6S4hSnNMThfbj,diabetes,counterfactual,5,30,weighted examples,0.6253816500972255,0.0,0.0,0.16753750195555,0.266023262,0.0,0.0758073121,0.9396904132,0.0,0.0,0.8726754125006361,0.8864857608828561,0.2519364350665793,0.2417537618662109
R_5a6S4hSnNMThfbj,diabetes,counterfactual,6,56,weighted examples,0.478294045664834,0.5,0.5,0.1006629294001296,0.12232195766666665,0.0,0.0027078696,0.9649445502,1.0,1.0,0.9451454375236051,0.9340038248527528,0.006421089173907157,0.04013072782078181
R_5a6S4hSnNMThfbj,diabetes,counterfactual,7,33,weighted examples,0.6646975895715738,0.0,0.0,0.11332679371579538,0.1201146581,0.0,0.0458496867,0.9430380964,1.0,1.0,0.917842861802042,0.9499103247440124,0.08957934080878766,0.06470056586395556
R_5a6S4hSnNMThfbj,diabetes,counterfactual,8,32,weighted examples,0.36353845857285494,1.0,0.0,0.0463858344876522,0.11789826225000001,1.0,0.0808351316,0.9215213454,1.0,1.0,0.9126945217076319,0.9070093975415482,0.11517210469650342,0.10351820813687626
R_5a6S4hSnNMThfbj,diabetes,counterfactual,9,7,weighted examples,0.49375205518937737,0.0,0.0,0.14881072017597666,0.16488058449999998,0.0,0.1144799049,0.9446460117,0.0,0.0,0.9210863029685359,0.9180333836335364,0.08876616079797875,0.011091260797930214
R_5a6S4hSnNMThfbj,diabetes,counterfactual,10,42,weighted examples,0.6996435608552098,1.0,0.0,0.07506242098556312,0.13501955449999997,0.0,0.0756966936,0.9554401472,0.0,0.0,0.9404276630065644,0.944351843628005,0.10181155748517867,0.021420327523615307
R_5a6S4hSnNMThfbj,diabetes,counterfactual,11,59,weighted examples,0.6321701227696117,1.0,0.0,0.21711543050496945,0.24554497535000003,1.0,0.045527395,0.9452746339,1.0,0.0,0.9426609339194476,0.9276170061214525,0.006847317378818052,0.15188955188149975
R_5a6S4hSnNMThfbj,diabetes,counterfactual,12,11,weighted examples,0.6770989651818468,1.0,1.0,0.20534790272883457,0.2995919061,1.0,0.1708603582,0.9330387131,0.0,0.0,0.9586810911537749,0.9767205056691914,0.043111895479305384,0.13735589885030536
R_5a6S4hSnNMThfbj,diabetes,counterfactual,13,15,weighted examples,0.7095417151293076,1.0,1.0,0.32080144544574674,0.4317122938,1.0,0.0512246713,0.9258896591,0.0,0.0,0.8850121137026623,0.9011476926576483,0.2056254921916037,0.20937421572937065
R_5a6S4hSnNMThfbj,diabetes,counterfactual,14,12,weighted examples,0.48844448753992425,1.0,0.5,0.12148874851142646,0.18221440206666664,0.0,0.0306191651,0.9154284347,0.0,0.0,0.9259561011143965,0.9398876785900232,0.04502643811540763,0.0926062720724401
R_5a6S4hSnNMThfbj,diabetes,counterfactual,15,52,weighted examples,0.7097794519851827,1.0,0.0,0.4058759619396284,0.36032137389999996,0.0,0.0834549791,0.9199443289,0.0,0.0,0.9038684954879076,0.9020329110835759,0.256703071009311,0.30659917158126265
R_5a6S4hSnNMThfbj,diabetes,counterfactual,16,51,weighted examples,0.6913172861183227,1.0,0.0,0.07293929827964118,0.19453324265,0.0,0.0088565282,0.9153121257,1.0,0.0,0.9182710138373821,0.8879446539675289,7.123508746015306e-05,0.03983479761999173
R_5a6S4hSnNMThfbj,diabetes,counterfactual,17,20,weighted examples,0.5654246760023326,1.0,0.0,0.06477201189502135,0.1562744431,1.0,0.1920386709,0.9405498885,1.0,0.0,0.9470268489089044,0.9727767485105905,0.06592807404713386,0.11047950819885904
R_5a6S4hSnNMThfbj,diabetes,counterfactual,18,31,weighted examples,0.7172260786819113,1.0,0.0,0.28930089151490235,0.29230573029999996,1.0,0.0758024176,0.9285572353,0.0,0.0,0.953672583149609,0.9516190608244436,0.0254337442643231,0.31707840365515966
R_5a6S4hSnNMThfbj,diabetes,counterfactual,19,58,weighted examples,0.6805469280106254,1.0,1.0,0.1651570081351635,0.2740860398,1.0,0.1566668547,0.9299752983,1.0,1.0,0.9063774626577521,0.9281632689907193,0.05017771919452646,0.006248605258372508
R_5a6S4hSnNMThfbj,diabetes,counterfactual,20,0,weighted examples,0.45539229092860645,0.0,0.0,0.15594136513750656,0.15443663950000003,1.0,0.0010460178,0.8604166482,0.0,1.0,0.8397703287041121,0.8692429605247338,0.03347406724998886,0.07652893562043278
R_5aFAlypirbiSy54,housing,counterfactual,1,3174,weighted examples,0.4589634549334977,0.6666666666666666,0.5,0.3003751733599201,0.5387373737666666,1.0,0.3039758847,0.9920681818,1.0,1.0,0.9290257623491238,0.9453409090909091,0.5001825797896937,0.14413448637799176
R_5aFAlypirbiSy54,housing,counterfactual,2,2275,weighted examples,0.3192979573186433,0.75,1.0,0.3243720343044165,0.45805871225,0.0,0.4287546215,0.9883636364,1.0,1.0,0.9487193749030223,0.9563636363636364,0.09666211863584917,0.07405279773550938
R_5aFAlypirbiSy54,housing,counterfactual,3,675,weighted examples,1.0,1.0,0.75,0.27191437430858284,0.43943181818,1.0,0.4820300827,0.9984090909,1.0,0.0,0.9277055818138477,0.9598863636363636,0.3001026051707305,0.12050414074363072
R_5aFAlypirbiSy54,housing,counterfactual,4,102,weighted examples,0.31867551864844884,0.3333333333333333,0.6666666666666666,0.3048685594036359,0.2215151515,0.0,0.3690412687,0.996,1.0,0.0,0.9858632350443753,0.9780681818181818,0.30278763224236915,0.047168901195062174
R_5aFAlypirbiSy54,housing,counterfactual,5,577,weighted examples,0.34305387328320713,1.0,0.75,0.26445396686378736,0.36208333334,1.0,0.3724125679,0.9995454545,1.0,0.0,0.9814507843753909,0.9381818181818182,0.3047819461249204,0.00858386528630295
R_5aFAlypirbiSy54,housing,counterfactual,6,2447,weighted examples,0.3748088204049458,0.75,0.5714285714285714,0.2861882659220149,0.47066666678181823,1.0,0.1601897912,0.95275,0.0,0.0,0.9363528793500401,0.9778409090909091,0.18322569285442392,0.11693925796384141
R_5aFAlypirbiSy54,housing,counterfactual,7,1751,weighted examples,0.5514823290220422,1.0,1.0,0.1963612684485359,0.42357954550000004,1.0,0.1132987593,1.0,0.0,0.0,0.9368503792169289,0.9398863636363637,0.09910499916067889,0.30338015922485395
R_5aFAlypirbiSy54,housing,counterfactual,8,553,weighted examples,1.0,1.0,1.0,0.17352879824941675,0.3886363636,1.0,0.0673744359,0.9945454545,0.0,0.0,0.9333433835592824,0.9377272727272727,0.11990579022286896,0.30136012955282193
R_5aFAlypirbiSy54,housing,counterfactual,9,172,weighted examples,0.36845807677104325,0.5,1.0,0.3431759148493439,0.6277272725,1.0,0.0456932896,0.9942727273,0.0,1.0,0.9536782762732428,0.9577272727272728,0.015516703003845667,0.05542155297946971
R_5aFAlypirbiSy54,housing,counterfactual,10,2728,weighted examples,0.3464438626464447,0.5,0.0,0.31866802537023964,0.36136363625,0.0,0.1223206897,0.9945454545,1.0,0.0,0.9682083910706286,0.9789772727272728,0.004079072273872497,0.021977757913992202
R_5b2MBKWDgnmpE3f,diabetes,none,1,56,feature contribution,0.4890568256905696,0.5,0.5,0.4325929488434948,0.426025508,0.0,0.0637851042,0.8991180603,1.0,0.0,0.8646748456606764,0.9441380573329636,0.47156293163741175,0.1197463886539187
R_5b2MBKWDgnmpE3f,diabetes,none,2,53,feature contribution,0.45306497868835927,1.0,0.6666666666666666,0.05981328683342274,0.38468006975,1.0,0.0096784771,0.9151837883,1.0,0.0,0.9127741786077641,0.9700462882253672,0.1099317087054199,0.1476157492200191
R_5b2MBKWDgnmpE3f,diabetes,none,3,33,feature contribution,0.4890568256905696,0.5,0.6666666666666666,0.29595607357598813,0.36815574100000004,1.0,0.4060786398,0.9069937299,1.0,1.0,0.9030268694385075,0.9499103247440124,0.5335309181353667,0.06470056586395556
R_5b2MBKWDgnmpE3f,diabetes,none,4,14,feature contribution,0.45306497868835927,1.0,0.6666666666666666,0.07172658028132871,0.331775441,1.0,0.1528827006,0.8706847768,1.0,0.0,0.8276488285830707,0.9203374297198187,0.21561610168883633,0.14597009217475343
R_5b2MBKWDgnmpE3f,diabetes,none,5,26,feature contribution,0.45306497868835927,1.0,1.0,0.2635422931122682,0.36819607466666665,1.0,0.1108479338,0.9106312539,1.0,0.0,0.9622112965535409,0.9394314986004275,0.011636238647697361,0.027679400093651163
R_5b2MBKWDgnmpE3f,diabetes,none,6,32,feature contribution,0.45306497868835927,0.6666666666666666,0.6666666666666666,0.3181989518305283,0.31455677575,1.0,0.1282446285,0.958625069,1.0,1.0,0.9256484020084838,0.9270093975415481,0.045010583540159174,0.14954810975119825
R_5b2MBKWDgnmpE3f,diabetes,none,7,35,feature contribution,0.45306497868835927,0.6666666666666666,0.6666666666666666,0.12879955739670426,0.3700022212173913,1.0,0.0086603259,0.91976815,0.0,0.0,0.8250263671609468,0.8654052806755738,0.3157952161064547,0.5079280187075761
R_5b2MBKWDgnmpE3f,diabetes,none,8,42,feature contribution,0.4890568256905696,0.5,0.5,0.26759872454285955,0.2935776181743242,1.0,0.1372798401,0.9224390308,1.0,0.0,0.9463092225468008,0.9236974412990825,0.010004020171851952,0.04762081461301759
R_5b2MBKWDgnmpE3f,diabetes,none,9,7,feature contribution,1.0,1.0,1.0,0.06847115596858122,0.29849679000000007,1.0,0.2606556761,0.9503534187,1.0,1.0,0.9251691655668809,0.9416341036893116,0.3771893258428808,0.002022288144877399
R_5b2MBKWDgnmpE3f,diabetes,none,10,30,feature contribution,0.45306497868835927,0.8,0.8,0.38255253967182706,0.32409398533333333,1.0,0.1500585148,0.9399538686,0.0,0.0,0.8833793312774477,0.8684953910396058,0.23769198393649382,0.228024645386349
R_5b2MBKWDgnmpE3f,diabetes,none,11,58,feature contribution,0.45306497868835927,1.0,1.0,0.37365430823995127,0.28815628420000006,1.0,0.1568682704,0.9014319898,0.0,1.0,0.9283279811022475,0.9281632689907193,0.025729394862858246,0.021132361899546148
R_5b2MBKWDgnmpE3f,diabetes,none,12,31,feature contribution,0.7204850845606131,0.0,1.0,0.6670424504807856,0.591711155,0.0,0.4571827683,0.9652290387,1.0,0.0,0.8980257542717396,0.9621804388002316,0.0586873884980752,0.2267923338408947
R_5b2MBKWDgnmpE3f,diabetes,none,13,0,feature contribution,0.4890568256905696,1.0,0.5,0.7135724087108776,0.4640982966666667,0.0,0.083728344,0.9483907194,1.0,1.0,0.8552213184875471,0.8583042223308484,0.020083640673491665,0.017641540561811914
R_5b2MBKWDgnmpE3f,diabetes,none,14,51,feature contribution,0.4890568256905696,0.5,0.0,0.3033058670024594,0.26781582525,0.0,0.2085877326,0.9317375683,0.0,1.0,0.9026875983921623,0.9145594345299469,0.043073722579640844,0.07013995980782317
R_5b2MBKWDgnmpE3f,diabetes,none,15,11,feature contribution,0.4890568256905696,0.5,0.5,0.4771450102198309,0.38365914533333334,0.0,0.1638610482,0.9698431153,0.0,0.0,0.9170874821641684,0.9567205056691914,0.054646896387405164,0.2046047684672921
R_5b2MBKWDgnmpE3f,diabetes,none,16,12,feature contribution,0.45306497868835927,0.6666666666666666,0.6666666666666666,0.15244415346380313,0.21474021725,0.0,0.2725387693,0.9575516111,0.0,0.0,0.942456785282086,0.9266892429498259,0.0636079309336704,0.08353289667679747
R_5b2MBKWDgnmpE3f,diabetes,none,17,20,feature contribution,1.0,1.0,1.0,0.39842627919349566,0.43577421599999994,0.0,0.159685118,0.9433129262,0.0,0.0,0.952256231511204,0.9399878666002617,0.06984651436421063,0.10036137501452125
R_5b2MBKWDgnmpE3f,diabetes,none,18,15,feature contribution,0.4890568256905696,0.5,0.0,0.44025170453634216,0.45997027333333335,0.0,0.4200248628,0.8780085818,0.0,0.0,0.8850654801874429,0.8652720843098796,0.24314823961178275,0.12609013263983881
R_5b2MBKWDgnmpE3f,diabetes,none,19,52,feature contribution,0.4890568256905696,0.5,1.0,0.4244299175270137,0.716521738792639,0.0,0.4791056408,0.9212241398,0.0,0.0,0.916734443785095,0.9243682031172441,0.36373655386013204,0.293219585816887
R_5b2MBKWDgnmpE3f,diabetes,none,20,59,feature contribution,0.4890568256905696,0.5,0.5,0.37361125959334673,0.297546508,0.0,0.1195156798,0.9355221492,1.0,0.0,0.9353853332018501,0.9423996148171047,0.12928576377088583,0.11582998459809163
R_5c5e5Qjh8Qn7MSE,diabetes,attribution,1,30,feature contribution,1.0,0.8571428571428571,0.8571428571428571,0.13356853661368512,0.06605640367500001,1.0,0.0297996791,0.9119521968,0.0,0.0,0.8847939806978897,0.8884953910396058,0.24626244034655725,0.21444816824536891
R_5c5e5Qjh8Qn7MSE,diabetes,attribution,2,14,feature contribution,0.7472283135593397,1.0,0.0,0.3711247921120501,0.2285410645,1.0,0.0076633545,0.9142948506,1.0,0.0,0.895563137876243,0.9227192410473946,0.153024933214297,0.16145278184315134
R_5c5e5Qjh8Qn7MSE,diabetes,attribution,3,35,feature contribution,0.45539616617112266,0.6666666666666666,1.0,0.1251946244274212,0.3084717760231884,0.0,0.1673446549,0.8908982729,0.0,0.0,0.8982866368724808,0.8534075476459508,0.2699636554715581,0.3806260723146398
R_5c5e5Qjh8Qn7MSE,diabetes,attribution,4,42,feature contribution,0.5942375547387803,1.0,0.6666666666666666,0.10057472752220455,0.09836570945,1.0,0.0613975757,0.9586693769,0.0,1.0,0.9445670062978679,0.9530771976918082,0.03522172709799709,0.0361394244151938
R_5c5e5Qjh8Qn7MSE,diabetes,attribution,5,7,feature contribution,0.47037035397621235,0.5,0.0,0.1936415292766389,0.18439681400000002,1.0,0.0145591103,0.9397249268,1.0,1.0,0.8859743810232196,0.9207123019852853,0.14888728024156303,0.014378666706635096
R_5c5e5Qjh8Qn7MSE,diabetes,attribution,6,56,feature contribution,0.5071307538294113,0.5,0.5,0.20945782262373927,0.239068986,1.0,0.1000793351,0.9439664905,1.0,1.0,0.9433425320014989,0.9383366112358101,0.11914648941440564,0.04812851468456117
R_5c5e5Qjh8Qn7MSE,diabetes,attribution,7,33,feature contribution,0.5426267813807233,1.0,0.0,0.07749351235629276,0.202173913,1.0,0.1466689781,0.9236878853,1.0,1.0,0.9391865878156681,0.9151277160483601,0.11823827550996611,0.10274748830817315
R_5c5e5Qjh8Qn7MSE,diabetes,attribution,8,26,feature contribution,0.4672451951684594,1.0,0.5,0.07519711886812819,0.202504257,1.0,0.0798008593,0.9712315645,1.0,1.0,0.9732248694979153,0.9434489340863859,0.042362447482082344,0.06206935556336346
R_5c5e5Qjh8Qn7MSE,diabetes,attribution,9,53,feature contribution,0.42615560321559043,0.6666666666666666,0.6666666666666666,0.09773409050895203,0.21006953325,0.0,0.0042294909,0.9316535935,1.0,0.0,0.9429102635951415,0.9573048930905395,0.0886831907756522,0.03724359929544016
R_5c5e5Qjh8Qn7MSE,diabetes,attribution,10,32,feature contribution,0.6189929311318149,1.0,0.5,0.08881955660418159,0.2077140696666667,1.0,0.0304305714,0.9505207722,1.0,1.0,0.9288160429038425,0.9328672416905145,0.08271578228087352,0.06404615179089405
R_5c5e5Qjh8Qn7MSE,diabetes,attribution,11,0,feature contribution,0.7445200167698887,1.0,1.0,0.7626149182407292,0.6826086957,1.0,0.239910783,0.8854847876,0.0,0.0,0.8596213169868339,0.8756225614949796,0.021178570388687923,0.013631053068592802
R_5c5e5Qjh8Qn7MSE,diabetes,attribution,12,20,feature contribution,0.5871406687724549,1.0,0.5,0.29221823520662793,0.20233074120000002,0.0,0.0591063863,0.9222020071,0.0,0.0,0.9572878991479393,0.9611180798325837,0.06890380016548964,0.028412333478231244
R_5c5e5Qjh8Qn7MSE,diabetes,attribution,13,51,feature contribution,0.6722208640098211,1.0,1.0,0.6573390418206042,0.580156436,1.0,0.3816747686,0.8939461486,0.0,0.0,0.9055197846462206,0.8964768967439194,0.0433370289284328,0.030595565074088588
R_5c5e5Qjh8Qn7MSE,diabetes,attribution,14,52,feature contribution,0.48026885501227806,1.0,0.5,0.5224295587050891,0.4076734275333333,1.0,0.0504754295,0.9207229887,0.0,0.0,0.9116783334148589,0.916815519779228,0.2576454673379378,0.2578271134995265
R_5c5e5Qjh8Qn7MSE,diabetes,attribution,15,12,feature contribution,0.5052875445478038,0.6666666666666666,1.0,0.30888427544436314,0.3337178231,0.0,0.1869129236,0.9153404877,0.0,1.0,0.9413268057161222,0.9316385129325034,0.0650749201451786,0.044605395051650065
R_5c5e5Qjh8Qn7MSE,diabetes,attribution,16,31,feature contribution,0.40285617071904517,0.6666666666666666,0.6666666666666666,0.2762778592217536,0.30673318005,0.0,0.063881921,0.9248295888,0.0,0.0,0.9362964297482609,0.9621804388002316,0.07887058556109261,0.07207513171773061
R_5c5e5Qjh8Qn7MSE,diabetes,attribution,17,11,feature contribution,0.39279920694950266,1.0,0.5,0.4858283829571376,0.33341135149999995,0.0,0.0577873219,0.9298969119,0.0,0.0,0.9577117366175569,0.9567205056691914,0.21804932784887693,0.19950021109359706
R_5c5e5Qjh8Qn7MSE,diabetes,attribution,18,58,feature contribution,1.0,1.0,1.0,0.3838660566331031,0.29638077892500003,1.0,0.1569967162,0.8829282688,0.0,1.0,0.9296637646266253,0.9304349839127684,0.013868132858948612,0.12113236189954613
R_5c5e5Qjh8Qn7MSE,diabetes,attribution,19,15,feature contribution,0.6999853758159468,1.0,0.0,0.910659957491871,0.5199030777,1.0,0.4593185329,0.8853074245,0.0,0.0,0.8869769322392741,0.8611476926576482,0.21415126349990554,0.24442248410869108
R_5c5e5Qjh8Qn7MSE,diabetes,attribution,20,59,feature contribution,0.607910624531357,0.6666666666666666,0.6666666666666666,0.4399495700846858,0.42716927785000003,1.0,0.3126609214,0.8737325724,0.0,0.0,0.9383567585002405,0.9223996148171048,0.13813846745831623,0.16752658065551884
R_5fiJADPk00t6Se9,safelimit,counterfactual,1,87,feature contribution,0.5336557960381169,0.5,0.6666666666666666,0.5071975459710671,0.800012494,1.0,0.5394332259,0.9791363256,0.0,0.0,0.978436455209311,0.976277880281199,0.11346109254204806,0.31671730982501956
R_5fiJADPk00t6Se9,safelimit,counterfactual,2,203,feature contribution,0.5336557960381169,0.5,0.5,0.2529907764042855,0.251426105,1.0,0.1633903486,0.9715028439,0.0,0.0,0.9656347984611213,0.9729202077396136,0.13173936378457463,0.0011278225783182272
R_5fiJADPk00t6Se9,safelimit,counterfactual,3,106,feature contribution,0.6326748727780336,1.0,0.0,0.15592203904297847,0.2998750625,1.0,0.0827312925,0.9798718211,0.0,0.0,0.9810183483329434,0.9527894295472642,0.07319074725873032,0.4049946413155777
R_5fiJADPk00t6Se9,safelimit,counterfactual,4,143,feature contribution,0.5336557960381169,0.5,0.5,0.24342774837183176,0.2553405116666667,1.0,0.2395866311,0.9764073466,1.0,1.0,0.9867541168153812,0.9869347166173704,0.007850541325315263,0.003454748368198368
R_5fiJADPk00t6Se9,safelimit,counterfactual,5,300,feature contribution,0.6326748727780336,1.0,0.0,0.2750666102752122,0.23740629700000002,1.0,0.1413318476,0.9749677277,0.0,0.0,0.9826424646054864,0.9763142335863548,0.13373476330960754,0.1682891252851928
R_5fiJADPk00t6Se9,safelimit,counterfactual,6,98,feature contribution,1.0,0.8571428571428571,0.8571428571428571,0.35835033995427157,0.37609543255,0.0,0.5407737458,0.9468953177,0.0,0.0,0.9775612314425802,0.9846766433396031,0.25699210247092413,0.0933775078005154
R_5fiJADPk00t6Se9,safelimit,counterfactual,7,261,feature contribution,0.6326748727780336,0.0,0.0,0.34591340716016994,0.1772727275,0.0,0.6375383068,0.995687121,0.0,0.0,0.9891984152084006,0.9909923259415697,0.3099322657776511,0.6663041020845577
R_5fiJADPk00t6Se9,safelimit,counterfactual,8,4,feature contribution,0.5336557960381169,0.5,0.6666666666666666,0.15232530681167694,0.18695561349999998,0.0,0.4690248572,0.9582315197,0.0,0.0,0.9748831226104411,0.9616190278892132,0.04223981388428444,0.10100657976034877
R_5fiJADPk00t6Se9,safelimit,counterfactual,9,209,feature contribution,0.6326748727780336,0.0,0.0,0.46969151810469767,0.35727272750000005,0.0,0.32361875,0.9780901206,0.0,0.0,0.9765968003543585,0.9751364911836521,0.3097757971110511,0.5540570331344243
R_5fiJADPk00t6Se9,safelimit,counterfactual,10,245,feature contribution,0.5336557960381169,0.5,0.6666666666666666,0.37891370568191335,0.29675571300000003,0.0,0.6916546157,0.9761540322,0.0,0.0,0.9847142999810635,0.9794757568749213,0.2509276217218955,0.6636203238991104
R_5g60ppMS88e6WxS,housing,none,1,3174,weighted examples,0.28138763476515877,0.3333333333333333,0.4,0.4795570822056415,0.2868276515,1.0,0.4896444103,0.9860909091,0.0,1.0,0.9784477882285423,0.925340909090909,0.2945092041034566,0.22748081718843705
R_5g60ppMS88e6WxS,housing,none,2,2275,weighted examples,0.5365191618111674,0.0,0.0,0.49097959885107884,0.21917613635,1.0,0.2942835777,0.9851704545,1.0,1.0,0.997983160454114,0.9788636363636364,0.13907706576005746,0.09311337635695974
R_5g60ppMS88e6WxS,housing,none,3,675,weighted examples,1.0,1.0,0.75,0.19808836175407812,0.40857954543999997,1.0,0.3711573747,0.9997159091,1.0,0.0,0.9494940346529368,0.9598863636363636,0.23559311921491152,0.12050414074363072
R_5g60ppMS88e6WxS,housing,none,4,102,weighted examples,0.2315587385055138,0.3333333333333333,0.6666666666666666,0.3192134712845712,0.1997443182,1.0,0.2759953551,0.9946818182,1.0,0.0,0.9894905841436372,0.9780681818181818,0.14524846895170682,0.06759378340644565
R_5g60ppMS88e6WxS,housing,none,5,577,weighted examples,0.3906944369523052,0.0,0.5,0.3846261069657584,0.18636363636666667,1.0,0.4157145518,0.9988636364,1.0,0.0,0.9930417946616976,0.96,0.13841586501267242,0.05886699609321944
R_5g60ppMS88e6WxS,housing,none,6,2447,weighted examples,0.27884577991917214,0.5,0.5,0.4938977840349037,0.1729924243030303,0.0,0.1067751751,0.9951590909,0.0,0.0,0.9787295114699669,0.9782954545454545,0.48601853574643394,0.1759985916096394
R_5g60ppMS88e6WxS,housing,none,7,1751,weighted examples,0.24796112545939475,1.0,0.0,0.3926136362272727,0.20255681825,1.0,0.0562159756,0.9998863636,1.0,0.0,0.928409090909091,0.9753409090909091,0.4672157144023752,0.39261351458026217
R_5g60ppMS88e6WxS,housing,none,8,553,weighted examples,0.24648344146434917,0.6666666666666666,0.6666666666666666,0.3423852350354221,0.23816287875,1.0,0.1587533408,0.9990909091,1.0,0.0,0.9169763697434893,0.9598863636363636,0.21828433167647776,0.2029266346588025
R_5g60ppMS88e6WxS,housing,none,9,172,weighted examples,0.7313484883999215,1.0,0.0,0.0,0.55,1.0,0.1533632533,0.9982954545,1.0,1.0,0.9982954545454545,0.9777272727272728,0.15336325326062306,0.010198227575189234
R_5g60ppMS88e6WxS,housing,none,10,2728,weighted examples,0.7365518154089823,1.0,0.0,0.0,0.55,0.0,0.0796221191,0.9994318182,0.0,0.0,0.9994318181818181,0.9989772727272728,0.07962211913662093,0.03958245024920498
R_5g6goAxW0POnfXS,housing,counterfactual,1,3174,weighted examples,0.6087985440618846,1.0,0.0,0.2675868143441079,0.55,0.0,0.0215898524,0.94125,1.0,1.0,0.9286688780203367,0.92125,0.1643614950891394,0.11124519735573642
R_5g6goAxW0POnfXS,housing,counterfactual,2,2275,weighted examples,0.43947477971044574,0.5,0.5,0.18735650599623468,0.23717171699999998,0.0,0.030415531,0.9970909091,1.0,0.0,0.9632472168157192,0.9577272727272728,0.1658605349437436,0.03789599504957042
R_5g6goAxW0POnfXS,housing,counterfactual,3,675,weighted examples,0.5592606362414918,0.0,1.0,0.49397534909601115,0.33238636359999996,0.0,0.2340792292,0.9839772727,0.0,0.0,0.9732340790396166,0.9998863636363636,0.47883586156046754,0.33300563648212667
R_5g6goAxW0POnfXS,housing,counterfactual,4,102,weighted examples,0.47702387650749795,0.0,0.0,0.25577984011405736,0.17505681820000002,0.0,0.04901628,0.9988181818,1.0,0.0,0.9712450841979126,0.96,0.08890143640805545,0.05151379731013861
R_5g6goAxW0POnfXS,housing,counterfactual,5,577,weighted examples,0.46465669586320163,0.5,0.0,0.27160061560665594,0.2662405303,1.0,0.0841574534,0.9910227273,1.0,0.0,0.9727959834475466,0.96,0.09572300147913605,0.05886699609321944
R_5g6goAxW0POnfXS,housing,counterfactual,6,2447,weighted examples,0.4491522418278174,0.5,0.0,0.26894290484002176,0.29024621225,0.0,0.2135545752,0.9997727273,0.0,0.0,0.9781797116111385,0.9594318181818182,0.36117932346049036,0.11489332950554429
R_5g6goAxW0POnfXS,housing,counterfactual,7,1751,weighted examples,0.3049573609468744,0.5,0.0,0.3577908540007508,0.32121212125,0.0,0.3406069289,0.9907954545,1.0,0.0,0.9997502698731777,0.9753409090909091,0.22715661610018995,0.39261351458026217
R_5g6goAxW0POnfXS,housing,counterfactual,8,553,weighted examples,0.4969304587651657,0.5,0.5,0.24101754929327476,0.20836489900000002,0.0,0.2256253559,0.998125,0.0,0.0,0.9920371978361564,0.97875,0.025739857143112804,0.30292663465880254
R_5g6goAxW0POnfXS,housing,counterfactual,9,172,weighted examples,0.2871167030231714,1.0,0.5,0.2184109181895019,0.22626262600000002,1.0,0.0777936742,0.9957954545,0.0,1.0,0.9881659357302599,0.9685227272727273,0.047141387526110634,0.13749782208566835
R_5g6goAxW0POnfXS,housing,counterfactual,10,2728,weighted examples,0.3279210313047539,0.0,0.5,0.3452885087542472,0.18374368666666666,0.0,0.0171629749,0.9964204545,0.0,0.0,0.9926512616700645,0.9789772727272728,0.08030679233656167,0.011581249412214056
R_5j6OULl151xAZzJ,diabetes,attribution,1,26,feature contribution,0.45305938078574604,1.0,0.5,0.18486587952208627,0.18958991,1.0,0.0843035763,0.9789801727,0.0,0.0,0.930733383973191,0.9433529701833689,0.09406016704163286,0.11243694370204654
R_5j6OULl151xAZzJ,diabetes,attribution,2,56,feature contribution,0.41682514692907335,1.0,0.5,0.04146938132757759,0.14804861666666666,1.0,0.1163926947,0.9463893602,1.0,0.0,0.933777503900748,0.9621016051281109,0.13083523627861793,0.1181709662933575
R_5j6OULl151xAZzJ,diabetes,attribution,3,53,feature contribution,0.7623605445933679,1.0,0.0,0.0912259818423739,0.3348155075,0.0,0.065245755,0.9254225975,1.0,0.0,0.9207805297912324,0.9484948791649523,0.05796733617835392,0.17020935569562506
R_5j6OULl151xAZzJ,diabetes,attribution,4,35,feature contribution,0.5896386502702861,1.0,0.0,0.12609789800327564,0.3050586635,0.0,0.3388991973,0.8932812457,0.0,0.0,0.8680616661378304,0.8941009328494868,0.3024310128887698,0.4742642975336425
R_5j6OULl151xAZzJ,diabetes,attribution,5,14,feature contribution,0.743515067841046,1.0,1.0,0.04871620478966182,0.33359972800000004,1.0,0.0632183305,0.906873626,1.0,0.0,0.9087345717366154,0.9418792528983757,0.041067340512412676,0.040112881971640535
R_5j6OULl151xAZzJ,diabetes,attribution,6,32,feature contribution,0.629215517321037,1.0,0.0,0.16516658378492027,0.14644333375000002,1.0,0.0633046919,0.9311152733,0.0,1.0,0.9361701141107416,0.9070093975415482,0.046181566426508336,0.10351820813687626
R_5j6OULl151xAZzJ,diabetes,attribution,7,42,feature contribution,0.5363989960992093,1.0,0.5,0.13154445999945388,0.1127767588409909,1.0,0.1158982109,0.9430891165,0.0,0.0,0.9419285832753295,0.9299164728451954,0.07017880084150341,0.05001867657301373
R_5j6OULl151xAZzJ,diabetes,attribution,8,30,feature contribution,0.6335222840826628,1.0,0.0,0.1737191315495956,0.1386744205,0.0,0.1649470559,0.9219555291,0.0,0.0,0.8872117027729369,0.8884953910396058,0.2423230394644077,0.13591383696484927
R_5j6OULl151xAZzJ,diabetes,attribution,9,33,feature contribution,0.6052020807453349,1.0,1.0,0.021739130521739147,0.204347826,1.0,0.1466689781,0.9236878853,1.0,1.0,0.9193400592400618,0.9499103247440124,0.20288424225370427,0.06470056586395556
R_5j6OULl151xAZzJ,diabetes,attribution,10,7,feature contribution,0.479979756118661,0.5,0.5,0.17202848620664501,0.162963868,0.0,0.1020494116,0.9472544517,1.0,0.0,0.917658176766929,0.9432507749378842,0.13285559730935304,0.026576644318439868
R_5j6OULl151xAZzJ,diabetes,attribution,11,58,feature contribution,0.5762720746077137,0.0,0.0,0.004930844756386832,0.05103109789999999,0.0,0.1289271134,0.9255624084,0.0,0.0,0.9267098680159499,0.9051499692733952,0.034243116974315146,0.015798628337693243
R_5j6OULl151xAZzJ,diabetes,attribution,12,12,feature contribution,0.5381482207363246,0.0,0.0,0.021589309516346866,0.06756111249999999,0.0,0.0276189894,0.9469121237,0.0,1.0,0.9414989573965619,0.9248369485727007,0.06132546723903376,0.035998793690712294
R_5j6OULl151xAZzJ,diabetes,attribution,13,51,feature contribution,0.41657986200109415,1.0,1.0,0.051628560947252974,0.04048631190000003,0.0,0.1115911773,0.9026566969,0.0,0.0,0.9025333312408909,0.8964768967439194,0.04777251410646077,0.030595565074088588
R_5j6OULl151xAZzJ,diabetes,attribution,14,11,feature contribution,0.4634465792755301,0.0,0.0,0.10560316830024752,0.08260869564999998,0.0,0.2097809283,0.9436770274,0.0,0.0,0.9683321027679089,0.9367205056691914,0.09136695355030539,0.2008857446291391
R_5j6OULl151xAZzJ,diabetes,attribution,15,15,feature contribution,0.6140367649878296,1.0,0.0,0.09654231609033335,0.10330726064999998,0.0,0.2598632356,0.9024705969,0.0,0.0,0.8831621336995816,0.8611476926576482,0.26862928843863354,0.24442248410869108
R_5j6OULl151xAZzJ,diabetes,attribution,16,59,feature contribution,0.754559425830034,0.0,1.0,0.14862795107253546,0.030434782600000015,0.0,0.0651072038,0.9563126583,0.0,0.0,0.9550254745123514,0.9623996148171047,0.06432505028981161,0.04283183314783964
R_5j6OULl151xAZzJ,diabetes,attribution,17,0,feature contribution,0.5704682676061131,0.0,0.0,0.12944737651549013,0.1283634414,1.0,0.1450119266,0.857897584,0.0,0.0,0.8760561355411757,0.8756225614949796,0.013862530796251937,0.013631053068592802
R_5j6OULl151xAZzJ,diabetes,attribution,18,31,feature contribution,0.7351982940959798,1.0,0.0,0.1423822343255501,0.13076857674999998,0.0,0.0559592101,0.9506823943,1.0,0.0,0.9336046478250325,0.9516190608244436,0.08115963289454992,0.31707840365515966
R_5j6OULl151xAZzJ,diabetes,attribution,19,20,feature contribution,0.7604243111213304,0.0,0.0,0.09746797003158192,0.10434782609999999,0.0,0.160932174,0.9576026054,0.0,1.0,0.9700248060832233,0.9565822237699002,0.10512314569529313,0.01815119974213386
R_5j6OULl151xAZzJ,diabetes,attribution,20,52,feature contribution,0.6629198008564373,0.0,0.0,0.06997347255612044,0.1152173913,0.0,0.4646291882,0.9307285633,0.0,0.0,0.9201304785811276,0.9020329110835759,0.37493485964330553,0.30659917158126265
R_5jOrV0ED2kEcpj3,housing,attribution,1,2987,feature contribution,0.31021876585426034,0.0,0.0,0.15079143755435245,0.22272727273333337,1.0,0.0596997038,0.99625,1.0,1.0,0.9827759408692454,0.98875,0.047162775416919156,0.16917646913881842
R_5jOrV0ED2kEcpj3,housing,attribution,2,1760,feature contribution,0.23302092352805415,0.5,0.5,0.18124144339133755,0.24444444443333335,0.0,0.0434401373,0.9996590909,0.0,0.0,0.9976945278979247,0.9796590909090909,0.18416136003173222,0.023796187106340932
R_5jOrV0ED2kEcpj3,housing,attribution,3,3174,feature contribution,0.4535663691339694,0.0,0.0,0.28942728426682146,0.5490909091,1.0,0.0095791405,0.9651818182,1.0,1.0,0.9404109044769078,0.94125,0.059876478338054276,0.029954493626764896
R_5jOrV0ED2kEcpj3,housing,attribution,4,577,feature contribution,0.2753070431100828,0.6666666666666666,0.3333333333333333,0.2989708803461645,0.30606060606,1.0,0.1754639694,0.9863636364,1.0,1.0,0.9620507996934302,0.9598863636363637,0.03074023545676069,0.05121155622320506
R_5jOrV0ED2kEcpj3,housing,attribution,5,102,feature contribution,0.251902729666871,0.3333333333333333,0.6666666666666666,0.2939150877815256,0.3609848485,1.0,0.1647247434,0.9945454545,1.0,0.0,0.955608720689488,0.9780681818181818,0.08233746718891677,0.047168901195062174
R_5jOrV0ED2kEcpj3,housing,attribution,6,2255,feature contribution,0.22692872537169637,0.0,0.5,0.10467668159134047,0.1948484848333333,0.0,0.0603157686,0.9988295455,0.0,0.0,0.9983382001723822,0.978125,0.2212513251394384,0.22108761326541884
R_5jOrV0ED2kEcpj3,housing,attribution,7,2275,feature contribution,0.36563066472662775,0.0,0.0,0.20399664216612148,0.25,1.0,0.3274516757,0.9588636364,0.0,0.0,0.9961286158608241,0.9981818181818182,0.007972900701659957,0.05918544546616933
R_5jOrV0ED2kEcpj3,housing,attribution,8,614,feature contribution,0.290927487427697,0.3333333333333333,1.0,0.36217057717056544,0.5646464646666667,1.0,0.2834895221,0.9795454545,1.0,1.0,0.9680188167809497,0.9581818181818181,0.0964031843741343,0.010613120160049255
R_5jOrV0ED2kEcpj3,housing,attribution,9,675,feature contribution,0.4883944866299173,0.8571428571428571,0.6666666666666666,0.24985034618134871,0.33690814395,0.0,0.1099904539,0.9996022727,1.0,0.0,0.9495704806209816,0.96,0.17041195116223345,0.1942602210429749
R_5jOrV0ED2kEcpj3,housing,attribution,10,692,feature contribution,0.38096626458715765,0.5,0.5,0.31006689468363563,0.3555555555666667,1.0,0.3191908557,0.9732954545,1.0,0.0,0.9631813105987148,0.9776136363636364,0.026094666289323498,0.08524065689461835
R_5jOrV0ED2kEcpj3,housing,attribution,11,456,feature contribution,0.28874088332754366,0.5,0.6666666666666666,0.38819380005587617,0.568181818,0.0,0.5024482486,0.9914772727,1.0,0.0,0.9576140229240501,0.9907954545454546,0.07364429898735128,0.45329656778187155
R_5jOrV0ED2kEcpj3,housing,attribution,12,172,feature contribution,0.3435394011043734,0.6666666666666666,0.6666666666666666,0.2631587562100921,0.1546969695,1.0,0.0952987785,0.997,1.0,1.0,0.9181565265828736,0.9507954545454546,0.16293302560589512,0.1928493152222297
R_5jOrV0ED2kEcpj3,housing,attribution,13,2728,feature contribution,0.3469428081664706,0.6666666666666666,0.6666666666666666,0.22302505755108187,0.2046969695,0.0,0.0602238145,0.9988181818,1.0,0.0,0.9470487641411824,0.9473863636363636,0.1259625264794397,0.015555298478293289
R_5jOrV0ED2kEcpj3,housing,attribution,14,1155,feature contribution,0.4579855178447581,0.6666666666666666,0.0,0.4368693574760272,0.42060606060000005,0.0,0.0444559899,0.9482954545,1.0,0.0,0.9763044654299582,0.9793181818181819,0.04685154829671744,0.6405286127851972
R_5jOrV0ED2kEcpj3,housing,attribution,15,2767,feature contribution,0.4816050342057623,0.6666666666666666,0.3333333333333333,0.3243018153251136,0.30606060620000003,0.0,0.0261100649,0.9846590909,1.0,0.0,0.9931533140778488,0.9598863636363636,0.053892506409993164,0.27926092202960984
R_5jOrV0ED2kEcpj3,housing,attribution,16,2462,feature contribution,0.3761668180598468,0.6666666666666666,0.6666666666666666,0.35810747217774014,0.50121212125,0.0,0.0015172153,0.9933863636,1.0,0.0,0.9555601299802973,0.9525,0.018700287024983546,0.6424003856995606
R_5jOrV0ED2kEcpj3,housing,attribution,17,553,feature contribution,0.46087194733374104,0.6666666666666666,1.0,0.3272705196741583,0.4743434343333333,1.0,0.0028299748,0.9831590909,1.0,0.0,0.9730027430949455,0.9576136363636364,0.06397433345298781,0.39225389450564124
R_5jOrV0ED2kEcpj3,housing,attribution,18,1751,feature contribution,0.47962851899184644,0.6666666666666666,0.6666666666666666,0.33344493162850924,0.383030303,1.0,0.0583881613,0.9740681818,1.0,0.0,0.990454531406744,0.9775,0.10393903933148209,0.27820517689738106
R_5jOrV0ED2kEcpj3,housing,attribution,19,1657,feature contribution,0.46987397777382633,0.6666666666666666,0.6666666666666666,0.32002143117649556,0.383030303,1.0,0.02389571,0.9729318182,1.0,0.0,0.9898959328442267,0.9780681818181819,0.10129724205485062,0.21874086027862655
R_5jOrV0ED2kEcpj3,housing,attribution,20,2447,feature contribution,0.6627353877579851,0.75,0.5714285714285714,0.3547112964799721,0.36581818180000003,1.0,0.0132613707,0.9786136364,1.0,0.0,0.9555511077923863,0.9578409090909091,0.12318798986579507,0.030432715943194855
R_5kGrfdcFvaTZHov,diabetes,attribution,1,32,feature contribution,0.5419392817067988,1.0,0.0,0.21790514766833324,0.2284524150202703,0.0,0.0265876296,0.9560851858,1.0,1.0,0.9328869377289826,0.917362930875174,0.08353308321787756,0.07027094847493331
R_5kGrfdcFvaTZHov,diabetes,attribution,2,14,feature contribution,0.3387617403884726,1.0,0.6666666666666666,0.07176690787820231,0.25714608650000004,0.0,0.0546064825,0.9585710731,1.0,0.0,0.9352743280660121,0.9419590513414403,0.18473499052442635,0.24129278450084177
R_5kGrfdcFvaTZHov,diabetes,attribution,3,33,feature contribution,0.4555504779377577,0.5,0.6666666666666666,0.17602294107846164,0.23868944199999997,1.0,0.3400113569,0.9336716561,1.0,1.0,0.9435473264630256,0.9151277160483601,0.08438396893022843,0.10274748830817315
R_5kGrfdcFvaTZHov,diabetes,attribution,4,42,feature contribution,0.31169666513201233,1.0,0.0,0.20943508379462458,0.2045083803807432,1.0,0.2282077721,0.94455823,1.0,0.0,0.9390244350776038,0.9164743494038362,0.005377828690912856,0.09893458121521614
R_5kGrfdcFvaTZHov,diabetes,attribution,5,30,feature contribution,0.3866309492188057,1.0,0.4,0.29165448587737025,0.21172942175675674,1.0,0.0593783309,0.9453330713,0.0,0.0,0.8864298317231419,0.8610803554774507,0.24858623723234008,0.2346431159404283
R_5kGrfdcFvaTZHov,diabetes,attribution,6,35,feature contribution,0.3698143096047238,0.6666666666666666,0.6666666666666666,0.15134234775597086,0.2999440807173913,0.0,0.1784442741,0.9634414875,0.0,0.0,0.9359702713880907,0.8654052806755738,0.23897809361712932,0.5079280187075761
R_5kGrfdcFvaTZHov,diabetes,attribution,7,7,feature contribution,0.4988877636144265,1.0,0.75,0.10602842162424722,0.21099013960000002,0.0,0.0028329919,0.9597281377,1.0,0.0,0.9532113341613708,0.9345545785645413,0.09041154749028979,0.12582936360647062
R_5kGrfdcFvaTZHov,diabetes,attribution,8,26,feature contribution,0.414179832843928,0.75,0.75,0.10381973520889957,0.1732210872,1.0,0.2297717987,0.9333455242,1.0,1.0,0.9534237362095425,0.9594314986004275,0.011444920924739976,0.0068486810537183584
R_5kGrfdcFvaTZHov,diabetes,attribution,9,56,feature contribution,0.30698211506752676,0.6666666666666666,0.6666666666666666,0.21566788905501033,0.27635200449999997,1.0,0.0991497035,0.9430815434,1.0,1.0,0.9372736871672849,0.9315143588490593,0.09857417354174308,0.09637788461678104
R_5kGrfdcFvaTZHov,diabetes,attribution,10,53,feature contribution,0.3250142204750352,0.75,0.75,0.11794771038864212,0.2207432458,1.0,0.0847690758,0.9245700419,1.0,0.0,0.949796478066475,0.9585450122828216,0.13335659204201994,0.08230865015694946
R_5kGrfdcFvaTZHov,diabetes,attribution,11,11,feature contribution,0.3562058768566348,0.6666666666666666,0.3333333333333333,0.09238515904045948,0.09548513480000001,0.0,0.2337646488,0.9771199021,0.0,0.0,0.9632342767591484,0.9183421272908131,0.21511927415801432,0.14833896470860364
R_5kGrfdcFvaTZHov,diabetes,attribution,12,31,feature contribution,0.4340732506247041,0.5,0.5,0.2691378334154131,0.2642777404,0.0,0.1816901796,0.9362483553,1.0,0.0,0.9363835356366327,0.950832929086784,0.07328823538370319,0.2278029779916868
R_5kGrfdcFvaTZHov,diabetes,attribution,13,0,feature contribution,0.3215073913228176,0.6666666666666666,0.6666666666666666,0.23919928166384677,0.22681844649999996,1.0,0.1528202238,0.914632723,0.0,1.0,0.8627600681112276,0.8671749638964674,0.014034461229063877,0.09046106602945947
R_5kGrfdcFvaTZHov,diabetes,attribution,14,51,feature contribution,0.37091958920534945,0.5,0.0,0.27400170016764364,0.2609308813,0.0,0.0598697612,0.8927021455,0.0,0.0,0.9052126829617234,0.9005310134241848,0.039347741097696204,0.08693529776914694
R_5kGrfdcFvaTZHov,diabetes,attribution,15,12,feature contribution,0.4399425208072619,0.6666666666666666,0.3333333333333333,0.29897033132904477,0.27886117532000004,1.0,0.0526769426,0.8873786156,0.0,1.0,0.9386455870992702,0.8848369485727007,0.0620198809575398,0.012134261194238716
R_5kGrfdcFvaTZHov,diabetes,attribution,16,52,feature contribution,0.3994295977441508,1.0,0.5,0.5824812729076336,0.47740143120000006,1.0,0.1268966053,0.891311991,0.0,0.0,0.9275381250034405,0.9220329110835759,0.20118411183845109,0.2813525846383232
R_5kGrfdcFvaTZHov,diabetes,attribution,17,58,feature contribution,0.3431012730658377,0.6666666666666666,0.6666666666666666,0.3034872052233974,0.28889923475,1.0,0.4097758548,0.9724570008,0.0,1.0,0.9309736619024312,0.9504349839127683,0.004495298097436928,0.1766906287811279
R_5kGrfdcFvaTZHov,diabetes,attribution,18,20,feature contribution,0.5156422766058507,0.0,1.0,0.13706498318639448,0.15559650460000002,1.0,0.1143688798,0.9233156238,0.0,0.0,0.9495180935708002,0.9611180798325837,0.08054409518473088,0.028412333478231244
R_5kGrfdcFvaTZHov,diabetes,attribution,19,59,feature contribution,0.24158227076951805,1.0,0.3333333333333333,0.30748879590512346,0.25248110704000004,0.0,0.0392742341,0.9387975701,0.0,0.0,0.9299321021196805,0.9332104256279155,0.10745982599879322,0.027058563358736354
R_5kGrfdcFvaTZHov,diabetes,attribution,20,15,feature contribution,0.36275360701073117,1.0,0.5,0.5416176926120599,0.3841321396,1.0,0.3185215236,0.8967236094,0.0,0.0,0.888927596339581,0.8560828951206904,0.20954046007363356,0.14739796518153592
R_5lApGQB2048vlh4,housing,none,1,577,feature contribution,0.5568070174584341,0.75,0.75,0.21725448663688685,0.27327651515999996,1.0,0.0233899949,0.9988068182,1.0,0.0,0.9598126674715365,0.9381818181818182,0.15027190408423696,0.00858386528630295
R_5lApGQB2048vlh4,housing,none,2,2255,feature contribution,0.3068233974325252,1.0,1.0,0.27618194490262743,0.20056818179999997,1.0,0.2221339985,0.9998295455,0.0,0.0,0.9937114143319601,0.9799431818181819,0.22559881961905612,0.0829369186919155
R_5lApGQB2048vlh4,housing,none,3,102,feature contribution,0.5568070174584341,0.75,0.75,0.235932517237113,0.29865151516,0.0,0.0005004686,0.9980909091,1.0,0.0,0.9603434056468992,0.9381818181818182,0.0981665367531318,0.026835001226677424
R_5lApGQB2048vlh4,housing,none,4,3174,feature contribution,0.32150005819598815,0.4,0.4,0.3141494124659761,0.3629214015022727,1.0,0.3918013763,0.9834318182,1.0,1.0,0.9386766821381283,0.9030681818181818,0.06561883291305425,0.15197132124676022
R_5lApGQB2048vlh4,housing,none,5,2275,feature contribution,0.6246897251397974,0.0,0.0,0.1134522262397497,0.15170454545,1.0,0.2067357353,0.9992045455,1.0,0.0,0.9930282004113729,0.9777272727272728,0.01631146398514874,0.047277259905648183
R_5lApGQB2048vlh4,housing,none,6,1760,feature contribution,0.32150005819598815,0.6666666666666666,0.6666666666666666,0.20816831571957362,0.243205492425,1.0,0.1760619582,0.9997159091,0.0,0.0,0.9923170636734566,0.9596590909090909,0.14871641533221006,0.05471083160471629
R_5lApGQB2048vlh4,housing,none,7,692,feature contribution,0.5568070174584341,0.75,0.75,0.2408641742947431,0.3105492424199999,1.0,0.3304305563,0.9808522727,1.0,1.0,0.9503419149255851,0.9571590909090909,0.2578290082736848,0.02968301387125677
R_5lApGQB2048vlh4,housing,none,8,2987,feature contribution,0.32150005819598815,0.8,0.6666666666666666,0.3093331698990187,0.21737215910000002,1.0,0.2987855809,0.9797954545,1.0,1.0,0.9814749019321385,0.94875,0.04497751740288705,0.1568740938616423
R_5lApGQB2048vlh4,housing,none,9,614,feature contribution,0.5568070174584341,0.75,0.75,0.22078182051171594,0.26124242426,1.0,0.3749871854,0.9984772727,1.0,0.0,0.9634944729895643,0.9577272727272728,0.02449316115227279,0.01767224077742291
R_5lApGQB2048vlh4,housing,none,10,675,feature contribution,1.0,0.75,0.75,0.43028451115309296,0.45767045456,1.0,0.209673803,0.9969886364,1.0,0.0,0.9753413293203658,0.9598863636363636,0.0019857542662843064,0.12050414074363072
R_5lApGQB2048vlh4,housing,none,11,456,feature contribution,0.5568070174584341,0.5714285714285714,0.5714285714285714,0.25189982452810217,0.31746969700000005,0.0,0.2028801661,0.9838181818,0.0,0.0,0.9451874283345703,0.9775,0.10331729164727688,0.43254941430783694
R_5lApGQB2048vlh4,housing,none,12,553,feature contribution,0.5568070174584341,0.75,0.75,0.3106383791857377,0.3680151516,0.0,0.062697544,0.99475,0.0,0.0,0.9513686453747658,0.9577272727272728,0.04896460194556945,0.28896768762091024
R_5lApGQB2048vlh4,housing,none,13,1657,feature contribution,0.5568070174584341,0.75,0.75,0.24955113297836656,0.35491287880000005,0.0,0.110952183,0.9955795455,0.0,0.0,0.9560127345048297,0.9376136363636364,0.036839507923385195,0.29332141264321077
R_5lApGQB2048vlh4,housing,none,14,1751,feature contribution,0.5568070174584341,0.75,1.0,0.24415213029923635,0.39825757575000004,0.0,0.1059549897,0.9816590909,0.0,0.0,0.9588941028572021,0.9575,0.06824277828773945,0.26634120642052334
R_5lApGQB2048vlh4,housing,none,15,2728,feature contribution,0.5568070174584341,0.75,0.75,0.21325143226040785,0.1982083332,0.0,0.0630933539,0.9881931818,1.0,1.0,0.9526467514980197,0.9389772727272727,0.2462754454602408,0.1066342387215597
R_5lApGQB2048vlh4,housing,none,16,1155,feature contribution,0.5568070174584341,0.75,0.75,0.4068778403408865,0.45850378779999995,0.0,0.1491004674,0.9963068182,0.0,0.0,0.9537355057358217,0.9393181818181818,0.05591553810747202,0.5414208658967457
R_5lApGQB2048vlh4,housing,none,17,172,feature contribution,0.32150005819598815,0.6666666666666666,0.3333333333333333,0.12349100155840752,0.16375757559999998,1.0,0.0952987785,0.997,1.0,1.0,0.9498568040085078,0.9507954545454546,0.2923316780561066,0.229210556704047
R_5lApGQB2048vlh4,housing,none,18,2462,feature contribution,0.5568070174584341,0.75,0.75,0.2790837914881127,0.31470075740000003,0.0,0.2353403756,0.9962840909,0.0,0.0,0.9201949717744322,0.9199999999999999,0.18196016943300422,0.4720362783644442
R_5lApGQB2048vlh4,housing,none,19,2447,feature contribution,0.5568070174584341,0.5714285714285714,0.5714285714285714,0.37306383351075306,0.38517424240000003,1.0,0.0109662665,0.9992954545,1.0,0.0,0.9583124705448633,0.9578409090909091,0.04139034033833544,0.030432715943194855
R_5lApGQB2048vlh4,housing,none,20,2767,feature contribution,0.5568070174584341,0.75,0.75,0.30740292067304054,0.3750378790000001,0.0,0.0653384212,0.9935227273,0.0,0.0,0.9557658612843531,0.9565909090909092,0.11279039428173637,0.3236089695267984
R_5q8M1s4dsLm5hDO,diabetes,counterfactual,1,53,feature contribution,0.7669605300094232,1.0,0.0,0.1290297417786559,0.1775293315,0.0,0.0924270643,0.9337799898,0.0,0.0,0.9368724528182673,0.9484948791649523,0.029905398247141002,0.17020935569562506
R_5q8M1s4dsLm5hDO,diabetes,counterfactual,2,32,feature contribution,0.7669605300094232,1.0,0.0,0.10582437569365777,0.1690273765,1.0,0.140456787,0.9178517581,1.0,1.0,0.9155738681423375,0.9227947305002444,0.04586509160381913,0.010690734383481393
R_5q8M1s4dsLm5hDO,diabetes,counterfactual,3,26,feature contribution,0.7669605300094232,1.0,0.0,0.12956785189645748,0.21578813149999998,1.0,0.089286179,0.9572410423,0.0,0.0,0.931327472002734,0.9394314986004275,0.083159160329881,0.035955590559678174
R_5q8M1s4dsLm5hDO,diabetes,counterfactual,4,56,feature contribution,0.7669605300094232,1.0,0.0,0.18813139910525842,0.05425097769999999,0.0,0.0425811855,0.9458384484,0.0,0.0,0.9380779361117011,0.9641380573329636,0.01552765425093286,0.0197463886539187
R_5q8M1s4dsLm5hDO,diabetes,counterfactual,5,42,feature contribution,0.7669605300094232,0.0,0.0,0.06488578295873085,0.0826086955,1.0,0.0022917578,0.9426127132,0.0,0.0,0.9343431603871694,0.9446914602765505,0.1076648506065363,0.04668783439529749
R_5q8M1s4dsLm5hDO,diabetes,counterfactual,6,33,feature contribution,0.7669605300094232,1.0,1.0,0.15500104370544232,0.14250977720000002,0.0,0.0598866002,0.9266257606,1.0,1.0,0.914163828130508,0.9151277160483601,0.11564633608278763,0.10274748830817315
R_5q8M1s4dsLm5hDO,diabetes,counterfactual,7,30,feature contribution,0.7669605300094232,1.0,0.0,0.03326091047478817,0.06275293315,0.0,0.2703425594,0.8847853698,0.0,0.0,0.8849347520478984,0.906485760882856,0.2495088060412109,0.23452070523865032
R_5q8M1s4dsLm5hDO,diabetes,counterfactual,8,7,feature contribution,0.7669605300094232,1.0,1.0,0.3041149463908859,0.21052542080000003,0.0,0.1161497613,0.9117527304,0.0,0.0,0.9410575458117493,0.9275142486981451,0.0758464321468999,0.0856213350097223
R_5q8M1s4dsLm5hDO,diabetes,counterfactual,9,14,feature contribution,0.7669605300094232,1.0,1.0,0.08731508221033824,0.19756844100000004,0.0,0.0111101325,0.9091936773,1.0,0.0,0.9087345717366153,0.9418792528983757,0.041067340512412676,0.040112881971640535
R_5q8M1s4dsLm5hDO,diabetes,counterfactual,10,35,feature contribution,0.7669605300094232,1.0,0.0,0.14112797053815224,0.26404486093478263,0.0,0.3480970694,0.8881800725,0.0,0.0,0.8755194330860848,0.8654052806755738,0.31284507162856195,0.4800223061191712
R_5q8M1s4dsLm5hDO,diabetes,counterfactual,11,11,feature contribution,0.7669605300094232,1.0,0.0,0.047637876823881625,0.11376466584999999,0.0,0.1023114672,0.9720240255,0.0,0.0,0.972698796644415,0.9367205056691914,0.15746444397430537,0.2008857446291391
R_5q8M1s4dsLm5hDO,diabetes,counterfactual,12,31,feature contribution,0.7669605300094232,1.0,0.0,0.03645827734577159,0.13501955450000003,0.0,0.0503651655,0.9519253108,0.0,0.0,0.9514352196974742,0.9544286987695102,0.014461715061085179,0.15771109371462982
R_5q8M1s4dsLm5hDO,diabetes,counterfactual,13,20,feature contribution,0.7669605300094232,1.0,0.0,0.024697045504879382,0.06700391089999999,0.0,0.0400197542,0.9595783129,0.0,0.0,0.9546389037696147,0.9327767485105906,0.07253802686679217,0.11086205512093589
R_5q8M1s4dsLm5hDO,diabetes,counterfactual,14,52,feature contribution,0.7669605300094232,1.0,0.0,0.03789753048432476,0.1222666213,0.0,0.2493766602,0.9049527489,0.0,0.0,0.9007057686604408,0.9020329110835759,0.32657010603443315,0.30659917158126265
R_5q8M1s4dsLm5hDO,diabetes,counterfactual,15,15,feature contribution,0.7669605300094232,1.0,0.0,0.18277500549416476,0.15006801565,0.0,0.194763066,0.8871670771,0.0,0.0,0.8846198978188153,0.8652720843098796,0.21897870713291379,0.12609013263983881
R_5q8M1s4dsLm5hDO,diabetes,counterfactual,16,58,feature contribution,0.7669605300094232,1.0,0.0,0.07157590350190891,0.09250977724999998,0.0,0.0735956328,0.9311593581,0.0,0.0,0.9278386994730133,0.9051499692733952,0.031859875815084315,0.015798628337693243
R_5q8M1s4dsLm5hDO,diabetes,counterfactual,17,0,feature contribution,0.7669605300094232,1.0,0.0,0.0065713125030409,0.0542509777,0.0,0.012408081,0.8586718279,0.0,0.0,0.859986090379723,0.8756225614949796,0.02363619215109858,0.013631053068592802
R_5q8M1s4dsLm5hDO,diabetes,counterfactual,18,51,feature contribution,0.7669605300094232,1.0,0.0,0.13944394443394567,0.12651759904999998,0.0,0.0859851599,0.9070839364,0.0,0.0,0.9036745565435523,0.8879446539675289,0.04626633798671645,0.03983479761999173
R_5q8M1s4dsLm5hDO,diabetes,counterfactual,19,12,feature contribution,0.7669605300094232,1.0,0.0,0.2581761153980192,0.18603128719999998,0.0,0.0318476382,0.8959106802,0.0,1.0,0.9426649703904193,0.9248369485727007,0.05906700780863278,0.035998793690712294
R_5q8M1s4dsLm5hDO,diabetes,counterfactual,20,59,feature contribution,0.7669605300094232,1.0,0.0,0.04098020258229597,0.09250977725000001,0.0,0.0432784367,0.9483635918,0.0,0.0,0.9480996908140805,0.955003915898185,0.04117141953301484,0.04534873713990473
R_5qAk52BxKeKkOOJ,safelimit,attribution,1,87,feature contribution,0.6704743643900578,1.0,1.0,0.28291513694517834,0.009975011999999978,0.0,0.3266923223,0.9742828778,0.0,0.0,0.9916762636489546,0.976277880281199,0.04377718488001958,0.31671730982501956
R_5qAk52BxKeKkOOJ,safelimit,attribution,2,203,feature contribution,0.6704743643900578,1.0,0.0,0.05031222045110732,0.087593703,0.0,0.0964442765,0.9816110826,0.0,0.0,0.9715486384134712,0.975270384029325,0.14675649721129713,0.136112897934066
R_5qAk52BxKeKkOOJ,safelimit,attribution,3,106,feature contribution,0.6704743643900578,1.0,0.0,0.21889055495702148,0.11246876550000001,0.0,0.3022611497,0.9554346389,0.0,0.0,0.9810183483329434,0.9754026164322958,0.07319074725873032,0.5039646219393319
R_5qAk52BxKeKkOOJ,safelimit,attribution,4,143,feature contribution,0.6704743643900578,1.0,0.0,0.03545514258101663,0.097556222,0.0,0.0750983176,0.9866250913,0.0,0.0,0.9795340627380374,0.9906386845804321,0.03964317481769475,0.12094595147064813
R_5qAk52BxKeKkOOJ,safelimit,attribution,5,300,feature contribution,0.6704743643900578,1.0,0.0,0.01335833684461292,0.124937531,0.0,0.1221394244,0.9776857716,0.0,0.0,0.9803574390244539,0.970342197343027,0.12190155287960758,0.23348074703460753
R_5qAk52BxKeKkOOJ,safelimit,attribution,6,98,feature contribution,0.6704743643900578,1.0,0.0,0.07829907112942526,0.09482508745000001,0.0,0.1973345522,0.972881239,0.0,0.0,0.9833528108212026,0.9656230315753176,0.27563362331318925,0.24316958818473994
R_5qAk52BxKeKkOOJ,safelimit,attribution,7,261,feature contribution,0.6704743643900578,1.0,0.0,0.3654229701769229,0.0645627186,0.0,0.6636654325,0.9839248597,0.0,0.0,0.9906575493170839,0.9710123159465672,0.29824246238777596,0.7663041020845578
R_5qAk52BxKeKkOOJ,safelimit,attribution,8,4,feature contribution,0.6704743643900578,1.0,1.0,0.059182530483891646,0.010274862599999976,0.0,0.1112814423,0.9636740004,0.0,0.0,0.9630869997022034,0.9616190278892132,0.05209891187634885,0.10100657976034877
R_5qAk52BxKeKkOOJ,safelimit,attribution,9,209,feature contribution,0.6704743643900578,1.0,0.0,0.24516241880939527,0.0796751624,0.0,0.5851227453,0.9792014587,0.0,0.0,0.9765968003543585,0.9824170978157092,0.3097757971110511,0.6346133783210511
R_5qAk52BxKeKkOOJ,safelimit,attribution,10,245,feature contribution,0.6704743643900578,1.0,1.0,0.15617191407736136,0.024937531200000015,0.0,0.5804869279,0.9856025864,0.0,0.0,0.9740455074022271,0.9837481508338701,0.4790403579201976,0.5959978850765196
R_5rPkDbCA9RBiFjd,safelimit,counterfactual,1,87,feature contribution,0.4015625170260375,0.6666666666666666,0.8,0.38650276710041376,0.5274397089999999,0.0,0.0138772828,0.9922060236,0.0,0.0,0.9823289817503092,0.9731306330751462,0.12359181100620409,0.27161846082641217
R_5rPkDbCA9RBiFjd,safelimit,counterfactual,2,203,feature contribution,0.4015625170260375,1.0,0.8,0.2770374316025271,0.22704518689999997,1.0,0.4859987519,0.9846834879,0.0,0.0,0.9640931839203817,0.9696536993835141,0.13369253953748855,0.06291821744838699
R_5rPkDbCA9RBiFjd,safelimit,counterfactual,3,106,feature contribution,0.5863459856026233,0.5714285714285714,0.6666666666666666,0.49223530928217896,0.6061159496499999,1.0,0.3472448822,0.9894473538,0.0,0.0,0.9839956266330417,0.9656862552346461,0.13522293000287128,0.30018524623881254
R_5rPkDbCA9RBiFjd,safelimit,counterfactual,4,143,feature contribution,0.4015625170260375,0.6666666666666666,0.5,0.3741316817720016,0.5062288993,1.0,0.6409962988,0.9802051119,1.0,0.0,0.9818663356719975,0.9856475800542408,0.0024698519551598075,0.07352705632809853
R_5rPkDbCA9RBiFjd,safelimit,counterfactual,5,300,feature contribution,0.4015625170260375,1.0,0.5,0.27517813682396697,0.2810970772,1.0,0.5529637799,0.9903741205,0.0,0.0,0.9846467733952246,0.9763142335863548,0.15516722585003792,0.1682891252851928
R_5rPkDbCA9RBiFjd,safelimit,counterfactual,6,98,feature contribution,0.3851878554174498,1.0,0.0,0.48526056381482885,0.3697515446333333,1.0,0.4770639072,0.9643541357,0.0,0.0,0.9778914549045061,0.9656230315753176,0.3352495446324942,0.24316958818473994
R_5rPkDbCA9RBiFjd,safelimit,counterfactual,7,261,feature contribution,0.5073244242804833,1.0,0.0,0.5327186403203399,0.09771864049999998,0.0,0.8278393037,0.9736292382,0.0,0.0,0.9891984152084006,0.9675531286038848,0.3099322657776511,0.7304919307849681
R_5rPkDbCA9RBiFjd,safelimit,counterfactual,8,4,feature contribution,0.5073244242804833,1.0,0.0,0.3482281009112675,0.1401374315,0.0,0.4305356242,0.9769587924,0.0,0.0,0.9668961137076786,0.9606255303259423,0.03305334184934883,0.13161527654979815
R_5rPkDbCA9RBiFjd,safelimit,counterfactual,9,209,feature contribution,0.5073244242804833,1.0,0.0,0.4851624192093953,0.160324838,0.0,0.8251227453,0.9698200576,0.0,0.0,0.9765968003543585,0.9824170978157092,0.3097757971110511,0.6346133783210511
R_5rPkDbCA9RBiFjd,safelimit,counterfactual,10,245,feature contribution,0.3851878554174498,1.0,0.5,0.30206275522287,0.12029860646666664,0.0,0.8530953556,0.995687121,0.0,0.0,0.9847142999810635,0.9841301167598019,0.2509276217218955,0.5641693598077105
R_5z49Mi5OsGgJ6pz,diabetes,attribution,1,42,weighted examples,0.5205826327252102,0.5,0.5,0.16443495008588146,0.13387023317432425,1.0,0.1291396994,0.9502918504,1.0,0.0,0.9319757893020643,0.9299164728451954,0.03977220096908801,0.05001867657301373
R_5z49Mi5OsGgJ6pz,diabetes,attribution,2,35,weighted examples,0.6756279407773018,1.0,1.0,0.1633655125761402,0.29927995995652173,0.0,0.1106369507,0.941116485,1.0,0.0,0.9614270409193247,0.8534075476459508,0.06160051019139828,0.3806260723146398
R_5z49Mi5OsGgJ6pz,diabetes,attribution,3,7,weighted examples,0.506001517194182,1.0,0.6666666666666666,0.1024876541609027,0.15572680475,1.0,0.0856181256,0.9222427649,1.0,0.0,0.9454972032059593,0.9372180003626331,0.13163210806139536,0.13782570142252076
R_5z49Mi5OsGgJ6pz,diabetes,attribution,4,33,weighted examples,0.7307171762174721,1.0,0.0,0.06307387681819415,0.22391304350000002,1.0,0.1530792282,0.9149922332,1.0,1.0,0.9276070085080483,0.9151277160483601,0.16236648171011173,0.10274748830817315
R_5z49Mi5OsGgJ6pz,diabetes,attribution,5,14,weighted examples,0.3677379900402351,1.0,0.5,0.08570775726404004,0.24125084633333335,1.0,0.3860012218,0.9233684105,1.0,0.0,0.9114341102290665,0.9260939199396795,0.16709821082760082,0.09267897713271789
R_5z49Mi5OsGgJ6pz,diabetes,attribution,6,56,weighted examples,0.4377629736122613,1.0,0.5,0.09962063927526446,0.24128303133333331,1.0,0.2410547258,0.9257232357,1.0,1.0,0.9276991446502179,0.9340038248527528,0.17293926224226663,0.04013072782078181
R_5z49Mi5OsGgJ6pz,diabetes,attribution,7,30,weighted examples,0.5515985573902695,0.5,0.0,0.24103844430356616,0.13539253163333334,0.0,0.0237262443,0.8855207417,1.0,0.0,0.9693397259621844,0.8884953910396058,0.07522245102110867,0.13591383696484927
R_5z49Mi5OsGgJ6pz,diabetes,attribution,8,32,weighted examples,0.5959469182027417,1.0,1.0,0.21065938404799026,0.33638690050000003,1.0,0.2778402443,0.9120267541,1.0,1.0,0.9694173133451137,0.942019943603606,0.09915828884018445,0.019677559921170998
R_5z49Mi5OsGgJ6pz,diabetes,attribution,9,26,weighted examples,0.37863624057775486,1.0,0.5,0.1462205802808828,0.32217728900000003,1.0,0.1754146736,0.9343910078,1.0,1.0,0.9613097235023296,0.9434489340863859,0.0845358658696777,0.06206935556336346
R_5z49Mi5OsGgJ6pz,diabetes,attribution,10,53,weighted examples,0.3982765093862101,1.0,0.5,0.12561134692519457,0.31691226533333333,1.0,0.1060533801,0.9126275041,1.0,0.0,0.9523841069177892,0.9449924457738775,0.1045567713536214,0.07020935569562506
R_5z49Mi5OsGgJ6pz,diabetes,attribution,11,58,weighted examples,0.5591240340595407,1.0,1.0,0.11254247149484171,0.11625466835,0.0,0.0269248249,0.9206667402,1.0,1.0,0.9135387225503846,0.9481632689907193,0.09263077664256003,0.00852828161070368
R_5z49Mi5OsGgJ6pz,diabetes,attribution,12,20,weighted examples,0.5831360198916301,0.6666666666666666,0.6666666666666666,0.19505473533620765,0.08865567475,0.0,0.0429826343,0.9417454948,0.0,0.0,0.9423214979344657,0.9565822237699002,0.05564308841502302,0.07853955921289846
R_5z49Mi5OsGgJ6pz,diabetes,attribution,13,52,weighted examples,0.5244797141486012,0.6666666666666666,0.6666666666666666,0.13752978498154383,0.1355598933213195,1.0,0.0038108578,0.9369171429,1.0,0.0,0.9367221489777637,0.9050036727286785,0.004502951240959785,0.21543620346384817
R_5z49Mi5OsGgJ6pz,diabetes,attribution,14,15,weighted examples,0.5022510596670591,1.0,0.0,0.11127288742656549,0.2435895256,1.0,0.093308574,0.9105861393,1.0,0.0,0.9325417301484178,0.8611476926576482,0.005686205279008205,0.24442248410869108
R_5z49Mi5OsGgJ6pz,diabetes,attribution,15,51,weighted examples,0.4517268186719231,1.0,0.5,0.049018254270167094,0.1560069409,0.0,0.0984366168,0.954841375,0.0,0.0,0.9488372020658031,0.9079446539675288,0.028170442920070704,0.033781290969375266
R_5z49Mi5OsGgJ6pz,diabetes,attribution,16,12,weighted examples,0.6184150909952372,1.0,0.5,0.14407213145508269,0.21609999286666667,1.0,0.1731024685,0.941046516,1.0,1.0,0.9442785471541865,0.9448369485727007,0.017374325304701788,0.01580261901401897
R_5z49Mi5OsGgJ6pz,diabetes,attribution,17,0,weighted examples,0.510749771521225,0.0,1.0,0.2991329639460629,0.07887327900000002,0.0,0.0045257984,0.8664166482,1.0,1.0,0.9223038735598323,0.8783042223308484,0.15146855660847705,0.004318459968607025
R_5z49Mi5OsGgJ6pz,diabetes,attribution,18,31,weighted examples,0.4294184353944545,0.5,0.5,0.13627178722247665,0.16697141363333334,0.0,0.0320552306,0.9321082769,0.0,0.0,0.9392412160995144,0.9559041987267526,0.01384031044416234,0.3097173857624244
R_5z49Mi5OsGgJ6pz,diabetes,attribution,19,59,weighted examples,0.3551063585368381,0.5,0.5,0.26362447900542596,0.14772578853333332,0.0,0.0580438807,0.9494724689,1.0,0.0,0.9514556336273746,0.9486070446177906,0.036647838676182876,0.017858138728396367
R_5z49Mi5OsGgJ6pz,diabetes,attribution,20,11,weighted examples,0.4343559280488584,0.5,1.0,0.26904161279554956,0.11907649925000004,0.0,0.096989926,0.9416321903,1.0,0.0,0.9608409307300724,0.9289091088592719,0.023953749445934702,0.18013924305775128
R_61yCzDc7u4eGlCE,diabetes,attribution,1,32,feature contribution,1.0,1.0,1.0,0.1089948757779621,0.19434171155,0.0,0.1361267688,0.9182462763,0.0,1.0,0.9330272970134832,0.9410172193405619,0.03739835046376988,0.1455055931229533
R_61yCzDc7u4eGlCE,diabetes,attribution,2,42,feature contribution,0.4890568256905696,0.5,0.5,0.13958034254760973,0.1803846334,0.0,0.0824031151,0.9257958485,0.0,0.0,0.9372215462938635,0.9594740689722027,0.09167328729198321,0.030876521797553555
R_61yCzDc7u4eGlCE,diabetes,attribution,3,33,feature contribution,0.45306497868835927,1.0,0.8,0.19339126630346604,0.17428647493333335,0.0,0.1471640413,0.9214720218,1.0,1.0,0.9413166257366763,0.9316655748294196,0.17120742395728628,0.141862006569438
R_61yCzDc7u4eGlCE,diabetes,attribution,4,30,feature contribution,0.45306497868835927,0.8,1.0,0.20335016890939098,0.30061413146666666,0.0,0.298702885,0.9114228199,0.0,0.0,0.8848441384172215,0.8884953910396058,0.24254401141021087,0.21444816824536891
R_61yCzDc7u4eGlCE,diabetes,attribution,5,35,feature contribution,0.45306497868835927,0.6666666666666666,1.0,0.20779397614890144,0.2387961138,0.0,0.6447040738,0.8716237495,0.0,0.0,0.8893192232255712,0.8800352031915974,0.39577140136757366,0.2676153986518146
R_61yCzDc7u4eGlCE,diabetes,attribution,6,56,feature contribution,0.45306497868835927,1.0,0.6666666666666666,0.36501537892457203,0.24087700474999998,0.0,0.1974996494,0.8822839354,0.0,1.0,0.950927862919629,0.9315143588490593,0.008928922701342601,0.09637788461678104
R_61yCzDc7u4eGlCE,diabetes,attribution,7,7,feature contribution,1.0,1.0,1.0,0.31480528780646033,0.26833102895,0.0,0.377586708,0.9009436646,0.0,1.0,0.961115414672829,0.9416341036893116,0.008426922154431415,0.002022288144877399
R_61yCzDc7u4eGlCE,diabetes,attribution,8,26,feature contribution,0.4890568256905696,1.0,0.5,0.20618256602191354,0.1416266412,0.0,0.066989474,0.9516909136,0.0,1.0,0.9473302981212971,0.9434489340863859,0.06979092390868802,0.06206935556336346
R_61yCzDc7u4eGlCE,diabetes,attribution,9,14,feature contribution,0.45306497868835927,0.6666666666666666,0.6666666666666666,0.27165773654933195,0.172962723425,0.0,0.1210436753,0.9128263803,1.0,0.0,0.9127850495263092,0.9060939199396795,0.07924404545191627,0.04567670181579081
R_61yCzDc7u4eGlCE,diabetes,attribution,10,53,feature contribution,0.45306497868835927,0.6666666666666666,0.6666666666666666,0.31466546767545805,0.2484386913,0.0,0.3682597968,0.8775518195,0.0,0.0,0.9184808964962102,0.9612120195610225,0.09017565968228097,0.1483347680458606
R_61yCzDc7u4eGlCE,diabetes,attribution,11,11,feature contribution,0.4890568256905696,0.5,0.5,0.20009443460834833,0.18431186906666666,1.0,0.0647468854,0.9546071589,0.0,0.0,0.9654993855173751,0.9567205056691914,0.16847933927005188,0.2046047684672921
R_61yCzDc7u4eGlCE,diabetes,attribution,12,0,feature contribution,0.4890568256905696,1.0,1.0,0.1463067176297075,0.08544837220000004,1.0,0.0086990517,0.8280119551,0.0,0.0,0.8673758274676785,0.8583042223308484,0.011678360648949171,0.009538936532192288
R_61yCzDc7u4eGlCE,diabetes,attribution,13,12,feature contribution,0.7204850845606131,0.0,0.0,0.21476154906634687,0.26073335205,0.0,0.0328537442,0.8555943378,0.0,1.0,0.9414989573965619,0.9248369485727007,0.06132546723903376,0.035998793690712294
R_61yCzDc7u4eGlCE,diabetes,attribution,14,31,feature contribution,0.7204850845606131,0.0,0.0,0.31000970796277505,0.20805001405,0.0,0.2632796335,0.9281315487,1.0,0.0,0.9336046478250325,0.9621804388002316,0.08115963289454992,0.09774009660643773
R_61yCzDc7u4eGlCE,diabetes,attribution,15,58,feature contribution,0.45306497868835927,0.6666666666666666,0.6666666666666666,0.10119887231637464,0.07592461945000001,1.0,0.1452093807,0.9080763398,0.0,1.0,0.9270619159148544,0.9281632689907193,0.03360076316440047,0.021132361899546148
R_61yCzDc7u4eGlCE,diabetes,attribution,16,59,feature contribution,0.4890568256905696,0.5,0.5,0.1600007000773055,0.16031730773333336,1.0,0.0075376806,0.9366226873,0.0,0.0,0.9484170800241738,0.9423996148171047,0.06092211282224874,0.11582998459809163
R_61yCzDc7u4eGlCE,diabetes,attribution,17,15,feature contribution,0.7204850845606131,0.0,0.0,0.15986330125483333,0.3096543973,0.0,0.2878509927,0.8876860201,0.0,0.0,0.8831621336995816,0.8811476926576483,0.26862928843863354,0.22609013263983882
R_61yCzDc7u4eGlCE,diabetes,attribution,18,52,feature contribution,0.4890568256905696,0.5,0.5,0.10218548224360045,0.09924188930000001,0.0,0.2368967675,0.9104819336,0.0,0.0,0.9202667553174155,0.916815519779228,0.4615955278935774,0.2578271134995265
R_61yCzDc7u4eGlCE,diabetes,attribution,19,20,feature contribution,0.45306497868835927,1.0,0.6666666666666666,0.24123708824884207,0.17533501242500002,1.0,0.0064318678,0.9523893345,0.0,0.0,0.9613705967349263,0.9599878666002617,0.06713894114467162,0.20036137501452128
R_61yCzDc7u4eGlCE,diabetes,attribution,20,51,feature contribution,0.4890568256905696,0.5,1.0,0.09851610067878931,0.04633140720000002,0.0,0.0909788906,0.9056076516,0.0,0.0,0.9015334033376151,0.9079446539675288,0.04749695050791006,0.033781290969375266
R_63dAINefVgDYtEz,housing,none,1,2987,feature contribution,0.31021876585426034,0.5,0.5,0.22955584851634178,0.23166666666666666,1.0,0.0871628302,0.9888409091,1.0,1.0,0.9874404651382332,0.96875,0.029877316384795183,0.19450714441465874
R_63dAINefVgDYtEz,housing,none,2,692,feature contribution,0.2588034190457724,0.6666666666666666,0.6666666666666666,0.30719397404310533,0.290672348475,1.0,0.0435152223,0.9964772727,1.0,1.0,0.9416322494706549,0.9593181818181818,0.05894437976570999,0.1291572794149762
R_63dAINefVgDYtEz,housing,none,3,2255,feature contribution,0.22692872537169637,0.5,0.5,0.12631392186656934,0.19499999999999998,1.0,0.0029742726,0.9889659091,0.0,0.0,0.9994502832436948,0.978125,0.22495688183508045,0.22108761326541884
R_63dAINefVgDYtEz,housing,none,4,1760,feature contribution,0.23302092352805415,0.5,0.0,0.13874925217489031,0.153196022725,1.0,0.0285357255,0.9819886364,0.0,0.0,0.999079994147793,0.9597727272727272,0.19106683068876998,0.1539205666224443
R_63dAINefVgDYtEz,housing,none,5,675,feature contribution,0.4872016347235139,0.3333333333333333,0.5,0.25524192787164035,0.3572285353333333,0.0,0.1368235576,0.9817613636,0.0,0.0,0.9702620852452626,0.9998863636363636,0.18631879691182132,0.33300563648212667
R_63dAINefVgDYtEz,housing,none,6,614,feature contribution,0.5060236889295923,0.0,0.5,0.18752354960957612,0.19221590910000005,0.0,0.0084548075,0.9982840909,1.0,1.0,0.9653107057723391,0.9798863636363636,0.012098844505396611,0.0030352585330135073
R_63dAINefVgDYtEz,housing,none,7,3174,feature contribution,0.3461705387828752,1.0,0.5,0.3443957659705531,0.2964962121363636,1.0,0.5019660022,0.9372159091,1.0,1.0,0.9409436602418385,0.9030681818181818,0.039914297246270124,0.15197132124676022
R_63dAINefVgDYtEz,housing,none,8,577,feature contribution,0.4627155724922627,0.5,0.0,0.23423316638756267,0.247774621225,1.0,0.0102938171,0.9942045455,1.0,0.0,0.9510131304807957,0.96,0.02169340772693265,0.05886699609321944
R_63dAINefVgDYtEz,housing,none,9,102,feature contribution,0.4629386236137714,0.0,1.0,0.1772005627188224,0.19647727275,1.0,0.0504851496,0.9981136364,0.0,0.0,0.9529139664665661,0.9980681818181818,0.021223326166613266,0.10979258086658594
R_63dAINefVgDYtEz,housing,none,10,2275,feature contribution,0.29183959848235697,0.5,0.0,0.18114887256054416,0.18489583332499998,1.0,0.0832811309,0.9917045455,0.0,1.0,0.9969546158509462,0.9781818181818182,0.007030626216545516,0.040814570933950356
R_63dAINefVgDYtEz,housing,none,11,2728,feature contribution,0.42753853305750383,0.5,1.0,0.15870956971083974,0.264393939,0.0,0.1837389449,0.9961363636,1.0,0.0,0.9755037870819621,0.9673863636363637,0.09973916047655268,0.04554143748953571
R_63dAINefVgDYtEz,housing,none,12,2462,feature contribution,0.3690873239881994,0.0,0.5,0.2577784177762583,0.265246212,0.0,0.4307780069,0.9746022727,0.0,0.0,0.951250518078712,0.9725,0.33319659145754454,0.5478342692586664
R_63dAINefVgDYtEz,housing,none,13,2767,feature contribution,0.4816050342057623,0.3333333333333333,1.0,0.23134164396040938,0.35902777766666666,0.0,0.3758019607,0.9992045455,0.0,0.0,0.9715118049081362,0.9763636363636364,0.23133781075469403,0.36146502039347095
R_63dAINefVgDYtEz,housing,none,14,553,feature contribution,0.46087194733374104,0.3333333333333333,1.0,0.18133979832315933,0.272171717,0.0,0.2712419163,0.9950454545,0.0,0.0,0.9763428456525028,0.9748863636363636,0.12002254364393794,0.326431512834945
R_63dAINefVgDYtEz,housing,none,15,172,feature contribution,0.6378023733340753,1.0,0.0,0.5,0.55,1.0,0.1533632533,0.9982954545,1.0,1.0,0.9655303030303031,0.9788636363636364,0.035626801195641655,0.06750736514983402
R_63dAINefVgDYtEz,housing,none,16,1657,feature contribution,0.3045986151679152,0.5,0.5,0.16627845659138293,0.13776515133333334,0.0,0.3076207864,0.9909772727,0.0,0.0,0.9903026002057789,0.9798863636363636,0.03954731546082696,0.31952544085595247
R_63dAINefVgDYtEz,housing,none,17,1155,feature contribution,0.40418005512860244,0.5,0.0,0.38107214779494575,0.377367424,0.0,0.6760913,0.9808522727,0.0,0.0,0.9871091979133311,0.98,0.23870140149868888,0.7653671024577043
R_63dAINefVgDYtEz,housing,none,18,2447,feature contribution,0.2658109497130893,0.0,0.0,0.19629705075360637,0.204141414,0.0,0.1887315414,0.9954772727,0.0,0.0,0.9738562987062058,0.9794318181818182,0.10221966693976098,0.07299703757734435
R_63dAINefVgDYtEz,housing,none,19,1751,feature contribution,0.33168403212126896,0.5,0.5,0.15806515574953395,0.20206439366666665,0.0,0.3934166768,0.990125,0.0,0.0,0.9886988330274173,0.9753409090909091,0.091187570477827,0.36897514398590037
R_63dAINefVgDYtEz,housing,none,20,456,feature contribution,0.43557283882038583,0.3333333333333333,0.3333333333333333,0.16406148845764953,0.19447348479999998,0.0,0.346412359,0.9943522727,0.0,0.0,0.9724440271086762,0.9507954545454546,0.1698551063578369,0.41329437674402025
R_65WwRg0sK4kNw2R,diabetes,counterfactual,1,35,weighted examples,0.42247311077339156,0.0,0.0,0.5310309052415347,0.2891304348,0.0,0.2299379309,0.8989523821,0.0,0.0,0.8887468694956584,0.8541009328494868,0.3289894023308792,0.47864045052361576
R_65WwRg0sK4kNw2R,diabetes,counterfactual,2,14,weighted examples,0.7399087452961178,0.0,0.0,0.41697171804424693,0.26859275755,1.0,0.0486948469,0.9045610658,1.0,0.0,0.9063596921809842,0.9078714310993619,0.046509612188414706,0.06623999246306045
R_65WwRg0sK4kNw2R,diabetes,counterfactual,3,42,weighted examples,0.763719582016872,0.0,0.0,0.363238635473869,0.22911981876148635,1.0,0.1038721397,0.9239269981,1.0,0.0,0.9295722657109367,0.9151338641495432,0.019615685476598255,0.1500186765730137
R_65WwRg0sK4kNw2R,diabetes,counterfactual,4,7,weighted examples,0.5347447127344575,0.0,1.0,0.2436149081449275,0.206070396,0.0,0.050238281,0.926145116,1.0,0.0,0.9056654111030139,0.9275142486981451,0.07006816343207933,0.0856213350097223
R_65WwRg0sK4kNw2R,diabetes,counterfactual,5,32,weighted examples,0.6986256253638253,0.0,0.0,0.41974585817762333,0.203035198,1.0,0.1662349079,0.9042486293,1.0,0.0,0.9391427903511891,0.9453770319327532,0.0006211603310680713,0.019576249666981557
R_65WwRg0sK4kNw2R,diabetes,counterfactual,6,26,weighted examples,0.5910559097877834,1.0,0.0,0.005667970787507637,0.262548886,0.0,0.0052568434,0.955714716,0.0,0.0,0.9568483100314137,0.9394314986004275,0.005397507945441471,0.035955590559678174
R_65WwRg0sK4kNw2R,diabetes,counterfactual,7,53,weighted examples,0.7593883163831175,1.0,0.0,0.22388482711693047,0.453842884,0.0,0.003527715,0.9040158195,1.0,0.0,0.9225886123168799,0.9484948791649523,0.05730546320379459,0.17020935569562506
R_65WwRg0sK4kNw2R,diabetes,counterfactual,8,30,weighted examples,0.5411460461929805,0.0,0.0,0.39025800781159425,0.18301163099999998,0.0,0.0758073121,0.9396904132,1.0,0.0,0.9070241839020035,0.8884953910396058,0.18628987947839837,0.13591383696484927
R_65WwRg0sK4kNw2R,diabetes,counterfactual,9,56,weighted examples,0.7650150840411258,1.0,1.0,0.1666666662318842,0.4217391300000001,1.0,0.0862824203,0.926150948,0.0,1.0,0.9594842813651123,0.9533670355792416,0.003279932805641539,0.06278171219886206
R_65WwRg0sK4kNw2R,diabetes,counterfactual,10,33,weighted examples,0.6834089254281421,0.0,1.0,0.30955660476735025,0.204347826,1.0,0.1466689781,0.9236878853,1.0,1.0,0.9266289281683895,0.9499103247440124,0.13925298209521675,0.06470056586395556
R_65WwRg0sK4kNw2R,diabetes,counterfactual,11,15,weighted examples,0.626115727866198,1.0,0.0,0.17934782634782614,0.25652173899999997,0.0,0.5327275217,0.9637563883,0.0,0.0,0.9412214329603801,0.8611476926576482,0.41047182844243,0.24442248410869108
R_65WwRg0sK4kNw2R,diabetes,counterfactual,12,12,weighted examples,0.38765063605783934,0.0,1.0,0.23559759715217393,0.380977803,0.0,0.0281039757,0.9277159684,0.0,0.0,0.971409417720458,0.9198876785900232,0.06404234000972642,0.0706018471315693
R_65WwRg0sK4kNw2R,diabetes,counterfactual,13,58,weighted examples,0.5621441814121925,1.0,0.0,0.21195652147826083,0.256521739,0.0,0.1389592632,0.8843158706,0.0,1.0,0.9197151866646995,0.9281632689907193,0.0937665202314335,0.006248605258372508
R_65WwRg0sK4kNw2R,diabetes,counterfactual,14,0,weighted examples,0.6017996640303994,1.0,1.0,0.010627444326985425,0.610117327,0.0,0.0536279355,0.9421191908,0.0,0.0,0.9442446797108744,0.8403722189591147,0.017130369019148106,0.0329495809691287
R_65WwRg0sK4kNw2R,diabetes,counterfactual,15,11,weighted examples,0.7560780986620098,1.0,0.0,0.03804347873913044,0.2130434785,1.0,0.0034168797,0.9709618364,0.0,0.0,0.9633531407182954,0.9767205056691914,0.05329254562206388,0.13735589885030536
R_65WwRg0sK4kNw2R,diabetes,counterfactual,16,31,weighted examples,0.7356416926679826,0.0,0.0,0.2387669315028906,0.17292778849999998,0.0,0.3133424033,0.9406701505,1.0,0.0,0.9480528681889863,0.9516190608244436,0.010235713093622645,0.31707840365515966
R_65WwRg0sK4kNw2R,diabetes,counterfactual,17,52,weighted examples,0.5776247317429678,0.0,0.0,0.3463303384467543,0.186471529792639,0.0,0.4995101719,0.9202223444,0.0,0.0,0.9277593002940955,0.9095855944215919,0.20922007417254376,0.37016239781887916
R_65WwRg0sK4kNw2R,diabetes,counterfactual,18,20,weighted examples,0.5077466530283258,0.0,0.0,0.2504290266316504,0.2130434785,1.0,0.0601825654,0.9332201211,0.0,1.0,0.9559844007621765,0.9565822237699002,0.004165821350927967,0.01815119974213386
R_65WwRg0sK4kNw2R,diabetes,counterfactual,19,51,weighted examples,0.6993030667199177,1.0,0.0,0.02717391300000005,0.22391304350000002,0.0,0.234473934,0.9286508098,0.0,1.0,0.9235366546401772,0.9209563058103415,0.210309598789963,0.050146147318997775
R_65WwRg0sK4kNw2R,diabetes,counterfactual,20,59,weighted examples,0.7234290177105219,0.0,0.0,0.39795237426243313,0.3,0.0,0.0207445659,0.9433170684,1.0,0.0,0.9635165527052809,0.955003915898185,0.0055647506783707,0.04534873713990473
R_67vRcoYqomc0aH9,housing,attribution,1,3174,weighted examples,0.7069091469865121,0.0,0.0,0.38333333333333336,0.24545454545454548,0.0,0.1098339935,0.9795454545,1.0,1.0,0.9640719696969697,0.9230681818181818,0.10145557514522881,0.056286733310353526
R_67vRcoYqomc0aH9,housing,attribution,2,2275,weighted examples,0.3454317470599101,0.3333333333333333,1.0,0.2880113636727272,0.26789772733333334,1.0,0.6464896549,0.9936931818,1.0,1.0,0.936969696969697,0.9763636363636363,0.0628164566923356,0.10470560148013408
R_67vRcoYqomc0aH9,housing,attribution,3,675,weighted examples,1.0,1.0,0.75,0.37742045456,0.4420454545600001,1.0,0.0332926404,0.9782954545,0.0,0.0,0.9409886363636364,0.9598863636363636,0.050510113352356195,0.12050414074363072
R_67vRcoYqomc0aH9,housing,attribution,4,102,weighted examples,0.31106881000651976,0.75,0.75,0.35197727273393936,0.33658333333999996,1.0,0.2600493886,0.9934772727,0.0,0.0,0.9487272727272728,0.9580681818181818,0.02114357630656158,0.04985294379423058
R_67vRcoYqomc0aH9,housing,attribution,5,577,weighted examples,0.2534443438587921,0.3333333333333333,0.6666666666666666,0.29445454544666666,0.35473484847500003,0.0,0.0209496794,0.9843181818,1.0,0.0,0.9554318181818182,0.9581818181818182,0.04813002642751807,0.0012446175660788539
R_67vRcoYqomc0aH9,housing,attribution,6,2447,weighted examples,0.2978832163808808,1.0,0.0,0.21651515163636362,0.401919192,0.0,0.2870300827,0.9866818182,0.0,0.0,0.9860984848484848,0.9976136363636363,0.18244305881238615,0.08363479124673595
R_67vRcoYqomc0aH9,housing,attribution,7,1751,weighted examples,0.2953621702304934,0.0,0.5,0.27809659071212117,0.2529292926666667,0.0,0.7422896103,0.9679772727,0.0,0.0,0.9860984848484848,0.96,0.419827672583101,0.4816147751181293
R_67vRcoYqomc0aH9,housing,attribution,8,553,weighted examples,0.6720561222139666,0.75,0.75,0.2420909090727273,0.3795681818,0.0,0.2484069646,0.9969545455,0.0,0.0,0.9530075757575758,0.9577272727272728,0.2743358226142941,0.22246926868449013
R_67vRcoYqomc0aH9,housing,attribution,9,172,weighted examples,0.7408679808053481,1.0,0.0,0.10000000033333334,0.2166666665,1.0,0.0887221004,0.9988636364,1.0,1.0,0.9788636363636364,0.9788636363636364,0.07225045734765201,0.06750736514983402
R_67vRcoYqomc0aH9,housing,attribution,10,2728,weighted examples,0.7472520169610197,1.0,0.0,0.10000000033333334,0.21666666650000002,0.0,0.0263892945,1.0,0.0,0.0,0.98,0.9720454545454545,0.08741401903662482,0.04293702548589823
R_68NgnXPoKxlotUv,diabetes,none,1,42,weighted examples,0.4694712832278612,0.0,0.0,0.08543484570152793,0.07173913045000001,0.0,0.0416170436,0.9228026611,0.0,0.0,0.9392047273169999,0.9446914602765505,0.033540376291182006,0.04668783439529749
R_68NgnXPoKxlotUv,diabetes,none,2,26,weighted examples,0.684091841050049,0.0,1.0,0.11505895816840984,0.12173913039999998,0.0,0.0775556352,0.9415087213,0.0,1.0,0.9326015469693896,0.9606391560588501,0.07526757660467753,0.05271005119622266
R_68NgnXPoKxlotUv,diabetes,none,3,33,weighted examples,0.5232634323739142,0.0,0.0,0.06989517863538217,0.05843776339999999,0.0,0.0157118009,0.9317526107,1.0,1.0,0.9453273586498594,0.9499103247440124,0.08011130338666017,0.06470056586395556
R_68NgnXPoKxlotUv,diabetes,none,4,7,weighted examples,0.6594994311574871,0.0,0.0,0.08699624304229561,0.0748805845,0.0,0.1072391129,0.9174664825,1.0,1.0,0.9131871202166181,0.9232507749378842,0.013140060227079253,0.021246972132965863
R_68NgnXPoKxlotUv,diabetes,none,5,14,weighted examples,0.7547679113645559,0.0,0.0,0.13967954263164103,0.09347826099999998,0.0,0.0546960273,0.9104801268,1.0,0.0,0.9233987402457192,0.932419748057902,0.0205021608077553,0.1608240202253034
R_68NgnXPoKxlotUv,diabetes,none,6,53,weighted examples,0.7553465939820708,0.0,1.0,0.16926104154990215,0.038044393999999974,0.0,0.2481409351,0.9408860003,0.0,0.0,0.9294784270726877,0.9428400307861561,0.13378330786918657,0.2219254826329733
R_68NgnXPoKxlotUv,diabetes,none,7,56,weighted examples,0.75735757288933,1.0,0.0,0.1737004380193514,0.07173913049999998,1.0,0.0033221708,0.9472800791,1.0,0.0,0.9695866878356493,0.9540038248527527,0.06837173925640322,0.017613700810540256
R_68NgnXPoKxlotUv,diabetes,none,8,35,weighted examples,0.4486130632516701,0.0,1.0,0.17409999832644937,0.045849957999999975,0.0,0.4495293116,0.8849309413,0.0,0.0,0.8703956170928805,0.8941009328494868,0.35260616533199923,0.4742642975336425
R_68NgnXPoKxlotUv,diabetes,none,9,32,weighted examples,0.6055918624248351,0.0,0.0,0.18228487037965369,0.09347826099999998,0.0,0.0125204591,0.9254034262,1.0,1.0,0.9548168562168563,0.9220199436036061,0.04068043724531395,0.01363471429781915
R_68NgnXPoKxlotUv,diabetes,none,10,30,weighted examples,0.6092361716946532,0.0,1.0,0.14005382149403584,0.05828884499999998,0.0,0.1850021686,0.8855660121,0.0,0.0,0.9341650584804704,0.8884953910396058,0.12330294637451654,0.13591383696484927
R_68NgnXPoKxlotUv,diabetes,none,11,20,weighted examples,0.5215887790093745,0.0,0.0,0.10106890970974582,0.10052379774999999,0.0,0.1042196624,0.9325672294,0.0,1.0,0.9729947932944889,0.9565822237699002,0.11081912064150223,0.01815119974213386
R_68NgnXPoKxlotUv,diabetes,none,12,0,weighted examples,0.45230709066979496,0.0,0.0,0.09206256749201047,0.054436639500000016,0.0,0.0114292605,0.8621468748,0.0,1.0,0.8906729326917838,0.8692429605247338,0.01588985272164606,0.07652893562043278
R_68NgnXPoKxlotUv,diabetes,none,13,51,weighted examples,0.4775820103004305,0.0,0.0,0.08060732129576757,0.06756111264999999,0.0,0.1107468001,0.9075554585,0.0,0.0,0.9016953802022264,0.8879446539675289,0.025857839936671678,0.03983479761999173
R_68NgnXPoKxlotUv,diabetes,none,14,15,weighted examples,0.5753122656381078,0.0,0.0,0.13755347632381304,0.06982719865,0.0,0.3833946028,0.8732168132,0.0,0.0,0.8802408401318296,0.8652720843098796,0.13523541213245996,0.12609013263983881
R_68NgnXPoKxlotUv,diabetes,none,15,11,weighted examples,0.6135147588587789,1.0,1.0,0.15086904468604184,0.056521739099999975,0.0,0.2384611891,0.9480248535,0.0,0.0,0.9603330413587973,0.9367205056691914,0.19603523917466376,0.2265677828031491
R_68NgnXPoKxlotUv,diabetes,none,16,12,weighted examples,0.6444835744583176,0.0,0.0,0.10273382231229977,0.06756111264999999,0.0,0.0237561247,0.9328632335,0.0,1.0,0.9739567624549431,0.9248369485727007,0.07314916027454732,0.035998793690712294
R_68NgnXPoKxlotUv,diabetes,none,17,58,weighted examples,0.7129292432821277,0.0,0.0,0.09261090000640397,0.06548609159999999,0.0,0.1371019731,0.9313444059,1.0,0.0,0.9173133456281578,0.9051499692733952,0.030770390809958914,0.015798628337693243
R_68NgnXPoKxlotUv,diabetes,none,18,31,weighted examples,0.7346664965186106,0.0,1.0,0.07286837717015264,0.06487777469999997,0.0,0.2456861947,0.9492048839,0.0,0.0,0.9608669191509871,0.9621804388002316,0.08712556756543782,0.2267923338408947
R_68NgnXPoKxlotUv,diabetes,none,19,52,weighted examples,0.6861908173394886,0.0,0.0,0.10754930289113378,0.0608695652,0.0,0.3150121934,0.9263807372,0.0,0.0,0.9019890667185673,0.9020329110835759,0.278110381487311,0.30659917158126265
R_68NgnXPoKxlotUv,diabetes,none,20,59,weighted examples,0.7675633287710545,0.0,1.0,0.11492022855911804,0.07826086959999998,0.0,0.107494006,0.9519648322,0.0,0.0,0.9490908263893545,0.9623996148171047,0.025372234189347198,0.04283183314783964
R_6D8FEAVXW6pNKgX,housing,counterfactual,1,577,weighted examples,0.30808023106548105,0.5,0.5,0.27458238280730857,0.2888888889,1.0,0.1082250723,0.9971590909,1.0,1.0,0.9805962322731004,0.9798863636363636,0.08120221863672805,0.07278306612483246
R_6D8FEAVXW6pNKgX,housing,counterfactual,2,2987,weighted examples,0.5929167222448328,0.0,0.0,0.26369011763726824,0.17357954544999998,1.0,0.3105574645,0.9863636364,1.0,1.0,0.96122849839782,0.9697727272727272,0.29054530780367754,0.009735582344590099
R_6D8FEAVXW6pNKgX,housing,counterfactual,3,1760,weighted examples,0.6002689842080181,0.0,0.0,0.2481628066156218,0.16519886365000003,1.0,0.0393025214,0.9997159091,1.0,0.0,0.9865871500864786,0.9797727272727272,0.07082129933021458,0.09243522310609059
R_6D8FEAVXW6pNKgX,housing,counterfactual,4,102,weighted examples,0.3620837300662866,1.0,0.0,0.3650894134346794,0.38333333334999997,0.0,0.063981822,0.9988636364,1.0,0.0,0.9936487839863974,0.98,0.034185104666590166,0.20285691758481475
R_6D8FEAVXW6pNKgX,housing,counterfactual,5,692,weighted examples,0.4447495503684257,1.0,0.0,0.35185568957103314,0.38333333334999997,1.0,0.001242147,0.9994318182,1.0,0.0,0.9945909833045813,0.9976136363636364,0.19870843013919037,0.12923548377267596
R_6D8FEAVXW6pNKgX,housing,counterfactual,6,2275,weighted examples,0.3980883270880439,0.0,0.5,0.2941045001154647,0.2447285353333333,1.0,0.1478799609,0.9968181818,1.0,1.0,0.9504171574712647,0.9736363636363636,0.17529974340493767,0.18795686517416546
R_6D8FEAVXW6pNKgX,housing,counterfactual,7,2255,weighted examples,0.6183198240351683,1.0,0.0,0.12871957082308116,0.25,1.0,0.1711289225,0.999375,1.0,0.0,0.9852325505282526,0.9999431818181819,0.04447078149520506,0.17698814170569394
R_6D8FEAVXW6pNKgX,housing,counterfactual,8,614,weighted examples,0.3587442306195991,1.0,0.0,0.36574346283748516,0.38333333334999997,0.0,0.0201900989,0.9994318182,1.0,0.0,0.9935179741058363,0.98,0.09137722647192682,0.09631996257477524
R_6D8FEAVXW6pNKgX,housing,counterfactual,9,3174,weighted examples,0.3552253574172543,0.5,0.6666666666666666,0.27491290970734045,0.2709280303,1.0,0.4066879902,0.9314772727,1.0,1.0,0.8388022541877169,0.9453409090909091,0.4985701886045353,0.14413448637799176
R_6D8FEAVXW6pNKgX,housing,counterfactual,10,675,weighted examples,1.0,1.0,0.75,0.3036778999391942,0.32625000000000004,1.0,0.0719283599,0.9973863636,1.0,0.0,0.9625403918716983,0.9598863636363636,0.20328646167711725,0.12050414074363072
R_6D8FEAVXW6pNKgX,housing,counterfactual,11,456,weighted examples,0.3436416564063297,0.6666666666666666,1.0,0.21288843662641072,0.17332386360000002,0.0,0.4226308878,0.9972840909,0.0,0.0,0.9965076473923824,0.9975,0.28127097744535134,0.3639631857637027
R_6D8FEAVXW6pNKgX,housing,counterfactual,12,2728,weighted examples,0.31093182381210593,0.5,0.5,0.21591523991521985,0.2247474747333333,0.0,0.2369650375,0.9840909091,1.0,1.0,0.9573542846333263,0.95375,0.030541620030481664,0.05706298433983337
R_6D8FEAVXW6pNKgX,housing,counterfactual,13,172,weighted examples,0.29325765058029013,0.5,0.5,0.12157179495673497,0.17777777776666662,0.0,0.0286526688,0.9965909091,1.0,1.0,0.9673885699471783,0.9577272727272728,0.05075673161706215,0.054304374652889925
R_6D8FEAVXW6pNKgX,housing,counterfactual,14,553,weighted examples,0.40050295117563706,0.0,1.0,0.1436904870738697,0.3,0.0,0.5497884239,0.9965909091,0.0,0.0,0.9825238051704521,0.98,0.35475496104517124,0.25872344845409784
R_6D8FEAVXW6pNKgX,housing,counterfactual,15,1751,weighted examples,0.4253097476425404,0.0,0.0,0.12754215082724907,0.13227272725,0.0,0.3845981855,0.9965454545,0.0,0.0,0.9818922305691004,0.98,0.49813370117679995,0.4356378368363904
R_6D8FEAVXW6pNKgX,housing,counterfactual,16,2447,weighted examples,0.3436416564063294,0.0,0.0,0.1302589577842738,0.12563920455227273,0.0,0.5184872404,0.998125,0.0,0.0,0.9959394655742007,0.9782954545454545,0.25458381766509325,0.1759985916096394
R_6D8FEAVXW6pNKgX,housing,counterfactual,17,2767,weighted examples,0.4005029511756373,0.0,0.0,0.1436904870738697,0.15,0.0,0.5832912209,0.9965909091,0.0,0.0,0.9819556233522703,0.9936363636363637,0.36730678021324203,0.4162268533777764
R_6D8FEAVXW6pNKgX,housing,counterfactual,18,1657,weighted examples,0.42530974764254026,0.0,0.0,0.10254215082724906,0.10727272724999999,0.0,0.3786491265,0.9935681818,0.0,0.0,0.9818922305691004,0.98,0.4259032029859313,0.454705948337686
R_6D8FEAVXW6pNKgX,housing,counterfactual,19,2462,weighted examples,0.400502951175637,0.0,1.0,0.12238366887386969,0.2573863636,0.0,0.6329660768,0.9990909091,0.0,0.0,0.9688874415340885,0.9663636363636363,0.500630233189568,0.46101244576901906
R_6D8FEAVXW6pNKgX,housing,counterfactual,20,1155,weighted examples,0.40050295117563683,1.0,0.0,0.2459523591522606,0.3333333333,0.0,0.6412093068,1.0,0.0,0.0,0.9825238051704521,1.0,0.6410868240476358,0.6471147297537191
R_6DJgrDPENvbubax,housing,attribution,1,614,feature contribution,0.5380453267315572,0.0,0.0,0.2715653055886599,0.23863636365000002,0.0,0.0482104573,0.9961363636,1.0,0.0,0.966828423224536,0.98,0.017208972011629214,0.07060391003020053
R_6DJgrDPENvbubax,housing,attribution,2,102,feature contribution,0.5667258251701467,0.0,1.0,0.5000000000166667,0.5666666667,0.0,0.063981822,0.9988636364,0.0,0.0,1.0,0.98,0.14169689555643994,0.13093998362112738
R_6DJgrDPENvbubax,housing,attribution,3,692,feature contribution,0.3635823496922045,0.0,0.5,0.28799673107740936,0.3082070707333333,1.0,0.2419498448,0.9870454545,1.0,0.0,0.9724710811168984,0.9776136363636364,0.0918512375515933,0.08524065689461835
R_6DJgrDPENvbubax,housing,attribution,4,577,feature contribution,0.5180544551701834,0.0,0.0,0.3666666666666667,0.25,1.0,0.2875608104,0.98125,0.0,0.0,0.9994318181818181,0.98,0.01455331015816417,0.12895320510392255
R_6DJgrDPENvbubax,housing,attribution,5,2275,feature contribution,0.3717084762430474,0.0,0.0,0.17096483471013788,0.2166666665,0.0,0.0237906887,0.9977272727,1.0,1.0,0.9994465400113279,0.9788636363636364,0.0016802868280469951,0.09311337635695974
R_6DJgrDPENvbubax,housing,attribution,6,2987,feature contribution,0.36120405396084926,0.0,0.0,0.09496474949487485,0.1390909091,0.0,0.0281605017,0.9958636364,1.0,1.0,0.9874231911147774,0.98875,0.024541259245473124,0.16917646913881842
R_6DJgrDPENvbubax,housing,attribution,7,1760,feature contribution,0.5677396108643576,1.0,0.0,0.1843364256136671,0.15000000000000002,1.0,0.0052445207,0.9997727273,0.0,0.0,0.9966400123954606,0.9996590909090909,0.17677164872009046,0.09034041443369395
R_6DJgrDPENvbubax,housing,attribution,8,675,feature contribution,1.0,0.75,0.75,0.38973505859654656,0.37342803030000005,0.0,0.0903926526,0.9989204545,0.0,0.0,0.9702620852452626,0.9598863636363636,0.18631879691182132,0.12050414074363072
R_6DJgrDPENvbubax,housing,attribution,9,2255,feature contribution,0.537022131530438,1.0,0.0,0.1843364256136671,0.15,0.0,0.0268096602,0.9994886364,0.0,0.0,0.9968104669409152,0.9799431818181819,0.24503118510882188,0.2620602681988886
R_6DJgrDPENvbubax,housing,attribution,10,3174,feature contribution,0.6145926858597937,0.0,0.0,0.25450606445560714,0.29954545455,1.0,0.0067733856,0.9751818182,1.0,1.0,0.9409703014923027,0.92125,0.04003403871505429,0.11124519735573642
R_6DJgrDPENvbubax,housing,attribution,11,2462,feature contribution,0.6494158644258218,0.0,0.0,0.3201120062641126,0.184090909,0.0,0.4588244966,0.9985227273,0.0,0.0,0.9909993479965541,0.9663636363636363,0.13537269292836535,0.6191739004873709
R_6DJgrDPENvbubax,housing,attribution,12,2447,feature contribution,0.49017280709299843,1.0,0.0,0.346234998227861,0.15,0.0,0.3727090116,0.9965909091,0.0,0.0,0.9886788178273904,0.9976136363636363,0.02647401333895219,0.08363479124673595
R_6DJgrDPENvbubax,housing,attribution,13,1751,feature contribution,0.5580512377513007,1.0,0.0,0.5,0.15,0.0,0.6749506526,0.9994318182,0.0,0.0,0.9782954545454545,0.9995454545454545,0.1749506525841369,0.43519340534182693
R_6DJgrDPENvbubax,housing,attribution,14,553,feature contribution,0.5842296323758186,0.0,0.0,0.328181818,0.22818181799999998,0.0,0.6226423777,0.9695681818,0.0,0.0,0.98,0.98,0.07234134982984211,0.25872344845409784
R_6DJgrDPENvbubax,housing,attribution,15,456,feature contribution,0.5743204169448108,0.0,0.0,0.29409986349138406,0.2166666665,0.0,0.3867202421,0.9994318182,0.0,0.0,0.98391308483981,0.9907954545454546,0.13172076233359153,0.45329656778187155
R_6DJgrDPENvbubax,housing,attribution,16,2767,feature contribution,0.5652664351781873,0.0,0.0,0.48333333349999996,0.3833333335,0.0,0.3155714599,0.9965909091,0.0,0.0,0.9726136363636364,0.9794318181818182,0.08329122089283589,0.36667010732782646
R_6DJgrDPENvbubax,housing,attribution,17,2728,feature contribution,0.4295500753546163,0.0,1.0,0.30894886365,0.21789772729999998,0.0,0.0989052277,0.9883522727,0.0,0.0,0.9666666666666667,0.9989772727272728,0.14146273779997015,0.03958245024920498
R_6DJgrDPENvbubax,housing,attribution,18,172,feature contribution,0.44071352853758855,0.0,0.0,0.41666666664999996,0.21666666665,1.0,0.0765485329,0.9994318182,1.0,1.0,0.9655303030303031,0.9885227272727273,0.035626801195641655,0.11209840571843942
R_6DJgrDPENvbubax,housing,attribution,19,1657,feature contribution,0.5737093640529857,1.0,0.0,0.10000000000000003,0.25,0.0,0.0538749517,0.9994318182,0.0,0.0,0.98,0.98,0.14974193724673418,0.454705948337686
R_6DJgrDPENvbubax,housing,attribution,20,1155,feature contribution,0.5830301969727745,1.0,0.0,0.0,0.25,0.0,0.2471147298,0.9818181818,0.0,0.0,0.9818181818181818,0.9993181818181818,0.24711472975371904,0.6427645372387205
R_6DZbalJ8TCZtARb,safelimit,counterfactual,1,87,weighted examples,0.29895668826288974,0.6666666666666666,0.5,0.5334625802599348,0.5633416626666666,1.0,0.4378118758,0.9921697735,1.0,0.0,0.9870274529248018,0.9731306330751462,0.2063825185142561,0.27161846082641217
R_6DZbalJ8TCZtARb,safelimit,counterfactual,2,203,weighted examples,0.6418632606210851,1.0,0.0,0.0,0.55,0.0,0.0300809178,0.9841684861,0.0,0.0,0.9841684861207721,0.975270384029325,0.030080917759042203,0.136112897934066
R_6DZbalJ8TCZtARb,safelimit,counterfactual,3,106,weighted examples,0.48354509820926866,0.0,0.0,1.0,0.7000000000000001,0.0,0.2038124658,0.9788783733,0.0,0.0,0.9642476178797921,0.9527894295472642,0.4170188332157303,0.4049946413155777
R_6DZbalJ8TCZtARb,safelimit,counterfactual,4,143,weighted examples,0.27254584466585674,0.6666666666666666,0.6666666666666666,0.272556222,0.722556222,1.0,0.5752960495,0.9739238659,1.0,0.0,0.9758959641489445,0.9856475800542408,0.028257285700932555,0.07352705632809853
R_6DZbalJ8TCZtARb,safelimit,counterfactual,5,300,weighted examples,0.29808151375587716,0.6666666666666666,0.0,0.0624687655,0.4083125103333333,1.0,0.0346456517,0.9694826922,0.0,0.0,0.9794776947115341,0.990342197343027,0.09419302034728133,0.2154456111447291
R_6DZbalJ8TCZtARb,safelimit,counterfactual,6,98,weighted examples,0.40029197612416706,0.0,0.5,0.5700195985188177,0.22714088033333335,1.0,0.0325411826,0.9720711189,1.0,0.0,0.9872607083820175,0.9773483441666437,0.12421440763233715,0.13817498721445165
R_6DZbalJ8TCZtARb,safelimit,counterfactual,7,261,weighted examples,0.4959816208790158,1.0,0.6666666666666666,0.32445150737246853,0.4350086318,0.0,0.1121280223,0.976135541,1.0,0.0,0.9667457609314967,0.9909923259415697,0.4225260829630448,0.6663041020845577
R_6DZbalJ8TCZtARb,safelimit,counterfactual,8,4,weighted examples,0.6320255734993859,1.0,0.0,0.0,0.55,0.0,0.062028462,0.9716444706,0.0,0.0,0.9716444705959268,0.9606255303259423,0.062028461970327464,0.13161527654979815
R_6DZbalJ8TCZtARb,safelimit,counterfactual,9,209,weighted examples,0.5510747657413759,1.0,0.0,0.1287736977197792,0.371818182,0.0,0.3213555407,0.9762432088,0.0,0.0,0.9745082212655811,0.9875878996855402,0.23848809222439155,0.5315386013931727
R_6DZbalJ8TCZtARb,safelimit,counterfactual,10,245,weighted examples,0.3580349626811912,0.5,0.5,0.4981818183333333,0.4981818183333333,0.0,0.2037908276,0.9829882227,0.0,0.0,0.9949496257069073,0.9841301167598019,0.2732697500604581,0.5641693598077105
R_6HeiSeEgD99blZN,diabetes,none,1,33,feature contribution,0.37220481035233943,0.0,0.5,0.15633649404612954,0.12288981599999999,1.0,0.2772610215,0.9234892483,0.0,1.0,0.9306081210507177,0.9287188572070374,0.04716483420588097,0.01618779798041159
R_6HeiSeEgD99blZN,diabetes,none,2,26,feature contribution,0.3183324912304276,0.5,0.0,0.15693763878364098,0.20631912824999998,1.0,0.0172508371,0.9743837879,1.0,0.0,0.9705409781643566,0.9433529701833689,0.007343424354995021,0.06409356288854917
R_6HeiSeEgD99blZN,diabetes,none,3,53,feature contribution,0.4603918702000656,0.5,1.0,0.3150589411714579,0.40006384300000003,0.0,0.0299434085,0.9273425527,0.0,0.0,0.9569619350767653,0.9500462882253672,0.044693898677706456,0.22985446651733754
R_6HeiSeEgD99blZN,diabetes,none,4,14,feature contribution,0.3969755796173273,0.5,0.5,0.3163429523982491,0.2274108856666667,1.0,0.1051294448,0.9189883021,0.0,0.0,0.9604267198485643,0.912419748057902,0.11678757471042173,0.145676701815791
R_6HeiSeEgD99blZN,diabetes,none,5,35,feature contribution,0.3824879339893963,0.5,0.0,0.20805333818042349,0.2758226512173913,0.0,0.3064430218,0.8769380866,0.0,0.0,0.9088478700362566,0.8734075476459509,0.212193979910789,0.4918601135598837
R_6HeiSeEgD99blZN,diabetes,none,6,56,feature contribution,0.33165020278542157,0.6666666666666666,0.3333333333333333,0.13821516935833297,0.12658047619999999,0.0,0.0892211559,0.9276067159,1.0,0.0,0.9417563654979012,0.9592345824552586,0.1065808290132626,0.11755516372454392
R_6HeiSeEgD99blZN,diabetes,none,7,30,feature contribution,0.43307783279903017,1.0,0.8,0.20640465814761513,0.1476298726666667,0.0,0.0029837816,0.9162837609,0.0,0.0,0.8846543997317486,0.8684953910396058,0.24437401157090077,0.228024645386349
R_6HeiSeEgD99blZN,diabetes,none,8,7,feature contribution,0.24668454925779623,0.3333333333333333,0.6666666666666666,0.2322309613408597,0.15833359325000002,1.0,0.0927098483,0.9214072405,1.0,1.0,0.9458986273205623,0.9351765368256978,0.13116578014806607,0.005388007053423044
R_6HeiSeEgD99blZN,diabetes,none,9,32,feature contribution,0.3780867994033071,0.6666666666666666,0.6666666666666666,0.25319016711665754,0.2477787745,1.0,0.2703643304,0.961536893,0.0,1.0,0.9377964550450999,0.9568025522992581,0.01316445186432226,0.042463960663437494
R_6HeiSeEgD99blZN,diabetes,none,10,42,feature contribution,0.3563341854883567,0.5,1.0,0.11395141846800534,0.07129813749999997,1.0,0.037170047,0.9555503128,0.0,0.0,0.9405463875406173,0.9388236297515031,0.07279105966737821,0.0006702468942351159
R_6HeiSeEgD99blZN,diabetes,none,11,11,feature contribution,0.32285827530390965,0.5,0.5,0.1914521369333179,0.16560931673333332,1.0,0.1050350701,0.9122465663,0.0,0.0,0.9628364351708223,0.9289091088592719,0.13556471250687696,0.18013924305775128
R_6HeiSeEgD99blZN,diabetes,none,12,20,feature contribution,0.328526523596866,0.75,0.75,0.118201535962846,0.08893346286,0.0,0.0009046325,0.9367957964,0.0,0.0,0.9465319248985499,0.9585083258614775,0.0732159271118979,0.06970390870835474
R_6HeiSeEgD99blZN,diabetes,none,13,59,feature contribution,0.2123412054868846,0.6666666666666666,0.3333333333333333,0.2883309704011328,0.24500656764000003,0.0,0.0364808622,0.9462721095,1.0,1.0,0.9445122018463786,0.9535086949604042,0.017701564597085828,0.11587412041979331
R_6HeiSeEgD99blZN,diabetes,none,14,12,feature contribution,0.3428194714194967,0.6666666666666666,0.6666666666666666,0.2794443144185501,0.257971362475,1.0,0.2833244903,0.8894630973,0.0,0.0,0.9435111553710183,0.8884493988446313,0.06373902341908905,0.056755113302816684
R_6HeiSeEgD99blZN,diabetes,none,15,52,feature contribution,0.40954295971856913,1.0,1.0,0.6528234366262822,0.56796735435,1.0,0.0995659,0.8913385391,0.0,0.0,0.9159753439940888,0.9160461003768946,0.3580813639545838,0.2298258368900814
R_6HeiSeEgD99blZN,diabetes,none,16,0,feature contribution,0.3201854323601799,0.6666666666666666,0.3333333333333333,0.29021834660814483,0.26503000142000005,1.0,0.1639311945,0.9490932768,0.0,1.0,0.8691385164472523,0.8383042223308483,0.009759061802019853,0.0026359758297038183
R_6HeiSeEgD99blZN,diabetes,none,17,58,feature contribution,0.2713668731695117,1.0,0.6666666666666666,0.30278363164871797,0.21017244960000003,1.0,0.0138376718,0.9561480192,0.0,1.0,0.9316177499641644,0.9111681136999972,0.02237937086758418,0.12065353605520673
R_6HeiSeEgD99blZN,diabetes,none,18,31,feature contribution,0.34531663655645595,0.6666666666666666,1.0,0.18873617550934016,0.24800870303333333,1.0,0.1903114123,0.9280662274,0.0,0.0,0.9530680617498436,0.9379174890087982,0.14316072223217818,0.032989490527898346
R_6HeiSeEgD99blZN,diabetes,none,19,51,feature contribution,0.38827782452105297,1.0,0.6666666666666666,0.3494281264672667,0.246038007875,1.0,0.1147716213,0.9371597572,0.0,1.0,0.9041301246168783,0.894559434529947,0.03504192799863812,0.05117498662082001
R_6HeiSeEgD99blZN,diabetes,none,20,15,feature contribution,0.4254617558581197,1.0,0.8,0.5401667447868425,0.48639583526666663,1.0,0.3825454001,0.8701674461,0.0,0.0,0.8855923941897184,0.8811476926576483,0.20735210284398037,0.2087873930244037
R_6K9YdDlQJKgwWKY,diabetes,none,1,56,feature contribution,0.7066347324268462,1.0,1.0,0.13043478239130435,0.639130435,1.0,0.1189217188,0.9105489392,1.0,1.0,0.9018532870124591,0.9533670355792416,0.12258087002663987,0.06278171219886206
R_6K9YdDlQJKgwWKY,diabetes,none,2,35,feature contribution,0.6535767866814758,1.0,1.0,0.1491242983152522,0.707685768,0.0,0.4013371434,0.8439699041,0.0,0.0,0.8141450444092219,0.8541009328494868,0.5040678347109255,0.47864045052361576
R_6K9YdDlQJKgwWKY,diabetes,none,3,32,feature contribution,0.5695849219363385,0.0,0.0,0.31669291323680704,0.296432401,1.0,0.0447244025,0.9365306756,1.0,1.0,0.9139157387088832,0.9227947305002444,0.05415573877081914,0.010690734383481393
R_6K9YdDlQJKgwWKY,diabetes,none,4,33,feature contribution,0.4454961185930042,1.0,0.0,0.08695652204347826,0.565217391,1.0,0.1988112376,0.88349367,1.0,1.0,0.8672062189728297,0.9351277160483601,0.22972106406546589,0.009333389266139858
R_6K9YdDlQJKgwWKY,diabetes,none,5,26,feature contribution,0.7291570727746014,1.0,1.0,0.0066631842513996675,0.4356231930000001,0.0,0.0421179172,0.9676174536,0.0,0.0,0.9689500905182746,0.9394314986004275,0.022784547149361734,0.11400594757776733
R_6K9YdDlQJKgwWKY,diabetes,none,6,7,feature contribution,0.7495258210564965,1.0,1.0,0.23913043491304348,0.356521739,0.0,0.0460790739,0.8800335626,0.0,0.0,0.8851493856513288,0.9180333836335364,0.08428112159911527,0.011091260797930214
R_6K9YdDlQJKgwWKY,diabetes,none,7,53,feature contribution,0.767432087173138,1.0,0.0,0.2511477643152522,0.402831151,0.0,0.0767506002,0.9146243381,1.0,0.0,0.9137785802593679,0.9428400307861561,0.06159329649299117,0.2219254826329733
R_6K9YdDlQJKgwWKY,diabetes,none,8,42,feature contribution,0.462455192492249,0.0,0.0,0.3247632408873925,0.2673913045,1.0,0.169089531,0.9270926299,1.0,0.0,0.9498999766266489,0.9446914602765505,0.0037190292607199305,0.04668783439529749
R_6K9YdDlQJKgwWKY,diabetes,none,9,14,feature contribution,0.7654560595278329,1.0,0.0,0.2766536304206765,0.296556708,1.0,0.0996550923,0.9187763636,1.0,0.0,0.8872511128145176,0.932419748057902,0.16189968228447577,0.1608240202253034
R_6K9YdDlQJKgwWKY,diabetes,none,10,30,feature contribution,0.48149954602542494,1.0,0.0,0.40567442864878683,0.416563557,1.0,0.0764048931,0.933721312,0.0,0.0,0.8886635865530987,0.8864857608828561,0.24346159466064432,0.2417537618662109
R_6K9YdDlQJKgwWKY,diabetes,none,11,51,feature contribution,0.5824176407027034,1.0,0.0,0.4354502128417589,0.27955279715,1.0,0.1420631283,0.915454872,0.0,1.0,0.9056873821019897,0.9209563058103415,0.043168608085471405,0.050146147318997775
R_6K9YdDlQJKgwWKY,diabetes,none,12,20,feature contribution,0.7112079054777354,0.0,0.0,0.33765834029474584,0.2582979085,1.0,0.2464924484,0.9444230187,0.0,0.0,0.9600379143709444,0.9327767485105906,0.10042106429771619,0.11086205512093589
R_6K9YdDlQJKgwWKY,diabetes,none,13,0,feature contribution,0.622698306929859,1.0,0.0,0.4108876936070591,0.40869565215000003,1.0,0.2670673171,0.8898326137,1.0,1.0,0.9128468534007821,0.8692429605247338,0.04545583840821296,0.07652893562043278
R_6K9YdDlQJKgwWKY,diabetes,none,14,12,feature contribution,0.6716712056487528,1.0,1.0,0.5964735657019187,0.5206427478,1.0,0.1713517729,0.9250552694,0.0,0.0,0.9418554065302097,0.9266892429498259,0.055083670904182036,0.03258827641823375
R_6K9YdDlQJKgwWKY,diabetes,none,15,58,feature contribution,0.6814829307081557,1.0,0.0,0.537730578561679,0.33056452985,1.0,0.2860498972,0.9265745161,0.0,0.0,0.9272718374055338,0.9451499692733951,0.027656456292802667,0.03295487328329
R_6K9YdDlQJKgwWKY,diabetes,none,16,31,feature contribution,0.747662744159035,1.0,1.0,0.17922122086157122,0.5631525251,1.0,0.0733252911,0.9164861149,1.0,0.0,0.8980257542717396,0.9621804388002316,0.0586873884980752,0.09774009660643773
R_6K9YdDlQJKgwWKY,diabetes,none,17,11,feature contribution,0.5652156532458276,1.0,0.0,0.07215049109851479,0.3050586635,1.0,0.2985702014,0.9517430151,1.0,0.0,0.9407136990786256,0.9551495311412243,0.24135543516267505,0.13705561166910102
R_6K9YdDlQJKgwWKY,diabetes,none,18,15,feature contribution,0.41593287878838053,0.5,0.6666666666666666,0.24645359495034222,0.32947486125,1.0,0.2720045801,0.8953997505,0.0,0.0,0.8850654801874429,0.9011476926576483,0.24314823961178275,0.20937421572937065
R_6K9YdDlQJKgwWKY,diabetes,none,19,59,feature contribution,0.7422058490619501,0.0,0.0,0.46278056556760633,0.26254888625000006,1.0,0.0415738507,0.9384730695,0.0,0.0,0.9673531617025474,0.9276170061214525,0.0736367939673602,0.15188955188149975
R_6K9YdDlQJKgwWKY,diabetes,none,20,52,feature contribution,0.7084710362310205,1.0,1.0,0.6431179929632773,0.5716544805,0.0,0.0559071835,0.914263971,0.0,0.0,0.9163256135762313,0.9020329110835759,0.442933369333311,0.32935057994551065
R_6KVGHDWJFFdRBWL,housing,none,1,577,feature contribution,0.6327886529829748,0.0,1.0,0.6666666666833333,0.5666666667,0.0,0.0920991765,0.9982954545,1.0,0.0,0.9982954545454545,0.98,0.07352070945024117,0.05967023213906586
R_6KVGHDWJFFdRBWL,housing,none,2,2275,feature contribution,0.36563066472662775,0.0,0.0,0.10399664216612148,0.15000000000000002,1.0,0.1653354559,0.9988636364,0.0,0.0,0.9961286158608241,0.9777272727272728,0.007972900701659957,0.01351339469755436
R_6KVGHDWJFFdRBWL,housing,none,3,2255,feature contribution,0.33837798323921753,0.0,1.0,0.17090005126612148,0.2338068182,1.0,0.0497291821,0.9985227273,0.0,0.0,0.9983445249517332,0.9999431818181819,0.22590902255266526,0.17698814170569394
R_6KVGHDWJFFdRBWL,housing,none,4,102,feature contribution,0.31398293988248077,0.75,0.75,0.24399347281566935,0.3380719697,1.0,0.1943205227,0.992875,1.0,0.0,0.9373157511814637,0.9580681818181818,0.2728404031411233,0.009893639586776026
R_6KVGHDWJFFdRBWL,housing,none,5,692,feature contribution,0.38096626458715765,0.5,0.5,0.24340022801696892,0.28888888890000003,1.0,0.1137277099,0.9943181818,1.0,1.0,0.9631813105987148,0.9789772727272728,0.026094666289323498,0.03034496096452627
R_6KVGHDWJFFdRBWL,housing,none,6,614,feature contribution,0.290927487427697,0.3333333333333333,0.6666666666666666,0.21017057717056545,0.23348484849999998,1.0,0.0272836565,0.9970909091,1.0,1.0,0.9680188167809497,0.94,0.0964031843741343,0.0328628816184697
R_6KVGHDWJFFdRBWL,housing,none,7,2987,feature contribution,0.31021876585426034,0.5,0.5,0.19845921221569204,0.2714583333333333,1.0,0.057343889,0.9850795455,1.0,1.0,0.9827759408692454,0.9497727272727273,0.047162775416919156,0.10565543221202611
R_6KVGHDWJFFdRBWL,housing,none,8,3174,feature contribution,0.5152773207178256,0.8,0.4,0.4328129965411062,0.33195075757500003,1.0,0.2754811857,0.9810909091,1.0,1.0,0.9403309807255155,0.925340909090909,0.060007231258919456,0.22748081718843705
R_6KVGHDWJFFdRBWL,housing,none,9,1760,feature contribution,0.23302092352805415,0.0,0.5,0.1405949083185032,0.1839962121333333,1.0,0.1761064809,0.9975568182,0.0,0.0,0.9976945278979247,0.9597727272727272,0.18416136003173222,0.1539205666224443
R_6KVGHDWJFFdRBWL,housing,none,10,675,feature contribution,1.0,0.75,0.75,0.4045650242896395,0.4756439394,1.0,0.3350317557,0.9919318182,1.0,0.0,0.9495704806209816,0.9598863636363636,0.17041195116223345,0.12050414074363072
R_6KVGHDWJFFdRBWL,housing,none,11,553,feature contribution,0.4812765655656857,0.0,0.0,0.6333333335,0.3833333335,0.0,0.4212564701,0.9971590909,1.0,0.0,0.9548863636363636,0.9976136363636364,0.2077268641120518,0.3907893779269108
R_6KVGHDWJFFdRBWL,housing,none,12,2462,feature contribution,0.3690873239881994,0.5,0.5,0.5605776665836573,0.42494949500000007,0.0,0.5834499052,0.9556363636,1.0,0.0,0.9363390241623155,0.9554545454545454,0.10223312669682184,0.5416666475899714
R_6KVGHDWJFFdRBWL,housing,none,13,2447,feature contribution,0.4464720824302822,0.6666666666666666,0.6666666666666666,0.4273093670670734,0.44702178024999994,0.0,0.0045063818,0.9665113636,1.0,0.0,0.9562831791808244,0.9578409090909091,0.09646421223518589,0.030432715943194855
R_6KVGHDWJFFdRBWL,housing,none,14,1751,feature contribution,0.5792045405675194,0.75,0.75,0.31497803078386416,0.3786590908,0.0,0.3261210606,0.9970681818,1.0,0.0,0.9836928224199244,0.9575,0.08251243609953725,0.26634120642052334
R_6KVGHDWJFFdRBWL,housing,none,15,2767,feature contribution,0.4816050342057623,0.6666666666666666,0.6666666666666666,0.3260773835751136,0.38080018949999994,0.0,0.3012583202,0.9867613636,1.0,0.0,0.9931533140778488,0.9559090909090909,0.053892506409993164,0.3326478738138724
R_6KVGHDWJFFdRBWL,housing,none,16,2728,feature contribution,0.42753853305750383,1.0,0.5,0.25023573997384974,0.39999999999999997,1.0,0.0278209602,1.0,1.0,0.0,0.9928594475046915,0.9673863636363637,0.10656887442468949,0.04554143748953571
R_6KVGHDWJFFdRBWL,housing,none,17,172,feature contribution,0.4295276374561886,0.5,0.0,0.38896150267502677,0.41636363625,0.0,0.0483503042,0.9834318182,1.0,1.0,0.9583920532110767,0.9685227272727273,0.21743051425758136,0.13717494673273795
R_6KVGHDWJFFdRBWL,housing,none,18,456,feature contribution,0.28874088332754366,0.5,0.5,0.5147265529515878,0.43101010100000003,0.0,0.4237734924,0.9366590909,1.0,0.0,0.9576140229240501,0.9588636363636364,0.07364429898735128,0.33771585539929644
R_6KVGHDWJFFdRBWL,housing,none,19,1657,feature contribution,0.46987397777382633,0.6666666666666666,0.6666666666666666,0.4082565697638625,0.46959280299999995,0.0,0.1346826283,0.918,1.0,0.0,0.9898959328442267,0.9780681818181819,0.10129724205485062,0.21874086027862655
R_6KVGHDWJFFdRBWL,housing,none,20,1155,feature contribution,0.4579855178447581,0.6666666666666666,0.6666666666666666,0.38686935747602713,0.50075757575,1.0,0.1555440201,0.9340909091,1.0,0.0,0.9763044654299582,0.9593181818181818,0.04685154829671744,0.6375876197036593
R_6N8hq2tClpLxNP1,housing,none,1,3174,feature contribution,0.6246897251397974,0.0,1.0,0.07848975724658323,0.049147727299999985,1.0,0.1792605462,0.9355113636,1.0,1.0,0.9396836425613667,0.9453409090909091,0.03676999990077665,0.14413448637799176
R_6N8hq2tClpLxNP1,housing,none,2,2275,feature contribution,0.3068233974325252,0.5,0.0,0.20051383195649128,0.19959753787499998,1.0,0.1134450328,0.9950568182,1.0,1.0,0.997097003853378,0.9588636363636364,0.012371364296532905,0.05286623113064551
R_6N8hq2tClpLxNP1,housing,none,3,675,feature contribution,0.5568070174584341,0.5714285714285714,0.5714285714285714,0.21299141636656066,0.21467803028,0.0,0.0219916425,0.9996022727,0.0,0.0,0.9702620852452626,0.9598863636363636,0.18631879691182132,0.12050414074363072
R_6N8hq2tClpLxNP1,housing,none,4,102,feature contribution,0.32150005819598815,0.6666666666666666,0.3333333333333333,0.3199613773017748,0.33222727273999997,1.0,0.4709486686,0.9644772727,0.0,0.0,0.9692030860311545,0.9581818181818181,0.04106601536942859,0.1268350012266774
R_6N8hq2tClpLxNP1,housing,none,5,577,feature contribution,0.32150005819598815,0.6666666666666666,1.0,0.19682010943224715,0.25265151513333334,1.0,0.1713099486,0.9973863636,1.0,1.0,0.9716690954293785,0.9780681818181818,0.031212061858259865,0.028357456656901037
R_6N8hq2tClpLxNP1,housing,none,6,2447,feature contribution,0.32150005819598815,0.6666666666666666,0.6666666666666666,0.17319322013989621,0.14836647727727273,0.0,0.4807981772,0.9972159091,0.0,0.0,0.9702522420699012,0.9778409090909091,0.0734845727725168,0.11693925796384141
R_6N8hq2tClpLxNP1,housing,none,7,1751,feature contribution,0.32150005819598815,0.3333333333333333,0.6666666666666666,0.23337074532902605,0.3446969695,0.0,0.3910511302,0.9225378788,0.0,0.0,0.9733559884464295,0.9553409090909091,0.2444675350295094,0.391169603713204
R_6N8hq2tClpLxNP1,housing,none,8,553,feature contribution,0.3068233974325252,0.5,1.0,0.28522171424534876,0.379176136,0.0,0.5034284123,0.9632159091,0.0,0.0,0.9918039870478719,0.9948863636363636,0.010246319252282532,0.2922538945056412
R_6N8hq2tClpLxNP1,housing,none,9,172,feature contribution,0.3068233974325252,0.0,0.5,0.17433557945964162,0.21959595933333334,1.0,0.105765266,0.9908181818,1.0,1.0,0.9969154334222587,0.9685227272727273,0.20606180498883397,0.11019822757518923
R_6N8hq2tClpLxNP1,housing,none,10,2728,feature contribution,0.3068233974325252,0.5,1.0,0.1341542620615309,0.2477272725,0.0,0.1510008154,0.9528409091,1.0,1.0,0.9999243755096459,0.9673863636363637,0.19350854752811114,0.025122588719861116
R_6TYmqMi3LX02S5Z,diabetes,none,1,32,weighted examples,0.35544176989133575,1.0,0.75,0.13882945788824286,0.18744574519621623,1.0,0.1230655901,0.9160050985,1.0,1.0,0.969662559276239,0.9098578059287872,0.019243437108166894,0.19028481808996436
R_6TYmqMi3LX02S5Z,diabetes,none,2,53,weighted examples,0.40435767410640916,0.5,0.5,0.26386578050922826,0.36253930266666673,1.0,0.0868632626,0.9245936208,1.0,0.0,0.9424171949026721,0.9321489057085415,0.043196558667037255,0.1831731397641673
R_6TYmqMi3LX02S5Z,diabetes,none,3,35,weighted examples,0.55550069636581,0.75,0.75,0.1430155677690188,0.32063688940000007,0.0,0.0706673987,0.9464208855,1.0,0.0,0.9696711866413608,0.9000352031915975,0.001088808354566817,0.16025541010913358
R_6TYmqMi3LX02S5Z,diabetes,none,4,56,weighted examples,0.3368911025528793,0.3333333333333333,0.3333333333333333,0.1892061478134134,0.17392804847999999,1.0,0.0238725473,0.9304504218,1.0,1.0,0.9680769126704056,0.9349886572008632,0.04745720251386243,0.07396053820029141
R_6TYmqMi3LX02S5Z,diabetes,none,5,42,weighted examples,0.5207952655316037,0.6666666666666666,0.3333333333333333,0.1799339608658415,0.16806824994459454,1.0,0.0687248013,0.9465045291,1.0,0.0,0.9447473076634766,0.9361298737315149,0.04261516484379661,0.0235997977122287
R_6TYmqMi3LX02S5Z,diabetes,none,6,26,weighted examples,0.2842505634502087,0.6666666666666666,0.6666666666666666,0.13752910770698643,0.21236106245,1.0,0.1283528454,0.9390025091,1.0,0.0,0.9520598572504966,0.9794314986004276,0.11327466113929657,0.05146065697345445
R_6TYmqMi3LX02S5Z,diabetes,none,7,30,weighted examples,0.4428360183972671,1.0,0.0,0.2509112329271177,0.1959384775067568,1.0,0.142176005,0.9219081951,1.0,0.0,0.9666986294196549,0.8610803554774507,0.07541650581628957,0.2346431159404283
R_6TYmqMi3LX02S5Z,diabetes,none,8,33,weighted examples,0.3478761573276402,0.5,0.5,0.2875306731181999,0.20544670750000002,1.0,0.0237241067,0.9264548142,1.0,1.0,0.9378955264898976,0.9316655748294196,0.04101360585579683,0.141862006569438
R_6TYmqMi3LX02S5Z,diabetes,none,9,14,weighted examples,0.29031918842296134,0.6666666666666666,0.3333333333333333,0.1541889449611816,0.20680140651999998,0.0,0.0483927623,0.9202847928,1.0,0.0,0.9502978641692027,0.912263431445375,0.030241788260031655,0.15794463675435733
R_6TYmqMi3LX02S5Z,diabetes,none,10,7,weighted examples,0.4290722909459526,0.5,0.0,0.21471439230726994,0.172847711475,1.0,0.0431790274,0.9184363339,1.0,0.0,0.9399823774303042,0.9432507749378842,0.03017545588091325,0.026576644318439868
R_6TYmqMi3LX02S5Z,diabetes,none,11,51,weighted examples,0.5017203458122694,0.0,0.0,0.26307996953817675,0.18968860150000003,0.0,0.139121659,0.9467639503,0.0,1.0,0.9474967077911833,0.9145594345299469,0.043063080871669934,0.07013995980782317
R_6TYmqMi3LX02S5Z,diabetes,none,12,31,weighted examples,0.4592992679719331,0.0,0.0,0.4037394993024258,0.330977803,0.0,0.620374585,0.9624192607,0.0,0.0,0.922866864541882,0.9516190608244436,0.2322198549700717,0.31707840365515966
R_6TYmqMi3LX02S5Z,diabetes,none,13,11,weighted examples,0.4915088151802498,0.0,0.0,0.1856945289816193,0.104347826,0.0,0.1838599942,0.960594015,1.0,0.0,0.9570286130079716,0.9551495311412243,0.006081129231447019,0.13705561166910102
R_6TYmqMi3LX02S5Z,diabetes,none,14,52,weighted examples,0.4295598871906003,0.5,0.5,0.18673227414518326,0.21162767566666665,0.0,0.270722693,0.9400584966,0.0,0.0,0.9383428204228743,0.916815519779228,0.05109294984994006,0.2578271134995265
R_6TYmqMi3LX02S5Z,diabetes,none,15,12,weighted examples,0.4493110785692739,1.0,0.5,0.09831432510737029,0.12473107943333332,1.0,0.0216045796,0.9414158127,1.0,0.0,0.927948268321349,0.9398876785900232,0.07682766480134201,0.0926062720724401
R_6TYmqMi3LX02S5Z,diabetes,none,16,15,weighted examples,0.3432077108018889,1.0,0.4,0.1051170561313546,0.24781767132500002,0.0,0.0409145609,0.9358753812,1.0,0.0,0.9285134755323897,0.8811476926576483,0.052785567716144816,0.2087873930244037
R_6TYmqMi3LX02S5Z,diabetes,none,17,20,weighted examples,0.423870415785681,0.0,0.0,0.1969558891931404,0.1304256372,0.0,0.1259516148,0.9262999851,0.0,0.0,0.9437186807376264,0.9562767274808285,0.09528025506065302,0.07726064312596054
R_6TYmqMi3LX02S5Z,diabetes,none,18,0,weighted examples,0.43852871747587374,0.75,0.75,0.17590446233022705,0.24034416365999997,0.0,0.0999289428,0.9166507684,1.0,1.0,0.9264537860955776,0.8701820180979123,0.11320159646655376,0.10687039974359361
R_6TYmqMi3LX02S5Z,diabetes,none,19,59,weighted examples,0.22524382478082514,0.3333333333333333,0.3333333333333333,0.15536786088429583,0.17631440058,0.0,0.1259886652,0.9673533261,0.0,1.0,0.940140530875406,0.9535086949604042,0.041189702945008955,0.11587412041979331
R_6TYmqMi3LX02S5Z,diabetes,none,20,58,weighted examples,0.36653988529440573,0.6666666666666666,0.8,0.22928774444389446,0.13665697470000002,1.0,0.238211511,0.9197601446,1.0,1.0,0.9410219872419933,0.9304349839127684,0.0012176279277736901,0.10624860525837249
R_6a9mdRXLV87vbOx,diabetes,counterfactual,1,32,weighted examples,0.635159037382579,0.0,0.0,0.14686884358881164,0.06351351350000002,0.0,0.1120881267,0.9199716265,1.0,1.0,0.9569973679331931,0.9128672416905146,0.04116635221278758,0.0035182081368762552
R_6a9mdRXLV87vbOx,diabetes,counterfactual,2,26,weighted examples,0.5587242808184881,1.0,0.0,0.06234767339375377,0.126517599,0.0,0.0892548888,0.9364354095,0.0,0.0,0.9340023640607763,0.9394314986004275,0.07185420118988795,0.035955590559678174
R_6a9mdRXLV87vbOx,diabetes,counterfactual,3,53,weighted examples,0.309522773867686,0.5,0.5,0.08367753833142527,0.15634591166666667,1.0,0.0399915823,0.9516040301,0.0,0.0,0.9295954675810261,0.9608073264816143,0.19252942577130217,0.13724359929544017
R_6a9mdRXLV87vbOx,diabetes,counterfactual,4,7,weighted examples,0.4034485220098032,0.5,0.0,0.060590820430294366,0.09961420525,0.0,0.137127574,0.934246487,1.0,1.0,0.934696511691713,0.9279702793864868,0.03844192315509687,0.013070379370636293
R_6a9mdRXLV87vbOx,diabetes,counterfactual,5,14,weighted examples,0.4934754990406512,1.0,0.5,0.12141328517179545,0.20112256433333334,0.0,0.0094759786,0.9362584697,1.0,0.0,0.9355712167920331,0.932263431445375,0.004799056513914435,0.1406338073516883
R_6a9mdRXLV87vbOx,diabetes,counterfactual,6,42,weighted examples,0.2986006643284006,0.5,1.0,0.1373421017545747,0.06618587500000003,1.0,0.1002524372,0.9525381159,1.0,0.0,0.9314731013887889,0.9388236297515031,0.010165103752913074,0.0006702468942351159
R_6a9mdRXLV87vbOx,diabetes,counterfactual,7,35,weighted examples,0.3415036542673789,1.0,0.5,0.041186380092223585,0.16046462000000003,0.0,0.2578978348,0.8891666869,0.0,0.0,0.8841029518266176,0.8741009328494868,0.21855112602352209,0.4163109851944145
R_6a9mdRXLV87vbOx,diabetes,counterfactual,8,30,weighted examples,0.3207124632896688,0.5,0.6666666666666666,0.1477758207043259,0.149587327,0.0,0.011185086,0.9224308215,0.0,0.0,0.9470896998924474,0.8884953910396058,0.06236702961924662,0.13591383696484927
R_6a9mdRXLV87vbOx,diabetes,counterfactual,9,56,weighted examples,0.28013410826690816,0.5,0.5,0.07663131526325011,0.12211246433333334,1.0,0.0534460738,0.9656606296,1.0,1.0,0.9534396374738289,0.9515143588490593,0.11173592643390826,0.017291215375215052
R_6a9mdRXLV87vbOx,diabetes,counterfactual,10,33,weighted examples,0.40396828424290804,0.0,0.5,0.15803521626825562,0.12651782200000003,1.0,0.0830358379,0.9500341302,1.0,1.0,0.9515914768225557,0.9699103247440123,0.03720479135768551,0.0932914770138129
R_6a9mdRXLV87vbOx,diabetes,counterfactual,11,0,weighted examples,0.5049167728697819,0.5,0.5,0.1035481095759372,0.13963746266666666,1.0,0.0134961631,0.9041546966,1.0,1.0,0.941984593240542,0.8492429605247338,0.05339877050346856,0.06705042215472584
R_6a9mdRXLV87vbOx,diabetes,counterfactual,12,52,weighted examples,0.5190620487760937,0.5,0.5,0.1478881447515523,0.22405797086175938,0.0,0.3043166373,0.940149269,0.0,0.0,0.9434446966930354,0.9295855944215919,0.26232069847054584,0.37213422018118925
R_6a9mdRXLV87vbOx,diabetes,counterfactual,13,51,weighted examples,0.46795446856229744,1.0,0.5,0.10696974143243246,0.2871915393333333,0.0,0.115123638,0.9610048196,0.0,0.0,0.9554750920251951,0.9079446539675288,0.06250061934878617,0.033781290969375266
R_6a9mdRXLV87vbOx,diabetes,counterfactual,14,12,weighted examples,0.28546595802856917,0.5,0.5,0.10668568541558952,0.1585413453333333,1.0,0.0135111012,0.9236714624,0.0,1.0,0.9258013096123499,0.9048369485727007,0.060560300227628816,0.009183321714979709
R_6a9mdRXLV87vbOx,diabetes,counterfactual,15,15,weighted examples,0.405278555046577,0.5,0.0,0.29317924315824523,0.33402824433333334,0.0,0.63728785,0.8820925252,0.0,0.0,0.9734862464278721,0.8652720843098796,0.24923629768423258,0.12609013263983881
R_6a9mdRXLV87vbOx,diabetes,counterfactual,16,20,weighted examples,0.3477753916214365,0.6666666666666666,0.6666666666666666,0.14458316330322302,0.22673687699999998,0.0,0.1487917882,0.9406137207,0.0,0.0,0.957802960933276,0.9411180798325837,0.002282319569802904,0.005635026245147445
R_6a9mdRXLV87vbOx,diabetes,counterfactual,17,59,weighted examples,0.342562328762329,0.5,0.5,0.1770887566237096,0.21345970433333336,0.0,0.1784244112,0.9301543998,0.0,0.0,0.9702122670471399,0.9423996148171047,0.06672881828250926,0.11582998459809163
R_6a9mdRXLV87vbOx,diabetes,counterfactual,18,58,weighted examples,0.2725578070338139,0.5,0.6666666666666666,0.2533040236788092,0.26907912599999995,0.0,0.1619007645,0.8934151046,1.0,0.0,0.9599819894601054,0.9051499692733952,0.01553588107979359,0.015798628337693243
R_6a9mdRXLV87vbOx,diabetes,counterfactual,19,11,weighted examples,0.2859037989906579,0.5,0.0,0.15108276467724244,0.19002696775,0.0,0.1349899095,0.9637158935,0.0,0.0,0.9710376108060543,0.9663818057546709,0.15633228778546376,0.18974401251973178
R_6a9mdRXLV87vbOx,diabetes,counterfactual,20,31,weighted examples,0.3275346061333558,0.5,0.5,0.16770173291151894,0.21551160366666666,0.0,0.176337181,0.9557457457,0.0,0.0,0.960069465956946,0.9611215900311004,0.06400108697840737,0.1720751317177306
R_6aVQRGrKd153TVx,housing,counterfactual,1,692,weighted examples,0.4447495503684257,1.0,0.0,0.35185568957103314,0.38333333334999997,1.0,0.001242147,0.9994318182,1.0,0.0,0.9945909833045813,0.9782954545454545,0.19870843013919037,0.0577653238370297
R_6aVQRGrKd153TVx,housing,counterfactual,2,675,weighted examples,0.3702094916865144,0.5,0.0,0.37944029988861727,0.2669823232333333,0.0,0.2896250982,0.9963636364,0.0,0.0,0.946275214020163,0.98,0.0831540842193767,0.26842340090248784
R_6aVQRGrKd153TVx,housing,counterfactual,3,2987,weighted examples,0.4168180100661187,0.4,0.6666666666666666,0.2006788204137216,0.21001420454999997,1.0,0.528650429,0.9784659091,1.0,1.0,0.9247410345817499,0.94875,0.268069826431238,0.14891884175489806
R_6aVQRGrKd153TVx,housing,counterfactual,4,2275,weighted examples,0.3980883270880439,0.0,0.5,0.28614995466546467,0.23412247473333334,1.0,0.1231456559,0.9994886364,1.0,1.0,0.9504171574712647,0.9736363636363636,0.17529974340493767,0.18795686517416546
R_6aVQRGrKd153TVx,housing,counterfactual,5,577,weighted examples,0.4058384395239143,1.0,0.0,0.35896253899942376,0.38333333334999997,0.0,0.0920991765,0.9982954545,1.0,0.0,0.9948741588734485,0.98,0.04714235568780778,0.12895320510392255
R_6aVQRGrKd153TVx,housing,counterfactual,6,3174,weighted examples,0.42740336432031667,0.6666666666666666,0.4,0.224085084493021,0.2487026515,1.0,0.3240663721,0.9771818182,1.0,1.0,0.8384819324067954,0.925340909090909,0.8213686368158991,0.22748081718843705
R_6aVQRGrKd153TVx,housing,counterfactual,7,1760,weighted examples,0.38271188456897837,0.0,0.5,0.26716145577852435,0.2757891414,1.0,0.0131244589,0.9971022727,1.0,0.0,0.9549905860163826,0.9597727272727272,0.06364971197644109,0.17033035663060025
R_6aVQRGrKd153TVx,housing,counterfactual,8,2255,weighted examples,0.6183198240351683,0.0,0.0,0.3060947600384594,0.22045454545,1.0,0.0541654451,0.9999431818,1.0,0.0,0.9852325505282526,0.9799431818181819,0.04447078149520506,0.15737455888064433
R_6aVQRGrKd153TVx,housing,counterfactual,9,102,weighted examples,0.3620837300662866,1.0,0.0,0.3650894134346794,0.38333333334999997,0.0,0.063981822,0.9988636364,1.0,0.0,0.9936487839863974,0.98,0.034185104666590166,0.20285691758481475
R_6aVQRGrKd153TVx,housing,counterfactual,10,614,weighted examples,0.29543830931465515,0.5,0.0,0.28210709749396273,0.266666666675,1.0,0.112869351,1.0,1.0,0.0,0.9823986915498684,0.9977272727272727,0.03554244517466362,0.16086803165987978
R_6aVQRGrKd153TVx,housing,counterfactual,11,2462,weighted examples,0.400502951175637,0.0,0.0,0.1343154870738697,0.140625,0.0,0.5811583068,0.99875,0.0,0.0,0.9688874415340885,0.9663636363636363,0.500630233189568,0.6191739004873709
R_6aVQRGrKd153TVx,housing,counterfactual,12,1751,weighted examples,0.4253097476425404,0.0,0.0,0.12754215082724907,0.13227272725,0.0,0.3845981855,0.9965454545,0.0,0.0,0.9818922305691004,0.98,0.49813370117679995,0.48197485753037406
R_6aVQRGrKd153TVx,housing,counterfactual,13,2767,weighted examples,0.4005029511756373,0.0,0.0,0.1436904870738697,0.15,0.0,0.5832912209,0.9965909091,0.0,0.0,0.9819556233522703,0.9995454545454545,0.36730678021324203,0.3786019007732111
R_6aVQRGrKd153TVx,housing,counterfactual,14,2447,weighted examples,0.4005029511756368,0.0,1.0,0.4,0.5,0.0,0.574767613,0.9994318182,0.0,0.0,0.9960227272727272,0.9794318181818182,0.1727090115669522,0.07299703757734435
R_6aVQRGrKd153TVx,housing,counterfactual,15,553,weighted examples,0.40050295117563706,0.0,0.0,0.1436904870738697,0.15,0.0,0.5497884239,0.9965909091,0.0,0.0,0.9825238051704521,0.98,0.35475496104517124,0.35313384383214197
R_6aVQRGrKd153TVx,housing,counterfactual,16,172,weighted examples,0.29325765058029013,0.5,0.5,0.2878912394234016,0.34409722223333333,0.0,0.0657898796,0.9969886364,1.0,1.0,0.9673885699471783,0.9588636363636364,0.05075673161706215,0.12135550774516257
R_6aVQRGrKd153TVx,housing,counterfactual,17,2728,weighted examples,0.48753806898699475,1.0,0.0,0.23335705629250914,0.21666666664999998,0.0,0.0326984796,0.9982954545,0.0,1.0,0.9720501991439564,0.97375,0.042937962348249814,0.047892356784320966
R_6aVQRGrKd153TVx,housing,counterfactual,18,1155,weighted examples,0.40050295117563683,1.0,0.0,0.2459523591522606,0.21666666664999998,0.0,0.6412093068,1.0,0.0,0.0,0.9825238051704521,0.98,0.6410868240476358,0.758893954047708
R_6aVQRGrKd153TVx,housing,counterfactual,19,1657,weighted examples,0.42530974764254026,0.0,0.0,0.14254215082724905,0.14727272724999999,0.0,0.3731633682,0.9974545455,0.0,0.0,0.9818922305691004,0.98,0.4259032029859313,0.3497419372467342
R_6aVQRGrKd153TVx,housing,counterfactual,20,456,weighted examples,0.40050295117563733,0.0,1.0,0.1809659091,0.28096590909999997,0.0,0.4282976447,0.9986363636,0.0,0.0,0.9988636363636364,0.9993181818181819,0.35329656778187146,0.2957842523143112
R_6t07wdUJUABPKIE,safelimit,none,1,87,feature contribution,0.3262442378591281,0.6666666666666666,0.5714285714285714,0.6957820922575957,0.5969140884999999,1.0,0.9190160707,0.9854083142,0.0,0.0,0.9797679476547158,0.9836760876206008,0.16949438529067795,0.21539105523588953
R_6t07wdUJUABPKIE,safelimit,none,2,203,feature contribution,0.45504228152938553,0.0,0.0,0.20399664655390634,0.227593703,1.0,0.1835557245,0.9690335151,0.0,0.0,0.9724129638947082,0.9818517864731456,0.1347871758757464,0.1011278225783182
R_6t07wdUJUABPKIE,safelimit,none,3,106,feature contribution,0.3586621544343394,0.4,0.4,0.403275807854634,0.37123438275,0.0,0.0400033699,0.9656330764,0.0,0.0,0.9760532474632487,0.9727894295472642,0.12822769870090683,0.3255767268191921
R_6t07wdUJUABPKIE,safelimit,none,4,143,feature contribution,0.43352133275787486,0.4,0.8,0.3775446781552535,0.44655263283333335,1.0,0.502423163,0.9883756352,0.0,0.0,0.9868419844823935,0.9896146970155208,0.022916198641242946,0.02094595147064804
R_6t07wdUJUABPKIE,safelimit,none,5,300,feature contribution,0.43294923554938564,1.0,1.0,0.17907210341305016,0.14089425095000002,1.0,0.2018815554,0.9746978105,0.0,0.0,0.9846317637153088,0.9871249139576529,0.14273956778748415,0.06828912528519282
R_6t07wdUJUABPKIE,safelimit,none,6,98,feature contribution,0.42993067822208486,0.0,0.0,0.5177394386640317,0.55,0.0,0.5686177615,0.9710916753,0.0,0.0,0.9785272561097049,0.9720950682842359,0.25150584975518925,0.18698472708418923
R_6t07wdUJUABPKIE,safelimit,none,7,261,feature contribution,0.467439330002293,0.0,0.0,0.24773158876016993,0.0790909091,0.0,0.7898032481,0.9593759523,0.0,0.0,0.9891984152084006,0.9675531286038848,0.3099322657776511,0.7304919307849681
R_6t07wdUJUABPKIE,safelimit,none,8,4,feature contribution,0.3977757788541563,0.0,0.0,0.6145454545,0.6145454545,0.0,0.6331296561,0.987420946,0.0,0.0,0.9806255303259422,0.9806255303259422,0.2010065797603488,0.2010065797603488
R_6t07wdUJUABPKIE,safelimit,none,9,209,feature contribution,0.4035301521367842,0.0,1.0,0.275162419,0.17032483800000003,0.0,0.7351227453,0.9705501585,0.0,0.0,0.9881704239573849,0.9751364911836521,0.3948634217432387,0.5540570331344243
R_6t07wdUJUABPKIE,safelimit,none,10,245,feature contribution,0.46697399248115123,0.0,0.0,0.52727272725,0.07727272724999999,0.0,0.8165577032,0.9667484841,0.0,0.0,0.9855701585316001,0.9837481508338701,0.577935159779924,0.5959978850765196
R_6vdUndtY54RqpVv,housing,counterfactual,1,3174,weighted examples,0.5088715510261632,0.0,0.0,0.8282574104558387,1.0,0.0,0.0215898524,0.94125,1.0,1.0,0.8774091570297857,0.94125,0.20646694099885796,0.029954493626764896
R_6vdUndtY54RqpVv,housing,counterfactual,2,2275,weighted examples,0.744966357352577,0.0,0.0,0.32569066284524695,0.21666666664999998,1.0,0.0623138454,0.9704545455,0.0,0.0,0.9909358560673558,0.9777272727272728,0.002856629215868711,0.047277259905648183
R_6vdUndtY54RqpVv,housing,counterfactual,3,675,weighted examples,0.5880554156748434,0.0,0.0,0.5899596201444259,0.25767045455,0.0,0.300649682,0.9873863636,0.0,0.0,0.9758722125501084,0.98,0.5899851011325766,0.29426022104297495
R_6vdUndtY54RqpVv,housing,counterfactual,4,102,weighted examples,0.6177298248533439,1.0,0.0,0.3010952662263887,0.38333333334999997,0.0,0.063981822,0.9988636364,1.0,0.0,0.9935523865719444,0.98,0.03597923331738434,0.13161604024452517
R_6vdUndtY54RqpVv,housing,counterfactual,5,577,weighted examples,0.6396994484930084,1.0,0.0,0.29394669008395913,0.38333333334999997,0.0,0.0920991765,0.9982954545,1.0,0.0,0.9921226713434586,0.98,0.05040352228284142,0.12895320510392255
R_6vdUndtY54RqpVv,housing,counterfactual,6,2447,weighted examples,0.549651117197359,1.0,0.0,0.14644464258599843,0.2166666665,0.0,0.1589344324,0.9954545455,0.0,0.0,0.9661656170040125,0.9976136363636363,0.23032594436381776,0.08363479124673595
R_6vdUndtY54RqpVv,housing,counterfactual,7,1751,weighted examples,0.40624214364697764,0.0,0.0,0.2692434977742567,0.15,0.0,0.2749506526,0.99375,0.0,0.0,0.9999162372539336,0.9953409090909091,0.20295755525564763,0.379317002512372
R_6vdUndtY54RqpVv,housing,counterfactual,8,553,weighted examples,0.731761792261778,1.0,1.0,0.13283028199542674,0.10000000000000003,0.0,0.1608889665,1.0,0.0,0.0,0.981452420035449,0.98,0.03951106783484212,0.25872344845409784
R_6vdUndtY54RqpVv,housing,counterfactual,9,172,weighted examples,0.6655603692537709,1.0,0.0,0.4837504675762634,0.55,1.0,0.1533632533,0.9982954545,1.0,1.0,0.9622803965455557,0.9885227272727273,0.0271620522511756,0.11209840571843942
R_6vdUndtY54RqpVv,housing,counterfactual,10,2728,weighted examples,0.7002201241456979,1.0,0.0,0.14285692216585633,0.2166666665,0.0,0.0263892945,1.0,0.0,0.0,0.9714286156334954,0.9989772727272728,0.1191739823475842,0.03958245024920498
R_6wzdpKed5aB6LmF,diabetes,attribution,1,14,feature contribution,0.4854574414711853,0.5,0.0,0.1190491105737993,0.09732335947499998,0.0,0.0641684959,0.8943039473,1.0,0.0,0.8832507679469076,0.9260939199396795,0.11910079753762515,0.09267897713271789
R_6wzdpKed5aB6LmF,diabetes,attribution,2,32,feature contribution,0.4854574414711853,1.0,1.0,0.041915301528388155,0.04000206999999999,0.0,0.0020717497,0.932372293,1.0,1.0,0.9224462946433678,0.9368025522992582,0.055661310579235,0.023736132972330293
R_6wzdpKed5aB6LmF,diabetes,attribution,3,30,feature contribution,0.5664903637751709,0.8,0.6666666666666666,0.03955611975407065,0.0909786779,0.0,0.1404578582,0.8830628258,0.0,0.0,0.8862584497504137,0.8884953910396058,0.24910617399353235,0.21444816824536891
R_6wzdpKed5aB6LmF,diabetes,attribution,4,33,feature contribution,0.4854574414711853,1.0,0.5,0.03013971703430492,0.05500789813333332,1.0,0.0055447326,0.9421229771,1.0,1.0,0.9357486135752531,0.9699103247440123,0.10063167306222029,0.0932914770138129
R_6wzdpKed5aB6LmF,diabetes,attribution,5,53,feature contribution,0.6830186627659518,0.0,0.0,0.20785264334181414,0.06086956519999999,0.0,0.3297016953,0.9271878569,0.0,0.0,0.9348969025172728,0.9300462882253672,0.022072764963895875,0.32927866587034715
R_6wzdpKed5aB6LmF,diabetes,attribution,6,42,feature contribution,0.4854574414711853,0.5,0.5,0.03903565408116705,0.10181556907432425,1.0,0.0386298422,0.9360911306,0.0,0.0,0.943105428543258,0.9236974412990825,0.07597000683781108,0.04762081461301759
R_6wzdpKed5aB6LmF,diabetes,attribution,7,7,feature contribution,0.4854574414711853,1.0,0.5,0.10418913933965648,0.04189985430000001,0.0,0.0690028208,0.9196950354,0.0,1.0,0.9173389311071267,0.9380333836335364,0.013577630478539437,0.07396686257409688
R_6wzdpKed5aB6LmF,diabetes,attribution,8,26,feature contribution,0.4854574414711853,0.5,0.5,0.08549499484395728,0.07597523930000001,0.0,0.0831606612,0.9427460388,0.0,0.0,0.9366376431083999,0.9433529701833689,0.09020301787739438,0.08795503050399606
R_6wzdpKed5aB6LmF,diabetes,attribution,9,35,feature contribution,0.4854574414711853,0.5,0.5,0.11601351115281729,0.06566425999999999,0.0,0.4336193966,0.8747023767,0.0,0.0,0.8718966368539911,0.8621031998198638,0.345955513233607,0.42552032939507567
R_6wzdpKed5aB6LmF,diabetes,attribution,10,56,feature contribution,0.4854574414711853,1.0,0.5,0.10350802903415865,0.06350985366666666,1.0,0.0268488756,0.9404785147,1.0,1.0,0.9416271752664102,0.9515143588490593,0.049656778094341075,0.017291215375215052
R_6wzdpKed5aB6LmF,diabetes,attribution,11,31,feature contribution,0.6830186627659518,1.0,0.0,0.10861700976578996,0.08825879949999998,0.0,0.1312270493,0.9574839586,0.0,0.0,0.9549444107619562,0.9621804388002316,0.03532204775466674,0.2267923338408947
R_6wzdpKed5aB6LmF,diabetes,attribution,12,58,feature contribution,0.6830186627659518,1.0,0.0,0.22383368325162553,0.15627444299999999,0.0,0.257112652,0.882640192,0.0,1.0,0.9274069287237202,0.9164271621137545,0.03277145018232808,0.06290082514938583
R_6wzdpKed5aB6LmF,diabetes,attribution,13,11,feature contribution,0.6830186627659518,1.0,1.0,0.0034125544681133206,0.09149804459999998,0.0,0.2602522589,0.9584208968,0.0,0.0,0.9591034076428141,0.9767205056691914,0.22500768297487694,0.13735589885030536
R_6wzdpKed5aB6LmF,diabetes,attribution,14,0,feature contribution,0.6830186627659518,1.0,1.0,0.24817731788198577,0.346556708,1.0,0.0257137858,0.9096835606,0.0,0.0,0.8600480969827176,0.8403722189591147,0.023609675447331502,0.0329495809691287
R_6wzdpKed5aB6LmF,diabetes,attribution,15,51,feature contribution,0.4854574414711853,1.0,0.5,0.01253116202223793,0.06508826016666666,0.0,0.1561348577,0.9000092619,0.0,1.0,0.9027836411951158,0.9009563058103415,0.0463833582647899,0.06016520444220638
R_6wzdpKed5aB6LmF,diabetes,attribution,16,12,feature contribution,0.5664903637751709,1.0,0.6666666666666666,0.02786318657627387,0.06504081152499998,1.0,0.0060782912,0.9308511184,0.0,1.0,0.9475690304355903,0.8916385129325034,0.053066099415513324,0.04929242653877336
R_6wzdpKed5aB6LmF,diabetes,attribution,17,59,feature contribution,0.4854574414711853,1.0,0.5,0.06856461662448082,0.0729802928,1.0,0.0142881521,0.9691556783,0.0,0.0,0.9440484196512449,0.9486070446177906,0.055360302203607104,0.017858138728396367
R_6wzdpKed5aB6LmF,diabetes,attribution,18,52,feature contribution,0.5664903637751709,1.0,0.6666666666666666,0.03544417349919326,0.0762987637713195,0.0,0.3388064695,0.9116486459,0.0,0.0,0.9099758703067844,0.9050036727286785,0.3114425500705047,0.1934412472244117
R_6wzdpKed5aB6LmF,diabetes,attribution,19,15,feature contribution,0.4854574414711853,0.6666666666666666,0.5,0.04795632097296774,0.09524646363333333,0.0,0.242027715,0.9024199625,0.0,0.0,0.8840623124484611,0.8700568299367083,0.26412839469463356,0.14442248410869107
R_6wzdpKed5aB6LmF,diabetes,attribution,20,20,feature contribution,0.4854574414711853,0.5,0.5,0.025163792472417828,0.08771057843333331,0.0,0.127745929,0.9463851932,0.0,0.0,0.9534310608013803,0.9765822237699002,0.07614658082165215,0.049389028203225216
R_71lEhxrOvvuiitz,diabetes,none,1,30,feature contribution,0.7204850845606131,1.0,0.0,0.40759745512759926,0.2582979085,0.0,0.1724146296,0.8439271392,0.0,0.0,0.8846860885083759,0.906485760882856,0.2507521237382109,0.23452070523865032
R_71lEhxrOvvuiitz,diabetes,none,2,7,feature contribution,0.7204850845606131,1.0,0.0,0.08110865518177168,0.203035198,0.0,0.050238281,0.926145116,0.0,0.0,0.9099233849547522,0.9180333836335364,0.03475298518231157,0.011091260797930214
R_71lEhxrOvvuiitz,diabetes,none,3,26,feature contribution,0.7204850845606131,1.0,0.0,0.23399492016759976,0.343317463,0.0,0.0240429516,0.9574151071,1.0,0.0,0.9614537909485056,0.9394314986004275,0.022098449525956687,0.035955590559678174
R_71lEhxrOvvuiitz,diabetes,none,4,32,feature contribution,0.7204850845606131,1.0,0.0,0.4759503320175906,0.3348155075,1.0,0.155875579,0.8651867936,1.0,0.0,0.9232838070071241,0.9453770319327532,0.007315397279819114,0.019576249666981557
R_71lEhxrOvvuiitz,diabetes,none,5,42,feature contribution,0.7204850845606131,1.0,1.0,0.07788826015014336,0.12105084199999996,0.0,0.0215551107,0.9486385828,0.0,0.0,0.9500648417736484,0.941432325403677,0.07235248079417891,0.1006702468942351
R_71lEhxrOvvuiitz,diabetes,none,6,14,feature contribution,0.7204850845606131,1.0,0.0,0.08961061042067642,0.390078218,1.0,0.1855931028,0.9051732349,1.0,0.0,0.8872511128145176,0.932419748057902,0.16189968228447577,0.1608240202253034
R_71lEhxrOvvuiitz,diabetes,none,7,33,feature contribution,0.7204850845606131,1.0,0.0,0.0992671945555878,0.207286176,1.0,0.2971955329,0.9516333275,1.0,1.0,0.9521845816316791,0.9551277160483601,0.3110946405006822,0.04802266642767078
R_71lEhxrOvvuiitz,diabetes,none,8,53,feature contribution,0.7204850845606131,1.0,0.0,0.21713994231525224,0.419835062,0.0,0.0497233786,0.9176189483,1.0,0.0,0.9137785802593679,0.9428400307861561,0.06159329649299117,0.2219254826329733
R_71lEhxrOvvuiitz,diabetes,none,9,56,feature contribution,0.7204850845606131,1.0,0.0,0.15762625377979922,0.1987842205,1.0,0.0473341435,0.9144901367,1.0,0.0,0.9258202645156148,0.9641380573329636,0.09842542355989148,0.0197463886539187
R_71lEhxrOvvuiitz,diabetes,none,10,35,feature contribution,0.7204850845606131,1.0,0.0,0.06237655599344882,0.402831151,0.0,0.3580848128,0.8643745972,0.0,0.0,0.8518992860735826,0.8821031998198638,0.47244049272227695,0.4260344978991623
R_71lEhxrOvvuiitz,diabetes,none,11,59,feature contribution,0.7204850845606131,1.0,1.0,0.6069412459589301,0.457082129,0.0,0.2956069371,0.9316613875,1.0,0.0,0.9578378532722275,0.9453675027037052,0.03599122815933656,0.012557741751689111
R_71lEhxrOvvuiitz,diabetes,none,12,31,feature contribution,0.7204850845606131,1.0,0.0,0.14873318135110036,0.27955279715,1.0,0.0759957683,0.9336584086,1.0,0.0,0.9072735696049558,0.9621804388002316,0.04683909548105686,0.2267923338408947
R_71lEhxrOvvuiitz,diabetes,none,13,51,feature contribution,0.7204850845606131,1.0,0.0,0.42633142909450594,0.2710508417,1.0,0.1250592174,0.9120540898,0.0,0.0,0.9041103566714402,0.8879446539675289,0.04571217660745658,0.03983479761999173
R_71lEhxrOvvuiitz,diabetes,none,14,15,feature contribution,0.7204850845606131,1.0,0.0,0.3670346407806667,0.2435895256,1.0,0.093308574,0.9105861393,0.0,0.0,0.8851765747415149,0.8611476926576482,0.21783857678844812,0.24442248410869108
R_71lEhxrOvvuiitz,diabetes,none,15,0,feature contribution,0.7204850845606131,1.0,0.0,0.6723346372827753,0.33056452999999997,0.0,0.072842126,0.9319168443,0.0,1.0,0.8381311035025596,0.8692429605247338,0.036290164086649535,0.07652893562043278
R_71lEhxrOvvuiitz,diabetes,none,16,12,feature contribution,0.7204850845606131,1.0,0.0,0.30696151903461255,0.21153715355,0.0,0.0180684798,0.9017324778,0.0,1.0,0.9431102362031006,0.9248369485727007,0.05820456907141419,0.035998793690712294
R_71lEhxrOvvuiitz,diabetes,none,17,58,feature contribution,0.7204850845606131,1.0,0.0,0.29047140877445266,0.20303519809999998,1.0,0.0858425311,0.9163721696,0.0,0.0,0.9282697667585046,0.9451499692733951,0.030949786633558907,0.03295487328329
R_71lEhxrOvvuiitz,diabetes,none,18,11,feature contribution,0.7204850845606131,1.0,1.0,0.07092704890099011,0.12105084170000002,0.0,0.0087899572,0.9588676827,1.0,0.0,0.948083055056531,0.9767205056691914,0.05462199439817539,0.13735589885030536
R_71lEhxrOvvuiitz,diabetes,none,19,20,feature contribution,0.7204850845606131,1.0,0.0,0.02386736712909976,0.12651759904999998,1.0,0.0884358455,0.9459751842,1.0,0.0,0.9507486575757201,0.9727767485105905,0.047319030712133836,0.11047950819885904
R_71lEhxrOvvuiitz,diabetes,none,20,52,feature contribution,0.7204850845606131,1.0,0.0,0.23603433847551827,0.17752933175,0.0,0.2178514578,0.9110908075,0.0,0.0,0.9182280460786795,0.9368155197792281,0.3693448743775838,0.2979593921360224
R_71opu9CilxP5KrN,safelimit,none,1,87,feature contribution,0.3851878554174498,1.0,0.6666666666666666,0.24694338845660066,0.2861595635,0.0,0.0142369668,0.9855656165,0.0,0.0,0.978436455209311,0.976277880281199,0.11346109254204806,0.31671730982501956
R_71opu9CilxP5KrN,safelimit,none,2,203,feature contribution,0.3851878554174498,0.5,0.0,0.4440544104623812,0.6684286228,1.0,0.3691413607,0.9817847314,0.0,0.0,0.9656347984611213,0.9665736013036926,0.13173936378457463,0.19280806097834502
R_71opu9CilxP5KrN,safelimit,none,3,106,feature contribution,0.5073244242804833,0.0,0.0,0.17673964527851077,0.05482560230000001,0.0,0.4122726314,0.962317377,0.0,0.0,0.9810183483329434,0.9754026164322958,0.07319074725873032,0.5039646219393319
R_71opu9CilxP5KrN,safelimit,none,4,143,feature contribution,0.4015625170260375,0.6666666666666666,0.4,0.32755609039181594,0.35884810897499997,0.0,0.3154470544,0.9830900644,1.0,0.0,0.9818663356719975,0.9896146970155208,0.0024698519551598075,0.02094595147064804
R_71opu9CilxP5KrN,safelimit,none,5,300,feature contribution,0.3851878554174498,0.5,0.6666666666666666,0.4521960193967583,0.62651204605,1.0,0.2116414211,0.9751391167,0.0,0.0,0.9846317637153088,0.9763142335863548,0.14273956778748415,0.1682891252851928
R_71opu9CilxP5KrN,safelimit,none,6,98,feature contribution,0.3851878554174498,1.0,0.6666666666666666,0.2952605638148288,0.26462731694999997,1.0,0.158985948,0.9859839015,0.0,0.0,0.9778914549045061,0.9832263789650728,0.3352495446324942,0.315764674893864
R_71opu9CilxP5KrN,safelimit,none,7,261,feature contribution,0.4015625170260375,0.6666666666666666,0.4,0.46158211173786023,0.464938789,0.0,0.1782548657,0.9635646667,0.0,0.0,0.9816036321812065,0.9875331385988873,0.33214761490334593,0.5756970290255725
R_71opu9CilxP5KrN,safelimit,none,8,4,feature contribution,0.4015625170260375,1.0,0.8,0.07674748731052265,0.05910890653030304,0.0,0.1538728301,0.9683355022,0.0,0.0,0.9750810009135027,0.9640883657416167,0.04225265436881187,0.08290438451682935
R_71opu9CilxP5KrN,safelimit,none,9,209,feature contribution,0.4015625170260375,0.6666666666666666,0.4,0.3788808541439852,0.44060060884999996,0.0,0.3540235273,0.9901832012,0.0,0.0,0.9778637700510933,0.9775829021842908,0.2572044139650237,0.43153860139317274
R_71opu9CilxP5KrN,safelimit,none,10,245,feature contribution,0.4015625170260375,1.0,0.5,0.10639464561431271,0.10079988723333333,0.0,0.4358441181,0.9772979922,0.0,0.0,0.9845805929604166,0.9794757568749213,0.3329548472023745,0.6636203238991104
R_72Hr6eK5zyGxfZ7,diabetes,attribution,1,56,feature contribution,0.45306497868835927,0.6666666666666666,0.6666666666666666,0.2502101853380416,0.19739927682500003,0.0,0.2391767914,0.8768943736,1.0,1.0,0.9594383162828188,0.9506490585524721,0.11772286212124239,0.00016148403611437878
R_72Hr6eK5zyGxfZ7,diabetes,attribution,2,14,feature contribution,0.4890568256905696,1.0,0.5,0.5156026079540281,0.4461758058333333,1.0,0.2545707687,0.8476215904,1.0,0.0,0.8526498350789785,0.9403374297198187,0.2862668354777675,0.2545813930247104
R_72Hr6eK5zyGxfZ7,diabetes,attribution,3,42,feature contribution,0.4890568256905696,1.0,0.5,0.4692902543095263,0.3289210342409909,1.0,0.163567746,0.9081636943,0.0,0.0,0.9403584051887061,0.9236974412990825,0.05093498398548814,0.04762081461301759
R_72Hr6eK5zyGxfZ7,diabetes,attribution,4,53,feature contribution,0.4890568256905696,1.0,0.5,0.11031654516352965,0.4285445173333333,1.0,0.2489759366,0.9098152697,1.0,0.0,0.9143671733799038,0.9628400307861561,0.028186907888429563,0.12192548263297329
R_72Hr6eK5zyGxfZ7,diabetes,attribution,5,30,feature contribution,0.4890568256905696,1.0,0.0,0.3301767966718271,0.25892327266666665,0.0,0.0367535647,0.8764973195,0.0,0.0,0.8832025159515869,0.906485760882856,0.238729148398519,0.23452070523865032
R_72Hr6eK5zyGxfZ7,diabetes,attribution,6,33,feature contribution,0.4890568256905696,1.0,0.5,0.06882937147468117,0.16656039366666667,1.0,0.4013894847,0.9176915949,1.0,1.0,0.9335416908445558,0.9316655748294196,0.39289529101848625,0.141862006569438
R_72Hr6eK5zyGxfZ7,diabetes,attribution,7,26,feature contribution,0.4890568256905696,1.0,0.5,0.25466673605617296,0.29476796299999997,1.0,0.2237290869,0.9446276075,1.0,0.0,0.9382172437447696,0.9433529701833689,0.04309473690949431,0.11243694370204654
R_72Hr6eK5zyGxfZ7,diabetes,attribution,8,32,feature contribution,0.4890568256905696,1.0,0.0,0.3777601958429913,0.26411031799999996,1.0,0.3561550857,0.8995411303,1.0,1.0,0.9208781617009649,0.9427947305002444,0.0002844358724538032,0.04863702462660645
R_72Hr6eK5zyGxfZ7,diabetes,attribution,9,35,feature contribution,0.4890568256905696,1.0,0.5,0.17688995181264008,0.3926093293333333,0.0,0.2957190071,0.8454377608,0.0,0.0,0.8977747537025105,0.9000352031915975,0.35192052911670507,0.4107172371454043
R_72Hr6eK5zyGxfZ7,diabetes,attribution,10,7,feature contribution,0.4890568256905696,1.0,0.0,0.1381489849027598,0.245952025,1.0,0.1942203469,0.8894303633,1.0,1.0,0.8714371091556055,0.9380333836335364,0.09911993974280559,0.07396686257409688
R_72Hr6eK5zyGxfZ7,diabetes,attribution,11,58,feature contribution,0.4890568256905696,1.0,0.0,0.10422381376632733,0.10812733417499998,0.0,0.0002414446,0.9300502749,0.0,1.0,0.9299623111068642,0.8964271621137545,0.03065656515358417,0.08420137313545367
R_72Hr6eK5zyGxfZ7,diabetes,attribution,12,59,feature contribution,0.4890568256905696,1.0,0.5,0.042928095931916495,0.10677934126666666,1.0,0.0594825338,0.9310558771,1.0,0.0,0.9449002598369658,0.941602942541755,0.04101025661627361,0.05188955188149974
R_72Hr6eK5zyGxfZ7,diabetes,attribution,13,51,feature contribution,0.4890568256905696,1.0,0.0,0.12481812583087395,0.11885144624999998,0.0,0.0573053497,0.9180408557,0.0,1.0,0.9022934537171337,0.9009563058103415,0.045140046758638114,0.06016520444220638
R_72Hr6eK5zyGxfZ7,diabetes,attribution,14,31,feature contribution,0.4890568256905696,1.0,0.5,0.18262217026282787,0.09463591346666667,0.0,0.0906948706,0.9683549473,1.0,0.0,0.9602740059101573,0.9559041987267526,0.1176050019235026,0.3097173857624244
R_72Hr6eK5zyGxfZ7,diabetes,attribution,15,52,feature contribution,0.4890568256905696,1.0,0.5,0.11699710100631958,0.08479376479999999,0.0,0.2181716548,0.896809148,0.0,0.0,0.9185005995512553,0.916815519779228,0.36921804759048105,0.2578271134995265
R_72Hr6eK5zyGxfZ7,diabetes,attribution,16,20,feature contribution,0.4890568256905696,1.0,0.5,0.044239870084504994,0.07782357123333333,1.0,0.074605953,0.9620622873,0.0,0.0,0.9727884787375785,0.9365822237699002,0.03242665216168983,0.010862055120935854
R_72Hr6eK5zyGxfZ7,diabetes,attribution,17,15,feature contribution,0.4890568256905696,1.0,0.6666666666666666,0.13553142746365782,0.099146192,0.0,0.1901627243,0.8897153067,0.0,0.0,0.8837595510108447,0.9011476926576483,0.2549993242907316,0.20937421572937065
R_72Hr6eK5zyGxfZ7,diabetes,attribution,18,11,feature contribution,0.4890568256905696,1.0,0.5,0.04726397730316422,0.09909906616666665,0.0,0.1467415786,0.9533114519,0.0,0.0,0.9392293542987292,0.9474551409611895,0.1084019456645764,0.15326657105253982
R_72Hr6eK5zyGxfZ7,diabetes,attribution,19,12,feature contribution,0.4890568256905696,1.0,0.5,0.12570655363434796,0.09180192833333334,1.0,0.0336684418,0.8916080859,0.0,1.0,0.9415342582699173,0.9116385129325034,0.05934834498633246,0.06741172550148994
R_72Hr6eK5zyGxfZ7,diabetes,attribution,20,0,feature contribution,0.4890568256905696,1.0,0.5,0.03608726939281877,0.06737948456666668,0.0,0.0155889565,0.8599445282,1.0,1.0,0.8669908986746144,0.8871749638964674,0.0022871588173297708,0.104318459968607
R_7CymkLq1W5EbO9c,housing,attribution,1,3174,feature contribution,0.3312527182362215,0.6666666666666666,0.0,0.43023029533878565,0.3267676767666666,1.0,0.3793017449,0.9072727273,1.0,1.0,0.9418093970153948,0.92125,0.04995525852705428,0.11124519735573642
R_7CymkLq1W5EbO9c,housing,attribution,2,2275,feature contribution,0.3717084762430474,1.0,1.0,0.24076187265944854,0.15795454550000004,1.0,0.2497239774,0.99875,1.0,1.0,0.9988341927046169,0.9936363636363637,0.00943107785971009,0.09176943199202292
R_7CymkLq1W5EbO9c,housing,attribution,3,675,feature contribution,1.0,0.75,0.75,0.27393326138325236,0.29613636362,0.0,0.0728675343,0.9997727273,1.0,0.0,0.9753413293203658,0.9598863636363636,0.0019857542662843064,0.12050414074363072
R_7CymkLq1W5EbO9c,housing,attribution,4,102,feature contribution,0.39991420547028306,0.3333333333333333,0.6666666666666666,0.26197491532964695,0.29518939395,0.0,0.1474360674,0.9982045455,1.0,0.0,0.9583359732307029,0.9598863636363636,0.07549943557602895,0.02038990023217463
R_7CymkLq1W5EbO9c,housing,attribution,5,577,feature contribution,0.34749113716398733,0.5,0.0,0.28450168627512545,0.307575757575,0.0,0.1464777491,0.9982954545,1.0,0.0,0.9640722238868934,0.9798863636363636,0.09561397502998242,0.02929150458010038
R_7CymkLq1W5EbO9c,housing,attribution,6,2447,feature contribution,0.42651757928805867,0.75,0.8571428571428571,0.23255630039565411,0.3029024622272728,0.0,0.0084293636,0.9944431818,1.0,1.0,0.9578221222147207,0.9793181818181818,0.04212065338278609,0.011733792392485565
R_7CymkLq1W5EbO9c,housing,attribution,7,1751,feature contribution,0.4633561541486479,0.6666666666666666,0.6666666666666666,0.24035529404301725,0.27658617425,0.0,0.0369357008,0.9997159091,0.0,0.0,0.97237468937336,0.9553409090909091,0.06594937049200594,0.2689751439859004
R_7CymkLq1W5EbO9c,housing,attribution,8,553,feature contribution,0.406171629189696,0.75,0.75,0.24272143241427208,0.23421212100000002,0.0,0.086569091,0.9974545455,0.0,0.0,0.9513686453747658,0.9577272727272728,0.04896460194556945,0.28896768762091024
R_7CymkLq1W5EbO9c,housing,attribution,9,172,feature contribution,0.3639832061331075,0.6666666666666666,0.6666666666666666,0.14939689188163388,0.2021969695,1.0,0.0879080176,0.9964545455,1.0,1.0,0.9661006841979576,0.9377272727272727,0.23806845080022274,0.06900375081892099
R_7CymkLq1W5EbO9c,housing,attribution,10,2728,feature contribution,1.0,1.0,1.0,0.16044339024614218,0.2154696968,0.0,0.0240238155,0.9985,1.0,1.0,0.9482555836840837,0.9289772727272727,0.2893086340069472,0.19293960947427502
R_7JSvmv0y2BQADx7,diabetes,none,1,56,feature contribution,0.3557014327999587,0.75,1.0,0.13146005012268108,0.13083055275000002,0.0,0.1371994665,0.9423854078,1.0,0.0,0.9518416309335381,0.932587694055578,0.011163467540954819,0.001243339061561377
R_7JSvmv0y2BQADx7,diabetes,none,2,33,feature contribution,0.33733861149417327,0.6666666666666666,0.3333333333333333,0.16512086931399134,0.14936568168,1.0,0.0505359829,0.9566907693,1.0,1.0,0.9300502907447943,0.9607211355548231,0.020396356603683163,0.007284392529575745
R_7JSvmv0y2BQADx7,diabetes,none,3,30,feature contribution,0.5336583344191774,0.8571428571428571,0.75,0.18152056358035565,0.09898159902540542,1.0,0.0831317038,0.9664026753,0.0,0.0,0.8855700803073023,0.8830899856342004,0.2430304596462042,0.17861098317480772
R_7JSvmv0y2BQADx7,diabetes,none,4,53,feature contribution,0.3082784250873906,0.6666666666666666,0.3333333333333333,0.2119816965334464,0.22764732414000002,1.0,0.0853820025,0.9045922906,0.0,0.0,0.934271822160446,0.9251997091806846,0.2341019650761763,0.06725618178716489
R_7JSvmv0y2BQADx7,diabetes,none,5,26,feature contribution,0.5027069268208368,0.75,0.75,0.16404627267483435,0.2273463901,1.0,0.1017536599,0.9138194662,0.0,1.0,0.937246668280278,0.9433529701833689,0.05767578239697074,0.005056030930135291
R_7JSvmv0y2BQADx7,diabetes,none,6,42,feature contribution,0.44009728133478215,0.6666666666666666,0.3333333333333333,0.14980884709080516,0.1410318341,1.0,0.0252484721,0.9287127418,0.0,0.0,0.9320397995597313,0.9394740689722026,0.10431529634297422,0.0296600467484128
R_7JSvmv0y2BQADx7,diabetes,none,7,7,feature contribution,0.24668454925779623,0.6666666666666666,0.6666666666666666,0.18262931001325042,0.17105893495000002,0.0,0.0969126932,0.9416995779,0.0,0.0,0.9324133726097947,0.9388372073024973,0.04701226568823541,0.03179170831563821
R_7JSvmv0y2BQADx7,diabetes,none,8,32,feature contribution,0.5112969111543795,1.0,1.0,0.15675698399112664,0.11750225022500001,1.0,0.1906781672,0.9525536041,0.0,1.0,0.9330272970134832,0.9410172193405619,0.03739835046376988,0.1455055931229533
R_7JSvmv0y2BQADx7,diabetes,none,9,35,feature contribution,0.5114858405901516,0.75,0.75,0.23151958420935523,0.2501662308739131,0.0,0.0352200761,0.9286890817,0.0,0.0,0.8794233066384944,0.8854052806755738,0.3585739700466871,0.257580930955005
R_7JSvmv0y2BQADx7,diabetes,none,10,14,feature contribution,0.25971195784721474,0.3333333333333333,0.3333333333333333,0.15173129413606992,0.14013827278000002,1.0,0.0580523242,0.9324096579,0.0,0.0,0.9371024266217487,0.9210535444612047,0.08680149310127502,0.12505322174252842
R_7JSvmv0y2BQADx7,diabetes,none,11,59,feature contribution,1.0,1.0,1.0,0.1321427419396425,0.10662154578000001,0.0,0.0177974654,0.9445663548,0.0,0.0,0.9509295563385425,0.9398586638890779,0.04189563361748816,0.023493965871525496
R_7JSvmv0y2BQADx7,diabetes,none,12,12,feature contribution,0.7216541392293309,1.0,1.0,0.19882369780771036,0.245554724275,0.0,0.2268129987,0.8614885078,0.0,1.0,0.9425028574161914,0.9116385129325034,0.06386612090801064,0.016467105639963564
R_7JSvmv0y2BQADx7,diabetes,none,13,0,feature contribution,1.0,1.0,1.0,0.16465884583938242,0.15914587044,0.0,0.0210689882,0.9003127283,0.0,1.0,0.8655477101039928,0.8501820180979123,0.011515020700680001,0.12732897547157845
R_7JSvmv0y2BQADx7,diabetes,none,14,31,feature contribution,0.3590084877896283,0.75,0.75,0.2296149815733734,0.21855270374,1.0,0.0912636829,0.9401169132,0.0,0.0,0.9533440983008927,0.942743211652722,0.17542657551006002,0.0975747623750357
R_7JSvmv0y2BQADx7,diabetes,none,15,11,feature contribution,0.6455418319465497,1.0,0.0,0.03525361642313572,0.10405405404999998,0.0,0.080097659,0.9567205057,0.0,0.0,0.9637712289554402,0.9767205056691914,0.1415398909226139,0.13735589885030536
R_7JSvmv0y2BQADx7,diabetes,none,16,58,feature contribution,0.7424314521307591,1.0,0.8571428571428571,0.11704222850218725,0.14073332635,0.0,0.2900821971,0.8769521814,0.0,1.0,0.9278896353435045,0.9111681136999972,0.029462166021400504,0.12065353605520673
R_7JSvmv0y2BQADx7,diabetes,none,17,20,feature contribution,1.0,1.0,1.0,0.1624727678738333,0.08268469376000001,1.0,0.1229343733,0.9441493271,0.0,0.0,0.9487780725485364,0.9385083258614776,0.07577781901431785,0.10176820848532397
R_7JSvmv0y2BQADx7,diabetes,none,18,51,feature contribution,0.6956554546162903,0.75,0.75,0.08854025704800042,0.10670867192,0.0,0.3579830444,0.8813647507,0.0,0.0,0.9022686461717903,0.9284522516445188,0.042170495248270407,0.04484290784087219
R_7JSvmv0y2BQADx7,diabetes,none,19,15,feature contribution,0.6315362851875864,0.5714285714285714,0.5714285714285714,0.15229423329327701,0.18598077095999999,0.0,0.6092646869,0.9160290171,0.0,0.0,0.8835993960709253,0.8900568299367083,0.2167211177417049,0.10878739302440368
R_7JSvmv0y2BQADx7,diabetes,none,20,52,feature contribution,0.4660456584365942,1.0,0.75,0.12460424888524871,0.1381071723170556,0.0,0.3767166224,0.92906399,0.0,0.0,0.9223898115753769,0.8895855944215919,0.3780700727895149,0.21012613686499854
R_7K1IOxgbgv3UNdW,diabetes,counterfactual,1,33,feature contribution,0.45306497868835927,1.0,0.8,0.10674789855626853,0.297395606,1.0,0.3780468461,0.9246582243,1.0,1.0,0.9354337934494786,0.9351277160483601,0.44095309014728273,0.14802266642767076
R_7K1IOxgbgv3UNdW,diabetes,counterfactual,2,56,feature contribution,0.45306497868835927,1.0,0.6666666666666666,0.1130666756405835,0.342304501,1.0,0.4385355307,0.9523234898,1.0,1.0,0.9139031465195314,0.9315143588490593,0.3493888748062095,0.09637788461678104
R_7K1IOxgbgv3UNdW,diabetes,counterfactual,3,26,feature contribution,1.0,1.0,1.0,0.17406168653674098,0.24916411775000002,1.0,0.1563978454,0.9429347523,0.0,0.0,0.9596920453061583,0.9433529701833689,0.031578054555418955,0.0565056771499316
R_7K1IOxgbgv3UNdW,diabetes,counterfactual,4,30,feature contribution,0.45306497868835927,0.8,0.8,0.42861524267182705,0.3701566883333334,1.0,0.1824551056,0.966766612,0.0,0.0,0.8833793312774477,0.9084953910396059,0.23769198393649382,0.13452070523865026
R_7K1IOxgbgv3UNdW,diabetes,counterfactual,5,35,feature contribution,0.45306497868835927,0.6666666666666666,0.6666666666666666,0.18121039161725389,0.3998066172173913,1.0,0.0937499819,0.9293425075,0.0,0.0,0.8250263671609468,0.8913395510176844,0.3157952161064547,0.364052662856424
R_7K1IOxgbgv3UNdW,diabetes,counterfactual,6,7,feature contribution,1.0,1.0,1.0,0.06221558352039391,0.26114991375,1.0,0.2549911842,0.9679454948,1.0,1.0,0.9251691655668809,0.9416341036893116,0.3771893258428808,0.002022288144877399
R_7K1IOxgbgv3UNdW,diabetes,counterfactual,7,53,feature contribution,1.0,1.0,1.0,0.051218871264061556,0.34181182075,1.0,0.2043376723,0.9631828179,1.0,0.0,0.9493033624630738,0.9577095861699477,0.26342572828192123,0.04833476804586059
R_7K1IOxgbgv3UNdW,diabetes,counterfactual,8,32,feature contribution,1.0,1.0,1.0,0.3792119405661136,0.32317143325,1.0,0.2777855896,0.9687452697,1.0,1.0,0.9351775840880857,0.9410172193405619,0.03330224808141374,0.1455055931229533
R_7K1IOxgbgv3UNdW,diabetes,counterfactual,9,42,feature contribution,0.45306497868835927,1.0,0.6666666666666666,0.2903449391710504,0.2560551088807432,1.0,0.3133223317,0.9104718779,1.0,0.0,0.9454493819553331,0.9450386981893932,0.013423746607031162,0.05955673609264883
R_7K1IOxgbgv3UNdW,diabetes,counterfactual,10,14,feature contribution,1.0,1.0,1.0,0.06424706597981476,0.30598304350000005,1.0,0.35655472,0.8750372462,1.0,0.0,0.8390943656763767,0.9139405584394242,0.45425503476383633,0.07317786272760335
R_7K1IOxgbgv3UNdW,diabetes,counterfactual,11,52,feature contribution,0.4890568256905696,0.5,1.0,0.16081092233586536,0.15446255175,0.0,0.0168018867,0.9446152583,0.0,0.0,0.916734443785095,0.9160461003768946,0.36373655386013204,0.2298258368900814
R_7K1IOxgbgv3UNdW,diabetes,counterfactual,12,12,feature contribution,1.0,1.0,1.0,0.2745451723475686,0.3588283345,0.0,0.4329406064,0.8796724217,0.0,1.0,0.9448671065890983,0.9116385129325034,0.05155632439867042,0.016467105639963564
R_7K1IOxgbgv3UNdW,diabetes,counterfactual,13,15,feature contribution,0.4890568256905696,0.5,0.5,0.4530053278696755,0.50605723,0.0,0.4463135465,0.8703564079,0.0,0.0,0.8850654801874429,0.8700568299367083,0.24314823961178275,0.14442248410869107
R_7K1IOxgbgv3UNdW,diabetes,counterfactual,14,0,feature contribution,0.45306497868835927,0.6666666666666666,1.0,0.44110176217705843,0.5971190576666666,0.0,0.2247319264,0.9553591029,1.0,1.0,0.8665604257410047,0.8671749638964674,0.008865027118541202,0.09046106602945947
R_7K1IOxgbgv3UNdW,diabetes,counterfactual,15,58,feature contribution,1.0,1.0,1.0,0.3018953198274743,0.38791489,0.0,0.4628249385,0.846832858,0.0,1.0,0.9308111393881977,0.9304349839127684,0.013313603433858234,0.12113236189954613
R_7K1IOxgbgv3UNdW,diabetes,counterfactual,16,11,feature contribution,1.0,1.0,1.0,0.5023099874002215,0.46374352775,0.0,0.2731565779,0.9529722927,0.0,0.0,0.9518284389919482,0.9474551409611895,0.18805511440803424,0.2518419259412082
R_7K1IOxgbgv3UNdW,diabetes,counterfactual,17,20,feature contribution,1.0,1.0,1.0,0.41411176944349565,0.45145970625,0.0,0.2269999297,0.9472621006,0.0,0.0,0.952256231511204,0.9399878666002617,0.06984651436421063,0.10036137501452125
R_7K1IOxgbgv3UNdW,diabetes,counterfactual,18,59,feature contribution,1.0,1.0,1.0,0.32102121049218546,0.298704328,0.0,0.189904886,0.939211664,1.0,0.0,0.9389141586203782,0.929448401217185,0.019048296170550927,0.06114850587125281
R_7K1IOxgbgv3UNdW,diabetes,counterfactual,19,31,feature contribution,0.45306497868835927,0.6666666666666666,0.6666666666666666,0.4887800502080384,0.29689211825000006,0.0,0.255937806,0.9679804315,0.0,0.0,0.9355975184794432,0.9621804388002316,0.0970246808439238,0.07207513171773061
R_7K1IOxgbgv3UNdW,diabetes,counterfactual,20,51,feature contribution,0.45306497868835927,1.0,0.6666666666666666,0.35327656721155726,0.3292642165,0.0,0.2680829112,0.9203966508,0.0,1.0,0.9018638912667036,0.9209397871853792,0.042207790152832436,0.06703623971019146
R_7Kx6vyCCC3HUpXY,diabetes,attribution,1,53,weighted examples,0.3815567581474561,0.5,0.5,0.09251865125984327,0.17301257833333336,1.0,0.0528201881,0.9416040301,0.0,0.0,0.9221807876223275,0.9500462882253672,0.1538500788865864,0.17540301318236856
R_7Kx6vyCCC3HUpXY,diabetes,attribution,2,35,weighted examples,0.6572544779067236,0.6666666666666666,0.6666666666666666,0.1085108374151579,0.09951310171739132,0.0,0.3959312396,0.9225004554,0.0,0.0,0.9100632105167424,0.8534075476459508,0.177657888348984,0.3806260723146398
R_7Kx6vyCCC3HUpXY,diabetes,attribution,3,7,weighted examples,0.43821421032963565,0.5,0.0,0.1891949628410172,0.19004898800000003,1.0,0.0252205249,0.9319141911,1.0,1.0,0.9223928453910305,0.9207123019852853,0.1308400482630907,0.014378666706635096
R_7Kx6vyCCC3HUpXY,diabetes,attribution,4,33,weighted examples,0.38686375422568947,0.5,0.0,0.09398659904460621,0.14862970633333336,1.0,0.1962668102,0.9260607901,1.0,1.0,0.959692889554771,0.9551277160483601,0.10598967012085439,0.04802266642767078
R_7Kx6vyCCC3HUpXY,diabetes,attribution,5,32,weighted examples,0.545690406790226,1.0,0.6666666666666666,0.11189358597745937,0.08570394399999999,1.0,0.1604704128,0.9353794735,0.0,1.0,0.9344495597221343,0.9270093975415481,0.011277888576929407,0.14954810975119825
R_7Kx6vyCCC3HUpXY,diabetes,attribution,6,56,weighted examples,0.4439372982015872,0.5,0.0,0.11306101142671439,0.17875826125,0.0,0.0275950913,0.9591245232,1.0,1.0,0.9613209501757504,0.9340038248527528,0.07944474171548108,0.04013072782078181
R_7Kx6vyCCC3HUpXY,diabetes,attribution,7,42,weighted examples,0.5889149573216569,1.0,0.0,0.06521739095652174,0.15303286226148635,1.0,0.0576231339,0.9525381159,1.0,0.0,0.9394946375942747,0.9151338641495432,0.01897073515245387,0.1500186765730137
R_7Kx6vyCCC3HUpXY,diabetes,attribution,8,14,weighted examples,0.37309986305484094,0.5,0.5,0.11508198871497112,0.08187894666666667,0.0,0.0513617746,0.9325629204,0.0,0.0,0.9217847556901874,0.912419748057902,0.0031767090514485674,0.145676701815791
R_7Kx6vyCCC3HUpXY,diabetes,attribution,9,30,weighted examples,0.6121937458705226,0.6666666666666666,1.0,0.1392991008896288,0.06114649066666669,0.0,0.0292739549,0.9251832853,0.0,0.0,0.924632753942728,0.8884953910396058,0.04665212397061713,0.21444816824536891
R_7Kx6vyCCC3HUpXY,diabetes,attribution,10,26,weighted examples,0.42464370390096307,1.0,0.0,0.04937048569569647,0.1173160805,0.0,0.044629829,0.9447786542,0.0,0.0,0.9645268484603041,0.9433529701833689,0.012215958642953106,0.08795503050399606
R_7Kx6vyCCC3HUpXY,diabetes,attribution,11,11,weighted examples,0.7352253188919349,1.0,0.6666666666666666,0.3145901615857098,0.29234408349999996,0.0,0.4430396003,0.9798734036,0.0,0.0,0.944119706711317,0.9674551409611896,0.1954409606733822,0.23554747861312147
R_7Kx6vyCCC3HUpXY,diabetes,attribution,12,52,weighted examples,0.5002431890438656,0.5,0.0,0.3529865880166317,0.29013380025,0.0,0.3744307225,0.9515443784,0.0,0.0,0.9330513445631914,0.9160461003768946,0.27848473882365576,0.2298258368900814
R_7Kx6vyCCC3HUpXY,diabetes,attribution,13,15,weighted examples,0.631003767166481,0.5,0.0,0.3575263022440907,0.31486900949999996,0.0,0.5467382125,0.8802128347,0.0,0.0,0.9245737096270585,0.8852720843098796,0.19594535757063203,0.10937421572937064
R_7Kx6vyCCC3HUpXY,diabetes,attribution,14,58,weighted examples,0.5717516539535561,0.5,0.5,0.2005549261194952,0.18431361999999998,0.0,0.1754516369,0.8893444059,1.0,1.0,0.9392445600591177,0.9481632689907193,0.02464851993502215,0.00852828161070368
R_7Kx6vyCCC3HUpXY,diabetes,attribution,15,31,weighted examples,0.5002936798613968,0.5,0.5,0.24009820107826563,0.219972635,0.0,0.3075277031,0.9572837937,0.0,0.0,0.9556379474872166,0.9716190608244436,0.11693051817944843,0.2190897436609574
R_7Kx6vyCCC3HUpXY,diabetes,attribution,16,51,weighted examples,0.36369794835497254,0.5,0.0,0.2350868629441497,0.15033961650000002,0.0,0.2395647085,0.9160068087,0.0,1.0,0.9313918832034405,0.9145594345299469,0.034617298608980634,0.07013995980782317
R_7Kx6vyCCC3HUpXY,diabetes,attribution,17,0,weighted examples,0.6271919745469112,0.5,0.5,0.15921534831295905,0.210226506,1.0,0.0294451677,0.9221732912,1.0,1.0,0.9331857778463346,0.8492429605247338,0.03128346372409835,0.06705042215472584
R_7Kx6vyCCC3HUpXY,diabetes,attribution,18,20,weighted examples,0.4371715982138459,0.6666666666666666,0.6666666666666666,0.15286335058123252,0.19368258649999998,0.0,0.14589992,0.9414963009,0.0,0.0,0.9554431579060174,0.9565822237699002,0.0632307762403187,0.07853955921289846
R_7Kx6vyCCC3HUpXY,diabetes,attribution,19,59,weighted examples,0.41444396371557596,0.5,0.5,0.19459155892133792,0.167470286,0.0,0.0594634978,0.9472442909,0.0,0.0,0.9480178223967851,0.927842137695044,0.02252313925824395,0.16776492471344281
R_7Kx6vyCCC3HUpXY,diabetes,attribution,20,12,weighted examples,0.505662578387007,0.0,0.0,0.2201947338414385,0.1904889015,0.0,0.0281039757,0.9277159684,0.0,0.0,0.9148069100132505,0.9266892429498259,0.02908192280401245,0.03258827641823375
R_7NDOTmN9jbLS3Fq,diabetes,attribution,1,56,feature contribution,0.41315396317680125,0.6666666666666666,0.6666666666666666,0.13671361407345195,0.16690629525000003,1.0,0.092661303,0.9590790668,1.0,0.0,0.9343861805155042,0.9421016051281109,0.36586942430106617,0.06126444322597602
R_7NDOTmN9jbLS3Fq,diabetes,attribution,2,26,feature contribution,0.41315396317680125,1.0,0.6666666666666666,0.12094553840290788,0.20417841475,1.0,0.1819138768,0.9237844444,1.0,0.0,0.9629555774392381,0.9394314986004275,0.07281667662344404,0.027679400093651163
R_7NDOTmN9jbLS3Fq,diabetes,attribution,3,30,feature contribution,0.41315396317680125,0.8,0.8,0.24796125181215134,0.19130044999999998,0.0,0.0016069448,0.9232668031,0.0,0.0,0.8858839527384537,0.886485760882856,0.25711806943922494,0.2556833077158984
R_7NDOTmN9jbLS3Fq,diabetes,attribution,4,33,feature contribution,0.42880681752531025,1.0,0.0,0.08367252399059776,0.24720926366666665,1.0,0.3406169644,0.9378257855,1.0,1.0,0.937790669394892,0.9551277160483601,0.33355543693746026,0.04802266642767078
R_7NDOTmN9jbLS3Fq,diabetes,attribution,5,42,feature contribution,0.42880681752531025,0.5,0.5,0.13749995483164076,0.135108543,0.0,0.009277587,0.9448726961,1.0,1.0,0.9402584768504876,0.9427838127320808,0.019741512568337116,0.0037673874461137957
R_7NDOTmN9jbLS3Fq,diabetes,attribution,6,32,feature contribution,0.41315396317680125,1.0,0.6666666666666666,0.17373343098505348,0.22523837375000005,1.0,0.0286292909,0.9083034005,1.0,1.0,0.9409674104474232,0.9210172193405619,0.030062024436680268,0.10093298665366417
R_7NDOTmN9jbLS3Fq,diabetes,attribution,7,7,feature contribution,0.42880681752531025,1.0,0.0,0.2620018966636103,0.18113434574999998,0.0,0.0318249469,0.8936366913,1.0,0.0,0.8296453187096702,0.9432507749378842,0.005369412296343579,0.026576644318439868
R_7NDOTmN9jbLS3Fq,diabetes,attribution,8,35,feature contribution,0.42880681752531025,0.5,0.5,0.259070066796977,0.3869394336231884,0.0,0.0040820637,0.9266745194,0.0,0.0,0.807867322394086,0.8734075476459509,0.5262637675380564,0.4918601135598837
R_7NDOTmN9jbLS3Fq,diabetes,attribution,9,14,feature contribution,1.0,1.0,1.0,0.21607293371111064,0.0952511045,1.0,0.1475748201,0.9090946705,1.0,0.0,0.870764450496631,0.9139405584394242,0.3720674254591122,0.07317786272760335
R_7NDOTmN9jbLS3Fq,diabetes,attribution,10,53,feature contribution,0.41315396317680125,1.0,0.6666666666666666,0.1391399504305371,0.261137954,1.0,0.1787729265,0.9151589357,1.0,0.0,0.8966959201372805,0.9700462882253672,0.23118918393846702,0.1476157492200191
R_7NDOTmN9jbLS3Fq,diabetes,attribution,11,31,feature contribution,0.7489942401335243,1.0,1.0,0.13215057047826606,0.7331916341,1.0,0.0484758768,0.8998621766,1.0,0.0,0.9108406665369809,0.9621804388002316,0.05781372711515559,0.09774009660643773
R_7NDOTmN9jbLS3Fq,diabetes,attribution,12,58,feature contribution,0.7489942401335243,1.0,0.0,0.7365495540534012,0.43258799524999997,1.0,0.4017419365,0.9192018084,0.0,0.0,0.9262262463438782,0.9051499692733952,0.02544895610503317,0.015798628337693243
R_7NDOTmN9jbLS3Fq,diabetes,attribution,13,11,feature contribution,0.7489942401335243,1.0,0.0,0.47152768119767696,0.38582724025,1.0,0.3932851301,0.9194355844,0.0,0.0,0.9575045319675434,0.9367205056691914,0.03722909954830533,0.2008857446291391
R_7NDOTmN9jbLS3Fq,diabetes,attribution,14,20,feature contribution,0.42880681752531025,0.5,0.5,0.22292336351869704,0.22588717773333333,1.0,0.3767766959,0.9327048993,0.0,0.0,0.9545550370393723,0.9611180798325837,0.06710831579739229,0.028412333478231244
R_7NDOTmN9jbLS3Fq,diabetes,attribution,15,59,feature contribution,0.7489942401335243,1.0,1.0,0.33897659687078974,0.4951368815,0.0,0.0175765918,0.9205482772,1.0,0.0,0.9590980868062835,0.9453675027037052,0.03644445162373608,0.012557741751689111
R_7NDOTmN9jbLS3Fq,diabetes,attribution,16,12,feature contribution,0.7489942401335243,1.0,1.0,0.7611125206021957,0.6906818568,1.0,0.1413144376,0.9250552694,0.0,0.0,0.940775375710265,0.9266892429498259,0.05299175099975356,0.03258827641823375
R_7NDOTmN9jbLS3Fq,diabetes,attribution,17,51,feature contribution,0.7489942401335243,1.0,0.0,0.7447372095363327,0.43683897295,1.0,0.4751962786,0.8786426288,0.0,0.0,0.9067444530830749,0.8879446539675289,0.04210634383545525,0.03983479761999173
R_7NDOTmN9jbLS3Fq,diabetes,attribution,18,0,feature contribution,0.7489942401335243,1.0,0.0,0.09791242248474401,0.10101173270000002,0.0,0.0529687614,0.8399675259,0.0,1.0,0.8595500103760636,0.8692429605247338,0.023822678810821563,0.07652893562043278
R_7NDOTmN9jbLS3Fq,diabetes,attribution,19,52,feature contribution,0.42880681752531025,0.5,1.0,0.47640238561477516,0.6511594758500001,1.0,0.1723650044,0.8772890594,0.0,0.0,0.9074105521124409,0.9160461003768946,0.2933016395060438,0.2298258368900814
R_7NDOTmN9jbLS3Fq,diabetes,attribution,20,15,feature contribution,0.7489942401335243,1.0,0.0,0.9538499318544033,0.5454089440500001,1.0,0.5103302656,0.875105078,0.0,0.0,0.8885412839067676,0.8611476926576482,0.24173353740263356,0.24442248410869108
R_7PPDn8J2Th04jwl,diabetes,counterfactual,1,33,feature contribution,0.7204850845606131,1.0,0.0,0.21713994188029237,0.160525421,1.0,0.1500323134,0.9329290255,1.0,1.0,0.9473143341667382,0.9551277160483601,0.3269604531409783,0.04802266642767078
R_7PPDn8J2Th04jwl,diabetes,counterfactual,2,30,feature contribution,0.4890568256905696,0.5,1.0,0.17824640578910556,0.168554983,1.0,0.0428221885,0.9287925774,0.0,0.0,0.8833793312774477,0.886485760882856,0.23769198393649382,0.2556833077158984
R_7PPDn8J2Th04jwl,diabetes,counterfactual,3,53,feature contribution,0.45306497868835927,1.0,0.6666666666666666,0.27912434373823386,0.19340459149999997,1.0,0.0860379763,0.9315525292,1.0,0.0,0.9127741786077641,0.9573048930905395,0.1099317087054199,0.03724359929544016
R_7PPDn8J2Th04jwl,diabetes,counterfactual,4,42,feature contribution,0.4890568256905696,0.5,1.0,0.11639329520952628,0.119221073,1.0,0.1343528349,0.9519922415,1.0,0.0,0.9463092225468008,0.9388236297515031,0.010004020171851952,0.0006702468942351159
R_7PPDn8J2Th04jwl,diabetes,counterfactual,5,35,feature contribution,0.7204850845606131,1.0,0.0,0.25964971931525227,0.39858017349999997,0.0,0.3580405428,0.8660749883,0.0,0.0,0.8141450444092219,0.8941009328494868,0.5040678347109255,0.4742642975336425
R_7PPDn8J2Th04jwl,diabetes,counterfactual,6,26,feature contribution,0.7204850845606131,1.0,0.0,0.04067100625139963,0.3348155075,0.0,0.0367234176,0.9608158892,0.0,0.0,0.9689500905182746,0.9394314986004275,0.022784547149361734,0.035955590559678174
R_7PPDn8J2Th04jwl,diabetes,counterfactual,7,7,feature contribution,0.4890568256905696,0.5,0.0,0.3905089590164768,0.16852724875000002,0.0,0.031907415,0.9444205789,1.0,1.0,0.8427212167228051,0.9207123019852853,0.2622857892338056,0.014378666706635096
R_7PPDn8J2Th04jwl,diabetes,counterfactual,8,14,feature contribution,0.4890568256905696,0.5,0.5,0.25845371732136235,0.2214129503333333,1.0,0.2395836753,0.9165405372,1.0,0.0,0.8507645154778879,0.9027192410473945,0.40652920126578357,0.06121533202134516
R_7PPDn8J2Th04jwl,diabetes,counterfactual,9,32,feature contribution,0.4890568256905696,0.5,0.5,0.22302410819566107,0.24465254033333336,1.0,0.0438114583,0.9726838546,1.0,1.0,0.9206995685667277,0.9427947305002444,0.026575222478825364,0.04863702462660645
R_7PPDn8J2Th04jwl,diabetes,counterfactual,10,56,feature contribution,0.45306497868835927,1.0,1.0,0.13089614702443184,0.20760115433333337,1.0,0.118450956,0.9529582393,1.0,1.0,0.9139031465195314,0.9506490585524721,0.3493888748062095,0.00016148403611437878
R_7PPDn8J2Th04jwl,diabetes,counterfactual,11,11,feature contribution,0.7204850845606131,1.0,1.0,0.004134847498514782,0.3421016834,1.0,0.2122608862,0.9415406686,1.0,0.0,0.9407136990786256,0.9767205056691914,0.24135543516267505,0.13735589885030536
R_7PPDn8J2Th04jwl,diabetes,counterfactual,12,59,feature contribution,0.4890568256905696,1.0,0.5,0.3015973053599799,0.34379628849999994,1.0,0.1286801206,0.8987136438,1.0,0.0,0.9353853332018501,0.9626978841495935,0.12928576377088583,0.01721669016791938
R_7PPDn8J2Th04jwl,diabetes,counterfactual,13,15,feature contribution,0.7204850845606131,1.0,1.0,0.9606012724710001,0.8908178881000001,1.0,0.5103302656,0.875105078,0.0,0.0,0.8871910157834483,0.9011476926576483,0.24848487801963356,0.20937421572937065
R_7PPDn8J2Th04jwl,diabetes,counterfactual,14,20,feature contribution,0.4890568256905696,0.5,0.5,0.373129697952529,0.3826140605333333,1.0,0.2093954908,0.9176006908,0.0,0.0,0.9708916062214176,0.9399878666002617,0.013879971450578288,0.14370581079774541
R_7PPDn8J2Th04jwl,diabetes,counterfactual,15,52,feature contribution,0.7204850845606131,1.0,0.0,0.8216590574632774,0.4750977725,1.0,0.0900005987,0.9163423715,0.0,0.0,0.9163256135762313,0.9020329110835759,0.442933369333311,0.30659917158126265
R_7PPDn8J2Th04jwl,diabetes,counterfactual,16,51,feature contribution,0.4890568256905696,1.0,1.0,0.560684062346311,0.48001121235,1.0,0.3740442807,0.890395334,0.0,0.0,0.9026875983921623,0.9131620452718767,0.043073722579640844,0.030161046551604398
R_7PPDn8J2Th04jwl,diabetes,counterfactual,17,0,feature contribution,0.4890568256905696,1.0,0.5,0.12302340848912244,0.16029891480000003,1.0,0.0323134522,0.8060119551,1.0,1.0,0.8552213184875471,0.8871749638964674,0.020083640673491665,0.104318459968607
R_7PPDn8J2Th04jwl,diabetes,counterfactual,18,31,feature contribution,0.4890568256905696,1.0,0.5,0.12065617330575823,0.4050134893333333,1.0,0.2391037988,0.8629575846,1.0,0.0,0.8953587978175919,0.9716190608244436,0.1365724222767094,0.2190897436609574
R_7PPDn8J2Th04jwl,diabetes,counterfactual,19,12,feature contribution,0.4890568256905696,1.0,0.5,0.638515287751522,0.4376731973666667,0.0,0.0114091209,0.8219926113,0.0,1.0,0.9394914396304347,0.9048369485727007,0.05679933477655935,0.02939815502386328
R_7PPDn8J2Th04jwl,diabetes,counterfactual,20,58,feature contribution,0.4890568256905696,1.0,0.5,0.640027804974491,0.43871605789999996,1.0,0.0511492209,0.9109779955,0.0,1.0,0.9298106539280732,0.9364271621137545,0.027216624072840534,0.06704512804578555
R_7PppHnKsPWMhHua,diabetes,counterfactual,1,7,feature contribution,0.4265109708252021,0.75,0.75,0.2082439976597267,0.1780401088,1.0,0.2162695275,0.9528070536,1.0,0.0,0.9631865898368595,0.959655005255158,0.06217375337086084,0.005179821025456971
R_7PppHnKsPWMhHua,diabetes,counterfactual,2,56,feature contribution,0.4253281433732531,0.5,0.0,0.24817119793899797,0.243866957,1.0,0.1085427293,0.9412692571,1.0,1.0,0.9435521595316045,0.9340038248527528,0.07377694738657212,0.0009097701477563391
R_7PppHnKsPWMhHua,diabetes,counterfactual,3,30,feature contribution,0.4473960416948473,1.0,0.8,0.18368419747944234,0.13279849466666663,0.0,0.0185958241,0.9130274879,0.0,0.0,0.8816739444230342,0.886485760882856,0.2739441163913846,0.2556833077158984
R_7PppHnKsPWMhHua,diabetes,counterfactual,4,14,feature contribution,0.32999631017305964,0.75,0.75,0.11571102192800505,0.24425655279999997,1.0,0.1092952039,0.9409273056,1.0,0.0,0.9202028842342691,0.9219590513414403,0.22967599996390042,0.12437440471058434
R_7PppHnKsPWMhHua,diabetes,counterfactual,5,35,feature contribution,0.3435891083650825,1.0,0.5,0.2427021228971854,0.3460453526231884,0.0,0.0837699577,0.9228473209,0.0,0.0,0.8461351244750417,0.8734075476459509,0.3105234902979708,0.4918601135598837
R_7PppHnKsPWMhHua,diabetes,counterfactual,6,26,feature contribution,0.2574205074560962,1.0,0.0,0.13967450318120866,0.29542650225000006,1.0,0.0224419651,0.9320276644,1.0,0.0,0.9405500163093137,0.9433529701833689,0.05234851157691725,0.08795503050399606
R_7PppHnKsPWMhHua,diabetes,counterfactual,7,32,feature contribution,0.4516138340880216,1.0,0.5,0.14434458092062818,0.1956784576666667,1.0,0.0635782167,0.943299405,1.0,1.0,0.9095525160290849,0.9328672416905145,0.09744990145389076,0.06404615179089405
R_7PppHnKsPWMhHua,diabetes,counterfactual,8,42,feature contribution,0.3046205595170594,1.0,0.5,0.18892078874406174,0.19750921817432424,1.0,0.2027019058,0.9496594033,1.0,0.0,0.9630544876446632,0.9299164728451954,0.002984794296818083,0.05001867657301373
R_7PppHnKsPWMhHua,diabetes,counterfactual,9,33,feature contribution,0.4081401914113758,1.0,0.6666666666666666,0.15535521183759857,0.1695280875,1.0,0.0923135224,0.9311328982,1.0,1.0,0.9492632492595602,0.9607211355548231,0.12948511437642257,0.007284392529575745
R_7PppHnKsPWMhHua,diabetes,counterfactual,10,53,feature contribution,0.19980937023320994,0.3333333333333333,0.6666666666666666,0.1961540311748174,0.29981453025000004,1.0,0.0013341801,0.9446228823,1.0,0.0,0.9050049936655892,0.9408073264816142,0.15834931863837987,0.11013555431882746
R_7PppHnKsPWMhHua,diabetes,counterfactual,11,51,feature contribution,0.37686432101987943,1.0,0.6666666666666666,0.43816945687327746,0.3230479124000001,1.0,0.1181747424,0.8969487535,0.0,1.0,0.9055005057897565,0.9205310134241849,0.019288124652665273,0.013064703544487605
R_7PppHnKsPWMhHua,diabetes,counterfactual,12,12,feature contribution,1.0,1.0,1.0,0.43458442935880104,0.35736687406000006,1.0,0.2387896976,0.8606544894,0.0,1.0,0.9345127849290173,0.89199076643837,0.03723811196624366,0.021609886881906515
R_7PppHnKsPWMhHua,diabetes,counterfactual,13,0,feature contribution,0.28371961219097763,0.6666666666666666,0.6666666666666666,0.3203145127389556,0.3073065973,1.0,0.1448467413,0.9216975069,0.0,1.0,0.8646224986701816,0.8508645821463554,0.015330080046946137,0.09504234246278292
R_7PppHnKsPWMhHua,diabetes,counterfactual,14,20,feature contribution,0.40843714121543645,0.75,0.75,0.24737934864873817,0.21537577415999998,1.0,0.1393773077,0.9451623455,0.0,0.0,0.943162607321722,0.9408589812803412,0.08529927871129622,0.05424929848112792
R_7PppHnKsPWMhHua,diabetes,counterfactual,15,58,feature contribution,0.28617635684330134,1.0,0.4,0.3510020294236798,0.28164693235,0.0,0.0254042802,0.9566235843,1.0,1.0,0.9288717754174977,0.8964271621137545,2.2573780925128073e-05,0.08420137313545367
R_7PppHnKsPWMhHua,diabetes,counterfactual,16,11,feature contribution,0.35119876292414426,0.6666666666666666,0.6666666666666666,0.35943129213283076,0.38252398705,1.0,0.1333289033,0.8917967667,0.0,0.0,0.9781089997378785,0.958342127290813,0.09693492629710276,0.19844778879757094
R_7PppHnKsPWMhHua,diabetes,counterfactual,17,52,feature contribution,0.29836455607877177,1.0,0.5,0.38641473323260833,0.43367212602842603,1.0,0.0996694939,0.8895875136,1.0,0.0,0.9211334279148338,0.8895855944215919,0.0030939958078778362,0.2768094981325648
R_7PppHnKsPWMhHua,diabetes,counterfactual,18,31,feature contribution,0.2748257820650912,0.6666666666666666,0.6666666666666666,0.30209325019649735,0.33774312019999997,1.0,0.1793159831,0.9141890243,1.0,0.0,0.9397042250395021,0.9379174890087982,0.0839865501743648,0.032989490527898346
R_7PppHnKsPWMhHua,diabetes,counterfactual,19,59,feature contribution,0.6290366188420747,1.0,1.0,0.3714577894504989,0.28366117755,1.0,0.2373710962,0.9442797996,0.0,0.0,0.9447666263777859,0.9368276928829822,0.05327074360145079,0.0770546214487097
R_7PppHnKsPWMhHua,diabetes,counterfactual,20,15,feature contribution,0.3301565921295255,1.0,0.0,0.514211126337559,0.4355787360333334,1.0,0.3012798831,0.8858556515,0.0,0.0,0.8956558839407678,0.871958503468459,0.13709257537359146,0.24739796518153592
R_7e3EuifgObjNXJm,diabetes,none,1,53,feature contribution,0.37663949439786537,1.0,0.0,0.07976802798537602,0.1559038895,0.0,0.1465996501,0.9208693594,0.0,0.0,0.9420085334203772,0.9608073264816143,0.040910283434680506,0.13724359929544017
R_7e3EuifgObjNXJm,diabetes,none,2,35,feature contribution,0.5457216571801361,1.0,0.6666666666666666,0.10391831987150013,0.1503155937173913,0.0,0.0984296872,0.9341047544,0.0,0.0,0.9023308758164806,0.8913395510176844,0.25525375015337093,0.364052662856424
R_7e3EuifgObjNXJm,diabetes,none,3,30,feature contribution,0.6335222840826628,1.0,1.0,0.2025898735495956,0.10621958300000003,0.0,0.135610991,0.9277296774,0.0,0.0,0.8872117027729369,0.906485760882856,0.2423230394644077,0.23452070523865032
R_7e3EuifgObjNXJm,diabetes,none,4,56,feature contribution,0.41682514692907335,0.5,0.5,0.10636339781003638,0.13320147233333332,1.0,0.0462293612,0.9569981698,1.0,1.0,0.933777503900748,0.9340038248527528,0.13083523627861793,0.04013072782078181
R_7e3EuifgObjNXJm,diabetes,none,5,32,feature contribution,0.629215517321037,1.0,0.5,0.1595231597849203,0.12482882900000003,1.0,0.0927791019,0.9490453314,0.0,1.0,0.9361701141107416,0.9328672416905145,0.046181566426508336,0.06404615179089405
R_7e3EuifgObjNXJm,diabetes,none,6,26,feature contribution,0.6970843394024119,1.0,0.0,0.0362288830837999,0.15627444299999999,0.0,0.0297412006,0.933435567,0.0,0.0,0.9317784485358067,0.9394314986004275,0.10315391054741566,0.035955590559678174
R_7e3EuifgObjNXJm,diabetes,none,7,7,feature contribution,0.6378019122122902,0.0,0.0,0.23268562447826083,0.10877258100000001,1.0,0.0167071967,0.9267598074,1.0,0.0,0.9017726929857823,0.9275142486981451,0.11415075850347295,0.0856213350097223
R_7e3EuifgObjNXJm,diabetes,none,8,14,feature contribution,0.40972288552868247,1.0,0.5,0.1316023081177146,0.06707507266666667,0.0,0.0214878672,0.9307078708,1.0,0.0,0.9246438339416335,0.9260939199396795,0.11269613407923995,0.09267897713271789
R_7e3EuifgObjNXJm,diabetes,none,9,42,feature contribution,0.524614455666145,0.0,0.0,0.0880169761120688,0.0809329374,1.0,0.0263123282,0.9338055004,0.0,0.0,0.9415182281431774,0.9446914602765505,0.007722479687579428,0.04668783439529749
R_7e3EuifgObjNXJm,diabetes,none,10,33,feature contribution,0.6052020807453349,0.0,0.0,0.24346911546086958,0.1608512744,0.0,0.066471645,0.947162488,1.0,1.0,0.9193400592400618,0.9351277160483601,0.20288424225370427,0.009333389266139858
R_7e3EuifgObjNXJm,diabetes,none,11,0,feature contribution,0.3874507493861539,0.5,1.0,0.07738648362413166,0.03271126749999998,1.0,0.112204026,0.8750177418,0.0,1.0,0.8622751783205007,0.8701820180979123,0.008141721170000893,0.08636895084160079
R_7e3EuifgObjNXJm,diabetes,none,12,15,feature contribution,0.4242974853557095,1.0,0.0,0.3925230910034696,0.3002824194666666,1.0,0.1944591191,0.9471265943,0.0,0.0,0.8843079079362604,0.8611476926576482,0.26290041725563357,0.24442248410869108
R_7e3EuifgObjNXJm,diabetes,none,13,52,feature contribution,0.5171215570444616,1.0,0.5,0.22285527134961802,0.21330843786175935,0.0,0.2422491657,0.8958885565,0.0,0.0,0.9190041275388323,0.8895855944215919,0.45632593914531105,0.2768094981325648
R_7e3EuifgObjNXJm,diabetes,none,14,59,feature contribution,0.3601718864868742,0.5,0.0,0.1497362510986656,0.15790279235,0.0,0.0851196558,0.9579405569,0.0,0.0,0.9451224593209544,0.9626978841495935,0.04780246273402372,0.01721669016791938
R_7e3EuifgObjNXJm,diabetes,none,15,58,feature contribution,0.6076788217239203,0.5,0.5,0.20832144288604174,0.2761774871666666,0.0,0.1348563885,0.9220323458,0.0,1.0,0.9275561401901297,0.9364271621137545,0.034096506234327806,0.06704512804578555
R_7e3EuifgObjNXJm,diabetes,none,16,12,feature contribution,0.5381482207363246,1.0,0.0,0.4510492002673062,0.27955279715,1.0,0.0662029608,0.9166118001,0.0,0.0,0.9414989573965619,0.9198876785900232,0.06132546723903376,0.0706018471315693
R_7e3EuifgObjNXJm,diabetes,none,17,51,feature contribution,0.41657986200109415,0.0,0.0,0.07508831957637352,0.121145756,0.0,0.2849860049,0.8954303422,0.0,0.0,0.9025333312408909,0.8879446539675289,0.04777251410646077,0.03983479761999173
R_7e3EuifgObjNXJm,diabetes,none,18,31,feature contribution,0.7351982940959798,1.0,0.0,0.00215100837444987,0.2030351981,1.0,0.0795221064,0.9331744462,1.0,0.0,0.9336046478250325,0.9544286987695102,0.08115963289454992,0.15771109371462982
R_7e3EuifgObjNXJm,diabetes,none,19,11,feature contribution,0.4634465792755301,1.0,1.0,0.18558731719950494,0.23157626250000002,1.0,0.1292703087,0.9401633807,0.0,0.0,0.9683321027679089,0.9767205056691914,0.09136695355030539,0.13735589885030536
R_7e3EuifgObjNXJm,diabetes,none,20,20,feature contribution,0.7604243111213304,0.0,0.0,0.10395492078158192,0.11083477684999998,0.0,0.1107883969,0.9284428378,0.0,1.0,0.9700248060832233,0.9565822237699002,0.10512314569529313,0.01815119974213386
R_7iwBjEgQvGNOP4l,diabetes,none,1,26,weighted examples,0.307558945706794,1.0,1.0,0.11149390439139292,0.15651138900000003,1.0,0.0833339107,0.9901295632,1.0,0.0,0.9736936995712399,0.9406391560588501,0.09969190517846677,0.01440239333769322
R_7iwBjEgQvGNOP4l,diabetes,none,2,35,weighted examples,0.3534401566894532,0.6666666666666666,0.6666666666666666,0.17306629783031582,0.21916742900000002,0.0,0.2933667146,0.9374488575,1.0,0.0,0.9683854933512013,0.8821031998198638,0.09216034152453628,0.3229008683817408
R_7iwBjEgQvGNOP4l,diabetes,none,3,14,weighted examples,0.29872542799132334,0.3333333333333333,0.6666666666666666,0.23659240849039778,0.1384347455,1.0,0.0722220965,0.926210655,1.0,0.0,0.975597737101934,0.9167270628464083,0.08021307127655036,0.016642418272037218
R_7iwBjEgQvGNOP4l,diabetes,none,4,32,weighted examples,0.5072930576843421,1.0,1.0,0.14381974953043938,0.2558899055,1.0,0.0556694347,0.9648475104,1.0,1.0,0.9659045396526987,0.942019943603606,0.09944129651046747,0.019677559921170998
R_7iwBjEgQvGNOP4l,diabetes,none,5,7,weighted examples,0.4923259636595069,0.5,0.5,0.2681342556341559,0.16296386799999998,0.0,0.1020494116,0.9472544517,0.0,0.0,0.9335175674889552,0.919655005255158,0.0645606099775134,0.019681899288441884
R_7iwBjEgQvGNOP4l,diabetes,none,6,30,weighted examples,0.4298465015952627,0.75,0.8571428571428571,0.19144479039879342,0.1080599964,1.0,0.0419904706,0.9454348256,0.0,0.0,0.9834635507047856,0.8884953910396058,0.013760676043311618,0.21444816824536891
R_7iwBjEgQvGNOP4l,diabetes,none,7,53,weighted examples,0.37483697638217417,0.5,0.0,0.18726459778044421,0.22114567750000003,0.0,0.0433809892,0.951603374,1.0,0.0,0.9578526506605474,0.9289165377552934,0.13432756239801902,0.1672561817871649
R_7iwBjEgQvGNOP4l,diabetes,none,8,33,weighted examples,0.28797501331088426,0.3333333333333333,0.4,0.16212452501209382,0.12177602542500002,1.0,0.0550542901,0.9531453991,1.0,1.0,0.954960838615811,0.9351277160483601,0.15045307797223575,0.14802266642767076
R_7iwBjEgQvGNOP4l,diabetes,none,9,42,weighted examples,0.3621257287946529,0.3333333333333333,0.3333333333333333,0.12598789086226891,0.13212251384459456,1.0,0.0824672596,0.9592546161,1.0,0.0,0.9658941583606028,0.9174813610599187,0.07566182736845327,0.0620185531631369
R_7iwBjEgQvGNOP4l,diabetes,none,10,56,weighted examples,0.3705060595621633,0.6666666666666666,0.6666666666666666,0.17326407506692232,0.16912092525,1.0,0.0175525224,0.9555300443,0.0,1.0,0.9741477983460064,0.9349886572008632,0.0013196975062048644,0.07396053820029141
R_7iwBjEgQvGNOP4l,diabetes,none,11,59,weighted examples,0.2937970254522229,0.6666666666666666,0.6666666666666666,0.153160358836835,0.13172263242499999,1.0,0.1189837079,0.9448840681,1.0,0.0,0.9404680306618581,0.9168276928829822,0.09652611474755414,0.1352748687353138
R_7iwBjEgQvGNOP4l,diabetes,none,12,11,weighted examples,0.5706295089259116,0.0,1.0,0.3066954048121622,0.18906648530000003,1.0,0.0603349373,0.9486653361,1.0,0.0,0.9693547966801888,0.9767205056691914,0.0051305807565711625,0.13735589885030536
R_7iwBjEgQvGNOP4l,diabetes,none,13,31,weighted examples,0.41828408107613246,1.0,0.0,0.02975684408547885,0.24554497535000003,1.0,0.0805829376,0.9438607551,1.0,0.0,0.9407767197258701,0.9508335624550128,0.08778477797020232,0.18663503204897747
R_7iwBjEgQvGNOP4l,diabetes,none,14,12,weighted examples,0.36380455552265245,0.3333333333333333,0.6666666666666666,0.2095336048774407,0.296861773025,1.0,0.0053902462,0.9205281002,0.0,1.0,0.944651370603797,0.9248369485727007,0.06262378884223074,0.007393729544566574
R_7iwBjEgQvGNOP4l,diabetes,none,15,52,weighted examples,0.3281538999588683,0.6666666666666666,0.3333333333333333,0.22468656576076362,0.1012449967370556,0.0,0.3950120173,0.9112477832,1.0,0.0,0.9372086775503795,0.9095855944215919,0.0025438898541857713,0.27213422018118927
R_7iwBjEgQvGNOP4l,diabetes,none,16,58,weighted examples,0.37590152666149446,1.0,0.0,0.1411990975444559,0.342577563175,1.0,0.1291338395,0.966253647,0.0,0.0,0.9425712389941314,0.9251499692733951,0.08149583181115361,0.009522958932003
R_7iwBjEgQvGNOP4l,diabetes,none,17,51,weighted examples,0.2938810557936016,0.0,1.0,0.44630987659932553,0.48663492599999997,1.0,0.2881532587,0.89675057,0.0,0.0,0.9370945906010426,0.8964768967439194,0.10366240898254986,0.030595565074088588
R_7iwBjEgQvGNOP4l,diabetes,none,18,0,weighted examples,0.4135802484165508,0.0,0.0,0.2724245985210145,0.09054054054999999,0.0,0.012247843,0.8686246613,1.0,1.0,0.931178966969813,0.8783042223308484,0.19584402365847706,0.004318459968607025
R_7iwBjEgQvGNOP4l,diabetes,none,19,15,weighted examples,0.43220685447602736,1.0,0.0,0.08076857674704996,0.34986396869999997,1.0,0.1192403149,0.9272441076,1.0,0.0,0.928440245743141,0.8652720843098796,0.026193627305008182,0.12609013263983881
R_7iwBjEgQvGNOP4l,diabetes,none,20,20,weighted examples,0.6125723791758134,0.0,0.0,0.20816233679864862,0.10951368814999998,1.0,0.0463444869,0.9527767485,0.0,0.0,0.9325098162536677,0.9327767485105906,0.07560994691374034,0.11086205512093589
R_7kHwLYEKytNtFsY,diabetes,counterfactual,1,35,weighted examples,0.522547620071988,0.3333333333333333,0.6666666666666666,0.15521127791225175,0.12539896375,0.0,0.3720348973,0.8839431924,0.0,0.0,0.9164885592188163,0.8800352031915974,0.26738712834881545,0.2676153986518146
R_7kHwLYEKytNtFsY,diabetes,counterfactual,2,56,weighted examples,0.28013410826690816,0.5,0.0,0.09441962118595543,0.08789659224999999,0.0,0.046018367,0.9472800791,1.0,0.0,0.9534396374738289,0.9441380573329636,0.11173592643390826,0.1197463886539187
R_7kHwLYEKytNtFsY,diabetes,counterfactual,3,7,weighted examples,0.4034485220098032,0.5,0.0,0.12448163309696103,0.14753231474999998,0.0,0.0261475187,0.9201818056,1.0,0.0,0.934696511691713,0.9432507749378842,0.03844192315509687,0.026576644318439868
R_7kHwLYEKytNtFsY,diabetes,counterfactual,4,14,weighted examples,0.4934754990406512,1.0,0.0,0.027683439166042406,0.1398070745,1.0,0.0204147538,0.9432438103,1.0,0.0,0.9355712167920331,0.9403374297198187,0.004799056513914435,0.2545813930247104
R_7kHwLYEKytNtFsY,diabetes,counterfactual,5,33,weighted examples,0.35101106941166654,0.6666666666666666,0.8,0.1821643565907194,0.13955388700000002,1.0,0.0360181121,0.9456138432,1.0,0.0,0.962112823242186,0.9459385268591709,0.04146623864183169,0.04581821965897054
R_7kHwLYEKytNtFsY,diabetes,counterfactual,6,32,weighted examples,0.32424157859965397,0.5,0.0,0.14649699561776633,0.10598654775000001,1.0,0.0357235239,0.9425990135,0.0,1.0,0.9402389227600964,0.9070093975415482,0.08766664806166707,0.10351820813687626
R_7kHwLYEKytNtFsY,diabetes,counterfactual,7,26,weighted examples,0.4589324519163047,0.5,0.0,0.10752337978649147,0.11528582650000001,0.0,0.1223436466,0.9580570311,0.0,0.0,0.9450869988602507,0.9433529701833689,0.12874436360143754,0.08795503050399606
R_7kHwLYEKytNtFsY,diabetes,counterfactual,8,30,weighted examples,0.3207124632896688,0.5,0.6666666666666666,0.13743615717007027,0.038529425000000006,0.0,0.2137356872,0.8980920557,0.0,0.0,0.9470896998924474,0.906485760882856,0.06236702961924662,0.23452070523865032
R_7kHwLYEKytNtFsY,diabetes,counterfactual,9,53,weighted examples,0.309522773867686,0.5,0.5,0.11981334495911511,0.1282447213333333,0.0,0.2385804564,0.9346478668,0.0,0.0,0.9295954675810261,0.9321489057085415,0.19252942577130217,0.1831731397641673
R_7kHwLYEKytNtFsY,diabetes,counterfactual,10,42,weighted examples,0.7412433239363778,0.0,0.0,0.1979236654869345,0.15869565200000002,1.0,0.0576231339,0.9525381159,0.0,0.0,0.943923206986576,0.9338647578361094,0.010940292316898359,0.010518742798398623
R_7kHwLYEKytNtFsY,diabetes,counterfactual,11,59,weighted examples,0.342562328762329,0.5,0.5,0.10256363895704292,0.1389345866666667,1.0,0.0016892919,0.960578228,0.0,0.0,0.9702122670471399,0.9232245641633767,0.06672881828250926,0.07470206132997495
R_7kHwLYEKytNtFsY,diabetes,counterfactual,12,11,weighted examples,0.2859037989906579,0.5,0.0,0.060937837010575785,0.122418272,0.0,0.1753531275,0.965930315,0.0,0.0,0.9710376108060543,0.9663818057546709,0.15633228778546376,0.18974401251973178
R_7kHwLYEKytNtFsY,diabetes,counterfactual,13,12,weighted examples,0.28546595802856917,0.5,1.0,0.1638842860191931,0.40806937849999997,0.0,0.030419751,0.9268527067,0.0,0.0,0.9258013096123499,0.9016478344848284,0.060560300227628816,0.08786574081261989
R_7kHwLYEKytNtFsY,diabetes,counterfactual,14,58,weighted examples,0.2725578070338139,0.5,0.0,0.27446344401214257,0.17540912825,0.0,0.179029972,0.8981107568,1.0,1.0,0.9599819894601054,0.9304349839127684,0.01553588107979359,0.10624860525837249
R_7kHwLYEKytNtFsY,diabetes,counterfactual,15,0,weighted examples,0.5049167728697819,0.5,0.5,0.27068875968493233,0.3599153343333333,0.0,0.1222374906,0.9437145411,1.0,1.0,0.941984593240542,0.8583042223308484,0.05339877050346856,0.017641540561811914
R_7kHwLYEKytNtFsY,diabetes,counterfactual,16,15,weighted examples,0.405278555046577,1.0,0.5,0.005765276237367806,0.258206032,0.0,0.4506717881,0.971180136,0.0,0.0,0.9734862464278721,0.851958503468459,0.24923629768423258,0.3372509286478017
R_7kHwLYEKytNtFsY,diabetes,counterfactual,17,20,weighted examples,0.5263175945887836,0.5,0.5,0.07561377876852116,0.13942004533333333,1.0,0.0248545397,0.9806939085,1.0,0.0,0.9618413897719089,0.9421956648502792,0.03577282047541391,0.10563502624514748
R_7kHwLYEKytNtFsY,diabetes,counterfactual,18,52,weighted examples,0.2901672256416043,0.6666666666666666,0.3333333333333333,0.09485485710714248,0.1592797782,0.0,0.3778141757,0.9750398032,0.0,0.0,0.9592055662582528,0.9020329110835759,0.3149774503927595,0.2707742454340583
R_7kHwLYEKytNtFsY,diabetes,counterfactual,19,31,weighted examples,0.27625162643006207,1.0,0.3333333333333333,0.10255180347007752,0.10008186940000001,0.0,0.2675058411,0.9485053659,0.0,0.0,0.9702046010920812,0.9516190608244436,0.0259860388601153,0.15771109371462977
R_7kHwLYEKytNtFsY,diabetes,counterfactual,20,51,weighted examples,0.3114606741289062,0.6666666666666666,0.6666666666666666,0.06697167001597217,0.17657991399999998,0.0,0.0932320353,0.944716535,1.0,1.0,0.9478523275338323,0.8809563058103415,0.01799426488618168,0.03870523856533503
R_7m6pHZPK4Sqdz6p,housing,counterfactual,1,3174,weighted examples,0.41024041583082765,0.5,0.5,0.20847720019375562,0.23777777776969697,1.0,0.0282183592,0.9769545455,1.0,1.0,0.9206823678646545,0.9030681818181818,0.2873504267819287,0.15197132124676022
R_7m6pHZPK4Sqdz6p,housing,counterfactual,2,2275,weighted examples,0.744966357352577,0.0,0.0,0.26482281566349797,0.20880681820000002,1.0,0.2529905171,0.9893181818,0.0,0.0,0.9878609444399447,0.9777272727272728,0.046694931783637816,0.01351339469755436
R_7m6pHZPK4Sqdz6p,housing,counterfactual,3,675,weighted examples,0.4388363602009494,0.3333333333333333,0.5,0.41112845508833623,0.3457070707,0.0,0.2847042629,0.9992045455,1.0,0.0,0.9496833982860357,0.9998863636363636,0.06824424592558159,0.33300563648212667
R_7m6pHZPK4Sqdz6p,housing,counterfactual,4,102,weighted examples,0.43511279061525526,0.5,1.0,0.3161631436523949,0.516969697,0.0,0.206416316,0.9822272727,1.0,0.0,0.971456320245006,0.9781818181818182,0.13311111683532642,0.1680445769585326
R_7m6pHZPK4Sqdz6p,housing,counterfactual,5,577,weighted examples,0.28008664361706637,0.6666666666666666,0.6666666666666666,0.22170650325307378,0.332575757575,0.0,0.0164829393,0.9954545455,1.0,0.0,0.9716089837437183,0.9581818181818182,0.1992866565029723,0.0592224426913196
R_7m6pHZPK4Sqdz6p,housing,counterfactual,6,2447,weighted examples,0.34395409802797006,1.0,0.8,0.047069002114103475,0.21908459596969698,0.0,0.1339340345,0.9893068182,0.0,0.0,0.9959280014423865,0.9978409090909091,0.03914662985822048,0.08826622216439745
R_7m6pHZPK4Sqdz6p,housing,counterfactual,7,1751,weighted examples,0.36773301942423664,0.6666666666666666,0.6666666666666666,0.21347115234709035,0.25104166675,0.0,0.2653662739,0.9996590909,0.0,0.0,0.9646795763457544,0.9400000000000001,0.1016693337153115,0.3816147751181293
R_7m6pHZPK4Sqdz6p,housing,counterfactual,8,553,weighted examples,0.24831694850338665,1.0,0.3333333333333333,0.12112459468853982,0.23660984840000002,0.0,0.0117942768,0.9944886364,0.0,0.0,0.9649289501712233,0.9576136363636364,0.03325090995420177,0.42802411612765534
R_7m6pHZPK4Sqdz6p,housing,counterfactual,9,172,weighted examples,0.36845807677104325,0.5,0.5,0.13479383664344557,0.1777777776666667,1.0,0.1303079213,0.9977272727,1.0,1.0,0.9687400629700406,0.9685227272727273,0.08657362442250602,0.13749782208566835
R_7m6pHZPK4Sqdz6p,housing,counterfactual,10,2728,weighted examples,0.31099475560516926,0.6666666666666666,0.6666666666666666,0.06964474552069899,0.13425662875,1.0,0.2019733772,0.9999431818,1.0,1.0,0.9811524439345409,0.9589772727272727,0.02265620959757031,0.00663423872155966
R_7o6kIdn4EaINkfo,housing,attribution,1,2275,feature contribution,0.3068233974325252,0.5,0.5,0.4211717742101753,0.488888889,1.0,0.3011765431,0.8790909091,1.0,0.0,0.997097003853378,0.9781818181818182,0.012371364296532905,0.06603888395520496
R_7o6kIdn4EaINkfo,housing,attribution,2,102,feature contribution,0.3068233974325252,0.5,0.5,0.3634009856406017,0.38242424243333334,1.0,0.5027516431,0.9306590909,0.0,0.0,0.9833457722574572,0.9798863636363636,0.06578245616120881,0.031616040244525134
R_7o6kIdn4EaINkfo,housing,attribution,3,3174,feature contribution,0.3068233974325252,0.0,0.6666666666666666,0.48171097902609517,1.0000000000045455,1.0,0.1152901452,0.9215909091,1.0,1.0,0.9394039440536693,0.9230681818181818,0.046691219711776664,0.056286733310353526
R_7o6kIdn4EaINkfo,housing,attribution,4,675,feature contribution,0.32150005819598815,0.3333333333333333,0.4,0.5065560965783739,0.631818181825,1.0,0.1464965417,0.8736363636,0.0,0.0,0.9702620852452626,0.9798863636363636,0.18631879691182132,0.22627552265197742
R_7o6kIdn4EaINkfo,housing,attribution,5,2987,feature contribution,0.3068233974325252,0.5,0.0,0.4657497339239909,0.4,1.0,0.3907863095,0.95625,1.0,1.0,0.9856238146024329,0.96875,0.03353814180647313,0.10973558234459008
R_7o6kIdn4EaINkfo,housing,attribution,6,614,feature contribution,0.32150005819598815,0.6666666666666666,1.0,0.31800947172616867,0.40609217169999995,1.0,0.6377360075,0.971875,0.0,1.0,0.9824382749428381,0.9598863636363636,0.07758300346596425,0.07808384183064271
R_7o6kIdn4EaINkfo,housing,attribution,7,2255,feature contribution,0.3068233974325252,0.5,0.5,0.4199085850415689,0.42222222233333334,1.0,0.2263910549,0.955625,0.0,0.0,0.9968504539885777,0.9799431818181819,0.2095935199923797,0.0829369186919155
R_7o6kIdn4EaINkfo,housing,attribution,8,1760,feature contribution,0.3068233974325252,0.0,1.0,0.2558616235817639,0.60000000015,0.0,0.1007482926,0.9997727273,0.0,0.0,0.9967879739218616,0.9597727272727272,0.16949407850625833,0.17033035663060025
R_7o6kIdn4EaINkfo,housing,attribution,9,692,feature contribution,0.6246897251397974,1.0,0.0,0.41809462775656653,0.35,1.0,0.5378089887,0.9259090909,1.0,1.0,0.9941083471759594,0.9989772727272728,0.13844461157345372,0.008323025847059073
R_7o6kIdn4EaINkfo,housing,attribution,10,577,feature contribution,0.6246897251397974,1.0,0.0,0.4633180757187519,0.35,1.0,0.4875608104,0.9630681818,1.0,0.0,0.9867682030380678,0.98,0.02412755376958653,0.05967023213906586
R_7o6kIdn4EaINkfo,housing,attribution,11,2462,feature contribution,0.32150005819598815,0.6666666666666666,0.6666666666666666,0.3296022479896754,0.375,1.0,0.0415563392,0.9698863636,0.0,0.0,0.9463605562185835,0.9559090909090909,0.3075079641088223,0.5514715981897329
R_7o6kIdn4EaINkfo,housing,attribution,12,1155,feature contribution,0.3068233974325252,1.0,0.5,0.24375211867612814,0.3662878786666666,1.0,0.0163054543,0.9997727273,0.0,0.0,0.9871091979133311,0.9793181818181819,0.23870140149868888,0.6595140695379
R_7o6kIdn4EaINkfo,housing,attribution,13,2447,feature contribution,0.6246897251397974,0.0,0.0,0.4064508326139305,0.666666667,0.0,0.2557364255,0.9784090909,0.0,0.0,0.9886788178273904,0.9960227272727272,0.02647401333895219,0.1727090115669522
R_7o6kIdn4EaINkfo,housing,attribution,14,172,feature contribution,0.6246897251397974,0.0,1.0,0.28096590909999997,0.46193181819999996,0.0,0.1909248485,0.9679545455,1.0,1.0,0.9988636363636364,0.9885227272727273,0.16651970117471104,0.11209840571843942
R_7o6kIdn4EaINkfo,housing,attribution,15,2767,feature contribution,0.3068233974325252,0.0,0.5,0.2699942822283954,0.28888888876666663,0.0,0.4296771946,0.9954545455,0.0,0.0,0.9902924529318291,0.9594318181818182,0.08706069067784045,0.2666701073278265
R_7o6kIdn4EaINkfo,housing,attribution,16,2728,feature contribution,0.6246897251397974,0.0,1.0,0.22227272725000002,0.14454545450000003,0.0,0.1595051633,0.9756136364,1.0,0.0,0.99375,0.9873863636363637,0.12344371347510052,0.07487742720039109
R_7o6kIdn4EaINkfo,housing,attribution,17,1751,feature contribution,0.3068233974325252,0.0,0.5,0.2776681252907284,0.28888888876666663,0.0,0.5263783349,0.9954545455,0.0,0.0,0.9886988330274173,0.96,0.091187570477827,0.37909087702956207
R_7o6kIdn4EaINkfo,housing,attribution,18,553,feature contribution,0.3068233974325252,0.0,0.5,0.26029236458334204,0.28888888876666663,0.0,0.3883542894,0.975,0.0,0.0,0.9918039870478719,0.96,0.010246319252282532,0.3067736518134982
R_7o6kIdn4EaINkfo,housing,attribution,19,1657,feature contribution,0.32150005819598815,0.6666666666666666,0.6666666666666666,0.3281642416793653,0.39166666657499993,1.0,0.1133525601,0.9109090909,0.0,0.0,0.9760014866130423,0.9564772727272728,0.1339274698697004,0.39332141264321074
R_7o6kIdn4EaINkfo,housing,attribution,20,456,feature contribution,0.32150005819598815,0.6666666666666666,0.4,0.3335997597149891,0.29834280295000004,0.0,0.4692764591,0.9744318182,0.0,0.0,0.9724440271086762,0.9588636363636364,0.1698551063578369,0.33771585539929644
R_7oigZfUmLeZhBs7,safelimit,attribution,1,87,feature contribution,0.5653183466952428,0.0,0.0,0.9100025774659595,1.0,0.0,0.251337279,0.9813771239,1.0,0.0,0.988747796521996,0.9780739066575372,0.4032878459662561,0.41671730982501953
R_7oigZfUmLeZhBs7,safelimit,attribution,2,203,feature contribution,0.5653183466952428,0.0,0.0,0.0616645796177317,0.10342862279999998,0.0,0.0959719903,0.9832232356,0.0,0.0,0.9698679840307853,0.975270384029325,0.1551597691242972,0.136112897934066
R_7oigZfUmLeZhBs7,safelimit,attribution,3,106,feature contribution,0.5653183466952428,0.0,0.0,0.6438280859570215,0.35,0.0,0.198559625,0.9906610676,1.0,0.0,0.9682188879082083,0.9504471326168827,0.27063733948053353,0.34594839835533875
R_7oigZfUmLeZhBs7,safelimit,attribution,4,143,feature contribution,0.5653183466952428,0.0,1.0,0.25236976742322403,0.24181818180000003,0.0,0.0191553745,0.9811740943,0.0,0.0,0.9825746534101167,0.9906386845804321,0.0072894083526946485,0.12094595147064813
R_7oigZfUmLeZhBs7,safelimit,attribution,5,300,feature contribution,0.6154711108451845,1.0,0.5,0.19981087182948734,0.19073675283333333,0.0,0.2593899711,0.9790652388,0.0,0.0,0.9678867792076924,0.9871249139576529,0.039866671344550686,0.06828912528519282
R_7oigZfUmLeZhBs7,safelimit,attribution,6,98,feature contribution,0.5653183466952428,1.0,0.0,0.19396439790499875,0.170349825,0.0,0.4573345522,0.975433272,0.0,0.0,0.9809001169943179,0.9856230315753176,0.26337015417918924,0.31790452481040726
R_7oigZfUmLeZhBs7,safelimit,attribution,7,261,feature contribution,0.5653183466952428,0.0,0.0,0.7592838925951874,0.694545455,0.0,0.4024826999,0.9665330665,1.0,0.0,0.9631224097434803,0.9710123159465672,0.09579418033628473,0.7663041020845578
R_7oigZfUmLeZhBs7,safelimit,attribution,8,4,feature contribution,0.5653183466952428,1.0,0.0,0.6429424138179743,0.2401374315,0.0,0.5812814423,0.9596045242,1.0,0.0,0.9693291870530112,0.9606255303259423,0.06166097221259792,0.13161527654979815
R_7oigZfUmLeZhBs7,safelimit,attribution,9,209,feature contribution,0.5653183466952428,0.0,1.0,0.7230193992093954,0.6963636360000001,0.0,0.2255900761,0.9787870811,1.0,0.0,0.9877033349560387,0.9876566310352718,0.031533773627985706,0.6238673040848142
R_7oigZfUmLeZhBs7,safelimit,attribution,10,245,feature contribution,0.5653183466952428,1.0,1.0,0.9370314845547226,0.474812594,0.0,1.2070929191,0.9648550462,0.0,0.0,0.9686433264685692,0.9837481508338701,0.14816212876090346,0.5959978850765196
R_7ouaHYEFOkTbFrn,housing,counterfactual,1,3174,feature contribution,0.6145926858597937,1.0,0.0,0.3503499769663571,0.23551136365454545,1.0,0.5021994007,0.8928787879,1.0,1.0,0.9404109044769078,0.9230681818181818,0.059876478338054276,0.056286733310353526
R_7ouaHYEFOkTbFrn,housing,counterfactual,2,2275,feature contribution,0.3717084762430474,1.0,1.0,0.2918246271391728,0.21761363640000003,1.0,0.2529905171,0.9893181818,1.0,1.0,0.9982828018521654,0.9936363636363637,0.01755844125302289,0.09176943199202292
R_7ouaHYEFOkTbFrn,housing,counterfactual,3,675,feature contribution,0.3522154449932093,1.0,1.0,0.13786041241727764,0.33352272725000004,1.0,0.1616846168,0.9986363636,1.0,0.0,0.9955947736981173,0.9798863636363636,0.14524249502506753,0.22627552265197742
R_7ouaHYEFOkTbFrn,housing,counterfactual,4,102,feature contribution,0.5667258251701467,0.0,0.0,0.49171401513333335,0.20838068180000002,1.0,0.0365285179,0.9991477273,1.0,0.0,0.9994318181818181,0.98,0.07317221775737565,0.13161604024452517
R_7ouaHYEFOkTbFrn,housing,counterfactual,5,577,feature contribution,0.47105640909818497,0.6666666666666666,0.6666666666666666,0.22487454304451082,0.251538825775,1.0,0.2396157119,0.9992613636,1.0,1.0,0.9346647595177247,0.9780681818181818,0.2627331887939294,0.013794035419746414
R_7ouaHYEFOkTbFrn,housing,counterfactual,6,2447,feature contribution,0.5033869943534343,0.6666666666666666,0.6666666666666666,0.3688055793170734,0.38851799249999996,0.0,0.0481663277,0.9864204545,1.0,0.0,0.9562831791808244,0.9578409090909091,0.09646421223518589,0.030432715943194855
R_7ouaHYEFOkTbFrn,housing,counterfactual,7,1751,feature contribution,0.4633561541486479,1.0,0.6666666666666666,0.2135732091122501,0.392660985,1.0,0.1916573835,0.9968181818,1.0,0.0,0.990454531406744,0.9553409090909091,0.10393903933148209,0.2926135145802622
R_7ouaHYEFOkTbFrn,housing,counterfactual,8,553,feature contribution,0.4484437978139861,1.0,0.6666666666666666,0.2859440262322111,0.24038825775,0.0,0.1393990598,0.9992045455,1.0,0.0,0.9730027430949455,0.9777272727272728,0.06397433345298781,0.19724833553564164
R_7ouaHYEFOkTbFrn,housing,counterfactual,9,172,feature contribution,0.44071352853758855,1.0,1.0,0.0,0.9,1.0,0.1533632533,0.9982954545,1.0,1.0,0.9982954545454545,0.9777272727272728,0.15336325326062306,0.03749782208566835
R_7ouaHYEFOkTbFrn,housing,counterfactual,10,2728,feature contribution,0.4832298264282113,1.0,0.5,0.25023573997384974,0.39999999999999997,1.0,0.0278209602,1.0,1.0,0.0,0.9928594475046915,0.9520454545454545,0.10656887442468949,0.026203575147133007
R_7rMsMTKGzMUtNfr,housing,attribution,1,614,weighted examples,0.5633596218037148,1.0,0.0,0.6,0.55,1.0,0.0042754273,0.9784090909,1.0,0.0,0.9866666666666667,0.9981818181818182,0.06562806119765668,0.1899658414827123
R_7rMsMTKGzMUtNfr,housing,attribution,2,102,weighted examples,0.6716326816933342,0.0,1.0,0.8333333333333333,0.9,1.0,0.0447579651,0.935,1.0,0.0,0.9994318181818181,0.98,0.07317221775737565,0.13093998362112738
R_7rMsMTKGzMUtNfr,housing,attribution,3,692,weighted examples,0.7242940717934412,0.0,0.0,1.0,0.55,1.0,0.060397531,0.9554545455,1.0,0.0,0.9914772727272727,0.9782954545454545,0.10454448242593695,0.0577653238370297
R_7rMsMTKGzMUtNfr,housing,attribution,4,2987,weighted examples,0.7490105833273082,1.0,0.0,0.0,1.0,0.0,0.0092137194,0.9994318182,0.0,1.0,0.9994318181818181,0.9897727272727272,0.009213719423162237,0.021234586869600308
R_7rMsMTKGzMUtNfr,housing,attribution,5,577,weighted examples,0.663146473147496,0.0,0.0,0.8333333333333333,0.55,1.0,0.0070957179,0.9452272727,1.0,0.0,0.9982954545454545,0.9998863636363636,0.07352070945024117,0.027131817360583593
R_7rMsMTKGzMUtNfr,housing,attribution,6,3174,weighted examples,0.7069091469865121,0.0,0.0,0.9545454545500001,0.50454545455,1.0,0.0529105901,0.8980681818,1.0,1.0,0.94125,0.9453409090909091,0.021589852398005427,0.14413448637799176
R_7rMsMTKGzMUtNfr,housing,attribution,7,2255,weighted examples,0.3119228801961896,0.5,0.0,0.5565656565666667,0.242424242425,1.0,0.0618808408,0.9574431818,0.0,0.0,0.9640340909090909,0.978125,0.12669099218052574,0.15077214010600382
R_7rMsMTKGzMUtNfr,housing,attribution,8,675,weighted examples,1.0,1.0,0.75,0.4183409091,0.7322159091,1.0,0.3889403063,0.9721022727,1.0,0.0,0.9463750000000001,0.9598863636363636,0.2109466524986883,0.12050414074363072
R_7rMsMTKGzMUtNfr,housing,attribution,9,2275,weighted examples,0.504096655984503,0.5,0.0,0.6731376262636365,0.22758049242499997,1.0,0.2256489158,0.9888068182,1.0,1.0,0.9721212121212122,0.9781818181818182,0.05517174989954643,0.040814570933950356
R_7rMsMTKGzMUtNfr,housing,attribution,10,1760,weighted examples,0.6211569527560734,0.0,0.0,0.4987215909,0.2487215909,1.0,0.0892563687,0.9973295455,0.0,0.0,0.986439393939394,0.9797727272727272,0.07209718489941869,0.09243522310609059
R_7rMsMTKGzMUtNfr,housing,attribution,11,2462,weighted examples,0.5407378886074135,0.0,0.0,0.7333333335000001,0.3833333335,0.0,0.6409692124,0.96875,1.0,0.0,0.9569886363636364,0.9924999999999999,0.28833283915793234,0.6569074264446417
R_7rMsMTKGzMUtNfr,housing,attribution,12,553,weighted examples,0.4764677365443313,1.0,0.0,3.33333360913457e-10,0.3833333335,0.0,0.4212564701,0.9971590909,0.0,0.0,0.9971590909090909,0.9976136363636364,0.4212564700600786,0.3907893779269108
R_7rMsMTKGzMUtNfr,housing,attribution,13,1657,weighted examples,0.35809078489908236,1.0,1.0,3.33333360913457e-10,0.566666667,0.0,0.4233992691,0.9994318182,0.0,0.0,0.9994318181818181,0.98,0.42339926907069064,0.454705948337686
R_7rMsMTKGzMUtNfr,housing,attribution,14,172,weighted examples,0.7408679808053481,1.0,0.0,0.0,0.55,1.0,0.1533632533,0.9982954545,1.0,1.0,0.9982954545454545,0.9788636363636364,0.15336325326062306,0.06750736514983402
R_7rMsMTKGzMUtNfr,housing,attribution,15,2447,weighted examples,0.6016439388714558,0.0,0.0,0.8333333334999999,0.3833333335,0.0,0.3021678706,0.9892045455,0.0,0.0,0.9219318181818181,0.9976136363636363,0.25376685171736707,0.08363479124673595
R_7rMsMTKGzMUtNfr,housing,attribution,16,2728,weighted examples,0.7472520169610197,1.0,1.0,0.0,0.9,0.0,0.0796221191,0.9994318182,0.0,0.0,0.9994318181818181,0.9720454545454545,0.07962211913662093,0.03954028395629061
R_7rMsMTKGzMUtNfr,housing,attribution,17,2767,weighted examples,0.4140345350495956,1.0,0.0,3.33333360913457e-10,0.3833333335,0.0,0.3155714599,0.9965909091,0.0,0.0,0.9965909090909091,0.9936363636363637,0.3155714598776919,0.4162268533777764
R_7rMsMTKGzMUtNfr,housing,attribution,18,1155,weighted examples,0.5929235502011817,0.0,0.0,0.8333333334999999,0.3833333335,0.0,0.5405409373,1.0,0.0,0.0,0.8929545454545454,0.98,0.3644716493019532,0.758893954047708
R_7rMsMTKGzMUtNfr,housing,attribution,19,456,weighted examples,0.6593191011894332,0.0,0.0,0.8333333334999999,0.3833333335,0.0,0.456509865,0.9988636364,0.0,0.0,0.9670454545454545,0.9907954545454546,0.4273668674037822,0.45329656778187155
R_7rMsMTKGzMUtNfr,housing,attribution,20,1751,weighted examples,0.3794132095562533,0.0,0.0,0.7310606062272726,0.3833333335,0.0,0.3885570401,0.9971590909,0.0,0.0,0.9443181818181818,0.9953409090909091,0.07518694178602581,0.379317002512372
R_7zCOYjoB3D2Mqot,diabetes,counterfactual,1,53,weighted examples,1.0,1.0,1.0,0.27710093315277706,0.31810269125,1.0,0.2831364941,0.9571690449,1.0,0.0,0.9137323719671094,0.9577095861699477,0.19203416112664795,0.04833476804586059
R_7zCOYjoB3D2Mqot,diabetes,counterfactual,2,32,weighted examples,0.5683030239855617,1.0,0.6666666666666666,0.33166032999890044,0.2802152425,1.0,0.2438859878,0.9721234982,1.0,1.0,0.9094434852482436,0.9568025522992581,0.19529223085788616,0.042463960663437494
R_7zCOYjoB3D2Mqot,diabetes,counterfactual,3,7,weighted examples,0.39329790096682277,0.5,0.5,0.33944700441670034,0.31383343300000005,0.0,0.1129895108,0.9180070872,1.0,1.0,0.9515001830897848,0.9380333836335364,0.11521390333409687,0.07396686257409688
R_7zCOYjoB3D2Mqot,diabetes,counterfactual,4,42,weighted examples,0.36061807582673544,0.5,0.0,0.3688828550593062,0.23805875988074315,1.0,0.119051595,0.9330439032,1.0,0.0,0.9290947455360248,0.930256089493741,0.09969845313644408,0.13087198455318227
R_7zCOYjoB3D2Mqot,diabetes,counterfactual,5,30,weighted examples,0.6047253831836648,0.5,0.5,0.3452920022447607,0.2755854776666667,1.0,0.0856821764,0.9432138881,1.0,0.0,0.9284386980819576,0.8684953910396058,0.132023186769022,0.228024645386349
R_7zCOYjoB3D2Mqot,diabetes,counterfactual,6,33,weighted examples,0.569819007670277,0.0,0.0,0.37847981882309173,0.21578813149999998,1.0,0.2910415976,0.9550341097,1.0,1.0,0.9045053299460929,0.9551277160483601,0.18170155177706593,0.04802266642767078
R_7zCOYjoB3D2Mqot,diabetes,counterfactual,7,35,weighted examples,0.37495524938915664,1.0,0.5,0.0822917017599179,0.48034435266666664,1.0,0.123756681,0.9442068658,1.0,0.0,0.9383542649583752,0.9000352031915975,0.2690339993549645,0.4107172371454043
R_7zCOYjoB3D2Mqot,diabetes,counterfactual,8,56,weighted examples,0.3822488972891642,0.6666666666666666,0.6666666666666666,0.19981640858882052,0.254526838,1.0,0.3172729864,0.9471544639,1.0,0.0,0.9259504211538561,0.952587694055578,0.11511095207537614,0.06526721056338458
R_7zCOYjoB3D2Mqot,diabetes,counterfactual,9,26,weighted examples,0.45026971350034917,0.6666666666666666,1.0,0.34198109817293487,0.317890423,1.0,0.402133744,0.9253611143,1.0,0.0,0.9202325308450006,0.9394314986004275,0.10079638067269239,0.027679400093651163
R_7zCOYjoB3D2Mqot,diabetes,counterfactual,10,14,weighted examples,0.6062148747776691,0.6666666666666666,0.6666666666666666,0.29739937035690944,0.27462307625000004,1.0,0.470569359,0.8886514746,1.0,0.0,0.9285650929218823,0.9167270628464083,0.017174437898679895,0.016642418272037218
R_7zCOYjoB3D2Mqot,diabetes,counterfactual,11,0,weighted examples,0.6346402300132468,0.5,0.5,0.35103542243913405,0.25708683466666665,0.0,0.133607682,0.912758445,0.0,0.0,0.9401017760850288,0.855809227284489,0.23299899859106887,0.061079467072917275
R_7zCOYjoB3D2Mqot,diabetes,counterfactual,12,31,weighted examples,0.38970784871932257,0.5,0.0,0.24762583396886803,0.21674945,0.0,0.1370739851,0.9660885978,0.0,0.0,0.9582771934053115,0.9716190608244436,0.009165996870836246,0.2190897436609574
R_7zCOYjoB3D2Mqot,diabetes,counterfactual,13,51,weighted examples,0.40011324956967453,0.5,0.5,0.1354719297419851,0.30190209733333334,0.0,0.2096196364,0.9334087754,0.0,1.0,0.9170067258310454,0.9405310134241849,0.17002544430034225,0.036614760362470994
R_7zCOYjoB3D2Mqot,diabetes,counterfactual,14,12,weighted examples,0.3409162092470614,0.5,0.0,0.18062757085468797,0.17953258075,0.0,0.2687385904,0.9406525988,0.0,0.0,0.9077803213757247,0.9466892429498259,0.2727559374530103,0.05539460663925583
R_7zCOYjoB3D2Mqot,diabetes,counterfactual,15,11,weighted examples,0.40888474849914697,0.5,1.0,0.10794064035305762,0.40440176149999996,0.0,0.201307292,0.9530842503,1.0,0.0,0.9536577199364024,0.9289091088592719,0.02597642202616693,0.18013924305775128
R_7zCOYjoB3D2Mqot,diabetes,counterfactual,16,20,weighted examples,0.6602660939309696,0.6666666666666666,0.6666666666666666,0.14746828761711817,0.21601307634999997,0.0,0.2489183311,0.9486263414,0.0,0.0,0.9411321757346491,0.9565822237699002,0.03837861844870205,0.08302301046780858
R_7zCOYjoB3D2Mqot,diabetes,counterfactual,17,15,weighted examples,0.5620962775296927,0.5,0.5,0.39257367686764977,0.3034485343333333,0.0,0.5210868336,0.9158013936,0.0,0.0,0.8574952854315563,0.8811476926576483,0.2215851043729223,0.2087873930244037
R_7zCOYjoB3D2Mqot,diabetes,counterfactual,18,59,weighted examples,0.7634393417494124,0.0,0.0,0.3101304927412738,0.1260869565,1.0,0.0389672259,0.9685960279,0.0,0.0,0.9714032310674314,0.955003915898185,0.04507820833704723,0.04534873713990473
R_7zCOYjoB3D2Mqot,diabetes,counterfactual,19,52,weighted examples,0.5635354888915505,0.5,0.5,0.25482187230289943,0.36351173366666667,0.0,0.2920157535,0.9655443784,1.0,0.0,0.934402772600909,0.916815519779228,0.07948975235157807,0.2578271134995265
R_7zCOYjoB3D2Mqot,diabetes,counterfactual,20,58,weighted examples,0.4888508243820852,0.5,0.0,0.24080101552382285,0.236387389,0.0,0.1586758272,0.8754151046,0.0,1.0,0.9378525454975913,0.9304349839127684,0.09672966762155788,0.10624860525837249
