participant,domain,xai,phase,original label,target label,case,instance id,response time (seconds),attribute values before and after,explanation,sparsity,proximity,counterfactual label,successful counterfactual (0/1),distance to closest minimal counterfactual,confidence for target label original,confidence for target label counterfactual,delta confidence of target label,training response,training correct (0/1),move towards target (0/1),x_1_change,x_2_change,x_3_change,x_4_change,x_5_change,x_1_changed,x_2_changed,x_3_changed,x_4_changed,x_5_changed,delta confidence/change amount,close to boundary old,distance to boundary,confidence of counterfactual - 50%,reasoning strategy,participant training accuracy,CRT-2 score (0-4),successful counterfactual (continuous),log(time),actionability (0/1),plausibility,boundary distance original,boundary distance new,boundary distance change (new - original),best forward mental model,forward mental model fit conclusion,CRT binarized,attribute selection method,attribute selection ranking score,change amount method,change amount normalized MAE,best-supported attribute selection method,strategy: xai,plausibility (subset)
R_6upJU84Jtf3Faf5,diabetes,none,training,Diabetes,,1,160101,17.189,"""Glucose"" - 149(0.633735759225)
""Blood Pressure"" - 68(0.434782608696)
""Insulin"" - 127(0.187659820177)
""BMI"" - 29.3(0.312587805563)
""Age"" - 42(0.567567567568)",,,,,,,,,,Diabetes,1,,,,,,,,,,,,,,,,,0.916666666667,3,,,,,,,,,,1,,,,,,,
R_6upJU84Jtf3Faf5,diabetes,none,training,No Diabetes,,2,160105,12.547,"""Glucose"" - 116(0.353171229383)
""Blood Pressure"" - 72(0.521739130435)
""Insulin"" - 87(0.105171987132)
""BMI"" - 22.1(0.0597077830851)
""Age"" - 37(0.432432432432)",,,,,,,,,,No Diabetes,1,,,,,,,,,,,,,,,,,0.916666666667,3,,,,,,,,,,1,,,,,,,
R_6upJU84Jtf3Faf5,diabetes,none,training,Diabetes,,3,160100,5.834,"""Glucose"" - 186(0.948308110865)
""Blood Pressure"" - 90(0.913043478261)
""Insulin"" - 225(0.389755011136)
""BMI"" - 34.5(0.495223377353)
""Age"" - 37(0.432432432432)",,,,,,,,,,Diabetes,1,,,,,,,,,,,,,,,,,0.916666666667,3,,,,,,,,,,1,,,,,,,
R_6upJU84Jtf3Faf5,diabetes,none,training,Diabetes,,4,160102,6.094,"""Glucose"" - 187(0.956810066315)
""Blood Pressure"" - 68(0.434782608696)
""Insulin"" - 304(0.552668481399)
""BMI"" - 37.7(0.607614498455)
""Age"" - 41(0.540540540541)",,,,,,,,,,Diabetes,1,,,,,,,,,,,,,,,,,0.916666666667,3,,,,,,,,,,1,,,,,,,
R_6upJU84Jtf3Faf5,diabetes,none,training,No Diabetes,,5,160104,5.934,"""Glucose"" - 95(0.174630164938)
""Blood Pressure"" - 74(0.565217391304)
""Insulin"" - 73(0.0763012455663)
""BMI"" - 25.9(0.193172239393)
""Age"" - 36(0.405405405405)",,,,,,,,,,No Diabetes,1,,,,,,,,,,,,,,,,,0.916666666667,3,,,,,,,,,,1,,,,,,,
R_6upJU84Jtf3Faf5,diabetes,none,training,No Diabetes,,6,160103,5.715,"""Glucose"" - 99(0.208637986737)
""Blood Pressure"" - 80(0.695652173913)
""Insulin"" - 64(0.0577414831312)
""BMI"" - 19.3(0)
""Age"" - 30(0.243243243243)",,,,,,,,,,No Diabetes,1,,,,,,,,,,,,,,,,,0.916666666667,3,,,,,,,,,,1,,,,,,,
R_6upJU84Jtf3Faf5,diabetes,none,training,No Diabetes,,7,160110,12.963,"""Glucose"" - 180(0.897296378167)
""Blood Pressure"" - 64(0.347826086957)
""Insulin"" - 70(0.0701146580879)
""BMI"" - 34(0.477662264681)
""Age"" - 26(0.135135135135)",,,,,,,,,,Diabetes,0,,,,,,,,,,,,,,,,,0.916666666667,3,,,,,,,,,,1,,,,,,,
R_6upJU84Jtf3Faf5,diabetes,none,training,No Diabetes,,8,160109,5.007,"""Glucose"" - 191(0.990817888114)
""Blood Pressure"" - 68(0.434782608696)
""Insulin"" - 130(0.193846407655)
""BMI"" - 30.9(0.368783366114)
""Age"" - 34(0.351351351351)",,,,,,,,,,No Diabetes,1,,,,,,,,,,,,,,,,,0.916666666667,3,,,,,,,,,,1,,,,,,,
R_6upJU84Jtf3Faf5,diabetes,none,training,Diabetes,,9,160106,6.912,"""Glucose"" - 120(0.387179051182)
""Blood Pressure"" - 80(0.695652173913)
""Insulin"" - 200(0.338200115483)
""BMI"" - 38.9(0.649761168868)
""Age"" - 41(0.540540540541)",,,,,,,,,,Diabetes,1,,,,,,,,,,,,,,,,,0.916666666667,3,,,,,,,,,,1,,,,,,,
R_6upJU84Jtf3Faf5,diabetes,none,training,Diabetes,,10,160108,8.127,"""Glucose"" - 95(0.174630164938)
""Blood Pressure"" - 82(0.739130434783)
""Insulin"" - 180(0.296956198961)
""BMI"" - 35(0.512784490025)
""Age"" - 43(0.594594594595)",,,,,,,,,,Diabetes,1,,,,,,,,,,,,,,,,,0.916666666667,3,,,,,,,,,,1,,,,,,,
R_6upJU84Jtf3Faf5,diabetes,none,training,Diabetes,,11,160107,6.995,"""Glucose"" - 100(0.217139942187)
""Blood Pressure"" - 78(0.652173913043)
""Insulin"" - 184(0.305204982265)
""BMI"" - 36.6(0.568980050576)
""Age"" - 46(0.675675675676)",,,,,,,,,,Diabetes,1,,,,,,,,,,,,,,,,,0.916666666667,3,,,,,,,,,,1,,,,,,,
R_6upJU84Jtf3Faf5,diabetes,none,training,No Diabetes,,12,160111,6.477,"""Glucose"" - 103(0.242645808536)
""Blood Pressure"" - 30(0)
""Insulin"" - 83(0.0969232038274)
""BMI"" - 43.3(0.804298960382)
""Age"" - 33(0.324324324324)",,,,,,,,,,No Diabetes,1,,,,,,,,,,,,,,,,,0.916666666667,3,,,,,,,,,,1,,,,,,,
R_6upJU84Jtf3Faf5,diabetes,none,testing,Diabetes,No Diabetes,1,160212,27.859,"""Glucose"" - 111(0.310661452134)
""Blood Pressure"" - 72(0.521739130435)
""Insulin"" - 207(0.352635486266)
""BMI"" - 37.1(0.586541163248) -> 33.2124(0.45)
""Age"" - 56(0.945945945946) -> 47(0.702702702703)",,0.6,0.379784406491,Diabetes,0,0.5797802821,0.0145223683682,0.0011643692721,-0.0133579990961,,,0,0,0,0,-0.136541163248,-0.243243243243,0,0,0,1,1,-0.0351725844131,0,far from boundary,0.498835630728,,0.916666666667,3,0,,0,0.924043118702,0.0372518432215,0.103328703901,0.0660768606793,,,1,,,,,,,0.916521225168
R_6upJU84Jtf3Faf5,diabetes,none,testing,Diabetes,No Diabetes,2,160201,12.403,"""Glucose"" - 187(0.956810066315) -> 149(0.633735759225)
""Blood Pressure"" - 70(0.478260869565)
""Insulin"" - 200(0.338200115483)
""BMI"" - 36.4(0.561955605507) -> 31.7888(0.4)
""Age"" - 36(0.405405405405)",,0.6,0.485029912598,Diabetes,0,0.762378753644,1.00978194599e-05,0.484209526029,0.48419942821,,,1,-0.323074307091,0,0,-0.161955605507,0,1,0,0,1,0,0.998287766658,0,far from boundary,0.015790473971,,0.916666666667,3,0,,1,0.937521010942,0.281142117469,0.00125346619942,-0.279888651269,,,1,,,,,,,0.911281417445
R_6upJU84Jtf3Faf5,diabetes,none,testing,Diabetes,No Diabetes,3,160211,14.927,"""Glucose"" - 145(0.599727937426) -> 119(0.378677095732)
""Blood Pressure"" - 80(0.695652173913)
""Insulin"" - 130(0.193846407655)
""BMI"" - 37.9(0.614638943523) -> 29.79576(0.33)
""Age"" - 40(0.513513513514) -> 36(0.405405405405)",,0.4,0.613797893325,Diabetes,0,0.613814897236,0.0173759567743,0.105499899872,0.0881239430978,,,1,-0.221050841694,0,0,-0.284638943523,-0.108108108108,1,0,0,1,1,0.143571595889,0,far from boundary,0.394500100128,,0.916666666667,3,0,,0,0.947931860431,0.0747170723186,0.0631694019552,-0.0115476703633,,,1,,,,,,,0.882917485141
R_6upJU84Jtf3Faf5,diabetes,none,testing,Diabetes,No Diabetes,4,160214,15.143,"""Glucose"" - 104(0.251147763986)
""Blood Pressure"" - 74(0.565217391304)
""Insulin"" - 156(0.247463499134)
""BMI"" - 29.9(0.33366114077)
""Age"" - 41(0.540540540541) -> 32(0.297297297297)",,0.8,0.243243243243,Diabetes,0,0.443337461083,0.00403975635919,0.124281712348,0.120241955989,,,1,0,0,0,0,-0.243243243243,0,0,0,0,1,0.494328041289,0,far from boundary,0.375718287652,,0.916666666667,3,0,,0,0.951351351351,0.0501717968156,0.0472125767348,-0.00295922008077,,,1,,,,,,,0.90074462758
R_6upJU84Jtf3Faf5,diabetes,none,testing,Diabetes,No Diabetes,5,160210,8.829,"""Glucose"" - 100(0.217139942187)
""Blood Pressure"" - 74(0.565217391304)
""Insulin"" - 215(0.369133052875)
""BMI"" - 39.4(0.66732228154) -> 29.79576(0.33)
""Age"" - 43(0.594594594595)",,0.8,0.33732228154,Diabetes,0,0.537318157148,0.00206481615935,7.24799341694e-05,-0.00199233622519,,,0,0,0,0,-0.33732228154,0,0,0,0,1,0,-0.00590632855942,0,far from boundary,0.499927520066,,0.916666666667,3,0,,1,0.957321485927,0.0664632820126,0.117056839877,0.0505935578648,,,1,,,,,,,0.905810855199
R_6upJU84Jtf3Faf5,diabetes,none,testing,Diabetes,No Diabetes,6,160202,11.298,"""Glucose"" - 125(0.429688828431) -> 111(0.310661452134)
""Blood Pressure"" - 70(0.478260869565)
""Insulin"" - 115(0.162913470263)
""BMI"" - 31.1(0.375807811183)
""Age"" - 41(0.540540540541) -> 35(0.378378378378)",,0.6,0.281189538459,Diabetes,0,0.281202417978,0.0226086726886,0.309320407529,0.28671173484,,,1,-0.119027376297,0,0,0,-0.162162162162,1,0,0,0,1,1.01963869784,0,far from boundary,0.190679592471,,0.916666666667,3,0,,0,0.957494868363,0.0569726484831,0.0160462157241,-0.040926432759,,,1,,,,,,,0.89722327932
R_6upJU84Jtf3Faf5,diabetes,none,testing,Diabetes,No Diabetes,7,160213,13.85,"""Glucose"" - 117(0.361673184833)
""Blood Pressure"" - 88(0.869565217391) -> 66(0.391304347826)
""Insulin"" - 145(0.224779345047)
""BMI"" - 34.5(0.495223377353)
""Age"" - 40(0.513513513514)",,0.8,0.478260869565,No Diabetes,1,0.478256745174,0.00760236055804,0.999272587936,0.991670227378,,,1,0,-0.478260869565,0,0,0,0,1,0,0,0,2.07349229361,0,far from boundary,0.499272587936,,0.916666666667,3,1,,1,0.94153772859,0.0929170929375,0.129406370734,0.0364892777965,,,1,,,,,,,0.882130002805
R_6upJU84Jtf3Faf5,diabetes,none,testing,Diabetes,No Diabetes,8,160204,10.383,"""Glucose"" - 125(0.429688828431)
""Blood Pressure"" - 70(0.478260869565) -> 65(0.369565217391)
""Insulin"" - 122(0.177348841046)
""BMI"" - 28.9(0.298538915426)
""Age"" - 45(0.648648648649) -> 33(0.324324324324)",,0.6,0.433019976498,No Diabetes,1,0.632998848196,0.0314886929294,0.886438731666,0.854950038737,,,1,0,-0.108695652174,0,0,-0.324324324324,0,1,0,0,1,1.97438937033,0,far from boundary,0.386438731666,,0.916666666667,3,1,,0,0.972999348428,0.0395820491408,0.106326221087,0.0667441719461,,,1,,,,,,,0.892626513078
R_6upJU84Jtf3Faf5,diabetes,none,testing,Diabetes,No Diabetes,9,160200,26.37,"""Glucose"" - 154(0.676245536473) -> 113(0.327665363033)
""Blood Pressure"" - 72(0.521739130435)
""Insulin"" - 126(0.18559762435)
""BMI"" - 31.3(0.382832256252)
""Age"" - 37(0.432432432432)",,0.8,0.34858017344,Diabetes,0,0.422510220829,0.011786029432,0.0621305496924,0.0503445202604,,,1,-0.34858017344,0,0,0,0,1,0,0,0,0,0.144427377391,0,far from boundary,0.437869450308,,0.916666666667,3,0,,1,0.950267524989,0.0980127823706,0.0660798105473,-0.0319329718233,,,1,,,,,,,0.914188804653
R_6upJU84Jtf3Faf5,diabetes,none,testing,Diabetes,No Diabetes,10,160203,10.629,"""Glucose"" - 161(0.735759224622) -> 144(0.591225981976)
""Blood Pressure"" - 68(0.434782608696)
""Insulin"" - 132(0.197970799307)
""BMI"" - 25.5(0.179123349255)
""Age"" - 47(0.702702702703) -> 38(0.459459459459)",,0.6,0.387776485889,No Diabetes,1,0.387891832031,0.0154053958182,0.960260246391,0.944854850573,,,1,-0.144533242646,0,0,0,-0.243243243243,1,0,0,0,1,2.43659655744,0,far from boundary,0.460260246391,,0.916666666667,3,1,,0,0.922444702822,0.0605519329641,0.0958569637388,0.0353050307747,,,1,,,,,,,0.941121335841
R_6upJU84Jtf3Faf5,diabetes,none,testing,No Diabetes,Diabetes,11,160218,20.449,"""Glucose"" - 154(0.676245536473)
""Blood Pressure"" - 74(0.565217391304)
""Insulin"" - 193(0.3237647447)
""BMI"" - 29.3(0.312587805563) -> 36.34432(0.56)
""Age"" - 39(0.486486486486)",,0.8,0.247412194437,Diabetes,1,0.247296848295,0.0239115963161,0.964431306149,0.940519709833,,,1,0,0,0,0.247412194437,0,0,0,0,1,0,3.80142826821,0,far from boundary,0.464431306149,,0.916666666667,3,1,,1,0.950517561112,0.0818222236912,0.0549419134142,-0.026880310277,,,1,,,,,,,0.884449627679
R_6upJU84Jtf3Faf5,diabetes,none,testing,No Diabetes,Diabetes,12,160207,5.089,"""Glucose"" - 89(0.123618432239) -> 104(0.251147763986)
""Blood Pressure"" - 74(0.565217391304)
""Insulin"" - 85(0.10104759548) -> 172(0.280458632352)
""BMI"" - 30.4(0.351222253442)
""Age"" - 38(0.459459459459)",,0.6,0.306940368618,Diabetes,1,0.0461060980922,3.06571688036e-06,0.999058682787,0.99905561707,,,1,0.127529331746,0,0.179411036872,0,0,1,0,1,0,0,3.25488505004,0,far from boundary,0.499058682787,,0.916666666667,3,1,,1,0.973672534606,0.204135275223,0.0942862579441,-0.109849017279,,,1,,,,,,,0.901444189213
R_6upJU84Jtf3Faf5,diabetes,none,testing,No Diabetes,Diabetes,13,160208,2.792,"""Glucose"" - 126(0.43819078388)
""Blood Pressure"" - 74(0.565217391304)
""Insulin"" - 75(0.0804256372185) -> 186(0.309329373917)
""BMI"" - 25.9(0.193172239393)
""Age"" - 39(0.486486486486)",,0.8,0.228903736699,No Diabetes,0,0.428985075019,0.0118459203727,0.0176651310882,0.00581921071554,,,1,0,0,0.228903736699,0,0,0,0,1,0,0,0.0254220870286,0,far from boundary,0.482334868912,,0.916666666667,3,0,,1,0.95421925266,0.0900870805017,0.0772097415611,-0.0128773389405,,,1,,,,,,,0.895965257497
R_6upJU84Jtf3Faf5,diabetes,none,testing,No Diabetes,Diabetes,14,160219,2.559,"""Glucose"" - 139(0.548716204727)
""Blood Pressure"" - 64(0.347826086957)
""Insulin"" - 140(0.214468365916)
""BMI"" - 28.6(0.288002247822)
""Age"" - 26(0.135135135135) -> 34(0.351351351351)",,0.8,0.216216216216,No Diabetes,0,0.208206450339,0.051363697101,0.213499456733,0.162135759632,,,1,0,0,0,0,0.216216216216,0,0,0,0,1,0.749877888299,1,near boundary,0.286500543267,,0.916666666667,3,0,,0,0.956756756757,0.038863565943,0.0548470452796,0.0159834793366,,,1,,,,,,,0.912082720813
R_6upJU84Jtf3Faf5,diabetes,none,testing,No Diabetes,Diabetes,15,160209,3.633,"""Glucose"" - 83(0.0726066995409) -> 116(0.353171229383)
""Blood Pressure"" - 78(0.652173913043)
""Insulin"" - 71(0.072176853914) -> 148(0.230965932525)
""BMI"" - 29.3(0.312587805563)
""Age"" - 36(0.405405405405)",,0.6,0.439353608453,Diabetes,1,0.234198625232,4.04768338846e-06,0.873961860799,0.873957813116,,,1,0.280564529842,0,0.158789078611,0,0,1,0,1,0,0,1.98919001984,0,far from boundary,0.373961860799,,0.916666666667,3,1,,1,0.938076501073,0.215219871146,0.0764837036177,-0.138736167528,,,1,,,,,,,0.892772844499
R_6upJU84Jtf3Faf5,diabetes,none,testing,No Diabetes,Diabetes,16,160215,4.973,"""Glucose"" - 117(0.361673184833)
""Blood Pressure"" - 60(0.260869565217)
""Insulin"" - 106(0.144353707828) -> 172(0.280458632352)
""BMI"" - 33.8(0.470637819612)
""Age"" - 27(0.162162162162) -> 29(0.216216216216)",,0.6,0.190158978578,Diabetes,1,0.190146099058,0.077624123637,0.936557486965,0.858933363328,,,1,0,0,0.136104924524,0,0.0540540540541,0,0,1,0,1,4.51692247061,1,near boundary,0.436557486965,,0.916666666667,3,1,,0,0.962388007182,0.0606767911965,0.0636563530523,0.00297956185583,,,1,,,,,,,0.815794156902
R_6upJU84Jtf3Faf5,diabetes,none,testing,No Diabetes,Diabetes,17,160216,8.945,"""Glucose"" - 151(0.650739670124)
""Blood Pressure"" - 62(0.304347826087) -> 65(0.369565217391)
""Insulin"" - 120(0.173224449394)
""BMI"" - 35.5(0.530345602697)
""Age"" - 28(0.189189189189)",,0.8,0.0652173913043,No Diabetes,0,0.265311609144,0.0575860454833,0.287586589885,0.230000544402,,,1,0,0.0652173913043,0,0,0,0,1,0,0,0,3.52667501417,1,near boundary,0.212413410115,,0.916666666667,3,0,,1,0.986956521739,0.034821278767,0.0128396468842,-0.0219816318828,,,1,,,,,,,0.904371395629
R_6upJU84Jtf3Faf5,diabetes,none,testing,No Diabetes,Diabetes,18,160217,3.237,"""Glucose"" - 112(0.319163407584)
""Blood Pressure"" - 68(0.434782608696)
""Insulin"" - 94(0.119607357915) -> 186(0.309329373917)
""BMI"" - 34.1(0.481174487216)
""Age"" - 26(0.135135135135) -> 41(0.540540540541)",,0.6,0.595127421408,No Diabetes,0,0.587002309389,0.155856767991,0.32114021922,0.16528345123,,,1,0,0,0.189722016003,0,0.405405405405,0,0,1,0,1,0.277727836568,1,near boundary,0.17885978078,,0.916666666667,3,0,,0,0.946618523044,0.030760691058,0.00935963192728,-0.0214010591308,,,1,,,,,,,0.894731473593
R_6upJU84Jtf3Faf5,diabetes,none,testing,No Diabetes,Diabetes,19,160206,9.413,"""Glucose"" - 103(0.242645808536) -> 118(0.370175140282)
""Blood Pressure"" - 80(0.695652173913)
""Insulin"" - 82(0.0948610080013) -> 157(0.24952569496)
""BMI"" - 19.4(0) -> 23.81664(0.12)
""Age"" - 22(0.027027027027) -> 35(0.378378378378)",,0.2,0.753545370056,No Diabetes,0,0.960009613589,2.60449439793e-11,0.000195916964266,0.000195916938221,,,1,0.127529331746,0,0.154664686959,0.12,0.351351351351,1,0,1,1,1,0.000259993553151,0,far from boundary,0.499804083036,,0.916666666667,3,0,,0,0.934683982139,0.558946397893,0.163376604351,-0.395569793542,,,1,,,,,,,0.910076613365
R_6upJU84Jtf3Faf5,diabetes,none,testing,No Diabetes,Diabetes,20,160205,6.422,"""Glucose"" - 100(0.217139942187) -> 113(0.327665363033)
""Blood Pressure"" - 74(0.565217391304)
""Insulin"" - 46(0.0206219582612) -> 162(0.259836674091)
""BMI"" - 19.5(0) -> 33.2124(0.45)
""Age"" - 28(0.189189189189) -> 39(0.486486486486)",,0.2,1.09703743397,Diabetes,1,1.1220706045,4.55950587885e-06,0.993860110009,0.993855550504,,,1,0.110525420847,0,0.239214715829,0.45,0.297297297297,1,0,1,1,1,0.905944974829,0,far from boundary,0.493860110009,,0.916666666667,3,1,,0,0.948143262542,0.284435118814,0.0761415838758,-0.208293534938,,,1,,,,,,,0.895574572986
R_5L0xQQar3o8Bvr3,diabetes,counterfactual,training,No Diabetes,,1,160111,58.39,"""Glucose"" - 103(0.242645808536)
""Blood Pressure"" - 30(0)
""Insulin"" - 83(0.0969232038274)
""BMI"" - 43.3(0.804298960382)
""Age"" - 33(0.324324324324)","""Glucose"" - 103(0.242645808536)
""Blood Pressure"" - 30(0) -> 92(0.95652173913)
""Insulin"" - 83(0.0969232038274) -> 155(0.245401303308)
""BMI"" - 43.3(0.804298960382)
""Age"" - 33(0.324324324324)",,,,,,,,,No Diabetes,1,,,,,,,,,,,,,,,,,0.416666666667,3,,,,,,,,,,1,,,,,,,
R_5L0xQQar3o8Bvr3,diabetes,counterfactual,training,Diabetes,,2,160107,34.494,"""Glucose"" - 100(0.217139942187)
""Blood Pressure"" - 78(0.652173913043)
""Insulin"" - 184(0.305204982265)
""BMI"" - 36.6(0.568980050576)
""Age"" - 46(0.675675675676)","""Glucose"" - 100(0.217139942187)
""Blood Pressure"" - 78(0.652173913043) -> 73.4(0.552173913043)
""Insulin"" - 184(0.305204982265) -> 135.51(0.205209106657)
""BMI"" - 36.6(0.568980050576)
""Age"" - 46(0.675675675676)",,,,,,,,,No Diabetes,0,,,,,,,,,,,,,,,,,0.416666666667,3,,,,,,,,,,1,,,,,,,
R_5L0xQQar3o8Bvr3,diabetes,counterfactual,training,Diabetes,,3,160106,38.282,"""Glucose"" - 120(0.387179051182)
""Blood Pressure"" - 80(0.695652173913)
""Insulin"" - 200(0.338200115483)
""BMI"" - 38.9(0.649761168868)
""Age"" - 41(0.540540540541)","""Glucose"" - 120(0.387179051182)
""Blood Pressure"" - 80(0.695652173913) -> 75.4(0.595652173913)
""Insulin"" - 200(0.338200115483) -> 151.51(0.238204239875)
""BMI"" - 38.9(0.649761168868)
""Age"" - 41(0.540540540541)",,,,,,,,,Diabetes,1,,,,,,,,,,,,,,,,,0.416666666667,3,,,,,,,,,,1,,,,,,,
R_5L0xQQar3o8Bvr3,diabetes,counterfactual,training,Diabetes,,4,160108,26.974,"""Glucose"" - 95(0.174630164938)
""Blood Pressure"" - 82(0.739130434783)
""Insulin"" - 180(0.296956198961)
""BMI"" - 35(0.512784490025)
""Age"" - 43(0.594594594595)","""Glucose"" - 95(0.174630164938)
""Blood Pressure"" - 82(0.739130434783) -> 77.4(0.639130434783)
""Insulin"" - 180(0.296956198961) -> 131.51(0.196960323352)
""BMI"" - 35(0.512784490025)
""Age"" - 43(0.594594594595)",,,,,,,,,No Diabetes,0,,,,,,,,,,,,,,,,,0.416666666667,3,,,,,,,,,,1,,,,,,,
R_5L0xQQar3o8Bvr3,diabetes,counterfactual,training,No Diabetes,,5,160109,5.513,"""Glucose"" - 191(0.990817888114)
""Blood Pressure"" - 68(0.434782608696)
""Insulin"" - 130(0.193846407655)
""BMI"" - 30.9(0.368783366114)
""Age"" - 34(0.351351351351)","""Glucose"" - 191(0.990817888114)
""Blood Pressure"" - 68(0.434782608696) -> 72.6(0.534782608696)
""Insulin"" - 130(0.193846407655) -> 178.49(0.293842283263)
""BMI"" - 30.9(0.368783366114)
""Age"" - 34(0.351351351351)",,,,,,,,,Diabetes,0,,,,,,,,,,,,,,,,,0.416666666667,3,,,,,,,,,,1,,,,,,,
R_5L0xQQar3o8Bvr3,diabetes,counterfactual,training,No Diabetes,,6,160110,5.192,"""Glucose"" - 180(0.897296378167)
""Blood Pressure"" - 64(0.347826086957)
""Insulin"" - 70(0.0701146580879)
""BMI"" - 34(0.477662264681)
""Age"" - 26(0.135135135135)","""Glucose"" - 180(0.897296378167)
""Blood Pressure"" - 64(0.347826086957) -> 71(0.5)
""Insulin"" - 70(0.0701146580879) -> 118.49(0.170110533696)
""BMI"" - 34(0.477662264681)
""Age"" - 26(0.135135135135)",,,,,,,,,Diabetes,0,,,,,,,,,,,,,,,,,0.416666666667,3,,,,,,,,,,1,,,,,,,
R_5L0xQQar3o8Bvr3,diabetes,counterfactual,training,No Diabetes,,7,160104,8.224,"""Glucose"" - 95(0.174630164938)
""Blood Pressure"" - 74(0.565217391304)
""Insulin"" - 73(0.0763012455663)
""BMI"" - 25.9(0.193172239393)
""Age"" - 36(0.405405405405)","""Glucose"" - 95(0.174630164938) -> 128(0.45519469478)
""Blood Pressure"" - 74(0.565217391304)
""Insulin"" - 73(0.0763012455663)
""BMI"" - 25.9(0.193172239393) -> 28.75(0.293270581624)
""Age"" - 36(0.405405405405)",,,,,,,,,Diabetes,0,,,,,,,,,,,,,,,,,0.416666666667,3,,,,,,,,,,1,,,,,,,
R_5L0xQQar3o8Bvr3,diabetes,counterfactual,training,Diabetes,,8,160100,5.229,"""Glucose"" - 186(0.948308110865)
""Blood Pressure"" - 90(0.913043478261)
""Insulin"" - 225(0.389755011136)
""BMI"" - 34.5(0.495223377353)
""Age"" - 37(0.432432432432)","""Glucose"" - 186(0.948308110865) -> 161(0.735759224622)
""Blood Pressure"" - 90(0.913043478261)
""Insulin"" - 225(0.389755011136)
""BMI"" - 34.5(0.495223377353) -> 30.2(0.344197808373)
""Age"" - 37(0.432432432432)",,,,,,,,,No Diabetes,0,,,,,,,,,,,,,,,,,0.416666666667,3,,,,,,,,,,1,,,,,,,
R_5L0xQQar3o8Bvr3,diabetes,counterfactual,training,No Diabetes,,9,160105,4.978,"""Glucose"" - 116(0.353171229383)
""Blood Pressure"" - 72(0.521739130435)
""Insulin"" - 87(0.105171987132)
""BMI"" - 22.1(0.0597077830851)
""Age"" - 37(0.432432432432)","""Glucose"" - 116(0.353171229383) -> 132(0.489202516579)
""Blood Pressure"" - 72(0.521739130435)
""Insulin"" - 87(0.105171987132)
""BMI"" - 22.1(0.0597077830851) -> 27.1(0.235318909806)
""Age"" - 37(0.432432432432)",,,,,,,,,No Diabetes,1,,,,,,,,,,,,,,,,,0.416666666667,3,,,,,,,,,,1,,,,,,,
R_5L0xQQar3o8Bvr3,diabetes,counterfactual,training,Diabetes,,10,160102,5.456,"""Glucose"" - 187(0.956810066315)
""Blood Pressure"" - 68(0.434782608696)
""Insulin"" - 304(0.552668481399)
""BMI"" - 37.7(0.607614498455)
""Age"" - 41(0.540540540541)","""Glucose"" - 187(0.956810066315) -> 150(0.642237714674)
""Blood Pressure"" - 68(0.434782608696)
""Insulin"" - 304(0.552668481399)
""BMI"" - 37.7(0.607614498455) -> 34.85(0.507516156224)
""Age"" - 41(0.540540540541)",,,,,,,,,Diabetes,1,,,,,,,,,,,,,,,,,0.416666666667,3,,,,,,,,,,1,,,,,,,
R_5L0xQQar3o8Bvr3,diabetes,counterfactual,training,No Diabetes,,11,160103,4.541,"""Glucose"" - 99(0.208637986737)
""Blood Pressure"" - 80(0.695652173913)
""Insulin"" - 64(0.0577414831312)
""BMI"" - 19.3(0)
""Age"" - 30(0.243243243243)","""Glucose"" - 99(0.208637986737) -> 111(0.310661452134)
""Blood Pressure"" - 80(0.695652173913)
""Insulin"" - 64(0.0577414831312)
""BMI"" - 19.3(0) -> 27.7(0.256392245013)
""Age"" - 30(0.243243243243)",,,,,,,,,Diabetes,0,,,,,,,,,,,,,,,,,0.416666666667,3,,,,,,,,,,1,,,,,,,
R_5L0xQQar3o8Bvr3,diabetes,counterfactual,training,Diabetes,,12,160101,4.705,"""Glucose"" - 149(0.633735759225)
""Blood Pressure"" - 68(0.434782608696)
""Insulin"" - 127(0.187659820177)
""BMI"" - 29.3(0.312587805563)
""Age"" - 42(0.567567567568)","""Glucose"" - 149(0.633735759225) -> 137.24(0.533752763136)
""Blood Pressure"" - 68(0.434782608696)
""Insulin"" - 127(0.187659820177)
""BMI"" - 29.3(0.312587805563) -> 25.9(0.193172239393)
""Age"" - 42(0.567567567568)",,,,,,,,,Diabetes,1,,,,,,,,,,,,,,,,,0.416666666667,3,,,,,,,,,,1,,,,,,,
R_5L0xQQar3o8Bvr3,diabetes,counterfactual,testing,Diabetes,No Diabetes,1,160214,39.177,"""Glucose"" - 104(0.251147763986) -> 113(0.327665363033)
""Blood Pressure"" - 74(0.565217391304)
""Insulin"" - 156(0.247463499134)
""BMI"" - 29.9(0.33366114077)
""Age"" - 41(0.540540540541)",,0.8,0.0765175990478,Diabetes,0,0.276611816887,0.00403975635919,0.000891616514395,-0.00314813984479,,,0,0.0765175990478,0,0,0,0,1,0,0,0,0,-0.0411426898382,0,far from boundary,0.499108383486,,0.416666666667,3,0,,1,0.98469648019,0.0501717968156,0.110308061457,0.0601362646412,,,1,,,,,,,0.891118156002
R_5L0xQQar3o8Bvr3,diabetes,counterfactual,testing,Diabetes,No Diabetes,2,160210,9.928,"""Glucose"" - 100(0.217139942187)
""Blood Pressure"" - 74(0.565217391304)
""Insulin"" - 215(0.369133052875) -> 351(0.649591685226)
""BMI"" - 39.4(0.66732228154)
""Age"" - 43(0.594594594595)",,0.8,0.280458632352,Diabetes,0,0.48045450796,0.00206481615935,4.10041851034e-06,-0.00206071574084,,,0,0,0,0.280458632352,0,0,0,0,1,0,0,-0.00734766380182,0,far from boundary,0.499995899581,,0.416666666667,3,0,,1,0.877846692651,0.0664632820126,0.274338356332,0.207875074319,,,1,,,,,,,0.877846692651
R_5L0xQQar3o8Bvr3,diabetes,counterfactual,testing,Diabetes,No Diabetes,3,160202,13.862,"""Glucose"" - 125(0.429688828431)
""Blood Pressure"" - 70(0.478260869565)
""Insulin"" - 115(0.162913470263) -> 215(0.369133052875)
""BMI"" - 31.1(0.375807811183)
""Age"" - 41(0.540540540541)",,0.8,0.206219582612,Diabetes,0,0.406198454309,0.0226086726886,0.0539331117591,0.0313244390706,,,1,0,0,0.206219582612,0,0,0,0,1,0,0,0.151898469941,0,far from boundary,0.446066888241,,0.416666666667,3,0,,1,0.958756083477,0.0569726484831,0.0666653142075,0.0096926657244,,,1,,,,,,,0.896150908598
R_5L0xQQar3o8Bvr3,diabetes,counterfactual,testing,Diabetes,No Diabetes,4,160203,7.604,"""Glucose"" - 161(0.735759224622)
""Blood Pressure"" - 68(0.434782608696)
""Insulin"" - 132(0.197970799307)
""BMI"" - 25.5(0.179123349255) -> 33.78184(0.47)
""Age"" - 47(0.702702702703)",,0.8,0.290876650745,Diabetes,0,0.490957989065,0.0154053958182,0.00161356353151,-0.0137918322867,,,0,0,0,0,0.290876650745,0,0,0,0,1,0,-0.0474147108452,0,far from boundary,0.498386436468,,0.416666666667,3,0,,1,0.941824669851,0.0605519329641,0.151901262207,0.0913493292434,,,1,,,,,,,0.91902364518
R_5L0xQQar3o8Bvr3,diabetes,counterfactual,testing,Diabetes,No Diabetes,5,160204,6.915,"""Glucose"" - 125(0.429688828431)
""Blood Pressure"" - 70(0.478260869565) -> 77(0.630434782609)
""Insulin"" - 122(0.177348841046) -> 196(0.329951332179)
""BMI"" - 28.9(0.298538915426)
""Age"" - 45(0.648648648649)",,0.6,0.304776404176,Diabetes,0,0.504755275873,0.0314886929294,0.0137707606462,-0.0177179322832,,,0,0,0.152173913043,0.152602491133,0,0,0,1,1,0,0,-0.0581341994998,0,far from boundary,0.486229239354,,0.416666666667,3,0,,1,0.939044719164,0.0395820491408,0.0784619498049,0.0388799006641,,,1,,,,,,,0.888699494246
R_5L0xQQar3o8Bvr3,diabetes,counterfactual,testing,Diabetes,No Diabetes,6,160211,10.001,"""Glucose"" - 145(0.599727937426)
""Blood Pressure"" - 80(0.695652173913)
""Insulin"" - 130(0.193846407655) -> 181(0.299018394787)
""BMI"" - 37.9(0.614638943523)
""Age"" - 40(0.513513513514)",,0.8,0.105171987132,Diabetes,0,0.305154983221,0.0173759567743,0.0430408172159,0.0256648604417,,,1,0,0,0.105171987132,0,0,0,0,1,0,0,0.24402753187,0,far from boundary,0.456959182784,,0.416666666667,3,0,,1,0.916034579174,0.0747170723186,0.103682362658,0.0289652903392,,,1,,,,,,,0.937224028138
R_5L0xQQar3o8Bvr3,diabetes,counterfactual,testing,Diabetes,No Diabetes,7,160200,8.105,"""Glucose"" - 154(0.676245536473)
""Blood Pressure"" - 72(0.521739130435)
""Insulin"" - 126(0.18559762435) -> 211(0.36088426957)
""BMI"" - 31.3(0.382832256252)
""Age"" - 37(0.432432432432)",,0.8,0.17528664522,No Diabetes,1,0.449182684787,0.011786029432,0.682985267171,0.671199237739,,,1,0,0,0.17528664522,0,0,0,0,1,0,0,3.82915216899,0,far from boundary,0.182985267171,,0.416666666667,3,1,,1,0.959020741903,0.0980127823706,0.0161967763429,-0.0818160060278,,,1,,,,,,,0.898385933159
R_5L0xQQar3o8Bvr3,diabetes,counterfactual,testing,Diabetes,No Diabetes,8,160201,12.024,"""Glucose"" - 187(0.956810066315)
""Blood Pressure"" - 70(0.478260869565) -> 77(0.630434782609)
""Insulin"" - 200(0.338200115483) -> 312(0.569166048008)
""BMI"" - 36.4(0.561955605507)
""Age"" - 36(0.405405405405)",,0.6,0.383139845568,Diabetes,0,0.660488686614,1.00978194599e-05,1.10810752792e-06,-8.98971193198e-06,,,0,0,0.152173913043,0.230965932525,0,0,0,1,1,0,0,-2.34632655308e-05,0,far from boundary,0.499998891892,,0.416666666667,3,0,,1,0.944873935792,0.281142117469,0.250914291313,-0.0302278261562,,,1,,,,,,,0.921411246279
R_5L0xQQar3o8Bvr3,diabetes,counterfactual,testing,Diabetes,No Diabetes,9,160213,11.086,"""Glucose"" - 117(0.361673184833)
""Blood Pressure"" - 88(0.869565217391)
""Insulin"" - 145(0.224779345047) -> 196(0.329951332179)
""BMI"" - 34.5(0.495223377353)
""Age"" - 40(0.513513513514)",,0.8,0.105171987132,Diabetes,0,0.30516786274,0.00760236055804,0.00181893918074,-0.0057834213773,,,0,0,0,0.105171987132,0,0,0,0,1,0,0,-0.0549901312603,0,far from boundary,0.498181060819,,0.416666666667,3,0,,1,0.978965602573,0.0929170929375,0.159053518462,0.0661364255247,,,1,,,,,,,0.922153497666
R_5L0xQQar3o8Bvr3,diabetes,counterfactual,testing,Diabetes,No Diabetes,10,160212,7.452,"""Glucose"" - 111(0.310661452134)
""Blood Pressure"" - 72(0.521739130435)
""Insulin"" - 207(0.352635486266) -> 337(0.620720943661)
""BMI"" - 37.1(0.586541163248)
""Age"" - 56(0.945945945946)",,0.8,0.268085457395,Diabetes,0,0.468081333003,0.0145223683682,7.22898614377e-06,-0.014515139382,,,0,0,0,0.268085457395,0,0,0,0,1,0,0,-0.0541437029932,0,far from boundary,0.499992771014,,0.416666666667,3,0,,1,0.946382908521,0.0372518432215,0.279526538472,0.24227469525,,,1,,,,,,,0.834539272621
R_5L0xQQar3o8Bvr3,diabetes,counterfactual,testing,No Diabetes,Diabetes,11,160206,14.864,"""Glucose"" - 103(0.242645808536)
""Blood Pressure"" - 80(0.695652173913)
""Insulin"" - 82(0.0948610080013) -> 220(0.379444032005)
""BMI"" - 19.4(0) -> 29.22632(0.31)
""Age"" - 22(0.027027027027) -> 26(0.135135135135)",,0.4,0.702691132112,No Diabetes,0,1.16421403914,2.60449439793e-11,8.8381703133e-05,8.8381677088e-05,,,1,0,0,0.284583024004,0.31,0.108108108108,0,0,1,1,1,0.000125775996094,0,far from boundary,0.499911618297,,0.416666666667,3,0,,0,0.936997146397,0.558946397893,0.123459296338,-0.435487101555,,,1,,,,,,,0.845236304244
R_5L0xQQar3o8Bvr3,diabetes,counterfactual,testing,No Diabetes,Diabetes,12,160217,5.526,"""Glucose"" - 112(0.319163407584)
""Blood Pressure"" - 68(0.434782608696)
""Insulin"" - 94(0.119607357915)
""BMI"" - 34.1(0.481174487216)
""Age"" - 26(0.135135135135) -> 31(0.27027027027)",,0.8,0.135135135135,Diabetes,1,0.127010023116,0.155856767991,0.932268129435,0.776411361444,,,1,0,0,0,0,0.135135135135,0,0,0,0,1,5.74544407469,1,near boundary,0.432268129435,,0.416666666667,3,1,,0,0.976460668286,0.030760691058,0.0718567173228,0.0410960262648,,,1,,,,,,,0.856194283877
R_5L0xQQar3o8Bvr3,diabetes,counterfactual,testing,No Diabetes,Diabetes,13,160207,14.031,"""Glucose"" - 89(0.123618432239)
""Blood Pressure"" - 74(0.565217391304) -> 81(0.717391304348)
""Insulin"" - 85(0.10104759548) -> 245(0.430998927658)
""BMI"" - 30.4(0.351222253442)
""Age"" - 38(0.459459459459)",,0.6,0.482125245222,Diabetes,1,0.421256966874,3.06571688036e-06,0.999966911634,0.999963845917,,,1,0,0.152173913043,0.329951332179,0,0,0,1,1,0,0,2.07407485052,0,far from boundary,0.499966911634,,0.416666666667,3,1,,1,0.903574950955,0.204135275223,0.119528940445,-0.0846063347781,,,1,,,,,,,0.89930180729
R_5L0xQQar3o8Bvr3,diabetes,counterfactual,testing,No Diabetes,Diabetes,14,160205,6.285,"""Glucose"" - 100(0.217139942187)
""Blood Pressure"" - 74(0.565217391304)
""Insulin"" - 46(0.0206219582612) -> 133(0.200032995133)
""BMI"" - 19.5(0) -> 25.24024(0.17)
""Age"" - 28(0.189189189189)",,0.6,0.349411036872,No Diabetes,0,0.595495049092,4.55950587885e-06,6.69305275308e-05,6.2371021652e-05,,,1,0,0,0.179411036872,0.17,0,0,0,1,1,0,0.000178503295747,0,far from boundary,0.499933069472,,0.416666666667,3,0,,1,0.96490089958,0.284435118814,0.180870092079,-0.103565026735,,,1,,,,,,,0.918874003515
R_5L0xQQar3o8Bvr3,diabetes,counterfactual,testing,No Diabetes,Diabetes,15,160219,8.839,"""Glucose"" - 139(0.548716204727)
""Blood Pressure"" - 64(0.347826086957)
""Insulin"" - 140(0.214468365916) -> 235(0.410376969397)
""BMI"" - 28.6(0.288002247822) -> 35.49016(0.53)
""Age"" - 26(0.135135135135)",,0.6,0.437906355659,Diabetes,1,0.445916121536,0.051363697101,0.994503899301,0.9431402022,,,1,0,0,0.195908603481,0.241997752178,0,0,0,1,1,0,2.15374860404,1,near boundary,0.494503899301,,0.416666666667,3,1,,1,0.919582534277,0.038863565943,0.108706660928,0.0698430949854,,,1,,,,,,,0.851763955986
R_5L0xQQar3o8Bvr3,diabetes,counterfactual,testing,No Diabetes,Diabetes,16,160209,11.806,"""Glucose"" - 83(0.0726066995409)
""Blood Pressure"" - 78(0.652173913043)
""Insulin"" - 71(0.072176853914) -> 201(0.340262311309)
""BMI"" - 29.3(0.312587805563)
""Age"" - 36(0.405405405405)",,0.8,0.268085457395,Diabetes,1,0.155662283394,4.04768338846e-06,0.974722675777,0.974718628094,,,1,0,0,0.268085457395,0,0,0,0,1,0,0,3.6358504395,0,far from boundary,0.474722675777,,0.416666666667,3,1,,1,0.946382908521,0.215219871146,0.0476393549993,-0.167580516146,,,1,,,,,,,0.88552867619
R_5L0xQQar3o8Bvr3,diabetes,counterfactual,testing,No Diabetes,Diabetes,17,160208,22.795,"""Glucose"" - 126(0.43819078388)
""Blood Pressure"" - 74(0.565217391304) -> 84(0.782608695652)
""Insulin"" - 75(0.0804256372185) -> 138(0.210343974264)
""BMI"" - 25.9(0.193172239393)
""Age"" - 39(0.486486486486)",,0.6,0.347309641393,No Diabetes,0,0.547390979713,0.0118459203727,0.00540738076776,-0.00643853960489,,,0,0,0.217391304348,0.129918337045,0,0,0,1,1,0,0,-0.0185383267193,0,far from boundary,0.494592619232,,0.416666666667,3,0,,1,0.930538071721,0.0900870805017,0.106756190667,0.0166691101657,,,1,,,,,,,0.872284076558
R_5L0xQQar3o8Bvr3,diabetes,counterfactual,testing,No Diabetes,Diabetes,18,160218,9.527,"""Glucose"" - 154(0.676245536473)
""Blood Pressure"" - 74(0.565217391304)
""Insulin"" - 193(0.3237647447) -> 283(0.509362369051)
""BMI"" - 29.3(0.312587805563)
""Age"" - 39(0.486486486486)",,0.8,0.18559762435,No Diabetes,0,0.38567896267,0.0239115963161,0.0102815405804,-0.0136300557358,,,0,0,0,0.18559762435,0,0,0,0,1,0,0,-0.0734387403047,0,far from boundary,0.48971845942,,0.416666666667,3,0,,1,0.96288047513,0.0818222236912,0.110576754005,0.0287545303142,,,1,,,,,,,0.884854362037
R_5L0xQQar3o8Bvr3,diabetes,counterfactual,testing,No Diabetes,Diabetes,19,160215,5.381,"""Glucose"" - 117(0.361673184833)
""Blood Pressure"" - 60(0.260869565217)
""Insulin"" - 106(0.144353707828) -> 172(0.280458632352)
""BMI"" - 33.8(0.470637819612)
""Age"" - 27(0.162162162162)",,0.8,0.136104924524,Diabetes,1,0.136092045004,0.077624123637,0.923494329182,0.845870205545,,,1,0,0,0.136104924524,0,0,0,0,1,0,0,6.214839092,1,near boundary,0.423494329182,,0.416666666667,3,1,,1,0.951577196372,0.0606767911965,0.0627447922836,0.00206800108715,,,1,,,,,,,0.826604967713
R_5L0xQQar3o8Bvr3,diabetes,counterfactual,testing,No Diabetes,Diabetes,20,160216,8.712,"""Glucose"" - 151(0.650739670124)
""Blood Pressure"" - 62(0.304347826087)
""Insulin"" - 120(0.173224449394) -> 225(0.389755011136)
""BMI"" - 35.5(0.530345602697) -> 40.3304(0.7)
""Age"" - 28(0.189189189189)",,0.6,0.386184959045,Diabetes,1,0.186090741205,0.0575860454833,0.999991585391,0.942405539908,,,1,0,0,0.216530561742,0.169654397303,0,0,0,1,1,0,2.44029581638,1,near boundary,0.499991585391,,0.416666666667,3,1,,1,0.922763008191,0.034821278767,0.188072534167,0.1532512554,,,1,,,,,,,0.822786577733
R_5ASRudX4WuOaMDD,diabetes,counterfactual,training,Diabetes,,1,160108,26.616,"""Glucose"" - 95(0.174630164938)
""Blood Pressure"" - 82(0.739130434783)
""Insulin"" - 180(0.296956198961)
""BMI"" - 35(0.512784490025)
""Age"" - 43(0.594594594595)","""Glucose"" - 95(0.174630164938)
""Blood Pressure"" - 82(0.739130434783) -> 77.4(0.639130434783)
""Insulin"" - 180(0.296956198961) -> 131.51(0.196960323352)
""BMI"" - 35(0.512784490025)
""Age"" - 43(0.594594594595)",,,,,,,,,No Diabetes,0,,,,,,,,,,,,,,,,,0.666666666667,2,,,,,,,,,,0,,,,,,,
R_5ASRudX4WuOaMDD,diabetes,counterfactual,training,No Diabetes,,2,160110,13.304,"""Glucose"" - 180(0.897296378167)
""Blood Pressure"" - 64(0.347826086957)
""Insulin"" - 70(0.0701146580879)
""BMI"" - 34(0.477662264681)
""Age"" - 26(0.135135135135)","""Glucose"" - 180(0.897296378167)
""Blood Pressure"" - 64(0.347826086957) -> 71(0.5)
""Insulin"" - 70(0.0701146580879) -> 118.49(0.170110533696)
""BMI"" - 34(0.477662264681)
""Age"" - 26(0.135135135135)",,,,,,,,,Diabetes,0,,,,,,,,,,,,,,,,,0.666666666667,2,,,,,,,,,,0,,,,,,,
R_5ASRudX4WuOaMDD,diabetes,counterfactual,training,No Diabetes,,3,160109,5.123,"""Glucose"" - 191(0.990817888114)
""Blood Pressure"" - 68(0.434782608696)
""Insulin"" - 130(0.193846407655)
""BMI"" - 30.9(0.368783366114)
""Age"" - 34(0.351351351351)","""Glucose"" - 191(0.990817888114)
""Blood Pressure"" - 68(0.434782608696) -> 72.6(0.534782608696)
""Insulin"" - 130(0.193846407655) -> 178.49(0.293842283263)
""BMI"" - 30.9(0.368783366114)
""Age"" - 34(0.351351351351)",,,,,,,,,No Diabetes,1,,,,,,,,,,,,,,,,,0.666666666667,2,,,,,,,,,,0,,,,,,,
R_5ASRudX4WuOaMDD,diabetes,counterfactual,training,Diabetes,,4,160107,5.862,"""Glucose"" - 100(0.217139942187)
""Blood Pressure"" - 78(0.652173913043)
""Insulin"" - 184(0.305204982265)
""BMI"" - 36.6(0.568980050576)
""Age"" - 46(0.675675675676)","""Glucose"" - 100(0.217139942187)
""Blood Pressure"" - 78(0.652173913043) -> 73.4(0.552173913043)
""Insulin"" - 184(0.305204982265) -> 135.51(0.205209106657)
""BMI"" - 36.6(0.568980050576)
""Age"" - 46(0.675675675676)",,,,,,,,,Diabetes,1,,,,,,,,,,,,,,,,,0.666666666667,2,,,,,,,,,,0,,,,,,,
R_5ASRudX4WuOaMDD,diabetes,counterfactual,training,Diabetes,,5,160106,6.146,"""Glucose"" - 120(0.387179051182)
""Blood Pressure"" - 80(0.695652173913)
""Insulin"" - 200(0.338200115483)
""BMI"" - 38.9(0.649761168868)
""Age"" - 41(0.540540540541)","""Glucose"" - 120(0.387179051182)
""Blood Pressure"" - 80(0.695652173913) -> 75.4(0.595652173913)
""Insulin"" - 200(0.338200115483) -> 151.51(0.238204239875)
""BMI"" - 38.9(0.649761168868)
""Age"" - 41(0.540540540541)",,,,,,,,,Diabetes,1,,,,,,,,,,,,,,,,,0.666666666667,2,,,,,,,,,,0,,,,,,,
R_5ASRudX4WuOaMDD,diabetes,counterfactual,training,No Diabetes,,6,160111,6.214,"""Glucose"" - 103(0.242645808536)
""Blood Pressure"" - 30(0)
""Insulin"" - 83(0.0969232038274)
""BMI"" - 43.3(0.804298960382)
""Age"" - 33(0.324324324324)","""Glucose"" - 103(0.242645808536)
""Blood Pressure"" - 30(0) -> 92(0.95652173913)
""Insulin"" - 83(0.0969232038274) -> 155(0.245401303308)
""BMI"" - 43.3(0.804298960382)
""Age"" - 33(0.324324324324)",,,,,,,,,No Diabetes,1,,,,,,,,,,,,,,,,,0.666666666667,2,,,,,,,,,,0,,,,,,,
R_5ASRudX4WuOaMDD,diabetes,counterfactual,training,No Diabetes,,7,160103,5.244,"""Glucose"" - 99(0.208637986737)
""Blood Pressure"" - 80(0.695652173913)
""Insulin"" - 64(0.0577414831312)
""BMI"" - 19.3(0)
""Age"" - 30(0.243243243243)","""Glucose"" - 99(0.208637986737) -> 111(0.310661452134)
""Blood Pressure"" - 80(0.695652173913)
""Insulin"" - 64(0.0577414831312)
""BMI"" - 19.3(0) -> 27.7(0.256392245013)
""Age"" - 30(0.243243243243)",,,,,,,,,No Diabetes,1,,,,,,,,,,,,,,,,,0.666666666667,2,,,,,,,,,,0,,,,,,,
R_5ASRudX4WuOaMDD,diabetes,counterfactual,training,Diabetes,,8,160102,18.441,"""Glucose"" - 187(0.956810066315)
""Blood Pressure"" - 68(0.434782608696)
""Insulin"" - 304(0.552668481399)
""BMI"" - 37.7(0.607614498455)
""Age"" - 41(0.540540540541)","""Glucose"" - 187(0.956810066315) -> 150(0.642237714674)
""Blood Pressure"" - 68(0.434782608696)
""Insulin"" - 304(0.552668481399)
""BMI"" - 37.7(0.607614498455) -> 34.85(0.507516156224)
""Age"" - 41(0.540540540541)",,,,,,,,,No Diabetes,0,,,,,,,,,,,,,,,,,0.666666666667,2,,,,,,,,,,0,,,,,,,
R_5ASRudX4WuOaMDD,diabetes,counterfactual,training,Diabetes,,9,160100,9.017,"""Glucose"" - 186(0.948308110865)
""Blood Pressure"" - 90(0.913043478261)
""Insulin"" - 225(0.389755011136)
""BMI"" - 34.5(0.495223377353)
""Age"" - 37(0.432432432432)","""Glucose"" - 186(0.948308110865) -> 161(0.735759224622)
""Blood Pressure"" - 90(0.913043478261)
""Insulin"" - 225(0.389755011136)
""BMI"" - 34.5(0.495223377353) -> 30.2(0.344197808373)
""Age"" - 37(0.432432432432)",,,,,,,,,Diabetes,1,,,,,,,,,,,,,,,,,0.666666666667,2,,,,,,,,,,0,,,,,,,
R_5ASRudX4WuOaMDD,diabetes,counterfactual,training,No Diabetes,,10,160104,5.318,"""Glucose"" - 95(0.174630164938)
""Blood Pressure"" - 74(0.565217391304)
""Insulin"" - 73(0.0763012455663)
""BMI"" - 25.9(0.193172239393)
""Age"" - 36(0.405405405405)","""Glucose"" - 95(0.174630164938) -> 128(0.45519469478)
""Blood Pressure"" - 74(0.565217391304)
""Insulin"" - 73(0.0763012455663)
""BMI"" - 25.9(0.193172239393) -> 28.75(0.293270581624)
""Age"" - 36(0.405405405405)",,,,,,,,,No Diabetes,1,,,,,,,,,,,,,,,,,0.666666666667,2,,,,,,,,,,0,,,,,,,
R_5ASRudX4WuOaMDD,diabetes,counterfactual,training,No Diabetes,,11,160105,5.54,"""Glucose"" - 116(0.353171229383)
""Blood Pressure"" - 72(0.521739130435)
""Insulin"" - 87(0.105171987132)
""BMI"" - 22.1(0.0597077830851)
""Age"" - 37(0.432432432432)","""Glucose"" - 116(0.353171229383) -> 132(0.489202516579)
""Blood Pressure"" - 72(0.521739130435)
""Insulin"" - 87(0.105171987132)
""BMI"" - 22.1(0.0597077830851) -> 27.1(0.235318909806)
""Age"" - 37(0.432432432432)",,,,,,,,,No Diabetes,1,,,,,,,,,,,,,,,,,0.666666666667,2,,,,,,,,,,0,,,,,,,
R_5ASRudX4WuOaMDD,diabetes,counterfactual,training,Diabetes,,12,160101,6.95,"""Glucose"" - 149(0.633735759225)
""Blood Pressure"" - 68(0.434782608696)
""Insulin"" - 127(0.187659820177)
""BMI"" - 29.3(0.312587805563)
""Age"" - 42(0.567567567568)","""Glucose"" - 149(0.633735759225) -> 137.24(0.533752763136)
""Blood Pressure"" - 68(0.434782608696)
""Insulin"" - 127(0.187659820177)
""BMI"" - 29.3(0.312587805563) -> 25.9(0.193172239393)
""Age"" - 42(0.567567567568)",,,,,,,,,No Diabetes,0,,,,,,,,,,,,,,,,,0.666666666667,2,,,,,,,,,,0,,,,,,,
R_5ASRudX4WuOaMDD,diabetes,counterfactual,testing,Diabetes,No Diabetes,1,160200,21.202,"""Glucose"" - 154(0.676245536473) -> 97(0.191634075837)
""Blood Pressure"" - 72(0.521739130435)
""Insulin"" - 126(0.18559762435) -> 75(0.0804256372185)
""BMI"" - 31.3(0.382832256252) -> 27.518(0.25)
""Age"" - 37(0.432432432432)",,0.4,0.72261570402,No Diabetes,1,0.796545751409,0.011786029432,0.999994743487,0.988208714055,,,1,-0.484611460636,0,-0.105171987132,-0.132832256252,0,1,0,1,1,0,1.36754392211,0,far from boundary,0.499994743487,,0.666666666667,2,1,,1,0.970307729789,0.0980127823706,0.237365967898,0.139353185527,,,0,,,,,,,0.970307729789
R_5ASRudX4WuOaMDD,diabetes,counterfactual,testing,Diabetes,No Diabetes,2,160210,13.815,"""Glucose"" - 100(0.217139942187)
""Blood Pressure"" - 74(0.565217391304)
""Insulin"" - 215(0.369133052875)
""BMI"" - 39.4(0.66732228154) -> 26.94856(0.23)
""Age"" - 43(0.594594594595)",,0.8,0.43732228154,Diabetes,0,0.637318157148,0.00206481615935,0.146181687639,0.14411687148,,,1,0,0,0,-0.43732228154,0,0,0,0,1,0,0.329543857158,0,far from boundary,0.353818312361,,0.666666666667,2,0,,1,0.937321485927,0.0664632820126,0.0170568398774,-0.0494064421352,,,0,,,,,,,0.887728293129
R_5ASRudX4WuOaMDD,diabetes,counterfactual,testing,Diabetes,No Diabetes,3,160212,14.811,"""Glucose"" - 111(0.310661452134)
""Blood Pressure"" - 72(0.521739130435)
""Insulin"" - 207(0.352635486266) -> 128(0.189722016003)
""BMI"" - 37.1(0.586541163248) -> 28.08744(0.27)
""Age"" - 56(0.945945945946)",,0.6,0.479454633511,No Diabetes,1,0.479458757903,0.0145223683682,0.999999672091,0.985477303723,,,1,0,0,-0.162913470263,-0.316541163248,0,0,0,1,1,0,2.05541303565,0,far from boundary,0.499999672091,,0.666666666667,2,1,,1,0.904217361779,0.0372518432215,0.155234405897,0.117982562675,,,0,,,,,,,0.83338815828
R_5ASRudX4WuOaMDD,diabetes,counterfactual,testing,Diabetes,No Diabetes,4,160214,10.335,"""Glucose"" - 104(0.251147763986)
""Blood Pressure"" - 74(0.565217391304)
""Insulin"" - 156(0.247463499134) -> 94(0.119607357915)
""BMI"" - 29.9(0.33366114077) -> 26.94856(0.23)
""Age"" - 41(0.540540540541)",,0.6,0.231517281989,No Diabetes,1,0.0314230641497,0.00403975635919,0.999787220483,0.995747464124,,,1,0,0,-0.127856141219,-0.10366114077,0,0,0,1,1,0,4.30096386572,0,far from boundary,0.499787220483,,0.666666666667,2,1,,1,0.953696543602,0.0501717968156,0.133985194726,0.0838133979103,,,0,,,,,,,0.941642678572
R_5ASRudX4WuOaMDD,diabetes,counterfactual,testing,Diabetes,No Diabetes,5,160201,12.437,"""Glucose"" - 187(0.956810066315) -> 106(0.268151674885)
""Blood Pressure"" - 70(0.478260869565)
""Insulin"" - 200(0.338200115483) -> 114(0.160851274437)
""BMI"" - 36.4(0.561955605507) -> 28.65688(0.29)
""Age"" - 36(0.405405405405)",,0.4,1.13796283798,No Diabetes,1,1.06061399694,1.00978194599e-05,0.943674780349,0.943664682529,,,1,-0.68865839143,0,-0.177348841046,-0.271955605507,0,1,0,1,1,0,0.829257908109,0,far from boundary,0.443674780349,,0.666666666667,2,1,,1,0.958867773188,0.281142117469,0.0585864035264,-0.222555713942,,,0,,,,,,,0.927628835767
R_5ASRudX4WuOaMDD,diabetes,counterfactual,testing,Diabetes,No Diabetes,6,160202,13.469,"""Glucose"" - 125(0.429688828431) -> 104(0.251147763986)
""Blood Pressure"" - 70(0.478260869565)
""Insulin"" - 115(0.162913470263) -> 80(0.0907366163491)
""BMI"" - 31.1(0.375807811183) -> 27.80272(0.26)
""Age"" - 41(0.540540540541)",,0.4,0.366525729542,No Diabetes,1,0.222184901233,0.0226086726886,0.999995255021,0.977386582333,,,1,-0.178541064445,0,-0.072176853914,-0.115807811183,0,1,0,1,1,0,2.66662475116,0,far from boundary,0.499995255021,,0.666666666667,2,1,,1,0.95067448859,0.0569726484831,0.174169393677,0.117196745194,,,0,,,,,,,0.924025522537
R_5ASRudX4WuOaMDD,diabetes,counterfactual,testing,Diabetes,No Diabetes,7,160204,8.574,"""Glucose"" - 125(0.429688828431) -> 99(0.208637986737)
""Blood Pressure"" - 70(0.478260869565)
""Insulin"" - 122(0.177348841046) -> 65(0.0598036789574)
""BMI"" - 28.9(0.298538915426)
""Age"" - 45(0.648648648649)",,0.6,0.338596003782,No Diabetes,1,0.138617132085,0.0314886929294,0.999999998761,0.968511305831,,,1,-0.221050841694,0,-0.117545162089,0,0,1,0,1,0,0,2.86037429566,0,far from boundary,0.499999998761,,0.666666666667,2,1,,1,0.932856941417,0.0395820491408,0.239055757382,0.199473708241,,,0,,,,,,,0.902785634115
R_5ASRudX4WuOaMDD,diabetes,counterfactual,testing,Diabetes,No Diabetes,8,160211,14.735,"""Glucose"" - 145(0.599727937426) -> 100(0.217139942187)
""Blood Pressure"" - 80(0.695652173913) -> 72(0.521739130435)
""Insulin"" - 130(0.193846407655)
""BMI"" - 37.9(0.614638943523) -> 26.37912(0.21)
""Age"" - 40(0.513513513514)",,0.4,0.961139982241,No Diabetes,1,0.761156986152,0.0173759567743,0.998573965425,0.981198008651,,,1,-0.382587995239,-0.173913043478,0,-0.404638943523,0,1,1,0,1,0,1.02086899596,0,far from boundary,0.498573965425,,0.666666666667,2,1,,1,0.943641731611,0.0747170723186,0.115512884812,0.0407958124938,,,0,,,,,,,0.934306186215
R_5ASRudX4WuOaMDD,diabetes,counterfactual,testing,Diabetes,No Diabetes,9,160203,16.531,"""Glucose"" - 161(0.735759224622) -> 97(0.191634075837)
""Blood Pressure"" - 68(0.434782608696)
""Insulin"" - 132(0.197970799307) -> 75(0.0804256372185)
""BMI"" - 25.5(0.179123349255)
""Age"" - 47(0.702702702703)",,0.6,0.661670310873,No Diabetes,1,0.661785657015,0.0154053958182,0.999999999988,0.984594604169,,,1,-0.544125148784,0,-0.117545162089,0,0,1,0,1,0,0,1.48804410292,0,far from boundary,0.499999999988,,0.666666666667,2,1,,1,0.907418145481,0.0605519329641,0.298712382335,0.238160449371,,,0,,,,,,,0.907418145481
R_5ASRudX4WuOaMDD,diabetes,counterfactual,testing,Diabetes,No Diabetes,10,160213,7.846,"""Glucose"" - 117(0.361673184833)
""Blood Pressure"" - 88(0.869565217391) -> 73(0.54347826087)
""Insulin"" - 145(0.224779345047)
""BMI"" - 34.5(0.495223377353) -> 28.08744(0.27)
""Age"" - 40(0.513513513514)",,0.6,0.551310333875,Diabetes,0,0.551306209483,0.00760236055804,0.0235569552661,0.015954594708,,,1,0,-0.326086956522,0,-0.225223377353,0,0,1,0,1,0,0.0289394080388,0,far from boundary,0.476443044734,,0.666666666667,2,0,,1,0.950872625367,0.0929170929375,0.0611819277289,-0.0317351652086,,,0,,,,,,,0.911755651641
R_5ASRudX4WuOaMDD,diabetes,counterfactual,testing,No Diabetes,Diabetes,11,160218,21.574,"""Glucose"" - 154(0.676245536473)
""Blood Pressure"" - 74(0.565217391304) -> 82(0.739130434783)
""Insulin"" - 193(0.3237647447)
""BMI"" - 29.3(0.312587805563) -> 35.77488(0.54)
""Age"" - 39(0.486486486486)",,0.6,0.401325237915,Diabetes,1,0.401209891773,0.0239115963161,0.960525581916,0.9366139856,,,1,0,0.173913043478,0,0.227412194437,0,0,1,0,1,0,2.33380285393,0,far from boundary,0.460525581916,,0.666666666667,2,1,,1,0.936958795434,0.0818222236912,0.0954581530891,0.0136359293979,,,0,,,,,,,0.897840932027
R_5ASRudX4WuOaMDD,diabetes,counterfactual,testing,No Diabetes,Diabetes,12,160209,18.028,"""Glucose"" - 83(0.0726066995409) -> 149(0.633735759225)
""Blood Pressure"" - 78(0.652173913043) -> 82(0.739130434783)
""Insulin"" - 71(0.072176853914) -> 283(0.509362369051)
""BMI"" - 29.3(0.312587805563) -> 33.2124(0.45)
""Age"" - 36(0.405405405405)",,0.2,1.222683291,No Diabetes,0,0.910294124817,4.04768338846e-06,0.0177202296044,0.017716181921,,,1,0.561129059684,0.0869565217391,0.437185515137,0.137412194437,0,1,1,1,1,0,0.0144895919094,0,far from boundary,0.482279770396,,0.666666666667,2,0,,1,0.913405331542,0.215219871146,0.0850011211951,-0.130218749951,,,0,,,,,,,0.863931368517
R_5ASRudX4WuOaMDD,diabetes,counterfactual,testing,No Diabetes,Diabetes,13,160217,11.924,"""Glucose"" - 112(0.319163407584) -> 129(0.46369665023)
""Blood Pressure"" - 68(0.434782608696) -> 86(0.826086956522)
""Insulin"" - 94(0.119607357915) -> 259(0.459869669224)
""BMI"" - 34.1(0.481174487216)
""Age"" - 26(0.135135135135)",,0.4,0.876099901781,No Diabetes,0,0.8842250138,0.155856767991,5.46975149609e-05,-0.155802070476,,,0,0.144533242646,0.391304347826,0.340262311309,0,0,1,1,1,0,0,-0.177835963866,1,near boundary,0.499945302485,,0.666666666667,2,0,,1,0.972222507898,0.030760691058,0.233306867049,0.202546175991,,,0,,,,,,,0.819477195509
R_5ASRudX4WuOaMDD,diabetes,counterfactual,testing,No Diabetes,Diabetes,14,160219,38.183,"""Glucose"" - 139(0.548716204727) -> 112(0.319163407584)
""Blood Pressure"" - 64(0.347826086957)
""Insulin"" - 140(0.214468365916)
""BMI"" - 28.6(0.288002247822)
""Age"" - 26(0.135135135135)",,0.8,0.229552797143,No Diabetes,0,0.437759247482,0.051363697101,0.0104903829634,-0.0408733141376,,,0,-0.229552797143,0,0,0,0,1,0,0,0,0,-0.178056266995,1,near boundary,0.489509617037,,0.666666666667,2,0,,1,0.954662559044,0.038863565943,0.18420196669,0.145338400747,,,0,,,,,,,0.831438198781
R_5ASRudX4WuOaMDD,diabetes,counterfactual,testing,No Diabetes,Diabetes,15,160206,8.828,"""Glucose"" - 103(0.242645808536)
""Blood Pressure"" - 80(0.695652173913) -> 65(0.369565217391)
""Insulin"" - 82(0.0948610080013)
""BMI"" - 19.4(0)
""Age"" - 22(0.027027027027)",,0.8,0.326086956522,No Diabetes,0,1.00382607976,2.60449439793e-11,0.000794479142453,0.000794479116408,,,1,0,-0.326086956522,0,0,0,0,1,0,0,0,0.00243640262365,0,far from boundary,0.499205520858,,0.666666666667,2,0,,1,0.980044421968,0.558946397893,0.11008800421,-0.448858393683,,,0,,,,,,,0.877313896119
R_5ASRudX4WuOaMDD,diabetes,counterfactual,testing,No Diabetes,Diabetes,16,160207,7.286,"""Glucose"" - 89(0.123618432239)
""Blood Pressure"" - 74(0.565217391304)
""Insulin"" - 85(0.10104759548)
""BMI"" - 30.4(0.351222253442) -> 27.80272(0.26)
""Age"" - 38(0.459459459459)",,0.8,0.091222253442,No Diabetes,0,0.352056523968,3.06571688036e-06,3.18215653983e-06,1.1643965947e-07,,,1,0,0,0,-0.091222253442,0,0,0,0,1,0,1.27643919194e-06,0,far from boundary,0.499996817843,,0.666666666667,2,0,,1,0.981755549311,0.204135275223,0.238931936254,0.034796661031,,,0,,,,,,,0.960672020545
R_5ASRudX4WuOaMDD,diabetes,counterfactual,testing,No Diabetes,Diabetes,17,160216,11.459,"""Glucose"" - 151(0.650739670124) -> 113(0.327665363033)
""Blood Pressure"" - 62(0.304347826087)
""Insulin"" - 120(0.173224449394)
""BMI"" - 35.5(0.530345602697) -> 28.08744(0.27)
""Age"" - 28(0.189189189189)",,0.6,0.583419909788,No Diabetes,0,0.783514127627,0.0575860454833,0.0768311584798,0.0192451129964,,,1,-0.323074307091,0,0,-0.260345602697,0,1,0,0,1,0,0.0329867264958,1,near boundary,0.42316884152,,0.666666666667,2,0,,1,0.950182564974,0.034821278767,0.119248815619,0.0844275368521,,,0,,,,,,,0.847102981376
R_5ASRudX4WuOaMDD,diabetes,counterfactual,testing,No Diabetes,Diabetes,18,160205,20.642,"""Glucose"" - 100(0.217139942187)
""Blood Pressure"" - 74(0.565217391304)
""Insulin"" - 46(0.0206219582612)
""BMI"" - 19.5(0) -> 33.49712(0.46)
""Age"" - 28(0.189189189189)",,0.8,0.46,No Diabetes,0,0.70608401222,4.55950587885e-06,0.197398695026,0.19739413552,,,1,0,0,0,0.46,0,0,0,0,1,0,0.429117685913,0,far from boundary,0.302601304974,,0.666666666667,2,0,,1,0.946151457466,0.284435118814,0.0670134809987,-0.217421637815,,,0,,,,,,,0.883753391724
R_5ASRudX4WuOaMDD,diabetes,counterfactual,testing,No Diabetes,Diabetes,19,160208,10.66,"""Glucose"" - 126(0.43819078388)
""Blood Pressure"" - 74(0.565217391304) -> 80(0.695652173913)
""Insulin"" - 75(0.0804256372185)
""BMI"" - 25.9(0.193172239393)
""Age"" - 39(0.486486486486)",,0.8,0.130434782609,No Diabetes,0,0.330516120929,0.0118459203727,0.114427329751,0.102581409379,,,1,0,0.130434782609,0,0,0,0,1,0,0,0,0.786457471904,0,far from boundary,0.385572670249,,0.666666666667,2,0,,1,0.973913043478,0.0900870805017,0.043781894564,-0.0463051859377,,,0,,,,,,,0.90576050835
R_5ASRudX4WuOaMDD,diabetes,counterfactual,testing,No Diabetes,Diabetes,20,160215,15.865,"""Glucose"" - 117(0.361673184833)
""Blood Pressure"" - 60(0.260869565217)
""Insulin"" - 106(0.144353707828) -> 143(0.220654953394)
""BMI"" - 33.8(0.470637819612) -> 36.91376(0.58)
""Age"" - 27(0.162162162162)",,0.6,0.185663425954,Diabetes,1,0.233039806519,0.077624123637,0.749395983618,0.671771859981,,,1,0,0,0.0763012455663,0.109362180388,0,0,0,1,1,0,3.61822397992,1,near boundary,0.249395983618,,0.666666666667,2,1,,1,0.955536860679,0.0606767911965,0.0191364094433,-0.0415403817531,,,0,,,,,,,0.821982037275
R_3Qv0QTQ49yAIRot,diabetes,attribution,training,No Diabetes,,1,160111,45.268,"""Glucose"" - 103(0.242645808536)
""Blood Pressure"" - 30(0)
""Insulin"" - 83(0.0969232038274)
""BMI"" - 43.3(0.804298960382)
""Age"" - 33(0.324324324324)","""Insulin"" - -85% toward Diabetes
""Blood Pressure"" - +15% toward No Diabetes",,,,,,,,,No Diabetes,1,,,,,,,,,,,,,,,,,0.5,3,,,,,,,,,,1,,,,,,,
R_3Qv0QTQ49yAIRot,diabetes,attribution,training,Diabetes,,2,160108,31.718,"""Glucose"" - 95(0.174630164938)
""Blood Pressure"" - 82(0.739130434783)
""Insulin"" - 180(0.296956198961)
""BMI"" - 35(0.512784490025)
""Age"" - 43(0.594594594595)","""Insulin"" - -71% toward Diabetes
""Blood Pressure"" - -29% toward Diabetes",,,,,,,,,No Diabetes,0,,,,,,,,,,,,,,,,,0.5,3,,,,,,,,,,1,,,,,,,
R_3Qv0QTQ49yAIRot,diabetes,attribution,training,No Diabetes,,3,160109,29.91,"""Glucose"" - 191(0.990817888114)
""Blood Pressure"" - 68(0.434782608696)
""Insulin"" - 130(0.193846407655)
""BMI"" - 30.9(0.368783366114)
""Age"" - 34(0.351351351351)","""Blood Pressure"" - -53% toward Diabetes
""Insulin"" - -47% toward Diabetes",,,,,,,,,Diabetes,0,,,,,,,,,,,,,,,,,0.5,3,,,,,,,,,,1,,,,,,,
R_3Qv0QTQ49yAIRot,diabetes,attribution,training,No Diabetes,,4,160110,11.953,"""Glucose"" - 180(0.897296378167)
""Blood Pressure"" - 64(0.347826086957)
""Insulin"" - 70(0.0701146580879)
""BMI"" - 34(0.477662264681)
""Age"" - 26(0.135135135135)","""Insulin"" - -51% toward Diabetes
""Blood Pressure"" - -49% toward Diabetes",,,,,,,,,Diabetes,0,,,,,,,,,,,,,,,,,0.5,3,,,,,,,,,,1,,,,,,,
R_3Qv0QTQ49yAIRot,diabetes,attribution,training,Diabetes,,5,160106,9.488,"""Glucose"" - 120(0.387179051182)
""Blood Pressure"" - 80(0.695652173913)
""Insulin"" - 200(0.338200115483)
""BMI"" - 38.9(0.649761168868)
""Age"" - 41(0.540540540541)","""Insulin"" - -62% toward Diabetes
""Blood Pressure"" - -38% toward Diabetes",,,,,,,,,No Diabetes,0,,,,,,,,,,,,,,,,,0.5,3,,,,,,,,,,1,,,,,,,
R_3Qv0QTQ49yAIRot,diabetes,attribution,training,Diabetes,,6,160107,14.452,"""Glucose"" - 100(0.217139942187)
""Blood Pressure"" - 78(0.652173913043)
""Insulin"" - 184(0.305204982265)
""BMI"" - 36.6(0.568980050576)
""Age"" - 46(0.675675675676)","""Insulin"" - -73% toward Diabetes
""Blood Pressure"" - -27% toward Diabetes",,,,,,,,,No Diabetes,0,,,,,,,,,,,,,,,,,0.5,3,,,,,,,,,,1,,,,,,,
R_3Qv0QTQ49yAIRot,diabetes,attribution,training,Diabetes,,7,160101,5.839,"""Glucose"" - 149(0.633735759225)
""Blood Pressure"" - 68(0.434782608696)
""Insulin"" - 127(0.187659820177)
""BMI"" - 29.3(0.312587805563)
""Age"" - 42(0.567567567568)","""Glucose"" - -54% toward Diabetes
""BMI"" - -46% toward Diabetes",,,,,,,,,Diabetes,1,,,,,,,,,,,,,,,,,0.5,3,,,,,,,,,,1,,,,,,,
R_3Qv0QTQ49yAIRot,diabetes,attribution,training,No Diabetes,,8,160103,6.244,"""Glucose"" - 99(0.208637986737)
""Blood Pressure"" - 80(0.695652173913)
""Insulin"" - 64(0.0577414831312)
""BMI"" - 19.3(0)
""Age"" - 30(0.243243243243)","""Glucose"" - -53% toward Diabetes
""BMI"" - -47% toward Diabetes",,,,,,,,,Diabetes,0,,,,,,,,,,,,,,,,,0.5,3,,,,,,,,,,1,,,,,,,
R_3Qv0QTQ49yAIRot,diabetes,attribution,training,Diabetes,,9,160100,6.018,"""Glucose"" - 186(0.948308110865)
""Blood Pressure"" - 90(0.913043478261)
""Insulin"" - 225(0.389755011136)
""BMI"" - 34.5(0.495223377353)
""Age"" - 37(0.432432432432)","""Glucose"" - -58% toward Diabetes
""BMI"" - -42% toward Diabetes",,,,,,,,,Diabetes,1,,,,,,,,,,,,,,,,,0.5,3,,,,,,,,,,1,,,,,,,
R_3Qv0QTQ49yAIRot,diabetes,attribution,training,Diabetes,,10,160102,8.597,"""Glucose"" - 187(0.956810066315)
""Blood Pressure"" - 68(0.434782608696)
""Insulin"" - 304(0.552668481399)
""BMI"" - 37.7(0.607614498455)
""Age"" - 41(0.540540540541)","""Glucose"" - -66% toward Diabetes
""BMI"" - -34% toward Diabetes",,,,,,,,,Diabetes,1,,,,,,,,,,,,,,,,,0.5,3,,,,,,,,,,1,,,,,,,
R_3Qv0QTQ49yAIRot,diabetes,attribution,training,No Diabetes,,11,160105,7.285,"""Glucose"" - 116(0.353171229383)
""Blood Pressure"" - 72(0.521739130435)
""Insulin"" - 87(0.105171987132)
""BMI"" - 22.1(0.0597077830851)
""Age"" - 37(0.432432432432)","""BMI"" - -53% toward Diabetes
""Glucose"" - -47% toward Diabetes",,,,,,,,,No Diabetes,1,,,,,,,,,,,,,,,,,0.5,3,,,,,,,,,,1,,,,,,,
R_3Qv0QTQ49yAIRot,diabetes,attribution,training,No Diabetes,,12,160104,9.495,"""Glucose"" - 95(0.174630164938)
""Blood Pressure"" - 74(0.565217391304)
""Insulin"" - 73(0.0763012455663)
""BMI"" - 25.9(0.193172239393)
""Age"" - 36(0.405405405405)","""Glucose"" - -53% toward Diabetes
""BMI"" - -47% toward Diabetes",,,,,,,,,No Diabetes,1,,,,,,,,,,,,,,,,,0.5,3,,,,,,,,,,1,,,,,,,
R_3Qv0QTQ49yAIRot,diabetes,attribution,testing,Diabetes,No Diabetes,1,160201,51.987,"""Glucose"" - 187(0.956810066315)
""Blood Pressure"" - 70(0.478260869565) -> 59(0.239130434783)
""Insulin"" - 200(0.338200115483)
""BMI"" - 36.4(0.561955605507)
""Age"" - 36(0.405405405405)",,0.8,0.239130434783,Diabetes,0,0.316479275829,1.00978194599e-05,0.000447918377272,0.000437820557812,,,1,0,-0.239130434783,0,0,0,0,1,0,0,0,0.00183088596903,0,far from boundary,0.499552081623,,0.5,3,0,,1,0.932842705252,0.281142117469,0.115774283089,-0.16536783438,,,1,,,,,,,0.881817086418
R_3Qv0QTQ49yAIRot,diabetes,attribution,testing,Diabetes,No Diabetes,2,160203,18.279,"""Glucose"" - 161(0.735759224622) -> 136(0.523210338378)
""Blood Pressure"" - 68(0.434782608696)
""Insulin"" - 132(0.197970799307)
""BMI"" - 25.5(0.179123349255)
""Age"" - 47(0.702702702703)",,0.8,0.212548886244,No Diabetes,1,0.212664232386,0.0154053958182,0.980042751302,0.964637355484,,,1,-0.212548886244,0,0,0,0,1,0,0,0,0,4.53842583008,0,far from boundary,0.480042751302,,0.5,3,1,,1,0.957490222751,0.0605519329641,0.0772127762753,0.0166608433112,,,1,,,,,,,0.922112801716
R_3Qv0QTQ49yAIRot,diabetes,attribution,testing,Diabetes,No Diabetes,3,160214,12.029,"""Glucose"" - 104(0.251147763986)
""Blood Pressure"" - 74(0.565217391304) -> 64(0.347826086957)
""Insulin"" - 156(0.247463499134)
""BMI"" - 29.9(0.33366114077)
""Age"" - 41(0.540540540541)",,0.8,0.217391304348,No Diabetes,1,0.417485522187,0.00403975635919,0.99923425183,0.995194495471,,,1,0,-0.217391304348,0,0,0,0,1,0,0,0,4.57789467916,0,far from boundary,0.49923425183,,0.5,3,1,,1,0.95652173913,0.0501717968156,0.0778688054193,0.0276970086037,,,1,,,,,,,0.884510288366
R_3Qv0QTQ49yAIRot,diabetes,attribution,testing,Diabetes,No Diabetes,4,160213,8.142,"""Glucose"" - 117(0.361673184833)
""Blood Pressure"" - 88(0.869565217391) -> 71(0.5)
""Insulin"" - 145(0.224779345047)
""BMI"" - 34.5(0.495223377353)
""Age"" - 40(0.513513513514)",,0.8,0.369565217391,No Diabetes,1,0.369561093,0.00760236055804,0.89615567825,0.888553317692,,,1,0,-0.369565217391,0,0,0,0,1,0,0,0,2.40432074199,0,far from boundary,0.39615567825,,0.5,3,1,,1,0.954581206851,0.0929170929375,0.0355691211315,-0.057347971806,,,1,,,,,,,0.896771274152
R_3Qv0QTQ49yAIRot,diabetes,attribution,testing,Diabetes,No Diabetes,5,160212,13.933,"""Glucose"" - 111(0.310661452134)
""Blood Pressure"" - 72(0.521739130435) -> 65(0.369565217391)
""Insulin"" - 207(0.352635486266)
""BMI"" - 37.1(0.586541163248)
""Age"" - 56(0.945945945946)",,0.8,0.152173913043,No Diabetes,1,0.152169788652,0.0145223683682,0.70985462073,0.695332252362,,,1,0,-0.152173913043,0,0,0,0,1,0,0,0,4.56932622982,0,far from boundary,0.20985462073,,0.5,3,1,,1,0.969565217391,0.0372518432215,0.0137296267792,-0.0235222164423,,,1,,,,,,,0.857721581491
R_3Qv0QTQ49yAIRot,diabetes,attribution,testing,Diabetes,No Diabetes,6,160200,8.883,"""Glucose"" - 154(0.676245536473)
""Blood Pressure"" - 72(0.521739130435) -> 61(0.282608695652)
""Insulin"" - 126(0.18559762435)
""BMI"" - 31.3(0.382832256252)
""Age"" - 37(0.432432432432)",,0.8,0.239130434783,No Diabetes,1,0.165200387393,0.011786029432,0.944743012241,0.932956982809,,,1,0,-0.239130434783,0,0,0,0,1,0,0,0,3.90145647356,0,far from boundary,0.444743012241,,0.5,3,1,,1,0.951534461402,0.0980127823706,0.047793107575,-0.0502196747956,,,1,,,,,,,0.919574905611
R_3Qv0QTQ49yAIRot,diabetes,attribution,testing,Diabetes,No Diabetes,7,160211,9.85,"""Glucose"" - 145(0.599727937426)
""Blood Pressure"" - 80(0.695652173913) -> 66(0.391304347826)
""Insulin"" - 130(0.193846407655)
""BMI"" - 37.9(0.614638943523)
""Age"" - 40(0.513513513514)",,0.8,0.304347826087,Diabetes,0,0.304330822176,0.0173759567743,0.0360407217269,0.0186647649526,,,1,0,-0.304347826087,0,0,0,0,1,0,0,0,0.0613270848442,0,far from boundary,0.463959278273,,0.5,3,0,,1,0.937220620267,0.0747170723186,0.074307298439,-0.000409773879597,,,1,,,,,,,0.912044427568
R_3Qv0QTQ49yAIRot,diabetes,attribution,testing,Diabetes,No Diabetes,8,160202,9.779,"""Glucose"" - 125(0.429688828431)
""Blood Pressure"" - 70(0.478260869565) -> 57(0.195652173913)
""Insulin"" - 115(0.162913470263)
""BMI"" - 31.1(0.375807811183)
""Age"" - 41(0.540540540541)",,0.8,0.282608695652,No Diabetes,1,0.48258756735,0.0226086726886,0.999905561158,0.977296888469,,,1,0,-0.282608695652,0,0,0,0,1,0,0,0,3.45812745151,0,far from boundary,0.499905561158,,0.5,3,1,,1,0.943478260869,0.0569726484831,0.141438703539,0.0844660550559,,,1,,,,,,,0.888365850373
R_3Qv0QTQ49yAIRot,diabetes,attribution,testing,Diabetes,No Diabetes,9,160204,16.254,"""Glucose"" - 125(0.429688828431)
""Blood Pressure"" - 70(0.478260869565) -> 61(0.282608695652)
""Insulin"" - 122(0.177348841046)
""BMI"" - 28.9(0.298538915426)
""Age"" - 45(0.648648648649)",,0.8,0.195652173913,No Diabetes,1,0.39563104561,0.0314886929294,0.999671976843,0.968183283913,,,1,0,-0.195652173913,0,0,0,0,1,0,0,0,4.94849234,0,far from boundary,0.499671976843,,0.5,3,1,,1,0.960869565217,0.0395820491408,0.118696339,0.079114289859,,,1,,,,,,,0.907667641163
R_3Qv0QTQ49yAIRot,diabetes,attribution,testing,Diabetes,No Diabetes,10,160210,9.384,"""Glucose"" - 100(0.217139942187)
""Blood Pressure"" - 74(0.565217391304) -> 61(0.282608695652)
""Insulin"" - 215(0.369133052875)
""BMI"" - 39.4(0.66732228154)
""Age"" - 43(0.594594594595)",,0.8,0.282608695652,No Diabetes,1,0.282604571261,0.00206481615935,0.982497861374,0.980433045215,,,1,0,-0.282608695652,0,0,0,0,1,0,0,0,3.46922462153,0,far from boundary,0.482497861374,,0.5,3,1,,1,0.913038226511,0.0664632820126,0.0397955951295,-0.0266676868831,,,1,,,,,,,0.877416679991
R_3Qv0QTQ49yAIRot,diabetes,attribution,testing,No Diabetes,Diabetes,11,160207,11.418,"""Glucose"" - 89(0.123618432239)
""Blood Pressure"" - 74(0.565217391304) -> 84(0.782608695652)
""Insulin"" - 85(0.10104759548)
""BMI"" - 30.4(0.351222253442)
""Age"" - 38(0.459459459459)",,0.8,0.217391304348,No Diabetes,0,0.478225574874,3.06571688036e-06,0.00111362126671,0.00111055554983,,,1,0,0.217391304348,0,0,0,0,1,0,0,0,0.00510855552921,0,far from boundary,0.498886378733,,0.5,3,0,,1,0.95652173913,0.204135275223,0.100694536249,-0.103440738975,,,1,,,,,,,0.898949308987
R_3Qv0QTQ49yAIRot,diabetes,attribution,testing,No Diabetes,Diabetes,12,160219,7.077,"""Glucose"" - 139(0.548716204727)
""Blood Pressure"" - 64(0.347826086957) -> 77(0.630434782609)
""Insulin"" - 140(0.214468365916)
""BMI"" - 28.6(0.288002247822)
""Age"" - 26(0.135135135135)",,0.8,0.282608695652,No Diabetes,0,0.490815145991,0.051363697101,0.425983024786,0.374619327685,,,1,0,0.282608695652,0,0,0,0,1,0,0,0,1.32557608258,1,near boundary,0.074016975214,,0.5,3,0,,1,0.952228997823,0.038863565943,0.00616235035482,-0.0327012155881,,,1,,,,,,,0.847100347135
R_3Qv0QTQ49yAIRot,diabetes,attribution,testing,No Diabetes,Diabetes,13,160208,9.46,"""Glucose"" - 126(0.43819078388)
""Blood Pressure"" - 74(0.565217391304) -> 87(0.847826086957)
""Insulin"" - 75(0.0804256372185)
""BMI"" - 25.9(0.193172239393)
""Age"" - 39(0.486486486486)",,0.8,0.282608695652,No Diabetes,0,0.482690033972,0.0118459203727,0.454706333841,0.442860413468,,,1,0,0.282608695652,0,0,0,0,1,0,0,0,1.56704453996,0,far from boundary,0.045293666159,,0.5,3,0,,1,0.943478260869,0.0900870805017,0.00377385049187,-0.0863132300098,,,1,,,,,,,0.875325725741
R_3Qv0QTQ49yAIRot,diabetes,attribution,testing,No Diabetes,Diabetes,14,160205,12.807,"""Glucose"" - 100(0.217139942187)
""Blood Pressure"" - 74(0.565217391304)
""Insulin"" - 46(0.0206219582612) -> 254(0.449558690093)
""BMI"" - 19.5(0)
""Age"" - 28(0.189189189189)",,0.8,0.428936731832,No Diabetes,0,0.811997422894,4.55950587885e-06,1.01829655819e-12,-4.55950486056e-06,,,0,0,0,0.428936731832,0,0,0,0,1,0,0,-1.06297841201e-05,0,far from boundary,0.499999999999,,0.5,3,0,,1,0.88889067446,0.284435118814,0.490769659679,0.206334540865,,,1,,,,,,,0.883038400185
R_3Qv0QTQ49yAIRot,diabetes,attribution,testing,No Diabetes,Diabetes,15,160206,9.122,"""Glucose"" - 103(0.242645808536)
""Blood Pressure"" - 80(0.695652173913)
""Insulin"" - 82(0.0948610080013) -> 249(0.439247710963)
""BMI"" - 19.4(0)
""Age"" - 22(0.027027027027)",,0.8,0.344386702961,No Diabetes,0,1.0221258262,2.60449439793e-11,0,-2.60449439793e-11,,,0,0,0,0.344386702961,0,0,0,0,1,0,0,-7.5627031344e-11,0,far from boundary,0.5,,0.5,3,0,,1,0.931122659408,0.558946397893,0.56250073282,0.00355433492654,,,1,,,,,,,0.873653946831
R_3Qv0QTQ49yAIRot,diabetes,attribution,testing,No Diabetes,Diabetes,16,160218,8.397,"""Glucose"" - 154(0.676245536473)
""Blood Pressure"" - 74(0.565217391304) -> 83(0.760869565217)
""Insulin"" - 193(0.3237647447)
""BMI"" - 29.3(0.312587805563)
""Age"" - 39(0.486486486486)",,0.8,0.195652173913,Diabetes,1,0.395733512233,0.0239115963161,0.600737213602,0.576825617286,,,1,0,0.195652173913,0,0,0,0,1,0,0,0,2.94821982168,0,far from boundary,0.100737213602,,0.5,3,1,,1,0.960869565217,0.0818222236912,0.00843572628184,-0.0733864974093,,,1,,,,,,,0.882843452125
R_3Qv0QTQ49yAIRot,diabetes,attribution,testing,No Diabetes,Diabetes,17,160209,12.459,"""Glucose"" - 83(0.0726066995409)
""Blood Pressure"" - 78(0.652173913043)
""Insulin"" - 71(0.072176853914) -> 254(0.449558690093)
""BMI"" - 29.3(0.312587805563)
""Age"" - 36(0.405405405405)",,0.8,0.377381836179,Diabetes,1,0.264958662178,4.04768338846e-06,0.96061661555,0.960612567867,,,1,0,0,0.377381836179,0,0,0,0,1,0,0,2.54546582738,0,far from boundary,0.46061661555,,0.5,3,1,,1,0.924523632764,0.215219871146,0.0335028758959,-0.18171699525,,,1,,,,,,,0.863669400433
R_3Qv0QTQ49yAIRot,diabetes,attribution,testing,No Diabetes,Diabetes,18,160216,9.476,"""Glucose"" - 151(0.650739670124)
""Blood Pressure"" - 62(0.304347826087) -> 77(0.630434782609)
""Insulin"" - 120(0.173224449394)
""BMI"" - 35.5(0.530345602697)
""Age"" - 28(0.189189189189)",,0.8,0.326086956522,Diabetes,1,0.526181174361,0.0575860454833,0.999343442421,0.941757396938,,,1,0,0.326086956522,0,0,0,0,1,0,0,0,2.88805601727,1,near boundary,0.499343442421,,0.5,3,1,,1,0.93675857978,0.034821278767,0.145180276221,0.110358997454,,,1,,,,,,,0.852197482586
R_3Qv0QTQ49yAIRot,diabetes,attribution,testing,No Diabetes,Diabetes,19,160217,8.222,"""Glucose"" - 112(0.319163407584)
""Blood Pressure"" - 68(0.434782608696)
""Insulin"" - 94(0.119607357915) -> 293(0.529984327312)
""BMI"" - 34.1(0.481174487216)
""Age"" - 26(0.135135135135)",,0.8,0.410376969397,No Diabetes,0,0.618468073594,0.155856767991,0.0460345596998,-0.109822208291,,,0,0,0,0.410376969397,0,0,0,0,1,0,0,-0.267612991178,1,near boundary,0.4539654403,,0.5,3,0,,1,0.927028647732,0.030760691058,0.0844370861425,0.0536763950845,,,1,,,,,,,0.78106769846
R_3Qv0QTQ49yAIRot,diabetes,attribution,testing,No Diabetes,Diabetes,20,160215,10.13,"""Glucose"" - 117(0.361673184833)
""Blood Pressure"" - 60(0.260869565217) -> 81(0.717391304348)
""Insulin"" - 106(0.144353707828)
""BMI"" - 33.8(0.470637819612)
""Age"" - 27(0.162162162162)",,0.8,0.45652173913,No Diabetes,0,0.656500610828,0.077624123637,0.00235797398917,-0.0752661496479,,,0,0,0.45652173913,0,0,0,0,1,0,0,0,-0.164868708753,1,near boundary,0.497642026011,,0.5,3,0,,1,0.964230823871,0.0606767911965,0.170875175171,0.110198383974,,,1,,,,,,,0.840281373585
R_7PsMTUjq8Wa1btt,diabetes,counterfactual,training,Diabetes,,1,160100,86.356,"""Glucose"" - 186(0.948308110865)
""Blood Pressure"" - 90(0.913043478261)
""Insulin"" - 225(0.389755011136)
""BMI"" - 34.5(0.495223377353)
""Age"" - 37(0.432432432432)","""Glucose"" - 186(0.948308110865) -> 161(0.735759224622)
""Blood Pressure"" - 90(0.913043478261)
""Insulin"" - 225(0.389755011136)
""BMI"" - 34.5(0.495223377353) -> 30.2(0.344197808373)
""Age"" - 37(0.432432432432)",,,,,,,,,Diabetes,1,,,,,,,,,,,,,,,,,0.666666666667,1,,,,,,,,,,0,,,,,,,
R_7PsMTUjq8Wa1btt,diabetes,counterfactual,training,No Diabetes,,2,160105,70.241,"""Glucose"" - 116(0.353171229383)
""Blood Pressure"" - 72(0.521739130435)
""Insulin"" - 87(0.105171987132)
""BMI"" - 22.1(0.0597077830851)
""Age"" - 37(0.432432432432)","""Glucose"" - 116(0.353171229383) -> 132(0.489202516579)
""Blood Pressure"" - 72(0.521739130435)
""Insulin"" - 87(0.105171987132)
""BMI"" - 22.1(0.0597077830851) -> 27.1(0.235318909806)
""Age"" - 37(0.432432432432)",,,,,,,,,No Diabetes,1,,,,,,,,,,,,,,,,,0.666666666667,1,,,,,,,,,,0,,,,,,,
R_7PsMTUjq8Wa1btt,diabetes,counterfactual,training,No Diabetes,,3,160104,4.13,"""Glucose"" - 95(0.174630164938)
""Blood Pressure"" - 74(0.565217391304)
""Insulin"" - 73(0.0763012455663)
""BMI"" - 25.9(0.193172239393)
""Age"" - 36(0.405405405405)","""Glucose"" - 95(0.174630164938) -> 128(0.45519469478)
""Blood Pressure"" - 74(0.565217391304)
""Insulin"" - 73(0.0763012455663)
""BMI"" - 25.9(0.193172239393) -> 28.75(0.293270581624)
""Age"" - 36(0.405405405405)",,,,,,,,,No Diabetes,1,,,,,,,,,,,,,,,,,0.666666666667,1,,,,,,,,,,0,,,,,,,
R_7PsMTUjq8Wa1btt,diabetes,counterfactual,training,Diabetes,,4,160101,3.713,"""Glucose"" - 149(0.633735759225)
""Blood Pressure"" - 68(0.434782608696)
""Insulin"" - 127(0.187659820177)
""BMI"" - 29.3(0.312587805563)
""Age"" - 42(0.567567567568)","""Glucose"" - 149(0.633735759225) -> 137.24(0.533752763136)
""Blood Pressure"" - 68(0.434782608696)
""Insulin"" - 127(0.187659820177)
""BMI"" - 29.3(0.312587805563) -> 25.9(0.193172239393)
""Age"" - 42(0.567567567568)",,,,,,,,,Diabetes,1,,,,,,,,,,,,,,,,,0.666666666667,1,,,,,,,,,,0,,,,,,,
R_7PsMTUjq8Wa1btt,diabetes,counterfactual,training,No Diabetes,,5,160103,3.841,"""Glucose"" - 99(0.208637986737)
""Blood Pressure"" - 80(0.695652173913)
""Insulin"" - 64(0.0577414831312)
""BMI"" - 19.3(0)
""Age"" - 30(0.243243243243)","""Glucose"" - 99(0.208637986737) -> 111(0.310661452134)
""Blood Pressure"" - 80(0.695652173913)
""Insulin"" - 64(0.0577414831312)
""BMI"" - 19.3(0) -> 27.7(0.256392245013)
""Age"" - 30(0.243243243243)",,,,,,,,,No Diabetes,1,,,,,,,,,,,,,,,,,0.666666666667,1,,,,,,,,,,0,,,,,,,
R_7PsMTUjq8Wa1btt,diabetes,counterfactual,training,Diabetes,,6,160102,66.989,"""Glucose"" - 187(0.956810066315)
""Blood Pressure"" - 68(0.434782608696)
""Insulin"" - 304(0.552668481399)
""BMI"" - 37.7(0.607614498455)
""Age"" - 41(0.540540540541)","""Glucose"" - 187(0.956810066315) -> 150(0.642237714674)
""Blood Pressure"" - 68(0.434782608696)
""Insulin"" - 304(0.552668481399)
""BMI"" - 37.7(0.607614498455) -> 34.85(0.507516156224)
""Age"" - 41(0.540540540541)",,,,,,,,,Diabetes,1,,,,,,,,,,,,,,,,,0.666666666667,1,,,,,,,,,,0,,,,,,,
R_7PsMTUjq8Wa1btt,diabetes,counterfactual,training,Diabetes,,7,160107,5.585,"""Glucose"" - 100(0.217139942187)
""Blood Pressure"" - 78(0.652173913043)
""Insulin"" - 184(0.305204982265)
""BMI"" - 36.6(0.568980050576)
""Age"" - 46(0.675675675676)","""Glucose"" - 100(0.217139942187)
""Blood Pressure"" - 78(0.652173913043) -> 73.4(0.552173913043)
""Insulin"" - 184(0.305204982265) -> 135.51(0.205209106657)
""BMI"" - 36.6(0.568980050576)
""Age"" - 46(0.675675675676)",,,,,,,,,Diabetes,1,,,,,,,,,,,,,,,,,0.666666666667,1,,,,,,,,,,0,,,,,,,
R_7PsMTUjq8Wa1btt,diabetes,counterfactual,training,No Diabetes,,8,160111,4.086,"""Glucose"" - 103(0.242645808536)
""Blood Pressure"" - 30(0)
""Insulin"" - 83(0.0969232038274)
""BMI"" - 43.3(0.804298960382)
""Age"" - 33(0.324324324324)","""Glucose"" - 103(0.242645808536)
""Blood Pressure"" - 30(0) -> 92(0.95652173913)
""Insulin"" - 83(0.0969232038274) -> 155(0.245401303308)
""BMI"" - 43.3(0.804298960382)
""Age"" - 33(0.324324324324)",,,,,,,,,No Diabetes,1,,,,,,,,,,,,,,,,,0.666666666667,1,,,,,,,,,,0,,,,,,,
R_7PsMTUjq8Wa1btt,diabetes,counterfactual,training,No Diabetes,,9,160109,4.368,"""Glucose"" - 191(0.990817888114)
""Blood Pressure"" - 68(0.434782608696)
""Insulin"" - 130(0.193846407655)
""BMI"" - 30.9(0.368783366114)
""Age"" - 34(0.351351351351)","""Glucose"" - 191(0.990817888114)
""Blood Pressure"" - 68(0.434782608696) -> 72.6(0.534782608696)
""Insulin"" - 130(0.193846407655) -> 178.49(0.293842283263)
""BMI"" - 30.9(0.368783366114)
""Age"" - 34(0.351351351351)",,,,,,,,,Diabetes,0,,,,,,,,,,,,,,,,,0.666666666667,1,,,,,,,,,,0,,,,,,,
R_7PsMTUjq8Wa1btt,diabetes,counterfactual,training,Diabetes,,10,160108,3.553,"""Glucose"" - 95(0.174630164938)
""Blood Pressure"" - 82(0.739130434783)
""Insulin"" - 180(0.296956198961)
""BMI"" - 35(0.512784490025)
""Age"" - 43(0.594594594595)","""Glucose"" - 95(0.174630164938)
""Blood Pressure"" - 82(0.739130434783) -> 77.4(0.639130434783)
""Insulin"" - 180(0.296956198961) -> 131.51(0.196960323352)
""BMI"" - 35(0.512784490025)
""Age"" - 43(0.594594594595)",,,,,,,,,No Diabetes,0,,,,,,,,,,,,,,,,,0.666666666667,1,,,,,,,,,,0,,,,,,,
R_7PsMTUjq8Wa1btt,diabetes,counterfactual,training,No Diabetes,,11,160110,3.171,"""Glucose"" - 180(0.897296378167)
""Blood Pressure"" - 64(0.347826086957)
""Insulin"" - 70(0.0701146580879)
""BMI"" - 34(0.477662264681)
""Age"" - 26(0.135135135135)","""Glucose"" - 180(0.897296378167)
""Blood Pressure"" - 64(0.347826086957) -> 71(0.5)
""Insulin"" - 70(0.0701146580879) -> 118.49(0.170110533696)
""BMI"" - 34(0.477662264681)
""Age"" - 26(0.135135135135)",,,,,,,,,Diabetes,0,,,,,,,,,,,,,,,,,0.666666666667,1,,,,,,,,,,0,,,,,,,
R_7PsMTUjq8Wa1btt,diabetes,counterfactual,training,Diabetes,,12,160106,4.915,"""Glucose"" - 120(0.387179051182)
""Blood Pressure"" - 80(0.695652173913)
""Insulin"" - 200(0.338200115483)
""BMI"" - 38.9(0.649761168868)
""Age"" - 41(0.540540540541)","""Glucose"" - 120(0.387179051182)
""Blood Pressure"" - 80(0.695652173913) -> 75.4(0.595652173913)
""Insulin"" - 200(0.338200115483) -> 151.51(0.238204239875)
""BMI"" - 38.9(0.649761168868)
""Age"" - 41(0.540540540541)",,,,,,,,,No Diabetes,0,,,,,,,,,,,,,,,,,0.666666666667,1,,,,,,,,,,0,,,,,,,
R_7PsMTUjq8Wa1btt,diabetes,counterfactual,testing,Diabetes,No Diabetes,1,160212,25.188,"""Glucose"" - 111(0.310661452134)
""Blood Pressure"" - 72(0.521739130435) -> 61(0.282608695652)
""Insulin"" - 207(0.352635486266)
""BMI"" - 37.1(0.586541163248) -> 28.9416(0.3)
""Age"" - 56(0.945945945946) -> 39(0.486486486486)",,0.4,0.98513105749,Diabetes,0,0.985126933099,0.0145223683682,0.0200436141313,0.00552124576313,,,1,0,-0.239130434783,0,-0.286541163248,-0.459459459459,0,1,0,1,1,0.00560457994005,0,far from boundary,0.479956385869,,0.666666666667,1,0,,0,0.917319957743,0.0372518432215,0.0370875813794,-0.000164261842036,,,0,,,,,,,0.853221445426
R_7PsMTUjq8Wa1btt,diabetes,counterfactual,testing,Diabetes,No Diabetes,2,160213,79.419,"""Glucose"" - 117(0.361673184833)
""Blood Pressure"" - 88(0.869565217391) -> 65(0.369565217391)
""Insulin"" - 145(0.224779345047)
""BMI"" - 34.5(0.495223377353) -> 32.35824(0.42)
""Age"" - 40(0.513513513514)",,0.6,0.575223377353,No Diabetes,1,0.575219252962,0.00760236055804,0.992908468599,0.985306108041,,,1,0,-0.5,0,-0.0752233773532,0,0,1,0,1,0,1.71291040461,0,far from boundary,0.492908468599,,0.666666666667,1,1,,1,0.941813673225,0.0929170929375,0.0766007102369,-0.0163163827005,,,0,,,,,,,0.892826852189
R_7PsMTUjq8Wa1btt,diabetes,counterfactual,testing,Diabetes,No Diabetes,3,160200,16.288,"""Glucose"" - 154(0.676245536473) -> 130(0.472198605679)
""Blood Pressure"" - 72(0.521739130435) -> 65(0.369565217391)
""Insulin"" - 126(0.18559762435)
""BMI"" - 31.3(0.382832256252)
""Age"" - 37(0.432432432432)",,0.6,0.356220843838,No Diabetes,1,0.12580306514,0.011786029432,0.741804825373,0.730018795941,,,1,-0.204046930794,-0.152173913043,0,0,0,1,1,0,0,0,2.04934328962,0,far from boundary,0.241804825373,,0.666666666667,1,1,,1,0.942195572663,0.0980127823706,0.0467553993956,-0.051257382975,,,0,,,,,,,0.9131607347
R_7PsMTUjq8Wa1btt,diabetes,counterfactual,testing,Diabetes,No Diabetes,4,160201,9.639,"""Glucose"" - 187(0.956810066315) -> 122(0.404182962081)
""Blood Pressure"" - 70(0.478260869565) -> 63(0.326086956522)
""Insulin"" - 200(0.338200115483) -> 118(0.169100057741)
""BMI"" - 36.4(0.561955605507)
""Age"" - 36(0.405405405405)",,0.4,0.873901075019,No Diabetes,1,0.613049800582,1.00978194599e-05,0.990487538985,0.990477441165,,,1,-0.552627104234,-0.152173913043,-0.169100057741,0,0,1,1,1,0,0,1.13339766877,0,far from boundary,0.490487538985,,0.666666666667,1,1,,1,0.938415274613,0.281142117469,0.113991699653,-0.167150417816,,,0,,,,,,,0.846332365228
R_7PsMTUjq8Wa1btt,diabetes,counterfactual,testing,Diabetes,No Diabetes,5,160204,8.241,"""Glucose"" - 125(0.429688828431) -> 110(0.302159496684)
""Blood Pressure"" - 70(0.478260869565) -> 60(0.260869565217)
""Insulin"" - 122(0.177348841046)
""BMI"" - 28.9(0.298538915426) -> 26.37912(0.21)
""Age"" - 45(0.648648648649) -> 39(0.486486486486)",,0.2,0.595621713682,No Diabetes,1,0.595634593201,0.0314886929294,0.999864625446,0.968375932517,,,1,-0.127529331746,-0.217391304348,0,-0.0885389154257,-0.162162162162,1,1,0,1,1,1.62582375738,0,far from boundary,0.499864625446,,0.666666666667,1,1,,0,0.944121260032,0.0395820491408,0.199275245461,0.15969319632,,,0,,,,,,,0.88231911544
R_7PsMTUjq8Wa1btt,diabetes,counterfactual,testing,Diabetes,No Diabetes,6,160203,13.053,"""Glucose"" - 161(0.735759224622) -> 114(0.336167318483)
""Blood Pressure"" - 68(0.434782608696) -> 63(0.326086956522)
""Insulin"" - 132(0.197970799307)
""BMI"" - 25.5(0.179123349255)
""Age"" - 47(0.702702702703) -> 38(0.459459459459)",,0.4,0.751530801556,No Diabetes,1,0.751646147697,0.0154053958182,0.999635294104,0.984229898286,,,1,-0.399591906138,-0.108695652174,0,0,-0.243243243243,1,1,0,0,1,1.30963347909,0,far from boundary,0.499635294104,,0.666666666667,1,1,,0,0.920921750503,0.0605519329641,0.222805270513,0.162253337548,,,0,,,,,,,0.909620501963
R_7PsMTUjq8Wa1btt,diabetes,counterfactual,testing,Diabetes,No Diabetes,7,160211,11.46,"""Glucose"" - 145(0.599727937426) -> 130(0.472198605679)
""Blood Pressure"" - 80(0.695652173913) -> 65(0.369565217391)
""Insulin"" - 130(0.193846407655)
""BMI"" - 37.9(0.614638943523)
""Age"" - 40(0.513513513514)",,0.6,0.453616288268,No Diabetes,1,0.253633292179,0.0173759567743,0.750779309988,0.733403353214,,,1,-0.127529331746,-0.326086956522,0,0,0,1,1,0,0,0,1.61679236875,0,far from boundary,0.250779309988,,0.666666666667,1,1,,1,0.93797396745,0.0747170723186,0.0221380008902,-0.0525790714283,,,0,,,,,,,0.882190735132
R_7PsMTUjq8Wa1btt,diabetes,counterfactual,testing,Diabetes,No Diabetes,8,160202,13.642,"""Glucose"" - 125(0.429688828431) -> 106(0.268151674885)
""Blood Pressure"" - 70(0.478260869565) -> 63(0.326086956522)
""Insulin"" - 115(0.162913470263)
""BMI"" - 31.1(0.375807811183) -> 29.79576(0.33)
""Age"" - 41(0.540540540541) -> 39(0.486486486486)",,0.2,0.413572931826,No Diabetes,1,0.413585811345,0.0226086726886,0.999970158321,0.977361485632,,,1,-0.161537153545,-0.152173913043,0,-0.0458078111829,-0.0540540540541,1,1,0,1,1,2.36321434606,0,far from boundary,0.499970158321,,0.666666666667,1,1,,0,0.96202849503,0.0569726484831,0.156144880662,0.0991722321791,,,0,,,,,,,0.880496127611
R_7PsMTUjq8Wa1btt,diabetes,counterfactual,testing,Diabetes,No Diabetes,9,160214,5.269,"""Glucose"" - 104(0.251147763986)
""Blood Pressure"" - 74(0.565217391304) -> 67(0.413043478261)
""Insulin"" - 156(0.247463499134)
""BMI"" - 29.9(0.33366114077)
""Age"" - 41(0.540540540541) -> 38(0.459459459459)",,0.6,0.233254994125,No Diabetes,1,0.433349211964,0.00403975635919,0.907541539292,0.903501782933,,,1,0,-0.152173913043,0,0,-0.0810810810811,0,1,0,0,1,3.87345096864,0,far from boundary,0.407541539292,,0.666666666667,1,1,,0,0.953349001175,0.0501717968156,0.034819206462,-0.0153525903536,,,0,,,,,,,0.881337550411
R_7PsMTUjq8Wa1btt,diabetes,counterfactual,testing,Diabetes,No Diabetes,10,160210,31.914,"""Glucose"" - 100(0.217139942187)
""Blood Pressure"" - 74(0.565217391304) -> 65(0.369565217391)
""Insulin"" - 215(0.369133052875)
""BMI"" - 39.4(0.66732228154) -> 31.21936(0.38)
""Age"" - 43(0.594594594595) -> 38(0.459459459459)",,0.4,0.618109590588,Diabetes,0,0.618105466196,0.00206481615935,0.331461409306,0.329396593147,,,1,0,-0.195652173913,0,-0.28732228154,-0.135135135135,0,1,0,1,1,0.532909694596,0,far from boundary,0.168538590694,,0.666666666667,1,0,,0,0.960710645353,0.0664632820126,0.0103500066365,-0.0561132753761,,,0,,,,,,,0.849653393389
R_7PsMTUjq8Wa1btt,diabetes,counterfactual,testing,No Diabetes,Diabetes,11,160217,10.638,"""Glucose"" - 112(0.319163407584) -> 140(0.557218160177)
""Blood Pressure"" - 68(0.434782608696) -> 73(0.54347826087)
""Insulin"" - 94(0.119607357915)
""BMI"" - 34.1(0.481174487216)
""Age"" - 26(0.135135135135)",,0.6,0.346750404767,Diabetes,1,0.354875516786,0.155856767991,0.951062221056,0.795205453065,,,1,0.238054752593,0.108695652174,0,0,0,1,1,0,0,0,2.29330793024,1,near boundary,0.451062221056,,0.666666666667,1,1,,1,0.936558370446,0.030760691058,0.07679395367,0.046033262612,,,0,,,,,,,0.882252937147
R_7PsMTUjq8Wa1btt,diabetes,counterfactual,testing,No Diabetes,Diabetes,12,160209,31.503,"""Glucose"" - 83(0.0726066995409) -> 129(0.46369665023)
""Blood Pressure"" - 78(0.652173913043)
""Insulin"" - 71(0.072176853914)
""BMI"" - 29.3(0.312587805563)
""Age"" - 36(0.405405405405)",,0.8,0.391089950689,Diabetes,1,0.503513124689,4.04768338846e-06,0.94466071602,0.944656668336,,,1,0.391089950689,0,0,0,0,1,0,0,0,0,2.4154460289,0,far from boundary,0.44466071602,,0.666666666667,1,1,,1,0.935758436271,0.215219871146,0.106097820029,-0.109122051117,,,0,,,,,,,0.900087407029
R_7PsMTUjq8Wa1btt,diabetes,counterfactual,testing,No Diabetes,Diabetes,13,160219,32.081,"""Glucose"" - 139(0.548716204727)
""Blood Pressure"" - 64(0.347826086957) -> 70(0.478260869565)
""Insulin"" - 140(0.214468365916) -> 235(0.410376969397)
""BMI"" - 28.6(0.288002247822)
""Age"" - 26(0.135135135135)",,0.6,0.32634338609,No Diabetes,0,0.534549836429,0.051363697101,0.15910014137,0.107736444269,,,1,0,0.130434782609,0.195908603481,0,0,0,1,1,0,0,0.33013215178,1,near boundary,0.34089985863,,0.666666666667,1,0,,1,0.934731322782,0.038863565943,0.0664013487167,0.0275377827737,,,0,,,,,,,0.838353409048
R_7PsMTUjq8Wa1btt,diabetes,counterfactual,testing,No Diabetes,Diabetes,14,160208,7.071,"""Glucose"" - 126(0.43819078388) -> 140(0.557218160177)
""Blood Pressure"" - 74(0.565217391304)
""Insulin"" - 75(0.0804256372185) -> 162(0.259836674091)
""BMI"" - 25.9(0.193172239393)
""Age"" - 39(0.486486486486)",,0.6,0.298438413169,No Diabetes,0,0.29855375931,0.0118459203727,0.195916092837,0.184070172464,,,1,0.119027376297,0,0.179411036872,0,0,1,0,1,0,0,0.616777748244,0,far from boundary,0.304083907163,,0.666666666667,1,0,,1,0.940312317366,0.0900870805017,0.0322128517386,-0.057874228763,,,0,,,,,,,0.904074823436
R_7PsMTUjq8Wa1btt,diabetes,counterfactual,testing,No Diabetes,Diabetes,15,160216,8.66,"""Glucose"" - 151(0.650739670124)
""Blood Pressure"" - 62(0.304347826087) -> 69(0.45652173913)
""Insulin"" - 120(0.173224449394) -> 177(0.290769611482)
""BMI"" - 35.5(0.530345602697)
""Age"" - 28(0.189189189189)",,0.6,0.269719075132,Diabetes,1,0.269821541755,0.0575860454833,0.970334760293,0.91274871481,,,1,0,0.152173913043,0.117545162089,0,0,0,1,1,0,0,3.38407179531,1,near boundary,0.470334760293,,0.666666666667,1,1,,1,0.946056184974,0.034821278767,0.159952831062,0.125131552295,,,0,,,,,,,0.863471058864
R_7PsMTUjq8Wa1btt,diabetes,counterfactual,testing,No Diabetes,Diabetes,16,160215,10.697,"""Glucose"" - 117(0.361673184833) -> 140(0.557218160177)
""Blood Pressure"" - 60(0.260869565217) -> 68(0.434782608696)
""Insulin"" - 106(0.144353707828) -> 225(0.389755011136)
""BMI"" - 33.8(0.470637819612)
""Age"" - 27(0.162162162162) -> 30(0.243243243243)",,0.2,0.695940403211,Diabetes,1,0.695927523692,0.077624123637,0.961857719777,0.88423359614,,,1,0.195544975344,0.173913043478,0.245401303308,0,0.0810810810811,1,1,1,0,1,1.27055936408,1,near boundary,0.461857719777,,0.666666666667,1,1,,0,0.958222958694,0.0606767911965,0.060415639041,-0.00026115215543,,,0,,,,,,,0.847802574324
R_7PsMTUjq8Wa1btt,diabetes,counterfactual,testing,No Diabetes,Diabetes,17,160218,7.521,"""Glucose"" - 154(0.676245536473)
""Blood Pressure"" - 74(0.565217391304)
""Insulin"" - 193(0.3237647447) -> 259(0.459869669224)
""BMI"" - 29.3(0.312587805563)
""Age"" - 39(0.486486486486)",,0.8,0.136104924524,No Diabetes,0,0.336186262844,0.0239115963161,0.00515662223041,-0.0187549740857,,,0,0,0,0.136104924524,0,0,0,0,1,0,0,-0.1377979096,0,far from boundary,0.49484337777,,0.666666666667,1,0,,1,0.972779015095,0.0818222236912,0.118265346756,0.0364431230648,,,0,,,,,,,0.894752902003
R_7PsMTUjq8Wa1btt,diabetes,counterfactual,testing,No Diabetes,Diabetes,18,160206,21.103,"""Glucose"" - 103(0.242645808536) -> 140(0.557218160177)
""Blood Pressure"" - 80(0.695652173913)
""Insulin"" - 82(0.0948610080013) -> 264(0.470180648354)
""BMI"" - 19.4(0)
""Age"" - 22(0.027027027027)",,0.6,0.689891991994,No Diabetes,0,0.738486411954,2.60449439793e-11,3.54580809159e-11,9.41313693659e-12,,,1,0.314572351641,0,0.375319640353,0,0,1,0,1,0,0,1.36443632421e-11,0,far from boundary,0.499999999965,,0.666666666667,1,0,,1,0.8804200624,0.558946397893,0.377054661547,-0.181891736346,,,0,,,,,,,0.804552889024
R_7PsMTUjq8Wa1btt,diabetes,counterfactual,testing,No Diabetes,Diabetes,19,160207,7.061,"""Glucose"" - 89(0.123618432239) -> 140(0.557218160177)
""Blood Pressure"" - 74(0.565217391304)
""Insulin"" - 85(0.10104759548) -> 211(0.36088426957)
""BMI"" - 30.4(0.351222253442)
""Age"" - 38(0.459459459459)",,0.6,0.693436402028,No Diabetes,0,0.432602131502,3.06571688036e-06,0.0130587104526,0.0130556447357,,,1,0.433599727937,0,0.259836674091,0,0,1,0,1,0,0,0.0188274580012,0,far from boundary,0.486941289547,,0.666666666667,1,0,,1,0.955638324785,0.204135275223,0.140614634019,-0.0635206412036,,,0,,,,,,,0.894616122593
R_7PsMTUjq8Wa1btt,diabetes,counterfactual,testing,No Diabetes,Diabetes,20,160205,64.932,"""Glucose"" - 100(0.217139942187) -> 133(0.497704472029)
""Blood Pressure"" - 74(0.565217391304)
""Insulin"" - 46(0.0206219582612) -> 249(0.439247710963)
""BMI"" - 19.5(0)
""Age"" - 28(0.189189189189)",,0.6,0.699190282543,No Diabetes,0,0.521121913922,4.55950587885e-06,2.07092121229e-11,-4.55948516964e-06,,,0,0.280564529842,0,0.418625752701,0,0,1,0,1,0,0,-6.52109344692e-06,0,far from boundary,0.499999999979,,0.666666666667,1,0,,1,0.871759218518,0.284435118814,0.349698285878,0.0652631670641,,,0,,,,,,,0.834992349265
R_61hCu6g2tcWoJo7,diabetes,attribution,training,Diabetes,,1,160107,55.141,"""Glucose"" - 100(0.217139942187)
""Blood Pressure"" - 78(0.652173913043)
""Insulin"" - 184(0.305204982265)
""BMI"" - 36.6(0.568980050576)
""Age"" - 46(0.675675675676)","""Insulin"" - -73% toward Diabetes
""Blood Pressure"" - -27% toward Diabetes",,,,,,,,,No Diabetes,0,,,,,,,,,,,,,,,,,0.333333333333,3,,,,,,,,,,1,,,,,,,
R_61hCu6g2tcWoJo7,diabetes,attribution,training,Diabetes,,2,160106,79.354,"""Glucose"" - 120(0.387179051182)
""Blood Pressure"" - 80(0.695652173913)
""Insulin"" - 200(0.338200115483)
""BMI"" - 38.9(0.649761168868)
""Age"" - 41(0.540540540541)","""Insulin"" - -62% toward Diabetes
""Blood Pressure"" - -38% toward Diabetes",,,,,,,,,No Diabetes,0,,,,,,,,,,,,,,,,,0.333333333333,3,,,,,,,,,,1,,,,,,,
R_61hCu6g2tcWoJo7,diabetes,attribution,training,No Diabetes,,3,160110,26.601,"""Glucose"" - 180(0.897296378167)
""Blood Pressure"" - 64(0.347826086957)
""Insulin"" - 70(0.0701146580879)
""BMI"" - 34(0.477662264681)
""Age"" - 26(0.135135135135)","""Insulin"" - -51% toward Diabetes
""Blood Pressure"" - -49% toward Diabetes",,,,,,,,,Diabetes,0,,,,,,,,,,,,,,,,,0.333333333333,3,,,,,,,,,,1,,,,,,,
R_61hCu6g2tcWoJo7,diabetes,attribution,training,No Diabetes,,4,160111,29.478,"""Glucose"" - 103(0.242645808536)
""Blood Pressure"" - 30(0)
""Insulin"" - 83(0.0969232038274)
""BMI"" - 43.3(0.804298960382)
""Age"" - 33(0.324324324324)","""Insulin"" - -85% toward Diabetes
""Blood Pressure"" - +15% toward No Diabetes",,,,,,,,,No Diabetes,1,,,,,,,,,,,,,,,,,0.333333333333,3,,,,,,,,,,1,,,,,,,
R_61hCu6g2tcWoJo7,diabetes,attribution,training,No Diabetes,,5,160109,22.925,"""Glucose"" - 191(0.990817888114)
""Blood Pressure"" - 68(0.434782608696)
""Insulin"" - 130(0.193846407655)
""BMI"" - 30.9(0.368783366114)
""Age"" - 34(0.351351351351)","""Blood Pressure"" - -53% toward Diabetes
""Insulin"" - -47% toward Diabetes",,,,,,,,,Diabetes,0,,,,,,,,,,,,,,,,,0.333333333333,3,,,,,,,,,,1,,,,,,,
R_61hCu6g2tcWoJo7,diabetes,attribution,training,Diabetes,,6,160108,43.175,"""Glucose"" - 95(0.174630164938)
""Blood Pressure"" - 82(0.739130434783)
""Insulin"" - 180(0.296956198961)
""BMI"" - 35(0.512784490025)
""Age"" - 43(0.594594594595)","""Insulin"" - -71% toward Diabetes
""Blood Pressure"" - -29% toward Diabetes",,,,,,,,,No Diabetes,0,,,,,,,,,,,,,,,,,0.333333333333,3,,,,,,,,,,1,,,,,,,
R_61hCu6g2tcWoJo7,diabetes,attribution,training,Diabetes,,7,160102,22.733,"""Glucose"" - 187(0.956810066315)
""Blood Pressure"" - 68(0.434782608696)
""Insulin"" - 304(0.552668481399)
""BMI"" - 37.7(0.607614498455)
""Age"" - 41(0.540540540541)","""Glucose"" - -66% toward Diabetes
""BMI"" - -34% toward Diabetes",,,,,,,,,No Diabetes,0,,,,,,,,,,,,,,,,,0.333333333333,3,,,,,,,,,,1,,,,,,,
R_61hCu6g2tcWoJo7,diabetes,attribution,training,Diabetes,,8,160101,25.029,"""Glucose"" - 149(0.633735759225)
""Blood Pressure"" - 68(0.434782608696)
""Insulin"" - 127(0.187659820177)
""BMI"" - 29.3(0.312587805563)
""Age"" - 42(0.567567567568)","""Glucose"" - -54% toward Diabetes
""BMI"" - -46% toward Diabetes",,,,,,,,,No Diabetes,0,,,,,,,,,,,,,,,,,0.333333333333,3,,,,,,,,,,1,,,,,,,
R_61hCu6g2tcWoJo7,diabetes,attribution,training,No Diabetes,,9,160103,27.858,"""Glucose"" - 99(0.208637986737)
""Blood Pressure"" - 80(0.695652173913)
""Insulin"" - 64(0.0577414831312)
""BMI"" - 19.3(0)
""Age"" - 30(0.243243243243)","""Glucose"" - -53% toward Diabetes
""BMI"" - -47% toward Diabetes",,,,,,,,,No Diabetes,1,,,,,,,,,,,,,,,,,0.333333333333,3,,,,,,,,,,1,,,,,,,
R_61hCu6g2tcWoJo7,diabetes,attribution,training,No Diabetes,,10,160105,20.5,"""Glucose"" - 116(0.353171229383)
""Blood Pressure"" - 72(0.521739130435)
""Insulin"" - 87(0.105171987132)
""BMI"" - 22.1(0.0597077830851)
""Age"" - 37(0.432432432432)","""BMI"" - -53% toward Diabetes
""Glucose"" - -47% toward Diabetes",,,,,,,,,Diabetes,0,,,,,,,,,,,,,,,,,0.333333333333,3,,,,,,,,,,1,,,,,,,
R_61hCu6g2tcWoJo7,diabetes,attribution,training,No Diabetes,,11,160104,19.623,"""Glucose"" - 95(0.174630164938)
""Blood Pressure"" - 74(0.565217391304)
""Insulin"" - 73(0.0763012455663)
""BMI"" - 25.9(0.193172239393)
""Age"" - 36(0.405405405405)","""Glucose"" - -53% toward Diabetes
""BMI"" - -47% toward Diabetes",,,,,,,,,No Diabetes,1,,,,,,,,,,,,,,,,,0.333333333333,3,,,,,,,,,,1,,,,,,,
R_61hCu6g2tcWoJo7,diabetes,attribution,training,Diabetes,,12,160100,19.168,"""Glucose"" - 186(0.948308110865)
""Blood Pressure"" - 90(0.913043478261)
""Insulin"" - 225(0.389755011136)
""BMI"" - 34.5(0.495223377353)
""Age"" - 37(0.432432432432)","""Glucose"" - -58% toward Diabetes
""BMI"" - -42% toward Diabetes",,,,,,,,,Diabetes,1,,,,,,,,,,,,,,,,,0.333333333333,3,,,,,,,,,,1,,,,,,,
R_61hCu6g2tcWoJo7,diabetes,attribution,testing,Diabetes,No Diabetes,1,160210,18.869,"""Glucose"" - 100(0.217139942187)
""Blood Pressure"" - 74(0.565217391304)
""Insulin"" - 215(0.369133052875)
""BMI"" - 39.4(0.66732228154) -> 27.518(0.25)
""Age"" - 43(0.594594594595)",,0.8,0.41732228154,Diabetes,0,0.617318157148,0.00206481615935,0.0230574630784,0.020992646919,,,1,0,0,0,-0.41732228154,0,0,0,0,1,0,0.0503032017402,0,far from boundary,0.476942536922,,0.333333333333,3,0,,1,0.941321485927,0.0664632820126,0.0370568398774,-0.0294064421352,,,1,,,,,,,0.889810855199
R_61hCu6g2tcWoJo7,diabetes,attribution,testing,Diabetes,No Diabetes,2,160201,13.27,"""Glucose"" - 187(0.956810066315) -> 131(0.480700561129)
""Blood Pressure"" - 70(0.478260869565)
""Insulin"" - 200(0.338200115483)
""BMI"" - 36.4(0.561955605507) -> 26.0944(0.2)
""Age"" - 36(0.405405405405)",,0.6,0.838065110693,No Diabetes,1,1.11541395174,1.00978194599e-05,0.998898819269,0.998888721449,,,1,-0.476109505186,0,0,-0.361955605507,0,1,0,0,1,0,1.19189870656,0,far from boundary,0.498898819269,,0.333333333333,3,1,,1,0.904970076212,0.281142117469,0.171632439045,-0.109509678423,,,1,,,,,,,0.885729007018
R_61hCu6g2tcWoJo7,diabetes,attribution,testing,Diabetes,No Diabetes,3,160203,30.029,"""Glucose"" - 161(0.735759224622) -> 143(0.582724026526)
""Blood Pressure"" - 68(0.434782608696)
""Insulin"" - 132(0.197970799307) -> 89(0.109296378784)
""BMI"" - 25.5(0.179123349255) -> 23.81664(0.12)
""Age"" - 47(0.702702702703)",,0.4,0.300832967874,No Diabetes,1,0.182701615505,0.0154053958182,0.980152946972,0.964747551154,,,1,-0.153035198096,0,-0.088674420523,-0.0591233492554,0,1,0,1,1,0,3.20692096339,0,far from boundary,0.480152946972,,0.333333333333,3,1,,1,0.939833406425,0.0605519329641,0.0693657268846,0.00881379392052,,,1,,,,,,,0.908580377042
R_61hCu6g2tcWoJo7,diabetes,attribution,testing,Diabetes,No Diabetes,4,160202,12.783,"""Glucose"" - 125(0.429688828431)
""Blood Pressure"" - 70(0.478260869565)
""Insulin"" - 115(0.162913470263)
""BMI"" - 31.1(0.375807811183) -> 28.37216(0.28)
""Age"" - 41(0.540540540541)",,0.8,0.0958078111829,Diabetes,0,0.29578668288,0.0226086726886,0.0870338257551,0.0644251530666,,,1,0,0,0,-0.0958078111829,0,0,0,0,1,0,0.672441550132,0,far from boundary,0.412966174245,,0.333333333333,3,0,,1,0.980838437763,0.0569726484831,0.0400980524727,-0.0168745960104,,,1,,,,,,,0.933622725167
R_61hCu6g2tcWoJo7,diabetes,attribution,testing,Diabetes,No Diabetes,5,160214,11.373,"""Glucose"" - 104(0.251147763986)
""Blood Pressure"" - 74(0.565217391304)
""Insulin"" - 156(0.247463499134) -> 70(0.0701146580879)
""BMI"" - 29.9(0.33366114077)
""Age"" - 41(0.540540540541)",,0.8,0.177348841046,No Diabetes,1,0.177451307669,0.00403975635919,0.999943157792,0.995903401433,,,1,0,0,-0.177348841046,0,0,0,0,1,0,0,5.61550555143,0,far from boundary,0.499943157792,,0.333333333333,3,1,,1,0.964530231791,0.0501717968156,0.127177046729,0.0770052499133,,,1,,,,,,,0.928334355392
R_61hCu6g2tcWoJo7,diabetes,attribution,testing,Diabetes,No Diabetes,6,160213,14.527,"""Glucose"" - 117(0.361673184833)
""Blood Pressure"" - 88(0.869565217391) -> 73(0.54347826087)
""Insulin"" - 145(0.224779345047)
""BMI"" - 34.5(0.495223377353) -> 25.24024(0.17)
""Age"" - 40(0.513513513514)",,0.6,0.651310333875,No Diabetes,1,0.651306209483,0.00760236055804,0.947556058844,0.939953698286,,,1,0,-0.326086956522,0,-0.325223377353,0,0,1,0,1,0,1.44317332215,0,far from boundary,0.447556058844,,0.333333333333,3,1,,1,0.941438059254,0.0929170929375,0.0399713664951,-0.0529457264423,,,1,,,,,,,0.931755651641
R_61hCu6g2tcWoJo7,diabetes,attribution,testing,Diabetes,No Diabetes,7,160212,16.879,"""Glucose"" - 111(0.310661452134)
""Blood Pressure"" - 72(0.521739130435)
""Insulin"" - 207(0.352635486266) -> 109(0.150540295306)
""BMI"" - 37.1(0.586541163248) -> 25.24024(0.17)
""Age"" - 56(0.945945945946)",,0.6,0.618636354207,No Diabetes,1,0.618640478599,0.0145223683682,0.999999991122,0.985477622754,,,1,0,0,-0.202095190959,-0.416541163248,0,0,0,1,1,0,1.59298369075,0,far from boundary,0.499999991122,,0.333333333333,3,1,,1,0.916540574972,0.0372518432215,0.242141140454,0.204889297232,,,1,,,,,,,0.85766323683
R_61hCu6g2tcWoJo7,diabetes,attribution,testing,Diabetes,No Diabetes,8,160200,13.716,"""Glucose"" - 154(0.676245536473) -> 125(0.429688828431)
""Blood Pressure"" - 72(0.521739130435) -> 63(0.326086956522)
""Insulin"" - 126(0.18559762435)
""BMI"" - 31.3(0.382832256252) -> 26.37912(0.21)
""Age"" - 37(0.432432432432)",,0.4,0.615041138208,No Diabetes,1,0.34114509864,0.011786029432,0.981730582696,0.969944553264,,,1,-0.246556708043,-0.195652173913,0,-0.172832256252,0,1,1,0,1,0,1.57704012465,0,far from boundary,0.481730582696,,0.333333333333,3,1,,1,0.935518459674,0.0980127823706,0.169774529364,0.0717617469933,,,1,,,,,,,0.899422474581
R_61hCu6g2tcWoJo7,diabetes,attribution,testing,Diabetes,No Diabetes,9,160204,16.972,"""Glucose"" - 125(0.429688828431)
""Blood Pressure"" - 70(0.478260869565) -> 63(0.326086956522)
""Insulin"" - 122(0.177348841046) -> 104(0.140229316176)
""BMI"" - 28.9(0.298538915426) -> 24.6708(0.15)
""Age"" - 45(0.648648648649)",,0.4,0.337832353339,No Diabetes,1,0.463572175297,0.0314886929294,0.999897171589,0.96840847866,,,1,0,-0.152173913043,-0.0371195248701,-0.148538915426,0,0,1,1,1,0,2.86653563251,0,far from boundary,0.499897171589,,0.333333333333,3,1,,1,0.932433529332,0.0395820491408,0.242400276813,0.202818227672,,,1,,,,,,,0.879231605277
R_61hCu6g2tcWoJo7,diabetes,attribution,testing,Diabetes,No Diabetes,10,160211,19.832,"""Glucose"" - 145(0.599727937426) -> 127(0.44669273933)
""Blood Pressure"" - 80(0.695652173913)
""Insulin"" - 130(0.193846407655) -> 89(0.109296378784)
""BMI"" - 37.9(0.614638943523) -> 26.37912(0.21)
""Age"" - 40(0.513513513514)",,0.4,0.64222417049,No Diabetes,1,0.642241174401,0.0173759567743,0.889081958257,0.871706001483,,,1,-0.153035198096,0,-0.0845500288707,-0.404638943523,0,1,0,1,1,0,1.35732356635,0,far from boundary,0.389081958257,,0.333333333333,3,1,,1,0.957667546548,0.0747170723186,0.0490077470903,-0.0257093252283,,,1,,,,,,,0.899413551385
R_61hCu6g2tcWoJo7,diabetes,attribution,testing,No Diabetes,Diabetes,11,160208,42.051,"""Glucose"" - 126(0.43819078388) -> 183(0.922802244516)
""Blood Pressure"" - 74(0.565217391304)
""Insulin"" - 75(0.0804256372185) -> 346(0.639280706096)
""BMI"" - 25.9(0.193172239393) -> 39.19152(0.66)
""Age"" - 39(0.486486486486)",,0.4,1.51029429012,Diabetes,1,1.3102129518,0.0118459203727,0.999992003186,0.988146082814,,,1,0.484611460636,0,0.558855068877,0.466827760607,0,1,0,1,1,0,0.654273865218,0,far from boundary,0.499992003186,,0.333333333333,3,1,,1,0.928501123059,0.0900870805017,0.225452269929,0.135365189427,,,1,,,,,,,0.928501123059
R_61hCu6g2tcWoJo7,diabetes,attribution,testing,No Diabetes,Diabetes,12,160217,29.7,"""Glucose"" - 112(0.319163407584) -> 176(0.863288556368)
""Blood Pressure"" - 68(0.434782608696)
""Insulin"" - 94(0.119607357915) -> 240(0.420687948528)
""BMI"" - 34.1(0.481174487216)
""Age"" - 26(0.135135135135)",,0.6,0.845205739397,Diabetes,1,0.853330851416,0.155856767991,0.999774991268,0.843918223277,,,1,0.544125148784,0,0.301080590613,0,0,1,0,1,0,0,0.998476683179,1,near boundary,0.499774991268,,0.333333333333,3,1,,1,0.941788361985,0.030760691058,0.205266653037,0.174505961979,,,1,,,,,,,0.904990028697
R_61hCu6g2tcWoJo7,diabetes,attribution,testing,No Diabetes,Diabetes,13,160206,23.015,"""Glucose"" - 103(0.242645808536) -> 166(0.77826900187)
""Blood Pressure"" - 80(0.695652173913)
""Insulin"" - 82(0.0948610080013)
""BMI"" - 19.4(0) -> 32.35824(0.42)
""Age"" - 22(0.027027027027)",,0.6,0.955623193334,Diabetes,1,0.562115929907,2.60449439793e-11,0.993973270006,0.99397326998,,,1,0.535623193334,0,0,0.42,0,1,0,0,1,0,1.04013096052,0,far from boundary,0.493973270006,,0.333333333333,3,1,,1,0.917430007899,0.558946397893,0.177224795343,-0.38172160255,,,1,,,,,,,0.868525962809
R_61hCu6g2tcWoJo7,diabetes,attribution,testing,No Diabetes,Diabetes,14,160218,14.571,"""Glucose"" - 154(0.676245536473)
""Blood Pressure"" - 74(0.565217391304) -> 86(0.826086956522)
""Insulin"" - 193(0.3237647447) -> 356(0.659902664357)
""BMI"" - 29.3(0.312587805563)
""Age"" - 39(0.486486486486)",,0.6,0.597007484874,No Diabetes,0,0.797088823194,0.0239115963161,0.00463752335573,-0.0192740729604,,,0,0,0.260869565217,0.336137919657,0,0,0,1,1,0,0,-0.0322844745648,0,far from boundary,0.495362476644,,0.333333333333,3,0,,1,0.880598503025,0.0818222236912,0.14583273994,0.0640105162487,,,1,,,,,,,0.826828724961
R_61hCu6g2tcWoJo7,diabetes,attribution,testing,No Diabetes,Diabetes,15,160219,29.889,"""Glucose"" - 139(0.548716204727) -> 174(0.846284645468)
""Blood Pressure"" - 64(0.347826086957)
""Insulin"" - 140(0.214468365916)
""BMI"" - 28.6(0.288002247822) -> 37.4832(0.6)
""Age"" - 26(0.135135135135)",,0.6,0.609566192919,Diabetes,1,0.617575958796,0.051363697101,0.821632039143,0.770268342042,,,1,0.297568440741,0,0,0.311997752178,0,1,0,0,1,0,1.26363363157,1,near boundary,0.321632039143,,0.333333333333,3,1,,1,0.936459364831,0.038863565943,0.0321711181868,-0.00669244775616,,,1,,,,,,,0.936459364831
R_61hCu6g2tcWoJo7,diabetes,attribution,testing,No Diabetes,Diabetes,16,160205,13.105,"""Glucose"" - 100(0.217139942187) -> 172(0.829280734569)
""Blood Pressure"" - 74(0.565217391304)
""Insulin"" - 46(0.0206219582612)
""BMI"" - 19.5(0)
""Age"" - 28(0.189189189189)",,0.8,0.612140792382,Diabetes,1,0.366056780163,4.55950587885e-06,0.979891027675,0.979886468169,,,1,0.612140792382,0,0,0,0,1,0,0,0,0,1.60075342203,0,far from boundary,0.479891027675,,0.333333333333,3,1,,1,0.901514428377,0.284435118814,0.121279187097,-0.163155931717,,,1,,,,,,,0.831549778127
R_61hCu6g2tcWoJo7,diabetes,attribution,testing,No Diabetes,Diabetes,17,160215,9.374,"""Glucose"" - 117(0.361673184833)
""Blood Pressure"" - 60(0.260869565217)
""Insulin"" - 106(0.144353707828) -> 371(0.690835601749)
""BMI"" - 33.8(0.470637819612)
""Age"" - 27(0.162162162162)",,0.8,0.546481893921,Diabetes,1,0.546469014401,0.077624123637,0.923099110455,0.845474986818,,,1,0,0,0.546481893921,0,0,0,0,1,0,0,1.54712351173,1,near boundary,0.423099110455,,0.333333333333,3,1,,1,0.894246898944,0.0606767911965,0.0378310624381,-0.0228457287584,,,1,,,,,,,0.744529573834
R_61hCu6g2tcWoJo7,diabetes,attribution,testing,No Diabetes,Diabetes,18,160209,12.61,"""Glucose"" - 83(0.0726066995409)
""Blood Pressure"" - 78(0.652173913043)
""Insulin"" - 71(0.072176853914) -> 375(0.699084385053)
""BMI"" - 29.3(0.312587805563)
""Age"" - 36(0.405405405405)",,0.8,0.626907531139,No Diabetes,0,0.514484357138,4.04768338846e-06,0.0315771002183,0.0315730525349,,,1,0,0,0.626907531139,0,0,0,0,1,0,0,0.0503631731422,0,far from boundary,0.468422899782,,0.333333333333,3,0,,1,0.874618493772,0.215219871146,0.0604384189498,-0.154781452196,,,1,,,,,,,0.813764261441
R_61hCu6g2tcWoJo7,diabetes,attribution,testing,No Diabetes,Diabetes,19,160207,10.533,"""Glucose"" - 89(0.123618432239) -> 164(0.761265090971)
""Blood Pressure"" - 74(0.565217391304)
""Insulin"" - 85(0.10104759548)
""BMI"" - 30.4(0.351222253442)
""Age"" - 38(0.459459459459)",,0.8,0.637646658732,Diabetes,1,0.698514937079,3.06571688036e-06,0.998769949464,0.998766883747,,,1,0.637646658732,0,0,0,0,1,0,0,0,0,1.56633281155,0,far from boundary,0.498769949464,,0.333333333333,3,1,,1,0.925320364275,0.204135275223,0.178312910213,-0.0258223650102,,,1,,,,,,,0.901736220992
R_61hCu6g2tcWoJo7,diabetes,attribution,testing,No Diabetes,Diabetes,20,160216,13.334,"""Glucose"" - 151(0.650739670124) -> 173(0.837782690019)
""Blood Pressure"" - 62(0.304347826087)
""Insulin"" - 120(0.173224449394)
""BMI"" - 35.5(0.530345602697)
""Age"" - 28(0.189189189189)",,0.8,0.187043019895,No Diabetes,0,0.387137237734,0.0575860454833,0.0466735631762,-0.0109124823072,,,0,0.187043019895,0,0,0,0,1,0,0,0,0,-0.0583420985895,1,near boundary,0.453326436824,,0.333333333333,3,0,,1,0.962591396021,0.034821278767,0.0395533113647,0.0047320325977,,,1,,,,,,,0.937432173521
R_6KDvslaxG4W04I9,diabetes,counterfactual,training,No Diabetes,,1,160111,42.194,"""Glucose"" - 103(0.242645808536)
""Blood Pressure"" - 30(0)
""Insulin"" - 83(0.0969232038274)
""BMI"" - 43.3(0.804298960382)
""Age"" - 33(0.324324324324)","""Glucose"" - 103(0.242645808536)
""Blood Pressure"" - 30(0) -> 92(0.95652173913)
""Insulin"" - 83(0.0969232038274) -> 155(0.245401303308)
""BMI"" - 43.3(0.804298960382)
""Age"" - 33(0.324324324324)",,,,,,,,,Diabetes,0,,,,,,,,,,,,,,,,,0.666666666667,2,,,,,,,,,,0,,,,,,,
R_6KDvslaxG4W04I9,diabetes,counterfactual,training,No Diabetes,,2,160109,17.73,"""Glucose"" - 191(0.990817888114)
""Blood Pressure"" - 68(0.434782608696)
""Insulin"" - 130(0.193846407655)
""BMI"" - 30.9(0.368783366114)
""Age"" - 34(0.351351351351)","""Glucose"" - 191(0.990817888114)
""Blood Pressure"" - 68(0.434782608696) -> 72.6(0.534782608696)
""Insulin"" - 130(0.193846407655) -> 178.49(0.293842283263)
""BMI"" - 30.9(0.368783366114)
""Age"" - 34(0.351351351351)",,,,,,,,,Diabetes,0,,,,,,,,,,,,,,,,,0.666666666667,2,,,,,,,,,,0,,,,,,,
R_6KDvslaxG4W04I9,diabetes,counterfactual,training,Diabetes,,3,160106,30.088,"""Glucose"" - 120(0.387179051182)
""Blood Pressure"" - 80(0.695652173913)
""Insulin"" - 200(0.338200115483)
""BMI"" - 38.9(0.649761168868)
""Age"" - 41(0.540540540541)","""Glucose"" - 120(0.387179051182)
""Blood Pressure"" - 80(0.695652173913) -> 75.4(0.595652173913)
""Insulin"" - 200(0.338200115483) -> 151.51(0.238204239875)
""BMI"" - 38.9(0.649761168868)
""Age"" - 41(0.540540540541)",,,,,,,,,No Diabetes,0,,,,,,,,,,,,,,,,,0.666666666667,2,,,,,,,,,,0,,,,,,,
R_6KDvslaxG4W04I9,diabetes,counterfactual,training,Diabetes,,4,160108,11.297,"""Glucose"" - 95(0.174630164938)
""Blood Pressure"" - 82(0.739130434783)
""Insulin"" - 180(0.296956198961)
""BMI"" - 35(0.512784490025)
""Age"" - 43(0.594594594595)","""Glucose"" - 95(0.174630164938)
""Blood Pressure"" - 82(0.739130434783) -> 77.4(0.639130434783)
""Insulin"" - 180(0.296956198961) -> 131.51(0.196960323352)
""BMI"" - 35(0.512784490025)
""Age"" - 43(0.594594594595)",,,,,,,,,Diabetes,1,,,,,,,,,,,,,,,,,0.666666666667,2,,,,,,,,,,0,,,,,,,
R_6KDvslaxG4W04I9,diabetes,counterfactual,training,Diabetes,,5,160107,17.017,"""Glucose"" - 100(0.217139942187)
""Blood Pressure"" - 78(0.652173913043)
""Insulin"" - 184(0.305204982265)
""BMI"" - 36.6(0.568980050576)
""Age"" - 46(0.675675675676)","""Glucose"" - 100(0.217139942187)
""Blood Pressure"" - 78(0.652173913043) -> 73.4(0.552173913043)
""Insulin"" - 184(0.305204982265) -> 135.51(0.205209106657)
""BMI"" - 36.6(0.568980050576)
""Age"" - 46(0.675675675676)",,,,,,,,,Diabetes,1,,,,,,,,,,,,,,,,,0.666666666667,2,,,,,,,,,,0,,,,,,,
R_6KDvslaxG4W04I9,diabetes,counterfactual,training,No Diabetes,,6,160110,8.998,"""Glucose"" - 180(0.897296378167)
""Blood Pressure"" - 64(0.347826086957)
""Insulin"" - 70(0.0701146580879)
""BMI"" - 34(0.477662264681)
""Age"" - 26(0.135135135135)","""Glucose"" - 180(0.897296378167)
""Blood Pressure"" - 64(0.347826086957) -> 71(0.5)
""Insulin"" - 70(0.0701146580879) -> 118.49(0.170110533696)
""BMI"" - 34(0.477662264681)
""Age"" - 26(0.135135135135)",,,,,,,,,No Diabetes,1,,,,,,,,,,,,,,,,,0.666666666667,2,,,,,,,,,,0,,,,,,,
R_6KDvslaxG4W04I9,diabetes,counterfactual,training,No Diabetes,,7,160105,12.752,"""Glucose"" - 116(0.353171229383)
""Blood Pressure"" - 72(0.521739130435)
""Insulin"" - 87(0.105171987132)
""BMI"" - 22.1(0.0597077830851)
""Age"" - 37(0.432432432432)","""Glucose"" - 116(0.353171229383) -> 132(0.489202516579)
""Blood Pressure"" - 72(0.521739130435)
""Insulin"" - 87(0.105171987132)
""BMI"" - 22.1(0.0597077830851) -> 27.1(0.235318909806)
""Age"" - 37(0.432432432432)",,,,,,,,,No Diabetes,1,,,,,,,,,,,,,,,,,0.666666666667,2,,,,,,,,,,0,,,,,,,
R_6KDvslaxG4W04I9,diabetes,counterfactual,training,No Diabetes,,8,160104,11.962,"""Glucose"" - 95(0.174630164938)
""Blood Pressure"" - 74(0.565217391304)
""Insulin"" - 73(0.0763012455663)
""BMI"" - 25.9(0.193172239393)
""Age"" - 36(0.405405405405)","""Glucose"" - 95(0.174630164938) -> 128(0.45519469478)
""Blood Pressure"" - 74(0.565217391304)
""Insulin"" - 73(0.0763012455663)
""BMI"" - 25.9(0.193172239393) -> 28.75(0.293270581624)
""Age"" - 36(0.405405405405)",,,,,,,,,No Diabetes,1,,,,,,,,,,,,,,,,,0.666666666667,2,,,,,,,,,,0,,,,,,,
R_6KDvslaxG4W04I9,diabetes,counterfactual,training,Diabetes,,9,160101,13.193,"""Glucose"" - 149(0.633735759225)
""Blood Pressure"" - 68(0.434782608696)
""Insulin"" - 127(0.187659820177)
""BMI"" - 29.3(0.312587805563)
""Age"" - 42(0.567567567568)","""Glucose"" - 149(0.633735759225) -> 137.24(0.533752763136)
""Blood Pressure"" - 68(0.434782608696)
""Insulin"" - 127(0.187659820177)
""BMI"" - 29.3(0.312587805563) -> 25.9(0.193172239393)
""Age"" - 42(0.567567567568)",,,,,,,,,Diabetes,1,,,,,,,,,,,,,,,,,0.666666666667,2,,,,,,,,,,0,,,,,,,
R_6KDvslaxG4W04I9,diabetes,counterfactual,training,Diabetes,,10,160102,7.576,"""Glucose"" - 187(0.956810066315)
""Blood Pressure"" - 68(0.434782608696)
""Insulin"" - 304(0.552668481399)
""BMI"" - 37.7(0.607614498455)
""Age"" - 41(0.540540540541)","""Glucose"" - 187(0.956810066315) -> 150(0.642237714674)
""Blood Pressure"" - 68(0.434782608696)
""Insulin"" - 304(0.552668481399)
""BMI"" - 37.7(0.607614498455) -> 34.85(0.507516156224)
""Age"" - 41(0.540540540541)",,,,,,,,,Diabetes,1,,,,,,,,,,,,,,,,,0.666666666667,2,,,,,,,,,,0,,,,,,,
R_6KDvslaxG4W04I9,diabetes,counterfactual,training,Diabetes,,11,160100,6.703,"""Glucose"" - 186(0.948308110865)
""Blood Pressure"" - 90(0.913043478261)
""Insulin"" - 225(0.389755011136)
""BMI"" - 34.5(0.495223377353)
""Age"" - 37(0.432432432432)","""Glucose"" - 186(0.948308110865) -> 161(0.735759224622)
""Blood Pressure"" - 90(0.913043478261)
""Insulin"" - 225(0.389755011136)
""BMI"" - 34.5(0.495223377353) -> 30.2(0.344197808373)
""Age"" - 37(0.432432432432)",,,,,,,,,Diabetes,1,,,,,,,,,,,,,,,,,0.666666666667,2,,,,,,,,,,0,,,,,,,
R_6KDvslaxG4W04I9,diabetes,counterfactual,training,No Diabetes,,12,160103,5.455,"""Glucose"" - 99(0.208637986737)
""Blood Pressure"" - 80(0.695652173913)
""Insulin"" - 64(0.0577414831312)
""BMI"" - 19.3(0)
""Age"" - 30(0.243243243243)","""Glucose"" - 99(0.208637986737) -> 111(0.310661452134)
""Blood Pressure"" - 80(0.695652173913)
""Insulin"" - 64(0.0577414831312)
""BMI"" - 19.3(0) -> 27.7(0.256392245013)
""Age"" - 30(0.243243243243)",,,,,,,,,Diabetes,0,,,,,,,,,,,,,,,,,0.666666666667,2,,,,,,,,,,0,,,,,,,
R_6KDvslaxG4W04I9,diabetes,counterfactual,testing,Diabetes,No Diabetes,1,160210,15.051,"""Glucose"" - 100(0.217139942187)
""Blood Pressure"" - 74(0.565217391304) -> 59(0.239130434783)
""Insulin"" - 215(0.369133052875) -> 138(0.210343974264)
""BMI"" - 39.4(0.66732228154) -> 31.50408(0.39)
""Age"" - 43(0.594594594595)",,0.4,0.762198316672,No Diabetes,1,0.562202441064,0.00206481615935,0.999999149771,0.997934333611,,,1,0,-0.326086956522,-0.158789078611,-0.27732228154,0,0,1,1,1,0,1.30928435787,0,far from boundary,0.499999149771,,0.666666666667,2,1,,1,0.936754777604,0.0664632820126,0.158920533279,0.0924572512662,,,0,,,,,,,0.8521257267
R_6KDvslaxG4W04I9,diabetes,counterfactual,testing,Diabetes,No Diabetes,2,160200,6.308,"""Glucose"" - 154(0.676245536473) -> 110(0.302159496684)
""Blood Pressure"" - 72(0.521739130435) -> 60(0.260869565217)
""Insulin"" - 126(0.18559762435)
""BMI"" - 31.3(0.382832256252)
""Age"" - 37(0.432432432432)",,0.6,0.634955605007,No Diabetes,1,0.361059565439,0.011786029432,0.99969153329,0.987905503858,,,1,-0.374086039789,-0.260869565217,0,0,0,1,1,0,0,0,1.5558654748,0,far from boundary,0.49969153329,,0.666666666667,2,1,,1,0.951084284865,0.0980127823706,0.122604802026,0.0245920196558,,,0,,,,,,,0.857413782466
R_6KDvslaxG4W04I9,diabetes,counterfactual,testing,Diabetes,No Diabetes,3,160213,3.128,"""Glucose"" - 117(0.361673184833)
""Blood Pressure"" - 88(0.869565217391) -> 55(0.152173913043)
""Insulin"" - 145(0.224779345047)
""BMI"" - 34.5(0.495223377353)
""Age"" - 40(0.513513513514)",,0.8,0.717391304348,No Diabetes,1,0.717387179956,0.00760236055804,0.999425676791,0.991823316233,,,1,0,-0.717391304348,0,0,0,0,1,0,0,0,1.38254159232,0,far from boundary,0.499425676791,,0.666666666667,2,1,,1,0.909029784823,0.0929170929375,0.0890795951385,-0.003837497799,,,0,,,,,,,0.834303915848
R_6KDvslaxG4W04I9,diabetes,counterfactual,testing,Diabetes,No Diabetes,4,160201,5.743,"""Glucose"" - 187(0.956810066315) -> 87(0.10661452134)
""Blood Pressure"" - 70(0.478260869565) -> 55(0.152173913043)
""Insulin"" - 200(0.338200115483)
""BMI"" - 36.4(0.561955605507)
""Age"" - 36(0.405405405405)",,0.6,1.1762825015,Diabetes,0,1.25363134254,1.00978194599e-05,0.438858536608,0.438848438789,,,1,-0.850195544975,-0.326086956522,0,0,0,1,1,0,0,0,0.373080818791,0,far from boundary,0.061141463392,,0.666666666667,2,0,,1,0.877700997905,0.281142117469,0.00449878903643,-0.276643328432,,,0,,,,,,,0.82941869043
R_6KDvslaxG4W04I9,diabetes,counterfactual,testing,Diabetes,No Diabetes,5,160211,5.146,"""Glucose"" - 145(0.599727937426) -> 94(0.166128209488)
""Blood Pressure"" - 80(0.695652173913) -> 58(0.217391304348)
""Insulin"" - 130(0.193846407655)
""BMI"" - 37.9(0.614638943523)
""Age"" - 40(0.513513513514)",,0.6,0.911860597503,No Diabetes,1,0.711877601414,0.0173759567743,0.999999653263,0.982623696488,,,1,-0.433599727937,-0.478260869565,0,0,0,1,1,0,0,0,1.0776029792,0,far from boundary,0.499999653263,,0.666666666667,2,1,,1,0.91516079333,0.0747170723186,0.202518644702,0.127801572384,,,0,,,,,,,0.846063737346
R_6KDvslaxG4W04I9,diabetes,counterfactual,testing,Diabetes,No Diabetes,6,160212,6.148,"""Glucose"" - 111(0.310661452134) -> 86(0.0981125658902)
""Blood Pressure"" - 72(0.521739130435) -> 53(0.108695652174)
""Insulin"" - 207(0.352635486266)
""BMI"" - 37.1(0.586541163248)
""Age"" - 56(0.945945945946)",,0.6,0.625592364505,No Diabetes,1,0.625588240113,0.0145223683682,0.999929487003,0.985407118635,,,1,-0.212548886244,-0.413043478261,0,0,0,1,1,0,0,0,1.57515848106,0,far from boundary,0.499929487003,,0.666666666667,2,1,,1,0.874881527099,0.0372518432215,0.0915184035493,0.0542665603278,,,0,,,,,,,0.800446495178
R_6KDvslaxG4W04I9,diabetes,counterfactual,testing,Diabetes,No Diabetes,7,160202,5.547,"""Glucose"" - 125(0.429688828431) -> 87(0.10661452134)
""Blood Pressure"" - 70(0.478260869565) -> 53(0.108695652174)
""Insulin"" - 115(0.162913470263)
""BMI"" - 31.1(0.375807811183)
""Age"" - 41(0.540540540541)",,0.6,0.692639524482,No Diabetes,1,0.692652404001,0.0226086726886,0.999997564204,0.977388891516,,,1,-0.323074307091,-0.369565217391,0,0,0,1,1,0,0,0,1.411107592,0,far from boundary,0.499997564204,,0.666666666667,2,1,,1,0.915885742678,0.0569726484831,0.152396951622,0.0954243031392,,,0,,,,,,,0.81421593713
R_6KDvslaxG4W04I9,diabetes,counterfactual,testing,Diabetes,No Diabetes,8,160204,5.86,"""Glucose"" - 125(0.429688828431) -> 82(0.0641047440911)
""Blood Pressure"" - 70(0.478260869565) -> 55(0.152173913043)
""Insulin"" - 122(0.177348841046)
""BMI"" - 28.9(0.298538915426)
""Age"" - 45(0.648648648649)",,0.6,0.691671040861,No Diabetes,1,0.69168392038,0.0314886929294,0.999999998403,0.968511305473,,,1,-0.365584084339,-0.326086956522,0,0,0,1,1,0,0,0,1.40024845376,0,far from boundary,0.499999998403,,0.666666666667,2,1,,1,0.907024522775,0.0395820491408,0.210296256936,0.170714207795,,,0,,,,,,,0.808463867773
R_6KDvslaxG4W04I9,diabetes,counterfactual,testing,Diabetes,No Diabetes,9,160214,7.245,"""Glucose"" - 104(0.251147763986) -> 86(0.0981125658902)
""Blood Pressure"" - 74(0.565217391304) -> 59(0.239130434783)
""Insulin"" - 156(0.247463499134)
""BMI"" - 29.9(0.33366114077)
""Age"" - 41(0.540540540541)",,0.6,0.479122154617,No Diabetes,1,0.679216372457,0.00403975635919,0.999979065027,0.995939308668,,,1,-0.153035198096,-0.326086956522,0,0,0,1,1,0,0,0,2.07867513341,0,far from boundary,0.499979065027,,0.666666666667,2,1,,1,0.909105435473,0.0501717968156,0.110495229645,0.0603234328296,,,0,,,,,,,0.832164118312
R_6KDvslaxG4W04I9,diabetes,counterfactual,testing,Diabetes,No Diabetes,10,160203,6.85,"""Glucose"" - 161(0.735759224622) -> 97(0.191634075837)
""Blood Pressure"" - 68(0.434782608696) -> 55(0.152173913043)
""Insulin"" - 132(0.197970799307)
""BMI"" - 25.5(0.179123349255)
""Age"" - 47(0.702702702703)",,0.6,0.826733844436,No Diabetes,1,0.826849190578,0.0154053958182,0.999999978004,0.984594582185,,,1,-0.544125148784,-0.282608695652,0,0,0,1,1,0,0,0,1.19094505301,0,far from boundary,0.499999978004,,0.666666666667,2,1,,1,0.938077517716,0.0605519329641,0.192990087502,0.132438154538,,,0,,,,,,,0.827387373933
R_6KDvslaxG4W04I9,diabetes,counterfactual,testing,No Diabetes,Diabetes,11,160215,25.321,"""Glucose"" - 117(0.361673184833) -> 102(0.234143853086)
""Blood Pressure"" - 60(0.260869565217) -> 54(0.130434782609)
""Insulin"" - 106(0.144353707828)
""BMI"" - 33.8(0.470637819612)
""Age"" - 27(0.162162162162)",,0.6,0.257964114355,No Diabetes,0,0.257976993874,0.077624123637,0.037004106846,-0.0406200167911,,,0,-0.127529331746,-0.130434782609,0,0,0,1,1,0,0,0,-0.15746382745,1,near boundary,0.462995893154,,0.666666666667,2,0,,1,0.9677916207,0.0606767911965,0.0679797683819,0.00730297718538,,,0,,,,,,,0.863561891002
R_6KDvslaxG4W04I9,diabetes,counterfactual,testing,No Diabetes,Diabetes,12,160208,10.209,"""Glucose"" - 126(0.43819078388) -> 110(0.302159496684)
""Blood Pressure"" - 74(0.565217391304) -> 59(0.239130434783)
""Insulin"" - 75(0.0804256372185)
""BMI"" - 25.9(0.193172239393)
""Age"" - 39(0.486486486486)",,0.6,0.462118243718,No Diabetes,0,0.662199582038,0.0118459203727,1.25152401065e-06,-0.0118446688486,,,0,-0.136031287196,-0.326086956522,0,0,0,1,1,0,0,0,-0.0256312513293,0,far from boundary,0.499998748476,,0.666666666667,2,0,,1,0.938224145788,0.0900870805017,0.289008075339,0.198920994837,,,0,,,,,,,0.8922356478
R_6KDvslaxG4W04I9,diabetes,counterfactual,testing,No Diabetes,Diabetes,13,160218,6.836,"""Glucose"" - 154(0.676245536473) -> 117(0.361673184833)
""Blood Pressure"" - 74(0.565217391304) -> 64(0.347826086957)
""Insulin"" - 193(0.3237647447)
""BMI"" - 29.3(0.312587805563)
""Age"" - 39(0.486486486486)",,0.6,0.531963655989,Diabetes,1,0.732044994309,0.0239115963161,0.947814042201,0.923902445885,,,1,-0.314572351641,-0.217391304348,0,0,0,1,1,0,0,0,1.73677738222,0,far from boundary,0.447814042201,,0.666666666667,2,1,,1,0.925978163899,0.0818222236912,0.0434245651337,-0.0383976585575,,,0,,,,,,,0.884758979653
R_6KDvslaxG4W04I9,diabetes,counterfactual,testing,No Diabetes,Diabetes,14,160207,4.273,"""Glucose"" - 89(0.123618432239)
""Blood Pressure"" - 74(0.565217391304) -> 59(0.239130434783)
""Insulin"" - 85(0.10104759548)
""BMI"" - 30.4(0.351222253442)
""Age"" - 38(0.459459459459)",,0.8,0.326086956522,No Diabetes,0,0.586921227048,3.06571688036e-06,3.76684180514e-08,-3.02804846231e-06,,,0,0,-0.326086956522,0,0,0,0,1,0,0,0,-9.28601528441e-06,0,far from boundary,0.499999962332,,0.666666666667,2,0,,1,0.934782608695,0.204135275223,0.22633848953,0.0222032143073,,,0,,,,,,,0.877210178553
R_6KDvslaxG4W04I9,diabetes,counterfactual,testing,No Diabetes,Diabetes,15,160206,3.618,"""Glucose"" - 103(0.242645808536)
""Blood Pressure"" - 80(0.695652173913) -> 58(0.217391304348)
""Insulin"" - 82(0.0948610080013)
""BMI"" - 19.4(0)
""Age"" - 22(0.027027027027)",,0.8,0.478260869565,No Diabetes,0,1.15599999281,2.60449439793e-11,0.00106704884956,0.00106704882352,,,1,0,-0.478260869565,0,0,0,0,1,0,0,0,0.00223110208554,0,far from boundary,0.49893295115,,0.666666666667,2,0,,1,0.958305291533,0.558946397893,0.111159207294,-0.447787190599,,,0,,,,,,,0.84687911351
R_6KDvslaxG4W04I9,diabetes,counterfactual,testing,No Diabetes,Diabetes,16,160219,5.251,"""Glucose"" - 139(0.548716204727) -> 84(0.0811086549906)
""Blood Pressure"" - 64(0.347826086957) -> 58(0.217391304348)
""Insulin"" - 140(0.214468365916)
""BMI"" - 28.6(0.288002247822)
""Age"" - 26(0.135135135135)",,0.6,0.598042332345,No Diabetes,0,0.806248782684,0.051363697101,0.00388288968376,-0.0474808074172,,,0,-0.467607549736,-0.130434782609,0,0,0,1,1,0,0,0,-0.0793937232353,1,near boundary,0.496117110316,,0.666666666667,2,0,,1,0.944337278009,0.038863565943,0.0957862375757,0.0569226716327,,,0,,,,,,,0.811077000809
R_6KDvslaxG4W04I9,diabetes,counterfactual,testing,No Diabetes,Diabetes,17,160209,4.558,"""Glucose"" - 83(0.0726066995409)
""Blood Pressure"" - 78(0.652173913043) -> 56(0.173913043478)
""Insulin"" - 71(0.072176853914)
""BMI"" - 29.3(0.312587805563)
""Age"" - 36(0.405405405405)",,0.8,0.478260869565,No Diabetes,0,0.790650035744,4.04768338846e-06,2.87396349385e-07,-3.76028703908e-06,,,0,0,-0.478260869565,0,0,0,0,1,0,0,0,-7.86241835444e-06,0,far from boundary,0.499999712604,,0.666666666667,2,0,,1,0.925989241697,0.215219871146,0.323692216098,0.108472344952,,,0,,,,,,,0.876626445791
R_6KDvslaxG4W04I9,diabetes,counterfactual,testing,No Diabetes,Diabetes,18,160205,3.753,"""Glucose"" - 100(0.217139942187)
""Blood Pressure"" - 74(0.565217391304) -> 52(0.0869565217391)
""Insulin"" - 46(0.0206219582612)
""BMI"" - 19.5(0)
""Age"" - 28(0.189189189189)",,0.8,0.478260869565,No Diabetes,0,0.861321560627,4.55950587885e-06,0.000206322050845,0.000201762544966,,,1,0,-0.478260869565,0,0,0,0,1,0,0,0,0.000421867139475,0,far from boundary,0.499793677949,,0.666666666667,2,0,,1,0.960949224958,0.284435118814,0.309688138331,0.0252530195171,,,0,,,,,,,0.85832576269
R_6KDvslaxG4W04I9,diabetes,counterfactual,testing,No Diabetes,Diabetes,19,160217,5.738,"""Glucose"" - 112(0.319163407584)
""Blood Pressure"" - 68(0.434782608696) -> 59(0.239130434783)
""Insulin"" - 94(0.119607357915)
""BMI"" - 34.1(0.481174487216) -> 23.2472(0.1)
""Age"" - 26(0.135135135135)",,0.6,0.576826661129,No Diabetes,0,0.784917765326,0.155856767991,0.121621482665,-0.0342352853254,,,0,0,-0.195652173913,0,-0.381174487216,0,0,1,0,1,0,-0.0593510800253,1,near boundary,0.378378517335,,0.666666666667,2,0,,1,0.946436877362,0.030760691058,0.0678739205238,0.0371132294657,,,0,,,,,,,0.866271719511
R_6KDvslaxG4W04I9,diabetes,counterfactual,testing,No Diabetes,Diabetes,20,160216,7.995,"""Glucose"" - 151(0.650739670124) -> 97(0.191634075837)
""Blood Pressure"" - 62(0.304347826087)
""Insulin"" - 120(0.173224449394)
""BMI"" - 35.5(0.530345602697)
""Age"" - 28(0.189189189189)",,0.8,0.459105594287,No Diabetes,0,0.659199812126,0.0575860454833,0.0711734121729,0.0135873666896,,,1,-0.459105594287,0,0,0,0,1,0,0,0,0,0.0295952975931,1,near boundary,0.428826587827,,0.666666666667,2,0,,1,0.957707569716,0.034821278767,0.0649700344625,0.0301487556955,,,0,,,,,,,0.831850140565
R_7IXNpixLXSjItSq,diabetes,none,training,No Diabetes,,1,160111,14.397,"""Glucose"" - 103(0.242645808536)
""Blood Pressure"" - 30(0)
""Insulin"" - 83(0.0969232038274)
""BMI"" - 43.3(0.804298960382)
""Age"" - 33(0.324324324324)",,,,,,,,,,No Diabetes,1,,,,,,,,,,,,,,,,,0.833333333333,0,,,,,,,,,,0,,,,,,,
R_7IXNpixLXSjItSq,diabetes,none,training,Diabetes,,2,160108,47.414,"""Glucose"" - 95(0.174630164938)
""Blood Pressure"" - 82(0.739130434783)
""Insulin"" - 180(0.296956198961)
""BMI"" - 35(0.512784490025)
""Age"" - 43(0.594594594595)",,,,,,,,,,Diabetes,1,,,,,,,,,,,,,,,,,0.833333333333,0,,,,,,,,,,0,,,,,,,
R_7IXNpixLXSjItSq,diabetes,none,training,Diabetes,,3,160106,2.472,"""Glucose"" - 120(0.387179051182)
""Blood Pressure"" - 80(0.695652173913)
""Insulin"" - 200(0.338200115483)
""BMI"" - 38.9(0.649761168868)
""Age"" - 41(0.540540540541)",,,,,,,,,,Diabetes,1,,,,,,,,,,,,,,,,,0.833333333333,0,,,,,,,,,,0,,,,,,,
R_7IXNpixLXSjItSq,diabetes,none,training,No Diabetes,,4,160110,3.769,"""Glucose"" - 180(0.897296378167)
""Blood Pressure"" - 64(0.347826086957)
""Insulin"" - 70(0.0701146580879)
""BMI"" - 34(0.477662264681)
""Age"" - 26(0.135135135135)",,,,,,,,,,Diabetes,0,,,,,,,,,,,,,,,,,0.833333333333,0,,,,,,,,,,0,,,,,,,
R_7IXNpixLXSjItSq,diabetes,none,training,No Diabetes,,5,160109,3.076,"""Glucose"" - 191(0.990817888114)
""Blood Pressure"" - 68(0.434782608696)
""Insulin"" - 130(0.193846407655)
""BMI"" - 30.9(0.368783366114)
""Age"" - 34(0.351351351351)",,,,,,,,,,No Diabetes,1,,,,,,,,,,,,,,,,,0.833333333333,0,,,,,,,,,,0,,,,,,,
R_7IXNpixLXSjItSq,diabetes,none,training,Diabetes,,6,160107,4.161,"""Glucose"" - 100(0.217139942187)
""Blood Pressure"" - 78(0.652173913043)
""Insulin"" - 184(0.305204982265)
""BMI"" - 36.6(0.568980050576)
""Age"" - 46(0.675675675676)",,,,,,,,,,Diabetes,1,,,,,,,,,,,,,,,,,0.833333333333,0,,,,,,,,,,0,,,,,,,
R_7IXNpixLXSjItSq,diabetes,none,training,No Diabetes,,7,160103,2.388,"""Glucose"" - 99(0.208637986737)
""Blood Pressure"" - 80(0.695652173913)
""Insulin"" - 64(0.0577414831312)
""BMI"" - 19.3(0)
""Age"" - 30(0.243243243243)",,,,,,,,,,No Diabetes,1,,,,,,,,,,,,,,,,,0.833333333333,0,,,,,,,,,,0,,,,,,,
R_7IXNpixLXSjItSq,diabetes,none,training,Diabetes,,8,160102,2.948,"""Glucose"" - 187(0.956810066315)
""Blood Pressure"" - 68(0.434782608696)
""Insulin"" - 304(0.552668481399)
""BMI"" - 37.7(0.607614498455)
""Age"" - 41(0.540540540541)",,,,,,,,,,Diabetes,1,,,,,,,,,,,,,,,,,0.833333333333,0,,,,,,,,,,0,,,,,,,
R_7IXNpixLXSjItSq,diabetes,none,training,No Diabetes,,9,160104,1.949,"""Glucose"" - 95(0.174630164938)
""Blood Pressure"" - 74(0.565217391304)
""Insulin"" - 73(0.0763012455663)
""BMI"" - 25.9(0.193172239393)
""Age"" - 36(0.405405405405)",,,,,,,,,,No Diabetes,1,,,,,,,,,,,,,,,,,0.833333333333,0,,,,,,,,,,0,,,,,,,
R_7IXNpixLXSjItSq,diabetes,none,training,No Diabetes,,10,160105,1.534,"""Glucose"" - 116(0.353171229383)
""Blood Pressure"" - 72(0.521739130435)
""Insulin"" - 87(0.105171987132)
""BMI"" - 22.1(0.0597077830851)
""Age"" - 37(0.432432432432)",,,,,,,,,,No Diabetes,1,,,,,,,,,,,,,,,,,0.833333333333,0,,,,,,,,,,0,,,,,,,
R_7IXNpixLXSjItSq,diabetes,none,training,Diabetes,,11,160101,3.008,"""Glucose"" - 149(0.633735759225)
""Blood Pressure"" - 68(0.434782608696)
""Insulin"" - 127(0.187659820177)
""BMI"" - 29.3(0.312587805563)
""Age"" - 42(0.567567567568)",,,,,,,,,,No Diabetes,0,,,,,,,,,,,,,,,,,0.833333333333,0,,,,,,,,,,0,,,,,,,
R_7IXNpixLXSjItSq,diabetes,none,training,Diabetes,,12,160100,2.276,"""Glucose"" - 186(0.948308110865)
""Blood Pressure"" - 90(0.913043478261)
""Insulin"" - 225(0.389755011136)
""BMI"" - 34.5(0.495223377353)
""Age"" - 37(0.432432432432)",,,,,,,,,,Diabetes,1,,,,,,,,,,,,,,,,,0.833333333333,0,,,,,,,,,,0,,,,,,,
R_7IXNpixLXSjItSq,diabetes,none,testing,Diabetes,No Diabetes,1,160211,7.095,"""Glucose"" - 145(0.599727937426)
""Blood Pressure"" - 80(0.695652173913)
""Insulin"" - 130(0.193846407655) -> 114(0.160851274437)
""BMI"" - 37.9(0.614638943523)
""Age"" - 40(0.513513513514)",,0.8,0.0329951332179,Diabetes,0,0.232978129307,0.0173759567743,0.0119439498274,-0.00543200694686,,,0,0,0,-0.0329951332179,0,0,0,0,1,0,0,-0.164630550542,0,far from boundary,0.488056050173,,0.833333333333,0,0,,1,0.932648629348,0.0747170723186,0.0771026501258,0.00238557780719,,,0,,,,,,,0.909590604068
R_7IXNpixLXSjItSq,diabetes,none,testing,Diabetes,No Diabetes,2,160210,5.512,"""Glucose"" - 100(0.217139942187)
""Blood Pressure"" - 74(0.565217391304)
""Insulin"" - 215(0.369133052875)
""BMI"" - 39.4(0.66732228154) -> 38.33736(0.63)
""Age"" - 43(0.594594594595)",,0.8,0.0373222815398,Diabetes,0,0.237318157148,0.00206481615935,0.000574318317918,-0.00149049784144,,,0,0,0,0,-0.0373222815398,0,0,0,0,1,0,-0.0399358715477,0,far from boundary,0.499425681682,,0.833333333333,0,0,,1,0.941402875429,0.0664632820126,0.0952206469179,0.0287573649053,,,0,,,,,,,0.941402875429
R_7IXNpixLXSjItSq,diabetes,none,testing,Diabetes,No Diabetes,3,160200,2.044,"""Glucose"" - 154(0.676245536473)
""Blood Pressure"" - 72(0.521739130435)
""Insulin"" - 126(0.18559762435)
""BMI"" - 31.3(0.382832256252)
""Age"" - 37(0.432432432432) -> 34(0.351351351351)",,0.8,0.0810810810811,Diabetes,0,0.354977120648,0.011786029432,0.0274015567778,0.0156155273458,,,1,0,0,0,0,-0.0810810810811,0,0,0,0,1,0.192591503931,0,far from boundary,0.472598443222,,0.833333333333,0,0,,0,0.935195432183,0.0980127823706,0.112459705018,0.0144469226473,,,0,,,,,,,0.916402167656
R_7IXNpixLXSjItSq,diabetes,none,testing,Diabetes,No Diabetes,4,160204,1.883,"""Glucose"" - 125(0.429688828431)
""Blood Pressure"" - 70(0.478260869565)
""Insulin"" - 122(0.177348841046)
""BMI"" - 28.9(0.298538915426) -> 24.95552(0.16)
""Age"" - 45(0.648648648649)",,0.8,0.138538915426,No Diabetes,1,0.338517787123,0.0314886929294,0.99134193806,0.959853245131,,,1,0,0,0,-0.138538915426,0,0,0,0,1,0,6.92840161322,0,far from boundary,0.49134193806,,0.833333333333,0,1,,1,0.972292216915,0.0395820491408,0.113211977555,0.0736299284144,,,0,,,,,,,0.901698988512
R_7IXNpixLXSjItSq,diabetes,none,testing,Diabetes,No Diabetes,5,160202,1.668,"""Glucose"" - 125(0.429688828431)
""Blood Pressure"" - 70(0.478260869565)
""Insulin"" - 115(0.162913470263) -> 60(0.0494926998268)
""BMI"" - 31.1(0.375807811183)
""Age"" - 41(0.540540540541)",,0.8,0.113420770436,No Diabetes,1,0.113407890917,0.0226086726886,0.986389792202,0.963781119513,,,1,0,0,-0.113420770436,0,0,0,0,1,0,0,8.49739528138,0,far from boundary,0.486389792202,,0.833333333333,0,1,,1,0.977315845912,0.0569726484831,0.0564481246522,-0.000524523830916,,,0,,,,,,,0.904812131068
R_7IXNpixLXSjItSq,diabetes,none,testing,Diabetes,No Diabetes,6,160201,1.395,"""Glucose"" - 187(0.956810066315)
""Blood Pressure"" - 70(0.478260869565)
""Insulin"" - 200(0.338200115483)
""BMI"" - 36.4(0.561955605507) -> 32.64296(0.43)
""Age"" - 36(0.405405405405)",,0.8,0.131955605507,Diabetes,0,0.409304446553,1.00978194599e-05,4.97529136615e-05,3.96550942016e-05,,,1,0,0,0,-0.131955605507,0,0,0,0,1,0,0.000300518451257,0,far from boundary,0.499950247086,,0.833333333333,0,0,,1,0.948429803194,0.281142117469,0.200651709413,-0.0804904080554,,,0,,,,,,,0.932577904313
R_7IXNpixLXSjItSq,diabetes,none,testing,Diabetes,No Diabetes,7,160214,2.064,"""Glucose"" - 104(0.251147763986)
""Blood Pressure"" - 74(0.565217391304)
""Insulin"" - 156(0.247463499134)
""BMI"" - 29.9(0.33366114077) -> 28.08744(0.27)
""Age"" - 41(0.540540540541)",,0.8,0.0636611407699,Diabetes,0,0.136433077069,0.00403975635919,0.11585797441,0.111818218051,,,1,0,0,0,-0.0636611407699,0,0,0,0,1,0,1.75645954029,0,far from boundary,0.38414202559,,0.833333333333,0,0,,1,0.987267771846,0.0501717968156,0.0255292614541,-0.0246425353615,,,0,,,,,,,0.908071450328
R_7IXNpixLXSjItSq,diabetes,none,testing,Diabetes,No Diabetes,8,160212,1.766,"""Glucose"" - 111(0.310661452134)
""Blood Pressure"" - 72(0.521739130435)
""Insulin"" - 207(0.352635486266) -> 148(0.230965932525)
""BMI"" - 37.1(0.586541163248)
""Age"" - 56(0.945945945946)",,0.8,0.121669553741,No Diabetes,1,0.121673678132,0.0145223683682,0.999892435128,0.98537006676,,,1,0,0,-0.121669553741,0,0,0,0,1,0,0,8.0987398775,0,far from boundary,0.499892435128,,0.833333333333,0,1,,1,0.975666089252,0.0372518432215,0.0860317023429,0.0487798591215,,,0,,,,,,,0.882794654952
R_7IXNpixLXSjItSq,diabetes,none,testing,Diabetes,No Diabetes,9,160203,2.083,"""Glucose"" - 161(0.735759224622)
""Blood Pressure"" - 68(0.434782608696) -> 60(0.260869565217)
""Insulin"" - 132(0.197970799307)
""BMI"" - 25.5(0.179123349255)
""Age"" - 47(0.702702702703)",,0.8,0.173913043478,No Diabetes,1,0.373994381798,0.0154053958182,0.627621115996,0.612215720178,,,1,0,-0.173913043478,0,0,0,0,1,0,0,0,3.52024039103,0,far from boundary,0.127621115996,,0.833333333333,0,1,,1,0.965217391304,0.0605519329641,0.0169099439619,-0.0436419890022,,,0,,,,,,,0.88903058411
R_7IXNpixLXSjItSq,diabetes,none,testing,Diabetes,No Diabetes,10,160213,1.556,"""Glucose"" - 117(0.361673184833)
""Blood Pressure"" - 88(0.869565217391) -> 56(0.173913043478)
""Insulin"" - 145(0.224779345047)
""BMI"" - 34.5(0.495223377353)
""Age"" - 40(0.513513513514)",,0.8,0.695652173913,No Diabetes,1,0.695648049521,0.00760236055804,0.999730968302,0.992128607744,,,1,0,-0.695652173913,0,0,0,0,1,0,0,0,1.42618487363,0,far from boundary,0.499730968302,,0.833333333333,0,1,,1,0.91337761091,0.0929170929375,0.0932987334005,0.000381640463036,,,0,,,,,,,0.838651741935
R_7IXNpixLXSjItSq,diabetes,none,testing,No Diabetes,Diabetes,11,160209,17.87,"""Glucose"" - 83(0.0726066995409) -> 142(0.574222071076)
""Blood Pressure"" - 78(0.652173913043)
""Insulin"" - 71(0.072176853914) -> 157(0.24952569496)
""BMI"" - 29.3(0.312587805563)
""Age"" - 36(0.405405405405)",,0.6,0.678964212581,No Diabetes,0,0.43668970449,4.04768338846e-06,0.290794238229,0.290790190545,,,1,0.501615371535,0,0.177348841046,0,0,1,0,1,0,0,0.428285004065,0,far from boundary,0.209205761771,,0.833333333333,0,0,,1,0.931139976408,0.215219871146,0.0307728836673,-0.184446987478,,,0,,,,,,,0.899813394112
R_7IXNpixLXSjItSq,diabetes,none,testing,No Diabetes,Diabetes,12,160215,3.977,"""Glucose"" - 117(0.361673184833) -> 164(0.761265090971)
""Blood Pressure"" - 60(0.260869565217)
""Insulin"" - 106(0.144353707828)
""BMI"" - 33.8(0.470637819612)
""Age"" - 27(0.162162162162)",,0.8,0.399591906138,No Diabetes,0,0.599570777836,0.077624123637,0.00227708334654,-0.0753470402905,,,0,0.399591906138,0,0,0,0,1,0,0,0,0,-0.188559976148,1,near boundary,0.497722916653,,0.833333333333,0,0,,1,0.946078153321,0.0606767911965,0.0996171905294,0.038940399333,,,0,,,,,,,0.933744333846
R_7IXNpixLXSjItSq,diabetes,none,testing,No Diabetes,Diabetes,13,160205,2.9,"""Glucose"" - 100(0.217139942187)
""Blood Pressure"" - 74(0.565217391304)
""Insulin"" - 46(0.0206219582612) -> 317(0.579477027138)
""BMI"" - 19.5(0)
""Age"" - 28(0.189189189189)",,0.8,0.558855068877,No Diabetes,0,0.941915759939,4.55950587885e-06,1.66533453694e-14,-4.5595058622e-06,,,0,0,0,0.558855068877,0,0,0,0,1,0,0,-8.15865528671e-06,0,far from boundary,0.5,,0.833333333333,0,0,,1,0.863599535419,0.284435118814,0.535354073749,0.250918954935,,,0,,,,,,,0.857054732776
R_7IXNpixLXSjItSq,diabetes,none,testing,No Diabetes,Diabetes,14,160219,3.722,"""Glucose"" - 139(0.548716204727)
""Blood Pressure"" - 64(0.347826086957)
""Insulin"" - 140(0.214468365916)
""BMI"" - 28.6(0.288002247822)
""Age"" - 26(0.135135135135) -> 51(0.810810810811)",,0.8,0.675675675676,No Diabetes,0,0.667665909799,0.051363697101,0.102305038659,0.0509413415578,,,1,0,0,0,0,0.675675675676,0,0,0,0,1,0.0753931855055,1,near boundary,0.397694961341,,0.833333333333,0,0,,0,0.931094812856,0.038863565943,0.0404983871243,0.00163482118138,,,0,,,,,,,0.906677315408
R_7IXNpixLXSjItSq,diabetes,none,testing,No Diabetes,Diabetes,15,160216,1.794,"""Glucose"" - 151(0.650739670124)
""Blood Pressure"" - 62(0.304347826087)
""Insulin"" - 120(0.173224449394)
""BMI"" - 35.5(0.530345602697) -> 46.87896(0.93)
""Age"" - 28(0.189189189189)",,0.8,0.399654397303,Diabetes,1,0.39955193068,0.0575860454833,0.829035272487,0.771449227004,,,1,0,0,0,0.399654397303,0,0,0,0,1,0,1.93029085182,1,near boundary,0.329035272487,,0.833333333333,0,1,,1,0.920069120539,0.034821278767,0.0411171350008,0.00629585623376,,,0,,,,,,,0.820092690082
R_7IXNpixLXSjItSq,diabetes,none,testing,No Diabetes,Diabetes,16,160208,6.431,"""Glucose"" - 126(0.43819078388)
""Blood Pressure"" - 74(0.565217391304)
""Insulin"" - 75(0.0804256372185) -> 89(0.109296378784)
""BMI"" - 25.9(0.193172239393)
""Age"" - 39(0.486486486486)",,0.8,0.0288707415656,No Diabetes,0,0.228952079886,0.0118459203727,0.0469587436612,0.0351128232886,,,1,0,0,0.0288707415656,0,0,0,0,1,0,0,1.21620787637,0,far from boundary,0.453041256339,,0.833333333333,0,0,,1,0.994225851687,0.0900870805017,0.0681108383874,-0.0219762421143,,,0,,,,,,,0.935971856524
R_7IXNpixLXSjItSq,diabetes,none,testing,No Diabetes,Diabetes,17,160217,1.963,"""Glucose"" - 112(0.319163407584)
""Blood Pressure"" - 68(0.434782608696)
""Insulin"" - 94(0.119607357915)
""BMI"" - 34.1(0.481174487216)
""Age"" - 26(0.135135135135) -> 37(0.432432432432)",,0.8,0.297297297297,No Diabetes,0,0.289172185278,0.155856767991,0.00195021548945,-0.153906552501,,,0,0,0,0,0,0.297297297297,0,0,0,0,1,-0.517685676595,1,near boundary,0.498049784511,,0.833333333333,0,0,,0,0.954839046665,0.030760691058,0.104328198061,0.0735675070032,,,0,,,,,,,0.88862671631
R_7IXNpixLXSjItSq,diabetes,none,testing,No Diabetes,Diabetes,18,160206,1.692,"""Glucose"" - 103(0.242645808536)
""Blood Pressure"" - 80(0.695652173913)
""Insulin"" - 82(0.0948610080013) -> 157(0.24952569496)
""BMI"" - 19.4(0)
""Age"" - 22(0.027027027027)",,0.8,0.154664686959,No Diabetes,0,0.8324038102,2.60449439793e-11,4.4408920985e-15,-2.60405030872e-11,,,0,0,0,0.154664686959,0,0,0,0,1,0,0,-1.6836747676e-10,0,far from boundary,0.5,,0.833333333333,0,0,,1,0.969067062608,0.558946397893,0.58958471079,0.0306383128972,,,0,,,,,,,0.911598350031
R_7IXNpixLXSjItSq,diabetes,none,testing,No Diabetes,Diabetes,19,160218,1.728,"""Glucose"" - 154(0.676245536473)
""Blood Pressure"" - 74(0.565217391304) -> 73(0.54347826087)
""Insulin"" - 193(0.3237647447)
""BMI"" - 29.3(0.312587805563)
""Age"" - 39(0.486486486486)",,0.8,0.0217391304348,No Diabetes,0,0.221820468755,0.0239115963161,0.0235872151147,-0.000324381201473,,,0,0,-0.0217391304348,0,0,0,0,1,0,0,0,-0.0149215352677,0,far from boundary,0.476412784885,,0.833333333333,0,0,,1,0.995652173913,0.0818222236912,0.0805325172057,-0.00128970648547,,,0,,,,,,,0.926321712994
R_7IXNpixLXSjItSq,diabetes,none,testing,No Diabetes,Diabetes,20,160207,1.622,"""Glucose"" - 89(0.123618432239)
""Blood Pressure"" - 74(0.565217391304)
""Insulin"" - 85(0.10104759548)
""BMI"" - 30.4(0.351222253442) -> 31.21936(0.38)
""Age"" - 38(0.459459459459)",,0.8,0.028777746558,No Diabetes,0,0.289612017084,3.06571688036e-06,2.44309169639e-06,-6.22625183966e-07,,,0,0,0,0,0.028777746558,0,0,0,0,1,0,-2.16356476248e-05,0,far from boundary,0.499997556908,,0.833333333333,0,0,,1,0.994244450688,0.204135275223,0.173977856699,-0.0301574185244,,,0,,,,,,,0.936672020545
