StartDate,EndDate,Status,IPAddress,Progress,Duration (in seconds),Finished,RecordedDate,ResponseId,RecipientLastName,RecipientFirstName,RecipientEmail,ExternalReference,LocationLatitude,LocationLongitude,DistributionChannel,UserLanguage,Last Seen Flow Element ID,Last Seen Question IDs,Q2,BasicScreen_Value,BasicScreen_Range,AttributionScreen_Purpose,AttributionScreen_Reading,CounterfactualScreen_Purpose,CounterfactualScreen_Reading,BasicScreen_Value_Attempt2,BasicScreen_Range_Attempt2,AttributionScreen_Purpose_Attempt2,AttributionScreen_Reading_Attempt2,CounterfactualScreen_Purpose_Attempt2,CounterfactualScreen_Reading_Attempt2,PostTask_MentalModel,PostTask_StrategyExample,CRT2_Race,CRT2_Sheep,CRT2_Emily,CRT2_Hole,Q71,Q70,Q70_3_TEXT,Q72,Q73,Q73_6_TEXT,Q74,Q74_7_TEXT,Q75,ui_base_url,xaiType,Create New Field or Choose From Dropdown...,training_log_json,testing_log_json,random_assignment_complete,PROLIFIC_PID,test_direction_0_intro_seen,test_direction_1_intro_seen,appId
Start Date,End Date,Response Type,IP Address,Progress,Duration (in seconds),Finished,Recorded Date,Response ID,Recipient Last Name,Recipient First Name,Recipient Email,External Data Reference,Location Latitude,Location Longitude,Distribution Channel,User Language,Last Seen Flow Element ID,Last Seen Question IDs,"Consent Form


Title: Understanding of AI decisions



Principle Investigator:

Associate Professor Brian Lim

Organisation: School of Computing, National University of Singapore

Email: brianlim@comp.nus.edu.sg



Before participating in this research, please read the following items.



Participation is voluntary.

You must be at least 21 years of age to participate. It is your choice whether or not to participate in this research. If you choose to participate, you may change your mind and leave the study at any time. Refusing to participate or choosing to stop your participation will not result in any penalties.



What is the purpose of this research?

This study aims to investigate how people understand and change AI decisions, and whether general problem-solving approaches are related to how people perform this task.


What is the approximate number of research participants involved?
300.



What will be done if I take part in this research?

You will complete a tutorial and screening test, followed by training and testing tasks involving AI decisions. After the main task, you will answer questions about how you approached it, four short general problem-solving questions, and demographic questions.



What are the risks and possible discomforts?

None.



Are there any benefits from being in this research study?

There is no direct benefit to you by participating in this research study. The public, researchers with interests in human understanding of AI decisions should benefit from the results of this study.



Will I be compensated for participating in this research?

Yes, see the survey description.



If I take part in this research, how will my privacy be protected? What happens to the information you collect?

We will collect your responses on secure servers and will not record any personally identifying information. You will be assigned a unique participant ID. Your responses, linked only to this ID, will be included in a public, open-access dataset so other researchers can reproduce and extend this work. No personal details will be shared.


Research results will be reported in aggregate, and data will be stored in line with the University’s Research Data Management Policy.



Can I refuse to participate in this research?

Yes, you can. Your decision to participate in this research is voluntary. You can also withdraw from the research at any time without giving any reasons.



If I have any questions, concerns or complaints about this research study, who can I talk to?

The researcher for this study is Louth Bin Rawshan. If you have questions, concerns, or complaints, or think the research has hurt you, please feel free to contact Louth at louth@comp.nus.edu.sg.



By clicking the ""I Accept"" button, you acknowledge ALL of the following:

1. I am at least 21 years of age,

2. I agree to take part in the aforementioned research,

3. I will not have any financial benefits that result from the commercial development of this research, and

4. I consent to have the coded data made available for future research.",Which pair are the two possible AI outputs in this task?,Which part of the interface helps you judge whether a numeric attribute value is relatively low or high?,What does the feature-influence explanation show?,What do numbered points 1 and 2 identify in the explanation tutorial?,What does the counter-example explanation show?,What do numbered points 1 and 2 identify in the explanation tutorial?,Which pair are the two possible AI outputs in this task?,Which part of the interface helps you judge whether a numeric attribute value is relatively low or high?,What does the feature-influence explanation show?,What do numbered points 1 and 2 identify in the explanation tutorial?,What does the counter-example explanation show?,What do numbered points 1 and 2 identify in the explanation tutorial?,"What rule do you think the AI used to decide between the two outcomes?


Please mention which attributes mattered, whether higher or lower values led toward each outcome, and any thresholds or ranges you noticed.","Thinking across the testing profiles, how did you decide:
  which attributes to change,
  what new values to use, and
  when you had changed enough?

If your approach varied between profiles, explain what made it vary.","If you're running a race and you pass the person in second place, what place are you in?",A farmer had 15 sheep and all but 8 died. How many are left?,Emily's father has three daughters. The first two are named April and May. What is the third daughter's name?,How many cubic feet of dirt are there in a hole that is 3' deep × 3' wide × 3' long?,Age,Gender - Selected Choice,Gender - Other (please specify) - Text,What is the highest degree or level of education you have completed?,What is your ethnicity? - Selected Choice,What is your ethnicity? - f) Other (please specify) - Text,What is your current employment status? - Selected Choice,What is your current employment status? - Other (please specify) - Text,"What industry or field are you currently working/studying in (e.g., healthcare, computing, education)?",ui_base_url,xaiType,Create New Field or Choose From Dropdown...,training_log_json,testing_log_json,random_assignment_complete,PROLIFIC_PID,test_direction_0_intro_seen,test_direction_1_intro_seen,appId
"{""ImportId"":""startDate"",""timeZone"":""Asia/Hong_Kong""}","{""ImportId"":""endDate"",""timeZone"":""Asia/Hong_Kong""}","{""ImportId"":""status""}","{""ImportId"":""ipAddress""}","{""ImportId"":""progress""}","{""ImportId"":""duration""}","{""ImportId"":""finished""}","{""ImportId"":""recordedDate"",""timeZone"":""Asia/Hong_Kong""}","{""ImportId"":""_recordId""}","{""ImportId"":""recipientLastName""}","{""ImportId"":""recipientFirstName""}","{""ImportId"":""recipientEmail""}","{""ImportId"":""externalDataReference""}","{""ImportId"":""locationLatitude""}","{""ImportId"":""locationLongitude""}","{""ImportId"":""distributionChannel""}","{""ImportId"":""userLanguage""}","{""ImportId"":""LastSeenFlowID""}","{""ImportId"":""LastSeenQuestions""}","{""ImportId"":""QID5""}","{""ImportId"":""QID18""}","{""ImportId"":""QID21""}","{""ImportId"":""QID22""}","{""ImportId"":""QID23""}","{""ImportId"":""QID24""}","{""ImportId"":""QID25""}","{""ImportId"":""QID27""}","{""ImportId"":""QID28""}","{""ImportId"":""QID29""}","{""ImportId"":""QID30""}","{""ImportId"":""QID31""}","{""ImportId"":""QID32""}","{""ImportId"":""QID36_TEXT""}","{""ImportId"":""QID37_TEXT""}","{""ImportId"":""QID405_TEXT""}","{""ImportId"":""QID406_TEXT""}","{""ImportId"":""QID407_TEXT""}","{""ImportId"":""QID408_TEXT""}","{""ImportId"":""QID71_TEXT""}","{""ImportId"":""QID70""}","{""ImportId"":""QID70_3_TEXT""}","{""ImportId"":""QID72""}","{""ImportId"":""QID73""}","{""ImportId"":""QID73_6_TEXT""}","{""ImportId"":""QID74""}","{""ImportId"":""QID74_7_TEXT""}","{""ImportId"":""QID75_TEXT""}","{""ImportId"":""ui_base_url""}","{""ImportId"":""xaiType""}","{""ImportId"":""Create New Field or Choose From Dropdown...""}","{""ImportId"":""training_log_json""}","{""ImportId"":""testing_log_json""}","{""ImportId"":""random_assignment_complete""}","{""ImportId"":""PROLIFIC_PID""}","{""ImportId"":""test_direction_0_intro_seen""}","{""ImportId"":""test_direction_1_intro_seen""}","{""ImportId"":""appId""}"
2026-08-29 20:11:53,2026-08-29 20:33:10,0,96.235.129.2,100,1277,1,2026-08-29 20:33:11,R_1KMTwE2iCLDGMxz,,,,,39.7173,-74.9693,anonymous,EN,FL_EOS_ID,,1,1,1,,,,,,,,,,,"The first thing I considered was age because things would change for me if they were above or below the age of 34.  I then went to glucose, insulin and BMI.  If any of them was high, I would consider the others including blood pressure and make a call. I noticed that age was a large factor as was BMI.","After checking all of the values, if a person was younger- below 35 to give the ""diabetes"" I would change BMI if it were lower than the others.  I would do the same with older- above 34 but I would also think twice about the other scales.  Sometimes if the BMI were high enough I would change glucose or inslulin- mosltly glucose.  I had no idea how much change was enough.  I may if I had the original chart to refer to.  So, I guessed- maybe too much of a change, but I was not sure.",I am in second place.,8 are left,Emily,zero,55,2,,5,1,,1,,education,https://louth-bin.github.io/attribution-counterfactual-ui/iframe.html,none,,"[{""domain"":""diabetes"",""caseNumber"":1,""casePoolPosition"":6,""trainingBlock"":""glucose_insulin"",""instanceId"":160105,""explanation"":""none"",""selectedPrediction"":1,""correctPrediction"":1,""correct"":true,""responseMs"":23686},{""domain"":""diabetes"",""caseNumber"":2,""casePoolPosition"":4,""trainingBlock"":""glucose_insulin"",""instanceId"":160103,""explanation"":""none"",""selectedPrediction"":1,""correctPrediction"":1,""correct"":true,""responseMs"":13835},{""domain"":""diabetes"",""caseNumber"":3,""casePoolPosition"":5,""trainingBlock"":""glucose_insulin"",""instanceId"":160104,""explanation"":""none"",""selectedPrediction"":1,""correctPrediction"":1,""correct"":true,""responseMs"":13956},{""domain"":""diabetes"",""caseNumber"":4,""casePoolPosition"":2,""trainingBlock"":""glucose_insulin"",""instanceId"":160101,""explanation"":""none"",""selectedPrediction"":1,""correctPrediction"":0,""correct"":false,""responseMs"":21946},{""domain"":""diabetes"",""caseNumber"":5,""casePoolPosition"":1,""trainingBlock"":""glucose_insulin"",""instanceId"":160100,""explanation"":""none"",""selectedPrediction"":0,""correctPrediction"":0,""correct"":true,""responseMs"":9812},{""domain"":""diabetes"",""caseNumber"":6,""casePoolPosition"":3,""trainingBlock"":""glucose_insulin"",""instanceId"":160102,""explanation"":""none"",""selectedPrediction"":0,""correctPrediction"":0,""correct"":true,""responseMs"":7065},{""domain"":""diabetes"",""caseNumber"":7,""casePoolPosition"":11,""trainingBlock"":""blood_pressure_age"",""instanceId"":160110,""explanation"":""none"",""selectedPrediction"":1,""correctPrediction"":1,""correct"":true,""responseMs"":12742},{""domain"":""diabetes"",""caseNumber"":8,""casePoolPosition"":12,""trainingBlock"":""blood_pressure_age"",""instanceId"":160109,""explanation"":""none"",""selectedPrediction"":1,""correctPrediction"":1,""correct"":true,""responseMs"":9960},{""domain"":""diabetes"",""caseNumber"":9,""casePoolPosition"":10,""trainingBlock"":""blood_pressure_age"",""instanceId"":160111,""explanation"":""none"",""selectedPrediction"":1,""correctPrediction"":1,""correct"":true,""responseMs"":7808},{""domain"":""diabetes"",""caseNumber"":10,""casePoolPosition"":7,""trainingBlock"":""blood_pressure_age"",""instanceId"":160106,""explanation"":""none"",""selectedPrediction"":0,""correctPrediction"":0,""correct"":true,""responseMs"":5828},{""domain"":""diabetes"",""caseNumber"":11,""casePoolPosition"":9,""trainingBlock"":""blood_pressure_age"",""instanceId"":160108,""explanation"":""none"",""selectedPrediction"":0,""correctPrediction"":0,""correct"":true,""responseMs"":10123},{""domain"":""diabetes"",""caseNumber"":12,""casePoolPosition"":8,""trainingBlock"":""blood_pressure_age"",""instanceId"":160107,""explanation"":""none"",""selectedPrediction"":1,""correctPrediction"":0,""correct"":false,""responseMs"":11008}]","[{""domain"":""diabetes"",""direction"":""Diabetes to No Diabetes"",""caseNumberWithinDirection"":1,""casePoolPositionWithinDirection"":8,""instanceId"":160212,""explanation"":""none"",""originalPrediction"":{""value"":0,""label"":""Diabetes""},""changes"":[{""attributeIndex"":3,""attributeName"":""BMI"",""originalValue"":37.1,""originalNormalizedValue"":0.5865411632481028,""newValue"":28.65688,""newNormalizedValue"":0.2899999999999997}],""changedRawFeatureValues"":{""glucose"":111,""blood_pressure"":72,""insulin"":207,""bmi"":28.65688,""age"":56},""feedback"":null,""responseMs"":69723},{""domain"":""diabetes"",""direction"":""Diabetes to No Diabetes"",""caseNumberWithinDirection"":2,""casePoolPositionWithinDirection"":2,""instanceId"":160201,""explanation"":""none"",""originalPrediction"":{""value"":0,""label"":""Diabetes""},""changes"":[{""attributeIndex"":0,""attributeName"":""Glucose"",""originalValue"":187,""originalNormalizedValue"":0.9568100663152522,""newValue"":145,""newNormalizedValue"":0.5997279374256077}],""changedRawFeatureValues"":{""glucose"":145,""blood_pressure"":70,""insulin"":200,""bmi"":36.4,""age"":36},""feedback"":null,""responseMs"":23295},{""domain"":""diabetes"",""direction"":""Diabetes to No Diabetes"",""caseNumberWithinDirection"":3,""casePoolPositionWithinDirection"":6,""instanceId"":160210,""explanation"":""none"",""originalPrediction"":{""value"":0,""label"":""Diabetes""},""changes"":[{""attributeIndex"":3,""attributeName"":""BMI"",""originalValue"":39.4,""originalNormalizedValue"":0.6673222815397575,""newValue"":31.21936,""newNormalizedValue"":0.3799999999999996}],""changedRawFeatureValues"":{""glucose"":100,""blood_pressure"":74,""insulin"":215,""bmi"":31.21936,""age"":43},""feedback"":null,""responseMs"":15140},{""domain"":""diabetes"",""direction"":""Diabetes to No Diabetes"",""caseNumberWithinDirection"":4,""casePoolPositionWithinDirection"":1,""instanceId"":160200,""explanation"":""none"",""originalPrediction"":{""value"":0,""label"":""Diabetes""},""changes"":[{""attributeIndex"":0,""attributeName"":""Glucose"",""originalValue"":154,""originalNormalizedValue"":0.6762455364733887,""newValue"":136,""newNormalizedValue"":0.5232103383778267}],""changedRawFeatureValues"":{""glucose"":136,""blood_pressure"":72,""insulin"":126,""bmi"":31.3,""age"":37},""feedback"":null,""responseMs"":22956},{""domain"":""diabetes"",""direction"":""Diabetes to No Diabetes"",""caseNumberWithinDirection"":5,""casePoolPositionWithinDirection"":4,""instanceId"":160203,""explanation"":""none"",""originalPrediction"":{""value"":0,""label"":""Diabetes""},""changes"":[{""attributeIndex"":0,""attributeName"":""Glucose"",""originalValue"":161,""originalNormalizedValue"":0.7357592246216628,""newValue"":120,""newNormalizedValue"":0.3871790511817717}],""changedRawFeatureValues"":{""glucose"":120,""blood_pressure"":68,""insulin"":132,""bmi"":25.5,""age"":47},""feedback"":null,""responseMs"":10253},{""domain"":""diabetes"",""direction"":""Diabetes to No Diabetes"",""caseNumberWithinDirection"":6,""casePoolPositionWithinDirection"":9,""instanceId"":160213,""explanation"":""none"",""originalPrediction"":{""value"":0,""label"":""Diabetes""},""changes"":[{""attributeIndex"":3,""attributeName"":""BMI"",""originalValue"":34.5,""originalNormalizedValue"":0.4952233773531885,""newValue"":30.3652,""newNormalizedValue"":0.34999999999999964}],""changedRawFeatureValues"":{""glucose"":117,""blood_pressure"":88,""insulin"":145,""bmi"":30.3652,""age"":40},""feedback"":null,""responseMs"":24559},{""domain"":""diabetes"",""direction"":""Diabetes to No Diabetes"",""caseNumberWithinDirection"":7,""casePoolPositionWithinDirection"":3,""instanceId"":160202,""explanation"":""none"",""originalPrediction"":{""value"":0,""label"":""Diabetes""},""changes"":[{""attributeIndex"":3,""attributeName"":""BMI"",""originalValue"":31.1,""originalNormalizedValue"":0.3758078111829162,""newValue"":27.80272,""newNormalizedValue"":0.25999999999999973}],""changedRawFeatureValues"":{""glucose"":125,""blood_pressure"":70,""insulin"":115,""bmi"":27.80272,""age"":41},""feedback"":null,""responseMs"":20792},{""domain"":""diabetes"",""direction"":""Diabetes to No Diabetes"",""caseNumberWithinDirection"":8,""casePoolPositionWithinDirection"":5,""instanceId"":160204,""explanation"":""none"",""originalPrediction"":{""value"":0,""label"":""Diabetes""},""changes"":[{""attributeIndex"":0,""attributeName"":""Glucose"",""originalValue"":125,""originalNormalizedValue"":0.4296888284305389,""newValue"":102,""newNormalizedValue"":0.23414385308620977}],""changedRawFeatureValues"":{""glucose"":102,""blood_pressure"":70,""insulin"":122,""bmi"":28.9,""age"":45},""feedback"":null,""responseMs"":16179},{""domain"":""diabetes"",""direction"":""Diabetes to No Diabetes"",""caseNumberWithinDirection"":9,""casePoolPositionWithinDirection"":7,""instanceId"":160211,""explanation"":""none"",""originalPrediction"":{""value"":0,""label"":""Diabetes""},""changes"":[{""attributeIndex"":0,""attributeName"":""Glucose"",""originalValue"":145,""originalNormalizedValue"":0.5997279374256077,""newValue"":133,""newNormalizedValue"":0.49770447202856644}],""changedRawFeatureValues"":{""glucose"":133,""blood_pressure"":80,""insulin"":130,""bmi"":37.9,""age"":40},""feedback"":null,""responseMs"":19904},{""domain"":""diabetes"",""direction"":""Diabetes to No Diabetes"",""caseNumberWithinDirection"":10,""casePoolPositionWithinDirection"":10,""instanceId"":160214,""explanation"":""none"",""originalPrediction"":{""value"":0,""label"":""Diabetes""},""changes"":[{""attributeIndex"":1,""attributeName"":""Blood Pressure"",""originalValue"":74,""originalNormalizedValue"":0.5652173913043478,""newValue"":65,""newNormalizedValue"":0.3695652173913043}],""changedRawFeatureValues"":{""glucose"":104,""blood_pressure"":65,""insulin"":156,""bmi"":29.9,""age"":41},""feedback"":null,""responseMs"":13722},{""domain"":""diabetes"",""direction"":""No Diabetes to Diabetes"",""caseNumberWithinDirection"":1,""casePoolPositionWithinDirection"":6,""instanceId"":160215,""explanation"":""none"",""originalPrediction"":{""value"":1,""label"":""No Diabetes""},""changes"":[{""attributeIndex"":0,""attributeName"":""Glucose"",""originalValue"":117,""originalNormalizedValue"":0.3616731848325114,""newValue"":147,""newNormalizedValue"":0.6167318483251146}],""changedRawFeatureValues"":{""glucose"":147,""blood_pressure"":60,""insulin"":106,""bmi"":33.8,""age"":27},""feedback"":null,""responseMs"":58941},{""domain"":""diabetes"",""direction"":""No Diabetes to Diabetes"",""caseNumberWithinDirection"":2,""casePoolPositionWithinDirection"":3,""instanceId"":160209,""explanation"":""none"",""originalPrediction"":{""value"":1,""label"":""No Diabetes""},""changes"":[{""attributeIndex"":3,""attributeName"":""BMI"",""originalValue"":29.3,""originalNormalizedValue"":0.3125878055633602,""newValue"":38.9068,""newNormalizedValue"":0.6499999999999991}],""changedRawFeatureValues"":{""glucose"":83,""blood_pressure"":78,""insulin"":71,""bmi"":38.9068,""age"":36},""feedback"":null,""responseMs"":10684},{""domain"":""diabetes"",""direction"":""No Diabetes to Diabetes"",""caseNumberWithinDirection"":3,""casePoolPositionWithinDirection"":1,""instanceId"":160205,""explanation"":""none"",""originalPrediction"":{""value"":1,""label"":""No Diabetes""},""changes"":[{""attributeIndex"":2,""attributeName"":""Insulin"",""originalValue"":46,""originalNormalizedValue"":0.020621958261156436,""newValue"":220,""newNormalizedValue"":0.37944403200527843}],""changedRawFeatureValues"":{""glucose"":100,""blood_pressure"":74,""insulin"":220,""bmi"":19.5,""age"":28},""feedback"":null,""responseMs"":21773},{""domain"":""diabetes"",""direction"":""No Diabetes to Diabetes"",""caseNumberWithinDirection"":4,""casePoolPositionWithinDirection"":7,""instanceId"":160219,""explanation"":""none"",""originalPrediction"":{""value"":1,""label"":""No Diabetes""},""changes"":[{""attributeIndex"":2,""attributeName"":""Insulin"",""originalValue"":140,""originalNormalizedValue"":0.21446836591602694,""newValue"":288,""newNormalizedValue"":0.5196733481811422}],""changedRawFeatureValues"":{""glucose"":139,""blood_pressure"":64,""insulin"":288,""bmi"":28.6,""age"":26},""feedback"":null,""responseMs"":10540},{""domain"":""diabetes"",""direction"":""No Diabetes to Diabetes"",""caseNumberWithinDirection"":5,""casePoolPositionWithinDirection"":9,""instanceId"":160217,""explanation"":""none"",""originalPrediction"":{""value"":1,""label"":""No Diabetes""},""changes"":[{""attributeIndex"":3,""attributeName"":""BMI"",""originalValue"":34.1,""originalNormalizedValue"":0.4811744872155094,""newValue"":39.47624,""newNormalizedValue"":0.669999999999999}],""changedRawFeatureValues"":{""glucose"":112,""blood_pressure"":68,""insulin"":94,""bmi"":39.47624,""age"":26},""feedback"":null,""responseMs"":9779},{""domain"":""diabetes"",""direction"":""No Diabetes to Diabetes"",""caseNumberWithinDirection"":6,""casePoolPositionWithinDirection"":5,""instanceId"":160208,""explanation"":""none"",""originalPrediction"":{""value"":1,""label"":""No Diabetes""},""changes"":[{""attributeIndex"":3,""attributeName"":""BMI"",""originalValue"":25.9,""originalNormalizedValue"":0.1931722393930877,""newValue"":38.62208,""newNormalizedValue"":0.6399999999999991}],""changedRawFeatureValues"":{""glucose"":126,""blood_pressure"":74,""insulin"":75,""bmi"":38.62208,""age"":39},""feedback"":null,""responseMs"":8985},{""domain"":""diabetes"",""direction"":""No Diabetes to Diabetes"",""caseNumberWithinDirection"":7,""casePoolPositionWithinDirection"":4,""instanceId"":160207,""explanation"":""none"",""originalPrediction"":{""value"":1,""label"":""No Diabetes""},""changes"":[{""attributeIndex"":0,""attributeName"":""Glucose"",""originalValue"":89,""originalNormalizedValue"":0.12361843223941507,""newValue"":112,""newNormalizedValue"":0.3191634075837442}],""changedRawFeatureValues"":{""glucose"":112,""blood_pressure"":74,""insulin"":85,""bmi"":30.4,""age"":38},""feedback"":null,""responseMs"":15167},{""domain"":""diabetes"",""direction"":""No Diabetes to Diabetes"",""caseNumberWithinDirection"":8,""casePoolPositionWithinDirection"":2,""instanceId"":160206,""explanation"":""none"",""originalPrediction"":{""value"":1,""label"":""No Diabetes""},""changes"":[{""attributeIndex"":3,""attributeName"":""BMI"",""originalValue"":19.4,""originalNormalizedValue"":-0.03512222534419776,""newValue"":41.18456,""newNormalizedValue"":0.729999999999999}],""changedRawFeatureValues"":{""glucose"":103,""blood_pressure"":80,""insulin"":82,""bmi"":41.18456,""age"":22},""feedback"":null,""responseMs"":16172},{""domain"":""diabetes"",""direction"":""No Diabetes to Diabetes"",""caseNumberWithinDirection"":9,""casePoolPositionWithinDirection"":10,""instanceId"":160218,""explanation"":""none"",""originalPrediction"":{""value"":1,""label"":""No Diabetes""},""changes"":[{""attributeIndex"":3,""attributeName"":""BMI"",""originalValue"":29.3,""originalNormalizedValue"":0.3125878055633602,""newValue"":36.91376,""newNormalizedValue"":0.5799999999999994}],""changedRawFeatureValues"":{""glucose"":154,""blood_pressure"":74,""insulin"":193,""bmi"":36.91376,""age"":39},""feedback"":null,""responseMs"":6423},{""domain"":""diabetes"",""direction"":""No Diabetes to Diabetes"",""caseNumberWithinDirection"":10,""casePoolPositionWithinDirection"":8,""instanceId"":160216,""explanation"":""none"",""originalPrediction"":{""value"":1,""label"":""No Diabetes""},""changes"":[{""attributeIndex"":2,""attributeName"":""Insulin"",""originalValue"":120,""originalNormalizedValue"":0.17322444939371406,""newValue"":249,""newNormalizedValue"":0.4392477109626321}],""changedRawFeatureValues"":{""glucose"":151,""blood_pressure"":62,""insulin"":249,""bmi"":35.5,""age"":28},""feedback"":null,""responseMs"":8856}]",1,6a0f2b716d0c96b6a2127c18,1,1,diabetes
2026-08-29 21:22:22,2026-08-29 21:38:25,0,198.254.16.200,100,963,1,2026-08-29 21:38:26,R_7MBioYOD8gq6nT3,,,,,35.1387,-90.0095,anonymous,EN,FL_EOS_ID,,1,1,1,,,,,,,,,,,I focused more on BMI and BP. The lower those were are good indicators of overall health and less chance for diabetes.,I tried to keep DBP less than 75 and BMI less than 30 but ideally less than 25.,Second,8,Emily,3,36,1,,6,1,,1,,Healthcare,https://louth-bin.github.io/attribution-counterfactual-ui/iframe.html,counterfactuals,,"[{""domain"":""diabetes"",""caseNumber"":1,""casePoolPosition"":8,""trainingBlock"":""blood_pressure_age"",""instanceId"":160107,""explanation"":""counterfactuals"",""selectedPrediction"":1,""correctPrediction"":0,""correct"":false,""responseMs"":18291},{""domain"":""diabetes"",""caseNumber"":2,""casePoolPosition"":7,""trainingBlock"":""blood_pressure_age"",""instanceId"":160106,""explanation"":""counterfactuals"",""selectedPrediction"":0,""correctPrediction"":0,""correct"":true,""responseMs"":39363},{""domain"":""diabetes"",""caseNumber"":3,""casePoolPosition"":9,""trainingBlock"":""blood_pressure_age"",""instanceId"":160108,""explanation"":""counterfactuals"",""selectedPrediction"":0,""correctPrediction"":0,""correct"":true,""responseMs"":9181},{""domain"":""diabetes"",""caseNumber"":4,""casePoolPosition"":12,""trainingBlock"":""blood_pressure_age"",""instanceId"":160109,""explanation"":""counterfactuals"",""selectedPrediction"":1,""correctPrediction"":1,""correct"":true,""responseMs"":10706},{""domain"":""diabetes"",""caseNumber"":5,""casePoolPosition"":10,""trainingBlock"":""blood_pressure_age"",""instanceId"":160111,""explanation"":""counterfactuals"",""selectedPrediction"":1,""correctPrediction"":1,""correct"":true,""responseMs"":13836},{""domain"":""diabetes"",""caseNumber"":6,""casePoolPosition"":11,""trainingBlock"":""blood_pressure_age"",""instanceId"":160110,""explanation"":""counterfactuals"",""selectedPrediction"":1,""correctPrediction"":1,""correct"":true,""responseMs"":4903},{""domain"":""diabetes"",""caseNumber"":7,""casePoolPosition"":5,""trainingBlock"":""glucose_insulin"",""instanceId"":160104,""explanation"":""counterfactuals"",""selectedPrediction"":1,""correctPrediction"":1,""correct"":true,""responseMs"":3495},{""domain"":""diabetes"",""caseNumber"":8,""casePoolPosition"":1,""trainingBlock"":""glucose_insulin"",""instanceId"":160100,""explanation"":""counterfactuals"",""selectedPrediction"":0,""correctPrediction"":0,""correct"":true,""responseMs"":3085},{""domain"":""diabetes"",""caseNumber"":9,""casePoolPosition"":3,""trainingBlock"":""glucose_insulin"",""instanceId"":160102,""explanation"":""counterfactuals"",""selectedPrediction"":0,""correctPrediction"":0,""correct"":true,""responseMs"":7357},{""domain"":""diabetes"",""caseNumber"":10,""casePoolPosition"":2,""trainingBlock"":""glucose_insulin"",""instanceId"":160101,""explanation"":""counterfactuals"",""selectedPrediction"":1,""correctPrediction"":0,""correct"":false,""responseMs"":190745},{""domain"":""diabetes"",""caseNumber"":11,""casePoolPosition"":4,""trainingBlock"":""glucose_insulin"",""instanceId"":160103,""explanation"":""counterfactuals"",""selectedPrediction"":0,""correctPrediction"":1,""correct"":false,""responseMs"":47461},{""domain"":""diabetes"",""caseNumber"":12,""casePoolPosition"":6,""trainingBlock"":""glucose_insulin"",""instanceId"":160105,""explanation"":""counterfactuals"",""selectedPrediction"":1,""correctPrediction"":1,""correct"":true,""responseMs"":5263}]","[{""domain"":""diabetes"",""direction"":""No Diabetes to Diabetes"",""caseNumberWithinDirection"":1,""casePoolPositionWithinDirection"":3,""instanceId"":160209,""explanation"":""counterfactuals"",""originalPrediction"":{""value"":1,""label"":""No Diabetes""},""changes"":[{""attributeIndex"":3,""attributeName"":""BMI"",""originalValue"":29.3,""originalNormalizedValue"":0.3125878055633602,""newValue"":26.0944,""newNormalizedValue"":0.1999999999999998}],""changedRawFeatureValues"":{""glucose"":83,""blood_pressure"":78,""insulin"":71,""bmi"":26.0944,""age"":36},""feedback"":null,""responseMs"":27225},{""domain"":""diabetes"",""direction"":""No Diabetes to Diabetes"",""caseNumberWithinDirection"":2,""casePoolPositionWithinDirection"":7,""instanceId"":160219,""explanation"":""counterfactuals"",""originalPrediction"":{""value"":1,""label"":""No Diabetes""},""changes"":[{""attributeIndex"":3,""attributeName"":""BMI"",""originalValue"":28.6,""originalNormalizedValue"":0.28800224782242173,""newValue"":27.518,""newNormalizedValue"":0.24999999999999975}],""changedRawFeatureValues"":{""glucose"":139,""blood_pressure"":64,""insulin"":140,""bmi"":27.518,""age"":26},""feedback"":null,""responseMs"":15979},{""domain"":""diabetes"",""direction"":""No Diabetes to Diabetes"",""caseNumberWithinDirection"":3,""casePoolPositionWithinDirection"":9,""instanceId"":160217,""explanation"":""counterfactuals"",""originalPrediction"":{""value"":1,""label"":""No Diabetes""},""changes"":[{""attributeIndex"":3,""attributeName"":""BMI"",""originalValue"":34.1,""originalNormalizedValue"":0.4811744872155094,""newValue"":25.80968,""newNormalizedValue"":0.1899999999999998}],""changedRawFeatureValues"":{""glucose"":112,""blood_pressure"":68,""insulin"":94,""bmi"":25.80968,""age"":26},""feedback"":null,""responseMs"":8351},{""domain"":""diabetes"",""direction"":""No Diabetes to Diabetes"",""caseNumberWithinDirection"":4,""casePoolPositionWithinDirection"":6,""instanceId"":160215,""explanation"":""counterfactuals"",""originalPrediction"":{""value"":1,""label"":""No Diabetes""},""changes"":[{""attributeIndex"":3,""attributeName"":""BMI"",""originalValue"":33.8,""originalNormalizedValue"":0.47063781961225,""newValue"":30.08048,""newNormalizedValue"":0.33999999999999964}],""changedRawFeatureValues"":{""glucose"":117,""blood_pressure"":60,""insulin"":106,""bmi"":30.08048,""age"":27},""feedback"":null,""responseMs"":4462},{""domain"":""diabetes"",""direction"":""No Diabetes to Diabetes"",""caseNumberWithinDirection"":5,""casePoolPositionWithinDirection"":5,""instanceId"":160208,""explanation"":""counterfactuals"",""originalPrediction"":{""value"":1,""label"":""No Diabetes""},""changes"":[{""attributeIndex"":3,""attributeName"":""BMI"",""originalValue"":25.9,""originalNormalizedValue"":0.1931722393930877,""newValue"":25.80968,""newNormalizedValue"":0.1899999999999998}],""changedRawFeatureValues"":{""glucose"":126,""blood_pressure"":74,""insulin"":75,""bmi"":25.80968,""age"":39},""feedback"":null,""responseMs"":12174},{""domain"":""diabetes"",""direction"":""No Diabetes to Diabetes"",""caseNumberWithinDirection"":6,""casePoolPositionWithinDirection"":2,""instanceId"":160206,""explanation"":""counterfactuals"",""originalPrediction"":{""value"":1,""label"":""No Diabetes""},""changes"":[{""attributeIndex"":1,""attributeName"":""Blood Pressure"",""originalValue"":80,""originalNormalizedValue"":0.6956521739130435,""newValue"":72,""newNormalizedValue"":0.5217391304347826}],""changedRawFeatureValues"":{""glucose"":103,""blood_pressure"":72,""insulin"":82,""bmi"":19.4,""age"":22},""feedback"":null,""responseMs"":5825},{""domain"":""diabetes"",""direction"":""No Diabetes to Diabetes"",""caseNumberWithinDirection"":7,""casePoolPositionWithinDirection"":10,""instanceId"":160218,""explanation"":""counterfactuals"",""originalPrediction"":{""value"":1,""label"":""No Diabetes""},""changes"":[{""attributeIndex"":2,""attributeName"":""Insulin"",""originalValue"":193,""originalNormalizedValue"":0.3237647447001561,""newValue"":177,""newNormalizedValue"":0.2907696114823058}],""changedRawFeatureValues"":{""glucose"":154,""blood_pressure"":74,""insulin"":177,""bmi"":29.3,""age"":39},""feedback"":null,""responseMs"":9646},{""domain"":""diabetes"",""direction"":""No Diabetes to Diabetes"",""caseNumberWithinDirection"":8,""casePoolPositionWithinDirection"":4,""instanceId"":160207,""explanation"":""counterfactuals"",""originalPrediction"":{""value"":1,""label"":""No Diabetes""},""changes"":[{""attributeIndex"":3,""attributeName"":""BMI"",""originalValue"":30.4,""originalNormalizedValue"":0.3512222534419776,""newValue"":26.94856,""newNormalizedValue"":0.22999999999999976}],""changedRawFeatureValues"":{""glucose"":89,""blood_pressure"":74,""insulin"":85,""bmi"":26.94856,""age"":38},""feedback"":null,""responseMs"":6728},{""domain"":""diabetes"",""direction"":""No Diabetes to Diabetes"",""caseNumberWithinDirection"":9,""casePoolPositionWithinDirection"":8,""instanceId"":160216,""explanation"":""counterfactuals"",""originalPrediction"":{""value"":1,""label"":""No Diabetes""},""changes"":[{""attributeIndex"":3,""attributeName"":""BMI"",""originalValue"":35.5,""originalNormalizedValue"":0.5303456026973863,""newValue"":30.08048,""newNormalizedValue"":0.33999999999999964}],""changedRawFeatureValues"":{""glucose"":151,""blood_pressure"":62,""insulin"":120,""bmi"":30.08048,""age"":28},""feedback"":null,""responseMs"":7397},{""domain"":""diabetes"",""direction"":""No Diabetes to Diabetes"",""caseNumberWithinDirection"":10,""casePoolPositionWithinDirection"":1,""instanceId"":160205,""explanation"":""counterfactuals"",""originalPrediction"":{""value"":1,""label"":""No Diabetes""},""changes"":[{""attributeIndex"":1,""attributeName"":""Blood Pressure"",""originalValue"":74,""originalNormalizedValue"":0.5652173913043478,""newValue"":65,""newNormalizedValue"":0.3695652173913043}],""changedRawFeatureValues"":{""glucose"":100,""blood_pressure"":65,""insulin"":46,""bmi"":19.5,""age"":28},""feedback"":null,""responseMs"":5952},{""domain"":""diabetes"",""direction"":""Diabetes to No Diabetes"",""caseNumberWithinDirection"":1,""casePoolPositionWithinDirection"":6,""instanceId"":160210,""explanation"":""counterfactuals"",""originalPrediction"":{""value"":0,""label"":""Diabetes""},""changes"":[{""attributeIndex"":3,""attributeName"":""BMI"",""originalValue"":39.4,""originalNormalizedValue"":0.6673222815397575,""newValue"":29.51104,""newNormalizedValue"":0.3199999999999997}],""changedRawFeatureValues"":{""glucose"":100,""blood_pressure"":74,""insulin"":215,""bmi"":29.51104,""age"":43},""feedback"":null,""responseMs"":15544},{""domain"":""diabetes"",""direction"":""Diabetes to No Diabetes"",""caseNumberWithinDirection"":2,""casePoolPositionWithinDirection"":4,""instanceId"":160203,""explanation"":""counterfactuals"",""originalPrediction"":{""value"":0,""label"":""Diabetes""},""changes"":[{""attributeIndex"":3,""attributeName"":""BMI"",""originalValue"":25.5,""originalNormalizedValue"":0.17912334925540865,""newValue"":22.96248,""newNormalizedValue"":0.08999999999999991}],""changedRawFeatureValues"":{""glucose"":161,""blood_pressure"":68,""insulin"":132,""bmi"":22.96248,""age"":47},""feedback"":null,""responseMs"":45041},{""domain"":""diabetes"",""direction"":""Diabetes to No Diabetes"",""caseNumberWithinDirection"":3,""casePoolPositionWithinDirection"":7,""instanceId"":160211,""explanation"":""counterfactuals"",""originalPrediction"":{""value"":0,""label"":""Diabetes""},""changes"":[{""attributeIndex"":1,""attributeName"":""Blood Pressure"",""originalValue"":80,""originalNormalizedValue"":0.6956521739130435,""newValue"":72,""newNormalizedValue"":0.5217391304347826},{""attributeIndex"":3,""attributeName"":""BMI"",""originalValue"":37.9,""originalNormalizedValue"":0.6146389435234608,""newValue"":29.79576,""newNormalizedValue"":0.3299999999999997}],""changedRawFeatureValues"":{""glucose"":145,""blood_pressure"":72,""insulin"":130,""bmi"":29.79576,""age"":40},""feedback"":null,""responseMs"":26479},{""domain"":""diabetes"",""direction"":""Diabetes to No Diabetes"",""caseNumberWithinDirection"":4,""casePoolPositionWithinDirection"":8,""instanceId"":160212,""explanation"":""counterfactuals"",""originalPrediction"":{""value"":0,""label"":""Diabetes""},""changes"":[{""attributeIndex"":3,""attributeName"":""BMI"",""originalValue"":37.1,""originalNormalizedValue"":0.5865411632481028,""newValue"":29.79576,""newNormalizedValue"":0.3299999999999997}],""changedRawFeatureValues"":{""glucose"":111,""blood_pressure"":72,""insulin"":207,""bmi"":29.79576,""age"":56},""feedback"":null,""responseMs"":14099},{""domain"":""diabetes"",""direction"":""Diabetes to No Diabetes"",""caseNumberWithinDirection"":5,""casePoolPositionWithinDirection"":1,""instanceId"":160200,""explanation"":""counterfactuals"",""originalPrediction"":{""value"":0,""label"":""Diabetes""},""changes"":[{""attributeIndex"":3,""attributeName"":""BMI"",""originalValue"":31.3,""originalNormalizedValue"":0.3828322562517557,""newValue"":28.37216,""newNormalizedValue"":0.2799999999999997}],""changedRawFeatureValues"":{""glucose"":154,""blood_pressure"":72,""insulin"":126,""bmi"":28.37216,""age"":37},""feedback"":null,""responseMs"":14420},{""domain"":""diabetes"",""direction"":""Diabetes to No Diabetes"",""caseNumberWithinDirection"":6,""casePoolPositionWithinDirection"":10,""instanceId"":160214,""explanation"":""counterfactuals"",""originalPrediction"":{""value"":0,""label"":""Diabetes""},""changes"":[{""attributeIndex"":3,""attributeName"":""BMI"",""originalValue"":29.9,""originalNormalizedValue"":0.33366114076987874,""newValue"":26.94856,""newNormalizedValue"":0.22999999999999976}],""changedRawFeatureValues"":{""glucose"":104,""blood_pressure"":74,""insulin"":156,""bmi"":26.94856,""age"":41},""feedback"":null,""responseMs"":11479},{""domain"":""diabetes"",""direction"":""Diabetes to No Diabetes"",""caseNumberWithinDirection"":7,""casePoolPositionWithinDirection"":9,""instanceId"":160213,""explanation"":""counterfactuals"",""originalPrediction"":{""value"":0,""label"":""Diabetes""},""changes"":[{""attributeIndex"":1,""attributeName"":""Blood Pressure"",""originalValue"":88,""originalNormalizedValue"":0.8695652173913043,""newValue"":70,""newNormalizedValue"":0.4782608695652174}],""changedRawFeatureValues"":{""glucose"":117,""blood_pressure"":70,""insulin"":145,""bmi"":34.5,""age"":40},""feedback"":null,""responseMs"":3764},{""domain"":""diabetes"",""direction"":""Diabetes to No Diabetes"",""caseNumberWithinDirection"":8,""casePoolPositionWithinDirection"":2,""instanceId"":160201,""explanation"":""counterfactuals"",""originalPrediction"":{""value"":0,""label"":""Diabetes""},""changes"":[{""attributeIndex"":0,""attributeName"":""Glucose"",""originalValue"":187,""originalNormalizedValue"":0.9568100663152522,""newValue"":136,""newNormalizedValue"":0.5232103383778267},{""attributeIndex"":2,""attributeName"":""Insulin"",""originalValue"":200,""originalNormalizedValue"":0.3382001154829656,""newValue"":138,""newNormalizedValue"":0.21034397426379567},{""attributeIndex"":3,""attributeName"":""BMI"",""originalValue"":36.4,""originalNormalizedValue"":0.5619556055071642,""newValue"":31.21936,""newNormalizedValue"":0.3799999999999996}],""changedRawFeatureValues"":{""glucose"":136,""blood_pressure"":70,""insulin"":138,""bmi"":31.21936,""age"":36},""feedback"":null,""responseMs"":9774},{""domain"":""diabetes"",""direction"":""Diabetes to No Diabetes"",""caseNumberWithinDirection"":9,""casePoolPositionWithinDirection"":5,""instanceId"":160204,""explanation"":""counterfactuals"",""originalPrediction"":{""value"":0,""label"":""Diabetes""},""changes"":[{""attributeIndex"":4,""attributeName"":""Age"",""originalValue"":45,""originalNormalizedValue"":0.6486486486486487,""newValue"":40,""newNormalizedValue"":0.5135135135135135}],""changedRawFeatureValues"":{""glucose"":125,""blood_pressure"":70,""insulin"":122,""bmi"":28.9,""age"":40},""feedback"":null,""responseMs"":9122},{""domain"":""diabetes"",""direction"":""Diabetes to No Diabetes"",""caseNumberWithinDirection"":10,""casePoolPositionWithinDirection"":3,""instanceId"":160202,""explanation"":""counterfactuals"",""originalPrediction"":{""value"":0,""label"":""Diabetes""},""changes"":[{""attributeIndex"":3,""attributeName"":""BMI"",""originalValue"":31.1,""originalNormalizedValue"":0.3758078111829162,""newValue"":28.65688,""newNormalizedValue"":0.2899999999999997}],""changedRawFeatureValues"":{""glucose"":125,""blood_pressure"":70,""insulin"":115,""bmi"":28.65688,""age"":41},""feedback"":null,""responseMs"":5327}]",1,69fdf9fae026bd8dfc79e8e8,1,1,diabetes
2026-08-29 21:43:06,2026-08-29 22:12:46,0,129.222.1.7,100,1779,1,2026-08-29 22:12:46,R_1vbS8BCLvmrwGHr,,,,,25.7701,-80.1928,anonymous,EN,FL_EOS_ID,,1,1,1,1,1,,,,,,,,,"To be honest, I do not know what rule the AI used to decide between the two outcomes. My strategy was to focus on the things that triggered the AI in the trial, which were glucose, insulin, blood pressure, and BMI. It appeared that higher values in those categories led to a diabetes diagnosis, while lower values did not. ","I tried to focus on the main things mentioned during the trial: insulin, glucose, blood pressure, and BMI. To attempt to get the diabetes diagnosis, I moved their scales slightly higher. To attempt to remove the diagnosis, I moved them lower. ",First,8,Emily,27,40,2,,4,1,,1,,Consulting,https://louth-bin.github.io/attribution-counterfactual-ui/iframe.html,attribution,,"[{""domain"":""diabetes"",""caseNumber"":1,""casePoolPosition"":11,""trainingBlock"":""blood_pressure_age"",""instanceId"":160110,""explanation"":""attribution"",""selectedPrediction"":0,""correctPrediction"":1,""correct"":false,""responseMs"":48111},{""domain"":""diabetes"",""caseNumber"":2,""casePoolPosition"":7,""trainingBlock"":""blood_pressure_age"",""instanceId"":160106,""explanation"":""attribution"",""selectedPrediction"":1,""correctPrediction"":0,""correct"":false,""responseMs"":34440},{""domain"":""diabetes"",""caseNumber"":3,""casePoolPosition"":8,""trainingBlock"":""blood_pressure_age"",""instanceId"":160107,""explanation"":""attribution"",""selectedPrediction"":1,""correctPrediction"":0,""correct"":false,""responseMs"":25824},{""domain"":""diabetes"",""caseNumber"":4,""casePoolPosition"":10,""trainingBlock"":""blood_pressure_age"",""instanceId"":160111,""explanation"":""attribution"",""selectedPrediction"":1,""correctPrediction"":1,""correct"":true,""responseMs"":22278},{""domain"":""diabetes"",""caseNumber"":5,""casePoolPosition"":9,""trainingBlock"":""blood_pressure_age"",""instanceId"":160108,""explanation"":""attribution"",""selectedPrediction"":0,""correctPrediction"":0,""correct"":true,""responseMs"":16642},{""domain"":""diabetes"",""caseNumber"":6,""casePoolPosition"":12,""trainingBlock"":""blood_pressure_age"",""instanceId"":160109,""explanation"":""attribution"",""selectedPrediction"":0,""correctPrediction"":1,""correct"":false,""responseMs"":42681},{""domain"":""diabetes"",""caseNumber"":7,""casePoolPosition"":1,""trainingBlock"":""glucose_insulin"",""instanceId"":160100,""explanation"":""attribution"",""selectedPrediction"":0,""correctPrediction"":0,""correct"":true,""responseMs"":22538},{""domain"":""diabetes"",""caseNumber"":8,""casePoolPosition"":2,""trainingBlock"":""glucose_insulin"",""instanceId"":160101,""explanation"":""attribution"",""selectedPrediction"":1,""correctPrediction"":0,""correct"":false,""responseMs"":20188},{""domain"":""diabetes"",""caseNumber"":9,""casePoolPosition"":4,""trainingBlock"":""glucose_insulin"",""instanceId"":160103,""explanation"":""attribution"",""selectedPrediction"":1,""correctPrediction"":1,""correct"":true,""responseMs"":21171},{""domain"":""diabetes"",""caseNumber"":10,""casePoolPosition"":5,""trainingBlock"":""glucose_insulin"",""instanceId"":160104,""explanation"":""attribution"",""selectedPrediction"":0,""correctPrediction"":1,""correct"":false,""responseMs"":59068},{""domain"":""diabetes"",""caseNumber"":11,""casePoolPosition"":3,""trainingBlock"":""glucose_insulin"",""instanceId"":160102,""explanation"":""attribution"",""selectedPrediction"":0,""correctPrediction"":0,""correct"":true,""responseMs"":29502},{""domain"":""diabetes"",""caseNumber"":12,""casePoolPosition"":6,""trainingBlock"":""glucose_insulin"",""instanceId"":160105,""explanation"":""attribution"",""selectedPrediction"":1,""correctPrediction"":1,""correct"":true,""responseMs"":17926}]","[{""domain"":""diabetes"",""direction"":""Diabetes to No Diabetes"",""caseNumberWithinDirection"":1,""casePoolPositionWithinDirection"":1,""instanceId"":160200,""explanation"":""attribution"",""originalPrediction"":{""value"":0,""label"":""Diabetes""},""changes"":[{""attributeIndex"":3,""attributeName"":""BMI"",""originalValue"":31.3,""originalNormalizedValue"":0.3828322562517557,""newValue"":25.80968,""newNormalizedValue"":0.1899999999999998}],""changedRawFeatureValues"":{""glucose"":154,""blood_pressure"":72,""insulin"":126,""bmi"":25.80968,""age"":37},""feedback"":null,""responseMs"":35733},{""domain"":""diabetes"",""direction"":""Diabetes to No Diabetes"",""caseNumberWithinDirection"":2,""casePoolPositionWithinDirection"":3,""instanceId"":160202,""explanation"":""attribution"",""originalPrediction"":{""value"":0,""label"":""Diabetes""},""changes"":[{""attributeIndex"":1,""attributeName"":""Blood Pressure"",""originalValue"":70,""originalNormalizedValue"":0.4782608695652174,""newValue"":63,""newNormalizedValue"":0.32608695652173914},{""attributeIndex"":3,""attributeName"":""BMI"",""originalValue"":31.1,""originalNormalizedValue"":0.3758078111829162,""newValue"":26.0944,""newNormalizedValue"":0.1999999999999998}],""changedRawFeatureValues"":{""glucose"":125,""blood_pressure"":63,""insulin"":115,""bmi"":26.0944,""age"":41},""feedback"":null,""responseMs"":24567},{""domain"":""diabetes"",""direction"":""Diabetes to No Diabetes"",""caseNumberWithinDirection"":3,""casePoolPositionWithinDirection"":9,""instanceId"":160213,""explanation"":""attribution"",""originalPrediction"":{""value"":0,""label"":""Diabetes""},""changes"":[{""attributeIndex"":1,""attributeName"":""Blood Pressure"",""originalValue"":88,""originalNormalizedValue"":0.8695652173913043,""newValue"":69,""newNormalizedValue"":0.45652173913043476},{""attributeIndex"":3,""attributeName"":""BMI"",""originalValue"":34.5,""originalNormalizedValue"":0.4952233773531885,""newValue"":25.24024,""newNormalizedValue"":0.16999999999999982}],""changedRawFeatureValues"":{""glucose"":117,""blood_pressure"":69,""insulin"":145,""bmi"":25.24024,""age"":40},""feedback"":null,""responseMs"":18538},{""domain"":""diabetes"",""direction"":""Diabetes to No Diabetes"",""caseNumberWithinDirection"":4,""casePoolPositionWithinDirection"":5,""instanceId"":160204,""explanation"":""attribution"",""originalPrediction"":{""value"":0,""label"":""Diabetes""},""changes"":[{""attributeIndex"":1,""attributeName"":""Blood Pressure"",""originalValue"":70,""originalNormalizedValue"":0.4782608695652174,""newValue"":64,""newNormalizedValue"":0.34782608695652173},{""attributeIndex"":3,""attributeName"":""BMI"",""originalValue"":28.9,""originalNormalizedValue"":0.298538915425681,""newValue"":25.24024,""newNormalizedValue"":0.16999999999999982}],""changedRawFeatureValues"":{""glucose"":125,""blood_pressure"":64,""insulin"":122,""bmi"":25.24024,""age"":45},""feedback"":null,""responseMs"":11839},{""domain"":""diabetes"",""direction"":""Diabetes to No Diabetes"",""caseNumberWithinDirection"":5,""casePoolPositionWithinDirection"":6,""instanceId"":160210,""explanation"":""attribution"",""originalPrediction"":{""value"":0,""label"":""Diabetes""},""changes"":[{""attributeIndex"":1,""attributeName"":""Blood Pressure"",""originalValue"":74,""originalNormalizedValue"":0.5652173913043478,""newValue"":67,""newNormalizedValue"":0.41304347826086957},{""attributeIndex"":3,""attributeName"":""BMI"",""originalValue"":39.4,""originalNormalizedValue"":0.6673222815397575,""newValue"":28.65688,""newNormalizedValue"":0.2899999999999997}],""changedRawFeatureValues"":{""glucose"":100,""blood_pressure"":67,""insulin"":215,""bmi"":28.65688,""age"":43},""feedback"":null,""responseMs"":12402},{""domain"":""diabetes"",""direction"":""Diabetes to No Diabetes"",""caseNumberWithinDirection"":6,""casePoolPositionWithinDirection"":7,""instanceId"":160211,""explanation"":""attribution"",""originalPrediction"":{""value"":0,""label"":""Diabetes""},""changes"":[{""attributeIndex"":1,""attributeName"":""Blood Pressure"",""originalValue"":80,""originalNormalizedValue"":0.6956521739130435,""newValue"":63,""newNormalizedValue"":0.32608695652173914},{""attributeIndex"":3,""attributeName"":""BMI"",""originalValue"":37.9,""originalNormalizedValue"":0.6146389435234608,""newValue"":30.93464,""newNormalizedValue"":0.3699999999999996}],""changedRawFeatureValues"":{""glucose"":145,""blood_pressure"":63,""insulin"":130,""bmi"":30.93464,""age"":40},""feedback"":null,""responseMs"":16349},{""domain"":""diabetes"",""direction"":""Diabetes to No Diabetes"",""caseNumberWithinDirection"":7,""casePoolPositionWithinDirection"":8,""instanceId"":160212,""explanation"":""attribution"",""originalPrediction"":{""value"":0,""label"":""Diabetes""},""changes"":[{""attributeIndex"":1,""attributeName"":""Blood Pressure"",""originalValue"":72,""originalNormalizedValue"":0.5217391304347826,""newValue"":64,""newNormalizedValue"":0.34782608695652173},{""attributeIndex"":3,""attributeName"":""BMI"",""originalValue"":37.1,""originalNormalizedValue"":0.5865411632481028,""newValue"":31.50408,""newNormalizedValue"":0.38999999999999946}],""changedRawFeatureValues"":{""glucose"":111,""blood_pressure"":64,""insulin"":207,""bmi"":31.50408,""age"":56},""feedback"":null,""responseMs"":14256},{""domain"":""diabetes"",""direction"":""Diabetes to No Diabetes"",""caseNumberWithinDirection"":8,""casePoolPositionWithinDirection"":2,""instanceId"":160201,""explanation"":""attribution"",""originalPrediction"":{""value"":0,""label"":""Diabetes""},""changes"":[{""attributeIndex"":0,""attributeName"":""Glucose"",""originalValue"":187,""originalNormalizedValue"":0.9568100663152522,""newValue"":152,""newNormalizedValue"":0.6592416255738818},{""attributeIndex"":1,""attributeName"":""Blood Pressure"",""originalValue"":70,""originalNormalizedValue"":0.4782608695652174,""newValue"":63,""newNormalizedValue"":0.32608695652173914},{""attributeIndex"":3,""attributeName"":""BMI"",""originalValue"":36.4,""originalNormalizedValue"":0.5619556055071642,""newValue"":31.50408,""newNormalizedValue"":0.38999999999999946}],""changedRawFeatureValues"":{""glucose"":152,""blood_pressure"":63,""insulin"":200,""bmi"":31.50408,""age"":36},""feedback"":null,""responseMs"":13871},{""domain"":""diabetes"",""direction"":""Diabetes to No Diabetes"",""caseNumberWithinDirection"":9,""casePoolPositionWithinDirection"":4,""instanceId"":160203,""explanation"":""attribution"",""originalPrediction"":{""value"":0,""label"":""Diabetes""},""changes"":[{""attributeIndex"":0,""attributeName"":""Glucose"",""originalValue"":161,""originalNormalizedValue"":0.7357592246216628,""newValue"":123,""newNormalizedValue"":0.41268491753103204},{""attributeIndex"":1,""attributeName"":""Blood Pressure"",""originalValue"":68,""originalNormalizedValue"":0.43478260869565216,""newValue"":62,""newNormalizedValue"":0.30434782608695654}],""changedRawFeatureValues"":{""glucose"":123,""blood_pressure"":62,""insulin"":132,""bmi"":25.5,""age"":47},""feedback"":null,""responseMs"":36994},{""domain"":""diabetes"",""direction"":""Diabetes to No Diabetes"",""caseNumberWithinDirection"":10,""casePoolPositionWithinDirection"":10,""instanceId"":160214,""explanation"":""attribution"",""originalPrediction"":{""value"":0,""label"":""Diabetes""},""changes"":[{""attributeIndex"":1,""attributeName"":""Blood Pressure"",""originalValue"":74,""originalNormalizedValue"":0.5652173913043478,""newValue"":69,""newNormalizedValue"":0.45652173913043476},{""attributeIndex"":3,""attributeName"":""BMI"",""originalValue"":29.9,""originalNormalizedValue"":0.33366114076987874,""newValue"":26.37912,""newNormalizedValue"":0.2099999999999998}],""changedRawFeatureValues"":{""glucose"":104,""blood_pressure"":69,""insulin"":156,""bmi"":26.37912,""age"":41},""feedback"":null,""responseMs"":11757},{""domain"":""diabetes"",""direction"":""No Diabetes to Diabetes"",""caseNumberWithinDirection"":1,""casePoolPositionWithinDirection"":5,""instanceId"":160208,""explanation"":""attribution"",""originalPrediction"":{""value"":1,""label"":""No Diabetes""},""changes"":[{""attributeIndex"":3,""attributeName"":""BMI"",""originalValue"":25.9,""originalNormalizedValue"":0.1931722393930877,""newValue"":32.07352,""newNormalizedValue"":0.4099999999999996}],""changedRawFeatureValues"":{""glucose"":126,""blood_pressure"":74,""insulin"":75,""bmi"":32.07352,""age"":39},""feedback"":null,""responseMs"":12045},{""domain"":""diabetes"",""direction"":""No Diabetes to Diabetes"",""caseNumberWithinDirection"":2,""casePoolPositionWithinDirection"":7,""instanceId"":160219,""explanation"":""attribution"",""originalPrediction"":{""value"":1,""label"":""No Diabetes""},""changes"":[{""attributeIndex"":1,""attributeName"":""Blood Pressure"",""originalValue"":64,""originalNormalizedValue"":0.34782608695652173,""newValue"":77,""newNormalizedValue"":0.6304347826086957}],""changedRawFeatureValues"":{""glucose"":139,""blood_pressure"":77,""insulin"":140,""bmi"":28.6,""age"":26},""feedback"":null,""responseMs"":10048},{""domain"":""diabetes"",""direction"":""No Diabetes to Diabetes"",""caseNumberWithinDirection"":3,""casePoolPositionWithinDirection"":6,""instanceId"":160215,""explanation"":""attribution"",""originalPrediction"":{""value"":1,""label"":""No Diabetes""},""changes"":[{""attributeIndex"":1,""attributeName"":""Blood Pressure"",""originalValue"":60,""originalNormalizedValue"":0.2608695652173913,""newValue"":74,""newNormalizedValue"":0.5652173913043478},{""attributeIndex"":3,""attributeName"":""BMI"",""originalValue"":33.8,""originalNormalizedValue"":0.47063781961225,""newValue"":38.62208,""newNormalizedValue"":0.6399999999999991}],""changedRawFeatureValues"":{""glucose"":117,""blood_pressure"":74,""insulin"":106,""bmi"":38.62208,""age"":27},""feedback"":null,""responseMs"":13468},{""domain"":""diabetes"",""direction"":""No Diabetes to Diabetes"",""caseNumberWithinDirection"":4,""casePoolPositionWithinDirection"":2,""instanceId"":160206,""explanation"":""attribution"",""originalPrediction"":{""value"":1,""label"":""No Diabetes""},""changes"":[{""attributeIndex"":2,""attributeName"":""Insulin"",""originalValue"":82,""originalNormalizedValue"":0.09486100800131961,""newValue"":206,""newNormalizedValue"":0.35057329043965946},{""attributeIndex"":3,""attributeName"":""BMI"",""originalValue"":19.4,""originalNormalizedValue"":-0.03512222534419776,""newValue"":30.08048,""newNormalizedValue"":0.33999999999999964}],""changedRawFeatureValues"":{""glucose"":103,""blood_pressure"":80,""insulin"":206,""bmi"":30.08048,""age"":22},""feedback"":null,""responseMs"":18211},{""domain"":""diabetes"",""direction"":""No Diabetes to Diabetes"",""caseNumberWithinDirection"":5,""casePoolPositionWithinDirection"":1,""instanceId"":160205,""explanation"":""attribution"",""originalPrediction"":{""value"":1,""label"":""No Diabetes""},""changes"":[{""attributeIndex"":2,""attributeName"":""Insulin"",""originalValue"":46,""originalNormalizedValue"":0.020621958261156436,""newValue"":172,""newNormalizedValue"":0.2804586323517276},{""attributeIndex"":3,""attributeName"":""BMI"",""originalValue"":19.5,""originalNormalizedValue"":-0.03161000280977794,""newValue"":31.50408,""newNormalizedValue"":0.38999999999999946}],""changedRawFeatureValues"":{""glucose"":100,""blood_pressure"":74,""insulin"":172,""bmi"":31.50408,""age"":28},""feedback"":null,""responseMs"":14576},{""domain"":""diabetes"",""direction"":""No Diabetes to Diabetes"",""caseNumberWithinDirection"":6,""casePoolPositionWithinDirection"":3,""instanceId"":160209,""explanation"":""attribution"",""originalPrediction"":{""value"":1,""label"":""No Diabetes""},""changes"":[{""attributeIndex"":0,""attributeName"":""Glucose"",""originalValue"":83,""originalNormalizedValue"":0.07260669954089442,""newValue"":147,""newNormalizedValue"":0.6167318483251146}],""changedRawFeatureValues"":{""glucose"":147,""blood_pressure"":78,""insulin"":71,""bmi"":29.3,""age"":36},""feedback"":null,""responseMs"":14786},{""domain"":""diabetes"",""direction"":""No Diabetes to Diabetes"",""caseNumberWithinDirection"":7,""casePoolPositionWithinDirection"":10,""instanceId"":160218,""explanation"":""attribution"",""originalPrediction"":{""value"":1,""label"":""No Diabetes""},""changes"":[{""attributeIndex"":3,""attributeName"":""BMI"",""originalValue"":29.3,""originalNormalizedValue"":0.3125878055633602,""newValue"":36.62904,""newNormalizedValue"":0.5699999999999994}],""changedRawFeatureValues"":{""glucose"":154,""blood_pressure"":74,""insulin"":193,""bmi"":36.62904,""age"":39},""feedback"":null,""responseMs"":7646},{""domain"":""diabetes"",""direction"":""No Diabetes to Diabetes"",""caseNumberWithinDirection"":8,""casePoolPositionWithinDirection"":8,""instanceId"":160216,""explanation"":""attribution"",""originalPrediction"":{""value"":1,""label"":""No Diabetes""},""changes"":[{""attributeIndex"":1,""attributeName"":""Blood Pressure"",""originalValue"":62,""originalNormalizedValue"":0.30434782608695654,""newValue"":75,""newNormalizedValue"":0.5869565217391305},{""attributeIndex"":2,""attributeName"":""Insulin"",""originalValue"":120,""originalNormalizedValue"":0.17322444939371406,""newValue"":283,""newNormalizedValue"":0.509362369050564}],""changedRawFeatureValues"":{""glucose"":151,""blood_pressure"":75,""insulin"":283,""bmi"":35.5,""age"":28},""feedback"":null,""responseMs"":15992},{""domain"":""diabetes"",""direction"":""No Diabetes to Diabetes"",""caseNumberWithinDirection"":9,""casePoolPositionWithinDirection"":9,""instanceId"":160217,""explanation"":""attribution"",""originalPrediction"":{""value"":1,""label"":""No Diabetes""},""changes"":[{""attributeIndex"":0,""attributeName"":""Glucose"",""originalValue"":112,""originalNormalizedValue"":0.3191634075837442,""newValue"":147,""newNormalizedValue"":0.6167318483251146}],""changedRawFeatureValues"":{""glucose"":147,""blood_pressure"":68,""insulin"":94,""bmi"":34.1,""age"":26},""feedback"":null,""responseMs"":9250},{""domain"":""diabetes"",""direction"":""No Diabetes to Diabetes"",""caseNumberWithinDirection"":10,""casePoolPositionWithinDirection"":4,""instanceId"":160207,""explanation"":""attribution"",""originalPrediction"":{""value"":1,""label"":""No Diabetes""},""changes"":[{""attributeIndex"":0,""attributeName"":""Glucose"",""originalValue"":89,""originalNormalizedValue"":0.12361843223941507,""newValue"":145,""newNormalizedValue"":0.5997279374256077}],""changedRawFeatureValues"":{""glucose"":145,""blood_pressure"":74,""insulin"":85,""bmi"":30.4,""age"":38},""feedback"":null,""responseMs"":10055}]",1,5d7862a638292d001c062b79,1,1,diabetes
2026-08-29 23:20:33,2026-08-29 23:34:37,0,74.39.138.173,100,844,1,2026-08-29 23:34:38,R_1yltjaSsgo0dVO7,,,,,37.2697,-81.2212,anonymous,EN,FL_EOS_ID,,1,1,1,,,,,,,,,,,I weighed lower or higher glucose and BMI levels more heavily than the other aspects.,1. All attributes. 2. Drastic changes. 3. Wasn't sure.,second,8,Emily,9,55,1,,3,1,,1,,Gig work.,https://louth-bin.github.io/attribution-counterfactual-ui/iframe.html,none,,"[{""domain"":""diabetes"",""caseNumber"":1,""casePoolPosition"":2,""trainingBlock"":""glucose_insulin"",""instanceId"":160101,""explanation"":""none"",""selectedPrediction"":1,""correctPrediction"":0,""correct"":false,""responseMs"":43114},{""domain"":""diabetes"",""caseNumber"":2,""casePoolPosition"":6,""trainingBlock"":""glucose_insulin"",""instanceId"":160105,""explanation"":""none"",""selectedPrediction"":1,""correctPrediction"":1,""correct"":true,""responseMs"":8155},{""domain"":""diabetes"",""caseNumber"":3,""casePoolPosition"":1,""trainingBlock"":""glucose_insulin"",""instanceId"":160100,""explanation"":""none"",""selectedPrediction"":0,""correctPrediction"":0,""correct"":true,""responseMs"":4190},{""domain"":""diabetes"",""caseNumber"":4,""casePoolPosition"":3,""trainingBlock"":""glucose_insulin"",""instanceId"":160102,""explanation"":""none"",""selectedPrediction"":0,""correctPrediction"":0,""correct"":true,""responseMs"":3050},{""domain"":""diabetes"",""caseNumber"":5,""casePoolPosition"":5,""trainingBlock"":""glucose_insulin"",""instanceId"":160104,""explanation"":""none"",""selectedPrediction"":1,""correctPrediction"":1,""correct"":true,""responseMs"":5789},{""domain"":""diabetes"",""caseNumber"":6,""casePoolPosition"":4,""trainingBlock"":""glucose_insulin"",""instanceId"":160103,""explanation"":""none"",""selectedPrediction"":1,""correctPrediction"":1,""correct"":true,""responseMs"":5262},{""domain"":""diabetes"",""caseNumber"":7,""casePoolPosition"":8,""trainingBlock"":""blood_pressure_age"",""instanceId"":160107,""explanation"":""none"",""selectedPrediction"":1,""correctPrediction"":0,""correct"":false,""responseMs"":7607},{""domain"":""diabetes"",""caseNumber"":8,""casePoolPosition"":7,""trainingBlock"":""blood_pressure_age"",""instanceId"":160106,""explanation"":""none"",""selectedPrediction"":1,""correctPrediction"":0,""correct"":false,""responseMs"":6924},{""domain"":""diabetes"",""caseNumber"":9,""casePoolPosition"":11,""trainingBlock"":""blood_pressure_age"",""instanceId"":160110,""explanation"":""none"",""selectedPrediction"":0,""correctPrediction"":1,""correct"":false,""responseMs"":5356},{""domain"":""diabetes"",""caseNumber"":10,""casePoolPosition"":12,""trainingBlock"":""blood_pressure_age"",""instanceId"":160109,""explanation"":""none"",""selectedPrediction"":0,""correctPrediction"":1,""correct"":false,""responseMs"":4657},{""domain"":""diabetes"",""caseNumber"":11,""casePoolPosition"":9,""trainingBlock"":""blood_pressure_age"",""instanceId"":160108,""explanation"":""none"",""selectedPrediction"":1,""correctPrediction"":0,""correct"":false,""responseMs"":6138},{""domain"":""diabetes"",""caseNumber"":12,""casePoolPosition"":10,""trainingBlock"":""blood_pressure_age"",""instanceId"":160111,""explanation"":""none"",""selectedPrediction"":1,""correctPrediction"":1,""correct"":true,""responseMs"":4804}]","[{""domain"":""diabetes"",""direction"":""No Diabetes to Diabetes"",""caseNumberWithinDirection"":1,""casePoolPositionWithinDirection"":4,""instanceId"":160207,""explanation"":""none"",""originalPrediction"":{""value"":1,""label"":""No Diabetes""},""changes"":[{""attributeIndex"":0,""attributeName"":""Glucose"",""originalValue"":89,""originalNormalizedValue"":0.12361843223941507,""newValue"":191,""newNormalizedValue"":0.990817888114266},{""attributeIndex"":1,""attributeName"":""Blood Pressure"",""originalValue"":74,""originalNormalizedValue"":0.5652173913043478,""newValue"":83,""newNormalizedValue"":0.7608695652173914},{""attributeIndex"":2,""attributeName"":""Insulin"",""originalValue"":85,""originalNormalizedValue"":0.10104759547966655,""newValue"":351,""newNormalizedValue"":0.6495916852264277},{""attributeIndex"":3,""attributeName"":""BMI"",""originalValue"":30.4,""originalNormalizedValue"":0.3512222534419776,""newValue"":44.31648,""newNormalizedValue"":0.8399999999999989},{""attributeIndex"":4,""attributeName"":""Age"",""originalValue"":38,""originalNormalizedValue"":0.4594594594594595,""newValue"":48,""newNormalizedValue"":0.7297297297297297}],""changedRawFeatureValues"":{""glucose"":191,""blood_pressure"":83,""insulin"":351,""bmi"":44.31648,""age"":48},""feedback"":null,""responseMs"":40588},{""domain"":""diabetes"",""direction"":""No Diabetes to Diabetes"",""caseNumberWithinDirection"":2,""casePoolPositionWithinDirection"":3,""instanceId"":160209,""explanation"":""none"",""originalPrediction"":{""value"":1,""label"":""No Diabetes""},""changes"":[{""attributeIndex"":0,""attributeName"":""Glucose"",""originalValue"":83,""originalNormalizedValue"":0.07260669954089442,""newValue"":191,""newNormalizedValue"":0.990817888114266},{""attributeIndex"":2,""attributeName"":""Insulin"",""originalValue"":71,""originalNormalizedValue"":0.07217685391404753,""newValue"":405,""newNormalizedValue"":0.7609502598366725},{""attributeIndex"":3,""attributeName"":""BMI"",""originalValue"":29.3,""originalNormalizedValue"":0.3125878055633602,""newValue"":41.754,""newNormalizedValue"":0.749999999999999},{""attributeIndex"":4,""attributeName"":""Age"",""originalValue"":36,""originalNormalizedValue"":0.40540540540540543,""newValue"":51,""newNormalizedValue"":0.8108108108108109}],""changedRawFeatureValues"":{""glucose"":191,""blood_pressure"":78,""insulin"":405,""bmi"":41.754,""age"":51},""feedback"":null,""responseMs"":9917},{""domain"":""diabetes"",""direction"":""No Diabetes to Diabetes"",""caseNumberWithinDirection"":3,""casePoolPositionWithinDirection"":8,""instanceId"":160216,""explanation"":""none"",""originalPrediction"":{""value"":1,""label"":""No Diabetes""},""changes"":[{""attributeIndex"":0,""attributeName"":""Glucose"",""originalValue"":151,""originalNormalizedValue"":0.6507396701241284,""newValue"":187,""newNormalizedValue"":0.9568100663152522},{""attributeIndex"":2,""attributeName"":""Insulin"",""originalValue"":120,""originalNormalizedValue"":0.17322444939371406,""newValue"":298,""newNormalizedValue"":0.5402953064422986},{""attributeIndex"":3,""attributeName"":""BMI"",""originalValue"":35.5,""originalNormalizedValue"":0.5303456026973863,""newValue"":45.45536,""newNormalizedValue"":0.8799999999999989}],""changedRawFeatureValues"":{""glucose"":187,""blood_pressure"":62,""insulin"":298,""bmi"":45.45536,""age"":28},""feedback"":null,""responseMs"":11524},{""domain"":""diabetes"",""direction"":""No Diabetes to Diabetes"",""caseNumberWithinDirection"":4,""casePoolPositionWithinDirection"":2,""instanceId"":160206,""explanation"":""none"",""originalPrediction"":{""value"":1,""label"":""No Diabetes""},""changes"":[{""attributeIndex"":0,""attributeName"":""Glucose"",""originalValue"":103,""originalNormalizedValue"":0.24264580853596324,""newValue"":178,""newNormalizedValue"":0.8802924672674712},{""attributeIndex"":2,""attributeName"":""Insulin"",""originalValue"":82,""originalNormalizedValue"":0.09486100800131961,""newValue"":434,""newNormalizedValue"":0.8207539387940262},{""attributeIndex"":3,""attributeName"":""BMI"",""originalValue"":19.4,""originalNormalizedValue"":-0.03512222534419776,""newValue"":44.31648,""newNormalizedValue"":0.8399999999999989},{""attributeIndex"":4,""attributeName"":""Age"",""originalValue"":22,""originalNormalizedValue"":0.02702702702702703,""newValue"":36,""newNormalizedValue"":0.40540540540540543}],""changedRawFeatureValues"":{""glucose"":178,""blood_pressure"":80,""insulin"":434,""bmi"":44.31648,""age"":36},""feedback"":null,""responseMs"":8977},{""domain"":""diabetes"",""direction"":""No Diabetes to Diabetes"",""caseNumberWithinDirection"":5,""casePoolPositionWithinDirection"":7,""instanceId"":160219,""explanation"":""none"",""originalPrediction"":{""value"":1,""label"":""No Diabetes""},""changes"":[{""attributeIndex"":0,""attributeName"":""Glucose"",""originalValue"":139,""originalNormalizedValue"":0.548716204727087,""newValue"":189,""newNormalizedValue"":0.973813977214759},{""attributeIndex"":1,""attributeName"":""Blood Pressure"",""originalValue"":64,""originalNormalizedValue"":0.34782608695652173,""newValue"":75,""newNormalizedValue"":0.5869565217391305},{""attributeIndex"":2,""attributeName"":""Insulin"",""originalValue"":140,""originalNormalizedValue"":0.21446836591602694,""newValue"":409,""newNormalizedValue"":0.7691990431411351},{""attributeIndex"":3,""attributeName"":""BMI"",""originalValue"":28.6,""originalNormalizedValue"":0.28800224782242173,""newValue"":47.16368,""newNormalizedValue"":0.9399999999999988}],""changedRawFeatureValues"":{""glucose"":189,""blood_pressure"":75,""insulin"":409,""bmi"":47.16368,""age"":26},""feedback"":null,""responseMs"":7617},{""domain"":""diabetes"",""direction"":""No Diabetes to Diabetes"",""caseNumberWithinDirection"":6,""casePoolPositionWithinDirection"":1,""instanceId"":160205,""explanation"":""none"",""originalPrediction"":{""value"":1,""label"":""No Diabetes""},""changes"":[{""attributeIndex"":0,""attributeName"":""Glucose"",""originalValue"":100,""originalNormalizedValue"":0.2171399421867029,""newValue"":180,""newNormalizedValue"":0.897296378166978},{""attributeIndex"":2,""attributeName"":""Insulin"",""originalValue"":46,""originalNormalizedValue"":0.020621958261156436,""newValue"":419,""newNormalizedValue"":0.7898210014022916},{""attributeIndex"":3,""attributeName"":""BMI"",""originalValue"":19.5,""originalNormalizedValue"":-0.03161000280977794,""newValue"":40.04568,""newNormalizedValue"":0.6899999999999991}],""changedRawFeatureValues"":{""glucose"":180,""blood_pressure"":74,""insulin"":419,""bmi"":40.04568,""age"":28},""feedback"":null,""responseMs"":7513},{""domain"":""diabetes"",""direction"":""No Diabetes to Diabetes"",""caseNumberWithinDirection"":7,""casePoolPositionWithinDirection"":10,""instanceId"":160218,""explanation"":""none"",""originalPrediction"":{""value"":1,""label"":""No Diabetes""},""changes"":[{""attributeIndex"":2,""attributeName"":""Insulin"",""originalValue"":193,""originalNormalizedValue"":0.3237647447001561,""newValue"":317,""newNormalizedValue"":0.5794770271384959},{""attributeIndex"":3,""attributeName"":""BMI"",""originalValue"":29.3,""originalNormalizedValue"":0.3125878055633602,""newValue"":48.01784,""newNormalizedValue"":0.9699999999999988}],""changedRawFeatureValues"":{""glucose"":154,""blood_pressure"":74,""insulin"":317,""bmi"":48.01784,""age"":39},""feedback"":null,""responseMs"":7575},{""domain"":""diabetes"",""direction"":""No Diabetes to Diabetes"",""caseNumberWithinDirection"":8,""casePoolPositionWithinDirection"":5,""instanceId"":160208,""explanation"":""none"",""originalPrediction"":{""value"":1,""label"":""No Diabetes""},""changes"":[{""attributeIndex"":0,""attributeName"":""Glucose"",""originalValue"":126,""originalNormalizedValue"":0.43819078388029237,""newValue"":183,""newNormalizedValue"":0.9228022445162384},{""attributeIndex"":2,""attributeName"":""Insulin"",""originalValue"":75,""originalNormalizedValue"":0.08042563721851011,""newValue"":230,""newNormalizedValue"":0.4000659902664349},{""attributeIndex"":3,""attributeName"":""BMI"",""originalValue"":25.9,""originalNormalizedValue"":0.1931722393930877,""newValue"":48.58728,""newNormalizedValue"":0.9899999999999988}],""changedRawFeatureValues"":{""glucose"":183,""blood_pressure"":74,""insulin"":230,""bmi"":48.58728,""age"":39},""feedback"":null,""responseMs"":9954},{""domain"":""diabetes"",""direction"":""No Diabetes to Diabetes"",""caseNumberWithinDirection"":9,""casePoolPositionWithinDirection"":6,""instanceId"":160215,""explanation"":""none"",""originalPrediction"":{""value"":1,""label"":""No Diabetes""},""changes"":[{""attributeIndex"":0,""attributeName"":""Glucose"",""originalValue"":117,""originalNormalizedValue"":0.3616731848325114,""newValue"":186,""newNormalizedValue"":0.9483081108654987},{""attributeIndex"":1,""attributeName"":""Blood Pressure"",""originalValue"":60,""originalNormalizedValue"":0.2608695652173913,""newValue"":69,""newNormalizedValue"":0.45652173913043476},{""attributeIndex"":2,""attributeName"":""Insulin"",""originalValue"":106,""originalNormalizedValue"":0.14435370782809506,""newValue"":264,""newNormalizedValue"":0.4701806483543668},{""attributeIndex"":3,""attributeName"":""BMI"",""originalValue"":33.8,""originalNormalizedValue"":0.47063781961225,""newValue"":47.16368,""newNormalizedValue"":0.9399999999999988}],""changedRawFeatureValues"":{""glucose"":186,""blood_pressure"":69,""insulin"":264,""bmi"":47.16368,""age"":27},""feedback"":null,""responseMs"":6910},{""domain"":""diabetes"",""direction"":""No Diabetes to Diabetes"",""caseNumberWithinDirection"":10,""casePoolPositionWithinDirection"":9,""instanceId"":160217,""explanation"":""none"",""originalPrediction"":{""value"":1,""label"":""No Diabetes""},""changes"":[{""attributeIndex"":0,""attributeName"":""Glucose"",""originalValue"":112,""originalNormalizedValue"":0.3191634075837442,""newValue"":174,""newNormalizedValue"":0.8462846454684575},{""attributeIndex"":2,""attributeName"":""Insulin"",""originalValue"":94,""originalNormalizedValue"":0.11960735791470734,""newValue"":235,""newNormalizedValue"":0.4103769693970131},{""attributeIndex"":3,""attributeName"":""BMI"",""originalValue"":34.1,""originalNormalizedValue"":0.4811744872155094,""newValue"":48.58728,""newNormalizedValue"":0.9899999999999988}],""changedRawFeatureValues"":{""glucose"":174,""blood_pressure"":68,""insulin"":235,""bmi"":48.58728,""age"":26},""feedback"":null,""responseMs"":4655},{""domain"":""diabetes"",""direction"":""Diabetes to No Diabetes"",""caseNumberWithinDirection"":1,""casePoolPositionWithinDirection"":3,""instanceId"":160202,""explanation"":""none"",""originalPrediction"":{""value"":0,""label"":""Diabetes""},""changes"":[{""attributeIndex"":0,""attributeName"":""Glucose"",""originalValue"":125,""originalNormalizedValue"":0.4296888284305389,""newValue"":91,""newNormalizedValue"":0.14062234313892194},{""attributeIndex"":3,""attributeName"":""BMI"",""originalValue"":31.1,""originalNormalizedValue"":0.3758078111829162,""newValue"":23.81664,""newNormalizedValue"":0.11999999999999988},{""attributeIndex"":4,""attributeName"":""Age"",""originalValue"":41,""originalNormalizedValue"":0.5405405405405406,""newValue"":29,""newNormalizedValue"":0.21621621621621623}],""changedRawFeatureValues"":{""glucose"":91,""blood_pressure"":70,""insulin"":115,""bmi"":23.81664,""age"":29},""feedback"":null,""responseMs"":29376},{""domain"":""diabetes"",""direction"":""Diabetes to No Diabetes"",""caseNumberWithinDirection"":2,""casePoolPositionWithinDirection"":10,""instanceId"":160214,""explanation"":""none"",""originalPrediction"":{""value"":0,""label"":""Diabetes""},""changes"":[{""attributeIndex"":0,""attributeName"":""Glucose"",""originalValue"":104,""originalNormalizedValue"":0.25114776398571664,""newValue"":89,""newNormalizedValue"":0.12361843223941507},{""attributeIndex"":1,""attributeName"":""Blood Pressure"",""originalValue"":74,""originalNormalizedValue"":0.5652173913043478,""newValue"":62,""newNormalizedValue"":0.30434782608695654},{""attributeIndex"":2,""attributeName"":""Insulin"",""originalValue"":156,""originalNormalizedValue"":0.24746349913387725,""newValue"":80,""newNormalizedValue"":0.09073661634908832},{""attributeIndex"":3,""attributeName"":""BMI"",""originalValue"":29.9,""originalNormalizedValue"":0.33366114076987874,""newValue"":20.4,""newNormalizedValue"":0}],""changedRawFeatureValues"":{""glucose"":89,""blood_pressure"":62,""insulin"":80,""bmi"":20.4,""age"":41},""feedback"":null,""responseMs"":11860},{""domain"":""diabetes"",""direction"":""Diabetes to No Diabetes"",""caseNumberWithinDirection"":3,""casePoolPositionWithinDirection"":8,""instanceId"":160212,""explanation"":""none"",""originalPrediction"":{""value"":0,""label"":""Diabetes""},""changes"":[{""attributeIndex"":0,""attributeName"":""Glucose"",""originalValue"":111,""originalNormalizedValue"":0.31066145213399077,""newValue"":82,""newNormalizedValue"":0.06410474409114099},{""attributeIndex"":2,""attributeName"":""Insulin"",""originalValue"":207,""originalNormalizedValue"":0.35263548626577507,""newValue"":36,""newNormalizedValue"":0},{""attributeIndex"":3,""attributeName"":""BMI"",""originalValue"":37.1,""originalNormalizedValue"":0.5865411632481028,""newValue"":22.39304,""newNormalizedValue"":0.06999999999999992}],""changedRawFeatureValues"":{""glucose"":82,""blood_pressure"":72,""insulin"":36,""bmi"":22.39304,""age"":56},""feedback"":null,""responseMs"":7869},{""domain"":""diabetes"",""direction"":""Diabetes to No Diabetes"",""caseNumberWithinDirection"":4,""casePoolPositionWithinDirection"":7,""instanceId"":160211,""explanation"":""none"",""originalPrediction"":{""value"":0,""label"":""Diabetes""},""changes"":[{""attributeIndex"":0,""attributeName"":""Glucose"",""originalValue"":145,""originalNormalizedValue"":0.5997279374256077,""newValue"":79,""newNormalizedValue"":0.03859887774188067},{""attributeIndex"":1,""attributeName"":""Blood Pressure"",""originalValue"":80,""originalNormalizedValue"":0.6956521739130435,""newValue"":62,""newNormalizedValue"":0.30434782608695654},{""attributeIndex"":2,""attributeName"":""Insulin"",""originalValue"":130,""originalNormalizedValue"":0.19384640765487052,""newValue"":99,""newNormalizedValue"":0.12991833704528555},{""attributeIndex"":3,""attributeName"":""BMI"",""originalValue"":37.9,""originalNormalizedValue"":0.6146389435234608,""newValue"":25.24024,""newNormalizedValue"":0.16999999999999982}],""changedRawFeatureValues"":{""glucose"":79,""blood_pressure"":62,""insulin"":99,""bmi"":25.24024,""age"":40},""feedback"":null,""responseMs"":10790},{""domain"":""diabetes"",""direction"":""Diabetes to No Diabetes"",""caseNumberWithinDirection"":5,""casePoolPositionWithinDirection"":1,""instanceId"":160200,""explanation"":""none"",""originalPrediction"":{""value"":0,""label"":""Diabetes""},""changes"":[{""attributeIndex"":0,""attributeName"":""Glucose"",""originalValue"":154,""originalNormalizedValue"":0.6762455364733887,""newValue"":91,""newNormalizedValue"":0.14062234313892194},{""attributeIndex"":1,""attributeName"":""Blood Pressure"",""originalValue"":72,""originalNormalizedValue"":0.5217391304347826,""newValue"":59,""newNormalizedValue"":0.2391304347826087},{""attributeIndex"":3,""attributeName"":""BMI"",""originalValue"":31.3,""originalNormalizedValue"":0.3828322562517557,""newValue"":20.4,""newNormalizedValue"":0}],""changedRawFeatureValues"":{""glucose"":91,""blood_pressure"":59,""insulin"":126,""bmi"":20.4,""age"":37},""feedback"":null,""responseMs"":22128},{""domain"":""diabetes"",""direction"":""Diabetes to No Diabetes"",""caseNumberWithinDirection"":6,""casePoolPositionWithinDirection"":6,""instanceId"":160210,""explanation"":""none"",""originalPrediction"":{""value"":0,""label"":""Diabetes""},""changes"":[{""attributeIndex"":0,""attributeName"":""Glucose"",""originalValue"":100,""originalNormalizedValue"":0.2171399421867029,""newValue"":90,""newNormalizedValue"":0.1321203876891685},{""attributeIndex"":2,""attributeName"":""Insulin"",""originalValue"":215,""originalNormalizedValue"":0.3691330528747002,""newValue"":46,""newNormalizedValue"":0.020621958261156436},{""attributeIndex"":3,""attributeName"":""BMI"",""originalValue"":39.4,""originalNormalizedValue"":0.6673222815397575,""newValue"":22.10832,""newNormalizedValue"":0.05999999999999994}],""changedRawFeatureValues"":{""glucose"":90,""blood_pressure"":74,""insulin"":46,""bmi"":22.10832,""age"":43},""feedback"":null,""responseMs"":8413},{""domain"":""diabetes"",""direction"":""Diabetes to No Diabetes"",""caseNumberWithinDirection"":7,""casePoolPositionWithinDirection"":4,""instanceId"":160203,""explanation"":""none"",""originalPrediction"":{""value"":0,""label"":""Diabetes""},""changes"":[{""attributeIndex"":0,""attributeName"":""Glucose"",""originalValue"":161,""originalNormalizedValue"":0.7357592246216628,""newValue"":84,""newNormalizedValue"":0.08110865499064787},{""attributeIndex"":1,""attributeName"":""Blood Pressure"",""originalValue"":68,""originalNormalizedValue"":0.43478260869565216,""newValue"":58,""newNormalizedValue"":0.21739130434782608},{""attributeIndex"":2,""attributeName"":""Insulin"",""originalValue"":132,""originalNormalizedValue"":0.1979707993071018,""newValue"":84,""newNormalizedValue"":0.0989853996535509},{""attributeIndex"":3,""attributeName"":""BMI"",""originalValue"":25.5,""originalNormalizedValue"":0.17912334925540865,""newValue"":20.4,""newNormalizedValue"":0}],""changedRawFeatureValues"":{""glucose"":84,""blood_pressure"":58,""insulin"":84,""bmi"":20.4,""age"":47},""feedback"":null,""responseMs"":7699},{""domain"":""diabetes"",""direction"":""Diabetes to No Diabetes"",""caseNumberWithinDirection"":8,""casePoolPositionWithinDirection"":2,""instanceId"":160201,""explanation"":""none"",""originalPrediction"":{""value"":0,""label"":""Diabetes""},""changes"":[{""attributeIndex"":0,""attributeName"":""Glucose"",""originalValue"":187,""originalNormalizedValue"":0.9568100663152522,""newValue"":84,""newNormalizedValue"":0.08110865499064787},{""attributeIndex"":3,""attributeName"":""BMI"",""originalValue"":36.4,""originalNormalizedValue"":0.5619556055071642,""newValue"":23.2472,""newNormalizedValue"":0.0999999999999999}],""changedRawFeatureValues"":{""glucose"":84,""blood_pressure"":70,""insulin"":200,""bmi"":23.2472,""age"":36},""feedback"":null,""responseMs"":5764},{""domain"":""diabetes"",""direction"":""Diabetes to No Diabetes"",""caseNumberWithinDirection"":9,""casePoolPositionWithinDirection"":9,""instanceId"":160213,""explanation"":""none"",""originalPrediction"":{""value"":0,""label"":""Diabetes""},""changes"":[{""attributeIndex"":0,""attributeName"":""Glucose"",""originalValue"":117,""originalNormalizedValue"":0.3616731848325114,""newValue"":92,""newNormalizedValue"":0.1491242985886754},{""attributeIndex"":1,""attributeName"":""Blood Pressure"",""originalValue"":88,""originalNormalizedValue"":0.8695652173913043,""newValue"":59,""newNormalizedValue"":0.2391304347826087},{""attributeIndex"":3,""attributeName"":""BMI"",""originalValue"":34.5,""originalNormalizedValue"":0.4952233773531885,""newValue"":22.67776,""newNormalizedValue"":0.07999999999999992}],""changedRawFeatureValues"":{""glucose"":92,""blood_pressure"":59,""insulin"":145,""bmi"":22.67776,""age"":40},""feedback"":null,""responseMs"":7270},{""domain"":""diabetes"",""direction"":""Diabetes to No Diabetes"",""caseNumberWithinDirection"":10,""casePoolPositionWithinDirection"":5,""instanceId"":160204,""explanation"":""none"",""originalPrediction"":{""value"":0,""label"":""Diabetes""},""changes"":[{""attributeIndex"":0,""attributeName"":""Glucose"",""originalValue"":125,""originalNormalizedValue"":0.4296888284305389,""newValue"":89,""newNormalizedValue"":0.12361843223941507},{""attributeIndex"":3,""attributeName"":""BMI"",""originalValue"":28.9,""originalNormalizedValue"":0.298538915425681,""newValue"":22.39304,""newNormalizedValue"":0.06999999999999992}],""changedRawFeatureValues"":{""glucose"":89,""blood_pressure"":70,""insulin"":122,""bmi"":22.39304,""age"":45},""feedback"":null,""responseMs"":7938}]",1,65c3bb5789289b0a4bbb0c37,1,1,diabetes
2026-08-30 01:30:31,2026-08-30 01:58:21,0,35.146.89.152,100,1669,1,2026-08-30 01:58:21,R_5tEkygPCjFKzz2T,,,,,33.0289,-96.874,anonymous,EN,FL_EOS_ID,,1,1,1,,,,,,,,,,,"I think the AI used on a higher scale the level of the BP and insulin. Some times, the BMI and glucose",I put a strict watch on the ranges I had learned from the training from the previous task. The AI training really helped.,First place,8,Emily,27,30,2,,6,3,,1,,Legal,https://louth-bin.github.io/attribution-counterfactual-ui/iframe.html,counterfactuals,,"[{""domain"":""diabetes"",""caseNumber"":1,""casePoolPosition"":8,""trainingBlock"":""blood_pressure_age"",""instanceId"":160107,""explanation"":""counterfactuals"",""selectedPrediction"":1,""correctPrediction"":0,""correct"":false,""responseMs"":67813},{""domain"":""diabetes"",""caseNumber"":2,""casePoolPosition"":7,""trainingBlock"":""blood_pressure_age"",""instanceId"":160106,""explanation"":""counterfactuals"",""selectedPrediction"":0,""correctPrediction"":0,""correct"":true,""responseMs"":35303},{""domain"":""diabetes"",""caseNumber"":3,""casePoolPosition"":10,""trainingBlock"":""blood_pressure_age"",""instanceId"":160111,""explanation"":""counterfactuals"",""selectedPrediction"":0,""correctPrediction"":1,""correct"":false,""responseMs"":22099},{""domain"":""diabetes"",""caseNumber"":4,""casePoolPosition"":9,""trainingBlock"":""blood_pressure_age"",""instanceId"":160108,""explanation"":""counterfactuals"",""selectedPrediction"":1,""correctPrediction"":0,""correct"":false,""responseMs"":28146},{""domain"":""diabetes"",""caseNumber"":5,""casePoolPosition"":12,""trainingBlock"":""blood_pressure_age"",""instanceId"":160109,""explanation"":""counterfactuals"",""selectedPrediction"":0,""correctPrediction"":1,""correct"":false,""responseMs"":26884},{""domain"":""diabetes"",""caseNumber"":6,""casePoolPosition"":11,""trainingBlock"":""blood_pressure_age"",""instanceId"":160110,""explanation"":""counterfactuals"",""selectedPrediction"":1,""correctPrediction"":1,""correct"":true,""responseMs"":38791},{""domain"":""diabetes"",""caseNumber"":7,""casePoolPosition"":5,""trainingBlock"":""glucose_insulin"",""instanceId"":160104,""explanation"":""counterfactuals"",""selectedPrediction"":1,""correctPrediction"":1,""correct"":true,""responseMs"":42086},{""domain"":""diabetes"",""caseNumber"":8,""casePoolPosition"":3,""trainingBlock"":""glucose_insulin"",""instanceId"":160102,""explanation"":""counterfactuals"",""selectedPrediction"":0,""correctPrediction"":0,""correct"":true,""responseMs"":24461},{""domain"":""diabetes"",""caseNumber"":9,""casePoolPosition"":1,""trainingBlock"":""glucose_insulin"",""instanceId"":160100,""explanation"":""counterfactuals"",""selectedPrediction"":0,""correctPrediction"":0,""correct"":true,""responseMs"":16670},{""domain"":""diabetes"",""caseNumber"":10,""casePoolPosition"":6,""trainingBlock"":""glucose_insulin"",""instanceId"":160105,""explanation"":""counterfactuals"",""selectedPrediction"":1,""correctPrediction"":1,""correct"":true,""responseMs"":17808},{""domain"":""diabetes"",""caseNumber"":11,""casePoolPosition"":2,""trainingBlock"":""glucose_insulin"",""instanceId"":160101,""explanation"":""counterfactuals"",""selectedPrediction"":0,""correctPrediction"":0,""correct"":true,""responseMs"":24460},{""domain"":""diabetes"",""caseNumber"":12,""casePoolPosition"":4,""trainingBlock"":""glucose_insulin"",""instanceId"":160103,""explanation"":""counterfactuals"",""selectedPrediction"":1,""correctPrediction"":1,""correct"":true,""responseMs"":9607}]","[{""domain"":""diabetes"",""direction"":""No Diabetes to Diabetes"",""caseNumberWithinDirection"":1,""casePoolPositionWithinDirection"":2,""instanceId"":160206,""explanation"":""counterfactuals"",""originalPrediction"":{""value"":1,""label"":""No Diabetes""},""changes"":[{""attributeIndex"":0,""attributeName"":""Glucose"",""originalValue"":103,""originalNormalizedValue"":0.24264580853596324,""newValue"":117,""newNormalizedValue"":0.3616731848325114},{""attributeIndex"":2,""attributeName"":""Insulin"",""originalValue"":82,""originalNormalizedValue"":0.09486100800131961,""newValue"":123,""newNormalizedValue"":0.179411036872061},{""attributeIndex"":3,""attributeName"":""BMI"",""originalValue"":19.4,""originalNormalizedValue"":-0.03512222534419776,""newValue"":30.08048,""newNormalizedValue"":0.33999999999999964}],""changedRawFeatureValues"":{""glucose"":117,""blood_pressure"":80,""insulin"":123,""bmi"":30.08048,""age"":22},""feedback"":null,""responseMs"":86922},{""domain"":""diabetes"",""direction"":""No Diabetes to Diabetes"",""caseNumberWithinDirection"":2,""casePoolPositionWithinDirection"":10,""instanceId"":160218,""explanation"":""counterfactuals"",""originalPrediction"":{""value"":1,""label"":""No Diabetes""},""changes"":[{""attributeIndex"":1,""attributeName"":""Blood Pressure"",""originalValue"":74,""originalNormalizedValue"":0.5652173913043478,""newValue"":79,""newNormalizedValue"":0.6739130434782609},{""attributeIndex"":3,""attributeName"":""BMI"",""originalValue"":29.3,""originalNormalizedValue"":0.3125878055633602,""newValue"":34.06656,""newNormalizedValue"":0.47999999999999954}],""changedRawFeatureValues"":{""glucose"":154,""blood_pressure"":79,""insulin"":193,""bmi"":34.06656,""age"":39},""feedback"":null,""responseMs"":38036},{""domain"":""diabetes"",""direction"":""No Diabetes to Diabetes"",""caseNumberWithinDirection"":3,""casePoolPositionWithinDirection"":3,""instanceId"":160209,""explanation"":""counterfactuals"",""originalPrediction"":{""value"":1,""label"":""No Diabetes""},""changes"":[{""attributeIndex"":1,""attributeName"":""Blood Pressure"",""originalValue"":78,""originalNormalizedValue"":0.6521739130434783,""newValue"":87,""newNormalizedValue"":0.8478260869565217},{""attributeIndex"":3,""attributeName"":""BMI"",""originalValue"":29.3,""originalNormalizedValue"":0.3125878055633602,""newValue"":34.636,""newNormalizedValue"":0.4999999999999995},{""attributeIndex"":4,""attributeName"":""Age"",""originalValue"":36,""originalNormalizedValue"":0.40540540540540543,""newValue"":41,""newNormalizedValue"":0.5405405405405406}],""changedRawFeatureValues"":{""glucose"":83,""blood_pressure"":87,""insulin"":71,""bmi"":34.636,""age"":41},""feedback"":null,""responseMs"":33326},{""domain"":""diabetes"",""direction"":""No Diabetes to Diabetes"",""caseNumberWithinDirection"":4,""casePoolPositionWithinDirection"":1,""instanceId"":160205,""explanation"":""counterfactuals"",""originalPrediction"":{""value"":1,""label"":""No Diabetes""},""changes"":[{""attributeIndex"":0,""attributeName"":""Glucose"",""originalValue"":100,""originalNormalizedValue"":0.2171399421867029,""newValue"":120,""newNormalizedValue"":0.3871790511817717},{""attributeIndex"":1,""attributeName"":""Blood Pressure"",""originalValue"":74,""originalNormalizedValue"":0.5652173913043478,""newValue"":79,""newNormalizedValue"":0.6739130434782609},{""attributeIndex"":3,""attributeName"":""BMI"",""originalValue"":19.5,""originalNormalizedValue"":-0.03161000280977794,""newValue"":31.50408,""newNormalizedValue"":0.38999999999999946}],""changedRawFeatureValues"":{""glucose"":120,""blood_pressure"":79,""insulin"":46,""bmi"":31.50408,""age"":28},""feedback"":null,""responseMs"":49725},{""domain"":""diabetes"",""direction"":""No Diabetes to Diabetes"",""caseNumberWithinDirection"":5,""casePoolPositionWithinDirection"":7,""instanceId"":160219,""explanation"":""counterfactuals"",""originalPrediction"":{""value"":1,""label"":""No Diabetes""},""changes"":[{""attributeIndex"":1,""attributeName"":""Blood Pressure"",""originalValue"":64,""originalNormalizedValue"":0.34782608695652173,""newValue"":75,""newNormalizedValue"":0.5869565217391305},{""attributeIndex"":3,""attributeName"":""BMI"",""originalValue"":28.6,""originalNormalizedValue"":0.28800224782242173,""newValue"":31.7888,""newNormalizedValue"":0.39999999999999947}],""changedRawFeatureValues"":{""glucose"":139,""blood_pressure"":75,""insulin"":140,""bmi"":31.7888,""age"":26},""feedback"":null,""responseMs"":41520},{""domain"":""diabetes"",""direction"":""No Diabetes to Diabetes"",""caseNumberWithinDirection"":6,""casePoolPositionWithinDirection"":4,""instanceId"":160207,""explanation"":""counterfactuals"",""originalPrediction"":{""value"":1,""label"":""No Diabetes""},""changes"":[{""attributeIndex"":1,""attributeName"":""Blood Pressure"",""originalValue"":74,""originalNormalizedValue"":0.5652173913043478,""newValue"":82,""newNormalizedValue"":0.7391304347826086},{""attributeIndex"":3,""attributeName"":""BMI"",""originalValue"":30.4,""originalNormalizedValue"":0.3512222534419776,""newValue"":31.7888,""newNormalizedValue"":0.39999999999999947},{""attributeIndex"":4,""attributeName"":""Age"",""originalValue"":38,""originalNormalizedValue"":0.4594594594594595,""newValue"":42,""newNormalizedValue"":0.5675675675675675}],""changedRawFeatureValues"":{""glucose"":89,""blood_pressure"":82,""insulin"":85,""bmi"":31.7888,""age"":42},""feedback"":null,""responseMs"":42100},{""domain"":""diabetes"",""direction"":""No Diabetes to Diabetes"",""caseNumberWithinDirection"":7,""casePoolPositionWithinDirection"":5,""instanceId"":160208,""explanation"":""counterfactuals"",""originalPrediction"":{""value"":1,""label"":""No Diabetes""},""changes"":[{""attributeIndex"":0,""attributeName"":""Glucose"",""originalValue"":126,""originalNormalizedValue"":0.43819078388029237,""newValue"":136,""newNormalizedValue"":0.5232103383778267},{""attributeIndex"":1,""attributeName"":""Blood Pressure"",""originalValue"":74,""originalNormalizedValue"":0.5652173913043478,""newValue"":78,""newNormalizedValue"":0.6521739130434783},{""attributeIndex"":4,""attributeName"":""Age"",""originalValue"":39,""originalNormalizedValue"":0.4864864864864865,""newValue"":44,""newNormalizedValue"":0.6216216216216216}],""changedRawFeatureValues"":{""glucose"":136,""blood_pressure"":78,""insulin"":75,""bmi"":25.9,""age"":44},""feedback"":null,""responseMs"":23957},{""domain"":""diabetes"",""direction"":""No Diabetes to Diabetes"",""caseNumberWithinDirection"":8,""casePoolPositionWithinDirection"":6,""instanceId"":160215,""explanation"":""counterfactuals"",""originalPrediction"":{""value"":1,""label"":""No Diabetes""},""changes"":[{""attributeIndex"":0,""attributeName"":""Glucose"",""originalValue"":117,""originalNormalizedValue"":0.3616731848325114,""newValue"":131,""newNormalizedValue"":0.48070056112905957},{""attributeIndex"":2,""attributeName"":""Insulin"",""originalValue"":106,""originalNormalizedValue"":0.14435370782809506,""newValue"":143,""newNormalizedValue"":0.22065495339437388},{""attributeIndex"":3,""attributeName"":""BMI"",""originalValue"":33.8,""originalNormalizedValue"":0.47063781961225,""newValue"":40.3304,""newNormalizedValue"":0.6999999999999991}],""changedRawFeatureValues"":{""glucose"":131,""blood_pressure"":60,""insulin"":143,""bmi"":40.3304,""age"":27},""feedback"":null,""responseMs"":30691},{""domain"":""diabetes"",""direction"":""No Diabetes to Diabetes"",""caseNumberWithinDirection"":9,""casePoolPositionWithinDirection"":9,""instanceId"":160217,""explanation"":""counterfactuals"",""originalPrediction"":{""value"":1,""label"":""No Diabetes""},""changes"":[{""attributeIndex"":0,""attributeName"":""Glucose"",""originalValue"":112,""originalNormalizedValue"":0.3191634075837442,""newValue"":125,""newNormalizedValue"":0.4296888284305389},{""attributeIndex"":1,""attributeName"":""Blood Pressure"",""originalValue"":68,""originalNormalizedValue"":0.43478260869565216,""newValue"":70,""newNormalizedValue"":0.4782608695652174},{""attributeIndex"":3,""attributeName"":""BMI"",""originalValue"":34.1,""originalNormalizedValue"":0.4811744872155094,""newValue"":36.0596,""newNormalizedValue"":0.5499999999999995}],""changedRawFeatureValues"":{""glucose"":125,""blood_pressure"":70,""insulin"":94,""bmi"":36.0596,""age"":26},""feedback"":null,""responseMs"":18014},{""domain"":""diabetes"",""direction"":""No Diabetes to Diabetes"",""caseNumberWithinDirection"":10,""casePoolPositionWithinDirection"":8,""instanceId"":160216,""explanation"":""counterfactuals"",""originalPrediction"":{""value"":1,""label"":""No Diabetes""},""changes"":[{""attributeIndex"":1,""attributeName"":""Blood Pressure"",""originalValue"":62,""originalNormalizedValue"":0.30434782608695654,""newValue"":71,""newNormalizedValue"":0.5},{""attributeIndex"":2,""attributeName"":""Insulin"",""originalValue"":120,""originalNormalizedValue"":0.17322444939371406,""newValue"":138,""newNormalizedValue"":0.21034397426379567},{""attributeIndex"":3,""attributeName"":""BMI"",""originalValue"":35.5,""originalNormalizedValue"":0.5303456026973863,""newValue"":37.19848,""newNormalizedValue"":0.5899999999999994}],""changedRawFeatureValues"":{""glucose"":151,""blood_pressure"":71,""insulin"":138,""bmi"":37.19848,""age"":28},""feedback"":null,""responseMs"":31548},{""domain"":""diabetes"",""direction"":""Diabetes to No Diabetes"",""caseNumberWithinDirection"":1,""casePoolPositionWithinDirection"":10,""instanceId"":160214,""explanation"":""counterfactuals"",""originalPrediction"":{""value"":0,""label"":""Diabetes""},""changes"":[{""attributeIndex"":2,""attributeName"":""Insulin"",""originalValue"":156,""originalNormalizedValue"":0.24746349913387725,""newValue"":114,""newNormalizedValue"":0.16085127443702021},{""attributeIndex"":3,""attributeName"":""BMI"",""originalValue"":29.9,""originalNormalizedValue"":0.33366114076987874,""newValue"":28.37216,""newNormalizedValue"":0.2799999999999997}],""changedRawFeatureValues"":{""glucose"":104,""blood_pressure"":74,""insulin"":114,""bmi"":28.37216,""age"":41},""feedback"":null,""responseMs"":29437},{""domain"":""diabetes"",""direction"":""Diabetes to No Diabetes"",""caseNumberWithinDirection"":2,""casePoolPositionWithinDirection"":2,""instanceId"":160201,""explanation"":""counterfactuals"",""originalPrediction"":{""value"":0,""label"":""Diabetes""},""changes"":[{""attributeIndex"":0,""attributeName"":""Glucose"",""originalValue"":187,""originalNormalizedValue"":0.9568100663152522,""newValue"":113,""newNormalizedValue"":0.32766536303349764},{""attributeIndex"":2,""attributeName"":""Insulin"",""originalValue"":200,""originalNormalizedValue"":0.3382001154829656,""newValue"":109,""newNormalizedValue"":0.150540295306442}],""changedRawFeatureValues"":{""glucose"":113,""blood_pressure"":70,""insulin"":109,""bmi"":36.4,""age"":36},""feedback"":null,""responseMs"":53352},{""domain"":""diabetes"",""direction"":""Diabetes to No Diabetes"",""caseNumberWithinDirection"":3,""casePoolPositionWithinDirection"":8,""instanceId"":160212,""explanation"":""counterfactuals"",""originalPrediction"":{""value"":0,""label"":""Diabetes""},""changes"":[{""attributeIndex"":2,""attributeName"":""Insulin"",""originalValue"":207,""originalNormalizedValue"":0.35263548626577507,""newValue"":123,""newNormalizedValue"":0.179411036872061},{""attributeIndex"":3,""attributeName"":""BMI"",""originalValue"":37.1,""originalNormalizedValue"":0.5865411632481028,""newValue"":33.49712,""newNormalizedValue"":0.4599999999999995}],""changedRawFeatureValues"":{""glucose"":111,""blood_pressure"":72,""insulin"":123,""bmi"":33.49712,""age"":56},""feedback"":null,""responseMs"":19725},{""domain"":""diabetes"",""direction"":""Diabetes to No Diabetes"",""caseNumberWithinDirection"":4,""casePoolPositionWithinDirection"":3,""instanceId"":160202,""explanation"":""counterfactuals"",""originalPrediction"":{""value"":0,""label"":""Diabetes""},""changes"":[{""attributeIndex"":0,""attributeName"":""Glucose"",""originalValue"":125,""originalNormalizedValue"":0.4296888284305389,""newValue"":117,""newNormalizedValue"":0.3616731848325114},{""attributeIndex"":3,""attributeName"":""BMI"",""originalValue"":31.1,""originalNormalizedValue"":0.3758078111829162,""newValue"":26.66384,""newNormalizedValue"":0.21999999999999978}],""changedRawFeatureValues"":{""glucose"":117,""blood_pressure"":70,""insulin"":115,""bmi"":26.66384,""age"":41},""feedback"":null,""responseMs"":45470},{""domain"":""diabetes"",""direction"":""Diabetes to No Diabetes"",""caseNumberWithinDirection"":5,""casePoolPositionWithinDirection"":7,""instanceId"":160211,""explanation"":""counterfactuals"",""originalPrediction"":{""value"":0,""label"":""Diabetes""},""changes"":[{""attributeIndex"":0,""attributeName"":""Glucose"",""originalValue"":145,""originalNormalizedValue"":0.5997279374256077,""newValue"":125,""newNormalizedValue"":0.4296888284305389},{""attributeIndex"":1,""attributeName"":""Blood Pressure"",""originalValue"":80,""originalNormalizedValue"":0.6956521739130435,""newValue"":75,""newNormalizedValue"":0.5869565217391305},{""attributeIndex"":2,""attributeName"":""Insulin"",""originalValue"":130,""originalNormalizedValue"":0.19384640765487052,""newValue"":123,""newNormalizedValue"":0.179411036872061},{""attributeIndex"":3,""attributeName"":""BMI"",""originalValue"":37.9,""originalNormalizedValue"":0.6146389435234608,""newValue"":28.37216,""newNormalizedValue"":0.2799999999999997}],""changedRawFeatureValues"":{""glucose"":125,""blood_pressure"":75,""insulin"":123,""bmi"":28.37216,""age"":40},""feedback"":null,""responseMs"":29743},{""domain"":""diabetes"",""direction"":""Diabetes to No Diabetes"",""caseNumberWithinDirection"":6,""casePoolPositionWithinDirection"":4,""instanceId"":160203,""explanation"":""counterfactuals"",""originalPrediction"":{""value"":0,""label"":""Diabetes""},""changes"":[{""attributeIndex"":0,""attributeName"":""Glucose"",""originalValue"":161,""originalNormalizedValue"":0.7357592246216628,""newValue"":133,""newNormalizedValue"":0.49770447202856644},{""attributeIndex"":2,""attributeName"":""Insulin"",""originalValue"":132,""originalNormalizedValue"":0.1979707993071018,""newValue"":114,""newNormalizedValue"":0.16085127443702021}],""changedRawFeatureValues"":{""glucose"":133,""blood_pressure"":68,""insulin"":114,""bmi"":25.5,""age"":47},""feedback"":null,""responseMs"":19640},{""domain"":""diabetes"",""direction"":""Diabetes to No Diabetes"",""caseNumberWithinDirection"":7,""casePoolPositionWithinDirection"":1,""instanceId"":160200,""explanation"":""counterfactuals"",""originalPrediction"":{""value"":0,""label"":""Diabetes""},""changes"":[{""attributeIndex"":0,""attributeName"":""Glucose"",""originalValue"":154,""originalNormalizedValue"":0.6762455364733887,""newValue"":133,""newNormalizedValue"":0.49770447202856644},{""attributeIndex"":2,""attributeName"":""Insulin"",""originalValue"":126,""originalNormalizedValue"":0.18559762435040794,""newValue"":114,""newNormalizedValue"":0.16085127443702021},{""attributeIndex"":3,""attributeName"":""BMI"",""originalValue"":31.3,""originalNormalizedValue"":0.3828322562517557,""newValue"":28.9416,""newNormalizedValue"":0.2999999999999997}],""changedRawFeatureValues"":{""glucose"":133,""blood_pressure"":72,""insulin"":114,""bmi"":28.9416,""age"":37},""feedback"":null,""responseMs"":19640},{""domain"":""diabetes"",""direction"":""Diabetes to No Diabetes"",""caseNumberWithinDirection"":8,""casePoolPositionWithinDirection"":6,""instanceId"":160210,""explanation"":""counterfactuals"",""originalPrediction"":{""value"":0,""label"":""Diabetes""},""changes"":[{""attributeIndex"":2,""attributeName"":""Insulin"",""originalValue"":215,""originalNormalizedValue"":0.3691330528747002,""newValue"":138,""newNormalizedValue"":0.21034397426379567},{""attributeIndex"":3,""attributeName"":""BMI"",""originalValue"":39.4,""originalNormalizedValue"":0.6673222815397575,""newValue"":27.518,""newNormalizedValue"":0.24999999999999975}],""changedRawFeatureValues"":{""glucose"":100,""blood_pressure"":74,""insulin"":138,""bmi"":27.518,""age"":43},""feedback"":null,""responseMs"":24665},{""domain"":""diabetes"",""direction"":""Diabetes to No Diabetes"",""caseNumberWithinDirection"":9,""casePoolPositionWithinDirection"":9,""instanceId"":160213,""explanation"":""counterfactuals"",""originalPrediction"":{""value"":0,""label"":""Diabetes""},""changes"":[{""attributeIndex"":1,""attributeName"":""Blood Pressure"",""originalValue"":88,""originalNormalizedValue"":0.8695652173913043,""newValue"":71,""newNormalizedValue"":0.5},{""attributeIndex"":2,""attributeName"":""Insulin"",""originalValue"":145,""originalNormalizedValue"":0.22477934504660518,""newValue"":99,""newNormalizedValue"":0.12991833704528555}],""changedRawFeatureValues"":{""glucose"":117,""blood_pressure"":71,""insulin"":99,""bmi"":34.5,""age"":40},""feedback"":null,""responseMs"":15754},{""domain"":""diabetes"",""direction"":""Diabetes to No Diabetes"",""caseNumberWithinDirection"":10,""casePoolPositionWithinDirection"":5,""instanceId"":160204,""explanation"":""counterfactuals"",""originalPrediction"":{""value"":0,""label"":""Diabetes""},""changes"":[{""attributeIndex"":0,""attributeName"":""Glucose"",""originalValue"":125,""originalNormalizedValue"":0.4296888284305389,""newValue"":120,""newNormalizedValue"":0.3871790511817717},{""attributeIndex"":2,""attributeName"":""Insulin"",""originalValue"":122,""originalNormalizedValue"":0.17734884104594537,""newValue"":109,""newNormalizedValue"":0.150540295306442}],""changedRawFeatureValues"":{""glucose"":120,""blood_pressure"":70,""insulin"":109,""bmi"":28.9,""age"":45},""feedback"":null,""responseMs"":39406}]",1,6a567441d62ca41dc8d31d78,1,1,diabetes
2026-08-30 02:04:44,2026-08-30 02:17:32,0,205.153.48.25,100,768,1,2026-08-30 02:17:33,R_5F38MGbZJklp6TP,,,,,45.5288,-122.6821,anonymous,EN,FL_EOS_ID,,1,2,1,1,1,,,1,1,1,1,,,"Lower values with blood pressure, bmi were huge factors.",pretty much were the same except for a handful i changed 2 attributes.,first,8,June,27,52,1,,3,1,,1,,financial,https://louth-bin.github.io/attribution-counterfactual-ui/iframe.html,attribution,,"[{""domain"":""diabetes"",""caseNumber"":1,""casePoolPosition"":12,""trainingBlock"":""blood_pressure_age"",""instanceId"":160109,""explanation"":""attribution"",""selectedPrediction"":0,""correctPrediction"":1,""correct"":false,""responseMs"":27047},{""domain"":""diabetes"",""caseNumber"":2,""casePoolPosition"":11,""trainingBlock"":""blood_pressure_age"",""instanceId"":160110,""explanation"":""attribution"",""selectedPrediction"":1,""correctPrediction"":1,""correct"":true,""responseMs"":10225},{""domain"":""diabetes"",""caseNumber"":3,""casePoolPosition"":10,""trainingBlock"":""blood_pressure_age"",""instanceId"":160111,""explanation"":""attribution"",""selectedPrediction"":1,""correctPrediction"":1,""correct"":true,""responseMs"":6179},{""domain"":""diabetes"",""caseNumber"":4,""casePoolPosition"":9,""trainingBlock"":""blood_pressure_age"",""instanceId"":160108,""explanation"":""attribution"",""selectedPrediction"":0,""correctPrediction"":0,""correct"":true,""responseMs"":5083},{""domain"":""diabetes"",""caseNumber"":5,""casePoolPosition"":7,""trainingBlock"":""blood_pressure_age"",""instanceId"":160106,""explanation"":""attribution"",""selectedPrediction"":0,""correctPrediction"":0,""correct"":true,""responseMs"":4707},{""domain"":""diabetes"",""caseNumber"":6,""casePoolPosition"":8,""trainingBlock"":""blood_pressure_age"",""instanceId"":160107,""explanation"":""attribution"",""selectedPrediction"":0,""correctPrediction"":0,""correct"":true,""responseMs"":7758},{""domain"":""diabetes"",""caseNumber"":7,""casePoolPosition"":3,""trainingBlock"":""glucose_insulin"",""instanceId"":160102,""explanation"":""attribution"",""selectedPrediction"":0,""correctPrediction"":0,""correct"":true,""responseMs"":5062},{""domain"":""diabetes"",""caseNumber"":8,""casePoolPosition"":6,""trainingBlock"":""glucose_insulin"",""instanceId"":160105,""explanation"":""attribution"",""selectedPrediction"":1,""correctPrediction"":1,""correct"":true,""responseMs"":9248},{""domain"":""diabetes"",""caseNumber"":9,""casePoolPosition"":1,""trainingBlock"":""glucose_insulin"",""instanceId"":160100,""explanation"":""attribution"",""selectedPrediction"":0,""correctPrediction"":0,""correct"":true,""responseMs"":4439},{""domain"":""diabetes"",""caseNumber"":10,""casePoolPosition"":4,""trainingBlock"":""glucose_insulin"",""instanceId"":160103,""explanation"":""attribution"",""selectedPrediction"":1,""correctPrediction"":1,""correct"":true,""responseMs"":6050},{""domain"":""diabetes"",""caseNumber"":11,""casePoolPosition"":5,""trainingBlock"":""glucose_insulin"",""instanceId"":160104,""explanation"":""attribution"",""selectedPrediction"":1,""correctPrediction"":1,""correct"":true,""responseMs"":3531},{""domain"":""diabetes"",""caseNumber"":12,""casePoolPosition"":2,""trainingBlock"":""glucose_insulin"",""instanceId"":160101,""explanation"":""attribution"",""selectedPrediction"":1,""correctPrediction"":0,""correct"":false,""responseMs"":9933}]","[{""domain"":""diabetes"",""direction"":""No Diabetes to Diabetes"",""caseNumberWithinDirection"":1,""casePoolPositionWithinDirection"":7,""instanceId"":160219,""explanation"":""attribution"",""originalPrediction"":{""value"":1,""label"":""No Diabetes""},""changes"":[{""attributeIndex"":2,""attributeName"":""Insulin"",""originalValue"":140,""originalNormalizedValue"":0.21446836591602694,""newValue"":191,""newNormalizedValue"":0.31964035304792476}],""changedRawFeatureValues"":{""glucose"":139,""blood_pressure"":64,""insulin"":191,""bmi"":28.6,""age"":26},""feedback"":null,""responseMs"":24629},{""domain"":""diabetes"",""direction"":""No Diabetes to Diabetes"",""caseNumberWithinDirection"":2,""casePoolPositionWithinDirection"":6,""instanceId"":160215,""explanation"":""attribution"",""originalPrediction"":{""value"":1,""label"":""No Diabetes""},""changes"":[{""attributeIndex"":2,""attributeName"":""Insulin"",""originalValue"":106,""originalNormalizedValue"":0.14435370782809506,""newValue"":201,""newNormalizedValue"":0.34026231130908124}],""changedRawFeatureValues"":{""glucose"":117,""blood_pressure"":60,""insulin"":201,""bmi"":33.8,""age"":27},""feedback"":null,""responseMs"":10809},{""domain"":""diabetes"",""direction"":""No Diabetes to Diabetes"",""caseNumberWithinDirection"":3,""casePoolPositionWithinDirection"":2,""instanceId"":160206,""explanation"":""attribution"",""originalPrediction"":{""value"":1,""label"":""No Diabetes""},""changes"":[{""attributeIndex"":1,""attributeName"":""Blood Pressure"",""originalValue"":80,""originalNormalizedValue"":0.6956521739130435,""newValue"":74,""newNormalizedValue"":0.5652173913043478}],""changedRawFeatureValues"":{""glucose"":103,""blood_pressure"":74,""insulin"":82,""bmi"":19.4,""age"":22},""feedback"":null,""responseMs"":16577},{""domain"":""diabetes"",""direction"":""No Diabetes to Diabetes"",""caseNumberWithinDirection"":4,""casePoolPositionWithinDirection"":4,""instanceId"":160207,""explanation"":""attribution"",""originalPrediction"":{""value"":1,""label"":""No Diabetes""},""changes"":[{""attributeIndex"":3,""attributeName"":""BMI"",""originalValue"":30.4,""originalNormalizedValue"":0.3512222534419776,""newValue"":27.80272,""newNormalizedValue"":0.25999999999999973}],""changedRawFeatureValues"":{""glucose"":89,""blood_pressure"":74,""insulin"":85,""bmi"":27.80272,""age"":38},""feedback"":null,""responseMs"":6520},{""domain"":""diabetes"",""direction"":""No Diabetes to Diabetes"",""caseNumberWithinDirection"":5,""casePoolPositionWithinDirection"":1,""instanceId"":160205,""explanation"":""attribution"",""originalPrediction"":{""value"":1,""label"":""No Diabetes""},""changes"":[{""attributeIndex"":1,""attributeName"":""Blood Pressure"",""originalValue"":74,""originalNormalizedValue"":0.5652173913043478,""newValue"":67,""newNormalizedValue"":0.41304347826086957}],""changedRawFeatureValues"":{""glucose"":100,""blood_pressure"":67,""insulin"":46,""bmi"":19.5,""age"":28},""feedback"":null,""responseMs"":5678},{""domain"":""diabetes"",""direction"":""No Diabetes to Diabetes"",""caseNumberWithinDirection"":6,""casePoolPositionWithinDirection"":10,""instanceId"":160218,""explanation"":""attribution"",""originalPrediction"":{""value"":1,""label"":""No Diabetes""},""changes"":[{""attributeIndex"":0,""attributeName"":""Glucose"",""originalValue"":154,""originalNormalizedValue"":0.6762455364733887,""newValue"":144,""newNormalizedValue"":0.5912259819758543},{""attributeIndex"":1,""attributeName"":""Blood Pressure"",""originalValue"":74,""originalNormalizedValue"":0.5652173913043478,""newValue"":67,""newNormalizedValue"":0.41304347826086957}],""changedRawFeatureValues"":{""glucose"":144,""blood_pressure"":67,""insulin"":193,""bmi"":29.3,""age"":39},""feedback"":null,""responseMs"":7888},{""domain"":""diabetes"",""direction"":""No Diabetes to Diabetes"",""caseNumberWithinDirection"":7,""casePoolPositionWithinDirection"":9,""instanceId"":160217,""explanation"":""attribution"",""originalPrediction"":{""value"":1,""label"":""No Diabetes""},""changes"":[{""attributeIndex"":3,""attributeName"":""BMI"",""originalValue"":34.1,""originalNormalizedValue"":0.4811744872155094,""newValue"":33.2124,""newNormalizedValue"":0.44999999999999957}],""changedRawFeatureValues"":{""glucose"":112,""blood_pressure"":68,""insulin"":94,""bmi"":33.2124,""age"":26},""feedback"":null,""responseMs"":4370},{""domain"":""diabetes"",""direction"":""No Diabetes to Diabetes"",""caseNumberWithinDirection"":8,""casePoolPositionWithinDirection"":8,""instanceId"":160216,""explanation"":""attribution"",""originalPrediction"":{""value"":1,""label"":""No Diabetes""},""changes"":[{""attributeIndex"":0,""attributeName"":""Glucose"",""originalValue"":151,""originalNormalizedValue"":0.6507396701241284,""newValue"":138,""newNormalizedValue"":0.5402142492773336},{""attributeIndex"":3,""attributeName"":""BMI"",""originalValue"":35.5,""originalNormalizedValue"":0.5303456026973863,""newValue"":33.49712,""newNormalizedValue"":0.4599999999999995}],""changedRawFeatureValues"":{""glucose"":138,""blood_pressure"":62,""insulin"":120,""bmi"":33.49712,""age"":28},""feedback"":null,""responseMs"":9738},{""domain"":""diabetes"",""direction"":""No Diabetes to Diabetes"",""caseNumberWithinDirection"":9,""casePoolPositionWithinDirection"":5,""instanceId"":160208,""explanation"":""attribution"",""originalPrediction"":{""value"":1,""label"":""No Diabetes""},""changes"":[{""attributeIndex"":1,""attributeName"":""Blood Pressure"",""originalValue"":74,""originalNormalizedValue"":0.5652173913043478,""newValue"":68,""newNormalizedValue"":0.43478260869565216}],""changedRawFeatureValues"":{""glucose"":126,""blood_pressure"":68,""insulin"":75,""bmi"":25.9,""age"":39},""feedback"":null,""responseMs"":6507},{""domain"":""diabetes"",""direction"":""No Diabetes to Diabetes"",""caseNumberWithinDirection"":10,""casePoolPositionWithinDirection"":3,""instanceId"":160209,""explanation"":""attribution"",""originalPrediction"":{""value"":1,""label"":""No Diabetes""},""changes"":[{""attributeIndex"":1,""attributeName"":""Blood Pressure"",""originalValue"":78,""originalNormalizedValue"":0.6521739130434783,""newValue"":71,""newNormalizedValue"":0.5}],""changedRawFeatureValues"":{""glucose"":83,""blood_pressure"":71,""insulin"":71,""bmi"":29.3,""age"":36},""feedback"":null,""responseMs"":8224},{""domain"":""diabetes"",""direction"":""Diabetes to No Diabetes"",""caseNumberWithinDirection"":1,""casePoolPositionWithinDirection"":2,""instanceId"":160201,""explanation"":""attribution"",""originalPrediction"":{""value"":0,""label"":""Diabetes""},""changes"":[{""attributeIndex"":0,""attributeName"":""Glucose"",""originalValue"":187,""originalNormalizedValue"":0.9568100663152522,""newValue"":142,""newNormalizedValue"":0.5742220710763474},{""attributeIndex"":3,""attributeName"":""BMI"",""originalValue"":36.4,""originalNormalizedValue"":0.5619556055071642,""newValue"":33.2124,""newNormalizedValue"":0.44999999999999957}],""changedRawFeatureValues"":{""glucose"":142,""blood_pressure"":70,""insulin"":200,""bmi"":33.2124,""age"":36},""feedback"":null,""responseMs"":27678},{""domain"":""diabetes"",""direction"":""Diabetes to No Diabetes"",""caseNumberWithinDirection"":2,""casePoolPositionWithinDirection"":8,""instanceId"":160212,""explanation"":""attribution"",""originalPrediction"":{""value"":0,""label"":""Diabetes""},""changes"":[{""attributeIndex"":1,""attributeName"":""Blood Pressure"",""originalValue"":72,""originalNormalizedValue"":0.5217391304347826,""newValue"":65,""newNormalizedValue"":0.3695652173913043},{""attributeIndex"":3,""attributeName"":""BMI"",""originalValue"":37.1,""originalNormalizedValue"":0.5865411632481028,""newValue"":32.35824,""newNormalizedValue"":0.4199999999999996}],""changedRawFeatureValues"":{""glucose"":111,""blood_pressure"":65,""insulin"":207,""bmi"":32.35824,""age"":56},""feedback"":null,""responseMs"":8758},{""domain"":""diabetes"",""direction"":""Diabetes to No Diabetes"",""caseNumberWithinDirection"":3,""casePoolPositionWithinDirection"":7,""instanceId"":160211,""explanation"":""attribution"",""originalPrediction"":{""value"":0,""label"":""Diabetes""},""changes"":[{""attributeIndex"":0,""attributeName"":""Glucose"",""originalValue"":145,""originalNormalizedValue"":0.5997279374256077,""newValue"":134,""newNormalizedValue"":0.5062064274783199},{""attributeIndex"":1,""attributeName"":""Blood Pressure"",""originalValue"":80,""originalNormalizedValue"":0.6956521739130435,""newValue"":70,""newNormalizedValue"":0.4782608695652174},{""attributeIndex"":3,""attributeName"":""BMI"",""originalValue"":37.9,""originalNormalizedValue"":0.6146389435234608,""newValue"":32.92768,""newNormalizedValue"":0.43999999999999956}],""changedRawFeatureValues"":{""glucose"":134,""blood_pressure"":70,""insulin"":130,""bmi"":32.92768,""age"":40},""feedback"":null,""responseMs"":12129},{""domain"":""diabetes"",""direction"":""Diabetes to No Diabetes"",""caseNumberWithinDirection"":4,""casePoolPositionWithinDirection"":5,""instanceId"":160204,""explanation"":""attribution"",""originalPrediction"":{""value"":0,""label"":""Diabetes""},""changes"":[{""attributeIndex"":1,""attributeName"":""Blood Pressure"",""originalValue"":70,""originalNormalizedValue"":0.4782608695652174,""newValue"":64,""newNormalizedValue"":0.34782608695652173}],""changedRawFeatureValues"":{""glucose"":125,""blood_pressure"":64,""insulin"":122,""bmi"":28.9,""age"":45},""feedback"":null,""responseMs"":4606},{""domain"":""diabetes"",""direction"":""Diabetes to No Diabetes"",""caseNumberWithinDirection"":5,""casePoolPositionWithinDirection"":10,""instanceId"":160214,""explanation"":""attribution"",""originalPrediction"":{""value"":0,""label"":""Diabetes""},""changes"":[{""attributeIndex"":1,""attributeName"":""Blood Pressure"",""originalValue"":74,""originalNormalizedValue"":0.5652173913043478,""newValue"":68,""newNormalizedValue"":0.43478260869565216}],""changedRawFeatureValues"":{""glucose"":104,""blood_pressure"":68,""insulin"":156,""bmi"":29.9,""age"":41},""feedback"":null,""responseMs"":4619},{""domain"":""diabetes"",""direction"":""Diabetes to No Diabetes"",""caseNumberWithinDirection"":6,""casePoolPositionWithinDirection"":1,""instanceId"":160200,""explanation"":""attribution"",""originalPrediction"":{""value"":0,""label"":""Diabetes""},""changes"":[{""attributeIndex"":0,""attributeName"":""Glucose"",""originalValue"":154,""originalNormalizedValue"":0.6762455364733887,""newValue"":140,""newNormalizedValue"":0.5572181601768404},{""attributeIndex"":1,""attributeName"":""Blood Pressure"",""originalValue"":72,""originalNormalizedValue"":0.5217391304347826,""newValue"":68,""newNormalizedValue"":0.43478260869565216}],""changedRawFeatureValues"":{""glucose"":140,""blood_pressure"":68,""insulin"":126,""bmi"":31.3,""age"":37},""feedback"":null,""responseMs"":5493},{""domain"":""diabetes"",""direction"":""Diabetes to No Diabetes"",""caseNumberWithinDirection"":7,""casePoolPositionWithinDirection"":9,""instanceId"":160213,""explanation"":""attribution"",""originalPrediction"":{""value"":0,""label"":""Diabetes""},""changes"":[{""attributeIndex"":1,""attributeName"":""Blood Pressure"",""originalValue"":88,""originalNormalizedValue"":0.8695652173913043,""newValue"":75,""newNormalizedValue"":0.5869565217391305},{""attributeIndex"":3,""attributeName"":""BMI"",""originalValue"":34.5,""originalNormalizedValue"":0.4952233773531885,""newValue"":32.07352,""newNormalizedValue"":0.4099999999999996}],""changedRawFeatureValues"":{""glucose"":117,""blood_pressure"":75,""insulin"":145,""bmi"":32.07352,""age"":40},""feedback"":null,""responseMs"":9558},{""domain"":""diabetes"",""direction"":""Diabetes to No Diabetes"",""caseNumberWithinDirection"":8,""casePoolPositionWithinDirection"":6,""instanceId"":160210,""explanation"":""attribution"",""originalPrediction"":{""value"":0,""label"":""Diabetes""},""changes"":[{""attributeIndex"":1,""attributeName"":""Blood Pressure"",""originalValue"":74,""originalNormalizedValue"":0.5652173913043478,""newValue"":68,""newNormalizedValue"":0.43478260869565216},{""attributeIndex"":3,""attributeName"":""BMI"",""originalValue"":39.4,""originalNormalizedValue"":0.6673222815397575,""newValue"":31.7888,""newNormalizedValue"":0.39999999999999947}],""changedRawFeatureValues"":{""glucose"":100,""blood_pressure"":68,""insulin"":215,""bmi"":31.7888,""age"":43},""feedback"":null,""responseMs"":7235},{""domain"":""diabetes"",""direction"":""Diabetes to No Diabetes"",""caseNumberWithinDirection"":9,""casePoolPositionWithinDirection"":3,""instanceId"":160202,""explanation"":""attribution"",""originalPrediction"":{""value"":0,""label"":""Diabetes""},""changes"":[{""attributeIndex"":1,""attributeName"":""Blood Pressure"",""originalValue"":70,""originalNormalizedValue"":0.4782608695652174,""newValue"":65,""newNormalizedValue"":0.3695652173913043}],""changedRawFeatureValues"":{""glucose"":125,""blood_pressure"":65,""insulin"":115,""bmi"":31.1,""age"":41},""feedback"":null,""responseMs"":3782},{""domain"":""diabetes"",""direction"":""Diabetes to No Diabetes"",""caseNumberWithinDirection"":10,""casePoolPositionWithinDirection"":4,""instanceId"":160203,""explanation"":""attribution"",""originalPrediction"":{""value"":0,""label"":""Diabetes""},""changes"":[{""attributeIndex"":0,""attributeName"":""Glucose"",""originalValue"":161,""originalNormalizedValue"":0.7357592246216628,""newValue"":127,""newNormalizedValue"":0.4466927393300458},{""attributeIndex"":1,""attributeName"":""Blood Pressure"",""originalValue"":68,""originalNormalizedValue"":0.43478260869565216,""newValue"":64,""newNormalizedValue"":0.34782608695652173}],""changedRawFeatureValues"":{""glucose"":127,""blood_pressure"":64,""insulin"":132,""bmi"":25.5,""age"":47},""feedback"":null,""responseMs"":5976}]",1,664d3ff00a00a73398ac3f4f,1,1,diabetes
2026-08-30 02:27:00,2026-08-30 02:35:42,0,75.118.46.89,100,522,1,2026-08-30 02:35:43,R_3Fo0QmOVx6lcU4W,,,,,40.1104,-83.1131,anonymous,EN,FL_EOS_ID,,1,1,2,,,,,,,,,,,typical levels for people with and without diabetes,not stayed about the same,first place,8,Emily,none its a hole,58,2,,5,1,,4,,none,https://louth-bin.github.io/attribution-counterfactual-ui/iframe.html,counterfactuals,,"[{""domain"":""diabetes"",""caseNumber"":1,""casePoolPosition"":5,""trainingBlock"":""glucose_insulin"",""instanceId"":160104,""explanation"":""counterfactuals"",""selectedPrediction"":1,""correctPrediction"":1,""correct"":true,""responseMs"":83038},{""domain"":""diabetes"",""caseNumber"":2,""casePoolPosition"":4,""trainingBlock"":""glucose_insulin"",""instanceId"":160103,""explanation"":""counterfactuals"",""selectedPrediction"":1,""correctPrediction"":1,""correct"":true,""responseMs"":10961},{""domain"":""diabetes"",""caseNumber"":3,""casePoolPosition"":3,""trainingBlock"":""glucose_insulin"",""instanceId"":160102,""explanation"":""counterfactuals"",""selectedPrediction"":0,""correctPrediction"":0,""correct"":true,""responseMs"":6225},{""domain"":""diabetes"",""caseNumber"":4,""casePoolPosition"":1,""trainingBlock"":""glucose_insulin"",""instanceId"":160100,""explanation"":""counterfactuals"",""selectedPrediction"":0,""correctPrediction"":0,""correct"":true,""responseMs"":4217},{""domain"":""diabetes"",""caseNumber"":5,""casePoolPosition"":2,""trainingBlock"":""glucose_insulin"",""instanceId"":160101,""explanation"":""counterfactuals"",""selectedPrediction"":0,""correctPrediction"":0,""correct"":true,""responseMs"":6862},{""domain"":""diabetes"",""caseNumber"":6,""casePoolPosition"":6,""trainingBlock"":""glucose_insulin"",""instanceId"":160105,""explanation"":""counterfactuals"",""selectedPrediction"":1,""correctPrediction"":1,""correct"":true,""responseMs"":4204},{""domain"":""diabetes"",""caseNumber"":7,""casePoolPosition"":9,""trainingBlock"":""blood_pressure_age"",""instanceId"":160108,""explanation"":""counterfactuals"",""selectedPrediction"":1,""correctPrediction"":0,""correct"":false,""responseMs"":6451},{""domain"":""diabetes"",""caseNumber"":8,""casePoolPosition"":12,""trainingBlock"":""blood_pressure_age"",""instanceId"":160109,""explanation"":""counterfactuals"",""selectedPrediction"":0,""correctPrediction"":1,""correct"":false,""responseMs"":5885},{""domain"":""diabetes"",""caseNumber"":9,""casePoolPosition"":10,""trainingBlock"":""blood_pressure_age"",""instanceId"":160111,""explanation"":""counterfactuals"",""selectedPrediction"":1,""correctPrediction"":1,""correct"":true,""responseMs"":4836},{""domain"":""diabetes"",""caseNumber"":10,""casePoolPosition"":8,""trainingBlock"":""blood_pressure_age"",""instanceId"":160107,""explanation"":""counterfactuals"",""selectedPrediction"":1,""correctPrediction"":0,""correct"":false,""responseMs"":9966},{""domain"":""diabetes"",""caseNumber"":11,""casePoolPosition"":11,""trainingBlock"":""blood_pressure_age"",""instanceId"":160110,""explanation"":""counterfactuals"",""selectedPrediction"":1,""correctPrediction"":1,""correct"":true,""responseMs"":3249},{""domain"":""diabetes"",""caseNumber"":12,""casePoolPosition"":7,""trainingBlock"":""blood_pressure_age"",""instanceId"":160106,""explanation"":""counterfactuals"",""selectedPrediction"":0,""correctPrediction"":0,""correct"":true,""responseMs"":4520}]","[{""domain"":""diabetes"",""direction"":""No Diabetes to Diabetes"",""caseNumberWithinDirection"":1,""casePoolPositionWithinDirection"":2,""instanceId"":160206,""explanation"":""counterfactuals"",""originalPrediction"":{""value"":1,""label"":""No Diabetes""},""changes"":[{""attributeIndex"":1,""attributeName"":""Blood Pressure"",""originalValue"":80,""originalNormalizedValue"":0.6956521739130435,""newValue"":65,""newNormalizedValue"":0.3695652173913043}],""changedRawFeatureValues"":{""glucose"":103,""blood_pressure"":65,""insulin"":82,""bmi"":19.4,""age"":22},""feedback"":null,""responseMs"":32275},{""domain"":""diabetes"",""direction"":""No Diabetes to Diabetes"",""caseNumberWithinDirection"":2,""casePoolPositionWithinDirection"":6,""instanceId"":160215,""explanation"":""counterfactuals"",""originalPrediction"":{""value"":1,""label"":""No Diabetes""},""changes"":[{""attributeIndex"":3,""attributeName"":""BMI"",""originalValue"":33.8,""originalNormalizedValue"":0.47063781961225,""newValue"":26.94856,""newNormalizedValue"":0.22999999999999976}],""changedRawFeatureValues"":{""glucose"":117,""blood_pressure"":60,""insulin"":106,""bmi"":26.94856,""age"":27},""feedback"":null,""responseMs"":10273},{""domain"":""diabetes"",""direction"":""No Diabetes to Diabetes"",""caseNumberWithinDirection"":3,""casePoolPositionWithinDirection"":4,""instanceId"":160207,""explanation"":""counterfactuals"",""originalPrediction"":{""value"":1,""label"":""No Diabetes""},""changes"":[{""attributeIndex"":1,""attributeName"":""Blood Pressure"",""originalValue"":74,""originalNormalizedValue"":0.5652173913043478,""newValue"":61,""newNormalizedValue"":0.2826086956521739}],""changedRawFeatureValues"":{""glucose"":89,""blood_pressure"":61,""insulin"":85,""bmi"":30.4,""age"":38},""feedback"":null,""responseMs"":6883},{""domain"":""diabetes"",""direction"":""No Diabetes to Diabetes"",""caseNumberWithinDirection"":4,""casePoolPositionWithinDirection"":5,""instanceId"":160208,""explanation"":""counterfactuals"",""originalPrediction"":{""value"":1,""label"":""No Diabetes""},""changes"":[{""attributeIndex"":1,""attributeName"":""Blood Pressure"",""originalValue"":74,""originalNormalizedValue"":0.5652173913043478,""newValue"":65,""newNormalizedValue"":0.3695652173913043}],""changedRawFeatureValues"":{""glucose"":126,""blood_pressure"":65,""insulin"":75,""bmi"":25.9,""age"":39},""feedback"":null,""responseMs"":8559},{""domain"":""diabetes"",""direction"":""No Diabetes to Diabetes"",""caseNumberWithinDirection"":5,""casePoolPositionWithinDirection"":9,""instanceId"":160217,""explanation"":""counterfactuals"",""originalPrediction"":{""value"":1,""label"":""No Diabetes""},""changes"":[{""attributeIndex"":3,""attributeName"":""BMI"",""originalValue"":34.1,""originalNormalizedValue"":0.4811744872155094,""newValue"":26.37912,""newNormalizedValue"":0.2099999999999998}],""changedRawFeatureValues"":{""glucose"":112,""blood_pressure"":68,""insulin"":94,""bmi"":26.37912,""age"":26},""feedback"":null,""responseMs"":7963},{""domain"":""diabetes"",""direction"":""No Diabetes to Diabetes"",""caseNumberWithinDirection"":6,""casePoolPositionWithinDirection"":7,""instanceId"":160219,""explanation"":""counterfactuals"",""originalPrediction"":{""value"":1,""label"":""No Diabetes""},""changes"":[{""attributeIndex"":2,""attributeName"":""Insulin"",""originalValue"":140,""originalNormalizedValue"":0.21446836591602694,""newValue"":104,""newNormalizedValue"":0.1402293161758638}],""changedRawFeatureValues"":{""glucose"":139,""blood_pressure"":64,""insulin"":104,""bmi"":28.6,""age"":26},""feedback"":null,""responseMs"":6314},{""domain"":""diabetes"",""direction"":""No Diabetes to Diabetes"",""caseNumberWithinDirection"":7,""casePoolPositionWithinDirection"":8,""instanceId"":160216,""explanation"":""counterfactuals"",""originalPrediction"":{""value"":1,""label"":""No Diabetes""},""changes"":[{""attributeIndex"":0,""attributeName"":""Glucose"",""originalValue"":151,""originalNormalizedValue"":0.6507396701241284,""newValue"":119,""newNormalizedValue"":0.37867709573201824}],""changedRawFeatureValues"":{""glucose"":119,""blood_pressure"":62,""insulin"":120,""bmi"":35.5,""age"":28},""feedback"":null,""responseMs"":7445},{""domain"":""diabetes"",""direction"":""No Diabetes to Diabetes"",""caseNumberWithinDirection"":8,""casePoolPositionWithinDirection"":10,""instanceId"":160218,""explanation"":""counterfactuals"",""originalPrediction"":{""value"":1,""label"":""No Diabetes""},""changes"":[{""attributeIndex"":2,""attributeName"":""Insulin"",""originalValue"":193,""originalNormalizedValue"":0.3237647447001561,""newValue"":114,""newNormalizedValue"":0.16085127443702021}],""changedRawFeatureValues"":{""glucose"":154,""blood_pressure"":74,""insulin"":114,""bmi"":29.3,""age"":39},""feedback"":null,""responseMs"":6518},{""domain"":""diabetes"",""direction"":""No Diabetes to Diabetes"",""caseNumberWithinDirection"":9,""casePoolPositionWithinDirection"":1,""instanceId"":160205,""explanation"":""counterfactuals"",""originalPrediction"":{""value"":1,""label"":""No Diabetes""},""changes"":[{""attributeIndex"":1,""attributeName"":""Blood Pressure"",""originalValue"":74,""originalNormalizedValue"":0.5652173913043478,""newValue"":61,""newNormalizedValue"":0.2826086956521739}],""changedRawFeatureValues"":{""glucose"":100,""blood_pressure"":61,""insulin"":46,""bmi"":19.5,""age"":28},""feedback"":null,""responseMs"":7786},{""domain"":""diabetes"",""direction"":""No Diabetes to Diabetes"",""caseNumberWithinDirection"":10,""casePoolPositionWithinDirection"":3,""instanceId"":160209,""explanation"":""counterfactuals"",""originalPrediction"":{""value"":1,""label"":""No Diabetes""},""changes"":[{""attributeIndex"":1,""attributeName"":""Blood Pressure"",""originalValue"":78,""originalNormalizedValue"":0.6521739130434783,""newValue"":60,""newNormalizedValue"":0.2608695652173913}],""changedRawFeatureValues"":{""glucose"":83,""blood_pressure"":60,""insulin"":71,""bmi"":29.3,""age"":36},""feedback"":null,""responseMs"":4319},{""domain"":""diabetes"",""direction"":""Diabetes to No Diabetes"",""caseNumberWithinDirection"":1,""casePoolPositionWithinDirection"":8,""instanceId"":160212,""explanation"":""counterfactuals"",""originalPrediction"":{""value"":0,""label"":""Diabetes""},""changes"":[{""attributeIndex"":0,""attributeName"":""Glucose"",""originalValue"":111,""originalNormalizedValue"":0.31066145213399077,""newValue"":122,""newNormalizedValue"":0.4041829620812786}],""changedRawFeatureValues"":{""glucose"":122,""blood_pressure"":72,""insulin"":207,""bmi"":37.1,""age"":56},""feedback"":null,""responseMs"":18203},{""domain"":""diabetes"",""direction"":""Diabetes to No Diabetes"",""caseNumberWithinDirection"":2,""casePoolPositionWithinDirection"":7,""instanceId"":160211,""explanation"":""counterfactuals"",""originalPrediction"":{""value"":0,""label"":""Diabetes""},""changes"":[{""attributeIndex"":2,""attributeName"":""Insulin"",""originalValue"":130,""originalNormalizedValue"":0.19384640765487052,""newValue"":167,""newNormalizedValue"":0.2701476532211493}],""changedRawFeatureValues"":{""glucose"":145,""blood_pressure"":80,""insulin"":167,""bmi"":37.9,""age"":40},""feedback"":null,""responseMs"":4847},{""domain"":""diabetes"",""direction"":""Diabetes to No Diabetes"",""caseNumberWithinDirection"":3,""casePoolPositionWithinDirection"":1,""instanceId"":160200,""explanation"":""counterfactuals"",""originalPrediction"":{""value"":0,""label"":""Diabetes""},""changes"":[{""attributeIndex"":2,""attributeName"":""Insulin"",""originalValue"":126,""originalNormalizedValue"":0.18559762435040794,""newValue"":172,""newNormalizedValue"":0.2804586323517276}],""changedRawFeatureValues"":{""glucose"":154,""blood_pressure"":72,""insulin"":172,""bmi"":31.3,""age"":37},""feedback"":null,""responseMs"":5130},{""domain"":""diabetes"",""direction"":""Diabetes to No Diabetes"",""caseNumberWithinDirection"":4,""casePoolPositionWithinDirection"":10,""instanceId"":160214,""explanation"":""counterfactuals"",""originalPrediction"":{""value"":0,""label"":""Diabetes""},""changes"":[{""attributeIndex"":2,""attributeName"":""Insulin"",""originalValue"":156,""originalNormalizedValue"":0.24746349913387725,""newValue"":220,""newNormalizedValue"":0.37944403200527843}],""changedRawFeatureValues"":{""glucose"":104,""blood_pressure"":74,""insulin"":220,""bmi"":29.9,""age"":41},""feedback"":null,""responseMs"":3106},{""domain"":""diabetes"",""direction"":""Diabetes to No Diabetes"",""caseNumberWithinDirection"":5,""casePoolPositionWithinDirection"":3,""instanceId"":160202,""explanation"":""counterfactuals"",""originalPrediction"":{""value"":0,""label"":""Diabetes""},""changes"":[{""attributeIndex"":2,""attributeName"":""Insulin"",""originalValue"":115,""originalNormalizedValue"":0.16291347026313585,""newValue"":167,""newNormalizedValue"":0.2701476532211493}],""changedRawFeatureValues"":{""glucose"":125,""blood_pressure"":70,""insulin"":167,""bmi"":31.1,""age"":41},""feedback"":null,""responseMs"":5488},{""domain"":""diabetes"",""direction"":""Diabetes to No Diabetes"",""caseNumberWithinDirection"":6,""casePoolPositionWithinDirection"":4,""instanceId"":160203,""explanation"":""counterfactuals"",""originalPrediction"":{""value"":0,""label"":""Diabetes""},""changes"":[{""attributeIndex"":2,""attributeName"":""Insulin"",""originalValue"":132,""originalNormalizedValue"":0.1979707993071018,""newValue"":186,""newNormalizedValue"":0.30932937391734655}],""changedRawFeatureValues"":{""glucose"":161,""blood_pressure"":68,""insulin"":186,""bmi"":25.5,""age"":47},""feedback"":null,""responseMs"":3546},{""domain"":""diabetes"",""direction"":""Diabetes to No Diabetes"",""caseNumberWithinDirection"":7,""casePoolPositionWithinDirection"":2,""instanceId"":160201,""explanation"":""counterfactuals"",""originalPrediction"":{""value"":0,""label"":""Diabetes""},""changes"":[{""attributeIndex"":2,""attributeName"":""Insulin"",""originalValue"":200,""originalNormalizedValue"":0.3382001154829656,""newValue"":259,""newNormalizedValue"":0.4598696692237886}],""changedRawFeatureValues"":{""glucose"":187,""blood_pressure"":70,""insulin"":259,""bmi"":36.4,""age"":36},""feedback"":null,""responseMs"":4995},{""domain"":""diabetes"",""direction"":""Diabetes to No Diabetes"",""caseNumberWithinDirection"":8,""casePoolPositionWithinDirection"":9,""instanceId"":160213,""explanation"":""counterfactuals"",""originalPrediction"":{""value"":0,""label"":""Diabetes""},""changes"":[{""attributeIndex"":2,""attributeName"":""Insulin"",""originalValue"":145,""originalNormalizedValue"":0.22477934504660518,""newValue"":196,""newNormalizedValue"":0.329951332178503}],""changedRawFeatureValues"":{""glucose"":117,""blood_pressure"":88,""insulin"":196,""bmi"":34.5,""age"":40},""feedback"":null,""responseMs"":4100},{""domain"":""diabetes"",""direction"":""Diabetes to No Diabetes"",""caseNumberWithinDirection"":9,""casePoolPositionWithinDirection"":6,""instanceId"":160210,""explanation"":""counterfactuals"",""originalPrediction"":{""value"":0,""label"":""Diabetes""},""changes"":[{""attributeIndex"":2,""attributeName"":""Insulin"",""originalValue"":215,""originalNormalizedValue"":0.3691330528747002,""newValue"":259,""newNormalizedValue"":0.4598696692237886}],""changedRawFeatureValues"":{""glucose"":100,""blood_pressure"":74,""insulin"":259,""bmi"":39.4,""age"":43},""feedback"":null,""responseMs"":5073},{""domain"":""diabetes"",""direction"":""Diabetes to No Diabetes"",""caseNumberWithinDirection"":10,""casePoolPositionWithinDirection"":5,""instanceId"":160204,""explanation"":""counterfactuals"",""originalPrediction"":{""value"":0,""label"":""Diabetes""},""changes"":[{""attributeIndex"":2,""attributeName"":""Insulin"",""originalValue"":122,""originalNormalizedValue"":0.17734884104594537,""newValue"":172,""newNormalizedValue"":0.2804586323517276}],""changedRawFeatureValues"":{""glucose"":125,""blood_pressure"":70,""insulin"":172,""bmi"":28.9,""age"":45},""feedback"":null,""responseMs"":3635}]",1,66293a97afaf09c613477f83,1,1,diabetes
2026-08-30 02:42:06,2026-08-30 03:07:08,0,48.45.131.33,100,1501,1,2026-08-30 03:07:08,R_1ReJOex9cmkqbNa,,,,,37.751,-97.822,anonymous,EN,FL_EOS_ID,,1,1,1,,,,,,,,,,,Honestly i wondered how the AI used the safe ranges to make a decision. Because i tried to maintain a middle value for the safe ranges,it did not vary among profiles,second,8,emily,3,36,1,,5,3,,1,,manufacturing,https://louth-bin.github.io/attribution-counterfactual-ui/iframe.html,counterfactuals,,"[{""domain"":""diabetes"",""caseNumber"":1,""casePoolPosition"":5,""trainingBlock"":""glucose_insulin"",""instanceId"":160104,""explanation"":""counterfactuals"",""selectedPrediction"":1,""correctPrediction"":1,""correct"":true,""responseMs"":59268},{""domain"":""diabetes"",""caseNumber"":2,""casePoolPosition"":2,""trainingBlock"":""glucose_insulin"",""instanceId"":160101,""explanation"":""counterfactuals"",""selectedPrediction"":1,""correctPrediction"":0,""correct"":false,""responseMs"":48275},{""domain"":""diabetes"",""caseNumber"":3,""casePoolPosition"":1,""trainingBlock"":""glucose_insulin"",""instanceId"":160100,""explanation"":""counterfactuals"",""selectedPrediction"":0,""correctPrediction"":0,""correct"":true,""responseMs"":30763},{""domain"":""diabetes"",""caseNumber"":4,""casePoolPosition"":4,""trainingBlock"":""glucose_insulin"",""instanceId"":160103,""explanation"":""counterfactuals"",""selectedPrediction"":1,""correctPrediction"":1,""correct"":true,""responseMs"":36101},{""domain"":""diabetes"",""caseNumber"":5,""casePoolPosition"":3,""trainingBlock"":""glucose_insulin"",""instanceId"":160102,""explanation"":""counterfactuals"",""selectedPrediction"":0,""correctPrediction"":0,""correct"":true,""responseMs"":21730},{""domain"":""diabetes"",""caseNumber"":6,""casePoolPosition"":6,""trainingBlock"":""glucose_insulin"",""instanceId"":160105,""explanation"":""counterfactuals"",""selectedPrediction"":1,""correctPrediction"":1,""correct"":true,""responseMs"":14894},{""domain"":""diabetes"",""caseNumber"":7,""casePoolPosition"":10,""trainingBlock"":""blood_pressure_age"",""instanceId"":160111,""explanation"":""counterfactuals"",""selectedPrediction"":0,""correctPrediction"":1,""correct"":false,""responseMs"":19716},{""domain"":""diabetes"",""caseNumber"":8,""casePoolPosition"":11,""trainingBlock"":""blood_pressure_age"",""instanceId"":160110,""explanation"":""counterfactuals"",""selectedPrediction"":1,""correctPrediction"":1,""correct"":true,""responseMs"":15311},{""domain"":""diabetes"",""caseNumber"":9,""casePoolPosition"":8,""trainingBlock"":""blood_pressure_age"",""instanceId"":160107,""explanation"":""counterfactuals"",""selectedPrediction"":1,""correctPrediction"":0,""correct"":false,""responseMs"":28692},{""domain"":""diabetes"",""caseNumber"":10,""casePoolPosition"":9,""trainingBlock"":""blood_pressure_age"",""instanceId"":160108,""explanation"":""counterfactuals"",""selectedPrediction"":0,""correctPrediction"":0,""correct"":true,""responseMs"":24603},{""domain"":""diabetes"",""caseNumber"":11,""casePoolPosition"":12,""trainingBlock"":""blood_pressure_age"",""instanceId"":160109,""explanation"":""counterfactuals"",""selectedPrediction"":0,""correctPrediction"":1,""correct"":false,""responseMs"":25865},{""domain"":""diabetes"",""caseNumber"":12,""casePoolPosition"":7,""trainingBlock"":""blood_pressure_age"",""instanceId"":160106,""explanation"":""counterfactuals"",""selectedPrediction"":0,""correctPrediction"":0,""correct"":true,""responseMs"":17793}]","[{""domain"":""diabetes"",""direction"":""No Diabetes to Diabetes"",""caseNumberWithinDirection"":1,""casePoolPositionWithinDirection"":2,""instanceId"":160206,""explanation"":""counterfactuals"",""originalPrediction"":{""value"":1,""label"":""No Diabetes""},""changes"":[{""attributeIndex"":0,""attributeName"":""Glucose"",""originalValue"":103,""originalNormalizedValue"":0.24264580853596324,""newValue"":114,""newNormalizedValue"":0.33616731848325104},{""attributeIndex"":1,""attributeName"":""Blood Pressure"",""originalValue"":80,""originalNormalizedValue"":0.6956521739130435,""newValue"":90,""newNormalizedValue"":0.9130434782608695},{""attributeIndex"":3,""attributeName"":""BMI"",""originalValue"":19.4,""originalNormalizedValue"":-0.03512222534419776,""newValue"":20.4,""newNormalizedValue"":0}],""changedRawFeatureValues"":{""glucose"":114,""blood_pressure"":90,""insulin"":82,""bmi"":20.4,""age"":22},""feedback"":null,""responseMs"":110068},{""domain"":""diabetes"",""direction"":""No Diabetes to Diabetes"",""caseNumberWithinDirection"":2,""casePoolPositionWithinDirection"":9,""instanceId"":160217,""explanation"":""counterfactuals"",""originalPrediction"":{""value"":1,""label"":""No Diabetes""},""changes"":[{""attributeIndex"":0,""attributeName"":""Glucose"",""originalValue"":112,""originalNormalizedValue"":0.3191634075837442,""newValue"":122,""newNormalizedValue"":0.4041829620812786},{""attributeIndex"":3,""attributeName"":""BMI"",""originalValue"":34.1,""originalNormalizedValue"":0.4811744872155094,""newValue"":44.88592,""newNormalizedValue"":0.8599999999999989}],""changedRawFeatureValues"":{""glucose"":122,""blood_pressure"":68,""insulin"":94,""bmi"":44.88592,""age"":26},""feedback"":null,""responseMs"":31642},{""domain"":""diabetes"",""direction"":""No Diabetes to Diabetes"",""caseNumberWithinDirection"":3,""casePoolPositionWithinDirection"":8,""instanceId"":160216,""explanation"":""counterfactuals"",""originalPrediction"":{""value"":1,""label"":""No Diabetes""},""changes"":[{""attributeIndex"":0,""attributeName"":""Glucose"",""originalValue"":151,""originalNormalizedValue"":0.6507396701241284,""newValue"":164,""newNormalizedValue"":0.7612650909709231},{""attributeIndex"":3,""attributeName"":""BMI"",""originalValue"":35.5,""originalNormalizedValue"":0.5303456026973863,""newValue"":46.30952,""newNormalizedValue"":0.9099999999999988}],""changedRawFeatureValues"":{""glucose"":164,""blood_pressure"":62,""insulin"":120,""bmi"":46.30952,""age"":28},""feedback"":null,""responseMs"":19747},{""domain"":""diabetes"",""direction"":""No Diabetes to Diabetes"",""caseNumberWithinDirection"":4,""casePoolPositionWithinDirection"":5,""instanceId"":160208,""explanation"":""counterfactuals"",""originalPrediction"":{""value"":1,""label"":""No Diabetes""},""changes"":[{""attributeIndex"":0,""attributeName"":""Glucose"",""originalValue"":126,""originalNormalizedValue"":0.43819078388029237,""newValue"":136,""newNormalizedValue"":0.5232103383778267}],""changedRawFeatureValues"":{""glucose"":136,""blood_pressure"":74,""insulin"":75,""bmi"":25.9,""age"":39},""feedback"":null,""responseMs"":17232},{""domain"":""diabetes"",""direction"":""No Diabetes to Diabetes"",""caseNumberWithinDirection"":5,""casePoolPositionWithinDirection"":4,""instanceId"":160207,""explanation"":""counterfactuals"",""originalPrediction"":{""value"":1,""label"":""No Diabetes""},""changes"":[{""attributeIndex"":1,""attributeName"":""Blood Pressure"",""originalValue"":74,""originalNormalizedValue"":0.5652173913043478,""newValue"":84,""newNormalizedValue"":0.782608695652174}],""changedRawFeatureValues"":{""glucose"":89,""blood_pressure"":84,""insulin"":85,""bmi"":30.4,""age"":38},""feedback"":null,""responseMs"":94951},{""domain"":""diabetes"",""direction"":""No Diabetes to Diabetes"",""caseNumberWithinDirection"":6,""casePoolPositionWithinDirection"":3,""instanceId"":160209,""explanation"":""counterfactuals"",""originalPrediction"":{""value"":1,""label"":""No Diabetes""},""changes"":[{""attributeIndex"":1,""attributeName"":""Blood Pressure"",""originalValue"":78,""originalNormalizedValue"":0.6521739130434783,""newValue"":92,""newNormalizedValue"":0.9565217391304348},{""attributeIndex"":3,""attributeName"":""BMI"",""originalValue"":29.3,""originalNormalizedValue"":0.3125878055633602,""newValue"":39.76096,""newNormalizedValue"":0.679999999999999}],""changedRawFeatureValues"":{""glucose"":83,""blood_pressure"":92,""insulin"":71,""bmi"":39.76096,""age"":36},""feedback"":null,""responseMs"":24010},{""domain"":""diabetes"",""direction"":""No Diabetes to Diabetes"",""caseNumberWithinDirection"":7,""casePoolPositionWithinDirection"":6,""instanceId"":160215,""explanation"":""counterfactuals"",""originalPrediction"":{""value"":1,""label"":""No Diabetes""},""changes"":[{""attributeIndex"":0,""attributeName"":""Glucose"",""originalValue"":117,""originalNormalizedValue"":0.3616731848325114,""newValue"":126,""newNormalizedValue"":0.43819078388029237}],""changedRawFeatureValues"":{""glucose"":126,""blood_pressure"":60,""insulin"":106,""bmi"":33.8,""age"":27},""feedback"":null,""responseMs"":19035},{""domain"":""diabetes"",""direction"":""No Diabetes to Diabetes"",""caseNumberWithinDirection"":8,""casePoolPositionWithinDirection"":1,""instanceId"":160205,""explanation"":""counterfactuals"",""originalPrediction"":{""value"":1,""label"":""No Diabetes""},""changes"":[{""attributeIndex"":0,""attributeName"":""Glucose"",""originalValue"":100,""originalNormalizedValue"":0.2171399421867029,""newValue"":110,""newNormalizedValue"":0.3021594966842373}],""changedRawFeatureValues"":{""glucose"":110,""blood_pressure"":74,""insulin"":46,""bmi"":19.5,""age"":28},""feedback"":null,""responseMs"":14929},{""domain"":""diabetes"",""direction"":""No Diabetes to Diabetes"",""caseNumberWithinDirection"":9,""casePoolPositionWithinDirection"":10,""instanceId"":160218,""explanation"":""counterfactuals"",""originalPrediction"":{""value"":1,""label"":""No Diabetes""},""changes"":[{""attributeIndex"":0,""attributeName"":""Glucose"",""originalValue"":154,""originalNormalizedValue"":0.6762455364733887,""newValue"":165,""newNormalizedValue"":0.7697670464206765}],""changedRawFeatureValues"":{""glucose"":165,""blood_pressure"":74,""insulin"":193,""bmi"":29.3,""age"":39},""feedback"":null,""responseMs"":35459},{""domain"":""diabetes"",""direction"":""No Diabetes to Diabetes"",""caseNumberWithinDirection"":10,""casePoolPositionWithinDirection"":7,""instanceId"":160219,""explanation"":""counterfactuals"",""originalPrediction"":{""value"":1,""label"":""No Diabetes""},""changes"":[{""attributeIndex"":0,""attributeName"":""Glucose"",""originalValue"":139,""originalNormalizedValue"":0.548716204727087,""newValue"":153,""newNormalizedValue"":0.6677435810236352}],""changedRawFeatureValues"":{""glucose"":153,""blood_pressure"":64,""insulin"":140,""bmi"":28.6,""age"":26},""feedback"":null,""responseMs"":13750},{""domain"":""diabetes"",""direction"":""Diabetes to No Diabetes"",""caseNumberWithinDirection"":1,""casePoolPositionWithinDirection"":4,""instanceId"":160203,""explanation"":""counterfactuals"",""originalPrediction"":{""value"":0,""label"":""Diabetes""},""changes"":[{""attributeIndex"":0,""attributeName"":""Glucose"",""originalValue"":161,""originalNormalizedValue"":0.7357592246216628,""newValue"":104,""newNormalizedValue"":0.25114776398571664}],""changedRawFeatureValues"":{""glucose"":104,""blood_pressure"":68,""insulin"":132,""bmi"":25.5,""age"":47},""feedback"":null,""responseMs"":33702},{""domain"":""diabetes"",""direction"":""Diabetes to No Diabetes"",""caseNumberWithinDirection"":2,""casePoolPositionWithinDirection"":1,""instanceId"":160200,""explanation"":""counterfactuals"",""originalPrediction"":{""value"":0,""label"":""Diabetes""},""changes"":[{""attributeIndex"":0,""attributeName"":""Glucose"",""originalValue"":154,""originalNormalizedValue"":0.6762455364733887,""newValue"":113,""newNormalizedValue"":0.32766536303349764},{""attributeIndex"":2,""attributeName"":""Insulin"",""originalValue"":126,""originalNormalizedValue"":0.18559762435040794,""newValue"":65,""newNormalizedValue"":0.05980367895735367}],""changedRawFeatureValues"":{""glucose"":113,""blood_pressure"":72,""insulin"":65,""bmi"":31.3,""age"":37},""feedback"":null,""responseMs"":29584},{""domain"":""diabetes"",""direction"":""Diabetes to No Diabetes"",""caseNumberWithinDirection"":3,""casePoolPositionWithinDirection"":2,""instanceId"":160201,""explanation"":""counterfactuals"",""originalPrediction"":{""value"":0,""label"":""Diabetes""},""changes"":[{""attributeIndex"":0,""attributeName"":""Glucose"",""originalValue"":187,""originalNormalizedValue"":0.9568100663152522,""newValue"":93,""newNormalizedValue"":0.15762625403842884},{""attributeIndex"":2,""attributeName"":""Insulin"",""originalValue"":200,""originalNormalizedValue"":0.3382001154829656,""newValue"":99,""newNormalizedValue"":0.12991833704528555}],""changedRawFeatureValues"":{""glucose"":93,""blood_pressure"":70,""insulin"":99,""bmi"":36.4,""age"":36},""feedback"":null,""responseMs"":26066},{""domain"":""diabetes"",""direction"":""Diabetes to No Diabetes"",""caseNumberWithinDirection"":4,""casePoolPositionWithinDirection"":3,""instanceId"":160202,""explanation"":""counterfactuals"",""originalPrediction"":{""value"":0,""label"":""Diabetes""},""changes"":[{""attributeIndex"":0,""attributeName"":""Glucose"",""originalValue"":125,""originalNormalizedValue"":0.4296888284305389,""newValue"":104,""newNormalizedValue"":0.25114776398571664}],""changedRawFeatureValues"":{""glucose"":104,""blood_pressure"":70,""insulin"":115,""bmi"":31.1,""age"":41},""feedback"":null,""responseMs"":12510},{""domain"":""diabetes"",""direction"":""Diabetes to No Diabetes"",""caseNumberWithinDirection"":5,""casePoolPositionWithinDirection"":7,""instanceId"":160211,""explanation"":""counterfactuals"",""originalPrediction"":{""value"":0,""label"":""Diabetes""},""changes"":[{""attributeIndex"":0,""attributeName"":""Glucose"",""originalValue"":145,""originalNormalizedValue"":0.5997279374256077,""newValue"":94,""newNormalizedValue"":0.16612820948818227}],""changedRawFeatureValues"":{""glucose"":94,""blood_pressure"":80,""insulin"":130,""bmi"":37.9,""age"":40},""feedback"":null,""responseMs"":22826},{""domain"":""diabetes"",""direction"":""Diabetes to No Diabetes"",""caseNumberWithinDirection"":6,""casePoolPositionWithinDirection"":9,""instanceId"":160213,""explanation"":""counterfactuals"",""originalPrediction"":{""value"":0,""label"":""Diabetes""},""changes"":[{""attributeIndex"":0,""attributeName"":""Glucose"",""originalValue"":117,""originalNormalizedValue"":0.3616731848325114,""newValue"":93,""newNormalizedValue"":0.15762625403842884},{""attributeIndex"":1,""attributeName"":""Blood Pressure"",""originalValue"":88,""originalNormalizedValue"":0.8695652173913043,""newValue"":68,""newNormalizedValue"":0.43478260869565216}],""changedRawFeatureValues"":{""glucose"":93,""blood_pressure"":68,""insulin"":145,""bmi"":34.5,""age"":40},""feedback"":null,""responseMs"":18368},{""domain"":""diabetes"",""direction"":""Diabetes to No Diabetes"",""caseNumberWithinDirection"":7,""casePoolPositionWithinDirection"":6,""instanceId"":160210,""explanation"":""counterfactuals"",""originalPrediction"":{""value"":0,""label"":""Diabetes""},""changes"":[{""attributeIndex"":2,""attributeName"":""Insulin"",""originalValue"":215,""originalNormalizedValue"":0.3691330528747002,""newValue"":51,""newNormalizedValue"":0.030932937391734656},{""attributeIndex"":3,""attributeName"":""BMI"",""originalValue"":39.4,""originalNormalizedValue"":0.6673222815397575,""newValue"":29.22632,""newNormalizedValue"":0.30999999999999966}],""changedRawFeatureValues"":{""glucose"":100,""blood_pressure"":74,""insulin"":51,""bmi"":29.22632,""age"":43},""feedback"":null,""responseMs"":21600},{""domain"":""diabetes"",""direction"":""Diabetes to No Diabetes"",""caseNumberWithinDirection"":8,""casePoolPositionWithinDirection"":10,""instanceId"":160214,""explanation"":""counterfactuals"",""originalPrediction"":{""value"":0,""label"":""Diabetes""},""changes"":[{""attributeIndex"":0,""attributeName"":""Glucose"",""originalValue"":104,""originalNormalizedValue"":0.25114776398571664,""newValue"":92,""newNormalizedValue"":0.1491242985886754},{""attributeIndex"":2,""attributeName"":""Insulin"",""originalValue"":156,""originalNormalizedValue"":0.24746349913387725,""newValue"":80,""newNormalizedValue"":0.09073661634908832}],""changedRawFeatureValues"":{""glucose"":92,""blood_pressure"":74,""insulin"":80,""bmi"":29.9,""age"":41},""feedback"":null,""responseMs"":15454},{""domain"":""diabetes"",""direction"":""Diabetes to No Diabetes"",""caseNumberWithinDirection"":9,""casePoolPositionWithinDirection"":5,""instanceId"":160204,""explanation"":""counterfactuals"",""originalPrediction"":{""value"":0,""label"":""Diabetes""},""changes"":[{""attributeIndex"":0,""attributeName"":""Glucose"",""originalValue"":125,""originalNormalizedValue"":0.4296888284305389,""newValue"":99,""newNormalizedValue"":0.20863798673694947},{""attributeIndex"":2,""attributeName"":""Insulin"",""originalValue"":122,""originalNormalizedValue"":0.17734884104594537,""newValue"":46,""newNormalizedValue"":0.020621958261156436}],""changedRawFeatureValues"":{""glucose"":99,""blood_pressure"":70,""insulin"":46,""bmi"":28.9,""age"":45},""feedback"":null,""responseMs"":15141},{""domain"":""diabetes"",""direction"":""Diabetes to No Diabetes"",""caseNumberWithinDirection"":10,""casePoolPositionWithinDirection"":8,""instanceId"":160212,""explanation"":""counterfactuals"",""originalPrediction"":{""value"":0,""label"":""Diabetes""},""changes"":[{""attributeIndex"":0,""attributeName"":""Glucose"",""originalValue"":111,""originalNormalizedValue"":0.31066145213399077,""newValue"":90,""newNormalizedValue"":0.1321203876891685},{""attributeIndex"":2,""attributeName"":""Insulin"",""originalValue"":207,""originalNormalizedValue"":0.35263548626577507,""newValue"":104,""newNormalizedValue"":0.1402293161758638},{""attributeIndex"":3,""attributeName"":""BMI"",""originalValue"":37.1,""originalNormalizedValue"":0.5865411632481028,""newValue"":25.52496,""newNormalizedValue"":0.17999999999999983}],""changedRawFeatureValues"":{""glucose"":90,""blood_pressure"":72,""insulin"":104,""bmi"":25.52496,""age"":56},""feedback"":null,""responseMs"":15496}]",1,6a2058bebbf1650baea8a690,1,1,diabetes
2026-08-30 02:54:35,2026-08-30 03:11:38,0,48.47.69.29,100,1022,1,2026-08-30 03:11:39,R_3pZ1OVs4kWTC7GB,,,,,37.751,-97.822,anonymous,EN,FL_EOS_ID,,1,1,2,,,,,1,1,,,,,I think the main one was insulin and also blood pressure.,I changed the attributes that were too low or too high and made them balanced to the right amount.,second,8,Emily,27,49,2,,6,3,,1,,wholesale,https://louth-bin.github.io/attribution-counterfactual-ui/iframe.html,none,,"[{""domain"":""diabetes"",""caseNumber"":1,""casePoolPosition"":10,""trainingBlock"":""blood_pressure_age"",""instanceId"":160111,""explanation"":""none"",""selectedPrediction"":1,""correctPrediction"":1,""correct"":true,""responseMs"":45942},{""domain"":""diabetes"",""caseNumber"":2,""casePoolPosition"":9,""trainingBlock"":""blood_pressure_age"",""instanceId"":160108,""explanation"":""none"",""selectedPrediction"":0,""correctPrediction"":0,""correct"":true,""responseMs"":10016},{""domain"":""diabetes"",""caseNumber"":3,""casePoolPosition"":12,""trainingBlock"":""blood_pressure_age"",""instanceId"":160109,""explanation"":""none"",""selectedPrediction"":0,""correctPrediction"":1,""correct"":false,""responseMs"":27159},{""domain"":""diabetes"",""caseNumber"":4,""casePoolPosition"":11,""trainingBlock"":""blood_pressure_age"",""instanceId"":160110,""explanation"":""none"",""selectedPrediction"":0,""correctPrediction"":1,""correct"":false,""responseMs"":10439},{""domain"":""diabetes"",""caseNumber"":5,""casePoolPosition"":7,""trainingBlock"":""blood_pressure_age"",""instanceId"":160106,""explanation"":""none"",""selectedPrediction"":0,""correctPrediction"":0,""correct"":true,""responseMs"":21280},{""domain"":""diabetes"",""caseNumber"":6,""casePoolPosition"":8,""trainingBlock"":""blood_pressure_age"",""instanceId"":160107,""explanation"":""none"",""selectedPrediction"":1,""correctPrediction"":0,""correct"":false,""responseMs"":8545},{""domain"":""diabetes"",""caseNumber"":7,""casePoolPosition"":2,""trainingBlock"":""glucose_insulin"",""instanceId"":160101,""explanation"":""none"",""selectedPrediction"":1,""correctPrediction"":0,""correct"":false,""responseMs"":21932},{""domain"":""diabetes"",""caseNumber"":8,""casePoolPosition"":5,""trainingBlock"":""glucose_insulin"",""instanceId"":160104,""explanation"":""none"",""selectedPrediction"":0,""correctPrediction"":1,""correct"":false,""responseMs"":8091},{""domain"":""diabetes"",""caseNumber"":9,""casePoolPosition"":3,""trainingBlock"":""glucose_insulin"",""instanceId"":160102,""explanation"":""none"",""selectedPrediction"":1,""correctPrediction"":0,""correct"":false,""responseMs"":6136},{""domain"":""diabetes"",""caseNumber"":10,""casePoolPosition"":6,""trainingBlock"":""glucose_insulin"",""instanceId"":160105,""explanation"":""none"",""selectedPrediction"":0,""correctPrediction"":1,""correct"":false,""responseMs"":4457},{""domain"":""diabetes"",""caseNumber"":11,""casePoolPosition"":1,""trainingBlock"":""glucose_insulin"",""instanceId"":160100,""explanation"":""none"",""selectedPrediction"":0,""correctPrediction"":0,""correct"":true,""responseMs"":9515},{""domain"":""diabetes"",""caseNumber"":12,""casePoolPosition"":4,""trainingBlock"":""glucose_insulin"",""instanceId"":160103,""explanation"":""none"",""selectedPrediction"":1,""correctPrediction"":1,""correct"":true,""responseMs"":4975}]","[{""domain"":""diabetes"",""direction"":""No Diabetes to Diabetes"",""caseNumberWithinDirection"":1,""casePoolPositionWithinDirection"":9,""instanceId"":160217,""explanation"":""none"",""originalPrediction"":{""value"":1,""label"":""No Diabetes""},""changes"":[{""attributeIndex"":0,""attributeName"":""Glucose"",""originalValue"":112,""originalNormalizedValue"":0.3191634075837442,""newValue"":159,""newNormalizedValue"":0.7187553137221558}],""changedRawFeatureValues"":{""glucose"":159,""blood_pressure"":68,""insulin"":94,""bmi"":34.1,""age"":26},""feedback"":null,""responseMs"":25321},{""domain"":""diabetes"",""direction"":""No Diabetes to Diabetes"",""caseNumberWithinDirection"":2,""casePoolPositionWithinDirection"":6,""instanceId"":160215,""explanation"":""none"",""originalPrediction"":{""value"":1,""label"":""No Diabetes""},""changes"":[{""attributeIndex"":2,""attributeName"":""Insulin"",""originalValue"":106,""originalNormalizedValue"":0.14435370782809506,""newValue"":308,""newNormalizedValue"":0.5609172647034552}],""changedRawFeatureValues"":{""glucose"":117,""blood_pressure"":60,""insulin"":308,""bmi"":33.8,""age"":27},""feedback"":null,""responseMs"":15277},{""domain"":""diabetes"",""direction"":""No Diabetes to Diabetes"",""caseNumberWithinDirection"":3,""casePoolPositionWithinDirection"":7,""instanceId"":160219,""explanation"":""none"",""originalPrediction"":{""value"":1,""label"":""No Diabetes""},""changes"":[{""attributeIndex"":0,""attributeName"":""Glucose"",""originalValue"":139,""originalNormalizedValue"":0.548716204727087,""newValue"":189,""newNormalizedValue"":0.973813977214759},{""attributeIndex"":1,""attributeName"":""Blood Pressure"",""originalValue"":64,""originalNormalizedValue"":0.34782608695652173,""newValue"":76,""newNormalizedValue"":0.6086956521739131}],""changedRawFeatureValues"":{""glucose"":189,""blood_pressure"":76,""insulin"":140,""bmi"":28.6,""age"":26},""feedback"":null,""responseMs"":13467},{""domain"":""diabetes"",""direction"":""No Diabetes to Diabetes"",""caseNumberWithinDirection"":4,""casePoolPositionWithinDirection"":8,""instanceId"":160216,""explanation"":""none"",""originalPrediction"":{""value"":1,""label"":""No Diabetes""},""changes"":[{""attributeIndex"":2,""attributeName"":""Insulin"",""originalValue"":120,""originalNormalizedValue"":0.17322444939371406,""newValue"":240,""newNormalizedValue"":0.42068794852759134}],""changedRawFeatureValues"":{""glucose"":151,""blood_pressure"":62,""insulin"":240,""bmi"":35.5,""age"":28},""feedback"":null,""responseMs"":11664},{""domain"":""diabetes"",""direction"":""No Diabetes to Diabetes"",""caseNumberWithinDirection"":5,""casePoolPositionWithinDirection"":2,""instanceId"":160206,""explanation"":""none"",""originalPrediction"":{""value"":1,""label"":""No Diabetes""},""changes"":[{""attributeIndex"":0,""attributeName"":""Glucose"",""originalValue"":103,""originalNormalizedValue"":0.24264580853596324,""newValue"":134,""newNormalizedValue"":0.5062064274783199}],""changedRawFeatureValues"":{""glucose"":134,""blood_pressure"":80,""insulin"":82,""bmi"":19.4,""age"":22},""feedback"":null,""responseMs"":23009},{""domain"":""diabetes"",""direction"":""No Diabetes to Diabetes"",""caseNumberWithinDirection"":6,""casePoolPositionWithinDirection"":10,""instanceId"":160218,""explanation"":""none"",""originalPrediction"":{""value"":1,""label"":""No Diabetes""},""changes"":[{""attributeIndex"":1,""attributeName"":""Blood Pressure"",""originalValue"":74,""originalNormalizedValue"":0.5652173913043478,""newValue"":81,""newNormalizedValue"":0.717391304347826},{""attributeIndex"":2,""attributeName"":""Insulin"",""originalValue"":193,""originalNormalizedValue"":0.3237647447001561,""newValue"":177,""newNormalizedValue"":0.2907696114823058}],""changedRawFeatureValues"":{""glucose"":154,""blood_pressure"":81,""insulin"":177,""bmi"":29.3,""age"":39},""feedback"":null,""responseMs"":14964},{""domain"":""diabetes"",""direction"":""No Diabetes to Diabetes"",""caseNumberWithinDirection"":7,""casePoolPositionWithinDirection"":5,""instanceId"":160208,""explanation"":""none"",""originalPrediction"":{""value"":1,""label"":""No Diabetes""},""changes"":[{""attributeIndex"":2,""attributeName"":""Insulin"",""originalValue"":75,""originalNormalizedValue"":0.08042563721851011,""newValue"":128,""newNormalizedValue"":0.18972201600263922}],""changedRawFeatureValues"":{""glucose"":126,""blood_pressure"":74,""insulin"":128,""bmi"":25.9,""age"":39},""feedback"":null,""responseMs"":17313},{""domain"":""diabetes"",""direction"":""No Diabetes to Diabetes"",""caseNumberWithinDirection"":8,""casePoolPositionWithinDirection"":4,""instanceId"":160207,""explanation"":""none"",""originalPrediction"":{""value"":1,""label"":""No Diabetes""},""changes"":[{""attributeIndex"":0,""attributeName"":""Glucose"",""originalValue"":89,""originalNormalizedValue"":0.12361843223941507,""newValue"":142,""newNormalizedValue"":0.5742220710763474}],""changedRawFeatureValues"":{""glucose"":142,""blood_pressure"":74,""insulin"":85,""bmi"":30.4,""age"":38},""feedback"":null,""responseMs"":8441},{""domain"":""diabetes"",""direction"":""No Diabetes to Diabetes"",""caseNumberWithinDirection"":9,""casePoolPositionWithinDirection"":1,""instanceId"":160205,""explanation"":""none"",""originalPrediction"":{""value"":1,""label"":""No Diabetes""},""changes"":[{""attributeIndex"":2,""attributeName"":""Insulin"",""originalValue"":46,""originalNormalizedValue"":0.020621958261156436,""newValue"":128,""newNormalizedValue"":0.18972201600263922},{""attributeIndex"":3,""attributeName"":""BMI"",""originalValue"":19.5,""originalNormalizedValue"":-0.03161000280977794,""newValue"":24.10136,""newNormalizedValue"":0.12999999999999987}],""changedRawFeatureValues"":{""glucose"":100,""blood_pressure"":74,""insulin"":128,""bmi"":24.10136,""age"":28},""feedback"":null,""responseMs"":8096},{""domain"":""diabetes"",""direction"":""No Diabetes to Diabetes"",""caseNumberWithinDirection"":10,""casePoolPositionWithinDirection"":3,""instanceId"":160209,""explanation"":""none"",""originalPrediction"":{""value"":1,""label"":""No Diabetes""},""changes"":[{""attributeIndex"":0,""attributeName"":""Glucose"",""originalValue"":83,""originalNormalizedValue"":0.07260669954089442,""newValue"":147,""newNormalizedValue"":0.6167318483251146}],""changedRawFeatureValues"":{""glucose"":147,""blood_pressure"":78,""insulin"":71,""bmi"":29.3,""age"":36},""feedback"":null,""responseMs"":5942},{""domain"":""diabetes"",""direction"":""Diabetes to No Diabetes"",""caseNumberWithinDirection"":1,""casePoolPositionWithinDirection"":7,""instanceId"":160211,""explanation"":""none"",""originalPrediction"":{""value"":0,""label"":""Diabetes""},""changes"":[{""attributeIndex"":1,""attributeName"":""Blood Pressure"",""originalValue"":80,""originalNormalizedValue"":0.6956521739130435,""newValue"":69,""newNormalizedValue"":0.45652173913043476},{""attributeIndex"":2,""attributeName"":""Insulin"",""originalValue"":130,""originalNormalizedValue"":0.19384640765487052,""newValue"":65,""newNormalizedValue"":0.05980367895735367}],""changedRawFeatureValues"":{""glucose"":145,""blood_pressure"":69,""insulin"":65,""bmi"":37.9,""age"":40},""feedback"":null,""responseMs"":27811},{""domain"":""diabetes"",""direction"":""Diabetes to No Diabetes"",""caseNumberWithinDirection"":2,""casePoolPositionWithinDirection"":9,""instanceId"":160213,""explanation"":""none"",""originalPrediction"":{""value"":0,""label"":""Diabetes""},""changes"":[{""attributeIndex"":0,""attributeName"":""Glucose"",""originalValue"":117,""originalNormalizedValue"":0.3616731848325114,""newValue"":167,""newNormalizedValue"":0.7867709573201834},{""attributeIndex"":1,""attributeName"":""Blood Pressure"",""originalValue"":88,""originalNormalizedValue"":0.8695652173913043,""newValue"":73,""newNormalizedValue"":0.5434782608695652}],""changedRawFeatureValues"":{""glucose"":167,""blood_pressure"":73,""insulin"":145,""bmi"":34.5,""age"":40},""feedback"":null,""responseMs"":9093},{""domain"":""diabetes"",""direction"":""Diabetes to No Diabetes"",""caseNumberWithinDirection"":3,""casePoolPositionWithinDirection"":4,""instanceId"":160203,""explanation"":""none"",""originalPrediction"":{""value"":0,""label"":""Diabetes""},""changes"":[{""attributeIndex"":1,""attributeName"":""Blood Pressure"",""originalValue"":68,""originalNormalizedValue"":0.43478260869565216,""newValue"":66,""newNormalizedValue"":0.391304347826087}],""changedRawFeatureValues"":{""glucose"":161,""blood_pressure"":66,""insulin"":132,""bmi"":25.5,""age"":47},""feedback"":null,""responseMs"":24373},{""domain"":""diabetes"",""direction"":""Diabetes to No Diabetes"",""caseNumberWithinDirection"":4,""casePoolPositionWithinDirection"":2,""instanceId"":160201,""explanation"":""none"",""originalPrediction"":{""value"":0,""label"":""Diabetes""},""changes"":[{""attributeIndex"":0,""attributeName"":""Glucose"",""originalValue"":187,""originalNormalizedValue"":0.9568100663152522,""newValue"":164,""newNormalizedValue"":0.7612650909709231}],""changedRawFeatureValues"":{""glucose"":164,""blood_pressure"":70,""insulin"":200,""bmi"":36.4,""age"":36},""feedback"":null,""responseMs"":9159},{""domain"":""diabetes"",""direction"":""Diabetes to No Diabetes"",""caseNumberWithinDirection"":5,""casePoolPositionWithinDirection"":6,""instanceId"":160210,""explanation"":""none"",""originalPrediction"":{""value"":0,""label"":""Diabetes""},""changes"":[{""attributeIndex"":0,""attributeName"":""Glucose"",""originalValue"":100,""originalNormalizedValue"":0.2171399421867029,""newValue"":166,""newNormalizedValue"":0.7782690018704299}],""changedRawFeatureValues"":{""glucose"":166,""blood_pressure"":74,""insulin"":215,""bmi"":39.4,""age"":43},""feedback"":null,""responseMs"":5620},{""domain"":""diabetes"",""direction"":""Diabetes to No Diabetes"",""caseNumberWithinDirection"":6,""casePoolPositionWithinDirection"":10,""instanceId"":160214,""explanation"":""none"",""originalPrediction"":{""value"":0,""label"":""Diabetes""},""changes"":[{""attributeIndex"":0,""attributeName"":""Glucose"",""originalValue"":104,""originalNormalizedValue"":0.25114776398571664,""newValue"":134,""newNormalizedValue"":0.5062064274783199},{""attributeIndex"":2,""attributeName"":""Insulin"",""originalValue"":156,""originalNormalizedValue"":0.24746349913387725,""newValue"":94,""newNormalizedValue"":0.11960735791470734}],""changedRawFeatureValues"":{""glucose"":134,""blood_pressure"":74,""insulin"":94,""bmi"":29.9,""age"":41},""feedback"":null,""responseMs"":19585},{""domain"":""diabetes"",""direction"":""Diabetes to No Diabetes"",""caseNumberWithinDirection"":7,""casePoolPositionWithinDirection"":3,""instanceId"":160202,""explanation"":""none"",""originalPrediction"":{""value"":0,""label"":""Diabetes""},""changes"":[{""attributeIndex"":0,""attributeName"":""Glucose"",""originalValue"":125,""originalNormalizedValue"":0.4296888284305389,""newValue"":158,""newNormalizedValue"":0.7102533582724024}],""changedRawFeatureValues"":{""glucose"":158,""blood_pressure"":70,""insulin"":115,""bmi"":31.1,""age"":41},""feedback"":null,""responseMs"":8397},{""domain"":""diabetes"",""direction"":""Diabetes to No Diabetes"",""caseNumberWithinDirection"":8,""casePoolPositionWithinDirection"":1,""instanceId"":160200,""explanation"":""none"",""originalPrediction"":{""value"":0,""label"":""Diabetes""},""changes"":[{""attributeIndex"":0,""attributeName"":""Glucose"",""originalValue"":154,""originalNormalizedValue"":0.6762455364733887,""newValue"":178,""newNormalizedValue"":0.8802924672674712},{""attributeIndex"":1,""attributeName"":""Blood Pressure"",""originalValue"":72,""originalNormalizedValue"":0.5217391304347826,""newValue"":64,""newNormalizedValue"":0.34782608695652173}],""changedRawFeatureValues"":{""glucose"":178,""blood_pressure"":64,""insulin"":126,""bmi"":31.3,""age"":37},""feedback"":null,""responseMs"":8268},{""domain"":""diabetes"",""direction"":""Diabetes to No Diabetes"",""caseNumberWithinDirection"":9,""casePoolPositionWithinDirection"":5,""instanceId"":160204,""explanation"":""none"",""originalPrediction"":{""value"":0,""label"":""Diabetes""},""changes"":[{""attributeIndex"":0,""attributeName"":""Glucose"",""originalValue"":125,""originalNormalizedValue"":0.4296888284305389,""newValue"":164,""newNormalizedValue"":0.7612650909709231},{""attributeIndex"":1,""attributeName"":""Blood Pressure"",""originalValue"":70,""originalNormalizedValue"":0.4782608695652174,""newValue"":59,""newNormalizedValue"":0.2391304347826087}],""changedRawFeatureValues"":{""glucose"":164,""blood_pressure"":59,""insulin"":122,""bmi"":28.9,""age"":45},""feedback"":null,""responseMs"":9997},{""domain"":""diabetes"",""direction"":""Diabetes to No Diabetes"",""caseNumberWithinDirection"":10,""casePoolPositionWithinDirection"":8,""instanceId"":160212,""explanation"":""none"",""originalPrediction"":{""value"":0,""label"":""Diabetes""},""changes"":[{""attributeIndex"":0,""attributeName"":""Glucose"",""originalValue"":111,""originalNormalizedValue"":0.31066145213399077,""newValue"":179,""newNormalizedValue"":0.8887944227172246}],""changedRawFeatureValues"":{""glucose"":179,""blood_pressure"":72,""insulin"":207,""bmi"":37.1,""age"":56},""feedback"":null,""responseMs"":29709}]",1,6a22fde566be551c5d3b6991,1,1,diabetes
2026-08-30 03:35:11,2026-08-30 03:46:07,0,173.77.38.131,100,655,1,2026-08-30 03:46:07,R_5CNiW73tAkn7Lk5,,,,,40.8777,-73.908,anonymous,EN,FL_EOS_ID,,1,1,1,,,,,,,,,,,I think it took into account age more regarding the BMI and blood pressure.,I followed what I thought it took into account about age. Of course glucose and insulin levels mattered too.,first,7,Emily,27,54,1,,3,1,,7,self,media/arts,https://louth-bin.github.io/attribution-counterfactual-ui/iframe.html,none,,"[{""domain"":""diabetes"",""caseNumber"":1,""casePoolPosition"":6,""trainingBlock"":""glucose_insulin"",""instanceId"":160105,""explanation"":""none"",""selectedPrediction"":1,""correctPrediction"":1,""correct"":true,""responseMs"":14211},{""domain"":""diabetes"",""caseNumber"":2,""casePoolPosition"":5,""trainingBlock"":""glucose_insulin"",""instanceId"":160104,""explanation"":""none"",""selectedPrediction"":1,""correctPrediction"":1,""correct"":true,""responseMs"":15078},{""domain"":""diabetes"",""caseNumber"":3,""casePoolPosition"":1,""trainingBlock"":""glucose_insulin"",""instanceId"":160100,""explanation"":""none"",""selectedPrediction"":0,""correctPrediction"":0,""correct"":true,""responseMs"":4222},{""domain"":""diabetes"",""caseNumber"":4,""casePoolPosition"":4,""trainingBlock"":""glucose_insulin"",""instanceId"":160103,""explanation"":""none"",""selectedPrediction"":1,""correctPrediction"":1,""correct"":true,""responseMs"":6683},{""domain"":""diabetes"",""caseNumber"":5,""casePoolPosition"":2,""trainingBlock"":""glucose_insulin"",""instanceId"":160101,""explanation"":""none"",""selectedPrediction"":0,""correctPrediction"":0,""correct"":true,""responseMs"":3700},{""domain"":""diabetes"",""caseNumber"":6,""casePoolPosition"":3,""trainingBlock"":""glucose_insulin"",""instanceId"":160102,""explanation"":""none"",""selectedPrediction"":0,""correctPrediction"":0,""correct"":true,""responseMs"":4167},{""domain"":""diabetes"",""caseNumber"":7,""casePoolPosition"":11,""trainingBlock"":""blood_pressure_age"",""instanceId"":160110,""explanation"":""none"",""selectedPrediction"":0,""correctPrediction"":1,""correct"":false,""responseMs"":22228},{""domain"":""diabetes"",""caseNumber"":8,""casePoolPosition"":8,""trainingBlock"":""blood_pressure_age"",""instanceId"":160107,""explanation"":""none"",""selectedPrediction"":1,""correctPrediction"":0,""correct"":false,""responseMs"":18206},{""domain"":""diabetes"",""caseNumber"":9,""casePoolPosition"":9,""trainingBlock"":""blood_pressure_age"",""instanceId"":160108,""explanation"":""none"",""selectedPrediction"":0,""correctPrediction"":0,""correct"":true,""responseMs"":7859},{""domain"":""diabetes"",""caseNumber"":10,""casePoolPosition"":12,""trainingBlock"":""blood_pressure_age"",""instanceId"":160109,""explanation"":""none"",""selectedPrediction"":0,""correctPrediction"":1,""correct"":false,""responseMs"":10362},{""domain"":""diabetes"",""caseNumber"":11,""casePoolPosition"":7,""trainingBlock"":""blood_pressure_age"",""instanceId"":160106,""explanation"":""none"",""selectedPrediction"":0,""correctPrediction"":0,""correct"":true,""responseMs"":7173},{""domain"":""diabetes"",""caseNumber"":12,""casePoolPosition"":10,""trainingBlock"":""blood_pressure_age"",""instanceId"":160111,""explanation"":""none"",""selectedPrediction"":1,""correctPrediction"":1,""correct"":true,""responseMs"":8639}]","[{""domain"":""diabetes"",""direction"":""No Diabetes to Diabetes"",""caseNumberWithinDirection"":1,""casePoolPositionWithinDirection"":9,""instanceId"":160217,""explanation"":""none"",""originalPrediction"":{""value"":1,""label"":""No Diabetes""},""changes"":[{""attributeIndex"":0,""attributeName"":""Glucose"",""originalValue"":112,""originalNormalizedValue"":0.3191634075837442,""newValue"":153,""newNormalizedValue"":0.6677435810236352},{""attributeIndex"":2,""attributeName"":""Insulin"",""originalValue"":94,""originalNormalizedValue"":0.11960735791470734,""newValue"":201,""newNormalizedValue"":0.34026231130908124},{""attributeIndex"":3,""attributeName"":""BMI"",""originalValue"":34.1,""originalNormalizedValue"":0.4811744872155094,""newValue"":36.34432,""newNormalizedValue"":0.5599999999999994}],""changedRawFeatureValues"":{""glucose"":153,""blood_pressure"":68,""insulin"":201,""bmi"":36.34432,""age"":26},""feedback"":null,""responseMs"":37234},{""domain"":""diabetes"",""direction"":""No Diabetes to Diabetes"",""caseNumberWithinDirection"":2,""casePoolPositionWithinDirection"":3,""instanceId"":160209,""explanation"":""none"",""originalPrediction"":{""value"":1,""label"":""No Diabetes""},""changes"":[{""attributeIndex"":0,""attributeName"":""Glucose"",""originalValue"":83,""originalNormalizedValue"":0.07260669954089442,""newValue"":157,""newNormalizedValue"":0.701751402822649},{""attributeIndex"":2,""attributeName"":""Insulin"",""originalValue"":71,""originalNormalizedValue"":0.07217685391404753,""newValue"":278,""newNormalizedValue"":0.49905138991998577}],""changedRawFeatureValues"":{""glucose"":157,""blood_pressure"":78,""insulin"":278,""bmi"":29.3,""age"":36},""feedback"":null,""responseMs"":36990},{""domain"":""diabetes"",""direction"":""No Diabetes to Diabetes"",""caseNumberWithinDirection"":3,""casePoolPositionWithinDirection"":5,""instanceId"":160208,""explanation"":""none"",""originalPrediction"":{""value"":1,""label"":""No Diabetes""},""changes"":[{""attributeIndex"":2,""attributeName"":""Insulin"",""originalValue"":75,""originalNormalizedValue"":0.08042563721851011,""newValue"":157,""newNormalizedValue"":0.24952569495999288},{""attributeIndex"":3,""attributeName"":""BMI"",""originalValue"":25.9,""originalNormalizedValue"":0.1931722393930877,""newValue"":36.62904,""newNormalizedValue"":0.5699999999999994}],""changedRawFeatureValues"":{""glucose"":126,""blood_pressure"":74,""insulin"":157,""bmi"":36.62904,""age"":39},""feedback"":null,""responseMs"":19751},{""domain"":""diabetes"",""direction"":""No Diabetes to Diabetes"",""caseNumberWithinDirection"":4,""casePoolPositionWithinDirection"":4,""instanceId"":160207,""explanation"":""none"",""originalPrediction"":{""value"":1,""label"":""No Diabetes""},""changes"":[{""attributeIndex"":0,""attributeName"":""Glucose"",""originalValue"":89,""originalNormalizedValue"":0.12361843223941507,""newValue"":131,""newNormalizedValue"":0.48070056112905957},{""attributeIndex"":2,""attributeName"":""Insulin"",""originalValue"":85,""originalNormalizedValue"":0.10104759547966655,""newValue"":249,""newNormalizedValue"":0.4392477109626321},{""attributeIndex"":3,""attributeName"":""BMI"",""originalValue"":30.4,""originalNormalizedValue"":0.3512222534419776,""newValue"":36.91376,""newNormalizedValue"":0.5799999999999994}],""changedRawFeatureValues"":{""glucose"":131,""blood_pressure"":74,""insulin"":249,""bmi"":36.91376,""age"":38},""feedback"":null,""responseMs"":11881},{""domain"":""diabetes"",""direction"":""No Diabetes to Diabetes"",""caseNumberWithinDirection"":5,""casePoolPositionWithinDirection"":6,""instanceId"":160215,""explanation"":""none"",""originalPrediction"":{""value"":1,""label"":""No Diabetes""},""changes"":[{""attributeIndex"":2,""attributeName"":""Insulin"",""originalValue"":106,""originalNormalizedValue"":0.14435370782809506,""newValue"":269,""newNormalizedValue"":0.480491627484945}],""changedRawFeatureValues"":{""glucose"":117,""blood_pressure"":60,""insulin"":269,""bmi"":33.8,""age"":27},""feedback"":null,""responseMs"":15814},{""domain"":""diabetes"",""direction"":""No Diabetes to Diabetes"",""caseNumberWithinDirection"":6,""casePoolPositionWithinDirection"":1,""instanceId"":160205,""explanation"":""none"",""originalPrediction"":{""value"":1,""label"":""No Diabetes""},""changes"":[{""attributeIndex"":2,""attributeName"":""Insulin"",""originalValue"":46,""originalNormalizedValue"":0.020621958261156436,""newValue"":240,""newNormalizedValue"":0.42068794852759134},{""attributeIndex"":3,""attributeName"":""BMI"",""originalValue"":19.5,""originalNormalizedValue"":-0.03161000280977794,""newValue"":31.7888,""newNormalizedValue"":0.39999999999999947}],""changedRawFeatureValues"":{""glucose"":100,""blood_pressure"":74,""insulin"":240,""bmi"":31.7888,""age"":28},""feedback"":null,""responseMs"":7241},{""domain"":""diabetes"",""direction"":""No Diabetes to Diabetes"",""caseNumberWithinDirection"":7,""casePoolPositionWithinDirection"":7,""instanceId"":160219,""explanation"":""none"",""originalPrediction"":{""value"":1,""label"":""No Diabetes""},""changes"":[{""attributeIndex"":2,""attributeName"":""Insulin"",""originalValue"":140,""originalNormalizedValue"":0.21446836591602694,""newValue"":215,""newNormalizedValue"":0.3691330528747002},{""attributeIndex"":3,""attributeName"":""BMI"",""originalValue"":28.6,""originalNormalizedValue"":0.28800224782242173,""newValue"":36.62904,""newNormalizedValue"":0.5699999999999994}],""changedRawFeatureValues"":{""glucose"":139,""blood_pressure"":64,""insulin"":215,""bmi"":36.62904,""age"":26},""feedback"":null,""responseMs"":13382},{""domain"":""diabetes"",""direction"":""No Diabetes to Diabetes"",""caseNumberWithinDirection"":8,""casePoolPositionWithinDirection"":10,""instanceId"":160218,""explanation"":""none"",""originalPrediction"":{""value"":1,""label"":""No Diabetes""},""changes"":[{""attributeIndex"":2,""attributeName"":""Insulin"",""originalValue"":193,""originalNormalizedValue"":0.3237647447001561,""newValue"":303,""newNormalizedValue"":0.5506062855728768},{""attributeIndex"":3,""attributeName"":""BMI"",""originalValue"":29.3,""originalNormalizedValue"":0.3125878055633602,""newValue"":34.92072,""newNormalizedValue"":0.5099999999999995}],""changedRawFeatureValues"":{""glucose"":154,""blood_pressure"":74,""insulin"":303,""bmi"":34.92072,""age"":39},""feedback"":null,""responseMs"":7881},{""domain"":""diabetes"",""direction"":""No Diabetes to Diabetes"",""caseNumberWithinDirection"":9,""casePoolPositionWithinDirection"":2,""instanceId"":160206,""explanation"":""none"",""originalPrediction"":{""value"":1,""label"":""No Diabetes""},""changes"":[{""attributeIndex"":0,""attributeName"":""Glucose"",""originalValue"":103,""originalNormalizedValue"":0.24264580853596324,""newValue"":130,""newNormalizedValue"":0.4721986056793061},{""attributeIndex"":2,""attributeName"":""Insulin"",""originalValue"":82,""originalNormalizedValue"":0.09486100800131961,""newValue"":245,""newNormalizedValue"":0.43099892765816955},{""attributeIndex"":3,""attributeName"":""BMI"",""originalValue"":19.4,""originalNormalizedValue"":-0.03512222534419776,""newValue"":32.07352,""newNormalizedValue"":0.4099999999999996}],""changedRawFeatureValues"":{""glucose"":130,""blood_pressure"":80,""insulin"":245,""bmi"":32.07352,""age"":22},""feedback"":null,""responseMs"":10948},{""domain"":""diabetes"",""direction"":""No Diabetes to Diabetes"",""caseNumberWithinDirection"":10,""casePoolPositionWithinDirection"":8,""instanceId"":160216,""explanation"":""none"",""originalPrediction"":{""value"":1,""label"":""No Diabetes""},""changes"":[{""attributeIndex"":2,""attributeName"":""Insulin"",""originalValue"":120,""originalNormalizedValue"":0.17322444939371406,""newValue"":283,""newNormalizedValue"":0.509362369050564}],""changedRawFeatureValues"":{""glucose"":151,""blood_pressure"":62,""insulin"":283,""bmi"":35.5,""age"":28},""feedback"":null,""responseMs"":7950},{""domain"":""diabetes"",""direction"":""Diabetes to No Diabetes"",""caseNumberWithinDirection"":1,""casePoolPositionWithinDirection"":10,""instanceId"":160214,""explanation"":""none"",""originalPrediction"":{""value"":0,""label"":""Diabetes""},""changes"":[{""attributeIndex"":3,""attributeName"":""BMI"",""originalValue"":29.9,""originalNormalizedValue"":0.33366114076987874,""newValue"":25.52496,""newNormalizedValue"":0.17999999999999983}],""changedRawFeatureValues"":{""glucose"":104,""blood_pressure"":74,""insulin"":156,""bmi"":25.52496,""age"":41},""feedback"":null,""responseMs"":13770},{""domain"":""diabetes"",""direction"":""Diabetes to No Diabetes"",""caseNumberWithinDirection"":2,""casePoolPositionWithinDirection"":5,""instanceId"":160204,""explanation"":""none"",""originalPrediction"":{""value"":0,""label"":""Diabetes""},""changes"":[{""attributeIndex"":0,""attributeName"":""Glucose"",""originalValue"":125,""originalNormalizedValue"":0.4296888284305389,""newValue"":105,""newNormalizedValue"":0.2596497194354701},{""attributeIndex"":3,""attributeName"":""BMI"",""originalValue"":28.9,""originalNormalizedValue"":0.298538915425681,""newValue"":25.24024,""newNormalizedValue"":0.16999999999999982}],""changedRawFeatureValues"":{""glucose"":105,""blood_pressure"":70,""insulin"":122,""bmi"":25.24024,""age"":45},""feedback"":null,""responseMs"":14338},{""domain"":""diabetes"",""direction"":""Diabetes to No Diabetes"",""caseNumberWithinDirection"":3,""casePoolPositionWithinDirection"":7,""instanceId"":160211,""explanation"":""none"",""originalPrediction"":{""value"":0,""label"":""Diabetes""},""changes"":[{""attributeIndex"":0,""attributeName"":""Glucose"",""originalValue"":145,""originalNormalizedValue"":0.5997279374256077,""newValue"":114,""newNormalizedValue"":0.33616731848325104},{""attributeIndex"":3,""attributeName"":""BMI"",""originalValue"":37.9,""originalNormalizedValue"":0.6146389435234608,""newValue"":26.66384,""newNormalizedValue"":0.21999999999999978}],""changedRawFeatureValues"":{""glucose"":114,""blood_pressure"":80,""insulin"":130,""bmi"":26.66384,""age"":40},""feedback"":null,""responseMs"":9500},{""domain"":""diabetes"",""direction"":""Diabetes to No Diabetes"",""caseNumberWithinDirection"":4,""casePoolPositionWithinDirection"":2,""instanceId"":160201,""explanation"":""none"",""originalPrediction"":{""value"":0,""label"":""Diabetes""},""changes"":[{""attributeIndex"":2,""attributeName"":""Insulin"",""originalValue"":200,""originalNormalizedValue"":0.3382001154829656,""newValue"":118,""newNormalizedValue"":0.1691000577414828},{""attributeIndex"":3,""attributeName"":""BMI"",""originalValue"":36.4,""originalNormalizedValue"":0.5619556055071642,""newValue"":26.94856,""newNormalizedValue"":0.22999999999999976}],""changedRawFeatureValues"":{""glucose"":187,""blood_pressure"":70,""insulin"":118,""bmi"":26.94856,""age"":36},""feedback"":null,""responseMs"":7799},{""domain"":""diabetes"",""direction"":""Diabetes to No Diabetes"",""caseNumberWithinDirection"":5,""casePoolPositionWithinDirection"":6,""instanceId"":160210,""explanation"":""none"",""originalPrediction"":{""value"":0,""label"":""Diabetes""},""changes"":[{""attributeIndex"":2,""attributeName"":""Insulin"",""originalValue"":215,""originalNormalizedValue"":0.3691330528747002,""newValue"":138,""newNormalizedValue"":0.21034397426379567},{""attributeIndex"":3,""attributeName"":""BMI"",""originalValue"":39.4,""originalNormalizedValue"":0.6673222815397575,""newValue"":26.37912,""newNormalizedValue"":0.2099999999999998}],""changedRawFeatureValues"":{""glucose"":100,""blood_pressure"":74,""insulin"":138,""bmi"":26.37912,""age"":43},""feedback"":null,""responseMs"":7670},{""domain"":""diabetes"",""direction"":""Diabetes to No Diabetes"",""caseNumberWithinDirection"":6,""casePoolPositionWithinDirection"":3,""instanceId"":160202,""explanation"":""none"",""originalPrediction"":{""value"":0,""label"":""Diabetes""},""changes"":[{""attributeIndex"":0,""attributeName"":""Glucose"",""originalValue"":125,""originalNormalizedValue"":0.4296888284305389,""newValue"":103,""newNormalizedValue"":0.24264580853596324},{""attributeIndex"":2,""attributeName"":""Insulin"",""originalValue"":115,""originalNormalizedValue"":0.16291347026313585,""newValue"":94,""newNormalizedValue"":0.11960735791470734}],""changedRawFeatureValues"":{""glucose"":103,""blood_pressure"":70,""insulin"":94,""bmi"":31.1,""age"":41},""feedback"":null,""responseMs"":8215},{""domain"":""diabetes"",""direction"":""Diabetes to No Diabetes"",""caseNumberWithinDirection"":7,""casePoolPositionWithinDirection"":8,""instanceId"":160212,""explanation"":""none"",""originalPrediction"":{""value"":0,""label"":""Diabetes""},""changes"":[{""attributeIndex"":2,""attributeName"":""Insulin"",""originalValue"":207,""originalNormalizedValue"":0.35263548626577507,""newValue"":143,""newNormalizedValue"":0.22065495339437388},{""attributeIndex"":3,""attributeName"":""BMI"",""originalValue"":37.1,""originalNormalizedValue"":0.5865411632481028,""newValue"":27.23328,""newNormalizedValue"":0.23999999999999977}],""changedRawFeatureValues"":{""glucose"":111,""blood_pressure"":72,""insulin"":143,""bmi"":27.23328,""age"":56},""feedback"":null,""responseMs"":9407},{""domain"":""diabetes"",""direction"":""Diabetes to No Diabetes"",""caseNumberWithinDirection"":8,""casePoolPositionWithinDirection"":1,""instanceId"":160200,""explanation"":""none"",""originalPrediction"":{""value"":0,""label"":""Diabetes""},""changes"":[{""attributeIndex"":0,""attributeName"":""Glucose"",""originalValue"":154,""originalNormalizedValue"":0.6762455364733887,""newValue"":104,""newNormalizedValue"":0.25114776398571664}],""changedRawFeatureValues"":{""glucose"":104,""blood_pressure"":72,""insulin"":126,""bmi"":31.3,""age"":37},""feedback"":null,""responseMs"":5564},{""domain"":""diabetes"",""direction"":""Diabetes to No Diabetes"",""caseNumberWithinDirection"":9,""casePoolPositionWithinDirection"":9,""instanceId"":160213,""explanation"":""none"",""originalPrediction"":{""value"":0,""label"":""Diabetes""},""changes"":[{""attributeIndex"":1,""attributeName"":""Blood Pressure"",""originalValue"":88,""originalNormalizedValue"":0.8695652173913043,""newValue"":76,""newNormalizedValue"":0.6086956521739131},{""attributeIndex"":3,""attributeName"":""BMI"",""originalValue"":34.5,""originalNormalizedValue"":0.4952233773531885,""newValue"":25.24024,""newNormalizedValue"":0.16999999999999982}],""changedRawFeatureValues"":{""glucose"":117,""blood_pressure"":76,""insulin"":145,""bmi"":25.24024,""age"":40},""feedback"":null,""responseMs"":9771},{""domain"":""diabetes"",""direction"":""Diabetes to No Diabetes"",""caseNumberWithinDirection"":10,""casePoolPositionWithinDirection"":4,""instanceId"":160203,""explanation"":""none"",""originalPrediction"":{""value"":0,""label"":""Diabetes""},""changes"":[{""attributeIndex"":0,""attributeName"":""Glucose"",""originalValue"":161,""originalNormalizedValue"":0.7357592246216628,""newValue"":109,""newNormalizedValue"":0.29365754123448384}],""changedRawFeatureValues"":{""glucose"":109,""blood_pressure"":68,""insulin"":132,""bmi"":25.5,""age"":47},""feedback"":null,""responseMs"":5985}]",1,69cc28cd29af8d640be609c5,1,1,diabetes
2026-08-30 05:26:37,2026-08-30 05:53:12,0,38.49.95.37,100,1594,1,2026-08-30 05:53:12,R_5cuU4NG0z68t0DW,,,,,43.1234,-77.7334,anonymous,EN,FL_EOS_ID,,1,1,1,,,,,,,,,,,"i think the AI used the set values of each attributes to decide if each person had diabetes or not. But i think the attributes that mattered most were the BMI, glucose and Blood Pressure. If these values were higher than the standard value, the AI would clasify it as diabetes. Higher values of glucose and BMI led to diabetes. and the range for Glucose was just  before the midway point","I focused mostly on the BMI and glucose levels because i knew that were the attributes the AI relied on more to make decisions. So I either increased or decreased this value slightly depending on the change i was trying  make.
But the age also affected some of my decisions because if the age was high, i would not reduce the BMI value by much.
I knew when i changd enough if the values were similar to those the AI would classify as diabetes",second,8,Emily,9,69,1,,5,1,,1,,Health care ,https://louth-bin.github.io/attribution-counterfactual-ui/iframe.html,counterfactuals,,"[{""domain"":""diabetes"",""caseNumber"":1,""casePoolPosition"":6,""trainingBlock"":""glucose_insulin"",""instanceId"":160105,""explanation"":""counterfactuals"",""selectedPrediction"":1,""correctPrediction"":1,""correct"":true,""responseMs"":57442},{""domain"":""diabetes"",""caseNumber"":2,""casePoolPosition"":4,""trainingBlock"":""glucose_insulin"",""instanceId"":160103,""explanation"":""counterfactuals"",""selectedPrediction"":0,""correctPrediction"":1,""correct"":false,""responseMs"":17330},{""domain"":""diabetes"",""caseNumber"":3,""casePoolPosition"":2,""trainingBlock"":""glucose_insulin"",""instanceId"":160101,""explanation"":""counterfactuals"",""selectedPrediction"":0,""correctPrediction"":0,""correct"":true,""responseMs"":19806},{""domain"":""diabetes"",""caseNumber"":4,""casePoolPosition"":5,""trainingBlock"":""glucose_insulin"",""instanceId"":160104,""explanation"":""counterfactuals"",""selectedPrediction"":1,""correctPrediction"":1,""correct"":true,""responseMs"":15302},{""domain"":""diabetes"",""caseNumber"":5,""casePoolPosition"":3,""trainingBlock"":""glucose_insulin"",""instanceId"":160102,""explanation"":""counterfactuals"",""selectedPrediction"":0,""correctPrediction"":0,""correct"":true,""responseMs"":14097},{""domain"":""diabetes"",""caseNumber"":6,""casePoolPosition"":1,""trainingBlock"":""glucose_insulin"",""instanceId"":160100,""explanation"":""counterfactuals"",""selectedPrediction"":0,""correctPrediction"":0,""correct"":true,""responseMs"":11338},{""domain"":""diabetes"",""caseNumber"":7,""casePoolPosition"":7,""trainingBlock"":""blood_pressure_age"",""instanceId"":160106,""explanation"":""counterfactuals"",""selectedPrediction"":0,""correctPrediction"":0,""correct"":true,""responseMs"":20733},{""domain"":""diabetes"",""caseNumber"":8,""casePoolPosition"":11,""trainingBlock"":""blood_pressure_age"",""instanceId"":160110,""explanation"":""counterfactuals"",""selectedPrediction"":0,""correctPrediction"":1,""correct"":false,""responseMs"":13769},{""domain"":""diabetes"",""caseNumber"":9,""casePoolPosition"":10,""trainingBlock"":""blood_pressure_age"",""instanceId"":160111,""explanation"":""counterfactuals"",""selectedPrediction"":1,""correctPrediction"":1,""correct"":true,""responseMs"":14826},{""domain"":""diabetes"",""caseNumber"":10,""casePoolPosition"":12,""trainingBlock"":""blood_pressure_age"",""instanceId"":160109,""explanation"":""counterfactuals"",""selectedPrediction"":0,""correctPrediction"":1,""correct"":false,""responseMs"":16439},{""domain"":""diabetes"",""caseNumber"":11,""casePoolPosition"":9,""trainingBlock"":""blood_pressure_age"",""instanceId"":160108,""explanation"":""counterfactuals"",""selectedPrediction"":0,""correctPrediction"":0,""correct"":true,""responseMs"":9126},{""domain"":""diabetes"",""caseNumber"":12,""casePoolPosition"":8,""trainingBlock"":""blood_pressure_age"",""instanceId"":160107,""explanation"":""counterfactuals"",""selectedPrediction"":1,""correctPrediction"":0,""correct"":false,""responseMs"":11134}]","[{""domain"":""diabetes"",""direction"":""No Diabetes to Diabetes"",""caseNumberWithinDirection"":1,""casePoolPositionWithinDirection"":9,""instanceId"":160217,""explanation"":""counterfactuals"",""originalPrediction"":{""value"":1,""label"":""No Diabetes""},""changes"":[{""attributeIndex"":0,""attributeName"":""Glucose"",""originalValue"":112,""originalNormalizedValue"":0.3191634075837442,""newValue"":130,""newNormalizedValue"":0.4721986056793061},{""attributeIndex"":1,""attributeName"":""Blood Pressure"",""originalValue"":68,""originalNormalizedValue"":0.43478260869565216,""newValue"":80,""newNormalizedValue"":0.6956521739130435}],""changedRawFeatureValues"":{""glucose"":130,""blood_pressure"":80,""insulin"":94,""bmi"":34.1,""age"":26},""feedback"":null,""responseMs"":61890},{""domain"":""diabetes"",""direction"":""No Diabetes to Diabetes"",""caseNumberWithinDirection"":2,""casePoolPositionWithinDirection"":4,""instanceId"":160207,""explanation"":""counterfactuals"",""originalPrediction"":{""value"":1,""label"":""No Diabetes""},""changes"":[{""attributeIndex"":0,""attributeName"":""Glucose"",""originalValue"":89,""originalNormalizedValue"":0.12361843223941507,""newValue"":117,""newNormalizedValue"":0.3616731848325114},{""attributeIndex"":3,""attributeName"":""BMI"",""originalValue"":30.4,""originalNormalizedValue"":0.3512222534419776,""newValue"":33.78184,""newNormalizedValue"":0.46999999999999953}],""changedRawFeatureValues"":{""glucose"":117,""blood_pressure"":74,""insulin"":85,""bmi"":33.78184,""age"":38},""feedback"":null,""responseMs"":24396},{""domain"":""diabetes"",""direction"":""No Diabetes to Diabetes"",""caseNumberWithinDirection"":3,""casePoolPositionWithinDirection"":8,""instanceId"":160216,""explanation"":""counterfactuals"",""originalPrediction"":{""value"":1,""label"":""No Diabetes""},""changes"":[{""attributeIndex"":1,""attributeName"":""Blood Pressure"",""originalValue"":62,""originalNormalizedValue"":0.30434782608695654,""newValue"":80,""newNormalizedValue"":0.6956521739130435},{""attributeIndex"":3,""attributeName"":""BMI"",""originalValue"":35.5,""originalNormalizedValue"":0.5303456026973863,""newValue"":38.62208,""newNormalizedValue"":0.6399999999999991}],""changedRawFeatureValues"":{""glucose"":151,""blood_pressure"":80,""insulin"":120,""bmi"":38.62208,""age"":28},""feedback"":null,""responseMs"":12627},{""domain"":""diabetes"",""direction"":""No Diabetes to Diabetes"",""caseNumberWithinDirection"":4,""casePoolPositionWithinDirection"":5,""instanceId"":160208,""explanation"":""counterfactuals"",""originalPrediction"":{""value"":1,""label"":""No Diabetes""},""changes"":[{""attributeIndex"":0,""attributeName"":""Glucose"",""originalValue"":126,""originalNormalizedValue"":0.43819078388029237,""newValue"":153,""newNormalizedValue"":0.6677435810236352},{""attributeIndex"":3,""attributeName"":""BMI"",""originalValue"":25.9,""originalNormalizedValue"":0.1931722393930877,""newValue"":30.93464,""newNormalizedValue"":0.3699999999999996}],""changedRawFeatureValues"":{""glucose"":153,""blood_pressure"":74,""insulin"":75,""bmi"":30.93464,""age"":39},""feedback"":null,""responseMs"":16054},{""domain"":""diabetes"",""direction"":""No Diabetes to Diabetes"",""caseNumberWithinDirection"":5,""casePoolPositionWithinDirection"":6,""instanceId"":160215,""explanation"":""counterfactuals"",""originalPrediction"":{""value"":1,""label"":""No Diabetes""},""changes"":[{""attributeIndex"":0,""attributeName"":""Glucose"",""originalValue"":117,""originalNormalizedValue"":0.3616731848325114,""newValue"":154,""newNormalizedValue"":0.6762455364733887},{""attributeIndex"":3,""attributeName"":""BMI"",""originalValue"":33.8,""originalNormalizedValue"":0.47063781961225,""newValue"":44.03176,""newNormalizedValue"":0.829999999999999}],""changedRawFeatureValues"":{""glucose"":154,""blood_pressure"":60,""insulin"":106,""bmi"":44.03176,""age"":27},""feedback"":null,""responseMs"":19265},{""domain"":""diabetes"",""direction"":""No Diabetes to Diabetes"",""caseNumberWithinDirection"":6,""casePoolPositionWithinDirection"":7,""instanceId"":160219,""explanation"":""counterfactuals"",""originalPrediction"":{""value"":1,""label"":""No Diabetes""},""changes"":[{""attributeIndex"":1,""attributeName"":""Blood Pressure"",""originalValue"":64,""originalNormalizedValue"":0.34782608695652173,""newValue"":86,""newNormalizedValue"":0.8260869565217391},{""attributeIndex"":3,""attributeName"":""BMI"",""originalValue"":28.6,""originalNormalizedValue"":0.28800224782242173,""newValue"":41.46928,""newNormalizedValue"":0.739999999999999}],""changedRawFeatureValues"":{""glucose"":139,""blood_pressure"":86,""insulin"":140,""bmi"":41.46928,""age"":26},""feedback"":null,""responseMs"":15434},{""domain"":""diabetes"",""direction"":""No Diabetes to Diabetes"",""caseNumberWithinDirection"":7,""casePoolPositionWithinDirection"":1,""instanceId"":160205,""explanation"":""counterfactuals"",""originalPrediction"":{""value"":1,""label"":""No Diabetes""},""changes"":[{""attributeIndex"":0,""attributeName"":""Glucose"",""originalValue"":100,""originalNormalizedValue"":0.2171399421867029,""newValue"":134,""newNormalizedValue"":0.5062064274783199},{""attributeIndex"":3,""attributeName"":""BMI"",""originalValue"":19.5,""originalNormalizedValue"":-0.03161000280977794,""newValue"":35.49016,""newNormalizedValue"":0.5299999999999995}],""changedRawFeatureValues"":{""glucose"":134,""blood_pressure"":74,""insulin"":46,""bmi"":35.49016,""age"":28},""feedback"":null,""responseMs"":9512},{""domain"":""diabetes"",""direction"":""No Diabetes to Diabetes"",""caseNumberWithinDirection"":8,""casePoolPositionWithinDirection"":3,""instanceId"":160209,""explanation"":""counterfactuals"",""originalPrediction"":{""value"":1,""label"":""No Diabetes""},""changes"":[{""attributeIndex"":0,""attributeName"":""Glucose"",""originalValue"":83,""originalNormalizedValue"":0.07260669954089442,""newValue"":112,""newNormalizedValue"":0.3191634075837442},{""attributeIndex"":2,""attributeName"":""Insulin"",""originalValue"":71,""originalNormalizedValue"":0.07217685391404753,""newValue"":65,""newNormalizedValue"":0.05980367895735367}],""changedRawFeatureValues"":{""glucose"":112,""blood_pressure"":78,""insulin"":65,""bmi"":29.3,""age"":36},""feedback"":null,""responseMs"":16925},{""domain"":""diabetes"",""direction"":""No Diabetes to Diabetes"",""caseNumberWithinDirection"":9,""casePoolPositionWithinDirection"":10,""instanceId"":160218,""explanation"":""counterfactuals"",""originalPrediction"":{""value"":1,""label"":""No Diabetes""},""changes"":[{""attributeIndex"":0,""attributeName"":""Glucose"",""originalValue"":154,""originalNormalizedValue"":0.6762455364733887,""newValue"":165,""newNormalizedValue"":0.7697670464206765},{""attributeIndex"":3,""attributeName"":""BMI"",""originalValue"":29.3,""originalNormalizedValue"":0.3125878055633602,""newValue"":40.3304,""newNormalizedValue"":0.6999999999999991}],""changedRawFeatureValues"":{""glucose"":165,""blood_pressure"":74,""insulin"":193,""bmi"":40.3304,""age"":39},""feedback"":null,""responseMs"":14082},{""domain"":""diabetes"",""direction"":""No Diabetes to Diabetes"",""caseNumberWithinDirection"":10,""casePoolPositionWithinDirection"":2,""instanceId"":160206,""explanation"":""counterfactuals"",""originalPrediction"":{""value"":1,""label"":""No Diabetes""},""changes"":[{""attributeIndex"":0,""attributeName"":""Glucose"",""originalValue"":103,""originalNormalizedValue"":0.24264580853596324,""newValue"":142,""newNormalizedValue"":0.5742220710763474},{""attributeIndex"":2,""attributeName"":""Insulin"",""originalValue"":82,""originalNormalizedValue"":0.09486100800131961,""newValue"":75,""newNormalizedValue"":0.08042563721851011},{""attributeIndex"":3,""attributeName"":""BMI"",""originalValue"":19.4,""originalNormalizedValue"":-0.03512222534419776,""newValue"":35.20544,""newNormalizedValue"":0.5199999999999995}],""changedRawFeatureValues"":{""glucose"":142,""blood_pressure"":80,""insulin"":75,""bmi"":35.20544,""age"":22},""feedback"":null,""responseMs"":11986},{""domain"":""diabetes"",""direction"":""Diabetes to No Diabetes"",""caseNumberWithinDirection"":1,""casePoolPositionWithinDirection"":9,""instanceId"":160213,""explanation"":""counterfactuals"",""originalPrediction"":{""value"":0,""label"":""Diabetes""},""changes"":[{""attributeIndex"":0,""attributeName"":""Glucose"",""originalValue"":117,""originalNormalizedValue"":0.3616731848325114,""newValue"":100,""newNormalizedValue"":0.2171399421867029},{""attributeIndex"":1,""attributeName"":""Blood Pressure"",""originalValue"":88,""originalNormalizedValue"":0.8695652173913043,""newValue"":75,""newNormalizedValue"":0.5869565217391305},{""attributeIndex"":3,""attributeName"":""BMI"",""originalValue"":34.5,""originalNormalizedValue"":0.4952233773531885,""newValue"":27.23328,""newNormalizedValue"":0.23999999999999977}],""changedRawFeatureValues"":{""glucose"":100,""blood_pressure"":75,""insulin"":145,""bmi"":27.23328,""age"":40},""feedback"":null,""responseMs"":17976},{""domain"":""diabetes"",""direction"":""Diabetes to No Diabetes"",""caseNumberWithinDirection"":2,""casePoolPositionWithinDirection"":4,""instanceId"":160203,""explanation"":""counterfactuals"",""originalPrediction"":{""value"":0,""label"":""Diabetes""},""changes"":[{""attributeIndex"":0,""attributeName"":""Glucose"",""originalValue"":161,""originalNormalizedValue"":0.7357592246216628,""newValue"":138,""newNormalizedValue"":0.5402142492773336},{""attributeIndex"":2,""attributeName"":""Insulin"",""originalValue"":132,""originalNormalizedValue"":0.1979707993071018,""newValue"":211,""newNormalizedValue"":0.36088426957023767}],""changedRawFeatureValues"":{""glucose"":138,""blood_pressure"":68,""insulin"":211,""bmi"":25.5,""age"":47},""feedback"":null,""responseMs"":14158},{""domain"":""diabetes"",""direction"":""Diabetes to No Diabetes"",""caseNumberWithinDirection"":3,""casePoolPositionWithinDirection"":5,""instanceId"":160204,""explanation"":""counterfactuals"",""originalPrediction"":{""value"":0,""label"":""Diabetes""},""changes"":[{""attributeIndex"":1,""attributeName"":""Blood Pressure"",""originalValue"":70,""originalNormalizedValue"":0.4782608695652174,""newValue"":69,""newNormalizedValue"":0.45652173913043476},{""attributeIndex"":2,""attributeName"":""Insulin"",""originalValue"":122,""originalNormalizedValue"":0.17734884104594537,""newValue"":172,""newNormalizedValue"":0.2804586323517276},{""attributeIndex"":3,""attributeName"":""BMI"",""originalValue"":28.9,""originalNormalizedValue"":0.298538915425681,""newValue"":25.80968,""newNormalizedValue"":0.1899999999999998}],""changedRawFeatureValues"":{""glucose"":125,""blood_pressure"":69,""insulin"":172,""bmi"":25.80968,""age"":45},""feedback"":null,""responseMs"":13308},{""domain"":""diabetes"",""direction"":""Diabetes to No Diabetes"",""caseNumberWithinDirection"":4,""casePoolPositionWithinDirection"":10,""instanceId"":160214,""explanation"":""counterfactuals"",""originalPrediction"":{""value"":0,""label"":""Diabetes""},""changes"":[{""attributeIndex"":1,""attributeName"":""Blood Pressure"",""originalValue"":74,""originalNormalizedValue"":0.5652173913043478,""newValue"":64,""newNormalizedValue"":0.34782608695652173},{""attributeIndex"":2,""attributeName"":""Insulin"",""originalValue"":156,""originalNormalizedValue"":0.24746349913387725,""newValue"":138,""newNormalizedValue"":0.21034397426379567},{""attributeIndex"":3,""attributeName"":""BMI"",""originalValue"":29.9,""originalNormalizedValue"":0.33366114076987874,""newValue"":32.92768,""newNormalizedValue"":0.43999999999999956}],""changedRawFeatureValues"":{""glucose"":104,""blood_pressure"":64,""insulin"":138,""bmi"":32.92768,""age"":41},""feedback"":null,""responseMs"":11390},{""domain"":""diabetes"",""direction"":""Diabetes to No Diabetes"",""caseNumberWithinDirection"":5,""casePoolPositionWithinDirection"":3,""instanceId"":160202,""explanation"":""counterfactuals"",""originalPrediction"":{""value"":0,""label"":""Diabetes""},""changes"":[{""attributeIndex"":0,""attributeName"":""Glucose"",""originalValue"":125,""originalNormalizedValue"":0.4296888284305389,""newValue"":149,""newNormalizedValue"":0.6337357592246214},{""attributeIndex"":3,""attributeName"":""BMI"",""originalValue"":31.1,""originalNormalizedValue"":0.3758078111829162,""newValue"":38.05264,""newNormalizedValue"":0.6199999999999991}],""changedRawFeatureValues"":{""glucose"":149,""blood_pressure"":70,""insulin"":115,""bmi"":38.05264,""age"":41},""feedback"":null,""responseMs"":15453},{""domain"":""diabetes"",""direction"":""Diabetes to No Diabetes"",""caseNumberWithinDirection"":6,""casePoolPositionWithinDirection"":2,""instanceId"":160201,""explanation"":""counterfactuals"",""originalPrediction"":{""value"":0,""label"":""Diabetes""},""changes"":[{""attributeIndex"":1,""attributeName"":""Blood Pressure"",""originalValue"":70,""originalNormalizedValue"":0.4782608695652174,""newValue"":81,""newNormalizedValue"":0.717391304347826}],""changedRawFeatureValues"":{""glucose"":187,""blood_pressure"":81,""insulin"":200,""bmi"":36.4,""age"":36},""feedback"":null,""responseMs"":9523},{""domain"":""diabetes"",""direction"":""Diabetes to No Diabetes"",""caseNumberWithinDirection"":7,""casePoolPositionWithinDirection"":6,""instanceId"":160210,""explanation"":""counterfactuals"",""originalPrediction"":{""value"":0,""label"":""Diabetes""},""changes"":[{""attributeIndex"":1,""attributeName"":""Blood Pressure"",""originalValue"":74,""originalNormalizedValue"":0.5652173913043478,""newValue"":62,""newNormalizedValue"":0.30434782608695654},{""attributeIndex"":3,""attributeName"":""BMI"",""originalValue"":39.4,""originalNormalizedValue"":0.6673222815397575,""newValue"":33.2124,""newNormalizedValue"":0.44999999999999957}],""changedRawFeatureValues"":{""glucose"":100,""blood_pressure"":62,""insulin"":215,""bmi"":33.2124,""age"":43},""feedback"":null,""responseMs"":12966},{""domain"":""diabetes"",""direction"":""Diabetes to No Diabetes"",""caseNumberWithinDirection"":8,""casePoolPositionWithinDirection"":8,""instanceId"":160212,""explanation"":""counterfactuals"",""originalPrediction"":{""value"":0,""label"":""Diabetes""},""changes"":[{""attributeIndex"":1,""attributeName"":""Blood Pressure"",""originalValue"":72,""originalNormalizedValue"":0.5217391304347826,""newValue"":58,""newNormalizedValue"":0.21739130434782608},{""attributeIndex"":3,""attributeName"":""BMI"",""originalValue"":37.1,""originalNormalizedValue"":0.5865411632481028,""newValue"":29.22632,""newNormalizedValue"":0.30999999999999966}],""changedRawFeatureValues"":{""glucose"":111,""blood_pressure"":58,""insulin"":207,""bmi"":29.22632,""age"":56},""feedback"":null,""responseMs"":7643},{""domain"":""diabetes"",""direction"":""Diabetes to No Diabetes"",""caseNumberWithinDirection"":9,""casePoolPositionWithinDirection"":7,""instanceId"":160211,""explanation"":""counterfactuals"",""originalPrediction"":{""value"":0,""label"":""Diabetes""},""changes"":[{""attributeIndex"":0,""attributeName"":""Glucose"",""originalValue"":145,""originalNormalizedValue"":0.5997279374256077,""newValue"":122,""newNormalizedValue"":0.4041829620812786},{""attributeIndex"":1,""attributeName"":""Blood Pressure"",""originalValue"":80,""originalNormalizedValue"":0.6956521739130435,""newValue"":64,""newNormalizedValue"":0.34782608695652173},{""attributeIndex"":3,""attributeName"":""BMI"",""originalValue"":37.9,""originalNormalizedValue"":0.6146389435234608,""newValue"":35.77488,""newNormalizedValue"":0.5399999999999995}],""changedRawFeatureValues"":{""glucose"":122,""blood_pressure"":64,""insulin"":130,""bmi"":35.77488,""age"":40},""feedback"":null,""responseMs"":14212},{""domain"":""diabetes"",""direction"":""Diabetes to No Diabetes"",""caseNumberWithinDirection"":10,""casePoolPositionWithinDirection"":1,""instanceId"":160200,""explanation"":""counterfactuals"",""originalPrediction"":{""value"":0,""label"":""Diabetes""},""changes"":[{""attributeIndex"":0,""attributeName"":""Glucose"",""originalValue"":154,""originalNormalizedValue"":0.6762455364733887,""newValue"":112,""newNormalizedValue"":0.3191634075837442},{""attributeIndex"":1,""attributeName"":""Blood Pressure"",""originalValue"":72,""originalNormalizedValue"":0.5217391304347826,""newValue"":69,""newNormalizedValue"":0.45652173913043476},{""attributeIndex"":3,""attributeName"":""BMI"",""originalValue"":31.3,""originalNormalizedValue"":0.3828322562517557,""newValue"":29.22632,""newNormalizedValue"":0.30999999999999966}],""changedRawFeatureValues"":{""glucose"":112,""blood_pressure"":69,""insulin"":126,""bmi"":29.22632,""age"":37},""feedback"":null,""responseMs"":14518}]",1,6a05c25ead6b7343a252f2b6,1,1,diabetes
