participant,domain,xai,trial_order,instance_id,participant_response,ai_label,participant_correct,mental_model,predicted_response,response_probability,negative_log_likelihood,brier_score,predicted_participant_response,evidence,memory_instances_before,memory_changes_before,feature_relevance_before
R_15E5kn5aqWV9Myt,diabetes,attribution,1,120102,Diabetes,No Diabetes,0,attribution,Diabetes,0.5,0.6931471805599453,0.25,1,0.0,0,0,"{""age"":0.2,""blood_pressure"":0.2,""bmi"":0.2,""glucose"":0.2,""insulin"":0.2}"
R_15E5kn5aqWV9Myt,diabetes,attribution,1,120102,Diabetes,No Diabetes,0,exemplar,Diabetes,0.5,0.6931471805599453,0.25,1,0.0,0,0,"{""age"":0.2,""blood_pressure"":0.2,""bmi"":0.2,""glucose"":0.2,""insulin"":0.2}"
R_15E5kn5aqWV9Myt,diabetes,attribution,1,120102,Diabetes,No Diabetes,0,prototype,Diabetes,0.5,0.6931471805599453,0.25,1,0.0,0,0,"{""age"":0.2,""blood_pressure"":0.2,""bmi"":0.2,""glucose"":0.2,""insulin"":0.2}"
R_15E5kn5aqWV9Myt,diabetes,attribution,2,120109,No Diabetes,Diabetes,0,attribution,No Diabetes,0.6666666666666666,0.40546510810816444,0.11111111111111113,1,0.3333333333333333,1,0,"{""age"":0.3427410569252404,""blood_pressure"":0.0,""bmi"":0.0,""glucose"":0.6572589430747596,""insulin"":0.0}"
R_15E5kn5aqWV9Myt,diabetes,attribution,2,120109,No Diabetes,Diabetes,0,exemplar,No Diabetes,0.6580904394828264,0.4184129110791264,0.11690214757304679,1,0.31618087896565283,1,0,"{""age"":0.3427410569252404,""blood_pressure"":0.0,""bmi"":0.0,""glucose"":0.6572589430747596,""insulin"":0.0}"
R_15E5kn5aqWV9Myt,diabetes,attribution,2,120109,No Diabetes,Diabetes,0,prototype,No Diabetes,0.6666666666666666,0.40546510810816444,0.11111111111111113,1,0.3333333333333333,1,0,"{""age"":0.3427410569252404,""blood_pressure"":0.0,""bmi"":0.0,""glucose"":0.6572589430747596,""insulin"":0.0}"
R_15E5kn5aqWV9Myt,diabetes,attribution,3,120100,Diabetes,Diabetes,1,attribution,No Diabetes,0.4189211262554142,0.8700726196070778,0.33765265751227624,0,0.32720384341714714,2,0,"{""age"":0.1713705284626202,""blood_pressure"":0.2655129431882848,""bmi"":0.0,""glucose"":0.3286294715373798,""insulin"":0.23448705681171522}"
R_15E5kn5aqWV9Myt,diabetes,attribution,3,120100,Diabetes,Diabetes,1,exemplar,No Diabetes,0.4895896978079906,0.7141875900642507,0.2605186765837383,0,0.020820604384018726,2,0,"{""age"":0.1713705284626202,""blood_pressure"":0.2655129431882848,""bmi"":0.0,""glucose"":0.3286294715373798,""insulin"":0.23448705681171522}"
R_15E5kn5aqWV9Myt,diabetes,attribution,3,120100,Diabetes,Diabetes,1,prototype,No Diabetes,0.4730214013218817,0.74861464559013,0.2777064434647533,0,0.10801930460581793,2,0,"{""age"":0.1713705284626202,""blood_pressure"":0.2655129431882848,""bmi"":0.0,""glucose"":0.3286294715373798,""insulin"":0.23448705681171522}"
R_15E5kn5aqWV9Myt,diabetes,attribution,4,120104,No Diabetes,Diabetes,0,attribution,No Diabetes,0.5506851485591597,0.5965920513737755,0.20188383572530436,1,0.20343935745837402,3,0,"{""age"":0.11424701897508012,""blood_pressure"":0.17700862879218984,""bmi"":0.0,""glucose"":0.48013296146005646,""insulin"":0.22861139077267353}"
R_15E5kn5aqWV9Myt,diabetes,attribution,4,120104,No Diabetes,Diabetes,0,exemplar,Diabetes,0.4292830955442248,0.8456386813165081,0.3257177850315824,0,-0.1414338089115505,3,0,"{""age"":0.11424701897508012,""blood_pressure"":0.17700862879218984,""bmi"":0.0,""glucose"":0.48013296146005646,""insulin"":0.22861139077267353}"
R_15E5kn5aqWV9Myt,diabetes,attribution,4,120104,No Diabetes,Diabetes,0,prototype,No Diabetes,0.5071087945877186,0.6790297134253805,0.24294174037277175,1,0.028437094544102343,3,0,"{""age"":0.11424701897508012,""blood_pressure"":0.17700862879218984,""bmi"":0.0,""glucose"":0.48013296146005646,""insulin"":0.22861139077267353}"
R_15E5kn5aqWV9Myt,diabetes,attribution,5,120108,Diabetes,Diabetes,1,attribution,No Diabetes,0.49191252516183537,0.709454372683638,0.2581528820874226,0,0.03235272101951721,4,0,"{""age"":0.08568526423131011,""blood_pressure"":0.13275647159414242,""bmi"":0.12607050008873638,""glucose"":0.3600997210950424,""insulin"":0.2953880429907689}"
R_15E5kn5aqWV9Myt,diabetes,attribution,5,120108,Diabetes,Diabetes,1,exemplar,Diabetes,0.640577345749724,0.4453854065446053,0.12918464438831334,1,-0.28115469149944816,4,0,"{""age"":0.08568526423131011,""blood_pressure"":0.13275647159414242,""bmi"":0.12607050008873638,""glucose"":0.3600997210950424,""insulin"":0.2953880429907689}"
R_15E5kn5aqWV9Myt,diabetes,attribution,5,120108,Diabetes,Diabetes,1,prototype,Diabetes,0.5263165262867484,0.6418524862285527,0.22437603326905275,1,-0.10536347109712453,4,0,"{""age"":0.08568526423131011,""blood_pressure"":0.13275647159414242,""bmi"":0.12607050008873638,""glucose"":0.3600997210950424,""insulin"":0.2953880429907689}"
R_15E5kn5aqWV9Myt,diabetes,attribution,6,120110,Diabetes,No Diabetes,0,attribution,Diabetes,0.5137839727427466,0.6659523883648053,0.2364060251618262,1,-0.05514986494860512,5,0,"{""age"":0.06854821138504809,""blood_pressure"":0.246727567072159,""bmi"":0.16033401027414404,""glucose"":0.2880797768760339,""insulin"":0.2363104343926151}"
R_15E5kn5aqWV9Myt,diabetes,attribution,6,120110,Diabetes,No Diabetes,0,exemplar,Diabetes,0.6870698967942025,0.375319249876641,0.09792524949239104,1,-0.37413979358840505,5,0,"{""age"":0.06854821138504809,""blood_pressure"":0.246727567072159,""bmi"":0.16033401027414404,""glucose"":0.2880797768760339,""insulin"":0.2363104343926151}"
R_15E5kn5aqWV9Myt,diabetes,attribution,6,120110,Diabetes,No Diabetes,0,prototype,Diabetes,0.5303077677762967,0.6342977470558988,0.2206107930112852,1,-0.12137987676965262,5,0,"{""age"":0.06854821138504809,""blood_pressure"":0.246727567072159,""bmi"":0.16033401027414404,""glucose"":0.2880797768760339,""insulin"":0.2363104343926151}"
R_15E5kn5aqWV9Myt,diabetes,attribution,7,120101,Diabetes,Diabetes,1,attribution,Diabetes,0.5032031292673473,0.6867613548804505,0.246807130769756,1,-0.012812692349573133,6,0,"{""age"":0.05712350948754006,""blood_pressure"":0.2724938602758947,""bmi"":0.13361167522845335,""glucose"":0.24006648073002823,""insulin"":0.29670447427808366}"
R_15E5kn5aqWV9Myt,diabetes,attribution,7,120101,Diabetes,Diabetes,1,exemplar,Diabetes,0.5998308566220735,0.5111075691387297,0.16013534331182355,1,-0.1996617132441469,6,0,"{""age"":0.05712350948754006,""blood_pressure"":0.2724938602758947,""bmi"":0.13361167522845335,""glucose"":0.24006648073002823,""insulin"":0.29670447427808366}"
R_15E5kn5aqWV9Myt,diabetes,attribution,7,120101,Diabetes,Diabetes,1,prototype,Diabetes,0.513552904159196,0.6664022283202129,0.23663077705195232,1,-0.054224899366636214,6,0,"{""age"":0.05712350948754006,""blood_pressure"":0.2724938602758947,""bmi"":0.13361167522845335,""glucose"":0.24006648073002823,""insulin"":0.29670447427808366}"
R_15E5kn5aqWV9Myt,diabetes,attribution,8,120106,No Diabetes,No Diabetes,1,attribution,No Diabetes,0.5109005804539803,0.6715802665059238,0.23921824220025334,1,0.04360923171136504,7,0,"{""age"":0.048963008132177195,""blood_pressure"":0.2864733909622741,""bmi"":0.11452429305296001,""glucose"":0.29572118704280265,""insulin"":0.254318120809786}"
R_15E5kn5aqWV9Myt,diabetes,attribution,8,120106,No Diabetes,No Diabetes,1,exemplar,Diabetes,0.3597005273014969,1.0224834623336299,0.4099834147379812,0,-0.2805989453970063,7,0,"{""age"":0.048963008132177195,""blood_pressure"":0.2864733909622741,""bmi"":0.11452429305296001,""glucose"":0.29572118704280265,""insulin"":0.254318120809786}"
R_15E5kn5aqWV9Myt,diabetes,attribution,8,120106,No Diabetes,No Diabetes,1,prototype,Diabetes,0.49045270185551954,0.7124264330553532,0.25963844904634004,0,-0.03819383489932146,7,0,"{""age"":0.048963008132177195,""blood_pressure"":0.2864733909622741,""bmi"":0.11452429305296001,""glucose"":0.29572118704280265,""insulin"":0.254318120809786}"
R_15E5kn5aqWV9Myt,diabetes,attribution,9,120103,No Diabetes,No Diabetes,1,attribution,No Diabetes,0.5328651961973515,0.629486802006703,0.2182149249237389,1,0.13165060185424743,8,0,"{""age"":0.04284263211565505,""blood_pressure"":0.2965484820951697,""bmi"":0.17932449141816012,""glucose"":0.25875603866245234,""insulin"":0.22252835570856275}"
R_15E5kn5aqWV9Myt,diabetes,attribution,9,120103,No Diabetes,No Diabetes,1,exemplar,Diabetes,0.40564966439641387,0.9022653874644329,0.3532523214320955,0,-0.18870067120717232,8,0,"{""age"":0.04284263211565505,""blood_pressure"":0.2965484820951697,""bmi"":0.17932449141816012,""glucose"":0.25875603866245234,""insulin"":0.22252835570856275}"
R_15E5kn5aqWV9Myt,diabetes,attribution,9,120103,No Diabetes,No Diabetes,1,prototype,Diabetes,0.4622081245486309,0.7717400033027716,0.2892201013015009,0,-0.15145636103379168,8,0,"{""age"":0.04284263211565505,""blood_pressure"":0.2965484820951697,""bmi"":0.17932449141816012,""glucose"":0.25875603866245234,""insulin"":0.22252835570856275}"
R_15E5kn5aqWV9Myt,diabetes,attribution,10,120107,Diabetes,No Diabetes,0,attribution,Diabetes,0.5192228722941086,0.6554220616078051,0.23114664652512704,1,-0.07692940661206654,9,0,"{""age"":0.07992789957705398,""blood_pressure"":0.263598650751262,""bmi"":0.15939954792725344,""glucose"":0.2992709188923748,""insulin"":0.19780298285205578}"
R_15E5kn5aqWV9Myt,diabetes,attribution,10,120107,Diabetes,No Diabetes,0,exemplar,Diabetes,0.5402177049207262,0.6157830634092655,0.21139975886836432,1,-0.08043540984145248,9,0,"{""age"":0.07992789957705398,""blood_pressure"":0.263598650751262,""bmi"":0.15939954792725344,""glucose"":0.2992709188923748,""insulin"":0.19780298285205578}"
R_15E5kn5aqWV9Myt,diabetes,attribution,10,120107,Diabetes,No Diabetes,0,prototype,Diabetes,0.5274212726049443,0.6397556710167959,0.22333065358633042,1,-0.10979525608540378,9,0,"{""age"":0.07992789957705398,""blood_pressure"":0.263598650751262,""bmi"":0.15939954792725344,""glucose"":0.2992709188923748,""insulin"":0.19780298285205578}"
R_15E5kn5aqWV9Myt,diabetes,attribution,11,120111,Diabetes,No Diabetes,0,attribution,Diabetes,0.5485495917891632,0.6004775898823208,0.2038074710737312,1,-0.19481216012514682,10,0,"{""age"":0.10041954671131156,""blood_pressure"":0.23723878567613577,""bmi"":0.2149751560425651,""glucose"":0.2693438270031373,""insulin"":0.1780226845668502}"
R_15E5kn5aqWV9Myt,diabetes,attribution,11,120111,Diabetes,No Diabetes,0,exemplar,Diabetes,0.5001143451926959,0.6929185163202135,0.24988566788212715,1,-0.00022869038539186093,10,0,"{""age"":0.10041954671131156,""blood_pressure"":0.23723878567613577,""bmi"":0.2149751560425651,""glucose"":0.2693438270031373,""insulin"":0.1780226845668502}"
R_15E5kn5aqWV9Myt,diabetes,attribution,11,120111,Diabetes,No Diabetes,0,prototype,Diabetes,0.5264339624268116,0.6416293827642289,0.22426479194277046,1,-0.10583452642474472,10,0,"{""age"":0.10041954671131156,""blood_pressure"":0.23723878567613577,""bmi"":0.2149751560425651,""glucose"":0.2693438270031373,""insulin"":0.1780226845668502}"
R_15E5kn5aqWV9Myt,diabetes,attribution,12,120105,No Diabetes,Diabetes,0,attribution,No Diabetes,0.5087794328189088,0.6757406906920642,0.24129764562171294,1,0.03512134103670882,11,0,"{""age"":0.09129049701028324,""blood_pressure"":0.2717775098032701,""bmi"":0.23023516448645795,""glucose"":0.24485802454830666,""insulin"":0.161838804151682}"
R_15E5kn5aqWV9Myt,diabetes,attribution,12,120105,No Diabetes,Diabetes,0,exemplar,No Diabetes,0.5411333253815834,0.6140895880177938,0.2105586250753638,1,0.08226665076316675,11,0,"{""age"":0.09129049701028324,""blood_pressure"":0.2717775098032701,""bmi"":0.23023516448645795,""glucose"":0.24485802454830666,""insulin"":0.161838804151682}"
R_15E5kn5aqWV9Myt,diabetes,attribution,12,120105,No Diabetes,Diabetes,0,prototype,Diabetes,0.49095541025414163,0.7114019694578217,0.25912639434952933,0,-0.03618230583344241,11,0,"{""age"":0.09129049701028324,""blood_pressure"":0.2717775098032701,""bmi"":0.23023516448645795,""glucose"":0.24485802454830666,""insulin"":0.161838804151682}"
R_1VV8BqOrYdNpSHT,diabetes,attribution,1,120104,No Diabetes,Diabetes,0,attribution,Diabetes,0.5,0.6931471805599453,0.25,0,0.0,0,0,"{""age"":0.2,""blood_pressure"":0.2,""bmi"":0.2,""glucose"":0.2,""insulin"":0.2}"
R_1VV8BqOrYdNpSHT,diabetes,attribution,1,120104,No Diabetes,Diabetes,0,exemplar,Diabetes,0.5,0.6931471805599453,0.25,0,0.0,0,0,"{""age"":0.2,""blood_pressure"":0.2,""bmi"":0.2,""glucose"":0.2,""insulin"":0.2}"
R_1VV8BqOrYdNpSHT,diabetes,attribution,1,120104,No Diabetes,Diabetes,0,prototype,Diabetes,0.5,0.6931471805599453,0.25,0,0.0,0,0,"{""age"":0.2,""blood_pressure"":0.2,""bmi"":0.2,""glucose"":0.2,""insulin"":0.2}"
R_1VV8BqOrYdNpSHT,diabetes,attribution,2,120105,Diabetes,Diabetes,1,attribution,Diabetes,0.6666666666666666,0.40546510810816444,0.1111111111111111,1,-0.3333333333333333,1,0,"{""age"":0.0,""blood_pressure"":0.0,""bmi"":0.5042820003549454,""glucose"":0.0,""insulin"":0.4957179996450546}"
R_1VV8BqOrYdNpSHT,diabetes,attribution,2,120105,Diabetes,Diabetes,1,exemplar,Diabetes,0.6395776373506848,0.4469472621253123,0.1299042794977145,1,-0.27915527470136964,1,0,"{""age"":0.0,""blood_pressure"":0.0,""bmi"":0.5042820003549454,""glucose"":0.0,""insulin"":0.4957179996450546}"
R_1VV8BqOrYdNpSHT,diabetes,attribution,2,120105,Diabetes,Diabetes,1,prototype,Diabetes,0.6666666666666666,0.40546510810816444,0.1111111111111111,1,-0.3333333333333333,1,0,"{""age"":0.0,""blood_pressure"":0.0,""bmi"":0.5042820003549454,""glucose"":0.0,""insulin"":0.4957179996450546}"
R_1VV8BqOrYdNpSHT,diabetes,attribution,3,120109,No Diabetes,Diabetes,0,attribution,No Diabetes,0.5558904338184988,0.587184065628239,0.1972333067739212,1,0.22449991068549197,2,0,"{""age"":0.2892789779590981,""blood_pressure"":0.0,""bmi"":0.4628620222183746,""glucose"":0.0,""insulin"":0.2478589998225273}"
R_1VV8BqOrYdNpSHT,diabetes,attribution,3,120109,No Diabetes,Diabetes,0,exemplar,Diabetes,0.28468136702284996,1.256384734599515,0.5116807466842986,0,-0.4306372659543001,2,0,"{""age"":0.2892789779590981,""blood_pressure"":0.0,""bmi"":0.4628620222183746,""glucose"":0.0,""insulin"":0.2478589998225273}"
R_1VV8BqOrYdNpSHT,diabetes,attribution,3,120109,No Diabetes,Diabetes,0,prototype,Diabetes,0.25,1.3862943611198906,0.5625,0,-0.5,2,0,"{""age"":0.2892789779590981,""blood_pressure"":0.0,""bmi"":0.4628620222183746,""glucose"":0.0,""insulin"":0.2478589998225273}"
R_1VV8BqOrYdNpSHT,diabetes,attribution,4,120106,Diabetes,No Diabetes,0,attribution,Diabetes,0.5046723475768806,0.6838458769588502,0.24534948325499856,1,-0.018689934342610477,3,0,"{""age"":0.19285265197273208,""blood_pressure"":0.17700862879218984,""bmi"":0.30857468147891637,""glucose"":0.0,""insulin"":0.32156403775616166}"
R_1VV8BqOrYdNpSHT,diabetes,attribution,4,120106,Diabetes,No Diabetes,0,exemplar,Diabetes,0.7729423212130493,0.2575508499793995,0.05155518949611814,1,-0.5458846424260985,3,0,"{""age"":0.19285265197273208,""blood_pressure"":0.17700862879218984,""bmi"":0.30857468147891637,""glucose"":0.0,""insulin"":0.32156403775616166}"
R_1VV8BqOrYdNpSHT,diabetes,attribution,4,120106,Diabetes,No Diabetes,0,prototype,Diabetes,0.8,0.2231435513142097,0.04000000000000001,1,-0.6000000000000001,3,0,"{""age"":0.19285265197273208,""blood_pressure"":0.17700862879218984,""bmi"":0.30857468147891637,""glucose"":0.0,""insulin"":0.32156403775616166}"
R_1VV8BqOrYdNpSHT,diabetes,attribution,5,120111,Diabetes,No Diabetes,0,attribution,No Diabetes,0.4991751299264785,0.6947982830267866,0.25082555048415967,0,0.0032994832874263906,4,0,"{""age"":0.14463948897954906,""blood_pressure"":0.22452500160050218,""bmi"":0.38966248110282753,""glucose"":0.0,""insulin"":0.24117302831712126}"
R_1VV8BqOrYdNpSHT,diabetes,attribution,5,120111,Diabetes,No Diabetes,0,exemplar,Diabetes,0.6540292278933336,0.4246032375551499,0.11969577515208285,1,-0.3080584557866673,4,0,"{""age"":0.14463948897954906,""blood_pressure"":0.22452500160050218,""bmi"":0.38966248110282753,""glucose"":0.0,""insulin"":0.24117302831712126}"
R_1VV8BqOrYdNpSHT,diabetes,attribution,5,120111,Diabetes,No Diabetes,0,prototype,Diabetes,0.5362307573650882,0.623190693085213,0.2150819104141598,1,-0.14517747928374197,4,0,"{""age"":0.14463948897954906,""blood_pressure"":0.22452500160050218,""bmi"":0.38966248110282753,""glucose"":0.0,""insulin"":0.24117302831712126}"
R_1VV8BqOrYdNpSHT,diabetes,attribution,6,120100,Diabetes,Diabetes,1,attribution,Diabetes,0.5386007706643519,0.6187806677398028,0.21288924883153007,1,-0.1547109357779203,5,0,"{""age"":0.11571159118363925,""blood_pressure"":0.30305295149532446,""bmi"":0.3882970346673393,""glucose"":0.0,""insulin"":0.192938422653697}"
R_1VV8BqOrYdNpSHT,diabetes,attribution,6,120100,Diabetes,Diabetes,1,exemplar,Diabetes,0.5578371510773308,0.5836882031429944,0.19550798496741115,1,-0.11567430215466162,5,0,"{""age"":0.11571159118363925,""blood_pressure"":0.30305295149532446,""bmi"":0.3882970346673393,""glucose"":0.0,""insulin"":0.192938422653697}"
R_1VV8BqOrYdNpSHT,diabetes,attribution,6,120100,Diabetes,Diabetes,1,prototype,Diabetes,0.508498631848757,0.6762927540600584,0.24157359489454372,1,-0.03399780171463604,5,0,"{""age"":0.11571159118363925,""blood_pressure"":0.30305295149532446,""bmi"":0.3882970346673393,""glucose"":0.0,""insulin"":0.192938422653697}"
R_1VV8BqOrYdNpSHT,diabetes,attribution,7,120103,No Diabetes,No Diabetes,1,attribution,No Diabetes,0.5248078749183522,0.6447230359039555,0.22580755573961236,1,0.09931304696493949,6,0,"{""age"":0.09642632598636604,""blood_pressure"":0.25254412624610373,""bmi"":0.32358086222278276,""glucose"":0.13052332355090163,""insulin"":0.1969253619938459}"
R_1VV8BqOrYdNpSHT,diabetes,attribution,7,120103,No Diabetes,No Diabetes,1,exemplar,Diabetes,0.3799825176132704,0.9676300336008944,0.38442167846517855,0,-0.2400349647734592,6,0,"{""age"":0.09642632598636604,""blood_pressure"":0.25254412624610373,""bmi"":0.32358086222278276,""glucose"":0.13052332355090163,""insulin"":0.1969253619938459}"
R_1VV8BqOrYdNpSHT,diabetes,attribution,7,120103,No Diabetes,No Diabetes,1,prototype,Diabetes,0.46478802784766915,0.7661738314188777,0.2864518551351874,0,-0.14108143049296296,6,0,"{""age"":0.09642632598636604,""blood_pressure"":0.25254412624610373,""bmi"":0.32358086222278276,""glucose"":0.13052332355090163,""insulin"":0.1969253619938459}"
R_1VV8BqOrYdNpSHT,diabetes,attribution,8,120107,No Diabetes,No Diabetes,1,attribution,Diabetes,0.4704856969327987,0.7539897201365334,0.28038539715274396,0,-0.11819461823367562,7,0,"{""age"":0.13645257074092024,""blood_pressure"":0.2164663939252317,""bmi"":0.27735502476238516,""glucose"":0.20093284314816626,""insulin"":0.16879316742329645}"
R_1VV8BqOrYdNpSHT,diabetes,attribution,8,120107,No Diabetes,No Diabetes,1,exemplar,Diabetes,0.4492223576789013,0.8002372851416153,0.30335601128078815,0,-0.10155528464219732,7,0,"{""age"":0.13645257074092024,""blood_pressure"":0.2164663939252317,""bmi"":0.27735502476238516,""glucose"":0.20093284314816626,""insulin"":0.16879316742329645}"
R_1VV8BqOrYdNpSHT,diabetes,attribution,8,120107,No Diabetes,No Diabetes,1,prototype,Diabetes,0.48891458585903264,0.7155674758089516,0.26120830054764405,0,-0.044348924023150965,7,0,"{""age"":0.13645257074092024,""blood_pressure"":0.2164663939252317,""bmi"":0.27735502476238516,""glucose"":0.20093284314816626,""insulin"":0.16879316742329645}"
R_1VV8BqOrYdNpSHT,diabetes,attribution,9,120101,Diabetes,Diabetes,1,attribution,Diabetes,0.5248747252163616,0.6445956634999713,0.2257440267382279,1,-0.09958110983324463,8,0,"{""age"":0.15500154576325895,""blood_pressure"":0.18940809468457778,""bmi"":0.3320801003021333,""glucose"":0.17581623775464553,""insulin"":0.1476940214953844}"
R_1VV8BqOrYdNpSHT,diabetes,attribution,9,120101,Diabetes,Diabetes,1,exemplar,No Diabetes,0.48868832335785034,0.7160303682637289,0.26143963067060627,0,0.022623353284299375,8,0,"{""age"":0.15500154576325895,""blood_pressure"":0.18940809468457778,""bmi"":0.3320801003021333,""glucose"":0.17581623775464553,""insulin"":0.1476940214953844}"
R_1VV8BqOrYdNpSHT,diabetes,attribution,9,120101,Diabetes,Diabetes,1,prototype,No Diabetes,0.4985505156391294,0.696050359430206,0.251451585365783,0,0.005797953685557723,8,0,"{""age"":0.15500154576325895,""blood_pressure"":0.18940809468457778,""bmi"":0.3320801003021333,""glucose"":0.17581623775464553,""insulin"":0.1476940214953844}"
R_1VV8BqOrYdNpSHT,diabetes,attribution,10,120108,No Diabetes,Diabetes,0,attribution,Diabetes,0.4809493593553687,0.7319932964243857,0.26941356755360224,0,-0.07623946934455293,9,0,"{""age"":0.13777915178956351,""blood_pressure"":0.20951281472857478,""bmi"":0.29518231137967404,""glucose"":0.22624214743962373,""insulin"":0.1312835746625639}"
R_1VV8BqOrYdNpSHT,diabetes,attribution,10,120108,No Diabetes,Diabetes,0,exemplar,Diabetes,0.4629905846364293,0.7700485606611414,0.28837911218912404,0,-0.07401883072714144,9,0,"{""age"":0.13777915178956351,""blood_pressure"":0.20951281472857478,""bmi"":0.29518231137967404,""glucose"":0.22624214743962373,""insulin"":0.1312835746625639}"
R_1VV8BqOrYdNpSHT,diabetes,attribution,10,120108,No Diabetes,Diabetes,0,prototype,No Diabetes,0.505487059948207,0.6822328393691262,0.24454304787866823,1,0.021949120941571698,9,0,"{""age"":0.13777915178956351,""blood_pressure"":0.20951281472857478,""bmi"":0.29518231137967404,""glucose"":0.22624214743962373,""insulin"":0.1312835746625639}"
R_1VV8BqOrYdNpSHT,diabetes,attribution,11,120110,No Diabetes,No Diabetes,1,attribution,Diabetes,0.48793782089412585,0.7175672974476853,0.26220767527065636,0,-0.04825807969754367,10,0,"{""age"":0.12400123661060718,""blood_pressure"":0.25882272815413987,""bmi"":0.2954028853432841,""glucose"":0.2036179326956614,""insulin"":0.11815521719630755}"
R_1VV8BqOrYdNpSHT,diabetes,attribution,11,120110,No Diabetes,No Diabetes,1,exemplar,Diabetes,0.4260474036551501,0.8532046627177038,0.32942158285099427,0,-0.14790519268969976,10,0,"{""age"":0.12400123661060718,""blood_pressure"":0.25882272815413987,""bmi"":0.2954028853432841,""glucose"":0.2036179326956614,""insulin"":0.11815521719630755}"
R_1VV8BqOrYdNpSHT,diabetes,attribution,11,120110,No Diabetes,No Diabetes,1,prototype,Diabetes,0.49600496319182025,0.7011693458721522,0.25401099712727854,0,-0.015980487310077885,10,0,"{""age"":0.12400123661060718,""blood_pressure"":0.25882272815413987,""bmi"":0.2954028853432841,""glucose"":0.2036179326956614,""insulin"":0.11815521719630755}"
R_1VV8BqOrYdNpSHT,diabetes,attribution,12,120102,No Diabetes,No Diabetes,1,attribution,No Diabetes,0.520672800343152,0.6526334568914152,0.22975456433087582,1,0.08273836882498077,11,0,"{""age"":0.11272839691873378,""blood_pressure"":0.27177750980327015,""bmi"":0.2685480775848037,""glucose"":0.18510721154151033,""insulin"":0.161838804151682}"
R_1VV8BqOrYdNpSHT,diabetes,attribution,12,120102,No Diabetes,No Diabetes,1,exemplar,Diabetes,0.4718384143493186,0.7511186944894032,0.27895466055704204,0,-0.05632317130136266,11,0,"{""age"":0.11272839691873378,""blood_pressure"":0.27177750980327015,""bmi"":0.2685480775848037,""glucose"":0.18510721154151033,""insulin"":0.161838804151682}"
R_1VV8BqOrYdNpSHT,diabetes,attribution,12,120102,No Diabetes,No Diabetes,1,prototype,Diabetes,0.49657638818224403,0.7000179539932677,0.25343533293563464,0,-0.013694661296018804,11,0,"{""age"":0.11272839691873378,""blood_pressure"":0.27177750980327015,""bmi"":0.2685480775848037,""glucose"":0.18510721154151033,""insulin"":0.161838804151682}"
R_1eVmoOsuh2kQnVU,diabetes,attribution,1,120106,No Diabetes,No Diabetes,1,attribution,Diabetes,0.5,0.6931471805599453,0.25,0,0.0,0,0,"{""age"":0.2,""blood_pressure"":0.2,""bmi"":0.2,""glucose"":0.2,""insulin"":0.2}"
R_1eVmoOsuh2kQnVU,diabetes,attribution,1,120106,No Diabetes,No Diabetes,1,exemplar,Diabetes,0.5,0.6931471805599453,0.25,0,0.0,0,0,"{""age"":0.2,""blood_pressure"":0.2,""bmi"":0.2,""glucose"":0.2,""insulin"":0.2}"
R_1eVmoOsuh2kQnVU,diabetes,attribution,1,120106,No Diabetes,No Diabetes,1,prototype,Diabetes,0.5,0.6931471805599453,0.25,0,0.0,0,0,"{""age"":0.2,""blood_pressure"":0.2,""bmi"":0.2,""glucose"":0.2,""insulin"":0.2}"
R_1eVmoOsuh2kQnVU,diabetes,attribution,2,120103,No Diabetes,No Diabetes,1,attribution,No Diabetes,0.6666666666666666,0.40546510810816444,0.11111111111111113,1,0.3333333333333333,1,0,"{""age"":0.0,""blood_pressure"":0.36707412002543915,""bmi"":0.6329258799745608,""glucose"":0.0,""insulin"":0.0}"
R_1eVmoOsuh2kQnVU,diabetes,attribution,2,120103,No Diabetes,No Diabetes,1,exemplar,No Diabetes,0.6428446539375061,0.4418521796760737,0.12755994122101977,1,0.2856893078750121,1,0,"{""age"":0.0,""blood_pressure"":0.36707412002543915,""bmi"":0.6329258799745608,""glucose"":0.0,""insulin"":0.0}"
R_1eVmoOsuh2kQnVU,diabetes,attribution,2,120103,No Diabetes,No Diabetes,1,prototype,No Diabetes,0.6666666666666666,0.40546510810816444,0.11111111111111113,1,0.3333333333333333,1,0,"{""age"":0.0,""blood_pressure"":0.36707412002543915,""bmi"":0.6329258799745608,""glucose"":0.0,""insulin"":0.0}"
R_1eVmoOsuh2kQnVU,diabetes,attribution,3,120105,No Diabetes,Diabetes,0,attribution,Diabetes,0.48966339399719355,0.71403707496257,0.26044345142646375,0,-0.04135231575703436,2,0,"{""age"":0.18830501963412274,""blood_pressure"":0.18353706001271958,""bmi"":0.3164629399872804,""glucose"":0.31169498036587723,""insulin"":0.0}"
R_1eVmoOsuh2kQnVU,diabetes,attribution,3,120105,No Diabetes,Diabetes,0,exemplar,No Diabetes,0.7270606446178497,0.3187453872965198,0.07449589171642373,1,0.45412128923569944,2,0,"{""age"":0.18830501963412274,""blood_pressure"":0.18353706001271958,""bmi"":0.3164629399872804,""glucose"":0.31169498036587723,""insulin"":0.0}"
R_1eVmoOsuh2kQnVU,diabetes,attribution,3,120105,No Diabetes,Diabetes,0,prototype,No Diabetes,0.75,0.2876820724517809,0.0625,1,0.5,2,0,"{""age"":0.18830501963412274,""blood_pressure"":0.18353706001271958,""bmi"":0.3164629399872804,""glucose"":0.31169498036587723,""insulin"":0.0}"
R_1eVmoOsuh2kQnVU,diabetes,attribution,4,120111,Diabetes,No Diabetes,0,attribution,Diabetes,0.5474932634191922,0.6024051216243623,0.2047623466510126,1,-0.1905475068572126,3,0,"{""age"":0.31838933172881395,""blood_pressure"":0.12235804000847972,""bmi"":0.35145597468545486,""glucose"":0.2077966535772515,""insulin"":0.0}"
R_1eVmoOsuh2kQnVU,diabetes,attribution,4,120111,Diabetes,No Diabetes,0,exemplar,No Diabetes,0.41911054831247385,0.8696205554046521,0.3374325550818347,0,0.16177890337505219,3,0,"{""age"":0.31838933172881395,""blood_pressure"":0.12235804000847972,""bmi"":0.35145597468545486,""glucose"":0.2077966535772515,""insulin"":0.0}"
R_1eVmoOsuh2kQnVU,diabetes,attribution,4,120111,Diabetes,No Diabetes,0,prototype,Diabetes,0.5044900950540211,0.6842070725744259,0.2455300658995731,1,-0.017960863037302405,3,0,"{""age"":0.31838933172881395,""blood_pressure"":0.12235804000847972,""bmi"":0.35145597468545486,""glucose"":0.2077966535772515,""insulin"":0.0}"
R_1eVmoOsuh2kQnVU,diabetes,attribution,5,120100,Diabetes,Diabetes,1,attribution,Diabetes,0.5854871668823836,0.5353110144042421,0.171820888819193,1,-0.34534033000505215,4,0,"{""age"":0.23879199879661045,""blood_pressure"":0.24605971777501318,""bmi"":0.35930079324543773,""glucose"":0.15584749018293861,""insulin"":0.0}"
R_1eVmoOsuh2kQnVU,diabetes,attribution,5,120100,Diabetes,Diabetes,1,exemplar,No Diabetes,0.3637560860232636,1.0112717293009694,0.4048063180724368,0,0.2724878279534728,4,0,"{""age"":0.23879199879661045,""blood_pressure"":0.24605971777501318,""bmi"":0.35930079324543773,""glucose"":0.15584749018293861,""insulin"":0.0}"
R_1eVmoOsuh2kQnVU,diabetes,attribution,5,120100,Diabetes,Diabetes,1,prototype,No Diabetes,0.49607991517301725,0.701018245935092,0.25393545189203354,0,0.015680660600839613,4,0,"{""age"":0.23879199879661045,""blood_pressure"":0.24605971777501318,""bmi"":0.35930079324543773,""glucose"":0.15584749018293861,""insulin"":0.0}"
R_1eVmoOsuh2kQnVU,diabetes,attribution,6,120102,No Diabetes,No Diabetes,1,attribution,No Diabetes,0.5386475266692788,0.6186938613738572,0.21284610464837378,1,0.15489908252575207,5,0,"{""age"":0.1910335990372884,""blood_pressure"":0.19684777422001057,""bmi"":0.2874406345963502,""glucose"":0.2813059804074329,""insulin"":0.04337201173891805}"
R_1eVmoOsuh2kQnVU,diabetes,attribution,6,120102,No Diabetes,No Diabetes,1,exemplar,No Diabetes,0.5837055706925559,0.5383585830582005,0.17330105187241057,1,0.16741114138511182,5,0,"{""age"":0.1910335990372884,""blood_pressure"":0.19684777422001057,""bmi"":0.2874406345963502,""glucose"":0.2813059804074329,""insulin"":0.04337201173891805}"
R_1eVmoOsuh2kQnVU,diabetes,attribution,6,120102,No Diabetes,No Diabetes,1,prototype,No Diabetes,0.5206420994525359,0.6526924225138815,0.22978399681727246,1,0.08261535528809494,5,0,"{""age"":0.1910335990372884,""blood_pressure"":0.19684777422001057,""bmi"":0.2874406345963502,""glucose"":0.2813059804074329,""insulin"":0.04337201173891805}"
R_1eVmoOsuh2kQnVU,diabetes,attribution,7,120110,No Diabetes,No Diabetes,1,attribution,No Diabetes,0.5024901552693356,0.6881792307446319,0.24751604560392979,1,0.009960703431299862,6,0,"{""age"":0.21631817535194706,""blood_pressure"":0.1640398118500088,""bmi"":0.23953386216362516,""glucose"":0.34396480751865394,""insulin"":0.03614334311576503}"
R_1eVmoOsuh2kQnVU,diabetes,attribution,7,120110,No Diabetes,No Diabetes,1,exemplar,No Diabetes,0.6381156693256103,0.4492357121867832,0.13096026878765107,1,0.27623133865122046,6,0,"{""age"":0.21631817535194706,""blood_pressure"":0.1640398118500088,""bmi"":0.23953386216362516,""glucose"":0.34396480751865394,""insulin"":0.03614334311576503}"
R_1eVmoOsuh2kQnVU,diabetes,attribution,7,120110,No Diabetes,No Diabetes,1,prototype,No Diabetes,0.5205257809886259,0.6529158609556143,0.22989552669656713,1,0.08214929154813155,6,0,"{""age"":0.21631817535194706,""blood_pressure"":0.1640398118500088,""bmi"":0.23953386216362516,""glucose"":0.34396480751865394,""insulin"":0.03614334311576503}"
R_1eVmoOsuh2kQnVU,diabetes,attribution,8,120101,Diabetes,Diabetes,1,attribution,Diabetes,0.5184306989945001,0.6569489169580418,0.23190899167092574,1,-0.07375621382054795,7,0,"{""age"":0.1854155788730975,""blood_pressure"":0.1979377424849466,""bmi"":0.20531473899739303,""glucose"":0.294826977873132,""insulin"":0.11650496177143099}"
R_1eVmoOsuh2kQnVU,diabetes,attribution,8,120101,Diabetes,Diabetes,1,exemplar,No Diabetes,0.3397457295891248,1.0795577953039772,0.4359357015957972,0,0.32050854082175045,7,0,"{""age"":0.1854155788730975,""blood_pressure"":0.1979377424849466,""bmi"":0.20531473899739303,""glucose"":0.294826977873132,""insulin"":0.11650496177143099}"
R_1eVmoOsuh2kQnVU,diabetes,attribution,8,120101,Diabetes,Diabetes,1,prototype,Diabetes,0.5101624490938373,0.6730260763479475,0.2399408262777475,1,-0.040655395260260144,7,0,"{""age"":0.1854155788730975,""blood_pressure"":0.1979377424849466,""bmi"":0.20531473899739303,""glucose"":0.294826977873132,""insulin"":0.11650496177143099}"
R_1eVmoOsuh2kQnVU,diabetes,attribution,9,120107,Diabetes,No Diabetes,0,attribution,No Diabetes,0.49344540066663933,0.706343063176352,0.25659756210578155,0,0.02621989937503924,8,0,"{""age"":0.16223863151396029,""blood_pressure"":0.21948934655939709,""bmi"":0.17965039662271887,""glucose"":0.3366797837539216,""insulin"":0.1019418415500021}"
R_1eVmoOsuh2kQnVU,diabetes,attribution,9,120107,Diabetes,No Diabetes,0,exemplar,No Diabetes,0.4109559184324807,0.8892693246602574,0.34697293002972235,0,0.1780881631350386,8,0,"{""age"":0.16223863151396029,""blood_pressure"":0.21948934655939709,""bmi"":0.17965039662271887,""glucose"":0.3366797837539216,""insulin"":0.1019418415500021}"
R_1eVmoOsuh2kQnVU,diabetes,attribution,9,120107,Diabetes,No Diabetes,0,prototype,Diabetes,0.5165799179278409,0.6605252726186933,0.23369497575065318,1,-0.06634399557227338,8,0,"{""age"":0.16223863151396029,""blood_pressure"":0.21948934655939709,""bmi"":0.17965039662271887,""glucose"":0.3366797837539216,""insulin"":0.1019418415500021}"
R_1eVmoOsuh2kQnVU,diabetes,attribution,10,120104,No Diabetes,Diabetes,0,attribution,No Diabetes,0.5363132831223391,0.6230368052180514,0.2150053714087841,1,0.14550932871688904,9,0,"{""age"":0.17586149144792357,""blood_pressure"":0.19510164138613073,""bmi"":0.23915097800690235,""glucose"":0.2992709188923748,""insulin"":0.09061497026666854}"
R_1eVmoOsuh2kQnVU,diabetes,attribution,10,120104,No Diabetes,Diabetes,0,exemplar,No Diabetes,0.648436434660133,0.43319129905813963,0.12359694047447893,1,0.2968728693202659,9,0,"{""age"":0.17586149144792357,""blood_pressure"":0.19510164138613073,""bmi"":0.23915097800690235,""glucose"":0.2992709188923748,""insulin"":0.09061497026666854}"
R_1eVmoOsuh2kQnVU,diabetes,attribution,10,120104,No Diabetes,Diabetes,0,prototype,No Diabetes,0.5302874156189076,0.6343361258034366,0.22062991192596487,1,0.12129816812422105,9,0,"{""age"":0.17586149144792357,""blood_pressure"":0.19510164138613073,""bmi"":0.23915097800690235,""glucose"":0.2992709188923748,""insulin"":0.09061497026666854}"
R_1eVmoOsuh2kQnVU,diabetes,attribution,11,120108,No Diabetes,Diabetes,0,attribution,No Diabetes,0.5348577937568489,0.6257543734807877,0.21635727202874608,1,0.13965772678961585,10,0,"{""age"":0.1582753423031312,""blood_pressure"":0.17559147724751767,""bmi"":0.2656640802417066,""glucose"":0.2693438270031373,""insulin"":0.13112527320450712}"
R_1eVmoOsuh2kQnVU,diabetes,attribution,11,120108,No Diabetes,Diabetes,0,exemplar,No Diabetes,0.5944302425440453,0.5201519077611002,0.1644868281628819,1,0.18886048508809045,10,0,"{""age"":0.1582753423031312,""blood_pressure"":0.17559147724751767,""bmi"":0.2656640802417066,""glucose"":0.2693438270031373,""insulin"":0.13112527320450712}"
R_1eVmoOsuh2kQnVU,diabetes,attribution,11,120108,No Diabetes,Diabetes,0,prototype,No Diabetes,0.5118484971386593,0.6697266017569199,0.2382918897457855,1,0.047402862870699,10,0,"{""age"":0.1582753423031312,""blood_pressure"":0.17559147724751767,""bmi"":0.2656640802417066,""glucose"":0.2693438270031373,""insulin"":0.13112527320450712}"
R_1eVmoOsuh2kQnVU,diabetes,attribution,12,120109,No Diabetes,Diabetes,0,attribution,Diabetes,0.47686455177878384,0.7405227869526987,0.2736706971856127,0,-0.09260792171968321,11,0,"{""age"":0.1438866748210284,""blood_pressure"":0.22350242922358202,""bmi"":0.26854807758480376,""glucose"":0.24485802454830666,""insulin"":0.11920479382227922}"
R_1eVmoOsuh2kQnVU,diabetes,attribution,12,120109,No Diabetes,Diabetes,0,exemplar,No Diabetes,0.5461896241255381,0.6047890665976325,0.20594385725132042,1,0.09237924825107618,11,0,"{""age"":0.1438866748210284,""blood_pressure"":0.22350242922358202,""bmi"":0.26854807758480376,""glucose"":0.24485802454830666,""insulin"":0.11920479382227922}"
R_1eVmoOsuh2kQnVU,diabetes,attribution,12,120109,No Diabetes,Diabetes,0,prototype,No Diabetes,0.5095323065423093,0.6742620200031638,0.24055855832570724,1,0.038133846653032155,11,0,"{""age"":0.1438866748210284,""blood_pressure"":0.22350242922358202,""bmi"":0.26854807758480376,""glucose"":0.24485802454830666,""insulin"":0.11920479382227922}"
R_3xBI9TIaQaSsWad,diabetes,attribution,1,120102,No Diabetes,No Diabetes,1,attribution,Diabetes,0.5,0.6931471805599453,0.25,0,0.0,0,0,"{""age"":0.2,""blood_pressure"":0.2,""bmi"":0.2,""glucose"":0.2,""insulin"":0.2}"
R_3xBI9TIaQaSsWad,diabetes,attribution,1,120102,No Diabetes,No Diabetes,1,exemplar,Diabetes,0.5,0.6931471805599453,0.25,0,0.0,0,0,"{""age"":0.2,""blood_pressure"":0.2,""bmi"":0.2,""glucose"":0.2,""insulin"":0.2}"
R_3xBI9TIaQaSsWad,diabetes,attribution,1,120102,No Diabetes,No Diabetes,1,prototype,Diabetes,0.5,0.6931471805599453,0.25,0,0.0,0,0,"{""age"":0.2,""blood_pressure"":0.2,""bmi"":0.2,""glucose"":0.2,""insulin"":0.2}"
R_3xBI9TIaQaSsWad,diabetes,attribution,2,120104,No Diabetes,Diabetes,0,attribution,No Diabetes,0.6666666666666666,0.40546510810816444,0.11111111111111113,1,0.3333333333333333,1,0,"{""age"":0.3427410569252404,""blood_pressure"":0.0,""bmi"":0.0,""glucose"":0.6572589430747596,""insulin"":0.0}"
R_3xBI9TIaQaSsWad,diabetes,attribution,2,120104,No Diabetes,Diabetes,0,exemplar,No Diabetes,0.6499579787355545,0.4308475662813796,0.12252941665089852,1,0.29991595747110894,1,0,"{""age"":0.3427410569252404,""blood_pressure"":0.0,""bmi"":0.0,""glucose"":0.6572589430747596,""insulin"":0.0}"
R_3xBI9TIaQaSsWad,diabetes,attribution,2,120104,No Diabetes,Diabetes,0,prototype,No Diabetes,0.6666666666666666,0.40546510810816444,0.11111111111111113,1,0.3333333333333333,1,0,"{""age"":0.3427410569252404,""blood_pressure"":0.0,""bmi"":0.0,""glucose"":0.6572589430747596,""insulin"":0.0}"
R_3xBI9TIaQaSsWad,diabetes,attribution,3,120108,Diabetes,Diabetes,1,attribution,Diabetes,0.5199272131561568,0.6540664519037351,0.23046988066801416,1,-0.0797510954145285,2,0,"{""age"":0.1713705284626202,""blood_pressure"":0.0,""bmi"":0.2521410001774727,""glucose"":0.3286294715373798,""insulin"":0.2478589998225273}"
R_3xBI9TIaQaSsWad,diabetes,attribution,3,120108,Diabetes,Diabetes,1,exemplar,Diabetes,0.5028161298322847,0.6875307227641202,0.2471918007549476,1,-0.005632259664569428,2,0,"{""age"":0.1713705284626202,""blood_pressure"":0.0,""bmi"":0.2521410001774727,""glucose"":0.3286294715373798,""insulin"":0.2478589998225273}"
R_3xBI9TIaQaSsWad,diabetes,attribution,3,120108,Diabetes,Diabetes,1,prototype,Diabetes,0.5060196359524752,0.6811798042174255,0.24401660006452505,1,-0.02407970725844763,2,0,"{""age"":0.1713705284626202,""blood_pressure"":0.0,""bmi"":0.2521410001774727,""glucose"":0.3286294715373798,""insulin"":0.2478589998225273}"
R_3xBI9TIaQaSsWad,diabetes,attribution,4,120100,Diabetes,Diabetes,1,attribution,No Diabetes,0.44947842038663344,0.7996674342615201,0.3030740096199963,0,0.20277831069809765,3,0,"{""age"":0.11424701897508012,""blood_pressure"":0.23420398299474177,""bmi"":0.2672233504569067,""glucose"":0.2190863143582532,""insulin"":0.16523933321501819}"
R_3xBI9TIaQaSsWad,diabetes,attribution,4,120100,Diabetes,Diabetes,1,exemplar,Diabetes,0.5650146482565209,0.570903622054036,0.18921225623139826,1,-0.1300292965130418,3,0,"{""age"":0.11424701897508012,""blood_pressure"":0.23420398299474177,""bmi"":0.2672233504569067,""glucose"":0.2190863143582532,""insulin"":0.16523933321501819}"
R_3xBI9TIaQaSsWad,diabetes,attribution,4,120100,Diabetes,Diabetes,1,prototype,No Diabetes,0.4904065732780426,0.7125204905387872,0.25968546055822705,0,0.038378416834154605,3,0,"{""age"":0.11424701897508012,""blood_pressure"":0.23420398299474177,""bmi"":0.2672233504569067,""glucose"":0.2190863143582532,""insulin"":0.16523933321501819}"
R_3xBI9TIaQaSsWad,diabetes,attribution,5,120103,Diabetes,No Diabetes,0,attribution,No Diabetes,0.48208066865756294,0.729643816574965,0.2682404337781971,0,0.07170803672582379,4,0,"{""age"":0.0856852642313101,""blood_pressure"":0.17565298724605632,""bmi"":0.20041751284268003,""glucose"":0.36009972109504235,""insulin"":0.1781445145849112}"
R_3xBI9TIaQaSsWad,diabetes,attribution,5,120103,Diabetes,No Diabetes,0,exemplar,Diabetes,0.6470884427137673,0.4352722972023987,0.1245465672661939,1,-0.2941768854275346,4,0,"{""age"":0.0856852642313101,""blood_pressure"":0.17565298724605632,""bmi"":0.20041751284268003,""glucose"":0.36009972109504235,""insulin"":0.1781445145849112}"
R_3xBI9TIaQaSsWad,diabetes,attribution,5,120103,Diabetes,No Diabetes,0,prototype,Diabetes,0.5332959394185662,0.6286787754706351,0.21781268016319855,1,-0.1333811499691261,4,0,"{""age"":0.0856852642313101,""blood_pressure"":0.17565298724605632,""bmi"":0.20041751284268003,""glucose"":0.36009972109504235,""insulin"":0.1781445145849112}"
R_3xBI9TIaQaSsWad,diabetes,attribution,6,120101,Diabetes,Diabetes,1,attribution,Diabetes,0.544575973694305,0.6077478170599567,0.20741104373649033,1,-0.1787785509980332,5,0,"{""age"":0.14387021923869722,""blood_pressure"":0.1405223897968451,""bmi"":0.16033401027414404,""glucose"":0.41275776902238487,""insulin"":0.142515611667929}"
R_3xBI9TIaQaSsWad,diabetes,attribution,6,120101,Diabetes,Diabetes,1,exemplar,Diabetes,0.5582844316462988,0.5828867123379864,0.19511264332603326,1,-0.11656886329259764,5,0,"{""age"":0.14387021923869722,""blood_pressure"":0.1405223897968451,""bmi"":0.16033401027414404,""glucose"":0.41275776902238487,""insulin"":0.142515611667929}"
R_3xBI9TIaQaSsWad,diabetes,attribution,6,120101,Diabetes,Diabetes,1,prototype,Diabetes,0.543177684212342,0.6103187856648599,0.2086866282015987,1,-0.17314198374389708,5,0,"{""age"":0.14387021923869722,""blood_pressure"":0.1405223897968451,""bmi"":0.16033401027414404,""glucose"":0.41275776902238487,""insulin"":0.142515611667929}"
R_3xBI9TIaQaSsWad,diabetes,attribution,7,120105,No Diabetes,Diabetes,0,attribution,No Diabetes,0.5050765289125877,0.6830453187870033,0.24494924223321266,1,0.020306813442666223,6,0,"{""age"":0.11989184936558102,""blood_pressure"":0.17882708734412936,""bmi"":0.13361167522845338,""glucose"":0.44890637833856223,""insulin"":0.11876300972327417}"
R_3xBI9TIaQaSsWad,diabetes,attribution,7,120105,No Diabetes,Diabetes,0,exemplar,Diabetes,0.39471956303133665,0.9295797332362172,0.36636440737697595,0,-0.21056087393732664,6,0,"{""age"":0.11989184936558102,""blood_pressure"":0.17882708734412936,""bmi"":0.13361167522845338,""glucose"":0.44890637833856223,""insulin"":0.11876300972327417}"
R_3xBI9TIaQaSsWad,diabetes,attribution,7,120105,No Diabetes,Diabetes,0,prototype,Diabetes,0.47905869624835135,0.7359321499379208,0.2713798419544674,0,-0.08381424561705621,6,0,"{""age"":0.11989184936558102,""blood_pressure"":0.17882708734412936,""bmi"":0.13361167522845338,""glucose"":0.44890637833856223,""insulin"":0.11876300972327417}"
R_3xBI9TIaQaSsWad,diabetes,attribution,8,120109,No Diabetes,Diabetes,0,attribution,Diabetes,0.4870402533580298,0.7194085035493719,0.2631277016749943,0,-0.051850600074487156,7,0,"{""age"":0.18541557887309748,""blood_pressure"":0.15328036058068228,""bmi"":0.17473029935036055,""glucose"":0.38477689571876755,""insulin"":0.10179686547709212}"
R_3xBI9TIaQaSsWad,diabetes,attribution,8,120109,No Diabetes,Diabetes,0,exemplar,Diabetes,0.36099645733488694,1.018887134174176,0.40832552753856494,0,-0.2780070853302261,7,0,"{""age"":0.18541557887309748,""blood_pressure"":0.15328036058068228,""bmi"":0.17473029935036055,""glucose"":0.38477689571876755,""insulin"":0.10179686547709212}"
R_3xBI9TIaQaSsWad,diabetes,attribution,8,120109,No Diabetes,Diabetes,0,prototype,No Diabetes,0.5027615779760573,0.6876392213035317,0.2472460483368606,1,0.011046424229793142,7,0,"{""age"":0.18541557887309748,""blood_pressure"":0.15328036058068228,""bmi"":0.17473029935036055,""glucose"":0.38477689571876755,""insulin"":0.10179686547709212}"
R_3xBI9TIaQaSsWad,diabetes,attribution,9,120107,Diabetes,No Diabetes,0,attribution,No Diabetes,0.49867589506409327,0.6957989031424887,0.25132585818978803,0,0.005296432124970381,8,0,"{""age"":0.1622386315139603,""blood_pressure"":0.20049855130516825,""bmi"":0.1528890119315655,""glucose"":0.33667978375392166,""insulin"":0.14769402149538444}"
R_3xBI9TIaQaSsWad,diabetes,attribution,9,120107,Diabetes,No Diabetes,0,exemplar,Diabetes,0.6831804128795586,0.38099630659153716,0.10037465078316703,1,-0.36636082575911705,8,0,"{""age"":0.1622386315139603,""blood_pressure"":0.20049855130516825,""bmi"":0.1528890119315655,""glucose"":0.33667978375392166,""insulin"":0.14769402149538444}"
R_3xBI9TIaQaSsWad,diabetes,attribution,9,120107,Diabetes,No Diabetes,0,prototype,Diabetes,0.5292251854517811,0.636341256317125,0.2216289260129099,1,-0.117034143722079,8,0,"{""age"":0.1622386315139603,""blood_pressure"":0.20049855130516825,""bmi"":0.1528890119315655,""glucose"":0.33667978375392166,""insulin"":0.14769402149538444}"
R_3xBI9TIaQaSsWad,diabetes,attribution,10,120106,No Diabetes,No Diabetes,1,attribution,No Diabetes,0.5088207992962418,0.675659388671781,0.24125700720398277,1,0.03528685821808991,9,0,"{""age"":0.17586149144792357,""blood_pressure"":0.17822093449348284,""bmi"":0.2153630805036549,""glucose"":0.2992709188923748,""insulin"":0.1312835746625639}"
R_3xBI9TIaQaSsWad,diabetes,attribution,10,120106,No Diabetes,No Diabetes,1,exemplar,Diabetes,0.37408224414923724,0.9832796016006313,0.391773037089255,0,-0.25183551170152557,9,0,"{""age"":0.17586149144792357,""blood_pressure"":0.17822093449348284,""bmi"":0.2153630805036549,""glucose"":0.2992709188923748,""insulin"":0.1312835746625639}"
R_3xBI9TIaQaSsWad,diabetes,attribution,10,120106,No Diabetes,No Diabetes,1,prototype,Diabetes,0.4902641486728568,0.7128109542041118,0.2598306381282075,0,-0.03894832818960163,9,0,"{""age"":0.17586149144792357,""blood_pressure"":0.17822093449348284,""bmi"":0.2153630805036549,""glucose"":0.2992709188923748,""insulin"":0.1312835746625639}"
R_3xBI9TIaQaSsWad,diabetes,attribution,11,120111,Diabetes,No Diabetes,0,attribution,Diabetes,0.5560776486430159,0.5868473386497602,0.19706705403431368,1,-0.22525827752531652,10,0,"{""age"":0.1582753423031312,""blood_pressure"":0.19710625304667845,""bmi"":0.25711936045074546,""glucose"":0.2693438270031373,""insulin"":0.11815521719630753}"
R_3xBI9TIaQaSsWad,diabetes,attribution,11,120111,Diabetes,No Diabetes,0,exemplar,Diabetes,0.5836443395579537,0.5384634892806119,0.1733520359821326,1,-0.16728867911590733,10,0,"{""age"":0.1582753423031312,""blood_pressure"":0.19710625304667845,""bmi"":0.25711936045074546,""glucose"":0.2693438270031373,""insulin"":0.11815521719630753}"
R_3xBI9TIaQaSsWad,diabetes,attribution,11,120111,Diabetes,No Diabetes,0,prototype,Diabetes,0.5252712119430925,0.6438405556020298,0.2253674222099803,1,-0.10117105492411835,10,0,"{""age"":0.1582753423031312,""blood_pressure"":0.19710625304667845,""bmi"":0.25711936045074546,""glucose"":0.2693438270031373,""insulin"":0.11815521719630753}"
R_3xBI9TIaQaSsWad,diabetes,attribution,12,120110,No Diabetes,No Diabetes,1,attribution,Diabetes,0.4879026291229977,0.717639423523506,0.262243717259138,0,-0.04839892899357458,11,0,"{""age"":0.14388667482102838,""blood_pressure"":0.23529338923103618,""bmi"":0.26854807758480376,""glucose"":0.24485802454830663,""insulin"":0.10741383381482503}"
R_3xBI9TIaQaSsWad,diabetes,attribution,12,120110,No Diabetes,No Diabetes,1,exemplar,Diabetes,0.47089039238187375,0.7531299246125137,0.2799569768738076,0,-0.05821921523625245,11,0,"{""age"":0.14388667482102838,""blood_pressure"":0.23529338923103618,""bmi"":0.26854807758480376,""glucose"":0.24485802454830663,""insulin"":0.10741383381482503}"
R_3xBI9TIaQaSsWad,diabetes,attribution,12,120110,No Diabetes,No Diabetes,1,prototype,Diabetes,0.49163626169432145,0.7100161414102557,0.25843369042412434,0,-0.03345807407314241,11,0,"{""age"":0.14388667482102838,""blood_pressure"":0.23529338923103618,""bmi"":0.26854807758480376,""glucose"":0.24485802454830663,""insulin"":0.10741383381482503}"
R_53vXmt7xog3ij55,diabetes,attribution,1,120109,No Diabetes,Diabetes,0,attribution,Diabetes,0.5,0.6931471805599453,0.25,0,0.0,0,0,"{""age"":0.2,""blood_pressure"":0.2,""bmi"":0.2,""glucose"":0.2,""insulin"":0.2}"
R_53vXmt7xog3ij55,diabetes,attribution,1,120109,No Diabetes,Diabetes,0,exemplar,Diabetes,0.5,0.6931471805599453,0.25,0,0.0,0,0,"{""age"":0.2,""blood_pressure"":0.2,""bmi"":0.2,""glucose"":0.2,""insulin"":0.2}"
R_53vXmt7xog3ij55,diabetes,attribution,1,120109,No Diabetes,Diabetes,0,prototype,Diabetes,0.5,0.6931471805599453,0.25,0,0.0,0,0,"{""age"":0.2,""blood_pressure"":0.2,""bmi"":0.2,""glucose"":0.2,""insulin"":0.2}"
R_53vXmt7xog3ij55,diabetes,attribution,2,120110,No Diabetes,No Diabetes,1,attribution,Diabetes,0.3333333333333333,1.0986122886681098,0.44444444444444453,0,-0.3333333333333333,1,0,"{""age"":0.0,""blood_pressure"":0.5310258863765696,""bmi"":0.0,""glucose"":0.0,""insulin"":0.46897411362343044}"
R_53vXmt7xog3ij55,diabetes,attribution,2,120110,No Diabetes,No Diabetes,1,exemplar,Diabetes,0.3455439206086282,1.0626355219763526,0.4283127598523256,0,-0.30891215878274353,1,0,"{""age"":0.0,""blood_pressure"":0.5310258863765696,""bmi"":0.0,""glucose"":0.0,""insulin"":0.46897411362343044}"
R_53vXmt7xog3ij55,diabetes,attribution,2,120110,No Diabetes,No Diabetes,1,prototype,Diabetes,0.3333333333333333,1.0986122886681098,0.44444444444444453,0,-0.3333333333333333,1,0,"{""age"":0.0,""blood_pressure"":0.5310258863765696,""bmi"":0.0,""glucose"":0.0,""insulin"":0.46897411362343044}"
R_53vXmt7xog3ij55,diabetes,attribution,3,120100,Diabetes,Diabetes,1,attribution,Diabetes,0.5069039825166506,0.6794336769226416,0.24314368245793963,1,-0.027617685350877483,2,0,"{""age"":0.0,""blood_pressure"":0.4661756063355714,""bmi"":0.0,""glucose"":0.0,""insulin"":0.5338243936644286}"
R_53vXmt7xog3ij55,diabetes,attribution,3,120100,Diabetes,Diabetes,1,exemplar,No Diabetes,0.49126513569903185,0.7107713056900314,0.25881116215532435,0,0.017469728601936185,2,0,"{""age"":0.0,""blood_pressure"":0.4661756063355714,""bmi"":0.0,""glucose"":0.0,""insulin"":0.5338243936644286}"
R_53vXmt7xog3ij55,diabetes,attribution,3,120100,Diabetes,Diabetes,1,prototype,No Diabetes,0.47975863453295114,0.7344721462720245,0.27065107834301944,0,0.08100973553411617,2,0,"{""age"":0.0,""blood_pressure"":0.4661756063355714,""bmi"":0.0,""glucose"":0.0,""insulin"":0.5338243936644286}"
R_53vXmt7xog3ij55,diabetes,attribution,4,120101,Diabetes,Diabetes,1,attribution,No Diabetes,0.49903027075182993,0.6950885222412149,0.2509706696229848,0,0.003878921856205633,3,0,"{""age"":0.0,""blood_pressure"":0.31078373755704763,""bmi"":0.0,""glucose"":0.26104664710180325,""insulin"":0.4281696153411491}"
R_53vXmt7xog3ij55,diabetes,attribution,4,120101,Diabetes,Diabetes,1,exemplar,Diabetes,0.5863610960765886,0.5338194742725583,0.17109714283896107,1,-0.1727221921531773,3,0,"{""age"":0.0,""blood_pressure"":0.31078373755704763,""bmi"":0.0,""glucose"":0.26104664710180325,""insulin"":0.4281696153411491}"
R_53vXmt7xog3ij55,diabetes,attribution,4,120101,Diabetes,Diabetes,1,prototype,Diabetes,0.5393679429958278,0.6173573008994173,0.21218189193989495,1,-0.15779839475895183,3,0,"{""age"":0.0,""blood_pressure"":0.31078373755704763,""bmi"":0.0,""glucose"":0.26104664710180325,""insulin"":0.4281696153411491}"
R_53vXmt7xog3ij55,diabetes,attribution,5,120107,Diabetes,No Diabetes,0,attribution,Diabetes,0.5345156455726523,0.6263942775279394,0.21667568421664465,1,-0.13828251555465673,4,0,"{""age"":0.0,""blood_pressure"":0.3256754469379234,""bmi"":0.0,""glucose"":0.35319734155621474,""insulin"":0.3211272115058618}"
R_53vXmt7xog3ij55,diabetes,attribution,5,120107,Diabetes,No Diabetes,0,exemplar,Diabetes,0.6616371424608332,0.4130379964904961,0.11448942336207048,1,-0.3232742849216664,4,0,"{""age"":0.0,""blood_pressure"":0.3256754469379234,""bmi"":0.0,""glucose"":0.35319734155621474,""insulin"":0.3211272115058618}"
R_53vXmt7xog3ij55,diabetes,attribution,5,120107,Diabetes,No Diabetes,0,prototype,Diabetes,0.5464164154206279,0.6043739283133135,0.2057380681998724,1,-0.1862017881090413,4,0,"{""age"":0.0,""blood_pressure"":0.3256754469379234,""bmi"":0.0,""glucose"":0.35319734155621474,""insulin"":0.3211272115058618}"
R_53vXmt7xog3ij55,diabetes,attribution,6,120103,Diabetes,No Diabetes,0,attribution,No Diabetes,0.4727185473321577,0.7492551049479214,0.27802573032751005,0,0.10923429772815428,5,0,"{""age"":0.05696887418392596,""blood_pressure"":0.2605403575503388,""bmi"":0.14303112581607408,""glucose"":0.28255787324497184,""insulin"":0.2569017692046895}"
R_53vXmt7xog3ij55,diabetes,attribution,6,120103,Diabetes,No Diabetes,0,exemplar,Diabetes,0.565701648684109,0.5696884622230809,0.1886150579557012,1,-0.13140329736821788,5,0,"{""age"":0.05696887418392596,""blood_pressure"":0.2605403575503388,""bmi"":0.14303112581607408,""glucose"":0.28255787324497184,""insulin"":0.2569017692046895}"
R_53vXmt7xog3ij55,diabetes,attribution,6,120103,Diabetes,No Diabetes,0,prototype,Diabetes,0.5151313227434581,0.6633334152058926,0.2350976341845086,1,-0.060543778046394325,5,0,"{""age"":0.05696887418392596,""blood_pressure"":0.2605403575503388,""bmi"":0.14303112581607408,""glucose"":0.28255787324497184,""insulin"":0.2569017692046895}"
R_53vXmt7xog3ij55,diabetes,attribution,7,120104,No Diabetes,Diabetes,0,attribution,No Diabetes,0.546397566023981,0.6044084253035951,0.20575516810896863,1,0.18612573537106514,6,0,"{""age"":0.11024240169797922,""blood_pressure"":0.2171169646252823,""bmi"":0.11919260484672839,""glucose"":0.3393632211594356,""insulin"":0.21408480767057458}"
R_53vXmt7xog3ij55,diabetes,attribution,7,120104,No Diabetes,Diabetes,0,exemplar,No Diabetes,0.5212185852800801,0.6515857757331255,0.2292316430812079,1,0.042437170560160165,6,0,"{""age"":0.11024240169797922,""blood_pressure"":0.2171169646252823,""bmi"":0.11919260484672839,""glucose"":0.3393632211594356,""insulin"":0.21408480767057458}"
R_53vXmt7xog3ij55,diabetes,attribution,7,120104,No Diabetes,Diabetes,0,prototype,No Diabetes,0.5240311192460443,0.6462042085503545,0.22654637544617331,1,0.09619859490482316,6,0,"{""age"":0.11024240169797922,""blood_pressure"":0.2171169646252823,""bmi"":0.11919260484672839,""glucose"":0.3393632211594356,""insulin"":0.21408480767057458}"
R_53vXmt7xog3ij55,diabetes,attribution,8,120108,Diabetes,Diabetes,1,attribution,Diabetes,0.513542048949964,0.6664233660138594,0.23664133813979926,1,-0.054181446629466785,7,0,"{""age"":0.09449348716969648,""blood_pressure"":0.1861002553930991,""bmi"":0.17420537563361654,""glucose"":0.290882760993802,""insulin"":0.254318120809786}"
R_53vXmt7xog3ij55,diabetes,attribution,8,120108,Diabetes,Diabetes,1,exemplar,Diabetes,0.542219840839841,0.6120837493745439,0.20956267412070056,1,-0.08443968167968191,7,0,"{""age"":0.09449348716969648,""blood_pressure"":0.1861002553930991,""bmi"":0.17420537563361654,""glucose"":0.290882760993802,""insulin"":0.254318120809786}"
R_53vXmt7xog3ij55,diabetes,attribution,8,120108,Diabetes,Diabetes,1,prototype,Diabetes,0.5029380029396134,0.6872883710720833,0.24707062892165962,1,-0.011752147016902983,7,0,"{""age"":0.09449348716969648,""blood_pressure"":0.1861002553930991,""bmi"":0.17420537563361654,""glucose"":0.290882760993802,""insulin"":0.254318120809786}"
R_53vXmt7xog3ij55,diabetes,attribution,9,120106,No Diabetes,No Diabetes,1,attribution,No Diabetes,0.5084447678181304,0.6763986872529866,0.24162654628537172,1,0.03378228372127543,8,0,"{""age"":0.0826818012734844,""blood_pressure"":0.2506642170919898,""bmi"":0.18960321005638628,""glucose"":0.2545224158695767,""insulin"":0.22252835570856272}"
R_53vXmt7xog3ij55,diabetes,attribution,9,120106,No Diabetes,No Diabetes,1,exemplar,Diabetes,0.411704605131491,0.8874491646203284,0.34609147162349496,0,-0.17659078973701792,8,0,"{""age"":0.0826818012734844,""blood_pressure"":0.2506642170919898,""bmi"":0.18960321005638628,""glucose"":0.2545224158695767,""insulin"":0.22252835570856272}"
R_53vXmt7xog3ij55,diabetes,attribution,9,120106,No Diabetes,No Diabetes,1,prototype,Diabetes,0.4928741281860078,0.7075014556197772,0.2571766498631016,0,-0.02850541729315028,8,0,"{""age"":0.0826818012734844,""blood_pressure"":0.2506642170919898,""bmi"":0.18960321005638628,""glucose"":0.2545224158695767,""insulin"":0.22252835570856272}"
R_53vXmt7xog3ij55,diabetes,attribution,10,120105,No Diabetes,Diabetes,0,attribution,No Diabetes,0.5055254141319238,0.6821569665491195,0.2445051160694055,1,0.022102556284321187,9,0,"{""age"":0.07349493446531946,""blood_pressure"":0.263598650751262,""bmi"":0.238861284491739,""glucose"":0.22624214743962373,""insulin"":0.19780298285205575}"
R_53vXmt7xog3ij55,diabetes,attribution,10,120105,No Diabetes,Diabetes,0,exemplar,Diabetes,0.46205473944698866,0.772071911267541,0.2893851033514472,0,-0.07589052110602273,9,0,"{""age"":0.07349493446531946,""blood_pressure"":0.263598650751262,""bmi"":0.238861284491739,""glucose"":0.22624214743962373,""insulin"":0.19780298285205575}"
R_53vXmt7xog3ij55,diabetes,attribution,10,120105,No Diabetes,Diabetes,0,prototype,Diabetes,0.4929988962335901,0.7072483438190524,0.257050119220358,0,-0.028006245479791622,9,0,"{""age"":0.07349493446531946,""blood_pressure"":0.263598650751262,""bmi"":0.238861284491739,""glucose"":0.22624214743962373,""insulin"":0.19780298285205575}"
R_53vXmt7xog3ij55,diabetes,attribution,11,120102,Diabetes,No Diabetes,0,attribution,No Diabetes,0.4843640480789333,0.724918489547831,0.2658804349135446,0,0.06256420751841363,10,0,"{""age"":0.12400123661060715,""blood_pressure"":0.2372387856761358,""bmi"":0.2571193604507455,""glucose"":0.2036179326956614,""insulin"":0.1780226845668502}"
R_53vXmt7xog3ij55,diabetes,attribution,11,120102,Diabetes,No Diabetes,0,exemplar,Diabetes,0.5685223369294022,0.5647146755706252,0.1861729737288643,1,-0.13704467385880448,10,0,"{""age"":0.12400123661060715,""blood_pressure"":0.2372387856761358,""bmi"":0.2571193604507455,""glucose"":0.2036179326956614,""insulin"":0.1780226845668502}"
R_53vXmt7xog3ij55,diabetes,attribution,11,120102,Diabetes,No Diabetes,0,prototype,No Diabetes,0.4960022980808367,0.7011747190404496,0.25401368353979775,0,0.015991148435085915,10,0,"{""age"":0.12400123661060715,""blood_pressure"":0.2372387856761358,""bmi"":0.2571193604507455,""glucose"":0.2036179326956614,""insulin"":0.1780226845668502}"
R_53vXmt7xog3ij55,diabetes,attribution,12,120111,Diabetes,No Diabetes,0,attribution,Diabetes,0.5480454429267763,0.6013970704233516,0.20426292165925392,1,-0.19277657122940212,11,0,"{""age"":0.14388667482102832,""blood_pressure"":0.2156716233419416,""bmi"":0.23374487313704134,""glucose"":0.24485802454830666,""insulin"":0.16183880415168198}"
R_53vXmt7xog3ij55,diabetes,attribution,12,120111,Diabetes,No Diabetes,0,exemplar,Diabetes,0.537324426161544,0.6211532213435037,0.21406868662674464,1,-0.07464885232308788,11,0,"{""age"":0.14388667482102832,""blood_pressure"":0.2156716233419416,""bmi"":0.23374487313704134,""glucose"":0.24485802454830666,""insulin"":0.16183880415168198}"
R_53vXmt7xog3ij55,diabetes,attribution,12,120111,Diabetes,No Diabetes,0,prototype,Diabetes,0.5217214014714697,0.6506215472315164,0.228750417810415,1,-0.08694032693576191,11,0,"{""age"":0.14388667482102832,""blood_pressure"":0.2156716233419416,""bmi"":0.23374487313704134,""glucose"":0.24485802454830666,""insulin"":0.16183880415168198}"
R_56kBaagYoPMItRS,diabetes,attribution,1,120107,Diabetes,No Diabetes,0,attribution,Diabetes,0.5,0.6931471805599453,0.25,1,0.0,0,0,"{""age"":0.2,""blood_pressure"":0.2,""bmi"":0.2,""glucose"":0.2,""insulin"":0.2}"
R_56kBaagYoPMItRS,diabetes,attribution,1,120107,Diabetes,No Diabetes,0,exemplar,Diabetes,0.5,0.6931471805599453,0.25,1,0.0,0,0,"{""age"":0.2,""blood_pressure"":0.2,""bmi"":0.2,""glucose"":0.2,""insulin"":0.2}"
R_56kBaagYoPMItRS,diabetes,attribution,1,120107,Diabetes,No Diabetes,0,prototype,Diabetes,0.5,0.6931471805599453,0.25,1,0.0,0,0,"{""age"":0.2,""blood_pressure"":0.2,""bmi"":0.2,""glucose"":0.2,""insulin"":0.2}"
R_56kBaagYoPMItRS,diabetes,attribution,2,120100,Diabetes,Diabetes,1,attribution,No Diabetes,0.3333333333333333,1.0986122886681098,0.4444444444444444,0,0.3333333333333333,1,0,"{""age"":0.2848443709196298,""blood_pressure"":0.0,""bmi"":0.7151556290803702,""glucose"":0.0,""insulin"":0.0}"
R_56kBaagYoPMItRS,diabetes,attribution,2,120100,Diabetes,Diabetes,1,exemplar,No Diabetes,0.3611704145862026,1.018405369470078,0.40810323919996444,0,0.27765917082759495,1,0,"{""age"":0.2848443709196298,""blood_pressure"":0.0,""bmi"":0.7151556290803702,""glucose"":0.0,""insulin"":0.0}"
R_56kBaagYoPMItRS,diabetes,attribution,2,120100,Diabetes,Diabetes,1,prototype,No Diabetes,0.3333333333333333,1.0986122886681098,0.4444444444444444,0,0.3333333333333333,1,0,"{""age"":0.2848443709196298,""blood_pressure"":0.0,""bmi"":0.7151556290803702,""glucose"":0.0,""insulin"":0.0}"
R_56kBaagYoPMItRS,diabetes,attribution,3,120104,No Diabetes,Diabetes,0,attribution,No Diabetes,0.5622053811877983,0.5758880488945419,0.191664128260921,1,0.25011733650378865,2,0,"{""age"":0.1424221854598149,""blood_pressure"":0.0,""bmi"":0.3575778145401851,""glucose"":0.3915699706527049,""insulin"":0.10843002934729509}"
R_56kBaagYoPMItRS,diabetes,attribution,3,120104,No Diabetes,Diabetes,0,exemplar,No Diabetes,0.51897945403456,0.655890984201862,0.23138076564088994,1,0.03795890806912,2,0,"{""age"":0.1424221854598149,""blood_pressure"":0.0,""bmi"":0.3575778145401851,""glucose"":0.3915699706527049,""insulin"":0.10843002934729509}"
R_56kBaagYoPMItRS,diabetes,attribution,3,120104,No Diabetes,Diabetes,0,prototype,No Diabetes,0.548230875940499,0.6010587742980045,0.2040953414534888,1,0.19352524282724498,2,0,"{""age"":0.1424221854598149,""blood_pressure"":0.0,""bmi"":0.3575778145401851,""glucose"":0.3915699706527049,""insulin"":0.10843002934729509}"
R_56kBaagYoPMItRS,diabetes,attribution,4,120105,No Diabetes,Diabetes,0,attribution,Diabetes,0.474132349231908,0.7462687784722573,0.2765367861243519,0,-0.10356306605825763,3,0,"{""age"":0.09494812363987659,""blood_pressure"":0.0,""bmi"":0.4064792098117718,""glucose"":0.26104664710180325,""insulin"":0.23752601944654828}"
R_56kBaagYoPMItRS,diabetes,attribution,4,120105,No Diabetes,Diabetes,0,exemplar,Diabetes,0.40754849833218254,0.8975953390707566,0.3509987818284519,0,-0.1849030033356348,3,0,"{""age"":0.09494812363987659,""blood_pressure"":0.0,""bmi"":0.4064792098117718,""glucose"":0.26104664710180325,""insulin"":0.23752601944654828}"
R_56kBaagYoPMItRS,diabetes,attribution,4,120105,No Diabetes,Diabetes,0,prototype,Diabetes,0.4438037302474948,0.8123728632744995,0.30935429048660146,0,-0.22573881940397883,3,0,"{""age"":0.09494812363987659,""blood_pressure"":0.0,""bmi"":0.4064792098117718,""glucose"":0.26104664710180325,""insulin"":0.23752601944654828}"
R_56kBaagYoPMItRS,diabetes,attribution,5,120108,No Diabetes,Diabetes,0,attribution,Diabetes,0.48426122974218394,0.7251307869955433,0.2659864791470443,0,-0.06297588611223878,4,0,"{""age"":0.2158505817094565,""blood_pressure"":0.0,""bmi"":0.4102199183792798,""glucose"":0.19578498532635244,""insulin"":0.1781445145849112}"
R_56kBaagYoPMItRS,diabetes,attribution,5,120108,No Diabetes,Diabetes,0,exemplar,Diabetes,0.33965137112909416,1.0798355664647241,0.43606031165168535,0,-0.3206972577418117,4,0,"{""age"":0.2158505817094565,""blood_pressure"":0.0,""bmi"":0.4102199183792798,""glucose"":0.19578498532635244,""insulin"":0.1781445145849112}"
R_56kBaagYoPMItRS,diabetes,attribution,5,120108,No Diabetes,Diabetes,0,prototype,Diabetes,0.43782035644167683,0.8259465978485288,0.3160459516313633,0,-0.25001276814240847,4,0,"{""age"":0.2158505817094565,""blood_pressure"":0.0,""bmi"":0.4102199183792798,""glucose"":0.19578498532635244,""insulin"":0.1781445145849112}"
R_56kBaagYoPMItRS,diabetes,attribution,6,120102,No Diabetes,No Diabetes,1,attribution,No Diabetes,0.5038858259503587,0.6854055723866619,0.24612927369295778,1,0.015543616743899983,5,0,"{""age"":0.17268046536756523,""blood_pressure"":0.1405223897968451,""bmi"":0.38765354490657883,""glucose"":0.15662798826108199,""insulin"":0.142515611667929}"
R_56kBaagYoPMItRS,diabetes,attribution,6,120102,No Diabetes,No Diabetes,1,exemplar,Diabetes,0.3043373826327695,1.1896183816691968,0.48394647720222567,0,-0.39132523473446096,5,0,"{""age"":0.17268046536756523,""blood_pressure"":0.1405223897968451,""bmi"":0.38765354490657883,""glucose"":0.15662798826108199,""insulin"":0.142515611667929}"
R_56kBaagYoPMItRS,diabetes,attribution,6,120102,No Diabetes,No Diabetes,1,prototype,Diabetes,0.4546566020210854,0.7882128658091121,0.2973994217191889,0,-0.1818732711028036,5,0,"{""age"":0.17268046536756523,""blood_pressure"":0.1405223897968451,""bmi"":0.38765354490657883,""glucose"":0.15662798826108199,""insulin"":0.142515611667929}"
R_56kBaagYoPMItRS,diabetes,attribution,7,120101,No Diabetes,Diabetes,0,attribution,Diabetes,0.45713213122254864,0.7827828024755666,0.2947055229509721,0,-0.1718934782316538,6,0,"{""age"":0.20102389729384443,""blood_pressure"":0.1171019914973709,""bmi"":0.32304462075548235,""glucose"":0.24006648073002826,""insulin"":0.11876300972327415}"
R_56kBaagYoPMItRS,diabetes,attribution,7,120101,No Diabetes,Diabetes,0,exemplar,Diabetes,0.3853223450088462,0.9536750352375535,0.3778286195454239,0,-0.22935530998230758,6,0,"{""age"":0.20102389729384443,""blood_pressure"":0.1171019914973709,""bmi"":0.32304462075548235,""glucose"":0.24006648073002826,""insulin"":0.11876300972327415}"
R_56kBaagYoPMItRS,diabetes,attribution,7,120101,No Diabetes,Diabetes,0,prototype,Diabetes,0.4687266585099784,0.7577354981160502,0.2822513633779731,0,-0.12525687532973512,6,0,"{""age"":0.20102389729384443,""blood_pressure"":0.1171019914973709,""bmi"":0.32304462075548235,""glucose"":0.24006648073002826,""insulin"":0.11876300972327415}"
R_56kBaagYoPMItRS,diabetes,attribution,8,120109,Diabetes,Diabetes,1,attribution,Diabetes,0.5255497257479431,0.6433104675510924,0.225103062737852,1,-0.10228799496938079,7,0,"{""age"":0.17230619768043806,""blood_pressure"":0.15328036058068228,""bmi"":0.2768953892189848,""glucose"":0.29572118704280265,""insulin"":0.10179686547709212}"
R_56kBaagYoPMItRS,diabetes,attribution,8,120109,Diabetes,Diabetes,1,exemplar,Diabetes,0.6578030286577138,0.41884974101504685,0.11709876719583345,1,-0.31560605731542757,7,0,"{""age"":0.17230619768043806,""blood_pressure"":0.15328036058068228,""bmi"":0.2768953892189848,""glucose"":0.29572118704280265,""insulin"":0.10179686547709212}"
R_56kBaagYoPMItRS,diabetes,attribution,8,120109,Diabetes,Diabetes,1,prototype,Diabetes,0.5366682877479987,0.6223750890278554,0.2146762755783714,1,-0.14693695124046216,7,0,"{""age"":0.17230619768043806,""blood_pressure"":0.15328036058068228,""bmi"":0.2768953892189848,""glucose"":0.29572118704280265,""insulin"":0.10179686547709212}"
R_56kBaagYoPMItRS,diabetes,attribution,9,120111,No Diabetes,No Diabetes,1,attribution,Diabetes,0.44552561379794525,0.8085005392280693,0.3074418449541453,0,-0.218765873367197,8,0,"{""age"":0.1507679229703833,""blood_pressure"":0.2004985513051682,""bmi"":0.24228346556661173,""glucose"":0.25875603866245234,""insulin"":0.1476940214953844}"
R_56kBaagYoPMItRS,diabetes,attribution,9,120111,No Diabetes,No Diabetes,1,exemplar,Diabetes,0.3115585732060923,1.166167922456563,0.47395159812603127,0,-0.3768828535878154,8,0,"{""age"":0.1507679229703833,""blood_pressure"":0.2004985513051682,""bmi"":0.24228346556661173,""glucose"":0.25875603866245234,""insulin"":0.1476940214953844}"
R_56kBaagYoPMItRS,diabetes,attribution,9,120111,No Diabetes,No Diabetes,1,prototype,Diabetes,0.4681970058773261,0.7588661189109046,0.28281442455784067,0,-0.1273839488885808,8,0,"{""age"":0.1507679229703833,""blood_pressure"":0.2004985513051682,""bmi"":0.24228346556661173,""glucose"":0.25875603866245234,""insulin"":0.1476940214953844}"
R_56kBaagYoPMItRS,diabetes,attribution,10,120103,Diabetes,No Diabetes,0,attribution,No Diabetes,0.47626757901312977,0.7417754419087738,0.27429564879276824,0,0.0950010698514901,9,0,"{""age"":0.13401593152922964,""blood_pressure"":0.24679479572399546,""bmi"":0.2579003303842534,""glucose"":0.23000536769995766,""insulin"":0.13128357466256393}"
R_56kBaagYoPMItRS,diabetes,attribution,10,120103,Diabetes,No Diabetes,0,exemplar,Diabetes,0.6384695453172666,0.448681301879251,0.13070426966310383,1,-0.27693909063453337,9,0,"{""age"":0.13401593152922964,""blood_pressure"":0.24679479572399546,""bmi"":0.2579003303842534,""glucose"":0.23000536769995766,""insulin"":0.13128357466256393}"
R_56kBaagYoPMItRS,diabetes,attribution,10,120103,Diabetes,No Diabetes,0,prototype,Diabetes,0.531724915236341,0.6316289999941302,0.219281555010412,1,-0.12707036779350203,9,0,"{""age"":0.13401593152922964,""blood_pressure"":0.24679479572399546,""bmi"":0.2579003303842534,""glucose"":0.23000536769995766,""insulin"":0.13128357466256393}"
R_56kBaagYoPMItRS,diabetes,attribution,11,120110,No Diabetes,No Diabetes,1,attribution,Diabetes,0.4898113175801833,0.7137350281973683,0.2602924916692686,0,-0.040760372042283666,10,0,"{""age"":0.15827534230313117,""blood_pressure"":0.2221153161515959,""bmi"":0.23211029734582805,""glucose"":0.2693438270031373,""insulin"":0.11815521719630753}"
R_56kBaagYoPMItRS,diabetes,attribution,11,120110,No Diabetes,No Diabetes,1,exemplar,Diabetes,0.42240755116921214,0.8617846699288223,0.3336130369463463,0,-0.15518489766157573,10,0,"{""age"":0.15827534230313117,""blood_pressure"":0.2221153161515959,""bmi"":0.23211029734582805,""glucose"":0.2693438270031373,""insulin"":0.11815521719630753}"
R_56kBaagYoPMItRS,diabetes,attribution,11,120110,No Diabetes,No Diabetes,1,prototype,Diabetes,0.49110212321168983,0.7111031825667485,0.2589770489996501,0,-0.03559526501174472,10,0,"{""age"":0.15827534230313117,""blood_pressure"":0.2221153161515959,""bmi"":0.23211029734582805,""glucose"":0.2693438270031373,""insulin"":0.11815521719630753}"
R_56kBaagYoPMItRS,diabetes,attribution,12,120106,No Diabetes,No Diabetes,1,attribution,No Diabetes,0.5130474432429956,0.6673869561324028,0.23712279253218363,1,0.05220162390285614,11,0,"{""age"":0.14388667482102835,""blood_pressure"":0.23840713525550294,""bmi"":0.21100936122348005,""glucose"":0.24485802454830666,""insulin"":0.161838804151682}"
R_56kBaagYoPMItRS,diabetes,attribution,12,120106,No Diabetes,No Diabetes,1,exemplar,Diabetes,0.46843442645401306,0.7583591519790325,0.2825619589792741,0,-0.06313114709197393,11,0,"{""age"":0.14388667482102835,""blood_pressure"":0.23840713525550294,""bmi"":0.21100936122348005,""glucose"":0.24485802454830666,""insulin"":0.161838804151682}"
R_56kBaagYoPMItRS,diabetes,attribution,12,120106,No Diabetes,No Diabetes,1,prototype,Diabetes,0.48847826172322517,0.7164603085442667,0.2616544887296933,0,-0.046095113125579464,11,0,"{""age"":0.14388667482102835,""blood_pressure"":0.23840713525550294,""bmi"":0.21100936122348005,""glucose"":0.24485802454830666,""insulin"":0.161838804151682}"
R_5Rv44YPGvhr8aCR,diabetes,attribution,1,120103,No Diabetes,No Diabetes,1,attribution,Diabetes,0.5,0.6931471805599453,0.25,0,0.0,0,0,"{""age"":0.2,""blood_pressure"":0.2,""bmi"":0.2,""glucose"":0.2,""insulin"":0.2}"
R_5Rv44YPGvhr8aCR,diabetes,attribution,1,120103,No Diabetes,No Diabetes,1,exemplar,Diabetes,0.5,0.6931471805599453,0.25,0,0.0,0,0,"{""age"":0.2,""blood_pressure"":0.2,""bmi"":0.2,""glucose"":0.2,""insulin"":0.2}"
R_5Rv44YPGvhr8aCR,diabetes,attribution,1,120103,No Diabetes,No Diabetes,1,prototype,Diabetes,0.5,0.6931471805599453,0.25,0,0.0,0,0,"{""age"":0.2,""blood_pressure"":0.2,""bmi"":0.2,""glucose"":0.2,""insulin"":0.2}"
R_5Rv44YPGvhr8aCR,diabetes,attribution,2,120111,Diabetes,No Diabetes,0,attribution,No Diabetes,0.3333333333333333,1.0986122886681098,0.4444444444444444,0,0.3333333333333333,1,0,"{""age"":0.3766100392682455,""blood_pressure"":0.0,""bmi"":0.0,""glucose"":0.6233899607317545,""insulin"":0.0}"
R_5Rv44YPGvhr8aCR,diabetes,attribution,2,120111,Diabetes,No Diabetes,0,exemplar,No Diabetes,0.396714162540825,0.9245392512147556,0.3639538016788181,0,0.20657167491835,1,0,"{""age"":0.3766100392682455,""blood_pressure"":0.0,""bmi"":0.0,""glucose"":0.6233899607317545,""insulin"":0.0}"
R_5Rv44YPGvhr8aCR,diabetes,attribution,2,120111,Diabetes,No Diabetes,0,prototype,No Diabetes,0.3333333333333333,1.0986122886681098,0.4444444444444444,0,0.3333333333333333,1,0,"{""age"":0.3766100392682455,""blood_pressure"":0.0,""bmi"":0.0,""glucose"":0.6233899607317545,""insulin"":0.0}"
R_5Rv44YPGvhr8aCR,diabetes,attribution,3,120102,Diabetes,No Diabetes,0,attribution,No Diabetes,0.490591616284201,0.7121432360029034,0.2594969013999427,0,0.037637977451498175,2,0,"{""age"":0.18830501963412277,""blood_pressure"":0.30858237553730683,""bmi"":0.19141762446269323,""glucose"":0.3116949803658773,""insulin"":0.0}"
R_5Rv44YPGvhr8aCR,diabetes,attribution,3,120102,Diabetes,No Diabetes,0,exemplar,No Diabetes,0.28009381953121826,1.2726306621818702,0.5182649086771501,0,0.4398123609375635,2,0,"{""age"":0.18830501963412277,""blood_pressure"":0.30858237553730683,""bmi"":0.19141762446269323,""glucose"":0.3116949803658773,""insulin"":0.0}"
R_5Rv44YPGvhr8aCR,diabetes,attribution,3,120102,Diabetes,No Diabetes,0,prototype,No Diabetes,0.25,1.3862943611198906,0.5625,0,0.5,2,0,"{""age"":0.18830501963412277,""blood_pressure"":0.30858237553730683,""bmi"":0.19141762446269323,""glucose"":0.3116949803658773,""insulin"":0.0}"
R_5Rv44YPGvhr8aCR,diabetes,attribution,4,120100,Diabetes,Diabetes,1,attribution,Diabetes,0.6057099549981644,0.5013540296041881,0.1554646395875496,1,-0.4293144560820792,3,0,"{""age"":0.23978369873116198,""blood_pressure"":0.20572158369153784,""bmi"":0.12761174964179547,""glucose"":0.4268829679355047,""insulin"":0.0}"
R_5Rv44YPGvhr8aCR,diabetes,attribution,4,120100,Diabetes,Diabetes,1,exemplar,No Diabetes,0.25264293547541383,1.3757781093394346,0.5585425818948064,0,0.49471412904917234,3,0,"{""age"":0.23978369873116198,""blood_pressure"":0.20572158369153784,""bmi"":0.12761174964179547,""glucose"":0.4268829679355047,""insulin"":0.0}"
R_5Rv44YPGvhr8aCR,diabetes,attribution,4,120100,Diabetes,Diabetes,1,prototype,No Diabetes,0.2,1.6094379124341003,0.6400000000000001,0,0.6000000000000001,3,0,"{""age"":0.23978369873116198,""blood_pressure"":0.20572158369153784,""bmi"":0.12761174964179547,""glucose"":0.4268829679355047,""insulin"":0.0}"
R_5Rv44YPGvhr8aCR,diabetes,attribution,5,120101,No Diabetes,Diabetes,0,attribution,No Diabetes,0.518559654426801,0.6567002059984073,0.2317848063456413,1,0.07427274231145986,4,0,"{""age"":0.17983777404837148,""blood_pressure"":0.1542911877686534,""bmi"":0.0957088122313466,""glucose"":0.5159472112779809,""insulin"":0.054215014673647546}"
R_5Rv44YPGvhr8aCR,diabetes,attribution,5,120101,No Diabetes,Diabetes,0,exemplar,No Diabetes,0.6526929796989072,0.42664842918415136,0.1206221663504237,1,0.30538595939781427,4,0,"{""age"":0.17983777404837148,""blood_pressure"":0.1542911877686534,""bmi"":0.0957088122313466,""glucose"":0.5159472112779809,""insulin"":0.054215014673647546}"
R_5Rv44YPGvhr8aCR,diabetes,attribution,5,120101,No Diabetes,Diabetes,0,prototype,No Diabetes,0.5605808846094842,0.5787817389250531,0.19308915897058346,1,0.24351987766065783,4,0,"{""age"":0.17983777404837148,""blood_pressure"":0.1542911877686534,""bmi"":0.0957088122313466,""glucose"":0.5159472112779809,""insulin"":0.054215014673647546}"
R_5Rv44YPGvhr8aCR,diabetes,attribution,6,120107,Diabetes,No Diabetes,0,attribution,Diabetes,0.5066893279832654,0.6798572285273544,0.24335541912560238,1,-0.02675890852099406,5,0,"{""age"":0.14387021923869722,""blood_pressure"":0.1975030652310329,""bmi"":0.07656704978507729,""glucose"":0.5386876540062747,""insulin"":0.04337201173891805}"
R_5Rv44YPGvhr8aCR,diabetes,attribution,6,120107,Diabetes,No Diabetes,0,exemplar,No Diabetes,0.4505690481189344,0.7972439437140472,0.30187437088493385,0,0.09886190376213122,5,0,"{""age"":0.14387021923869722,""blood_pressure"":0.1975030652310329,""bmi"":0.07656704978507729,""glucose"":0.5386876540062747,""insulin"":0.04337201173891805}"
R_5Rv44YPGvhr8aCR,diabetes,attribution,6,120107,Diabetes,No Diabetes,0,prototype,No Diabetes,0.483186506444586,0.7273525581558696,0.2670961871209519,0,0.06727934112211667,5,0,"{""age"":0.14387021923869722,""blood_pressure"":0.1975030652310329,""bmi"":0.07656704978507729,""glucose"":0.5386876540062747,""insulin"":0.04337201173891805}"
R_5Rv44YPGvhr8aCR,diabetes,attribution,7,120110,Diabetes,No Diabetes,0,attribution,No Diabetes,0.4597163582919289,0.7771455920914616,0.2919064134973353,0,0.16148457718798004,6,0,"{""age"":0.1673659111855193,""blood_pressure"":0.1645858876925274,""bmi"":0.1829984796676261,""glucose"":0.4489063783385622,""insulin"":0.03614334311576504}"
R_5Rv44YPGvhr8aCR,diabetes,attribution,7,120110,Diabetes,No Diabetes,0,exemplar,No Diabetes,0.37129010133154505,0.9907715776439828,0.39527613668369876,0,0.2574197973369098,6,0,"{""age"":0.1673659111855193,""blood_pressure"":0.1645858876925274,""bmi"":0.1829984796676261,""glucose"":0.4489063783385622,""insulin"":0.03614334311576504}"
R_5Rv44YPGvhr8aCR,diabetes,attribution,7,120110,Diabetes,No Diabetes,0,prototype,No Diabetes,0.45181266857684166,0.7944876351093009,0.30050935033284354,0,0.1933494303219608,6,0,"{""age"":0.1673659111855193,""blood_pressure"":0.1645858876925274,""bmi"":0.1829984796676261,""glucose"":0.4489063783385622,""insulin"":0.03614334311576504}"
R_5Rv44YPGvhr8aCR,diabetes,attribution,8,120106,No Diabetes,No Diabetes,1,attribution,No Diabetes,0.5575542762705736,0.584195423847558,0.19575821844645588,1,0.23124205644831666,7,0,"{""age"":0.1434564953018737,""blood_pressure"":0.19840580749281966,""bmi"":0.1568558397151081,""glucose"":0.3847768957187676,""insulin"":0.11650496177143099}"
R_5Rv44YPGvhr8aCR,diabetes,attribution,8,120106,No Diabetes,No Diabetes,1,exemplar,No Diabetes,0.6803320583000576,0.38517427897240175,0.10218759295067777,1,0.3606641166001152,7,0,"{""age"":0.1434564953018737,""blood_pressure"":0.19840580749281966,""bmi"":0.1568558397151081,""glucose"":0.3847768957187676,""insulin"":0.11650496177143099}"
R_5Rv44YPGvhr8aCR,diabetes,attribution,8,120106,No Diabetes,No Diabetes,1,prototype,No Diabetes,0.5531217610850071,0.5921771189026115,0.19970016041576547,1,0.21329199873585725,7,0,"{""age"":0.1434564953018737,""blood_pressure"":0.19840580749281966,""bmi"":0.1568558397151081,""glucose"":0.3847768957187676,""insulin"":0.11650496177143099}"
R_5Rv44YPGvhr8aCR,diabetes,attribution,9,120104,No Diabetes,Diabetes,0,attribution,No Diabetes,0.540623747653292,0.6150317177781361,0.21102654122010633,1,0.16285396504370042,8,0,"{""age"":0.1255244333891395,""blood_pressure"":0.21948934655939709,""bmi"":0.2163645947475397,""glucose"":0.33667978375392166,""insulin"":0.10194184155000212}"
R_5Rv44YPGvhr8aCR,diabetes,attribution,9,120104,No Diabetes,Diabetes,0,exemplar,No Diabetes,0.7095953860414845,0.34306035020423625,0.0843348398083944,1,0.419190772082969,8,0,"{""age"":0.1255244333891395,""blood_pressure"":0.21948934655939709,""bmi"":0.2163645947475397,""glucose"":0.33667978375392166,""insulin"":0.10194184155000212}"
R_5Rv44YPGvhr8aCR,diabetes,attribution,9,120104,No Diabetes,Diabetes,0,prototype,No Diabetes,0.5523589489595154,0.5935571741846777,0.2003825105766297,1,0.21020641889112626,8,0,"{""age"":0.1255244333891395,""blood_pressure"":0.21948934655939709,""bmi"":0.2163645947475397,""glucose"":0.33667978375392166,""insulin"":0.10194184155000212}"
R_5Rv44YPGvhr8aCR,diabetes,attribution,10,120108,No Diabetes,Diabetes,0,attribution,No Diabetes,0.5395371558644798,0.6170436257296211,0.21202603082937235,1,0.15847948672878945,9,0,"{""age"":0.11157727412367952,""blood_pressure"":0.19510164138613073,""bmi"":0.24835541759280697,""glucose"":0.2992709188923748,""insulin"":0.14569474800500792}"
R_5Rv44YPGvhr8aCR,diabetes,attribution,10,120108,No Diabetes,Diabetes,0,exemplar,No Diabetes,0.6487191267954989,0.432755434388949,0.12339825187931676,1,0.29743825359099785,9,0,"{""age"":0.11157727412367952,""blood_pressure"":0.19510164138613073,""bmi"":0.24835541759280697,""glucose"":0.2992709188923748,""insulin"":0.14569474800500792}"
R_5Rv44YPGvhr8aCR,diabetes,attribution,10,120108,No Diabetes,Diabetes,0,prototype,No Diabetes,0.5292308849182238,0.6363304869208274,0.22162355971487865,1,0.11705701975782956,9,0,"{""age"":0.11157727412367952,""blood_pressure"":0.19510164138613073,""bmi"":0.24835541759280697,""glucose"":0.2992709188923748,""insulin"":0.14569474800500792}"
R_5Rv44YPGvhr8aCR,diabetes,attribution,11,120109,Diabetes,Diabetes,1,attribution,Diabetes,0.5233991676281252,0.647410879204274,0.2271483534175639,1,-0.09366508863578135,10,0,"{""age"":0.10041954671131158,""blood_pressure"":0.24585267214594017,""bmi"":0.2532586809351038,""glucose"":0.26934382700313736,""insulin"":0.13112527320450715}"
R_5Rv44YPGvhr8aCR,diabetes,attribution,11,120109,Diabetes,Diabetes,1,exemplar,No Diabetes,0.40875154948927167,0.8946477659784176,0.3495747302313372,0,0.18249690102145671,10,0,"{""age"":0.10041954671131158,""blood_pressure"":0.24585267214594017,""bmi"":0.2532586809351038,""glucose"":0.26934382700313736,""insulin"":0.13112527320450715}"
R_5Rv44YPGvhr8aCR,diabetes,attribution,11,120109,Diabetes,Diabetes,1,prototype,No Diabetes,0.4987021711359821,0.6957462128482355,0.25129951322377825,0,0.0051913271148426865,10,0,"{""age"":0.10041954671131158,""blood_pressure"":0.24585267214594017,""bmi"":0.2532586809351038,""glucose"":0.26934382700313736,""insulin"":0.13112527320450715}"
R_5Rv44YPGvhr8aCR,diabetes,attribution,12,120105,No Diabetes,Diabetes,0,attribution,No Diabetes,0.5087794328189088,0.6757406906920642,0.24129764562171294,1,0.035121341036708845,11,0,"{""age"":0.09129049701028326,""blood_pressure"":0.27177750980327015,""bmi"":0.23023516448645798,""glucose"":0.24485802454830669,""insulin"":0.161838804151682}"
R_5Rv44YPGvhr8aCR,diabetes,attribution,12,120105,No Diabetes,Diabetes,0,exemplar,No Diabetes,0.5411333253815834,0.6140895880177938,0.2105586250753638,1,0.0822666507631668,11,0,"{""age"":0.09129049701028326,""blood_pressure"":0.27177750980327015,""bmi"":0.23023516448645798,""glucose"":0.24485802454830669,""insulin"":0.161838804151682}"
R_5Rv44YPGvhr8aCR,diabetes,attribution,12,120105,No Diabetes,Diabetes,0,prototype,Diabetes,0.49095541025414163,0.7114019694578217,0.25912639434952933,0,-0.0361823058334424,11,0,"{""age"":0.09129049701028326,""blood_pressure"":0.27177750980327015,""bmi"":0.23023516448645798,""glucose"":0.24485802454830669,""insulin"":0.161838804151682}"
R_6haS2ptrunWMddu,diabetes,attribution,1,120109,No Diabetes,Diabetes,0,attribution,Diabetes,0.5,0.6931471805599453,0.25,0,0.0,0,0,"{""age"":0.2,""blood_pressure"":0.2,""bmi"":0.2,""glucose"":0.2,""insulin"":0.2}"
R_6haS2ptrunWMddu,diabetes,attribution,1,120109,No Diabetes,Diabetes,0,exemplar,Diabetes,0.5,0.6931471805599453,0.25,0,0.0,0,0,"{""age"":0.2,""blood_pressure"":0.2,""bmi"":0.2,""glucose"":0.2,""insulin"":0.2}"
R_6haS2ptrunWMddu,diabetes,attribution,1,120109,No Diabetes,Diabetes,0,prototype,Diabetes,0.5,0.6931471805599453,0.25,0,0.0,0,0,"{""age"":0.2,""blood_pressure"":0.2,""bmi"":0.2,""glucose"":0.2,""insulin"":0.2}"
R_6haS2ptrunWMddu,diabetes,attribution,2,120106,No Diabetes,No Diabetes,1,attribution,Diabetes,0.3333333333333333,1.0986122886681098,0.44444444444444453,0,-0.3333333333333333,1,0,"{""age"":0.0,""blood_pressure"":0.5310258863765696,""bmi"":0.0,""glucose"":0.0,""insulin"":0.46897411362343044}"
R_6haS2ptrunWMddu,diabetes,attribution,2,120106,No Diabetes,No Diabetes,1,exemplar,Diabetes,0.3494389693407451,1.0514263553298653,0.42322965461243195,0,-0.30112206131850977,1,0,"{""age"":0.0,""blood_pressure"":0.5310258863765696,""bmi"":0.0,""glucose"":0.0,""insulin"":0.46897411362343044}"
R_6haS2ptrunWMddu,diabetes,attribution,2,120106,No Diabetes,No Diabetes,1,prototype,Diabetes,0.3333333333333333,1.0986122886681098,0.44444444444444453,0,-0.3333333333333333,1,0,"{""age"":0.0,""blood_pressure"":0.5310258863765696,""bmi"":0.0,""glucose"":0.0,""insulin"":0.46897411362343044}"
R_6haS2ptrunWMddu,diabetes,attribution,3,120101,Diabetes,Diabetes,1,attribution,Diabetes,0.5310690495462855,0.6328632293839208,0.21989623629342397,1,-0.12443651916850285,2,0,"{""age"":0.0,""blood_pressure"":0.44905000320100436,""bmi"":0.3164629399872804,""glucose"":0.0,""insulin"":0.23448705681171522}"
R_6haS2ptrunWMddu,diabetes,attribution,3,120101,Diabetes,Diabetes,1,exemplar,No Diabetes,0.4955504173681652,0.7020861798975774,0.25446938141743236,0,0.008899165263669628,2,0,"{""age"":0.0,""blood_pressure"":0.44905000320100436,""bmi"":0.3164629399872804,""glucose"":0.0,""insulin"":0.23448705681171522}"
R_6haS2ptrunWMddu,diabetes,attribution,3,120101,Diabetes,Diabetes,1,prototype,No Diabetes,0.49006852939411666,0.7132100417500298,0.2600301047142788,0,0.039731108096610956,2,0,"{""age"":0.0,""blood_pressure"":0.44905000320100436,""bmi"":0.3164629399872804,""glucose"":0.0,""insulin"":0.23448705681171522}"
R_6haS2ptrunWMddu,diabetes,attribution,4,120100,Diabetes,Diabetes,1,attribution,Diabetes,0.5751550697285162,0.5531155880592737,0.18049321477738192,1,-0.3029154585291324,3,0,"{""age"":0.0,""blood_pressure"":0.4228168604941865,""bmi"":0.21097529332485362,""glucose"":0.20988314163981645,""insulin"":0.15632470454114347}"
R_6haS2ptrunWMddu,diabetes,attribution,4,120100,Diabetes,Diabetes,1,exemplar,Diabetes,0.5883952568644358,0.5303563513607038,0.16941846457169385,1,-0.17679051372887156,3,0,"{""age"":0.0,""blood_pressure"":0.4228168604941865,""bmi"":0.21097529332485362,""glucose"":0.20988314163981645,""insulin"":0.15632470454114347}"
R_6haS2ptrunWMddu,diabetes,attribution,4,120100,Diabetes,Diabetes,1,prototype,Diabetes,0.5196661101293518,0.6545687695436175,0.23072064575826798,1,-0.0787050434596559,3,0,"{""age"":0.0,""blood_pressure"":0.4228168604941865,""bmi"":0.21097529332485362,""glucose"":0.20988314163981645,""insulin"":0.15632470454114347}"
R_6haS2ptrunWMddu,diabetes,attribution,5,120111,Diabetes,No Diabetes,0,attribution,Diabetes,0.5494155774107075,0.5989001522269072,0.2030263218801262,1,-0.19830966972906103,4,0,"{""age"":0.0,""blood_pressure"":0.3171126453706399,""bmi"":0.1582314699936402,""glucose"":0.35319734155621474,""insulin"":0.17145854307950514}"
R_6haS2ptrunWMddu,diabetes,attribution,5,120111,Diabetes,No Diabetes,0,exemplar,Diabetes,0.66629647521108,0.40602054952056926,0.11135804245654925,1,-0.3325929504221602,4,0,"{""age"":0.0,""blood_pressure"":0.3171126453706399,""bmi"":0.1582314699936402,""glucose"":0.35319734155621474,""insulin"":0.17145854307950514}"
R_6haS2ptrunWMddu,diabetes,attribution,5,120111,Diabetes,No Diabetes,0,prototype,Diabetes,0.5708611298725356,0.5606093040321977,0.18416016985427675,1,-0.28536540181277115,4,0,"{""age"":0.0,""blood_pressure"":0.3171126453706399,""bmi"":0.1582314699936402,""glucose"":0.35319734155621474,""insulin"":0.17145854307950514}"
R_6haS2ptrunWMddu,diabetes,attribution,6,120110,No Diabetes,No Diabetes,1,attribution,Diabetes,0.49867616690188615,0.6957983580234616,0.25132558563218543,0,-0.005295344766174525,5,0,"{""age"":0.0,""blood_pressure"":0.3771230665114346,""bmi"":0.20315222577998948,""glucose"":0.28255787324497184,""insulin"":0.13716683446360414}"
R_6haS2ptrunWMddu,diabetes,attribution,6,120110,No Diabetes,No Diabetes,1,exemplar,Diabetes,0.4466992707519182,0.8058696831485258,0.30614169698645916,0,-0.10660145849616365,5,0,"{""age"":0.0,""blood_pressure"":0.3771230665114346,""bmi"":0.20315222577998948,""glucose"":0.28255787324497184,""insulin"":0.13716683446360414}"
R_6haS2ptrunWMddu,diabetes,attribution,6,120110,No Diabetes,No Diabetes,1,prototype,No Diabetes,0.5111556291863427,0.6710811770522306,0.23896881887620047,1,0.04462992320529689,5,0,"{""age"":0.0,""blood_pressure"":0.3771230665114346,""bmi"":0.20315222577998948,""glucose"":0.28255787324497184,""insulin"":0.13716683446360414}"
R_6haS2ptrunWMddu,diabetes,attribution,7,120105,No Diabetes,Diabetes,0,attribution,No Diabetes,0.5430376035157972,0.6105767100356618,0.20881463180058574,1,0.17257746484210587,6,0,"{""age"":0.0,""blood_pressure"":0.381156776475291,""bmi"":0.16929352148332455,""glucose"":0.23546489437080984,""insulin"":0.21408480767057456}"
R_6haS2ptrunWMddu,diabetes,attribution,7,120105,No Diabetes,Diabetes,0,exemplar,No Diabetes,0.5011206807262171,0.6909083272110794,0.24888057519907306,1,0.002241361452434032,6,0,"{""age"":0.0,""blood_pressure"":0.381156776475291,""bmi"":0.16929352148332455,""glucose"":0.23546489437080984,""insulin"":0.21408480767057456}"
R_6haS2ptrunWMddu,diabetes,attribution,7,120105,No Diabetes,Diabetes,0,prototype,Diabetes,0.4826567068621471,0.7284496298716038,0.26764408295471837,0,-0.06940101497865771,6,0,"{""age"":0.0,""blood_pressure"":0.381156776475291,""bmi"":0.16929352148332455,""glucose"":0.23546489437080984,""insulin"":0.21408480767057456}"
R_6haS2ptrunWMddu,diabetes,attribution,8,120104,No Diabetes,Diabetes,0,attribution,No Diabetes,0.5553530581462979,0.5881512266833544,0.19771090289984955,1,0.22232347412504228,7,0,"{""age"":0.08265113655974234,""blood_pressure"":0.32670580840739233,""bmi"":0.20531473899739303,""glucose"":0.201827052317837,""insulin"":0.18350126371763537}"
R_6haS2ptrunWMddu,diabetes,attribution,8,120104,No Diabetes,Diabetes,0,exemplar,Diabetes,0.44558871618620705,0.808358913431594,0.307371871620058,0,-0.10882256762758596,7,0,"{""age"":0.08265113655974234,""blood_pressure"":0.32670580840739233,""bmi"":0.20531473899739303,""glucose"":0.201827052317837,""insulin"":0.18350126371763537}"
R_6haS2ptrunWMddu,diabetes,attribution,8,120104,No Diabetes,Diabetes,0,prototype,Diabetes,0.4781236554265735,0.7378858865850065,0.2723549190253218,0,-0.08756127963279298,7,0,"{""age"":0.08265113655974234,""blood_pressure"":0.32670580840739233,""bmi"":0.20531473899739303,""glucose"":0.201827052317837,""insulin"":0.18350126371763537}"
R_6haS2ptrunWMddu,diabetes,attribution,9,120107,Diabetes,No Diabetes,0,attribution,Diabetes,0.5156085036717504,0.6624075152840043,0.23463512171512071,1,-0.06245430723470426,8,0,"{""age"":0.07231974448977455,""blood_pressure"":0.2858675823564683,""bmi"":0.24268564666708706,""glucose"":0.1765986707781074,""insulin"":0.22252835570856275}"
R_6haS2ptrunWMddu,diabetes,attribution,9,120107,Diabetes,No Diabetes,0,exemplar,Diabetes,0.5976275655300674,0.5147875191690039,0.16190357602126038,1,-0.19525513106013453,8,0,"{""age"":0.07231974448977455,""blood_pressure"":0.2858675823564683,""bmi"":0.24268564666708706,""glucose"":0.1765986707781074,""insulin"":0.22252835570856275}"
R_6haS2ptrunWMddu,diabetes,attribution,9,120107,Diabetes,No Diabetes,0,prototype,Diabetes,0.524727688091763,0.6448758403053906,0.22588377046660052,1,-0.09899151068115555,8,0,"{""age"":0.07231974448977455,""blood_pressure"":0.2858675823564683,""bmi"":0.24268564666708706,""glucose"":0.1765986707781074,""insulin"":0.22252835570856275}"
R_6haS2ptrunWMddu,diabetes,attribution,10,120108,No Diabetes,Diabetes,0,attribution,Diabetes,0.47107418163303194,0.7527396992079488,0.2797625213351669,0,-0.11583261232085791,9,0,"{""age"":0.09593359187086957,""blood_pressure"":0.25410451765019404,""bmi"":0.2951823113796741,""glucose"":0.15697659624720658,""insulin"":0.19780298285205578}"
R_6haS2ptrunWMddu,diabetes,attribution,10,120108,No Diabetes,Diabetes,0,exemplar,Diabetes,0.4657559522445761,0.7640934896688947,0.28541670256209967,0,-0.06848809551084767,9,0,"{""age"":0.09593359187086957,""blood_pressure"":0.25410451765019404,""bmi"":0.2951823113796741,""glucose"":0.15697659624720658,""insulin"":0.19780298285205578}"
R_6haS2ptrunWMddu,diabetes,attribution,10,120108,No Diabetes,Diabetes,0,prototype,No Diabetes,0.500488815039102,0.6921700280507942,0.24951142390104042,1,0.0019552607793288934,9,0,"{""age"":0.09593359187086957,""blood_pressure"":0.25410451765019404,""bmi"":0.2951823113796741,""glucose"":0.15697659624720658,""insulin"":0.19780298285205578}"
R_6haS2ptrunWMddu,diabetes,attribution,11,120102,No Diabetes,No Diabetes,1,attribution,No Diabetes,0.5208116685316799,0.6523667833240198,0.22962145701539258,1,0.08329479917771848,10,0,"{""age"":0.0863402326837826,""blood_pressure"":0.29895526078359713,""bmi"":0.29540288534328407,""glucose"":0.1412789366224859,""insulin"":0.17802268456685016}"
R_6haS2ptrunWMddu,diabetes,attribution,11,120102,No Diabetes,No Diabetes,1,exemplar,Diabetes,0.4280598723347774,0.8484922045511852,0.32711550963371117,0,-0.14388025533044535,10,0,"{""age"":0.0863402326837826,""blood_pressure"":0.29895526078359713,""bmi"":0.29540288534328407,""glucose"":0.1412789366224859,""insulin"":0.17802268456685016}"
R_6haS2ptrunWMddu,diabetes,attribution,11,120102,No Diabetes,No Diabetes,1,prototype,No Diabetes,0.5009793577544438,0.6911903808330401,0.2490216013871674,1,0.003917436027614921,10,0,"{""age"":0.0863402326837826,""blood_pressure"":0.29895526078359713,""bmi"":0.29540288534328407,""glucose"":0.1412789366224859,""insulin"":0.17802268456685016}"
R_6haS2ptrunWMddu,diabetes,attribution,12,120103,No Diabetes,No Diabetes,1,attribution,No Diabetes,0.51857867030843,0.6566635360939642,0.23176649668199936,1,0.07434891089389613,11,0,"{""age"":0.10964939852391514,""blood_pressure"":0.2717775098032702,""bmi"":0.26854807758480376,""glucose"":0.188186209936329,""insulin"":0.161838804151682}"
R_6haS2ptrunWMddu,diabetes,attribution,12,120103,No Diabetes,No Diabetes,1,exemplar,Diabetes,0.4570152512299281,0.7830385161504094,0.2948324373968981,0,-0.08596949754014377,11,0,"{""age"":0.10964939852391514,""blood_pressure"":0.2717775098032702,""bmi"":0.26854807758480376,""glucose"":0.188186209936329,""insulin"":0.161838804151682}"
R_6haS2ptrunWMddu,diabetes,attribution,12,120103,No Diabetes,No Diabetes,1,prototype,Diabetes,0.47286055078404843,0.7489547525961379,0.2778759989196968,0,-0.1086645966703739,11,0,"{""age"":0.10964939852391514,""blood_pressure"":0.2717775098032702,""bmi"":0.26854807758480376,""glucose"":0.188186209936329,""insulin"":0.161838804151682}"
R_7nq1k9p3nFmxZjK,diabetes,attribution,1,120105,No Diabetes,Diabetes,0,attribution,Diabetes,0.5,0.6931471805599453,0.25,0,0.0,0,0,"{""age"":0.2,""blood_pressure"":0.2,""bmi"":0.2,""glucose"":0.2,""insulin"":0.2}"
R_7nq1k9p3nFmxZjK,diabetes,attribution,1,120105,No Diabetes,Diabetes,0,exemplar,Diabetes,0.5,0.6931471805599453,0.25,0,0.0,0,0,"{""age"":0.2,""blood_pressure"":0.2,""bmi"":0.2,""glucose"":0.2,""insulin"":0.2}"
R_7nq1k9p3nFmxZjK,diabetes,attribution,1,120105,No Diabetes,Diabetes,0,prototype,Diabetes,0.5,0.6931471805599453,0.25,0,0.0,0,0,"{""age"":0.2,""blood_pressure"":0.2,""bmi"":0.2,""glucose"":0.2,""insulin"":0.2}"
R_7nq1k9p3nFmxZjK,diabetes,attribution,2,120108,Diabetes,Diabetes,1,attribution,Diabetes,0.6666666666666666,0.40546510810816444,0.1111111111111111,1,-0.3333333333333333,1,0,"{""age"":0.5785579559181963,""blood_pressure"":0.0,""bmi"":0.4214420440818037,""glucose"":0.0,""insulin"":0.0}"
R_7nq1k9p3nFmxZjK,diabetes,attribution,2,120108,Diabetes,Diabetes,1,exemplar,Diabetes,0.6403472284402122,0.4457447053146097,0.12935011609063685,1,-0.2806944568804245,1,0,"{""age"":0.5785579559181963,""blood_pressure"":0.0,""bmi"":0.4214420440818037,""glucose"":0.0,""insulin"":0.0}"
R_7nq1k9p3nFmxZjK,diabetes,attribution,2,120108,Diabetes,Diabetes,1,prototype,Diabetes,0.6666666666666666,0.40546510810816444,0.1111111111111111,1,-0.3333333333333333,1,0,"{""age"":0.5785579559181963,""blood_pressure"":0.0,""bmi"":0.4214420440818037,""glucose"":0.0,""insulin"":0.0}"
R_7nq1k9p3nFmxZjK,diabetes,attribution,3,120111,Diabetes,No Diabetes,0,attribution,No Diabetes,0.4858804224161184,0.7217927297668144,0.2643189400550289,0,0.05649333039684874,2,0,"{""age"":0.2892789779590981,""blood_pressure"":0.35130597449211265,""bmi"":0.35941504754878917,""glucose"":0.0,""insulin"":0.0}"
R_7nq1k9p3nFmxZjK,diabetes,attribution,3,120111,Diabetes,No Diabetes,0,exemplar,Diabetes,0.7296045031670855,0.3152526681370531,0.07311372470751869,1,-0.45920900633417094,2,0,"{""age"":0.2892789779590981,""blood_pressure"":0.35130597449211265,""bmi"":0.35941504754878917,""glucose"":0.0,""insulin"":0.0}"
R_7nq1k9p3nFmxZjK,diabetes,attribution,3,120111,Diabetes,No Diabetes,0,prototype,Diabetes,0.75,0.2876820724517809,0.0625,1,-0.5,2,0,"{""age"":0.2892789779590981,""blood_pressure"":0.35130597449211265,""bmi"":0.35941504754878917,""glucose"":0.0,""insulin"":0.0}"
R_7nq1k9p3nFmxZjK,diabetes,attribution,4,120101,Diabetes,Diabetes,1,attribution,No Diabetes,0.4841320440164305,0.7253975912578621,0.266119748010666,0,0.06349314575283763,3,0,"{""age"":0.1928526519727321,""blood_pressure"":0.4399255666862797,""bmi"":0.36722178134098826,""glucose"":0.0,""insulin"":0.0}"
R_7nq1k9p3nFmxZjK,diabetes,attribution,4,120101,Diabetes,Diabetes,1,exemplar,Diabetes,0.5806065781935777,0.5436818974634081,0.17589084225449966,1,-0.16121315638715544,3,0,"{""age"":0.1928526519727321,""blood_pressure"":0.4399255666862797,""bmi"":0.36722178134098826,""glucose"":0.0,""insulin"":0.0}"
R_7nq1k9p3nFmxZjK,diabetes,attribution,4,120101,Diabetes,Diabetes,1,prototype,Diabetes,0.5016657855551176,0.6898211468373493,0.2483369892863981,1,-0.006663166872852594,3,0,"{""age"":0.1928526519727321,""blood_pressure"":0.4399255666862797,""bmi"":0.36722178134098826,""glucose"":0.0,""insulin"":0.0}"
R_7nq1k9p3nFmxZjK,diabetes,attribution,5,120103,No Diabetes,No Diabetes,1,attribution,No Diabetes,0.5120300819790424,0.6693719018032528,0.23811464089338005,1,0.0481296166254466,4,0,"{""age"":0.14463948897954906,""blood_pressure"":0.4225318187848474,""bmi"":0.27541633600574117,""glucose"":0.15741235622986233,""insulin"":0.0}"
R_7nq1k9p3nFmxZjK,diabetes,attribution,5,120103,No Diabetes,No Diabetes,1,exemplar,Diabetes,0.3383477900088796,1.083680947996936,0.4377836469861337,0,-0.3233044199822408,4,0,"{""age"":0.14463948897954906,""blood_pressure"":0.4225318187848474,""bmi"":0.27541633600574117,""glucose"":0.15741235622986233,""insulin"":0.0}"
R_7nq1k9p3nFmxZjK,diabetes,attribution,5,120103,No Diabetes,No Diabetes,1,prototype,Diabetes,0.4563804595716536,0.7844284761709537,0.29552220473552654,0,-0.17492282515592952,4,0,"{""age"":0.14463948897954906,""blood_pressure"":0.4225318187848474,""bmi"":0.27541633600574117,""glucose"":0.15741235622986233,""insulin"":0.0}"
R_7nq1k9p3nFmxZjK,diabetes,attribution,6,120109,No Diabetes,Diabetes,0,attribution,Diabetes,0.4962989343803659,0.7005768435190626,0.25371476350635497,0,-0.01480453287023973,5,0,"{""age"":0.19103359903728837,""blood_pressure"":0.33802545502787795,""bmi"":0.22033306880459294,""glucose"":0.25060787713024074,""insulin"":0.0}"
R_7nq1k9p3nFmxZjK,diabetes,attribution,6,120109,No Diabetes,Diabetes,0,exemplar,Diabetes,0.43013851376838697,0.8436479971229012,0.3247421134901029,0,-0.13972297246322607,5,0,"{""age"":0.19103359903728837,""blood_pressure"":0.33802545502787795,""bmi"":0.22033306880459294,""glucose"":0.25060787713024074,""insulin"":0.0}"
R_7nq1k9p3nFmxZjK,diabetes,attribution,6,120109,No Diabetes,Diabetes,0,prototype,Diabetes,0.48752360875402667,0.7184165615034552,0.26263205158449593,0,-0.049915926611301675,5,0,"{""age"":0.19103359903728837,""blood_pressure"":0.33802545502787795,""bmi"":0.22033306880459294,""glucose"":0.25060787713024074,""insulin"":0.0}"
R_7nq1k9p3nFmxZjK,diabetes,attribution,7,120102,Diabetes,No Diabetes,0,attribution,No Diabetes,0.499880945225059,0.6933853184624069,0.25011906894898045,0,0.0004762191087638243,6,0,"{""age"":0.159194665864407,""blood_pressure"":0.3701921935859932,""bmi"":0.18361089067049413,""glucose"":0.20883989760853397,""insulin"":0.07816235227057175}"
R_7nq1k9p3nFmxZjK,diabetes,attribution,7,120102,Diabetes,No Diabetes,0,exemplar,Diabetes,0.6157644939798549,0.48489070351738495,0.14763692408655701,1,-0.23152898795970972,6,0,"{""age"":0.159194665864407,""blood_pressure"":0.3701921935859932,""bmi"":0.18361089067049413,""glucose"":0.20883989760853397,""insulin"":0.07816235227057175}"
R_7nq1k9p3nFmxZjK,diabetes,attribution,7,120102,Diabetes,No Diabetes,0,prototype,No Diabetes,0.49921663383228554,0.6947151415039146,0.2507839798302673,0,0.003133467234715026,6,0,"{""age"":0.159194665864407,""blood_pressure"":0.3701921935859932,""bmi"":0.18361089067049413,""glucose"":0.20883989760853397,""insulin"":0.07816235227057175}"
R_7nq1k9p3nFmxZjK,diabetes,attribution,8,120104,Diabetes,Diabetes,1,attribution,No Diabetes,0.4399211286288709,0.8211598212537927,0.31368834215635777,0,0.2414821578177438,7,0,"{""age"":0.1854155788730975,""blood_pressure"":0.3173075945022799,""bmi"":0.15738076343185212,""glucose"":0.27289976124656623,""insulin"":0.06699630194620436}"
R_7nq1k9p3nFmxZjK,diabetes,attribution,8,120104,Diabetes,Diabetes,1,exemplar,Diabetes,0.5419810094323052,0.6125243161041104,0.20978139572065,1,-0.08396201886461052,7,0,"{""age"":0.1854155788730975,""blood_pressure"":0.3173075945022799,""bmi"":0.15738076343185212,""glucose"":0.27289976124656623,""insulin"":0.06699630194620436}"
R_7nq1k9p3nFmxZjK,diabetes,attribution,8,120104,Diabetes,Diabetes,1,prototype,No Diabetes,0.4920340873797006,0.7092072815977309,0.2580293683841737,0,0.031866346801550594,7,0,"{""age"":0.1854155788730975,""blood_pressure"":0.3173075945022799,""bmi"":0.15738076343185212,""glucose"":0.27289976124656623,""insulin"":0.06699630194620436}"
R_7nq1k9p3nFmxZjK,diabetes,attribution,9,120107,Diabetes,No Diabetes,0,attribution,Diabetes,0.523258900145761,0.6476789084442381,0.2272820762902294,1,-0.0931027946023892,8,0,"{""age"":0.16223863151396029,""blood_pressure"":0.2776441451894949,""bmi"":0.20074341804723878,""glucose"":0.23878729109074542,""insulin"":0.12058651415856063}"
R_7nq1k9p3nFmxZjK,diabetes,attribution,9,120107,Diabetes,No Diabetes,0,exemplar,Diabetes,0.5838387674683474,0.5381304173740105,0.17319017146226423,1,-0.1676775349366948,8,0,"{""age"":0.16223863151396029,""blood_pressure"":0.2776441451894949,""bmi"":0.20074341804723878,""glucose"":0.23878729109074542,""insulin"":0.12058651415856063}"
R_7nq1k9p3nFmxZjK,diabetes,attribution,9,120107,Diabetes,No Diabetes,0,prototype,No Diabetes,0.4717378370642534,0.7513318776535522,0.27906091278955336,0,0.11316927986369724,8,0,"{""age"":0.16223863151396029,""blood_pressure"":0.2776441451894949,""bmi"":0.20074341804723878,""glucose"":0.23878729109074542,""insulin"":0.12058651415856063}"
R_7nq1k9p3nFmxZjK,diabetes,attribution,10,120100,No Diabetes,Diabetes,0,attribution,Diabetes,0.4790705070134608,0.7359074961332567,0.2713675366632127,0,-0.0837669195863409,9,0,"{""age"":0.17586149144792357,""blood_pressure"":0.24679479572399543,""bmi"":0.25790033038425336,""glucose"":0.21225536985844037,""insulin"":0.10718801258538722}"
R_7nq1k9p3nFmxZjK,diabetes,attribution,10,120100,No Diabetes,Diabetes,0,exemplar,Diabetes,0.4792154899652746,0.7356049080679462,0.2712165058921091,0,-0.04156902006945079,9,0,"{""age"":0.17586149144792357,""blood_pressure"":0.24679479572399543,""bmi"":0.25790033038425336,""glucose"":0.21225536985844037,""insulin"":0.10718801258538722}"
R_7nq1k9p3nFmxZjK,diabetes,attribution,10,120100,No Diabetes,Diabetes,0,prototype,No Diabetes,0.5401550329679534,0.6158990825397843,0.211457393704704,1,0.16096679195718006,9,0,"{""age"":0.17586149144792357,""blood_pressure"":0.24679479572399543,""bmi"":0.25790033038425336,""glucose"":0.21225536985844037,""insulin"":0.10718801258538722}"
R_7nq1k9p3nFmxZjK,diabetes,attribution,11,120106,No Diabetes,No Diabetes,1,attribution,No Diabetes,0.5128048467835816,0.6678599218142945,0.23735911731756937,1,0.05123058906380189,10,0,"{""age"":0.1582753423031312,""blood_pressure"":0.2221153161515959,""bmi"":0.23211029734582805,""glucose"":0.2693438270031373,""insulin"":0.11815521719630753}"
R_7nq1k9p3nFmxZjK,diabetes,attribution,11,120106,No Diabetes,No Diabetes,1,exemplar,Diabetes,0.41935406320519863,0.8690396963052304,0.33714970391631244,0,-0.16129187358960284,10,0,"{""age"":0.1582753423031312,""blood_pressure"":0.2221153161515959,""bmi"":0.23211029734582805,""glucose"":0.2693438270031373,""insulin"":0.11815521719630753}"
R_7nq1k9p3nFmxZjK,diabetes,attribution,11,120106,No Diabetes,No Diabetes,1,prototype,Diabetes,0.4906629839625362,0.7119977739007272,0.25942419590594756,0,-0.037352406390853306,10,0,"{""age"":0.1582753423031312,""blood_pressure"":0.2221153161515959,""bmi"":0.23211029734582805,""glucose"":0.2693438270031373,""insulin"":0.11815521719630753}"
R_7nq1k9p3nFmxZjK,diabetes,attribution,12,120110,No Diabetes,No Diabetes,1,attribution,Diabetes,0.4879026291229977,0.717639423523506,0.262243717259138,0,-0.048398928993574564,11,0,"{""age"":0.14388667482102838,""blood_pressure"":0.23529338923103618,""bmi"":0.26854807758480376,""glucose"":0.24485802454830666,""insulin"":0.10741383381482503}"
R_7nq1k9p3nFmxZjK,diabetes,attribution,12,120110,No Diabetes,No Diabetes,1,exemplar,Diabetes,0.47089039238187375,0.7531299246125137,0.2799569768738076,0,-0.05821921523625245,11,0,"{""age"":0.14388667482102838,""blood_pressure"":0.23529338923103618,""bmi"":0.26854807758480376,""glucose"":0.24485802454830666,""insulin"":0.10741383381482503}"
R_7nq1k9p3nFmxZjK,diabetes,attribution,12,120110,No Diabetes,No Diabetes,1,prototype,Diabetes,0.49163626169432145,0.7100161414102557,0.25843369042412434,0,-0.03345807407314241,11,0,"{""age"":0.14388667482102838,""blood_pressure"":0.23529338923103618,""bmi"":0.26854807758480376,""glucose"":0.24485802454830666,""insulin"":0.10741383381482503}"
R_3fJe3EZDB3jrLK9,diabetes,counterfactual,1,120111,Diabetes,No Diabetes,0,attribution,Diabetes,0.5,0.6931471805599453,0.25,1,0.0,0,0,"{""age"":0.2,""blood_pressure"":0.2,""bmi"":0.2,""glucose"":0.2,""insulin"":0.2}"
R_3fJe3EZDB3jrLK9,diabetes,counterfactual,1,120111,Diabetes,No Diabetes,0,exemplar,Diabetes,0.5,0.6931471805599453,0.25,1,0.0,0,0,"{""age"":0.2,""blood_pressure"":0.2,""bmi"":0.2,""glucose"":0.2,""insulin"":0.2}"
R_3fJe3EZDB3jrLK9,diabetes,counterfactual,1,120111,Diabetes,No Diabetes,0,prototype,Diabetes,0.5,0.6931471805599453,0.25,1,0.0,0,0,"{""age"":0.2,""blood_pressure"":0.2,""bmi"":0.2,""glucose"":0.2,""insulin"":0.2}"
R_3fJe3EZDB3jrLK9,diabetes,counterfactual,2,120109,Diabetes,Diabetes,1,attribution,No Diabetes,0.44450737253838224,0.8107886380276335,0.30857205916421165,0,0.2228886961408308,2,1,"{""age"":0.0,""blood_pressure"":0.5,""bmi"":0.5,""glucose"":0.0,""insulin"":0.0}"
R_3fJe3EZDB3jrLK9,diabetes,counterfactual,2,120109,Diabetes,Diabetes,1,exemplar,No Diabetes,0.49618121016347644,0.7008140759072141,0.25383337299233905,0,0.007637579673047068,2,1,"{""age"":0.0,""blood_pressure"":0.5,""bmi"":0.5,""glucose"":0.0,""insulin"":0.0}"
R_3fJe3EZDB3jrLK9,diabetes,counterfactual,2,120109,Diabetes,Diabetes,1,prototype,No Diabetes,0.49140964364476886,0.7104771942508934,0.25866415057754094,0,0.03436480691938382,2,1,"{""age"":0.0,""blood_pressure"":0.5,""bmi"":0.5,""glucose"":0.0,""insulin"":0.0}"
R_3fJe3EZDB3jrLK9,diabetes,counterfactual,3,120110,No Diabetes,No Diabetes,1,attribution,No Diabetes,0.5058792784147641,0.6814572183674329,0.24415528749991422,1,0.023518197603038873,4,2,"{""age"":0.0,""blood_pressure"":0.5,""bmi"":0.25,""glucose"":0.0,""insulin"":0.25}"
R_3fJe3EZDB3jrLK9,diabetes,counterfactual,3,120110,No Diabetes,No Diabetes,1,exemplar,No Diabetes,0.5040802190551983,0.68501985878408,0.24593642913234012,1,0.008160438110396517,4,2,"{""age"":0.0,""blood_pressure"":0.5,""bmi"":0.25,""glucose"":0.0,""insulin"":0.25}"
R_3fJe3EZDB3jrLK9,diabetes,counterfactual,3,120110,No Diabetes,No Diabetes,1,prototype,No Diabetes,0.5044591040684481,0.6842685047765819,0.24556077954064517,1,0.01783688916613113,4,2,"{""age"":0.0,""blood_pressure"":0.5,""bmi"":0.25,""glucose"":0.0,""insulin"":0.25}"
R_3fJe3EZDB3jrLK9,diabetes,counterfactual,4,120107,No Diabetes,No Diabetes,1,attribution,Diabetes,0.44204145820418844,0.8163516044610324,0.3113177343629083,0,-0.23288098724301548,6,3,"{""age"":0.0,""blood_pressure"":0.5000000000000001,""bmi"":0.16666666666666669,""glucose"":0.0,""insulin"":0.33333333333333337}"
R_3fJe3EZDB3jrLK9,diabetes,counterfactual,4,120107,No Diabetes,No Diabetes,1,exemplar,Diabetes,0.49783578214434043,0.6974850110687706,0.25216890169458633,0,-0.004328435711319134,6,3,"{""age"":0.0,""blood_pressure"":0.5000000000000001,""bmi"":0.16666666666666669,""glucose"":0.0,""insulin"":0.33333333333333337}"
R_3fJe3EZDB3jrLK9,diabetes,counterfactual,4,120107,No Diabetes,No Diabetes,1,prototype,Diabetes,0.4936331419845264,0.7059626652403443,0.25640739489646286,0,-0.025468808689510347,6,3,"{""age"":0.0,""blood_pressure"":0.5000000000000001,""bmi"":0.16666666666666669,""glucose"":0.0,""insulin"":0.33333333333333337}"
R_3fJe3EZDB3jrLK9,diabetes,counterfactual,5,120104,Diabetes,Diabetes,1,attribution,Diabetes,0.5502710200515833,0.5973443583936469,0.20225615540544334,1,-0.20176578604091117,8,4,"{""age"":0.125,""blood_pressure"":0.375,""bmi"":0.25,""glucose"":0.0,""insulin"":0.25}"
R_3fJe3EZDB3jrLK9,diabetes,counterfactual,5,120104,Diabetes,Diabetes,1,exemplar,Diabetes,0.500790244536419,0.691567939145528,0.24921037995000844,1,-0.001580489072837865,8,4,"{""age"":0.125,""blood_pressure"":0.375,""bmi"":0.25,""glucose"":0.0,""insulin"":0.25}"
R_3fJe3EZDB3jrLK9,diabetes,counterfactual,5,120104,Diabetes,Diabetes,1,prototype,Diabetes,0.5026544383475784,0.687852346272987,0.24735260769536282,1,-0.010617853142861844,8,4,"{""age"":0.125,""blood_pressure"":0.375,""bmi"":0.25,""glucose"":0.0,""insulin"":0.25}"
R_3fJe3EZDB3jrLK9,diabetes,counterfactual,6,120108,Diabetes,Diabetes,1,attribution,No Diabetes,0.4536803666267476,0.7903623671591906,0.2984651418090849,0,0.18581130174541194,10,5,"{""age"":0.10000000000000002,""blood_pressure"":0.30000000000000004,""bmi"":0.30000000000000004,""glucose"":0.0,""insulin"":0.30000000000000004}"
R_3fJe3EZDB3jrLK9,diabetes,counterfactual,6,120108,Diabetes,Diabetes,1,exemplar,No Diabetes,0.49646432438816207,0.7002436522816442,0.2535481766138699,0,0.007071351223675693,10,5,"{""age"":0.10000000000000002,""blood_pressure"":0.30000000000000004,""bmi"":0.30000000000000004,""glucose"":0.0,""insulin"":0.30000000000000004}"
R_3fJe3EZDB3jrLK9,diabetes,counterfactual,6,120108,Diabetes,Diabetes,1,prototype,No Diabetes,0.4981061575840935,0.6969420568349746,0.2518974290550028,0,0.0075754058907607225,10,5,"{""age"":0.10000000000000002,""blood_pressure"":0.30000000000000004,""bmi"":0.30000000000000004,""glucose"":0.0,""insulin"":0.30000000000000004}"
R_3fJe3EZDB3jrLK9,diabetes,counterfactual,7,120105,Diabetes,Diabetes,1,attribution,No Diabetes,0.4960160456913725,0.7011470025962467,0.2539998262005608,0,0.01593615448944915,12,6,"{""age"":0.08333333333333333,""blood_pressure"":0.25,""bmi"":0.4166666666666667,""glucose"":0.0,""insulin"":0.25}"
R_3fJe3EZDB3jrLK9,diabetes,counterfactual,7,120105,Diabetes,Diabetes,1,exemplar,Diabetes,0.50093943108325,0.6912700812472049,0.2490614514475102,1,-0.0018788621664999616,12,6,"{""age"":0.08333333333333333,""blood_pressure"":0.25,""bmi"":0.4166666666666667,""glucose"":0.0,""insulin"":0.25}"
R_3fJe3EZDB3jrLK9,diabetes,counterfactual,7,120105,Diabetes,Diabetes,1,prototype,Diabetes,0.5020128723378978,0.6891295175117949,0.24799117931715098,1,-0.008051532847823936,12,6,"{""age"":0.08333333333333333,""blood_pressure"":0.25,""bmi"":0.4166666666666667,""glucose"":0.0,""insulin"":0.25}"
R_3fJe3EZDB3jrLK9,diabetes,counterfactual,8,120102,Diabetes,No Diabetes,0,attribution,Diabetes,0.5202829578940963,0.6533824656061399,0.2301284404868374,1,-0.08117637890761423,14,7,"{""age"":0.14285714285714285,""blood_pressure"":0.21428571428571427,""bmi"":0.42857142857142855,""glucose"":0.0,""insulin"":0.21428571428571427}"
R_3fJe3EZDB3jrLK9,diabetes,counterfactual,8,120102,Diabetes,No Diabetes,0,exemplar,No Diabetes,0.49995967515620815,0.6932278334998899,0.25004032646988494,0,8.06496875837559e-05,14,7,"{""age"":0.14285714285714285,""blood_pressure"":0.21428571428571427,""bmi"":0.42857142857142855,""glucose"":0.0,""insulin"":0.21428571428571427}"
R_3fJe3EZDB3jrLK9,diabetes,counterfactual,8,120102,Diabetes,No Diabetes,0,prototype,Diabetes,0.5001881547697482,0.6927709418071257,0.24981188063246917,1,-0.0007526191145185643,14,7,"{""age"":0.14285714285714285,""blood_pressure"":0.21428571428571427,""bmi"":0.42857142857142855,""glucose"":0.0,""insulin"":0.21428571428571427}"
R_3fJe3EZDB3jrLK9,diabetes,counterfactual,9,120103,Diabetes,No Diabetes,0,attribution,No Diabetes,0.4939360991027175,0.7053491242042522,0.2561006717913745,0,0.02425679289439593,16,8,"{""age"":0.1875,""blood_pressure"":0.1875,""bmi"":0.375,""glucose"":0.0625,""insulin"":0.1875}"
R_3fJe3EZDB3jrLK9,diabetes,counterfactual,9,120103,Diabetes,No Diabetes,0,exemplar,Diabetes,0.5004649225004283,0.6922177675971534,0.24953529365250324,1,-0.0009298450008564663,16,8,"{""age"":0.1875,""blood_pressure"":0.1875,""bmi"":0.375,""glucose"":0.0625,""insulin"":0.1875}"
R_3fJe3EZDB3jrLK9,diabetes,counterfactual,9,120103,Diabetes,No Diabetes,0,prototype,Diabetes,0.5004108279822814,0.6923258619698534,0.24958934079734965,1,-0.0016433122989358978,16,8,"{""age"":0.1875,""blood_pressure"":0.1875,""bmi"":0.375,""glucose"":0.0625,""insulin"":0.1875}"
R_3fJe3EZDB3jrLK9,diabetes,counterfactual,10,120100,No Diabetes,Diabetes,0,attribution,Diabetes,0.42206126856932236,0.8626047893013908,0.33401317728770097,0,-0.3143173723881431,18,9,"{""age"":0.22222222222222224,""blood_pressure"":0.16666666666666669,""bmi"":0.33333333333333337,""glucose"":0.11111111111111112,""insulin"":0.16666666666666669}"
R_3fJe3EZDB3jrLK9,diabetes,counterfactual,10,120100,No Diabetes,Diabetes,0,exemplar,Diabetes,0.4969523112472718,0.6992612107141187,0.25305697715946174,0,-0.006095377505456412,18,9,"{""age"":0.22222222222222224,""blood_pressure"":0.16666666666666669,""bmi"":0.33333333333333337,""glucose"":0.11111111111111112,""insulin"":0.16666666666666669}"
R_3fJe3EZDB3jrLK9,diabetes,counterfactual,10,120100,No Diabetes,Diabetes,0,prototype,Diabetes,0.4928416451311694,0.7075673631678341,0.2572095969132587,0,-0.02863537602921734,18,9,"{""age"":0.22222222222222224,""blood_pressure"":0.16666666666666669,""bmi"":0.33333333333333337,""glucose"":0.11111111111111112,""insulin"":0.16666666666666669}"
R_3fJe3EZDB3jrLK9,diabetes,counterfactual,11,120101,No Diabetes,Diabetes,0,attribution,Diabetes,0.49189936892126135,0.7094811181227894,0.25816625130261245,0,-0.03240535977605333,20,10,"{""age"":0.2,""blood_pressure"":0.15,""bmi"":0.3,""glucose"":0.15,""insulin"":0.2}"
R_3fJe3EZDB3jrLK9,diabetes,counterfactual,11,120101,No Diabetes,Diabetes,0,exemplar,Diabetes,0.4976362084013599,0.6978859741245867,0.2523693791093619,0,-0.004727583197280172,20,10,"{""age"":0.2,""blood_pressure"":0.15,""bmi"":0.3,""glucose"":0.15,""insulin"":0.2}"
R_3fJe3EZDB3jrLK9,diabetes,counterfactual,11,120101,No Diabetes,Diabetes,0,prototype,Diabetes,0.4981894360768479,0.696774880560226,0.25181384206487184,0,-0.007242287347711582,20,10,"{""age"":0.2,""blood_pressure"":0.15,""bmi"":0.3,""glucose"":0.15,""insulin"":0.2}"
R_3fJe3EZDB3jrLK9,diabetes,counterfactual,12,120106,No Diabetes,No Diabetes,1,attribution,No Diabetes,0.5307005998741172,0.6335572588038781,0.22024192695851344,1,0.12295707561036195,22,11,"{""age"":0.18181818181818182,""blood_pressure"":0.18181818181818182,""bmi"":0.2727272727272727,""glucose"":0.18181818181818182,""insulin"":0.18181818181818182}"
R_3fJe3EZDB3jrLK9,diabetes,counterfactual,12,120106,No Diabetes,No Diabetes,1,exemplar,No Diabetes,0.5021881070516537,0.6887805142362929,0.24781668076081576,1,0.004376214103307352,22,11,"{""age"":0.18181818181818182,""blood_pressure"":0.18181818181818182,""bmi"":0.2727272727272727,""glucose"":0.18181818181818182,""insulin"":0.18181818181818182}"
R_3fJe3EZDB3jrLK9,diabetes,counterfactual,12,120106,No Diabetes,No Diabetes,1,prototype,No Diabetes,0.5021014171636463,0.688953153472554,0.24790299879044936,1,0.0084057181471726,22,11,"{""age"":0.18181818181818182,""blood_pressure"":0.18181818181818182,""bmi"":0.2727272727272727,""glucose"":0.18181818181818182,""insulin"":0.18181818181818182}"
R_3gwJ7NCYNcCcCho,diabetes,counterfactual,1,120108,No Diabetes,Diabetes,0,attribution,Diabetes,0.5,0.6931471805599453,0.25,0,0.0,0,0,"{""age"":0.2,""blood_pressure"":0.2,""bmi"":0.2,""glucose"":0.2,""insulin"":0.2}"
R_3gwJ7NCYNcCcCho,diabetes,counterfactual,1,120108,No Diabetes,Diabetes,0,exemplar,Diabetes,0.5,0.6931471805599453,0.25,0,0.0,0,0,"{""age"":0.2,""blood_pressure"":0.2,""bmi"":0.2,""glucose"":0.2,""insulin"":0.2}"
R_3gwJ7NCYNcCcCho,diabetes,counterfactual,1,120108,No Diabetes,Diabetes,0,prototype,Diabetes,0.5,0.6931471805599453,0.25,0,0.0,0,0,"{""age"":0.2,""blood_pressure"":0.2,""bmi"":0.2,""glucose"":0.2,""insulin"":0.2}"
R_3gwJ7NCYNcCcCho,diabetes,counterfactual,2,120111,No Diabetes,No Diabetes,1,attribution,No Diabetes,0.500439027703975,0.6922695104171388,0.2495611650413499,1,0.00175611126720987,2,1,"{""age"":0.0,""blood_pressure"":0.0,""bmi"":1.0,""glucose"":0.0,""insulin"":0.0}"
R_3gwJ7NCYNcCcCho,diabetes,counterfactual,2,120111,No Diabetes,No Diabetes,1,exemplar,No Diabetes,0.5004386422136222,0.6922702807217711,0.24956155019336934,1,0.0008772844272444402,2,1,"{""age"":0.0,""blood_pressure"":0.0,""bmi"":1.0,""glucose"":0.0,""insulin"":0.0}"
R_3gwJ7NCYNcCcCho,diabetes,counterfactual,2,120111,No Diabetes,No Diabetes,1,prototype,No Diabetes,0.5008780547309862,0.6913926112553344,0.24912271624912438,1,0.00351222253441974,2,1,"{""age"":0.0,""blood_pressure"":0.0,""bmi"":1.0,""glucose"":0.0,""insulin"":0.0}"
R_3gwJ7NCYNcCcCho,diabetes,counterfactual,3,120106,No Diabetes,No Diabetes,1,attribution,Diabetes,0.4680522947040717,0.7591752484863648,0.2829683611696038,0,-0.12796515569835185,4,2,"{""age"":0.0,""blood_pressure"":0.25,""bmi"":0.75,""glucose"":0.0,""insulin"":0.0}"
R_3gwJ7NCYNcCcCho,diabetes,counterfactual,3,120106,No Diabetes,No Diabetes,1,exemplar,No Diabetes,0.5012820931056251,0.6905862762650589,0.24871955065710638,1,0.0025641862112501523,4,2,"{""age"":0.0,""blood_pressure"":0.25,""bmi"":0.75,""glucose"":0.0,""insulin"":0.0}"
R_3gwJ7NCYNcCcCho,diabetes,counterfactual,3,120106,No Diabetes,No Diabetes,1,prototype,Diabetes,0.4996707291849972,0.6938059391237352,0.2503293792342724,0,-0.0013170834504074441,4,2,"{""age"":0.0,""blood_pressure"":0.25,""bmi"":0.75,""glucose"":0.0,""insulin"":0.0}"
R_3gwJ7NCYNcCcCho,diabetes,counterfactual,4,120100,No Diabetes,Diabetes,0,attribution,Diabetes,0.4050989781367896,0.9036238512728731,0.35390722581389206,0,-0.3842636141889715,6,3,"{""age"":0.0,""blood_pressure"":0.3333333333333333,""bmi"":0.6666666666666666,""glucose"":0.0,""insulin"":0.0}"
R_3gwJ7NCYNcCcCho,diabetes,counterfactual,4,120100,No Diabetes,Diabetes,0,exemplar,Diabetes,0.49901138203123446,0.6951263738089226,0.25098959533425363,0,-0.00197723593753113,6,3,"{""age"":0.0,""blood_pressure"":0.3333333333333333,""bmi"":0.6666666666666666,""glucose"":0.0,""insulin"":0.0}"
R_3gwJ7NCYNcCcCho,diabetes,counterfactual,4,120100,No Diabetes,Diabetes,0,prototype,Diabetes,0.49760305373668273,0.6979526006453658,0.2524026916147066,0,-0.009587858501207414,6,3,"{""age"":0.0,""blood_pressure"":0.3333333333333333,""bmi"":0.6666666666666666,""glucose"":0.0,""insulin"":0.0}"
R_3gwJ7NCYNcCcCho,diabetes,counterfactual,5,120102,Diabetes,No Diabetes,0,attribution,Diabetes,0.5232747997881261,0.647648523101908,0.22726691651705128,1,-0.09316653118611148,8,4,"{""age"":0.0,""blood_pressure"":0.25,""bmi"":0.5,""glucose"":0.125,""insulin"":0.125}"
R_3gwJ7NCYNcCcCho,diabetes,counterfactual,5,120102,Diabetes,No Diabetes,0,exemplar,No Diabetes,0.49953202746690084,0.694083563896213,0.250468191531391,0,0.0009359450661984292,8,4,"{""age"":0.0,""blood_pressure"":0.25,""bmi"":0.5,""glucose"":0.125,""insulin"":0.125}"
R_3gwJ7NCYNcCcCho,diabetes,counterfactual,5,120102,Diabetes,No Diabetes,0,prototype,Diabetes,0.5003292708150028,0.6924888556733279,0.24967083760426684,1,-0.0013170834504074858,8,4,"{""age"":0.0,""blood_pressure"":0.25,""bmi"":0.5,""glucose"":0.125,""insulin"":0.125}"
R_3gwJ7NCYNcCcCho,diabetes,counterfactual,6,120110,No Diabetes,No Diabetes,1,attribution,No Diabetes,0.5194293000500181,0.6550245700045063,0.23094819765041555,1,0.0777563530976539,10,5,"{""age"":0.1,""blood_pressure"":0.2,""bmi"":0.4,""glucose"":0.2,""insulin"":0.1}"
R_3gwJ7NCYNcCcCho,diabetes,counterfactual,6,120110,No Diabetes,No Diabetes,1,exemplar,No Diabetes,0.502037811370233,0.6890798406722789,0.24796634130494768,1,0.004075622740465912,10,5,"{""age"":0.1,""blood_pressure"":0.2,""bmi"":0.4,""glucose"":0.2,""insulin"":0.1}"
R_3gwJ7NCYNcCcCho,diabetes,counterfactual,6,120110,No Diabetes,No Diabetes,1,prototype,Diabetes,0.5,0.6931471805599453,0.25,0,0.0,10,5,"{""age"":0.1,""blood_pressure"":0.2,""bmi"":0.4,""glucose"":0.2,""insulin"":0.1}"
R_3gwJ7NCYNcCcCho,diabetes,counterfactual,7,120109,No Diabetes,Diabetes,0,attribution,No Diabetes,0.5542965833226197,0.5900553865251864,0.1986515356378905,1,0.21804614666579425,12,6,"{""age"":0.08333333333333334,""blood_pressure"":0.25000000000000006,""bmi"":0.33333333333333337,""glucose"":0.16666666666666669,""insulin"":0.16666666666666669}"
R_3gwJ7NCYNcCcCho,diabetes,counterfactual,7,120109,No Diabetes,Diabetes,0,exemplar,No Diabetes,0.5019730793317974,0.6892087875574666,0.2480308137102522,1,0.003946158663594657,12,6,"{""age"":0.08333333333333334,""blood_pressure"":0.25000000000000006,""bmi"":0.33333333333333337,""glucose"":0.16666666666666669,""insulin"":0.16666666666666669}"
R_3gwJ7NCYNcCcCho,diabetes,counterfactual,7,120109,No Diabetes,Diabetes,0,prototype,No Diabetes,0.5005737618002956,0.6920003148613039,0.24942656740230792,1,0.0022950482085638546,12,6,"{""age"":0.08333333333333334,""blood_pressure"":0.25000000000000006,""bmi"":0.33333333333333337,""glucose"":0.16666666666666669,""insulin"":0.16666666666666669}"
R_3gwJ7NCYNcCcCho,diabetes,counterfactual,8,120103,Diabetes,No Diabetes,0,attribution,Diabetes,0.5126885945028359,0.6680866463871945,0.23747240592762145,1,-0.05076527752551374,14,7,"{""age"":0.07142857142857144,""blood_pressure"":0.28571428571428575,""bmi"":0.28571428571428575,""glucose"":0.14285714285714288,""insulin"":0.2142857142857143}"
R_3gwJ7NCYNcCcCho,diabetes,counterfactual,8,120103,Diabetes,No Diabetes,0,exemplar,No Diabetes,0.4998011854931761,0.6935448886489718,0.2501988540340319,0,0.00039762901364770453,14,7,"{""age"":0.07142857142857144,""blood_pressure"":0.28571428571428575,""bmi"":0.28571428571428575,""glucose"":0.14285714285714288,""insulin"":0.2142857142857143}"
R_3gwJ7NCYNcCcCho,diabetes,counterfactual,8,120103,Diabetes,No Diabetes,0,prototype,Diabetes,0.5023291756984757,0.6884996457033732,0.2476762493609587,1,-0.009316770186335394,14,7,"{""age"":0.07142857142857144,""blood_pressure"":0.28571428571428575,""bmi"":0.28571428571428575,""glucose"":0.14285714285714288,""insulin"":0.2142857142857143}"
R_3gwJ7NCYNcCcCho,diabetes,counterfactual,9,120107,Diabetes,No Diabetes,0,attribution,Diabetes,0.5501676877636792,0.597532160381116,0.20234910913187476,1,-0.20134824475884078,16,8,"{""age"":0.125,""blood_pressure"":0.25,""bmi"":0.25,""glucose"":0.1875,""insulin"":0.1875}"
R_3gwJ7NCYNcCcCho,diabetes,counterfactual,9,120107,Diabetes,No Diabetes,0,exemplar,Diabetes,0.5009297297060669,0.6912894478023662,0.24907113469125944,1,-0.0018594594121337793,16,8,"{""age"":0.125,""blood_pressure"":0.25,""bmi"":0.25,""glucose"":0.1875,""insulin"":0.1875}"
R_3gwJ7NCYNcCcCho,diabetes,counterfactual,9,120107,Diabetes,No Diabetes,0,prototype,Diabetes,0.5052683860932671,0.682665533269927,0.2447593697987606,1,-0.02107432431172035,16,8,"{""age"":0.125,""blood_pressure"":0.25,""bmi"":0.25,""glucose"":0.1875,""insulin"":0.1875}"
R_3gwJ7NCYNcCcCho,diabetes,counterfactual,10,120101,Diabetes,Diabetes,1,attribution,Diabetes,0.5129449751532418,0.6675867004740904,0.23722259722847633,1,-0.05179147444304179,18,9,"{""age"":0.16666666666666669,""blood_pressure"":0.22222222222222224,""bmi"":0.27777777777777785,""glucose"":0.16666666666666669,""insulin"":0.16666666666666669}"
R_3gwJ7NCYNcCcCho,diabetes,counterfactual,10,120101,Diabetes,Diabetes,1,exemplar,Diabetes,0.501995890828093,0.6891633449253184,0.24800809275210461,1,-0.0039917816561860775,18,9,"{""age"":0.16666666666666669,""blood_pressure"":0.22222222222222224,""bmi"":0.27777777777777785,""glucose"":0.16666666666666669,""insulin"":0.16666666666666669}"
R_3gwJ7NCYNcCcCho,diabetes,counterfactual,10,120101,Diabetes,Diabetes,1,prototype,Diabetes,0.5033783269674231,0.686413250510437,0.24663308612567558,1,-0.013513513513513516,18,9,"{""age"":0.16666666666666669,""blood_pressure"":0.22222222222222224,""bmi"":0.27777777777777785,""glucose"":0.16666666666666669,""insulin"":0.16666666666666669}"
R_3gwJ7NCYNcCcCho,diabetes,counterfactual,11,120105,No Diabetes,Diabetes,0,attribution,No Diabetes,0.5056829780383828,0.6818453316597056,0.24434931820100195,1,0.022732891103113703,20,10,"{""age"":0.15,""blood_pressure"":0.25,""bmi"":0.25,""glucose"":0.2,""insulin"":0.15}"
R_3gwJ7NCYNcCcCho,diabetes,counterfactual,11,120105,No Diabetes,Diabetes,0,exemplar,Diabetes,0.4993320898721754,0.6944838938188219,0.2506683562317635,0,-0.0013358202556492116,20,10,"{""age"":0.15,""blood_pressure"":0.25,""bmi"":0.25,""glucose"":0.2,""insulin"":0.15}"
R_3gwJ7NCYNcCcCho,diabetes,counterfactual,11,120105,No Diabetes,Diabetes,0,prototype,Diabetes,0.4986505132240166,0.6958498029078438,0.2513513078905419,0,-0.00539796021103095,20,10,"{""age"":0.15,""blood_pressure"":0.25,""bmi"":0.25,""glucose"":0.2,""insulin"":0.15}"
R_3gwJ7NCYNcCcCho,diabetes,counterfactual,12,120104,No Diabetes,Diabetes,0,attribution,Diabetes,0.48766690902409954,0.7181226696566994,0.26248519610892035,0,-0.049342372498548316,22,11,"{""age"":0.18181818181818182,""blood_pressure"":0.22727272727272727,""bmi"":0.2727272727272727,""glucose"":0.18181818181818182,""insulin"":0.13636363636363635}"
R_3gwJ7NCYNcCcCho,diabetes,counterfactual,12,120104,No Diabetes,Diabetes,0,exemplar,No Diabetes,0.5013948892606019,0.6903612862484605,0.2486070564554474,1,0.0027897785212038784,22,11,"{""age"":0.18181818181818182,""blood_pressure"":0.22727272727272727,""bmi"":0.2727272727272727,""glucose"":0.18181818181818182,""insulin"":0.13636363636363635}"
R_3gwJ7NCYNcCcCho,diabetes,counterfactual,12,120104,No Diabetes,Diabetes,0,prototype,No Diabetes,0.5011087645519419,0.6909321065449074,0.24889246480688978,1,0.0044350654774931025,22,11,"{""age"":0.18181818181818182,""blood_pressure"":0.22727272727272727,""bmi"":0.2727272727272727,""glucose"":0.18181818181818182,""insulin"":0.13636363636363635}"
R_3jfNL25GoofAHh7,diabetes,counterfactual,1,120101,Diabetes,Diabetes,1,attribution,Diabetes,0.5,0.6931471805599453,0.25,1,0.0,0,0,"{""age"":0.2,""blood_pressure"":0.2,""bmi"":0.2,""glucose"":0.2,""insulin"":0.2}"
R_3jfNL25GoofAHh7,diabetes,counterfactual,1,120101,Diabetes,Diabetes,1,exemplar,Diabetes,0.5,0.6931471805599453,0.25,1,0.0,0,0,"{""age"":0.2,""blood_pressure"":0.2,""bmi"":0.2,""glucose"":0.2,""insulin"":0.2}"
R_3jfNL25GoofAHh7,diabetes,counterfactual,1,120101,Diabetes,Diabetes,1,prototype,Diabetes,0.5,0.6931471805599453,0.25,1,0.0,0,0,"{""age"":0.2,""blood_pressure"":0.2,""bmi"":0.2,""glucose"":0.2,""insulin"":0.2}"
R_3jfNL25GoofAHh7,diabetes,counterfactual,2,120109,No Diabetes,Diabetes,0,attribution,No Diabetes,0.5694668983722343,0.5630546218013143,0.18535875159722404,1,0.27967644514760126,2,1,"{""age"":0.0,""blood_pressure"":0.5,""bmi"":0.0,""glucose"":0.5,""insulin"":0.0}"
R_3jfNL25GoofAHh7,diabetes,counterfactual,2,120109,No Diabetes,Diabetes,0,exemplar,No Diabetes,0.5062026898204791,0.6808181171347787,0.24383578354052995,1,0.012405379640958336,2,1,"{""age"":0.0,""blood_pressure"":0.5,""bmi"":0.0,""glucose"":0.5,""insulin"":0.0}"
R_3jfNL25GoofAHh7,diabetes,counterfactual,2,120109,No Diabetes,Diabetes,0,prototype,No Diabetes,0.514403593769193,0.664747119751108,0.23580386974427495,1,0.05763032019103531,2,1,"{""age"":0.0,""blood_pressure"":0.5,""bmi"":0.0,""glucose"":0.5,""insulin"":0.0}"
R_3jfNL25GoofAHh7,diabetes,counterfactual,3,120105,Diabetes,Diabetes,1,attribution,No Diabetes,0.499414896195147,0.6943180733972006,0.25058544615131545,0,0.0023404162877232876,4,2,"{""age"":0.0,""blood_pressure"":0.5,""bmi"":0.0,""glucose"":0.25,""insulin"":0.25}"
R_3jfNL25GoofAHh7,diabetes,counterfactual,3,120105,Diabetes,Diabetes,1,exemplar,No Diabetes,0.49914943586326344,0.6948497573951458,0.25085128759608727,0,0.0017011282734731292,4,2,"{""age"":0.0,""blood_pressure"":0.5,""bmi"":0.0,""glucose"":0.25,""insulin"":0.25}"
R_3jfNL25GoofAHh7,diabetes,counterfactual,3,120105,Diabetes,Diabetes,1,prototype,Diabetes,0.5007083464712206,0.69173149018018,0.2492921552835026,1,-0.002833387780437943,4,2,"{""age"":0.0,""blood_pressure"":0.5,""bmi"":0.0,""glucose"":0.25,""insulin"":0.25}"
R_3jfNL25GoofAHh7,diabetes,counterfactual,4,120104,No Diabetes,Diabetes,0,attribution,Diabetes,0.448031752619712,0.8028911726954784,0.3046689461160669,0,-0.208626415474136,6,3,"{""age"":0.16666666666666669,""blood_pressure"":0.33333333333333337,""bmi"":0.16666666666666669,""glucose"":0.16666666666666669,""insulin"":0.16666666666666669}"
R_3jfNL25GoofAHh7,diabetes,counterfactual,4,120104,No Diabetes,Diabetes,0,exemplar,Diabetes,0.498626590416159,0.695897779157925,0.251375295837726,0,-0.0027468191676820464,6,3,"{""age"":0.16666666666666669,""blood_pressure"":0.33333333333333337,""bmi"":0.16666666666666669,""glucose"":0.16666666666666669,""insulin"":0.16666666666666669}"
R_3jfNL25GoofAHh7,diabetes,counterfactual,4,120104,No Diabetes,Diabetes,0,prototype,Diabetes,0.49660778265731537,0.6999547341474354,0.2534037244811846,0,-0.013569077561633835,6,3,"{""age"":0.16666666666666669,""blood_pressure"":0.33333333333333337,""bmi"":0.16666666666666669,""glucose"":0.16666666666666669,""insulin"":0.16666666666666669}"
R_3jfNL25GoofAHh7,diabetes,counterfactual,5,120110,Diabetes,No Diabetes,0,attribution,No Diabetes,0.48832405214564534,0.7167760522247874,0.26181227561265225,0,0.04671228356035793,8,4,"{""age"":0.125,""blood_pressure"":0.25,""bmi"":0.25,""glucose"":0.125,""insulin"":0.25}"
R_3jfNL25GoofAHh7,diabetes,counterfactual,5,120110,Diabetes,No Diabetes,0,exemplar,No Diabetes,0.4989938573195142,0.6951614932873204,0.25100715500357934,0,0.002012285360971644,8,4,"{""age"":0.125,""blood_pressure"":0.25,""bmi"":0.25,""glucose"":0.125,""insulin"":0.25}"
R_3jfNL25GoofAHh7,diabetes,counterfactual,5,120110,Diabetes,No Diabetes,0,prototype,No Diabetes,0.4994268198724698,0.694294198388515,0.2505735086629889,0,0.0022927215144416535,8,4,"{""age"":0.125,""blood_pressure"":0.25,""bmi"":0.25,""glucose"":0.125,""insulin"":0.25}"
R_3jfNL25GoofAHh7,diabetes,counterfactual,6,120102,Diabetes,No Diabetes,0,attribution,Diabetes,0.522245400543113,0.649617685586421,0.22824945730221055,1,-0.08904038299171864,10,5,"{""age"":0.10000000000000002,""blood_pressure"":0.30000000000000004,""bmi"":0.20000000000000004,""glucose"":0.10000000000000002,""insulin"":0.30000000000000004}"
R_3jfNL25GoofAHh7,diabetes,counterfactual,6,120102,Diabetes,No Diabetes,0,exemplar,No Diabetes,0.499261970234963,0.6946243305390647,0.2507385744529712,0,0.0014760595300741253,10,5,"{""age"":0.10000000000000002,""blood_pressure"":0.30000000000000004,""bmi"":0.20000000000000004,""glucose"":0.10000000000000002,""insulin"":0.30000000000000004}"
R_3jfNL25GoofAHh7,diabetes,counterfactual,6,120102,Diabetes,No Diabetes,0,prototype,Diabetes,0.5,0.6931471805599453,0.25,1,0.0,10,5,"{""age"":0.10000000000000002,""blood_pressure"":0.30000000000000004,""bmi"":0.20000000000000004,""glucose"":0.10000000000000002,""insulin"":0.30000000000000004}"
R_3jfNL25GoofAHh7,diabetes,counterfactual,7,120103,No Diabetes,No Diabetes,1,attribution,Diabetes,0.4877670948491544,0.7179172517093869,0.2623825491192752,0,-0.04894138720710621,12,6,"{""age"":0.16666666666666669,""blood_pressure"":0.25000000000000006,""bmi"":0.16666666666666669,""glucose"":0.16666666666666669,""insulin"":0.25000000000000006}"
R_3jfNL25GoofAHh7,diabetes,counterfactual,7,120103,No Diabetes,No Diabetes,1,exemplar,Diabetes,0.49981391637448547,0.6935194170823933,0.2501861182526302,0,-0.00037216725102917625,12,6,"{""age"":0.16666666666666669,""blood_pressure"":0.25000000000000006,""bmi"":0.16666666666666669,""glucose"":0.16666666666666669,""insulin"":0.25000000000000006}"
R_3jfNL25GoofAHh7,diabetes,counterfactual,7,120103,No Diabetes,No Diabetes,1,prototype,Diabetes,0.4980170241847105,0.6971210174319212,0.25198690800837353,0,-0.007931944847917538,12,6,"{""age"":0.16666666666666669,""blood_pressure"":0.25000000000000006,""bmi"":0.16666666666666669,""glucose"":0.16666666666666669,""insulin"":0.25000000000000006}"
R_3jfNL25GoofAHh7,diabetes,counterfactual,8,120106,No Diabetes,No Diabetes,1,attribution,No Diabetes,0.5283982612186282,0.6379049969929991,0.22240820002161324,1,0.11371542634931842,14,7,"{""age"":0.2142857142857143,""blood_pressure"":0.2142857142857143,""bmi"":0.14285714285714288,""glucose"":0.2142857142857143,""insulin"":0.2142857142857143}"
R_3jfNL25GoofAHh7,diabetes,counterfactual,8,120106,No Diabetes,No Diabetes,1,exemplar,No Diabetes,0.5021450999477872,0.6888661573348046,0.24785950150599878,1,0.004290199895574498,14,7,"{""age"":0.2142857142857143,""blood_pressure"":0.2142857142857143,""bmi"":0.14285714285714288,""glucose"":0.2142857142857143,""insulin"":0.2142857142857143}"
R_3jfNL25GoofAHh7,diabetes,counterfactual,8,120106,No Diabetes,No Diabetes,1,prototype,Diabetes,0.49986421209339044,0.6934187932565535,0.2501358063449651,0,-0.000543151639791517,14,7,"{""age"":0.2142857142857143,""blood_pressure"":0.2142857142857143,""bmi"":0.14285714285714288,""glucose"":0.2142857142857143,""insulin"":0.2142857142857143}"
R_3jfNL25GoofAHh7,diabetes,counterfactual,9,120107,Diabetes,No Diabetes,0,attribution,Diabetes,0.5442306411949398,0.6083821491924444,0.2077257084255757,1,-0.177386240325442,16,8,"{""age"":0.1875,""blood_pressure"":0.25,""bmi"":0.1875,""glucose"":0.1875,""insulin"":0.1875}"
R_3jfNL25GoofAHh7,diabetes,counterfactual,9,120107,Diabetes,No Diabetes,0,exemplar,Diabetes,0.5018924958730124,0.6893693338715318,0.248111085667617,1,-0.003784991746024813,16,8,"{""age"":0.1875,""blood_pressure"":0.25,""bmi"":0.1875,""glucose"":0.1875,""insulin"":0.1875}"
R_3jfNL25GoofAHh7,diabetes,counterfactual,9,120107,Diabetes,No Diabetes,0,prototype,Diabetes,0.5023565283720118,0.6884451954938557,0.2476490248539562,1,-0.009426183282761957,16,8,"{""age"":0.1875,""blood_pressure"":0.25,""bmi"":0.1875,""glucose"":0.1875,""insulin"":0.1875}"
R_3jfNL25GoofAHh7,diabetes,counterfactual,10,120100,Diabetes,Diabetes,1,attribution,Diabetes,0.5768895072469191,0.5501045260509002,0.17902248907775486,1,-0.31001739581269716,18,9,"{""age"":0.22222222222222224,""blood_pressure"":0.22222222222222224,""bmi"":0.22222222222222224,""glucose"":0.16666666666666669,""insulin"":0.16666666666666669}"
R_3jfNL25GoofAHh7,diabetes,counterfactual,10,120100,Diabetes,Diabetes,1,exemplar,Diabetes,0.5032828330747542,0.6866029745143936,0.24672794391824251,1,-0.006565666149508376,18,9,"{""age"":0.22222222222222224,""blood_pressure"":0.22222222222222224,""bmi"":0.22222222222222224,""glucose"":0.16666666666666669,""insulin"":0.16666666666666669}"
R_3jfNL25GoofAHh7,diabetes,counterfactual,10,120100,Diabetes,Diabetes,1,prototype,Diabetes,0.5093580392446426,0.6746040927298053,0.2407295336538617,1,-0.037436528620728715,18,9,"{""age"":0.22222222222222224,""blood_pressure"":0.22222222222222224,""bmi"":0.22222222222222224,""glucose"":0.16666666666666669,""insulin"":0.16666666666666669}"
R_3jfNL25GoofAHh7,diabetes,counterfactual,11,120111,Diabetes,No Diabetes,0,attribution,Diabetes,0.520289943497522,0.6533690391495861,0.23012173830961064,1,-0.08120436739485491,20,10,"{""age"":0.2,""blood_pressure"":0.2,""bmi"":0.2,""glucose"":0.2,""insulin"":0.2}"
R_3jfNL25GoofAHh7,diabetes,counterfactual,11,120111,Diabetes,No Diabetes,0,exemplar,Diabetes,0.5031012170330342,0.6869639024199423,0.2469084005140518,1,-0.006202434066068407,20,10,"{""age"":0.2,""blood_pressure"":0.2,""bmi"":0.2,""glucose"":0.2,""insulin"":0.2}"
R_3jfNL25GoofAHh7,diabetes,counterfactual,11,120111,Diabetes,No Diabetes,0,prototype,Diabetes,0.5045696738164557,0.6840493440333532,0.24545120810233312,1,-0.018279204216969894,20,10,"{""age"":0.2,""blood_pressure"":0.2,""bmi"":0.2,""glucose"":0.2,""insulin"":0.2}"
R_3jfNL25GoofAHh7,diabetes,counterfactual,12,120108,No Diabetes,Diabetes,0,attribution,No Diabetes,0.5511644889810227,0.5957219862836386,0.20145331595166652,1,0.2053768172463445,22,11,"{""age"":0.18181818181818182,""blood_pressure"":0.22727272727272727,""bmi"":0.22727272727272727,""glucose"":0.18181818181818182,""insulin"":0.18181818181818182}"
R_3jfNL25GoofAHh7,diabetes,counterfactual,12,120108,No Diabetes,Diabetes,0,exemplar,No Diabetes,0.502006791761092,0.6891416299773637,0.2479972354520804,1,0.0040135835221840055,22,11,"{""age"":0.18181818181818182,""blood_pressure"":0.22727272727272727,""bmi"":0.22727272727272727,""glucose"":0.18181818181818182,""insulin"":0.18181818181818182}"
R_3jfNL25GoofAHh7,diabetes,counterfactual,12,120108,No Diabetes,Diabetes,0,prototype,No Diabetes,0.5019525359224799,0.6892497137157559,0.24805127647404868,1,0.007810183390769054,22,11,"{""age"":0.18181818181818182,""blood_pressure"":0.22727272727272727,""bmi"":0.22727272727272727,""glucose"":0.18181818181818182,""insulin"":0.18181818181818182}"
R_5AdxFNYPUVXDGcV,diabetes,counterfactual,1,120104,No Diabetes,Diabetes,0,attribution,Diabetes,0.5,0.6931471805599453,0.25,0,0.0,0,0,"{""age"":0.2,""blood_pressure"":0.2,""bmi"":0.2,""glucose"":0.2,""insulin"":0.2}"
R_5AdxFNYPUVXDGcV,diabetes,counterfactual,1,120104,No Diabetes,Diabetes,0,exemplar,Diabetes,0.5,0.6931471805599453,0.25,0,0.0,0,0,"{""age"":0.2,""blood_pressure"":0.2,""bmi"":0.2,""glucose"":0.2,""insulin"":0.2}"
R_5AdxFNYPUVXDGcV,diabetes,counterfactual,1,120104,No Diabetes,Diabetes,0,prototype,Diabetes,0.5,0.6931471805599453,0.25,0,0.0,0,0,"{""age"":0.2,""blood_pressure"":0.2,""bmi"":0.2,""glucose"":0.2,""insulin"":0.2}"
R_5AdxFNYPUVXDGcV,diabetes,counterfactual,2,120111,Diabetes,No Diabetes,0,attribution,No Diabetes,0.45096112584833414,0.7963741386527399,0.30144368532972876,0,0.19678810769272131,2,1,"{""age"":0.0,""blood_pressure"":0.0,""bmi"":0.5,""glucose"":0.0,""insulin"":0.5}"
R_5AdxFNYPUVXDGcV,diabetes,counterfactual,2,120111,Diabetes,No Diabetes,0,exemplar,No Diabetes,0.4967796511642819,0.6996087090159915,0.2532307194823418,0,0.00644069767143618,2,1,"{""age"":0.0,""blood_pressure"":0.0,""bmi"":0.5,""glucose"":0.0,""insulin"":0.5}"
R_5AdxFNYPUVXDGcV,diabetes,counterfactual,2,120111,Diabetes,No Diabetes,0,prototype,No Diabetes,0.492859321271949,0.7075314980497426,0.2571916680207483,0,0.02856465700671329,2,1,"{""age"":0.0,""blood_pressure"":0.0,""bmi"":0.5,""glucose"":0.0,""insulin"":0.5}"
R_5AdxFNYPUVXDGcV,diabetes,counterfactual,3,120105,No Diabetes,Diabetes,0,attribution,No Diabetes,0.5316032576417455,0.6318578241675686,0.219395508251825,1,0.12658177794385372,4,2,"{""age"":0.0,""blood_pressure"":0.25,""bmi"":0.5,""glucose"":0.0,""insulin"":0.25}"
R_5AdxFNYPUVXDGcV,diabetes,counterfactual,3,120105,No Diabetes,Diabetes,0,exemplar,Diabetes,0.4998263071280012,0.693494626656348,0.25017372304121266,0,-0.00034738574399767463,4,2,"{""age"":0.0,""blood_pressure"":0.25,""bmi"":0.5,""glucose"":0.0,""insulin"":0.25}"
R_5AdxFNYPUVXDGcV,diabetes,counterfactual,3,120105,No Diabetes,Diabetes,0,prototype,No Diabetes,0.501956132717085,0.6892425481344289,0.2480476937381219,1,0.00782457078899565,4,2,"{""age"":0.0,""blood_pressure"":0.25,""bmi"":0.5,""glucose"":0.0,""insulin"":0.25}"
R_5AdxFNYPUVXDGcV,diabetes,counterfactual,4,120100,Diabetes,Diabetes,1,attribution,Diabetes,0.518777664086876,0.6562798804988926,0.23157493658168357,1,-0.07514599835039339,6,3,"{""age"":0.16666666666666669,""blood_pressure"":0.16666666666666669,""bmi"":0.5000000000000001,""glucose"":0.0,""insulin"":0.16666666666666669}"
R_5AdxFNYPUVXDGcV,diabetes,counterfactual,4,120100,Diabetes,Diabetes,1,exemplar,Diabetes,0.5024330751970647,0.6882928316060745,0.24757284465784993,1,-0.004866150394129354,6,3,"{""age"":0.16666666666666669,""blood_pressure"":0.16666666666666669,""bmi"":0.5000000000000001,""glucose"":0.0,""insulin"":0.16666666666666669}"
R_5AdxFNYPUVXDGcV,diabetes,counterfactual,4,120100,Diabetes,Diabetes,1,prototype,No Diabetes,0.49987596475628376,0.6933952818219508,0.2501240506284579,0,0.0004961409850423593,6,3,"{""age"":0.16666666666666669,""blood_pressure"":0.16666666666666669,""bmi"":0.5000000000000001,""glucose"":0.0,""insulin"":0.16666666666666669}"
R_5AdxFNYPUVXDGcV,diabetes,counterfactual,5,120107,Diabetes,No Diabetes,0,attribution,Diabetes,0.5489755006286885,0.5997014639170062,0.20342309903314212,1,-0.19653215470678922,8,4,"{""age"":0.125,""blood_pressure"":0.125,""bmi"":0.375,""glucose"":0.125,""insulin"":0.25}"
R_5AdxFNYPUVXDGcV,diabetes,counterfactual,5,120107,Diabetes,No Diabetes,0,exemplar,Diabetes,0.5008349320341576,0.6914787091644661,0.24916576507734398,1,-0.0016698640683153188,8,4,"{""age"":0.125,""blood_pressure"":0.125,""bmi"":0.375,""glucose"":0.125,""insulin"":0.25}"
R_5AdxFNYPUVXDGcV,diabetes,counterfactual,5,120107,Diabetes,No Diabetes,0,prototype,Diabetes,0.5002469531268705,0.6926533962377512,0.2497531078589763,1,-0.0009878125878055727,8,4,"{""age"":0.125,""blood_pressure"":0.125,""bmi"":0.375,""glucose"":0.125,""insulin"":0.25}"
R_5AdxFNYPUVXDGcV,diabetes,counterfactual,6,120103,No Diabetes,No Diabetes,1,attribution,No Diabetes,0.541806706284361,0.6128459716219196,0.20994109440598582,1,0.16761817359887232,10,5,"{""age"":0.2,""blood_pressure"":0.1,""bmi"":0.4,""glucose"":0.1,""insulin"":0.2}"
R_5AdxFNYPUVXDGcV,diabetes,counterfactual,6,120103,No Diabetes,No Diabetes,1,exemplar,Diabetes,0.4993201841473488,0.6945077374030943,0.25068027800224474,0,-0.0013596317053022888,10,5,"{""age"":0.2,""blood_pressure"":0.1,""bmi"":0.4,""glucose"":0.1,""insulin"":0.2}"
R_5AdxFNYPUVXDGcV,diabetes,counterfactual,6,120103,No Diabetes,No Diabetes,1,prototype,No Diabetes,0.50945833102712,0.6744072137126874,0.24063112899869857,1,0.03783783783783784,10,5,"{""age"":0.2,""blood_pressure"":0.1,""bmi"":0.4,""glucose"":0.1,""insulin"":0.2}"
R_5AdxFNYPUVXDGcV,diabetes,counterfactual,7,120101,No Diabetes,Diabetes,0,attribution,No Diabetes,0.50742252636373,0.6784112371308928,0.2426325675338903,1,0.02969228673485478,12,6,"{""age"":0.25,""blood_pressure"":0.08333333333333333,""bmi"":0.3333333333333333,""glucose"":0.16666666666666666,""insulin"":0.16666666666666666}"
R_5AdxFNYPUVXDGcV,diabetes,counterfactual,7,120101,No Diabetes,Diabetes,0,exemplar,Diabetes,0.4957164809999489,0.7017511265761951,0.2543018675350749,0,-0.008567038000102056,12,6,"{""age"":0.25,""blood_pressure"":0.08333333333333333,""bmi"":0.3333333333333333,""glucose"":0.16666666666666666,""insulin"":0.16666666666666666}"
R_5AdxFNYPUVXDGcV,diabetes,counterfactual,7,120101,No Diabetes,Diabetes,0,prototype,Diabetes,0.5,0.6931471805599453,0.25,0,0.0,12,6,"{""age"":0.25,""blood_pressure"":0.08333333333333333,""bmi"":0.3333333333333333,""glucose"":0.16666666666666666,""insulin"":0.16666666666666666}"
R_5AdxFNYPUVXDGcV,diabetes,counterfactual,8,120102,No Diabetes,No Diabetes,1,attribution,No Diabetes,0.5192469048189909,0.6553757771122593,0.23112353852612036,1,0.07702567918768596,14,7,"{""age"":0.2142857142857143,""blood_pressure"":0.14285714285714288,""bmi"":0.28571428571428575,""glucose"":0.2142857142857143,""insulin"":0.14285714285714288}"
R_5AdxFNYPUVXDGcV,diabetes,counterfactual,8,120102,No Diabetes,No Diabetes,1,exemplar,No Diabetes,0.5022138890546637,0.6887291762200095,0.24779101225008268,1,0.004427778109327429,14,7,"{""age"":0.2142857142857143,""blood_pressure"":0.14285714285714288,""bmi"":0.28571428571428575,""glucose"":0.2142857142857143,""insulin"":0.14285714285714288}"
R_5AdxFNYPUVXDGcV,diabetes,counterfactual,8,120102,No Diabetes,No Diabetes,1,prototype,No Diabetes,0.5090744609225837,0.6751609844812786,0.24100788491845182,1,0.03630182978009065,14,7,"{""age"":0.2142857142857143,""blood_pressure"":0.14285714285714288,""bmi"":0.28571428571428575,""glucose"":0.2142857142857143,""insulin"":0.14285714285714288}"
R_5AdxFNYPUVXDGcV,diabetes,counterfactual,9,120108,No Diabetes,Diabetes,0,attribution,No Diabetes,0.5593497112818647,0.5809803998565521,0.19417267694737597,1,0.23852331437047347,16,8,"{""age"":0.25,""blood_pressure"":0.125,""bmi"":0.25,""glucose"":0.25,""insulin"":0.125}"
R_5AdxFNYPUVXDGcV,diabetes,counterfactual,9,120108,No Diabetes,Diabetes,0,exemplar,No Diabetes,0.5025180395337667,0.6881237401235953,0.2474883009893269,1,0.005036079067533394,16,8,"{""age"":0.25,""blood_pressure"":0.125,""bmi"":0.25,""glucose"":0.25,""insulin"":0.125}"
R_5AdxFNYPUVXDGcV,diabetes,counterfactual,9,120108,No Diabetes,Diabetes,0,prototype,No Diabetes,0.5042215792811163,0.68473946609396,0.24579624245051043,1,0.016886718399511738,16,8,"{""age"":0.25,""blood_pressure"":0.125,""bmi"":0.25,""glucose"":0.25,""insulin"":0.125}"
R_5AdxFNYPUVXDGcV,diabetes,counterfactual,10,120110,No Diabetes,No Diabetes,1,attribution,No Diabetes,0.519905888470203,0.6541074674973402,0.23049035592558514,1,0.07966566111414827,18,9,"{""age"":0.22222222222222224,""blood_pressure"":0.11111111111111112,""bmi"":0.33333333333333337,""glucose"":0.22222222222222224,""insulin"":0.11111111111111112}"
R_5AdxFNYPUVXDGcV,diabetes,counterfactual,10,120110,No Diabetes,No Diabetes,1,exemplar,Diabetes,0.499580493483694,0.6939865457609882,0.2504196825020232,0,-0.0008390130326119682,18,9,"{""age"":0.22222222222222224,""blood_pressure"":0.11111111111111112,""bmi"":0.33333333333333337,""glucose"":0.22222222222222224,""insulin"":0.11111111111111112}"
R_5AdxFNYPUVXDGcV,diabetes,counterfactual,10,120110,No Diabetes,No Diabetes,1,prototype,No Diabetes,0.5006038644406986,0.6919401803964036,0.24939650021156415,1,0.002415458937198068,18,9,"{""age"":0.22222222222222224,""blood_pressure"":0.11111111111111112,""bmi"":0.33333333333333337,""glucose"":0.22222222222222224,""insulin"":0.11111111111111112}"
R_5AdxFNYPUVXDGcV,diabetes,counterfactual,11,120109,No Diabetes,Diabetes,0,attribution,No Diabetes,0.5578078874211289,0.5837406636572239,0.19553386442696505,1,0.23227018383388906,20,10,"{""age"":0.2,""blood_pressure"":0.15,""bmi"":0.3,""glucose"":0.2,""insulin"":0.15}"
R_5AdxFNYPUVXDGcV,diabetes,counterfactual,11,120109,No Diabetes,Diabetes,0,exemplar,No Diabetes,0.5033377529568351,0.686493857170883,0.24667338763796573,1,0.006675505913670277,20,10,"{""age"":0.2,""blood_pressure"":0.15,""bmi"":0.3,""glucose"":0.2,""insulin"":0.15}"
R_5AdxFNYPUVXDGcV,diabetes,counterfactual,11,120109,No Diabetes,Diabetes,0,prototype,No Diabetes,0.5046645981597543,0.6838612324199957,0.2453571603162377,1,0.01865893397153706,20,10,"{""age"":0.2,""blood_pressure"":0.15,""bmi"":0.3,""glucose"":0.2,""insulin"":0.15}"
R_5AdxFNYPUVXDGcV,diabetes,counterfactual,12,120106,No Diabetes,No Diabetes,1,attribution,No Diabetes,0.5307005998741172,0.6335572588038781,0.22024192695851344,1,0.12295707561036198,22,11,"{""age"":0.18181818181818182,""blood_pressure"":0.18181818181818182,""bmi"":0.2727272727272727,""glucose"":0.18181818181818182,""insulin"":0.18181818181818182}"
R_5AdxFNYPUVXDGcV,diabetes,counterfactual,12,120106,No Diabetes,No Diabetes,1,exemplar,No Diabetes,0.5021881070516536,0.6887805142362932,0.24781668076081587,1,0.0043762141033072965,22,11,"{""age"":0.18181818181818182,""blood_pressure"":0.18181818181818182,""bmi"":0.2727272727272727,""glucose"":0.18181818181818182,""insulin"":0.18181818181818182}"
R_5AdxFNYPUVXDGcV,diabetes,counterfactual,12,120106,No Diabetes,No Diabetes,1,prototype,No Diabetes,0.5021014171636463,0.688953153472554,0.24790299879044936,1,0.0084057181471726,22,11,"{""age"":0.18181818181818182,""blood_pressure"":0.18181818181818182,""bmi"":0.2727272727272727,""glucose"":0.18181818181818182,""insulin"":0.18181818181818182}"
R_5yl16n60oJpwrWu,diabetes,counterfactual,1,120108,No Diabetes,Diabetes,0,attribution,Diabetes,0.5,0.6931471805599453,0.25,0,0.0,0,0,"{""age"":0.2,""blood_pressure"":0.2,""bmi"":0.2,""glucose"":0.2,""insulin"":0.2}"
R_5yl16n60oJpwrWu,diabetes,counterfactual,1,120108,No Diabetes,Diabetes,0,exemplar,Diabetes,0.5,0.6931471805599453,0.25,0,0.0,0,0,"{""age"":0.2,""blood_pressure"":0.2,""bmi"":0.2,""glucose"":0.2,""insulin"":0.2}"
R_5yl16n60oJpwrWu,diabetes,counterfactual,1,120108,No Diabetes,Diabetes,0,prototype,Diabetes,0.5,0.6931471805599453,0.25,0,0.0,0,0,"{""age"":0.2,""blood_pressure"":0.2,""bmi"":0.2,""glucose"":0.2,""insulin"":0.2}"
R_5yl16n60oJpwrWu,diabetes,counterfactual,2,120110,Diabetes,No Diabetes,0,attribution,No Diabetes,0.4741205063527443,0.7462937567870487,0.27654924183869406,0,0.10361056476538333,2,1,"{""age"":0.0,""blood_pressure"":0.0,""bmi"":1.0,""glucose"":0.0,""insulin"":0.0}"
R_5yl16n60oJpwrWu,diabetes,counterfactual,2,120110,Diabetes,No Diabetes,0,exemplar,No Diabetes,0.4995836959087642,0.693980135553128,0.2504164774003321,0,0.0008326081824714948,2,1,"{""age"":0.0,""blood_pressure"":0.0,""bmi"":1.0,""glucose"":0.0,""insulin"":0.0}"
R_5yl16n60oJpwrWu,diabetes,counterfactual,2,120110,Diabetes,No Diabetes,0,prototype,No Diabetes,0.49912194526901366,0.6949048337897542,0.2508788257110968,0,0.00351222253441974,2,1,"{""age"":0.0,""blood_pressure"":0.0,""bmi"":1.0,""glucose"":0.0,""insulin"":0.0}"
R_5yl16n60oJpwrWu,diabetes,counterfactual,3,120103,Diabetes,No Diabetes,0,attribution,Diabetes,0.5237429604314084,0.6467542485398714,0.226820767738639,1,-0.09504332286420984,4,2,"{""age"":0.0,""blood_pressure"":0.25,""bmi"":0.5,""glucose"":0.0,""insulin"":0.25}"
R_5yl16n60oJpwrWu,diabetes,counterfactual,3,120103,Diabetes,No Diabetes,0,exemplar,No Diabetes,0.49976423481720195,0.6936188221309434,0.25023582076801953,0,0.00047153036559616224,4,2,"{""age"":0.0,""blood_pressure"":0.25,""bmi"":0.5,""glucose"":0.0,""insulin"":0.25}"
R_5yl16n60oJpwrWu,diabetes,counterfactual,3,120103,Diabetes,No Diabetes,0,prototype,Diabetes,0.5009294080041211,0.691290090012301,0.24907145579511708,1,-0.0037176362982101474,4,2,"{""age"":0.0,""blood_pressure"":0.25,""bmi"":0.5,""glucose"":0.0,""insulin"":0.25}"
R_5yl16n60oJpwrWu,diabetes,counterfactual,4,120100,Diabetes,Diabetes,1,attribution,Diabetes,0.5455572604692613,0.6059475104382676,0.2065182035122028,1,-0.18273584849413035,6,3,"{""age"":0.16666666666666669,""blood_pressure"":0.16666666666666669,""bmi"":0.33333333333333337,""glucose"":0.16666666666666669,""insulin"":0.16666666666666669}"
R_5yl16n60oJpwrWu,diabetes,counterfactual,4,120100,Diabetes,Diabetes,1,exemplar,Diabetes,0.5027403534966435,0.6876814379890549,0.24726715604064303,1,-0.00548070699328701,6,3,"{""age"":0.16666666666666669,""blood_pressure"":0.16666666666666669,""bmi"":0.33333333333333337,""glucose"":0.16666666666666669,""insulin"":0.16666666666666669}"
R_5yl16n60oJpwrWu,diabetes,counterfactual,4,120100,Diabetes,Diabetes,1,prototype,Diabetes,0.5027005728483193,0.687760568741151,0.24730672024538972,1,-0.010802396437947226,6,3,"{""age"":0.16666666666666669,""blood_pressure"":0.16666666666666669,""bmi"":0.33333333333333337,""glucose"":0.16666666666666669,""insulin"":0.16666666666666669}"
R_5yl16n60oJpwrWu,diabetes,counterfactual,5,120107,Diabetes,No Diabetes,0,attribution,No Diabetes,0.4955784708213924,0.7020295708055229,0.25444107909888486,0,0.01768657775229137,8,4,"{""age"":0.125,""blood_pressure"":0.125,""bmi"":0.25,""glucose"":0.25,""insulin"":0.25}"
R_5yl16n60oJpwrWu,diabetes,counterfactual,5,120107,Diabetes,No Diabetes,0,exemplar,No Diabetes,0.49999039426306924,0.6931663922183495,0.25000960582920095,0,1.9211473861524553e-05,8,4,"{""age"":0.125,""blood_pressure"":0.125,""bmi"":0.25,""glucose"":0.25,""insulin"":0.25}"
R_5yl16n60oJpwrWu,diabetes,counterfactual,5,120107,Diabetes,No Diabetes,0,prototype,Diabetes,0.5004055302607613,0.6923364487702719,0.24959463419403122,1,-0.0016221213987325234,8,4,"{""age"":0.125,""blood_pressure"":0.125,""bmi"":0.25,""glucose"":0.25,""insulin"":0.25}"
R_5yl16n60oJpwrWu,diabetes,counterfactual,6,120109,No Diabetes,Diabetes,0,attribution,No Diabetes,0.572286704235187,0.5581151819963309,0.1829386633739984,1,0.2911869955753495,10,5,"{""age"":0.2,""blood_pressure"":0.1,""bmi"":0.3,""glucose"":0.2,""insulin"":0.2}"
R_5yl16n60oJpwrWu,diabetes,counterfactual,6,120109,No Diabetes,Diabetes,0,exemplar,No Diabetes,0.502568790113417,0.6880227526701804,0.24743780856922976,1,0.005137580226834082,10,5,"{""age"":0.2,""blood_pressure"":0.1,""bmi"":0.3,""glucose"":0.2,""insulin"":0.2}"
R_5yl16n60oJpwrWu,diabetes,counterfactual,6,120109,No Diabetes,Diabetes,0,prototype,No Diabetes,0.5040539652166374,0.6850719428002287,0.24596246941734035,1,0.016216216216216217,10,5,"{""age"":0.2,""blood_pressure"":0.1,""bmi"":0.3,""glucose"":0.2,""insulin"":0.2}"
R_5yl16n60oJpwrWu,diabetes,counterfactual,7,120101,Diabetes,Diabetes,1,attribution,Diabetes,0.5187789383074608,0.6562774243040559,0.23157371021649462,1,-0.07515110243203156,12,6,"{""age"":0.16666666666666669,""blood_pressure"":0.16666666666666669,""bmi"":0.25000000000000006,""glucose"":0.16666666666666669,""insulin"":0.25000000000000006}"
R_5yl16n60oJpwrWu,diabetes,counterfactual,7,120101,Diabetes,Diabetes,1,exemplar,Diabetes,0.501807098458555,0.6895394991583284,0.24819616714628392,1,-0.0036141969171099575,12,6,"{""age"":0.16666666666666669,""blood_pressure"":0.16666666666666669,""bmi"":0.25000000000000006,""glucose"":0.16666666666666669,""insulin"":0.25000000000000006}"
R_5yl16n60oJpwrWu,diabetes,counterfactual,7,120101,Diabetes,Diabetes,1,prototype,Diabetes,0.5036598445456099,0.6858541503819937,0.2463535499164881,1,-0.014639639639639636,12,6,"{""age"":0.16666666666666669,""blood_pressure"":0.16666666666666669,""bmi"":0.25000000000000006,""glucose"":0.16666666666666669,""insulin"":0.25000000000000006}"
R_5yl16n60oJpwrWu,diabetes,counterfactual,8,120105,No Diabetes,Diabetes,0,attribution,No Diabetes,0.5086053436576522,0.6760829194475575,0.2414687082818141,1,0.0344247738608236,14,7,"{""age"":0.14285714285714285,""blood_pressure"":0.21428571428571427,""bmi"":0.21428571428571427,""glucose"":0.21428571428571427,""insulin"":0.21428571428571427}"
R_5yl16n60oJpwrWu,diabetes,counterfactual,8,120105,No Diabetes,Diabetes,0,exemplar,Diabetes,0.49861471204189783,0.6959216016254309,0.25138720698082906,0,-0.0027705759162043875,14,7,"{""age"":0.14285714285714285,""blood_pressure"":0.21428571428571427,""bmi"":0.21428571428571427,""glucose"":0.21428571428571427,""insulin"":0.21428571428571427}"
R_5yl16n60oJpwrWu,diabetes,counterfactual,8,120105,No Diabetes,Diabetes,0,prototype,Diabetes,0.49773997550780535,0.6976774758532823,0.2522651322029,0,-0.00904015953514041,14,7,"{""age"":0.14285714285714285,""blood_pressure"":0.21428571428571427,""bmi"":0.21428571428571427,""glucose"":0.21428571428571427,""insulin"":0.21428571428571427}"
R_5yl16n60oJpwrWu,diabetes,counterfactual,9,120111,Diabetes,No Diabetes,0,attribution,Diabetes,0.5191510847651104,0.6555603307325738,0.23121567928256997,1,-0.07664183302605028,16,8,"{""age"":0.1875,""blood_pressure"":0.1875,""bmi"":0.25,""glucose"":0.1875,""insulin"":0.1875}"
R_5yl16n60oJpwrWu,diabetes,counterfactual,9,120111,Diabetes,No Diabetes,0,exemplar,Diabetes,0.5036577305352261,0.6858583476886546,0.2463556484574422,1,-0.007315461070452223,16,8,"{""age"":0.1875,""blood_pressure"":0.1875,""bmi"":0.25,""glucose"":0.1875,""insulin"":0.1875}"
R_5yl16n60oJpwrWu,diabetes,counterfactual,9,120111,Diabetes,No Diabetes,0,prototype,Diabetes,0.5032878181955379,0.6865930693561665,0.246722991552949,1,-0.01315146233633737,16,8,"{""age"":0.1875,""blood_pressure"":0.1875,""bmi"":0.25,""glucose"":0.1875,""insulin"":0.1875}"
R_5yl16n60oJpwrWu,diabetes,counterfactual,10,120106,Diabetes,No Diabetes,0,attribution,No Diabetes,0.47052322202866703,0.7539099651094936,0.28034565841090425,0,0.11804399368458626,18,9,"{""age"":0.16666666666666669,""blood_pressure"":0.22222222222222224,""bmi"":0.27777777777777785,""glucose"":0.16666666666666669,""insulin"":0.16666666666666669}"
R_5yl16n60oJpwrWu,diabetes,counterfactual,10,120106,Diabetes,No Diabetes,0,exemplar,No Diabetes,0.4984618635199304,0.6962281949742489,0.2515405023439011,0,0.003076272960139348,18,9,"{""age"":0.16666666666666669,""blood_pressure"":0.22222222222222224,""bmi"":0.27777777777777785,""glucose"":0.16666666666666669,""insulin"":0.16666666666666669}"
R_5yl16n60oJpwrWu,diabetes,counterfactual,10,120106,Diabetes,No Diabetes,0,prototype,No Diabetes,0.49653097055627454,0.7001094196854741,0.25348106360900696,0,0.013876340431325768,18,9,"{""age"":0.16666666666666669,""blood_pressure"":0.22222222222222224,""bmi"":0.27777777777777785,""glucose"":0.16666666666666669,""insulin"":0.16666666666666669}"
R_5yl16n60oJpwrWu,diabetes,counterfactual,11,120104,No Diabetes,Diabetes,0,attribution,Diabetes,0.4792101330360139,0.7356160866698788,0.2712220855323663,0,-0.08320744171844396,20,10,"{""age"":0.15,""blood_pressure"":0.25,""bmi"":0.3,""glucose"":0.15,""insulin"":0.15}"
R_5yl16n60oJpwrWu,diabetes,counterfactual,11,120104,No Diabetes,Diabetes,0,exemplar,No Diabetes,0.500344673180788,0.6924580716884368,0.24965544561881353,1,0.0006893463615759154,20,10,"{""age"":0.15,""blood_pressure"":0.25,""bmi"":0.3,""glucose"":0.15,""insulin"":0.15}"
R_5yl16n60oJpwrWu,diabetes,counterfactual,11,120104,No Diabetes,Diabetes,0,prototype,No Diabetes,0.5020828308401135,0.6889901712281539,0.24792150734419502,1,0.008331371551377156,20,10,"{""age"":0.15,""blood_pressure"":0.25,""bmi"":0.3,""glucose"":0.15,""insulin"":0.15}"
R_5yl16n60oJpwrWu,diabetes,counterfactual,12,120102,Diabetes,No Diabetes,0,attribution,Diabetes,0.5079781935570614,0.6773167583937819,0.2420854580153725,1,-0.031915483039746485,22,11,"{""age"":0.13636363636363638,""blood_pressure"":0.2272727272727273,""bmi"":0.31818181818181823,""glucose"":0.13636363636363638,""insulin"":0.18181818181818185}"
R_5yl16n60oJpwrWu,diabetes,counterfactual,12,120102,Diabetes,No Diabetes,0,exemplar,No Diabetes,0.4990593541431772,0.6950302441254423,0.2509415306714508,0,0.0018812917136456497,22,11,"{""age"":0.13636363636363638,""blood_pressure"":0.2272727272727273,""bmi"":0.31818181818181823,""glucose"":0.13636363636363638,""insulin"":0.18181818181818185}"
R_5yl16n60oJpwrWu,diabetes,counterfactual,12,120102,Diabetes,No Diabetes,0,prototype,No Diabetes,0.49935800576939254,0.6944319940406304,0.25064240638719965,0,0.0025679783336427925,22,11,"{""age"":0.13636363636363638,""blood_pressure"":0.2272727272727273,""bmi"":0.31818181818181823,""glucose"":0.13636363636363638,""insulin"":0.18181818181818185}"
R_6iqiXGwFokBZXvb,diabetes,counterfactual,1,120103,No Diabetes,No Diabetes,1,attribution,Diabetes,0.5,0.6931471805599453,0.25,0,0.0,0,0,"{""age"":0.2,""blood_pressure"":0.2,""bmi"":0.2,""glucose"":0.2,""insulin"":0.2}"
R_6iqiXGwFokBZXvb,diabetes,counterfactual,1,120103,No Diabetes,No Diabetes,1,exemplar,Diabetes,0.5,0.6931471805599453,0.25,0,0.0,0,0,"{""age"":0.2,""blood_pressure"":0.2,""bmi"":0.2,""glucose"":0.2,""insulin"":0.2}"
R_6iqiXGwFokBZXvb,diabetes,counterfactual,1,120103,No Diabetes,No Diabetes,1,prototype,Diabetes,0.5,0.6931471805599453,0.25,0,0.0,0,0,"{""age"":0.2,""blood_pressure"":0.2,""bmi"":0.2,""glucose"":0.2,""insulin"":0.2}"
R_6iqiXGwFokBZXvb,diabetes,counterfactual,2,120109,Diabetes,Diabetes,1,attribution,Diabetes,0.5031491286141893,0.6868686744651923,0.24686078839683945,1,-0.012596681020418443,2,1,"{""age"":0.5,""blood_pressure"":0.0,""bmi"":0.0,""glucose"":0.5,""insulin"":0.0}"
R_6iqiXGwFokBZXvb,diabetes,counterfactual,2,120109,Diabetes,Diabetes,1,exemplar,No Diabetes,0.49591083938279173,0.7013591277247382,0.25410588185176153,0,0.008178321234416475,2,1,"{""age"":0.5,""blood_pressure"":0.0,""bmi"":0.0,""glucose"":0.5,""insulin"":0.0}"
R_6iqiXGwFokBZXvb,diabetes,counterfactual,2,120109,Diabetes,Diabetes,1,prototype,No Diabetes,0.49142076056957473,0.7104545719861391,0.25865284277962997,0,0.03432032610743717,2,1,"{""age"":0.5,""blood_pressure"":0.0,""bmi"":0.0,""glucose"":0.5,""insulin"":0.0}"
R_6iqiXGwFokBZXvb,diabetes,counterfactual,3,120107,Diabetes,No Diabetes,0,attribution,Diabetes,0.5330196156924419,0.6291970530686409,0.21807067932803462,1,-0.1322709727508484,4,2,"{""age"":0.25,""blood_pressure"":0.25,""bmi"":0.0,""glucose"":0.25,""insulin"":0.25}"
R_6iqiXGwFokBZXvb,diabetes,counterfactual,3,120107,Diabetes,No Diabetes,0,exemplar,Diabetes,0.5026455801233846,0.6878699693189062,0.2473614189708047,1,-0.005291160246769122,4,2,"{""age"":0.25,""blood_pressure"":0.25,""bmi"":0.0,""glucose"":0.25,""insulin"":0.25}"
R_6iqiXGwFokBZXvb,diabetes,counterfactual,3,120107,Diabetes,No Diabetes,0,prototype,Diabetes,0.5069139512389772,0.6794140112174,0.2431338514827577,1,-0.027657567855162823,4,2,"{""age"":0.25,""blood_pressure"":0.25,""bmi"":0.0,""glucose"":0.25,""insulin"":0.25}"
R_6iqiXGwFokBZXvb,diabetes,counterfactual,4,120111,Diabetes,No Diabetes,0,attribution,Diabetes,0.5308978723483797,0.6331856070321491,0.22005680616727702,1,-0.12374917102232212,6,3,"{""age"":0.3333333333333333,""blood_pressure"":0.16666666666666666,""bmi"":0.16666666666666666,""glucose"":0.16666666666666666,""insulin"":0.16666666666666666}"
R_6iqiXGwFokBZXvb,diabetes,counterfactual,4,120111,Diabetes,No Diabetes,0,exemplar,Diabetes,0.5077207463676172,0.6778236944253911,0.2423388635568559,1,-0.015441492735234374,6,3,"{""age"":0.3333333333333333,""blood_pressure"":0.16666666666666666,""bmi"":0.16666666666666666,""glucose"":0.16666666666666666,""insulin"":0.16666666666666666}"
R_6iqiXGwFokBZXvb,diabetes,counterfactual,4,120111,Diabetes,No Diabetes,0,prototype,Diabetes,0.5134531322044249,0.6665965250459425,0.23672785456168483,1,-0.05382552026866283,6,3,"{""age"":0.3333333333333333,""blood_pressure"":0.16666666666666666,""bmi"":0.16666666666666666,""glucose"":0.16666666666666666,""insulin"":0.16666666666666666}"
R_6iqiXGwFokBZXvb,diabetes,counterfactual,5,120110,No Diabetes,No Diabetes,1,attribution,No Diabetes,0.5149060408740224,0.6637708398683081,0.23531614918051566,1,0.0596418367829545,8,4,"{""age"":0.25,""blood_pressure"":0.25,""bmi"":0.25,""glucose"":0.125,""insulin"":0.125}"
R_6iqiXGwFokBZXvb,diabetes,counterfactual,5,120110,No Diabetes,No Diabetes,1,exemplar,Diabetes,0.49846397425283107,0.6962239604909589,0.2515383851222649,0,-0.0030720514943379795,8,4,"{""age"":0.25,""blood_pressure"":0.25,""bmi"":0.25,""glucose"":0.125,""insulin"":0.125}"
R_6iqiXGwFokBZXvb,diabetes,counterfactual,5,120110,No Diabetes,No Diabetes,1,prototype,Diabetes,0.4995960635426367,0.6939553799798568,0.2504040996220249,0,-0.0016157461809635648,8,4,"{""age"":0.25,""blood_pressure"":0.25,""bmi"":0.25,""glucose"":0.125,""insulin"":0.125}"
R_6iqiXGwFokBZXvb,diabetes,counterfactual,6,120104,No Diabetes,Diabetes,0,attribution,Diabetes,0.4745407808950866,0.7454077196408366,0.27610739094234543,0,-0.1019250239775161,10,5,"{""age"":0.2,""blood_pressure"":0.3,""bmi"":0.2,""glucose"":0.1,""insulin"":0.2}"
R_6iqiXGwFokBZXvb,diabetes,counterfactual,6,120104,No Diabetes,Diabetes,0,exemplar,No Diabetes,0.501173726607341,0.6908024783092291,0.24882765102680773,1,0.0023474532146821603,10,5,"{""age"":0.2,""blood_pressure"":0.3,""bmi"":0.2,""glucose"":0.1,""insulin"":0.2}"
R_6iqiXGwFokBZXvb,diabetes,counterfactual,6,120104,No Diabetes,Diabetes,0,prototype,No Diabetes,0.5050037232552509,0.6831894769512811,0.24502131399116425,1,0.020015561218233835,10,5,"{""age"":0.2,""blood_pressure"":0.3,""bmi"":0.2,""glucose"":0.1,""insulin"":0.2}"
R_6iqiXGwFokBZXvb,diabetes,counterfactual,7,120105,Diabetes,Diabetes,1,attribution,No Diabetes,0.4969013821202647,0.6993636988919895,0.25310821931249994,0,0.012394630195510986,12,6,"{""age"":0.16666666666666669,""blood_pressure"":0.25000000000000006,""bmi"":0.25000000000000006,""glucose"":0.08333333333333334,""insulin"":0.25000000000000006}"
R_6iqiXGwFokBZXvb,diabetes,counterfactual,7,120105,Diabetes,Diabetes,1,exemplar,Diabetes,0.5027045771007622,0.6877526032907191,0.24730273763653168,1,-0.005409154201524491,12,6,"{""age"":0.16666666666666669,""blood_pressure"":0.25000000000000006,""bmi"":0.25000000000000006,""glucose"":0.08333333333333334,""insulin"":0.25000000000000006}"
R_6iqiXGwFokBZXvb,diabetes,counterfactual,7,120105,Diabetes,Diabetes,1,prototype,Diabetes,0.5034952175442933,0.6861810652910866,0.24651699900138865,1,-0.013981097914435914,12,6,"{""age"":0.16666666666666669,""blood_pressure"":0.25000000000000006,""bmi"":0.25000000000000006,""glucose"":0.08333333333333334,""insulin"":0.25000000000000006}"
R_6iqiXGwFokBZXvb,diabetes,counterfactual,8,120106,No Diabetes,No Diabetes,1,attribution,No Diabetes,0.5273280843964242,0.6399323731084237,0.22341873980035387,1,0.10942138256731407,14,7,"{""age"":0.21428571428571427,""blood_pressure"":0.21428571428571427,""bmi"":0.2857142857142857,""glucose"":0.07142857142857142,""insulin"":0.21428571428571427}"
R_6iqiXGwFokBZXvb,diabetes,counterfactual,8,120106,No Diabetes,No Diabetes,1,exemplar,No Diabetes,0.5019108728826382,0.6893327191117095,0.24809277855253536,1,0.003821745765276552,14,7,"{""age"":0.21428571428571427,""blood_pressure"":0.21428571428571427,""bmi"":0.2857142857142857,""glucose"":0.07142857142857142,""insulin"":0.21428571428571427}"
R_6iqiXGwFokBZXvb,diabetes,counterfactual,8,120106,No Diabetes,No Diabetes,1,prototype,No Diabetes,0.5052306067998633,0.6827403068099048,0.24479675244763147,1,0.02092319047872452,14,7,"{""age"":0.21428571428571427,""blood_pressure"":0.21428571428571427,""bmi"":0.2857142857142857,""glucose"":0.07142857142857142,""insulin"":0.21428571428571427}"
R_6iqiXGwFokBZXvb,diabetes,counterfactual,9,120100,Diabetes,Diabetes,1,attribution,Diabetes,0.564763275206881,0.5713486175678755,0.18943100660864118,1,-0.26051658341922757,16,8,"{""age"":0.1875,""blood_pressure"":0.25,""bmi"":0.3125,""glucose"":0.0625,""insulin"":0.1875}"
R_6iqiXGwFokBZXvb,diabetes,counterfactual,9,120100,Diabetes,Diabetes,1,exemplar,Diabetes,0.5029825218439481,0.6871998573112704,0.24702637359260143,1,-0.005965043687896299,16,8,"{""age"":0.1875,""blood_pressure"":0.25,""bmi"":0.3125,""glucose"":0.0625,""insulin"":0.1875}"
R_6iqiXGwFokBZXvb,diabetes,counterfactual,9,120100,Diabetes,Diabetes,1,prototype,Diabetes,0.5040672973616168,0.6850454933134951,0.24594924554621095,1,-0.016269548313650878,16,8,"{""age"":0.1875,""blood_pressure"":0.25,""bmi"":0.3125,""glucose"":0.0625,""insulin"":0.1875}"
R_6iqiXGwFokBZXvb,diabetes,counterfactual,10,120101,Diabetes,Diabetes,1,attribution,Diabetes,0.5046158238160703,0.6839578841387054,0.2454054820134307,1,-0.018463819792196808,18,9,"{""age"":0.16666666666666666,""blood_pressure"":0.2222222222222222,""bmi"":0.2777777777777778,""glucose"":0.1111111111111111,""insulin"":0.2222222222222222}"
R_6iqiXGwFokBZXvb,diabetes,counterfactual,10,120101,Diabetes,Diabetes,1,exemplar,Diabetes,0.5021028162840131,0.6889503669470243,0.24790160555231122,1,-0.004205632568026196,18,9,"{""age"":0.16666666666666666,""blood_pressure"":0.2222222222222222,""bmi"":0.2777777777777778,""glucose"":0.1111111111111111,""insulin"":0.2222222222222222}"
R_6iqiXGwFokBZXvb,diabetes,counterfactual,10,120101,Diabetes,Diabetes,1,prototype,Diabetes,0.5,0.6931471805599453,0.25,1,0.0,18,9,"{""age"":0.16666666666666666,""blood_pressure"":0.2222222222222222,""bmi"":0.2777777777777778,""glucose"":0.1111111111111111,""insulin"":0.2222222222222222}"
R_6iqiXGwFokBZXvb,diabetes,counterfactual,11,120102,No Diabetes,No Diabetes,1,attribution,No Diabetes,0.5005078569616005,0.6921319821251016,0.24949240095709296,1,0.0020314285449933786,20,10,"{""age"":0.15,""blood_pressure"":0.25,""bmi"":0.25,""glucose"":0.15,""insulin"":0.2}"
R_6iqiXGwFokBZXvb,diabetes,counterfactual,11,120102,No Diabetes,No Diabetes,1,exemplar,No Diabetes,0.5012852532502643,0.6905799721606,0.248716398625653,1,0.002570506500528591,20,10,"{""age"":0.15,""blood_pressure"":0.25,""bmi"":0.25,""glucose"":0.15,""insulin"":0.2}"
R_6iqiXGwFokBZXvb,diabetes,counterfactual,11,120102,No Diabetes,No Diabetes,1,prototype,No Diabetes,0.5010473764515276,0.69105461859264,0.2489537205459036,1,0.004189511933962605,20,10,"{""age"":0.15,""blood_pressure"":0.25,""bmi"":0.25,""glucose"":0.15,""insulin"":0.2}"
R_6iqiXGwFokBZXvb,diabetes,counterfactual,12,120108,No Diabetes,Diabetes,0,attribution,No Diabetes,0.5511644889810227,0.5957219862836386,0.20145331595166652,1,0.20537681724634455,22,11,"{""age"":0.18181818181818182,""blood_pressure"":0.22727272727272727,""bmi"":0.22727272727272727,""glucose"":0.18181818181818182,""insulin"":0.18181818181818182}"
R_6iqiXGwFokBZXvb,diabetes,counterfactual,12,120108,No Diabetes,Diabetes,0,exemplar,No Diabetes,0.502006791761092,0.6891416299773637,0.2479972354520804,1,0.0040135835221840055,22,11,"{""age"":0.18181818181818182,""blood_pressure"":0.22727272727272727,""bmi"":0.22727272727272727,""glucose"":0.18181818181818182,""insulin"":0.18181818181818182}"
R_6iqiXGwFokBZXvb,diabetes,counterfactual,12,120108,No Diabetes,Diabetes,0,prototype,No Diabetes,0.5019525359224799,0.6892497137157559,0.24805127647404868,1,0.007810183390769054,22,11,"{""age"":0.18181818181818182,""blood_pressure"":0.22727272727272727,""bmi"":0.22727272727272727,""glucose"":0.18181818181818182,""insulin"":0.18181818181818182}"
R_7PvOmZWmKNN4iL0,diabetes,counterfactual,1,120109,Diabetes,Diabetes,1,attribution,Diabetes,0.5,0.6931471805599453,0.25,1,0.0,0,0,"{""age"":0.2,""blood_pressure"":0.2,""bmi"":0.2,""glucose"":0.2,""insulin"":0.2}"
R_7PvOmZWmKNN4iL0,diabetes,counterfactual,1,120109,Diabetes,Diabetes,1,exemplar,Diabetes,0.5,0.6931471805599453,0.25,1,0.0,0,0,"{""age"":0.2,""blood_pressure"":0.2,""bmi"":0.2,""glucose"":0.2,""insulin"":0.2}"
R_7PvOmZWmKNN4iL0,diabetes,counterfactual,1,120109,Diabetes,Diabetes,1,prototype,Diabetes,0.5,0.6931471805599453,0.25,1,0.0,0,0,"{""age"":0.2,""blood_pressure"":0.2,""bmi"":0.2,""glucose"":0.2,""insulin"":0.2}"
R_7PvOmZWmKNN4iL0,diabetes,counterfactual,2,120102,No Diabetes,No Diabetes,1,attribution,Diabetes,0.4868295386777165,0.719841240421025,0.2633439223737253,0,-0.052694034695099964,2,1,"{""age"":0.0,""blood_pressure"":0.5,""bmi"":0.0,""glucose"":0.0,""insulin"":0.5}"
R_7PvOmZWmKNN4iL0,diabetes,counterfactual,2,120102,No Diabetes,No Diabetes,1,exemplar,No Diabetes,0.5007774921945348,0.6915934039072554,0.24922311229957775,1,0.0015549843890695914,2,1,"{""age"":0.0,""blood_pressure"":0.5,""bmi"":0.0,""glucose"":0.0,""insulin"":0.5}"
R_7PvOmZWmKNN4iL0,diabetes,counterfactual,2,120102,No Diabetes,No Diabetes,1,prototype,No Diabetes,0.5016647686743323,0.6898231738478516,0.24833800278040674,1,0.006659099304591631,2,1,"{""age"":0.0,""blood_pressure"":0.5,""bmi"":0.0,""glucose"":0.0,""insulin"":0.5}"
R_7PvOmZWmKNN4iL0,diabetes,counterfactual,3,120107,Diabetes,No Diabetes,0,attribution,Diabetes,0.5201458387977272,0.6536460475016025,0.23026001602313675,1,-0.08062700457313393,4,2,"{""age"":0.25,""blood_pressure"":0.25,""bmi"":0.0,""glucose"":0.25,""insulin"":0.25}"
R_7PvOmZWmKNN4iL0,diabetes,counterfactual,3,120107,Diabetes,No Diabetes,0,exemplar,Diabetes,0.5010784463216957,0.6909926106701376,0.2489227167247731,1,-0.002156892643391417,4,2,"{""age"":0.25,""blood_pressure"":0.25,""bmi"":0.0,""glucose"":0.25,""insulin"":0.25}"
R_7PvOmZWmKNN4iL0,diabetes,counterfactual,3,120107,Diabetes,No Diabetes,0,prototype,Diabetes,0.5045265931431566,0.6841347286982971,0.24549389690232706,1,-0.01810686726415045,4,2,"{""age"":0.25,""blood_pressure"":0.25,""bmi"":0.0,""glucose"":0.25,""insulin"":0.25}"
R_7PvOmZWmKNN4iL0,diabetes,counterfactual,4,120108,No Diabetes,Diabetes,0,attribution,No Diabetes,0.5350538490957965,0.6253878846357477,0.21617492324063442,1,0.1404457999719821,6,3,"{""age"":0.3333333333333333,""blood_pressure"":0.16666666666666666,""bmi"":0.16666666666666666,""glucose"":0.16666666666666666,""insulin"":0.16666666666666666}"
R_7PvOmZWmKNN4iL0,diabetes,counterfactual,4,120108,No Diabetes,Diabetes,0,exemplar,No Diabetes,0.5062393826553382,0.6807456333139801,0.24379954724058156,1,0.012478765310676432,6,3,"{""age"":0.3333333333333333,""blood_pressure"":0.16666666666666666,""bmi"":0.16666666666666666,""glucose"":0.16666666666666666,""insulin"":0.16666666666666666}"
R_7PvOmZWmKNN4iL0,diabetes,counterfactual,4,120108,No Diabetes,Diabetes,0,prototype,No Diabetes,0.5006803828846987,0.6917873397932411,0.24932008003617107,1,0.002721533218601885,6,3,"{""age"":0.3333333333333333,""blood_pressure"":0.16666666666666666,""bmi"":0.16666666666666666,""glucose"":0.16666666666666666,""insulin"":0.16666666666666666}"
R_7PvOmZWmKNN4iL0,diabetes,counterfactual,5,120101,Diabetes,Diabetes,1,attribution,Diabetes,0.5198401326114162,0.6542339519609328,0.2305534982506225,1,-0.07940222151090853,8,4,"{""age"":0.25,""blood_pressure"":0.125,""bmi"":0.375,""glucose"":0.125,""insulin"":0.125}"
R_7PvOmZWmKNN4iL0,diabetes,counterfactual,5,120101,Diabetes,Diabetes,1,exemplar,Diabetes,0.5020854034584444,0.6889850473490208,0.24791894544914012,1,-0.004170806916888814,8,4,"{""age"":0.25,""blood_pressure"":0.125,""bmi"":0.375,""glucose"":0.125,""insulin"":0.125}"
R_7PvOmZWmKNN4iL0,diabetes,counterfactual,5,120101,Diabetes,Diabetes,1,prototype,Diabetes,0.5057455323042211,0.6817216367761257,0.2442874788372377,1,-0.02298314085212573,8,4,"{""age"":0.25,""blood_pressure"":0.125,""bmi"":0.375,""glucose"":0.125,""insulin"":0.125}"
R_7PvOmZWmKNN4iL0,diabetes,counterfactual,6,120100,Diabetes,Diabetes,1,attribution,Diabetes,0.5891678340800296,0.5290441884160852,0.1687830685544941,1,-0.36052631489546216,10,5,"{""age"":0.2,""blood_pressure"":0.2,""bmi"":0.3,""glucose"":0.2,""insulin"":0.1}"
R_7PvOmZWmKNN4iL0,diabetes,counterfactual,6,120100,Diabetes,Diabetes,1,exemplar,Diabetes,0.5031755270595263,0.6868162093979912,0.2468345569125796,1,-0.006351054119052457,10,5,"{""age"":0.2,""blood_pressure"":0.2,""bmi"":0.3,""glucose"":0.2,""insulin"":0.1}"
R_7PvOmZWmKNN4iL0,diabetes,counterfactual,6,120100,Diabetes,Diabetes,1,prototype,Diabetes,0.5152177899945085,0.663165574519305,0.23501379113780846,1,-0.06088996591425194,10,5,"{""age"":0.2,""blood_pressure"":0.2,""bmi"":0.3,""glucose"":0.2,""insulin"":0.1}"
R_7PvOmZWmKNN4iL0,diabetes,counterfactual,7,120110,No Diabetes,No Diabetes,1,attribution,No Diabetes,0.5198898279908704,0.6541383591024501,0.23050577726663604,1,0.07960131729556771,12,6,"{""age"":0.16666666666666669,""blood_pressure"":0.16666666666666669,""bmi"":0.25000000000000006,""glucose"":0.25000000000000006,""insulin"":0.16666666666666669}"
R_7PvOmZWmKNN4iL0,diabetes,counterfactual,7,120110,No Diabetes,No Diabetes,1,exemplar,No Diabetes,0.5026955507963631,0.6877705589367329,0.2473117151977327,1,0.005391101592726266,12,6,"{""age"":0.16666666666666669,""blood_pressure"":0.16666666666666669,""bmi"":0.25000000000000006,""glucose"":0.25000000000000006,""insulin"":0.16666666666666669}"
R_7PvOmZWmKNN4iL0,diabetes,counterfactual,7,120110,No Diabetes,No Diabetes,1,prototype,No Diabetes,0.5006793474080498,0.6917894079344249,0.24932111410485105,1,0.0027173913043478277,12,6,"{""age"":0.16666666666666669,""blood_pressure"":0.16666666666666669,""bmi"":0.25000000000000006,""glucose"":0.25000000000000006,""insulin"":0.16666666666666669}"
R_7PvOmZWmKNN4iL0,diabetes,counterfactual,8,120105,Diabetes,Diabetes,1,attribution,No Diabetes,0.4895573134948368,0.7142537380742876,0.2605517362066083,0,0.04177682106053055,14,7,"{""age"":0.14285714285714285,""blood_pressure"":0.21428571428571427,""bmi"":0.21428571428571427,""glucose"":0.21428571428571427,""insulin"":0.21428571428571427}"
R_7PvOmZWmKNN4iL0,diabetes,counterfactual,8,120105,Diabetes,Diabetes,1,exemplar,No Diabetes,0.49898517372162987,0.6951788956527297,0.2510158561507454,0,0.002029652556740258,14,7,"{""age"":0.14285714285714285,""blood_pressure"":0.21428571428571427,""bmi"":0.21428571428571427,""glucose"":0.21428571428571427,""insulin"":0.21428571428571427}"
R_7PvOmZWmKNN4iL0,diabetes,counterfactual,8,120105,Diabetes,Diabetes,1,prototype,Diabetes,0.5019314046158044,0.6892918128187006,0.2480723257079855,1,-0.007725656888972782,14,7,"{""age"":0.14285714285714285,""blood_pressure"":0.21428571428571427,""bmi"":0.21428571428571427,""glucose"":0.21428571428571427,""insulin"":0.21428571428571427}"
R_7PvOmZWmKNN4iL0,diabetes,counterfactual,9,120106,No Diabetes,No Diabetes,1,attribution,No Diabetes,0.5309791272077692,0.633032566972741,0.21998057911478597,1,0.12407543966594381,16,8,"{""age"":0.1875,""blood_pressure"":0.1875,""bmi"":0.25,""glucose"":0.1875,""insulin"":0.1875}"
R_7PvOmZWmKNN4iL0,diabetes,counterfactual,9,120106,No Diabetes,No Diabetes,1,exemplar,No Diabetes,0.5023820371997223,0.6883944184487815,0.24762363690149855,1,0.0047640743994447066,16,8,"{""age"":0.1875,""blood_pressure"":0.1875,""bmi"":0.25,""glucose"":0.1875,""insulin"":0.1875}"
R_7PvOmZWmKNN4iL0,diabetes,counterfactual,9,120106,No Diabetes,No Diabetes,1,prototype,No Diabetes,0.5000765338023784,0.692994124668839,0.24992347205504453,1,0.0003061352119040732,16,8,"{""age"":0.1875,""blood_pressure"":0.1875,""bmi"":0.25,""glucose"":0.1875,""insulin"":0.1875}"
R_7PvOmZWmKNN4iL0,diabetes,counterfactual,10,120103,Diabetes,No Diabetes,0,attribution,No Diabetes,0.4870578718568881,0.7193723295779738,0.26310962682398464,0,0.051780078765798966,18,9,"{""age"":0.16666666666666669,""blood_pressure"":0.22222222222222224,""bmi"":0.27777777777777785,""glucose"":0.16666666666666669,""insulin"":0.16666666666666669}"
R_7PvOmZWmKNN4iL0,diabetes,counterfactual,10,120103,Diabetes,No Diabetes,0,exemplar,No Diabetes,0.49879983996691435,0.6955503860124853,0.25120160041719075,0,0.002400320066171413,18,9,"{""age"":0.16666666666666669,""blood_pressure"":0.22222222222222224,""bmi"":0.27777777777777785,""glucose"":0.16666666666666669,""insulin"":0.16666666666666669}"
R_7PvOmZWmKNN4iL0,diabetes,counterfactual,10,120103,Diabetes,No Diabetes,0,prototype,Diabetes,0.5,0.6931471805599453,0.25,1,0.0,18,9,"{""age"":0.16666666666666669,""blood_pressure"":0.22222222222222224,""bmi"":0.27777777777777785,""glucose"":0.16666666666666669,""insulin"":0.16666666666666669}"
R_7PvOmZWmKNN4iL0,diabetes,counterfactual,11,120104,Diabetes,Diabetes,1,attribution,Diabetes,0.5097153591458872,0.6739028283921192,0.24037902905744635,1,-0.03886632843999463,20,10,"{""age"":0.2,""blood_pressure"":0.2,""bmi"":0.25,""glucose"":0.2,""insulin"":0.15}"
R_7PvOmZWmKNN4iL0,diabetes,counterfactual,11,120104,Diabetes,Diabetes,1,exemplar,No Diabetes,0.49788263820421463,0.6973908959877372,0.2521218450167595,0,0.004234723591570622,20,10,"{""age"":0.2,""blood_pressure"":0.2,""bmi"":0.25,""glucose"":0.2,""insulin"":0.15}"
R_7PvOmZWmKNN4iL0,diabetes,counterfactual,11,120104,Diabetes,Diabetes,1,prototype,No Diabetes,0.49932432473561916,0.6944994449862562,0.2506761318014437,0,0.002702702702702703,20,10,"{""age"":0.2,""blood_pressure"":0.2,""bmi"":0.25,""glucose"":0.2,""insulin"":0.15}"
R_7PvOmZWmKNN4iL0,diabetes,counterfactual,12,120111,No Diabetes,No Diabetes,1,attribution,Diabetes,0.4806607802466834,0.732593496246463,0.2697132251739837,0,-0.0773954895326033,22,11,"{""age"":0.18181818181818182,""blood_pressure"":0.18181818181818182,""bmi"":0.2727272727272727,""glucose"":0.18181818181818182,""insulin"":0.18181818181818182}"
R_7PvOmZWmKNN4iL0,diabetes,counterfactual,12,120111,No Diabetes,No Diabetes,1,exemplar,Diabetes,0.49728926187174405,0.6985834063525181,0.2527180862294559,0,-0.0054214762565119035,22,11,"{""age"":0.18181818181818182,""blood_pressure"":0.18181818181818182,""bmi"":0.2727272727272727,""glucose"":0.18181818181818182,""insulin"":0.18181818181818182}"
R_7PvOmZWmKNN4iL0,diabetes,counterfactual,12,120111,No Diabetes,No Diabetes,1,prototype,Diabetes,0.49582261087743806,0.7015370555854216,0.2541948397024432,0,-0.016709945295131992,22,11,"{""age"":0.18181818181818182,""blood_pressure"":0.18181818181818182,""bmi"":0.2727272727272727,""glucose"":0.18181818181818182,""insulin"":0.18181818181818182}"
R_7dM8goblPKNq3uj,diabetes,counterfactual,1,120103,No Diabetes,No Diabetes,1,attribution,Diabetes,0.5,0.6931471805599453,0.25,0,0.0,0,0,"{""age"":0.2,""blood_pressure"":0.2,""bmi"":0.2,""glucose"":0.2,""insulin"":0.2}"
R_7dM8goblPKNq3uj,diabetes,counterfactual,1,120103,No Diabetes,No Diabetes,1,exemplar,Diabetes,0.5,0.6931471805599453,0.25,0,0.0,0,0,"{""age"":0.2,""blood_pressure"":0.2,""bmi"":0.2,""glucose"":0.2,""insulin"":0.2}"
R_7dM8goblPKNq3uj,diabetes,counterfactual,1,120103,No Diabetes,No Diabetes,1,prototype,Diabetes,0.5,0.6931471805599453,0.25,0,0.0,0,0,"{""age"":0.2,""blood_pressure"":0.2,""bmi"":0.2,""glucose"":0.2,""insulin"":0.2}"
R_7dM8goblPKNq3uj,diabetes,counterfactual,2,120100,Diabetes,Diabetes,1,attribution,Diabetes,0.6809368020761857,0.38428577878920556,0.10180132426937108,1,-0.7580803044159615,2,1,"{""age"":0.5,""blood_pressure"":0.0,""bmi"":0.0,""glucose"":0.5,""insulin"":0.0}"
R_7dM8goblPKNq3uj,diabetes,counterfactual,2,120100,Diabetes,Diabetes,1,exemplar,Diabetes,0.5101977025076933,0.6729569764055113,0.2399062906287421,1,-0.02039540501538656,2,1,"{""age"":0.5,""blood_pressure"":0.0,""bmi"":0.0,""glucose"":0.5,""insulin"":0.0}"
R_7dM8goblPKNq3uj,diabetes,counterfactual,2,120100,Diabetes,Diabetes,1,prototype,Diabetes,0.5319170011310115,0.6312678147234054,0.21910169383018557,1,-0.127841836054725,2,1,"{""age"":0.5,""blood_pressure"":0.0,""bmi"":0.0,""glucose"":0.5,""insulin"":0.0}"
R_7dM8goblPKNq3uj,diabetes,counterfactual,3,120108,No Diabetes,Diabetes,0,attribution,No Diabetes,0.5571388667991901,0.5849407581006607,0.19612598329990547,1,0.2295582690507042,4,2,"{""age"":0.25,""blood_pressure"":0.0,""bmi"":0.0,""glucose"":0.5,""insulin"":0.25}"
R_7dM8goblPKNq3uj,diabetes,counterfactual,3,120108,No Diabetes,Diabetes,0,exemplar,Diabetes,0.4982401164316079,0.696673156650741,0.25176298075856635,0,-0.0035197671367841465,4,2,"{""age"":0.25,""blood_pressure"":0.0,""bmi"":0.0,""glucose"":0.5,""insulin"":0.25}"
R_7dM8goblPKNq3uj,diabetes,counterfactual,3,120108,No Diabetes,Diabetes,0,prototype,No Diabetes,0.5192819729816334,0.6553082428079074,0.2310898215004311,1,0.07716616037904929,4,2,"{""age"":0.25,""blood_pressure"":0.0,""bmi"":0.0,""glucose"":0.5,""insulin"":0.25}"
R_7dM8goblPKNq3uj,diabetes,counterfactual,4,120104,Diabetes,Diabetes,1,attribution,No Diabetes,0.46592803177872755,0.7637240950263786,0.28523286723974384,0,0.1364994178734616,6,3,"{""age"":0.16666666666666669,""blood_pressure"":0.0,""bmi"":0.33333333333333337,""glucose"":0.33333333333333337,""insulin"":0.16666666666666669}"
R_7dM8goblPKNq3uj,diabetes,counterfactual,4,120104,Diabetes,Diabetes,1,exemplar,No Diabetes,0.49755712303596744,0.6980449088020222,0.252448844611894,0,0.0048857539280651174,6,3,"{""age"":0.16666666666666669,""blood_pressure"":0.0,""bmi"":0.33333333333333337,""glucose"":0.33333333333333337,""insulin"":0.16666666666666669}"
R_7dM8goblPKNq3uj,diabetes,counterfactual,4,120104,Diabetes,Diabetes,1,prototype,No Diabetes,0.49272540539842985,0.7078032471357814,0.2573275143281873,0,0.029100431838061498,6,3,"{""age"":0.16666666666666669,""blood_pressure"":0.0,""bmi"":0.33333333333333337,""glucose"":0.33333333333333337,""insulin"":0.16666666666666669}"
R_7dM8goblPKNq3uj,diabetes,counterfactual,5,120111,Diabetes,No Diabetes,0,attribution,Diabetes,0.5199019329683356,0.6541150756375866,0.23049415396754053,1,-0.0796498139943391,8,4,"{""age"":0.125,""blood_pressure"":0.0,""bmi"":0.375,""glucose"":0.25,""insulin"":0.25}"
R_7dM8goblPKNq3uj,diabetes,counterfactual,5,120111,Diabetes,No Diabetes,0,exemplar,Diabetes,0.5024988429656081,0.688161941607561,0.24750740125055867,1,-0.004997685931216189,8,4,"{""age"":0.125,""blood_pressure"":0.0,""bmi"":0.375,""glucose"":0.25,""insulin"":0.25}"
R_7dM8goblPKNq3uj,diabetes,counterfactual,5,120111,Diabetes,No Diabetes,0,prototype,Diabetes,0.5025348692146402,0.6880902499844622,0.2474715563472951,1,-0.010139563729015866,8,4,"{""age"":0.125,""blood_pressure"":0.0,""bmi"":0.375,""glucose"":0.25,""insulin"":0.25}"
R_7dM8goblPKNq3uj,diabetes,counterfactual,6,120107,Diabetes,No Diabetes,0,attribution,Diabetes,0.5449354574796896,0.6070879179746529,0.2070837378592194,1,-0.18022810042354398,10,5,"{""age"":0.1,""blood_pressure"":0.1,""bmi"":0.4,""glucose"":0.2,""insulin"":0.2}"
R_7dM8goblPKNq3uj,diabetes,counterfactual,6,120107,Diabetes,No Diabetes,0,exemplar,No Diabetes,0.4999823541501997,0.6931824728823126,0.2500176461611763,0,3.529169960053702e-05,10,5,"{""age"":0.1,""blood_pressure"":0.1,""bmi"":0.4,""glucose"":0.2,""insulin"":0.2}"
R_7dM8goblPKNq3uj,diabetes,counterfactual,6,120107,Diabetes,No Diabetes,0,prototype,Diabetes,0.5003512221956743,0.6924449827671838,0.24964890116135638,1,-0.0014048890137679237,10,5,"{""age"":0.1,""blood_pressure"":0.1,""bmi"":0.4,""glucose"":0.2,""insulin"":0.2}"
R_7dM8goblPKNq3uj,diabetes,counterfactual,7,120101,No Diabetes,Diabetes,0,attribution,No Diabetes,0.5095278195803151,0.6742708260821756,0.2405629597656399,1,0.03811589228244065,12,6,"{""age"":0.16666666666666669,""blood_pressure"":0.08333333333333334,""bmi"":0.41666666666666674,""glucose"":0.16666666666666669,""insulin"":0.16666666666666669}"
R_7dM8goblPKNq3uj,diabetes,counterfactual,7,120101,No Diabetes,Diabetes,0,exemplar,Diabetes,0.4980521787642557,0.6970504308111207,0.2519516152433106,0,-0.003895642471488492,12,6,"{""age"":0.16666666666666669,""blood_pressure"":0.08333333333333334,""bmi"":0.41666666666666674,""glucose"":0.16666666666666669,""insulin"":0.16666666666666669}"
R_7dM8goblPKNq3uj,diabetes,counterfactual,7,120101,No Diabetes,Diabetes,0,prototype,Diabetes,0.49814251246211766,0.6968690732935489,0.2518609377978357,0,-0.007429984332158248,12,6,"{""age"":0.16666666666666669,""blood_pressure"":0.08333333333333334,""bmi"":0.41666666666666674,""glucose"":0.16666666666666669,""insulin"":0.16666666666666669}"
R_7dM8goblPKNq3uj,diabetes,counterfactual,8,120109,No Diabetes,Diabetes,0,attribution,No Diabetes,0.5671886146583673,0.567063376852905,0.18732569528134324,1,0.270389868700744,14,7,"{""age"":0.14285714285714285,""blood_pressure"":0.14285714285714285,""bmi"":0.35714285714285715,""glucose"":0.21428571428571427,""insulin"":0.14285714285714285}"
R_7dM8goblPKNq3uj,diabetes,counterfactual,8,120109,No Diabetes,Diabetes,0,exemplar,No Diabetes,0.5022744657450344,0.6886085641887107,0.2477307074493909,1,0.004548931490068742,14,7,"{""age"":0.14285714285714285,""blood_pressure"":0.14285714285714285,""bmi"":0.35714285714285715,""glucose"":0.21428571428571427,""insulin"":0.14285714285714285}"
R_7dM8goblPKNq3uj,diabetes,counterfactual,8,120109,No Diabetes,Diabetes,0,prototype,No Diabetes,0.5032020511805685,0.6867634973312244,0.2468082019511945,1,0.012808379825530292,14,7,"{""age"":0.14285714285714285,""blood_pressure"":0.14285714285714285,""bmi"":0.35714285714285715,""glucose"":0.21428571428571427,""insulin"":0.14285714285714285}"
R_7dM8goblPKNq3uj,diabetes,counterfactual,9,120105,Diabetes,Diabetes,1,attribution,No Diabetes,0.4822547924594225,0.7292826895382175,0.2680600999312357,0,0.0710106544694313,16,8,"{""age"":0.125,""blood_pressure"":0.1875,""bmi"":0.3125,""glucose"":0.1875,""insulin"":0.1875}"
R_7dM8goblPKNq3uj,diabetes,counterfactual,9,120105,Diabetes,Diabetes,1,exemplar,Diabetes,0.5008398611826712,0.6914688673504422,0.249160844184135,1,-0.001679722365342362,16,8,"{""age"":0.125,""blood_pressure"":0.1875,""bmi"":0.3125,""glucose"":0.1875,""insulin"":0.1875}"
R_7dM8goblPKNq3uj,diabetes,counterfactual,9,120105,Diabetes,Diabetes,1,prototype,No Diabetes,0.4998628038106924,0.693421610591037,0.2501372150121019,0,0.0005487847710031052,16,8,"{""age"":0.125,""blood_pressure"":0.1875,""bmi"":0.3125,""glucose"":0.1875,""insulin"":0.1875}"
R_7dM8goblPKNq3uj,diabetes,counterfactual,10,120102,No Diabetes,No Diabetes,1,attribution,Diabetes,0.49819708571553056,0.6967595257987643,0.25180616478438655,0,-0.007211688393442821,18,9,"{""age"":0.16666666666666669,""blood_pressure"":0.16666666666666669,""bmi"":0.33333333333333337,""glucose"":0.16666666666666669,""insulin"":0.16666666666666669}"
R_7dM8goblPKNq3uj,diabetes,counterfactual,10,120102,No Diabetes,No Diabetes,1,exemplar,No Diabetes,0.5013191510019982,0.690512352765347,0.24868258915736788,1,0.00263830200399634,18,9,"{""age"":0.16666666666666669,""blood_pressure"":0.16666666666666669,""bmi"":0.33333333333333337,""glucose"":0.16666666666666669,""insulin"":0.16666666666666669}"
R_7dM8goblPKNq3uj,diabetes,counterfactual,10,120102,No Diabetes,No Diabetes,1,prototype,No Diabetes,0.502865332775535,0.6874328728084057,0.24714287735637952,1,0.011461456569999494,18,9,"{""age"":0.16666666666666669,""blood_pressure"":0.16666666666666669,""bmi"":0.33333333333333337,""glucose"":0.16666666666666669,""insulin"":0.16666666666666669}"
R_7dM8goblPKNq3uj,diabetes,counterfactual,11,120106,No Diabetes,No Diabetes,1,attribution,No Diabetes,0.5308051809987764,0.6333602158355176,0.22014377817759098,1,0.12337698862514485,20,10,"{""age"":0.2,""blood_pressure"":0.15,""bmi"":0.3,""glucose"":0.2,""insulin"":0.15}"
R_7dM8goblPKNq3uj,diabetes,counterfactual,11,120106,No Diabetes,No Diabetes,1,exemplar,No Diabetes,0.5024558442130085,0.6882475151228138,0.24755018695779007,1,0.004911688426016969,20,10,"{""age"":0.2,""blood_pressure"":0.15,""bmi"":0.3,""glucose"":0.2,""insulin"":0.15}"
R_7dM8goblPKNq3uj,diabetes,counterfactual,11,120106,No Diabetes,No Diabetes,1,prototype,No Diabetes,0.5021022937218214,0.6889514076949482,0.24790212591707145,1,0.008409224441833146,20,10,"{""age"":0.2,""blood_pressure"":0.15,""bmi"":0.3,""glucose"":0.2,""insulin"":0.15}"
R_7dM8goblPKNq3uj,diabetes,counterfactual,12,120110,No Diabetes,No Diabetes,1,attribution,No Diabetes,0.5143548237692239,0.6648419330701033,0.23585123719622156,1,0.05743507871721077,22,11,"{""age"":0.18181818181818182,""blood_pressure"":0.18181818181818182,""bmi"":0.3181818181818182,""glucose"":0.18181818181818182,""insulin"":0.13636363636363635}"
R_7dM8goblPKNq3uj,diabetes,counterfactual,12,120110,No Diabetes,No Diabetes,1,exemplar,No Diabetes,0.5001602548123434,0.692826722287496,0.24983977086926148,1,0.00032050962468682664,22,11,"{""age"":0.18181818181818182,""blood_pressure"":0.18181818181818182,""bmi"":0.3181818181818182,""glucose"":0.18181818181818182,""insulin"":0.13636363636363635}"
R_7dM8goblPKNq3uj,diabetes,counterfactual,12,120110,No Diabetes,No Diabetes,1,prototype,No Diabetes,0.5014822090969389,0.6901871475893954,0.24851998784686818,1,0.005928853754940719,22,11,"{""age"":0.18181818181818182,""blood_pressure"":0.18181818181818182,""bmi"":0.3181818181818182,""glucose"":0.18181818181818182,""insulin"":0.13636363636363635}"
R_3KdocVAIKFJHFu0,diabetes,none,1,120103,No Diabetes,No Diabetes,1,attribution,Diabetes,0.5,0.6931471805599453,0.25,0,0.0,0,0,"{""age"":0.2,""blood_pressure"":0.2,""bmi"":0.2,""glucose"":0.2,""insulin"":0.2}"
R_3KdocVAIKFJHFu0,diabetes,none,1,120103,No Diabetes,No Diabetes,1,exemplar,Diabetes,0.5,0.6931471805599453,0.25,0,0.0,0,0,"{""age"":0.2,""blood_pressure"":0.2,""bmi"":0.2,""glucose"":0.2,""insulin"":0.2}"
R_3KdocVAIKFJHFu0,diabetes,none,1,120103,No Diabetes,No Diabetes,1,prototype,Diabetes,0.5,0.6931471805599453,0.25,0,0.0,0,0,"{""age"":0.2,""blood_pressure"":0.2,""bmi"":0.2,""glucose"":0.2,""insulin"":0.2}"
R_3KdocVAIKFJHFu0,diabetes,none,2,120104,No Diabetes,Diabetes,0,attribution,No Diabetes,0.6666666666666666,0.40546510810816444,0.11111111111111113,1,0.3333333333333333,1,0,"{""age"":0.2,""blood_pressure"":0.2,""bmi"":0.2,""glucose"":0.2,""insulin"":0.2}"
R_3KdocVAIKFJHFu0,diabetes,none,2,120104,No Diabetes,Diabetes,0,exemplar,No Diabetes,0.6558858563524035,0.4217685046405103,0.11841454385831869,1,0.3117717127048069,1,0,"{""age"":0.2,""blood_pressure"":0.2,""bmi"":0.2,""glucose"":0.2,""insulin"":0.2}"
R_3KdocVAIKFJHFu0,diabetes,none,2,120104,No Diabetes,Diabetes,0,prototype,No Diabetes,0.6666666666666666,0.40546510810816444,0.11111111111111113,1,0.3333333333333333,1,0,"{""age"":0.2,""blood_pressure"":0.2,""bmi"":0.2,""glucose"":0.2,""insulin"":0.2}"
R_3KdocVAIKFJHFu0,diabetes,none,3,120101,Diabetes,Diabetes,1,attribution,No Diabetes,0.4884888311390583,0.7164386713449982,0.26164367586948684,0,0.04605281302141333,2,0,"{""age"":0.054764799663700944,""blood_pressure"":0.3964495280002698,""bmi"":0.4412420990043896,""glucose"":0.10336495090411157,""insulin"":0.004178622427528109}"
R_3KdocVAIKFJHFu0,diabetes,none,3,120101,Diabetes,Diabetes,1,exemplar,No Diabetes,0.48153718184912336,0.7307718298548812,0.2688036938049489,0,0.03692563630175322,2,0,"{""age"":0.054764799663700944,""blood_pressure"":0.3964495280002698,""bmi"":0.4412420990043896,""glucose"":0.10336495090411157,""insulin"":0.004178622427528109}"
R_3KdocVAIKFJHFu0,diabetes,none,3,120101,Diabetes,Diabetes,1,prototype,No Diabetes,0.45913974921258266,0.7784006507460762,0.29252981088182806,0,0.16380630076669883,2,0,"{""age"":0.054764799663700944,""blood_pressure"":0.3964495280002698,""bmi"":0.4412420990043896,""glucose"":0.10336495090411157,""insulin"":0.004178622427528109}"
R_3KdocVAIKFJHFu0,diabetes,none,4,120100,Diabetes,Diabetes,1,attribution,Diabetes,0.6196904116775201,0.47853526165673843,0.14463538297001405,1,-0.48823439018606013,3,0,"{""age"":0.24279148670489054,""blood_pressure"":0.0809304955681848,""bmi"":0.21731828154161864,""glucose"":0.25321643189717075,""insulin"":0.20574330428813536}"
R_3KdocVAIKFJHFu0,diabetes,none,4,120100,Diabetes,Diabetes,1,exemplar,Diabetes,0.5979626679885018,0.5142269550930942,0.16163401633092364,1,-0.19592533597700362,3,0,"{""age"":0.24279148670489054,""blood_pressure"":0.0809304955681848,""bmi"":0.21731828154161864,""glucose"":0.25321643189717075,""insulin"":0.20574330428813536}"
R_3KdocVAIKFJHFu0,diabetes,none,4,120100,Diabetes,Diabetes,1,prototype,Diabetes,0.5603588160476236,0.5791779574988722,0.19328437062704734,1,-0.24261841828196856,3,0,"{""age"":0.24279148670489054,""blood_pressure"":0.0809304955681848,""bmi"":0.21731828154161864,""glucose"":0.25321643189717075,""insulin"":0.20574330428813536}"
R_3KdocVAIKFJHFu0,diabetes,none,5,120106,No Diabetes,No Diabetes,1,attribution,No Diabetes,0.5067559419828892,0.6797257680495291,0.24328970076918696,1,0.02702541269725264,4,0,"{""age"":0.22894024940220292,""blood_pressure"":0.055495232684555494,""bmi"":0.22470491501454884,""glucose"":0.26796269496400676,""insulin"":0.22289690793468594}"
R_3KdocVAIKFJHFu0,diabetes,none,5,120106,No Diabetes,No Diabetes,1,exemplar,Diabetes,0.3603263421743633,1.020745152120544,0.4091823885160297,0,-0.27934731565127335,4,0,"{""age"":0.22894024940220292,""blood_pressure"":0.055495232684555494,""bmi"":0.22470491501454884,""glucose"":0.26796269496400676,""insulin"":0.22289690793468594}"
R_3KdocVAIKFJHFu0,diabetes,none,5,120106,No Diabetes,No Diabetes,1,prototype,Diabetes,0.48312179692057966,0.7274864895810218,0.2671630768186105,0,-0.06753847336740053,4,0,"{""age"":0.22894024940220292,""blood_pressure"":0.055495232684555494,""bmi"":0.22470491501454884,""glucose"":0.26796269496400676,""insulin"":0.22289690793468594}"
R_3KdocVAIKFJHFu0,diabetes,none,6,120111,Diabetes,No Diabetes,0,attribution,Diabetes,0.5364395681664558,0.6228013641384992,0.21488827396170196,1,-0.14601715681876482,5,0,"{""age"":0.32978632614340425,""blood_pressure"":0.2022479360766515,""bmi"":0.16006554200312925,""glucose"":0.27685206118475564,""insulin"":0.03104813459205929}"
R_3KdocVAIKFJHFu0,diabetes,none,6,120111,Diabetes,No Diabetes,0,exemplar,Diabetes,0.5779768131180909,0.5482215268270618,0.17810357026596277,1,-0.1559536262361818,5,0,"{""age"":0.32978632614340425,""blood_pressure"":0.2022479360766515,""bmi"":0.16006554200312925,""glucose"":0.27685206118475564,""insulin"":0.03104813459205929}"
R_3KdocVAIKFJHFu0,diabetes,none,6,120111,Diabetes,No Diabetes,0,prototype,Diabetes,0.5527050242306151,0.5929308298447847,0.2000727953485347,1,-0.21160617111266172,5,0,"{""age"":0.32978632614340425,""blood_pressure"":0.2022479360766515,""bmi"":0.16006554200312925,""glucose"":0.27685206118475564,""insulin"":0.03104813459205929}"
R_3KdocVAIKFJHFu0,diabetes,none,7,120109,No Diabetes,Diabetes,0,attribution,No Diabetes,0.5731681991154547,0.5565760641284823,0.18218538624634414,1,0.2947891881630256,6,0,"{""age"":0.27170902549913656,""blood_pressure"":0.3357006693014333,""bmi"":0.28592865083336544,""glucose"":0.08076016476098442,""insulin"":0.025901489605080333}"
R_3KdocVAIKFJHFu0,diabetes,none,7,120109,No Diabetes,Diabetes,0,exemplar,No Diabetes,0.5330254302112449,0.6291861444886979,0.21806524882939288,1,0.06605086042248975,6,0,"{""age"":0.27170902549913656,""blood_pressure"":0.3357006693014333,""bmi"":0.28592865083336544,""glucose"":0.08076016476098442,""insulin"":0.025901489605080333}"
R_3KdocVAIKFJHFu0,diabetes,none,7,120109,No Diabetes,Diabetes,0,prototype,No Diabetes,0.5422503078886571,0.6120275614769611,0.2095347806280292,1,0.16940520656390518,6,0,"{""age"":0.27170902549913656,""blood_pressure"":0.3357006693014333,""bmi"":0.28592865083336544,""glucose"":0.08076016476098442,""insulin"":0.025901489605080333}"
R_3KdocVAIKFJHFu0,diabetes,none,8,120102,No Diabetes,No Diabetes,1,attribution,No Diabetes,0.5164548790551106,0.6607673532798793,0.23381588398960776,1,0.06584329366383487,7,0,"{""age"":0.3829993553835481,""blood_pressure"":0.35160681317369136,""bmi"":0.11748026319251914,""glucose"":0.07147406788737015,""insulin"":0.07643950036287114}"
R_3KdocVAIKFJHFu0,diabetes,none,8,120102,No Diabetes,No Diabetes,1,exemplar,Diabetes,0.46258765512659344,0.770919215389135,0.2888120284223332,0,-0.07482468974681317,7,0,"{""age"":0.3829993553835481,""blood_pressure"":0.35160681317369136,""bmi"":0.11748026319251914,""glucose"":0.07147406788737015,""insulin"":0.07643950036287114}"
R_3KdocVAIKFJHFu0,diabetes,none,8,120102,No Diabetes,No Diabetes,1,prototype,Diabetes,0.49487050274834243,0.7034591612488809,0.2551558089937123,0,-0.020518708870801313,7,0,"{""age"":0.3829993553835481,""blood_pressure"":0.35160681317369136,""bmi"":0.11748026319251914,""glucose"":0.07147406788737015,""insulin"":0.07643950036287114}"
R_3KdocVAIKFJHFu0,diabetes,none,9,120105,Diabetes,Diabetes,1,attribution,Diabetes,0.5333008016288785,0.6286696582286163,0.21780814176024738,1,-0.13340068545270506,8,0,"{""age"":0.46291112920498906,""blood_pressure"":0.3537714482337263,""bmi"":0.032041772312226394,""glucose"":0.10616410224718303,""insulin"":0.04511154800187524}"
R_3KdocVAIKFJHFu0,diabetes,none,9,120105,Diabetes,Diabetes,1,exemplar,Diabetes,0.5035821629944999,0.686008396433454,0.24643066889721923,1,-0.007164325988999798,8,0,"{""age"":0.46291112920498906,""blood_pressure"":0.3537714482337263,""bmi"":0.032041772312226394,""glucose"":0.10616410224718303,""insulin"":0.04511154800187524}"
R_3KdocVAIKFJHFu0,diabetes,none,9,120105,Diabetes,Diabetes,1,prototype,Diabetes,0.5504308828869631,0.5970538840407327,0.20211239106179546,1,-0.20241178841637095,8,0,"{""age"":0.46291112920498906,""blood_pressure"":0.3537714482337263,""bmi"":0.032041772312226394,""glucose"":0.10616410224718303,""insulin"":0.04511154800187524}"
R_3KdocVAIKFJHFu0,diabetes,none,10,120108,Diabetes,Diabetes,1,attribution,No Diabetes,0.4416272509524667,0.8172890763388194,0.3117801268788996,0,0.23456054576502278,9,0,"{""age"":0.5092767490375597,""blood_pressure"":0.33966343663318044,""bmi"":0.09336254708249365,""glucose"":0.024445885943514708,""insulin"":0.03325138130325147}"
R_3KdocVAIKFJHFu0,diabetes,none,10,120108,Diabetes,Diabetes,1,exemplar,Diabetes,0.5155039385138879,0.6626103353721787,0.23473643359555438,1,-0.03100787702777591,9,0,"{""age"":0.5092767490375597,""blood_pressure"":0.33966343663318044,""bmi"":0.09336254708249365,""glucose"":0.024445885943514708,""insulin"":0.03325138130325147}"
R_3KdocVAIKFJHFu0,diabetes,none,10,120108,Diabetes,Diabetes,1,prototype,No Diabetes,0.4891531777227115,0.7150795916821141,0.26096447583080357,0,0.04339409725665214,9,0,"{""age"":0.5092767490375597,""blood_pressure"":0.33966343663318044,""bmi"":0.09336254708249365,""glucose"":0.024445885943514708,""insulin"":0.03325138130325147}"
R_3KdocVAIKFJHFu0,diabetes,none,11,120110,No Diabetes,No Diabetes,1,attribution,Diabetes,0.499483248644006,0.6941812177041176,0.250517018387958,0,-0.0020670061599182034,10,0,"{""age"":0.6687242773997025,""blood_pressure"":0.07403007468294268,""bmi"":0.2004938828207991,""glucose"":0.04317030319693022,""insulin"":0.013581461899625396}"
R_3KdocVAIKFJHFu0,diabetes,none,11,120110,No Diabetes,No Diabetes,1,exemplar,Diabetes,0.43458727251019,0.8333584971151212,0.3196915524074661,0,-0.13082545497961995,10,0,"{""age"":0.6687242773997025,""blood_pressure"":0.07403007468294268,""bmi"":0.2004938828207991,""glucose"":0.04317030319693022,""insulin"":0.013581461899625396}"
R_3KdocVAIKFJHFu0,diabetes,none,11,120110,No Diabetes,No Diabetes,1,prototype,Diabetes,0.4790758886639501,0.7358962626714107,0.2713619297712533,0,-0.08374535520954274,10,0,"{""age"":0.6687242773997025,""blood_pressure"":0.07403007468294268,""bmi"":0.2004938828207991,""glucose"":0.04317030319693022,""insulin"":0.013581461899625396}"
R_3KdocVAIKFJHFu0,diabetes,none,12,120107,Diabetes,No Diabetes,0,attribution,No Diabetes,0.47347544307007805,0.7476552302773067,0.27722810905025064,0,0.10619792362371011,11,0,"{""age"":0.54556841432119,""blood_pressure"":0.18158579661865384,""bmi"":0.18396723716229949,""glucose"":0.03462748504325484,""insulin"":0.054251066854601834}"
R_3KdocVAIKFJHFu0,diabetes,none,12,120107,Diabetes,No Diabetes,0,exemplar,Diabetes,0.5198884869562921,0.6541409385649355,0.23050706495711856,1,-0.03977697391258411,11,0,"{""age"":0.54556841432119,""blood_pressure"":0.18158579661865384,""bmi"":0.18396723716229949,""glucose"":0.03462748504325484,""insulin"":0.054251066854601834}"
R_3KdocVAIKFJHFu0,diabetes,none,12,120107,Diabetes,No Diabetes,0,prototype,Diabetes,0.5073026732527782,0.67864746485354,0.24275065578385852,1,-0.029212770314483466,11,0,"{""age"":0.54556841432119,""blood_pressure"":0.18158579661865384,""bmi"":0.18396723716229949,""glucose"":0.03462748504325484,""insulin"":0.054251066854601834}"
R_3WOmvFM0WJMKuPa,diabetes,none,1,120108,No Diabetes,Diabetes,0,attribution,Diabetes,0.5,0.6931471805599453,0.25,0,0.0,0,0,"{""age"":0.2,""blood_pressure"":0.2,""bmi"":0.2,""glucose"":0.2,""insulin"":0.2}"
R_3WOmvFM0WJMKuPa,diabetes,none,1,120108,No Diabetes,Diabetes,0,exemplar,Diabetes,0.5,0.6931471805599453,0.25,0,0.0,0,0,"{""age"":0.2,""blood_pressure"":0.2,""bmi"":0.2,""glucose"":0.2,""insulin"":0.2}"
R_3WOmvFM0WJMKuPa,diabetes,none,1,120108,No Diabetes,Diabetes,0,prototype,Diabetes,0.5,0.6931471805599453,0.25,0,0.0,0,0,"{""age"":0.2,""blood_pressure"":0.2,""bmi"":0.2,""glucose"":0.2,""insulin"":0.2}"
R_3WOmvFM0WJMKuPa,diabetes,none,2,120101,Diabetes,Diabetes,1,attribution,Diabetes,0.6666666666666666,0.40546510810816444,0.1111111111111111,1,-0.3333333333333333,1,0,"{""age"":0.2,""blood_pressure"":0.2,""bmi"":0.2,""glucose"":0.2,""insulin"":0.2}"
R_3WOmvFM0WJMKuPa,diabetes,none,2,120101,Diabetes,Diabetes,1,exemplar,Diabetes,0.6382304608394858,0.44905583697664697,0.13087719946441084,1,-0.2764609216789715,1,0,"{""age"":0.2,""blood_pressure"":0.2,""bmi"":0.2,""glucose"":0.2,""insulin"":0.2}"
R_3WOmvFM0WJMKuPa,diabetes,none,2,120101,Diabetes,Diabetes,1,prototype,Diabetes,0.6666666666666666,0.40546510810816444,0.1111111111111111,1,-0.3333333333333333,1,0,"{""age"":0.2,""blood_pressure"":0.2,""bmi"":0.2,""glucose"":0.2,""insulin"":0.2}"
R_3WOmvFM0WJMKuPa,diabetes,none,3,120109,Diabetes,Diabetes,1,attribution,Diabetes,0.75,0.2876820724517809,0.0625,1,-0.5,2,0,"{""age"":0.2,""blood_pressure"":0.2,""bmi"":0.2,""glucose"":0.2,""insulin"":0.2}"
R_3WOmvFM0WJMKuPa,diabetes,none,3,120109,Diabetes,Diabetes,1,exemplar,Diabetes,0.7222358533204465,0.3254035267844259,0.07715292118062049,1,-0.444471706640893,2,0,"{""age"":0.2,""blood_pressure"":0.2,""bmi"":0.2,""glucose"":0.2,""insulin"":0.2}"
R_3WOmvFM0WJMKuPa,diabetes,none,3,120109,Diabetes,Diabetes,1,prototype,Diabetes,0.75,0.2876820724517809,0.0625,1,-0.5,2,0,"{""age"":0.2,""blood_pressure"":0.2,""bmi"":0.2,""glucose"":0.2,""insulin"":0.2}"
R_3WOmvFM0WJMKuPa,diabetes,none,4,120104,Diabetes,Diabetes,1,attribution,Diabetes,0.8,0.2231435513142097,0.04000000000000001,1,-0.6000000000000001,3,0,"{""age"":0.2,""blood_pressure"":0.2,""bmi"":0.2,""glucose"":0.2,""insulin"":0.2}"
R_3WOmvFM0WJMKuPa,diabetes,none,4,120104,Diabetes,Diabetes,1,exemplar,Diabetes,0.7676495908541251,0.2644219118622924,0.05398671263025548,1,-0.5352991817082502,3,0,"{""age"":0.2,""blood_pressure"":0.2,""bmi"":0.2,""glucose"":0.2,""insulin"":0.2}"
R_3WOmvFM0WJMKuPa,diabetes,none,4,120104,Diabetes,Diabetes,1,prototype,Diabetes,0.8,0.2231435513142097,0.04000000000000001,1,-0.6000000000000001,3,0,"{""age"":0.2,""blood_pressure"":0.2,""bmi"":0.2,""glucose"":0.2,""insulin"":0.2}"
R_3WOmvFM0WJMKuPa,diabetes,none,5,120111,Diabetes,No Diabetes,0,attribution,Diabetes,0.8333333333333334,0.1823215567939546,0.027777777777777776,1,-0.6666666666666667,4,0,"{""age"":0.2,""blood_pressure"":0.2,""bmi"":0.2,""glucose"":0.2,""insulin"":0.2}"
R_3WOmvFM0WJMKuPa,diabetes,none,5,120111,Diabetes,No Diabetes,0,exemplar,Diabetes,0.8024145247350072,0.22012994088432628,0.039040020035693096,1,-0.6048290494700144,4,0,"{""age"":0.2,""blood_pressure"":0.2,""bmi"":0.2,""glucose"":0.2,""insulin"":0.2}"
R_3WOmvFM0WJMKuPa,diabetes,none,5,120111,Diabetes,No Diabetes,0,prototype,Diabetes,0.8333333333333334,0.1823215567939546,0.027777777777777776,1,-0.6666666666666667,4,0,"{""age"":0.2,""blood_pressure"":0.2,""bmi"":0.2,""glucose"":0.2,""insulin"":0.2}"
R_3WOmvFM0WJMKuPa,diabetes,none,6,120100,Diabetes,Diabetes,1,attribution,No Diabetes,0.4178989019574747,0.8725157370563073,0.33884168834231365,0,0.3314045986969719,5,0,"{""age"":0.19039188796526932,""blood_pressure"":0.015101855342583318,""bmi"":0.009539717928648219,""glucose"":0.5399201186158349,""insulin"":0.2450464201476642}"
R_3WOmvFM0WJMKuPa,diabetes,none,6,120100,Diabetes,Diabetes,1,exemplar,Diabetes,0.6449460384478678,0.4385886270073033,0.12606331561386303,1,-0.28989207689573554,5,0,"{""age"":0.19039188796526932,""blood_pressure"":0.015101855342583318,""bmi"":0.009539717928648219,""glucose"":0.5399201186158349,""insulin"":0.2450464201476642}"
R_3WOmvFM0WJMKuPa,diabetes,none,6,120100,Diabetes,Diabetes,1,prototype,No Diabetes,0.41749360156591736,0.873486060399282,0.3393137042166462,0,0.3330709512328654,5,0,"{""age"":0.19039188796526932,""blood_pressure"":0.015101855342583318,""bmi"":0.009539717928648219,""glucose"":0.5399201186158349,""insulin"":0.2450464201476642}"
R_3WOmvFM0WJMKuPa,diabetes,none,7,120107,Diabetes,No Diabetes,0,attribution,Diabetes,0.5241989839196235,0.6458839264395714,0.22638660690311876,1,-0.09687161915607141,6,0,"{""age"":0.045780111236628056,""blood_pressure"":0.017584717176971423,""bmi"":0.1229932171462976,""glucose"":0.6458436813353616,""insulin"":0.16779827310474144}"
R_3WOmvFM0WJMKuPa,diabetes,none,7,120107,Diabetes,No Diabetes,0,exemplar,Diabetes,0.7293211378537795,0.3156411256552457,0.07326704641277264,1,-0.458642275707559,6,0,"{""age"":0.045780111236628056,""blood_pressure"":0.017584717176971423,""bmi"":0.1229932171462976,""glucose"":0.6458436813353616,""insulin"":0.16779827310474144}"
R_3WOmvFM0WJMKuPa,diabetes,none,7,120107,Diabetes,No Diabetes,0,prototype,Diabetes,0.5601025889592915,0.5796353174608548,0.19350973224031806,1,-0.24157841851989287,6,0,"{""age"":0.045780111236628056,""blood_pressure"":0.017584717176971423,""bmi"":0.1229932171462976,""glucose"":0.6458436813353616,""insulin"":0.16779827310474144}"
R_3WOmvFM0WJMKuPa,diabetes,none,8,120110,Diabetes,No Diabetes,0,attribution,Diabetes,0.5288193520788826,0.637108394898547,0.222011202975364,1,-0.11540532236651493,7,0,"{""age"":0.06891345816059034,""blood_pressure"":0.12139466719701726,""bmi"":0.1776693729323816,""glucose"":0.39165692804375113,""insulin"":0.2403655736662597}"
R_3WOmvFM0WJMKuPa,diabetes,none,8,120110,Diabetes,No Diabetes,0,exemplar,Diabetes,0.6607297749829103,0.414410335148335,0.11510428558314671,1,-0.32145954996582055,7,0,"{""age"":0.06891345816059034,""blood_pressure"":0.12139466719701726,""bmi"":0.1776693729323816,""glucose"":0.39165692804375113,""insulin"":0.2403655736662597}"
R_3WOmvFM0WJMKuPa,diabetes,none,8,120110,Diabetes,No Diabetes,0,prototype,Diabetes,0.5373587889210636,0.621089271783207,0.21403689018858493,1,-0.149714175595744,7,0,"{""age"":0.06891345816059034,""blood_pressure"":0.12139466719701726,""bmi"":0.1776693729323816,""glucose"":0.39165692804375113,""insulin"":0.2403655736662597}"
R_3WOmvFM0WJMKuPa,diabetes,none,9,120102,Diabetes,No Diabetes,0,attribution,Diabetes,0.5067692909407722,0.6796994264105642,0.2432765323590687,1,-0.027078818298376287,8,0,"{""age"":0.09870729373018441,""blood_pressure"":0.0024166386177039106,""bmi"":0.2003464469136605,""glucose"":0.32066757205315705,""insulin"":0.37786204868529427}"
R_3WOmvFM0WJMKuPa,diabetes,none,9,120102,Diabetes,No Diabetes,0,exemplar,Diabetes,0.5946928790027046,0.5197101764413219,0.1642738623311163,1,-0.1893857580054092,8,0,"{""age"":0.09870729373018441,""blood_pressure"":0.0024166386177039106,""bmi"":0.2003464469136605,""glucose"":0.32066757205315705,""insulin"":0.37786204868529427}"
R_3WOmvFM0WJMKuPa,diabetes,none,9,120102,Diabetes,No Diabetes,0,prototype,Diabetes,0.5207336483807096,0.652516599467109,0.22969623579446533,1,-0.08298217898657215,8,0,"{""age"":0.09870729373018441,""blood_pressure"":0.0024166386177039106,""bmi"":0.2003464469136605,""glucose"":0.32066757205315705,""insulin"":0.37786204868529427}"
R_3WOmvFM0WJMKuPa,diabetes,none,10,120106,No Diabetes,No Diabetes,1,attribution,No Diabetes,0.5012898209307844,0.690570860263371,0.24871184270724905,1,0.005159295167424416,9,0,"{""age"":0.20692106083844153,""blood_pressure"":0.017472865247919918,""bmi"":0.27987151920037345,""glucose"":0.24533437374435782,""insulin"":0.2504001809689073}"
R_3WOmvFM0WJMKuPa,diabetes,none,10,120106,No Diabetes,No Diabetes,1,exemplar,Diabetes,0.46169401891391304,0.772852904038889,0.2897733292730546,0,-0.07661196217217381,9,0,"{""age"":0.20692106083844153,""blood_pressure"":0.017472865247919918,""bmi"":0.27987151920037345,""glucose"":0.24533437374435782,""insulin"":0.2504001809689073}"
R_3WOmvFM0WJMKuPa,diabetes,none,10,120106,No Diabetes,No Diabetes,1,prototype,Diabetes,0.4902891678712236,0.712759923428018,0.2598051323894097,0,-0.03884821353540446,9,0,"{""age"":0.20692106083844153,""blood_pressure"":0.017472865247919918,""bmi"":0.27987151920037345,""glucose"":0.24533437374435782,""insulin"":0.2504001809689073}"
R_3WOmvFM0WJMKuPa,diabetes,none,11,120103,No Diabetes,No Diabetes,1,attribution,Diabetes,0.4747787506963234,0.7449063714681674,0.27585736072011474,0,-0.10097069354723182,10,0,"{""age"":0.24619052605664044,""blood_pressure"":0.05735178683549091,""bmi"":0.25370125587920905,""glucose"":0.13161018316828899,""insulin"":0.3111462480603706}"
R_3WOmvFM0WJMKuPa,diabetes,none,11,120103,No Diabetes,No Diabetes,1,exemplar,Diabetes,0.4967564912758881,0.6996553301451255,0.25325402907295524,0,-0.006487017448223831,10,0,"{""age"":0.24619052605664044,""blood_pressure"":0.05735178683549091,""bmi"":0.25370125587920905,""glucose"":0.13161018316828899,""insulin"":0.3111462480603706}"
R_3WOmvFM0WJMKuPa,diabetes,none,11,120103,No Diabetes,No Diabetes,1,prototype,Diabetes,0.47389304203368615,0.7467736324677504,0.2767885312205687,0,-0.10452288769339332,10,0,"{""age"":0.24619052605664044,""blood_pressure"":0.05735178683549091,""bmi"":0.25370125587920905,""glucose"":0.13161018316828899,""insulin"":0.3111462480603706}"
R_3WOmvFM0WJMKuPa,diabetes,none,12,120105,No Diabetes,Diabetes,0,attribution,Diabetes,0.4564747272921485,0.7842219423807391,0.2954197220721443,0,-0.17454286880122816,11,0,"{""age"":0.4481000825162396,""blood_pressure"":0.004221397940588646,""bmi"":0.2959765795831152,""glucose"":0.04228411955902036,""insulin"":0.20941782040103624}"
R_3WOmvFM0WJMKuPa,diabetes,none,12,120105,No Diabetes,Diabetes,0,exemplar,No Diabetes,0.5368387455594675,0.6220575171673782,0.21451834761492766,1,0.07367749111893501,11,0,"{""age"":0.4481000825162396,""blood_pressure"":0.004221397940588646,""bmi"":0.2959765795831152,""glucose"":0.04228411955902036,""insulin"":0.20941782040103624}"
R_3WOmvFM0WJMKuPa,diabetes,none,12,120105,No Diabetes,Diabetes,0,prototype,Diabetes,0.4769535605238301,0.7403361502257242,0.2735775778486987,0,-0.0922511257760224,11,0,"{""age"":0.4481000825162396,""blood_pressure"":0.004221397940588646,""bmi"":0.2959765795831152,""glucose"":0.04228411955902036,""insulin"":0.20941782040103624}"
R_3qWWvSHayKcFHto,diabetes,none,1,120111,Diabetes,No Diabetes,0,attribution,Diabetes,0.5,0.6931471805599453,0.25,1,0.0,0,0,"{""age"":0.2,""blood_pressure"":0.2,""bmi"":0.2,""glucose"":0.2,""insulin"":0.2}"
R_3qWWvSHayKcFHto,diabetes,none,1,120111,Diabetes,No Diabetes,0,exemplar,Diabetes,0.5,0.6931471805599453,0.25,1,0.0,0,0,"{""age"":0.2,""blood_pressure"":0.2,""bmi"":0.2,""glucose"":0.2,""insulin"":0.2}"
R_3qWWvSHayKcFHto,diabetes,none,1,120111,Diabetes,No Diabetes,0,prototype,Diabetes,0.5,0.6931471805599453,0.25,1,0.0,0,0,"{""age"":0.2,""blood_pressure"":0.2,""bmi"":0.2,""glucose"":0.2,""insulin"":0.2}"
R_3qWWvSHayKcFHto,diabetes,none,2,120101,Diabetes,Diabetes,1,attribution,No Diabetes,0.3333333333333333,1.0986122886681098,0.4444444444444444,0,0.3333333333333333,1,0,"{""age"":0.2,""blood_pressure"":0.2,""bmi"":0.2,""glucose"":0.2,""insulin"":0.2}"
R_3qWWvSHayKcFHto,diabetes,none,2,120101,Diabetes,Diabetes,1,exemplar,No Diabetes,0.3443585778180099,1.066071787128865,0.4298656744808225,0,0.3112828443639802,1,0,"{""age"":0.2,""blood_pressure"":0.2,""bmi"":0.2,""glucose"":0.2,""insulin"":0.2}"
R_3qWWvSHayKcFHto,diabetes,none,2,120101,Diabetes,Diabetes,1,prototype,No Diabetes,0.3333333333333333,1.0986122886681098,0.4444444444444444,0,0.3333333333333333,1,0,"{""age"":0.2,""blood_pressure"":0.2,""bmi"":0.2,""glucose"":0.2,""insulin"":0.2}"
R_3qWWvSHayKcFHto,diabetes,none,3,120103,No Diabetes,No Diabetes,1,attribution,Diabetes,0.3980319020759793,0.9212231209402202,0.3623655909182634,0,-0.41367229238100683,2,0,"{""age"":0.16058596978974715,""blood_pressure"":0.17222263426726506,""bmi"":0.027824673982488852,""glucose"":0.6230295092732635,""insulin"":0.016337212687235373}"
R_3qWWvSHayKcFHto,diabetes,none,3,120103,No Diabetes,No Diabetes,1,exemplar,Diabetes,0.48154821586404467,0.7307489159680173,0.26879225247375516,0,-0.0369035682719106,2,0,"{""age"":0.16058596978974715,""blood_pressure"":0.17222263426726506,""bmi"":0.027824673982488852,""glucose"":0.6230295092732635,""insulin"":0.016337212687235373}"
R_3qWWvSHayKcFHto,diabetes,none,3,120103,No Diabetes,No Diabetes,1,prototype,Diabetes,0.45059338411709005,0.7971899334772884,0.3018476295759114,0,-0.19827347009858176,2,0,"{""age"":0.16058596978974715,""blood_pressure"":0.17222263426726506,""bmi"":0.027824673982488852,""glucose"":0.6230295092732635,""insulin"":0.016337212687235373}"
R_3qWWvSHayKcFHto,diabetes,none,4,120110,No Diabetes,No Diabetes,1,attribution,Diabetes,0.4945658495563494,0.7040749728691251,0.2554636804346948,0,-0.021737457677470325,3,0,"{""age"":0.3511910206566861,""blood_pressure"":0.0,""bmi"":0.37873541436434316,""glucose"":0.06237995061288208,""insulin"":0.20769361436608869}"
R_3qWWvSHayKcFHto,diabetes,none,4,120110,No Diabetes,No Diabetes,1,exemplar,No Diabetes,0.5911973999323573,0.5256053073071439,0.16711956582206502,1,0.18239479986471463,3,0,"{""age"":0.3511910206566861,""blood_pressure"":0.0,""bmi"":0.37873541436434316,""glucose"":0.06237995061288208,""insulin"":0.20769361436608869}"
R_3qWWvSHayKcFHto,diabetes,none,4,120110,No Diabetes,No Diabetes,1,prototype,No Diabetes,0.5154344362063097,0.6627451684706214,0.23480378561469695,1,0.061757365748374385,3,0,"{""age"":0.3511910206566861,""blood_pressure"":0.0,""bmi"":0.37873541436434316,""glucose"":0.06237995061288208,""insulin"":0.20769361436608869}"
R_3qWWvSHayKcFHto,diabetes,none,5,120106,No Diabetes,No Diabetes,1,attribution,No Diabetes,0.5456579193468812,0.6057630209264513,0.20642672625220507,1,0.18314186212429878,4,0,"{""age"":0.4420218247531229,""blood_pressure"":0.16392016249317717,""bmi"":0.13704698035576937,""glucose"":0.12041287282761293,""insulin"":0.1365981595703177}"
R_3qWWvSHayKcFHto,diabetes,none,5,120106,No Diabetes,No Diabetes,1,exemplar,No Diabetes,0.6667692716894859,0.40531121241648504,0.1110427182903557,1,0.3335385433789717,4,0,"{""age"":0.4420218247531229,""blood_pressure"":0.16392016249317717,""bmi"":0.13704698035576937,""glucose"":0.12041287282761293,""insulin"":0.1365981595703177}"
R_3qWWvSHayKcFHto,diabetes,none,5,120106,No Diabetes,No Diabetes,1,prototype,No Diabetes,0.5506696649523124,0.596620168755492,0.2018977499940672,1,0.20337678018730038,4,0,"{""age"":0.4420218247531229,""blood_pressure"":0.16392016249317717,""bmi"":0.13704698035576937,""glucose"":0.12041287282761293,""insulin"":0.1365981595703177}"
R_3qWWvSHayKcFHto,diabetes,none,6,120109,No Diabetes,Diabetes,0,attribution,No Diabetes,0.5328500895423206,0.6295151522710448,0.21822903884061787,1,0.13158991315002383,5,0,"{""age"":0.43881880301042675,""blood_pressure"":0.20449696227355288,""bmi"":0.1843697722694664,""glucose"":0.15159650287704288,""insulin"":0.020717959569511026}"
R_3qWWvSHayKcFHto,diabetes,none,6,120109,No Diabetes,Diabetes,0,exemplar,No Diabetes,0.714755210587749,0.33581515772199455,0.0813645898868394,1,0.4295104211754981,5,0,"{""age"":0.43881880301042675,""blood_pressure"":0.20449696227355288,""bmi"":0.1843697722694664,""glucose"":0.15159650287704288,""insulin"":0.020717959569511026}"
R_3qWWvSHayKcFHto,diabetes,none,6,120109,No Diabetes,Diabetes,0,prototype,No Diabetes,0.5656519585032495,0.5697763042215079,0.18865822115206293,1,0.264132823108838,5,0,"{""age"":0.43881880301042675,""blood_pressure"":0.20449696227355288,""bmi"":0.1843697722694664,""glucose"":0.15159650287704288,""insulin"":0.020717959569511026}"
R_3qWWvSHayKcFHto,diabetes,none,7,120102,No Diabetes,No Diabetes,1,attribution,No Diabetes,0.5492417593726348,0.5992165712480222,0.2031829914934777,1,0.1976075637826052,6,0,"{""age"":0.10650166661761107,""blood_pressure"":0.053267127572435784,""bmi"":0.5840519854726774,""glucose"":0.022523742071887048,""insulin"":0.2336554782653887}"
R_3qWWvSHayKcFHto,diabetes,none,7,120102,No Diabetes,No Diabetes,1,exemplar,No Diabetes,0.6348681808397787,0.45433789086776666,0.13332124536325254,1,0.2697363616795574,6,0,"{""age"":0.10650166661761107,""blood_pressure"":0.053267127572435784,""bmi"":0.5840519854726774,""glucose"":0.022523742071887048,""insulin"":0.2336554782653887}"
R_3qWWvSHayKcFHto,diabetes,none,7,120102,No Diabetes,No Diabetes,1,prototype,No Diabetes,0.5264532399765375,0.6415927643122541,0.2242465339287188,1,0.10591185291018167,6,0,"{""age"":0.10650166661761107,""blood_pressure"":0.053267127572435784,""bmi"":0.5840519854726774,""glucose"":0.022523742071887048,""insulin"":0.2336554782653887}"
R_3qWWvSHayKcFHto,diabetes,none,8,120105,Diabetes,Diabetes,1,attribution,Diabetes,0.5095600147753608,0.6742076417442392,0.24053137910714428,1,-0.03824472000045722,7,0,"{""age"":0.1572038882658506,""blood_pressure"":0.010912289085648988,""bmi"":0.589289207028679,""glucose"":0.03881176425395751,""insulin"":0.2037828513658638}"
R_3qWWvSHayKcFHto,diabetes,none,8,120105,Diabetes,Diabetes,1,exemplar,No Diabetes,0.341233320857281,1.0751888102861684,0.43397353754872614,0,0.31753335828543805,7,0,"{""age"":0.1572038882658506,""blood_pressure"":0.010912289085648988,""bmi"":0.589289207028679,""glucose"":0.03881176425395751,""insulin"":0.2037828513658638}"
R_3qWWvSHayKcFHto,diabetes,none,8,120105,Diabetes,Diabetes,1,prototype,Diabetes,0.5013240658546039,0.6905025489736829,0.2486776872957834,1,-0.005296275798662722,7,0,"{""age"":0.1572038882658506,""blood_pressure"":0.010912289085648988,""bmi"":0.589289207028679,""glucose"":0.03881176425395751,""insulin"":0.2037828513658638}"
R_3qWWvSHayKcFHto,diabetes,none,9,120100,Diabetes,Diabetes,1,attribution,No Diabetes,0.48777501763053666,0.7179010088813613,0.26237443256339704,0,0.048909677112970534,8,0,"{""age"":0.2967740261927022,""blood_pressure"":0.12195219052441708,""bmi"":0.4968238604500077,""glucose"":0.049083007043164775,""insulin"":0.0353669157897082}"
R_3qWWvSHayKcFHto,diabetes,none,9,120100,Diabetes,Diabetes,1,exemplar,No Diabetes,0.4035926941112017,0.9073490924722669,0.35570167451753465,0,0.19281461177759662,8,0,"{""age"":0.2967740261927022,""blood_pressure"":0.12195219052441708,""bmi"":0.4968238604500077,""glucose"":0.049083007043164775,""insulin"":0.0353669157897082}"
R_3qWWvSHayKcFHto,diabetes,none,9,120100,Diabetes,Diabetes,1,prototype,No Diabetes,0.4972465305245431,0.698669338598605,0.2527610510696091,0,0.011013989240856392,8,0,"{""age"":0.2967740261927022,""blood_pressure"":0.12195219052441708,""bmi"":0.4968238604500077,""glucose"":0.049083007043164775,""insulin"":0.0353669157897082}"
R_3qWWvSHayKcFHto,diabetes,none,10,120104,No Diabetes,Diabetes,0,attribution,No Diabetes,0.5249350243184515,0.6444807872527599,0.22568673111931026,1,0.09982290614123604,9,0,"{""age"":0.4527018164384164,""blood_pressure"":0.21962942287668874,""bmi"":0.1251660382388631,""glucose"":0.09784463554131595,""insulin"":0.10465808690471584}"
R_3qWWvSHayKcFHto,diabetes,none,10,120104,No Diabetes,Diabetes,0,exemplar,No Diabetes,0.5707701426016162,0.5607687027335223,0.1842382704822369,1,0.14154028520323247,9,0,"{""age"":0.4527018164384164,""blood_pressure"":0.21962942287668874,""bmi"":0.1251660382388631,""glucose"":0.09784463554131595,""insulin"":0.10465808690471584}"
R_3qWWvSHayKcFHto,diabetes,none,10,120104,No Diabetes,Diabetes,0,prototype,No Diabetes,0.5251588860562028,0.6440544220697401,0.22547408349138623,1,0.10072060579476977,9,0,"{""age"":0.4527018164384164,""blood_pressure"":0.21962942287668874,""bmi"":0.1251660382388631,""glucose"":0.09784463554131595,""insulin"":0.10465808690471584}"
R_3qWWvSHayKcFHto,diabetes,none,11,120108,No Diabetes,Diabetes,0,attribution,No Diabetes,0.5664811783477831,0.5683114235183009,0.18793856872672662,1,0.26750864230291516,10,0,"{""age"":0.4464945623484442,""blood_pressure"":0.42447278533895144,""bmi"":0.08825742090493234,""glucose"":0.030549221128900968,""insulin"":0.010226010278771156}"
R_3qWWvSHayKcFHto,diabetes,none,11,120108,No Diabetes,Diabetes,0,exemplar,No Diabetes,0.5300283271728669,0.6348248263682609,0.2208733732599339,1,0.060056654345733596,10,0,"{""age"":0.4464945623484442,""blood_pressure"":0.42447278533895144,""bmi"":0.08825742090493234,""glucose"":0.030549221128900968,""insulin"":0.010226010278771156}"
R_3qWWvSHayKcFHto,diabetes,none,11,120108,No Diabetes,Diabetes,0,prototype,No Diabetes,0.5270814988307312,0.6404000956597184,0.22365190874818772,1,0.108432111643894,10,0,"{""age"":0.4464945623484442,""blood_pressure"":0.42447278533895144,""bmi"":0.08825742090493234,""glucose"":0.030549221128900968,""insulin"":0.010226010278771156}"
R_3qWWvSHayKcFHto,diabetes,none,12,120107,Diabetes,No Diabetes,0,attribution,No Diabetes,0.47347544307007805,0.7476552302773067,0.27722810905025064,0,0.10619792362371018,11,0,"{""age"":0.5455684143211901,""blood_pressure"":0.1815857966186537,""bmi"":0.1839672371622995,""glucose"":0.034627485043254844,""insulin"":0.05425106685460198}"
R_3qWWvSHayKcFHto,diabetes,none,12,120107,Diabetes,No Diabetes,0,exemplar,Diabetes,0.5198884869562921,0.6541409385649355,0.23050706495711856,1,-0.03977697391258411,11,0,"{""age"":0.5455684143211901,""blood_pressure"":0.1815857966186537,""bmi"":0.1839672371622995,""glucose"":0.034627485043254844,""insulin"":0.05425106685460198}"
R_3qWWvSHayKcFHto,diabetes,none,12,120107,Diabetes,No Diabetes,0,prototype,Diabetes,0.5073026732527782,0.67864746485354,0.24275065578385852,1,-0.029212770314483466,11,0,"{""age"":0.5455684143211901,""blood_pressure"":0.1815857966186537,""bmi"":0.1839672371622995,""glucose"":0.034627485043254844,""insulin"":0.05425106685460198}"
R_50bx2EyN3nLlK5b,diabetes,none,1,120100,Diabetes,Diabetes,1,attribution,Diabetes,0.5,0.6931471805599453,0.25,1,0.0,0,0,"{""age"":0.2,""blood_pressure"":0.2,""bmi"":0.2,""glucose"":0.2,""insulin"":0.2}"
R_50bx2EyN3nLlK5b,diabetes,none,1,120100,Diabetes,Diabetes,1,exemplar,Diabetes,0.5,0.6931471805599453,0.25,1,0.0,0,0,"{""age"":0.2,""blood_pressure"":0.2,""bmi"":0.2,""glucose"":0.2,""insulin"":0.2}"
R_50bx2EyN3nLlK5b,diabetes,none,1,120100,Diabetes,Diabetes,1,prototype,Diabetes,0.5,0.6931471805599453,0.25,1,0.0,0,0,"{""age"":0.2,""blood_pressure"":0.2,""bmi"":0.2,""glucose"":0.2,""insulin"":0.2}"
R_50bx2EyN3nLlK5b,diabetes,none,2,120111,No Diabetes,No Diabetes,1,attribution,Diabetes,0.3333333333333333,1.0986122886681098,0.44444444444444453,0,-0.3333333333333333,1,0,"{""age"":0.2,""blood_pressure"":0.2,""bmi"":0.2,""glucose"":0.2,""insulin"":0.2}"
R_50bx2EyN3nLlK5b,diabetes,none,2,120111,No Diabetes,No Diabetes,1,exemplar,Diabetes,0.3614009049260657,1.0177673968811956,0.4078088042292478,0,-0.2771981901478685,1,0,"{""age"":0.2,""blood_pressure"":0.2,""bmi"":0.2,""glucose"":0.2,""insulin"":0.2}"
R_50bx2EyN3nLlK5b,diabetes,none,2,120111,No Diabetes,No Diabetes,1,prototype,Diabetes,0.3333333333333333,1.0986122886681098,0.44444444444444453,0,-0.3333333333333333,1,0,"{""age"":0.2,""blood_pressure"":0.2,""bmi"":0.2,""glucose"":0.2,""insulin"":0.2}"
R_50bx2EyN3nLlK5b,diabetes,none,3,120107,No Diabetes,No Diabetes,1,attribution,No Diabetes,0.5126041664430085,0.6682513370262668,0.23755469856871453,1,0.05042734910456073,2,0,"{""age"":0.38718458466162303,""blood_pressure"":0.13112887535450848,""bmi"":0.33631940582898884,""glucose"":0.025641592698126943,""insulin"":0.11972554145675264}"
R_50bx2EyN3nLlK5b,diabetes,none,3,120107,No Diabetes,No Diabetes,1,exemplar,No Diabetes,0.5041434921382655,0.6848943448084657,0.2458736763888344,1,0.008286984276531018,2,0,"{""age"":0.38718458466162303,""blood_pressure"":0.13112887535450848,""bmi"":0.33631940582898884,""glucose"":0.025641592698126943,""insulin"":0.11972554145675264}"
R_50bx2EyN3nLlK5b,diabetes,none,3,120107,No Diabetes,No Diabetes,1,prototype,No Diabetes,0.5097998964346493,0.673736990189124,0.24029614153548057,1,0.039204606427397926,2,0,"{""age"":0.38718458466162303,""blood_pressure"":0.13112887535450848,""bmi"":0.33631940582898884,""glucose"":0.025641592698126943,""insulin"":0.11972554145675264}"
R_50bx2EyN3nLlK5b,diabetes,none,4,120108,No Diabetes,Diabetes,0,attribution,No Diabetes,0.5665549594597057,0.5681811874039089,0.1878746031689774,1,0.26780908415555854,3,0,"{""age"":0.28092718850101733,""blood_pressure"":0.0262198709267976,""bmi"":0.029324855641973017,""glucose"":0.03425118274231042,""insulin"":0.6292769021879017}"
R_50bx2EyN3nLlK5b,diabetes,none,4,120108,No Diabetes,Diabetes,0,exemplar,No Diabetes,0.6231803688233114,0.47291928552619555,0.1419930344401356,1,0.2463607376466228,3,0,"{""age"":0.28092718850101733,""blood_pressure"":0.0262198709267976,""bmi"":0.029324855641973017,""glucose"":0.03425118274231042,""insulin"":0.6292769021879017}"
R_50bx2EyN3nLlK5b,diabetes,none,4,120108,No Diabetes,Diabetes,0,prototype,No Diabetes,0.5744466461727156,0.554348056027397,0.18109565695364993,1,0.3000168919036568,3,0,"{""age"":0.28092718850101733,""blood_pressure"":0.0262198709267976,""bmi"":0.029324855641973017,""glucose"":0.03425118274231042,""insulin"":0.6292769021879017}"
R_50bx2EyN3nLlK5b,diabetes,none,5,120103,No Diabetes,No Diabetes,1,attribution,No Diabetes,0.5053244754462195,0.6825545304019182,0.24470387459255788,1,0.021298706901447417,4,0,"{""age"":0.2768505997721844,""blood_pressure"":0.3027547494583966,""bmi"":0.04855871630925513,""glucose"":0.240038042789786,""insulin"":0.13179789167037786}"
R_50bx2EyN3nLlK5b,diabetes,none,5,120103,No Diabetes,No Diabetes,1,exemplar,No Diabetes,0.5098358557859056,0.6736664564692286,0.24026088827313552,1,0.019671711571811135,4,0,"{""age"":0.2768505997721844,""blood_pressure"":0.3027547494583966,""bmi"":0.04855871630925513,""glucose"":0.240038042789786,""insulin"":0.13179789167037786}"
R_50bx2EyN3nLlK5b,diabetes,none,5,120103,No Diabetes,No Diabetes,1,prototype,Diabetes,0.4967747760185077,0.6996185225614618,0.2532356260512231,0,-0.012901074858461287,4,0,"{""age"":0.2768505997721844,""blood_pressure"":0.3027547494583966,""bmi"":0.04855871630925513,""glucose"":0.240038042789786,""insulin"":0.13179789167037786}"
R_50bx2EyN3nLlK5b,diabetes,none,6,120101,Diabetes,Diabetes,1,attribution,No Diabetes,0.49766142425978566,0.6978353041388384,0.25234404467670707,0,0.009354371172537724,5,0,"{""age"":0.3451351355601541,""blood_pressure"":0.3547462512940783,""bmi"":0.045481643371536325,""glucose"":0.0010662001930844497,""insulin"":0.25357076958114694}"
R_50bx2EyN3nLlK5b,diabetes,none,6,120101,Diabetes,Diabetes,1,exemplar,No Diabetes,0.41224316287503376,0.8861419025798172,0.345458099587144,0,0.17551367424993242,5,0,"{""age"":0.3451351355601541,""blood_pressure"":0.3547462512940783,""bmi"":0.045481643371536325,""glucose"":0.0010662001930844497,""insulin"":0.25357076958114694}"
R_50bx2EyN3nLlK5b,diabetes,none,6,120101,Diabetes,Diabetes,1,prototype,Diabetes,0.5082950384655807,0.6766932156125663,0.24177376919756485,1,-0.03318319843024685,5,0,"{""age"":0.3451351355601541,""blood_pressure"":0.3547462512940783,""bmi"":0.045481643371536325,""glucose"":0.0010662001930844497,""insulin"":0.25357076958114694}"
R_50bx2EyN3nLlK5b,diabetes,none,7,120106,No Diabetes,No Diabetes,1,attribution,No Diabetes,0.5038101892440056,0.6855556904884599,0.24620432829806957,1,0.015241051997408925,6,0,"{""age"":0.39431491452998124,""blood_pressure"":0.3001477806249685,""bmi"":0.03699820931547942,""glucose"":0.022470002815425365,""insulin"":0.2460690927141456}"
R_50bx2EyN3nLlK5b,diabetes,none,7,120106,No Diabetes,No Diabetes,1,exemplar,No Diabetes,0.5143630570791091,0.6648259261355712,0.23584324032954862,1,0.028726114158218186,6,0,"{""age"":0.39431491452998124,""blood_pressure"":0.3001477806249685,""bmi"":0.03699820931547942,""glucose"":0.022470002815425365,""insulin"":0.2460690927141456}"
R_50bx2EyN3nLlK5b,diabetes,none,7,120106,No Diabetes,No Diabetes,1,prototype,Diabetes,0.49405763670435526,0.7051030951094391,0.2559776749771822,0,-0.023770572396579953,6,0,"{""age"":0.39431491452998124,""blood_pressure"":0.3001477806249685,""bmi"":0.03699820931547942,""glucose"":0.022470002815425365,""insulin"":0.2460690927141456}"
R_50bx2EyN3nLlK5b,diabetes,none,8,120105,No Diabetes,Diabetes,0,attribution,Diabetes,0.4824269530054378,0.7289257623989772,0.2678818589752353,0,-0.07032115220781111,7,0,"{""age"":0.520969053285184,""blood_pressure"":0.18215338736249181,""bmi"":0.039374441431617814,""glucose"":0.11175233288240541,""insulin"":0.14575078503830105}"
R_50bx2EyN3nLlK5b,diabetes,none,8,120105,No Diabetes,Diabetes,0,exemplar,No Diabetes,0.5456190831484964,0.605834196619355,0.20646201759881305,1,0.09123816629699272,7,0,"{""age"":0.520969053285184,""blood_pressure"":0.18215338736249181,""bmi"":0.039374441431617814,""glucose"":0.11175233288240541,""insulin"":0.14575078503830105}"
R_50bx2EyN3nLlK5b,diabetes,none,8,120105,No Diabetes,Diabetes,0,prototype,Diabetes,0.4621381975911102,0.7718913036454662,0.28929531849053963,0,-0.15173767898170373,7,0,"{""age"":0.520969053285184,""blood_pressure"":0.18215338736249181,""bmi"":0.039374441431617814,""glucose"":0.11175233288240541,""insulin"":0.14575078503830105}"
R_50bx2EyN3nLlK5b,diabetes,none,9,120110,No Diabetes,No Diabetes,1,attribution,No Diabetes,0.5016715250694073,0.6898097059904299,0.2483312689266504,1,0.006686125185713161,8,0,"{""age"":0.5887562828644117,""blood_pressure"":0.1089312186896384,""bmi"":0.11536251072250961,""glucose"":0.011099256860152446,""insulin"":0.1758507308632879}"
R_50bx2EyN3nLlK5b,diabetes,none,9,120110,No Diabetes,No Diabetes,1,exemplar,No Diabetes,0.5157878257577413,0.6620597884544993,0.2344614296844155,1,0.03157565151548264,8,0,"{""age"":0.5887562828644117,""blood_pressure"":0.1089312186896384,""bmi"":0.11536251072250961,""glucose"":0.011099256860152446,""insulin"":0.1758507308632879}"
R_50bx2EyN3nLlK5b,diabetes,none,9,120110,No Diabetes,No Diabetes,1,prototype,No Diabetes,0.5039779990561359,0.6852226645299707,0.24603782542035468,1,0.015912331969308427,8,0,"{""age"":0.5887562828644117,""blood_pressure"":0.1089312186896384,""bmi"":0.11536251072250961,""glucose"":0.011099256860152446,""insulin"":0.1758507308632879}"
R_50bx2EyN3nLlK5b,diabetes,none,10,120102,Diabetes,No Diabetes,0,attribution,No Diabetes,0.4454118287632364,0.8087559668931148,0.30756803967573787,0,0.21922649240642617,9,0,"{""age"":0.6373108650273258,""blood_pressure"":0.036478377675027845,""bmi"":0.10999970127565413,""glucose"":0.03600243760901865,""insulin"":0.1802086184129736}"
R_50bx2EyN3nLlK5b,diabetes,none,10,120102,Diabetes,No Diabetes,0,exemplar,No Diabetes,0.42030371475640277,0.8667776986651258,0.3360477831252261,0,0.15939257048719452,9,0,"{""age"":0.6373108650273258,""blood_pressure"":0.036478377675027845,""bmi"":0.10999970127565413,""glucose"":0.03600243760901865,""insulin"":0.1802086184129736}"
R_50bx2EyN3nLlK5b,diabetes,none,10,120102,Diabetes,No Diabetes,0,prototype,No Diabetes,0.456004277880984,0.7852530881938078,0.2959313456837896,0,0.17643919228488505,9,0,"{""age"":0.6373108650273258,""blood_pressure"":0.036478377675027845,""bmi"":0.10999970127565413,""glucose"":0.03600243760901865,""insulin"":0.1802086184129736}"
R_50bx2EyN3nLlK5b,diabetes,none,11,120109,No Diabetes,Diabetes,0,attribution,No Diabetes,0.5356182537557516,0.6243335847978567,0.21565040624485754,1,0.14271475123931882,10,0,"{""age"":0.5784209388909078,""blood_pressure"":0.04162335489465434,""bmi"":0.1323247973671188,""glucose"":0.051530009528935806,""insulin"":0.1961008993183833}"
R_50bx2EyN3nLlK5b,diabetes,none,11,120109,No Diabetes,Diabetes,0,exemplar,No Diabetes,0.6133666709392368,0.48879236373214974,0.14948533114060839,1,0.22673334187847366,10,0,"{""age"":0.5784209388909078,""blood_pressure"":0.04162335489465434,""bmi"":0.1323247973671188,""glucose"":0.051530009528935806,""insulin"":0.1961008993183833}"
R_50bx2EyN3nLlK5b,diabetes,none,11,120109,No Diabetes,Diabetes,0,prototype,No Diabetes,0.5432807909737968,0.6101289822547542,0.20859243589352072,1,0.17355751693002708,10,0,"{""age"":0.5784209388909078,""blood_pressure"":0.04162335489465434,""bmi"":0.1323247973671188,""glucose"":0.051530009528935806,""insulin"":0.1961008993183833}"
R_50bx2EyN3nLlK5b,diabetes,none,12,120104,No Diabetes,Diabetes,0,attribution,No Diabetes,0.5480016896853566,0.6014769086714361,0.2043024725272927,1,0.19259992872739629,11,0,"{""age"":0.5126190287986843,""blood_pressure"":0.11152466247532164,""bmi"":0.31513279983693177,""glucose"":0.006790576254590301,""insulin"":0.05393293263447205}"
R_50bx2EyN3nLlK5b,diabetes,none,12,120104,No Diabetes,Diabetes,0,exemplar,No Diabetes,0.5692510341983511,0.5634337572663748,0.1855446715391901,1,0.1385020683967022,11,0,"{""age"":0.5126190287986843,""blood_pressure"":0.11152466247532164,""bmi"":0.31513279983693177,""glucose"":0.006790576254590301,""insulin"":0.05393293263447205}"
R_50bx2EyN3nLlK5b,diabetes,none,12,120104,No Diabetes,Diabetes,0,prototype,No Diabetes,0.5237157426346394,0.6468062177424672,0.22684669381407307,1,0.09493420590988096,11,0,"{""age"":0.5126190287986843,""blood_pressure"":0.11152466247532164,""bmi"":0.31513279983693177,""glucose"":0.006790576254590301,""insulin"":0.05393293263447205}"
R_5w6IMky8ndKIb5h,diabetes,none,1,120101,Diabetes,Diabetes,1,attribution,Diabetes,0.5,0.6931471805599453,0.25,1,0.0,0,0,"{""age"":0.2,""blood_pressure"":0.2,""bmi"":0.2,""glucose"":0.2,""insulin"":0.2}"
R_5w6IMky8ndKIb5h,diabetes,none,1,120101,Diabetes,Diabetes,1,exemplar,Diabetes,0.5,0.6931471805599453,0.25,1,0.0,0,0,"{""age"":0.2,""blood_pressure"":0.2,""bmi"":0.2,""glucose"":0.2,""insulin"":0.2}"
R_5w6IMky8ndKIb5h,diabetes,none,1,120101,Diabetes,Diabetes,1,prototype,Diabetes,0.5,0.6931471805599453,0.25,1,0.0,0,0,"{""age"":0.2,""blood_pressure"":0.2,""bmi"":0.2,""glucose"":0.2,""insulin"":0.2}"
R_5w6IMky8ndKIb5h,diabetes,none,2,120107,Diabetes,No Diabetes,0,attribution,Diabetes,0.6666666666666666,0.40546510810816444,0.1111111111111111,1,-0.3333333333333333,1,0,"{""age"":0.2,""blood_pressure"":0.2,""bmi"":0.2,""glucose"":0.2,""insulin"":0.2}"
R_5w6IMky8ndKIb5h,diabetes,none,2,120107,Diabetes,No Diabetes,0,exemplar,Diabetes,0.6462757488959526,0.4365290104005001,0.12512084581911923,1,-0.29255149779190515,1,0,"{""age"":0.2,""blood_pressure"":0.2,""bmi"":0.2,""glucose"":0.2,""insulin"":0.2}"
R_5w6IMky8ndKIb5h,diabetes,none,2,120107,Diabetes,No Diabetes,0,prototype,Diabetes,0.6666666666666666,0.40546510810816444,0.1111111111111111,1,-0.3333333333333333,1,0,"{""age"":0.2,""blood_pressure"":0.2,""bmi"":0.2,""glucose"":0.2,""insulin"":0.2}"
R_5w6IMky8ndKIb5h,diabetes,none,3,120100,Diabetes,Diabetes,1,attribution,Diabetes,0.514925445865414,0.6637331541077856,0.23529732306886747,1,-0.05971952588543003,2,0,"{""age"":0.2846793948345783,""blood_pressure"":0.13738875142016607,""bmi"":0.5475219043671496,""glucose"":0.0,""insulin"":0.030409949378105917}"
R_5w6IMky8ndKIb5h,diabetes,none,3,120100,Diabetes,Diabetes,1,exemplar,No Diabetes,0.48753522046078746,0.71839274405488,0.2626201502681737,0,0.02492955907842509,2,0,"{""age"":0.2846793948345783,""blood_pressure"":0.13738875142016607,""bmi"":0.5475219043671496,""glucose"":0.0,""insulin"":0.030409949378105917}"
R_5w6IMky8ndKIb5h,diabetes,none,3,120100,Diabetes,Diabetes,1,prototype,No Diabetes,0.4704427906591684,0.7540809199975766,0.28043083796484936,0,0.11836684430145006,2,0,"{""age"":0.2846793948345783,""blood_pressure"":0.13738875142016607,""bmi"":0.5475219043671496,""glucose"":0.0,""insulin"":0.030409949378105917}"
R_5w6IMky8ndKIb5h,diabetes,none,4,120110,No Diabetes,No Diabetes,1,attribution,Diabetes,0.48458313443427903,0.7244662742712232,0.2656545453095925,0,-0.061687016227139076,3,0,"{""age"":0.3077628015710964,""blood_pressure"":0.27356693472483634,""bmi"":0.1923865028791307,""glucose"":0.1367834673645893,""insulin"":0.08950029346034709}"
R_5w6IMky8ndKIb5h,diabetes,none,4,120110,No Diabetes,No Diabetes,1,exemplar,Diabetes,0.4158244399273247,0.8774921272015944,0.3412610849862238,0,-0.16835112014535064,3,0,"{""age"":0.3077628015710964,""blood_pressure"":0.27356693472483634,""bmi"":0.1923865028791307,""glucose"":0.1367834673645893,""insulin"":0.08950029346034709}"
R_5w6IMky8ndKIb5h,diabetes,none,4,120110,No Diabetes,No Diabetes,1,prototype,Diabetes,0.4879256774270584,0.7175921850822551,0.26222011183853705,0,-0.048306681880024016,3,0,"{""age"":0.3077628015710964,""blood_pressure"":0.27356693472483634,""bmi"":0.1923865028791307,""glucose"":0.1367834673645893,""insulin"":0.08950029346034709}"
R_5w6IMky8ndKIb5h,diabetes,none,5,120111,No Diabetes,No Diabetes,1,attribution,Diabetes,0.4893893664245519,0.714596855989446,0.26072321912032054,0,-0.04244890724501754,4,0,"{""age"":0.40898556890373866,""blood_pressure"":0.11618908207486979,""bmi"":0.05195446759455087,""glucose"":0.25561598056481266,""insulin"":0.16725490086202796}"
R_5w6IMky8ndKIb5h,diabetes,none,5,120111,No Diabetes,No Diabetes,1,exemplar,Diabetes,0.49907571537631223,0.6949974605200243,0.25092513892575335,0,-0.001848569247375642,4,0,"{""age"":0.40898556890373866,""blood_pressure"":0.11618908207486979,""bmi"":0.05195446759455087,""glucose"":0.25561598056481266,""insulin"":0.16725490086202796}"
R_5w6IMky8ndKIb5h,diabetes,none,5,120111,No Diabetes,No Diabetes,1,prototype,Diabetes,0.4934605002562414,0.7063124633195894,0.25658226480065727,0,-0.0261594906592241,4,0,"{""age"":0.40898556890373866,""blood_pressure"":0.11618908207486979,""bmi"":0.05195446759455087,""glucose"":0.25561598056481266,""insulin"":0.16725490086202796}"
R_5w6IMky8ndKIb5h,diabetes,none,6,120108,No Diabetes,Diabetes,0,attribution,No Diabetes,0.5822118333234833,0.5409209226908347,0.17454695221492494,1,0.3318598305079074,5,0,"{""age"":0.45373411070656583,""blood_pressure"":0.195947005332867,""bmi"":0.01395259584176217,""glucose"":0.10937459379465454,""insulin"":0.22699169432415037}"
R_5w6IMky8ndKIb5h,diabetes,none,6,120108,No Diabetes,Diabetes,0,exemplar,No Diabetes,0.5978887150328797,0.5143506376121203,0.16169348549790866,1,0.19577743006575932,5,0,"{""age"":0.45373411070656583,""blood_pressure"":0.195947005332867,""bmi"":0.01395259584176217,""glucose"":0.10937459379465454,""insulin"":0.22699169432415037}"
R_5w6IMky8ndKIb5h,diabetes,none,6,120108,No Diabetes,Diabetes,0,prototype,No Diabetes,0.5530268746453701,0.5923486807285808,0.19978497478928564,1,0.21290812769655237,5,0,"{""age"":0.45373411070656583,""blood_pressure"":0.195947005332867,""bmi"":0.01395259584176217,""glucose"":0.10937459379465454,""insulin"":0.22699169432415037}"
R_5w6IMky8ndKIb5h,diabetes,none,7,120109,No Diabetes,Diabetes,0,attribution,No Diabetes,0.5141787525457147,0.6651843063854403,0.23602228447803794,1,0.05673021994453967,6,0,"{""age"":0.5065882529821469,""blood_pressure"":0.14928584521806304,""bmi"":0.12007943332808886,""glucose"":0.128259142761186,""insulin"":0.09578732571051511}"
R_5w6IMky8ndKIb5h,diabetes,none,7,120109,No Diabetes,Diabetes,0,exemplar,No Diabetes,0.5155573350942163,0.6625067594126447,0.23468469558101743,1,0.03111467018843256,6,0,"{""age"":0.5065882529821469,""blood_pressure"":0.14928584521806304,""bmi"":0.12007943332808886,""glucose"":0.128259142761186,""insulin"":0.09578732571051511}"
R_5w6IMky8ndKIb5h,diabetes,none,7,120109,No Diabetes,Diabetes,0,prototype,No Diabetes,0.5011942557444031,0.6907615170306839,0.2488071705023799,1,0.004777032061928699,6,0,"{""age"":0.5065882529821469,""blood_pressure"":0.14928584521806304,""bmi"":0.12007943332808886,""glucose"":0.128259142761186,""insulin"":0.09578732571051511}"
R_5w6IMky8ndKIb5h,diabetes,none,8,120103,No Diabetes,No Diabetes,1,attribution,Diabetes,0.47823768006134093,0.7376474314507877,0.2722359185077716,0,-0.08710431087101625,7,0,"{""age"":0.1932544836579067,""blood_pressure"":0.15871202002707327,""bmi"":0.236590577963632,""glucose"":0.21374802621577305,""insulin"":0.19769489213561495}"
R_5w6IMky8ndKIb5h,diabetes,none,8,120103,No Diabetes,No Diabetes,1,exemplar,Diabetes,0.44349944972718475,0.8130587179837016,0.3096928624539462,0,-0.11300110054563056,7,0,"{""age"":0.1932544836579067,""blood_pressure"":0.15871202002707327,""bmi"":0.236590577963632,""glucose"":0.21374802621577305,""insulin"":0.19769489213561495}"
R_5w6IMky8ndKIb5h,diabetes,none,8,120103,No Diabetes,No Diabetes,1,prototype,Diabetes,0.47205933988720855,0.750650581198673,0.27872134060032994,0,-0.11187919345698467,7,0,"{""age"":0.1932544836579067,""blood_pressure"":0.15871202002707327,""bmi"":0.236590577963632,""glucose"":0.21374802621577305,""insulin"":0.19769489213561495}"
R_5w6IMky8ndKIb5h,diabetes,none,9,120102,Diabetes,No Diabetes,0,attribution,No Diabetes,0.464328548976647,0.7671628976349812,0.2869439034414645,0,0.14292862727542785,8,0,"{""age"":0.35667236858968815,""blood_pressure"":0.3163302057756369,""bmi"":0.23239552122497042,""glucose"":0.02931952467425313,""insulin"":0.06528237973545134}"
R_5w6IMky8ndKIb5h,diabetes,none,9,120102,Diabetes,No Diabetes,0,exemplar,No Diabetes,0.482264298011094,0.7292629790902528,0.26805025711394537,0,0.035471403977812066,8,0,"{""age"":0.35667236858968815,""blood_pressure"":0.3163302057756369,""bmi"":0.23239552122497042,""glucose"":0.02931952467425313,""insulin"":0.06528237973545134}"
R_5w6IMky8ndKIb5h,diabetes,none,9,120102,Diabetes,No Diabetes,0,prototype,No Diabetes,0.49710154996595735,0.6989609478699612,0.2529068510466426,0,0.011593930005004006,8,0,"{""age"":0.35667236858968815,""blood_pressure"":0.3163302057756369,""bmi"":0.23239552122497042,""glucose"":0.02931952467425313,""insulin"":0.06528237973545134}"
R_5w6IMky8ndKIb5h,diabetes,none,10,120105,Diabetes,Diabetes,1,attribution,Diabetes,0.5242269286727645,0.6458306184226442,0.22636001540015072,1,-0.09698366091432015,9,0,"{""age"":0.36228942711872675,""blood_pressure"":0.2804853489961473,""bmi"":0.25274455185296785,""glucose"":0.01765049210234738,""insulin"":0.08683017992981065}"
R_5w6IMky8ndKIb5h,diabetes,none,10,120105,Diabetes,Diabetes,1,exemplar,No Diabetes,0.45477986650621316,0.7879417869814019,0.29726499396698286,0,0.09044026698757379,9,0,"{""age"":0.36228942711872675,""blood_pressure"":0.2804853489961473,""bmi"":0.25274455185296785,""glucose"":0.01765049210234738,""insulin"":0.08683017992981065}"
R_5w6IMky8ndKIb5h,diabetes,none,10,120105,Diabetes,Diabetes,1,prototype,Diabetes,0.526666222037627,0.6411882858619443,0.22404486536013293,1,-0.10676619183631121,9,0,"{""age"":0.36228942711872675,""blood_pressure"":0.2804853489961473,""bmi"":0.25274455185296785,""glucose"":0.01765049210234738,""insulin"":0.08683017992981065}"
R_5w6IMky8ndKIb5h,diabetes,none,11,120104,No Diabetes,Diabetes,0,attribution,No Diabetes,0.54450971110996,0.6078695018554714,0.20747140327313204,1,0.17851138032452385,10,0,"{""age"":0.3891982590736195,""blood_pressure"":0.1677645372350294,""bmi"":0.2555757285941582,""glucose"":0.0533964026047796,""insulin"":0.13406507249241323}"
R_5w6IMky8ndKIb5h,diabetes,none,11,120104,No Diabetes,Diabetes,0,exemplar,No Diabetes,0.5247433863356783,0.6448459238183162,0.22586884883167835,1,0.04948677267135665,10,0,"{""age"":0.3891982590736195,""blood_pressure"":0.1677645372350294,""bmi"":0.2555757285941582,""glucose"":0.0533964026047796,""insulin"":0.13406507249241323}"
R_5w6IMky8ndKIb5h,diabetes,none,11,120104,No Diabetes,Diabetes,0,prototype,No Diabetes,0.5187646326988612,0.6563050002227937,0.231587478741462,1,0.07509379922763251,10,0,"{""age"":0.3891982590736195,""blood_pressure"":0.1677645372350294,""bmi"":0.2555757285941582,""glucose"":0.0533964026047796,""insulin"":0.13406507249241323}"
R_5w6IMky8ndKIb5h,diabetes,none,12,120106,No Diabetes,No Diabetes,1,attribution,No Diabetes,0.5111178386198377,0.6711551114107214,0.23900576771573903,1,0.04447868590926749,11,0,"{""age"":0.4410710448949535,""blood_pressure"":0.05201864415505617,""bmi"":0.3062314126312023,""glucose"":0.17141205966709702,""insulin"":0.029266838651691007}"
R_5w6IMky8ndKIb5h,diabetes,none,12,120106,No Diabetes,No Diabetes,1,exemplar,Diabetes,0.4755423279561874,0.7432993831747599,0.27505584976561526,0,-0.04891534408762516,11,0,"{""age"":0.4410710448949535,""blood_pressure"":0.05201864415505617,""bmi"":0.3062314126312023,""glucose"":0.17141205966709702,""insulin"":0.029266838651691007}"
R_5w6IMky8ndKIb5h,diabetes,none,12,120106,No Diabetes,No Diabetes,1,prototype,Diabetes,0.4956361309537119,0.7019132284266247,0.2543829123993413,0,-0.017455919419804376,11,0,"{""age"":0.4410710448949535,""blood_pressure"":0.05201864415505617,""bmi"":0.3062314126312023,""glucose"":0.17141205966709702,""insulin"":0.029266838651691007}"
R_69tQCGOCnlsf1C1,diabetes,none,1,120100,Diabetes,Diabetes,1,attribution,Diabetes,0.5,0.6931471805599453,0.25,1,0.0,0,0,"{""age"":0.2,""blood_pressure"":0.2,""bmi"":0.2,""glucose"":0.2,""insulin"":0.2}"
R_69tQCGOCnlsf1C1,diabetes,none,1,120100,Diabetes,Diabetes,1,exemplar,Diabetes,0.5,0.6931471805599453,0.25,1,0.0,0,0,"{""age"":0.2,""blood_pressure"":0.2,""bmi"":0.2,""glucose"":0.2,""insulin"":0.2}"
R_69tQCGOCnlsf1C1,diabetes,none,1,120100,Diabetes,Diabetes,1,prototype,Diabetes,0.5,0.6931471805599453,0.25,1,0.0,0,0,"{""age"":0.2,""blood_pressure"":0.2,""bmi"":0.2,""glucose"":0.2,""insulin"":0.2}"
R_69tQCGOCnlsf1C1,diabetes,none,2,120106,No Diabetes,No Diabetes,1,attribution,Diabetes,0.3333333333333333,1.0986122886681098,0.44444444444444453,0,-0.3333333333333333,1,0,"{""age"":0.2,""blood_pressure"":0.2,""bmi"":0.2,""glucose"":0.2,""insulin"":0.2}"
R_69tQCGOCnlsf1C1,diabetes,none,2,120106,No Diabetes,No Diabetes,1,exemplar,Diabetes,0.3772407809456968,0.9748716191524702,0.3878290449171256,0,-0.2455184381086064,1,0,"{""age"":0.2,""blood_pressure"":0.2,""bmi"":0.2,""glucose"":0.2,""insulin"":0.2}"
R_69tQCGOCnlsf1C1,diabetes,none,2,120106,No Diabetes,No Diabetes,1,prototype,Diabetes,0.3333333333333333,1.0986122886681098,0.44444444444444453,0,-0.3333333333333333,1,0,"{""age"":0.2,""blood_pressure"":0.2,""bmi"":0.2,""glucose"":0.2,""insulin"":0.2}"
R_69tQCGOCnlsf1C1,diabetes,none,3,120107,Diabetes,No Diabetes,0,attribution,No Diabetes,0.4916303181224374,0.7100282308517278,0.2584397334522942,0,0.03348185501951845,2,0,"{""age"":0.3649651201608121,""blood_pressure"":0.1619635315856078,""bmi"":0.13247140144000552,""glucose"":0.31275265355705795,""insulin"":0.02784729325651658}"
R_69tQCGOCnlsf1C1,diabetes,none,3,120107,Diabetes,No Diabetes,0,exemplar,No Diabetes,0.4894701370129624,0.7144318259962545,0.2606407410015634,0,0.02105972597407524,2,0,"{""age"":0.3649651201608121,""blood_pressure"":0.1619635315856078,""bmi"":0.13247140144000552,""glucose"":0.31275265355705795,""insulin"":0.02784729325651658}"
R_69tQCGOCnlsf1C1,diabetes,none,3,120107,Diabetes,No Diabetes,0,prototype,No Diabetes,0.475034147176133,0.7443685887395123,0.27558914663108985,0,0.0999465279934072,2,0,"{""age"":0.3649651201608121,""blood_pressure"":0.1619635315856078,""bmi"":0.13247140144000552,""glucose"":0.31275265355705795,""insulin"":0.02784729325651658}"
R_69tQCGOCnlsf1C1,diabetes,none,4,120111,Diabetes,No Diabetes,0,attribution,No Diabetes,0.4746076022448439,0.7452669168937538,0.27603717161891217,0,0.10165704561634055,3,0,"{""age"":0.7452419601410064,""blood_pressure"":0.03161632558235794,""bmi"":0.02147524001819978,""glucose"":0.09897284530129416,""insulin"":0.10269362895714176}"
R_69tQCGOCnlsf1C1,diabetes,none,4,120111,Diabetes,No Diabetes,0,exemplar,No Diabetes,0.3919931301440375,0.9365109644880031,0.3696723537920452,0,0.2160137397119249,3,0,"{""age"":0.7452419601410064,""blood_pressure"":0.03161632558235794,""bmi"":0.02147524001819978,""glucose"":0.09897284530129416,""insulin"":0.10269362895714176}"
R_69tQCGOCnlsf1C1,diabetes,none,4,120111,Diabetes,No Diabetes,0,prototype,No Diabetes,0.44746091662653514,0.8041660822287452,0.30529943865518866,0,0.210934973274114,3,0,"{""age"":0.7452419601410064,""blood_pressure"":0.03161632558235794,""bmi"":0.02147524001819978,""glucose"":0.09897284530129416,""insulin"":0.10269362895714176}"
R_69tQCGOCnlsf1C1,diabetes,none,5,120104,No Diabetes,Diabetes,0,attribution,No Diabetes,0.5840570159283034,0.5377566709051915,0.17300856599846764,1,0.3394504147288826,4,0,"{""age"":0.5035738586406787,""blood_pressure"":0.08518689143423655,""bmi"":0.0819835241053974,""glucose"":0.09070069909208019,""insulin"":0.23855502672760717}"
R_69tQCGOCnlsf1C1,diabetes,none,5,120104,No Diabetes,Diabetes,0,exemplar,No Diabetes,0.6890679016931203,0.372415461745768,0.09667876975751913,1,0.37813580338624064,4,0,"{""age"":0.5035738586406787,""blood_pressure"":0.08518689143423655,""bmi"":0.0819835241053974,""glucose"":0.09070069909208019,""insulin"":0.23855502672760717}"
R_69tQCGOCnlsf1C1,diabetes,none,5,120104,No Diabetes,Diabetes,0,prototype,No Diabetes,0.6142419187707466,0.4873664239217736,0.14880929723367525,1,0.46517841464118614,4,0,"{""age"":0.5035738586406787,""blood_pressure"":0.08518689143423655,""bmi"":0.0819835241053974,""glucose"":0.09070069909208019,""insulin"":0.23855502672760717}"
R_69tQCGOCnlsf1C1,diabetes,none,6,120103,No Diabetes,No Diabetes,1,attribution,No Diabetes,0.5106241271043687,0.6721215228344596,0.2394887449723611,1,0.04250290570942408,5,0,"{""age"":0.24223510507340124,""blood_pressure"":0.4441788173090759,""bmi"":0.14115314728484335,""glucose"":0.05569839588282166,""insulin"":0.11673453444985796}"
R_69tQCGOCnlsf1C1,diabetes,none,6,120103,No Diabetes,No Diabetes,1,exemplar,No Diabetes,0.5705556422386168,0.5611445820282408,0.1844224564130869,1,0.14111128447723348,5,0,"{""age"":0.24223510507340124,""blood_pressure"":0.4441788173090759,""bmi"":0.14115314728484335,""glucose"":0.05569839588282166,""insulin"":0.11673453444985796}"
R_69tQCGOCnlsf1C1,diabetes,none,6,120103,No Diabetes,No Diabetes,1,prototype,No Diabetes,0.5098016816857789,0.6737334883288525,0.24029439127809044,1,0.03921175017670098,5,0,"{""age"":0.24223510507340124,""blood_pressure"":0.4441788173090759,""bmi"":0.14115314728484335,""glucose"":0.05569839588282166,""insulin"":0.11673453444985796}"
R_69tQCGOCnlsf1C1,diabetes,none,7,120101,No Diabetes,Diabetes,0,attribution,No Diabetes,0.5131187786168164,0.6672479233472338,0.2370533237355806,1,0.05248716089757254,6,0,"{""age"":0.30094637371003996,""blood_pressure"":0.4232763342691741,""bmi"":0.24334797228637797,""glucose"":0.03153366579667003,""insulin"":0.0008956539377380168}"
R_69tQCGOCnlsf1C1,diabetes,none,7,120101,No Diabetes,Diabetes,0,exemplar,No Diabetes,0.6327715780699334,0.4576457780918485,0.134856713873247,1,0.2655431561398668,6,0,"{""age"":0.30094637371003996,""blood_pressure"":0.4232763342691741,""bmi"":0.24334797228637797,""glucose"":0.03153366579667003,""insulin"":0.0008956539377380168}"
R_69tQCGOCnlsf1C1,diabetes,none,7,120101,No Diabetes,Diabetes,0,prototype,No Diabetes,0.5139442380883236,0.6656405056215137,0.2362502036875403,1,0.05579141959807349,6,0,"{""age"":0.30094637371003996,""blood_pressure"":0.4232763342691741,""bmi"":0.24334797228637797,""glucose"":0.03153366579667003,""insulin"":0.0008956539377380168}"
R_69tQCGOCnlsf1C1,diabetes,none,8,120102,No Diabetes,No Diabetes,1,attribution,No Diabetes,0.5384950710644338,0.6189769355112719,0.21298679943182197,1,0.1542856093345776,7,0,"{""age"":0.44576493969477143,""blood_pressure"":0.37368646776145004,""bmi"":0.08842626508038041,""glucose"":0.08270284279995115,""insulin"":0.009419484663447}"
R_69tQCGOCnlsf1C1,diabetes,none,8,120102,No Diabetes,No Diabetes,1,exemplar,No Diabetes,0.5765685537569097,0.5506610326273306,0.17929418966751504,1,0.15313710751381954,7,0,"{""age"":0.44576493969477143,""blood_pressure"":0.37368646776145004,""bmi"":0.08842626508038041,""glucose"":0.08270284279995115,""insulin"":0.009419484663447}"
R_69tQCGOCnlsf1C1,diabetes,none,8,120102,No Diabetes,No Diabetes,1,prototype,No Diabetes,0.5282445869675688,0.6381958696419867,0.22255316972539974,1,0.11309875079074704,7,0,"{""age"":0.44576493969477143,""blood_pressure"":0.37368646776145004,""bmi"":0.08842626508038041,""glucose"":0.08270284279995115,""insulin"":0.009419484663447}"
R_69tQCGOCnlsf1C1,diabetes,none,9,120109,Diabetes,Diabetes,1,attribution,No Diabetes,0.43459704024273926,0.8333360214850245,0.3196805069022706,0,0.26311942255104703,8,0,"{""age"":0.4422672088955722,""blood_pressure"":0.36955774256471047,""bmi"":0.0491804322038256,""glucose"":0.1031716133337113,""insulin"":0.03582300300218048}"
R_69tQCGOCnlsf1C1,diabetes,none,9,120109,Diabetes,Diabetes,1,exemplar,No Diabetes,0.37053788382347125,0.9927995889375403,0.39622255570143383,0,0.25892423235305756,8,0,"{""age"":0.4422672088955722,""blood_pressure"":0.36955774256471047,""bmi"":0.0491804322038256,""glucose"":0.1031716133337113,""insulin"":0.03582300300218048}"
R_69tQCGOCnlsf1C1,diabetes,none,9,120109,Diabetes,Diabetes,1,prototype,No Diabetes,0.46089703122430475,0.7745806205341657,0.2906320109427682,0,0.15673193090544252,8,0,"{""age"":0.4422672088955722,""blood_pressure"":0.36955774256471047,""bmi"":0.0491804322038256,""glucose"":0.1031716133337113,""insulin"":0.03582300300218048}"
R_69tQCGOCnlsf1C1,diabetes,none,10,120110,No Diabetes,No Diabetes,1,attribution,No Diabetes,0.5114725910481408,0.6704612804648367,0.23865902929721708,1,0.04589842021163459,9,0,"{""age"":0.4592467549014282,""blood_pressure"":0.21314486572685115,""bmi"":0.19327397894543374,""glucose"":0.04018312128428567,""insulin"":0.09415127914200128}"
R_69tQCGOCnlsf1C1,diabetes,none,10,120110,No Diabetes,No Diabetes,1,exemplar,No Diabetes,0.5607407809572897,0.5784965462746311,0.19294866151401172,1,0.12148156191457943,9,0,"{""age"":0.4592467549014282,""blood_pressure"":0.21314486572685115,""bmi"":0.19327397894543374,""glucose"":0.04018312128428567,""insulin"":0.09415127914200128}"
R_69tQCGOCnlsf1C1,diabetes,none,10,120110,No Diabetes,No Diabetes,1,prototype,Diabetes,0.4893271409932583,0.7147240132017865,0.2607867689261195,0,-0.042697921770871075,9,0,"{""age"":0.4592467549014282,""blood_pressure"":0.21314486572685115,""bmi"":0.19327397894543374,""glucose"":0.04018312128428567,""insulin"":0.09415127914200128}"
R_69tQCGOCnlsf1C1,diabetes,none,11,120108,Diabetes,Diabetes,1,attribution,No Diabetes,0.4549076579329927,0.7876608302260614,0.2971256613800953,0,0.1808607665400171,10,0,"{""age"":0.3829843165304871,""blood_pressure"":0.28800849342383866,""bmi"":0.15399163037657732,""glucose"":0.05454580649694962,""insulin"":0.12046975317214725}"
R_69tQCGOCnlsf1C1,diabetes,none,11,120108,Diabetes,Diabetes,1,exemplar,No Diabetes,0.3998824659213665,0.9165846102487586,0.36014105470862,0,0.20023506815726716,10,0,"{""age"":0.3829843165304871,""blood_pressure"":0.28800849342383866,""bmi"":0.15399163037657732,""glucose"":0.05454580649694962,""insulin"":0.12046975317214725}"
R_69tQCGOCnlsf1C1,diabetes,none,11,120108,Diabetes,Diabetes,1,prototype,No Diabetes,0.4911272868735393,0.7110519447162086,0.25895143816468524,0,0.03549457856816435,10,0,"{""age"":0.3829843165304871,""blood_pressure"":0.28800849342383866,""bmi"":0.15399163037657732,""glucose"":0.05454580649694962,""insulin"":0.12046975317214725}"
R_69tQCGOCnlsf1C1,diabetes,none,12,120105,No Diabetes,Diabetes,0,attribution,Diabetes,0.4564747272921485,0.7842219423807391,0.2954197220721443,0,-0.1745428688012282,11,0,"{""age"":0.44810008251623973,""blood_pressure"":0.004221397940588648,""bmi"":0.29597657958311524,""glucose"":0.042284119559020374,""insulin"":0.2094178204010361}"
R_69tQCGOCnlsf1C1,diabetes,none,12,120105,No Diabetes,Diabetes,0,exemplar,No Diabetes,0.5368387455594675,0.6220575171673782,0.21451834761492766,1,0.07367749111893501,11,0,"{""age"":0.44810008251623973,""blood_pressure"":0.004221397940588648,""bmi"":0.29597657958311524,""glucose"":0.042284119559020374,""insulin"":0.2094178204010361}"
R_69tQCGOCnlsf1C1,diabetes,none,12,120105,No Diabetes,Diabetes,0,prototype,Diabetes,0.4769535605238301,0.7403361502257242,0.2735775778486987,0,-0.0922511257760224,11,0,"{""age"":0.44810008251623973,""blood_pressure"":0.004221397940588648,""bmi"":0.29597657958311524,""glucose"":0.042284119559020374,""insulin"":0.2094178204010361}"
R_6a1D770kyKVlljb,diabetes,none,1,120108,No Diabetes,Diabetes,0,attribution,Diabetes,0.5,0.6931471805599453,0.25,0,0.0,0,0,"{""age"":0.2,""blood_pressure"":0.2,""bmi"":0.2,""glucose"":0.2,""insulin"":0.2}"
R_6a1D770kyKVlljb,diabetes,none,1,120108,No Diabetes,Diabetes,0,exemplar,Diabetes,0.5,0.6931471805599453,0.25,0,0.0,0,0,"{""age"":0.2,""blood_pressure"":0.2,""bmi"":0.2,""glucose"":0.2,""insulin"":0.2}"
R_6a1D770kyKVlljb,diabetes,none,1,120108,No Diabetes,Diabetes,0,prototype,Diabetes,0.5,0.6931471805599453,0.25,0,0.0,0,0,"{""age"":0.2,""blood_pressure"":0.2,""bmi"":0.2,""glucose"":0.2,""insulin"":0.2}"
R_6a1D770kyKVlljb,diabetes,none,2,120105,Diabetes,Diabetes,1,attribution,Diabetes,0.6666666666666666,0.40546510810816444,0.1111111111111111,1,-0.3333333333333333,1,0,"{""age"":0.2,""blood_pressure"":0.2,""bmi"":0.2,""glucose"":0.2,""insulin"":0.2}"
R_6a1D770kyKVlljb,diabetes,none,2,120105,Diabetes,Diabetes,1,exemplar,Diabetes,0.6422176967220584,0.4428279413033135,0.128008176538869,1,-0.2844353934441168,1,0,"{""age"":0.2,""blood_pressure"":0.2,""bmi"":0.2,""glucose"":0.2,""insulin"":0.2}"
R_6a1D770kyKVlljb,diabetes,none,2,120105,Diabetes,Diabetes,1,prototype,Diabetes,0.6666666666666666,0.40546510810816444,0.1111111111111111,1,-0.3333333333333333,1,0,"{""age"":0.2,""blood_pressure"":0.2,""bmi"":0.2,""glucose"":0.2,""insulin"":0.2}"
R_6a1D770kyKVlljb,diabetes,none,3,120109,No Diabetes,Diabetes,0,attribution,Diabetes,0.25,1.3862943611198906,0.5625,0,-0.5,2,0,"{""age"":0.2,""blood_pressure"":0.2,""bmi"":0.2,""glucose"":0.2,""insulin"":0.2}"
R_6a1D770kyKVlljb,diabetes,none,3,120109,No Diabetes,Diabetes,0,exemplar,Diabetes,0.2753126097326601,1.289848064276789,0.5251718136124878,0,-0.4493747805346799,2,0,"{""age"":0.2,""blood_pressure"":0.2,""bmi"":0.2,""glucose"":0.2,""insulin"":0.2}"
R_6a1D770kyKVlljb,diabetes,none,3,120109,No Diabetes,Diabetes,0,prototype,Diabetes,0.25,1.3862943611198906,0.5625,0,-0.5,2,0,"{""age"":0.2,""blood_pressure"":0.2,""bmi"":0.2,""glucose"":0.2,""insulin"":0.2}"
R_6a1D770kyKVlljb,diabetes,none,4,120102,Diabetes,No Diabetes,0,attribution,Diabetes,0.8,0.2231435513142097,0.04000000000000001,1,-0.6000000000000001,3,0,"{""age"":0.2,""blood_pressure"":0.2,""bmi"":0.2,""glucose"":0.2,""insulin"":0.2}"
R_6a1D770kyKVlljb,diabetes,none,4,120102,Diabetes,No Diabetes,0,exemplar,Diabetes,0.7744556756131223,0.2555948504425298,0.05087024226313311,1,-0.5489113512262447,3,0,"{""age"":0.2,""blood_pressure"":0.2,""bmi"":0.2,""glucose"":0.2,""insulin"":0.2}"
R_6a1D770kyKVlljb,diabetes,none,4,120102,Diabetes,No Diabetes,0,prototype,Diabetes,0.8,0.2231435513142097,0.04000000000000001,1,-0.6000000000000001,3,0,"{""age"":0.2,""blood_pressure"":0.2,""bmi"":0.2,""glucose"":0.2,""insulin"":0.2}"
R_6a1D770kyKVlljb,diabetes,none,5,120110,Diabetes,No Diabetes,0,attribution,No Diabetes,0.48723765451680057,0.7190032779769219,0.26292522294543197,0,0.05106047266025521,4,0,"{""age"":0.06788900663934636,""blood_pressure"":0.06229077766100473,""bmi"":0.2429360844900701,""glucose"":0.6194060811335912,""insulin"":0.007478050075987636}"
R_6a1D770kyKVlljb,diabetes,none,5,120110,Diabetes,No Diabetes,0,exemplar,Diabetes,0.646307524540321,0.43647984429255515,0.12509836719679554,1,-0.2926150490806422,4,0,"{""age"":0.06788900663934636,""blood_pressure"":0.06229077766100473,""bmi"":0.2429360844900701,""glucose"":0.6194060811335912,""insulin"":0.007478050075987636}"
R_6a1D770kyKVlljb,diabetes,none,5,120110,Diabetes,No Diabetes,0,prototype,No Diabetes,0.4907116516748571,0.7118985911613461,0.259374621739752,0,0.03715766798584555,4,0,"{""age"":0.06788900663934636,""blood_pressure"":0.06229077766100473,""bmi"":0.2429360844900701,""glucose"":0.6194060811335912,""insulin"":0.007478050075987636}"
R_6a1D770kyKVlljb,diabetes,none,6,120104,No Diabetes,Diabetes,0,attribution,Diabetes,0.4861740203505204,0.7211886526073203,0.26401713736274746,0,-0.05531802076240613,5,0,"{""age"":0.03742060457301867,""blood_pressure"":0.03475686146466309,""bmi"":0.2056718625341621,""glucose"":0.6818419416093477,""insulin"":0.04030872981880848}"
R_6a1D770kyKVlljb,diabetes,none,6,120104,No Diabetes,Diabetes,0,exemplar,Diabetes,0.42341942558926926,0.8593920413402766,0.3324451587878082,0,-0.15316114882146137,5,0,"{""age"":0.03742060457301867,""blood_pressure"":0.03475686146466309,""bmi"":0.2056718625341621,""glucose"":0.6818419416093477,""insulin"":0.04030872981880848}"
R_6a1D770kyKVlljb,diabetes,none,6,120104,No Diabetes,Diabetes,0,prototype,Diabetes,0.48424779873642954,0.7251585224225974,0.2660003331082185,0,-0.0630296634652543,5,0,"{""age"":0.03742060457301867,""blood_pressure"":0.03475686146466309,""bmi"":0.2056718625341621,""glucose"":0.6818419416093477,""insulin"":0.04030872981880848}"
R_6a1D770kyKVlljb,diabetes,none,7,120111,Diabetes,No Diabetes,0,attribution,No Diabetes,0.39164828921663664,0.9373910633218318,0.370091804013045,0,0.44038897073877764,6,0,"{""age"":0.02760262114424159,""blood_pressure"":0.024916541539663627,""bmi"":0.165513507711357,""glucose"":0.6804484249682867,""insulin"":0.10151890463645107}"
R_6a1D770kyKVlljb,diabetes,none,7,120111,Diabetes,No Diabetes,0,exemplar,Diabetes,0.5887033094709179,0.5298329413042734,0.16916496764017566,1,-0.17740661894183563,6,0,"{""age"":0.02760262114424159,""blood_pressure"":0.024916541539663627,""bmi"":0.165513507711357,""glucose"":0.6804484249682867,""insulin"":0.10151890463645107}"
R_6a1D770kyKVlljb,diabetes,none,7,120111,Diabetes,No Diabetes,0,prototype,No Diabetes,0.4775144555294932,0.7391608461593859,0.2729911441806419,0,0.09000288454834715,6,0,"{""age"":0.02760262114424159,""blood_pressure"":0.024916541539663627,""bmi"":0.165513507711357,""glucose"":0.6804484249682867,""insulin"":0.10151890463645107}"
R_6a1D770kyKVlljb,diabetes,none,8,120101,No Diabetes,Diabetes,0,attribution,No Diabetes,0.5331746357067241,0.628906261751447,0.21792592074754977,1,0.13289378176216873,7,0,"{""age"":0.028848884291930128,""blood_pressure"":0.02855690913312205,""bmi"":0.21073260820654302,""glucose"":0.49433308745389404,""insulin"":0.2375285109145108}"
R_6a1D770kyKVlljb,diabetes,none,8,120101,No Diabetes,Diabetes,0,exemplar,Diabetes,0.4674298266036302,0.760506045041703,0.2836309895914394,0,-0.06514034679273961,7,0,"{""age"":0.028848884291930128,""blood_pressure"":0.02855690913312205,""bmi"":0.21073260820654302,""glucose"":0.49433308745389404,""insulin"":0.2375285109145108}"
R_6a1D770kyKVlljb,diabetes,none,8,120101,No Diabetes,Diabetes,0,prototype,No Diabetes,0.5517095283763304,0.5947335879151906,0.20096434694857215,1,0.2075802945956975,7,0,"{""age"":0.028848884291930128,""blood_pressure"":0.02855690913312205,""bmi"":0.21073260820654302,""glucose"":0.49433308745389404,""insulin"":0.2375285109145108}"
R_6a1D770kyKVlljb,diabetes,none,9,120106,Diabetes,No Diabetes,0,attribution,No Diabetes,0.49431821001209675,0.7045758193476038,0.2557140727253699,0,0.022728138287331803,8,0,"{""age"":0.040051356815873095,""blood_pressure"":0.07269915576576591,""bmi"":0.28670326731188855,""glucose"":0.3463863071513353,""insulin"":0.2541599129551373}"
R_6a1D770kyKVlljb,diabetes,none,9,120106,Diabetes,No Diabetes,0,exemplar,Diabetes,0.5985668393280632,0.5132170821443477,0.16114858248706107,1,-0.19713367865612635,8,0,"{""age"":0.040051356815873095,""blood_pressure"":0.07269915576576591,""bmi"":0.28670326731188855,""glucose"":0.3463863071513353,""insulin"":0.2541599129551373}"
R_6a1D770kyKVlljb,diabetes,none,9,120106,Diabetes,No Diabetes,0,prototype,Diabetes,0.5001569968675952,0.6928332361104711,0.2498430277804212,1,-0.000627987491019083,8,0,"{""age"":0.040051356815873095,""blood_pressure"":0.07269915576576591,""bmi"":0.28670326731188855,""glucose"":0.3463863071513353,""insulin"":0.2541599129551373}"
R_6a1D770kyKVlljb,diabetes,none,10,120100,Diabetes,Diabetes,1,attribution,No Diabetes,0.44939581827325537,0.7998512244071444,0.303164964934978,0,0.203112132958914,9,0,"{""age"":0.09140002119855258,""blood_pressure"":0.10834752677179899,""bmi"":0.28699530873786944,""glucose"":0.22259223132359696,""insulin"":0.29066491196818195}"
R_6a1D770kyKVlljb,diabetes,none,10,120100,Diabetes,Diabetes,1,exemplar,Diabetes,0.5228395218627222,0.6484807035653912,0.2276821218961956,1,-0.045679043725444346,9,0,"{""age"":0.09140002119855258,""blood_pressure"":0.10834752677179899,""bmi"":0.28699530873786944,""glucose"":0.22259223132359696,""insulin"":0.29066491196818195}"
R_6a1D770kyKVlljb,diabetes,none,10,120100,Diabetes,Diabetes,1,prototype,No Diabetes,0.4738089148743191,0.7469511717436268,0.2768770580657415,0,0.10486031923572103,9,0,"{""age"":0.09140002119855258,""blood_pressure"":0.10834752677179899,""bmi"":0.28699530873786944,""glucose"":0.22259223132359696,""insulin"":0.29066491196818195}"
R_6a1D770kyKVlljb,diabetes,none,11,120107,No Diabetes,No Diabetes,1,attribution,No Diabetes,0.5204851591741751,0.6529939039672756,0.22993448257221613,1,0.08198653054295724,10,0,"{""age"":0.28235839128758783,""blood_pressure"":0.22331431444743227,""bmi"":0.16798644261479292,""glucose"":0.12575425894278522,""insulin"":0.2005865927074018}"
R_6a1D770kyKVlljb,diabetes,none,11,120107,No Diabetes,No Diabetes,1,exemplar,Diabetes,0.43124076940618195,0.8410887151411625,0.3234870623856719,0,-0.1375184611876361,10,0,"{""age"":0.28235839128758783,""blood_pressure"":0.22331431444743227,""bmi"":0.16798644261479292,""glucose"":0.12575425894278522,""insulin"":0.2005865927074018}"
R_6a1D770kyKVlljb,diabetes,none,11,120107,No Diabetes,No Diabetes,1,prototype,Diabetes,0.49207892510782164,0.7091161584694253,0.2579838183196258,0,-0.031686950609998155,10,0,"{""age"":0.28235839128758783,""blood_pressure"":0.22331431444743227,""bmi"":0.16798644261479292,""glucose"":0.12575425894278522,""insulin"":0.2005865927074018}"
R_6a1D770kyKVlljb,diabetes,none,12,120103,Diabetes,No Diabetes,0,attribution,Diabetes,0.5208563950101175,0.6522809086005249,0.22957859420270052,1,-0.0834740162532073,11,0,"{""age"":0.2856192376960767,""blood_pressure"":0.085862760747,""bmi"":0.2618024590472498,""glucose"":0.16273238898495682,""insulin"":0.2039831535247166}"
R_6a1D770kyKVlljb,diabetes,none,12,120103,Diabetes,No Diabetes,0,exemplar,Diabetes,0.537915458877109,0.6200538708017048,0.2135221231447527,1,-0.07583091775421807,11,0,"{""age"":0.2856192376960767,""blood_pressure"":0.085862760747,""bmi"":0.2618024590472498,""glucose"":0.16273238898495682,""insulin"":0.2039831535247166}"
R_6a1D770kyKVlljb,diabetes,none,12,120103,Diabetes,No Diabetes,0,prototype,Diabetes,0.5213782851602012,0.6512794255302851,0.2290787459161896,1,-0.08556530742347268,11,0,"{""age"":0.2856192376960767,""blood_pressure"":0.085862760747,""bmi"":0.2618024590472498,""glucose"":0.16273238898495682,""insulin"":0.2039831535247166}"
