participant,domain,xai,trial_order,instance_id,participant_response,ai_label,participant_correct,mental_model,predicted_response,response_probability,negative_log_likelihood,brier_score,predicted_participant_response,evidence,memory_instances_before,memory_changes_before,feature_relevance_before
R_3ER2BU0lmP8pf0d,diabetes,attribution,1,130110,Diabetes,No Diabetes,0,attribution,Diabetes,0.5,0.6931471805599453,0.25,1,0.0,0,0,"{""age"":0.2,""blood_pressure"":0.2,""bmi"":0.2,""glucose"":0.2,""insulin"":0.2}"
R_3ER2BU0lmP8pf0d,diabetes,attribution,1,130110,Diabetes,No Diabetes,0,exemplar,Diabetes,0.5,0.6931471805599453,0.25,1,0.0,0,0,"{""age"":0.2,""blood_pressure"":0.2,""bmi"":0.2,""glucose"":0.2,""insulin"":0.2}"
R_3ER2BU0lmP8pf0d,diabetes,attribution,1,130110,Diabetes,No Diabetes,0,prototype,Diabetes,0.5,0.6931471805599453,0.25,1,0.0,0,0,"{""age"":0.2,""blood_pressure"":0.2,""bmi"":0.2,""glucose"":0.2,""insulin"":0.2}"
R_3ER2BU0lmP8pf0d,diabetes,attribution,2,130106,No Diabetes,Diabetes,0,attribution,No Diabetes,0.6666666666666666,0.40546510810816444,0.11111111111111113,1,0.3333333333333333,1,0,"{""age"":0.6014144168465422,""blood_pressure"":0.3985855831534578,""bmi"":0.0,""glucose"":0.0,""insulin"":0.0}"
R_3ER2BU0lmP8pf0d,diabetes,attribution,2,130106,No Diabetes,Diabetes,0,exemplar,No Diabetes,0.6558966021042835,0.42175212120465794,0.11840714844337781,1,0.311793204208567,1,0,"{""age"":0.6014144168465422,""blood_pressure"":0.3985855831534578,""bmi"":0.0,""glucose"":0.0,""insulin"":0.0}"
R_3ER2BU0lmP8pf0d,diabetes,attribution,2,130106,No Diabetes,Diabetes,0,prototype,No Diabetes,0.6666666666666666,0.40546510810816444,0.11111111111111113,1,0.3333333333333333,1,0,"{""age"":0.6014144168465422,""blood_pressure"":0.3985855831534578,""bmi"":0.0,""glucose"":0.0,""insulin"":0.0}"
R_3ER2BU0lmP8pf0d,diabetes,attribution,3,130111,Diabetes,No Diabetes,0,attribution,Diabetes,0.5453431264560451,0.6063400925998157,0.2067128726607638,1,-0.1818721760051927,2,0,"{""age"":0.5357923638723814,""blood_pressure"":0.46420763612761856,""bmi"":0.0,""glucose"":0.0,""insulin"":0.0}"
R_3ER2BU0lmP8pf0d,diabetes,attribution,3,130111,Diabetes,No Diabetes,0,exemplar,Diabetes,0.5105224967056478,0.6723205743647428,0.23958822623127257,1,-0.021044993411295565,2,0,"{""age"":0.5357923638723814,""blood_pressure"":0.46420763612761856,""bmi"":0.0,""glucose"":0.0,""insulin"":0.0}"
R_3ER2BU0lmP8pf0d,diabetes,attribution,3,130111,Diabetes,No Diabetes,0,prototype,Diabetes,0.5231303073683665,0.6479246922828298,0.22740470375058855,1,-0.09258731419746855,2,0,"{""age"":0.5357923638723814,""blood_pressure"":0.46420763612761856,""bmi"":0.0,""glucose"":0.0,""insulin"":0.0}"
R_3ER2BU0lmP8pf0d,diabetes,attribution,4,130108,No Diabetes,Diabetes,0,attribution,No Diabetes,0.5099248614703076,0.6734918945683398,0.24017364140489722,1,0.03970466112695713,3,0,"{""age"":0.4788263100493899,""blood_pressure"":0.5211736899506101,""bmi"":0.0,""glucose"":0.0,""insulin"":0.0}"
R_3ER2BU0lmP8pf0d,diabetes,attribution,4,130108,No Diabetes,Diabetes,0,exemplar,No Diabetes,0.5959816049782551,0.5175454765235388,0.16323086351594668,1,0.19196320995651034,3,0,"{""age"":0.4788263100493899,""blood_pressure"":0.5211736899506101,""bmi"":0.0,""glucose"":0.0,""insulin"":0.0}"
R_3ER2BU0lmP8pf0d,diabetes,attribution,4,130108,No Diabetes,Diabetes,0,prototype,No Diabetes,0.5224432110106039,0.6492389881110828,0.22806048670986262,1,0.08983320820113455,3,0,"{""age"":0.4788263100493899,""blood_pressure"":0.5211736899506101,""bmi"":0.0,""glucose"":0.0,""insulin"":0.0}"
R_3ER2BU0lmP8pf0d,diabetes,attribution,5,130107,No Diabetes,Diabetes,0,attribution,No Diabetes,0.5076352195572977,0.6779921610782538,0.2424230770203904,1,0.030543252466290513,4,0,"{""age"":0.5044966893245506,""blood_pressure"":0.49550331067544934,""bmi"":0.0,""glucose"":0.0,""insulin"":0.0}"
R_3ER2BU0lmP8pf0d,diabetes,attribution,5,130107,No Diabetes,Diabetes,0,exemplar,Diabetes,0.49649488023635263,0.7001821072593354,0.25351740562820485,0,-0.007010239527294793,4,0,"{""age"":0.5044966893245506,""blood_pressure"":0.49550331067544934,""bmi"":0.0,""glucose"":0.0,""insulin"":0.0}"
R_3ER2BU0lmP8pf0d,diabetes,attribution,5,130107,No Diabetes,Diabetes,0,prototype,Diabetes,0.48269034965800467,0.7283799289373254,0.2676092743369575,0,-0.06926628200425139,4,0,"{""age"":0.5044966893245506,""blood_pressure"":0.49550331067544934,""bmi"":0.0,""glucose"":0.0,""insulin"":0.0}"
R_3ER2BU0lmP8pf0d,diabetes,attribution,6,130109,No Diabetes,No Diabetes,1,attribution,Diabetes,0.47543678281253915,0.743521354704705,0.27516656882605917,0,-0.09833202477537566,5,0,"{""age"":0.5097937652934197,""blood_pressure"":0.49020623470658026,""bmi"":0.0,""glucose"":0.0,""insulin"":0.0}"
R_3ER2BU0lmP8pf0d,diabetes,attribution,6,130109,No Diabetes,No Diabetes,1,exemplar,Diabetes,0.4284087345686129,0.8476775518007694,0.32671657471745436,0,-0.14318253086277416,5,0,"{""age"":0.5097937652934197,""blood_pressure"":0.49020623470658026,""bmi"":0.0,""glucose"":0.0,""insulin"":0.0}"
R_3ER2BU0lmP8pf0d,diabetes,attribution,6,130109,No Diabetes,No Diabetes,1,prototype,Diabetes,0.49662269309913687,0.6999247100146957,0.25338871310276573,0,-0.013509433061047196,5,0,"{""age"":0.5097937652934197,""blood_pressure"":0.49020623470658026,""bmi"":0.0,""glucose"":0.0,""insulin"":0.0}"
R_3ER2BU0lmP8pf0d,diabetes,attribution,7,130102,Diabetes,Diabetes,1,attribution,Diabetes,0.5913885906680041,0.5252819638228947,0.16696328383627992,1,-0.3697087101797648,6,0,"{""age"":0.5139612146042576,""blood_pressure"":0.4860387853957424,""bmi"":0.0,""glucose"":0.0,""insulin"":0.0}"
R_3ER2BU0lmP8pf0d,diabetes,attribution,7,130102,Diabetes,Diabetes,1,exemplar,Diabetes,0.5141350151179493,0.6652693726933457,0.23606478353443525,1,-0.028270030235898747,6,0,"{""age"":0.5139612146042576,""blood_pressure"":0.4860387853957424,""bmi"":0.0,""glucose"":0.0,""insulin"":0.0}"
R_3ER2BU0lmP8pf0d,diabetes,attribution,7,130102,Diabetes,Diabetes,1,prototype,Diabetes,0.5156221126692567,0.6623811215806144,0.2346219377349943,1,-0.0625087963707881,6,0,"{""age"":0.5139612146042576,""blood_pressure"":0.4860387853957424,""bmi"":0.0,""glucose"":0.0,""insulin"":0.0}"
R_3ER2BU0lmP8pf0d,diabetes,attribution,8,130101,Diabetes,Diabetes,1,attribution,Diabetes,0.5352975424043394,0.6249325326556618,0.21594837409544673,1,-0.14142542168559208,7,0,"{""age"":0.4405381839465065,""blood_pressure"":0.41660467319635064,""bmi"":0.0,""glucose"":0.08658979140400937,""insulin"":0.05626735145313349}"
R_3ER2BU0lmP8pf0d,diabetes,attribution,8,130101,Diabetes,Diabetes,1,exemplar,Diabetes,0.568271611626471,0.5651557850739177,0.18638940132760473,1,-0.13654322325294194,7,0,"{""age"":0.4405381839465065,""blood_pressure"":0.41660467319635064,""bmi"":0.0,""glucose"":0.08658979140400937,""insulin"":0.05626735145313349}"
R_3ER2BU0lmP8pf0d,diabetes,attribution,8,130101,Diabetes,Diabetes,1,prototype,Diabetes,0.5378864389378225,0.6201078211421021,0.2135489433175669,1,-0.15183679379805815,7,0,"{""age"":0.4405381839465065,""blood_pressure"":0.41660467319635064,""bmi"":0.0,""glucose"":0.08658979140400937,""insulin"":0.05626735145313349}"
R_3ER2BU0lmP8pf0d,diabetes,attribution,9,130100,No Diabetes,Diabetes,0,attribution,Diabetes,0.44339069774204054,0.8133039614019526,0.30981391536009245,0,-0.22741224401650673,8,0,"{""age"":0.3854709109531932,""blood_pressure"":0.3645290890468068,""bmi"":0.0,""glucose"":0.14399242011602975,""insulin"":0.10600757988397025}"
R_3ER2BU0lmP8pf0d,diabetes,attribution,9,130100,No Diabetes,Diabetes,0,exemplar,Diabetes,0.4033728032051621,0.9078940746610055,0.3559640119552662,0,-0.19325439358967578,8,0,"{""age"":0.3854709109531932,""blood_pressure"":0.3645290890468068,""bmi"":0.0,""glucose"":0.14399242011602975,""insulin"":0.10600757988397025}"
R_3ER2BU0lmP8pf0d,diabetes,attribution,9,130100,No Diabetes,Diabetes,0,prototype,Diabetes,0.4786564765278175,0.736772106859593,0.2717990694663901,0,-0.08542600642571649,8,0,"{""age"":0.3854709109531932,""blood_pressure"":0.3645290890468068,""bmi"":0.0,""glucose"":0.14399242011602975,""insulin"":0.10600757988397025}"
R_3ER2BU0lmP8pf0d,diabetes,attribution,10,130105,Diabetes,No Diabetes,0,attribution,No Diabetes,0.4604208718203502,0.7756142690604263,0.291145635567111,0,0.15864843349264712,9,0,"{""age"":0.3426408097361717,""blood_pressure"":0.32402585693049496,""bmi"":0.0,""glucose"":0.18406298722837525,""insulin"":0.1492703461049581}"
R_3ER2BU0lmP8pf0d,diabetes,attribution,10,130105,Diabetes,No Diabetes,0,exemplar,Diabetes,0.6377657216113105,0.44978427058031567,0.13121367243977455,1,-0.2755314432226211,9,0,"{""age"":0.3426408097361717,""blood_pressure"":0.32402585693049496,""bmi"":0.0,""glucose"":0.18406298722837525,""insulin"":0.1492703461049581}"
R_3ER2BU0lmP8pf0d,diabetes,attribution,10,130105,Diabetes,No Diabetes,0,prototype,Diabetes,0.5294388247878024,0.6359376545381754,0.22142781961708452,1,-0.11789165216562714,9,0,"{""age"":0.3426408097361717,""blood_pressure"":0.32402585693049496,""bmi"":0.0,""glucose"":0.18406298722837525,""insulin"":0.1492703461049581}"
R_3ER2BU0lmP8pf0d,diabetes,attribution,11,130103,Diabetes,No Diabetes,0,attribution,No Diabetes,0.4422834826020777,0.8158042391368986,0.31104771377846696,0,0.23189976010635588,10,0,"{""age"":0.30837672876255456,""blood_pressure"":0.29162327123744547,""bmi"":0.0,""glucose"":0.2524975361399938,""insulin"":0.14750246386000615}"
R_3ER2BU0lmP8pf0d,diabetes,attribution,11,130103,Diabetes,No Diabetes,0,exemplar,Diabetes,0.5704693906395576,0.5612957646872327,0.18449654437755292,1,-0.14093878127911524,10,0,"{""age"":0.30837672876255456,""blood_pressure"":0.29162327123744547,""bmi"":0.0,""glucose"":0.2524975361399938,""insulin"":0.14750246386000615}"
R_3ER2BU0lmP8pf0d,diabetes,attribution,11,130103,Diabetes,No Diabetes,0,prototype,No Diabetes,0.49633617986731615,0.7005017998571305,0.2536772437106485,0,0.01465554284092066,10,0,"{""age"":0.30837672876255456,""blood_pressure"":0.29162327123744547,""bmi"":0.0,""glucose"":0.2524975361399938,""insulin"":0.14750246386000615}"
R_3ER2BU0lmP8pf0d,diabetes,attribution,12,130104,No Diabetes,No Diabetes,1,attribution,No Diabetes,0.5217958918295624,0.6504787793853151,0.22867916907108354,1,0.08723885370519638,11,0,"{""age"":0.2803424806932314,""blood_pressure"":0.26511206476131405,""bmi"":0.0,""glucose"":0.2665028616699434,""insulin"":0.18804259287551114}"
R_3ER2BU0lmP8pf0d,diabetes,attribution,12,130104,No Diabetes,No Diabetes,1,exemplar,Diabetes,0.46527278102651576,0.7651314195289955,0.2859331987111165,0,-0.06945443794696843,11,0,"{""age"":0.2803424806932314,""blood_pressure"":0.26511206476131405,""bmi"":0.0,""glucose"":0.2665028616699434,""insulin"":0.18804259287551114}"
R_3ER2BU0lmP8pf0d,diabetes,attribution,12,130104,No Diabetes,No Diabetes,1,prototype,No Diabetes,0.5008077985415238,0.6915328871499138,0.2491928539969599,1,0.0032311969774044824,11,0,"{""age"":0.2803424806932314,""blood_pressure"":0.26511206476131405,""bmi"":0.0,""glucose"":0.2665028616699434,""insulin"":0.18804259287551114}"
R_6djo5IHTdkraw17,diabetes,attribution,1,130109,Diabetes,No Diabetes,0,attribution,Diabetes,0.5,0.6931471805599453,0.25,1,0.0,0,0,"{""age"":0.2,""blood_pressure"":0.2,""bmi"":0.2,""glucose"":0.2,""insulin"":0.2}"
R_6djo5IHTdkraw17,diabetes,attribution,1,130109,Diabetes,No Diabetes,0,exemplar,Diabetes,0.5,0.6931471805599453,0.25,1,0.0,0,0,"{""age"":0.2,""blood_pressure"":0.2,""bmi"":0.2,""glucose"":0.2,""insulin"":0.2}"
R_6djo5IHTdkraw17,diabetes,attribution,1,130109,Diabetes,No Diabetes,0,prototype,Diabetes,0.5,0.6931471805599453,0.25,1,0.0,0,0,"{""age"":0.2,""blood_pressure"":0.2,""bmi"":0.2,""glucose"":0.2,""insulin"":0.2}"
R_6djo5IHTdkraw17,diabetes,attribution,2,130108,No Diabetes,Diabetes,0,attribution,No Diabetes,0.6666666666666666,0.40546510810816444,0.11111111111111113,1,0.3333333333333333,1,0,"{""age"":0.534798461158447,""blood_pressure"":0.465201538841553,""bmi"":0.0,""glucose"":0.0,""insulin"":0.0}"
R_6djo5IHTdkraw17,diabetes,attribution,2,130108,No Diabetes,Diabetes,0,exemplar,No Diabetes,0.6513179128226222,0.42875741062570183,0.1215791979183725,1,0.3026358256452443,1,0,"{""age"":0.534798461158447,""blood_pressure"":0.465201538841553,""bmi"":0.0,""glucose"":0.0,""insulin"":0.0}"
R_6djo5IHTdkraw17,diabetes,attribution,2,130108,No Diabetes,Diabetes,0,prototype,No Diabetes,0.6666666666666666,0.40546510810816444,0.11111111111111113,1,0.3333333333333333,1,0,"{""age"":0.534798461158447,""blood_pressure"":0.465201538841553,""bmi"":0.0,""glucose"":0.0,""insulin"":0.0}"
R_6djo5IHTdkraw17,diabetes,attribution,3,130106,Diabetes,Diabetes,1,attribution,Diabetes,0.5289607509945673,0.636841044593666,0.22187797410360208,1,-0.11597281262218118,2,0,"{""age"":0.55815314415424,""blood_pressure"":0.4418468558457601,""bmi"":0.0,""glucose"":0.0,""insulin"":0.0}"
R_6djo5IHTdkraw17,diabetes,attribution,3,130106,Diabetes,Diabetes,1,exemplar,No Diabetes,0.49585036732712573,0.7014810765473617,0.25416685212419404,0,0.008299265345748541,2,0,"{""age"":0.55815314415424,""blood_pressure"":0.4418468558457601,""bmi"":0.0,""glucose"":0.0,""insulin"":0.0}"
R_6djo5IHTdkraw17,diabetes,attribution,3,130106,Diabetes,Diabetes,1,prototype,No Diabetes,0.49074989681399767,0.7118206560874376,0.25933566759495397,0,0.037004634835665545,2,0,"{""age"":0.55815314415424,""blood_pressure"":0.4418468558457601,""bmi"":0.0,""glucose"":0.0,""insulin"":0.0}"
R_6djo5IHTdkraw17,diabetes,attribution,4,130111,No Diabetes,No Diabetes,1,attribution,Diabetes,0.49871963739932146,0.6957111900260119,0.25128200192906774,0,-0.005121461597077143,3,0,"{""age"":0.5288255330689002,""blood_pressure"":0.4711744669310998,""bmi"":0.0,""glucose"":0.0,""insulin"":0.0}"
R_6djo5IHTdkraw17,diabetes,attribution,4,130111,No Diabetes,No Diabetes,1,exemplar,Diabetes,0.40739891535302175,0.8979624375566926,0.3511760455247751,0,-0.1852021692939565,3,0,"{""age"":0.5288255330689002,""blood_pressure"":0.4711744669310998,""bmi"":0.0,""glucose"":0.0,""insulin"":0.0}"
R_6djo5IHTdkraw17,diabetes,attribution,4,130111,No Diabetes,No Diabetes,1,prototype,Diabetes,0.483123406592313,0.7274831577730553,0.26716141281273537,0,-0.06753202733594721,3,0,"{""age"":0.5288255330689002,""blood_pressure"":0.4711744669310998,""bmi"":0.0,""glucose"":0.0,""insulin"":0.0}"
R_6djo5IHTdkraw17,diabetes,attribution,5,130107,No Diabetes,Diabetes,0,attribution,Diabetes,0.49783912534490854,0.6974782956227088,0.2521655440343664,0,-0.008643552433999864,4,0,"{""age"":0.4878427004025269,""blood_pressure"":0.5121572995974731,""bmi"":0.0,""glucose"":0.0,""insulin"":0.0}"
R_6djo5IHTdkraw17,diabetes,attribution,5,130107,No Diabetes,Diabetes,0,exemplar,No Diabetes,0.5071112958202256,0.6790247810985006,0.24293927470801713,1,0.014222591640451254,4,0,"{""age"":0.4878427004025269,""blood_pressure"":0.5121572995974731,""bmi"":0.0,""glucose"":0.0,""insulin"":0.0}"
R_6djo5IHTdkraw17,diabetes,attribution,5,130107,No Diabetes,Diabetes,0,prototype,Diabetes,0.4917601598909971,0.7097641612431295,0.2583077350740248,0,-0.0329623446217923,4,0,"{""age"":0.4878427004025269,""blood_pressure"":0.5121572995974731,""bmi"":0.0,""glucose"":0.0,""insulin"":0.0}"
R_6djo5IHTdkraw17,diabetes,attribution,6,130110,No Diabetes,No Diabetes,1,attribution,Diabetes,0.48395403679619176,0.7257653420721192,0.2663034361389462,0,-0.0642059005808881,5,0,"{""age"":0.49647057415580076,""blood_pressure"":0.5035294258441992,""bmi"":0.0,""glucose"":0.0,""insulin"":0.0}"
R_6djo5IHTdkraw17,diabetes,attribution,6,130110,No Diabetes,No Diabetes,1,exemplar,Diabetes,0.4281631421245637,0.8482509828401518,0.3269973920248519,0,-0.14367371575087257,5,0,"{""age"":0.49647057415580076,""blood_pressure"":0.5035294258441992,""bmi"":0.0,""glucose"":0.0,""insulin"":0.0}"
R_6djo5IHTdkraw17,diabetes,attribution,6,130110,No Diabetes,No Diabetes,1,prototype,Diabetes,0.4861882792051082,0.7211593243320563,0.26400248442620783,0,-0.05526094174467189,5,0,"{""age"":0.49647057415580076,""blood_pressure"":0.5035294258441992,""bmi"":0.0,""glucose"":0.0,""insulin"":0.0}"
R_6djo5IHTdkraw17,diabetes,attribution,7,130103,Diabetes,No Diabetes,0,attribution,No Diabetes,0.46852195166556,0.758172323192025,0.28246891586138534,0,0.12607893979266355,6,0,"{""age"":0.5139612146042577,""blood_pressure"":0.48603878539574236,""bmi"":0.0,""glucose"":0.0,""insulin"":0.0}"
R_6djo5IHTdkraw17,diabetes,attribution,7,130103,Diabetes,No Diabetes,0,exemplar,Diabetes,0.504611946199641,0.6839655684623923,0.24540932384810737,1,-0.009223892399282008,6,0,"{""age"":0.5139612146042577,""blood_pressure"":0.48603878539574236,""bmi"":0.0,""glucose"":0.0,""insulin"":0.0}"
R_6djo5IHTdkraw17,diabetes,attribution,7,130103,Diabetes,No Diabetes,0,prototype,Diabetes,0.5051349219147877,0.6829297132823988,0.2448914455082832,1,-0.020540409809696042,6,0,"{""age"":0.5139612146042577,""blood_pressure"":0.48603878539574236,""bmi"":0.0,""glucose"":0.0,""insulin"":0.0}"
R_6djo5IHTdkraw17,diabetes,attribution,8,130101,No Diabetes,Diabetes,0,attribution,Diabetes,0.44973340969332853,0.7991002946732717,0.3027933204077302,0,-0.2017478861323691,7,0,"{""age"":0.44053818394650657,""blood_pressure"":0.4166046731963506,""bmi"":0.0,""glucose"":0.05807944528134844,""insulin"":0.08477769757579443}"
R_6djo5IHTdkraw17,diabetes,attribution,8,130101,No Diabetes,Diabetes,0,exemplar,No Diabetes,0.5341499845309715,0.6270786095503244,0.21701623691249408,1,0.06829996906194302,7,0,"{""age"":0.44053818394650657,""blood_pressure"":0.4166046731963506,""bmi"":0.0,""glucose"":0.05807944528134844,""insulin"":0.08477769757579443}"
R_6djo5IHTdkraw17,diabetes,attribution,8,130101,No Diabetes,Diabetes,0,prototype,Diabetes,0.4834646768931719,0.7267770238554743,0.26680874001707533,0,-0.0661654204592082,7,0,"{""age"":0.44053818394650657,""blood_pressure"":0.4166046731963506,""bmi"":0.0,""glucose"":0.05807944528134844,""insulin"":0.08477769757579443}"
R_6djo5IHTdkraw17,diabetes,attribution,9,130100,No Diabetes,Diabetes,0,attribution,Diabetes,0.43226304486188505,0.8387209758992491,0.32232525022949793,0,-0.2726239012198218,8,0,"{""age"":0.38547091095319325,""blood_pressure"":0.36452908904680675,""bmi"":0.0,""glucose"":0.11904586725870142,""insulin"":0.13095413274129858}"
R_6djo5IHTdkraw17,diabetes,attribution,9,130100,No Diabetes,Diabetes,0,exemplar,Diabetes,0.4862282257471371,0.7210771650066069,0.26396143601893474,0,-0.027543548505725823,8,0,"{""age"":0.38547091095319325,""blood_pressure"":0.36452908904680675,""bmi"":0.0,""glucose"":0.11904586725870142,""insulin"":0.13095413274129858}"
R_6djo5IHTdkraw17,diabetes,attribution,9,130100,No Diabetes,Diabetes,0,prototype,Diabetes,0.4839154822953193,0.7258450108707173,0.26634322941447286,0,-0.06436027795868943,8,0,"{""age"":0.38547091095319325,""blood_pressure"":0.36452908904680675,""bmi"":0.0,""glucose"":0.11904586725870142,""insulin"":0.13095413274129858}"
R_6djo5IHTdkraw17,diabetes,attribution,10,130102,Diabetes,Diabetes,1,attribution,Diabetes,0.5432040716961894,0.6102702070069267,0.20866252011494008,1,-0.1732483271936902,9,0,"{""age"":0.3426408097361718,""blood_pressure"":0.3240258569304949,""bmi"":0.0,""glucose"":0.16188827357741672,""insulin"":0.17144505975591662}"
R_6djo5IHTdkraw17,diabetes,attribution,10,130102,Diabetes,Diabetes,1,exemplar,Diabetes,0.5511948111455066,0.5956669730688218,0.20142609754271742,1,-0.10238962229101328,9,0,"{""age"":0.3426408097361718,""blood_pressure"":0.3240258569304949,""bmi"":0.0,""glucose"":0.16188827357741672,""insulin"":0.17144505975591662}"
R_6djo5IHTdkraw17,diabetes,attribution,10,130102,Diabetes,Diabetes,1,prototype,Diabetes,0.5065763368451962,0.6800802522465221,0.24346691136110532,1,-0.02630686441703689,9,0,"{""age"":0.3426408097361718,""blood_pressure"":0.3240258569304949,""bmi"":0.0,""glucose"":0.16188827357741672,""insulin"":0.17144505975591662}"
R_6djo5IHTdkraw17,diabetes,attribution,11,130104,No Diabetes,No Diabetes,1,attribution,No Diabetes,0.5224725388425455,0.6491828537634984,0.2280324761594842,1,0.08995075667411478,10,0,"{""age"":0.3083767287625546,""blood_pressure"":0.2916232712374454,""bmi"":0.0,""glucose"":0.2063123002024816,""insulin"":0.19368769979751838}"
R_6djo5IHTdkraw17,diabetes,attribution,11,130104,No Diabetes,No Diabetes,1,exemplar,Diabetes,0.42520326428202426,0.8551879554929559,0.33039128739204043,0,-0.14959347143595159,10,0,"{""age"":0.3083767287625546,""blood_pressure"":0.2916232712374454,""bmi"":0.0,""glucose"":0.2063123002024816,""insulin"":0.19368769979751838}"
R_6djo5IHTdkraw17,diabetes,attribution,11,130104,No Diabetes,No Diabetes,1,prototype,Diabetes,0.493292349338049,0.7066532800091772,0.25675264323935376,0,-0.026832212392253113,10,0,"{""age"":0.3083767287625546,""blood_pressure"":0.2916232712374454,""bmi"":0.0,""glucose"":0.2063123002024816,""insulin"":0.19368769979751838}"
R_6djo5IHTdkraw17,diabetes,attribution,12,130105,Diabetes,No Diabetes,0,attribution,No Diabetes,0.45713703224092983,0.7827720813037781,0.29470020176418527,0,0.17187372900573533,11,0,"{""age"":0.2803424806932315,""blood_pressure"":0.265112064761314,""bmi"":0.0,""glucose"":0.22269949995837982,""insulin"":0.2318459545870747}"
R_6djo5IHTdkraw17,diabetes,attribution,12,130105,Diabetes,No Diabetes,0,exemplar,Diabetes,0.5393181864651412,0.6174495548542295,0.21222773332176642,1,-0.07863637293028236,11,0,"{""age"":0.2803424806932315,""blood_pressure"":0.265112064761314,""bmi"":0.0,""glucose"":0.22269949995837982,""insulin"":0.2318459545870747}"
R_6djo5IHTdkraw17,diabetes,attribution,12,130105,Diabetes,No Diabetes,0,prototype,Diabetes,0.5034937637058624,0.6861839527872915,0.24651844267896994,1,-0.01397528227664288,11,0,"{""age"":0.2803424806932315,""blood_pressure"":0.265112064761314,""bmi"":0.0,""glucose"":0.22269949995837982,""insulin"":0.2318459545870747}"
R_77Afk1Bz9dQl8Ah,diabetes,attribution,1,130100,Diabetes,Diabetes,1,attribution,Diabetes,0.5,0.6931471805599453,0.25,1,0.0,0,0,"{""age"":0.2,""blood_pressure"":0.2,""bmi"":0.2,""glucose"":0.2,""insulin"":0.2}"
R_77Afk1Bz9dQl8Ah,diabetes,attribution,1,130100,Diabetes,Diabetes,1,exemplar,Diabetes,0.5,0.6931471805599453,0.25,1,0.0,0,0,"{""age"":0.2,""blood_pressure"":0.2,""bmi"":0.2,""glucose"":0.2,""insulin"":0.2}"
R_77Afk1Bz9dQl8Ah,diabetes,attribution,1,130100,Diabetes,Diabetes,1,prototype,Diabetes,0.5,0.6931471805599453,0.25,1,0.0,0,0,"{""age"":0.2,""blood_pressure"":0.2,""bmi"":0.2,""glucose"":0.2,""insulin"":0.2}"
R_77Afk1Bz9dQl8Ah,diabetes,attribution,2,130101,Diabetes,Diabetes,1,attribution,Diabetes,0.6666666666666666,0.40546510810816444,0.1111111111111111,1,-0.3333333333333333,1,0,"{""age"":0.0,""blood_pressure"":0.0,""bmi"":0.0,""glucose"":0.5046275241271393,""insulin"":0.4953724758728607}"
R_77Afk1Bz9dQl8Ah,diabetes,attribution,2,130101,Diabetes,Diabetes,1,exemplar,Diabetes,0.6484069792070646,0.4332367254415542,0.12361765227030155,1,-0.2968139584141291,1,0,"{""age"":0.0,""blood_pressure"":0.0,""bmi"":0.0,""glucose"":0.5046275241271393,""insulin"":0.4953724758728607}"
R_77Afk1Bz9dQl8Ah,diabetes,attribution,2,130101,Diabetes,Diabetes,1,prototype,Diabetes,0.6666666666666666,0.40546510810816444,0.1111111111111111,1,-0.3333333333333333,1,0,"{""age"":0.0,""blood_pressure"":0.0,""bmi"":0.0,""glucose"":0.5046275241271393,""insulin"":0.4953724758728607}"
R_77Afk1Bz9dQl8Ah,diabetes,attribution,3,130105,No Diabetes,No Diabetes,1,attribution,Diabetes,0.445160166655766,0.8093211365042493,0.30784724066545727,0,-0.22024534104990473,2,0,"{""age"":0.0,""blood_pressure"":0.0,""bmi"":0.0,""glucose"":0.5252191726136558,""insulin"":0.4747808273863442}"
R_77Afk1Bz9dQl8Ah,diabetes,attribution,3,130105,No Diabetes,No Diabetes,1,exemplar,Diabetes,0.29411011681146515,1.2238010347908925,0.49828052718792337,0,-0.4117797663770697,2,0,"{""age"":0.0,""blood_pressure"":0.0,""bmi"":0.0,""glucose"":0.5252191726136558,""insulin"":0.4747808273863442}"
R_77Afk1Bz9dQl8Ah,diabetes,attribution,3,130105,No Diabetes,No Diabetes,1,prototype,Diabetes,0.25,1.3862943611198906,0.5625,0,-0.5,2,0,"{""age"":0.0,""blood_pressure"":0.0,""bmi"":0.0,""glucose"":0.5252191726136558,""insulin"":0.4747808273863442}"
R_77Afk1Bz9dQl8Ah,diabetes,attribution,4,130102,Diabetes,Diabetes,1,attribution,Diabetes,0.6735410983268008,0.3952062629789338,0.10657541448167157,1,-0.7242449506363424,3,0,"{""age"":0.0,""blood_pressure"":0.0,""bmi"":0.0,""glucose"":0.6396156071906243,""insulin"":0.36038439280937573}"
R_77Afk1Bz9dQl8Ah,diabetes,attribution,4,130102,Diabetes,Diabetes,1,exemplar,Diabetes,0.6110796438887571,0.4925279782419408,0.1512590433976959,1,-0.2221592877775143,3,0,"{""age"":0.0,""blood_pressure"":0.0,""bmi"":0.0,""glucose"":0.6396156071906243,""insulin"":0.36038439280937573}"
R_77Afk1Bz9dQl8Ah,diabetes,attribution,4,130102,Diabetes,Diabetes,1,prototype,Diabetes,0.6109509254432025,0.49273864145980284,0.1513591824135006,1,-0.4513111461878442,3,0,"{""age"":0.0,""blood_pressure"":0.0,""bmi"":0.0,""glucose"":0.6396156071906243,""insulin"":0.36038439280937573}"
R_77Afk1Bz9dQl8Ah,diabetes,attribution,5,130103,Diabetes,No Diabetes,0,attribution,No Diabetes,0.4580727842552841,0.7807271899060578,0.2936851071648199,0,0.16810361505220467,4,0,"{""age"":0.0,""blood_pressure"":0.0,""bmi"":0.0,""glucose"":0.6312438403499846,""insulin"":0.3687561596500154}"
R_77Afk1Bz9dQl8Ah,diabetes,attribution,5,130103,Diabetes,No Diabetes,0,exemplar,Diabetes,0.610829114859118,0.49293804001022934,0.15145397784133757,1,-0.22165822971823596,4,0,"{""age"":0.0,""blood_pressure"":0.0,""bmi"":0.0,""glucose"":0.6312438403499846,""insulin"":0.3687561596500154}"
R_77Afk1Bz9dQl8Ah,diabetes,attribution,5,130103,Diabetes,No Diabetes,0,prototype,No Diabetes,0.45973038371601116,0.7771150836923505,0.2918912582796485,0,0.16142810907984154,4,0,"{""age"":0.0,""blood_pressure"":0.0,""bmi"":0.0,""glucose"":0.6312438403499846,""insulin"":0.3687561596500154}"
R_77Afk1Bz9dQl8Ah,diabetes,attribution,6,130104,Diabetes,No Diabetes,0,attribution,No Diabetes,0.4747341469287204,0.7450003223091668,0.2759042164026991,0,0.1011495645505612,5,0,"{""age"":0.0,""blood_pressure"":0.0,""bmi"":0.0,""glucose"":0.5863062956738755,""insulin"":0.4136937043261245}"
R_77Afk1Bz9dQl8Ah,diabetes,attribution,6,130104,Diabetes,No Diabetes,0,exemplar,Diabetes,0.537413359961925,0.620987722741459,0.2139863995417156,1,-0.07482671992384993,5,0,"{""age"":0.0,""blood_pressure"":0.0,""bmi"":0.0,""glucose"":0.5863062956738755,""insulin"":0.4136937043261245}"
R_77Afk1Bz9dQl8Ah,diabetes,attribution,6,130104,Diabetes,No Diabetes,0,prototype,No Diabetes,0.487265907930928,0.7189452927314613,0.26289624916989557,0,0.05094738548932726,5,0,"{""age"":0.0,""blood_pressure"":0.0,""bmi"":0.0,""glucose"":0.5863062956738755,""insulin"":0.4136937043261245}"
R_77Afk1Bz9dQl8Ah,diabetes,attribution,7,130110,No Diabetes,No Diabetes,1,attribution,Diabetes,0.45060221047436244,0.7971703453716082,0.30183793113565677,0,-0.19823781660905493,6,0,"{""age"":0.0,""blood_pressure"":0.0,""bmi"":0.0,""glucose"":0.5530171626477899,""insulin"":0.44698283735221006}"
R_77Afk1Bz9dQl8Ah,diabetes,attribution,7,130110,No Diabetes,No Diabetes,1,exemplar,Diabetes,0.47127761144001434,0.752307950021206,0.27954736416457643,0,-0.0574447771199712,6,0,"{""age"":0.0,""blood_pressure"":0.0,""bmi"":0.0,""glucose"":0.5530171626477899,""insulin"":0.44698283735221006}"
R_77Afk1Bz9dQl8Ah,diabetes,attribution,7,130110,No Diabetes,No Diabetes,1,prototype,Diabetes,0.4086118058840389,0.894989703516174,0.3497399961397377,0,-0.3697070691491019,6,0,"{""age"":0.0,""blood_pressure"":0.0,""bmi"":0.0,""glucose"":0.5530171626477899,""insulin"":0.44698283735221006}"
R_77Afk1Bz9dQl8Ah,diabetes,attribution,8,130108,No Diabetes,Diabetes,0,attribution,No Diabetes,0.5322430108661026,0.6306551065937732,0.21879660088360903,1,0.12915126531715368,7,0,"{""age"":0.08591634526379174,""blood_pressure"":0.05694079759335112,""bmi"":0.0,""glucose"":0.4740147108409628,""insulin"":0.38312814630189435}"
R_77Afk1Bz9dQl8Ah,diabetes,attribution,8,130108,No Diabetes,Diabetes,0,exemplar,No Diabetes,0.5701278072679967,0.5618947200106359,0.18479010208422056,1,0.14025561453599344,7,0,"{""age"":0.08591634526379174,""blood_pressure"":0.05694079759335112,""bmi"":0.0,""glucose"":0.4740147108409628,""insulin"":0.38312814630189435}"
R_77Afk1Bz9dQl8Ah,diabetes,attribution,8,130108,No Diabetes,Diabetes,0,prototype,No Diabetes,0.5281957859577405,0.6382882572695588,0.2225992163880342,1,0.11290292293857962,7,0,"{""age"":0.08591634526379174,""blood_pressure"":0.05694079759335112,""bmi"":0.0,""glucose"":0.4740147108409628,""insulin"":0.38312814630189435}"
R_77Afk1Bz9dQl8Ah,diabetes,attribution,9,130109,Diabetes,No Diabetes,0,attribution,Diabetes,0.5290967226916821,0.6365840232101496,0.22174989657971464,1,-0.11651853887730204,8,0,"{""age"":0.14786528049957187,""blood_pressure"":0.10213471950042813,""bmi"":0.0,""glucose"":0.41476287198584244,""insulin"":0.33523712801415756}"
R_77Afk1Bz9dQl8Ah,diabetes,attribution,9,130109,Diabetes,No Diabetes,0,exemplar,No Diabetes,0.4969287571199887,0.6993086089955373,0.2530806754128394,0,0.006142485760022687,8,0,"{""age"":0.14786528049957187,""blood_pressure"":0.10213471950042813,""bmi"":0.0,""glucose"":0.41476287198584244,""insulin"":0.33523712801415756}"
R_77Afk1Bz9dQl8Ah,diabetes,attribution,9,130109,Diabetes,No Diabetes,0,prototype,Diabetes,0.5245883566340849,0.645141406545795,0.22601623064788,1,-0.09843282608548129,8,0,"{""age"":0.14786528049957187,""blood_pressure"":0.10213471950042813,""bmi"":0.0,""glucose"":0.41476287198584244,""insulin"":0.33523712801415756}"
R_77Afk1Bz9dQl8Ah,diabetes,attribution,10,130107,Diabetes,Diabetes,1,attribution,No Diabetes,0.4629204385614668,0.7702000786220236,0.28845445531500713,0,0.14859104227768888,9,0,"{""age"":0.19085785612833575,""blood_pressure"":0.14247547720499756,""bmi"":0.0,""glucose"":0.36867810843185994,""insulin"":0.29798855823480674}"
R_77Afk1Bz9dQl8Ah,diabetes,attribution,10,130107,Diabetes,Diabetes,1,exemplar,No Diabetes,0.4356005559907727,0.8310296115449619,0.31854673239792486,0,0.12879888801845457,9,0,"{""age"":0.19085785612833575,""blood_pressure"":0.14247547720499756,""bmi"":0.0,""glucose"":0.36867810843185994,""insulin"":0.29798855823480674}"
R_77Afk1Bz9dQl8Ah,diabetes,attribution,10,130107,Diabetes,Diabetes,1,prototype,No Diabetes,0.4682584443532021,0.7587349039642693,0.2827490820016767,0,0.12713719862947045,9,0,"{""age"":0.19085785612833575,""blood_pressure"":0.14247547720499756,""bmi"":0.0,""glucose"":0.36867810843185994,""insulin"":0.29798855823480674}"
R_77Afk1Bz9dQl8Ah,diabetes,attribution,11,130106,Diabetes,Diabetes,1,attribution,No Diabetes,0.4701638396245543,0.7546740500772741,0.28072635684139496,0,0.1194865984832708,10,0,"{""age"":0.2248702774323918,""blood_pressure"":0.1751297225676082,""bmi"":0.0,""glucose"":0.331810297588674,""insulin"":0.26818970241132606}"
R_77Afk1Bz9dQl8Ah,diabetes,attribution,11,130106,Diabetes,Diabetes,1,exemplar,No Diabetes,0.49304223744642645,0.7071604342757608,0.2570061730133254,0,0.013915525107147053,10,0,"{""age"":0.2248702774323918,""blood_pressure"":0.1751297225676082,""bmi"":0.0,""glucose"":0.331810297588674,""insulin"":0.26818970241132606}"
R_77Afk1Bz9dQl8Ah,diabetes,attribution,11,130106,Diabetes,Diabetes,1,prototype,No Diabetes,0.4844726209013305,0.7246943592556406,0.2657684786003433,0,0.062129494053737425,10,0,"{""age"":0.2248702774323918,""blood_pressure"":0.1751297225676082,""bmi"":0.0,""glucose"":0.331810297588674,""insulin"":0.26818970241132606}"
R_77Afk1Bz9dQl8Ah,diabetes,attribution,12,130111,Diabetes,No Diabetes,0,attribution,No Diabetes,0.4993034360083328,0.6945412798482749,0.2506970491930617,0,0.0027862577691978065,11,0,"{""age"":0.2471702804747399,""blood_pressure"":0.20737517407071462,""bmi"":0.0,""glucose"":0.30164572508061266,""insulin"":0.24380882037393278}"
R_77Afk1Bz9dQl8Ah,diabetes,attribution,12,130111,Diabetes,No Diabetes,0,exemplar,Diabetes,0.5333463162997327,0.6285843166566628,0.21776566051102905,1,-0.0666926325994655,11,0,"{""age"":0.2471702804747399,""blood_pressure"":0.20737517407071462,""bmi"":0.0,""glucose"":0.30164572508061266,""insulin"":0.24380882037393278}"
R_77Afk1Bz9dQl8Ah,diabetes,attribution,12,130111,Diabetes,No Diabetes,0,prototype,No Diabetes,0.48944467591967206,0.7144838450135577,0.26066673894676873,0,0.04222757010576761,11,0,"{""age"":0.2471702804747399,""blood_pressure"":0.20737517407071462,""bmi"":0.0,""glucose"":0.30164572508061266,""insulin"":0.24380882037393278}"
R_7PXJzeq2Mm9tJDC,diabetes,attribution,1,130111,Diabetes,No Diabetes,0,attribution,Diabetes,0.5,0.6931471805599453,0.25,1,0.0,0,0,"{""age"":0.2,""blood_pressure"":0.2,""bmi"":0.2,""glucose"":0.2,""insulin"":0.2}"
R_7PXJzeq2Mm9tJDC,diabetes,attribution,1,130111,Diabetes,No Diabetes,0,exemplar,Diabetes,0.5,0.6931471805599453,0.25,1,0.0,0,0,"{""age"":0.2,""blood_pressure"":0.2,""bmi"":0.2,""glucose"":0.2,""insulin"":0.2}"
R_7PXJzeq2Mm9tJDC,diabetes,attribution,1,130111,Diabetes,No Diabetes,0,prototype,Diabetes,0.5,0.6931471805599453,0.25,1,0.0,0,0,"{""age"":0.2,""blood_pressure"":0.2,""bmi"":0.2,""glucose"":0.2,""insulin"":0.2}"
R_7PXJzeq2Mm9tJDC,diabetes,attribution,2,130110,No Diabetes,No Diabetes,1,attribution,No Diabetes,0.6666666666666666,0.40546510810816444,0.11111111111111113,1,0.3333333333333333,1,0,"{""age"":0.364894202403407,""blood_pressure"":0.635105797596593,""bmi"":0.0,""glucose"":0.0,""insulin"":0.0}"
R_7PXJzeq2Mm9tJDC,diabetes,attribution,2,130110,No Diabetes,No Diabetes,1,exemplar,No Diabetes,0.6398840414912742,0.4464683042143194,0.12968350357265832,1,0.2797680829825485,1,0,"{""age"":0.364894202403407,""blood_pressure"":0.635105797596593,""bmi"":0.0,""glucose"":0.0,""insulin"":0.0}"
R_7PXJzeq2Mm9tJDC,diabetes,attribution,2,130110,No Diabetes,No Diabetes,1,prototype,No Diabetes,0.6666666666666666,0.40546510810816444,0.11111111111111113,1,0.3333333333333333,1,0,"{""age"":0.364894202403407,""blood_pressure"":0.635105797596593,""bmi"":0.0,""glucose"":0.0,""insulin"":0.0}"
R_7PXJzeq2Mm9tJDC,diabetes,attribution,3,130107,No Diabetes,Diabetes,0,attribution,No Diabetes,0.5033397773844309,0.6864898351727062,0.24667137672854664,1,0.013359308221731744,2,0,"{""age"":0.4831543096249746,""blood_pressure"":0.5168456903750254,""bmi"":0.0,""glucose"":0.0,""insulin"":0.0}"
R_7PXJzeq2Mm9tJDC,diabetes,attribution,3,130107,No Diabetes,Diabetes,0,exemplar,No Diabetes,0.7328997219485742,0.3107463914356219,0.07134255853514897,1,0.46579944389714845,2,0,"{""age"":0.4831543096249746,""blood_pressure"":0.5168456903750254,""bmi"":0.0,""glucose"":0.0,""insulin"":0.0}"
R_7PXJzeq2Mm9tJDC,diabetes,attribution,3,130107,No Diabetes,Diabetes,0,prototype,No Diabetes,0.75,0.2876820724517809,0.0625,1,0.5,2,0,"{""age"":0.4831543096249746,""blood_pressure"":0.5168456903750254,""bmi"":0.0,""glucose"":0.0,""insulin"":0.0}"
R_7PXJzeq2Mm9tJDC,diabetes,attribution,4,130106,Diabetes,Diabetes,1,attribution,No Diabetes,0.4751946967557691,0.7440306710217139,0.27542060631326915,0,0.09930273488560647,3,0,"{""age"":0.4990968961396151,""blood_pressure"":0.5009031038603848,""bmi"":0.0,""glucose"":0.0,""insulin"":0.0}"
R_7PXJzeq2Mm9tJDC,diabetes,attribution,4,130106,Diabetes,Diabetes,1,exemplar,No Diabetes,0.3985869114143874,0.9198297081339702,0.36169770312208593,0,0.2028261771712252,3,0,"{""age"":0.4990968961396151,""blood_pressure"":0.5009031038603848,""bmi"":0.0,""glucose"":0.0,""insulin"":0.0}"
R_7PXJzeq2Mm9tJDC,diabetes,attribution,4,130106,Diabetes,Diabetes,1,prototype,No Diabetes,0.4630526353747176,0.7699145480426365,0.28831247237803603,0,0.14805934130776455,3,0,"{""age"":0.4990968961396151,""blood_pressure"":0.5009031038603848,""bmi"":0.0,""glucose"":0.0,""insulin"":0.0}"
R_7PXJzeq2Mm9tJDC,diabetes,attribution,5,130108,Diabetes,Diabetes,1,attribution,No Diabetes,0.49729774669759275,0.6985663443443161,0.25270955547531765,0,0.010809118450517949,4,0,"{""age"":0.49186524982926655,""blood_pressure"":0.5081347501707335,""bmi"":0.0,""glucose"":0.0,""insulin"":0.0}"
R_7PXJzeq2Mm9tJDC,diabetes,attribution,5,130108,Diabetes,Diabetes,1,exemplar,Diabetes,0.5085381486319831,0.6762150444157183,0.24153475135007874,1,-0.0170762972639662,4,0,"{""age"":0.49186524982926655,""blood_pressure"":0.5081347501707335,""bmi"":0.0,""glucose"":0.0,""insulin"":0.0}"
R_7PXJzeq2Mm9tJDC,diabetes,attribution,5,130108,Diabetes,Diabetes,1,prototype,Diabetes,0.51051863689395,0.6723281349057841,0.23959200482815676,1,-0.04208075615837881,4,0,"{""age"":0.49186524982926655,""blood_pressure"":0.5081347501707335,""bmi"":0.0,""glucose"":0.0,""insulin"":0.0}"
R_7PXJzeq2Mm9tJDC,diabetes,attribution,6,130109,Diabetes,No Diabetes,0,attribution,Diabetes,0.5245632171874608,0.6451893299293292,0.22604013445113752,1,-0.09833202477537566,5,0,"{""age"":0.5097937652934198,""blood_pressure"":0.49020623470658026,""bmi"":0.0,""glucose"":0.0,""insulin"":0.0}"
R_7PXJzeq2Mm9tJDC,diabetes,attribution,6,130109,Diabetes,No Diabetes,0,exemplar,Diabetes,0.571591265431387,0.5593311139539784,0.18353404385468025,1,-0.1431825308627741,5,0,"{""age"":0.5097937652934198,""blood_pressure"":0.49020623470658026,""bmi"":0.0,""glucose"":0.0,""insulin"":0.0}"
R_7PXJzeq2Mm9tJDC,diabetes,attribution,6,130109,Diabetes,No Diabetes,0,prototype,Diabetes,0.5033773069008631,0.6864152769536486,0.2466340993010395,1,-0.013509433061047196,5,0,"{""age"":0.5097937652934198,""blood_pressure"":0.49020623470658026,""bmi"":0.0,""glucose"":0.0,""insulin"":0.0}"
R_7PXJzeq2Mm9tJDC,diabetes,attribution,7,130103,No Diabetes,No Diabetes,1,attribution,No Diabetes,0.53147804833444,0.6320933833993614,0.21951281919250534,1,0.12607893979266355,6,0,"{""age"":0.5139612146042576,""blood_pressure"":0.48603878539574236,""bmi"":0.0,""glucose"":0.0,""insulin"":0.0}"
R_7PXJzeq2Mm9tJDC,diabetes,attribution,7,130103,No Diabetes,No Diabetes,1,exemplar,Diabetes,0.495388053800359,0.7024138764680167,0.2546332162473894,0,-0.009223892399282008,6,0,"{""age"":0.5139612146042576,""blood_pressure"":0.48603878539574236,""bmi"":0.0,""glucose"":0.0,""insulin"":0.0}"
R_7PXJzeq2Mm9tJDC,diabetes,attribution,7,130103,No Diabetes,No Diabetes,1,prototype,Diabetes,0.49486507808521224,0.7034701230920949,0.2551612893378588,0,-0.020540409809696014,6,0,"{""age"":0.5139612146042576,""blood_pressure"":0.48603878539574236,""bmi"":0.0,""glucose"":0.0,""insulin"":0.0}"
R_7PXJzeq2Mm9tJDC,diabetes,attribution,8,130102,Diabetes,Diabetes,1,attribution,Diabetes,0.6035656466114081,0.5049004678707927,0.15716019654663096,1,-0.4203443489681087,7,0,"{""age"":0.4405381839465065,""blood_pressure"":0.4166046731963506,""bmi"":0.0,""glucose"":0.05807944528134844,""insulin"":0.08477769757579443}"
R_7PXJzeq2Mm9tJDC,diabetes,attribution,8,130102,Diabetes,Diabetes,1,exemplar,No Diabetes,0.45977914501534933,0.7770090243251329,0.291838572160347,0,0.08044170996930133,7,0,"{""age"":0.4405381839465065,""blood_pressure"":0.4166046731963506,""bmi"":0.0,""glucose"":0.05807944528134844,""insulin"":0.08477769757579443}"
R_7PXJzeq2Mm9tJDC,diabetes,attribution,8,130102,Diabetes,Diabetes,1,prototype,Diabetes,0.5047358079938012,0.6837201390863078,0.2452866198835528,1,-0.018943798481010132,7,0,"{""age"":0.4405381839465065,""blood_pressure"":0.4166046731963506,""bmi"":0.0,""glucose"":0.05807944528134844,""insulin"":0.08477769757579443}"
R_7PXJzeq2Mm9tJDC,diabetes,attribution,9,130104,No Diabetes,No Diabetes,1,attribution,No Diabetes,0.5117513961052015,0.6699163263444077,0.23838669920521985,1,0.04701424229148381,8,0,"{""age"":0.38547091095319325,""blood_pressure"":0.3645290890468068,""bmi"":0.0,""glucose"":0.1265855820996881,""insulin"":0.12341441790031193}"
R_7PXJzeq2Mm9tJDC,diabetes,attribution,9,130104,No Diabetes,No Diabetes,1,exemplar,No Diabetes,0.5055669827429269,0.682074741401042,0.24446400855393316,1,0.01113396548585377,8,0,"{""age"":0.38547091095319325,""blood_pressure"":0.3645290890468068,""bmi"":0.0,""glucose"":0.1265855820996881,""insulin"":0.12341441790031193}"
R_7PXJzeq2Mm9tJDC,diabetes,attribution,9,130104,No Diabetes,No Diabetes,1,prototype,Diabetes,0.49694748072177275,0.6992709310612566,0.2530618371521712,0,-0.012210228812247356,8,0,"{""age"":0.38547091095319325,""blood_pressure"":0.3645290890468068,""bmi"":0.0,""glucose"":0.1265855820996881,""insulin"":0.12341441790031193}"
R_7PXJzeq2Mm9tJDC,diabetes,attribution,10,130101,No Diabetes,Diabetes,0,attribution,Diabetes,0.47680600171404147,0.7406455758227157,0.27373195984244764,0,-0.09284262575179189,9,0,"{""age"":0.3426408097361717,""blood_pressure"":0.3240258569304949,""bmi"":0.0,""glucose"":0.15547290603498518,""insulin"":0.17786042729834814}"
R_7PXJzeq2Mm9tJDC,diabetes,attribution,10,130101,No Diabetes,Diabetes,0,exemplar,No Diabetes,0.5308440688891306,0.6332869564414649,0.22010728769650684,1,0.06168813777826121,9,0,"{""age"":0.3426408097361717,""blood_pressure"":0.3240258569304949,""bmi"":0.0,""glucose"":0.15547290603498518,""insulin"":0.17786042729834814}"
R_7PXJzeq2Mm9tJDC,diabetes,attribution,10,130101,No Diabetes,Diabetes,0,prototype,Diabetes,0.476527687091556,0.7412294524519805,0.27402326238171587,0,-0.09395831395475188,9,0,"{""age"":0.3426408097361717,""blood_pressure"":0.3240258569304949,""bmi"":0.0,""glucose"":0.15547290603498518,""insulin"":0.17786042729834814}"
R_7PXJzeq2Mm9tJDC,diabetes,attribution,11,130105,No Diabetes,No Diabetes,1,attribution,No Diabetes,0.5350862638033952,0.625327304330014,0.21614478210428625,1,0.14057609983022337,10,0,"{""age"":0.30837672876255456,""blood_pressure"":0.2916232712374454,""bmi"":0.0,""glucose"":0.19450669754150388,""insulin"":0.2054933024584961}"
R_7PXJzeq2Mm9tJDC,diabetes,attribution,11,130105,No Diabetes,No Diabetes,1,exemplar,Diabetes,0.49337453187528435,0.7064866938208897,0.2566693649525873,0,-0.0132509362494313,10,0,"{""age"":0.30837672876255456,""blood_pressure"":0.2916232712374454,""bmi"":0.0,""glucose"":0.19450669754150388,""insulin"":0.2054933024584961}"
R_7PXJzeq2Mm9tJDC,diabetes,attribution,11,130105,No Diabetes,No Diabetes,1,prototype,Diabetes,0.49248664118846,0.7082879432283057,0.257569809372171,0,-0.030055697597032513,10,0,"{""age"":0.30837672876255456,""blood_pressure"":0.2916232712374454,""bmi"":0.0,""glucose"":0.19450669754150388,""insulin"":0.2054933024584961}"
R_7PXJzeq2Mm9tJDC,diabetes,attribution,12,130100,Diabetes,Diabetes,1,attribution,Diabetes,0.5532531094864359,0.5919396796665267,0.19958278418353848,1,-0.21382340553854004,11,0,"{""age"":0.2803424806932314,""blood_pressure"":0.265112064761314,""bmi"":0.0,""glucose"":0.2557704956145091,""insulin"":0.19877495893094543}"
R_7PXJzeq2Mm9tJDC,diabetes,attribution,12,130100,Diabetes,Diabetes,1,exemplar,No Diabetes,0.46720120844070984,0.7609952609117264,0.2838745522870401,0,0.0655975831185805,11,0,"{""age"":0.2803424806932314,""blood_pressure"":0.265112064761314,""bmi"":0.0,""glucose"":0.2557704956145091,""insulin"":0.19877495893094543}"
R_7PXJzeq2Mm9tJDC,diabetes,attribution,12,130100,Diabetes,Diabetes,1,prototype,No Diabetes,0.4977468517288158,0.6976636610627248,0.2522582249483161,0,0.009012654090847172,11,0,"{""age"":0.2803424806932314,""blood_pressure"":0.265112064761314,""bmi"":0.0,""glucose"":0.2557704956145091,""insulin"":0.19877495893094543}"
R_1bZVUxPBbbRCo4S,diabetes,counterfactual,1,130109,No Diabetes,No Diabetes,1,attribution,Diabetes,0.5,0.6931471805599453,0.25,0,0.0,0,0,"{""age"":0.2,""blood_pressure"":0.2,""bmi"":0.2,""glucose"":0.2,""insulin"":0.2}"
R_1bZVUxPBbbRCo4S,diabetes,counterfactual,1,130109,No Diabetes,No Diabetes,1,exemplar,Diabetes,0.5,0.6931471805599453,0.25,0,0.0,0,0,"{""age"":0.2,""blood_pressure"":0.2,""bmi"":0.2,""glucose"":0.2,""insulin"":0.2}"
R_1bZVUxPBbbRCo4S,diabetes,counterfactual,1,130109,No Diabetes,No Diabetes,1,prototype,Diabetes,0.5,0.6931471805599453,0.25,0,0.0,0,0,"{""age"":0.2,""blood_pressure"":0.2,""bmi"":0.2,""glucose"":0.2,""insulin"":0.2}"
R_1bZVUxPBbbRCo4S,diabetes,counterfactual,2,130107,No Diabetes,Diabetes,0,attribution,No Diabetes,0.5159684219030483,0.6617097132355495,0.2342865685950255,1,0.06389541715628672,2,1,"{""age"":0.5,""blood_pressure"":0.5,""bmi"":0.0,""glucose"":0.0,""insulin"":0.0}"
R_1bZVUxPBbbRCo4S,diabetes,counterfactual,2,130107,No Diabetes,Diabetes,0,exemplar,Diabetes,0.4996889747042085,0.6937694247052686,0.25031112203252615,0,-0.0006220505915830454,2,1,"{""age"":0.5,""blood_pressure"":0.5,""bmi"":0.0,""glucose"":0.0,""insulin"":0.0}"
R_1bZVUxPBbbRCo4S,diabetes,counterfactual,2,130107,No Diabetes,Diabetes,0,prototype,Diabetes,0.4993390133110196,0.694470028515576,0.2506614235923834,0,-0.0026439482961221616,2,1,"{""age"":0.5,""blood_pressure"":0.5,""bmi"":0.0,""glucose"":0.0,""insulin"":0.0}"
R_1bZVUxPBbbRCo4S,diabetes,counterfactual,3,130108,Diabetes,Diabetes,1,attribution,Diabetes,0.5097850313778332,0.6737661492251429,0.24031071546123198,1,-0.03914512338425383,4,2,"{""age"":0.5,""blood_pressure"":0.5,""bmi"":0.0,""glucose"":0.0,""insulin"":0.0}"
R_1bZVUxPBbbRCo4S,diabetes,counterfactual,3,130108,Diabetes,Diabetes,1,exemplar,Diabetes,0.5095867317104461,0.6741552117380923,0.24050517371444202,1,-0.019173463420892156,4,2,"{""age"":0.5,""blood_pressure"":0.5,""bmi"":0.0,""glucose"":0.0,""insulin"":0.0}"
R_1bZVUxPBbbRCo4S,diabetes,counterfactual,3,130108,Diabetes,Diabetes,1,prototype,Diabetes,0.5135102241134046,0.6664853391721967,0.23667230204218973,1,-0.05405405405405406,4,2,"{""age"":0.5,""blood_pressure"":0.5,""bmi"":0.0,""glucose"":0.0,""insulin"":0.0}"
R_1bZVUxPBbbRCo4S,diabetes,counterfactual,4,130106,No Diabetes,Diabetes,0,attribution,No Diabetes,0.5497031096622786,0.5983769471144619,0.20276728944782185,1,0.19947121034077558,6,3,"{""age"":0.5,""blood_pressure"":0.5,""bmi"":0.0,""glucose"":0.0,""insulin"":0.0}"
R_1bZVUxPBbbRCo4S,diabetes,counterfactual,4,130106,No Diabetes,Diabetes,0,exemplar,No Diabetes,0.5093371828746247,0.6746450399524249,0.24075000010940947,1,0.018674365749249522,6,3,"{""age"":0.5,""blood_pressure"":0.5,""bmi"":0.0,""glucose"":0.0,""insulin"":0.0}"
R_1bZVUxPBbbRCo4S,diabetes,counterfactual,4,130106,No Diabetes,Diabetes,0,prototype,No Diabetes,0.5202958337048024,0.6533577182043849,0.23011608716097062,1,0.08122796709753234,6,3,"{""age"":0.5,""blood_pressure"":0.5,""bmi"":0.0,""glucose"":0.0,""insulin"":0.0}"
R_1bZVUxPBbbRCo4S,diabetes,counterfactual,5,130111,Diabetes,No Diabetes,0,attribution,No Diabetes,0.499770490615414,0.6936063047104818,0.2502295620591436,0,0.0009180376028202208,8,4,"{""age"":0.5,""blood_pressure"":0.5,""bmi"":0.0,""glucose"":0.0,""insulin"":0.0}"
R_1bZVUxPBbbRCo4S,diabetes,counterfactual,5,130111,Diabetes,No Diabetes,0,exemplar,No Diabetes,0.49848437682929625,0.6961830304338584,0.2515179202842992,0,0.00303124634140739,8,4,"{""age"":0.5,""blood_pressure"":0.5,""bmi"":0.0,""glucose"":0.0,""insulin"":0.0}"
R_1bZVUxPBbbRCo4S,diabetes,counterfactual,5,130111,Diabetes,No Diabetes,0,prototype,No Diabetes,0.4957771274380174,0.7016287930833153,0.25424070521465736,0,0.016891891891891886,8,4,"{""age"":0.5,""blood_pressure"":0.5,""bmi"":0.0,""glucose"":0.0,""insulin"":0.0}"
R_1bZVUxPBbbRCo4S,diabetes,counterfactual,6,130110,Diabetes,No Diabetes,0,attribution,No Diabetes,0.44036309138856444,0.820155684665225,0.3131934694801643,0,0.2396886016451234,10,5,"{""age"":0.5,""blood_pressure"":0.5,""bmi"":0.0,""glucose"":0.0,""insulin"":0.0}"
R_1bZVUxPBbbRCo4S,diabetes,counterfactual,6,130110,Diabetes,No Diabetes,0,exemplar,No Diabetes,0.4890284758007438,0.7153345584813666,0.261091898542511,0,0.021943048398512355,10,5,"{""age"":0.5,""blood_pressure"":0.5,""bmi"":0.0,""glucose"":0.0,""insulin"":0.0}"
R_1bZVUxPBbbRCo4S,diabetes,counterfactual,6,130110,Diabetes,No Diabetes,0,prototype,No Diabetes,0.4844351129660486,0.724771782386842,0.2658071527423312,0,0.06227967097532319,10,5,"{""age"":0.5,""blood_pressure"":0.5,""bmi"":0.0,""glucose"":0.0,""insulin"":0.0}"
R_1bZVUxPBbbRCo4S,diabetes,counterfactual,7,130101,Diabetes,Diabetes,1,attribution,Diabetes,0.5383353106847447,0.6192736589016387,0.21313428536055118,1,-0.15364277320799063,12,6,"{""age"":0.5,""blood_pressure"":0.5,""bmi"":0.0,""glucose"":0.0,""insulin"":0.0}"
R_1bZVUxPBbbRCo4S,diabetes,counterfactual,7,130101,Diabetes,Diabetes,1,exemplar,Diabetes,0.5034939370908201,0.6861836084236859,0.24651827050557443,1,-0.006987874181640319,12,6,"{""age"":0.5,""blood_pressure"":0.5,""bmi"":0.0,""glucose"":0.0,""insulin"":0.0}"
R_1bZVUxPBbbRCo4S,diabetes,counterfactual,7,130101,Diabetes,Diabetes,1,prototype,Diabetes,0.5118221205323636,0.6697781351424565,0.23831764200151803,1,-0.047297297297297286,12,6,"{""age"":0.5,""blood_pressure"":0.5,""bmi"":0.0,""glucose"":0.0,""insulin"":0.0}"
R_1bZVUxPBbbRCo4S,diabetes,counterfactual,8,130105,Diabetes,No Diabetes,0,attribution,Diabetes,0.514983399807545,0.6636206122213153,0.2352411024622477,1,-0.059951549208137896,14,7,"{""age"":0.42857142857142855,""blood_pressure"":0.42857142857142855,""bmi"":0.0,""glucose"":0.07142857142857142,""insulin"":0.07142857142857142}"
R_1bZVUxPBbbRCo4S,diabetes,counterfactual,8,130105,Diabetes,No Diabetes,0,exemplar,Diabetes,0.5067239339352174,0.6797889326933331,0.24332127735234774,1,-0.013447867870434838,14,7,"{""age"":0.42857142857142855,""blood_pressure"":0.42857142857142855,""bmi"":0.0,""glucose"":0.07142857142857142,""insulin"":0.07142857142857142}"
R_1bZVUxPBbbRCo4S,diabetes,counterfactual,8,130105,Diabetes,No Diabetes,0,prototype,Diabetes,0.5130409928035913,0.6673995290046384,0.23712907468971192,1,-0.052175804572434786,14,7,"{""age"":0.42857142857142855,""blood_pressure"":0.42857142857142855,""bmi"":0.0,""glucose"":0.07142857142857142,""insulin"":0.07142857142857142}"
R_1bZVUxPBbbRCo4S,diabetes,counterfactual,9,130104,No Diabetes,No Diabetes,1,attribution,No Diabetes,0.5443687639518248,0.6081283868681713,0.20759982326278797,1,0.17794310264487057,16,8,"{""age"":0.375,""blood_pressure"":0.375,""bmi"":0.0,""glucose"":0.125,""insulin"":0.125}"
R_1bZVUxPBbbRCo4S,diabetes,counterfactual,9,130104,No Diabetes,No Diabetes,1,exemplar,No Diabetes,0.5041770058692889,0.6848278704461929,0.24584044150874315,1,0.00835401173857786,16,8,"{""age"":0.375,""blood_pressure"":0.375,""bmi"":0.0,""glucose"":0.125,""insulin"":0.125}"
R_1bZVUxPBbbRCo4S,diabetes,counterfactual,9,130104,No Diabetes,No Diabetes,1,prototype,No Diabetes,0.507986247888383,0.6773009028559439,0.24207753226695172,1,0.03194770857814336,16,8,"{""age"":0.375,""blood_pressure"":0.375,""bmi"":0.0,""glucose"":0.125,""insulin"":0.125}"
R_1bZVUxPBbbRCo4S,diabetes,counterfactual,10,130100,No Diabetes,Diabetes,0,attribution,No Diabetes,0.5020228236752405,0.6891096948354049,0.24798126814038057,1,0.008091338845510485,18,9,"{""age"":0.3333333333333333,""blood_pressure"":0.3333333333333333,""bmi"":0.0,""glucose"":0.16666666666666666,""insulin"":0.16666666666666666}"
R_1bZVUxPBbbRCo4S,diabetes,counterfactual,10,130100,No Diabetes,Diabetes,0,exemplar,Diabetes,0.4984848640874266,0.6961820529550952,0.2515174315494069,0,-0.0030302718251467575,18,9,"{""age"":0.3333333333333333,""blood_pressure"":0.3333333333333333,""bmi"":0.0,""glucose"":0.16666666666666666,""insulin"":0.16666666666666666}"
R_1bZVUxPBbbRCo4S,diabetes,counterfactual,10,130100,No Diabetes,Diabetes,0,prototype,Diabetes,0.4995593420647353,0.6940288850176354,0.25044085211468065,0,-0.0017626321974148207,18,9,"{""age"":0.3333333333333333,""blood_pressure"":0.3333333333333333,""bmi"":0.0,""glucose"":0.16666666666666666,""insulin"":0.16666666666666666}"
R_1bZVUxPBbbRCo4S,diabetes,counterfactual,11,130103,Diabetes,No Diabetes,0,attribution,Diabetes,0.5089917162979571,0.6753235370277832,0.24108913466402582,1,-0.035970743218558136,20,10,"{""age"":0.3,""blood_pressure"":0.3,""bmi"":0.0,""glucose"":0.2,""insulin"":0.2}"
R_1bZVUxPBbbRCo4S,diabetes,counterfactual,11,130103,Diabetes,No Diabetes,0,exemplar,Diabetes,0.502773868962244,0.6876147746542868,0.2472338253867758,1,-0.005547737924487872,20,10,"{""age"":0.3,""blood_pressure"":0.3,""bmi"":0.0,""glucose"":0.2,""insulin"":0.2}"
R_1bZVUxPBbbRCo4S,diabetes,counterfactual,11,130103,Diabetes,No Diabetes,0,prototype,Diabetes,0.5026346515446992,0.6878917116716184,0.2473722898440627,1,-0.010538703717171888,20,10,"{""age"":0.3,""blood_pressure"":0.3,""bmi"":0.0,""glucose"":0.2,""insulin"":0.2}"
R_1bZVUxPBbbRCo4S,diabetes,counterfactual,12,130102,Diabetes,Diabetes,1,attribution,Diabetes,0.6081634227619284,0.49731164569545944,0.15353590326164732,1,-0.43959877522184987,22,11,"{""age"":0.2727272727272727,""blood_pressure"":0.2727272727272727,""bmi"":0.0,""glucose"":0.22727272727272727,""insulin"":0.22727272727272727}"
R_1bZVUxPBbbRCo4S,diabetes,counterfactual,12,130102,Diabetes,Diabetes,1,exemplar,Diabetes,0.5032595060662965,0.6866493252888314,0.2467511183134997,1,-0.006519012132593094,22,11,"{""age"":0.2727272727272727,""blood_pressure"":0.2727272727272727,""bmi"":0.0,""glucose"":0.22727272727272727,""insulin"":0.22727272727272727}"
R_1bZVUxPBbbRCo4S,diabetes,counterfactual,12,130102,Diabetes,Diabetes,1,prototype,Diabetes,0.5025617365493491,0.6880367877907563,0.2474448259447991,1,-0.010247035859508036,22,11,"{""age"":0.2727272727272727,""blood_pressure"":0.2727272727272727,""bmi"":0.0,""glucose"":0.22727272727272727,""insulin"":0.22727272727272727}"
R_1ss9Kw3pIQ85a0x,diabetes,counterfactual,1,130104,No Diabetes,No Diabetes,1,attribution,Diabetes,0.5,0.6931471805599453,0.25,0,0.0,0,0,"{""age"":0.2,""blood_pressure"":0.2,""bmi"":0.2,""glucose"":0.2,""insulin"":0.2}"
R_1ss9Kw3pIQ85a0x,diabetes,counterfactual,1,130104,No Diabetes,No Diabetes,1,exemplar,Diabetes,0.5,0.6931471805599453,0.25,0,0.0,0,0,"{""age"":0.2,""blood_pressure"":0.2,""bmi"":0.2,""glucose"":0.2,""insulin"":0.2}"
R_1ss9Kw3pIQ85a0x,diabetes,counterfactual,1,130104,No Diabetes,No Diabetes,1,prototype,Diabetes,0.5,0.6931471805599453,0.25,0,0.0,0,0,"{""age"":0.2,""blood_pressure"":0.2,""bmi"":0.2,""glucose"":0.2,""insulin"":0.2}"
R_1ss9Kw3pIQ85a0x,diabetes,counterfactual,2,130101,Diabetes,Diabetes,1,attribution,Diabetes,0.5130529098044156,0.667376301109424,0.2371174686499465,1,-0.05222350505459941,2,1,"{""age"":0.0,""blood_pressure"":0.0,""bmi"":0.0,""glucose"":0.5,""insulin"":0.5}"
R_1ss9Kw3pIQ85a0x,diabetes,counterfactual,2,130101,Diabetes,Diabetes,1,exemplar,No Diabetes,0.4986958196667814,0.6957589489260286,0.2513058812195601,0,0.0026083606664371595,2,1,"{""age"":0.0,""blood_pressure"":0.0,""bmi"":0.0,""glucose"":0.5,""insulin"":0.5}"
R_1ss9Kw3pIQ85a0x,diabetes,counterfactual,2,130101,Diabetes,Diabetes,1,prototype,No Diabetes,0.4972594477384231,0.6986433614518346,0.25274806288827545,0,0.010962318825699743,2,1,"{""age"":0.0,""blood_pressure"":0.0,""bmi"":0.0,""glucose"":0.5,""insulin"":0.5}"
R_1ss9Kw3pIQ85a0x,diabetes,counterfactual,3,130103,No Diabetes,No Diabetes,1,attribution,No Diabetes,0.5300360926048105,0.634810175500259,0.2208660742541542,1,0.12028920450268266,4,2,"{""age"":0.0,""blood_pressure"":0.0,""bmi"":0.0,""glucose"":0.5,""insulin"":0.5}"
R_1ss9Kw3pIQ85a0x,diabetes,counterfactual,3,130103,No Diabetes,No Diabetes,1,exemplar,No Diabetes,0.5048894751073245,0.6834157348339938,0.24513443185950062,1,0.009778950214649085,4,2,"{""age"":0.0,""blood_pressure"":0.0,""bmi"":0.0,""glucose"":0.5,""insulin"":0.5}"
R_1ss9Kw3pIQ85a0x,diabetes,counterfactual,3,130103,No Diabetes,No Diabetes,1,prototype,No Diabetes,0.5056605838703707,0.6818896176350342,0.24437145833938279,1,0.022643302903163534,4,2,"{""age"":0.0,""blood_pressure"":0.0,""bmi"":0.0,""glucose"":0.5,""insulin"":0.5}"
R_1ss9Kw3pIQ85a0x,diabetes,counterfactual,4,130105,No Diabetes,No Diabetes,1,attribution,No Diabetes,0.5500671776305123,0.597714867067857,0.202439544645373,1,0.20094212391718452,6,3,"{""age"":0.0,""blood_pressure"":0.0,""bmi"":0.0,""glucose"":0.5,""insulin"":0.5}"
R_1ss9Kw3pIQ85a0x,diabetes,counterfactual,4,130105,No Diabetes,No Diabetes,1,exemplar,No Diabetes,0.5067500970458181,0.6797373021437448,0.24329546676430988,1,0.013500194091636109,6,3,"{""age"":0.0,""blood_pressure"":0.0,""bmi"":0.0,""glucose"":0.5,""insulin"":0.5}"
R_1ss9Kw3pIQ85a0x,diabetes,counterfactual,4,130105,No Diabetes,No Diabetes,1,prototype,No Diabetes,0.5065072875559468,0.680216567329884,0.243535057235389,1,0.02603061997173642,6,3,"{""age"":0.0,""blood_pressure"":0.0,""bmi"":0.0,""glucose"":0.5,""insulin"":0.5}"
R_1ss9Kw3pIQ85a0x,diabetes,counterfactual,5,130100,Diabetes,Diabetes,1,attribution,Diabetes,0.5678529433174125,0.5658927963922415,0.18675107859942347,1,-0.27309654328430844,8,4,"{""age"":0.0,""blood_pressure"":0.0,""bmi"":0.0,""glucose"":0.5,""insulin"":0.5}"
R_1ss9Kw3pIQ85a0x,diabetes,counterfactual,5,130100,Diabetes,Diabetes,1,exemplar,Diabetes,0.5090263460599657,0.6752555033389867,0.24105512886322866,1,-0.01805269211993127,8,4,"{""age"":0.0,""blood_pressure"":0.0,""bmi"":0.0,""glucose"":0.5,""insulin"":0.5}"
R_1ss9Kw3pIQ85a0x,diabetes,counterfactual,5,130100,Diabetes,Diabetes,1,prototype,Diabetes,0.5125536541765423,0.668349882373122,0.2376039400566419,1,-0.05022517207746027,8,4,"{""age"":0.0,""blood_pressure"":0.0,""bmi"":0.0,""glucose"":0.5,""insulin"":0.5}"
R_1ss9Kw3pIQ85a0x,diabetes,counterfactual,6,130102,Diabetes,Diabetes,1,attribution,Diabetes,0.671469334046004,0.3982869319008125,0.10793239847217614,1,-0.7148381620555044,10,5,"{""age"":0.0,""blood_pressure"":0.0,""bmi"":0.0,""glucose"":0.5,""insulin"":0.5}"
R_1ss9Kw3pIQ85a0x,diabetes,counterfactual,6,130102,Diabetes,Diabetes,1,exemplar,Diabetes,0.5078834179398601,0.6775033499853996,0.2421787303385543,1,-0.01576683587972033,10,5,"{""age"":0.0,""blood_pressure"":0.0,""bmi"":0.0,""glucose"":0.5,""insulin"":0.5}"
R_1ss9Kw3pIQ85a0x,diabetes,counterfactual,6,130102,Diabetes,Diabetes,1,prototype,Diabetes,0.5151361726330048,0.6633240003897045,0.2350929310889712,1,-0.0605631953932263,10,5,"{""age"":0.0,""blood_pressure"":0.0,""bmi"":0.0,""glucose"":0.5,""insulin"":0.5}"
R_1ss9Kw3pIQ85a0x,diabetes,counterfactual,7,130109,Diabetes,No Diabetes,0,attribution,Diabetes,0.5430926777408501,0.6104752963727699,0.20876430113402664,1,-0.17279940821287637,12,6,"{""age"":0.0,""blood_pressure"":0.0,""bmi"":0.0,""glucose"":0.5833333333333334,""insulin"":0.4166666666666667}"
R_1ss9Kw3pIQ85a0x,diabetes,counterfactual,7,130109,Diabetes,No Diabetes,0,exemplar,Diabetes,0.5054625456788286,0.6822813368792823,0.2445672937264647,1,-0.010925091357657235,12,6,"{""age"":0.0,""blood_pressure"":0.0,""bmi"":0.0,""glucose"":0.5833333333333334,""insulin"":0.4166666666666667}"
R_1ss9Kw3pIQ85a0x,diabetes,counterfactual,7,130109,Diabetes,No Diabetes,0,prototype,Diabetes,0.5066465315153145,0.6799416950298969,0.2433976448658696,1,-0.026587692199093835,12,6,"{""age"":0.0,""blood_pressure"":0.0,""bmi"":0.0,""glucose"":0.5833333333333334,""insulin"":0.4166666666666667}"
R_1ss9Kw3pIQ85a0x,diabetes,counterfactual,8,130107,No Diabetes,Diabetes,0,attribution,No Diabetes,0.5442442426843912,0.6083571573627686,0.2077133103263241,1,0.17744107552248492,14,7,"{""age"":0.07142857142857142,""blood_pressure"":0.07142857142857142,""bmi"":0.0,""glucose"":0.5,""insulin"":0.35714285714285715}"
R_1ss9Kw3pIQ85a0x,diabetes,counterfactual,8,130107,No Diabetes,Diabetes,0,exemplar,No Diabetes,0.5014070106509035,0.6903371112039113,0.2485949690280682,1,0.0028140213018071347,14,7,"{""age"":0.07142857142857142,""blood_pressure"":0.07142857142857142,""bmi"":0.0,""glucose"":0.5,""insulin"":0.35714285714285715}"
R_1ss9Kw3pIQ85a0x,diabetes,counterfactual,8,130107,No Diabetes,Diabetes,0,prototype,No Diabetes,0.5056821125180471,0.6818470432480208,0.24435017388462069,1,0.02272942857453241,14,7,"{""age"":0.07142857142857142,""blood_pressure"":0.07142857142857142,""bmi"":0.0,""glucose"":0.5,""insulin"":0.35714285714285715}"
R_1ss9Kw3pIQ85a0x,diabetes,counterfactual,9,130106,No Diabetes,Diabetes,0,attribution,No Diabetes,0.5267293222904031,0.641068482330989,0.2239851343797011,1,0.10701931452183301,16,8,"{""age"":0.125,""blood_pressure"":0.125,""bmi"":0.0,""glucose"":0.4375,""insulin"":0.3125}"
R_1ss9Kw3pIQ85a0x,diabetes,counterfactual,9,130106,No Diabetes,Diabetes,0,exemplar,No Diabetes,0.5014827073300167,0.6901861540689449,0.24851949109100982,1,0.00296541466003325,16,8,"{""age"":0.125,""blood_pressure"":0.125,""bmi"":0.0,""glucose"":0.4375,""insulin"":0.3125}"
R_1ss9Kw3pIQ85a0x,diabetes,counterfactual,9,130106,No Diabetes,Diabetes,0,prototype,No Diabetes,0.5014780362353115,0.6901954686801799,0.2485241483558014,1,0.005912162162162164,16,8,"{""age"":0.125,""blood_pressure"":0.125,""bmi"":0.0,""glucose"":0.4375,""insulin"":0.3125}"
R_1ss9Kw3pIQ85a0x,diabetes,counterfactual,10,130111,Diabetes,No Diabetes,0,attribution,Diabetes,0.5114355882775508,0.6705336286410544,0.23869518440170284,1,-0.045750331414474564,18,9,"{""age"":0.16666666666666666,""blood_pressure"":0.16666666666666666,""bmi"":0.0,""glucose"":0.3888888888888889,""insulin"":0.2777777777777778}"
R_1ss9Kw3pIQ85a0x,diabetes,counterfactual,10,130111,Diabetes,No Diabetes,0,exemplar,Diabetes,0.502769584595492,0.687623296149279,0.24723808600333966,1,-0.005539169190983961,18,9,"{""age"":0.16666666666666666,""blood_pressure"":0.16666666666666666,""bmi"":0.0,""glucose"":0.3888888888888889,""insulin"":0.2777777777777778}"
R_1ss9Kw3pIQ85a0x,diabetes,counterfactual,10,130111,Diabetes,No Diabetes,0,prototype,Diabetes,0.5017575657262264,0.6896382127422885,0.24824552331105562,1,-0.007030291860779324,18,9,"{""age"":0.16666666666666666,""blood_pressure"":0.16666666666666666,""bmi"":0.0,""glucose"":0.3888888888888889,""insulin"":0.2777777777777778}"
R_1ss9Kw3pIQ85a0x,diabetes,counterfactual,11,130108,No Diabetes,Diabetes,0,attribution,No Diabetes,0.5095442155655715,0.6742386478166706,0.2405468764851906,1,0.03818150008782064,20,10,"{""age"":0.2,""blood_pressure"":0.2,""bmi"":0.0,""glucose"":0.35,""insulin"":0.25}"
R_1ss9Kw3pIQ85a0x,diabetes,counterfactual,11,130108,No Diabetes,Diabetes,0,exemplar,Diabetes,0.4988949557793287,0.695359714851108,0.2511062653434009,0,-0.0022100884413425725,20,10,"{""age"":0.2,""blood_pressure"":0.2,""bmi"":0.0,""glucose"":0.35,""insulin"":0.25}"
R_1ss9Kw3pIQ85a0x,diabetes,counterfactual,11,130108,No Diabetes,Diabetes,0,prototype,Diabetes,0.49987540526888913,0.6933964010750199,0.25012461025495786,0,-0.0004983789347593054,20,10,"{""age"":0.2,""blood_pressure"":0.2,""bmi"":0.0,""glucose"":0.35,""insulin"":0.25}"
R_1ss9Kw3pIQ85a0x,diabetes,counterfactual,12,130110,Diabetes,No Diabetes,0,attribution,No Diabetes,0.49712806086654715,0.6989076183366075,0.2528801871678391,0,0.011487882871526807,22,11,"{""age"":0.22727272727272727,""blood_pressure"":0.22727272727272727,""bmi"":0.0,""glucose"":0.3181818181818182,""insulin"":0.22727272727272727}"
R_1ss9Kw3pIQ85a0x,diabetes,counterfactual,12,130110,Diabetes,No Diabetes,0,exemplar,No Diabetes,0.4989951256260702,0.6951589515627569,0.2510058841464373,0,0.002009748747859752,22,11,"{""age"":0.22727272727272727,""blood_pressure"":0.22727272727272727,""bmi"":0.0,""glucose"":0.3181818181818182,""insulin"":0.22727272727272727}"
R_1ss9Kw3pIQ85a0x,diabetes,counterfactual,12,130110,Diabetes,No Diabetes,0,prototype,No Diabetes,0.4978013308761823,0.6975542155363851,0.25220350326973373,0,0.008794733182261066,22,11,"{""age"":0.22727272727272727,""blood_pressure"":0.22727272727272727,""bmi"":0.0,""glucose"":0.3181818181818182,""insulin"":0.22727272727272727}"
R_5ILPbRjMMu0htEd,diabetes,counterfactual,1,130105,Diabetes,No Diabetes,0,attribution,Diabetes,0.5,0.6931471805599453,0.25,1,0.0,0,0,"{""age"":0.2,""blood_pressure"":0.2,""bmi"":0.2,""glucose"":0.2,""insulin"":0.2}"
R_5ILPbRjMMu0htEd,diabetes,counterfactual,1,130105,Diabetes,No Diabetes,0,exemplar,Diabetes,0.5,0.6931471805599453,0.25,1,0.0,0,0,"{""age"":0.2,""blood_pressure"":0.2,""bmi"":0.2,""glucose"":0.2,""insulin"":0.2}"
R_5ILPbRjMMu0htEd,diabetes,counterfactual,1,130105,Diabetes,No Diabetes,0,prototype,Diabetes,0.5,0.6931471805599453,0.25,1,0.0,0,0,"{""age"":0.2,""blood_pressure"":0.2,""bmi"":0.2,""glucose"":0.2,""insulin"":0.2}"
R_5ILPbRjMMu0htEd,diabetes,counterfactual,2,130100,Diabetes,Diabetes,1,attribution,Diabetes,0.5966519580308938,0.5164213204641662,0.16268964296031188,1,-0.3915341415682248,2,1,"{""age"":0.0,""blood_pressure"":0.0,""bmi"":0.0,""glucose"":0.5,""insulin"":0.5}"
R_5ILPbRjMMu0htEd,diabetes,counterfactual,2,130100,Diabetes,Diabetes,1,exemplar,Diabetes,0.5086765281803023,0.6759429690075921,0.24139875396096128,1,-0.01735305636060458,2,1,"{""age"":0.0,""blood_pressure"":0.0,""bmi"":0.0,""glucose"":0.5,""insulin"":0.5}"
R_5ILPbRjMMu0htEd,diabetes,counterfactual,2,130100,Diabetes,Diabetes,1,prototype,Diabetes,0.5214993983302104,0.6510471582711981,0.22896282579835053,1,-0.08605065241059223,2,1,"{""age"":0.0,""blood_pressure"":0.0,""bmi"":0.0,""glucose"":0.5,""insulin"":0.5}"
R_5ILPbRjMMu0htEd,diabetes,counterfactual,3,130104,Diabetes,No Diabetes,0,attribution,No Diabetes,0.49113719670219136,0.7110317672002379,0.2589413525801043,0,0.035454926781142815,4,2,"{""age"":0.0,""blood_pressure"":0.0,""bmi"":0.0,""glucose"":0.5,""insulin"":0.5}"
R_5ILPbRjMMu0htEd,diabetes,counterfactual,3,130104,Diabetes,No Diabetes,0,exemplar,Diabetes,0.5044579449327015,0.6842708025586398,0.2455619283403216,1,-0.00891588986540287,4,2,"{""age"":0.0,""blood_pressure"":0.0,""bmi"":0.0,""glucose"":0.5,""insulin"":0.5}"
R_5ILPbRjMMu0htEd,diabetes,counterfactual,3,130104,Diabetes,No Diabetes,0,prototype,No Diabetes,0.49973431391720124,0.693678693953764,0.2502657566718933,0,0.0010627444312191758,4,2,"{""age"":0.0,""blood_pressure"":0.0,""bmi"":0.0,""glucose"":0.5,""insulin"":0.5}"
R_5ILPbRjMMu0htEd,diabetes,counterfactual,4,130103,No Diabetes,No Diabetes,1,attribution,No Diabetes,0.5280436003870251,0.6385764221945484,0.22274284313564202,1,0.11229224917007102,6,3,"{""age"":0.0,""blood_pressure"":0.0,""bmi"":0.0,""glucose"":0.5,""insulin"":0.5}"
R_5ILPbRjMMu0htEd,diabetes,counterfactual,4,130103,No Diabetes,No Diabetes,1,exemplar,No Diabetes,0.500112339702591,0.692922526391401,0.24988767291761782,1,0.00022467940518194895,6,3,"{""age"":0.0,""blood_pressure"":0.0,""bmi"":0.0,""glucose"":0.5,""insulin"":0.5}"
R_5ILPbRjMMu0htEd,diabetes,counterfactual,4,130103,No Diabetes,No Diabetes,1,prototype,No Diabetes,0.5122191275506721,0.669002762004037,0.23793017952742748,1,0.04888624383608228,6,3,"{""age"":0.0,""blood_pressure"":0.0,""bmi"":0.0,""glucose"":0.5,""insulin"":0.5}"
R_5ILPbRjMMu0htEd,diabetes,counterfactual,5,130102,Diabetes,Diabetes,1,attribution,Diabetes,0.6736427280358646,0.39505538570848586,0.1065090689638727,1,-0.7247071857253888,8,4,"{""age"":0.0,""blood_pressure"":0.0,""bmi"":0.0,""glucose"":0.5,""insulin"":0.5}"
R_5ILPbRjMMu0htEd,diabetes,counterfactual,5,130102,Diabetes,Diabetes,1,exemplar,Diabetes,0.5080984793847501,0.6770799931349117,0.24196710598359505,1,-0.016196958769500225,8,4,"{""age"":0.0,""blood_pressure"":0.0,""bmi"":0.0,""glucose"":0.5,""insulin"":0.5}"
R_5ILPbRjMMu0htEd,diabetes,counterfactual,5,130102,Diabetes,Diabetes,1,prototype,Diabetes,0.5110327405380827,0.6713216193278265,0.23908898082569782,1,-0.044138126486571116,8,4,"{""age"":0.0,""blood_pressure"":0.0,""bmi"":0.0,""glucose"":0.5,""insulin"":0.5}"
R_5ILPbRjMMu0htEd,diabetes,counterfactual,6,130101,Diabetes,Diabetes,1,attribution,No Diabetes,0.4864743087933535,0.720571186986137,0.26370863552926405,0,0.054115967682218,10,5,"{""age"":0.0,""blood_pressure"":0.0,""bmi"":0.0,""glucose"":0.6,""insulin"":0.4}"
R_5ILPbRjMMu0htEd,diabetes,counterfactual,6,130101,Diabetes,Diabetes,1,exemplar,No Diabetes,0.4996523326089042,0.6938427571994876,0.2503477882637105,0,0.0006953347821915257,10,5,"{""age"":0.0,""blood_pressure"":0.0,""bmi"":0.0,""glucose"":0.6,""insulin"":0.4}"
R_5ILPbRjMMu0htEd,diabetes,counterfactual,6,130101,Diabetes,Diabetes,1,prototype,No Diabetes,0.4931951739564411,0.7068502929051896,0.256851131701042,0,0.0272209849047265,10,5,"{""age"":0.0,""blood_pressure"":0.0,""bmi"":0.0,""glucose"":0.6,""insulin"":0.4}"
R_5ILPbRjMMu0htEd,diabetes,counterfactual,7,130109,Diabetes,No Diabetes,0,attribution,Diabetes,0.5430926777408501,0.6104752963727699,0.20876430113402664,1,-0.17279940821287637,12,6,"{""age"":0.0,""blood_pressure"":0.0,""bmi"":0.0,""glucose"":0.5833333333333334,""insulin"":0.4166666666666667}"
R_5ILPbRjMMu0htEd,diabetes,counterfactual,7,130109,Diabetes,No Diabetes,0,exemplar,Diabetes,0.5054625456788286,0.6822813368792823,0.24456729372646466,1,-0.01092509135765729,12,6,"{""age"":0.0,""blood_pressure"":0.0,""bmi"":0.0,""glucose"":0.5833333333333334,""insulin"":0.4166666666666667}"
R_5ILPbRjMMu0htEd,diabetes,counterfactual,7,130109,Diabetes,No Diabetes,0,prototype,Diabetes,0.5066465315153145,0.6799416950298969,0.2433976448658696,1,-0.026587692199093835,12,6,"{""age"":0.0,""blood_pressure"":0.0,""bmi"":0.0,""glucose"":0.5833333333333334,""insulin"":0.4166666666666667}"
R_5ILPbRjMMu0htEd,diabetes,counterfactual,8,130110,No Diabetes,No Diabetes,1,attribution,Diabetes,0.4745533734712744,0.7453811836514818,0.2760941573304181,0,-0.1018745228037621,14,7,"{""age"":0.07142857142857142,""blood_pressure"":0.07142857142857142,""bmi"":0.0,""glucose"":0.5,""insulin"":0.35714285714285715}"
R_5ILPbRjMMu0htEd,diabetes,counterfactual,8,130110,No Diabetes,No Diabetes,1,exemplar,Diabetes,0.49658871061161014,0.6999931395301302,0.2534229262836812,0,-0.00682257877677972,14,7,"{""age"":0.07142857142857142,""blood_pressure"":0.07142857142857142,""bmi"":0.0,""glucose"":0.5,""insulin"":0.35714285714285715}"
R_5ILPbRjMMu0htEd,diabetes,counterfactual,8,130110,No Diabetes,No Diabetes,1,prototype,Diabetes,0.49911144534193314,0.6949258708081101,0.2508893441874472,0,-0.003554222373821442,14,7,"{""age"":0.07142857142857142,""blood_pressure"":0.07142857142857142,""bmi"":0.0,""glucose"":0.5,""insulin"":0.35714285714285715}"
R_5ILPbRjMMu0htEd,diabetes,counterfactual,9,130111,No Diabetes,No Diabetes,1,attribution,Diabetes,0.4961608770591355,0.7008550559373985,0.2538538618058196,0,-0.015356793557144775,16,8,"{""age"":0.125,""blood_pressure"":0.125,""bmi"":0.0,""glucose"":0.4375,""insulin"":0.3125}"
R_5ILPbRjMMu0htEd,diabetes,counterfactual,9,130111,No Diabetes,No Diabetes,1,exemplar,Diabetes,0.49652947224473826,0.7001124372491021,0.25348257231816185,0,-0.006941055510523431,16,8,"{""age"":0.125,""blood_pressure"":0.125,""bmi"":0.0,""glucose"":0.4375,""insulin"":0.3125}"
R_5ILPbRjMMu0htEd,diabetes,counterfactual,9,130111,No Diabetes,No Diabetes,1,prototype,No Diabetes,0.500211148636097,0.692724972430149,0.24978889594764958,1,0.0008445945945945929,16,8,"{""age"":0.125,""blood_pressure"":0.125,""bmi"":0.0,""glucose"":0.4375,""insulin"":0.3125}"
R_5ILPbRjMMu0htEd,diabetes,counterfactual,10,130107,No Diabetes,Diabetes,0,attribution,No Diabetes,0.537673861997679,0.6205031071018507,0.21374545788014118,1,0.15098160343544687,18,9,"{""age"":0.16666666666666666,""blood_pressure"":0.16666666666666666,""bmi"":0.0,""glucose"":0.3888888888888889,""insulin"":0.2777777777777778}"
R_5ILPbRjMMu0htEd,diabetes,counterfactual,10,130107,No Diabetes,Diabetes,0,exemplar,No Diabetes,0.5007802398239806,0.691587917195191,0.24922036895020236,1,0.0015604796479611327,18,9,"{""age"":0.16666666666666666,""blood_pressure"":0.16666666666666666,""bmi"":0.0,""glucose"":0.3888888888888889,""insulin"":0.2777777777777778}"
R_5ILPbRjMMu0htEd,diabetes,counterfactual,10,130107,No Diabetes,Diabetes,0,prototype,No Diabetes,0.5066323812282008,0.6799696247281007,0.24341160725255542,1,0.026531081068421707,18,9,"{""age"":0.16666666666666666,""blood_pressure"":0.16666666666666666,""bmi"":0.0,""glucose"":0.3888888888888889,""insulin"":0.2777777777777778}"
R_5ILPbRjMMu0htEd,diabetes,counterfactual,11,130106,Diabetes,Diabetes,1,attribution,No Diabetes,0.46750598278339306,0.7603431329376491,0.2835498783714801,0,0.13015951620199828,20,10,"{""age"":0.2,""blood_pressure"":0.2,""bmi"":0.0,""glucose"":0.35,""insulin"":0.25}"
R_5ILPbRjMMu0htEd,diabetes,counterfactual,11,130106,Diabetes,Diabetes,1,exemplar,No Diabetes,0.49820879823528735,0.6967360162632508,0.2517944101684746,0,0.0035824035294253487,20,10,"{""age"":0.2,""blood_pressure"":0.2,""bmi"":0.0,""glucose"":0.35,""insulin"":0.25}"
R_5ILPbRjMMu0htEd,diabetes,counterfactual,11,130106,Diabetes,Diabetes,1,prototype,No Diabetes,0.49533883185837435,0.7025132417779475,0.25468289463007016,0,0.018645212705685237,20,10,"{""age"":0.2,""blood_pressure"":0.2,""bmi"":0.0,""glucose"":0.35,""insulin"":0.25}"
R_5ILPbRjMMu0htEd,diabetes,counterfactual,12,130108,Diabetes,Diabetes,1,attribution,No Diabetes,0.4927289862166385,0.707795979791419,0.25732388142479934,0,0.029086105534142856,22,11,"{""age"":0.22727272727272727,""blood_pressure"":0.22727272727272727,""bmi"":0.0,""glucose"":0.3181818181818182,""insulin"":0.22727272727272727}"
R_5ILPbRjMMu0htEd,diabetes,counterfactual,12,130108,Diabetes,Diabetes,1,exemplar,Diabetes,0.5016593077817534,0.6898340594484409,0.24834344552056115,1,-0.0033186155635068215,22,11,"{""age"":0.22727272727272727,""blood_pressure"":0.22727272727272727,""bmi"":0.0,""glucose"":0.3181818181818182,""insulin"":0.22727272727272727}"
R_5ILPbRjMMu0htEd,diabetes,counterfactual,12,130108,Diabetes,Diabetes,1,prototype,Diabetes,0.5009422512067069,0.6912644515935108,0.24905863663062966,1,-0.003769009288521249,22,11,"{""age"":0.22727272727272727,""blood_pressure"":0.22727272727272727,""bmi"":0.0,""glucose"":0.3181818181818182,""insulin"":0.22727272727272727}"
R_5O9qsyNMKTfTx41,diabetes,counterfactual,1,130105,No Diabetes,No Diabetes,1,attribution,Diabetes,0.5,0.6931471805599453,0.25,0,0.0,0,0,"{""age"":0.2,""blood_pressure"":0.2,""bmi"":0.2,""glucose"":0.2,""insulin"":0.2}"
R_5O9qsyNMKTfTx41,diabetes,counterfactual,1,130105,No Diabetes,No Diabetes,1,exemplar,Diabetes,0.5,0.6931471805599453,0.25,0,0.0,0,0,"{""age"":0.2,""blood_pressure"":0.2,""bmi"":0.2,""glucose"":0.2,""insulin"":0.2}"
R_5O9qsyNMKTfTx41,diabetes,counterfactual,1,130105,No Diabetes,No Diabetes,1,prototype,Diabetes,0.5,0.6931471805599453,0.25,0,0.0,0,0,"{""age"":0.2,""blood_pressure"":0.2,""bmi"":0.2,""glucose"":0.2,""insulin"":0.2}"
R_5O9qsyNMKTfTx41,diabetes,counterfactual,2,130104,No Diabetes,No Diabetes,1,attribution,Diabetes,0.46206511110981213,0.7720494646924184,0.2893739446852987,0,-0.1520317141803456,2,1,"{""age"":0.0,""blood_pressure"":0.0,""bmi"":0.0,""glucose"":0.5,""insulin"":0.5}"
R_5O9qsyNMKTfTx41,diabetes,counterfactual,2,130104,No Diabetes,No Diabetes,1,exemplar,Diabetes,0.4900609332069915,0.7132255421250622,0.2600378518417244,0,-0.019878133586016977,2,1,"{""age"":0.0,""blood_pressure"":0.0,""bmi"":0.0,""glucose"":0.5,""insulin"":0.5}"
R_5O9qsyNMKTfTx41,diabetes,counterfactual,2,130104,No Diabetes,No Diabetes,1,prototype,Diabetes,0.4785006016697895,0.73709781068179,0.2719616224587716,0,-0.08605065241059222,2,1,"{""age"":0.0,""blood_pressure"":0.0,""bmi"":0.0,""glucose"":0.5,""insulin"":0.5}"
R_5O9qsyNMKTfTx41,diabetes,counterfactual,3,130101,Diabetes,Diabetes,1,attribution,Diabetes,0.5342852147433171,0.626825472601711,0.21689026120667823,1,-0.13735640843851227,4,2,"{""age"":0.0,""blood_pressure"":0.0,""bmi"":0.0,""glucose"":0.5,""insulin"":0.5}"
R_5O9qsyNMKTfTx41,diabetes,counterfactual,3,130101,Diabetes,Diabetes,1,exemplar,Diabetes,0.5054400534833219,0.682325836112995,0.2445895406985794,1,-0.010880106966643877,4,2,"{""age"":0.0,""blood_pressure"":0.0,""bmi"":0.0,""glucose"":0.5,""insulin"":0.5}"
R_5O9qsyNMKTfTx41,diabetes,counterfactual,3,130101,Diabetes,Diabetes,1,prototype,Diabetes,0.5082841315592468,0.6767146736684776,0.24178449527644408,1,-0.03313955880973632,4,2,"{""age"":0.0,""blood_pressure"":0.0,""bmi"":0.0,""glucose"":0.5,""insulin"":0.5}"
R_5O9qsyNMKTfTx41,diabetes,counterfactual,4,130103,No Diabetes,No Diabetes,1,attribution,No Diabetes,0.5142564925906952,0.6650331251701014,0.23594675499029338,1,0.057041431759500744,6,3,"{""age"":0.0,""blood_pressure"":0.0,""bmi"":0.0,""glucose"":0.5,""insulin"":0.5}"
R_5O9qsyNMKTfTx41,diabetes,counterfactual,4,130103,No Diabetes,No Diabetes,1,exemplar,Diabetes,0.49989569267405787,0.6933558169748928,0.25010431820596035,0,-0.00020861465188415362,6,3,"{""age"":0.0,""blood_pressure"":0.0,""bmi"":0.0,""glucose"":0.5,""insulin"":0.5}"
R_5O9qsyNMKTfTx41,diabetes,counterfactual,4,130103,No Diabetes,No Diabetes,1,prototype,No Diabetes,0.5122191275506721,0.669002762004037,0.23793017952742748,1,0.04888624383608228,6,3,"{""age"":0.0,""blood_pressure"":0.0,""bmi"":0.0,""glucose"":0.5,""insulin"":0.5}"
R_5O9qsyNMKTfTx41,diabetes,counterfactual,5,130100,Diabetes,Diabetes,1,attribution,Diabetes,0.5678529433174125,0.5658927963922415,0.18675107859942347,1,-0.27309654328430844,8,4,"{""age"":0.0,""blood_pressure"":0.0,""bmi"":0.0,""glucose"":0.5,""insulin"":0.5}"
R_5O9qsyNMKTfTx41,diabetes,counterfactual,5,130100,Diabetes,Diabetes,1,exemplar,Diabetes,0.5090263460599657,0.6752555033389867,0.2410551288632286,1,-0.018052692119931324,8,4,"{""age"":0.0,""blood_pressure"":0.0,""bmi"":0.0,""glucose"":0.5,""insulin"":0.5}"
R_5O9qsyNMKTfTx41,diabetes,counterfactual,5,130100,Diabetes,Diabetes,1,prototype,Diabetes,0.5125536541765423,0.668349882373122,0.2376039400566419,1,-0.05022517207746027,8,4,"{""age"":0.0,""blood_pressure"":0.0,""bmi"":0.0,""glucose"":0.5,""insulin"":0.5}"
R_5O9qsyNMKTfTx41,diabetes,counterfactual,6,130102,Diabetes,Diabetes,1,attribution,Diabetes,0.671469334046004,0.3982869319008125,0.10793239847217614,1,-0.7148381620555044,10,5,"{""age"":0.0,""blood_pressure"":0.0,""bmi"":0.0,""glucose"":0.5,""insulin"":0.5}"
R_5O9qsyNMKTfTx41,diabetes,counterfactual,6,130102,Diabetes,Diabetes,1,exemplar,Diabetes,0.5078834179398601,0.6775033499853996,0.2421787303385543,1,-0.01576683587972033,10,5,"{""age"":0.0,""blood_pressure"":0.0,""bmi"":0.0,""glucose"":0.5,""insulin"":0.5}"
R_5O9qsyNMKTfTx41,diabetes,counterfactual,6,130102,Diabetes,Diabetes,1,prototype,Diabetes,0.5151361726330048,0.6633240003897045,0.2350929310889712,1,-0.0605631953932263,10,5,"{""age"":0.0,""blood_pressure"":0.0,""bmi"":0.0,""glucose"":0.5,""insulin"":0.5}"
R_5O9qsyNMKTfTx41,diabetes,counterfactual,7,130109,Diabetes,No Diabetes,0,attribution,Diabetes,0.5430926777408501,0.6104752963727699,0.20876430113402664,1,-0.17279940821287637,12,6,"{""age"":0.0,""blood_pressure"":0.0,""bmi"":0.0,""glucose"":0.5833333333333334,""insulin"":0.4166666666666667}"
R_5O9qsyNMKTfTx41,diabetes,counterfactual,7,130109,Diabetes,No Diabetes,0,exemplar,Diabetes,0.5054625456788286,0.6822813368792823,0.2445672937264647,1,-0.010925091357657235,12,6,"{""age"":0.0,""blood_pressure"":0.0,""bmi"":0.0,""glucose"":0.5833333333333334,""insulin"":0.4166666666666667}"
R_5O9qsyNMKTfTx41,diabetes,counterfactual,7,130109,Diabetes,No Diabetes,0,prototype,Diabetes,0.5066465315153145,0.6799416950298969,0.2433976448658696,1,-0.026587692199093835,12,6,"{""age"":0.0,""blood_pressure"":0.0,""bmi"":0.0,""glucose"":0.5833333333333334,""insulin"":0.4166666666666667}"
R_5O9qsyNMKTfTx41,diabetes,counterfactual,8,130107,No Diabetes,Diabetes,0,attribution,No Diabetes,0.5442442426843912,0.6083571573627686,0.2077133103263241,1,0.17744107552248492,14,7,"{""age"":0.07142857142857142,""blood_pressure"":0.07142857142857142,""bmi"":0.0,""glucose"":0.5,""insulin"":0.35714285714285715}"
R_5O9qsyNMKTfTx41,diabetes,counterfactual,8,130107,No Diabetes,Diabetes,0,exemplar,No Diabetes,0.5014070106509035,0.6903371112039113,0.2485949690280682,1,0.0028140213018071347,14,7,"{""age"":0.07142857142857142,""blood_pressure"":0.07142857142857142,""bmi"":0.0,""glucose"":0.5,""insulin"":0.35714285714285715}"
R_5O9qsyNMKTfTx41,diabetes,counterfactual,8,130107,No Diabetes,Diabetes,0,prototype,No Diabetes,0.5056821125180471,0.6818470432480208,0.24435017388462069,1,0.02272942857453241,14,7,"{""age"":0.07142857142857142,""blood_pressure"":0.07142857142857142,""bmi"":0.0,""glucose"":0.5,""insulin"":0.35714285714285715}"
R_5O9qsyNMKTfTx41,diabetes,counterfactual,9,130108,No Diabetes,Diabetes,0,attribution,No Diabetes,0.5170398144804087,0.6596353968384683,0.23325054079711804,1,0.06818566352522701,16,8,"{""age"":0.125,""blood_pressure"":0.125,""bmi"":0.0,""glucose"":0.4375,""insulin"":0.3125}"
R_5O9qsyNMKTfTx41,diabetes,counterfactual,9,130108,No Diabetes,Diabetes,0,exemplar,Diabetes,0.49993264763389267,0.6932818943656572,0.2500673569024486,0,-0.00013470473221455226,16,8,"{""age"":0.125,""blood_pressure"":0.125,""bmi"":0.0,""glucose"":0.4375,""insulin"":0.3125}"
R_5O9qsyNMKTfTx41,diabetes,counterfactual,9,130108,No Diabetes,Diabetes,0,prototype,No Diabetes,0.5005236042175718,0.69210052006505,0.24947666994380485,1,0.002094417635898703,16,8,"{""age"":0.125,""blood_pressure"":0.125,""bmi"":0.0,""glucose"":0.4375,""insulin"":0.3125}"
R_5O9qsyNMKTfTx41,diabetes,counterfactual,10,130111,Diabetes,No Diabetes,0,attribution,Diabetes,0.5097956324776274,0.6737453542058366,0.24030032193800932,1,-0.039187544047616485,18,9,"{""age"":0.16666666666666666,""blood_pressure"":0.16666666666666666,""bmi"":0.0,""glucose"":0.3888888888888889,""insulin"":0.2777777777777778}"
R_5O9qsyNMKTfTx41,diabetes,counterfactual,10,130111,Diabetes,No Diabetes,0,exemplar,Diabetes,0.5022271688430149,0.6887027340744052,0.24777779143804046,1,-0.004454337686029708,18,9,"{""age"":0.16666666666666666,""blood_pressure"":0.16666666666666666,""bmi"":0.0,""glucose"":0.3888888888888889,""insulin"":0.2777777777777778}"
R_5O9qsyNMKTfTx41,diabetes,counterfactual,10,130111,Diabetes,No Diabetes,0,prototype,Diabetes,0.5028836671183657,0.6873964137260011,0.24712464841768386,1,-0.011534796365283831,18,9,"{""age"":0.16666666666666666,""blood_pressure"":0.16666666666666666,""bmi"":0.0,""glucose"":0.3888888888888889,""insulin"":0.2777777777777778}"
R_5O9qsyNMKTfTx41,diabetes,counterfactual,11,130106,No Diabetes,Diabetes,0,attribution,No Diabetes,0.5308374854566495,0.6332993583381621,0.2201134650526395,1,0.12350669933381161,20,10,"{""age"":0.2,""blood_pressure"":0.2,""bmi"":0.0,""glucose"":0.35,""insulin"":0.25}"
R_5O9qsyNMKTfTx41,diabetes,counterfactual,11,130106,No Diabetes,Diabetes,0,exemplar,No Diabetes,0.5024444211780392,0.6882702497868658,0.24756155401685642,1,0.00488884235607856,20,10,"{""age"":0.2,""blood_pressure"":0.2,""bmi"":0.0,""glucose"":0.35,""insulin"":0.25}"
R_5O9qsyNMKTfTx41,diabetes,counterfactual,11,130106,No Diabetes,Diabetes,0,prototype,No Diabetes,0.502364847230743,0.6884286359601712,0.2476407452716817,1,0.00945945945945946,20,10,"{""age"":0.2,""blood_pressure"":0.2,""bmi"":0.0,""glucose"":0.35,""insulin"":0.25}"
R_5O9qsyNMKTfTx41,diabetes,counterfactual,12,130110,Diabetes,No Diabetes,0,attribution,No Diabetes,0.49712806086654715,0.6989076183366075,0.2528801871678391,0,0.011487882871526807,22,11,"{""age"":0.22727272727272727,""blood_pressure"":0.22727272727272727,""bmi"":0.0,""glucose"":0.3181818181818182,""insulin"":0.22727272727272727}"
R_5O9qsyNMKTfTx41,diabetes,counterfactual,12,130110,Diabetes,No Diabetes,0,exemplar,No Diabetes,0.4989951256260702,0.6951589515627569,0.2510058841464372,0,0.002009748747859641,22,11,"{""age"":0.22727272727272727,""blood_pressure"":0.22727272727272727,""bmi"":0.0,""glucose"":0.3181818181818182,""insulin"":0.22727272727272727}"
R_5O9qsyNMKTfTx41,diabetes,counterfactual,12,130110,Diabetes,No Diabetes,0,prototype,No Diabetes,0.4978013308761823,0.6975542155363851,0.25220350326973373,0,0.008794733182261066,22,11,"{""age"":0.22727272727272727,""blood_pressure"":0.22727272727272727,""bmi"":0.0,""glucose"":0.3181818181818182,""insulin"":0.22727272727272727}"
R_5qfkDFyU8U4LwCB,diabetes,counterfactual,1,130111,No Diabetes,No Diabetes,1,attribution,Diabetes,0.5,0.6931471805599453,0.25,0,0.0,0,0,"{""age"":0.2,""blood_pressure"":0.2,""bmi"":0.2,""glucose"":0.2,""insulin"":0.2}"
R_5qfkDFyU8U4LwCB,diabetes,counterfactual,1,130111,No Diabetes,No Diabetes,1,exemplar,Diabetes,0.5,0.6931471805599453,0.25,0,0.0,0,0,"{""age"":0.2,""blood_pressure"":0.2,""bmi"":0.2,""glucose"":0.2,""insulin"":0.2}"
R_5qfkDFyU8U4LwCB,diabetes,counterfactual,1,130111,No Diabetes,No Diabetes,1,prototype,Diabetes,0.5,0.6931471805599453,0.25,0,0.0,0,0,"{""age"":0.2,""blood_pressure"":0.2,""bmi"":0.2,""glucose"":0.2,""insulin"":0.2}"
R_5qfkDFyU8U4LwCB,diabetes,counterfactual,2,130106,No Diabetes,Diabetes,0,attribution,No Diabetes,0.5430045298127961,0.6106376168863196,0.20884485977162354,1,0.17244418331374856,2,1,"{""age"":0.5,""blood_pressure"":0.5,""bmi"":0.0,""glucose"":0.0,""insulin"":0.0}"
R_5qfkDFyU8U4LwCB,diabetes,counterfactual,2,130106,No Diabetes,Diabetes,0,exemplar,No Diabetes,0.5065109187821686,0.6802093982065669,0.2435314732812194,1,0.013021837564337224,2,1,"{""age"":0.5,""blood_pressure"":0.5,""bmi"":0.0,""glucose"":0.0,""insulin"":0.0}"
R_5qfkDFyU8U4LwCB,diabetes,counterfactual,2,130106,No Diabetes,Diabetes,0,prototype,No Diabetes,0.5142440883305524,0.6650572462262748,0.23595880572181624,1,0.0569917743830787,2,1,"{""age"":0.5,""blood_pressure"":0.5,""bmi"":0.0,""glucose"":0.0,""insulin"":0.0}"
R_5qfkDFyU8U4LwCB,diabetes,counterfactual,3,130108,No Diabetes,Diabetes,0,attribution,Diabetes,0.46095290795800553,0.7744593931382648,0.29057176743893054,0,-0.1565070505287897,4,2,"{""age"":0.5,""blood_pressure"":0.5,""bmi"":0.0,""glucose"":0.0,""insulin"":0.0}"
R_5qfkDFyU8U4LwCB,diabetes,counterfactual,3,130108,No Diabetes,Diabetes,0,exemplar,Diabetes,0.49611810828878117,0.700941259053684,0.25389696079447654,0,-0.007763783422437609,4,2,"{""age"":0.5,""blood_pressure"":0.5,""bmi"":0.0,""glucose"":0.0,""insulin"":0.0}"
R_5qfkDFyU8U4LwCB,diabetes,counterfactual,3,130108,No Diabetes,Diabetes,0,prototype,Diabetes,0.4869484708056839,0.7195969709316743,0.26322187160862615,0,-0.05221797884841363,4,2,"{""age"":0.5,""blood_pressure"":0.5,""bmi"":0.0,""glucose"":0.0,""insulin"":0.0}"
R_5qfkDFyU8U4LwCB,diabetes,counterfactual,4,130109,Diabetes,No Diabetes,0,attribution,Diabetes,0.5152224778735262,0.6631564757308283,0.2350092459590839,1,-0.060908734821778304,6,3,"{""age"":0.5,""blood_pressure"":0.5,""bmi"":0.0,""glucose"":0.0,""insulin"":0.0}"
R_5qfkDFyU8U4LwCB,diabetes,counterfactual,4,130109,Diabetes,No Diabetes,0,exemplar,Diabetes,0.5036840506819236,0.6858060910520409,0.24632952154750343,1,-0.007368101363847135,6,3,"{""age"":0.5,""blood_pressure"":0.5,""bmi"":0.0,""glucose"":0.0,""insulin"":0.0}"
R_5qfkDFyU8U4LwCB,diabetes,counterfactual,4,130109,Diabetes,No Diabetes,0,prototype,Diabetes,0.5044431850362617,0.6843000619102301,0.24557655685700472,1,-0.017773207990599296,6,3,"{""age"":0.5,""blood_pressure"":0.5,""bmi"":0.0,""glucose"":0.0,""insulin"":0.0}"
R_5qfkDFyU8U4LwCB,diabetes,counterfactual,5,130107,No Diabetes,Diabetes,0,attribution,Diabetes,0.49466640384293736,0.7038716752378787,0.25536204340502927,0,-0.021335193889541748,8,4,"{""age"":0.5,""blood_pressure"":0.5,""bmi"":0.0,""glucose"":0.0,""insulin"":0.0}"
R_5qfkDFyU8U4LwCB,diabetes,counterfactual,5,130107,No Diabetes,Diabetes,0,exemplar,No Diabetes,0.5009853089497879,0.6911785017807304,0.24901566188393864,1,0.001970617899575644,8,4,"{""age"":0.5,""blood_pressure"":0.5,""bmi"":0.0,""glucose"":0.0,""insulin"":0.0}"
R_5qfkDFyU8U4LwCB,diabetes,counterfactual,5,130107,No Diabetes,Diabetes,0,prototype,Diabetes,0.49662167303257676,0.6999267640239504,0.25338974006052206,0,-0.013513513513513514,8,4,"{""age"":0.5,""blood_pressure"":0.5,""bmi"":0.0,""glucose"":0.0,""insulin"":0.0}"
R_5qfkDFyU8U4LwCB,diabetes,counterfactual,6,130110,No Diabetes,No Diabetes,1,attribution,No Diabetes,0.5596369086114356,0.5804670830201015,0.19391965225729316,1,0.2396886016451234,10,5,"{""age"":0.5,""blood_pressure"":0.5,""bmi"":0.0,""glucose"":0.0,""insulin"":0.0}"
R_5qfkDFyU8U4LwCB,diabetes,counterfactual,6,130110,No Diabetes,No Diabetes,1,exemplar,No Diabetes,0.5109715241992561,0.6714414159686273,0.23914885014399878,1,0.021943048398512244,10,5,"{""age"":0.5,""blood_pressure"":0.5,""bmi"":0.0,""glucose"":0.0,""insulin"":0.0}"
R_5qfkDFyU8U4LwCB,diabetes,counterfactual,6,130110,No Diabetes,No Diabetes,1,prototype,No Diabetes,0.5155648870339515,0.6624921114115188,0.23467737867442814,1,0.06227967097532319,10,5,"{""age"":0.5,""blood_pressure"":0.5,""bmi"":0.0,""glucose"":0.0,""insulin"":0.0}"
R_5qfkDFyU8U4LwCB,diabetes,counterfactual,7,130104,No Diabetes,No Diabetes,1,attribution,No Diabetes,0.5419837547777888,0.6125192507263892,0.2097788808874527,1,0.16833137485311397,12,6,"{""age"":0.5,""blood_pressure"":0.5,""bmi"":0.0,""glucose"":0.0,""insulin"":0.0}"
R_5qfkDFyU8U4LwCB,diabetes,counterfactual,7,130104,No Diabetes,No Diabetes,1,exemplar,No Diabetes,0.5074309191869706,0.6783946971599687,0.2426242993729927,1,0.014861838373941172,12,6,"{""age"":0.5,""blood_pressure"":0.5,""bmi"":0.0,""glucose"":0.0,""insulin"":0.0}"
R_5qfkDFyU8U4LwCB,diabetes,counterfactual,7,130104,No Diabetes,No Diabetes,1,prototype,No Diabetes,0.5130331809351397,0.667414755717583,0.23713668287014836,1,0.052144535840188036,12,6,"{""age"":0.5,""blood_pressure"":0.5,""bmi"":0.0,""glucose"":0.0,""insulin"":0.0}"
R_5qfkDFyU8U4LwCB,diabetes,counterfactual,8,130102,Diabetes,Diabetes,1,attribution,Diabetes,0.5878451540760924,0.5312917091724804,0.16987161701856002,1,-0.3550644514490143,14,7,"{""age"":0.42857142857142855,""blood_pressure"":0.42857142857142855,""bmi"":0.0,""glucose"":0.07142857142857142,""insulin"":0.07142857142857142}"
R_5qfkDFyU8U4LwCB,diabetes,counterfactual,8,130102,Diabetes,Diabetes,1,exemplar,Diabetes,0.5028310125979708,0.6875011243790421,0.24717700203435902,1,-0.005662025195941667,14,7,"{""age"":0.42857142857142855,""blood_pressure"":0.42857142857142855,""bmi"":0.0,""glucose"":0.07142857142857142,""insulin"":0.07142857142857142}"
R_5qfkDFyU8U4LwCB,diabetes,counterfactual,8,130102,Diabetes,Diabetes,1,prototype,Diabetes,0.5086863846407124,0.6759235925190527,0.241389068637414,1,-0.034749034749034735,14,7,"{""age"":0.42857142857142855,""blood_pressure"":0.42857142857142855,""bmi"":0.0,""glucose"":0.07142857142857142,""insulin"":0.07142857142857142}"
R_5qfkDFyU8U4LwCB,diabetes,counterfactual,9,130101,No Diabetes,Diabetes,0,attribution,Diabetes,0.4791919569800168,0.7356540165871621,0.27124101767430464,0,-0.08328027196689085,16,8,"{""age"":0.375,""blood_pressure"":0.375,""bmi"":0.0,""glucose"":0.1875,""insulin"":0.0625}"
R_5qfkDFyU8U4LwCB,diabetes,counterfactual,9,130101,No Diabetes,Diabetes,0,exemplar,Diabetes,0.4983899498903582,0.6963724764586773,0.25161264237099745,0,-0.003220100219283595,16,8,"{""age"":0.375,""blood_pressure"":0.375,""bmi"":0.0,""glucose"":0.1875,""insulin"":0.0625}"
R_5qfkDFyU8U4LwCB,diabetes,counterfactual,9,130101,No Diabetes,Diabetes,0,prototype,Diabetes,0.4917659471781145,0.7097523927967692,0.2583018524477591,0,-0.03293918918918917,16,8,"{""age"":0.375,""blood_pressure"":0.375,""bmi"":0.0,""glucose"":0.1875,""insulin"":0.0625}"
R_5qfkDFyU8U4LwCB,diabetes,counterfactual,10,130103,Diabetes,No Diabetes,0,attribution,Diabetes,0.5020666508375679,0.6890223975108782,0.24793762020811658,1,-0.008266650426808395,18,9,"{""age"":0.3333333333333333,""blood_pressure"":0.3333333333333333,""bmi"":0.0,""glucose"":0.2222222222222222,""insulin"":0.1111111111111111}"
R_5qfkDFyU8U4LwCB,diabetes,counterfactual,10,130103,Diabetes,No Diabetes,0,exemplar,Diabetes,0.502769355714448,0.6876237513898168,0.24723831361662524,1,-0.005538711428895948,18,9,"{""age"":0.3333333333333333,""blood_pressure"":0.3333333333333333,""bmi"":0.0,""glucose"":0.2222222222222222,""insulin"":0.1111111111111111}"
R_5qfkDFyU8U4LwCB,diabetes,counterfactual,10,130103,Diabetes,No Diabetes,0,prototype,Diabetes,0.5054345685835783,0.6823366879033634,0.24459496595211125,1,-0.021739130434782594,18,9,"{""age"":0.3333333333333333,""blood_pressure"":0.3333333333333333,""bmi"":0.0,""glucose"":0.2222222222222222,""insulin"":0.1111111111111111}"
R_5qfkDFyU8U4LwCB,diabetes,counterfactual,11,130100,No Diabetes,Diabetes,0,attribution,No Diabetes,0.5067709786308489,0.6796960961233969,0.24327486752077054,1,0.02708557029658764,20,10,"{""age"":0.3,""blood_pressure"":0.3,""bmi"":0.0,""glucose"":0.25,""insulin"":0.15}"
R_5qfkDFyU8U4LwCB,diabetes,counterfactual,11,130100,No Diabetes,Diabetes,0,exemplar,Diabetes,0.4993139565015695,0.6945202097300975,0.25068651415411225,0,-0.0013720869968608662,20,10,"{""age"":0.3,""blood_pressure"":0.3,""bmi"":0.0,""glucose"":0.25,""insulin"":0.15}"
R_5qfkDFyU8U4LwCB,diabetes,counterfactual,11,130100,No Diabetes,Diabetes,0,prototype,Diabetes,0.4981822935542198,0.6967892176242269,0.25182101050250333,0,-0.00727085781433609,20,10,"{""age"":0.3,""blood_pressure"":0.3,""bmi"":0.0,""glucose"":0.25,""insulin"":0.15}"
R_5qfkDFyU8U4LwCB,diabetes,counterfactual,12,130105,No Diabetes,No Diabetes,1,attribution,No Diabetes,0.5280650005782667,0.6385358956971315,0.22272264367919145,1,0.11237812027231642,22,11,"{""age"":0.2727272727272727,""blood_pressure"":0.2727272727272727,""bmi"":0.0,""glucose"":0.2727272727272727,""insulin"":0.18181818181818182}"
R_5qfkDFyU8U4LwCB,diabetes,counterfactual,12,130105,No Diabetes,No Diabetes,1,exemplar,Diabetes,0.4987496663585599,0.6956509797335559,0.25125189697565503,0,-0.002500667282880231,22,11,"{""age"":0.2727272727272727,""blood_pressure"":0.2727272727272727,""bmi"":0.0,""glucose"":0.2727272727272727,""insulin"":0.18181818181818182}"
R_5qfkDFyU8U4LwCB,diabetes,counterfactual,12,130105,No Diabetes,No Diabetes,1,prototype,Diabetes,0.4973983484886788,0.6983640679064856,0.25260842010190754,0,-0.010406699964218252,22,11,"{""age"":0.2727272727272727,""blood_pressure"":0.2727272727272727,""bmi"":0.0,""glucose"":0.2727272727272727,""insulin"":0.18181818181818182}"
R_5y9kFl6cuzYCZjU,diabetes,counterfactual,1,130103,No Diabetes,No Diabetes,1,attribution,Diabetes,0.5,0.6931471805599453,0.25,0,0.0,0,0,"{""age"":0.2,""blood_pressure"":0.2,""bmi"":0.2,""glucose"":0.2,""insulin"":0.2}"
R_5y9kFl6cuzYCZjU,diabetes,counterfactual,1,130103,No Diabetes,No Diabetes,1,exemplar,Diabetes,0.5,0.6931471805599453,0.25,0,0.0,0,0,"{""age"":0.2,""blood_pressure"":0.2,""bmi"":0.2,""glucose"":0.2,""insulin"":0.2}"
R_5y9kFl6cuzYCZjU,diabetes,counterfactual,1,130103,No Diabetes,No Diabetes,1,prototype,Diabetes,0.5,0.6931471805599453,0.25,0,0.0,0,0,"{""age"":0.2,""blood_pressure"":0.2,""bmi"":0.2,""glucose"":0.2,""insulin"":0.2}"
R_5y9kFl6cuzYCZjU,diabetes,counterfactual,2,130100,Diabetes,Diabetes,1,attribution,Diabetes,0.5737751045073105,0.5555177634320427,0.18166766153775413,1,-0.29727038489165114,2,1,"{""age"":0.0,""blood_pressure"":0.0,""bmi"":0.0,""glucose"":0.5,""insulin"":0.5}"
R_5y9kFl6cuzYCZjU,diabetes,counterfactual,2,130100,Diabetes,Diabetes,1,exemplar,Diabetes,0.5052870925847208,0.6826285110740147,0.24474086076327864,1,-0.010574185169441586,2,1,"{""age"":0.0,""blood_pressure"":0.0,""bmi"":0.0,""glucose"":0.5,""insulin"":0.5}"
R_5y9kFl6cuzYCZjU,diabetes,counterfactual,2,130100,Diabetes,Diabetes,1,prototype,Diabetes,0.5124022769694428,0.6686452652351556,0.23775153950458386,1,-0.049619285899420884,2,1,"{""age"":0.0,""blood_pressure"":0.0,""bmi"":0.0,""glucose"":0.5,""insulin"":0.5}"
R_5y9kFl6cuzYCZjU,diabetes,counterfactual,3,130104,No Diabetes,No Diabetes,1,attribution,No Diabetes,0.5206349740712912,0.6527061083645086,0.22979082808363163,1,0.08258680511942962,4,2,"{""age"":0.0,""blood_pressure"":0.0,""bmi"":0.0,""glucose"":0.5,""insulin"":0.5}"
R_5y9kFl6cuzYCZjU,diabetes,counterfactual,3,130104,No Diabetes,No Diabetes,1,exemplar,No Diabetes,0.5041655831828835,0.6848505268063029,0.24585176890037,1,0.008331166365767084,4,2,"{""age"":0.0,""blood_pressure"":0.0,""bmi"":0.0,""glucose"":0.5,""insulin"":0.5}"
R_5y9kFl6cuzYCZjU,diabetes,counterfactual,3,130104,No Diabetes,No Diabetes,1,prototype,No Diabetes,0.5101162675495657,0.6731166036588672,0.23998607131956864,1,0.04047059308751952,4,2,"{""age"":0.0,""blood_pressure"":0.0,""bmi"":0.0,""glucose"":0.5,""insulin"":0.5}"
R_5y9kFl6cuzYCZjU,diabetes,counterfactual,4,130101,Diabetes,Diabetes,1,attribution,Diabetes,0.5023304073001427,0.6884971939243072,0.24767502349804188,1,-0.009321696699966353,6,3,"{""age"":0.0,""blood_pressure"":0.0,""bmi"":0.0,""glucose"":0.5,""insulin"":0.5}"
R_5y9kFl6cuzYCZjU,diabetes,counterfactual,4,130101,Diabetes,Diabetes,1,exemplar,No Diabetes,0.4949438815791057,0.7033108933876342,0.2550816827543805,0,0.010112236841788691,6,3,"{""age"":0.0,""blood_pressure"":0.0,""bmi"":0.0,""glucose"":0.5,""insulin"":0.5}"
R_5y9kFl6cuzYCZjU,diabetes,counterfactual,4,130101,Diabetes,Diabetes,1,prototype,No Diabetes,0.4913654134797098,0.710567205011277,0.25870914260466654,0,0.03454178008743704,6,3,"{""age"":0.0,""blood_pressure"":0.0,""bmi"":0.0,""glucose"":0.5,""insulin"":0.5}"
R_5y9kFl6cuzYCZjU,diabetes,counterfactual,5,130105,No Diabetes,No Diabetes,1,attribution,No Diabetes,0.5634575176495574,0.5736633384959148,0.19056933889668645,1,0.25520624496995664,8,4,"{""age"":0.0,""blood_pressure"":0.0,""bmi"":0.0,""glucose"":0.5,""insulin"":0.5}"
R_5y9kFl6cuzYCZjU,diabetes,counterfactual,5,130105,No Diabetes,No Diabetes,1,exemplar,No Diabetes,0.5069948123529997,0.6792545074886671,0.24305411504685398,1,0.013989624705999348,8,4,"{""age"":0.0,""blood_pressure"":0.0,""bmi"":0.0,""glucose"":0.5,""insulin"":0.5}"
R_5y9kFl6cuzYCZjU,diabetes,counterfactual,5,130105,No Diabetes,No Diabetes,1,prototype,No Diabetes,0.509100218001352,0.6751103898646437,0.24098259596632016,1,0.036404892138637346,8,4,"{""age"":0.0,""blood_pressure"":0.0,""bmi"":0.0,""glucose"":0.5,""insulin"":0.5}"
R_5y9kFl6cuzYCZjU,diabetes,counterfactual,6,130102,Diabetes,Diabetes,1,attribution,Diabetes,0.671469334046004,0.3982869319008125,0.10793239847217614,1,-0.7148381620555044,10,5,"{""age"":0.0,""blood_pressure"":0.0,""bmi"":0.0,""glucose"":0.5,""insulin"":0.5}"
R_5y9kFl6cuzYCZjU,diabetes,counterfactual,6,130102,Diabetes,Diabetes,1,exemplar,Diabetes,0.5078834179398601,0.6775033499853996,0.24217873033855442,1,-0.01576683587972022,10,5,"{""age"":0.0,""blood_pressure"":0.0,""bmi"":0.0,""glucose"":0.5,""insulin"":0.5}"
R_5y9kFl6cuzYCZjU,diabetes,counterfactual,6,130102,Diabetes,Diabetes,1,prototype,Diabetes,0.5151361726330048,0.6633240003897045,0.2350929310889712,1,-0.0605631953932263,10,5,"{""age"":0.0,""blood_pressure"":0.0,""bmi"":0.0,""glucose"":0.5,""insulin"":0.5}"
R_5y9kFl6cuzYCZjU,diabetes,counterfactual,7,130109,Diabetes,No Diabetes,0,attribution,Diabetes,0.5430926777408501,0.6104752963727699,0.20876430113402664,1,-0.17279940821287637,12,6,"{""age"":0.0,""blood_pressure"":0.0,""bmi"":0.0,""glucose"":0.5833333333333334,""insulin"":0.4166666666666667}"
R_5y9kFl6cuzYCZjU,diabetes,counterfactual,7,130109,Diabetes,No Diabetes,0,exemplar,Diabetes,0.5054625456788286,0.6822813368792823,0.24456729372646466,1,-0.01092509135765729,12,6,"{""age"":0.0,""blood_pressure"":0.0,""bmi"":0.0,""glucose"":0.5833333333333334,""insulin"":0.4166666666666667}"
R_5y9kFl6cuzYCZjU,diabetes,counterfactual,7,130109,Diabetes,No Diabetes,0,prototype,Diabetes,0.5066465315153145,0.6799416950298969,0.2433976448658696,1,-0.026587692199093835,12,6,"{""age"":0.0,""blood_pressure"":0.0,""bmi"":0.0,""glucose"":0.5833333333333334,""insulin"":0.4166666666666667}"
R_5y9kFl6cuzYCZjU,diabetes,counterfactual,8,130107,Diabetes,Diabetes,1,attribution,No Diabetes,0.4557557573156088,0.7857982328852535,0.2962017956951065,0,0.17744107552248495,14,7,"{""age"":0.07142857142857142,""blood_pressure"":0.07142857142857142,""bmi"":0.0,""glucose"":0.5,""insulin"":0.35714285714285715}"
R_5y9kFl6cuzYCZjU,diabetes,counterfactual,8,130107,Diabetes,Diabetes,1,exemplar,No Diabetes,0.4985929893490964,0.6959651686632197,0.2514089903298753,0,0.0028140213018071347,14,7,"{""age"":0.07142857142857142,""blood_pressure"":0.07142857142857142,""bmi"":0.0,""glucose"":0.5,""insulin"":0.35714285714285715}"
R_5y9kFl6cuzYCZjU,diabetes,counterfactual,8,130107,Diabetes,Diabetes,1,prototype,No Diabetes,0.49431788748195293,0.7045764718225532,0.2557143989207148,0,0.02272942857453241,14,7,"{""age"":0.07142857142857142,""blood_pressure"":0.07142857142857142,""bmi"":0.0,""glucose"":0.5,""insulin"":0.35714285714285715}"
R_5y9kFl6cuzYCZjU,diabetes,counterfactual,9,130106,No Diabetes,Diabetes,0,attribution,No Diabetes,0.5267293222904031,0.641068482330989,0.2239851343797011,1,0.10701931452183301,16,8,"{""age"":0.125,""blood_pressure"":0.125,""bmi"":0.0,""glucose"":0.4375,""insulin"":0.3125}"
R_5y9kFl6cuzYCZjU,diabetes,counterfactual,9,130106,No Diabetes,Diabetes,0,exemplar,No Diabetes,0.5014827073300167,0.6901861540689449,0.24851949109100982,1,0.00296541466003325,16,8,"{""age"":0.125,""blood_pressure"":0.125,""bmi"":0.0,""glucose"":0.4375,""insulin"":0.3125}"
R_5y9kFl6cuzYCZjU,diabetes,counterfactual,9,130106,No Diabetes,Diabetes,0,prototype,No Diabetes,0.5014780362353115,0.6901954686801799,0.2485241483558014,1,0.005912162162162164,16,8,"{""age"":0.125,""blood_pressure"":0.125,""bmi"":0.0,""glucose"":0.4375,""insulin"":0.3125}"
R_5y9kFl6cuzYCZjU,diabetes,counterfactual,10,130111,Diabetes,No Diabetes,0,attribution,Diabetes,0.5114355882775508,0.6705336286410544,0.23869518440170284,1,-0.04575033141447455,18,9,"{""age"":0.16666666666666666,""blood_pressure"":0.16666666666666666,""bmi"":0.0,""glucose"":0.3888888888888889,""insulin"":0.2777777777777778}"
R_5y9kFl6cuzYCZjU,diabetes,counterfactual,10,130111,Diabetes,No Diabetes,0,exemplar,Diabetes,0.502769584595492,0.687623296149279,0.24723808600333966,1,-0.005539169190983961,18,9,"{""age"":0.16666666666666666,""blood_pressure"":0.16666666666666666,""bmi"":0.0,""glucose"":0.3888888888888889,""insulin"":0.2777777777777778}"
R_5y9kFl6cuzYCZjU,diabetes,counterfactual,10,130111,Diabetes,No Diabetes,0,prototype,Diabetes,0.5017575657262264,0.6896382127422885,0.24824552331105562,1,-0.007030291860779324,18,9,"{""age"":0.16666666666666666,""blood_pressure"":0.16666666666666666,""bmi"":0.0,""glucose"":0.3888888888888889,""insulin"":0.2777777777777778}"
R_5y9kFl6cuzYCZjU,diabetes,counterfactual,11,130110,No Diabetes,No Diabetes,1,attribution,Diabetes,0.4975255739688561,0.6981083187421546,0.2524805488153275,0,-0.009897784927771186,20,10,"{""age"":0.2,""blood_pressure"":0.2,""bmi"":0.0,""glucose"":0.35,""insulin"":0.25}"
R_5y9kFl6cuzYCZjU,diabetes,counterfactual,11,130110,No Diabetes,No Diabetes,1,exemplar,No Diabetes,0.5001702836123921,0.6928066713150147,0.2498297453841165,1,0.0003405672247843161,20,10,"{""age"":0.2,""blood_pressure"":0.2,""bmi"":0.0,""glucose"":0.35,""insulin"":0.25}"
R_5y9kFl6cuzYCZjU,diabetes,counterfactual,11,130110,No Diabetes,No Diabetes,1,prototype,No Diabetes,0.5028139758319193,0.6875350066461426,0.2471939426280633,1,0.011256022169162494,20,10,"{""age"":0.2,""blood_pressure"":0.2,""bmi"":0.0,""glucose"":0.35,""insulin"":0.25}"
R_5y9kFl6cuzYCZjU,diabetes,counterfactual,12,130108,Diabetes,Diabetes,1,attribution,No Diabetes,0.4927289862166385,0.707795979791419,0.25732388142479934,0,0.02908610553414287,22,11,"{""age"":0.22727272727272727,""blood_pressure"":0.22727272727272727,""bmi"":0.0,""glucose"":0.3181818181818182,""insulin"":0.22727272727272727}"
R_5y9kFl6cuzYCZjU,diabetes,counterfactual,12,130108,Diabetes,Diabetes,1,exemplar,Diabetes,0.5016593077817534,0.6898340594484409,0.2483434455205611,1,-0.003318615563506877,22,11,"{""age"":0.22727272727272727,""blood_pressure"":0.22727272727272727,""bmi"":0.0,""glucose"":0.3181818181818182,""insulin"":0.22727272727272727}"
R_5y9kFl6cuzYCZjU,diabetes,counterfactual,12,130108,Diabetes,Diabetes,1,prototype,Diabetes,0.5009422512067069,0.6912644515935108,0.24905863663062966,1,-0.003769009288521249,22,11,"{""age"":0.22727272727272727,""blood_pressure"":0.22727272727272727,""bmi"":0.0,""glucose"":0.3181818181818182,""insulin"":0.22727272727272727}"
R_6oPmJvHz4GgpN9T,diabetes,counterfactual,1,130106,Diabetes,Diabetes,1,attribution,Diabetes,0.5,0.6931471805599453,0.25,1,0.0,0,0,"{""age"":0.2,""blood_pressure"":0.2,""bmi"":0.2,""glucose"":0.2,""insulin"":0.2}"
R_6oPmJvHz4GgpN9T,diabetes,counterfactual,1,130106,Diabetes,Diabetes,1,exemplar,Diabetes,0.5,0.6931471805599453,0.25,1,0.0,0,0,"{""age"":0.2,""blood_pressure"":0.2,""bmi"":0.2,""glucose"":0.2,""insulin"":0.2}"
R_6oPmJvHz4GgpN9T,diabetes,counterfactual,1,130106,Diabetes,Diabetes,1,prototype,Diabetes,0.5,0.6931471805599453,0.25,1,0.0,0,0,"{""age"":0.2,""blood_pressure"":0.2,""bmi"":0.2,""glucose"":0.2,""insulin"":0.2}"
R_6oPmJvHz4GgpN9T,diabetes,counterfactual,2,130107,Diabetes,Diabetes,1,attribution,Diabetes,0.5473386941949283,0.6026874831762259,0.20490225777315263,1,-0.18992361927144538,2,1,"{""age"":0.5,""blood_pressure"":0.5,""bmi"":0.0,""glucose"":0.0,""insulin"":0.0}"
R_6oPmJvHz4GgpN9T,diabetes,counterfactual,2,130107,Diabetes,Diabetes,1,exemplar,Diabetes,0.50428848836598,0.684606777116213,0.2457299027664852,1,-0.008576976731959896,2,1,"{""age"":0.5,""blood_pressure"":0.5,""bmi"":0.0,""glucose"":0.0,""insulin"":0.0}"
R_6oPmJvHz4GgpN9T,diabetes,counterfactual,2,130107,Diabetes,Diabetes,1,prototype,Diabetes,0.5094730143644304,0.6743783926593794,0.24061672363671827,1,-0.037896592244418326,2,1,"{""age"":0.5,""blood_pressure"":0.5,""bmi"":0.0,""glucose"":0.0,""insulin"":0.0}"
R_6oPmJvHz4GgpN9T,diabetes,counterfactual,3,130111,Diabetes,No Diabetes,0,attribution,Diabetes,0.5191775734361448,0.6555093089855943,0.23119020588675387,1,-0.0767479435957697,4,2,"{""age"":0.5,""blood_pressure"":0.5,""bmi"":0.0,""glucose"":0.0,""insulin"":0.0}"
R_6oPmJvHz4GgpN9T,diabetes,counterfactual,3,130111,Diabetes,No Diabetes,0,exemplar,Diabetes,0.5035626771114621,0.6860470917278433,0.24645001555673857,1,-0.007125354222924041,4,2,"{""age"":0.5,""blood_pressure"":0.5,""bmi"":0.0,""glucose"":0.0,""insulin"":0.0}"
R_6oPmJvHz4GgpN9T,diabetes,counterfactual,3,130111,Diabetes,No Diabetes,0,prototype,Diabetes,0.5047552914009128,0.6836815386328206,0.2452673213953948,1,-0.01902173913043481,4,2,"{""age"":0.5,""blood_pressure"":0.5,""bmi"":0.0,""glucose"":0.0,""insulin"":0.0}"
R_6oPmJvHz4GgpN9T,diabetes,counterfactual,4,130108,Diabetes,Diabetes,1,attribution,Diabetes,0.5326966146534657,0.6298032201507762,0.21837245395633145,1,-0.13097336466901685,6,3,"{""age"":0.5,""blood_pressure"":0.5,""bmi"":0.0,""glucose"":0.0,""insulin"":0.0}"
R_6oPmJvHz4GgpN9T,diabetes,counterfactual,4,130108,Diabetes,Diabetes,1,exemplar,Diabetes,0.5051389964260501,0.6829216471308562,0.24488741285821697,1,-0.01027799285210007,6,3,"{""age"":0.5,""blood_pressure"":0.5,""bmi"":0.0,""glucose"":0.0,""insulin"":0.0}"
R_6oPmJvHz4GgpN9T,diabetes,counterfactual,4,130108,Diabetes,Diabetes,1,prototype,Diabetes,0.5115285086876762,0.6703519596838414,0.23860439782488563,1,-0.046122209165687475,6,3,"{""age"":0.5,""blood_pressure"":0.5,""bmi"":0.0,""glucose"":0.0,""insulin"":0.0}"
R_6oPmJvHz4GgpN9T,diabetes,counterfactual,5,130109,Diabetes,No Diabetes,0,attribution,Diabetes,0.5132166619380951,0.6670571800138018,0.23695801821469073,1,-0.05287896592244415,8,4,"{""age"":0.5,""blood_pressure"":0.5,""bmi"":0.0,""glucose"":0.0,""insulin"":0.0}"
R_6oPmJvHz4GgpN9T,diabetes,counterfactual,5,130109,Diabetes,No Diabetes,0,exemplar,Diabetes,0.5033628576202253,0.6864439820379357,0.24664845119114853,1,-0.006725715240450625,8,4,"{""age"":0.5,""blood_pressure"":0.5,""bmi"":0.0,""glucose"":0.0,""insulin"":0.0}"
R_6oPmJvHz4GgpN9T,diabetes,counterfactual,5,130109,Diabetes,No Diabetes,0,prototype,Diabetes,0.5046084182643458,0.6839725598696597,0.24541281925455344,1,-0.01843419506462983,8,4,"{""age"":0.5,""blood_pressure"":0.5,""bmi"":0.0,""glucose"":0.0,""insulin"":0.0}"
R_6oPmJvHz4GgpN9T,diabetes,counterfactual,6,130110,Diabetes,No Diabetes,0,attribution,No Diabetes,0.44036309138856444,0.820155684665225,0.3131934694801643,0,0.2396886016451234,10,5,"{""age"":0.5,""blood_pressure"":0.5,""bmi"":0.0,""glucose"":0.0,""insulin"":0.0}"
R_6oPmJvHz4GgpN9T,diabetes,counterfactual,6,130110,Diabetes,No Diabetes,0,exemplar,No Diabetes,0.4890284758007438,0.7153345584813666,0.2610918985425109,0,0.021943048398512244,10,5,"{""age"":0.5,""blood_pressure"":0.5,""bmi"":0.0,""glucose"":0.0,""insulin"":0.0}"
R_6oPmJvHz4GgpN9T,diabetes,counterfactual,6,130110,Diabetes,No Diabetes,0,prototype,No Diabetes,0.4844351129660486,0.724771782386842,0.2658071527423312,0,0.06227967097532319,10,5,"{""age"":0.5,""blood_pressure"":0.5,""bmi"":0.0,""glucose"":0.0,""insulin"":0.0}"
R_6oPmJvHz4GgpN9T,diabetes,counterfactual,7,130101,Diabetes,Diabetes,1,attribution,Diabetes,0.5383353106847447,0.6192736589016387,0.21313428536055118,1,-0.15364277320799063,12,6,"{""age"":0.5,""blood_pressure"":0.5,""bmi"":0.0,""glucose"":0.0,""insulin"":0.0}"
R_6oPmJvHz4GgpN9T,diabetes,counterfactual,7,130101,Diabetes,Diabetes,1,exemplar,Diabetes,0.5034939370908202,0.6861836084236856,0.24651827050557443,1,-0.00698787418164043,12,6,"{""age"":0.5,""blood_pressure"":0.5,""bmi"":0.0,""glucose"":0.0,""insulin"":0.0}"
R_6oPmJvHz4GgpN9T,diabetes,counterfactual,7,130101,Diabetes,Diabetes,1,prototype,Diabetes,0.5118221205323636,0.6697781351424565,0.23831764200151803,1,-0.047297297297297286,12,6,"{""age"":0.5,""blood_pressure"":0.5,""bmi"":0.0,""glucose"":0.0,""insulin"":0.0}"
R_6oPmJvHz4GgpN9T,diabetes,counterfactual,8,130105,No Diabetes,No Diabetes,1,attribution,Diabetes,0.48501660019245496,0.723572161429453,0.2652079020773378,0,-0.059951549208137944,14,7,"{""age"":0.42857142857142855,""blood_pressure"":0.42857142857142855,""bmi"":0.0,""glucose"":0.07142857142857142,""insulin"":0.07142857142857142}"
R_6oPmJvHz4GgpN9T,diabetes,counterfactual,8,130105,No Diabetes,No Diabetes,1,exemplar,Diabetes,0.4932760660647826,0.7066862899312741,0.2567691452227826,0,-0.013447867870434727,14,7,"{""age"":0.42857142857142855,""blood_pressure"":0.42857142857142855,""bmi"":0.0,""glucose"":0.07142857142857142,""insulin"":0.07142857142857142}"
R_6oPmJvHz4GgpN9T,diabetes,counterfactual,8,130105,No Diabetes,No Diabetes,1,prototype,Diabetes,0.4869590071964086,0.7195753335770732,0.2632110602968947,0,-0.052175804572434786,14,7,"{""age"":0.42857142857142855,""blood_pressure"":0.42857142857142855,""bmi"":0.0,""glucose"":0.07142857142857142,""insulin"":0.07142857142857142}"
R_6oPmJvHz4GgpN9T,diabetes,counterfactual,9,130103,No Diabetes,No Diabetes,1,attribution,Diabetes,0.4830038964303253,0.7277305582185729,0.26728497110622573,0,-0.06801061710074827,16,8,"{""age"":0.375,""blood_pressure"":0.375,""bmi"":0.0,""glucose"":0.125,""insulin"":0.125}"
R_6oPmJvHz4GgpN9T,diabetes,counterfactual,9,130103,No Diabetes,No Diabetes,1,exemplar,Diabetes,0.49528070562131826,0.7026305950804488,0.25474156611811444,0,-0.00943858875736353,16,8,"{""age"":0.375,""blood_pressure"":0.375,""bmi"":0.0,""glucose"":0.125,""insulin"":0.125}"
R_6oPmJvHz4GgpN9T,diabetes,counterfactual,9,130103,No Diabetes,No Diabetes,1,prototype,Diabetes,0.49592400333719144,0.7013325830746947,0.2540926104116038,0,-0.016304347826086946,16,8,"{""age"":0.375,""blood_pressure"":0.375,""bmi"":0.0,""glucose"":0.125,""insulin"":0.125}"
R_6oPmJvHz4GgpN9T,diabetes,counterfactual,10,130100,Diabetes,Diabetes,1,attribution,No Diabetes,0.4920988761129984,0.7090756149717875,0.25796355164567936,0,0.0316071266059816,18,9,"{""age"":0.3333333333333333,""blood_pressure"":0.3333333333333333,""bmi"":0.0,""glucose"":0.16666666666666666,""insulin"":0.16666666666666666}"
R_6oPmJvHz4GgpN9T,diabetes,counterfactual,10,130100,Diabetes,Diabetes,1,exemplar,Diabetes,0.5015899384978572,0.6899723486806811,0.24841258940656977,1,-0.00317987699571437,18,9,"{""age"":0.3333333333333333,""blood_pressure"":0.3333333333333333,""bmi"":0.0,""glucose"":0.16666666666666666,""insulin"":0.16666666666666666}"
R_6oPmJvHz4GgpN9T,diabetes,counterfactual,10,130100,Diabetes,Diabetes,1,prototype,Diabetes,0.5022522370192222,0.6886528213015475,0.24775283555236863,1,-0.009009009009009028,18,9,"{""age"":0.3333333333333333,""blood_pressure"":0.3333333333333333,""bmi"":0.0,""glucose"":0.16666666666666666,""insulin"":0.16666666666666666}"
R_6oPmJvHz4GgpN9T,diabetes,counterfactual,11,130102,No Diabetes,Diabetes,0,attribution,Diabetes,0.40017846408730184,0.9158446711557765,0.35978587494466824,0,-0.40472156300018924,20,10,"{""age"":0.3,""blood_pressure"":0.3,""bmi"":0.0,""glucose"":0.2,""insulin"":0.2}"
R_6oPmJvHz4GgpN9T,diabetes,counterfactual,11,130102,No Diabetes,Diabetes,0,exemplar,Diabetes,0.4969016918611306,0.6993630755474376,0.25310790765219277,0,-0.006196616277738876,20,10,"{""age"":0.3,""blood_pressure"":0.3,""bmi"":0.0,""glucose"":0.2,""insulin"":0.2}"
R_6oPmJvHz4GgpN9T,diabetes,counterfactual,11,130102,No Diabetes,Diabetes,0,prototype,Diabetes,0.49877147717633913,0.695607249697508,0.2512300320919891,0,-0.004914101183588926,20,10,"{""age"":0.3,""blood_pressure"":0.3,""bmi"":0.0,""glucose"":0.2,""insulin"":0.2}"
R_6oPmJvHz4GgpN9T,diabetes,counterfactual,12,130104,No Diabetes,No Diabetes,1,attribution,No Diabetes,0.5485446274365892,0.6004866398845669,0.2038119534163681,1,0.19479211373173855,22,11,"{""age"":0.2727272727272727,""blood_pressure"":0.2727272727272727,""bmi"":0.0,""glucose"":0.2727272727272727,""insulin"":0.18181818181818182}"
R_6oPmJvHz4GgpN9T,diabetes,counterfactual,12,130104,No Diabetes,No Diabetes,1,exemplar,No Diabetes,0.5027609800055882,0.6876404106760909,0.24724664300500304,1,0.005521960011176386,22,11,"{""age"":0.2727272727272727,""blood_pressure"":0.2727272727272727,""bmi"":0.0,""glucose"":0.2727272727272727,""insulin"":0.18181818181818182}"
R_6oPmJvHz4GgpN9T,diabetes,counterfactual,12,130104,No Diabetes,No Diabetes,1,prototype,No Diabetes,0.506088792042628,0.6810431467440807,0.24394828134591034,1,0.024356372182459146,22,11,"{""age"":0.2727272727272727,""blood_pressure"":0.2727272727272727,""bmi"":0.0,""glucose"":0.2727272727272727,""insulin"":0.18181818181818182}"
R_1cf4ymy9mv3KxC9,diabetes,none,1,130104,Diabetes,No Diabetes,0,attribution,Diabetes,0.5,0.6931471805599453,0.25,1,0.0,0,0,"{""age"":0.2,""blood_pressure"":0.2,""bmi"":0.2,""glucose"":0.2,""insulin"":0.2}"
R_1cf4ymy9mv3KxC9,diabetes,none,1,130104,Diabetes,No Diabetes,0,exemplar,Diabetes,0.5,0.6931471805599453,0.25,1,0.0,0,0,"{""age"":0.2,""blood_pressure"":0.2,""bmi"":0.2,""glucose"":0.2,""insulin"":0.2}"
R_1cf4ymy9mv3KxC9,diabetes,none,1,130104,Diabetes,No Diabetes,0,prototype,Diabetes,0.5,0.6931471805599453,0.25,1,0.0,0,0,"{""age"":0.2,""blood_pressure"":0.2,""bmi"":0.2,""glucose"":0.2,""insulin"":0.2}"
R_1cf4ymy9mv3KxC9,diabetes,none,2,130105,No Diabetes,No Diabetes,1,attribution,No Diabetes,0.6666666666666666,0.40546510810816444,0.11111111111111113,1,0.3333333333333333,1,0,"{""age"":0.2,""blood_pressure"":0.2,""bmi"":0.2,""glucose"":0.2,""insulin"":0.2}"
R_1cf4ymy9mv3KxC9,diabetes,none,2,130105,No Diabetes,No Diabetes,1,exemplar,No Diabetes,0.6420412993560983,0.44310264814610467,0.1281344313666704,1,0.2840825987121966,1,0,"{""age"":0.2,""blood_pressure"":0.2,""bmi"":0.2,""glucose"":0.2,""insulin"":0.2}"
R_1cf4ymy9mv3KxC9,diabetes,none,2,130105,No Diabetes,No Diabetes,1,prototype,No Diabetes,0.6666666666666666,0.40546510810816444,0.11111111111111113,1,0.3333333333333333,1,0,"{""age"":0.2,""blood_pressure"":0.2,""bmi"":0.2,""glucose"":0.2,""insulin"":0.2}"
R_1cf4ymy9mv3KxC9,diabetes,none,3,130100,No Diabetes,Diabetes,0,attribution,No Diabetes,0.75,0.2876820724517809,0.0625,1,0.5,2,0,"{""age"":0.2,""blood_pressure"":0.2,""bmi"":0.2,""glucose"":0.2,""insulin"":0.2}"
R_1cf4ymy9mv3KxC9,diabetes,none,3,130100,No Diabetes,Diabetes,0,exemplar,No Diabetes,0.7163838362407686,0.33353917152810597,0.08043812834550315,1,0.43276767248153725,2,0,"{""age"":0.2,""blood_pressure"":0.2,""bmi"":0.2,""glucose"":0.2,""insulin"":0.2}"
R_1cf4ymy9mv3KxC9,diabetes,none,3,130100,No Diabetes,Diabetes,0,prototype,No Diabetes,0.75,0.2876820724517809,0.0625,1,0.5,2,0,"{""age"":0.2,""blood_pressure"":0.2,""bmi"":0.2,""glucose"":0.2,""insulin"":0.2}"
R_1cf4ymy9mv3KxC9,diabetes,none,4,130101,Diabetes,Diabetes,1,attribution,No Diabetes,0.4971955026987428,0.6987719646424373,0.25281236250636996,0,0.011218106849630878,3,0,"{""age"":0.1352875281621006,""blood_pressure"":0.21903695035759804,""bmi"":0.0346891097848615,""glucose"":0.31832359567529145,""insulin"":0.2926628160201482}"
R_1cf4ymy9mv3KxC9,diabetes,none,4,130101,Diabetes,Diabetes,1,exemplar,No Diabetes,0.407717375610633,0.8971810514468944,0.3507987071535561,0,0.1845652487787341,3,0,"{""age"":0.1352875281621006,""blood_pressure"":0.21903695035759804,""bmi"":0.0346891097848615,""glucose"":0.31832359567529145,""insulin"":0.2926628160201482}"
R_1cf4ymy9mv3KxC9,diabetes,none,4,130101,Diabetes,Diabetes,1,prototype,No Diabetes,0.478825423450766,0.7364192084398826,0.2716229392412733,0,0.08474899483344063,3,0,"{""age"":0.1352875281621006,""blood_pressure"":0.21903695035759804,""bmi"":0.0346891097848615,""glucose"":0.31832359567529145,""insulin"":0.2926628160201482}"
R_1cf4ymy9mv3KxC9,diabetes,none,5,130103,No Diabetes,No Diabetes,1,attribution,No Diabetes,0.5281648921489197,0.6383467482934485,0.22262836900084057,1,0.11277895391241712,4,0,"{""age"":0.27831483528002937,""blood_pressure"":0.12144647357692935,""bmi"":0.09831381194299682,""glucose"":0.33502475469464604,""insulin"":0.16690012450539837}"
R_1cf4ymy9mv3KxC9,diabetes,none,5,130103,No Diabetes,No Diabetes,1,exemplar,No Diabetes,0.5202830950958419,0.6533822019001595,0.23012830885082505,1,0.040566190191683726,4,0,"{""age"":0.27831483528002937,""blood_pressure"":0.12144647357692935,""bmi"":0.09831381194299682,""glucose"":0.33502475469464604,""insulin"":0.16690012450539837}"
R_1cf4ymy9mv3KxC9,diabetes,none,5,130103,No Diabetes,No Diabetes,1,prototype,No Diabetes,0.5506886126851372,0.5965857608190167,0.2018807227708066,1,0.2034533578391495,4,0,"{""age"":0.27831483528002937,""blood_pressure"":0.12144647357692935,""bmi"":0.09831381194299682,""glucose"":0.33502475469464604,""insulin"":0.16690012450539837}"
R_1cf4ymy9mv3KxC9,diabetes,none,6,130102,Diabetes,Diabetes,1,attribution,Diabetes,0.6155788862876097,0.48519217538400694,0.14777959266787447,1,-0.47082450159938793,5,0,"{""age"":0.29366918318559393,""blood_pressure"":0.15663720891046612,""bmi"":0.046458810061388967,""glucose"":0.3534322553127929,""insulin"":0.14980254252975814}"
R_1cf4ymy9mv3KxC9,diabetes,none,6,130102,Diabetes,Diabetes,1,exemplar,No Diabetes,0.47777839630387536,0.738608260048034,0.2727154033669522,0,0.04444320739224922,5,0,"{""age"":0.29366918318559393,""blood_pressure"":0.15663720891046612,""bmi"":0.046458810061388967,""glucose"":0.3534322553127929,""insulin"":0.14980254252975814}"
R_1cf4ymy9mv3KxC9,diabetes,none,6,130102,Diabetes,Diabetes,1,prototype,Diabetes,0.5513229092019726,0.5954345993759944,0.20131113180698135,1,-0.20601722476289053,5,0,"{""age"":0.29366918318559393,""blood_pressure"":0.15663720891046612,""bmi"":0.046458810061388967,""glucose"":0.3534322553127929,""insulin"":0.14980254252975814}"
R_1cf4ymy9mv3KxC9,diabetes,none,7,130107,No Diabetes,Diabetes,0,attribution,No Diabetes,0.5347316012928739,0.6259903377959625,0.21647468283549326,1,0.1391505005948419,6,0,"{""age"":0.2749265581644013,""blood_pressure"":0.13985505630064926,""bmi"":0.07127983388758752,""glucose"":0.3446867407299914,""insulin"":0.1692518109173705}"
R_1cf4ymy9mv3KxC9,diabetes,none,7,130107,No Diabetes,Diabetes,0,exemplar,No Diabetes,0.5395596603595507,0.6170019158575581,0.2120053063682123,1,0.07911932071910144,6,0,"{""age"":0.2749265581644013,""blood_pressure"":0.13985505630064926,""bmi"":0.07127983388758752,""glucose"":0.3446867407299914,""insulin"":0.1692518109173705}"
R_1cf4ymy9mv3KxC9,diabetes,none,7,130107,No Diabetes,Diabetes,0,prototype,No Diabetes,0.5531585561857991,0.5921105985094866,0.19966727590995964,1,0.2134408606092557,6,0,"{""age"":0.2749265581644013,""blood_pressure"":0.13985505630064926,""bmi"":0.07127983388758752,""glucose"":0.3446867407299914,""insulin"":0.1692518109173705}"
R_1cf4ymy9mv3KxC9,diabetes,none,8,130110,No Diabetes,No Diabetes,1,attribution,Diabetes,0.4813891571102076,0.7310792775465536,0.26895720636286097,0,-0.07447777945232484,7,0,"{""age"":0.24038768592348975,""blood_pressure"":0.140694466365226,""bmi"":0.12508497088423,""glucose"":0.306242694654603,""insulin"":0.18759018217245127}"
R_1cf4ymy9mv3KxC9,diabetes,none,8,130110,No Diabetes,No Diabetes,1,exemplar,Diabetes,0.4439326136104481,0.8120824992159578,0.3092109382061072,0,-0.11213477277910378,7,0,"{""age"":0.24038768592348975,""blood_pressure"":0.140694466365226,""bmi"":0.12508497088423,""glucose"":0.306242694654603,""insulin"":0.18759018217245127}"
R_1cf4ymy9mv3KxC9,diabetes,none,8,130110,No Diabetes,No Diabetes,1,prototype,Diabetes,0.46857942016646187,0.758049671571397,0.2824078326706138,0,-0.12584815274042443,7,0,"{""age"":0.24038768592348975,""blood_pressure"":0.140694466365226,""bmi"":0.12508497088423,""glucose"":0.306242694654603,""insulin"":0.18759018217245127}"
R_1cf4ymy9mv3KxC9,diabetes,none,9,130111,Diabetes,No Diabetes,0,attribution,No Diabetes,0.48299107683039344,0.7277570999714547,0.26729822663699615,0,0.06806195486448308,8,0,"{""age"":0.37268209730824275,""blood_pressure"":0.11101209926727407,""bmi"":0.15141662715304438,""glucose"":0.23858113859489094,""insulin"":0.12630803767654789}"
R_1cf4ymy9mv3KxC9,diabetes,none,9,130111,Diabetes,No Diabetes,0,exemplar,No Diabetes,0.4897842474766927,0.713790296114993,0.2603201141229248,0,0.020431505046614618,8,0,"{""age"":0.37268209730824275,""blood_pressure"":0.11101209926727407,""bmi"":0.15141662715304438,""glucose"":0.23858113859489094,""insulin"":0.12630803767654789}"
R_1cf4ymy9mv3KxC9,diabetes,none,9,130111,Diabetes,No Diabetes,0,prototype,No Diabetes,0.48339393674925174,0.7269233537180793,0.26688182458743615,0,0.06644869216726584,8,0,"{""age"":0.37268209730824275,""blood_pressure"":0.11101209926727407,""bmi"":0.15141662715304438,""glucose"":0.23858113859489094,""insulin"":0.12630803767654789}"
R_1cf4ymy9mv3KxC9,diabetes,none,10,130106,No Diabetes,Diabetes,0,attribution,No Diabetes,0.5087748490885757,0.6757497000007853,0.24130214888795154,1,0.035103000463677037,9,0,"{""age"":0.3833710622988496,""blood_pressure"":0.12947478519520506,""bmi"":0.1813259556361236,""glucose"":0.19191674742280168,""insulin"":0.11391144944702004}"
R_1cf4ymy9mv3KxC9,diabetes,none,10,130106,No Diabetes,Diabetes,0,exemplar,No Diabetes,0.5578548621641785,0.5836564540820726,0.19549232291185764,1,0.11570972432835686,9,0,"{""age"":0.3833710622988496,""blood_pressure"":0.12947478519520506,""bmi"":0.1813259556361236,""glucose"":0.19191674742280168,""insulin"":0.11391144944702004}"
R_1cf4ymy9mv3KxC9,diabetes,none,10,130106,No Diabetes,Diabetes,0,prototype,No Diabetes,0.5201147359725582,0.6537058456443614,0.23028986663068754,1,0.08050239128500863,9,0,"{""age"":0.3833710622988496,""blood_pressure"":0.12947478519520506,""bmi"":0.1813259556361236,""glucose"":0.19191674742280168,""insulin"":0.11391144944702004}"
R_1cf4ymy9mv3KxC9,diabetes,none,11,130108,Diabetes,Diabetes,1,attribution,No Diabetes,0.49792155295730145,0.6973127385478468,0.25208276698480786,0,0.008313836058068857,10,0,"{""age"":0.31197080261847626,""blood_pressure"":0.16696565247707668,""bmi"":0.23952980204198715,""glucose"":0.1902024591549565,""insulin"":0.09133128370750337}"
R_1cf4ymy9mv3KxC9,diabetes,none,11,130108,Diabetes,Diabetes,1,exemplar,Diabetes,0.5015248113351025,0.6901021985564944,0.2484775137145052,1,-0.0030496226702049767,10,0,"{""age"":0.31197080261847626,""blood_pressure"":0.16696565247707668,""bmi"":0.23952980204198715,""glucose"":0.1902024591549565,""insulin"":0.09133128370750337}"
R_1cf4ymy9mv3KxC9,diabetes,none,11,130108,Diabetes,Diabetes,1,prototype,Diabetes,0.5081293985061471,0.6770191423708669,0.24193668861392467,1,-0.03252045980466191,10,0,"{""age"":0.31197080261847626,""blood_pressure"":0.16696565247707668,""bmi"":0.23952980204198715,""glucose"":0.1902024591549565,""insulin"":0.09133128370750337}"
R_1cf4ymy9mv3KxC9,diabetes,none,12,130109,Diabetes,No Diabetes,0,attribution,No Diabetes,0.46892945143470455,0.7573029452307499,0.2820359275534438,0,0.1244425384871157,11,0,"{""age"":0.3299408682448252,""blood_pressure"":0.12906345341863545,""bmi"":0.2863168068102719,""glucose"":0.19455964580698365,""insulin"":0.060119225719283825}"
R_1cf4ymy9mv3KxC9,diabetes,none,12,130109,Diabetes,No Diabetes,0,exemplar,Diabetes,0.5168514892568759,0.6599997005615675,0.23343248343329875,1,-0.0337029785137517,11,0,"{""age"":0.3299408682448252,""blood_pressure"":0.12906345341863545,""bmi"":0.2863168068102719,""glucose"":0.19455964580698365,""insulin"":0.060119225719283825}"
R_1cf4ymy9mv3KxC9,diabetes,none,12,130109,Diabetes,No Diabetes,0,prototype,No Diabetes,0.46906467028151155,0.7570146303157347,0.28189232434328015,0,0.12389957555121381,11,0,"{""age"":0.3299408682448252,""blood_pressure"":0.12906345341863545,""bmi"":0.2863168068102719,""glucose"":0.19455964580698365,""insulin"":0.060119225719283825}"
R_5Irw0UadevrjsJj,diabetes,none,1,130108,No Diabetes,Diabetes,0,attribution,Diabetes,0.5,0.6931471805599453,0.25,0,0.0,0,0,"{""age"":0.2,""blood_pressure"":0.2,""bmi"":0.2,""glucose"":0.2,""insulin"":0.2}"
R_5Irw0UadevrjsJj,diabetes,none,1,130108,No Diabetes,Diabetes,0,exemplar,Diabetes,0.5,0.6931471805599453,0.25,0,0.0,0,0,"{""age"":0.2,""blood_pressure"":0.2,""bmi"":0.2,""glucose"":0.2,""insulin"":0.2}"
R_5Irw0UadevrjsJj,diabetes,none,1,130108,No Diabetes,Diabetes,0,prototype,Diabetes,0.5,0.6931471805599453,0.25,0,0.0,0,0,"{""age"":0.2,""blood_pressure"":0.2,""bmi"":0.2,""glucose"":0.2,""insulin"":0.2}"
R_5Irw0UadevrjsJj,diabetes,none,2,130110,Diabetes,No Diabetes,0,attribution,Diabetes,0.6666666666666666,0.40546510810816444,0.1111111111111111,1,-0.3333333333333333,1,0,"{""age"":0.2,""blood_pressure"":0.2,""bmi"":0.2,""glucose"":0.2,""insulin"":0.2}"
R_5Irw0UadevrjsJj,diabetes,none,2,130110,Diabetes,No Diabetes,0,exemplar,Diabetes,0.6366008317849561,0.4516124575296635,0.13205895545938584,1,-0.2732016635699121,1,0,"{""age"":0.2,""blood_pressure"":0.2,""bmi"":0.2,""glucose"":0.2,""insulin"":0.2}"
R_5Irw0UadevrjsJj,diabetes,none,2,130110,Diabetes,No Diabetes,0,prototype,Diabetes,0.6666666666666666,0.40546510810816444,0.1111111111111111,1,-0.3333333333333333,1,0,"{""age"":0.2,""blood_pressure"":0.2,""bmi"":0.2,""glucose"":0.2,""insulin"":0.2}"
R_5Irw0UadevrjsJj,diabetes,none,3,130111,No Diabetes,No Diabetes,1,attribution,No Diabetes,0.501700194803999,0.6897525592041858,0.24830269585837259,1,0.006800805427853338,2,0,"{""age"":0.20841640272778503,""blood_pressure"":0.2438389533890291,""bmi"":0.10833670835807858,""glucose"":0.14304444638533417,""insulin"":0.296363489139773}"
R_5Irw0UadevrjsJj,diabetes,none,3,130111,No Diabetes,No Diabetes,1,exemplar,Diabetes,0.4968711340507763,0.6994245741305486,0.2531386557513519,0,-0.006257731898447361,2,0,"{""age"":0.20841640272778503,""blood_pressure"":0.2438389533890291,""bmi"":0.10833670835807858,""glucose"":0.14304444638533417,""insulin"":0.296363489139773}"
R_5Irw0UadevrjsJj,diabetes,none,3,130111,No Diabetes,No Diabetes,1,prototype,Diabetes,0.4931272646364107,0.7069879949739666,0.2569199698549673,0,-0.02749267301150493,2,0,"{""age"":0.20841640272778503,""blood_pressure"":0.2438389533890291,""bmi"":0.10833670835807858,""glucose"":0.14304444638533417,""insulin"":0.296363489139773}"
R_5Irw0UadevrjsJj,diabetes,none,4,130107,No Diabetes,Diabetes,0,attribution,Diabetes,0.46432588011717624,0.7671686454339195,0.28694676271223785,0,-0.14293935733133925,3,0,"{""age"":0.17616218105636303,""blood_pressure"":0.08493533729552157,""bmi"":0.17371548409755733,""glucose"":0.33030408947504164,""insulin"":0.23488290807551646}"
R_5Irw0UadevrjsJj,diabetes,none,4,130107,No Diabetes,Diabetes,0,exemplar,No Diabetes,0.5716203221274304,0.5592802805013336,0.18350914841420649,1,0.14324064425486088,3,0,"{""age"":0.17616218105636303,""blood_pressure"":0.08493533729552157,""bmi"":0.17371548409755733,""glucose"":0.33030408947504164,""insulin"":0.23488290807551646}"
R_5Irw0UadevrjsJj,diabetes,none,4,130107,No Diabetes,Diabetes,0,prototype,Diabetes,0.46917016957411006,0.7567897414317121,0.28178030886997907,0,-0.12347596232228726,3,0,"{""age"":0.17616218105636303,""blood_pressure"":0.08493533729552157,""bmi"":0.17371548409755733,""glucose"":0.33030408947504164,""insulin"":0.23488290807551646}"
R_5Irw0UadevrjsJj,diabetes,none,5,130106,No Diabetes,Diabetes,0,attribution,Diabetes,0.48441583968823,0.7248115682337121,0.265827026364393,0,-0.06235683895985901,4,0,"{""age"":0.1549929858409558,""blood_pressure"":0.10730283635169618,""bmi"":0.26734774480742013,""glucose"":0.225705966118552,""insulin"":0.24465046688137587}"
R_5Irw0UadevrjsJj,diabetes,none,5,130106,No Diabetes,Diabetes,0,exemplar,Diabetes,0.480744163169302,0.7324200356804471,0.26962662408274846,0,-0.03851167366139607,4,0,"{""age"":0.1549929858409558,""blood_pressure"":0.10730283635169618,""bmi"":0.26734774480742013,""glucose"":0.225705966118552,""insulin"":0.24465046688137587}"
R_5Irw0UadevrjsJj,diabetes,none,5,130106,No Diabetes,Diabetes,0,prototype,Diabetes,0.4768083928101468,0.7406405610156426,0.2737294578339017,0,-0.09283304074403396,4,0,"{""age"":0.1549929858409558,""blood_pressure"":0.10730283635169618,""bmi"":0.26734774480742013,""glucose"":0.225705966118552,""insulin"":0.24465046688137587}"
R_5Irw0UadevrjsJj,diabetes,none,6,130109,Diabetes,No Diabetes,0,attribution,No Diabetes,0.45174206135028216,0.7946439227681766,0.3005867672924378,0,0.19363451096044887,5,0,"{""age"":0.12012750416110066,""blood_pressure"":0.03641705548702061,""bmi"":0.2926008816835295,""glucose"":0.2617434046853311,""insulin"":0.28911115398301807}"
R_5Irw0UadevrjsJj,diabetes,none,6,130109,Diabetes,No Diabetes,0,exemplar,Diabetes,0.5319094614903283,0.6312819892921876,0.21910875224227455,1,-0.06381892298065645,5,0,"{""age"":0.12012750416110066,""blood_pressure"":0.03641705548702061,""bmi"":0.2926008816835295,""glucose"":0.2617434046853311,""insulin"":0.28911115398301807}"
R_5Irw0UadevrjsJj,diabetes,none,6,130109,Diabetes,No Diabetes,0,prototype,No Diabetes,0.44233912272011805,0.8156784451140487,0.3109856540485676,0,0.2316741969500235,5,0,"{""age"":0.12012750416110066,""blood_pressure"":0.03641705548702061,""bmi"":0.2926008816835295,""glucose"":0.2617434046853311,""insulin"":0.28911115398301807}"
R_5Irw0UadevrjsJj,diabetes,none,7,130102,Diabetes,Diabetes,1,attribution,No Diabetes,0.43532858001782415,0.831654176668678,0.3188538125446868,0,0.2601429021091256,6,0,"{""age"":0.11840050294605532,""blood_pressure"":0.005742462872988503,""bmi"":0.28088602319076716,""glucose"":0.268684690750581,""insulin"":0.326286320239608}"
R_5Irw0UadevrjsJj,diabetes,none,7,130102,Diabetes,Diabetes,1,exemplar,No Diabetes,0.4823598299057913,0.7290649083759821,0.2679513456951612,0,0.0352803401884173,6,0,"{""age"":0.11840050294605532,""blood_pressure"":0.005742462872988503,""bmi"":0.28088602319076716,""glucose"":0.268684690750581,""insulin"":0.326286320239608}"
R_5Irw0UadevrjsJj,diabetes,none,7,130102,Diabetes,Diabetes,1,prototype,No Diabetes,0.46925072007056023,0.7566180690029823,0.28169479814561893,0,0.12315253389945591,6,0,"{""age"":0.11840050294605532,""blood_pressure"":0.005742462872988503,""bmi"":0.28088602319076716,""glucose"":0.268684690750581,""insulin"":0.326286320239608}"
R_5Irw0UadevrjsJj,diabetes,none,8,130100,No Diabetes,Diabetes,0,attribution,Diabetes,0.4734206492193179,0.7477709638858145,0.27728581266860464,0,-0.10641771885502307,7,0,"{""age"":0.25552307872598384,""blood_pressure"":0.029634505074988295,""bmi"":0.5606311334383943,""glucose"":0.09476512023305278,""insulin"":0.059446162527580816}"
R_5Irw0UadevrjsJj,diabetes,none,8,130100,No Diabetes,Diabetes,0,exemplar,Diabetes,0.4315944024158717,0.8402690150616124,0.3230849233649699,0,-0.13681119516825652,7,0,"{""age"":0.25552307872598384,""blood_pressure"":0.029634505074988295,""bmi"":0.5606311334383943,""glucose"":0.09476512023305278,""insulin"":0.059446162527580816}"
R_5Irw0UadevrjsJj,diabetes,none,8,130100,No Diabetes,Diabetes,0,prototype,Diabetes,0.46428942538579865,0.7672471596069689,0.2869858197534778,0,-0.14308592312315632,7,0,"{""age"":0.25552307872598384,""blood_pressure"":0.029634505074988295,""bmi"":0.5606311334383943,""glucose"":0.09476512023305278,""insulin"":0.059446162527580816}"
R_5Irw0UadevrjsJj,diabetes,none,9,130103,Diabetes,No Diabetes,0,attribution,No Diabetes,0.441135351556877,0.8184035309953791,0.3123296952794555,0,0.23655556426321378,8,0,"{""age"":0.27997143248926537,""blood_pressure"":0.08547939159343962,""bmi"":0.5020118777229751,""glucose"":0.06072289119327055,""insulin"":0.07181440700104944}"
R_5Irw0UadevrjsJj,diabetes,none,9,130103,Diabetes,No Diabetes,0,exemplar,Diabetes,0.5609425060137337,0.5781368635353732,0.19277148302550012,1,-0.1218850120274676,8,0,"{""age"":0.27997143248926537,""blood_pressure"":0.08547939159343962,""bmi"":0.5020118777229751,""glucose"":0.06072289119327055,""insulin"":0.07181440700104944}"
R_5Irw0UadevrjsJj,diabetes,none,9,130103,Diabetes,No Diabetes,0,prototype,No Diabetes,0.47009004590798453,0.7548310155902207,0.28080455944580196,0,0.11978283078036783,8,0,"{""age"":0.27997143248926537,""blood_pressure"":0.08547939159343962,""bmi"":0.5020118777229751,""glucose"":0.06072289119327055,""insulin"":0.07181440700104944}"
R_5Irw0UadevrjsJj,diabetes,none,10,130105,No Diabetes,No Diabetes,1,attribution,Diabetes,0.4777128080361025,0.7387455470635041,0.27278391088953313,0,-0.08920788084863107,9,0,"{""age"":0.259341357819628,""blood_pressure"":0.15024065782382026,""bmi"":0.5331424626806475,""glucose"":0.0376969449030675,""insulin"":0.019578576772836864}"
R_5Irw0UadevrjsJj,diabetes,none,10,130105,No Diabetes,No Diabetes,1,exemplar,Diabetes,0.4233064937457105,0.8596587908081967,0.33257540015586623,0,-0.153387012508579,9,0,"{""age"":0.259341357819628,""blood_pressure"":0.15024065782382026,""bmi"":0.5331424626806475,""glucose"":0.0376969449030675,""insulin"":0.019578576772836864}"
R_5Irw0UadevrjsJj,diabetes,none,10,130105,No Diabetes,No Diabetes,1,prototype,Diabetes,0.45399362376236285,0.7896721256157083,0.2981229628921562,0,-0.18454750040119836,9,0,"{""age"":0.259341357819628,""blood_pressure"":0.15024065782382026,""bmi"":0.5331424626806475,""glucose"":0.0376969449030675,""insulin"":0.019578576772836864}"
R_5Irw0UadevrjsJj,diabetes,none,11,130104,No Diabetes,No Diabetes,1,attribution,No Diabetes,0.5098587316741692,0.6736215883517576,0.24023846291605408,1,0.03944003837116898,10,0,"{""age"":0.22852479675678725,""blood_pressure"":0.19465915607748022,""bmi"":0.44290179396994034,""glucose"":0.11134872446502857,""insulin"":0.02256552873076366}"
R_5Irw0UadevrjsJj,diabetes,none,11,130104,No Diabetes,No Diabetes,1,exemplar,Diabetes,0.4995448916662177,0.6940578117262424,0.25045531545737776,0,-0.0009102166675644674,10,0,"{""age"":0.22852479675678725,""blood_pressure"":0.19465915607748022,""bmi"":0.44290179396994034,""glucose"":0.11134872446502857,""insulin"":0.02256552873076366}"
R_5Irw0UadevrjsJj,diabetes,none,11,130104,No Diabetes,No Diabetes,1,prototype,No Diabetes,0.5068209012359565,0.6795975897992251,0.2432256234577142,1,0.027285297614648735,10,0,"{""age"":0.22852479675678725,""blood_pressure"":0.19465915607748022,""bmi"":0.44290179396994034,""glucose"":0.11134872446502857,""insulin"":0.02256552873076366}"
R_5Irw0UadevrjsJj,diabetes,none,12,130101,Diabetes,Diabetes,1,attribution,Diabetes,0.5019772640652698,0.6892004510226968,0.24802664550791403,1,-0.007909097489511657,11,0,"{""age"":0.2569840802542673,""blood_pressure"":0.14319531243845654,""bmi"":0.4292954387501351,""glucose"":0.1295864399621784,""insulin"":0.04093872859496277}"
R_5Irw0UadevrjsJj,diabetes,none,12,130101,Diabetes,Diabetes,1,exemplar,No Diabetes,0.46130465697269013,0.7736965931459072,0.2901926725993111,0,0.0773906860546198,11,0,"{""age"":0.2569840802542673,""blood_pressure"":0.14319531243845654,""bmi"":0.4292954387501351,""glucose"":0.1295864399621784,""insulin"":0.04093872859496277}"
R_5Irw0UadevrjsJj,diabetes,none,12,130101,Diabetes,Diabetes,1,prototype,No Diabetes,0.48985056791637005,0.7136548978242492,0.2602524430552503,0,0.04060330572871863,11,0,"{""age"":0.2569840802542673,""blood_pressure"":0.14319531243845654,""bmi"":0.4292954387501351,""glucose"":0.1295864399621784,""insulin"":0.04093872859496277}"
R_6NEvCCrIslsRxzg,diabetes,none,1,130108,No Diabetes,Diabetes,0,attribution,Diabetes,0.5,0.6931471805599453,0.25,0,0.0,0,0,"{""age"":0.2,""blood_pressure"":0.2,""bmi"":0.2,""glucose"":0.2,""insulin"":0.2}"
R_6NEvCCrIslsRxzg,diabetes,none,1,130108,No Diabetes,Diabetes,0,exemplar,Diabetes,0.5,0.6931471805599453,0.25,0,0.0,0,0,"{""age"":0.2,""blood_pressure"":0.2,""bmi"":0.2,""glucose"":0.2,""insulin"":0.2}"
R_6NEvCCrIslsRxzg,diabetes,none,1,130108,No Diabetes,Diabetes,0,prototype,Diabetes,0.5,0.6931471805599453,0.25,0,0.0,0,0,"{""age"":0.2,""blood_pressure"":0.2,""bmi"":0.2,""glucose"":0.2,""insulin"":0.2}"
R_6NEvCCrIslsRxzg,diabetes,none,2,130106,No Diabetes,Diabetes,0,attribution,Diabetes,0.3333333333333333,1.0986122886681098,0.44444444444444453,0,-0.3333333333333333,1,0,"{""age"":0.2,""blood_pressure"":0.2,""bmi"":0.2,""glucose"":0.2,""insulin"":0.2}"
R_6NEvCCrIslsRxzg,diabetes,none,2,130106,No Diabetes,Diabetes,0,exemplar,Diabetes,0.3468044928054581,1.0589940791266264,0.4266643706191348,0,-0.3063910143890839,1,0,"{""age"":0.2,""blood_pressure"":0.2,""bmi"":0.2,""glucose"":0.2,""insulin"":0.2}"
R_6NEvCCrIslsRxzg,diabetes,none,2,130106,No Diabetes,Diabetes,0,prototype,Diabetes,0.3333333333333333,1.0986122886681098,0.44444444444444453,0,-0.3333333333333333,1,0,"{""age"":0.2,""blood_pressure"":0.2,""bmi"":0.2,""glucose"":0.2,""insulin"":0.2}"
R_6NEvCCrIslsRxzg,diabetes,none,3,130107,Diabetes,Diabetes,1,attribution,Diabetes,0.75,0.2876820724517809,0.0625,1,-0.5,2,0,"{""age"":0.2,""blood_pressure"":0.2,""bmi"":0.2,""glucose"":0.2,""insulin"":0.2}"
R_6NEvCCrIslsRxzg,diabetes,none,3,130107,Diabetes,Diabetes,1,exemplar,Diabetes,0.7380333802471737,0.303766224717314,0.06862650986472187,1,-0.47606676049434743,2,0,"{""age"":0.2,""blood_pressure"":0.2,""bmi"":0.2,""glucose"":0.2,""insulin"":0.2}"
R_6NEvCCrIslsRxzg,diabetes,none,3,130107,Diabetes,Diabetes,1,prototype,Diabetes,0.75,0.2876820724517809,0.0625,1,-0.5,2,0,"{""age"":0.2,""blood_pressure"":0.2,""bmi"":0.2,""glucose"":0.2,""insulin"":0.2}"
R_6NEvCCrIslsRxzg,diabetes,none,4,130110,Diabetes,No Diabetes,0,attribution,Diabetes,0.8,0.2231435513142097,0.04000000000000001,1,-0.6000000000000001,3,0,"{""age"":0.2,""blood_pressure"":0.2,""bmi"":0.2,""glucose"":0.2,""insulin"":0.2}"
R_6NEvCCrIslsRxzg,diabetes,none,4,130110,Diabetes,No Diabetes,0,exemplar,Diabetes,0.7689601151238539,0.2627161767203349,0.05337942840358287,1,-0.5379202302477077,3,0,"{""age"":0.2,""blood_pressure"":0.2,""bmi"":0.2,""glucose"":0.2,""insulin"":0.2}"
R_6NEvCCrIslsRxzg,diabetes,none,4,130110,Diabetes,No Diabetes,0,prototype,Diabetes,0.8,0.2231435513142097,0.04000000000000001,1,-0.6000000000000001,3,0,"{""age"":0.2,""blood_pressure"":0.2,""bmi"":0.2,""glucose"":0.2,""insulin"":0.2}"
R_6NEvCCrIslsRxzg,diabetes,none,5,130111,Diabetes,No Diabetes,0,attribution,No Diabetes,0.48554872086607337,0.7224756443473173,0.2646601186025333,0,0.05782122059449575,4,0,"{""age"":0.12949342103244935,""blood_pressure"":0.06840755994725971,""bmi"":0.24416101222451755,""glucose"":0.12844143543747286,""insulin"":0.42949657135830044}"
R_6NEvCCrIslsRxzg,diabetes,none,5,130111,Diabetes,No Diabetes,0,exemplar,Diabetes,0.6505877381206163,0.42987911215305374,0.12208892875166696,1,-0.3011754762412327,4,0,"{""age"":0.12949342103244935,""blood_pressure"":0.06840755994725971,""bmi"":0.24416101222451755,""glucose"":0.12844143543747286,""insulin"":0.42949657135830044}"
R_6NEvCCrIslsRxzg,diabetes,none,5,130111,Diabetes,No Diabetes,0,prototype,Diabetes,0.500052656471438,0.6930418731620879,0.249947346301266,1,-0.00021062588653061876,4,0,"{""age"":0.12949342103244935,""blood_pressure"":0.06840755994725971,""bmi"":0.24416101222451755,""glucose"":0.12844143543747286,""insulin"":0.42949657135830044}"
R_6NEvCCrIslsRxzg,diabetes,none,6,130109,Diabetes,No Diabetes,0,attribution,No Diabetes,0.45174206135028216,0.7946439227681766,0.3005867672924378,0,0.19363451096044887,5,0,"{""age"":0.12012750416110063,""blood_pressure"":0.036417055487020615,""bmi"":0.2926008816835295,""glucose"":0.26174340468533114,""insulin"":0.28911115398301807}"
R_6NEvCCrIslsRxzg,diabetes,none,6,130109,Diabetes,No Diabetes,0,exemplar,Diabetes,0.5319094614903283,0.6312819892921876,0.21910875224227455,1,-0.06381892298065645,5,0,"{""age"":0.12012750416110063,""blood_pressure"":0.036417055487020615,""bmi"":0.2926008816835295,""glucose"":0.26174340468533114,""insulin"":0.28911115398301807}"
R_6NEvCCrIslsRxzg,diabetes,none,6,130109,Diabetes,No Diabetes,0,prototype,No Diabetes,0.44233912272011805,0.8156784451140487,0.3109856540485676,0,0.2316741969500235,5,0,"{""age"":0.12012750416110063,""blood_pressure"":0.036417055487020615,""bmi"":0.2926008816835295,""glucose"":0.26174340468533114,""insulin"":0.28911115398301807}"
R_6NEvCCrIslsRxzg,diabetes,none,7,130100,Diabetes,Diabetes,1,attribution,Diabetes,0.5007734965108483,0.6916013828993018,0.24922710178600388,1,-0.0030939885115602132,6,0,"{""age"":0.11840050294605528,""blood_pressure"":0.005742462872988503,""bmi"":0.28088602319076716,""glucose"":0.268684690750581,""insulin"":0.3262863202396081}"
R_6NEvCCrIslsRxzg,diabetes,none,7,130100,Diabetes,Diabetes,1,exemplar,No Diabetes,0.498656679377445,0.695837437302794,0.2513451251328499,0,0.002686641245109922,6,0,"{""age"":0.11840050294605528,""blood_pressure"":0.005742462872988503,""bmi"":0.28088602319076716,""glucose"":0.268684690750581,""insulin"":0.3262863202396081}"
R_6NEvCCrIslsRxzg,diabetes,none,7,130100,Diabetes,Diabetes,1,prototype,No Diabetes,0.496263595121256,0.7006480516456529,0.25375036560016184,0,0.014945897726471535,6,0,"{""age"":0.11840050294605528,""blood_pressure"":0.005742462872988503,""bmi"":0.28088602319076716,""glucose"":0.268684690750581,""insulin"":0.3262863202396081}"
R_6NEvCCrIslsRxzg,diabetes,none,8,130103,Diabetes,No Diabetes,0,attribution,No Diabetes,0.48301584540301934,0.7277058196502452,0.2672726161043548,0,0.06796276595826796,7,0,"{""age"":0.1773595171700085,""blood_pressure"":0.05146712463283608,""bmi"":0.3175126701035353,""glucose"":0.15069456882225002,""insulin"":0.3029661192713701}"
R_6NEvCCrIslsRxzg,diabetes,none,8,130103,Diabetes,No Diabetes,0,exemplar,Diabetes,0.5498828039432881,0.5980501072006621,0.2026054901859564,1,-0.09976560788657629,7,0,"{""age"":0.1773595171700085,""blood_pressure"":0.05146712463283608,""bmi"":0.3175126701035353,""glucose"":0.15069456882225002,""insulin"":0.3029661192713701}"
R_6NEvCCrIslsRxzg,diabetes,none,8,130103,Diabetes,No Diabetes,0,prototype,No Diabetes,0.49965695868891363,0.6938334986445042,0.2503431589884275,0,0.0013721654596425825,7,0,"{""age"":0.1773595171700085,""blood_pressure"":0.05146712463283608,""bmi"":0.3175126701035353,""glucose"":0.15069456882225002,""insulin"":0.3029661192713701}"
R_6NEvCCrIslsRxzg,diabetes,none,9,130104,No Diabetes,No Diabetes,1,attribution,Diabetes,0.4926785088702286,0.7078984294819393,0.25737509536213476,0,-0.029288057923938404,8,0,"{""age"":0.19297724839153227,""blood_pressure"":0.11462845764148531,""bmi"":0.433166833125152,""glucose"":0.03663248094706592,""insulin"":0.22259497989476454}"
R_6NEvCCrIslsRxzg,diabetes,none,9,130104,No Diabetes,No Diabetes,1,exemplar,Diabetes,0.49049420294556767,0.7123418187100309,0.2595961572320724,0,-0.01901159410886466,8,0,"{""age"":0.19297724839153227,""blood_pressure"":0.11462845764148531,""bmi"":0.433166833125152,""glucose"":0.03663248094706592,""insulin"":0.22259497989476454}"
R_6NEvCCrIslsRxzg,diabetes,none,9,130104,No Diabetes,No Diabetes,1,prototype,Diabetes,0.49572374133488906,0.7017364805394968,0.25429454505328186,0,-0.017105451731152743,8,0,"{""age"":0.19297724839153227,""blood_pressure"":0.11462845764148531,""bmi"":0.433166833125152,""glucose"":0.03663248094706592,""insulin"":0.22259497989476454}"
R_6NEvCCrIslsRxzg,diabetes,none,10,130102,Diabetes,Diabetes,1,attribution,Diabetes,0.5119586908451644,0.6695113391406305,0.2381843194415658,1,-0.04784388766351064,9,0,"{""age"":0.2538010828413331,""blood_pressure"":0.09350977370154802,""bmi"":0.43758509178356547,""glucose"":0.013090164203848004,""insulin"":0.20201388746970544}"
R_6NEvCCrIslsRxzg,diabetes,none,10,130102,Diabetes,Diabetes,1,exemplar,No Diabetes,0.4769924733801568,0.7402545672955262,0.273536872901006,0,0.046015053239686354,9,0,"{""age"":0.2538010828413331,""blood_pressure"":0.09350977370154802,""bmi"":0.43758509178356547,""glucose"":0.013090164203848004,""insulin"":0.20201388746970544}"
R_6NEvCCrIslsRxzg,diabetes,none,10,130102,Diabetes,Diabetes,1,prototype,No Diabetes,0.49984801534066325,0.6934511960866563,0.2501520077586735,0,0.0006079386560711719,9,0,"{""age"":0.2538010828413331,""blood_pressure"":0.09350977370154802,""bmi"":0.43758509178356547,""glucose"":0.013090164203848004,""insulin"":0.20201388746970544}"
R_6NEvCCrIslsRxzg,diabetes,none,11,130101,Diabetes,Diabetes,1,attribution,Diabetes,0.5076327115005909,0.6779971017577142,0.2424255467842604,1,-0.03053321790030817,10,0,"{""age"":0.3055734513245439,""blood_pressure"":0.11274473264851625,""bmi"":0.5031931049159507,""glucose"":0.07133770184526962,""insulin"":0.007151009265719526}"
R_6NEvCCrIslsRxzg,diabetes,none,11,130101,Diabetes,Diabetes,1,exemplar,No Diabetes,0.497918380993847,0.6973191089761582,0.25208595214383966,0,0.004163238012305892,10,0,"{""age"":0.3055734513245439,""blood_pressure"":0.11274473264851625,""bmi"":0.5031931049159507,""glucose"":0.07133770184526962,""insulin"":0.007151009265719526}"
R_6NEvCCrIslsRxzg,diabetes,none,11,130101,Diabetes,Diabetes,1,prototype,No Diabetes,0.49150890971667927,0.710275211956616,0.2585631888975201,0,0.03396762674286476,10,0,"{""age"":0.3055734513245439,""blood_pressure"":0.11274473264851625,""bmi"":0.5031931049159507,""glucose"":0.07133770184526962,""insulin"":0.007151009265719526}"
R_6NEvCCrIslsRxzg,diabetes,none,12,130105,Diabetes,No Diabetes,0,attribution,Diabetes,0.5145850859235261,0.6643943614364696,0.23562763880787044,1,-0.058356899392518695,11,0,"{""age"":0.3958782141768669,""blood_pressure"":0.12713525646626658,""bmi"":0.38489029817711046,""glucose"":0.07375221704299711,""insulin"":0.018344014136758915}"
R_6NEvCCrIslsRxzg,diabetes,none,12,130105,Diabetes,No Diabetes,0,exemplar,Diabetes,0.5591953535238535,0.5812563972461037,0.19430873635496043,1,-0.1183907070477071,11,0,"{""age"":0.3958782141768669,""blood_pressure"":0.12713525646626658,""bmi"":0.38489029817711046,""glucose"":0.07375221704299711,""insulin"":0.018344014136758915}"
R_6NEvCCrIslsRxzg,diabetes,none,12,130105,Diabetes,No Diabetes,0,prototype,Diabetes,0.5276225425791616,0.6393741324043473,0.223140462279376,1,-0.11060278265474419,11,0,"{""age"":0.3958782141768669,""blood_pressure"":0.12713525646626658,""bmi"":0.38489029817711046,""glucose"":0.07375221704299711,""insulin"":0.018344014136758915}"
R_7dLIzOnNZHuhh7z,diabetes,none,1,130101,No Diabetes,Diabetes,0,attribution,Diabetes,0.5,0.6931471805599453,0.25,0,0.0,0,0,"{""age"":0.2,""blood_pressure"":0.2,""bmi"":0.2,""glucose"":0.2,""insulin"":0.2}"
R_7dLIzOnNZHuhh7z,diabetes,none,1,130101,No Diabetes,Diabetes,0,exemplar,Diabetes,0.5,0.6931471805599453,0.25,0,0.0,0,0,"{""age"":0.2,""blood_pressure"":0.2,""bmi"":0.2,""glucose"":0.2,""insulin"":0.2}"
R_7dLIzOnNZHuhh7z,diabetes,none,1,130101,No Diabetes,Diabetes,0,prototype,Diabetes,0.5,0.6931471805599453,0.25,0,0.0,0,0,"{""age"":0.2,""blood_pressure"":0.2,""bmi"":0.2,""glucose"":0.2,""insulin"":0.2}"
R_7dLIzOnNZHuhh7z,diabetes,none,2,130100,Diabetes,Diabetes,1,attribution,Diabetes,0.6666666666666666,0.40546510810816444,0.1111111111111111,1,-0.3333333333333333,1,0,"{""age"":0.2,""blood_pressure"":0.2,""bmi"":0.2,""glucose"":0.2,""insulin"":0.2}"
R_7dLIzOnNZHuhh7z,diabetes,none,2,130100,Diabetes,Diabetes,1,exemplar,Diabetes,0.6446986201559467,0.43897232695644195,0.12623907051908828,1,-0.28939724031189334,1,0,"{""age"":0.2,""blood_pressure"":0.2,""bmi"":0.2,""glucose"":0.2,""insulin"":0.2}"
R_7dLIzOnNZHuhh7z,diabetes,none,2,130100,Diabetes,Diabetes,1,prototype,Diabetes,0.6666666666666666,0.40546510810816444,0.1111111111111111,1,-0.3333333333333333,1,0,"{""age"":0.2,""blood_pressure"":0.2,""bmi"":0.2,""glucose"":0.2,""insulin"":0.2}"
R_7dLIzOnNZHuhh7z,diabetes,none,3,130105,No Diabetes,No Diabetes,1,attribution,Diabetes,0.25,1.3862943611198906,0.5625,0,-0.5,2,0,"{""age"":0.2,""blood_pressure"":0.2,""bmi"":0.2,""glucose"":0.2,""insulin"":0.2}"
R_7dLIzOnNZHuhh7z,diabetes,none,3,130105,No Diabetes,No Diabetes,1,exemplar,Diabetes,0.28325409134646284,1.2614109348836777,0.5137246975715847,0,-0.4334918173070743,2,0,"{""age"":0.2,""blood_pressure"":0.2,""bmi"":0.2,""glucose"":0.2,""insulin"":0.2}"
R_7dLIzOnNZHuhh7z,diabetes,none,3,130105,No Diabetes,No Diabetes,1,prototype,Diabetes,0.25,1.3862943611198906,0.5625,0,-0.5,2,0,"{""age"":0.2,""blood_pressure"":0.2,""bmi"":0.2,""glucose"":0.2,""insulin"":0.2}"
R_7dLIzOnNZHuhh7z,diabetes,none,4,130103,No Diabetes,No Diabetes,1,attribution,No Diabetes,0.5233143095512115,0.647573021144642,0.2272292474786382,1,0.09332491401561263,3,0,"{""age"":0.1854557716071148,""blood_pressure"":0.14836461728758346,""bmi"":0.10115769360487942,""glucose"":0.4018208384855772,""insulin"":0.1632010790148452}"
R_7dLIzOnNZHuhh7z,diabetes,none,4,130103,No Diabetes,No Diabetes,1,exemplar,Diabetes,0.43146013123439386,0.8405801684762021,0.32323758237601263,0,-0.1370797375312124,3,0,"{""age"":0.1854557716071148,""blood_pressure"":0.14836461728758346,""bmi"":0.10115769360487942,""glucose"":0.4018208384855772,""insulin"":0.1632010790148452}"
R_7dLIzOnNZHuhh7z,diabetes,none,4,130103,No Diabetes,No Diabetes,1,prototype,No Diabetes,0.5286318558614237,0.6374630140393942,0.22218792730864564,1,0.11465285385911694,3,0,"{""age"":0.1854557716071148,""blood_pressure"":0.14836461728758346,""bmi"":0.10115769360487942,""glucose"":0.4018208384855772,""insulin"":0.1632010790148452}"
R_7dLIzOnNZHuhh7z,diabetes,none,5,130102,Diabetes,Diabetes,1,attribution,Diabetes,0.6128058685279067,0.48970708402212837,0.1499192954464286,1,-0.4591219959945185,4,0,"{""age"":0.22550418186769763,""blood_pressure"":0.21856559165740758,""bmi"":0.047720801972282,""glucose"":0.37290691538214354,""insulin"":0.13530250912046932}"
R_7dLIzOnNZHuhh7z,diabetes,none,5,130102,Diabetes,Diabetes,1,exemplar,Diabetes,0.5372401248601006,0.6213101245310062,0.2141467020394953,1,-0.07448024972020123,4,0,"{""age"":0.22550418186769763,""blood_pressure"":0.21856559165740758,""bmi"":0.047720801972282,""glucose"":0.37290691538214354,""insulin"":0.13530250912046932}"
R_7dLIzOnNZHuhh7z,diabetes,none,5,130102,Diabetes,Diabetes,1,prototype,Diabetes,0.5692097271486706,0.5635063237545684,0.1855802591833229,1,-0.278627589468288,4,0,"{""age"":0.22550418186769763,""blood_pressure"":0.21856559165740758,""bmi"":0.047720801972282,""glucose"":0.37290691538214354,""insulin"":0.13530250912046932}"
R_7dLIzOnNZHuhh7z,diabetes,none,6,130104,No Diabetes,No Diabetes,1,attribution,No Diabetes,0.5202556419239648,0.6534349691271867,0.2301546491057871,1,0.08106693516962155,5,0,"{""age"":0.21298780968008946,""blood_pressure"":0.22707292674403717,""bmi"":0.07006960521145918,""glucose"":0.3513981273951768,""insulin"":0.13847153096923745}"
R_7dLIzOnNZHuhh7z,diabetes,none,6,130104,No Diabetes,No Diabetes,1,exemplar,Diabetes,0.4478478846148154,0.8033016474955215,0.30487195852433424,0,-0.10430423077036921,5,0,"{""age"":0.21298780968008946,""blood_pressure"":0.22707292674403717,""bmi"":0.07006960521145918,""glucose"":0.3513981273951768,""insulin"":0.13847153096923745}"
R_7dLIzOnNZHuhh7z,diabetes,none,6,130104,No Diabetes,No Diabetes,1,prototype,Diabetes,0.4994159474727521,0.6943159683808974,0.2505843936446025,0,-0.002336211171555025,5,0,"{""age"":0.21298780968008946,""blood_pressure"":0.22707292674403717,""bmi"":0.07006960521145918,""glucose"":0.3513981273951768,""insulin"":0.13847153096923745}"
R_7dLIzOnNZHuhh7z,diabetes,none,7,130111,No Diabetes,No Diabetes,1,attribution,No Diabetes,0.5108598324742164,0.6716600268475263,0.23925810348715165,1,0.0434461625764449,6,0,"{""age"":0.2749265581644013,""blood_pressure"":0.13985505630064926,""bmi"":0.07127983388758752,""glucose"":0.3446867407299914,""insulin"":0.1692518109173705}"
R_7dLIzOnNZHuhh7z,diabetes,none,7,130111,No Diabetes,No Diabetes,1,exemplar,No Diabetes,0.5054933350030409,0.6822204255678984,0.24453684172641468,1,0.010986670006081944,6,0,"{""age"":0.2749265581644013,""blood_pressure"":0.13985505630064926,""bmi"":0.07127983388758752,""glucose"":0.3446867407299914,""insulin"":0.1692518109173705}"
R_7dLIzOnNZHuhh7z,diabetes,none,7,130111,No Diabetes,No Diabetes,1,prototype,Diabetes,0.49670410040991975,0.6997608015980555,0.25330676254418816,0,-0.013183789315731373,6,0,"{""age"":0.2749265581644013,""blood_pressure"":0.13985505630064926,""bmi"":0.07127983388758752,""glucose"":0.3446867407299914,""insulin"":0.1692518109173705}"
R_7dLIzOnNZHuhh7z,diabetes,none,8,130108,No Diabetes,Diabetes,0,attribution,No Diabetes,0.5218112850462759,0.6504492793645109,0.22866444710909395,1,0.08730054388122273,7,0,"{""age"":0.33515443217401053,""blood_pressure"":0.16762048149519282,""bmi"":0.09847021508933548,""glucose"":0.25205530191412784,""insulin"":0.14669956932733333}"
R_7dLIzOnNZHuhh7z,diabetes,none,8,130108,No Diabetes,Diabetes,0,exemplar,No Diabetes,0.5728886125031469,0.5570639747015356,0.18242413732948698,1,0.1457772250062938,7,0,"{""age"":0.33515443217401053,""blood_pressure"":0.16762048149519282,""bmi"":0.09847021508933548,""glucose"":0.25205530191412784,""insulin"":0.14669956932733333}"
R_7dLIzOnNZHuhh7z,diabetes,none,8,130108,No Diabetes,Diabetes,0,prototype,No Diabetes,0.5274159962367937,0.63976567515356,0.22333564061286218,1,0.10977408695455626,7,0,"{""age"":0.33515443217401053,""blood_pressure"":0.16762048149519282,""bmi"":0.09847021508933548,""glucose"":0.25205530191412784,""insulin"":0.14669956932733333}"
R_7dLIzOnNZHuhh7z,diabetes,none,9,130110,Diabetes,No Diabetes,0,attribution,Diabetes,0.5010291581577343,0.6910909796751843,0.24897190100877933,1,-0.004116638444551041,8,0,"{""age"":0.3141638208939794,""blood_pressure"":0.14255568756862722,""bmi"":0.15470062910002683,""glucose"":0.26096946687260714,""insulin"":0.12761039556475934}"
R_7dLIzOnNZHuhh7z,diabetes,none,9,130110,Diabetes,No Diabetes,0,exemplar,No Diabetes,0.49263839689325256,0.7079798489252952,0.25741579630704875,0,0.014723206213494933,8,0,"{""age"":0.3141638208939794,""blood_pressure"":0.14255568756862722,""bmi"":0.15470062910002683,""glucose"":0.26096946687260714,""insulin"":0.12761039556475934}"
R_7dLIzOnNZHuhh7z,diabetes,none,9,130110,Diabetes,No Diabetes,0,prototype,Diabetes,0.5079051779131543,0.6774605064776338,0.24215731392468431,1,-0.03162334676302336,8,0,"{""age"":0.3141638208939794,""blood_pressure"":0.14255568756862722,""bmi"":0.15470062910002683,""glucose"":0.26096946687260714,""insulin"":0.12761039556475934}"
R_7dLIzOnNZHuhh7z,diabetes,none,10,130107,No Diabetes,Diabetes,0,attribution,No Diabetes,0.523996988131323,0.6462693425186005,0.22657886730805185,1,0.0960617547969311,9,0,"{""age"":0.40437739102864,""blood_pressure"":0.1063841969678024,""bmi"":0.16493519690037645,""glucose"":0.2340017229965073,""insulin"":0.09030149210667399}"
R_7dLIzOnNZHuhh7z,diabetes,none,10,130107,No Diabetes,Diabetes,0,exemplar,No Diabetes,0.561785543545891,0.5766350970284616,0.19203190984537014,1,0.12357108709178222,9,0,"{""age"":0.40437739102864,""blood_pressure"":0.1063841969678024,""bmi"":0.16493519690037645,""glucose"":0.2340017229965073,""insulin"":0.09030149210667399}"
R_7dLIzOnNZHuhh7z,diabetes,none,10,130107,No Diabetes,Diabetes,0,prototype,No Diabetes,0.5293135892906157,0.6361742263676333,0.22154569722648323,1,0.11738897501000639,9,0,"{""age"":0.40437739102864,""blood_pressure"":0.1063841969678024,""bmi"":0.16493519690037645,""glucose"":0.2340017229965073,""insulin"":0.09030149210667399}"
R_7dLIzOnNZHuhh7z,diabetes,none,11,130106,No Diabetes,Diabetes,0,attribution,No Diabetes,0.5021509309930929,0.6888545451305818,0.2478536955110441,1,0.008603777046513626,10,0,"{""age"":0.39214484744170786,""blood_pressure"":0.09512469145145062,""bmi"":0.23705301279471291,""glucose"":0.1968503060635902,""insulin"":0.07882714224853835}"
R_7dLIzOnNZHuhh7z,diabetes,none,11,130106,No Diabetes,Diabetes,0,exemplar,No Diabetes,0.5070013042354757,0.679241702937703,0.24304771402552194,1,0.014002608470951527,10,0,"{""age"":0.39214484744170786,""blood_pressure"":0.09512469145145062,""bmi"":0.23705301279471291,""glucose"":0.1968503060635902,""insulin"":0.07882714224853835}"
R_7dLIzOnNZHuhh7z,diabetes,none,11,130106,No Diabetes,Diabetes,0,prototype,No Diabetes,0.5102582073941427,0.6728383923766801,0.2398470234247985,1,0.041038588255364404,10,0,"{""age"":0.39214484744170786,""blood_pressure"":0.09512469145145062,""bmi"":0.23705301279471291,""glucose"":0.1968503060635902,""insulin"":0.07882714224853835}"
R_7dLIzOnNZHuhh7z,diabetes,none,12,130109,Diabetes,No Diabetes,0,attribution,No Diabetes,0.46892945143470466,0.7573029452307497,0.2820359275534437,0,0.12444253848711564,11,0,"{""age"":0.32994086824482505,""blood_pressure"":0.12906345341863565,""bmi"":0.2863168068102718,""glucose"":0.19455964580698368,""insulin"":0.0601192257192838}"
R_7dLIzOnNZHuhh7z,diabetes,none,12,130109,Diabetes,No Diabetes,0,exemplar,Diabetes,0.5168514892568759,0.6599997005615675,0.23343248343329864,1,-0.03370297851375181,11,0,"{""age"":0.32994086824482505,""blood_pressure"":0.12906345341863565,""bmi"":0.2863168068102718,""glucose"":0.19455964580698368,""insulin"":0.0601192257192838}"
R_7dLIzOnNZHuhh7z,diabetes,none,12,130109,Diabetes,No Diabetes,0,prototype,No Diabetes,0.46906467028151155,0.7570146303157347,0.28189232434328004,0,0.12389957555121375,11,0,"{""age"":0.32994086824482505,""blood_pressure"":0.12906345341863565,""bmi"":0.2863168068102718,""glucose"":0.19455964580698368,""insulin"":0.0601192257192838}"
