participant,xai,case,instance id,selected model family,possible subsets,mean selection F1,mean amount MAE,mean direction accuracy,observed success,simulated success,observed target confidence gain,simulated target confidence gain,observed boundary improvement,simulated boundary improvement,observed plausibility,simulated plausibility,observed actionability,simulated actionability,observed edit L1,simulated edit L1
R_12myev0XH9WOz3H,counterfactual,1,160200,weighted examples,10,0.6578379013122075,0.19521987263900847,1.0,1.0,0.0,0.978433201147,0.18216426005090638,-0.00688856187709,0.0461970624026709,0.943670203643,0.9359723501079312,1.0,1.0000000000000002,0.58942807329,0.1451687433723212
R_12myev0XH9WOz3H,counterfactual,2,160210,weighted examples,10,0.39305271980588563,0.20198427103582098,1.0,1.0,0.11561578725153428,0.992579443499,0.24095297210592673,0.00974907649142,0.03416745430516397,0.956044904223,0.9255449140354816,1.0,1.0,0.587044297543,0.12834147054811545
R_12myev0XH9WOz3H,counterfactual,3,160211,weighted examples,10,0.5959583053701994,0.29553475756399383,1.0,1.0,0.7675038069371942,0.982544878524,0.5506139870637938,-0.063283941387,0.04108834558971902,0.922016055137,0.9541209231879295,1.0,1.0,0.84674062691,0.13566242477884677
R_12myev0XH9WOz3H,counterfactual,4,160201,weighted examples,10,0.7647853870676693,0.27915711823993145,1.0,1.0,0.0,0.961146859544,0.00035327149585718143,0.216530682834,0.06423491087219979,0.961167382098,0.9443218117713666,1.0,1.0,1.143468704332,0.2137312048300415
R_12myev0XH9WOz3H,counterfactual,5,160214,weighted examples,10,0.7398425033947562,0.049667272277299106,1.0,1.0,0.9886549184369625,0.995710408034,0.9456070039411502,-0.0819156298857,-0.00868175240189297,0.949918197625,0.9633538130275698,1.0,1.0,0.2504090118762,0.18323093486215153
R_12myev0XH9WOz3H,counterfactual,6,160212,weighted examples,10,0.7404247236504516,0.1090523047482813,1.0,1.0,0.9576849704552128,0.985477630771,0.8542406791184136,-0.137543890565,-0.00014228729338921703,0.90899851121,0.96888265098588,1.0,0.9999999999999998,0.509980054358,0.1870307940774272
R_12myev0XH9WOz3H,counterfactual,7,160202,weighted examples,10,0.6128268060473179,0.1026294249651404,1.0,1.0,0.8285003616188485,0.976996201152,0.6716539029890987,-0.0894967315903,0.02727405197645489,0.941565679544,0.9729463489924882,1.0,1.0000000000000002,0.341352786527,0.1352682550375595
R_12myev0XH9WOz3H,counterfactual,8,160203,weighted examples,5,0.6014279374236969,0.37945396508091206,1.0,1.0,0.787965500568465,0.984592992532,0.5061489810727624,-0.11777313682,0.04049632036419778,0.9065754727,0.9823540166960097,1.0,0.9999999999999998,0.535623193334,0.0882299165199504
R_12myev0XH9WOz3H,counterfactual,9,160213,weighted examples,10,0.5534437210829825,0.14692294862532296,1.0,1.0,0.0,0.991813492145,0.04791968630104927,-0.000156729202273,0.026714477693150773,0.91064789382,0.9739853955162773,1.0,1.0,0.44676053089800005,0.13007302241861382
R_12myev0XH9WOz3H,counterfactual,10,160204,weighted examples,10,0.7289096598574122,0.06048129520215223,1.0,1.0,1.0,0.968511067467,0.9593807966565416,-0.148338972583,-0.06482075497078137,0.941955904774,0.9621388285956423,1.0,1.0,0.29022047612949997,0.189305857021789
R_12myev0XH9WOz3H,counterfactual,11,160206,weighted examples,5,0.3765613377665279,0.2354130415789477,0.0,0.0,0.0,3.68459666489e-06,2.3649692590711484e-08,0.340179505719,0.04120021638873095,0.958305291533,0.9770273091037267,1.0,1.0,0.217391304348,0.11486345448136631
R_12myev0XH9WOz3H,counterfactual,12,160205,weighted examples,5,0.24810919698662218,0.13143383979849538,0.0,0.0,0.0,-4.50992121026e-06,0.0004302252984105698,-0.2776021388,0.012037604088782756,0.959374501017,0.9689952015699406,1.0,1.0,0.0935215099473,0.11552818748011157
R_12myev0XH9WOz3H,counterfactual,13,160217,weighted examples,10,0.41830193688209255,0.21396901915879923,0.0,0.0,0.03529011793735218,-0.155502075481,-0.09784223835196856,-0.141062189037,-0.08358781717955857,0.958084396025,0.9617046526473317,1.0,0.9999999999999999,0.400201863513,0.2422493360669618
R_12myev0XH9WOz3H,counterfactual,14,160209,weighted examples,5,0.21749732891173384,0.11744934793341823,0.0,0.0,0.0,-3.52136532633e-06,0.0005445542102839287,-0.0737096887322,0.035755502196738745,0.985482438887,0.9758362806151384,1.0,1.0,0.0725878055634,0.12081859692430685
R_12myev0XH9WOz3H,counterfactual,15,160218,weighted examples,10,0.6493750057447306,0.2943872735487488,0.0,0.0,0.7747513472072203,-0.0239102237744,0.7332214979063029,-0.178564173566,0.019457517703949583,0.969386940166,0.9417604298597297,1.0,0.9999999999999999,0.853866430233,0.2911978507013512
R_12myev0XH9WOz3H,counterfactual,16,160207,weighted examples,5,0.18941447560632493,0.14008562701323224,0.0,0.0,0.0,-5.29202229593e-07,0.0006892180624904613,-0.0543173073318,0.06890700586112822,0.977755549311,0.9749724363419628,1.0,0.9999999999999999,0.111222253442,0.1251378182901851
R_12myev0XH9WOz3H,counterfactual,17,160219,weighted examples,10,0.6343022174714383,0.22081121556918398,0.0,0.0,0.9907885810769179,-0.0506422015536,0.8423531773187367,-0.091712094076,-0.043635069791351434,0.956276116922,0.9467335733135596,1.0,1.0,0.5584473401627,0.30594589374791453
R_12myev0XH9WOz3H,counterfactual,18,160215,weighted examples,10,0.3825474820611981,0.2056779271903982,0.0,0.0,0.3205724743171682,-0.0633938406869,0.2902937389922257,-0.0881671150694,0.036435815046172916,0.947181397779,0.9588490190166564,1.0,0.9999999999999999,0.369665195909,0.26046235001910695
R_12myev0XH9WOz3H,counterfactual,19,160216,weighted examples,10,0.6197766342243507,0.30397349575275284,0.0,0.0,0.9879733189620089,-0.0573979607447,0.8976413843141885,-0.180989310473,-0.06974211552776194,0.957199935729,0.9403255788363206,1.0,1.0,0.8767651311314,0.3163902814985405
R_12myev0XH9WOz3H,counterfactual,20,160208,weighted examples,5,0.223670410599944,0.2611589158289182,0.0,0.0,0.223670410599944,-0.0118458059251,0.2745320900184413,-0.22331270896,0.05997458222771334,0.974456950004,0.9768650929823387,1.0,1.0000000000000002,0.306070396191,0.11567453508830688
R_156Kmlz4ECsrHQR,attribution,1,160201,feature contribution,10,0.7139715127154607,0.25257082102701106,0.0,0.0,0.2092100578767657,5.92197406059e-05,0.31373289494956497,0.0868357230876,0.2496245114334078,0.934929393069,0.9431146455820859,0.0,0.42579987497973953,0.585819381887,0.3700799932087001
R_156Kmlz4ECsrHQR,attribution,2,160200,feature contribution,10,0.6824513044265202,0.1653010882654579,0.0,1.0,0.0,0.889892470481,-0.00047776173574759983,0.0493293279932,-0.0025252802811414803,0.914803589483,0.937859358081059,1.0,0.42579987497973953,0.6165846623612,0.022449253591075205
R_156Kmlz4ECsrHQR,attribution,3,160203,feature contribution,5,0.7287232766388954,0.29182237290080926,0.0,1.0,0.0,0.974785115173,0.017993011905817795,-0.0608063227482,8.488784130544801e-06,0.935659490225,0.9963192828212303,1.0,0.921841786043717,0.321702548874,0.018403585893849293
R_156Kmlz4ECsrHQR,attribution,4,160204,feature contribution,10,0.5634167963416079,0.1471562982779586,0.0,1.0,0.0,0.540606528417,0.028369583963049404,0.0331148140589,0.00633411690724256,0.921644690515,0.9970105716940991,1.0,0.6792039414191566,0.394374554837,0.014947141529503773
R_156Kmlz4ECsrHQR,attribution,5,160212,feature contribution,10,0.5312792959145052,0.37170299751409636,0.0,0.0,0.9476871286431969,0.342466707624,0.9428998489104901,0.0240599308706,-0.1834492321289566,0.911372415193,0.9251512554254152,1.0,0.6792039414191566,0.587831707933,0.4866078871227139
R_156Kmlz4ECsrHQR,attribution,6,160202,feature contribution,10,0.6250892911978242,0.2678691497047156,0.0,1.0,0.0,0.971065144698,0.011635981671207022,-0.0336920966449,0.004147229067799915,0.873852503593,0.9971787763837227,1.0,0.6792039414191566,0.692641368007,0.014106118081385947
R_156Kmlz4ECsrHQR,attribution,7,160213,feature contribution,10,0.5634167963416079,0.2877385711746395,0.0,0.0,0.5314561362840045,-0.00727051489963,0.536611062874282,-0.159666472071,0.02998194327096885,0.910002407026,0.9501227342887584,1.0,0.6792039414191566,0.539244988563,0.265173565328485
R_156Kmlz4ECsrHQR,attribution,8,160214,feature contribution,10,0.5312792959145052,0.19416376809377725,0.0,1.0,0.0,0.988558651327,0.00943456308510684,-0.0759431795256,0.009979827348928643,0.913988705506,0.996544603170326,1.0,0.6792039414191566,0.5375794916709999,0.017276984148369076
R_156Kmlz4ECsrHQR,attribution,9,160210,feature contribution,10,0.5634167963416079,0.22909092476596551,0.1615207773866226,0.0,0.9620898519792378,-0.00204855749624,0.9611619337194146,-0.142741851342,-0.09582005557352619,0.919351145497,0.9445002031489776,1.0,0.6792039414191566,0.397862576846,0.3314166177655311
R_156Kmlz4ECsrHQR,attribution,10,160211,feature contribution,10,0.5634167963416079,0.24780902400400057,0.0,0.0,0.17116044060541036,-0.0166667387937,0.14985570358546374,-0.141041763001,-0.01733198545890888,0.941095022931,0.936410741580039,1.0,0.6792039414191566,0.43251357648,0.25983533262609976
R_156Kmlz4ECsrHQR,attribution,11,160205,feature contribution,10,0.6824513044265202,0.14835717570442253,1.0,0.0,0.011095174986573619,0.000304393259964,0.011126078889016427,0.188064181618,-0.07648160547485373,0.938483349503,0.8969249876026567,1.0,0.42579987497973953,0.658532326265,0.6864503453567392
R_156Kmlz4ECsrHQR,attribution,12,160215,feature contribution,10,0.6250892911978242,0.23906453500853597,1.0,0.0,0.9088248812510649,-0.077463431851,0.8196143913274473,-0.13990958111,-0.055471485828825426,0.919902305736,0.9293528636788062,1.0,0.6792039414191566,0.874202468179,0.44852571150953835
R_156Kmlz4ECsrHQR,attribution,13,160209,feature contribution,10,0.5634167963416079,0.2197652224533992,1.0,1.0,0.8976101427718239,0.999993065577,0.8099020520122059,-0.0141608888424,0.16402574423596847,0.888120535125,0.9390073639607868,1.0,0.6792039414191566,0.765023346792,0.340522121310078
R_156Kmlz4ECsrHQR,attribution,14,160206,feature contribution,10,0.5634167963416079,0.15968453082050865,1.0,0.0,0.0,7.32421456817e-10,0.010711279826168619,0.248064535473,0.08918628124777427,0.906241414758,0.9039141616441242,1.0,0.6792039414191566,0.555515961396,0.5684137898441259
R_156Kmlz4ECsrHQR,attribution,15,160219,feature contribution,10,0.6660886224292254,0.22741219141274532,0.48601510835142026,0.0,0.21702951225319678,-0.0490111478407,0.15963656931703635,-0.062944945474,-0.005405142095902666,0.891852188766,0.9379751120048772,0.0,0.42579987497973953,0.732878655353,0.3503460711188657
R_156Kmlz4ECsrHQR,attribution,16,160208,feature contribution,10,0.5634167963416079,0.24330408163509404,1.0,0.0,0.2345139385296189,0.270891083007,0.2736209392933575,0.0730747605393,0.04970782776352744,0.912453515835,0.9510124198133063,1.0,0.6792039414191566,0.816893750873,0.26768931618165637
R_156Kmlz4ECsrHQR,attribution,17,160218,feature contribution,10,0.28372311925985,0.1689726224128886,0.43222036685178383,1.0,0.0,0.887422933439,-0.0034926913838734387,0.0420302907944,-0.012548192448379946,0.968253657716,0.9933919416703588,0.0,0.6792039414191566,0.537682464707,0.03304029164820553
R_156Kmlz4ECsrHQR,attribution,18,160216,feature contribution,10,0.7139715127154607,0.11261600368214633,1.0,1.0,0.9905190417131641,0.874723085308,0.9323289564443014,-0.0435365603723,-0.09943779767962507,0.948330988451,0.9509786661340877,0.0,0.42579987497973953,0.6217969688480001,0.24902151675776701
R_156Kmlz4ECsrHQR,attribution,19,160217,feature contribution,5,0.07815821395628311,0.35715799606711385,1.0,0.0,0.0,-0.155695104757,0.12577675832276553,-0.127621561057,-0.0213397391062738,0.960170195362,0.9391461257701806,0.0,0.921841786043717,0.351351351351,0.3878137556434607
R_156Kmlz4ECsrHQR,attribution,20,160207,feature contribution,10,0.5634167963416079,0.19721868554874228,1.0,1.0,0.8976101427718239,0.999992733136,0.8805759080143993,-0.0296470556529,0.14169825115290366,0.901129226888,0.9485432423639357,1.0,0.6792039414191566,0.678647415782,0.2910172638910801
R_1Fh1UMJw1me9wFr,none,1,160211,feature contribution,6,0.8069470710297734,0.1543432945204337,1.0,0.0,0.9999999999999999,0.138410307673,0.8080213861984362,0.0304616738738,-0.018925822504228473,0.935847318733,0.926767174924042,1.0,0.9999999999999999,0.54898676961,0.7023870428521154
R_1Fh1UMJw1me9wFr,none,2,160210,feature contribution,4,0.9060768952566844,0.16202976550592804,1.0,1.0,1.0,0.979927560795,0.9979344220692036,0.0270240424801,-0.21853506817846585,0.947871850475,0.9292969638967981,1.0,1.0,0.7179955257144,0.8141864263399103
R_1Fh1UMJw1me9wFr,none,3,160212,feature contribution,6,0.45794498326491295,0.18043806738779394,1.0,1.0,0.9999999999999999,0.66301546717,0.9811943772264721,0.0289622362175,-0.2328040623238132,0.942604810829,0.9151975587857519,1.0,0.9999999999999999,0.286975945857,0.4928197345244606
R_1Fh1UMJw1me9wFr,none,4,160203,feature contribution,6,0.7313947929797537,0.20838335311196063,1.0,1.0,0.9536750395574592,0.972167537093,0.9380534638585366,-0.0271533267867,-0.19989804794103436,0.94480895501,0.9124926330078942,1.0,1.0,0.3006801438121,0.7158859358826285
R_1Fh1UMJw1me9wFr,none,5,160214,feature contribution,4,0.6756871578121019,0.08761331604642142,1.0,1.0,1.0,0.994158127236,0.9959588711525218,-0.099368463084,-0.19723077340518325,0.943632518698,0.9568740642189473,1.0,1.0,0.2818374065101,0.39116811863357615
R_1Fh1UMJw1me9wFr,none,6,160213,feature contribution,4,0.885951408118121,0.10990890808524528,1.0,1.0,1.0,0.674824547248,0.9877730977764754,0.0792105129423,-0.05511764401681647,0.939648150665,0.926736149922164,1.0,1.0,0.6844413568318,0.790184958879625
R_1Fh1UMJw1me9wFr,none,7,160204,feature contribution,4,0.8937195817886485,0.12387281889523008,1.0,1.0,0.9999999999999999,0.968262558659,0.9684572809411202,-0.0946603568294,-0.1873242325886621,0.952496219487,0.9264446424379086,1.0,0.9999999999999999,0.23751890256179997,0.5454024321012839
R_1Fh1UMJw1me9wFr,none,8,160202,feature contribution,4,0.9498586524402499,0.05919012460572915,1.0,1.0,1.0,0.977387251048,0.9657179609868671,-0.133165042213,-0.06579760096669235,0.928255218387,0.9413106902990374,1.0,1.0,0.471016922322,0.29344654850481244
R_1Fh1UMJw1me9wFr,none,9,160200,feature contribution,1,0.8571428571428571,0.0786825059593169,1.0,1.0,1.0,0.984871976087,0.8564113697495793,-0.0462677145183,0.04459918671269526,0.938867454316,0.9392942086781565,1.0,1.0,0.6506712772590001,0.3427258272945076
R_1Fh1UMJw1me9wFr,none,10,160201,feature contribution,4,0.870053658335995,0.1563672584678574,1.0,1.0,0.38983902499201534,0.622614645169,0.3999211891417393,0.271980891817,0.21047755760975378,0.965089427211,0.9351906998676678,1.0,1.0,1.029071108096,0.6161282186809163
R_1Fh1UMJw1me9wFr,none,11,160205,feature contribution,4,0.9027613086785689,0.23354003960130854,1.0,1.0,0.0,0.83041712246,0.01768732499487597,0.261194213069,0.07971347452427902,0.944655427882,0.9368675260607886,1.0,1.0,0.810793846018,1.0845239691831647
R_1Fh1UMJw1me9wFr,none,12,160216,feature contribution,6,0.8125573186622695,0.19232535581694618,1.0,1.0,0.39502940760723315,0.879009861663,0.5573939178329108,-0.0328709477638,-0.04602512194779623,0.936726284554,0.9405289312371955,1.0,1.0,0.39156077739399997,0.6796665245860269
R_1Fh1UMJw1me9wFr,none,13,160209,feature contribution,6,0.6952268466190503,0.23456005177587141,1.0,0.0,0.9760307474849638,0.0159661650416,0.9684851755958949,0.0526119793119,0.12236472610785236,0.930727537243,0.9216417041178742,1.0,1.0,0.829504507887,0.5142577360873013
R_1Fh1UMJw1me9wFr,none,14,160206,feature contribution,4,0.9260797741889448,0.22098998414139906,1.0,0.0,0.0,0.0695401336076,0.015735352967986775,0.516313991179,0.2371818440467131,0.947220824589,0.9229599546800016,1.0,1.0,1.043105390459,1.2972827732473997
R_1Fh1UMJw1me9wFr,none,15,160215,feature contribution,4,0.9132140955474463,0.20321944084885385,1.0,1.0,0.1240691975721731,0.896749746264,0.025233951064100046,-0.0808774798574,-0.08224562423105646,0.936732769203,0.927464860239247,1.0,1.0,0.5400094445070001,0.9224766021925788
R_1Fh1UMJw1me9wFr,none,16,160207,feature contribution,6,0.6786545213654256,0.14456375973473373,1.0,1.0,0.9766260138257925,0.620299408976,0.9751698580833583,0.190891181702,0.0720723403327809,0.926782310685,0.9373644415082201,1.0,1.0,0.565653898136,0.4270276045266348
R_1Fh1UMJw1me9wFr,none,17,160218,feature contribution,4,0.21163136620703163,0.1574918724225996,1.0,0.0,0.7538830379710112,0.469096420233,0.5956436414145607,0.0812648997456,0.05296202229036727,0.95652173913,0.9771495593718176,1.0,1.0,0.217391304348,0.11425220314091175
R_1Fh1UMJw1me9wFr,none,18,160217,feature contribution,6,0.654007645178366,0.18462177574067662,1.0,1.0,0.06541791583220652,0.673988518867,-0.08425718848890112,-0.0102271298496,-0.16367152969076132,0.935384105054,0.9221039443201909,1.0,1.0,0.651506606397,0.6676735461205723
R_1Fh1UMJw1me9wFr,none,19,160208,feature contribution,4,0.6489675184793974,0.2666481372529581,1.0,0.0,0.06906631887071298,-0.0112496232924,0.07573959522972236,-0.0869853239873,-0.018717703406489372,0.916274849459,0.9340250357583885,1.0,1.0,0.418625752701,0.3722762037162731
R_1Fh1UMJw1me9wFr,none,20,160219,feature contribution,4,0.9025051660975929,0.22159062946593006,1.0,1.0,0.0432165524136732,0.85735959389,0.08663448097417469,-0.0264287221642,-0.05874461016664283,0.939507788224,0.946575998263323,1.0,0.9999999999999999,0.438848438441,0.9593946483422103
R_1KMTwE2iCLDGMxz,none,1,160212,weighted examples,4,0.4910836581896751,0.15723159006964632,1.0,0.0,0.508916341810325,0.314925228385,0.6337362135071183,0.0261525853393,-0.07551411412075382,0.94069176735,0.940797680453805,1.0,1.0,0.296541163248,0.29601159773097496
R_1KMTwE2iCLDGMxz,none,2,160201,weighted examples,4,0.6678648059808215,0.20394610290829923,1.0,0.0,0.6678648059808215,0.155996590757,0.6019421389387961,0.224873718754,0.1979680123016108,0.938872925816,0.9283713002600518,1.0,1.0,0.35708212889,0.4273471498886548
R_1KMTwE2iCLDGMxz,none,3,160210,weighted examples,4,0.5897376289731553,0.1890593932651038,1.0,0.0,0.4102623710268447,-0.00204389789078,0.3841243811675743,-0.0972046520882,-0.022013387843066945,0.948785942235,0.9413459784736351,1.0,1.0,0.28732228154,0.36175989372170014
R_1KMTwE2iCLDGMxz,none,4,160200,weighted examples,4,0.7694090708190255,0.09660720661453298,1.0,0.0,0.0,0.35344138134,0.14130523782261808,0.0838396550318,0.02730789149296873,0.945036704384,0.9539735658362908,1.0,0.9999999999999998,0.153035198096,0.2118813268741639
R_1KMTwE2iCLDGMxz,none,5,160203,weighted examples,4,0.6866967014319585,0.11115247350846524,1.0,1.0,0.6866967014319585,0.97984266006,0.6688094207175908,-0.0655317331125,-0.04214711207217793,0.943984076679,0.95734712176702,1.0,1.0,0.34858017344,0.2511334673667497
R_1KMTwE2iCLDGMxz,none,6,160213,weighted examples,4,0.11375532664170908,0.26835599291879997,1.0,0.0,1.0,0.0470493674739,0.9714920030482059,0.0540258031291,-0.02202312010722628,0.970955324529,0.9452965499823456,1.0,1.0,0.145223377353,0.4136984922745906
R_1KMTwE2iCLDGMxz,none,7,160202,weighted examples,4,0.6057968552417058,0.0462897963508053,1.0,0.0,0.2501889034855916,0.20696804382,0.38802855937555336,0.0346477631845,0.022114594651626615,0.976838437763,0.9770730901297643,1.0,1.0,0.115807811183,0.11463454935117845
R_1KMTwE2iCLDGMxz,none,8,160204,weighted examples,4,0.2524629100009586,0.19109199066432822,0.0,1.0,0.7112739912746653,0.968375666599,0.6775895063930152,-0.0658162361921,-0.037819557579654876,0.960891004931,0.9777640853470295,1.0,0.9999999999999999,0.195544975344,0.1111795732648515
R_1KMTwE2iCLDGMxz,none,9,160211,weighted examples,4,0.06889680014817742,0.20417466231411885,1.0,1.0,0.6055329827136315,0.786336289308,0.38291497960407894,0.0474106753663,0.0383187227851455,0.953053322427,0.9254428267085926,1.0,1.0,0.102023465397,0.3159700917649589
R_1KMTwE2iCLDGMxz,none,10,160214,weighted examples,4,0.1408505844062861,0.1950996929141752,1.0,1.0,0.32847930441802514,0.994487964327,0.4418546982161092,-0.0230091937215,-0.01655982667989615,0.960869565217,0.9518553377004486,1.0,1.0,0.195652173913,0.24072331149775664
R_1KMTwE2iCLDGMxz,none,11,160215,weighted examples,4,0.1339747377830244,0.27947949413263146,1.0,0.0,0.14050406070335802,-0.047551204542,0.07356557586460295,0.0091885939065,-0.09140572204588729,0.961381673131,0.9605953024160898,1.0,1.0,0.255058663493,0.3650066736912474
R_1KMTwE2iCLDGMxz,none,12,160209,weighted examples,4,0.1307861972115061,0.3540474481502634,1.0,0.0,0.8302792389817066,-4.03910944191e-06,0.8199032250509778,0.0165768954587,0.08573606794134944,0.933216661976,0.9238371281959011,1.0,1.0000000000000002,0.337412194437,0.4263013520306045
R_1KMTwE2iCLDGMxz,none,13,160205,weighted examples,4,0.16720200701505863,0.36057554473736503,1.0,0.0,0.18079720121770615,-4.55950461542e-06,0.26557805270224366,-0.155788289985,0.16413132284064424,0.902913606078,0.9294809991048065,1.0,1.0,0.358822073744,0.48149735988377856
R_1KMTwE2iCLDGMxz,none,14,160219,weighted examples,4,0.11486891169485997,0.2863613284937156,1.0,0.0,0.30005134866423105,-0.0473827248619,0.3282884784288976,-0.0554600005323,-0.0031775870226884878,0.938959003547,0.9595429150498948,1.0,1.0,0.305204982265,0.2915960333211542
R_1KMTwE2iCLDGMxz,none,15,160217,weighted examples,4,0.03218328241821966,0.22486281250658766,1.0,0.0,0.3678614992027252,-0.141702957027,0.25483729158414453,-0.092627788447,-0.031872389931621524,0.963251661866,0.9528384638121044,1.0,0.9999999999999999,0.188825512784,0.2631184036300184
R_1KMTwE2iCLDGMxz,none,16,160208,weighted examples,4,0.5809378042445582,0.19065983003535458,1.0,0.0,0.06886003845728807,-0.0108204734438,0.04869819658974955,0.00546339634017,-0.0016806491773140768,0.947697432358,0.9567785273467841,1.0,1.0,0.446827760607,0.32376380737639743
R_1KMTwE2iCLDGMxz,none,17,160207,weighted examples,4,0.7001079844283883,0.25466832031859293,1.0,0.0,0.8610127721984703,0.120229841998,0.8390419740800614,0.174606596766,0.06950262613046082,0.960891004931,0.9356421635478493,1.0,0.9999999999999998,0.195544975344,0.39801228550013057
R_1KMTwE2iCLDGMxz,none,18,160206,weighted examples,4,0.6579793075310976,0.2826759676123053,1.0,0.0,0.0,0.0209749074706,0.0015199393034359158,0.479667568411,0.3134581702339629,0.927744423615,0.9561628468694174,1.0,1.0,0.73,0.47467782821910653
R_1KMTwE2iCLDGMxz,none,19,160218,weighted examples,4,0.6439251202506222,0.07963558911287992,1.0,1.0,0.6439251202506222,0.941986484382,0.686563438812757,0.0248358947877,0.032836878123594856,0.946517561112,0.9556108590354239,1.0,1.0,0.267412194437,0.22194570482288098
R_1KMTwE2iCLDGMxz,none,20,160216,weighted examples,4,0.16387158394395,0.2628917893103646,1.0,1.0,0.8604999742747724,0.941624305183,0.8408152097189151,-0.121913368728,-0.1024589745315017,0.946795347686,0.9430530914347238,1.0,1.0,0.266023261569,0.3219053214901557
R_1QfQiW4jahDRgtB,attribution,1,160202,weighted examples,4,0.6336070388016644,0.10041075538843662,1.0,1.0,0.8124154190807995,0.959720702972,0.5654542006682266,-0.0207024699236,0.026378963257477753,0.956838437763,0.9729107336572426,1.0,1.0,0.215807811183,0.1354463317137876
R_1QfQiW4jahDRgtB,attribution,2,160200,weighted examples,4,0.29104607605175015,0.14750470006644154,1.0,1.0,0.0,0.727966824714,0.33468620028369583,0.0700999551433,0.07449677680639546,0.924342551832,0.9397026582123076,1.0,1.0,0.212832256252,0.14191893968245306
R_1QfQiW4jahDRgtB,attribution,3,160203,weighted examples,4,0.5297304943734602,0.09573653957623598,1.0,1.0,0.5297304943734602,0.964637355484,0.5045908682664256,-0.0166608433112,-0.04846423389885056,0.957490222751,0.9659106522161777,1.0,1.0,0.212548886244,0.1704467389191122
R_1QfQiW4jahDRgtB,attribution,4,160212,weighted examples,4,0.5510615727071309,0.20369060975024994,1.0,1.0,0.9015070890958032,0.968116625369,0.7163636337022548,-0.0174530190967,-0.04929676757398656,0.91269176735,0.9377192051905099,1.0,1.0,0.436541163248,0.31140397404744996
R_1QfQiW4jahDRgtB,attribution,5,160211,weighted examples,4,0.6096398730443974,0.18347229880693094,1.0,1.0,0.6658106340045719,0.819458602095,0.41739742211123154,0.0138997882761,0.03375723284277741,0.906881605398,0.9222729404903176,1.0,1.0,0.454638943523,0.32401871369860297
R_1QfQiW4jahDRgtB,attribution,6,160213,weighted examples,4,0.1930789662676608,0.29859406495024915,1.0,1.0,1.0,0.992370286091,0.9760189163560539,-0.0481916203458,-0.003300469597532324,0.934955324529,0.9495721076094457,1.0,1.0,0.325223377353,0.379077569871867
R_1QfQiW4jahDRgtB,attribution,7,160210,weighted examples,4,0.6469801281140849,0.1391708537937851,1.0,0.0,0.3530198718859151,0.3230926317,0.4005486788734061,0.0594064421352,-0.008415426817416773,0.935321485927,0.9382815194045784,1.0,1.0,0.44732228154,0.3791626857841582
R_1QfQiW4jahDRgtB,attribution,8,160204,weighted examples,4,0.2889881970059753,0.18097362387887567,0.0,1.0,0.7110118029940247,0.96799719946,0.649616961245486,-0.0519486477985,-0.033378487109843764,0.965992178201,0.9776566411392774,1.0,0.9999999999999999,0.170039108995,0.11171679430361275
R_1QfQiW4jahDRgtB,attribution,9,160201,weighted examples,4,0.2548100165303867,0.2912686781527514,1.0,1.0,0.0,0.832864908308,0.03435205802821876,0.2561519359,0.19074544081143466,0.913452916097,0.9325937448012693,1.0,1.0,0.401955605507,0.281017992756629
R_1QfQiW4jahDRgtB,attribution,10,160214,weighted examples,4,0.06439584109604705,0.17670764763710003,1.0,1.0,0.4173062331895187,0.994468897623,0.4321285713711814,-0.0242989442148,-0.06266275580766886,0.967267771846,0.9587812847771908,1.0,0.9999999999999998,0.16366114077,0.2060935761140453
R_1QfQiW4jahDRgtB,attribution,11,160209,weighted examples,4,0.1801828196150097,0.2679614530803987,0.0,0.0,0.7849274188026614,-3.9869150098e-06,0.7475045317495963,-0.111747212818,0.11047924116014242,0.971482438887,0.9433312071548716,1.0,1.0,0.142587805563,0.3226759034106996
R_1QfQiW4jahDRgtB,attribution,12,160206,weighted examples,4,0.04829534047325191,0.35337046043113607,1.0,0.0,0.0,1.52360822863e-05,0.0015471589543330096,0.361918636154,0.33189458916388337,0.96265311762,0.9594914950135849,1.0,1.0,0.239130434783,0.47014047684905347
R_1QfQiW4jahDRgtB,attribution,13,160217,weighted examples,4,0.03270176891083936,0.28101650950985113,0.0,0.0,0.2281234842918773,0.0896684783847,0.1428073822298413,-0.0010941961005,-0.051953577107820406,0.954590167376,0.9597646642433888,1.0,1.0,0.331174487216,0.21787625387799014
R_1QfQiW4jahDRgtB,attribution,14,160218,weighted examples,4,0.5512954883088589,0.29256686228348433,0.0,0.0,0.5512954883088589,-0.0222517458422,0.6627275138866973,-0.0556380987715,0.04446942027305252,0.969482438887,0.9575254399030435,1.0,1.0,0.152587805563,0.21237280048478313
R_1QfQiW4jahDRgtB,attribution,15,160215,weighted examples,4,0.0460234191153716,0.30526209802383414,0.0,0.0,0.14018821091609904,0.0142962509021,0.07481272993993099,-0.00171390633401,-0.10180305839444252,0.952939974267,0.9563460135684474,1.0,1.0,0.260637819612,0.3344952030337958
R_1QfQiW4jahDRgtB,attribution,16,160219,weighted examples,4,0.04431377027530272,0.21248911969069792,1.0,0.0,0.2960507375760561,-0.0354011991705,0.46654643030159687,-0.08861336528,0.01140872317567503,0.964291787111,0.9567250819748445,1.0,1.0,0.178541064445,0.24777110003900377
R_1QfQiW4jahDRgtB,attribution,17,160207,weighted examples,4,0.04048784651369425,0.31137840893869706,0.0,0.0,0.8451815297923022,-3.04521532479e-06,0.7105397790074655,-0.0381845695248,0.1337663985912244,0.939130434782,0.9538765218195365,1.0,1.0,0.304347826087,0.3012352063430015
R_1QfQiW4jahDRgtB,attribution,18,160208,weighted examples,4,0.057327272331779616,0.27096405468439383,0.0,0.0,0.057327272331779616,-0.0118437792659,0.024452360953741398,-0.163698912512,0.019178939279760096,0.976157341094,0.9624105293858207,1.0,1.0,0.229552797143,0.29405204376978544
R_1QfQiW4jahDRgtB,attribution,19,160205,weighted examples,4,0.04272308054529222,0.3936518726211371,0.0,0.0,0.0,0.000189218413345,0.18309548186164376,0.140048611231,0.17502892481937216,0.960949224958,0.9336363331769844,1.0,1.0,0.304347826087,0.4650654465402114
R_1QfQiW4jahDRgtB,attribution,20,160216,weighted examples,4,0.05022740931041141,0.3254956092707917,1.0,0.0,0.8569078287844415,-0.0393512497498,0.8400309471251457,-0.0836757434874,-0.09049300685698843,0.943686877608,0.9464743704106676,1.0,1.0,0.360345602697,0.2882197400680303
R_1ReJOex9cmkqbNa,counterfactual,1,160203,weighted examples,4,0.7188647323760191,0.2861241268839843,1.0,1.0,0.9377712166115341,0.984573002088,0.8872299129005012,-0.109345546917,-0.018142434684819752,0.91677781924,0.9606401651524332,1.0,1.0,0.484611460636,0.19679917423783325
R_1ReJOex9cmkqbNa,counterfactual,2,160200,weighted examples,6,0.5879469750233196,0.1339800684553538,1.0,1.0,0.4917324880233868,0.976874452502,0.4825828156508165,0.0266731774512,0.06974098541804519,0.972951679076,0.9423350771235448,1.0,1.0,0.47437411883299996,0.35579392271801874
R_1ReJOex9cmkqbNa,counterfactual,3,160201,weighted examples,6,0.586070712345376,0.31806373516008357,1.0,1.0,0.0,0.999988423099,0.022817350166984916,0.0888565120641,0.17084333494854706,0.937576391775,0.935914538373186,1.0,0.9999999999999999,1.0074655907149999,0.374065980126623
R_1ReJOex9cmkqbNa,counterfactual,4,160202,weighted examples,4,0.7617390773842542,0.05129815200652442,1.0,1.0,1.0,0.974709673501,0.9508233456184143,-0.0285192235849,-0.03469398277271615,0.964291787111,0.963108046573896,1.0,1.0,0.178541064445,0.1844597671305202
R_1ReJOex9cmkqbNa,counterfactual,5,160211,weighted examples,4,0.7688853115976101,0.2526635256167914,1.0,1.0,0.7688853115976101,0.982416860445,0.743521551428589,0.0180443575348,0.014912330278622274,0.932394891559,0.9433720726865761,1.0,1.0,0.433599727937,0.18458859210000847
R_1ReJOex9cmkqbNa,counterfactual,6,160213,weighted examples,6,0.6541807482958493,0.18622182986196012,1.0,1.0,0.3736253065591653,0.992373097378,0.44553148585757535,-0.0591283573039,0.03397092869093277,0.939852580169,0.9417536167628285,1.0,0.9999999999999999,0.63882953949,0.33911827629198676
R_1ReJOex9cmkqbNa,counterfactual,7,160210,weighted examples,6,0.32408070765037555,0.2456664474888233,1.0,1.0,0.8605611406622709,0.997935148096,0.8578098119883617,-0.151993048987,-0.01821958636041492,0.955876734088,0.9135346258551172,1.0,1.0,0.695522397023,0.33775388221168556
R_1ReJOex9cmkqbNa,counterfactual,8,160214,weighted examples,6,0.6599502036599112,0.09695327731908834,1.0,1.0,0.9999999999999999,0.995959979668,0.9959492734964277,-0.115172016101,-0.16176013285672441,0.973108192153,0.9458504234808977,1.0,0.9999999999999999,0.258750348182,0.3363625468369011
R_1ReJOex9cmkqbNa,counterfactual,9,160204,weighted examples,6,0.6082503415966646,0.09184247265951753,1.0,1.0,1.0000000000000002,0.968511307036,0.9684996003569969,-0.24543902725,-0.1907033928328496,0.925020597278,0.9310465199433869,1.0,1.0000000000000002,0.377777724479,0.3448845666284837
R_1ReJOex9cmkqbNa,counterfactual,10,160212,weighted examples,4,0.7582951675536694,0.14354038873364167,1.0,1.0,0.9999999999999999,0.985477631631,0.9854748176644401,-0.234112150982,-0.15738185902589732,0.884894557909,0.908000003966542,1.0,0.9999999999999999,0.7974883977830001,0.49807370893410635
R_1ReJOex9cmkqbNa,counterfactual,11,160206,weighted examples,6,0.6366933310693723,0.11451379034344684,1.0,0.0,0.0,-2.23339124972e-11,5.7335360845076415e-06,-0.0613021811392,0.1678977390751972,0.951239254177,0.9426855121711657,1.0,1.0,0.3109128142953,0.438177502623162
R_1ReJOex9cmkqbNa,counterfactual,12,160217,weighted examples,6,0.44136666162151356,0.21658483234390208,1.0,0.0,0.024783826570994465,-0.141880726329,-0.035742067788874676,-0.142825760186,-0.10852944072078671,0.935421952299,0.9502051876838596,1.0,1.0,0.4638450672815,0.45871198502887545
R_1ReJOex9cmkqbNa,counterfactual,13,160216,weighted examples,6,0.38568761891898296,0.22417524371042485,1.0,1.0,1.0,0.9195685006,0.79344256688697,-0.0214814584139,-0.040094361541171686,0.90196403637,0.9455477308491375,1.0,1.0,0.49017981815,0.46033012205124535
R_1ReJOex9cmkqbNa,counterfactual,14,160208,weighted examples,4,0.19919373541009902,0.1499824521735338,1.0,0.0,0.19919373541009902,0.454106245247,0.4761028065967766,0.0851456170799,0.0664683432978388,0.9829960891,0.9550493121465817,1.0,1.0,0.0850195544975,0.22475343926709118
R_1ReJOex9cmkqbNa,counterfactual,15,160207,weighted examples,4,0.6242278781857704,0.10334148815692559,1.0,0.0,0.0,0.00111055554983,0.03678997075813621,0.103440738975,0.11530441515868753,0.95652173913,0.9528426479897164,1.0,1.0,0.217391304348,0.23578676005141833
R_1ReJOex9cmkqbNa,counterfactual,16,160209,weighted examples,6,0.6747308893497175,0.1730513482031806,1.0,0.0,0.4065179638076945,-3.09331949611e-06,0.37449398809717943,0.0606037828184,0.1444905053773094,0.942920355773,0.9401877509820359,1.0,1.0000000000000002,0.671760020524,0.44427861498864246
R_1ReJOex9cmkqbNa,counterfactual,17,160215,weighted examples,4,0.09131468883374742,0.17578932226224014,1.0,0.0,0.05868494655301286,-0.0457317773676,0.0156909492712645,-0.00771554607488,-0.04152347853203883,0.962655055671,0.9636602948002384,1.0,0.9999999999999999,0.0765175990478,0.2790647928076431
R_1ReJOex9cmkqbNa,counterfactual,18,160205,weighted examples,4,0.23874584127147952,0.1487232107557077,1.0,0.0,0.0,0.000119642828121,0.01486224045463564,0.085135273913,0.01664404246048807,0.957674109927,0.9556007380843791,1.0,1.0,0.0850195544975,0.22256056248634049
R_1ReJOex9cmkqbNa,counterfactual,19,160218,weighted examples,4,0.13123474053655426,0.15610088057048652,1.0,0.0,0.25630927599912556,0.40642768881,0.4442914745927378,0.0758154258209,0.04677900680126451,0.98129569801,0.9539331987475618,1.0,1.0,0.0935215099473,0.23033400626219136
R_1ReJOex9cmkqbNa,counterfactual,20,160219,weighted examples,4,0.10104480228221671,0.1762821808685141,1.0,0.0,0.09857409088694985,0.00587766775138,0.370091913270384,-0.022750876973,0.013804439900595603,0.97619452474,0.9540281855389268,1.0,1.0,0.119027376297,0.2507983088182171
R_1TZbMIIo6RtFnsb,attribution,1,160204,feature contribution,4,0.5411639416731093,0.09604698299020667,1.0,1.0,0.9514553117410245,0.968300038939,0.9201770070451673,-0.0600891886248,-0.05436214909578254,0.962591396021,0.9704830036461689,1.0,1.0,0.187043019895,0.14758498176915516
R_1TZbMIIo6RtFnsb,attribution,2,160213,feature contribution,6,0.7335125003326403,0.11103534517932598,1.0,0.0,0.9999999999999998,0.366722353079,0.9404071871016817,0.0840349829173,-0.03641546171632522,0.940761076508,0.9345886022941303,1.0,0.9999999999999998,0.650005986049,0.6315049661880847
R_1TZbMIIo6RtFnsb,attribution,3,160211,feature contribution,4,0.9360473335081835,0.09218298785550279,1.0,0.0,0.9999999999999998,-0.000555747290179,0.9227567262752185,-0.00332250027242,-0.006462243031277674,0.963797445523,0.9356029047129988,1.0,0.9999999999999998,0.70583609278,0.8324913945100549
R_1TZbMIIo6RtFnsb,attribution,4,160212,feature contribution,6,0.7884077093243949,0.19207625510334458,1.0,1.0,1.0,0.985477483166,0.9848169577396656,-0.119206547914,-0.30809050875685023,0.910046877472,0.9118639336695319,1.0,1.0,0.449765612642,0.6736534333465163
R_1TZbMIIo6RtFnsb,attribution,5,160210,feature contribution,6,0.7785288812809503,0.1803668252621234,1.0,1.0,0.9844304445743889,0.596098167538,0.979002935672645,0.06263798706,-0.16150915647858827,0.968355883354,0.9404146131723549,1.0,1.0,0.52548940189,0.6537330227811935
R_1TZbMIIo6RtFnsb,attribution,6,160200,feature contribution,6,0.6805545056264581,0.17249272423488174,1.0,1.0,0.5003384533566793,0.971603653412,0.5527736456766092,0.0150619750019,0.0653752823960331,0.940927865347,0.9394649127253812,1.0,1.0,0.566431984189,0.3068651694120369
R_1TZbMIIo6RtFnsb,attribution,7,160203,feature contribution,6,0.744871197075553,0.21927140308064727,1.0,1.0,0.9704341927212157,0.984594595425,0.9186184581995307,-0.168045791284,-0.04233992550383358,0.903637764114,0.9378211420259746,1.0,0.9999999999999999,0.5915556527847,0.3108942898701267
R_1TZbMIIo6RtFnsb,attribution,8,160201,feature contribution,1,0.8571428571428571,0.15982987452682576,1.0,1.0,1.0,0.999790020687,0.6465709319453515,0.138005852435,0.2591338822184146,0.942044973135,0.9380428225982739,1.0,1.0,1.330087846102,0.9940056363139449
R_1TZbMIIo6RtFnsb,attribution,9,160202,feature contribution,4,0.9506747929081996,0.04130168392346278,1.0,1.0,1.0,0.97735064511,0.9771435644253964,-0.0932230309314,-0.11771333837203089,0.938464337036,0.931541177605276,1.0,1.0,0.37227388098799996,0.4337264188851448
R_1TZbMIIo6RtFnsb,attribution,10,160214,feature contribution,6,0.7973707164445654,0.10364604077993145,1.0,1.0,1.0,0.995887767688,0.9954171128395923,-0.0648165334737,-0.1460115235259751,0.949097834156,0.9509246904078112,1.0,1.0,0.2545108292181,0.2990637822112289
R_1TZbMIIo6RtFnsb,attribution,11,160209,feature contribution,4,0.31312050593291774,0.46027296306980703,1.0,1.0,0.8416073565770993,0.9584559523,0.8018132031256905,0.0868181536191,0.11390070228956342,0.928956871911,0.920979944585517,1.0,1.0,0.425097772488,0.588105830575766
R_1TZbMIIo6RtFnsb,attribution,12,160218,feature contribution,4,0.6061764427838074,0.15800755507094755,1.0,1.0,0.7369428158919509,0.934946491144,0.7784943373923179,0.012721118973,0.03848995906198649,0.942517561112,0.9674176657303428,1.0,1.0,0.287412194437,0.1629116713482862
R_1TZbMIIo6RtFnsb,attribution,13,160208,feature contribution,6,0.7657757979394737,0.1309648666230849,1.0,0.0,0.08318226808880677,0.00803839699317,0.18849435497349823,0.0239490643156,0.005654476069375289,0.921777740285,0.9326221143724738,1.0,0.9999999999999999,0.655764492439,0.5914090410403179
R_1TZbMIIo6RtFnsb,attribution,14,160215,feature contribution,4,0.9271931632897464,0.0942937194670628,1.0,0.0,0.14361918752626282,0.0267498121109,0.1690603789330346,0.0255731225314,-0.010606076932264827,0.936530821034,0.9373990109569313,1.0,1.0,0.8322506264780001,0.9461860278836187
R_1TZbMIIo6RtFnsb,attribution,15,160206,feature contribution,6,0.7395116798494612,0.26702963111801864,1.0,0.0,0.23054154051438094,1.64201161256e-05,0.12459225212747937,0.33502226378,0.34077862835913414,0.921202170108,0.9067263987202281,1.0,1.0,0.985319640353,1.0898823017098873
R_1TZbMIIo6RtFnsb,attribution,16,160219,feature contribution,4,0.9031780495110002,0.13921930575530322,1.0,0.0,0.03837737194107202,-0.0512705697619,0.0029009306901239193,-0.107004941921,-0.0974387570131872,0.918710924933,0.9467050235162136,1.0,1.0,0.985961758792,0.9256411679921275
R_1TZbMIIo6RtFnsb,attribution,17,160205,feature contribution,6,0.7768119144309515,0.24256296372015473,1.0,0.0,0.12265660249965668,0.0271407149593,0.11831680673872391,0.204689090848,0.07436371689038798,0.965507682725,0.9295261871562667,1.0,0.9999999999999999,1.109362369051,1.021401882442938
R_1TZbMIIo6RtFnsb,attribution,18,160207,feature contribution,6,0.8168751476687293,0.16631105655235473,1.0,0.0,0.38361381563126123,0.0063530349281,0.5118662057206108,0.0530279398106,0.11390986572978207,0.912457327372,0.9113987518432874,1.0,1.0,0.79271179249,0.6580182033680971
R_1TZbMIIo6RtFnsb,attribution,19,160216,feature contribution,4,0.24924886922663908,0.28998950790406747,1.0,1.0,0.8800262262723482,0.941669053002,0.8101638719763812,-0.0870843282429,-0.07530420419478227,0.968654623443,0.9340596200155866,1.0,1.0000000000000002,0.156726882785,0.4478522894631166
R_1TZbMIIo6RtFnsb,attribution,20,160217,feature contribution,4,0.6185532771857736,0.2672618013176623,1.0,0.0,0.0,0.262283781291,-0.1314372920929136,0.0213695035789,-0.06675253420842164,0.950762045978,0.9375369925678928,1.0,1.0,0.290769611482,0.4940206031161302
R_1WAqgPTkRSdmI9W,counterfactual,1,160211,feature contribution,10,0.7534093042643307,0.13359120312357325,1.0,1.0,0.4982028985549621,0.982042138495,0.4963522820401916,-0.0536059934643,-0.016658563743190368,0.943844809295,0.9258570592734816,0.0,0.13453872996474414,0.8382432495429999,0.7742684400598697
R_1WAqgPTkRSdmI9W,counterfactual,2,160214,feature contribution,10,0.7534093042643307,0.14280860820703875,1.0,1.0,1.0,0.994876297061,0.9950638029037925,-0.177698894168,-0.2375124858288147,0.937826294006,0.9411140708813311,0.0,0.13453872996474414,0.9413530408490001,0.6970429866229535
R_1WAqgPTkRSdmI9W,counterfactual,3,160202,feature contribution,10,0.7534093042643307,0.17137039942685814,1.0,1.0,1.0,0.977318887198,0.8223281909095651,-0.202663947062,-0.11113474708070947,0.941957466516,0.9321915522781458,0.0,0.13453872996474414,0.7819300854060001,0.5881099876331897
R_1WAqgPTkRSdmI9W,counterfactual,4,160201,feature contribution,10,0.7534093042643307,0.1495496104814158,1.0,1.0,0.941475005407145,0.999988557376,0.8786461484676671,-0.0192183826998,0.16452149652520254,0.901790885627,0.9278429004045127,0.0,0.13453872996474414,0.799812836948,0.7904400156319547
R_1WAqgPTkRSdmI9W,counterfactual,5,160203,feature contribution,10,0.7534093042643307,0.13325151305325272,1.0,1.0,1.0,0.980875254279,0.8227315012724715,-0.132567770891,-0.08495130301830738,0.903700049425,0.8916646259544161,0.0,0.13453872996474414,0.481499752876,0.6845987271505211
R_1WAqgPTkRSdmI9W,counterfactual,6,160210,feature contribution,5,0.8699506265012948,0.10691816302124789,1.0,1.0,1.0,0.996225691166,0.976299074702747,-0.112582644386,-0.1785345575634635,0.955804775563,0.9449482557821218,0.0,0.04733837756346716,1.13085418858,1.2688007677693236
R_1WAqgPTkRSdmI9W,counterfactual,7,160213,feature contribution,5,0.8699506265012948,0.14278629059558862,1.0,1.0,1.0,0.725119019443,0.8692139863170832,0.0651493187415,-0.025504379422848097,0.93867433732,0.9407800542052638,0.0,0.04733837756346716,1.2040957182719998,1.051885456827026
R_1WAqgPTkRSdmI9W,counterfactual,8,160204,feature contribution,10,0.7534093042643307,0.1352115202873538,1.0,1.0,1.0,0.967984261331,0.9645713064236799,-0.179703508794,-0.19275562897793921,0.923825065206,0.9254381100687923,0.0,0.13453872996474414,0.7411942299609999,0.6532698765289509
R_1WAqgPTkRSdmI9W,counterfactual,9,160200,feature contribution,10,0.7534093042643307,0.1204989725622454,1.0,1.0,0.5481407066837027,0.98812180231,0.5854521607524167,-0.0542914553676,-0.04157802421427703,0.93479718129,0.93253921462322,0.0,0.13453872996474414,0.688983890446,0.6058885402297213
R_1WAqgPTkRSdmI9W,counterfactual,10,160212,feature contribution,5,0.8699506265012948,0.08878701850306311,1.0,1.0,1.0,0.985124540461,0.9830685192157219,-0.215121422676,-0.2664001231350198,0.920314859452,0.9208720937910172,0.0,0.04733837756346716,1.429501056423,1.5386696288348651
R_1WAqgPTkRSdmI9W,counterfactual,11,160218,feature contribution,5,0.4698374311094846,0.3124791487152063,0.0,1.0,0.5301625688905154,0.962291098096,0.44355372396641474,-0.0405129430802,0.010861302588287698,0.959168522643,0.9562009993531724,1.0,0.653737130087965,0.204157386785,0.21899500323413804
R_1WAqgPTkRSdmI9W,counterfactual,12,160205,feature contribution,5,0.4698374311094846,0.4835401049702663,1.0,0.0,0.034163061399118004,-4.55950498424e-06,0.023118240062750584,-0.216319553439,-0.2069888711016204,0.886828478634,0.871158336631723,1.0,0.653737130087965,0.439247710963,0.7806256639709965
R_1WAqgPTkRSdmI9W,counterfactual,13,160208,feature contribution,5,0.4698374311094846,0.2210708389864579,1.0,0.0,0.034163061399118004,-0.0113851973567,0.048442125877226294,-0.0753096119241,-0.08648573726671242,0.928235585251,0.9319250470122303,1.0,0.653737130087965,0.358822073744,0.41437112284557265
R_1WAqgPTkRSdmI9W,counterfactual,14,160219,feature contribution,10,0.7348897801135108,0.20642811628710084,1.0,0.0,0.6862399055842137,0.369433724775,0.6175810279477272,0.0295398301546,-0.02407784989593762,0.906060821979,0.9212638040774885,0.0,0.30023574131043523,0.581880321301,0.8490544011853818
R_1WAqgPTkRSdmI9W,counterfactual,15,160207,feature contribution,5,0.4698374311094846,0.24773814405248232,1.0,1.0,0.5040004925086026,0.997002284779,0.5217203997274547,0.125893821495,0.016219257631062967,0.920399241112,0.929763284160795,1.0,0.653737130087965,0.39800379444,0.3949984761969342
R_1WAqgPTkRSdmI9W,counterfactual,16,160206,feature contribution,10,0.7497965717403645,0.15084400624659627,1.0,1.0,0.3137545611206504,0.984051937872,0.3084896725417835,0.519291041945,0.3517485073415783,0.904976258599,0.8700922184743167,0.0,0.13453872996474414,1.2286368328239998,1.3033009314470427
R_1WAqgPTkRSdmI9W,counterfactual,17,160216,feature contribution,10,0.7348897801135108,0.17777558637882263,1.0,1.0,0.81069861669418,0.941344798852,0.7736347149240896,-0.158045502847,-0.07277072363978143,0.914045540464,0.9359962544026563,0.0,0.30023574131043523,0.5298884630730001,0.7499961809721122
R_1WAqgPTkRSdmI9W,counterfactual,18,160217,feature contribution,10,0.7348897801135108,0.15718208633046393,1.0,1.0,0.5280307743286989,0.842954069309,0.3788409035238296,-0.11117028792,-0.13575360871659695,0.904696239005,0.9065126799867318,0.0,0.30023574131043523,0.854964095498,0.8514916889757012
R_1WAqgPTkRSdmI9W,counterfactual,19,160209,feature contribution,10,0.4360080149238589,0.19369015351167637,1.0,1.0,0.7780387388548404,0.565164383207,0.7517169012736363,0.212759239777,0.07763857118376859,0.890485272151,0.8954588749387541,1.0,0.30023574131043523,0.573216802333,0.6400528267501026
R_1WAqgPTkRSdmI9W,counterfactual,20,160215,feature contribution,10,0.7348897801135108,0.20959053289848245,1.0,1.0,0.6928079735923582,0.922338141371,0.5963870199399597,-0.0986813133709,-0.12671441097684943,0.900759786534,0.8992196221478493,0.0,0.30023574131043523,0.606408189927,0.8745648470812872
R_1hF6UnZQsvvwBCX,counterfactual,1,160201,weighted examples,4,0.7634608982863001,0.10271018786457944,1.0,1.0,0.7634608982863001,0.803837464726,0.6800891135663664,0.242474220161,0.15026923426889302,0.924566584438,0.9289716193565917,1.0,1.0,0.459105594287,0.4097291118644205
R_1hF6UnZQsvvwBCX,counterfactual,2,160210,weighted examples,4,0.5047919575266306,0.10126345677355625,1.0,1.0,0.5842067595541199,0.869570915293,0.5065089472048522,0.027184566586,-0.008616225492546929,0.906142448746,0.924648455423618,1.0,0.9999999999999999,0.221050841694,0.1994667720971961
R_1hF6UnZQsvvwBCX,counterfactual,3,160212,weighted examples,6,0.5021583900759702,0.14173385285543313,0.7874926825291887,1.0,0.056547167275966016,0.718658113089,0.07946973882500522,0.0271192052921,-0.06141761357942718,0.924952636916,0.9526006940843224,1.0,0.9999999999999999,0.375236815422,0.2369965295783884
R_1hF6UnZQsvvwBCX,counterfactual,4,160211,weighted examples,1,1.0,0.07059102001931145,1.0,0.0,0.0,-0.00971222587583,0.29729743335106074,-0.0511495456103,0.062626325807733,0.95743602314,0.9489143040558455,1.0,1.0,0.7376432046963,0.5051361457084009
R_1hF6UnZQsvvwBCX,counterfactual,5,160214,weighted examples,6,0.5617502287031738,0.11864795022871444,0.8308095775288793,1.0,0.0,0.755277684103,0.10262367828583484,0.0337236955131,-0.009079503580790108,0.949491009818,0.9513534010794653,1.0,1.0000000000000002,0.267505475777,0.2788027198100536
R_1hF6UnZQsvvwBCX,counterfactual,6,160213,weighted examples,6,0.6767506984122952,0.06678094562576609,1.0,1.0,0.3773462464545656,0.690467157873,0.23817474946228834,0.0787987325039,0.04241667004404302,0.951933771853,0.954878529500039,1.0,0.9999999999999998,0.35632804240675003,0.3229740359680545
R_1hF6UnZQsvvwBCX,counterfactual,7,160200,weighted examples,4,0.7542010733266225,0.09301257767742735,1.0,0.0,0.0,0.0738874350074,0.1546414897760252,0.0273761368437,0.03071326355681137,0.955239050923,0.9578093881711943,1.0,1.0,0.289066485292,0.19435576053092796
R_1hF6UnZQsvvwBCX,counterfactual,8,160202,weighted examples,4,0.32916257482850847,0.13479964647722675,0.0,1.0,0.16612576904319748,0.762828102219,0.1487502869946171,0.0399592019194,-0.02102781103946549,0.982608695652,0.9768764723550158,1.0,1.0,0.0869565217391,0.11561763822492084
R_1hF6UnZQsvvwBCX,counterfactual,9,160204,weighted examples,4,0.21600855714600972,0.12162052476251073,0.0,1.0,0.52955482372666,0.683653002504,0.4194649924098311,0.0269896529948,0.0017538568332480528,0.986956521739,0.9722529709418897,1.0,1.0,0.0652173913043,0.13873514529055175
R_1hF6UnZQsvvwBCX,counterfactual,10,160203,weighted examples,4,0.4419115213242823,0.16923475800145255,1.0,1.0,0.4419115213242823,0.976192021994,0.4377561571004824,-0.0375393335192,-0.047126413268478794,0.950785641039,0.9495819516246262,1.0,1.0,0.314572351641,0.26578003923735916
R_1hF6UnZQsvvwBCX,counterfactual,11,160205,weighted examples,1,1.0,0.15156777271592273,0.75,1.0,1.0,0.550861058127,0.9824900672832791,0.280938700579,0.2095338305345238,0.968195065621,0.9452924786847612,1.0,1.0,0.6579482045630001,0.9543585324986027
R_1hF6UnZQsvvwBCX,counterfactual,12,160219,weighted examples,4,0.7242439790392747,0.17071654923463842,0.0,0.0,0.8272680628821757,-0.0447152721487,0.7977734772256992,-0.0788459911388,-0.03089355251726706,0.953324037662,0.9591756945785415,1.0,1.0,0.2333798116901,0.41571730822756975
R_1hF6UnZQsvvwBCX,counterfactual,13,160209,weighted examples,6,0.6509851183181631,0.16178292100498165,1.0,1.0,0.9074844390304113,0.939924897942,0.7944879729773648,0.161261267093,0.10728785518907549,0.940765009841,0.9259418020955111,1.0,1.0,0.423905549089,0.5249930087759247
R_1hF6UnZQsvvwBCX,counterfactual,14,160216,weighted examples,1,1.0,0.13692891595700724,0.75,1.0,1.0,0.934767857038,0.9249228280265236,-0.0827834184414,-0.04008000951247623,0.944516105041,0.9452924786847612,1.0,1.0,0.3541631378672,0.5505950863702158
R_1hF6UnZQsvvwBCX,counterfactual,15,160215,weighted examples,6,0.5390193939729225,0.17258394222886192,1.0,1.0,0.5454304298120423,0.72401412293,0.464945334069845,0.0224018465094,-0.02278992955604335,0.957722701453,0.948919002415364,1.0,1.0,0.338888709567,0.47673666155971534
R_1hF6UnZQsvvwBCX,counterfactual,16,160208,weighted examples,6,0.59000812693098,0.1227578269253696,1.0,1.0,0.9829912430118035,0.929662466071,0.8454581567333949,0.0124839635536,0.014369907610051226,0.94681443633,0.9443122471906944,1.0,1.0,0.2659278183479,0.3016526905387771
R_1hF6UnZQsvvwBCX,counterfactual,17,160218,weighted examples,4,0.7506568312085157,0.11178999190205031,0.82167507081931,1.0,0.9640827089979591,0.915638856512,0.868674259681187,0.0133951437371,-0.014789177793907902,0.949050134297,0.9372411038727823,1.0,1.0000000000000002,0.3568892353763,0.3525022250934223
R_1hF6UnZQsvvwBCX,counterfactual,18,160206,weighted examples,4,0.6936410279174882,0.2434476095311385,1.0,0.0,0.4313550465793288,1.74184779789e-06,0.4784645848164909,0.245322631693,0.5142097646132348,0.967470934157,0.94535288243637,1.0,1.0,0.6339310114810001,0.7559354372078196
R_1hF6UnZQsvvwBCX,counterfactual,19,160207,weighted examples,4,0.7766739433658004,0.17795247650476873,0.7112476932686,0.0,0.9679479138937355,0.320493781239,0.8750903842148139,0.194493501785,0.12025322805163917,0.946897571506,0.9309354584340288,1.0,0.9999999999999999,0.45549623429999997,0.5455523823030853
R_1hF6UnZQsvvwBCX,counterfactual,20,160217,weighted examples,1,1.0,0.12223276810747169,0.75,0.0,1.0,0.176400852792,0.8226176632395963,0.0144696729055,-0.0409746276119603,0.953364410534,0.956103289495572,1.0,1.0,0.3503390256861,0.5530501613988439
R_1ihbKBZG0EAXF8D,counterfactual,1,160202,feature contribution,6,0.7474970070757078,0.05905025643280547,1.0,1.0,0.051746077927301036,0.847739747815,0.12223563137289825,0.029916432522,0.02342370932637936,0.959534917954,0.9806118300240632,1.0,1.0,0.2023254102308,0.09694084987968432
R_1ihbKBZG0EAXF8D,counterfactual,2,160211,feature contribution,6,0.5458421396849654,0.17022910535872762,1.0,0.0,0.4369278297942034,0.0899775303212,0.4610706848085749,-0.00121497599578,0.014368139315458526,0.94206779292,0.9319705203752652,1.0,1.0,0.406176097068,0.5316713355949747
R_1ihbKBZG0EAXF8D,counterfactual,3,160203,feature contribution,6,0.7672316779793636,0.14525419887817348,1.0,1.0,0.2541575232141377,0.984225668401,0.24809159980183168,-0.130696087032,0.031761706411479323,0.938984172267,0.9766053412983993,1.0,1.0,0.4148236120212,0.11697329350800356
R_1ihbKBZG0EAXF8D,counterfactual,4,160212,feature contribution,6,0.7981217355164761,0.18240559025313127,1.0,1.0,1.0,0.97584049806,0.9842864597424595,-0.0164727147096,-0.23103707543440855,0.934194200741,0.9161444042747688,1.0,1.0,0.32902899629259996,0.6076576239322025
R_1ihbKBZG0EAXF8D,counterfactual,5,160210,feature contribution,6,0.759357681451952,0.10521237901231179,1.0,0.0,0.7955531945742488,0.080080593503,0.8373968009985975,0.0381345854297,-0.016275888460702832,0.980707413818,0.9560178874820477,1.0,1.0,0.44692963945499997,0.4261762124844172
R_1ihbKBZG0EAXF8D,counterfactual,6,160200,feature contribution,4,0.8800275767230161,0.13566062094661424,1.0,1.0,0.0,0.933700787746,0.16452420892384317,0.0141347503389,0.05646850050917764,0.93661940488,0.936206821651217,1.0,1.0000000000000002,0.548566788237,0.14158492539715728
R_1ihbKBZG0EAXF8D,counterfactual,7,160213,feature contribution,6,0.7329510991960143,0.11998822117514675,1.0,0.0,0.5788095811829579,-0.000867000198718,0.5682131482165347,-0.0290405923401,-0.007962712567777697,0.95652479928,0.9577142055693494,1.0,1.0,0.43609294257,0.4446113889623418
R_1ihbKBZG0EAXF8D,counterfactual,8,160204,feature contribution,6,0.5962361123050736,0.06533250136737694,1.0,1.0,1.0,0.968367074224,0.9152002951435898,-0.0971792415691,-0.009074650873682762,0.958609523669,0.9796701540314219,1.0,1.0,0.2069523816568,0.10164922984289002
R_1ihbKBZG0EAXF8D,counterfactual,9,160201,feature contribution,6,0.6761015339585573,0.12634810670308816,1.0,0.0,0.5447500725545498,0.370017697002,0.5199308690582186,0.268705242987,0.23536246606496028,0.939603374027,0.9338030356080959,1.0,0.9999999999999998,0.710574887942,0.6984669156694101
R_1ihbKBZG0EAXF8D,counterfactual,10,160214,feature contribution,6,0.7793543473735957,0.14511294303974662,1.0,1.0,0.7602429293501194,0.995958162369,0.7113431597358417,-0.126784455131,0.023817323710828845,0.93074538668,0.977456077217344,1.0,0.9999999999999999,0.4126991812189,0.11271961391328025
R_1ihbKBZG0EAXF8D,counterfactual,11,160217,feature contribution,6,0.6452372353500653,0.1980177284932618,1.0,1.0,0.6458016791052181,0.806441806391,0.470079513938113,-0.0426094029943,-0.10333480905397073,0.929131454433,0.9306727528346103,1.0,1.0,0.43747366241999996,0.6569417794009537
R_1ihbKBZG0EAXF8D,counterfactual,12,160216,feature contribution,6,0.7906344607616915,0.0879444565671577,1.0,1.0,0.9838289680696006,0.941551446102,0.9121693486302963,-0.100888236006,-0.060747606801746845,0.94624468058,0.9476289738045505,1.0,1.0,0.37351746052269996,0.3725197357399587
R_1ihbKBZG0EAXF8D,counterfactual,13,160219,feature contribution,6,0.47132924711908514,0.2067516684088328,1.0,1.0,0.10256036593169376,0.946467782751,0.13959611298673869,-0.138598415943,-0.02873822799625228,0.931605465895,0.9477702696813088,1.0,1.0000000000000002,0.37779169757100006,0.6081539970964814
R_1ihbKBZG0EAXF8D,counterfactual,14,160209,feature contribution,6,0.6318352020529766,0.20588264808741813,1.0,0.0,0.49192347474807435,0.000351086054888,0.5855799633903968,0.0947415065319,0.11613848676891095,0.927626556193,0.9379796975931569,1.0,1.0,0.593482590628,0.6420606057709897
R_1ihbKBZG0EAXF8D,counterfactual,15,160218,feature contribution,6,0.4755527441012759,0.1400360225898055,1.0,0.0,0.8930066827224631,0.421649077723,0.5868984958951302,0.0780130682016,0.06393257017503912,0.936954114174,0.9746042139422413,1.0,1.0,0.42413907722199995,0.12697893028879362
R_1ihbKBZG0EAXF8D,counterfactual,16,160207,feature contribution,6,0.6187401454677758,0.17181777205197482,1.0,0.0,0.45314021883219346,0.00668224774941,0.6546465460465899,0.134099210809,0.11682397206013406,0.955557448201,0.9324380578649619,1.0,0.9999999999999999,0.45784423185,0.5975593495577566
R_1ihbKBZG0EAXF8D,counterfactual,17,160208,feature contribution,6,0.7856590332793643,0.09546811873458834,1.0,1.0,0.7501581885927443,0.561806794661,0.6279706749722673,0.0836962861772,0.02335686894414197,0.93316238105,0.9379167434868985,1.0,1.0,0.485846155394,0.44633540118739845
R_1ihbKBZG0EAXF8D,counterfactual,18,160205,feature contribution,6,0.7133031447895417,0.272256371324071,1.0,0.0,0.3335739429923305,0.0632713815637,0.2864422850558935,0.228573216602,0.16014954190895764,0.93377952387,0.9317973237670429,1.0,1.0,0.909755011136,1.1324893069519648
R_1ihbKBZG0EAXF8D,counterfactual,19,160215,feature contribution,6,0.48082930448568634,0.277620638278901,1.0,1.0,0.4885033767203124,0.911354477363,0.27389003889257946,-0.0237367917492,-0.0037041222950381075,0.933585001854,0.9499502197755769,1.0,1.0000000000000002,0.5362768122799999,0.7227819949152591
R_1ihbKBZG0EAXF8D,counterfactual,20,160206,feature contribution,6,0.5577979802132111,0.3420840511892018,1.0,0.0,0.0,2.32584519422e-08,0.018094497899029865,0.349051020566,0.3950413801989262,0.870810766871,0.9051810562390601,1.0,0.9999999999999999,0.871797931655,1.0316684430899505
R_1myAGA2v3gStUIS,attribution,1,160202,feature contribution,10,0.5470217605124794,0.2588333894056189,0.24182353474938217,1.0,1.0,0.957110111486,0.977065997706728,-0.0537814520554,-0.16917549232847606,0.94790774186,0.9243323406386887,0.0,0.22948181392720104,0.33607520564,0.5033758517100486
R_1myAGA2v3gStUIS,attribution,2,160214,feature contribution,10,0.5183497534660254,0.2849070323374802,0.5653022539018724,1.0,1.0,0.924521046449,0.9956734044652379,-0.00264865901936,-0.23625422693609396,0.932705970291,0.9199493508591626,0.0,0.5427663417770396,0.628672150411,0.49895100277023496
R_1myAGA2v3gStUIS,attribution,3,160200,feature contribution,10,0.6125321389427034,0.22765745335685095,1.0,1.0,0.5382211428160466,0.98785806086,0.6154072452918771,-0.0131347779405,0.03252286751968101,0.937287459421,0.9508138296883574,1.0,0.6085485325865008,0.771955375823,0.48544432092078976
R_1myAGA2v3gStUIS,attribution,4,160210,feature contribution,10,0.44565016626007264,0.2806011817787106,1.0,0.0,0.8959227711683706,0.0798211960169,0.9190286063976635,0.0451155732514,-0.15697139170455152,0.932245794666,0.9235794000946431,1.0,0.7273104446788144,0.830365759801,0.7081123466179331
R_1myAGA2v3gStUIS,attribution,5,160213,feature contribution,10,0.4522753369112522,0.20531486985347314,1.0,1.0,0.9886859350932794,0.992391264247,0.9790873116419485,-0.066017940644,-0.09262076722074129,0.93645179799,0.9129404628800053,1.0,0.7044077695174724,0.778734761169,0.7273505042156101
R_1myAGA2v3gStUIS,attribution,6,160204,feature contribution,10,0.36592107844821986,0.20063277082698777,1.0,1.0,1.0,0.968511305543,0.9684393654506614,-0.179653729118,-0.18191365446730876,0.916327611274,0.9153713694078321,1.0,0.12500742463948147,0.519694964625,0.4798510538094924
R_1myAGA2v3gStUIS,attribution,7,160212,feature contribution,10,0.2757288462535731,0.37973450519699603,0.4740947888662383,0.0,0.9907465722746699,0.00964161490238,0.974536768625428,-0.00310645293241,-0.24763670360444986,0.889781804675,0.9106992989194799,0.0,0.7137447286487454,0.8666274970629999,0.5647939248318175
R_1myAGA2v3gStUIS,attribution,8,160201,feature contribution,10,0.4142049351447094,0.286930140879926,1.0,0.0,0.9184967782018365,0.131400114132,0.8995249643014706,0.257820455929,0.0865447257909,0.88908403493,0.9214658554545491,1.0,0.8317175820699729,0.9712670870819999,1.0462611308291399
R_1myAGA2v3gStUIS,attribution,9,160211,feature contribution,10,0.5694311256990819,0.2898195308937127,1.0,1.0,0.9942996970787044,0.982619676378,0.9646031084628747,-0.10294761871,-0.10175318919575174,0.893615359619,0.9227940782710999,1.0,0.8249142585428277,1.019587766056,0.8302785315369927
R_1myAGA2v3gStUIS,attribution,10,160203,feature contribution,10,0.5466777451678788,0.2287841946673551,1.0,1.0,0.9268580696332562,0.984594581534,0.9108246504639324,-0.12315129485,-0.10509562181690668,0.932029300539,0.9219860880517197,1.0,0.5235321314156801,0.753014497682,0.4851360274011682
R_1myAGA2v3gStUIS,attribution,11,160209,feature contribution,10,0.7389531315270772,0.29424360735996585,1.0,1.0,0.4433760104046531,0.761392299335,0.4495870160877719,0.171007439774,-0.011377577295126458,0.934928891039,0.8922401741118061,1.0,0.8137683175210857,0.491631201878,0.9914213568954467
R_1myAGA2v3gStUIS,attribution,12,160205,feature contribution,10,0.6245957006269229,0.3697927601407066,1.0,0.0,0.17474369425671898,-4.43048402454e-06,0.1623836979322916,0.0467114553849,0.08053574280531638,0.914082141388,0.920636281435437,1.0,0.8698709927718166,0.831566703714,1.1374131196796793
R_1myAGA2v3gStUIS,attribution,13,160219,feature contribution,10,0.23288695300012852,0.37481851455985005,1.0,1.0,0.1223466892080715,0.904654660463,0.06738537926246618,-0.0197548455933,-0.04890149645677253,0.913165971793,0.93583619863172,0.0,0.79172359438491,0.823812676819,0.7491298435707578
R_1myAGA2v3gStUIS,attribution,14,160216,feature contribution,10,0.7182727362233046,0.16325194424409478,1.0,0.0,0.4205636932835917,0.15035433107,0.5617213684689653,0.0128218132132,-0.03218390140309304,0.947738175179,0.9426106370363104,1.0,0.7071398387490808,0.7698033561790001,0.618126490621234
R_1myAGA2v3gStUIS,attribution,15,160208,feature contribution,10,0.5835971323992605,0.19903679198953547,1.0,0.0,0.08952674105554996,-0.00800309088769,0.09253409033211864,-0.0825523199418,-0.02356238686813775,0.925647405321,0.9075987856178971,1.0,0.8228449097715802,0.733741267296,0.7843533876309524
R_1myAGA2v3gStUIS,attribution,16,160206,feature contribution,10,0.5657504352128006,0.3295544935275607,1.0,0.0,0.28584715998261234,2.45512721264e-10,0.2607070887993618,0.216403308001,0.34434487412985404,0.854436394991,0.8854485606299445,1.0,0.8169060840354958,0.819810329039,1.0709442063852113
R_1myAGA2v3gStUIS,attribution,17,160218,feature contribution,5,0.0,0.34843052187414003,nan,0.0,0.797208789454748,-0.0179740693548,0.7909346130583207,-0.022201626886,0.022357794694824025,0.914625092799,0.9484840464860194,1.0,0.760923619044125,0.426874536006,0.2575797675699033
R_1myAGA2v3gStUIS,attribution,18,160215,feature contribution,10,0.46191929661855363,0.326379075158477,1.0,1.0,0.5108575089689993,0.916409018166,0.43530085893881904,-0.0556693277309,-0.10516099205802053,0.961343759086,0.9195021874416156,1.0,0.845051486683031,0.738118831094,0.9132279298590582
R_1myAGA2v3gStUIS,attribution,19,160207,feature contribution,10,0.7628361962084963,0.24824091476273186,1.0,0.0,0.45187315689561924,0.0767812752011,0.45109844347957084,0.135978162746,0.02757421027219096,0.890425185125,0.9116446974657801,1.0,0.8382509729536446,0.723177116021,0.9414123993052562
R_1myAGA2v3gStUIS,attribution,20,160217,feature contribution,10,0.6858811809669304,0.1814086346369911,1.0,1.0,0.6691573014089761,0.814445463499,0.5008548232847404,-0.0498695073806,-0.10815187422385107,0.935316360956,0.9305850600569987,1.0,0.854355899125407,0.798138863533,0.7899324026824828
R_1vbS8BCLvmrwGHr,attribution,1,160200,feature contribution,4,0.09767175982196348,0.1485697980124104,1.0,1.0,0.0,0.639295417141,0.17705507613601867,0.0812781442854,0.05774652046785106,0.928342551832,0.9372067497065726,1.0,1.0000000000000002,0.192832256252,0.1112340389579036
R_1vbS8BCLvmrwGHr,attribution,2,160202,feature contribution,6,0.7142497510377951,0.08656814514485597,1.0,1.0,0.9303858720350447,0.976047712505,0.8769797633021043,-0.111669683301,-0.0008571600213712954,0.934403655155,0.9588997881975594,1.0,1.0,0.327981724226,0.20550105901220328
R_1vbS8BCLvmrwGHr,attribution,3,160213,feature contribution,6,0.7275765849861392,0.16266030854051025,1.0,1.0,0.5849228882056361,0.984235945703,0.5558092259703729,0.0174806941368,-0.008140665566819638,0.924046754906,0.9564812987071231,1.0,0.9999999999999999,0.738266855614,0.4505715461433976
R_1vbS8BCLvmrwGHr,attribution,4,160204,feature contribution,6,0.5971666407929209,0.0736193647908888,1.0,1.0,1.0,0.967712294445,0.96391949999456,-0.127193759715,-0.08145229900269167,0.948205260393,0.9600013434078277,1.0,1.0,0.258973698035,0.19999328296086183
R_1vbS8BCLvmrwGHr,attribution,5,160210,feature contribution,6,0.5403519878765601,0.16718469150042914,1.0,0.0,0.8703150453547471,0.0511758370576,0.9203702306305632,0.0256396348307,-0.04083265032816026,0.95892686157,0.9555309673391333,1.0,1.0,0.529496194583,0.3934499819346051
R_1vbS8BCLvmrwGHr,attribution,6,160211,feature contribution,6,0.7532565906929176,0.12148144602180243,1.0,0.0,0.5068113166840289,0.299410441559,0.4724922128273736,0.0498477856556,0.02197923069946623,0.946142320733,0.931256454990854,1.0,1.0,0.614204160914,0.5353663573926565
R_1vbS8BCLvmrwGHr,attribution,7,160212,feature contribution,6,0.5065632904150774,0.12646852785774165,1.0,1.0,1.0,0.943098151139,0.980454697995621,0.00553377935205,-0.09887403695661638,0.925909158655,0.9334279789686374,1.0,1.0,0.370454206726,0.3328601051568132
R_1vbS8BCLvmrwGHr,attribution,8,160201,feature contribution,4,0.6052886355609982,0.17452314491362425,1.0,0.0,0.2770922083437941,0.0144441257509,0.5981777081279521,0.168007350807,0.2640880782330447,0.920428435653,0.9572917122584504,1.0,0.9999999999999998,0.6216979592909999,0.887965922825868
R_1vbS8BCLvmrwGHr,attribution,9,160203,feature contribution,6,0.6565825590250935,0.13654987492992046,1.0,1.0,0.9007207357041129,0.983537245252,0.678969416496823,-0.108680609844,0.02448656112323104,0.922998293427,0.9574106523924344,1.0,0.9999999999999998,0.4535090897,0.2129467380378266
R_1vbS8BCLvmrwGHr,attribution,10,160214,feature contribution,6,0.5744832651062279,0.0679424411984676,1.0,1.0,1.0,0.988205196132,0.9817261788559961,-0.0384156505124,-0.05210482217931007,0.953528641411,0.9582065434663748,1.0,1.0,0.232356792944,0.20896728266812614
R_1vbS8BCLvmrwGHr,attribution,11,160208,feature contribution,4,0.2014768922886745,0.34615782836715736,1.0,0.0,0.09622215517359035,0.40961421757,0.07935259798102794,0.0831486579034,-0.04029281999171999,0.957055320463,0.9205589705908946,1.0,1.0,0.216827760607,0.43454182170453326
R_1vbS8BCLvmrwGHr,attribution,12,160219,feature contribution,4,0.6885681806664754,0.16144552336265727,1.0,0.0,0.18192075452425283,0.374619327685,0.20414517176566888,0.0327012155881,-0.014832963826440268,0.952228997823,0.9655542459278511,1.0,0.9999999999999999,0.282608695652,0.3625352730595755
R_1vbS8BCLvmrwGHr,attribution,13,160215,feature contribution,6,0.44068458919380915,0.19199388053757177,1.0,0.0,0.4539744216768878,-0.0742408366078,0.37427376854626854,-0.0978166251668,-0.04481611870422252,0.967408134752,0.9430013411519804,1.0,1.0000000000000002,0.473710006475,0.6269099630794776
R_1vbS8BCLvmrwGHr,attribution,14,160206,feature contribution,6,0.6769374507743287,0.1926963169137945,1.0,0.0,0.2878478390975148,3.13680391217e-07,0.18299069499122195,0.365767421269,0.33573767775357205,0.927149673088,0.9019975547204637,1.0,1.0,0.595712282438,0.7453154954544275
R_1vbS8BCLvmrwGHr,attribution,15,160205,feature contribution,6,0.7116371582091243,0.2513655192873072,1.0,0.0,0.16479802008525357,0.054955062761,0.15912078700185545,0.244248173526,0.04005566895711736,0.951912702103,0.8943617438473817,1.0,1.0,0.649836674091,0.8710097113925258
R_1vbS8BCLvmrwGHr,attribution,16,160209,feature contribution,4,0.4814570946133007,0.41322302596089144,1.0,1.0,0.8509879128330515,0.992528072523,0.8285314695877444,0.0574823624978,0.08648349918080184,0.905151396652,0.9242838622878456,1.0,1.0,0.544125148784,0.6347300210232718
R_1vbS8BCLvmrwGHr,attribution,17,160218,feature contribution,4,0.6289176027512485,0.1538335170333086,1.0,1.0,0.7204409638609072,0.941307612444,0.5958013682057449,0.0266695828904,0.049784945024854414,0.948517561112,0.9770673930862375,1.0,1.0,0.257412194437,0.1146630345688127
R_1vbS8BCLvmrwGHr,attribution,18,160216,feature contribution,6,0.809228562316293,0.16386623661835148,1.0,0.0,1.0,0.323664852952,0.9081383887524819,0.0281626440835,-0.08375961723356426,0.969700740049,0.9421270276021404,1.0,1.0,0.618746615309,0.30641966844596247
R_1vbS8BCLvmrwGHr,attribution,19,160217,feature contribution,4,0.2903324339504567,0.3335550985263411,1.0,1.0,0.0,0.519521507227,0.021778229156849294,0.0154706424519,-0.014062090949130088,0.940486311851,0.9488825783890786,1.0,1.0,0.297568440741,0.4319066045523868
R_1vbS8BCLvmrwGHr,attribution,20,160207,feature contribution,4,0.539944458271234,0.3913790593625718,1.0,1.0,0.8727595903620504,0.975009572602,0.8717121332411427,0.073771116438,0.0746925124832877,0.927020755365,0.934150603098533,1.0,1.0,0.476109505186,0.6147682912092229
R_1yltjaSsgo0dVO7,none,1,160202,weighted examples,10,0.7309884220820719,0.24503511851853485,0.7542771347679054,1.0,0.7934988372631232,0.97738972643,0.7469781054669773,-0.236698446299,-0.012769244134356829,0.941615879339,0.9360222490979981,0.0,0.059126477884722674,0.8691986207989999,1.009643132863451
R_1yltjaSsgo0dVO7,none,2,160214,weighted examples,5,0.7645107500963964,0.2883458933598993,0.6819472890433473,1.0,0.7337189296371013,0.995960243626,0.7300043503508149,-0.422349816063,-0.13531303094213906,0.906559010459,0.9126359967209744,1.0,0.058043000385585776,0.878786920518,1.5168200988207392
R_1yltjaSsgo0dVO7,none,3,160212,weighted examples,10,0.5828612974325396,0.397593716132223,0.7248908292252023,1.0,0.9209030669206697,0.985477631632,0.8918130887439282,-0.489332917141,-0.098424031025464,0.872702890062,0.931330508328475,1.0,0.06045358140088438,1.115733357557,1.6891865323340558
R_1yltjaSsgo0dVO7,none,4,160211,weighted examples,5,0.7858977729219773,0.21680251973339768,1.0,1.0,1.0,0.982624043098,0.9399118108560556,-0.249491917502,-0.12661673558187236,0.929207076696,0.9431410366366946,1.0,0.14359109168790893,1.4610004216426,1.7305708119358751
R_1yltjaSsgo0dVO7,none,5,160200,weighted examples,10,0.6586896849990992,0.18583921171327475,1.0,1.0,0.9785145540067216,0.988213966435,0.9614374910406632,-0.31099959165,-0.1950489717454867,0.932901810865,0.9436064848621142,1.0,0.3901127588582695,1.201064145238,1.019821767758829
R_1yltjaSsgo0dVO7,none,6,160210,weighted examples,10,0.7383050450188671,0.26194924802836433,0.7046593116288834,1.0,0.7125521752399091,0.99793518384,0.7436414596692086,-0.391778434496,-0.07776061489358213,0.915889901373,0.9211822531527516,1.0,0.3774736810088649,1.0408529306515,1.5105604560510528
R_1yltjaSsgo0dVO7,none,7,160203,weighted examples,5,0.7564735144850818,0.3461769481022668,0.553855842780067,1.0,0.5178807219789636,0.984594604182,0.6613460833356128,-0.368478569309,-0.06914810360937944,0.884665683585,0.9437011731814128,1.0,0.02589405794032772,1.1501506228876,1.6096170343664613
R_1yltjaSsgo0dVO7,none,8,160201,weighted examples,10,0.6492145926400397,0.27995576028778263,1.0,1.0,0.9158511305631593,0.999989337366,0.8983805518735073,-0.0176678635002,0.10150243244497474,0.899410576636,0.9277507244281729,1.0,0.849104670534221,1.337657016832,1.0062244721776896
R_1yltjaSsgo0dVO7,none,9,160213,weighted examples,10,0.6801780360646129,0.2364897294900974,0.8122593004055763,1.0,0.9803208615528851,0.992397341685,0.9458409785581302,-0.169157770718,-0.13108466662387097,0.948171263221,0.9232982286060726,1.0,0.4278732844364299,1.258207046206,1.4314445140236645
R_1yltjaSsgo0dVO7,none,10,160204,weighted examples,10,0.27882492591753083,0.3547288998053679,0.40915076493109825,1.0,0.9539037462454417,0.968511305087,0.7828435195408814,-0.318967848727,-0.06579814269790514,0.893078137676,0.9471072502181747,1.0,0.11474223552652975,0.534609311617,0.7771630815895891
R_1yltjaSsgo0dVO7,none,11,160207,weighted examples,1,1.0,0.12064425930855749,1.0,1.0,1.0,0.999991754782,0.9999805064477989,-0.258872126747,-0.09057989204404893,0.858156391886,0.8966253154025678,0.0,0.0,2.370443736363,2.1817822334589883
R_1yltjaSsgo0dVO7,none,12,160209,weighted examples,5,0.8838143343426331,0.16029756486758354,1.0,1.0,1.0,0.994133724096,0.8337804412157439,0.0565017224619,0.11456289024527175,0.875598608041,0.9046547272635057,0.0,0.18849257120321405,2.449802194338,1.9443451581870346
R_1yltjaSsgo0dVO7,none,13,160216,weighted examples,10,0.4114562397000923,0.44280671449722947,0.46350652952805116,1.0,0.6238583313520265,0.942413497572,0.5415967402424078,-0.39177950972,-0.07148085215382358,0.871226309523,0.9188340623128343,1.0,0.0997473153096684,1.022795650543,1.4977974309670572
R_1yltjaSsgo0dVO7,none,14,160206,weighted examples,5,0.8883987670152851,0.2635575037944439,1.0,1.0,0.9553048284299015,0.935786725033,0.9129561580761626,0.496347861387,0.4467003102871754,0.868997330034,0.8980615356184232,0.0,0.038028680616201155,2.581917967903,2.4230526352292583
R_1yltjaSsgo0dVO7,none,15,160219,weighted examples,5,0.7569211734345692,0.35889151601374214,1.0,1.0,1.0,0.945231287579,0.9051265379892439,-0.160289598689,-0.18730217587250705,0.886154916917,0.9036456715786423,1.0,0.027684693738277047,1.870956636674,1.9217302019314797
R_1yltjaSsgo0dVO7,none,16,160205,weighted examples,10,0.6990539519514632,0.35088914122798587,1.0,1.0,0.8051271365812903,0.999319623696,0.734311335976234,0.139767129547,0.13813624081911594,0.906566247097,0.906497057929615,1.0,0.25494488384011876,2.139355479121,1.8461654173001518
R_1yltjaSsgo0dVO7,none,17,160218,weighted examples,10,0.45214196691235836,0.28737532471401384,1.0,1.0,0.409715019639375,0.975643164628,0.50852825280365,-0.234259737884,-0.022819236563556264,0.90945303985,0.9070327253185324,1.0,0.7645205822933024,0.913124476875,0.792283652361857
R_1yltjaSsgo0dVO7,none,18,160208,weighted examples,10,0.7396129113150786,0.27088922025205087,1.0,1.0,0.9031355783620488,0.981047718464,0.8573740635201829,-0.209777156319,-0.0327485908505025,0.875288298199,0.907332567618014,1.0,0.5824081848093228,1.601079574291,1.3161250525348775
R_1yltjaSsgo0dVO7,none,19,160215,weighted examples,5,0.7593386068392802,0.3531343295651918,1.0,1.0,0.9999999999999999,0.918462621856,0.9161380306480156,-0.139597933445,-0.16018099625622398,0.919567407217,0.9109144782186995,1.0,0.03735442735712092,1.57747622086,2.0426344510043415
R_1yltjaSsgo0dVO7,none,20,160217,weighted examples,10,0.4916338781648609,0.38616902598660047,1.0,1.0,0.6707015513585282,0.840174514554,0.5796856663121207,-0.0740256740355,-0.17295864103282524,0.936837327584,0.8942380911722421,1.0,0.07814613564061039,1.326716362151,1.5349075699133323
R_3ENoszlL5q7JglI,none,1,160203,weighted examples,4,0.7337753583256976,0.18796219770960107,1.0,1.0,0.7337753583256976,0.984593504464,0.7349209630251282,-0.120615287283,-0.08319771896411085,0.90487508161,0.9339458170396926,1.0,0.9999999999999999,0.544125148784,0.38053493543943745
R_3ENoszlL5q7JglI,none,2,160212,weighted examples,4,0.8985310121777489,0.22240742289299537,0.702272971451291,1.0,0.9166121684120149,0.985477631627,0.9296509349284706,-0.243779265934,-0.13176127969977153,0.892859491365,0.9006111677763208,1.0,1.0000000000000002,0.778285688765,1.1918005180397266
R_3ENoszlL5q7JglI,none,3,160210,weighted examples,6,0.6705562935953426,0.20886370013994854,1.0,1.0,0.8587884087881694,0.997934314939,0.8740880793446733,-0.087905064372,-0.16365205022087986,0.93324295751,0.9210204542631166,1.0,1.0,0.696929639455,0.9457189990262032
R_3ENoszlL5q7JglI,none,4,160214,weighted examples,4,0.7612673707600609,0.24702881909078514,0.5648988531497157,1.0,0.7161978877198173,0.99578680175,0.7742312890526808,-0.0965070163166,-0.05678928676739399,0.950420153074,0.9014584815923598,1.0,1.0,0.2478992346275,0.9696323174242388
R_3ENoszlL5q7JglI,none,5,160201,weighted examples,4,0.884305455736187,0.13542496982424757,1.0,1.0,1.0,0.999985502334,0.9989502336059398,-0.0143808069287,0.09722094987122615,0.952387069292,0.9398045712943424,1.0,1.0,1.368098484392,1.3329781793233058
R_3ENoszlL5q7JglI,none,6,160200,weighted examples,6,0.7240409070705826,0.14875683644661541,1.0,1.0,0.9567121562519664,0.988212624487,0.9502990300861197,-0.198092049194,-0.05460632749720081,0.945548998464,0.9591792147905028,1.0,1.0000000000000002,0.777443716888,0.6102038841941239
R_3ENoszlL5q7JglI,none,7,160204,weighted examples,4,0.828103555793045,0.22457556531007625,0.6126120234622687,1.0,1.0,0.968474742512,0.9204385328636373,-0.122080825703,-0.05307688076913364,0.944623077058,0.8999072410790209,1.0,1.0,0.2768846147102,0.6639752718104869
R_3ENoszlL5q7JglI,none,8,160213,weighted examples,1,1.0,0.3014102671455545,0.75,1.0,1.0,0.99239700755,0.9875127567892195,-0.156538163476,-0.13322614896589563,0.919060555763,0.8660165551987862,1.0,1.0,0.7856832709302,1.5832304779244177
R_3ENoszlL5q7JglI,none,9,160202,weighted examples,4,0.8814721038478985,0.21064556404239826,0.655926028767252,1.0,0.9999999999999999,0.977391200543,0.6645265604325222,-0.252575420163,-0.04248891154415001,0.92376836431,0.8940954875399323,1.0,0.9999999999999999,0.5098537860949,0.7327089692122296
R_3ENoszlL5q7JglI,none,10,160211,weighted examples,1,1.0,0.15619466801077658,1.0,1.0,1.0,0.982620884491,0.9826240383070282,-0.171574246393,-0.3826242693533072,0.957695904499,0.9144536839174009,1.0,1.0,1.0374765307057,1.4642786403336023
R_3ENoszlL5q7JglI,none,11,160217,weighted examples,6,0.6532389764069241,0.2931091971112046,1.0,1.0,0.6580840240103702,0.844093565816,0.5198135489562992,-0.126448431525,-0.11683541530345803,0.890306394467,0.929793233956435,1.0,1.0,1.120527291515,0.7993594166417652
R_3ENoszlL5q7JglI,none,12,160216,weighted examples,1,1.0,0.378407084634664,0.5,1.0,0.0,0.942137748158,-0.05717686397998678,-0.238418553689,-0.09947021312226739,0.924703372823,0.9082400125975915,1.0,1.0,1.06962726025,1.4059968698461236
R_3ENoszlL5q7JglI,none,13,160205,weighted examples,1,1.0,0.2183787053187921,1.0,1.0,1.0,0.999973554523,0.7785960835700056,0.141385205793,0.26377685129081463,0.89893204942,0.9431650371337635,1.0,1.0,1.8835611377273,1.9731749047604041
R_3ENoszlL5q7JglI,none,14,160206,weighted examples,4,0.8697405380587184,0.3518466643743614,1.0,1.0,0.0,0.986987087947,0.017773808660502086,0.496146237889,0.4609842067710681,0.82842397626,0.9233406879716396,1.0,1.0,1.3910149378160002,1.5149213726298318
R_3ENoszlL5q7JglI,none,15,160215,weighted examples,6,0.4835824385474857,0.33979152818200525,1.0,1.0,0.4922541422119659,0.921382206722,0.4205526380223532,-0.0631261071754,-0.06767380207727153,0.930736719467,0.9347407917210928,1.0,1.0,0.89115402919,0.9034026505227384
R_3ENoszlL5q7JglI,none,16,160218,weighted examples,6,0.39946731434835886,0.2992778617154759,0.15195322167477715,1.0,0.41991520134617083,0.67930419341,0.5625737951353923,0.0650289831079,-0.02509243192903212,0.94351056183,0.912518154014751,1.0,1.0,0.28244719085000003,0.7025397791589306
R_3ENoszlL5q7JglI,none,17,160207,weighted examples,6,0.7268872615972769,0.2504098037458661,1.0,1.0,0.5096054328851124,0.994730241026,0.6424946439291933,0.133529996005,0.1038945578768085,0.891089646047,0.9238978289620502,1.0,1.0,1.285139329468,0.9396073906818726
R_3ENoszlL5q7JglI,none,18,160219,weighted examples,4,0.6813978486443126,0.2843357103005488,1.0,1.0,0.37806805784960307,0.702729874559,0.3159176733239412,0.0122055200124,-0.12125826983182324,0.927532425312,0.9314079102076631,1.0,0.9999999999999999,0.6098514043155999,1.128033875711767
R_3ENoszlL5q7JglI,none,19,160209,weighted examples,6,0.7150957632635905,0.3153937141029652,1.0,1.0,0.5313619511539156,0.99998399295,0.6279371455888665,0.0110899177636,0.11175229580598271,0.878776878058,0.9104426678768132,1.0,1.0,1.4840491800289999,1.0058200474509373
R_3ENoszlL5q7JglI,none,20,160208,weighted examples,4,0.8306037556706326,0.2470846316286369,1.0,0.0,0.9560046071194788,0.261308520116,0.8977942482597742,0.0674933634111,-0.019396046535650354,0.903737140445,0.9215478955334742,1.0,1.0,0.9169481128939,1.1839908057338249
R_3Fo0QmOVx6lcU4W,counterfactual,1,160212,feature contribution,4,0.048363573146592245,0.26027176420996484,0.0,0.0,1.0,0.0490141540213,0.9224982164706717,-0.0348715033683,-0.15147622963873908,0.98129569801,0.9185051427557192,1.0,1.0,0.0935215099473,0.4074742862214048
R_3Fo0QmOVx6lcU4W,counterfactual,2,160211,feature contribution,4,0.5206852965370703,0.2586776006040261,0.0,0.0,0.12488346596181077,0.0251248397976,0.2742625987645931,-0.0357968615913,0.027696196177074844,0.917388380235,0.9088398887398003,1.0,1.0,0.0763012455663,0.3003920447154934
R_3Fo0QmOVx6lcU4W,counterfactual,3,160200,feature contribution,4,0.5206852965370703,0.08276957234478982,0.0,0.0,0.0,0.328638084322,-0.0009965096646132655,0.0849079253203,-0.0046431676850838145,0.957783424408,0.9381867730282328,1.0,1.0,0.0948610080013,0.014467706591979773
R_3Fo0QmOVx6lcU4W,counterfactual,4,160214,feature contribution,4,0.5206852965370703,0.10653590786830096,0.0,0.0,0.0,-0.00386959766433,0.00282222335234406,-0.0532692440398,0.005575738623618327,0.973603893426,0.998207801521658,1.0,1.0,0.131980532871,0.008960992391710481
R_3Fo0QmOVx6lcU4W,counterfactual,5,160202,feature contribution,4,0.5206852965370703,0.08626839647382324,0.0,0.0,0.0,0.00722710897397,0.005037725794808794,-0.0306669254779,0.002477373217690485,0.978553163408,0.9985555095370965,1.0,1.0,0.107234182958,0.007222452314517284
R_3Fo0QmOVx6lcU4W,counterfactual,6,160203,feature contribution,4,0.5206852965370703,0.09828034975551078,0.0,0.0,0.0,0.471000416293,0.012486561172384274,0.059569921176,0.0010982296832646944,0.977728285078,0.9962997968584115,1.0,1.0,0.11135857461,0.01850101570794337
R_3Fo0QmOVx6lcU4W,counterfactual,7,160201,feature contribution,4,0.5206852965370703,0.3795855244492335,0.0,0.0,0.07651989281521852,-8.73624880552e-06,0.1752420059933774,-0.0800860732551,0.2205520702330692,0.936585779774,0.9056522162929699,1.0,1.0,0.121669553741,0.398054120069182
R_3Fo0QmOVx6lcU4W,counterfactual,8,160213,feature contribution,4,0.5206852965370703,0.2860288129539551,0.0,0.0,1.0,-0.0057834213773,0.8687591863249895,-0.0661364255247,0.027999397323191365,0.978965602573,0.9477585077183893,1.0,1.0,0.105171987132,0.2950848315376918
R_3Fo0QmOVx6lcU4W,counterfactual,9,160210,feature contribution,4,0.5206852965370703,0.2779191419052529,0.0,0.0,0.8751165340381893,-0.00198842923226,0.8703484741435917,-0.121260376117,-0.0554391231890683,0.915791095851,0.9400593264531846,1.0,1.0,0.0907366163491,0.28014852974134435
R_3Fo0QmOVx6lcU4W,counterfactual,10,160204,feature contribution,4,0.5206852965370703,0.08328049357934526,0.0,0.0,0.0,0.00837350805222,0.014737173531189581,-0.0227227853393,0.005061424786904566,0.979378041739,0.998536073301503,1.0,1.0,0.103109791306,0.007319633492485949
R_3Fo0QmOVx6lcU4W,counterfactual,11,160206,feature contribution,4,0.35443123750111905,0.5588587351341994,0.0,0.0,0.0,0.000794479116408,0.002764073241816256,0.448858393683,-0.11829903412963576,0.980044421968,0.8968346184340954,1.0,1.0,0.326086956522,0.5681847335825574
R_3Fo0QmOVx6lcU4W,counterfactual,12,160215,feature contribution,4,0.07651989281521852,0.4391999455658919,0.0,0.0,0.5206852965370703,-0.0138267160407,0.39648884229286374,-0.0123061501136,-0.02297932980107059,0.949233315093,0.908753509802286,1.0,1.0,0.240637819612,0.5788417540520848
R_3Fo0QmOVx6lcU4W,counterfactual,13,160207,feature contribution,4,0.35443123750111905,0.44962568635022565,0.0,0.0,0.5690488696836625,-3.05150447177e-06,0.5855897199072378,-0.0599236999598,0.11015376421930398,0.943478260869,0.9281609131858335,1.0,1.0,0.282608695652,0.38400428225759536
R_3Fo0QmOVx6lcU4W,counterfactual,14,160208,feature contribution,4,0.35443123750111905,0.33731239199655977,0.0,0.0,0.048363573146592245,-0.00647277489152,0.20689864631743102,-0.0474473488425,0.022013544214653673,0.960869565217,0.9419239283461072,1.0,1.0,0.195652173913,0.30456063626824526
R_3Fo0QmOVx6lcU4W,counterfactual,15,160217,feature contribution,4,0.07651989281521852,0.40957138320233044,0.0,0.0,0.0,-0.0374829412723,-0.1425523580821654,-0.0267848217842,-0.09058018610813336,0.951208063397,0.9329173263128718,1.0,1.0,0.271174487216,0.48751756386460066
R_3Fo0QmOVx6lcU4W,counterfactual,16,160219,feature contribution,4,0.5206852965370703,0.40743787854839014,0.0,0.0,0.07651989281521852,0.421076765853,0.03752077854020437,0.0358999145306,-0.039620923495188975,0.985152190052,0.9458122522298392,1.0,1.0,0.0742390497402,0.47205212338080194
R_3Fo0QmOVx6lcU4W,counterfactual,17,160216,feature contribution,4,0.048363573146592245,0.29904548789339364,0.0,1.0,0.9516364268534079,0.469946646345,0.8800183549789795,0.0315454986307,-0.11042401968842346,0.960960586877,0.9408041988666852,1.0,1.0,0.272062574392,0.29597900566657487
R_3Fo0QmOVx6lcU4W,counterfactual,18,160218,feature contribution,4,0.5206852965370703,0.13565427093634003,0.0,1.0,0.0,0.953613083228,5.0109862803678876e-05,0.000730973441834,-0.005048873328683629,0.967417305947,0.9971499763402376,1.0,1.0,0.162913470263,0.014250118298812398
R_3Fo0QmOVx6lcU4W,counterfactual,19,160205,feature contribution,4,0.35443123750111905,0.6042356197332946,0.0,0.0,0.048363573146592245,0.000187853540706,0.03273348317867605,0.150362890218,-0.16073147183280811,0.96175845229,0.8742909346936054,1.0,1.0,0.282608695652,0.671596656042109
R_3Fo0QmOVx6lcU4W,counterfactual,20,160209,feature contribution,4,0.35443123750111905,0.5271447240154855,0.0,0.0,0.5690488696836625,-4.03319675946e-06,0.5463745278962892,-0.0852929414362,0.11476630938601436,0.943380546045,0.9268220039185273,1.0,1.0,0.391304347826,0.4010141855302617
R_3Qv0QTQ49yAIRot,attribution,1,160201,feature contribution,4,0.050926795167279465,0.3677557285069647,1.0,0.0,0.37462613014187135,0.000437820557812,0.3796026844095723,0.16536783438,0.2416475924138333,0.932842705252,0.9057172751600013,1.0,1.0,0.239130434783,0.5156446360551339
R_3Qv0QTQ49yAIRot,attribution,2,160203,feature contribution,4,0.5095953454024054,0.12244670027693395,1.0,1.0,0.5527712513588244,0.964637355484,0.4605714498951258,-0.0166608433112,0.010172714602785068,0.957490222751,0.9768428678879909,1.0,1.0,0.212548886244,0.115785660560046
R_3Qv0QTQ49yAIRot,attribution,3,160214,feature contribution,4,0.21883119371492188,0.1497525121850331,1.0,1.0,1.0,0.995194495471,0.9133972042787272,-0.0276970086037,0.005327754694092987,0.95652173913,0.9780547497291991,1.0,1.0,0.217391304348,0.10972625135400439
R_3Qv0QTQ49yAIRot,attribution,4,160213,feature contribution,4,0.5972761974323998,0.13400857988010917,1.0,1.0,0.9556283262714657,0.888553317692,0.8802957438535671,0.057347971806,0.018414706103005902,0.954581206851,0.9492537234608662,1.0,0.9999999999999998,0.369565217391,0.33664429463767326
R_3Qv0QTQ49yAIRot,attribution,5,160212,feature contribution,4,0.10633406401557789,0.1818387103066402,1.0,1.0,0.9999999999999999,0.695332252362,0.9669873739878234,0.0235222164423,-0.12110896941538443,0.969565217391,0.9539242504478378,1.0,0.9999999999999999,0.152173913043,0.23037874776081108
R_3Qv0QTQ49yAIRot,attribution,6,160200,feature contribution,4,0.09742041871657642,0.17249373422969172,1.0,1.0,0.0,0.932956982809,0.15357690434191773,0.0502196747956,0.04686949296520218,0.951534461402,0.9343704293791174,1.0,1.0000000000000002,0.239130434783,0.11556413134541892
R_3Qv0QTQ49yAIRot,attribution,7,160211,feature contribution,4,0.7418164172416071,0.15288441426409863,1.0,0.0,0.9008258951773217,0.0186647649526,0.656923529654506,0.000409773879597,0.03580801794093561,0.937220620267,0.9152670142358721,1.0,1.0,0.304347826087,0.3920760459604938
R_3Qv0QTQ49yAIRot,attribution,8,160202,feature contribution,4,0.2292394630271723,0.18911232899436875,1.0,1.0,0.7121975361533002,0.977296888469,0.7066353694888057,-0.0844660550559,0.01754837130545027,0.943478260869,0.978707522857087,1.0,1.0,0.282608695652,0.1064623857145655
R_3Qv0QTQ49yAIRot,attribution,9,160204,feature contribution,4,0.373986422518246,0.1259171804798469,1.0,1.0,0.9999999999999999,0.968183283913,0.9550308572850205,-0.079114289859,-0.019662595185461106,0.960869565217,0.9786793663189668,1.0,0.9999999999999999,0.195652173913,0.10660316840516514
R_3Qv0QTQ49yAIRot,attribution,10,160210,feature contribution,4,0.1266196222630489,0.24317625766679385,1.0,1.0,0.9567470953362287,0.980433045215,0.9375577674199987,0.0266676868831,-0.05211401907319112,0.913038226511,0.9526534157430463,1.0,0.9999999999999999,0.282608695652,0.2689465772035717
R_3Qv0QTQ49yAIRot,attribution,11,160207,feature contribution,4,0.05822655140767426,0.3608524702240186,1.0,0.0,0.8805174362389012,0.00111055554983,0.8798642935326831,0.103440738975,0.09902045167359687,0.95652173913,0.9272388039699305,1.0,0.9999999999999999,0.217391304348,0.5238068728756803
R_3Qv0QTQ49yAIRot,attribution,12,160219,feature contribution,4,0.6296020091424974,0.16366937935573173,1.0,0.0,0.11817458059553701,0.374619327685,0.13378846836775696,0.0327012155881,-0.028808492288548773,0.952228997823,0.9606685577638746,1.0,1.0,0.282608695652,0.35203584562691925
R_3Qv0QTQ49yAIRot,attribution,13,160208,feature contribution,4,0.05687969648193613,0.3276723031753329,1.0,0.0,0.1354154011358357,0.442860413468,0.09095700636099859,0.0863132300098,-0.04029765008459617,0.943478260869,0.923678143621284,1.0,1.0,0.282608695652,0.40290688013688053
R_3Qv0QTQ49yAIRot,attribution,14,160205,feature contribution,4,0.7283669958778524,0.24711084043310663,1.0,0.0,0.11197890210652073,-4.55950486056e-06,0.07580954761625594,-0.206334540865,-0.17545501917345657,0.88889067446,0.8743529728979813,1.0,0.9999999999999999,0.428936731832,0.6088573974398142
R_3Qv0QTQ49yAIRot,attribution,15,160206,feature contribution,4,0.6869630122520924,0.20750025316017873,1.0,0.0,0.0,-2.60449439793e-11,0.007212267185383781,-0.00355433492654,0.10118394658096586,0.931122659408,0.9167098834738184,1.0,1.0,0.344386702961,0.5143923568222116
R_3Qv0QTQ49yAIRot,attribution,16,160218,feature contribution,4,0.2828137689137741,0.13606082495847627,1.0,1.0,0.5109474327155127,0.576825617286,0.431892969426774,0.0733864974093,0.033567778815754956,0.960869565217,0.9770573749645906,1.0,1.0,0.195652173913,0.11471312517704724
R_3Qv0QTQ49yAIRot,attribution,17,160209,feature contribution,4,0.645156086672403,0.21185428240166537,1.0,1.0,0.8772468035572967,0.960612567867,0.8382244384847931,0.18171699525,0.1308790039379952,0.924523632764,0.9222547828688943,1.0,1.0,0.377381836179,0.5190577236876823
R_3Qv0QTQ49yAIRot,attribution,18,160216,feature contribution,4,0.43989925631304927,0.18099591617621175,1.0,1.0,0.9424259352199358,0.941757396938,0.8781227712847015,-0.110358997454,-0.09947566511460645,0.93675857978,0.953666422649184,1.0,1.0,0.326086956522,0.2316678867540804
R_3Qv0QTQ49yAIRot,attribution,19,160217,feature contribution,4,0.6562467062039475,0.22808734680771736,1.0,0.0,0.0,-0.109822208291,0.06304906817723843,-0.0536763950845,-0.017323128331792035,0.927028647732,0.9450053266699943,1.0,1.0000000000000002,0.410376969397,0.3965121624102007
R_3Qv0QTQ49yAIRot,attribution,20,160215,feature contribution,4,0.4092225298568804,0.3210094994512014,1.0,0.0,0.43799412189637965,-0.0752661496479,0.35897972454454335,-0.110198383974,-0.06527702053728758,0.964230823871,0.9263128905860312,1.0,0.9999999999999999,0.45652173913,0.4971710565182825
R_3pZ1OVs4kWTC7GB,none,1,160211,weighted examples,6,0.4675533873961334,0.17849896848613936,1.0,0.0,0.7784937896958748,0.193938819928,0.6001794230718471,0.0556853145,0.03759841751746673,0.939953119397,0.9307597569932945,1.0,0.9999999999999998,0.373173163481,0.5997058815276904
R_3pZ1OVs4kWTC7GB,none,2,160213,weighted examples,6,0.6022539288132798,0.2520116898418664,1.0,0.0,0.7371067037582415,-0.00742990211454,0.7512949699626654,-0.155657910185,-0.0015481388140754738,0.934795270609,0.933266724807846,1.0,1.0,0.75118472901,0.6581281861123599
R_3pZ1OVs4kWTC7GB,none,3,160203,weighted examples,4,0.04206577028064611,0.14940487634587707,0.0,0.0,0.6866967014319585,0.0643416269886,0.6688094207175908,0.0188266315,-0.04214711207217793,0.991304347826,0.95734712176702,1.0,1.0,0.0434782608696,0.2511334673667497
R_3pZ1OVs4kWTC7GB,none,4,160201,weighted examples,4,0.6678648059808215,0.28500499570283944,1.0,0.0,0.6678648059808215,0.00122507443543,0.6019421389387961,0.0632513710402,0.1979680123016108,0.925278034344,0.9283713002600518,1.0,1.0,0.195544975344,0.4273471498886548
R_3pZ1OVs4kWTC7GB,none,5,160210,weighted examples,4,0.18233320181821897,0.42721374881980095,1.0,0.0,0.4102623710268447,0.00700375631516,0.3841243811675743,-0.126207159007,-0.022013387843066945,0.912388529644,0.9413459784736351,1.0,1.0,0.561129059684,0.36175989372170014
R_3pZ1OVs4kWTC7GB,none,6,160214,weighted examples,6,0.7093490576128674,0.08530176703710733,1.0,0.0,0.14355511722690295,0.0223479578822,0.34967805447946465,-0.110920136195,-0.013579962309005569,0.95021461929,0.9384598828211114,1.0,0.9999999999999998,0.382914804712,0.4370815960837535
R_3pZ1OVs4kWTC7GB,none,7,160202,weighted examples,4,0.14401424127270263,0.19494802568704375,1.0,0.0,0.2501889034855916,-0.0219748915724,0.38802855937555336,-0.118883118326,0.022114594651626615,0.943887094032,0.9770730901297643,1.0,1.0,0.280564529842,0.11463454935117845
R_3pZ1OVs4kWTC7GB,none,8,160200,weighted examples,6,0.6493291424660184,0.2349243015809661,0.23251117696953327,1.0,0.6636611489984874,0.865166441014,0.5564462084295144,0.0534773058885,0.060148950965741736,0.94755326021,0.9464447049576474,1.0,1.0,0.377959974272,0.3580572221885865
R_3pZ1OVs4kWTC7GB,none,9,160204,weighted examples,6,0.5281095772967714,0.19565493739971931,1.0,0.0,0.3658045073565218,0.246624025397,0.45368324318935127,0.00929598954639,-0.019142375597373494,0.916950076251,0.957583164457371,1.0,1.0,0.570706697323,0.21208417771314553
R_3pZ1OVs4kWTC7GB,none,10,160212,weighted examples,4,0.12065690454854242,0.43145556314402256,1.0,0.0,0.508916341810325,-0.0111299606769,0.6337362135071183,-0.127295131239,-0.07551411412075382,0.922044337701,0.940797680453805,1.0,1.0,0.578132970583,0.29601159773097496
R_3pZ1OVs4kWTC7GB,none,11,160217,weighted examples,4,0.3678614992027252,0.25093866660575337,1.0,0.0,0.3678614992027252,0.219120680352,0.25483729158414453,0.0197193055179,-0.031872389931621524,0.936299498291,0.9528384638121044,1.0,0.9999999999999999,0.399591906138,0.2631184036300184
R_3pZ1OVs4kWTC7GB,none,12,160215,weighted examples,4,0.14050406070335802,0.3688947094386033,1.0,1.0,0.14050406070335802,0.913902575071,0.07356557586460295,-0.0274437794701,-0.09140572204588729,0.911981783049,0.9605953024160898,1.0,1.0,0.416563556875,0.3650066736912474
R_3pZ1OVs4kWTC7GB,none,13,160219,weighted examples,6,0.4779605255611594,0.2555113601480678,1.0,1.0,0.2260439467155354,0.937384848274,0.22552297028708312,-0.0318702650574,-0.008246910782887362,0.906113757572,0.9475369748373249,1.0,1.0,0.685967337705,0.5438011037200907
R_3pZ1OVs4kWTC7GB,none,14,160216,weighted examples,4,0.16387158394395,0.2520911992589412,1.0,1.0,0.8604999742747724,0.941766231573,0.8408152097189151,-0.124037621278,-0.1024589745315017,0.950507300173,0.9430530914347238,1.0,1.0,0.247463499134,0.3219053214901557
R_3pZ1OVs4kWTC7GB,none,15,160206,weighted examples,4,0.17662506786466936,0.32991151846977407,1.0,0.0,0.0,5.72838154489e-06,0.0015199393034359158,0.249965905345,0.3134581702339629,0.947287876212,0.9561628468694174,1.0,1.0,0.263560618942,0.47467782821910653
R_3pZ1OVs4kWTC7GB,none,16,160218,weighted examples,6,0.25298673895588036,0.13611005311809393,0.7085046777453674,1.0,0.3568094236893913,0.736914277457,0.41168274453040765,0.0561305964439,0.01677661583541259,0.962966190747,0.943481164356308,1.0,1.0,0.18516904626089997,0.3957792088113468
R_3pZ1OVs4kWTC7GB,none,17,160208,weighted examples,4,0.29769494548991576,0.2129091746770266,1.0,0.0,0.06886003845728807,0.464627156557,0.04869819658974955,0.088002162963,-0.0016806491773140768,0.978140724243,0.9567785273467841,1.0,1.0,0.109296378784,0.32376380737639743
R_3pZ1OVs4kWTC7GB,none,18,160207,weighted examples,4,0.7001079844283883,0.11434474185146876,1.0,1.0,0.8610127721984703,0.958373904864,0.8390419740800614,0.0754330119205,0.06950262613046082,0.931653942693,0.9356421635478493,1.0,0.9999999999999998,0.450603638837,0.39801228550013057
R_3pZ1OVs4kWTC7GB,none,19,160205,weighted examples,6,0.672060333518253,0.2989499764968281,1.0,0.0,0.08070270088756752,4.65840243569e-06,0.2506229851475572,0.0616344235715,0.21803046727198233,0.958963095406,0.9253245353574584,1.0,1.0,0.299100057741,0.8750114913197102
R_3pZ1OVs4kWTC7GB,none,20,160209,weighted examples,4,0.6443682809324884,0.1611799211529901,1.0,1.0,0.8302792389817066,0.992528072523,0.8199032250509778,0.0574823624978,0.08573606794134944,0.905151396652,0.9238371281959011,1.0,1.0000000000000002,0.544125148784,0.4263013520306045
R_5ASRudX4WuOaMDD,counterfactual,1,160200,feature contribution,4,0.6076997811904359,0.1642485427476512,1.0,1.0,0.4001378836150801,0.988208714055,0.5761590323832921,-0.139353185527,0.07244027899006585,0.970307729789,0.9335600279457981,1.0,1.0000000000000002,0.7226157040200001,0.26159181957791133
R_5ASRudX4WuOaMDD,counterfactual,2,160210,feature contribution,4,0.4257992210306392,0.2625995135090307,1.0,0.0,0.9648648490069518,0.14411687148,0.8922135562275508,0.0494064421352,-0.07304468153306307,0.937321485927,0.9264701638906597,1.0,1.0,0.43732228154,0.41535831828469894
R_5ASRudX4WuOaMDD,counterfactual,3,160212,feature contribution,6,0.7981217355164761,0.17763493173478762,1.0,1.0,1.0,0.985477303723,0.9848376622377916,-0.117982562675,-0.28257251766378405,0.904217361779,0.9131954085337074,1.0,1.0,0.47945463351100004,0.6926552242384119
R_5ASRudX4WuOaMDD,counterfactual,4,160214,feature contribution,6,0.5715289763335181,0.06915963880362268,1.0,1.0,0.9999999999999999,0.995747464124,0.9797376105026929,-0.0838133979103,-0.049539581541666426,0.953696543602,0.9585699507187562,1.0,0.9999999999999999,0.23151728198899998,0.20715024640621948
R_5ASRudX4WuOaMDD,counterfactual,5,160201,feature contribution,4,0.931035447162466,0.09958410840900131,1.0,1.0,0.20885777199106215,0.943664682529,0.48353346432129246,0.222555713942,0.2527836439109937,0.958867773188,0.9535204891749266,1.0,0.9999999999999998,1.137962837983,0.8681913046008042
R_5ASRudX4WuOaMDD,counterfactual,6,160202,feature contribution,4,0.647693748586272,0.06670529023642244,1.0,1.0,1.0,0.977386582333,0.9389207537589204,-0.117196745194,-0.030463075721547474,0.95067448859,0.9483081295651908,1.0,1.0,0.366525729542,0.25845935217404625
R_5ASRudX4WuOaMDD,counterfactual,7,160204,feature contribution,6,0.7072338772311437,0.09489762968526863,1.0,1.0,1.0,0.968511305831,0.967014156575708,-0.199473708241,-0.09057071919785074,0.932856941417,0.9606244519373681,1.0,1.0,0.338596003783,0.19687774031316002
R_5ASRudX4WuOaMDD,counterfactual,8,160211,feature contribution,4,0.9314186115335956,0.17971112748002083,1.0,1.0,0.12342979204597365,0.981198008651,0.4506853351918807,-0.0407958124938,0.05058186549370372,0.943641731611,0.9544999625892047,1.0,1.0,0.96113998224,0.7094986515422161
R_5ASRudX4WuOaMDD,counterfactual,9,160203,feature contribution,6,0.7672316779793636,0.22591153138606074,1.0,1.0,0.4111170864558532,0.984594604169,0.5834183151774726,-0.238160449371,0.03002650621273148,0.907418145481,0.9585113785777518,1.0,1.0,0.661670310873,0.2074431071112406
R_5ASRudX4WuOaMDD,counterfactual,10,160213,feature contribution,6,0.7329510991960143,0.1318134585856755,1.0,0.0,0.5788095811829579,0.015954594708,0.5798445903481376,0.0317351652086,-0.022012441532023024,0.950872625367,0.955263805089248,1.0,1.0,0.551310333875,0.5322756197985772
R_5ASRudX4WuOaMDD,counterfactual,11,160218,feature contribution,6,0.7861410176993855,0.10308523680578396,1.0,1.0,0.958053675705547,0.9366139856,0.8089831935796119,-0.0136359293979,0.03090701297726619,0.936958795434,0.956930736614432,1.0,1.0,0.40132523791499997,0.21534631692783973
R_5ASRudX4WuOaMDD,counterfactual,12,160209,feature contribution,1,0.8571428571428571,0.12698449682506532,1.0,0.0,0.0,0.017716181921,0.2316334195347156,0.130218749951,0.18892255782051282,0.913405331542,0.9457513069426956,1.0,1.0,1.2226832909971,0.8251499385245169
R_5ASRudX4WuOaMDD,counterfactual,13,160217,feature contribution,4,0.9534858064259486,0.12345814325660313,1.0,0.0,0.16527320325406508,-0.155802070476,0.26476055032684886,-0.202546175991,-0.017247910977088096,0.972222507898,0.9339023099901289,1.0,0.9999999999999998,0.876099901781,0.8304248776073312
R_5ASRudX4WuOaMDD,counterfactual,14,160219,feature contribution,4,0.0,0.39559466811438593,nan,0.0,0.2065825128547495,-0.0408733141376,0.059347098049589916,-0.145338400747,-0.10447940810982884,0.954662559044,0.9430555033703119,1.0,1.0,0.229552797143,0.5498557255427159
R_5ASRudX4WuOaMDD,counterfactual,15,160206,feature contribution,4,0.0,0.5986405986436824,nan,0.0,0.0,0.000794479116408,0.014580913604709688,0.448858393683,0.3175467052054201,0.980044421968,0.8980922021778892,1.0,1.0,0.326086956522,0.8601020051584121
R_5ASRudX4WuOaMDD,counterfactual,16,160207,feature contribution,4,0.09505688212839365,0.39072350263853556,0.0,0.0,0.8614858025013812,1.1643965947e-07,0.8585455753957592,-0.034796661031,0.04966662431814751,0.981755549311,0.9313402389963144,1.0,1.0,0.091222253442,0.6172721251496168
R_5ASRudX4WuOaMDD,counterfactual,17,160216,feature contribution,6,0.12882845987585417,0.30326463652502744,0.0,0.0,0.9838289680696006,0.0192451129964,0.8309422125171326,-0.0844275368521,-0.03169353497426283,0.950182564974,0.9455855195490896,1.0,1.0,0.583419909788,0.4604391738355906
R_5ASRudX4WuOaMDD,counterfactual,18,160205,feature contribution,4,0.504332954434109,0.5869849827390672,1.0,0.0,0.19695497368655168,0.19739413552,0.13337619057067693,0.217421637815,-0.023485723870582672,0.946151457466,0.8764931668751395,1.0,0.9999999999999999,0.46,0.8900255544710811
R_5ASRudX4WuOaMDD,counterfactual,19,160208,feature contribution,4,0.04015098798501475,0.28619685306894793,1.0,0.0,0.10603278809988995,0.102581409379,0.09172802340660675,0.0463051859377,-0.03860741660499484,0.973913043478,0.9262822627868679,1.0,1.0,0.130434782609,0.45092038803107404
R_5ASRudX4WuOaMDD,counterfactual,20,160215,feature contribution,6,0.2315620437960961,0.27705116372777744,1.0,1.0,0.4885033767203124,0.671771859981,0.34927118735507756,0.0415403817531,-0.01665937778596021,0.955536860679,0.9354557542406475,1.0,1.0000000000000002,0.1856634259543,0.8130537273846711
R_5CNiW73tAkn7Lk5,none,1,160214,feature contribution,4,0.0,0.1893089155541266,nan,1.0,0.9521419800617195,0.992835573919,0.9481255797151824,-0.0142989442148,-0.06634244163605986,0.969267771846,0.9564794455200912,1.0,1.0,0.15366114077,0.21760277239954356
R_5CNiW73tAkn7Lk5,none,2,160204,feature contribution,6,0.574120987246161,0.16225394008807884,1.0,1.0,0.9999999999999999,0.968421381533,0.967664888134144,-0.137900157349,-0.1721323780847665,0.940284395116,0.915898526360254,1.0,0.9999999999999999,0.298578024421,0.504833961969812
R_5CNiW73tAkn7Lk5,none,3,160211,feature contribution,6,0.5679829667472115,0.21972386599675414,1.0,1.0,0.9999999999999999,0.868559428904,0.8080213861984362,0.0401645907696,-0.018925822504228473,0.920053238785,0.926767174924042,1.0,0.9999999999999999,0.658199562465,0.7023870428521154
R_5CNiW73tAkn7Lk5,none,4,160201,feature contribution,6,0.7137786250525318,0.1620329701855,1.0,1.0,0.6814341616191399,0.94654951567,0.5581570922154853,0.22444300184,0.22197936343940478,0.94098602945,0.9324829002181991,1.0,0.9999999999999999,0.501055663248,0.49970181038264905
R_5CNiW73tAkn7Lk5,none,5,160210,feature contribution,6,0.806130678778405,0.19419641769804946,1.0,1.0,1.0,0.991078854095,0.9909309251923806,-0.00708678506798,-0.19378146720609923,0.950231491701,0.9323776794220848,1.0,1.0,0.616111360151,0.6836634270192485
R_5CNiW73tAkn7Lk5,none,6,160202,feature contribution,6,0.38382661632025855,0.08408515479902247,1.0,1.0,0.9711368866616109,0.977322224583,0.9022495665848079,-0.0803272913829,-0.006691623315993018,0.962146844382,0.9593450371405176,1.0,1.0,0.23034913224339998,0.20327481429741304
R_5CNiW73tAkn7Lk5,none,7,160212,feature contribution,6,0.7981884067228122,0.16659797404959772,1.0,1.0,0.9999999999999999,0.985471950413,0.9811943772264721,-0.0993812732973,-0.2328040623238132,0.909804922614,0.9151975587857519,1.0,0.9999999999999999,0.478521696119,0.4928197345244606
R_5CNiW73tAkn7Lk5,none,8,160200,feature contribution,4,0.5932991356571532,0.293264916220117,1.0,0.0,0.0,0.454518451561,0.1861601999219104,0.0958641153259,0.058046360776907696,0.962170262619,0.9372260040911216,1.0,1.0,0.425097772488,0.11423508900722953
R_5CNiW73tAkn7Lk5,none,9,160213,feature contribution,6,0.7432462934338185,0.26939313251860897,1.0,1.0,1.0000000000000002,0.969435341625,0.9793296697733576,0.0439526714094,-0.03644275056152775,0.937090233167,0.9240650138047785,1.0,1.0000000000000002,0.58609294257,0.707974277364134
R_5CNiW73tAkn7Lk5,none,10,160203,feature contribution,4,0.621920849527814,0.31832848335275227,1.0,1.0,0.621920849527814,0.984423418313,0.660149204329457,-0.0993702103731,-0.16282066683388138,0.92527977469,0.8994768532685788,1.0,1.0,0.442101683387,0.5452176581577262
R_5CNiW73tAkn7Lk5,none,11,160217,feature contribution,4,0.6103366435266481,0.18711317893777812,1.0,1.0,0.03565223873877936,0.795124892292,-0.1182706998209092,-0.103347821929,-0.14112227212538195,0.925542700472,0.9221779397286713,1.0,1.0,0.6480606396184999,0.7803145742861131
R_5CNiW73tAkn7Lk5,none,12,160209,feature contribution,6,0.6952268466190503,0.32060548487746904,1.0,0.0,0.9760307474849638,0.123174675265,0.9684851755958949,0.175188798639,0.12236472610785236,0.926233977122,0.9216417041178742,1.0,1.0,1.0560192392880001,0.5142577360873013
R_5CNiW73tAkn7Lk5,none,13,160208,feature contribution,6,0.7790885399612788,0.1626587505690032,1.0,0.0,0.6473896441706352,0.198074170359,0.553625213722333,0.0355255236386,-0.0011936740525498105,0.96664670234,0.9351765786221546,1.0,1.0,0.5459278183480001,0.45808059720735267
R_5CNiW73tAkn7Lk5,none,14,160207,feature contribution,4,0.8322171020676441,0.15322098452200494,1.0,0.0,1.0,0.0206727003039,0.9996497399955588,0.123112678778,0.07441715838539809,0.928557238805,0.9345782893537318,1.0,1.0,0.924059990931,0.5099971836744469
R_5CNiW73tAkn7Lk5,none,15,160215,feature contribution,4,0.3455406446487184,0.4003540239177154,1.0,1.0,0.3455406446487184,0.913482061538,0.25615767288907276,-0.0791641543244,-0.026204255063090195,0.918165876205,0.9148859139212996,1.0,1.0000000000000002,0.336137919657,0.6196065559168704
R_5CNiW73tAkn7Lk5,none,16,160205,feature contribution,6,0.8235550840296498,0.20502292811687606,1.0,0.0,0.012846260685846551,0.0394498626027,0.040564750012394825,0.203194656163,0.05022252801968935,0.926371044111,0.9247849513740176,1.0,1.0,0.800065990266,0.9678735991902562
R_5CNiW73tAkn7Lk5,none,17,160219,feature contribution,6,0.49371024850972084,0.313018905305442,1.0,1.0,0.12404179960760814,0.947387550244,0.2084245842040173,-0.0827464968692,-0.03320071947806194,0.930657358062,0.9508605347968568,1.0,1.0,0.436662439137,0.9671356522353289
R_5CNiW73tAkn7Lk5,none,18,160218,feature contribution,6,0.415551973812912,0.1423174840006057,1.0,0.0,0.9761175122907854,0.0176083053343,0.8376183747630601,0.0365034441781,0.015989794587163337,0.939805410001,0.9561001592283636,1.0,1.0,0.42425373531,0.21949920385818303
R_5CNiW73tAkn7Lk5,none,19,160206,feature contribution,4,0.9260797741889448,0.17503448902649,1.0,0.0,0.0,2.76878173693e-05,0.015735352967986775,0.365062090701,0.2371818440467131,0.945369373947,0.9229599546800016,1.0,1.0,0.9756907168,1.2972827732473997
R_5CNiW73tAkn7Lk5,none,20,160216,feature contribution,4,0.2891556724834779,0.3640278638577802,1.0,1.0,0.8710071205036989,0.941730037949,0.7695685859329269,-0.125550249659,-0.05694587126795445,0.948493358852,0.930161534609458,1.0,1.0,0.336137919657,0.5508835474422147
R_5F38MGbZJklp6TP,attribution,1,160201,feature contribution,6,0.6067806754170318,0.185599123022253,1.0,1.0,0.11653087752669787,0.792567173923,0.39331526887127377,0.239873897626,0.25658126382610924,0.949903638969,0.9382453347131623,1.0,1.0,0.494543600746,0.7126815774306732
R_5F38MGbZJklp6TP,attribution,2,160212,feature contribution,6,0.5065632904150774,0.10877738728150965,1.0,1.0,1.0,0.840943074159,0.9440952941363814,0.0167329482931,-0.04310817886397752,0.936256984742,0.9519886777689451,1.0,1.0,0.318715076291,0.24005661115527466
R_5F38MGbZJklp6TP,attribution,3,160211,feature contribution,4,0.940993819164288,0.035033936975061776,1.0,0.0,0.08239113527698043,0.344743060252,0.36924858797918153,0.0542341213144,0.052066217920594446,0.965237435688,0.961196209624301,1.0,1.0,0.48555175781829996,0.4847540861474557
R_5F38MGbZJklp6TP,attribution,4,160204,feature contribution,4,0.5474600862150578,0.08256405957445051,1.0,1.0,0.8489459319266901,0.964549389607,0.5469790880288499,-0.0630708896113,0.03152690263065402,0.973913043478,0.9889739100021843,1.0,1.0,0.130434782609,0.055130449989079275
R_5F38MGbZJklp6TP,attribution,5,160214,feature contribution,4,0.3664041714561266,0.08438328318497533,1.0,1.0,0.44187178839357777,0.919105674659,0.3390932165552047,0.0131579474774,0.030797080153147943,0.973913043478,0.9883533069381267,1.0,1.0,0.130434782609,0.0582334653093667
R_5F38MGbZJklp6TP,attribution,6,160200,feature contribution,6,0.7142050200729522,0.058693524258567324,1.0,0.0,0.0,0.327566945972,0.09306486077776181,0.0828864705559,0.04728437881112046,0.938235140024,0.9340880533766204,1.0,1.0000000000000002,0.2059838980361,0.10561507934506152
R_5F38MGbZJklp6TP,attribution,7,160213,feature contribution,6,0.7275765849861392,0.0538645272172723,1.0,0.0,0.42822171071555554,-0.000698196041827,0.4627852578661123,-0.0142652130566,0.01701655779972866,0.948337081675,0.9494461642244421,1.0,0.9999999999999999,0.3678320730052,0.3620325198490242
R_5F38MGbZJklp6TP,attribution,8,160210,feature contribution,6,0.5403519878765601,0.12115976363241202,1.0,0.0,0.966917623530296,0.118283218756,0.912410827095641,0.0480082165343,0.0028109096860648945,0.976579035483,0.9492069845171698,1.0,1.0,0.397757064149,0.2992486663720851
R_5F38MGbZJklp6TP,attribution,9,160202,feature contribution,4,0.21293890900782217,0.07781498235051533,1.0,1.0,0.0,0.930965323133,0.0852195590600833,0.0182200714844,0.013434973534139598,0.978260869565,0.988515191949191,1.0,1.0,0.108695652174,0.05742404025404542
R_5F38MGbZJklp6TP,attribution,10,160203,feature contribution,6,0.6565825590250935,0.12293167192275561,1.0,1.0,0.2758375188764539,0.981109512856,0.33700009612163107,-0.10902738934,0.035909674507744536,0.931693945601,0.9750095948840855,1.0,0.9999999999999998,0.37602300703110003,0.12495202557957143
R_5F38MGbZJklp6TP,attribution,11,160219,feature contribution,4,0.08056008746581582,0.2074922154631762,1.0,0.0,0.18192075452425283,-0.0441698594304,0.35329880390953655,-0.0200981297304,0.002741947334335512,0.978965602573,0.9634363513523656,1.0,0.9999999999999999,0.105171987132,0.3149828219267483
R_5F38MGbZJklp6TP,attribution,12,160215,feature contribution,4,0.19355739725863427,0.3266951485950263,1.0,1.0,0.19355739725863427,0.896442177046,0.12017476557470089,-0.0351937929209,-0.07162694203496818,0.93961646058,0.9384320978574431,1.0,1.0,0.195908603481,0.5021652965825341
R_5F38MGbZJklp6TP,attribution,13,160206,feature contribution,4,0.0,0.39702908419526284,nan,0.0,0.0,2.00578305076e-08,0.014893166650231222,0.0263696436007,0.2953646713778181,0.973913043478,0.9186118498377067,1.0,1.0,0.130434782609,0.6594182219213307
R_5F38MGbZJklp6TP,attribution,14,160207,feature contribution,4,0.08045242520770586,0.35605090922923,0.0,0.0,0.8727595903620504,1.1643965947e-07,0.8719956383600881,-0.034796661031,0.06159303095927238,0.981755549311,0.9421252536163355,1.0,1.0,0.091222253442,0.5671076904307353
R_5F38MGbZJklp6TP,attribution,15,160205,feature contribution,4,0.0,0.40272916286836347,nan,0.0,0.18782527400133556,4.53280408559e-05,0.12717426792933248,0.1261630933,-0.09588001843319366,0.979025846913,0.8844478830209077,1.0,1.0,0.152173913043,0.6480248731007513
R_5F38MGbZJklp6TP,attribution,16,160218,feature contribution,6,0.49756191781787007,0.12725561798150156,0.0,0.0,0.7637858697864818,0.0234626051993,0.506700883659418,-0.00670009001753,0.07005686141278337,0.952561306492,0.9754736532588396,1.0,1.0,0.23719346754049997,0.12263173370580156
R_5F38MGbZJklp6TP,attribution,17,160217,feature contribution,4,0.0,0.20794490947851507,nan,0.0,0.0,0.0196467970299,0.08126843997071136,-0.00928385636289,-0.007885953764069357,0.993765102557,0.9570245643296573,1.0,1.0,0.0311744872155,0.3836366599463228
R_5F38MGbZJklp6TP,attribution,18,160216,feature contribution,6,0.1260805202905324,0.1143087984345403,0.0,0.0,1.0,0.375892378977,0.9220836433468438,0.0313821915718,-0.07792560264391227,0.963825795291,0.9567753387890122,1.0,1.0,0.1808710235444,0.21612330605493865
R_5F38MGbZJklp6TP,attribution,19,160208,feature contribution,4,0.0,0.26299810992674355,nan,0.0,0.09622215517359035,-0.00273822245887,0.0803213349538154,-0.0118866043279,-0.01806960338959753,0.973913043478,0.9294915465961909,1.0,1.0,0.130434782609,0.3898789416780517
R_5F38MGbZJklp6TP,attribution,20,160209,feature contribution,4,0.0,0.37519256646171867,nan,0.0,0.8509879128330515,-3.98894227482e-06,0.8415585154524199,-0.0938240864226,0.07566525479439132,0.969565217391,0.9307593109459078,1.0,1.0,0.152173913043,0.5921806253816193
R_5L0xQQar3o8Bvr3,counterfactual,1,160214,feature contribution,5,0.041497215513004636,0.044415177187270394,0.0,0.0,0.0,-0.00314813984479,0.0026877753515821045,-0.0601362646412,0.0051397453600123735,0.98469648019,0.9982037495920987,1.0,0.9395155035703484,0.0765175990478,0.00898125203950587
R_5L0xQQar3o8Bvr3,counterfactual,2,160210,feature contribution,5,0.49792890801866263,0.4199007697636321,0.0,0.0,0.8914577331940441,-0.00206071574084,0.8777022975147615,-0.207875074319,-0.05228693517997241,0.877846692651,0.9403961473461561,1.0,0.9395155035703484,0.280458632352,0.2880050124093833
R_5L0xQQar3o8Bvr3,counterfactual,3,160202,feature contribution,5,0.49792890801866263,0.1591816012343484,0.0,0.0,0.0,0.0313244390706,0.005039032271371591,-0.0096926657244,0.0014205160676246892,0.958756083477,0.9985371709196089,1.0,0.9395155035703484,0.206219582612,0.00731414540195479
R_5L0xQQar3o8Bvr3,counterfactual,4,160203,feature contribution,5,0.06704505129295107,0.165497490319555,0.0,0.0,0.0,-0.0137918322867,0.012112592219654467,-0.0913493292434,0.0009451598362121987,0.941824669851,0.9962220313656589,1.0,0.9395155035703484,0.290876650745,0.018889843171705566
R_5L0xQQar3o8Bvr3,counterfactual,5,160204,feature contribution,10,0.7478882035672998,0.1341932203700853,0.0,0.0,0.0,-0.0177179322832,0.028086944675239974,-0.0388799006641,0.00700881932593359,0.939044719164,0.9968433892543176,1.0,0.8199633565026399,0.304776404176,0.015783053728411083
R_5L0xQQar3o8Bvr3,counterfactual,6,160211,feature contribution,5,0.49792890801866263,0.28207306615461747,0.0,0.0,0.1690267632356071,0.0256648604417,0.3043344929304659,-0.0289652903392,0.02704581012153832,0.916034579174,0.9091787023036654,1.0,0.9395155035703484,0.105171987132,0.3100842423835152
R_5L0xQQar3o8Bvr3,counterfactual,7,160200,feature contribution,5,0.49792890801866263,0.14192921676993742,0.0,1.0,0.0,0.671199237739,-0.0008037133514916789,0.0818160060278,-0.004708371078835884,0.959020741903,0.9385676807520899,1.0,0.9395155035703484,0.17528664522,0.014771767825666521
R_5L0xQQar3o8Bvr3,counterfactual,8,160201,feature contribution,10,0.7478882035672998,0.34118670340350676,0.0,0.0,0.75618761791705,-8.98971193198e-06,0.7105239660166733,0.0302278261562,0.2284515058904738,0.944873935792,0.9219321675690807,1.0,0.8199633565026399,0.38313984556799996,0.4422857422506553
R_5L0xQQar3o8Bvr3,counterfactual,9,160213,feature contribution,5,0.49792890801866263,0.28782452553948895,0.0,0.0,0.9999999999999998,-0.0057834213773,0.8762445633563793,-0.0661364255247,0.014064417432705489,0.978965602573,0.9459566221630658,1.0,0.9395155035703484,0.105171987132,0.30618475741598206
R_5L0xQQar3o8Bvr3,counterfactual,10,160212,feature contribution,5,0.49792890801866263,0.500089022030058,0.0,0.0,0.9999999999999998,-0.014515139382,0.9153366384545194,-0.24227469525,-0.14448145904492965,0.946382908521,0.9196986631319944,1.0,0.9395155035703484,0.268085457395,0.4230176850037926
R_5L0xQQar3o8Bvr3,counterfactual,11,160206,feature contribution,10,0.6052665991995538,0.14682399556968648,1.0,0.0,0.04223005185907981,8.8381677088e-05,0.04110135040464926,0.435487101555,0.22626968388837165,0.936997146397,0.8921297279697241,0.0,0.5647523370576153,0.702691132112,0.7980681361199651
R_5L0xQQar3o8Bvr3,counterfactual,12,160217,feature contribution,5,0.0604844964296514,0.3277590030689248,1.0,1.0,0.0,0.776411361444,-0.14338764030568962,-0.0410960262648,-0.09576025541922278,0.976460668286,0.9308559142324062,0.0,0.9395155035703484,0.135135135135,0.5008902746677564
R_5L0xQQar3o8Bvr3,counterfactual,13,160207,feature contribution,10,0.7478882035672998,0.10807341607832464,1.0,1.0,0.8437748049110627,0.999963845917,0.8378383842064345,0.0846063347781,0.08872412362633822,0.903574950955,0.9300439309028521,1.0,0.8199633565026399,0.482125245222,0.3885591709241562
R_5L0xQQar3o8Bvr3,counterfactual,14,160205,feature contribution,10,0.4951040190857477,0.2847085557280017,1.0,0.0,0.008814518039946711,6.2371021652e-05,0.022557096748161202,0.103565026735,-0.04558376007531056,0.96490089958,0.8769407879370712,1.0,0.8199633565026399,0.34941103687200004,0.865552068591646
R_5L0xQQar3o8Bvr3,counterfactual,15,160219,feature contribution,10,0.4951040190857477,0.17268078879057883,1.0,1.0,0.8707161823694926,0.9431402022,0.5409029954583124,-0.0698430949854,0.021280840846927652,0.919582534277,0.9236857862757151,1.0,0.8199633565026399,0.437906355659,0.49372404483193527
R_5L0xQQar3o8Bvr3,counterfactual,16,160209,feature contribution,5,0.49792890801866263,0.23463015134876802,1.0,1.0,0.5394261235316673,0.974718628094,0.5177469894650905,0.167580516146,0.1038520368822968,0.946382908521,0.9240101494449783,1.0,0.9395155035703484,0.268085457395,0.4105627679262087
R_5L0xQQar3o8Bvr3,counterfactual,17,160208,feature contribution,10,0.7478882035672998,0.11330972244345276,1.0,0.0,0.23706128727596887,-0.00643853960489,0.24999497181271144,-0.0166691101657,0.027056929111449187,0.930538071721,0.9401944735476465,1.0,0.8199633565026399,0.347309641393,0.3068773628945863
R_5L0xQQar3o8Bvr3,counterfactual,18,160218,feature contribution,5,0.49792890801866263,0.13263359992635132,1.0,0.0,0.0,-0.0136300557358,0.00014844953375948815,-0.0287545303142,-0.004703988745995611,0.96288047513,0.9972023387035625,1.0,0.9395155035703484,0.18559762435,0.013988306482186737
R_5L0xQQar3o8Bvr3,counterfactual,19,160215,feature contribution,5,0.49792890801866263,0.40367083500499884,1.0,1.0,0.49792890801866263,0.845870205545,0.37562356333600627,-0.00206800108715,-0.03368863841237871,0.951577196372,0.9072928001959437,1.0,0.9395155035703484,0.136104924524,0.5943725220443327
R_5L0xQQar3o8Bvr3,counterfactual,20,160216,feature contribution,10,0.4951040190857477,0.11836093587103146,1.0,1.0,0.9792003587816516,0.942405539908,0.9072612373670539,-0.1532512554,-0.12283716760645043,0.922763008191,0.9406578034355857,1.0,0.8199633565026399,0.386184959045,0.30239303250987903
R_5cuU4NG0z68t0DW,counterfactual,1,160213,feature contribution,4,0.7848958559280251,0.08555596260875262,1.0,1.0,0.6453124322159247,0.960394471549,0.5530284365780345,0.0410348009558,0.02566182297283767,0.960176145177,0.961926875405231,1.0,1.0000000000000002,0.6823653156509999,0.5945603534853109
R_5cuU4NG0z68t0DW,counterfactual,2,160203,feature contribution,6,0.6439937879078478,0.1367142289568316,0.755915338126274,1.0,0.6253133887909806,0.980414555824,0.7618032485704729,-0.0685643476378,0.0010188038507281342,0.928308310878,0.9536602236997122,1.0,0.9999999999999999,0.358458445607,0.231698881501439
R_5cuU4NG0z68t0DW,counterfactual,3,160204,feature contribution,4,0.7473386002875915,0.11567989907021453,0.5648281050073183,1.0,1.0,0.929495800318,0.96850136447631,-0.0173024773428,-0.17216513815578863,0.953322432566,0.9358064787977347,1.0,1.0,0.2333878371668,0.32096760601132635
R_5cuU4NG0z68t0DW,counterfactual,4,160214,feature contribution,4,0.8541364308477905,0.11801541233685822,0.701490443337293,1.0,1.0,0.995957201372,0.9958678516754671,-0.159355907181,-0.1358276415257916,0.956046836964,0.9365572545730501,1.0,1.0,0.36084968844809995,0.32871737143666563
R_5cuU4NG0z68t0DW,counterfactual,5,160202,feature contribution,6,0.4436799262587864,0.21770539927830201,0.0,0.0,0.9999999999999999,-0.0167629397524,0.9570956781772537,-0.0912087231473,-0.02052630165230667,0.958330141843,0.957179504934539,1.0,0.9999999999999999,0.448239119611,0.21462672985107778
R_5cuU4NG0z68t0DW,counterfactual,6,160201,feature contribution,4,0.07751629315091489,0.4377757700414806,0.0,0.0,0.8618218452964977,-9.94052369713e-06,0.530666371827303,-0.108815637585,0.24991305282161128,0.918855838679,0.9160053915166652,1.0,0.9999999999999999,0.239130434783,0.5915964662170106
R_5cuU4NG0z68t0DW,counterfactual,7,160210,feature contribution,6,0.7732047699528282,0.1424538562877572,1.0,1.0,0.39504159175711134,0.94490795996,0.4426707442568029,0.0441092029118,0.028611346222158926,0.960850508906,0.9377874729217953,1.0,1.0,0.478191846757,0.21733340396979597
R_5cuU4NG0z68t0DW,counterfactual,8,160212,feature contribution,6,0.751468291402099,0.18292090684788664,1.0,1.0,0.4344701784168019,0.98538039599,0.64737744005441,-0.0474438111898,0.00021514325092869286,0.917775285996,0.9549439366894484,1.0,1.0,0.580888989335,0.22617649195115208
R_5cuU4NG0z68t0DW,counterfactual,9,160211,feature contribution,4,0.888896774835791,0.08067819420015046,1.0,1.0,0.8297133310708092,0.9821926055,0.6242341275819823,-0.048685160599,0.0333796845155949,0.938575294814,0.9507136560127581,1.0,1.0000000000000002,0.6180100058244999,0.6945102724428822
R_5cuU4NG0z68t0DW,counterfactual,10,160200,feature contribution,4,0.7962888780490235,0.1004453093560649,1.0,1.0,0.4218483173924312,0.537500463878,0.5700353765833353,0.0939146296768,0.06424166784238323,0.948773735984,0.9360512410450486,1.0,1.0,0.4951317764461,0.3880577569451948
R_5cuU4NG0z68t0DW,counterfactual,11,160217,feature contribution,6,0.8039753814266234,0.11615593907878645,1.0,0.0,0.7446779630522229,-0.113226710758,0.5769705216106175,-0.0327317315754,-0.03678177569685255,0.96862784295,0.9385745764948867,1.0,1.0,0.41390476331299997,0.5234990371116799
R_5cuU4NG0z68t0DW,counterfactual,12,160207,feature contribution,6,0.6438626694181778,0.1944915744465454,1.0,0.0,0.696304806743654,0.0138906221101,0.6957838375313039,0.139807576838,0.09256856474431238,0.953094038189,0.9382265045121413,1.0,1.0000000000000002,0.356832499151,0.7031173933918887
R_5cuU4NG0z68t0DW,counterfactual,13,160216,feature contribution,6,0.6186713373763977,0.14567663516434876,1.0,1.0,1.0,0.853450924131,0.8709008077985704,-0.0148537705334,-0.06501904905342024,0.935215958796,0.9420925509016977,1.0,1.0,0.500958745129,0.30110404898540466
R_5cuU4NG0z68t0DW,counterfactual,14,160208,feature contribution,6,0.7590526145537363,0.13699550779643738,1.0,1.0,0.5745481459955866,0.985394911495,0.6315248231099285,-0.107347687041,-0.019717657695221543,0.938149348526,0.9356340538353145,1.0,1.0,0.40638055775000004,0.560933723131865
R_5cuU4NG0z68t0DW,counterfactual,15,160215,feature contribution,6,0.421284408958809,0.28981871673529186,1.0,1.0,0.5950234695351573,0.48965590471,0.5150757576166947,0.0571785977609,-0.03245300567172742,0.918283318653,0.9394211951660654,1.0,1.0,0.673934532029,0.656867026140472
R_5cuU4NG0z68t0DW,counterfactual,16,160219,feature contribution,6,0.7357492381556698,0.2410394177876837,1.0,0.0,0.8109423542054987,-0.0364943390448,0.711658697851409,-0.0704885745691,-0.02026151983653672,0.950247421509,0.9466205781284713,1.0,1.0,0.930258621743,0.4941496960981098
R_5cuU4NG0z68t0DW,counterfactual,17,160205,feature contribution,6,0.8125243289686296,0.1821682138617041,1.0,1.0,0.10476069474662739,0.506625956526,0.3884934894565207,0.283204942634,0.24101972154404333,0.941925076401,0.90561388816763,1.0,1.0000000000000002,0.819066485292,1.0000182152342285
R_5cuU4NG0z68t0DW,counterfactual,18,160209,feature contribution,6,0.6125017122863762,0.18805668934002043,0.8061223031789861,1.0,0.7052554182613008,0.597959408224,0.6555610793323721,0.207804724959,0.1325121752862856,0.9482140234,0.9379845225645075,1.0,0.9999999999999999,0.2589298829997,0.6963163674018836
R_5cuU4NG0z68t0DW,counterfactual,19,160218,feature contribution,6,0.5017167907147054,0.15822135615469338,1.0,1.0,0.7797915595128697,0.971499193398,0.6339327923814524,-0.209100146757,0.04185277271251482,0.917525524319,0.9540353296582017,1.0,0.9999999999999999,0.4809337043843,0.22982335170899093
R_5cuU4NG0z68t0DW,counterfactual,20,160206,feature contribution,4,0.8017348272150902,0.1328946484587583,0.8049778515379328,0.0,0.0,0.278480960864,0.009646280253111674,0.522084716994,0.4469154029381376,0.918299066241,0.9377750265359976,1.0,0.9999999999999998,0.8660116333228001,0.8414084782440155
R_5gkJQXcSCkjRBmu,none,1,160201,weighted examples,6,0.6952120453833708,0.16528608497317487,1.0,1.0,0.9098276988374773,0.999961614241,0.8765854286061967,0.0835175002225,0.18706440446589898,0.904530571378,0.9173605731407529,1.0,1.0,0.9320729324920001,0.792580770647839
R_5gkJQXcSCkjRBmu,none,2,160203,weighted examples,4,0.7337753583256976,0.1937738951376097,1.0,1.0,0.7337753583256976,0.984560431813,0.7231216140624803,-0.106593334432,-0.04988876034970158,0.91847821033,0.9520628901978558,1.0,0.9999999999999999,0.476109505186,0.2899495696486208
R_5gkJQXcSCkjRBmu,none,3,160200,weighted examples,6,0.7240409070705826,0.12542601198162784,1.0,1.0,0.9567121562519664,0.983346400018,0.7972196826656109,-0.0128807400781,0.049665402568582005,0.949953691544,0.9462917797495927,1.0,1.0000000000000002,0.595420251491,0.435985263281401
R_5gkJQXcSCkjRBmu,none,4,160212,weighted examples,4,0.5183803844023851,0.17062959012030854,1.0,1.0,1.0,0.866460330629,0.868112442969701,0.0123744790907,-0.07253631819804167,0.92269176735,0.9299464370017715,1.0,1.0,0.386541163248,0.35026781499114246
R_5gkJQXcSCkjRBmu,none,5,160210,weighted examples,6,0.6705562935953426,0.1838160976325184,1.0,1.0,0.9015385294977803,0.988590824858,0.92510409157354,0.0174688291137,-0.10041996081714091,0.956107100049,0.9324857776357627,1.0,1.0,0.586733318412,0.7919465790385434
R_5gkJQXcSCkjRBmu,none,6,160214,weighted examples,4,0.047878592211712714,0.2814988059439785,1.0,1.0,0.29147395524837844,0.995959993101,0.5123038476265193,-0.134298944215,0.00024129713025115396,0.945267771846,0.9531672290370201,1.0,1.0,0.27366114077,0.2997176167081967
R_5gkJQXcSCkjRBmu,none,7,160213,weighted examples,6,0.7210779966063445,0.1737166482582689,1.0,1.0,0.7482186380325055,0.986751290005,0.759288622822254,-0.0430617683703,-0.07153516843857183,0.937612440779,0.9172067909273993,1.0,0.9999999999999999,0.997397290396,0.7584526977764265
R_5gkJQXcSCkjRBmu,none,8,160202,weighted examples,6,0.4870561240615055,0.2070208164985065,1.0,1.0,0.332545032934312,0.975108056812,0.5060081949567394,-0.119406520069,-0.01843869797409891,0.917324907697,0.9359983205411823,1.0,1.0,0.641894767705,0.34744626420416136
R_5gkJQXcSCkjRBmu,none,9,160211,weighted examples,4,0.8231282161660582,0.1745551646623389,1.0,1.0,1.0,0.981716597728,0.9554055874188494,-0.0532295462903,-0.05260655382509527,0.94905433089,0.9147375111659078,1.0,1.0,1.3776658614530002,0.9392918016403435
R_5gkJQXcSCkjRBmu,none,10,160204,weighted examples,6,0.5029952103879668,0.21654639160424366,0.17421993944721825,1.0,0.19859208976313752,0.968508636068,0.341352610775554,-0.185667937376,-0.02597438571186391,0.924082048576,0.9372521918886346,1.0,1.0,0.37958975712,0.31595758913118865
R_5gkJQXcSCkjRBmu,none,11,160215,weighted examples,4,0.14300968422046118,0.32131141849306133,1.0,0.0,0.1362717027488563,-0.0691990165057,0.06773807109348334,-0.0105174080802,-0.09121075702592159,0.963082064221,0.9562615001027821,1.0,0.9999999999999999,0.314572351641,0.40404648662262804
R_5gkJQXcSCkjRBmu,none,12,160205,weighted examples,4,0.890539312975992,0.12205255418606734,1.0,1.0,0.15367702844673092,0.982056671071,0.24475141180148446,0.205139979523,0.2270193733911962,0.944389376381,0.9421958923776672,1.0,1.0,1.11392271388,1.3185057399659577
R_5gkJQXcSCkjRBmu,none,13,160208,weighted examples,4,0.8306037556706326,0.1283091814385322,1.0,1.0,0.46419334010758095,0.939677052916,0.5688273089911156,0.0201689901722,0.04654967422959873,0.966291900602,0.9339046085324672,1.0,1.0,0.761101139929,0.8839908057338248
R_5gkJQXcSCkjRBmu,none,14,160209,weighted examples,4,0.8755925624972012,0.08005579503685611,1.0,1.0,0.17681444969329857,0.75925827021,0.4743596853028649,0.184320100362,0.17329167671805074,0.954394387542,0.9385036488236822,1.0,0.9999999999999999,1.009876928644,1.0938612135865666
R_5gkJQXcSCkjRBmu,none,15,160216,weighted examples,6,0.7185649330127409,0.15463497675207877,1.0,1.0,0.6962373277572387,0.705844868579,0.47378828521797656,0.0164208559224,-0.017415320841766616,0.955677808432,0.9422331775917648,1.0,1.0000000000000002,0.505153696352,0.6159694898255816
R_5gkJQXcSCkjRBmu,none,16,160219,weighted examples,4,0.8739773140501322,0.0752763600158382,1.0,0.0,0.37806805784960307,-0.0512830365312,0.29425652278589276,-0.140170144681,-0.0651642575822855,0.928856003826,0.9338940622015873,1.0,0.9999999999999999,1.007275252007,0.8280338757117669
R_5gkJQXcSCkjRBmu,none,17,160218,weighted examples,6,0.49084902581774265,0.15571459246016658,1.0,0.0,0.41991520134617083,0.224152265706,0.48418306204017103,0.0652335596025,0.014915841288236989,0.93675283835,0.93490910131383,1.0,1.0,0.39445005635200003,0.5025397791589306
R_5gkJQXcSCkjRBmu,none,18,160206,weighted examples,4,0.8697405380587184,0.0796933437833148,1.0,0.0,0.20723209415580288,0.0372373976549,0.11561616357899923,0.499204431656,0.4333576260411388,0.945610335453,0.9318845682004478,1.0,1.0,1.234485909273,1.2149213726298318
R_5gkJQXcSCkjRBmu,none,19,160207,weighted examples,4,0.8423761056956443,0.08572208232684582,1.0,0.0,0.1959682623795792,0.00716479407648,0.4310038295597476,0.125425060581,0.1435605985412715,0.962899736059,0.9373066411420079,1.0,1.0,0.973398346358,1.0023625628799289
R_5gkJQXcSCkjRBmu,none,20,160217,weighted examples,4,0.695271303206534,0.1334567118126294,1.0,1.0,0.16922161801998603,0.74978411971,0.3676994653029709,-0.0147295313455,0.0142203276096179,0.92582084655,0.9287411551961785,1.0,0.9999999999999998,0.8624940986359999,0.8792455526882376
R_5tEkygPCjFKzz2T,counterfactual,1,160214,weighted examples,10,0.4537221212234803,0.06884274966762445,1.0,1.0,0.9932831103908419,0.957786857817,0.9803330136391523,-0.0052369893123,-0.05799823630785751,0.971945326906,0.9591760962261702,1.0,1.0,0.1402733654668,0.2153185498513296
R_5tEkygPCjFKzz2T,counterfactual,2,160201,weighted examples,10,0.5652284328966654,0.2557280374212302,1.0,1.0,0.0,0.99796239999,0.0035395295744555986,0.178268804008,0.12400732243352772,0.956971885927,0.9309370352348867,1.0,0.9999999999999999,0.816804523459,0.2944342261846772
R_5tEkygPCjFKzz2T,counterfactual,3,160212,weighted examples,10,0.42877403184346113,0.10371237505513009,1.0,1.0,0.8442288682101323,0.985477406528,0.8771364910770201,-0.0914797679806,-0.04039423619090008,0.940046877472,0.9582759701943668,1.0,1.0,0.29976561264199997,0.21952735650550087
R_5tEkygPCjFKzz2T,counterfactual,4,160202,weighted examples,10,0.5925471842217288,0.08555764364914505,1.0,1.0,0.9872177775794889,0.919111977741,0.9494011754616216,0.00724933195548,-0.03636475992644937,0.955235309044,0.9589394756118086,1.0,1.0,0.223823454781,0.21880545886659133
R_5tEkygPCjFKzz2T,counterfactual,5,160211,weighted examples,5,0.9592502925880955,0.10069822327890829,1.0,0.0,0.9581035024546941,0.0498420561619,0.8445763453929267,-0.000817088446074,0.045231910007264904,0.951383745366,0.9607420596124316,1.0,1.0,0.6278090754748,0.4132033276203074
R_5tEkygPCjFKzz2T,counterfactual,6,160203,weighted examples,10,0.5295944124264182,0.08060419288652398,1.0,1.0,0.9672930169479013,0.965497276519,0.921298695673554,-0.0165303607989,-0.06780491304350081,0.944965144507,0.9478514388996103,1.0,1.0,0.27517427746309997,0.26074280550194895
R_5tEkygPCjFKzz2T,counterfactual,7,160200,weighted examples,10,0.7749697402240382,0.049599273672285164,1.0,0.0,0.325397353543906,0.313231960833,0.4754615469999205,0.0512809456442,0.054074210660046064,0.940505596083,0.9374593560347779,1.0,0.9999999999999999,0.2861196706102,0.3350321392693874
R_5tEkygPCjFKzz2T,counterfactual,8,160210,weighted examples,10,0.45091913890565605,0.1957385020425373,1.0,1.0,0.9562204101605656,0.952562458294,0.9186711150207749,0.0316710806069,-0.02515528451985679,0.958231491701,0.9287803276468226,1.0,1.0,0.576111360151,0.2242614721549495
R_5tEkygPCjFKzz2T,counterfactual,9,160213,weighted examples,10,0.6293830405999149,0.15280066806267634,1.0,1.0,0.5265096591551977,0.991692706512,0.5201973522551177,-0.0143915050928,0.024611780503681437,0.973553408451,0.956126340939775,1.0,1.0000000000000002,0.4644262253923,0.21936829530112598
R_5tEkygPCjFKzz2T,counterfactual,10,160204,weighted examples,10,0.5427067727254049,0.07326635396021214,1.0,1.0,0.9999999999999999,0.854138546174,0.966557592029316,0.0165561921559,-0.10025090515605486,0.986136335402,0.9560674800225232,1.0,0.9999999999999999,0.0693183229883,0.21966259988738324
R_5tEkygPCjFKzz2T,counterfactual,11,160206,weighted examples,10,0.7527547770540002,0.09162818509921408,1.0,0.0,0.0,1.68992140079e-05,8.619220529674654e-06,0.358711377919,0.24936443817213677,0.941675669711,0.9430895395570602,1.0,1.0,0.5435774051677,0.4383674709395904
R_5tEkygPCjFKzz2T,counterfactual,12,160218,weighted examples,10,0.5562773878039143,0.09031359373850567,1.0,1.0,0.8360295558038076,0.848788864868,0.7702274902348812,0.0497726291394,-0.0066064520474839435,0.949807955716,0.9472530460406205,1.0,0.9999999999999999,0.276107846611,0.2657133134345701
R_5tEkygPCjFKzz2T,counterfactual,13,160209,weighted examples,10,0.5181140145012266,0.11340851839507968,1.0,0.0,0.12551602982069915,-4.01249977899e-06,0.16617315761421464,0.0600799589463,0.16311106961937555,0.915488900741,0.9400148778010656,0.0,1.0,0.518199503485,0.444316696980085
R_5tEkygPCjFKzz2T,counterfactual,14,160205,weighted examples,10,0.813507282988679,0.09710195982762358,1.0,0.0,0.0,0.158190106857,0.19831125762943,0.226110249076,0.21935613235568927,0.953385488141,0.9409601936211559,1.0,0.9999999999999999,0.668734761169,0.4387212944345891
R_5tEkygPCjFKzz2T,counterfactual,15,160219,weighted examples,10,0.6069663023769679,0.08765729426882542,1.0,1.0,0.9268902548816501,0.927983148081,0.6814967944616237,-0.0468917064066,-0.014627766522589698,0.963280465626,0.9515157543092838,1.0,0.9999999999999999,0.351128186961,0.287314844806558
R_5tEkygPCjFKzz2T,counterfactual,16,160207,weighted examples,10,0.5267968144515682,0.12000737665151859,1.0,0.0,0.1013457814172308,-2.56564894507e-06,0.12128081782548646,-0.0060496541765,0.11316632283171588,0.933840220371,0.9392818140207724,0.0,1.0,0.330798898144,0.4463461073677556
R_5tEkygPCjFKzz2T,counterfactual,17,160208,weighted examples,10,0.5251703729080498,0.11050720413181829,1.0,0.0,0.9273157557491137,0.0132227966523,0.9200438974079796,0.016631950595,-0.04085441161885528,0.938577757726,0.9256808202108264,0.0,1.0,0.3071112113716,0.423152052711329
R_5tEkygPCjFKzz2T,counterfactual,18,160215,weighted examples,10,0.6140297839224717,0.13054375760895046,1.0,1.0,0.360420850981436,0.85513492672,0.358822940683941,0.0287984844586,0.0025520272619108876,0.925436743863,0.9519436390832554,1.0,0.9999999999999999,0.42469080225129996,0.48215395951987094
R_5tEkygPCjFKzz2T,counterfactual,19,160217,weighted examples,10,0.8200457945613823,0.09430442010539215,1.0,0.0,0.06734682581549337,0.15707742897,-0.06448420589279424,0.0113287038215,-0.06836362284585029,0.9554341611,0.9504340564942158,1.0,1.0000000000000002,0.2228291945011,0.44725199937723864
R_5tEkygPCjFKzz2T,counterfactual,20,160216,weighted examples,10,0.7478245720975639,0.06419160883069479,1.0,1.0,0.7468356781123905,0.898926270917,0.76965048707516,-0.0759791870687,-0.07166703013509489,0.945407282689,0.9412980758536714,1.0,1.0000000000000002,0.2924260960857,0.42019042350272034
R_61hCu6g2tcWoJo7,attribution,1,160210,feature contribution,4,0.27488079287243894,0.292337380158974,1.0,0.0,0.9636230197980304,0.020992646919,0.9006740742293808,0.0294064421352,-0.07073364961513424,0.941321485927,0.9386325022089376,1.0,1.0,0.41732228154,0.3500642189000026
R_61hCu6g2tcWoJo7,attribution,2,160201,feature contribution,6,0.6067806754170318,0.2649246991424656,1.0,1.0,0.962336277495974,0.998888721449,0.9147112809028114,0.109509678423,0.17475518509488217,0.904970076212,0.9364449771590356,1.0,1.0,0.8380651106929999,0.8920933000504729
R_61hCu6g2tcWoJo7,attribution,3,160203,feature contribution,4,0.6468117721677729,0.07231878508431566,1.0,1.0,0.9999999999999998,0.964747551154,0.9665583883107549,-0.00881379392052,-0.07713365734212466,0.939833406425,0.9179591576306123,1.0,0.9999999999999998,0.30083296787439995,0.41020421184693723
R_61hCu6g2tcWoJo7,attribution,4,160202,feature contribution,4,0.5779019941184852,0.0899059278105658,1.0,0.0,0.9645084672915848,0.0644251530666,0.8046483945584673,0.0168745960104,0.01176442121879398,0.980838437763,0.9692250226033593,1.0,1.0,0.0958078111829,0.15387488698320392
R_61hCu6g2tcWoJo7,attribution,5,160214,feature contribution,4,0.44187178839357777,0.1039752760042756,1.0,1.0,0.9649368776918889,0.995903401433,0.9571479400909108,-0.0770052499133,-0.034796531253002354,0.964530231791,0.9690545693842889,1.0,1.0,0.177348841046,0.15472715307855556
R_61hCu6g2tcWoJo7,attribution,6,160213,feature contribution,6,0.7275765849861392,0.15529366863560604,1.0,1.0,0.5849228882056361,0.939953698286,0.5875081209527293,0.0529457264423,-0.02727623863998063,0.941438059254,0.9527058945777059,1.0,0.9999999999999999,0.6513103338749999,0.5389473891250648
R_61hCu6g2tcWoJo7,attribution,7,160212,feature contribution,6,0.776707620288594,0.15188639351515199,1.0,1.0,1.0,0.985477622754,0.9843507334935158,-0.204889297232,-0.14780203825006175,0.916540574972,0.917315262803228,1.0,1.0,0.618636354207,0.4256635991583517
R_61hCu6g2tcWoJo7,attribution,8,160200,feature contribution,4,0.8978433791649951,0.07497613607338467,1.0,1.0,0.7759319390742938,0.969944553264,0.7475292960791047,-0.0717617469933,0.017781284936401565,0.935518459674,0.9334688463840608,1.0,1.0,0.615041138208,0.3901127299878461
R_61hCu6g2tcWoJo7,attribution,9,160204,feature contribution,4,0.6049211806012236,0.057957682708860606,1.0,1.0,1.0,0.96840847866,0.9684801083521034,-0.202818227672,-0.15798378881070313,0.932433529332,0.9240200839931263,1.0,1.0,0.3378323533391,0.4124691157657724
R_61hCu6g2tcWoJo7,attribution,10,160211,feature contribution,4,0.6076909316669319,0.15947523015141177,1.0,1.0,1.0,0.871706001483,0.7138803571037603,0.0257093252283,0.04288589540016696,0.957667546548,0.9490164519752718,1.0,1.0,0.6422241704897,0.7552509957295996
R_61hCu6g2tcWoJo7,attribution,11,160208,feature contribution,4,0.9152651098241255,0.27386076278929605,1.0,1.0,0.03811559639287488,0.988146082814,0.06822289062700604,-0.135365189427,0.0040036879346892415,0.928501123059,0.9554375290818498,1.0,1.0,1.51029429012,0.7023773142216531
R_61hCu6g2tcWoJo7,attribution,12,160217,feature contribution,6,0.7366862005042337,0.21484155660390167,1.0,1.0,0.6207690173423062,0.843918223277,0.3944344714203351,-0.174505961979,-0.09284287222576716,0.941788361985,0.9259298728092206,1.0,1.0,0.845205739397,0.5930806597773572
R_61hCu6g2tcWoJo7,attribution,13,160206,feature contribution,6,0.6381293608540934,0.28127396828618195,1.0,1.0,0.2878478390975148,0.99397326998,0.22294138798513857,0.38172160255,0.35675158507477867,0.917430007899,0.8969539960395347,1.0,1.0,0.955623193334,0.8380772491814019
R_61hCu6g2tcWoJo7,attribution,14,160218,feature contribution,6,0.3407116178072861,0.21617038458868326,1.0,0.0,0.9615202178422912,-0.0192740729604,0.8524591787367711,-0.0640105162487,-0.00044664036258333087,0.880598503025,0.9450872163376343,1.0,1.0,0.597007484874,0.3070151976636101
R_61hCu6g2tcWoJo7,attribution,15,160219,feature contribution,6,0.3136935787051331,0.25916390011523516,1.0,1.0,0.09738008767401576,0.770268342042,0.15206147324161073,0.00669244775616,-0.005114107439295393,0.936459364831,0.9508622424538998,1.0,1.0,0.6095661929189999,0.548174659389622
R_61hCu6g2tcWoJo7,attribution,16,160205,feature contribution,4,0.18782527400133556,0.5688667634080115,1.0,1.0,0.18782527400133556,0.979886468169,0.12717426792825212,0.163155931717,-0.09013404378884626,0.901514428377,0.877547672566081,1.0,1.0,0.612140792382,0.7023211340594757
R_61hCu6g2tcWoJo7,attribution,17,160215,feature contribution,4,0.19355739725863427,0.5068654399526275,1.0,1.0,0.19355739725863427,0.845474986818,0.12025566319996167,0.0228457287584,-0.051048053487677526,0.894246898944,0.9281716662578611,1.0,1.0,0.546481893921,0.5840622591829026
R_61hCu6g2tcWoJo7,attribution,18,160209,feature contribution,4,0.36953081821975076,0.5312419956744024,1.0,0.0,0.8509879128330515,0.0315730525349,0.7665928840073772,0.154781452196,0.0976014857723444,0.874618493772,0.9157739831595151,1.0,1.0,0.626907531139,0.6772794166649243
R_61hCu6g2tcWoJo7,attribution,19,160207,feature contribution,4,0.539944458271234,0.38242391060099645,1.0,1.0,0.8727595903620504,0.998766883747,0.8703233499716536,0.0258223650102,0.08879484458530275,0.925320364275,0.9270673133510308,1.0,1.0,0.637646658732,0.6624288919877108
R_61hCu6g2tcWoJo7,attribution,20,160216,feature contribution,4,0.0,0.2358476078109693,nan,0.0,0.9467969277478504,-0.0109124823072,0.8873520241359663,-0.0047320325977,-0.10994029730049534,0.962591396021,0.945059813514959,1.0,1.0,0.187043019895,0.2747009324252047
R_6DD4Hjc7DAhjrhU,attribution,1,160203,feature contribution,6,0.66477625004725,0.1970268148054685,1.0,1.0,0.9536750395574592,0.984592573527,0.9441405183644795,-0.0979497389641,-0.22392691672263534,0.91332499855,0.8988141536628028,1.0,1.0,0.659492987735,0.7842783326080847
R_6DD4Hjc7DAhjrhU,attribution,2,160214,feature contribution,6,0.8185274991081017,0.14628598698733442,1.0,1.0,1.0,0.995959642658,0.9958907978135131,-0.165258115745,-0.19381686510778107,0.921925505902,0.9457964679938711,1.0,1.0,0.561521577741,0.40883633464833163
R_6DD4Hjc7DAhjrhU,attribution,3,160204,feature contribution,6,0.8189630833068053,0.09045763077888941,1.0,1.0,0.9999999999999999,0.968511305483,0.96835212567903,-0.172741394926,-0.18549966512610191,0.916473522132,0.909686181285374,1.0,0.9999999999999999,0.644426044077,0.5875381721133998
R_6DD4Hjc7DAhjrhU,attribution,4,160202,feature contribution,6,0.651798066002226,0.19426086363815628,1.0,1.0,1.0,0.977390243075,0.9679463753094999,-0.104782801871,-0.09517321359570442,0.929682568122,0.9450561904259479,1.0,1.0,0.6236553972629999,0.29842706846514794
R_6DD4Hjc7DAhjrhU,attribution,5,160210,feature contribution,6,0.5908394551501193,0.3168419034902124,1.0,1.0,0.9859368047658013,0.997931648319,0.9854193687319616,-0.108487570282,-0.22013182526163544,0.878924692351,0.9249248034748839,1.0,1.0,0.664803517568,0.7319663807886558
R_6DD4Hjc7DAhjrhU,attribution,6,160201,feature contribution,1,1.0,0.23500867750075405,1.0,1.0,1.0,0.999948196739,0.9731025636057087,0.0737029315875,0.19011088306726337,0.949906633052,0.9294710685456242,1.0,1.0,1.755679345381,0.9280004286252093
R_6DD4Hjc7DAhjrhU,attribution,7,160200,feature contribution,4,0.9349233388905422,0.2690190355425682,1.0,1.0,0.8899985290563779,0.98811538335,0.8133781066573857,-0.0545039739127,-0.022830327880506072,0.942114430833,0.9344942971992893,1.0,1.0,1.2474869659649999,0.4404298593372958
R_6DD4Hjc7DAhjrhU,attribution,8,160211,feature contribution,4,0.9248867231920855,0.21039439187061665,1.0,1.0,0.9999999999999999,0.982622154696,0.9672646598452984,-0.0936540410415,-0.06755993571813894,0.941764167392,0.919170584777996,1.0,0.9999999999999999,1.537218658596,0.9331635091536891
R_6DD4Hjc7DAhjrhU,attribution,9,160212,feature contribution,6,0.599288312569559,0.2796688208585067,1.0,1.0,0.9999999999999999,0.985477600255,0.9831947111019536,-0.152807541626,-0.28143295734644797,0.889156436382,0.9112573333756804,1.0,0.9999999999999999,0.554217818089,0.5794916603322002
R_6DD4Hjc7DAhjrhU,attribution,10,160213,feature contribution,6,0.4859681770307409,0.14667545213822583,1.0,1.0,1.0000000000000002,0.992382515506,0.9862194613868751,-0.0453352966324,-0.04655296075573272,0.927002798633,0.9158787118464707,1.0,1.0000000000000002,0.774968025255,0.7933113589802886
R_6DD4Hjc7DAhjrhU,attribution,11,160218,feature contribution,4,0.0,0.1772629961793317,nan,0.0,0.7538830379710112,-0.0136300557358,0.7891275840167935,-0.0287545303142,0.037247819225964214,0.96288047513,0.9674944153300371,1.0,1.0,0.18559762435,0.16252792334981386
R_6DD4Hjc7DAhjrhU,attribution,12,160206,feature contribution,4,0.9260797741889448,0.25920916154902585,1.0,0.0,0.06704497813131693,0.00676202535321,0.03661785899941476,0.476251861922,0.31813584746074125,0.957026828482,0.9208962909498173,1.0,1.0,0.833848697986,1.4254504678880702
R_6DD4Hjc7DAhjrhU,attribution,13,160215,feature contribution,4,0.9132140955474463,0.21906388206187796,1.0,1.0,0.1240691975721731,0.880957975427,0.04500188492185889,0.00564215343265,-0.076612912930294,0.939107612595,0.918694382111525,1.0,1.0,0.4989201889365,1.04703808901123
R_6DD4Hjc7DAhjrhU,attribution,14,160217,feature contribution,4,0.6982982473793681,0.2643211199321419,1.0,0.0,0.0,-0.0593547837109,-0.14236778956840782,-0.0325720513715,-0.09111278891053075,0.933027161873,0.9299681170596676,1.0,1.0,0.379444032005,0.5417299493790477
R_6DD4Hjc7DAhjrhU,attribution,15,160209,feature contribution,4,0.6986145635016746,0.19204431526487842,1.0,1.0,0.8232513935105338,0.952919363129,0.8035947974252307,0.183506535574,0.12567001612687154,0.922461436938,0.9305647140521762,1.0,1.0,0.38769281531,0.4572155793953796
R_6DD4Hjc7DAhjrhU,attribution,16,160205,feature contribution,4,0.5762930060391612,0.42300595134974933,1.0,0.0,0.07273461325163215,-4.55950578271e-06,0.04925270781063657,-0.267873435031,-0.13851484015096044,0.87074335119,0.8657286058973879,1.0,1.0000000000000002,0.519673348181,0.7781273110715837
R_6DD4Hjc7DAhjrhU,attribution,17,160208,feature contribution,4,0.6489675184793974,0.24975015023060443,1.0,0.0,0.06906631887071298,-0.0112771007662,0.07297972115353693,-0.0871868128798,-0.03806812830123278,0.914212653633,0.9247156989470955,1.0,1.0,0.428936731832,0.41882288777273746
R_6DD4Hjc7DAhjrhU,attribution,18,160216,feature contribution,6,0.8125573186622695,0.22463434878427702,1.0,1.0,0.39502940760723315,0.875956858536,0.4607048955605956,-0.0433018129208,-0.06434855731092272,0.94034869991,0.9386967735603491,1.0,1.0,0.42850815374199996,0.7587506165071519
R_6DD4Hjc7DAhjrhU,attribution,19,160219,feature contribution,6,0.5728105000232395,0.36853956635208895,1.0,0.0,0.12404179960760814,0.0669473221731,0.2241491511230768,-0.0313029267354,-0.042038808616417345,0.941141344695,0.9512848570445095,1.0,1.0,0.294293276524,1.0207182836063213
R_6DD4Hjc7DAhjrhU,attribution,20,160207,feature contribution,4,0.7390927811988616,0.1267902263336212,1.0,1.0,0.8495574322009125,0.999407194476,0.8493419153612777,0.117248536868,0.09421174450173081,0.940196321042,0.938919007499655,1.0,1.0,0.299018394787,0.3848902870997457
R_6I5GvkY1dba6Sm6,none,1,160201,feature contribution,4,0.870053658335995,0.15480501601494867,1.0,0.0,0.38983902499201534,0.361199327753,0.48419649994475256,0.270622409413,0.1314022770492565,0.959203473566,0.9025338054167269,1.0,1.0,0.5028259565002999,0.9161282186809163
R_6I5GvkY1dba6Sm6,none,2,160213,feature contribution,6,0.7432462934338185,0.172457737873894,1.0,1.0,1.0000000000000002,0.984173475289,0.9860142670096412,0.0109089508434,-0.053687532573746775,0.910674119986,0.9148013652279541,1.0,1.0000000000000002,0.800440768657,0.8782472381012093
R_6I5GvkY1dba6Sm6,none,3,160210,feature contribution,4,0.9060768952566844,0.18803907912062948,1.0,1.0,1.0,0.997935169435,0.9979019892642356,-0.176851051103,-0.2813416970295932,0.95263610074,0.9147299770658154,1.0,1.0,0.566971779978,0.9858390421604202
R_6I5GvkY1dba6Sm6,none,4,160202,feature contribution,4,0.0,0.25361487508095965,nan,1.0,0.9669618638945683,0.781958286118,0.9366311296040797,-0.00365560933899,-0.04683277222320509,0.970704451613,0.9599779391413912,0.0,1.0,0.297297297297,0.20011030429304402
R_6I5GvkY1dba6Sm6,none,5,160211,feature contribution,4,0.9248867231920855,0.14654389708767346,1.0,1.0,0.9999999999999999,0.978871277936,0.9793208864251324,-0.0457954215102,-0.10917627084961408,0.935536862194,0.9347710336628882,1.0,0.9999999999999999,0.895306531851,1.061521897773701
R_6I5GvkY1dba6Sm6,none,6,160214,feature contribution,1,0.8571428571428571,0.10471145635190542,1.0,1.0,1.0,0.995960212176,0.9959602436407997,-0.186091556928,-0.36553473561409566,0.913823402529,0.9273258133731773,1.0,1.0,0.5270939068092,0.7386174506768216
R_6I5GvkY1dba6Sm6,none,7,160203,feature contribution,4,0.932145389438503,0.09653832767756002,1.0,1.0,1.0,0.984594604155,0.9842916154790412,-0.262286117556,-0.29588513927414084,0.896343461628,0.9019142357404696,1.0,1.0,0.82204880226,0.9664549121756946
R_6I5GvkY1dba6Sm6,none,8,160212,feature contribution,1,0.8571428571428571,0.1153414694735373,1.0,1.0,1.0,0.985477631632,0.9854776316318072,-0.366262895009,-0.39633994269510187,0.832646141582,0.881312048159927,1.0,1.0,1.143111303209,0.9342884674637615
R_6I5GvkY1dba6Sm6,none,9,160200,feature contribution,1,0.8571428571428571,0.09791089418684032,1.0,1.0,1.0,0.988212433235,0.9720410907219686,-0.140628525631,-0.11523108153033677,0.934254581547,0.9299815218567287,1.0,1.0,0.8867475726271,0.6427258272945077
R_6I5GvkY1dba6Sm6,none,10,160204,feature contribution,4,0.680730718362592,0.15610412777095412,1.0,1.0,0.9999999999999999,0.96851130519,0.9684400121407113,-0.232801550808,-0.22762493291724156,0.906530058746,0.9083397835044401,1.0,0.9999999999999999,0.4673497062714,0.7922622229956082
R_6I5GvkY1dba6Sm6,none,11,160217,feature contribution,4,0.5618524111354685,0.2783938708116466,1.0,1.0,0.03565223873877936,0.844138122806,-0.10965777322969428,-0.287883010204,-0.11669556820431341,0.918708203777,0.9052962182918314,1.0,1.0,1.034784570324,1.0320961687772188
R_6I5GvkY1dba6Sm6,none,12,160207,feature contribution,4,0.8322171020676441,0.23220741811923137,1.0,1.0,1.0,0.980683866544,0.9310230181044641,0.148685732081,0.0867301413691952,0.937146518769,0.9109076240193659,1.0,1.0,1.41310166437,0.8099971836744471
R_6I5GvkY1dba6Sm6,none,13,160205,feature contribution,4,0.5549558749006216,0.40045734700502617,1.0,1.0,0.04485199165632422,0.999991921911,0.03519999263155014,-0.0194393227802,0.09387039727887389,0.879669710992,0.9347661224417456,1.0,1.0,1.610828164391,1.3314194243568167
R_6I5GvkY1dba6Sm6,none,14,160219,feature contribution,1,0.8571428571428571,0.12890796511996616,1.0,1.0,0.0,0.893828110913,-0.05078614352349231,-0.0244655150612,-0.08981607148905338,0.895948156727,0.9460047044020696,1.0,1.0,1.559171639068,1.1862005566289484
R_6I5GvkY1dba6Sm6,none,15,160218,feature contribution,6,0.27116184835085894,0.2772932090504028,1.0,1.0,1.0,0.976082951932,0.9504946773427397,-0.126296517518,-0.08031445926548142,0.855638974042,0.9365171885939344,1.0,1.0,0.751757866778,0.40860342488924983
R_6I5GvkY1dba6Sm6,none,16,160215,feature contribution,6,0.38852817726874295,0.48171610085636324,1.0,1.0,0.2970702393665872,0.814497646976,0.2102572993717365,0.0315305731417,-0.14183944190651962,0.857182535671,0.9073274517507409,1.0,1.0000000000000002,1.33500847256,0.9797922418249055
R_6I5GvkY1dba6Sm6,none,17,160209,feature contribution,6,0.23263545270300054,0.4730773543671738,1.0,1.0,0.6106277563971295,0.999995864401,0.6315298266804049,-0.203706868521,0.08437079574839462,0.900086639622,0.9036075444548459,1.0,1.0,1.26603727553,0.6925314741322263
R_6I5GvkY1dba6Sm6,none,18,160216,feature contribution,4,0.9115183008631466,0.32138628439682526,0.6373250000942763,1.0,0.6905006558581835,0.94241374807,0.6488053952869791,-0.440641382996,-0.13058829598082608,0.89883259166,0.9248437732481877,1.0,1.0,1.198643862166,0.9984139402440095
R_6I5GvkY1dba6Sm6,none,19,160206,feature contribution,6,0.5666979412825661,0.48943801540941523,1.0,1.0,0.15845797132292072,0.981654568573,0.12963409159938358,0.427832088581,0.26857728423547855,0.93541162802,0.897381351370315,1.0,1.0,1.738172079578,1.2958177630226198
R_6I5GvkY1dba6Sm6,none,20,160208,feature contribution,4,0.8266212691355505,0.39871698563739194,1.0,1.0,0.4086489606702859,0.986478487892,0.406858329032905,-0.0582613213672,0.042167613618450124,0.855687855724,0.9404571533817883,1.0,1.0,2.0309744750289997,0.8504784885369789
R_6KDvslaxG4W04I9,counterfactual,1,160210,feature contribution,4,0.7069958802173198,0.12386919507605985,1.0,1.0,1.0,0.997934333611,0.9973366947580653,-0.0924572512662,-0.10660311424980404,0.936754777604,0.9231431857824899,1.0,1.0,0.762198316673,0.7347583467631326
R_6KDvslaxG4W04I9,counterfactual,2,160200,feature contribution,6,0.7525679277209089,0.13342663480126815,1.0,1.0,0.9839122078747283,0.987905503858,0.9748742818334402,-0.0245920196558,-0.07379882556575029,0.951084284865,0.9388560953252485,1.0,1.0,0.634955605006,0.568530357890398
R_6KDvslaxG4W04I9,counterfactual,3,160213,feature contribution,4,0.6523650672176116,0.3250209789018045,1.0,1.0,1.0,0.991823316233,0.9802851788258856,0.003837497799,-0.05125831986268595,0.909029784823,0.9309183298835976,1.0,1.0,0.717391304348,0.4667153168121538
R_6KDvslaxG4W04I9,counterfactual,4,160201,feature contribution,6,0.7525679277209089,0.31896192562268894,1.0,0.0,0.4787763524329104,0.438848438789,0.4720678744890709,0.276643328432,0.18461060952691596,0.877700997905,0.8972637989022874,1.0,1.0,1.176282501497,0.9609111429792011
R_6KDvslaxG4W04I9,counterfactual,5,160211,feature contribution,6,0.7525679277209089,0.14913441177975573,1.0,1.0,1.0,0.982623696488,0.9723456468021505,-0.127801572384,-0.10909734186092558,0.91516079333,0.9164867723288839,1.0,1.0,0.911860597502,0.8599184860802822
R_6KDvslaxG4W04I9,counterfactual,6,160212,feature contribution,6,0.7525679277209089,0.15317959879380913,1.0,1.0,1.0,0.985407118635,0.9853239785657486,-0.0542665603278,-0.09656627787104263,0.874881527099,0.9021385786825811,1.0,1.0,0.625592364505,0.5267711474743385
R_6KDvslaxG4W04I9,counterfactual,7,160202,feature contribution,6,0.7525679277209089,0.14824164507539017,1.0,1.0,1.0,0.977388891516,0.9771638750186646,-0.0954243031392,-0.15342883004424496,0.915885742678,0.9335082623917975,1.0,1.0,0.6926395244820001,0.5111972995846927
R_6KDvslaxG4W04I9,counterfactual,8,160204,feature contribution,6,0.7525679277209089,0.1484004318575692,1.0,1.0,1.0,0.968511305473,0.9684608129101323,-0.170714207795,-0.20783402798628944,0.907024522775,0.914464849103584,1.0,1.0,0.6916710408610001,0.512942034786437
R_6KDvslaxG4W04I9,counterfactual,9,160214,feature contribution,6,0.7525679277209089,0.12350201485686241,1.0,1.0,1.0,0.995939308668,0.9959557919775924,-0.0603234328296,-0.19389460136498388,0.909105435473,0.9116600311087306,1.0,1.0,0.479122154618,0.5204089558466061
R_6KDvslaxG4W04I9,counterfactual,10,160203,feature contribution,6,0.7525679277209089,0.19560833019253066,1.0,1.0,1.0,0.984594582185,0.9805715751921246,-0.132438154538,-0.07540658602008002,0.938077517716,0.9029595705859327,1.0,1.0,0.826733844436,0.4942213051700938
R_6KDvslaxG4W04I9,counterfactual,11,160215,feature contribution,6,0.7525679277209089,0.5104392518365675,0.0,0.0,0.6490707612123833,-0.0406200167911,0.6654155090066013,-0.00730297718538,-0.08861693469560089,0.9677916207,0.9251798293165323,1.0,1.0,0.257964114355,0.967616670933147
R_6KDvslaxG4W04I9,counterfactual,12,160208,feature contribution,6,0.7525679277209089,0.5194480962807249,0.0,0.0,0.8912998881063384,-0.0118446688486,0.853742912558191,-0.198920994837,-0.010158694044999464,0.938224145788,0.909459685793676,1.0,1.0,0.462118243718,0.7839471138285468
R_6KDvslaxG4W04I9,counterfactual,13,160218,feature contribution,6,0.7525679277209089,0.4429384114426962,0.0,1.0,0.8752120959810668,0.923902445885,0.8512828556083087,0.0383976585575,-0.12785059655681538,0.925978163899,0.910139668891124,1.0,1.0,0.531963655989,0.5257979064437052
R_6KDvslaxG4W04I9,counterfactual,14,160207,feature contribution,4,0.6523650672176116,0.6793871263263972,0.0,0.0,0.25108384917860216,-3.02804846231e-06,0.4015995333080101,-0.0222032143073,0.12617932557967088,0.934782608695,0.9146162684092282,1.0,1.0,0.326086956522,0.5363225710737457
R_6KDvslaxG4W04I9,counterfactual,15,160206,feature contribution,4,0.6523650672176116,0.7284008931620329,0.0,0.0,0.0,0.00106704882352,0.010824423879300386,0.447787190599,0.03366654915337238,0.958305291533,0.9206474994974977,1.0,1.0,0.478260869565,0.46799434241499016
R_6KDvslaxG4W04I9,counterfactual,16,160219,feature contribution,6,0.7525679277209089,0.5805676743038262,0.0,0.0,0.6490707612123833,-0.0474808074172,0.6044399695218534,-0.0569226716327,-0.13106615082787326,0.944337278009,0.9185631254717499,1.0,1.0,0.5980423323449999,0.793874326656955
R_6KDvslaxG4W04I9,counterfactual,17,160209,feature contribution,4,0.6523650672176116,0.7491373461216018,0.0,0.0,0.20775663363783664,-3.76028703908e-06,0.20825890473875874,-0.108472344952,0.04722398950092471,0.925989241697,0.9209032530398871,1.0,1.0,0.478260869565,0.4811035497594489
R_6KDvslaxG4W04I9,counterfactual,18,160205,feature contribution,4,0.6523650672176116,0.8295823513574054,0.0,0.0,0.20775663363783664,0.000201762544966,0.14065856287168904,-0.0252530195171,-0.029383647954254483,0.960949224958,0.901666097088567,1.0,1.0,0.478260869565,0.5852661630816984
R_6KDvslaxG4W04I9,counterfactual,19,160217,feature contribution,6,0.6038058735293811,0.514631997411322,0.0,0.0,0.8752120959810668,-0.0342352853254,0.619793251158316,-0.0371132294657,-0.06477201853342104,0.946436877362,0.9322383444562465,1.0,1.0,0.576826661129,0.8130497466232957
R_6KDvslaxG4W04I9,counterfactual,20,160216,feature contribution,4,0.20775663363783664,0.4876238455890435,0.0,0.0,0.7922433663621633,0.0135873666896,0.7207134630760307,-0.0301487556955,-0.08394942056237306,0.957707569716,0.935235774957946,1.0,1.0,0.459105594287,0.34819871373947003
R_6upJU84Jtf3Faf5,none,1,160212,weighted examples,10,0.6277859533378853,0.23902570659310945,1.0,0.0,0.6722821109894423,-0.0133579990961,0.7331666549096667,-0.0660768606793,-0.030110309999654628,0.924043118702,0.9407611941040087,0.0,0.12804884158718666,0.379784406491,0.7962711233941513
R_6upJU84Jtf3Faf5,none,2,160201,weighted examples,10,0.6381985895445759,0.15371045902585825,1.0,0.0,0.5967744190416497,0.48419942821,0.5908879781875463,0.279888651269,0.246071000608878,0.937521010942,0.932670499674746,1.0,0.8285863078760557,0.485029912598,0.6315380860662724
R_6upJU84Jtf3Faf5,none,3,160211,weighted examples,10,0.6337655997023448,0.13687454256771805,1.0,0.0,0.09112192121551478,0.0881239430978,0.2413160268182588,0.0115476703633,0.028942336564869133,0.947931860431,0.9465194739524468,0.0,0.3296398439506302,0.613797893325,0.6917604191497618
R_6upJU84Jtf3Faf5,none,4,160214,weighted examples,5,0.36106823235651686,0.1437811515073038,1.0,0.0,0.24690925988859821,0.120241955989,0.27952923849848454,0.00295922008077,-0.02636511155029527,0.951351351351,0.9599086652472595,0.0,0.6389317676434833,0.243243243243,0.20045667376370274
R_6upJU84Jtf3Faf5,none,5,160210,weighted examples,5,0.5048440974353005,0.15540508518483492,1.0,0.0,0.3152437280217377,-0.00199233622519,0.34915613105157944,-0.0505935578648,-0.03253636797700925,0.957321485927,0.9418998865387206,1.0,0.8200878254570382,0.33732228154,0.3076519372033222
R_6upJU84Jtf3Faf5,none,6,160202,weighted examples,10,0.5706311321012748,0.09065061470988592,0.8388644679102158,0.0,0.9303982525040606,0.28671173484,0.7283370409610885,0.040926432759,-0.004575631605088065,0.957494868363,0.9752276331435914,0.0,0.11048532656519738,0.28118953845899997,0.26204308624326417
R_6upJU84Jtf3Faf5,none,7,160213,weighted examples,5,0.7281750866612173,0.11370978920641542,1.0,1.0,0.920538323846605,0.991670227378,0.8642179818177241,-0.0364892777965,0.014065653911670965,0.94153772859,0.953775851839629,1.0,0.9058292402972588,0.478260869565,0.36652454319119526
R_6upJU84Jtf3Faf5,none,8,160204,weighted examples,10,0.5829297390115473,0.06105550178538735,1.0,1.0,0.9434973085087243,0.854950038737,0.7518799295288737,-0.0667441719461,-0.028702631100230233,0.972999348428,0.9754757947741183,0.0,0.1133936313789507,0.433019976498,0.35362456755768873
R_6upJU84Jtf3Faf5,none,9,160200,weighted examples,5,0.7042311502826196,0.17181336927272192,1.0,0.0,0.0,0.0503445202604,0.21332907242155164,0.0319329718233,0.04310454585056411,0.950267524989,0.9468704389600454,1.0,0.8788450564948088,0.34858017344,0.16867947922027934
R_6upJU84Jtf3Faf5,none,10,160203,weighted examples,10,0.7026769128582738,0.13311127009421728,1.0,1.0,0.7630788537343145,0.944854850573,0.7312166726454407,-0.0353050307747,-0.0002567411221643407,0.922444702822,0.9452191751548572,0.0,0.17939321422089632,0.38777648588900004,0.5281626959526375
R_6upJU84Jtf3Faf5,none,11,160218,weighted examples,5,0.649604278343668,0.08267446276989368,1.0,1.0,0.649604278343668,0.940519709833,0.6329257379197214,0.026880310277,0.0224571487317064,0.950517561112,0.9659643745718574,1.0,0.9271019956034525,0.247412194437,0.17017812714071362
R_6upJU84Jtf3Faf5,none,12,160207,weighted examples,10,0.67861272154254,0.183074058893371,1.0,1.0,0.5655057294393673,0.99905561707,0.5572009793709499,0.109849017279,0.09839952049889471,0.973672534606,0.9461306036133983,1.0,0.8209083341442941,0.306940368618,0.57333805923104
R_6upJU84Jtf3Faf5,none,13,160208,weighted examples,5,0.28926230738290076,0.18948514722380455,1.0,0.0,0.06995919826257449,0.00581921071554,0.038913448076900885,0.0128773389405,0.016518945694057267,0.95421925266,0.9613979319175046,1.0,0.9533130703311292,0.228903736699,0.2721534014433128
R_6upJU84Jtf3Faf5,none,14,160219,weighted examples,5,0.5360086728043568,0.2158316298055228,1.0,0.0,0.1449143771666473,0.162135759632,0.31790593376666926,-0.0159834793366,0.003469747038994506,0.956756756757,0.9459300418143314,0.0,0.4639913271956432,0.216216216216,0.33616971744973334
R_6upJU84Jtf3Faf5,none,15,160209,weighted examples,10,0.654435998845511,0.16986423632770448,1.0,1.0,0.5942002651581553,0.873957813116,0.5854356758500024,0.138736167528,0.0976547485071918,0.938076501073,0.9355019170555198,1.0,0.7545215945508233,0.439353608453,0.6404175135033234
R_6upJU84Jtf3Faf5,none,16,160215,weighted examples,10,0.4884247496263435,0.2335140866599766,1.0,1.0,0.1278512935553758,0.858933363328,0.1540971972411584,-0.00297956185583,0.008698013580580106,0.962388007182,0.9365049609895835,0.0,0.2723770773139429,0.1901589785781,0.6581727877802986
R_6upJU84Jtf3Faf5,none,17,160216,weighted examples,5,0.3579259382945414,0.2130918004475267,1.0,0.0,0.46473511434334613,0.230000544402,0.6348801461498768,0.0219816318828,-0.034626123451648234,0.986956521739,0.9409636072400607,1.0,0.5600502396417184,0.0652173913043,0.30909288520018885
R_6upJU84Jtf3Faf5,none,18,160217,weighted examples,10,0.5950833163897185,0.12481138039904631,1.0,0.0,0.6496754884455438,0.16528345123,0.39942649324839086,0.0214010591308,-0.028859939122764328,0.946618523044,0.946604326212241,0.0,0.1779021185708785,0.595127421408,0.595516617180589
R_6upJU84Jtf3Faf5,none,19,160206,weighted examples,5,0.8960790057715757,0.2017714390109711,1.0,0.0,0.3324724508506047,0.000195916938221,0.5938412892337939,0.395569793542,0.5013677332990293,0.934683982139,0.9329358071874734,0.0,0.04079510758112066,0.753545370056,1.5021786318849848
R_6upJU84Jtf3Faf5,none,20,160205,weighted examples,5,0.9141665248807057,0.11912406561304575,1.0,1.0,0.22770599019354604,0.993855550504,0.25234957065497843,0.208293534938,0.1987846885852381,0.948143262542,0.9489567634186803,0.0,0.08644424734436376,1.097037433973,1.4591481445542847
R_771uyV9h8uinmh3,attribution,1,160213,feature contribution,4,0.7271188534098019,0.2161150421466122,1.0,1.0,0.9522335661652699,0.992095423218,0.8548835340185872,-0.0512426839312,0.008422643614408296,0.937189902503,0.9507961236676222,1.0,1.0,0.5,0.3469568402837218
R_771uyV9h8uinmh3,attribution,2,160201,feature contribution,4,0.5821102682858813,0.43873226657738873,1.0,0.0,0.6903422343724257,0.423914042172,0.565700964694941,0.27027201687,0.23350257507221925,0.932071361456,0.9006201522049689,1.0,0.9999999999999999,0.408093861588,0.6587920723825776
R_771uyV9h8uinmh3,attribution,3,160210,feature contribution,4,0.27488079287243894,0.25078805476297966,1.0,0.0,0.9636230197980304,-0.00202099305063,0.9327899665279865,-0.0705935578648,-0.0330869909377304,0.954785942235,0.947477628125728,1.0,1.0,0.31732228154,0.3018830679101011
R_771uyV9h8uinmh3,attribution,4,160203,feature contribution,4,0.7399649541219473,0.1526623359219208,1.0,1.0,0.7399649541219473,0.972208962696,0.6400889946733842,-0.0162531613387,0.02244410387964947,0.945684467769,0.9753417000830297,1.0,1.0,0.272062574392,0.12329149958485179
R_771uyV9h8uinmh3,attribution,5,160214,feature contribution,4,0.3664041714561266,0.2028931134647705,1.0,1.0,0.9649368776918889,0.99553174918,0.8571634962842091,-0.0408710150039,0.012045960986698566,0.939130434782,0.9787039381612078,1.0,1.0,0.304347826087,0.10648030919396113
R_771uyV9h8uinmh3,attribution,6,160212,feature contribution,4,0.1056477838791772,0.21432436307013575,1.0,1.0,0.9589344394104968,0.85760211054,0.9164305590237423,0.0034771310746,-0.10224747997118144,0.95652173913,0.9516492472055891,1.0,1.0,0.217391304348,0.24175376397205506
R_771uyV9h8uinmh3,attribution,7,160204,feature contribution,4,0.5474600862150578,0.1690137002673742,1.0,1.0,0.9605186428666719,0.9683441417,0.9057908183899954,-0.0907706213929,-0.012056090411936927,0.947826086956,0.9793687235735173,1.0,1.0,0.260869565217,0.10315638213241288
R_771uyV9h8uinmh3,attribution,8,160202,feature contribution,4,0.21293890900782217,0.2216562369134396,1.0,1.0,0.3866064731730996,0.977304612591,0.42267172321122715,-0.0770137090257,0.02776829016526762,0.934782608695,0.9788701072762752,1.0,1.0,0.326086956522,0.10564946361862465
R_771uyV9h8uinmh3,attribution,9,160200,feature contribution,4,0.11043011695125966,0.21358694404949918,1.0,1.0,0.0,0.980545312503,0.17705507613601867,0.0345589611537,0.05774652046785106,0.964577939663,0.9372067497065726,1.0,1.0000000000000002,0.304347826087,0.1112340389579036
R_771uyV9h8uinmh3,attribution,10,160211,feature contribution,4,0.5078715888042912,0.2459119602220911,1.0,1.0,0.9645209618484476,0.869939705394,0.791370074743522,0.0384113125944,0.0011151420616989406,0.915481489832,0.9113831224994251,1.0,1.0,0.413043478261,0.4431141802803654
R_771uyV9h8uinmh3,attribution,11,160216,feature contribution,4,0.6486965143446094,0.10405986169769649,1.0,1.0,0.9467969277478504,0.941567510841,0.8880923777110051,-0.132634180908,-0.09681635254031291,0.943478260869,0.9545277827924376,1.0,1.0,0.282608695652,0.22736108603781216
R_771uyV9h8uinmh3,attribution,12,160215,feature contribution,4,0.6254122287450504,0.3158226860522438,1.0,0.0,0.19355739725863427,-0.0680045499025,0.12042001994991666,-0.0755179854076,-0.06129467682272716,0.961731042961,0.9324769344238272,1.0,1.0,0.347826086957,0.5431137778827183
R_771uyV9h8uinmh3,attribution,13,160208,feature contribution,4,0.09622215517359035,0.35019914597385443,1.0,1.0,0.09622215517359035,0.8862350921,0.07935259798102794,-0.0133661085582,-0.04029281999171999,0.943887094031,0.9205589705908946,1.0,1.0,0.280564529842,0.43454182170453326
R_771uyV9h8uinmh3,attribution,14,160217,feature contribution,4,0.2903324339504567,0.33146867012098036,1.0,1.0,0.0,0.565414733339,0.021778229156849294,0.0112098101955,-0.014062090949130088,0.945587485121,0.9488825783890786,1.0,1.0,0.272062574392,0.4319066045523868
R_771uyV9h8uinmh3,attribution,15,160207,feature contribution,4,0.539944458271234,0.4376631199698854,1.0,1.0,0.8727595903620504,0.65940551521,0.8717121332411427,0.192679984908,0.0746925124832877,0.958860200132,0.934150603098533,1.0,1.0,0.314572351641,0.6147682912092229
R_771uyV9h8uinmh3,attribution,16,160218,feature contribution,4,0.6289176027512485,0.170562649728114,1.0,1.0,0.7204409638609072,0.939317018455,0.5958013682057449,0.0225423819148,0.049784945024854414,0.944517561112,0.9770673930862375,1.0,1.0,0.277412194437,0.1146630345688127
R_771uyV9h8uinmh3,attribution,17,160206,feature contribution,4,0.3649030768758805,0.5163106208467203,1.0,0.0,0.0,1.60747436193e-05,0.015009376210352839,0.317610907318,0.283681474960072,0.94665924485,0.9116241005684196,1.0,1.0,0.37,0.694356968267767
R_771uyV9h8uinmh3,attribution,18,160209,feature contribution,4,0.4814570946133007,0.4510750774088534,1.0,1.0,0.8509879128330515,0.915080495357,0.8285314695877444,0.13935456953,0.08648349918080184,0.939159218451,0.9242838622878456,1.0,1.0,0.35708212889,0.6347300210232718
R_771uyV9h8uinmh3,attribution,19,160205,feature contribution,4,0.23464942765747143,0.5193810247461917,1.0,0.0,0.18782527400133556,0.0640092451468,0.12717426792834183,0.103536329033,-0.09949903472890148,0.958803887924,0.8790182569250352,1.0,1.0,0.39,0.6751730035801135
R_771uyV9h8uinmh3,attribution,20,160219,feature contribution,4,0.6885681806664754,0.12829051581919623,1.0,0.0,0.18192075452425283,0.101659325777,0.20414517176566888,0.00591630031822,-0.014832963826440268,0.965272476084,0.9655542459278511,1.0,0.9999999999999999,0.347826086957,0.3625352730595755
R_7DtIw0Gr58M4CAa,counterfactual,1,160201,feature contribution,10,0.6608630158473461,0.21928310582458233,1.0,1.0,0.31808231302902684,0.943115801983,0.3754340206867611,0.233495599919,0.21135878101399222,0.925280927779,0.9246062658040886,1.0,1.0000000000000002,1.069832536297,0.663825677473181
R_7DtIw0Gr58M4CAa,counterfactual,2,160200,feature contribution,5,0.9462662789577885,0.10571396905981052,1.0,1.0,0.1737660718343544,0.98243051951,0.21649227294154927,-0.0289452880931,0.051696894881610465,0.948485830367,0.9378861047785222,1.0,0.9999999999999999,0.6334961737208,0.2662437200647096
R_7DtIw0Gr58M4CAa,counterfactual,3,160203,feature contribution,10,0.7997434164909295,0.13964808893874983,1.0,1.0,0.7235823302215237,0.984587838858,0.7221572171356331,-0.169291027078,0.028061682182202806,0.89257208538,0.9649494302403993,1.0,1.0000000000000002,0.6081815543815,0.17525284879800404
R_7DtIw0Gr58M4CAa,counterfactual,4,160202,feature contribution,10,0.7997434164909295,0.10089742413216868,1.0,1.0,0.9328346783395234,0.977390369952,0.8066411050909978,-0.172152440523,0.020407077407158858,0.928757173837,0.9654696922201831,1.0,1.0000000000000002,0.47352669957,0.17265153889908508
R_7DtIw0Gr58M4CAa,counterfactual,5,160213,feature contribution,10,0.7997434164909295,0.18144198183734175,1.0,1.0,0.36655481083240643,0.991978913675,0.3827709292828197,-0.0243261249657,0.010850991130224773,0.928031318187,0.9487677876444419,1.0,1.0000000000000002,0.9474405394743001,0.44961412213445706
R_7DtIw0Gr58M4CAa,counterfactual,6,160210,feature contribution,10,0.698608260413621,0.18521537219305756,1.0,1.0,0.40133696621362724,0.997835414038,0.36092366223209066,-0.0568244474499,0.03479621107773422,0.935025904352,0.9279481706015157,1.0,1.0000000000000002,0.770842682933,0.15775649617506624
R_7DtIw0Gr58M4CAa,counterfactual,7,160214,feature contribution,10,0.5733583565551392,0.053821531090187724,1.0,1.0,0.712030920274603,0.898790598216,0.6361288419247779,0.0123802339713,0.032026084039095785,0.964224293585,0.976212539020236,1.0,1.0,0.1788785320743,0.11893730489882039
R_7DtIw0Gr58M4CAa,counterfactual,8,160211,feature contribution,10,0.7997434164909295,0.15549989596680655,1.0,1.0,0.7960175384553562,0.979637806372,0.6541379305086661,-0.0753245162112,0.025240856921865895,0.924445166756,0.9557455750001143,1.0,1.0000000000000002,0.9337610981410001,0.5379367490458049
R_7DtIw0Gr58M4CAa,counterfactual,9,160212,feature contribution,10,0.6608630158473461,0.12113833124139828,1.0,1.0,0.9402030715822991,0.98237413106,0.7030831883467483,-0.0366908769453,0.013752573344419398,0.905228980521,0.967071657485111,1.0,1.0000000000000002,0.4738550973954,0.17594797741541465
R_7DtIw0Gr58M4CAa,counterfactual,10,160204,feature contribution,5,0.24129947910204674,0.07289079371309741,1.0,1.0,0.825342509415953,0.944997057879,0.6513233635981549,-0.00487865064889,0.02668515924890629,0.97959530692,0.987752815808017,1.0,1.0,0.102023465397,0.06123592095991547
R_7DtIw0Gr58M4CAa,counterfactual,11,160216,feature contribution,10,0.46991487530872933,0.2922816630237567,0.0,0.0,0.8736417261978706,0.262135830621,0.6276479244815409,0.0041598262201,-0.004981683872176652,0.961791961777,0.9595375545430265,1.0,1.0,0.643906221639,0.2023122272848679
R_7DtIw0Gr58M4CAa,counterfactual,12,160219,feature contribution,10,0.40207291670796635,0.29512351555013533,0.0,0.0,0.7381175937167568,-0.050491848996,0.7076491863157003,-0.17675683066,-0.01740107546497427,0.953239924433,0.9474866044216229,1.0,1.0,0.4823329113282,0.40720193196763443
R_7DtIw0Gr58M4CAa,counterfactual,13,160218,feature contribution,10,0.7398391274743198,0.3115266579104393,0.0,0.0,0.47438916279875687,-0.0239115714119,0.4695868902445545,-0.16221541884,0.04192703122774442,0.943978865423,0.9645316072757592,1.0,1.0000000000000002,0.9450518816560001,0.17734196362120455
R_7DtIw0Gr58M4CAa,counterfactual,14,160206,feature contribution,5,0.4934985645239859,0.3661580581953145,0.0,0.0,0.0,1.76917525074e-09,0.004649029033456046,0.0506732961872,0.07997820321174748,0.982608695652,0.9245279200164761,1.0,1.0,0.0869565217391,0.4500584580324032
R_7DtIw0Gr58M4CAa,counterfactual,15,160209,feature contribution,5,0.4934985645239859,0.43532448609017327,0.0,0.0,0.24129947910204674,-3.98894227482e-06,0.23869368974538868,-0.0938240864226,0.0570618372639953,0.969565217391,0.921287580012976,1.0,1.0,0.152173913043,0.46788802219439857
R_7DtIw0Gr58M4CAa,counterfactual,16,160205,feature contribution,10,0.6608630158473461,0.26226129217641225,0.5873500720896239,0.0,0.47438916279875687,-4.55730248206e-06,0.3784087041746755,-0.152647765988,0.14832764352974212,0.93597791846,0.9259919191170911,1.0,1.0000000000000002,0.2340259424728,0.8775196121404684
R_7DtIw0Gr58M4CAa,counterfactual,17,160215,feature contribution,10,0.6608630158473461,0.22344472230941867,0.0,0.0,0.7716844206016804,-0.0459337499098,0.5817131775706426,-0.0828311047343,-0.013709480141801617,0.94935181318,0.9363436810699586,1.0,1.0000000000000002,0.21608492309330002,0.641605566150734
R_7DtIw0Gr58M4CAa,counterfactual,18,160208,feature contribution,10,0.7997434164909295,0.2588834073605259,0.0,0.0,0.7235823302215237,-0.0118458651243,0.6556149977154818,-0.29065869723,0.004602637351791222,0.924742782315,0.9224375790163075,1.0,1.0000000000000002,0.43886352230110004,0.4499267386432378
R_7DtIw0Gr58M4CAa,counterfactual,19,160217,feature contribution,10,0.6608630158473461,0.22417324576429717,0.0,0.0,0.08239834038793135,-0.148303905979,-0.0065961689333941895,-0.0925962366469,-0.03226634395110227,0.958545445727,0.9457904635679876,1.0,1.0000000000000002,0.3853757624097,0.47721733692149676
R_7DtIw0Gr58M4CAa,counterfactual,20,160207,feature contribution,10,0.5733583565551392,0.27528155609177024,0.0,0.0,0.6647707312112092,-2.72169242765e-06,0.6165911182675912,-0.106479701891,0.11006429872456676,0.965059897137,0.9203302296395719,1.0,1.0,0.1747005143116,0.5695269829097006
R_7IXNpixLXSjItSq,none,1,160211,feature contribution,5,0.4698374311094846,0.15210919329626213,1.0,0.0,0.1838996989784804,-0.00543200694686,0.18866468200979677,-0.00238557780719,0.010000779430750728,0.932648629348,0.9168095194315639,1.0,0.653737130087965,0.0329951332179,0.2381597181356618
R_7IXNpixLXSjItSq,none,2,160210,feature contribution,5,0.07376333558384797,0.24373289589364877,1.0,0.0,0.8898636366053675,-0.00149049784144,0.8052096189442997,-0.0287573649053,-0.10715992208139873,0.941402875429,0.9290617788872013,1.0,0.653737130087965,0.0373222815398,0.4091786407856267
R_7IXNpixLXSjItSq,none,3,160200,feature contribution,5,0.3462628699120349,0.05168217937004999,1.0,0.0,0.0,0.0156155273458,-0.00013237803439995364,-0.0144469226473,-0.0021132139888217108,0.935195432183,0.9407714441139918,0.0,0.653737130087965,0.0810810810811,0.009238991688014465
R_7IXNpixLXSjItSq,none,4,160204,feature contribution,5,0.07376333558384797,0.11715596785411068,1.0,1.0,0.653737130087965,0.959853245131,0.6086280295941856,-0.0736299284144,-0.03439271273336185,0.972292216915,0.977899886724699,1.0,0.653737130087965,0.138538915426,0.11050056637650478
R_7IXNpixLXSjItSq,none,5,160202,feature contribution,5,0.4698374311094846,0.08405736680103215,1.0,1.0,0.0,0.963781119513,0.008149858029901617,0.000524523830916,-0.000932344480471102,0.977315845912,0.9979964077095915,1.0,0.653737130087965,0.113420770436,0.010017961452042038
R_7IXNpixLXSjItSq,none,6,160201,feature contribution,5,0.07376333558384797,0.17852254846916926,1.0,0.0,0.10792639698296597,3.96550942016e-05,0.10571493664847743,0.0804904080554,0.12709930062134708,0.948429803194,0.938592383250744,1.0,0.653737130087965,0.131955605507,0.22270121569746662
R_7IXNpixLXSjItSq,none,7,160214,feature contribution,5,0.07376333558384797,0.0877177446198319,1.0,0.0,0.653737130087965,0.111818218051,0.6073366347629162,0.0246425353615,-0.002627124351632554,0.987267771846,0.9781712509441,1.0,0.653737130087965,0.0636611407699,0.10914374527949956
R_7IXNpixLXSjItSq,none,8,160212,feature contribution,5,0.4698374311094846,0.30809740367956745,1.0,1.0,0.9240266980044854,0.98537006676,0.8984669574648927,-0.0487798591215,-0.15088369739105437,0.975666089252,0.9267829223374664,1.0,0.653737130087965,0.121669553741,0.5003386343547057
R_7IXNpixLXSjItSq,none,9,160203,feature contribution,5,0.07597330199551441,0.15639119672615184,1.0,1.0,0.5301625688905154,0.612215720178,0.32081189887073125,0.0436419890022,-0.009470370975154092,0.965217391304,0.9694255983200057,1.0,0.653737130087965,0.173913043478,0.15521219712903536
R_7IXNpixLXSjItSq,none,10,160213,feature contribution,5,0.07597330199551441,0.442533176218334,1.0,1.0,0.9999999999999999,0.992128607744,0.9182103986711769,-0.000381640463036,0.013553931678882369,0.91337761091,0.9494830961851981,1.0,0.653737130087965,0.695652173913,0.2669976181125017
R_7IXNpixLXSjItSq,none,11,160209,feature contribution,10,0.4360080149238589,0.21648856288613302,1.0,0.0,0.11515830579908315,0.290790190545,0.13801011618377282,0.184446987478,0.12483006527436087,0.931139976408,0.9530256447429143,1.0,0.30023574131043523,0.678964212581,0.2432269596019211
R_7IXNpixLXSjItSq,none,12,160215,feature contribution,5,0.034163061399118004,0.42688711086310505,1.0,0.0,0.4698374311094846,-0.0753470402905,0.38990025615170304,-0.038940399333,-0.08464148763549903,0.946078153321,0.9121317062380341,1.0,0.653737130087965,0.399591906138,0.47332896588088913
R_7IXNpixLXSjItSq,none,13,160205,feature contribution,5,0.4698374311094846,0.33721220754371667,1.0,0.0,0.034163061399118004,-4.5595058622e-06,0.023118240062794823,-0.250918954935,-0.19068478603830394,0.863599535419,0.8944775933337599,1.0,0.653737130087965,0.558855068877,0.6309180387781135
R_7IXNpixLXSjItSq,none,14,160219,feature contribution,5,0.3462628699120349,0.4541422220708766,1.0,0.0,0.07376333558384797,0.0509413415578,0.1019980410952277,-0.00163482118138,-0.03047010800828869,0.931094812856,0.9304800493238057,0.0,0.653737130087965,0.675675675676,0.45017608638555356
R_7IXNpixLXSjItSq,none,15,160216,feature contribution,5,0.07376333558384797,0.35354253924220636,1.0,1.0,0.619574068688847,0.771449227004,0.6577589894874427,-0.00629585623376,-0.05086774437857772,0.920069120539,0.9334905802449556,1.0,0.653737130087965,0.399654397303,0.36122693054221533
R_7IXNpixLXSjItSq,none,16,160208,feature contribution,5,0.4698374311094846,0.15266029557855024,1.0,0.0,0.034163061399118004,0.0351128232886,0.15413604200274134,0.0219762421143,0.018500640398179852,0.994225851687,0.9555501437509533,1.0,0.653737130087965,0.0288707415656,0.23639839552449912
R_7IXNpixLXSjItSq,none,17,160217,feature contribution,5,0.3462628699120349,0.29679833162440433,1.0,0.0,0.0,-0.153906552501,-0.1270921804372016,-0.0735675070032,-0.10191604406215894,0.954839046665,0.9340679356239621,0.0,0.653737130087965,0.297297297297,0.4491815933139982
R_7IXNpixLXSjItSq,none,18,160206,feature contribution,5,0.4698374311094846,0.4293001928197724,1.0,0.0,0.0,-2.60405030872e-11,0.002063443842626473,-0.0306383128972,0.051256317782142596,0.969067062608,0.900125231729065,1.0,0.653737130087965,0.154664686959,0.6391575060749999
R_7IXNpixLXSjItSq,none,19,160218,feature contribution,5,0.07597330199551441,0.021413198698283804,0.0,0.0,0.0,-0.000324381201473,0.00091645200416734,0.00128970648547,-0.004493618884673709,0.995652173913,0.9962009993531723,1.0,0.653737130087965,0.0217391304348,0.01899500323413806
R_7IXNpixLXSjItSq,none,20,160207,feature contribution,5,0.07376333558384797,0.1339130610605787,1.0,0.0,0.034163061399118004,-6.22625183966e-07,0.09220127965601682,0.0301574185244,0.10491076354408686,0.994244450688,0.9606011070442659,1.0,0.653737130087965,0.028777746558,0.21470106472456185
R_7L78tZJ3cQDgpFH,counterfactual,1,160213,feature contribution,1,0.8888888888888888,0.565320931571043,0.0,0.0,0.0,-0.00760186778517,0.0017450557245652027,-0.462808362301,0.004553339143635371,0.806119273006,0.9405931673381859,0.0,1.0,2.516063249977,0.3105414078782152
R_7L78tZJ3cQDgpFH,counterfactual,2,160212,feature contribution,5,0.9462662789577885,0.5550651804681219,0.0,0.0,0.0,-0.014522011985,0.035943379118528546,-0.570191448972,0.011951953034218709,0.823083676162,0.9916423944867024,1.0,0.9999999999999999,2.178472694306,0.04178802756648804
R_7L78tZJ3cQDgpFH,counterfactual,3,160201,feature contribution,5,0.7014624030291201,0.5476560117463285,0.0,0.0,0.097085105636815,-7.64447112335e-06,0.08162079685296457,-0.210594372671,0.19735332820604082,0.804225185192,0.9364796294315791,0.0,0.9999999999999999,2.16269974317,0.5316514394291132
R_7L78tZJ3cQDgpFH,counterfactual,4,160211,feature contribution,1,0.8888888888888888,0.5534618614577351,0.0,0.0,0.0,-0.0173754640014,0.4221415365708763,-0.48100838292,0.07016409105562602,0.806119273006,0.9672772169496451,0.0,1.0,2.363438912084,0.40387039520467594
R_7L78tZJ3cQDgpFH,counterfactual,5,160200,feature contribution,1,0.8888888888888888,0.46317593077403574,0.0,0.0,0.0,-0.0117831296008,0.024560380412318894,-0.401034773047,0.03135899425665943,0.859619238442,0.9285283812840182,0.0,1.0,2.230251705672,0.08562794819817846
R_7L78tZJ3cQDgpFH,counterfactual,6,160202,feature contribution,1,0.8888888888888888,0.6066095614543688,0.0,0.0,0.0,-0.0226081799157,0.01424710834105233,-0.498752806755,0.013967331874894802,0.806119273006,0.9921117121720311,0.0,1.0,2.993606368132,0.03944143913984455
R_7L78tZJ3cQDgpFH,counterfactual,7,160210,feature contribution,1,0.8888888888888888,0.4869647970897383,0.0,0.0,0.0,-0.00206334936354,0.0008319655324316756,-0.410984492635,0.00506804202638135,0.827277313268,0.9334923607663268,0.0,1.0,2.418142163432,0.01668182201669119
R_7L78tZJ3cQDgpFH,counterfactual,8,160214,feature contribution,1,0.8888888888888888,0.21893829960575745,1.0,1.0,0.0,0.99556215513,0.014053537669990089,-0.176193120244,0.016328482141402846,0.948423372661,0.9923808062262575,0.0,1.0,1.1327874668975,0.03809596886871269
R_7L78tZJ3cQDgpFH,counterfactual,9,160203,feature contribution,10,0.5732312705565105,0.37372251180489846,1.0,0.0,0.0,0.380001436451,0.042204368520616334,0.0540698388021,0.013766659860821625,0.927260184156,0.9932669939108362,0.0,1.0000000000000002,1.556254372113,0.03366503044581933
R_7L78tZJ3cQDgpFH,counterfactual,10,160204,feature contribution,5,0.7324802977927654,0.30758328553516495,1.0,1.0,0.0,0.968506473174,0.11002607832923035,-0.20691393863,0.020756424860300673,0.952447906651,0.9928909012194445,0.0,0.9999999999999999,1.5050918690219999,0.03554549390277728
R_7L78tZJ3cQDgpFH,counterfactual,11,160215,feature contribution,5,0.6919418959758695,0.2726659644329009,0.0,0.0,0.934796559838404,-0.0775821702535,0.7788658224675837,-0.272107795685,-0.01216873114509531,0.951792879408,0.9648727288227856,0.0,0.9999999999999999,0.8388268744349999,0.5126612216686227
R_7L78tZJ3cQDgpFH,counterfactual,12,160218,feature contribution,1,0.8888888888888888,0.4010573442309546,0.0,0.0,0.0,-0.0238936081479,0.026690326998174863,-0.155398096442,0.01682482794623745,0.947365050029,0.9900802508304454,0.0,1.0,1.9556879753070002,0.04959874584777324
R_7L78tZJ3cQDgpFH,counterfactual,13,160219,feature contribution,1,0.8888888888888888,0.30749401919642216,0.0,0.0,1.0,-0.0489324562493,0.9036715280927691,-0.17803977998,-0.043129638108099944,0.951671075937,0.9495071028146814,0.0,1.0,1.2077349100830999,0.3297351858990111
R_7L78tZJ3cQDgpFH,counterfactual,14,160207,feature contribution,10,0.5320004034958117,0.39936252146748163,0.0,0.0,0.5440532063884559,0.000287172050487,0.5338171579964217,-0.0621354984498,0.1319341230440077,0.946622830427,0.9394362060669157,0.0,1.0000000000000002,1.196627658847,0.48643204418901914
R_7L78tZJ3cQDgpFH,counterfactual,15,160208,feature contribution,5,0.71291424007561,0.27456624477301045,0.2915921603280177,0.0,0.894715130175689,-0.0118439301991,0.8266301508154017,-0.298353297455,0.004570832356030477,0.956532481584,0.9370350798926274,0.0,0.9999999999999999,1.1442910078045,0.3190650298486638
R_7L78tZJ3cQDgpFH,counterfactual,16,160206,feature contribution,10,0.6584172184374951,0.4606812741924978,0.0,0.0,0.0,2.3784789058e-05,0.0001879977009969858,0.237638871505,0.16750451452088794,0.947661765946,0.9245551446605376,1.0,1.0,0.6889799871360001,0.47965982523211836
R_7L78tZJ3cQDgpFH,counterfactual,17,160217,feature contribution,10,0.5733583565551392,0.43807532859051584,0.0,0.0,0.08375099587109677,-0.152758797006,-0.0019224083660560917,-0.242771628524,-0.04767662275986082,0.932749204398,0.9494550900854807,1.0,1.0,0.850739704607,0.3289040228748816
R_7L78tZJ3cQDgpFH,counterfactual,18,160216,feature contribution,10,0.7997434164909295,0.29471572160161613,0.0,0.0,0.4911036998443344,-0.0575629887722,0.4585272484309524,-0.220031052925,0.01887799246887256,0.951561885705,0.9786234331699066,1.0,1.0000000000000002,0.9022020601168,0.1068828341504665
R_7L78tZJ3cQDgpFH,counterfactual,19,160209,feature contribution,10,0.5320004034958117,0.35081172587741916,0.0,0.0,0.9283052281332828,0.276926197627,0.7088147245420665,0.182015770013,0.18189035178473048,0.937926403432,0.9367654243425522,0.0,1.0000000000000002,0.9980049618489999,0.4803739405623355
R_7L78tZJ3cQDgpFH,counterfactual,20,160205,feature contribution,5,0.4934985645239859,0.6586520459918842,0.0,0.0,0.24129947910204674,0.000112584274715,0.2285249501923513,0.126347254505,-0.034231655211205934,0.965297051045,0.9016182913371636,1.0,1.0,0.326086956522,0.6075053372057118
R_7MBioYOD8gq6nT3,counterfactual,1,160210,feature contribution,5,0.14943795982185462,0.20736655380524904,1.0,0.0,0.0,-0.00197803791645,0.002911472197386793,-0.0405935578648,0.004386647910471818,0.955321485927,0.9330319872667093,1.0,1.0,0.34732228154,0.01642900430486748
R_7MBioYOD8gq6nT3,counterfactual,2,160203,feature contribution,5,0.14943795982185462,0.05817541028739977,1.0,1.0,0.0,0.860741275327,0.012168829918973136,0.0319805136801,0.0020110237728140803,0.982175330149,0.997323002947205,1.0,1.0,0.0891233492554,0.01338498526397518
R_7MBioYOD8gq6nT3,counterfactual,3,160211,feature contribution,10,0.5733583565551392,0.15912701460730494,1.0,0.0,0.4520785341483197,0.0888497579092,0.3892412258853189,0.023968661147,0.016062625086234312,0.941129316315,0.9437651718108321,1.0,1.0,0.45855198700099997,0.39230759376091107
R_7MBioYOD8gq6nT3,counterfactual,4,160212,feature contribution,5,0.14943795982185462,0.15467838663553937,1.0,0.0,0.0,0.132645907534,0.007546824592101834,0.0125311626107,0.0023792579069937913,0.94869176735,0.9972694728510859,1.0,1.0,0.256541163248,0.013652635744570494
R_7MBioYOD8gq6nT3,counterfactual,5,160200,feature contribution,5,0.14943795982185462,0.08215049188866036,1.0,0.0,0.0,0.268189011698,0.07650441458003936,0.0700766694805,0.019608211102295107,0.946342551832,0.9294380977912611,1.0,1.0,0.102832256252,0.08774266312894435
R_7MBioYOD8gq6nT3,counterfactual,6,160214,feature contribution,5,0.14943795982185462,0.0658144831140184,1.0,1.0,0.0,0.758174056101,0.002107535196991794,0.0357010557852,0.00222548227218476,0.979267771846,0.9973853578699976,1.0,1.0,0.10366114077,0.013073210650011978
R_7MBioYOD8gq6nT3,counterfactual,7,160213,feature contribution,5,0.4934985645239859,0.2523615576963533,1.0,1.0,0.4812819047138218,0.960342753724,0.4906844233034835,0.035608841371,0.029718035422405285,0.958929032937,0.9438045692089995,1.0,1.0,0.391304347826,0.2983569166100662
R_7MBioYOD8gq6nT3,counterfactual,8,160201,feature contribution,10,0.6608630158473461,0.14705380171935717,1.0,1.0,0.2779220287263407,0.67750404582,0.22946244955369083,0.248163232041,0.19515686569550647,0.94394413242,0.9242663881332185,1.0,1.0000000000000002,0.743411474663,0.522330946951485
R_7MBioYOD8gq6nT3,counterfactual,9,160204,feature contribution,5,0.0,0.07552003866530763,nan,0.0,0.0,0.00293200062484,0.029106945716530795,-0.0274637116252,0.007579540432441807,0.976253741287,0.997500620500395,0.0,1.0,0.135135135135,0.012496897498025095
R_7MBioYOD8gq6nT3,counterfactual,10,160202,feature contribution,5,0.14943795982185462,0.054951619741250575,1.0,0.0,0.0,0.0347481667796,0.007468307594675786,0.0110042469134,0.005252663863173554,0.982838437763,0.9974550843656356,1.0,1.0,0.0858078111829,0.01272457817182195
R_7MBioYOD8gq6nT3,counterfactual,11,160209,feature contribution,5,0.14943795982185462,0.3317179475584893,0.0,0.0,0.24129947910204674,-3.89440049919e-06,0.23521550010008527,-0.081747212818,0.039635226336359276,0.977482438887,0.9245141305113346,1.0,1.0,0.112587805563,0.4438239269587074
R_7MBioYOD8gq6nT3,counterfactual,12,160219,feature contribution,5,0.14943795982185462,0.20952677656241248,0.0,0.0,0.14943795982185462,-0.0293142664745,0.34935847851062574,-0.0380022478223,-0.029575357632750775,0.992399550435,0.9476398415298681,1.0,1.0,0.0380022478224,0.3129470242784405
R_7MBioYOD8gq6nT3,counterfactual,13,160217,feature contribution,5,0.14943795982185462,0.36778287765873413,0.0,0.0,0.24129947910204674,-0.000750905141867,-0.007344496181115384,-0.0172848036951,-0.11307557027249089,0.948319611584,0.9445124966238984,1.0,1.0,0.291174487216,0.32892940890911226
R_7MBioYOD8gq6nT3,counterfactual,14,160215,feature contribution,5,0.14943795982185462,0.3551795441014501,0.0,0.0,0.09054446578992041,-0.0605533987274,0.005273110146157483,-0.0946467621589,-0.08176146754645076,0.96250080117,0.9400987403615012,1.0,1.0,0.130637819612,0.4777975905981029
R_7MBioYOD8gq6nT3,counterfactual,15,160208,feature contribution,5,0.14943795982185462,0.1745346167902977,0.0,0.0,0.24129947910204674,-0.00123686190525,0.36297280130649917,-0.00657461672264,0.02639118167016066,0.999365552121,0.9478089027133838,1.0,1.0,0.00317223939309,0.28864857036044234
R_7MBioYOD8gq6nT3,counterfactual,16,160206,feature contribution,5,0.4934985645239859,0.42015723211147565,0.0,0.0,0.0,2.1731572708e-07,0.0015119626134749713,0.290667840474,0.06813824997614679,0.965217391304,0.9293407390636145,1.0,1.0,0.173913043478,0.4259943627967121
R_7MBioYOD8gq6nT3,counterfactual,17,160218,feature contribution,5,0.09054446578992041,0.02536672588057031,0.0,0.0,0.0,0.0675117855113,0.007432276710492793,0.0329951332177,0.0009395979800990771,0.993400973356,0.9974050876172714,1.0,1.0,0.0329951332179,0.012974561913643122
R_7MBioYOD8gq6nT3,counterfactual,18,160207,feature contribution,5,0.14943795982185462,0.3469217841463741,0.0,0.0,0.33184394489196717,-1.02922785827e-06,0.3369252048111635,-0.0796961657967,0.0926441668649344,0.975755549311,0.9202630918907145,1.0,1.0,0.121222253442,0.46091849678242097
R_7MBioYOD8gq6nT3,counterfactual,19,160216,feature contribution,5,0.14943795982185462,0.17632418901751035,0.0,0.0,0.23998242561177502,0.0773366090179,0.34155917724108525,-0.0072692093833,0.006672490794261642,0.96193087946,0.9784259321366534,1.0,1.0,0.190345602697,0.10787033931673332
R_7MBioYOD8gq6nT3,counterfactual,20,160205,feature contribution,5,0.4934985645239859,0.5596052136903806,0.0,0.0,0.24129947910204674,0.000116745403953,0.2285249501923513,0.145109572117,-0.034231655211205934,0.970330194739,0.9016182913371636,1.0,1.0,0.195652173913,0.6075053372057118
R_7PsMTUjq8Wa1btt,counterfactual,1,160212,feature contribution,10,0.7006585413382787,0.25834178973749444,0.7037953282550072,0.0,0.7916396697912705,0.00552124576313,0.7477181554901089,0.000164261842036,0.00916123799703503,0.917319957743,0.9652952870030356,0.0,0.37591324777790186,0.9851310574900001,0.17352356498482205
R_7PsMTUjq8Wa1btt,counterfactual,2,160213,feature contribution,10,0.6494806084879188,0.14796085916517066,1.0,1.0,0.34859075712615917,0.985306108041,0.46679429754508606,0.0163163827005,0.013296339590901134,0.941813673225,0.9402143434147683,1.0,0.701932519689523,0.5752233773532001,0.4002887782362524
R_7PsMTUjq8Wa1btt,counterfactual,3,160200,feature contribution,10,0.6120653796308119,0.09976692232187032,1.0,1.0,0.0,0.730018795941,0.18553383534518383,0.051257382975,0.05279944046779776,0.942195572663,0.9452222293726267,1.0,0.6552145898605405,0.356220843837,0.19231712792583655
R_7PsMTUjq8Wa1btt,counterfactual,4,160201,feature contribution,10,0.5387524118521989,0.11737262756044846,1.0,1.0,0.363967123910397,0.990477441165,0.5539011238861602,0.167150417816,0.23857392533784494,0.938415274613,0.9392924348418956,1.0,0.5336362123559246,0.873901075018,0.7235746051531837
R_7PsMTUjq8Wa1btt,counterfactual,5,160204,feature contribution,5,0.6578674573588258,0.12852807500895636,0.589610401858386,1.0,0.9999999999999998,0.968375932517,0.9678311217575375,-0.15969319632,-0.06919644657340912,0.944121260032,0.9605078123062938,0.0,0.029607014912544263,0.5956217136817,0.1974609384685296
R_7PsMTUjq8Wa1btt,counterfactual,6,160203,feature contribution,10,0.7079117337973224,0.19996775068016723,0.6636955306142029,1.0,0.34972550608714037,0.984229898286,0.2906515954230178,-0.162253337548,0.035966064800285844,0.920921750503,0.9643439513689095,0.0,0.29420955057835624,0.751530801555,0.1782802431554519
R_7PsMTUjq8Wa1btt,counterfactual,7,160211,feature contribution,10,0.5750104742729265,0.13253221474043314,1.0,1.0,0.44656019278024295,0.733403353214,0.4244788058577479,0.0525790714283,0.02222036388215934,0.93797396745,0.9297487952394168,1.0,0.8605564452570963,0.453616288268,0.49257442621598047
R_7PsMTUjq8Wa1btt,counterfactual,8,160202,feature contribution,5,0.677468433138543,0.09518817604982324,0.6049772660436947,1.0,0.9137413867138066,0.977361485632,0.7955323395030104,-0.0991722321791,0.029320857520739145,0.96202849503,0.9691622524124692,0.0,0.029265179552681198,0.413572931825,0.20628987249084874
R_7PsMTUjq8Wa1btt,counterfactual,9,160214,feature contribution,10,0.5565986082442748,0.09709171653611509,0.5644818040324276,1.0,0.5374980660912829,0.903501782933,0.5906056483378354,0.0153525903536,0.027891099105686004,0.953349001175,0.9763657911245157,0.0,0.50592433754007,0.2332549941241,0.11817104437742043
R_7PsMTUjq8Wa1btt,counterfactual,10,160210,feature contribution,10,0.721148400737041,0.16222222566661437,0.7300069260343622,0.0,0.446417215244844,0.329396593147,0.32815615573772783,0.0561132753761,0.04015028716036888,0.960710645353,0.9520644504861799,0.0,0.40834474820861266,0.618109590588,0.16666141848220334
R_7PsMTUjq8Wa1btt,counterfactual,11,160217,feature contribution,10,0.7182641522042467,0.10223739372139147,1.0,1.0,0.6632971980629175,0.795205453065,0.5133565038623883,-0.046033262612,-0.036380606913286345,0.936558370446,0.9355300069162393,1.0,0.82715071615599,0.346750404767,0.45116505936157425
R_7PsMTUjq8Wa1btt,counterfactual,12,160209,feature contribution,5,0.6786743953114074,0.23378511234190746,1.0,1.0,0.6786743953114074,0.944656668336,0.6694929765828292,0.109122051117,0.06288797929952422,0.935758436271,0.9151684443408269,1.0,0.9293723737691014,0.391089950689,0.5135842820791108
R_7PsMTUjq8Wa1btt,counterfactual,13,160219,feature contribution,10,0.5634502248188943,0.15934884551740286,1.0,0.0,0.5504752530887381,0.107736444269,0.6474456917986147,-0.0275377827737,-0.030635807747284423,0.934731322782,0.9503566006811113,1.0,0.7822662203298187,0.32634338609,0.39296866174474737
R_7PsMTUjq8Wa1btt,counterfactual,14,160208,feature contribution,10,0.4551920083509409,0.17273755707542168,1.0,0.0,0.3579375996907438,0.184070172464,0.49357471972884126,0.057874228763,0.01783694494988779,0.940312317366,0.9431975665134963,1.0,0.8236971401314346,0.298438413169,0.49474627071883714
R_7PsMTUjq8Wa1btt,counterfactual,15,160216,feature contribution,10,0.6626063327267687,0.06971030583102353,1.0,1.0,0.9635612459501309,0.91274871481,0.775170704501363,-0.125131552295,-0.03425383475750591,0.946056184974,0.9574016470099872,1.0,0.6467744763667269,0.269719075132,0.2220437071884421
R_7PsMTUjq8Wa1btt,counterfactual,16,160215,feature contribution,5,0.9110928970934145,0.0982588691428686,1.0,1.0,0.9007461887522688,0.88423359614,0.6782953357672734,0.00026115215543,0.030320150963827924,0.958222958694,0.9455621563991806,0.0,0.2878610738113946,0.6959404032111001,0.6504369075676173
R_7PsMTUjq8Wa1btt,counterfactual,17,160218,feature contribution,5,0.09497954918194965,0.10050876268782692,1.0,0.0,0.0,-0.0187549740857,0.22695684706131067,-0.0364431230648,0.04650481398823274,0.972779015095,0.9868325631572301,1.0,0.8057116320512985,0.136104924524,0.06583718421384949
R_7PsMTUjq8Wa1btt,counterfactual,18,160206,feature contribution,10,0.4883338151402604,0.28098674408060864,1.0,0.0,0.0,9.41313693659e-12,0.03486640170111544,0.181891736346,0.42174605256197145,0.8804200624,0.923196270425019,1.0,0.778302487267677,0.689891991994,0.7209715019548695
R_7PsMTUjq8Wa1btt,counterfactual,19,160207,feature contribution,10,0.6476049089006423,0.14912763598590384,1.0,0.0,0.6636517339739632,0.0130556447357,0.7167945757842936,0.0635206412036,0.07989578872729819,0.955638324785,0.93502630300228,1.0,0.7617737514809587,0.6934364020279999,0.6017870978387763
R_7PsMTUjq8Wa1btt,counterfactual,20,160205,feature contribution,10,0.5039532157618329,0.3510335708950941,1.0,0.0,0.09639974500191015,-4.55948516964e-06,0.3227726314250071,-0.0652631670641,0.19199740984960273,0.871759218518,0.9092537148257305,1.0,0.8562030458778885,0.699190282543,0.9356972570595695
R_7xWlSJ5Zdqog9gt,none,1,160211,feature contribution,4,0.9248867231920855,0.24046731775670024,1.0,1.0,0.12171704504391956,0.958645840855,0.2680644441123082,-0.0423559914329,0.03317280810525684,0.878046856764,0.9481862377471678,1.0,0.9999999999999999,1.2898521947448,0.6707201475576463
R_7xWlSJ5Zdqog9gt,none,2,160202,feature contribution,4,0.9498586524402499,0.22275464391541663,1.0,1.0,0.8352905355634386,0.977391315107,0.5460876481173914,-0.287274163682,0.04483037696553114,0.962086076679,0.96880362292105,1.0,1.0,0.824245817141,0.15598188539474997
R_7xWlSJ5Zdqog9gt,none,3,160204,feature contribution,4,0.8937195817886485,0.1869762024887148,1.0,1.0,0.9999999999999999,0.968482539966,0.9684259300115939,-0.162707499347,-0.1430218164644122,0.900225643915,0.9314066836623262,1.0,0.9999999999999999,0.748629553664,0.4219725366541219
R_7xWlSJ5Zdqog9gt,none,4,160200,feature contribution,1,0.8571428571428571,0.2000313763784231,1.0,1.0,0.0,0.968089414407,0.32048978234493153,-0.0269750342579,0.07640353379840624,0.886173062366,0.9422535399049683,1.0,1.0,0.9928513328082,0.1927258272945076
R_7xWlSJ5Zdqog9gt,none,5,160203,feature contribution,1,0.8571428571428571,0.13063748696758856,1.0,1.0,1.0,0.984594603788,0.9845945262860505,-0.24952207226,-0.1955843041726411,0.908436920317,0.8988886221437139,1.0,1.0,1.118250960969,0.6228500741200919
R_7xWlSJ5Zdqog9gt,none,6,160213,feature contribution,1,0.8571428571428571,0.1742602681462223,1.0,1.0,1.0,0.992397634258,0.988335098027122,-0.245696864526,0.018179051328926943,0.96215486732,0.9551213787443327,1.0,1.0,1.3989772970179999,0.7019362244331109
R_7xWlSJ5Zdqog9gt,none,7,160210,feature contribution,1,0.8571428571428571,0.1804384106877552,1.0,1.0,1.0,0.99793516912,0.9979351697448969,-0.256239237969,-0.16896111123285618,0.902628595578,0.9451079116570613,1.0,1.0,1.4585617352008,0.7368080924497791
R_7xWlSJ5Zdqog9gt,none,8,160201,feature contribution,1,1.0,0.30542309860044775,1.0,1.0,0.0,0.999880096159,0.18395952653131784,0.0782121080192,0.2494549219576823,0.932685888131,0.954168579140976,1.0,1.0,1.749692823027,0.5280004286252091
R_7xWlSJ5Zdqog9gt,none,9,160212,feature contribution,4,0.8902954805819634,0.2108437288285622,1.0,1.0,1.0,0.98547763161,0.9854707025799353,-0.291362141738,-0.19125495281020832,0.856978057493,0.9046979036366931,1.0,1.0,1.1011846185560001,0.4765104818165344
R_7xWlSJ5Zdqog9gt,none,10,160214,feature contribution,4,0.6756871578121019,0.22287867824254742,1.0,1.0,1.0,0.99596020293,0.9958960659238605,-0.304384580202,-0.10579968508832295,0.909305488238,0.9475868172913495,1.0,1.0,0.9898928096420001,0.264242824401764
R_7xWlSJ5Zdqog9gt,none,11,160219,feature contribution,4,0.5733705401197015,0.4277917511952392,0.0,0.0,0.0432165524136732,0.0161884305255,0.08332683665242592,-0.0585710716829,-0.030177716823628294,0.963286931085,0.9586520300836063,1.0,0.9999999999999999,0.8207019179100001,0.8513941145073664
R_7xWlSJ5Zdqog9gt,none,12,160208,feature contribution,4,0.6797690572763716,0.2885079049095044,0.0,0.0,0.8885127680769374,-0.0118458311085,0.6276096172642793,-0.224493937221,0.05142150048938612,0.967548711328,0.942372704719759,1.0,1.0,0.7342704702471,0.40047848853697887
R_7xWlSJ5Zdqog9gt,none,13,160209,feature contribution,4,0.0,0.5084400684763379,nan,0.0,0.8232513935105338,1.17602980104e-05,0.789500872618446,0.0389140992507,0.12206091795990945,0.91849096807,0.9455530093840634,1.0,1.0,0.608695652174,0.38227410273594403
R_7xWlSJ5Zdqog9gt,none,14,160206,feature contribution,6,0.39114760629421597,0.509532949597238,1.0,0.0,0.0,0.000162146598696,0.018853417151260047,0.368705226988,0.28299330572279424,0.943184686859,0.9187185881295754,1.0,1.0,0.5579136316528,1.0479228579639663
R_7xWlSJ5Zdqog9gt,none,15,160205,feature contribution,6,0.44560046001811315,0.4079902833992114,1.0,0.0,0.012846260685846551,1.09007564361e-05,0.02621134137176805,0.0244472640458,0.04716633029494671,0.964506602419,0.9114589675197337,1.0,1.0,0.42936889634840003,0.8827542971336125
R_7xWlSJ5Zdqog9gt,none,16,160215,feature contribution,1,0.8571428571428571,0.2890646094300988,0.6666666666666666,0.0,0.0,-0.0748548592489,-0.07604735357310355,-0.157028321252,-0.07543761053585546,0.954218708302,0.9295382847840165,1.0,1.0,0.4905186254404,0.8281101195887952
R_7xWlSJ5Zdqog9gt,none,17,160216,feature contribution,1,0.8571428571428571,0.3923700765398642,0.3333333333333333,0.0,1.0,-0.0387737200969,0.9389212090857619,-0.155670091919,-0.04812682831444806,0.920960349931,0.9663194006172091,1.0,1.0,0.9805725998975,0.6425247977409567
R_7xWlSJ5Zdqog9gt,none,18,160207,feature contribution,4,0.6778255336945256,0.2827327340448087,0.38242856734651653,0.0,1.0,0.000270155067302,0.996324430408423,-0.00372255421339,0.12652920615800434,0.930365787962,0.947439356137082,1.0,1.0,0.910292878816,0.3599971836744469
R_7xWlSJ5Zdqog9gt,none,19,160218,feature contribution,1,0.8571428571428571,0.3028266658462432,0.0,0.0,1.0,-0.0235090990733,0.880531377665961,-0.113284401283,0.02614501768906828,0.940700060961,0.9612888724970055,1.0,1.0,1.01775102587,0.19355563751497284
R_7xWlSJ5Zdqog9gt,none,20,160217,feature contribution,6,0.2857711907074144,0.4429562227481423,0.0,0.0,0.06541791583220652,-0.153787711041,-0.07870036827321265,-0.248033514504,-0.12904956273876242,0.938681335166,0.9263503371515109,1.0,1.0,0.832478835042,0.5777881520345607
