{
  "method": "shap",
  "values": [
    -0.05807715428779308,
    -0.03627627295165619,
    0.007492802795013776,
    0.000373295363260787,
    -0.015721848999841758,
    -0.01818528398141747
  ],
  "class_values": [
    [
      0.05807715428779302,
      0.03627627295165616,
      -0.007492802795013768,
      -0.0003732953632607647,
      0.015721848999841775,
      0.018185283981417347
    ],
    [
      -0.05807715428779308,
      -0.03627627295165619,
      0.007492802795013776,
      0.000373295363260787,
      -0.015721848999841758,
      -0.01818528398141747
    ]
  ],
  "ranking_values": [
    0.05807715428779308,
    0.03627627295165619,
    0.007492802795013776,
    0.000373295363260787,
    0.015721848999841775,
    0.01818528398141747
  ],
  "base_value": 0.18406882102986935,
  "max_abs_value": 0.05807715428779308
}