row_id,sqft_living,bedrooms,bathrooms,floors,grade,target
0,1180,3,1.0,1.0,7,0
1,2570,3,2.25,2.0,7,1
2,770,2,1.0,1.0,6,0
3,1960,4,3.0,1.0,7,1
4,1680,3,2.0,1.0,8,1
5,5420,4,4.5,1.0,11,1
6,1715,3,2.25,2.0,7,0
7,1060,3,1.5,1.0,7,0
8,1780,3,1.0,1.0,7,0
9,1890,3,2.5,2.0,7,0
10,3560,3,2.5,1.0,8,1
11,1160,2,1.0,1.0,7,1
12,1430,3,1.0,1.5,7,0
13,1370,3,1.75,1.0,7,0
14,1810,5,2.0,1.5,7,1
15,2950,4,3.0,2.0,9,1
16,1890,3,2.0,2.0,7,0
17,1600,4,1.0,1.5,7,1
18,1200,2,1.0,1.0,7,0
19,1250,3,1.0,1.0,7,0
20,1620,4,1.75,1.0,7,0
21,3050,3,2.75,1.0,9,1
22,2270,5,2.5,2.0,8,0
23,1070,2,1.5,1.0,7,0
24,2450,3,2.25,2.0,8,0
25,1710,3,2.0,1.5,6,0
26,2450,3,1.75,2.0,8,1
27,1400,3,1.0,1.5,8,1
28,1520,3,1.75,1.0,7,0
29,2570,4,2.5,2.0,8,1
30,2320,3,2.5,2.0,8,1
31,1190,2,1.5,3.0,7,0
32,2330,4,1.75,1.5,7,1
33,1090,3,1.0,1.5,8,1
34,2060,4,2.75,1.0,7,0
35,2300,3,2.5,1.5,8,1
36,1660,4,1.0,1.0,5,1
37,2360,4,2.0,2.0,8,1
38,1220,4,1.0,1.0,7,0
39,2620,4,2.5,2.0,8,1
40,2570,4,2.5,2.0,9,1
41,4220,4,2.25,1.0,8,1
42,3595,5,2.75,2.0,9,1
43,1570,3,1.0,2.0,7,1
44,1280,3,1.0,1.0,6,0
45,3160,3,2.5,2.0,8,1
46,990,3,1.0,1.0,6,0
47,2290,4,2.5,2.0,9,1
48,1250,3,1.75,1.0,7,0
49,2753,3,2.5,1.0,9,1
50,1190,3,1.0,1.0,7,0
51,3150,5,2.5,1.0,8,0
52,1410,3,1.75,1.0,7,1
53,1980,2,1.75,1.0,7,1
54,2730,5,2.25,1.5,8,1
55,2830,4,2.5,2.0,9,1
56,2250,4,2.5,2.0,7,0
57,2420,3,2.5,2.0,8,0
58,3250,5,3.25,2.0,8,1
59,1850,4,3.0,2.0,8,0
60,2150,3,2.25,1.0,8,1
61,1260,3,1.75,1.0,7,0
62,2519,3,1.75,2.0,8,1
63,1540,3,1.75,3.0,8,1
64,1660,3,2.25,1.0,7,0
65,2770,3,2.75,1.5,7,0
66,2720,4,2.5,2.0,10,1
67,2240,4,2.5,2.0,7,0
68,1000,3,1.0,1.0,7,0
69,3200,5,2.25,1.0,8,1
70,4770,5,3.25,1.0,11,1
71,1260,3,2.0,1.0,7,0
72,2750,4,2.0,1.5,7,1
73,2380,4,2.5,2.0,8,0
74,1790,3,1.75,1.0,7,0
75,3430,4,4.0,2.0,10,1
76,1760,4,1.75,1.0,7,0
77,1040,3,1.0,1.0,7,1
78,1410,3,1.0,1.0,7,0
79,3450,4,2.5,2.0,10,1
80,2350,3,2.5,2.0,8,0
81,1900,4,2.5,2.0,7,0
82,2020,2,1.0,1.0,7,0
83,1680,3,1.5,1.0,8,0
84,960,3,1.0,1.0,6,0
85,2140,3,1.5,2.0,9,1
86,2660,5,2.25,1.5,7,0
87,2770,3,3.25,2.0,9,1
88,1610,2,2.25,2.0,7,0
89,1030,2,1.75,2.0,7,0
90,1980,4,2.5,2.0,7,0
91,3520,5,2.75,2.0,10,1
92,1200,3,1.0,1.0,7,0
93,1580,3,1.5,1.0,8,0
94,1580,3,1.5,1.0,8,1
95,3300,4,2.5,1.0,7,1
96,1960,3,1.75,1.0,7,0
97,1160,4,1.5,1.0,7,0
98,1810,3,1.75,1.0,7,0
99,2320,3,2.5,2.0,9,0
100,2070,3,2.5,1.5,9,1
101,1980,3,2.0,1.5,7,1
102,2190,3,2.25,2.0,8,1
103,2920,3,2.5,2.0,8,1
104,1210,3,1.0,1.0,7,0
105,2340,3,2.5,1.0,8,0
106,1670,3,1.0,1.5,7,1
107,1240,2,1.75,1.0,8,0
108,3140,4,2.5,2.0,10,1
109,2030,5,1.75,2.0,7,1
110,2310,4,2.5,2.0,8,1
111,1260,3,1.75,1.0,6,1
112,1540,3,1.75,1.0,7,0
113,2080,3,1.75,1.0,7,0
114,3230,4,2.5,2.0,9,1
115,4380,3,3.5,2.0,8,1
116,1590,3,3.5,3.0,8,1
117,880,2,1.0,1.0,6,0
118,1570,4,2.0,1.0,6,0
119,1610,4,1.0,1.5,7,1
120,2400,3,2.5,1.0,8,1
121,1450,3,2.0,1.0,7,0
122,770,2,1.0,1.0,6,0
123,2100,4,1.75,1.5,7,0
124,2910,3,2.25,2.0,9,1
125,2750,4,2.75,1.5,8,1
126,2100,3,2.25,1.0,8,0
127,2160,4,2.25,1.0,8,0
128,2320,5,3.5,2.0,7,1
129,2070,4,2.5,2.0,7,0
130,1060,3,1.75,1.0,7,0
131,2010,4,2.25,1.0,8,1
132,3950,3,3.5,1.5,9,1
133,2010,3,2.5,2.0,8,1
134,2140,4,3.5,3.0,9,1
135,1320,3,1.75,1.0,7,0
136,2020,4,1.75,1.0,7,0
137,2590,4,2.25,1.0,8,1
138,1190,2,1.0,1.0,6,0
139,1170,3,2.25,3.0,8,1
140,1110,2,1.0,1.0,7,1
141,2820,5,2.5,1.0,8,1
142,1610,3,1.0,1.0,7,0
143,1060,3,1.0,1.0,7,0
144,2030,4,2.25,1.0,8,1
145,3670,4,2.5,2.0,9,1
146,2550,4,1.0,2.0,8,1
147,2420,2,2.5,2.0,7,0
148,2260,5,2.0,1.0,8,0
149,1430,3,1.0,1.0,7,1
150,1360,3,2.0,2.0,8,1
151,1110,3,1.0,1.5,7,1
152,1250,3,1.0,1.0,7,0
153,5180,4,3.25,2.0,12,1
154,700,1,1.0,1.0,7,0
155,1180,3,1.0,1.0,7,0
156,3960,5,3.5,2.0,9,1
157,2640,4,2.75,1.0,8,0
158,1270,3,2.0,1.5,7,0
159,1760,4,1.75,1.0,8,0
160,2060,5,2.25,1.0,7,0
161,1780,3,1.75,1.0,7,0
162,3400,3,2.5,2.0,10,1
163,1910,3,2.75,1.0,7,0
164,2020,3,2.0,1.0,7,0
165,1580,3,1.75,1.0,7,0
166,1340,2,1.75,1.0,5,0
167,2680,4,2.5,2.0,9,1
168,2680,3,2.5,1.0,8,1
169,1370,3,2.0,1.0,7,0
170,1560,3,1.75,1.0,7,0
171,2160,3,1.75,1.0,7,0
172,1340,3,1.5,1.5,7,0
173,3880,4,2.5,2.0,10,1
174,2590,4,2.25,2.0,8,1
175,1120,3,2.5,2.0,8,0
176,1970,5,2.75,1.0,7,0
177,1220,3,1.0,1.0,6,0
178,1950,3,1.5,1.0,7,0
179,1350,2,1.0,1.0,7,0
180,1670,3,2.5,2.0,7,0
181,2380,4,3.0,1.5,7,1
182,2440,4,3.0,2.0,7,1
183,1050,2,1.5,2.0,7,0
184,3130,4,2.75,2.0,9,1
185,4090,5,3.0,1.0,10,1
186,1490,4,1.75,1.0,8,0
187,1900,3,2.5,2.0,8,1
188,1330,4,1.0,1.5,6,1
189,2230,3,2.25,1.0,8,1
190,1650,3,1.75,1.0,7,0
191,1190,3,1.0,1.0,6,0
192,2140,3,2.5,1.0,8,1
193,2180,3,2.5,1.0,7,0
194,1060,3,1.0,1.0,7,0
195,1690,3,2.5,2.0,8,0
196,1970,4,2.0,1.5,7,0
197,2150,3,2.5,2.0,8,1
198,1910,3,2.5,2.0,7,0
199,1350,3,1.75,1.0,7,0
200,860,3,1.0,1.0,6,0
201,1940,3,2.5,2.0,8,0
202,1010,3,1.0,1.0,7,1
203,1300,3,1.5,1.0,7,0
204,910,3,1.0,1.0,6,0
205,2480,4,1.75,1.0,9,1
206,2440,3,2.5,2.0,8,1
207,1010,3,1.0,1.0,7,0
208,900,2,0.75,1.0,6,0
209,2300,6,3.0,2.0,7,1
210,1550,4,2.25,2.0,8,0
211,1270,3,2.25,2.0,8,1
212,2240,4,2.5,1.0,9,1
213,2714,3,2.5,2.0,9,1
214,1720,4,2.75,2.0,8,1
215,850,2,1.0,1.0,6,0
216,3300,5,3.0,1.0,9,1
217,2250,3,2.5,2.0,8,0
218,3900,2,2.25,1.0,8,1
219,1320,2,1.5,1.0,8,1
220,2760,4,2.5,2.0,10,1
221,1750,3,2.0,1.0,7,0
222,2330,4,2.25,2.0,8,1
223,2220,3,2.25,1.0,8,0
224,2020,3,2.25,2.0,7,0
225,1250,3,2.25,1.0,7,0
226,1510,2,2.0,1.0,8,1
227,1720,4,2.25,1.0,7,0
228,1430,3,1.0,1.0,7,0
229,1480,3,2.5,2.0,7,1
230,1450,2,1.75,2.0,7,1
231,2280,4,2.75,1.0,7,1
232,2940,6,2.75,1.0,8,0
233,1000,2,1.0,1.0,6,0
234,2480,3,1.5,1.5,7,1
235,3760,5,4.0,2.0,10,1
236,2220,3,2.0,1.0,7,0
237,1970,4,1.0,1.5,7,0
238,3830,3,3.5,2.0,10,1
239,4410,6,2.5,1.0,9,1
240,1430,3,1.75,1.0,7,0
241,830,2,1.0,1.0,6,0
242,1430,2,1.0,1.5,7,1
243,1300,3,1.0,1.0,6,0
244,1030,2,1.0,1.0,7,1
245,2740,3,2.5,2.0,9,0
246,3650,4,2.5,1.0,9,1
247,720,2,1.5,1.0,6,0
248,2010,4,2.0,1.0,7,0
249,1560,3,1.75,1.0,6,1
250,1810,3,2.0,1.0,7,0
251,3360,4,2.5,2.0,9,1
252,1510,3,2.25,2.0,8,0
253,1400,3,1.0,1.0,7,0
254,1730,3,2.5,2.0,7,0
255,1420,2,2.0,1.5,7,1
256,2360,4,1.75,1.0,7,0
257,1580,3,1.75,1.0,7,0
258,1230,3,1.0,1.0,7,0
259,2460,4,2.5,2.0,8,1
260,1660,3,1.0,1.5,8,1
261,1270,3,1.75,1.0,7,0
262,2100,3,2.25,2.0,10,1
263,770,2,1.0,1.0,5,0
264,760,1,0.75,1.0,5,0
265,1700,4,2.5,2.0,7,0
266,1120,3,1.0,1.0,7,0
267,1070,2,1.0,1.0,7,0
268,2070,3,2.5,1.0,8,0
269,5050,4,3.25,1.5,11,1
270,5310,4,4.75,2.0,11,1
271,1040,2,1.0,1.0,7,0
272,1700,3,1.0,1.0,7,0
273,1300,3,1.0,1.0,7,0
274,1080,3,1.75,1.0,7,0
275,2653,3,2.5,2.0,8,0
276,2290,3,2.0,1.0,8,0
277,3820,4,2.75,2.0,9,1
278,2210,4,2.5,1.0,8,1
279,2390,3,1.75,1.0,6,0
280,2600,4,1.75,1.0,7,0
281,860,2,1.0,1.0,6,0
282,3830,5,3.0,2.0,9,1
283,3500,4,2.5,2.0,9,1
284,2420,3,3.0,1.0,8,0
285,2720,4,2.5,2.0,9,0
286,2500,5,2.25,1.0,7,1
287,1670,3,1.75,1.0,7,0
288,2900,5,2.25,1.0,8,1
289,1640,2,1.0,1.0,7,1
290,1890,4,2.5,2.0,7,0
291,2950,4,1.75,1.0,8,1
292,2160,4,2.5,2.0,9,0
293,3280,4,3.0,2.0,8,1
294,1970,3,2.0,2.0,8,1
295,3360,4,2.5,2.0,10,1
296,1320,3,2.0,1.0,7,0
297,2650,3,2.5,2.0,8,0
298,2030,3,1.5,1.0,7,0
299,1590,3,1.75,1.0,7,0
300,4550,4,5.0,1.0,10,1
301,2440,3,2.5,2.0,8,0
302,1940,3,2.5,1.0,7,1
303,2040,3,2.5,2.0,8,0
304,2200,3,2.25,1.0,7,0
305,1920,3,1.75,1.0,8,1
306,1800,4,2.75,1.0,8,1
307,2180,4,2.25,2.0,8,1
308,1010,2,1.0,1.5,6,1
309,3320,4,2.75,2.0,8,1
310,2370,4,2.5,1.5,8,1
311,1660,5,1.75,1.5,6,0
312,3650,5,2.5,2.0,10,1
313,4290,4,3.25,1.0,11,1
314,4290,4,3.25,1.0,11,1
315,1950,4,2.25,1.0,8,0
316,2590,3,2.0,1.0,8,1
317,1930,3,2.5,1.0,8,0
318,1470,2,1.0,1.0,7,1
319,800,4,1.0,1.0,6,0
320,3150,5,2.75,2.0,9,1
321,2030,3,2.25,2.0,8,1
322,1450,3,2.0,1.0,7,0
323,1510,3,1.75,1.0,7,0
324,1240,2,1.0,1.0,6,0
325,1240,2,1.0,1.0,6,0
326,3030,3,2.5,2.0,9,0
327,2050,4,2.0,1.5,9,1
328,1000,3,1.0,1.0,7,0
329,2370,3,2.25,1.0,9,1
330,2800,4,3.5,2.0,9,1
331,2240,6,1.75,2.0,7,0
332,1810,3,2.0,1.0,8,0
333,1070,2,1.0,1.0,7,1
334,2490,4,2.0,2.0,9,1
335,1960,4,2.5,2.0,7,0
336,2930,3,2.75,1.0,9,1
337,1510,4,2.0,1.5,7,1
338,1420,3,1.75,1.0,7,0
339,1740,3,1.75,1.0,7,0
340,2560,4,1.75,2.0,7,1
341,3040,4,3.5,2.0,9,1
342,2500,3,1.75,1.0,8,0
343,1275,4,1.75,1.0,6,0
344,2580,4,2.5,2.0,8,1
345,1000,4,1.0,1.0,6,0
346,1000,4,1.0,1.0,6,0
347,1070,2,1.0,1.0,6,0
348,1390,3,2.0,1.0,7,0
349,2500,4,1.75,1.0,7,0
350,560,1,0.75,1.0,4,0
351,2270,4,2.75,2.0,9,1
352,1900,3,1.0,1.0,7,0
353,990,2,1.0,1.0,7,0
354,1550,4,1.5,1.0,7,0
355,2200,4,1.75,1.0,7,0
356,1910,4,2.5,2.0,7,0
357,1750,4,1.0,1.5,7,0
358,1330,3,1.0,1.0,7,1
359,2440,3,2.5,2.0,9,1
360,1640,3,2.5,2.0,7,1
361,2760,5,2.5,2.0,9,0
362,1820,4,2.5,2.0,7,0
363,2110,3,2.5,1.0,8,1
364,3040,5,2.5,1.0,8,1
365,1840,3,2.0,2.0,7,1
366,2990,4,2.5,2.0,9,1
367,3520,4,2.5,2.0,10,1
368,2440,4,2.75,1.0,8,1
369,2090,4,3.0,1.0,7,0
370,1430,3,2.25,2.0,7,0
371,2180,4,2.25,1.0,7,0
372,2180,4,2.25,1.0,7,1
373,3450,5,3.0,2.0,9,0
374,1450,3,2.25,2.0,7,0
375,3230,4,2.5,2.0,10,1
376,1640,3,1.75,1.0,7,0
377,1590,3,3.0,1.0,7,0
378,2020,4,2.0,2.0,7,1
379,1300,3,1.5,1.5,7,0
380,1380,2,1.5,1.0,6,0
381,4040,3,3.0,2.0,10,1
382,2130,4,2.25,2.0,7,0
383,2550,4,2.25,1.0,8,1
384,4800,5,3.5,2.0,11,1
385,2510,4,2.25,2.0,8,1
386,1410,3,2.0,1.0,7,0
387,1650,3,2.0,1.0,7,0
388,2120,4,2.5,2.0,8,0
389,2040,4,1.5,1.0,7,0
390,1550,4,1.0,1.5,7,0
391,1980,3,2.75,2.0,9,1
392,1600,3,2.5,2.0,8,0
393,3300,4,2.75,2.0,8,1
394,3840,4,2.5,2.0,10,1
395,1220,2,1.0,1.0,7,0
396,2720,5,2.25,1.0,7,1
397,1940,4,2.0,1.0,8,0
398,2160,3,2.5,1.5,7,0
399,1530,4,1.75,1.5,7,0
400,1710,3,3.5,2.0,8,1
401,3730,4,1.75,1.0,7,0
402,940,2,1.0,1.0,7,0
403,1750,3,2.5,2.0,8,0
404,1820,4,2.5,2.0,7,0
405,1510,3,3.25,2.0,9,1
406,1290,3,2.0,3.0,8,0
407,1570,3,2.0,1.0,7,0
408,1930,4,2.5,2.0,8,0
409,2840,4,3.5,1.0,10,1
410,1550,3,2.5,2.0,7,0
411,833,2,1.0,1.0,5,1
412,2990,3,2.5,2.0,8,1
413,2000,3,2.5,2.0,9,1
414,2390,4,1.5,1.5,7,0
415,2910,3,1.75,1.0,7,1
416,2085,4,1.75,1.0,7,1
417,2200,4,2.25,1.0,7,0
418,1860,3,2.25,2.0,8,0
419,6070,5,4.25,2.0,12,1
420,950,2,1.0,1.0,7,1
421,1600,3,1.75,1.0,7,1
422,2250,3,2.5,2.0,8,1
423,2280,3,2.5,2.0,8,0
424,940,2,1.0,1.0,7,0
425,1530,3,2.5,1.0,7,0
426,2190,5,1.75,1.0,7,0
427,2350,3,2.0,1.0,8,1
428,1440,4,2.0,1.0,7,0
429,2200,3,2.5,2.0,8,0
430,2290,4,3.0,2.0,9,0
431,4040,4,3.0,2.0,11,1
432,2610,4,2.5,1.5,8,1
433,1490,3,2.5,2.0,7,0
434,2450,4,2.5,2.0,8,1
435,1710,4,2.5,1.0,9,1
436,4870,5,2.5,2.0,10,1
437,3130,3,2.5,2.0,10,1
438,1270,2,2.0,3.0,8,0
439,2120,3,1.75,1.0,8,1
440,1670,3,1.5,1.0,7,0
441,2070,3,2.25,2.0,7,0
442,1420,2,1.0,1.0,8,1
443,1250,3,1.5,1.0,6,0
444,940,3,1.0,1.0,7,0
445,1920,3,1.75,1.0,7,0
446,3545,3,2.5,1.0,10,1
447,1260,3,2.0,1.0,7,1
448,2340,5,2.5,1.0,7,1
449,2590,3,2.25,1.0,8,1
450,3970,3,4.5,2.0,10,1
451,1220,3,1.75,1.0,7,0
452,1400,3,1.0,1.0,6,0
453,2360,3,2.75,1.0,8,1
454,1870,3,1.75,1.0,8,1
455,2830,3,2.5,2.0,9,1
456,2260,3,2.5,2.0,8,1
457,1970,3,3.0,2.0,9,1
458,3140,4,2.5,1.0,9,1
459,1240,3,1.75,1.0,7,0
460,3450,4,3.5,2.0,10,1
461,2570,3,2.25,2.0,8,0
462,1510,3,2.0,2.0,7,0
463,2390,4,2.25,2.0,9,0
464,980,3,1.0,1.0,6,0
465,1480,3,1.75,1.0,7,1
466,1850,4,2.5,2.0,8,0
467,2270,3,2.0,1.0,7,0
468,1810,3,2.5,2.0,8,0
469,1610,2,2.0,2.0,6,0
470,3840,3,4.25,2.0,10,1
471,4110,4,2.75,2.0,9,1
472,4190,4,3.25,2.0,11,1
473,3390,4,2.75,2.0,9,1
474,1890,4,2.25,2.0,7,1
475,1610,3,2.5,2.0,9,1
476,1050,3,1.5,1.0,7,0
477,630,2,1.0,1.0,5,0
478,2910,4,2.75,1.0,8,1
479,1700,4,1.75,1.0,7,0
480,1950,3,2.5,2.0,9,0
481,2990,3,3.0,2.0,8,1
482,1350,3,1.5,1.0,7,1
483,4860,4,3.25,2.5,9,1
484,2160,4,2.5,1.0,8,0
485,4860,6,3.5,2.0,11,1
486,890,2,2.0,1.0,6,0
487,2810,4,2.75,2.0,9,1
488,3400,5,2.5,2.0,8,1
489,1580,4,1.5,1.0,7,1
490,1680,3,2.0,1.0,7,0
491,1300,3,1.75,1.0,7,0
492,2820,5,2.5,2.0,7,1
493,1510,3,2.0,1.0,7,0
494,1230,2,2.5,2.0,8,1
495,2110,4,2.0,2.0,9,1
496,3080,3,2.75,1.0,7,0
497,1490,2,1.5,1.5,7,1
498,2120,3,2.5,2.0,7,0
499,3180,4,2.5,2.0,9,1
500,1490,2,1.0,1.0,7,1
501,1930,3,2.0,1.0,8,0
502,2770,4,2.5,2.0,10,1
503,1670,3,1.5,1.0,7,0
504,1330,2,1.75,1.0,7,0
505,1210,3,1.0,1.5,7,1
506,1190,3,1.0,1.0,7,0
507,1540,2,1.0,1.0,7,1
508,4030,4,3.75,2.0,10,1
509,2430,4,1.75,1.0,8,1
510,2600,4,2.5,2.0,8,1
511,4410,5,3.5,2.0,9,1
512,1330,4,1.0,1.5,7,0
513,1900,3,1.75,1.0,7,1
514,1100,2,1.0,1.0,7,0
515,1980,3,1.0,1.5,6,0
516,2400,3,2.5,2.0,9,1
517,4760,4,2.25,2.5,9,1
518,3180,4,3.25,2.0,10,1
519,1190,3,1.0,1.0,6,0
520,630,2,1.0,1.0,6,0
521,2530,5,3.0,1.0,8,1
522,1690,4,1.5,1.0,5,0
523,940,2,1.0,1.0,6,0
524,1240,2,2.0,1.0,7,1
525,3040,4,2.5,2.0,7,1
526,6050,6,5.0,2.0,11,1
527,1590,4,1.0,1.5,6,0
528,2500,3,1.75,1.0,9,1
529,1780,3,2.5,1.0,7,0
530,1360,2,1.5,2.0,7,0
531,4740,4,3.25,2.0,10,1
532,1010,3,1.5,1.0,7,0
533,1040,3,1.0,1.0,6,0
534,1610,3,2.25,2.0,7,0
535,1570,4,1.75,1.0,7,1
536,1510,2,2.0,1.0,7,1
537,1360,3,2.0,1.0,7,0
538,1970,4,2.5,2.0,8,0
539,5403,3,2.5,2.0,12,1
540,1560,4,2.5,2.0,7,0
541,2320,4,1.75,1.0,8,0
542,2120,3,2.25,1.0,8,1
543,2120,3,2.25,2.0,8,0
544,3350,4,2.5,2.0,11,1
545,2380,4,2.5,2.0,10,1
546,1070,2,2.0,2.0,9,0
547,2300,4,2.75,1.0,7,0
548,1320,2,1.0,1.0,6,0
549,2180,3,1.75,1.0,7,1
550,4380,3,3.0,2.0,10,1
551,1790,3,1.75,2.0,7,1
552,750,2,1.0,1.0,6,0
553,1300,3,1.5,1.0,7,0
554,2990,4,2.5,2.0,9,1
555,4640,7,3.5,2.0,11,1
556,1400,4,1.0,1.5,7,0
557,2750,6,1.75,2.0,8,1
558,2050,4,2.5,2.0,7,0
559,2230,4,3.0,1.0,7,1
560,2340,4,2.25,1.0,8,0
561,2870,3,2.5,2.0,9,1
562,4120,4,2.5,2.0,10,1
563,2080,3,1.75,1.0,7,1
564,1840,3,2.5,2.0,7,0
565,1180,3,1.0,1.5,6,0
566,2160,5,2.75,1.5,7,1
567,1180,3,1.0,1.5,8,1
568,1160,2,0.75,1.0,6,0
569,1830,4,2.5,2.0,7,0
570,3200,4,4.0,2.0,10,1
571,2560,5,3.0,1.5,7,0
572,2550,5,2.75,1.5,8,1
573,1330,3,1.75,1.0,7,0
574,1220,2,1.0,1.0,7,0
575,1805,3,2.5,2.0,7,0
576,6050,4,4.0,2.5,9,1
577,2320,4,2.5,2.0,8,1
578,1384,3,1.0,1.0,6,0
579,2720,3,2.5,2.0,9,1
580,1820,3,1.5,1.0,7,0
581,2130,2,2.25,1.5,7,1
582,2060,4,2.25,2.0,7,0
583,1420,4,1.75,1.0,7,0
584,1510,3,1.75,1.0,7,0
585,2160,3,2.5,1.5,8,1
586,3180,3,2.5,2.0,11,1
587,2110,3,2.25,2.0,8,0
588,2060,3,2.0,1.5,8,1
589,1830,3,1.5,1.0,7,1
590,1820,3,1.75,1.0,7,0
591,1610,3,2.5,2.0,8,0
592,1780,4,2.5,2.0,7,0
593,1840,4,2.5,2.0,7,0
594,1460,3,1.75,1.0,7,0
595,1400,2,2.5,2.0,8,0
596,3370,3,2.5,2.0,9,1
597,3590,4,3.0,2.0,9,1
598,3200,4,2.25,2.0,9,1
599,1670,2,1.75,1.0,8,1
600,2420,4,2.0,1.0,9,0
601,1430,3,1.75,2.0,7,0
602,1440,3,1.75,1.0,7,1
603,1450,3,2.25,2.0,7,0
604,3550,4,2.75,1.0,8,1
605,1270,2,3.0,2.0,8,1
606,940,2,1.0,1.0,7,0
607,1670,3,2.0,1.0,7,0
608,3100,4,3.5,2.0,8,1
609,1100,2,2.5,3.0,7,0
610,1870,3,2.0,1.0,8,1
611,1930,3,2.5,2.0,8,1
612,2540,3,2.75,2.0,9,1
613,1280,3,1.75,1.5,7,0
614,1820,3,2.25,1.0,7,0
615,1490,3,2.25,2.0,7,1
616,1880,3,2.5,2.0,8,1
617,1250,3,1.0,1.0,7,0
618,1440,3,2.0,1.0,8,0
619,1920,3,2.5,2.0,7,0
620,2060,3,2.5,1.0,7,1
621,1210,3,1.5,1.0,7,0
622,1760,2,1.75,1.0,7,1
623,990,3,1.0,1.0,6,0
624,960,3,1.0,1.0,6,0
625,1660,3,2.5,3.0,9,1
626,1900,3,1.75,1.0,8,1
627,1270,3,2.25,1.0,7,1
628,3250,4,2.25,2.0,9,1
629,960,3,1.0,1.0,6,0
630,1330,2,1.75,1.0,7,1
631,2080,3,1.75,1.0,7,0
632,2690,3,2.5,1.0,8,1
633,890,2,1.0,1.0,7,1
634,1070,3,1.75,1.0,7,0
635,1200,3,1.0,1.0,6,0
636,1360,3,1.5,2.0,7,0
637,2050,3,2.0,1.0,8,0
638,3000,3,1.5,2.0,9,1
639,1300,2,2.0,1.0,7,0
640,2250,4,2.5,1.0,7,0
641,3740,5,2.75,1.0,8,1
642,1660,3,2.5,3.0,9,1
643,2360,3,2.5,2.0,7,0
644,1760,3,1.75,1.0,7,0
645,1680,3,1.75,1.5,7,1
646,1320,3,1.75,1.0,7,1
647,870,1,1.0,1.0,6,0
648,1260,4,1.0,1.5,6,0
649,1000,3,1.0,1.0,6,0
650,2020,4,1.75,1.0,8,1
651,1920,3,1.0,1.0,7,0
652,2150,3,2.0,1.5,7,1
653,1470,3,2.5,2.0,7,0
654,3180,3,2.5,2.0,10,1
655,3930,3,2.5,1.0,8,1
656,990,3,1.0,1.0,6,1
657,2770,4,3.5,2.0,8,1
658,1250,3,1.5,1.0,7,1
659,1140,3,1.75,1.0,7,0
660,2250,4,2.5,1.0,7,1
661,1640,3,2.5,2.0,7,1
662,1255,3,1.5,3.0,7,0
663,1290,3,1.0,1.0,7,0
664,1300,3,1.75,1.0,7,0
665,1220,3,1.5,3.0,8,0
666,2630,4,2.5,3.0,8,1
667,1950,3,1.5,1.0,8,0
668,3160,4,3.25,2.0,9,1
669,1550,3,1.75,1.0,7,1
670,1700,4,2.5,1.0,7,0
671,2510,4,2.75,1.0,8,1
672,1800,4,1.75,2.0,8,1
673,1800,3,1.75,1.0,8,0
674,1870,3,2.25,1.0,7,1
675,1010,2,1.0,1.0,7,0
676,1120,2,1.5,1.0,6,0
677,2090,3,1.0,1.0,8,1
678,4370,4,3.5,2.0,11,1
679,1440,3,2.0,1.0,7,0
680,2580,4,3.0,2.0,8,1
681,3190,4,2.5,2.0,10,1
682,2380,4,3.5,2.0,7,0
683,1420,4,1.0,1.5,7,0
684,2990,5,2.75,2.0,9,1
685,2680,3,2.5,2.0,8,0
686,2730,4,2.5,2.0,7,1
687,1220,3,1.0,1.0,6,0
688,1500,3,1.0,1.0,7,0
689,1830,3,1.75,1.0,8,0
690,4570,5,2.5,2.0,10,1
691,2470,4,2.25,2.0,8,0
692,800,2,1.0,1.0,6,0
693,2900,4,2.5,2.0,9,1
694,1410,3,2.0,1.0,7,0
695,2830,5,2.5,1.0,8,1
696,1680,4,1.75,1.0,7,0
697,1760,3,1.75,1.0,7,0
698,2240,4,2.25,2.0,8,1
699,1380,2,1.0,1.5,5,1
700,820,2,1.0,1.0,6,0
701,2180,4,2.0,1.0,6,1
702,1400,4,2.0,1.0,7,1
703,880,2,1.0,1.0,5,0
704,1060,2,1.0,1.0,6,0
705,1530,3,1.75,1.0,7,0
706,2480,4,1.75,1.0,8,1
707,1490,3,1.75,1.0,6,0
708,3660,3,2.5,2.0,9,1
709,2340,4,2.5,2.0,8,0
710,1450,3,1.75,1.0,7,0
711,2210,4,2.5,2.0,9,1
712,1130,4,1.0,1.0,7,0
713,1550,5,1.75,1.0,7,0
714,1710,4,1.75,1.0,7,0
715,1010,3,1.5,1.0,7,0
716,2660,6,2.25,2.0,7,1
717,2660,6,2.25,2.0,7,1
718,1300,3,2.0,1.0,7,0
719,1670,3,2.5,2.0,7,0
720,960,2,1.0,1.0,7,1
721,4670,4,3.25,2.0,12,1
722,2140,3,2.5,2.0,8,1
723,2520,5,3.0,1.0,8,0
724,1650,3,1.5,1.0,7,0
725,1440,2,1.75,1.0,8,0
726,1050,2,1.0,1.0,7,0
727,1470,3,1.75,1.0,7,0
728,4230,4,2.25,2.0,11,1
729,1970,3,1.75,1.0,8,1
730,1540,3,2.25,2.0,7,0
731,2090,3,2.75,2.0,8,0
732,2380,3,2.0,2.0,8,1
733,2156,4,2.5,2.0,9,0
734,2070,4,2.25,2.0,8,0
735,1910,3,1.0,1.0,8,1
736,1920,3,1.75,1.0,8,1
737,3400,3,3.25,2.0,9,1
738,1400,3,2.0,1.0,7,0
739,2210,4,2.5,2.0,8,0
740,1170,2,1.75,1.0,6,1
741,2100,3,2.0,1.0,9,1
742,1160,3,1.0,1.0,7,0
743,1500,3,1.0,1.0,6,0
744,2940,4,2.5,2.0,8,1
745,2010,4,1.75,1.0,7,1
746,2170,3,2.5,2.0,7,0
747,1430,3,1.5,1.0,7,1
748,1510,4,1.5,1.0,7,0
749,1150,3,1.0,1.0,6,0
750,2150,3,1.75,1.0,8,1
751,1370,3,1.0,1.0,7,0
752,2380,2,2.5,1.0,8,1
753,1370,3,1.75,1.0,7,1
754,1600,3,1.75,1.0,7,0
755,3750,5,3.5,1.0,9,1
756,3950,2,2.25,2.0,10,1
757,2400,4,2.25,1.0,9,1
758,2830,5,1.5,2.5,8,0
759,2440,4,2.5,2.0,8,1
760,1190,3,2.25,2.0,8,0
761,1400,3,2.0,1.0,7,0
762,2730,4,2.75,2.0,7,0
763,2390,3,2.75,1.0,7,0
764,2060,3,2.25,2.0,8,1
765,2490,4,2.25,1.0,8,1
766,1100,3,1.75,1.0,7,0
767,2430,4,2.5,1.0,8,1
768,3170,3,2.5,2.0,10,0
769,2640,4,2.5,2.0,8,0
770,1130,3,1.5,1.0,7,0
771,1940,5,2.0,1.5,7,1
772,1100,2,2.0,1.5,7,0
773,1200,3,1.0,1.0,7,0
774,2000,3,2.25,1.0,8,0
775,1890,3,2.5,2.0,8,0
776,1910,4,2.0,1.0,7,1
777,2710,4,2.5,2.0,9,0
778,4860,5,4.25,1.5,10,1
779,1250,3,1.0,1.0,7,0
780,1590,3,1.75,1.5,6,0
781,1240,3,1.5,2.0,8,0
782,2000,4,1.0,2.0,7,1
783,3610,6,2.75,1.5,8,1
784,1930,5,1.75,1.0,8,0
785,1280,2,1.0,1.0,7,1
786,2090,4,2.0,1.0,7,1
787,1940,3,1.5,1.0,7,0
788,1800,3,2.5,2.0,7,0
789,1730,3,1.75,1.0,7,1
790,2810,4,2.5,2.0,9,1
791,3550,4,3.5,1.0,11,1
792,1330,4,1.0,1.5,6,0
793,750,2,1.0,1.0,6,0
794,1760,4,1.0,1.0,7,0
795,3200,4,2.5,2.0,9,1
796,1740,4,2.0,1.0,8,1
797,2100,3,2.5,2.0,8,1
798,4270,4,3.5,1.0,12,1
799,1340,3,2.0,1.5,7,1
800,3190,4,2.5,1.0,9,1
801,1630,3,2.5,2.0,8,0
802,2990,5,2.5,2.0,9,1
803,1550,4,1.0,1.5,6,0
804,1690,3,2.25,2.0,8,1
805,1960,4,2.25,2.0,8,0
806,2390,3,2.75,1.0,8,1
807,2600,3,2.5,2.0,7,1
808,1950,3,2.0,1.0,8,0
809,1250,3,1.0,1.0,7,0
810,1180,2,2.25,2.0,8,0
811,1680,3,2.5,2.0,7,0
812,2220,4,2.25,2.0,9,1
813,4890,4,4.25,2.0,11,1
814,2660,3,3.25,2.5,8,0
815,1150,3,1.5,2.0,7,0
816,1130,2,2.0,1.0,6,0
817,2760,5,2.75,2.0,9,1
818,1430,3,2.0,1.0,7,0
819,1490,3,1.0,1.5,5,0
820,2030,4,2.5,2.0,8,0
821,3010,3,2.0,2.0,9,1
822,1810,3,1.0,1.0,7,0
823,1810,3,1.0,1.0,7,0
824,970,3,1.0,1.0,6,0
825,2010,3,1.75,1.5,7,1
826,1300,4,1.0,1.5,6,0
827,1260,3,1.5,1.0,7,1
828,2610,4,2.25,2.0,8,1
829,1910,3,1.75,1.0,8,1
830,1780,3,2.25,2.0,8,0
831,1900,4,2.25,1.0,8,0
832,2450,6,2.25,1.0,7,1
833,1380,3,1.75,1.0,5,0
834,1920,3,1.75,1.0,7,0
835,1350,2,1.75,1.0,8,0
836,1350,2,1.75,1.0,8,0
837,2510,4,1.75,1.0,8,0
838,2470,4,2.5,2.0,8,0
839,1660,4,1.75,1.0,7,0
840,1340,3,1.0,1.0,7,0
841,1620,3,1.0,1.5,7,0
842,2300,3,2.25,2.0,8,0
843,2000,4,3.5,3.0,8,1
844,1640,3,2.25,1.0,8,0
845,1530,4,2.0,1.5,7,1
846,4000,3,1.75,1.0,9,1
847,1610,3,1.75,1.0,7,1
848,2070,3,2.0,1.0,7,0
849,1900,4,2.5,2.0,8,1
850,1050,3,1.0,1.0,7,0
851,1520,3,2.5,2.0,8,0
852,2390,4,1.75,1.0,7,0
853,2400,5,2.75,2.0,8,0
854,1790,4,2.5,2.0,7,0
855,1720,3,2.5,2.0,7,0
856,2980,4,2.75,1.0,8,0
857,1520,3,1.0,1.5,8,0
858,1150,3,1.75,1.0,7,0
859,910,3,1.0,1.0,7,1
860,1650,3,1.75,1.0,8,1
861,2480,3,3.5,2.0,10,1
862,2050,4,2.5,2.0,8,0
863,1420,3,2.25,2.0,7,0
864,3460,3,2.5,2.0,7,1
865,1500,3,2.5,2.0,8,1
866,1320,2,1.0,1.0,7,0
867,2180,5,2.5,1.0,8,0
868,1830,3,1.75,1.0,7,1
869,1620,3,2.25,1.0,7,1
870,2920,3,2.0,1.0,8,1
871,3300,4,2.5,2.0,10,1
872,3060,3,2.25,2.0,10,1
873,1530,3,1.0,1.0,7,0
874,1910,3,2.0,1.0,7,0
875,1020,3,1.0,1.0,7,0
876,1150,3,1.0,1.0,6,0
877,1260,3,1.5,1.0,7,0
878,1920,4,2.0,1.0,6,0
879,1800,4,2.25,1.0,8,0
880,2040,3,1.75,2.0,7,1
881,2200,4,2.5,2.0,8,1
882,3200,5,2.5,1.0,7,1
883,2400,5,3.25,2.0,7,1
884,1140,2,1.5,3.0,7,1
885,1330,3,1.5,1.0,7,0
886,1940,3,2.5,2.0,8,1
887,3000,3,2.5,2.0,9,1
888,1820,4,1.0,1.5,8,1
889,2910,4,2.5,2.0,8,0
890,1090,2,1.0,1.0,6,0
891,1230,3,2.0,2.0,7,0
892,1710,5,2.5,1.5,7,0
893,3160,5,2.5,1.0,9,1
894,2680,3,2.5,2.0,9,1
895,2190,4,2.25,2.0,8,1
896,1260,3,1.75,1.0,7,0
897,2970,4,3.5,2.0,9,1
898,2570,4,2.5,1.5,10,1
899,3810,4,3.5,1.0,9,1
900,1010,1,1.5,2.0,8,0
901,1480,3,2.0,1.0,7,0
902,1250,3,1.75,1.5,7,1
903,1654,3,2.25,2.0,7,0
904,1410,3,1.75,1.0,7,0
905,2160,5,2.75,1.0,7,1
906,1400,3,1.0,1.0,6,0
907,1420,3,1.75,1.0,7,0
908,2500,4,2.25,1.0,8,1
909,1410,3,2.0,1.0,7,0
910,2100,4,1.75,1.0,7,0
911,1750,3,2.5,2.0,8,0
912,2070,3,1.75,1.0,7,1
913,1570,3,3.25,2.0,8,1
914,1920,3,2.5,2.0,8,0
915,1000,2,1.0,1.0,6,0
916,2120,5,1.5,1.5,7,0
917,1440,3,2.0,1.0,7,0
918,1660,3,1.75,2.0,7,0
919,1340,3,1.5,1.0,7,0
920,2380,3,2.25,1.0,9,1
921,1560,3,1.75,1.5,7,1
922,2780,4,2.5,1.0,7,1
923,1860,4,2.5,1.0,7,0
924,2390,3,1.5,2.0,8,0
925,1370,2,2.75,2.0,8,0
926,2570,4,3.0,1.0,7,0
927,1320,3,2.5,2.0,7,0
928,2520,5,2.5,1.0,7,1
929,1250,3,1.0,1.0,6,0
930,1560,3,2.25,1.0,7,0
931,2330,4,2.0,1.5,7,1
932,3660,3,2.0,1.0,9,1
933,2790,4,2.5,2.0,8,0
934,1060,2,1.0,1.0,6,0
935,2020,3,2.5,1.0,7,0
936,1580,3,2.25,1.0,7,0
937,2020,4,3.0,1.5,6,1
938,970,2,1.0,1.0,6,0
939,1490,4,3.0,1.5,7,1
940,4390,5,3.5,2.0,9,1
941,2750,5,2.5,1.5,9,1
942,2150,4,1.5,1.0,7,0
943,1810,4,1.75,1.0,7,0
944,2230,3,3.0,2.0,9,1
945,2430,3,1.0,1.0,7,0
946,3680,3,2.5,2.0,10,1
947,1410,5,1.0,1.5,6,0
948,1330,3,1.75,1.0,8,1
949,1490,3,1.0,1.0,7,1
950,2020,3,2.5,3.0,8,1
951,3130,4,2.5,2.0,10,1
952,2670,4,3.0,2.0,7,1
953,1980,4,1.0,1.5,7,1
954,2100,3,1.75,1.0,7,0
955,1350,3,1.0,1.0,6,0
956,2140,4,1.5,1.0,7,0
957,2208,4,2.0,3.0,8,1
958,1010,3,2.0,1.0,7,0
959,970,2,1.0,1.0,7,0
960,1520,4,2.0,1.5,6,0
961,2740,4,2.5,2.0,9,1
962,1570,3,1.75,1.0,7,0
963,1320,3,1.0,1.0,7,0
964,2550,4,2.75,1.0,8,1
965,1560,3,1.75,1.0,7,0
966,2360,4,2.25,2.0,8,1
967,1330,3,1.75,2.0,7,1
968,1070,3,1.0,1.0,7,0
969,1510,3,1.25,1.0,6,0
970,1710,3,2.5,2.0,8,1
971,2790,4,2.75,2.0,10,1
972,2620,4,2.5,2.0,9,1
973,2970,5,2.5,1.0,8,1
974,1050,3,1.75,1.0,7,0
975,1280,3,1.0,1.0,7,0
976,1030,3,1.0,1.0,7,0
977,1900,3,2.25,1.0,8,0
978,3070,5,3.0,1.0,9,1
979,1760,2,2.75,2.0,8,0
980,930,2,1.0,1.0,7,0
981,880,2,1.0,1.0,6,0
982,1360,3,2.5,3.0,7,1
983,2130,4,2.75,1.0,7,0
984,1480,3,1.0,1.5,6,0
985,1500,4,1.0,1.5,7,0
986,1670,3,2.25,2.0,8,1
987,2060,4,1.75,1.0,8,1
988,2160,4,2.5,1.0,8,1
989,2780,4,2.0,1.0,8,1
990,1490,3,2.0,1.0,7,0
991,740,2,1.0,1.0,6,0
992,1860,4,2.5,2.0,7,0
993,1590,2,2.75,1.5,5,0
994,850,2,1.0,1.0,7,1
995,1030,2,1.0,1.0,8,0
996,1850,3,2.0,1.0,8,0
997,1830,4,2.0,2.0,8,1
998,1560,3,2.0,1.0,7,0
999,1730,4,1.75,1.0,7,0
1000,1930,3,2.5,2.0,8,1
1001,1422,3,2.25,2.0,7,0
1002,1380,3,2.0,1.5,7,1
1003,2430,3,2.5,2.0,8,1
1004,2610,4,2.5,2.0,9,0
1005,2000,3,2.25,2.0,8,1
1006,920,2,1.0,1.0,6,0
1007,1750,4,1.75,1.5,7,1
1008,2020,3,1.75,1.0,7,1
1009,2460,4,2.25,1.0,9,1
1010,1780,4,3.0,1.0,8,1
1011,1080,2,1.0,1.0,7,0
1012,1250,3,1.0,1.0,7,0
1013,1870,4,2.25,2.0,7,1
1014,1700,3,1.75,1.0,8,1
1015,1480,4,1.5,1.0,6,0
1016,1930,4,2.5,2.0,8,0
1017,3130,4,2.75,2.0,10,1
1018,1370,3,2.25,2.0,7,0
1019,960,3,1.75,1.0,7,0
1020,1260,3,1.75,1.0,7,0
1021,1480,3,1.5,1.0,7,0
1022,1930,4,2.5,2.0,7,0
1023,870,2,1.0,1.5,6,0
1024,1300,4,1.0,1.5,7,0
1025,1490,3,1.75,1.0,7,0
1026,1380,2,1.0,1.0,8,1
1027,1190,4,2.0,1.5,7,1
1028,4250,4,4.25,2.0,10,1
1029,1920,2,2.0,1.0,8,1
1030,2080,3,1.75,1.0,6,0
1031,3220,3,2.5,2.0,9,1
1032,3680,4,3.0,1.0,10,1
1033,2070,5,2.5,1.0,7,0
1034,1480,3,1.75,2.0,7,0
1035,2000,4,2.5,2.0,8,0
1036,1560,3,2.5,2.0,8,1
1037,1600,2,1.0,1.0,7,0
1038,1940,4,2.5,1.0,7,1
1039,1540,3,1.75,1.0,7,1
1040,820,2,1.0,1.0,6,0
1041,1780,3,2.25,1.0,7,1
1042,1560,3,1.75,1.0,7,1
1043,2210,4,2.25,1.0,8,1
1044,2040,2,1.75,1.0,7,1
1045,1920,3,2.25,1.0,8,1
1046,1930,3,1.75,1.0,9,1
1047,1700,3,2.0,1.0,6,0
1048,3450,4,3.25,2.0,8,1
1049,3440,4,3.25,2.0,10,1
1050,2380,4,2.5,2.0,10,1
1051,2400,4,2.25,1.5,7,1
1052,5670,4,4.5,2.0,11,1
1053,1140,3,1.0,1.0,7,0
1054,1670,3,1.75,1.0,7,1
1055,1910,4,2.25,1.0,8,1
1056,1560,3,1.75,1.0,8,0
1057,1500,2,1.75,1.0,7,0
1058,4475,5,3.25,2.0,9,1
1059,2840,4,2.75,1.0,9,1
1060,1020,3,1.0,1.0,7,0
1061,1410,3,1.5,1.0,7,0
1062,1520,3,1.0,1.5,8,1
1063,730,1,1.0,1.0,4,0
1064,1190,3,1.0,1.0,7,0
1065,1410,3,2.25,2.0,7,0
1066,1240,2,1.0,1.0,7,1
1067,2500,5,2.5,1.0,8,1
1068,1050,3,1.0,1.5,7,0
1069,2680,4,2.75,1.0,9,1
1070,2380,3,2.5,1.0,9,1
1071,1060,2,1.0,1.0,7,1
1072,2300,3,1.75,1.0,8,0
1073,2010,4,3.0,1.0,7,0
1074,1090,2,1.0,1.0,7,0
1075,2320,4,1.75,1.0,7,1
1076,1040,3,1.0,1.0,6,0
1077,1810,4,2.75,1.5,7,0
1078,1150,2,1.0,1.0,6,1
1079,2360,3,2.5,1.0,9,1
1080,1970,3,1.5,1.5,8,1
1081,2690,4,3.0,1.0,8,1
1082,2080,4,2.5,1.0,7,0
1083,2080,4,2.5,1.0,7,1
1084,1370,3,1.5,1.0,7,0
1085,3410,3,2.75,1.5,8,1
1086,1850,4,2.0,1.0,8,0
1087,3010,5,2.75,2.0,10,1
1088,1530,3,2.25,2.0,7,0
1089,2690,5,1.75,1.0,7,1
1090,2810,4,1.5,1.0,8,1
1091,1810,3,1.75,1.0,7,0
1092,1560,3,2.5,2.0,7,0
1093,1010,3,1.0,1.0,6,0
1094,1000,2,1.75,1.0,6,1
1095,990,2,1.5,3.0,7,0
1096,720,2,1.0,1.0,5,0
1097,6070,5,4.5,2.0,11,1
1098,2270,5,2.0,2.0,7,1
1099,1380,2,2.5,2.0,7,0
1100,1260,3,1.0,1.0,6,0
1101,2910,4,2.5,2.0,9,1
1102,1810,3,2.0,1.0,7,1
1103,3160,4,2.5,2.0,9,1
1104,1910,2,2.75,3.0,9,1
1105,1230,3,1.0,1.0,6,0
1106,2960,4,2.5,2.0,9,0
1107,2200,3,2.25,2.0,8,0
1108,1270,2,1.5,1.0,7,0
1109,2540,4,2.5,2.0,9,0
1110,3030,4,3.25,2.0,8,1
1111,1520,3,1.75,1.0,7,1
1112,1560,4,2.5,2.0,7,0
1113,970,2,1.0,1.0,7,1
1114,3570,5,3.75,2.0,9,1
1115,1350,3,1.0,1.0,6,0
1116,3710,4,3.5,2.0,8,1
1117,1430,4,1.0,1.5,7,0
1118,940,3,1.0,1.0,6,0
1119,4300,5,4.5,2.0,10,1
1120,3990,4,1.75,2.0,11,1
1121,1380,3,1.0,1.5,7,1
1122,2020,4,1.75,1.0,7,0
1123,1480,3,1.0,1.0,6,0
1124,1190,2,1.0,1.0,5,0
1125,2550,5,1.5,1.0,7,0
1126,2550,5,1.5,1.0,7,0
1127,1500,3,1.5,1.0,7,0
1128,3000,3,2.5,1.0,8,1
1129,1690,3,1.0,1.0,7,0
1130,4390,4,4.0,1.0,11,1
1131,1560,3,2.5,2.0,7,0
1132,2940,7,3.0,1.0,8,0
1133,1130,3,1.0,1.0,7,0
1134,1020,3,1.0,1.0,6,0
1135,1310,2,2.0,2.0,6,0
1136,2570,3,2.5,2.0,9,1
1137,2020,4,2.0,1.0,8,1
1138,1680,5,2.0,1.0,5,0
1139,1770,4,2.0,1.5,7,1
1140,3190,4,2.75,2.0,10,1
1141,1440,4,2.0,1.0,6,0
1142,1150,3,2.0,1.0,7,0
1143,1860,3,2.5,2.0,8,1
1144,2430,4,2.5,2.0,8,1
1145,1940,3,2.5,1.5,7,1
1146,880,2,1.0,1.0,7,1
1147,1930,4,2.5,1.0,7,0
1148,3120,4,2.75,1.0,8,1
1149,1830,3,2.5,2.0,8,0
1150,3230,4,2.5,2.0,10,1
1151,700,2,1.0,1.0,6,0
1152,1010,3,1.75,1.0,7,0
1153,2460,4,1.75,1.0,7,1
1154,2230,4,2.5,2.0,8,0
1155,1570,3,2.5,2.0,7,0
1156,2390,5,3.5,2.0,7,0
1157,3460,4,3.25,2.0,10,1
1158,2400,6,3.5,2.0,8,0
1159,2940,6,4.5,1.5,8,1
1160,1570,3,1.75,1.0,7,0
1161,1520,3,3.0,1.0,7,1
1162,1070,3,1.0,1.0,7,0
1163,2440,4,2.0,1.0,7,0
1164,2660,4,2.5,2.0,8,1
1165,4460,4,4.0,2.0,11,1
1166,2010,3,2.5,2.0,9,1
1167,1450,3,2.5,2.0,7,0
1168,1400,3,1.75,1.0,7,1
1169,1500,3,2.0,2.0,8,1
1170,2500,3,2.5,2.0,9,1
1171,1280,2,1.75,1.0,7,1
1172,3380,4,3.25,2.0,7,0
1173,2910,4,2.75,1.0,9,1
1174,3060,4,2.5,2.0,9,1
1175,1330,3,1.0,1.0,7,1
1176,3300,4,2.5,2.0,10,1
1177,3250,3,3.5,2.0,10,1
1178,2530,4,2.25,1.0,9,1
1179,1830,3,1.0,1.0,7,0
1180,1170,3,1.0,1.0,6,0
1181,2930,2,2.0,1.0,8,1
1182,1230,2,1.0,1.0,7,0
1183,1620,3,2.5,2.0,8,0
1184,1760,3,1.75,1.0,7,0
1185,1440,4,1.0,1.0,7,0
1186,1740,2,1.0,1.0,6,0
1187,1270,3,1.0,1.5,7,1
1188,880,2,1.0,1.0,6,0
1189,2560,6,2.5,1.0,7,1
1190,1540,5,2.75,1.0,7,0
1191,1150,3,1.75,1.0,7,0
1192,770,2,1.0,1.0,6,0
1193,4610,4,3.75,1.0,10,1
1194,1850,3,2.5,2.0,8,0
1195,1840,3,2.25,1.0,8,1
1196,1490,3,1.75,1.0,6,0
1197,1490,3,1.75,1.0,6,1
1198,960,3,1.0,1.0,7,0
1199,1580,4,2.25,1.0,8,1
1200,1260,3,2.5,3.0,8,1
1201,1940,3,2.0,1.0,7,1
1202,2490,4,1.75,1.0,8,1
1203,2520,5,2.5,1.5,7,0
1204,1760,4,1.75,1.0,7,1
1205,4190,4,2.5,2.0,7,1
1206,1170,3,1.0,1.0,7,1
1207,1600,3,2.5,2.0,7,0
1208,2760,4,2.0,2.0,8,1
1209,2090,3,2.5,2.0,8,1
1210,2320,4,2.5,2.0,7,1
1211,4110,5,3.25,2.0,9,1
1212,770,2,1.0,1.0,7,0
1213,1410,3,1.75,1.0,7,0
1214,3660,4,3.5,2.0,10,1
1215,2180,4,2.5,1.0,7,0
1216,1110,3,1.0,1.0,7,0
1217,2280,3,2.5,2.0,8,0
1218,2820,4,2.5,2.0,9,1
1219,1570,4,2.5,1.0,7,0
1220,1200,3,1.5,1.0,7,0
1221,1710,4,2.0,1.5,7,0
1222,3000,6,3.5,2.0,8,1
1223,2800,4,3.0,2.0,8,1
1224,1640,3,2.25,2.0,7,0
1225,2030,3,2.75,1.0,7,0
1226,2530,4,2.5,2.0,8,0
1227,990,3,1.0,1.0,6,0
1228,790,2,1.0,1.0,6,0
1229,790,2,1.0,1.0,6,0
1230,1800,3,1.75,1.0,6,0
1231,1650,3,1.75,1.0,7,0
1232,1980,4,2.0,2.0,8,1
1233,2340,4,2.75,1.0,7,1
1234,2790,4,2.5,2.0,9,1
1235,2800,7,3.0,1.0,7,0
1236,1840,2,1.0,1.0,6,0
1237,1350,3,1.5,1.0,7,0
1238,3030,4,2.5,3.0,9,1
1239,1980,4,2.5,2.0,8,0
1240,3690,4,2.5,2.0,10,1
1241,3732,5,4.5,2.5,10,1
1242,1510,2,1.75,1.0,8,0
1243,2000,3,1.75,1.0,7,1
1244,1760,3,2.0,1.0,7,0
1245,1270,3,1.0,1.0,7,0
1246,2620,5,2.0,1.0,8,0
1247,2630,5,2.75,1.0,8,1
1248,2270,3,1.75,1.0,8,0
1249,2410,2,2.5,1.0,7,1
1250,1120,3,2.75,3.0,8,0
1251,3030,5,2.75,1.0,7,0
1252,2120,5,2.25,1.5,7,1
1253,1720,4,2.5,2.0,8,0
1254,2150,4,2.5,2.0,9,1
1255,4380,3,4.5,2.0,9,1
1256,2010,3,2.25,2.0,8,1
1257,3150,5,2.5,2.0,8,1
1258,2500,3,2.5,1.0,8,0
1259,1690,3,2.5,2.0,7,1
1260,3300,6,2.5,1.0,8,1
1261,1240,3,2.5,3.0,8,0
1262,2200,3,2.5,2.0,8,0
1263,1620,3,1.75,1.0,7,1
1264,2420,3,2.5,2.0,8,0
1265,2680,4,2.5,1.0,7,1
1266,4250,4,3.25,2.0,9,1
1267,2400,3,2.5,1.0,9,1
1268,2300,3,1.75,1.0,8,0
1269,920,2,2.0,2.0,8,0
1270,2350,4,2.25,2.0,9,1
1271,2630,2,2.5,2.0,8,1
1272,2170,4,3.0,2.0,9,1
1273,1700,3,2.5,2.0,7,0
1274,2470,3,2.5,2.0,7,0
1275,1250,3,1.0,1.0,7,0
1276,3110,3,3.5,1.0,10,1
1277,1530,3,2.0,1.0,7,0
1278,960,2,1.0,1.0,6,0
1279,1240,3,1.0,1.0,7,0
1280,2440,4,2.75,2.0,7,0
1281,2320,3,1.75,1.0,8,0
1282,1580,3,2.25,1.0,8,0
1283,2963,4,2.5,2.0,9,0
1284,2470,3,2.25,2.0,8,0
1285,1370,3,1.5,1.0,6,0
1286,960,2,1.0,1.0,6,0
1287,1130,3,1.0,1.0,7,1
1288,4930,4,4.25,2.0,12,1
1289,1150,3,1.0,1.0,6,0
1290,2190,4,2.5,2.5,8,1
1291,1490,2,1.5,1.0,7,0
1292,2600,3,2.5,1.0,8,1
1293,1530,3,1.75,1.0,7,0
1294,1680,4,2.0,1.0,7,1
1295,1680,3,1.75,1.0,7,0
1296,1900,4,3.0,2.0,7,0
1297,1570,3,1.0,1.0,7,0
1298,1370,3,1.0,1.0,7,0
1299,1350,2,2.0,1.0,8,0
1300,3010,6,2.5,2.0,8,1
1301,1010,3,1.0,1.0,6,0
1302,2050,3,2.5,2.0,8,0
1303,1670,3,1.0,1.0,7,1
1304,3840,5,2.5,2.0,11,1
1305,2220,4,2.0,1.0,7,0
1306,2590,4,2.5,1.0,8,1
1307,1180,3,1.0,1.0,7,0
1308,2950,4,2.5,2.0,7,1
1309,2150,3,2.75,2.0,9,1
1310,2100,4,2.0,1.0,7,1
1311,1650,3,1.75,1.0,7,0
1312,1620,3,1.75,2.5,9,1
1313,1750,4,1.0,1.0,7,0
1314,1380,3,1.5,2.0,7,1
1315,1510,3,1.75,1.0,7,0
1316,1600,3,1.5,1.0,7,0
1317,1840,4,2.5,2.0,8,1
1318,830,2,1.0,1.0,6,0
1319,1810,3,3.5,2.0,8,1
1320,910,2,1.0,1.0,7,0
1321,2120,4,2.0,2.0,9,1
1322,2510,4,2.25,2.0,8,1
1323,2100,5,2.25,1.0,8,1
1324,2690,2,2.25,1.0,8,1
1325,2430,4,2.5,1.0,8,1
1326,2452,4,3.75,2.0,7,0
1327,1550,2,1.75,1.0,7,1
1328,2080,3,2.5,2.0,8,1
1329,1290,3,1.75,1.0,7,1
1330,1850,2,1.75,2.5,7,1
1331,3370,4,2.5,2.0,9,1
1332,2730,4,2.25,2.0,8,0
1333,1300,3,1.75,1.0,7,0
1334,3040,5,2.75,2.0,10,1
1335,2440,4,3.0,1.5,8,1
1336,1720,3,2.25,1.0,8,0
1337,3230,5,3.0,1.5,8,1
1338,1200,3,1.5,2.0,8,1
1339,2350,4,1.75,1.0,8,1
1340,3100,4,3.5,2.0,9,1
1341,2040,4,2.25,1.0,8,0
1342,2000,4,1.0,1.5,7,0
1343,2160,4,2.5,2.5,9,1
1344,1970,3,2.0,1.0,7,0
1345,2270,3,2.5,2.0,8,1
1346,1850,3,2.25,1.0,7,1
1347,1350,2,1.0,1.0,7,0
1348,3280,3,2.5,1.0,10,1
1349,2270,4,2.5,2.0,8,1
1350,2820,4,2.5,2.0,9,1
1351,1200,4,1.0,1.5,7,0
1352,2000,3,1.75,1.0,8,1
1353,2310,3,2.0,2.0,9,1
1354,4640,5,4.25,2.0,8,1
1355,2330,3,2.25,2.0,8,1
1356,3940,3,2.5,2.0,9,1
1357,1440,3,1.0,1.0,7,0
1358,1960,4,1.75,1.0,7,0
1359,1250,2,1.75,1.0,7,0
1360,1981,3,2.5,2.0,8,0
1361,2440,4,2.5,2.0,9,1
1362,1150,4,1.5,1.5,6,0
1363,1120,2,1.0,1.0,6,0
1364,1800,3,1.75,1.0,8,1
1365,2380,4,2.25,2.0,8,0
1366,2920,5,3.0,2.0,8,1
1367,2790,3,2.25,1.0,8,1
1368,1560,3,1.0,1.0,6,0
1369,1550,2,1.0,1.5,7,0
1370,1700,3,2.0,1.0,6,0
1371,640,1,1.0,1.0,5,0
1372,2680,4,3.5,2.0,8,1
1373,1860,3,2.5,2.0,8,1
1374,1490,3,1.75,1.0,7,0
1375,2470,4,2.5,2.0,9,1
1376,2390,4,2.25,1.0,8,1
1377,1230,3,1.0,1.0,7,0
1378,2840,3,1.5,1.0,8,0
1379,2120,3,2.5,2.0,9,1
1380,1770,3,2.0,1.0,8,0
1381,2495,3,2.5,2.0,8,0
1382,1170,1,0.75,1.0,7,0
1383,2740,4,2.5,2.0,8,1
1384,1050,2,1.0,1.0,7,0
1385,1130,2,1.0,1.0,7,0
1386,880,2,1.0,1.0,7,1
1387,2403,4,2.5,2.0,9,1
1388,3410,4,2.75,2.0,9,1
1389,5320,4,4.0,2.0,11,1
1390,1900,4,1.75,1.0,7,1
1391,1810,4,1.75,2.0,7,1
1392,1200,2,2.0,1.0,8,0
1393,2060,4,2.5,2.0,8,0
1394,1250,3,1.75,1.0,7,0
1395,910,2,1.0,1.0,6,0
1396,2560,3,2.25,2.0,10,1
1397,1920,4,2.25,1.0,8,1
1398,2240,4,2.25,2.0,8,0
1399,1260,3,2.5,2.0,8,0
1400,1360,3,1.5,1.0,8,0
1401,2100,4,2.25,2.0,8,0
1402,2110,2,1.0,1.5,7,0
1403,2210,3,1.75,1.0,8,1
1404,2360,3,2.5,2.0,8,1
1405,1280,4,1.5,1.0,6,0
1406,2740,6,3.75,1.0,7,1
1407,2740,4,2.5,2.0,9,1
1408,2630,4,2.0,1.5,7,0
1409,1650,3,2.0,1.0,7,0
1410,1770,2,2.5,2.0,8,1
1411,1500,3,1.0,1.5,7,1
1412,1430,3,1.5,1.0,7,0
1413,3190,4,3.75,2.0,10,1
1414,1280,3,1.0,1.0,7,0
1415,2390,4,2.75,2.0,7,1
1416,4040,4,2.5,1.0,9,1
1417,920,2,1.0,1.0,7,0
1418,2730,4,2.5,2.0,9,1
1419,1320,2,1.5,1.0,7,0
1420,2620,3,2.5,2.0,7,1
1421,3180,4,3.0,2.0,11,1
1422,2900,4,2.5,2.0,8,0
1423,1900,5,2.0,1.5,6,1
1424,1760,3,2.0,1.0,7,1
1425,760,2,1.0,1.0,6,0
1426,3710,4,3.0,2.0,10,1
1427,1530,3,1.0,1.0,7,1
1428,1990,4,1.75,2.0,7,0
1429,3830,5,4.75,1.0,8,1
1430,2040,3,2.0,1.0,7,1
1431,2170,3,1.75,1.0,8,1
1432,1620,3,1.75,1.0,7,1
1433,3600,3,2.5,1.0,9,1
1434,1470,3,1.5,1.0,7,0
1435,1760,3,1.0,1.5,6,0
1436,2230,3,2.25,1.0,8,1
1437,3770,4,3.5,2.0,10,1
1438,1200,3,1.0,1.0,7,0
1439,2090,3,2.5,2.0,9,1
1440,1500,3,2.25,1.0,7,0
1441,870,3,1.0,1.0,6,0
1442,1010,2,1.0,1.0,6,0
1443,1010,2,1.0,1.0,6,0
1444,1860,3,1.75,1.0,7,0
1445,1330,4,2.0,1.0,5,0
1446,1760,3,2.25,2.0,8,1
1447,1800,3,2.25,2.0,7,0
1448,1690,5,2.5,1.5,7,1
1449,660,1,1.0,1.0,6,0
1450,2400,3,2.25,1.5,7,1
1451,3020,3,2.25,2.0,9,1
1452,1500,3,1.0,2.0,7,1
1453,1560,4,2.0,1.0,6,1
1454,1090,3,1.0,1.5,7,0
1455,970,2,1.0,1.0,7,1
1456,3190,3,3.25,2.0,9,1
1457,3190,3,3.25,2.0,9,1
1458,1890,4,1.5,1.0,7,0
1459,1050,3,1.0,1.0,6,0
1460,1390,4,1.5,1.0,7,0
1461,1700,3,2.0,1.0,7,1
1462,1050,3,1.75,1.0,7,0
1463,3340,5,3.0,1.0,9,1
1464,1540,4,2.0,1.0,6,1
1465,1710,3,1.0,1.5,7,1
1466,2100,4,2.25,2.0,8,0
1467,1730,4,1.75,1.0,8,1
1468,1500,3,2.25,2.0,7,0
1469,2380,3,2.5,2.0,9,1
1470,2180,6,3.0,2.0,7,0
1471,1840,4,1.5,2.0,8,1
1472,2341,4,2.5,2.0,9,1
1473,1690,3,2.5,2.0,7,1
1474,2490,3,2.5,2.0,8,1
1475,2440,3,3.0,2.0,9,1
1476,920,3,0.75,1.0,6,1
1477,1030,2,1.0,1.0,6,0
1478,2000,5,2.75,1.0,7,0
1479,4210,4,3.5,2.0,9,1
1480,1610,3,1.5,1.0,7,1
1481,1910,3,2.25,1.0,8,1
1482,2660,4,2.5,2.0,8,0
1483,820,2,1.0,1.0,6,0
1484,1730,3,1.75,1.0,8,1
1485,2360,4,2.25,2.0,8,1
1486,970,3,1.0,1.0,7,0
1487,2460,4,2.5,2.0,8,1
1488,2690,3,2.5,2.0,9,0
1489,1820,3,3.5,2.0,8,1
1490,3470,4,3.0,2.0,9,1
1491,3370,4,2.75,1.0,8,1
1492,1700,3,1.5,1.0,7,0
1493,1340,3,1.0,1.0,7,0
1494,2000,5,2.75,2.0,7,0
1495,3840,6,3.0,1.5,8,1
1496,3890,5,2.5,2.0,10,1
1497,1220,4,2.0,1.5,7,0
1498,2280,3,1.0,1.0,8,1
1499,2770,4,2.5,1.0,7,0
1500,2520,4,2.5,2.0,9,0
1501,3060,4,3.0,2.0,8,0
1502,2390,4,2.5,2.0,9,0
1503,1320,3,1.75,1.0,8,0
1504,2900,5,2.5,1.0,8,0
1505,700,2,1.0,1.0,6,0
1506,2210,3,2.5,2.0,8,0
1507,2180,3,2.25,2.0,9,1
1508,2080,3,2.25,1.5,7,0
1509,2090,4,2.25,1.0,8,1
1510,1720,3,2.0,1.0,7,1
1511,2460,4,2.25,1.0,8,1
1512,1470,3,1.5,1.0,7,0
1513,1650,3,1.75,1.5,8,1
1514,1690,3,2.0,1.0,8,0
1515,970,3,1.0,1.0,6,0
1516,2030,4,2.5,1.0,7,0
1517,2540,4,2.5,1.0,10,1
1518,1570,3,2.25,1.0,7,0
1519,2580,5,2.75,2.0,8,1
1520,2090,5,2.5,1.0,8,1
1521,3260,4,2.5,2.0,9,1
1522,3830,4,3.75,2.0,11,1
1523,2130,3,3.5,2.0,8,1
1524,1690,3,2.5,2.0,8,0
1525,1780,2,2.5,2.0,9,1
1526,1620,4,1.75,1.0,7,1
1527,4210,6,3.75,2.0,9,1
1528,2980,5,3.25,2.5,9,1
1529,1490,3,2.0,1.0,8,0
1530,2110,4,2.5,2.0,8,0
1531,6563,6,3.5,2.0,10,1
1532,1510,3,1.5,1.0,8,0
1533,1830,3,1.75,1.0,8,0
1534,1230,2,1.0,2.0,7,0
1535,2180,3,1.75,1.0,8,1
1536,2220,4,2.25,1.0,8,1
1537,1730,4,2.25,1.0,7,0
1538,1990,4,2.25,1.0,8,0
1539,1540,3,2.75,1.0,7,1
1540,1100,2,1.0,1.0,6,0
1541,1640,4,1.75,1.0,7,0
1542,2590,4,3.0,2.0,8,0
1543,1450,3,2.0,2.0,7,0
1544,1180,3,2.0,1.0,7,0
1545,1820,4,2.5,1.0,7,0
1546,2360,4,2.25,2.0,10,1
1547,1120,3,1.0,1.0,7,0
1548,1646,3,2.25,2.0,7,0
1549,4210,5,3.75,2.0,10,1
1550,2480,3,3.0,1.0,8,1
1551,1590,3,1.5,1.0,8,1
1552,2130,4,2.0,1.5,7,1
1553,1650,3,1.75,1.0,7,0
1554,3090,2,2.5,1.0,10,1
1555,2180,4,2.5,2.0,8,1
1556,1800,3,1.0,1.0,7,1
1557,3720,4,2.5,2.0,10,1
1558,1100,3,1.0,1.0,6,0
1559,1530,3,1.75,1.0,7,0
1560,3010,4,2.5,2.0,9,1
1561,3500,3,3.5,2.0,10,1
1562,3100,5,3.0,2.0,7,1
1563,2000,4,1.5,1.0,7,0
1564,2290,4,1.5,1.0,7,1
1565,2400,4,2.5,1.0,7,1
1566,1850,3,2.5,2.0,8,0
1567,3680,3,3.25,2.0,9,1
1568,1060,3,1.0,1.0,7,0
1569,1060,3,1.0,1.0,7,0
1570,1610,3,1.0,1.5,7,0
1571,2330,3,1.75,1.5,7,1
1572,1210,2,1.0,1.0,8,0
1573,1530,4,1.0,1.0,7,0
1574,2270,4,2.25,1.0,7,0
1575,2590,4,2.0,2.0,10,1
1576,1850,3,1.5,1.0,8,1
1577,1500,3,1.5,1.5,6,0
1578,4740,4,3.25,2.0,11,1
1579,1710,2,1.5,1.0,7,1
1580,1920,3,2.0,1.0,8,0
1581,1150,2,1.0,1.0,7,0
1582,2320,3,2.5,2.0,8,1
1583,1420,4,1.0,1.5,7,1
1584,1550,3,1.75,1.0,7,0
1585,2920,4,2.5,1.0,8,1
1586,1620,3,1.75,1.0,7,1
1587,2300,6,2.75,1.5,9,1
1588,1070,3,1.0,1.0,7,0
1589,1790,3,1.75,1.0,7,0
1590,1510,2,1.5,2.0,8,1
1591,1340,4,1.0,1.5,7,1
1592,3350,4,2.5,2.0,10,1
1593,2500,3,2.5,2.0,10,1
1594,2350,4,2.25,1.0,7,1
1595,2550,4,2.25,2.0,9,1
1596,1320,3,1.75,1.0,7,0
1597,1270,2,2.0,1.0,6,1
1598,3480,5,2.5,1.0,8,1
1599,2820,3,2.25,2.0,8,0
1600,2110,3,2.0,1.5,6,0
1601,1100,3,1.75,1.0,7,0
1602,1920,4,3.0,1.5,8,1
1603,1890,4,2.5,1.0,7,0
1604,2530,3,2.5,2.0,8,1
1605,2550,4,2.5,2.0,7,1
1606,1550,3,1.0,1.5,6,0
1607,1760,3,2.0,1.0,7,0
1608,1270,3,2.0,1.0,7,0
1609,1250,3,2.75,2.0,7,0
1610,1620,3,1.75,1.0,8,1
1611,710,2,1.0,1.0,6,0
1612,1070,3,1.75,1.0,7,0
1613,2320,4,2.25,1.0,8,0
1614,5450,4,3.25,1.5,9,1
1615,1670,4,2.5,2.0,8,1
1616,3010,3,2.75,2.0,10,1
1617,1340,2,1.75,1.0,6,0
1618,790,2,1.0,1.0,7,0
1619,3400,4,3.5,2.5,10,1
1620,1530,2,1.0,1.5,7,1
1621,930,1,1.0,1.0,6,0
1622,1540,3,1.5,1.0,7,0
1623,1990,4,2.0,2.0,9,1
1624,2300,3,1.75,1.0,9,1
1625,1220,3,1.5,1.0,7,0
1626,2380,3,1.75,1.0,8,0
1627,2020,4,2.5,1.0,7,1
1628,1890,3,2.25,1.0,8,0
1629,1330,2,1.75,1.0,7,0
1630,1490,3,1.75,1.0,7,0
1631,3550,5,3.5,2.0,9,1
1632,2040,5,1.75,1.0,7,1
1633,2380,4,2.5,1.0,9,1
1634,1780,3,2.25,1.0,8,0
1635,1650,3,2.5,2.0,7,0
1636,1510,3,1.0,1.0,7,0
1637,1100,2,1.0,1.0,7,1
1638,2190,3,1.75,2.0,8,0
1639,1760,2,1.75,1.5,6,0
1640,1800,4,1.5,1.0,7,0
1641,2000,4,2.0,2.0,6,1
1642,990,3,1.0,1.0,7,0
1643,1480,2,1.5,1.0,7,0
1644,1200,2,1.0,1.0,7,0
1645,3000,1,2.0,2.5,8,0
1646,3504,4,2.5,2.0,7,0
1647,1300,3,1.5,1.0,7,0
1648,1330,4,2.0,1.5,7,0
1649,1850,4,1.75,1.0,7,0
1650,2240,4,2.5,2.0,9,0
1651,1260,3,3.0,2.0,7,0
1652,2800,8,5.0,2.0,8,1
1653,1820,4,1.75,1.0,7,0
1654,1730,3,2.5,3.0,8,1
1655,3350,4,2.5,2.0,9,1
1656,3370,3,2.5,2.0,8,1
1657,1240,3,1.75,1.5,7,1
1658,2340,4,2.0,1.5,6,0
1659,1880,5,2.0,1.0,7,0
1660,1810,3,2.0,1.0,7,1
1661,2340,3,1.75,1.0,6,0
1662,2820,4,1.5,2.0,7,1
1663,1020,3,1.0,1.0,7,0
1664,2090,3,2.25,1.0,7,0
1665,1830,4,2.25,2.0,7,0
1666,2980,6,2.75,1.5,7,1
1667,1600,4,1.5,1.0,7,0
1668,4440,4,3.5,2.0,10,1
1669,1200,3,1.0,1.0,7,0
1670,1230,3,1.25,1.5,7,0
1671,2930,5,3.0,1.0,7,0
1672,2370,3,2.25,1.0,8,1
1673,3040,4,2.5,2.0,9,1
1674,1610,3,1.5,1.0,7,0
1675,2350,3,2.25,1.0,8,1
1676,2000,3,1.75,1.0,8,1
1677,3530,4,3.5,2.0,10,1
1678,2220,3,2.25,2.0,8,1
1679,2000,3,1.75,1.0,6,0
1680,1210,2,1.75,1.5,7,1
1681,1140,2,2.5,3.0,8,1
1682,2440,4,2.5,2.0,8,1
1683,1560,3,2.0,1.0,6,0
1684,3210,4,2.5,2.0,10,1
1685,930,2,1.0,1.0,7,0
1686,1782,3,2.5,3.0,7,0
1687,1740,3,1.75,1.0,7,0
1688,3690,5,1.75,1.0,9,0
1689,2930,4,2.5,2.0,9,1
1690,1230,4,1.0,1.5,7,0
1691,2000,3,2.0,2.0,7,1
1692,1520,3,2.25,1.0,7,0
1693,1040,2,1.0,1.0,7,1
1694,1120,4,1.5,1.0,6,0
1695,3020,3,1.75,2.0,8,1
1696,1820,3,2.25,2.0,8,1
1697,1370,3,1.0,1.0,7,0
1698,3130,4,3.0,2.5,9,1
1699,1640,3,1.5,1.0,7,0
1700,2650,4,2.5,2.0,9,0
1701,2850,4,2.5,2.0,9,1
1702,1820,3,2.5,1.0,7,1
1703,1180,3,1.5,1.0,7,0
1704,1880,6,2.5,1.0,7,1
1705,1280,3,1.75,1.0,7,0
1706,3120,4,3.25,2.0,9,1
1707,2470,3,2.5,2.0,8,0
1708,1700,3,1.0,1.5,8,1
1709,1180,2,2.0,1.0,6,0
1710,2800,6,2.5,1.0,7,0
1711,1300,4,1.0,1.0,6,1
1712,3040,5,3.0,1.0,9,1
1713,1630,3,2.5,2.0,8,0
1714,1340,3,1.0,1.0,7,0
1715,1830,3,1.75,1.0,7,0
1716,1240,3,1.0,1.0,7,0
1717,2500,4,2.0,1.0,7,0
1718,1760,3,1.75,1.0,8,0
1719,2660,3,2.0,1.0,9,0
1720,2060,3,1.5,1.5,6,0
1721,2540,5,2.5,2.0,8,1
1722,4830,5,4.25,2.0,10,1
1723,1400,3,1.75,1.0,7,0
1724,4280,4,3.25,2.0,11,1
1725,2230,4,2.5,1.0,7,1
1726,680,1,1.0,1.0,6,0
1727,2340,4,2.5,2.0,8,0
1728,2070,3,2.25,2.0,7,0
1729,1910,4,2.0,1.0,6,0
1730,950,3,1.0,1.5,6,1
1731,2910,5,2.75,1.0,7,1
1732,2930,3,2.5,2.0,9,1
1733,2610,4,2.75,2.0,8,0
1734,3880,5,3.0,2.0,7,0
1735,3320,4,2.25,2.0,8,1
1736,1940,5,1.5,2.0,8,1
1737,2510,4,2.25,2.0,9,1
1738,2660,4,2.5,2.0,9,1
1739,1710,3,2.0,1.0,7,0
1740,1320,2,1.0,1.0,6,1
1741,960,2,1.0,1.0,6,0
1742,1790,3,2.5,1.0,7,0
1743,950,2,1.0,1.0,6,1
1744,2940,6,3.75,2.0,7,1
1745,930,2,2.0,1.0,7,0
1746,4570,3,2.5,2.0,12,1
1747,2370,3,2.5,1.0,8,1
1748,3430,5,2.75,2.0,10,1
1749,3540,4,3.5,2.0,10,1
1750,2240,3,2.25,2.0,9,1
1751,2710,4,2.5,1.0,8,1
1752,2660,3,2.5,2.0,8,1
1753,2540,5,2.75,1.0,8,1
1754,2210,4,2.25,2.0,8,1
1755,3570,4,4.0,2.0,10,1
1756,3450,4,2.5,2.0,9,1
1757,2330,4,1.75,1.0,8,0
1758,1690,4,2.0,1.5,7,1
1759,1030,3,1.5,1.0,7,0
1760,2560,5,2.75,1.5,8,1
1761,1950,4,2.5,2.0,7,0
1762,4370,4,2.25,2.5,10,1
1763,2350,4,2.5,2.5,7,0
1764,3160,4,2.5,1.0,7,1
1765,2430,4,2.5,2.0,8,0
1766,1340,3,1.0,1.0,5,0
1767,1010,3,1.0,1.0,6,0
1768,1770,3,2.25,1.0,8,0
1769,1210,3,2.0,1.0,7,0
1770,3330,4,3.25,1.0,9,1
1771,1240,3,1.0,1.0,7,0
1772,1250,3,1.0,1.5,7,1
1773,2960,4,2.5,2.0,10,1
1774,840,2,1.0,1.0,6,0
1775,1530,3,1.75,1.0,7,0
1776,3750,4,3.0,2.0,10,1
1777,2150,4,2.25,1.0,7,0
1778,1560,4,3.25,1.0,7,1
1779,2040,3,1.75,1.0,7,1
1780,860,2,1.0,1.0,6,0
1781,1720,3,1.5,1.5,7,0
1782,2090,4,2.25,2.0,7,0
1783,2130,4,2.25,2.0,8,1
1784,1300,2,1.0,1.5,6,0
1785,1220,2,1.75,1.0,6,0
1786,2420,4,3.0,1.5,7,1
1787,2940,4,2.5,2.0,9,1
1788,2610,3,2.5,2.0,9,1
1789,1880,4,2.0,1.0,6,0
1790,2330,4,2.75,1.5,7,1
1791,2200,4,2.5,2.0,7,1
1792,1720,4,2.0,1.0,7,0
1793,2250,3,2.5,2.0,9,1
1794,1640,4,1.0,1.5,6,1
1795,4130,4,3.25,2.0,11,1
1796,2600,5,2.5,2.0,7,0
1797,1920,4,1.5,1.0,8,0
1798,2060,3,2.0,1.0,9,1
1799,5710,4,4.25,2.0,11,1
1800,2720,4,3.0,2.0,8,1
1801,1490,3,1.5,1.0,7,0
1802,2360,3,2.5,1.0,7,1
1803,1940,5,1.0,1.0,7,0
1804,2570,4,2.25,2.0,8,0
1805,1160,3,1.0,1.0,7,0
1806,2660,3,2.5,1.0,8,1
1807,1260,3,2.25,2.0,7,1
1808,1780,4,2.25,1.0,8,1
1809,3180,4,2.25,2.0,10,1
1810,3380,4,2.5,2.0,10,1
1811,2690,4,2.25,2.0,9,1
1812,1180,2,1.0,1.0,6,0
1813,1660,3,1.0,1.0,7,0
1814,2260,4,2.5,2.0,7,1
1815,1910,5,1.75,1.0,8,1
1816,2430,4,2.0,1.0,7,0
1817,1300,2,2.0,1.0,7,1
1818,1060,3,1.0,1.0,7,0
1819,2200,3,2.25,2.0,8,0
1820,1720,4,1.75,1.5,7,1
1821,2360,3,1.75,1.0,7,1
1822,820,2,1.0,1.0,6,0
1823,1030,2,1.0,1.0,7,1
1824,2030,4,1.75,2.0,9,1
1825,2700,5,3.5,1.5,6,1
1826,1100,2,1.75,1.0,6,0
1827,3620,4,3.25,2.0,11,1
1828,1340,3,1.75,1.0,7,0
1829,1790,3,1.75,1.0,7,0
1830,3830,4,2.5,1.0,9,1
1831,1580,3,1.5,1.0,7,0
1832,2020,2,1.0,1.0,7,1
1833,3330,4,2.5,2.0,10,1
1834,2610,4,2.5,1.5,7,1
1835,2610,4,2.75,1.0,8,1
1836,1740,3,2.5,3.0,8,1
1837,1840,3,2.0,1.0,8,0
1838,1080,3,1.75,1.0,7,1
1839,1240,4,1.75,1.5,7,1
1840,5620,5,4.5,3.0,11,1
1841,1170,2,1.0,1.0,6,0
1842,1760,4,2.25,2.0,7,0
1843,2230,4,2.5,1.0,8,1
1844,1520,3,1.75,1.0,7,0
1845,1450,2,1.0,1.0,7,0
1846,1600,3,2.5,1.0,7,0
1847,3220,5,2.5,2.0,8,0
1848,1830,4,2.5,2.0,7,0
1849,2200,4,2.25,1.0,8,1
1850,2170,2,2.5,1.0,8,1
1851,1900,5,2.5,2.0,7,1
1852,2960,5,2.5,1.0,7,1
1853,1710,2,1.75,2.0,7,0
1854,2620,4,2.25,1.0,9,1
1855,2140,3,2.0,2.0,8,1
1856,2100,4,2.5,1.5,6,0
1857,2100,4,2.5,1.5,6,0
1858,1460,3,2.5,1.0,8,1
1859,990,2,1.0,1.0,7,0
1860,2190,4,2.25,1.0,7,0
1861,3990,5,3.5,2.0,9,1
1862,2340,3,2.5,2.0,9,1
1863,2460,4,2.0,1.0,7,0
1864,2080,5,3.0,1.0,7,0
1865,1700,3,2.0,2.0,7,1
1866,1330,3,1.5,1.0,7,0
1867,1630,3,2.5,1.0,7,0
1868,2920,5,2.75,1.0,8,1
1869,2830,5,2.75,2.0,9,1
1870,3190,4,2.25,2.0,10,1
1871,1490,3,1.75,2.0,8,1
1872,1630,3,2.5,2.0,8,0
1873,2280,4,2.5,2.0,7,0
1874,3010,6,3.75,2.0,9,1
1875,1590,3,2.5,2.0,7,0
1876,1250,3,1.0,1.0,7,0
1877,1710,3,1.0,1.0,6,0
1878,3280,4,4.0,2.0,10,1
1879,3362,4,2.5,2.0,8,0
1880,2200,3,2.5,2.0,9,1
1881,830,2,1.5,2.0,7,0
1882,2160,3,2.25,1.5,7,1
1883,2580,4,3.0,2.0,8,0
1884,2150,3,1.0,1.0,6,0
1885,3510,4,2.5,2.0,10,1
1886,3810,4,3.75,2.0,11,1
1887,2020,4,2.75,1.0,8,1
1888,2120,4,2.5,1.0,7,1
1889,1250,3,1.0,1.0,7,0
1890,980,3,1.0,1.0,7,0
1891,1250,4,1.5,1.0,7,0
1892,1100,4,1.0,1.5,6,0
1893,1330,3,1.75,1.0,6,0
1894,2560,4,2.75,1.0,7,1
1895,1850,4,2.5,1.5,7,1
1896,2790,4,3.0,2.0,8,1
1897,1660,4,1.0,1.5,7,1
1898,1080,2,1.0,1.0,6,0
1899,3030,3,2.0,1.0,7,1
1900,2380,4,2.5,2.0,7,0
1901,2250,3,1.75,1.0,8,0
1902,880,2,1.0,1.0,6,0
1903,2770,4,2.5,2.0,10,1
1904,1340,3,2.0,1.5,7,0
1905,1660,3,1.75,1.0,7,0
1906,1710,3,2.5,2.0,7,0
1907,1620,2,1.75,1.0,7,1
1908,1530,3,1.75,1.0,8,1
1909,1440,3,2.0,1.0,7,0
1910,2020,4,1.75,1.0,7,1
1911,1870,4,1.75,1.0,7,1
1912,620,2,1.0,1.0,6,0
1913,5774,5,5.0,1.0,11,1
1914,1240,3,1.0,1.0,6,0
1915,1890,3,1.75,1.0,7,0
1916,2410,3,1.75,1.0,8,0
1917,1530,3,2.5,2.0,8,1
1918,2800,5,3.75,1.0,7,0
1919,1460,3,1.75,1.0,7,0
1920,1580,4,2.0,1.0,7,0
1921,1450,3,2.0,1.5,8,1
1922,1990,4,1.75,1.0,7,0
1923,4470,6,4.0,3.0,9,1
1924,1980,5,3.0,1.0,7,0
1925,2920,4,2.5,2.0,9,1
1926,1660,4,1.75,1.0,6,0
1927,3190,4,3.5,1.5,9,1
1928,1560,3,1.5,1.0,7,0
1929,3050,3,2.5,1.0,8,1
1930,3030,4,2.75,2.0,8,1
1931,2260,3,2.5,2.0,7,1
1932,1260,3,1.0,1.0,7,0
1933,3370,3,2.25,2.0,9,1
1934,1490,3,1.75,1.0,8,0
1935,1570,3,2.5,1.0,7,0
1936,4490,4,3.75,2.0,10,1
1937,4090,4,3.75,2.0,11,1
1938,4150,5,2.5,2.0,10,1
1939,2900,4,3.0,1.0,8,1
1940,1430,4,1.5,1.0,7,0
1941,1008,2,1.5,1.0,6,1
1942,1480,2,1.75,1.0,6,1
1943,1240,3,1.75,1.0,7,0
1944,1370,3,2.0,1.0,7,0
1945,1770,4,2.25,1.0,8,0
1946,2160,3,2.25,1.0,8,1
1947,2340,4,2.5,2.0,9,1
1948,960,1,1.0,1.0,5,0
1949,2280,4,2.5,1.0,7,0
1950,1970,3,2.0,1.0,8,0
1951,1530,4,1.75,1.5,7,0
1952,1790,4,1.5,1.5,8,1
1953,1700,3,2.5,2.0,8,0
1954,2660,3,2.0,1.0,7,1
1955,1950,3,1.75,1.0,8,0
1956,1340,3,2.0,2.0,6,0
1957,1130,3,1.0,1.5,7,0
1958,1950,2,1.75,1.0,7,1
1959,3790,5,3.5,1.0,8,1
1960,2020,4,2.25,2.0,7,1
1961,800,2,1.0,1.0,7,0
1962,1770,4,2.0,1.0,6,0
1963,940,1,0.75,1.0,6,0
1964,2260,4,2.25,1.0,10,1
1965,890,2,1.0,1.0,6,0
1966,860,2,1.0,1.0,6,0
1967,680,1,0.75,1.0,5,0
1968,2130,2,1.5,1.0,7,1
1969,2390,3,2.5,2.0,9,1
1970,3488,4,2.75,2.0,10,1
1971,1260,3,1.75,1.0,7,0
1972,2940,3,1.75,1.0,8,1
1973,2440,4,2.5,2.0,9,1
1974,2600,4,2.5,2.0,10,0
1975,2080,3,2.0,1.0,7,1
1976,1990,3,1.0,1.0,7,0
1977,2840,4,2.5,2.0,9,1
1978,2630,6,3.0,1.0,7,0
1979,2820,3,4.25,2.0,10,1
1980,1560,4,1.0,1.5,7,1
1981,2330,4,2.5,2.0,8,0
1982,3320,4,2.25,1.0,8,1
1983,1730,3,1.75,1.0,7,0
1984,3110,4,2.5,2.0,8,0
1985,1230,3,1.0,1.0,7,0
1986,950,2,1.5,1.0,7,0
1987,1890,3,1.75,1.0,7,0
1988,1010,3,1.5,1.0,6,0
1989,1010,3,1.0,1.0,6,0
1990,2340,4,2.25,1.0,8,1
1991,2460,4,2.5,2.0,9,1
1992,1010,2,1.0,1.0,7,1
1993,1650,3,2.5,2.0,7,0
1994,1440,4,2.0,1.0,7,0
1995,1710,5,1.0,1.5,7,1
1996,2760,3,2.5,2.0,10,1
1997,1350,2,1.0,1.0,7,0
1998,1660,3,1.75,2.0,7,1
1999,2960,4,2.5,2.0,8,1
2000,1090,1,1.0,1.0,6,1
2001,3110,3,2.5,2.0,9,1
2002,1380,3,2.0,1.0,7,0
2003,1290,2,1.0,2.0,7,0
2004,1980,3,2.5,1.0,7,1
2005,870,2,1.0,1.0,7,0
2006,2470,4,2.5,2.0,8,0
2007,2140,3,1.75,1.0,8,1
2008,770,3,1.0,1.0,6,0
2009,1490,3,3.25,3.0,8,1
2010,2510,4,2.5,1.0,8,1
2011,1950,5,1.5,1.0,7,0
2012,3600,5,4.0,1.0,8,1
2013,2380,4,2.5,2.0,8,0
2014,720,2,1.0,1.0,6,0
2015,4070,3,3.5,2.0,11,1
2016,1250,3,1.0,1.0,7,1
2017,2190,3,2.25,3.0,8,1
2018,810,1,1.0,1.0,7,0
2019,2440,3,1.5,1.0,8,1
2020,1740,4,1.75,1.0,7,0
2021,1480,3,2.25,1.5,7,0
2022,2120,4,2.5,2.0,9,1
2023,900,1,1.0,1.0,6,0
2024,1190,2,2.0,1.0,6,0
2025,1010,4,1.0,1.0,6,0
2026,2100,3,2.5,2.0,8,1
2027,2020,4,2.25,1.0,7,1
2028,2520,3,2.0,1.0,8,1
2029,1370,2,2.75,2.0,8,0
2030,1530,3,2.5,2.0,7,0
2031,1530,3,2.5,2.0,7,0
2032,5040,4,4.25,1.0,10,1
2033,2530,4,2.25,2.0,7,0
2034,1010,2,1.5,1.5,5,0
2035,1200,3,1.0,1.0,7,0
2036,2720,4,3.0,1.0,9,1
2037,1850,4,1.5,1.5,6,0
2038,2340,3,2.75,1.0,9,1
2039,1860,4,1.75,1.0,7,1
2040,1940,4,1.75,1.0,8,1
2041,1680,2,2.0,1.0,8,1
2042,1770,4,2.75,1.0,8,0
2043,1790,3,2.5,2.0,8,0
2044,1720,4,1.75,1.0,8,0
2045,1280,3,1.0,1.5,7,0
2046,1690,3,2.5,2.0,7,0
2047,2190,4,2.5,2.0,8,0
2048,710,2,1.0,1.0,6,0
2049,1890,4,1.5,1.0,7,0
2050,1410,2,2.0,1.5,8,0
2051,2210,3,3.25,2.0,8,0
2052,1540,3,2.0,1.0,7,0
2053,1350,4,2.0,1.0,7,0
2054,1380,5,2.0,1.5,7,1
2055,890,2,1.0,1.0,7,1
2056,1900,3,2.5,2.0,8,1
2057,1240,3,1.0,1.0,6,0
2058,1730,3,2.5,1.0,7,1
2059,2090,4,2.5,2.0,10,1
2060,1650,3,1.75,1.0,7,0
2061,1130,3,2.25,2.0,8,0
2062,3240,6,2.75,1.0,6,0
2063,3840,4,2.5,2.0,10,1
2064,1200,3,1.0,1.0,6,0
2065,870,2,1.0,1.0,6,0
2066,2410,6,3.5,2.0,9,1
2067,1560,3,1.75,1.5,6,1
2068,2410,3,2.5,2.0,9,1
2069,2300,4,2.25,1.0,7,0
2070,1390,3,1.0,1.0,7,0
2071,2920,5,2.5,2.0,8,1
2072,1370,4,1.5,1.5,7,1
2073,950,2,1.0,1.0,6,0
2074,3090,3,2.5,2.0,10,1
2075,2390,4,2.5,1.0,9,1
2076,2070,3,2.5,2.0,9,1
2077,5770,4,4.25,2.0,11,1
2078,1460,3,2.5,2.0,7,0
2079,1510,2,1.75,1.0,8,0
2080,5180,5,3.25,1.0,11,1
2081,3430,4,2.75,2.0,11,1
2082,1700,4,1.5,1.0,7,1
2083,2640,3,1.75,1.0,9,1
2084,1200,3,1.0,1.5,6,0
2085,1850,2,1.5,1.5,7,1
2086,1510,5,1.5,1.0,7,0
2087,2130,4,2.0,1.0,7,1
2088,2640,4,2.5,2.0,9,0
2089,3000,4,3.0,1.5,8,1
2090,1870,3,2.0,1.0,7,1
2091,990,2,1.0,1.0,7,0
2092,2005,3,2.0,1.0,7,1
2093,2030,3,2.75,1.0,8,1
2094,1500,3,2.5,1.0,7,0
2095,1530,4,1.0,1.5,7,1
2096,1990,3,2.5,2.0,7,0
2097,1420,3,1.75,1.0,7,0
2098,1400,3,1.0,1.0,6,0
2099,1870,4,2.5,2.0,7,0
2100,3040,4,3.0,1.5,9,1
2101,1790,3,2.0,1.0,7,0
2102,1590,2,1.5,1.0,7,1
2103,2050,3,2.0,1.0,7,0
2104,4220,5,3.5,1.0,10,1
2105,4030,5,4.5,2.0,11,1
2106,1770,4,1.75,1.0,7,0
2107,2100,4,2.75,1.0,8,1
2108,2120,3,2.25,2.0,7,0
2109,2600,4,1.75,1.0,8,0
2110,2400,3,3.0,2.0,7,1
2111,3180,5,3.5,1.0,7,1
2112,2790,4,2.0,1.0,8,1
2113,2080,3,2.25,2.0,8,1
2114,1370,2,1.5,2.0,7,0
2115,2790,4,2.5,2.0,9,1
2116,1740,2,1.0,1.0,8,1
2117,6400,3,3.75,1.0,10,1
2118,1800,3,2.5,2.0,7,0
2119,1800,3,2.5,2.0,7,0
2120,1190,3,1.75,1.0,7,0
2121,860,2,1.0,1.0,7,0
2122,2460,3,2.0,1.0,8,1
2123,1980,4,2.5,2.0,7,1
2124,670,2,1.0,1.0,6,0
2125,1410,3,2.0,1.5,8,1
2126,1860,4,2.25,1.0,8,0
2127,980,3,1.0,1.0,7,0
2128,3040,4,2.25,2.0,9,1
2129,1810,3,2.25,1.0,7,0
2130,1560,4,2.0,1.0,8,0
2131,2100,4,1.75,1.0,8,1
2132,2500,5,2.0,2.0,8,1
2133,520,2,1.0,1.0,5,0
2134,3010,4,4.0,2.0,10,1
2135,2140,4,1.75,1.0,7,0
2136,2390,3,2.25,1.0,7,0
2137,1510,2,1.0,1.0,7,0
2138,2210,4,1.75,1.0,7,1
2139,2170,3,2.75,2.0,7,0
2140,1790,3,2.5,3.0,8,1
2141,1390,3,1.75,1.0,7,0
2142,1850,3,1.75,1.0,8,1
2143,1480,2,1.5,1.0,8,1
2144,1850,3,1.75,1.0,8,1
2145,3350,4,3.5,2.0,9,1
2146,1040,3,1.0,1.0,7,0
2147,2810,4,2.25,2.0,10,1
2148,1010,1,1.5,1.0,7,0
2149,2250,3,2.5,2.0,8,1
2150,1800,3,1.75,1.0,8,1
2151,2400,3,1.0,1.0,7,1
2152,1780,4,1.0,1.5,7,0
2153,2120,3,2.25,1.0,9,0
2154,1860,3,2.5,2.0,7,0
2155,1460,3,3.5,2.0,8,1
2156,1230,3,1.0,1.0,7,0
2157,1088,2,1.0,1.0,6,0
2158,800,3,1.0,1.0,6,0
2159,1190,3,1.0,1.0,7,0
2160,1940,5,2.75,1.0,7,0
2161,3300,4,2.5,1.0,9,1
2162,2590,4,2.5,2.0,8,0
2163,2080,3,2.0,1.0,8,0
2164,2680,4,2.25,2.0,7,1
2165,1670,3,2.5,1.0,7,0
2166,1830,3,1.0,1.5,8,1
2167,1400,3,1.75,1.0,8,1
2168,2770,4,1.75,1.0,7,1
2169,3630,3,2.5,1.0,9,1
2170,1040,3,1.0,1.0,6,0
2171,2690,3,2.75,2.0,10,1
2172,2020,5,2.0,1.5,7,1
2173,2450,5,2.5,2.0,9,1
2174,2030,4,3.0,2.0,7,1
2175,1450,3,1.0,1.0,7,0
2176,2400,4,2.5,2.0,8,0
2177,2870,4,2.75,1.0,8,1
2178,1340,4,1.0,1.5,7,0
2179,1680,3,2.5,1.0,7,0
2180,1850,4,2.0,1.0,7,0
2181,1220,3,1.0,1.5,7,1
2182,2320,3,2.5,1.0,9,1
2183,3220,5,2.25,2.0,8,1
2184,3190,4,2.75,2.0,9,1
2185,3530,3,2.75,2.0,10,1
2186,2050,3,1.75,1.0,7,0
2187,1720,3,1.75,1.0,7,1
2188,2850,4,2.5,2.0,8,0
2189,2270,4,2.25,1.0,7,0
2190,1880,3,2.25,1.0,8,0
2191,2770,4,2.5,2.0,8,0
2192,4490,4,3.75,2.0,12,1
2193,3110,4,2.5,2.0,9,1
2194,2360,4,2.5,2.0,8,0
2195,2180,3,2.5,2.0,8,1
2196,1910,2,1.75,2.0,8,0
2197,2260,4,2.5,2.0,9,1
2198,1770,3,1.75,1.0,7,0
2199,1460,3,2.0,1.0,7,0
2200,2080,4,2.75,1.0,8,1
2201,2960,5,2.25,1.0,8,1
2202,3220,4,2.5,2.0,9,1
2203,1140,3,1.0,1.0,7,0
2204,1660,4,2.0,1.0,8,1
2205,1430,4,1.0,1.5,7,0
2206,1820,3,3.0,1.5,8,1
2207,3540,4,3.0,2.0,8,1
2208,1620,4,1.0,1.5,7,0
2209,3100,4,2.75,2.0,8,1
2210,1500,4,1.75,1.5,7,1
2211,2820,4,2.5,2.0,9,0
2212,1850,3,1.75,1.5,6,0
2213,1570,4,2.0,2.0,7,0
2214,2300,4,2.75,1.0,8,1
2215,920,2,1.0,1.0,6,1
2216,1600,3,2.5,2.0,8,0
2217,2630,3,2.5,2.0,9,1
2218,3020,4,2.75,1.0,8,1
2219,1490,3,1.75,1.0,7,1
2220,1160,3,1.5,1.0,7,0
2221,2040,4,2.5,2.0,8,0
2222,1550,2,2.5,2.0,8,0
2223,1990,4,2.25,1.0,8,1
2224,1900,3,2.25,1.5,7,1
2225,3840,5,3.5,2.0,9,1
2226,2400,4,3.0,1.0,7,1
2227,1660,3,1.0,1.0,7,0
2228,6055,4,5.0,1.0,12,1
2229,2030,3,2.0,1.0,8,0
2230,840,2,1.0,1.0,7,0
2231,1450,4,2.0,1.0,7,0
2232,1460,3,1.5,1.0,7,0
2233,2010,5,1.0,1.5,9,1
2234,2910,4,2.5,2.0,9,1
2235,1880,4,1.75,1.0,7,0
2236,2170,3,1.75,1.0,8,1
2237,1260,2,1.0,1.0,7,0
2238,1970,3,2.5,2.0,8,1
2239,2090,4,2.25,2.0,8,1
2240,3450,4,3.75,2.0,10,1
2241,1130,3,1.5,1.0,7,0
2242,2600,3,1.75,1.0,8,1
2243,1030,3,1.0,1.0,7,0
2244,1700,2,1.0,1.0,7,0
2245,1480,2,2.5,2.0,8,1
2246,4250,4,2.5,2.0,9,1
2247,1600,3,1.75,1.0,8,1
2248,1870,4,2.0,1.0,7,0
2249,1440,3,2.5,1.0,7,0
2250,2720,3,2.5,2.0,9,0
2251,1240,3,1.5,1.0,6,0
2252,1020,3,1.0,1.0,7,0
2253,1180,2,0.5,1.0,6,0
2254,3080,5,3.5,2.0,8,1
2255,1750,4,2.5,2.0,7,0
2256,2530,4,2.25,1.0,7,1
2257,1580,3,2.5,2.0,7,0
2258,2340,5,1.75,2.0,7,0
2259,6300,5,4.0,2.0,12,1
2260,2400,4,2.75,1.0,7,0
2261,1300,3,1.5,1.0,7,0
2262,1760,3,2.0,1.0,6,0
2263,1520,4,1.5,1.0,7,1
2264,1070,3,1.75,1.0,6,0
2265,2560,3,2.0,1.0,8,1
2266,1280,3,1.0,1.0,6,0
2267,1660,4,2.25,1.0,8,1
2268,1860,3,1.5,1.0,7,0
2269,950,2,1.0,1.0,7,1
2270,2140,4,2.75,1.0,7,1
2271,1480,2,1.5,2.0,7,0
2272,2260,3,3.0,2.0,8,1
2273,2300,4,2.5,2.0,9,1
2274,1650,3,2.75,1.0,7,0
2275,1990,3,2.0,1.5,7,1
2276,1960,4,2.0,1.0,7,0
2277,1310,3,1.5,1.0,7,0
2278,2450,4,2.75,1.0,9,1
2279,910,3,1.0,1.0,7,0
2280,1580,3,1.75,1.0,7,1
2281,1780,3,1.75,1.0,7,0
2282,1040,3,1.5,1.0,6,0
2283,2340,4,2.5,1.0,8,1
2284,1720,3,2.5,1.0,8,0
2285,1600,3,1.5,1.0,7,0
2286,1320,3,1.5,1.0,7,0
2287,2350,5,2.75,1.5,8,1
2288,2740,5,2.75,1.5,7,1
2289,2300,4,2.5,2.0,8,0
2290,4350,5,3.0,2.0,10,1
2291,1430,3,1.75,1.0,7,0
2292,2400,3,1.75,1.0,9,0
2293,940,3,1.0,1.0,6,0
2294,1020,3,1.0,1.0,7,0
2295,1680,2,2.0,2.0,7,0
2296,1340,2,1.0,1.0,7,0
2297,3960,4,3.25,2.0,10,1
2298,2650,6,2.0,1.5,8,0
2299,2120,4,2.25,2.0,8,0
2300,2850,4,2.75,2.5,9,1
2301,2850,4,2.0,2.0,8,1
2302,1870,6,2.0,1.0,7,0
2303,2660,4,2.0,1.0,7,1
2304,1190,3,1.0,1.0,6,0
2305,1770,2,1.0,1.5,7,0
2306,2770,4,2.5,2.0,9,1
2307,2080,4,2.5,1.0,8,1
2308,2700,5,2.25,2.0,9,1
2309,2200,4,2.75,1.0,8,1
2310,2160,4,1.75,2.0,8,0
2311,2010,3,2.5,2.0,8,1
2312,3780,3,3.5,2.0,9,1
2313,4460,3,3.25,2.0,9,1
2314,1770,3,1.5,1.0,8,0
2315,1430,3,1.0,1.0,7,1
2316,1700,4,1.75,1.0,7,0
2317,1830,4,2.0,1.5,7,0
2318,1410,3,1.5,1.0,7,0
2319,3060,4,2.5,1.0,8,0
2320,1820,3,2.0,2.0,7,0
2321,2430,4,1.75,1.5,7,0
2322,740,2,1.0,1.0,6,0
2323,770,3,1.0,1.0,6,0
2324,2200,4,2.75,1.0,8,0
2325,2920,3,3.0,1.5,7,1
2326,2040,4,2.5,1.0,7,0
2327,1600,3,2.0,1.0,7,1
2328,1990,4,2.5,2.0,7,0
2329,1830,4,2.5,2.0,7,0
2330,2540,3,2.5,2.0,7,0
2331,2700,2,3.25,3.0,9,1
2332,1440,4,2.0,1.0,7,0
2333,1550,3,2.0,1.0,7,1
2334,2490,3,2.5,2.0,9,1
2335,2650,5,2.5,1.0,7,1
2336,2000,4,2.25,2.0,8,1
2337,3440,6,5.0,2.0,8,1
2338,2280,3,2.5,2.5,9,1
2339,1320,2,1.5,3.0,7,0
2340,2070,4,2.5,2.0,8,0
2341,1860,3,2.0,2.0,7,1
2342,940,3,1.0,1.0,6,0
2343,2290,4,2.75,1.0,7,1
2344,1510,2,2.0,1.0,6,0
2345,1830,3,2.0,1.5,7,1
2346,3090,4,2.5,2.0,9,1
2347,4340,4,3.5,2.0,11,1
2348,3200,3,2.75,2.0,9,1
2349,1560,4,1.0,1.5,6,0
2350,1280,3,2.0,1.0,7,0
2351,2020,4,2.5,2.0,7,0
2352,1040,3,1.0,1.0,7,0
2353,2260,4,2.75,1.0,7,1
2354,860,3,1.0,1.0,6,0
2355,1920,5,1.0,1.0,7,0
2356,2290,4,1.75,1.0,8,1
2357,2070,4,2.75,1.0,7,0
2358,4250,6,3.0,2.5,7,1
2359,2220,3,1.5,2.0,9,1
2360,1840,2,1.75,1.0,8,1
2361,2590,4,2.5,2.0,10,1
2362,3110,5,2.0,1.0,7,1
2363,2600,3,1.75,1.0,7,1
2364,1060,2,1.0,1.0,6,0
2365,1250,3,1.75,1.0,7,0
2366,2520,4,2.5,2.0,8,1
2367,2070,3,2.25,1.0,8,1
2368,1300,2,1.0,1.0,6,0
2369,2190,5,2.0,1.0,7,0
2370,2760,4,3.0,1.0,8,1
2371,1710,3,2.25,1.0,7,0
2372,1750,3,2.0,1.0,8,0
2373,1552,3,2.25,2.0,7,0
2374,2350,6,2.0,2.0,8,0
2375,5110,5,3.5,2.0,10,1
2376,1720,3,2.5,2.0,7,0
2377,1960,4,2.5,2.0,8,0
2378,1270,2,1.0,1.0,6,0
2379,1180,3,1.5,1.0,7,0
2380,2230,4,2.25,2.0,8,0
2381,4700,4,3.25,2.0,10,1
2382,2150,3,2.5,2.0,8,0
2383,2400,3,2.5,2.0,8,1
2384,1830,3,2.5,2.0,7,0
2385,2800,4,3.0,2.0,8,0
2386,2090,3,2.5,2.0,8,0
2387,2340,4,2.25,1.0,9,1
2388,1670,4,1.75,1.0,7,0
2389,1990,4,2.25,1.0,8,0
2390,2270,4,2.25,1.0,7,0
2391,4910,4,2.75,1.0,10,1
2392,950,3,1.0,1.0,6,0
2393,1610,3,1.75,1.0,7,0
2394,1940,4,2.5,2.0,7,0
2395,1210,3,1.0,1.0,7,1
2396,2570,4,2.5,2.0,9,1
2397,1700,3,2.25,2.0,7,1
2398,1610,4,1.0,1.5,6,0
2399,4120,4,3.5,2.0,11,1
2400,2880,3,3.5,1.0,8,1
2401,1990,4,2.25,2.0,8,0
2402,1260,3,2.0,1.0,7,0
2403,4750,6,3.25,2.0,8,1
2404,3010,4,2.75,2.0,9,1
2405,2410,3,2.5,1.0,8,1
2406,1280,3,1.5,1.0,7,0
2407,2320,3,1.0,1.0,7,0
2408,1220,3,1.0,1.0,6,0
2409,1400,2,1.5,1.0,8,1
2410,1590,3,1.75,1.0,7,0
2411,2220,4,2.5,2.0,8,1
2412,2770,2,2.5,2.0,8,1
2413,2303,4,2.5,2.0,8,1
2414,1600,3,1.75,1.0,8,1
2415,1280,4,1.75,1.0,7,1
2416,2900,5,2.5,2.0,9,1
2417,2950,3,2.25,1.0,10,1
2418,1700,3,2.5,2.0,7,0
2419,1050,3,2.75,1.0,7,1
2420,2990,4,2.75,1.0,8,0
2421,3100,5,2.5,2.5,9,1
2422,1240,3,1.0,1.0,7,0
2423,780,2,1.0,1.0,7,0
2424,850,2,2.25,2.0,8,0
2425,1540,3,1.75,1.0,8,1
2426,2280,4,2.5,2.0,8,0
2427,2550,3,2.25,1.0,7,0
2428,1770,2,2.0,1.0,8,0
2429,2320,3,1.75,2.0,7,1
2430,2600,3,3.5,2.0,8,1
2431,1570,2,3.25,2.0,8,0
2432,3060,4,2.5,2.0,8,1
2433,1960,4,2.5,1.0,7,0
2434,3270,5,2.5,2.0,9,1
2435,1090,3,1.0,1.0,6,0
2436,6840,2,1.75,2.5,11,1
2437,940,3,1.0,1.0,7,0
2438,3880,5,3.5,2.0,9,1
2439,1770,5,1.75,1.0,7,0
2440,3640,4,2.5,2.0,11,1
2441,3160,3,2.5,1.0,9,1
2442,1590,2,2.5,2.0,9,0
2443,1290,4,1.0,1.0,6,0
2444,3655,5,3.0,1.0,8,1
2445,2490,4,2.5,2.0,7,0
2446,1470,3,2.5,2.0,7,0
2447,3960,3,3.25,2.0,10,1
2448,3190,3,3.5,1.0,8,1
2449,810,2,1.0,1.0,6,0
2450,2980,5,2.5,2.0,9,1
2451,2780,4,2.5,1.0,9,1
2452,1340,2,1.0,1.0,7,0
2453,4930,5,5.0,2.0,11,1
2454,1360,3,2.0,1.5,8,1
2455,1320,3,1.75,1.0,7,0
2456,1210,3,2.0,1.0,7,0
2457,1940,4,2.5,2.0,8,1
2458,3160,4,2.5,1.5,9,1
2459,1980,4,2.5,2.0,8,0
2460,2320,4,2.5,1.0,9,1
2461,1660,4,2.0,1.0,7,0
2462,1660,3,2.5,2.0,9,1
2463,1080,2,1.0,1.0,7,1
2464,1510,2,1.0,1.5,7,1
2465,2950,4,2.5,1.0,9,1
2466,3070,4,2.25,2.0,9,1
2467,970,2,1.0,1.0,7,0
2468,2140,4,1.75,2.5,8,0
2469,2570,4,2.25,2.5,9,1
2470,1260,3,2.25,3.0,7,0
2471,1220,3,1.0,1.0,7,0
2472,1720,3,2.0,2.0,7,0
2473,2140,4,1.0,1.5,6,0
2474,1420,4,1.5,1.5,8,1
2475,2060,4,2.5,2.0,8,1
2476,1320,3,1.0,1.0,7,0
2477,1810,3,1.75,1.0,7,0
2478,2980,4,2.5,2.0,9,1
2479,1350,2,2.0,1.0,8,0
2480,1540,3,2.0,1.0,7,0
2481,2510,3,2.5,2.0,8,0
2482,1670,3,2.5,2.0,8,1
2483,3690,5,3.5,2.0,9,1
2484,1320,3,1.0,1.0,8,0
2485,1510,3,1.75,1.0,7,0
2486,1510,3,1.75,1.0,7,0
2487,1870,4,1.75,1.0,8,1
2488,2400,6,3.0,2.0,7,0
2489,2400,6,3.0,2.0,7,0
2490,1170,3,1.0,1.0,6,0
2491,1190,3,1.5,1.0,7,0
2492,2080,3,2.0,1.0,7,1
2493,2150,4,1.75,1.0,7,1
2494,1580,3,1.75,1.0,7,0
2495,1580,3,1.75,1.0,7,1
2496,2370,3,2.5,2.0,8,1
2497,1840,3,1.75,1.0,7,0
2498,2660,4,2.5,2.0,9,1
2499,2190,3,2.5,2.0,9,1
2500,1660,3,2.25,1.5,7,1
2501,1780,3,1.75,1.0,7,1
2502,700,2,1.0,1.0,6,0
2503,1570,4,2.0,1.0,7,0
2504,1220,3,1.75,1.0,7,0
2505,3150,3,2.75,2.0,9,1
2506,2690,4,2.5,2.0,7,1
2507,680,2,1.0,1.0,6,0
2508,3750,6,3.25,2.0,9,1
2509,1010,3,1.0,1.0,7,0
2510,1710,3,1.5,1.5,8,1
2511,2090,4,2.5,2.0,8,1
2512,1560,3,1.0,1.5,7,0
2513,1560,3,2.5,2.0,7,0
2514,2570,4,2.5,2.0,8,0
2515,1010,3,1.0,1.0,6,0
2516,1020,2,1.0,1.0,6,0
2517,1710,5,2.5,2.0,8,1
2518,2300,3,2.75,2.0,8,1
2519,1990,4,2.25,1.0,8,1
2520,2730,3,2.0,2.5,9,1
2521,2195,4,2.0,1.0,7,0
2522,1560,2,2.0,1.0,8,1
2523,1400,3,2.5,1.0,7,0
2524,1400,3,2.5,1.0,7,1
2525,3690,4,3.0,2.0,10,1
2526,1140,2,1.0,1.0,7,0
2527,1920,4,2.25,1.5,7,1
2528,2496,4,2.5,2.0,9,1
2529,2280,3,2.25,1.0,7,0
2530,3200,4,3.5,2.0,9,1
2531,880,2,1.0,1.0,7,1
2532,1320,3,2.0,3.0,7,0
2533,2450,3,2.5,2.0,9,1
2534,1040,3,1.0,1.0,6,0
2535,2480,3,2.5,2.0,9,0
2536,1830,5,1.75,1.5,7,0
2537,1440,3,2.5,2.0,7,1
2538,1580,4,2.5,2.0,7,0
2539,3230,3,3.25,2.0,9,1
2540,1810,4,2.5,1.0,7,0
2541,2495,3,2.5,2.0,8,0
2542,1740,4,1.5,1.0,7,0
2543,1680,3,1.75,1.0,6,0
2544,2460,4,2.5,2.0,8,0
2545,3050,3,2.5,1.0,8,1
2546,1630,3,2.25,2.0,7,0
2547,2460,3,2.75,2.0,9,1
2548,1030,3,1.0,1.0,7,0
2549,3410,3,2.5,1.0,10,1
2550,2310,3,2.75,1.0,7,1
2551,2610,4,2.75,1.0,8,1
2552,2330,3,3.0,1.0,9,1
2553,2980,4,2.5,2.0,8,0
2554,1790,3,2.25,1.0,8,1
2555,2940,4,2.25,1.0,9,1
2556,3900,4,3.0,1.0,10,1
2557,3900,4,3.0,1.0,10,1
2558,1750,3,2.5,2.5,7,1
2559,2660,6,2.75,1.0,8,1
2560,1580,2,1.5,1.0,8,1
2561,2350,5,2.5,1.0,8,1
2562,2510,4,2.25,1.0,7,0
2563,1480,3,2.5,2.0,8,0
2564,1720,3,1.75,1.0,7,0
2565,1470,3,2.25,2.0,7,1
2566,1540,3,1.75,1.0,7,1
2567,2820,3,2.5,2.0,9,1
2568,1250,4,1.75,1.0,7,0
2569,2080,4,2.25,1.0,7,0
2570,5180,4,3.25,2.0,10,1
2571,2860,3,2.5,2.0,9,0
2572,2710,4,2.5,2.0,9,1
2573,1140,2,1.0,1.0,7,1
2574,4070,4,2.5,2.0,10,1
2575,1710,3,1.75,1.0,8,1
2576,1340,3,1.5,1.0,7,0
2577,2290,4,2.75,2.0,8,0
2578,1860,3,2.0,1.0,8,0
2579,1080,3,1.0,1.0,6,0
2580,960,3,1.0,1.0,7,0
2581,980,2,1.5,2.0,7,0
2582,1500,3,1.0,2.0,7,0
2583,1440,3,1.75,1.0,7,0
2584,2580,4,2.5,2.0,8,1
2585,2070,5,2.5,2.0,7,0
2586,1880,3,2.5,1.0,7,1
2587,2420,3,1.75,2.0,7,0
2588,1890,2,1.75,2.0,8,1
2589,1920,3,2.0,1.0,8,0
2590,1870,3,2.0,1.0,7,0
2591,900,2,1.0,1.0,7,0
2592,2160,3,2.5,2.0,9,1
2593,900,2,1.0,1.0,7,0
2594,1180,2,1.0,1.0,7,0
2595,900,2,1.0,1.0,6,0
2596,1600,3,2.0,1.0,7,1
2597,1500,3,1.75,1.0,6,0
2598,1070,2,1.0,1.0,6,0
2599,2570,4,2.5,2.0,8,1
2600,1210,3,1.0,1.5,7,0
2601,1850,4,2.5,2.0,8,1
2602,1740,3,2.5,2.0,8,0
2603,1300,3,1.0,1.0,7,0
2604,2000,3,2.5,2.0,8,0
2605,3220,5,2.5,2.0,8,0
2606,2160,4,2.25,1.0,8,1
2607,2130,3,2.0,1.5,7,1
2608,1580,3,1.75,1.0,7,0
2609,1200,3,1.0,1.0,6,0
2610,3790,3,3.0,2.0,10,1
2611,860,2,1.0,1.0,6,0
2612,5130,5,4.5,2.0,11,1
2613,1600,3,1.0,1.5,7,1
2614,2110,4,2.5,2.0,9,1
2615,1400,3,1.0,1.0,6,0
2616,2110,3,2.0,1.0,10,1
2617,1430,3,2.0,1.0,7,1
2618,6640,5,5.5,2.0,12,1
2619,3040,3,2.0,1.0,8,1
2620,980,2,1.0,1.0,7,1
2621,2570,6,2.0,1.5,7,1
2622,2060,3,2.5,1.0,8,0
2623,1300,3,1.0,1.0,7,0
2624,1300,3,1.0,1.0,7,0
2625,1680,3,2.25,1.0,7,1
2626,4020,5,3.25,1.0,8,1
2627,1530,3,1.75,1.0,7,0
2628,1170,3,1.0,1.0,8,0
2629,1580,3,1.75,1.5,7,1
2630,1270,3,1.5,1.0,7,0
2631,1480,3,1.75,1.0,8,0
2632,2220,3,2.25,1.0,8,1
2633,3200,4,2.75,2.0,11,1
2634,910,3,1.0,1.0,7,0
2635,1480,3,1.5,1.0,7,0
2636,3770,4,4.25,2.0,8,1
2637,3500,4,3.0,2.0,10,1
2638,1480,3,1.75,1.5,8,1
2639,1660,4,1.0,1.5,7,1
2640,2520,5,2.25,2.0,9,1
2641,2850,4,2.5,2.0,9,1
2642,2153,3,2.5,2.0,8,0
2643,3780,4,2.5,2.0,10,1
2644,3770,4,4.0,1.0,9,1
2645,3600,6,2.75,1.0,9,1
2646,2980,3,2.75,1.5,8,1
2647,2320,4,1.5,1.5,7,1
2648,2980,5,2.75,1.0,8,0
2649,2930,4,1.75,1.0,9,1
2650,2040,4,2.5,1.0,8,1
2651,1510,3,1.5,1.0,7,0
2652,2660,4,2.5,2.0,8,1
2653,1740,3,2.5,2.0,7,0
2654,2240,3,2.25,1.0,7,0
2655,1570,4,1.75,1.0,7,0
2656,2500,4,3.0,1.5,7,1
2657,1750,3,2.25,1.0,7,1
2658,3030,4,2.5,2.0,8,1
2659,1680,3,2.5,3.0,8,1
2660,5740,6,4.5,2.0,11,1
2661,1220,3,1.0,1.0,7,0
2662,1310,3,1.0,1.5,7,0
2663,2490,6,1.75,1.5,8,1
2664,2220,3,3.25,1.5,8,1
2665,2240,4,2.5,2.0,9,1
2666,1890,3,1.75,1.0,7,0
2667,1850,4,2.5,2.0,7,0
2668,2210,2,2.5,2.0,8,1
2669,1410,3,1.75,1.0,7,0
2670,1890,3,2.75,2.0,9,1
2671,1830,3,1.0,1.0,7,0
2672,1440,2,0.75,1.0,7,1
2673,950,2,1.0,1.0,6,0
2674,2370,4,2.5,2.0,8,1
2675,3070,4,2.5,2.0,10,1
2676,1300,3,1.0,1.0,7,0
2677,1300,4,2.0,1.0,7,0
2678,1210,3,3.25,2.0,8,0
2679,710,1,1.0,1.5,6,0
2680,2240,4,2.25,1.0,8,0
2681,3600,3,1.75,2.0,6,1
2682,1960,4,2.5,2.0,7,0
2683,1820,4,2.5,2.0,7,0
2684,1960,3,2.25,1.0,8,0
2685,1750,4,2.25,1.0,8,1
2686,3700,5,3.5,2.0,9,1
2687,2910,4,2.5,2.0,8,1
2688,1270,2,1.0,1.0,8,1
2689,720,2,1.0,1.0,6,0
2690,1040,2,1.0,1.0,7,0
2691,2210,3,1.5,1.5,7,0
2692,2060,5,2.0,2.0,7,1
2693,780,2,1.0,1.0,6,0
2694,2240,4,2.75,1.0,8,1
2695,800,2,1.0,1.0,7,0
2696,2440,2,1.5,2.0,7,1
2697,1460,5,1.0,2.0,6,0
2698,1150,3,1.0,1.0,7,0
2699,2650,3,2.75,1.0,7,1
2700,2600,4,2.75,1.0,8,1
2701,1820,6,1.75,1.0,7,1
2702,2560,2,2.5,2.0,8,1
2703,1714,3,2.5,2.0,8,0
2704,1330,3,1.0,1.0,7,0
2705,2050,3,1.75,2.0,6,0
2706,1810,3,1.0,2.0,7,0
2707,1380,3,1.75,1.0,7,0
2708,3070,3,2.75,2.0,10,1
2709,800,2,1.0,1.0,7,0
2710,2140,4,2.75,2.0,8,0
2711,1330,3,1.0,1.0,7,0
2712,1030,3,1.0,1.0,7,0
2713,1740,3,2.5,2.0,7,0
2714,1200,3,1.0,1.5,6,0
2715,1490,3,3.0,2.0,7,0
2716,1890,4,2.5,2.0,7,0
2717,3060,5,2.25,2.0,10,1
2718,3250,6,2.5,1.0,8,1
2719,2730,3,2.75,2.0,8,1
2720,810,3,1.0,1.0,6,0
2721,2240,4,2.0,1.0,8,1
2722,1740,3,1.0,1.0,7,0
2723,2380,4,2.25,1.0,7,1
2724,1540,4,1.0,1.0,7,0
2725,2340,4,1.75,1.0,8,1
2726,2710,4,2.75,2.0,9,1
2727,1310,3,1.75,1.0,7,0
2728,1390,3,1.75,1.0,7,0
2729,2201,4,2.5,2.0,8,0
2730,1960,3,2.25,1.0,8,1
2731,2850,3,2.5,1.0,8,1
2732,1880,4,1.75,1.0,7,1
2733,2440,5,2.75,2.0,8,0
2734,2560,4,2.5,2.0,9,0
2735,1410,3,1.75,1.0,7,0
2736,2870,3,2.0,1.5,8,1
2737,2620,4,2.5,2.0,9,0
2738,2970,5,3.0,2.0,9,1
2739,1780,3,2.5,1.0,7,0
2740,3700,5,2.25,1.0,8,1
2741,1252,4,2.5,1.0,8,0
2742,1240,4,1.5,1.0,7,0
2743,2160,3,2.5,2.0,9,1
2744,2040,3,2.5,2.0,8,0
2745,3130,5,3.5,2.0,9,1
2746,2350,3,2.5,2.0,7,0
2747,1570,3,1.75,2.0,7,0
2748,1530,3,1.0,1.5,7,0
2749,1520,2,2.0,1.0,7,0
2750,1350,3,1.0,1.0,7,0
2751,1950,3,1.75,1.0,8,1
2752,3950,4,3.5,2.0,10,1
2753,2040,3,1.75,1.0,7,1
2754,1990,3,2.5,1.5,8,1
2755,1300,3,1.75,1.0,7,0
2756,2030,4,2.25,2.0,7,0
2757,2340,3,1.75,1.5,7,1
2758,2160,3,2.5,2.0,8,1
2759,2770,3,2.75,1.0,8,1
2760,2030,4,2.0,2.0,7,0
2761,1440,3,1.0,1.0,7,1
2762,1730,5,1.75,1.0,7,0
2763,4510,5,3.5,2.0,10,1
2764,2100,3,2.5,1.0,7,1
2765,1800,3,2.5,2.0,8,0
2766,1090,3,1.0,1.0,7,0
2767,1010,3,1.5,1.0,7,0
2768,2040,3,2.5,2.0,8,0
2769,2270,3,3.5,2.0,8,1
2770,1730,3,2.5,2.0,7,0
2771,2480,4,2.5,2.0,8,1
2772,3480,4,3.5,2.0,9,1
2773,1720,4,2.0,1.0,7,0
2774,1570,3,1.75,1.0,7,0
2775,3527,4,2.75,2.0,7,0
2776,840,2,1.0,1.0,7,0
2777,1950,2,1.75,1.0,6,1
2778,1980,4,2.5,2.0,8,1
2779,1620,2,1.5,2.0,7,1
2780,1980,4,1.0,1.0,7,1
2781,3530,5,3.75,2.0,10,1
2782,1260,2,1.0,1.0,6,0
2783,2120,4,2.5,1.0,8,1
2784,1360,3,1.75,1.0,7,0
2785,3100,4,3.5,2.0,9,1
2786,2370,2,2.0,1.0,7,1
2787,1460,2,1.0,1.0,7,0
2788,1980,4,1.75,1.0,6,1
2789,1930,4,2.5,2.0,8,0
2790,3700,5,1.75,1.0,8,0
2791,1970,4,2.5,2.0,7,0
2792,2470,3,3.0,2.0,8,1
2793,1180,3,1.0,1.0,7,0
2794,1280,3,1.0,1.5,8,1
2795,1380,3,1.75,1.0,7,0
2796,2740,4,3.0,1.0,8,0
2797,2020,3,2.75,1.0,7,0
2798,2835,4,2.5,2.0,8,1
2799,1520,4,1.75,1.0,7,0
2800,2190,3,2.5,2.0,9,1
2801,1680,5,1.75,1.0,7,0
2802,3915,4,3.5,2.0,9,1
2803,1720,5,2.0,1.0,8,1
2804,670,2,1.0,1.0,5,0
2805,1790,2,3.0,2.0,7,0
2806,2440,4,1.75,1.0,8,1
2807,920,2,1.0,1.0,7,1
2808,1680,4,1.0,1.5,7,1
2809,3290,5,3.75,2.0,10,1
2810,2120,3,2.5,1.0,7,0
2811,910,3,1.0,1.0,6,0
2812,1000,2,1.0,1.0,6,0
2813,2340,3,2.5,2.0,7,1
2814,1180,3,2.0,2.0,8,0
2815,2080,3,2.25,1.0,8,1
2816,3760,6,2.5,1.0,9,1
2817,1480,3,2.5,2.0,7,0
2818,3060,3,2.75,2.0,10,1
2819,3070,4,3.5,2.0,9,1
2820,1170,3,1.0,1.0,6,0
2821,2900,5,3.0,1.0,8,1
2822,2210,3,2.25,2.0,8,0
2823,1440,4,2.0,1.0,5,0
2824,1980,4,1.75,1.0,7,0
2825,2060,4,2.75,1.0,8,1
2826,2420,3,2.25,1.5,7,1
2827,3440,3,3.25,2.0,9,1
2828,1600,3,1.75,1.0,8,1
2829,2210,3,2.25,1.0,8,1
2830,2250,4,1.75,1.0,8,0
2831,1680,2,1.0,1.0,7,1
2832,1140,3,1.0,1.0,7,1
2833,1430,3,1.75,2.0,7,0
2834,1440,3,1.0,1.0,7,1
2835,1670,3,1.0,1.0,7,0
2836,3080,4,4.5,2.0,8,1
2837,4300,5,3.25,2.0,8,1
2838,3010,4,3.5,2.0,9,1
2839,1560,3,1.75,1.0,8,0
2840,1920,4,1.75,1.0,8,0
2841,1400,3,2.5,1.0,7,0
2842,2280,5,2.0,2.0,7,1
2843,3880,6,2.5,2.0,7,1
2844,1350,2,1.0,1.0,6,0
2845,1480,3,1.5,1.5,7,1
2846,1670,4,3.0,3.0,8,1
2847,3400,4,2.5,2.0,9,1
2848,2070,3,2.5,2.0,8,0
2849,4870,4,3.5,2.0,12,1
2850,1760,3,2.0,1.0,7,0
2851,4030,4,3.25,2.0,9,1
2852,1130,2,1.0,1.0,7,0
2853,1510,3,1.75,1.0,7,0
2854,3110,4,3.5,2.0,8,1
2855,5020,3,3.25,2.0,10,1
2856,740,2,1.0,1.0,7,0
2857,1630,3,2.25,1.0,7,0
2858,2780,4,1.75,2.0,10,1
2859,1990,3,1.75,1.0,7,1
2860,2250,4,2.75,2.0,9,1
2861,1720,3,1.75,1.0,8,1
2862,900,2,1.0,1.0,6,0
2863,2360,4,2.25,2.0,7,0
2864,1530,3,2.25,2.0,7,0
2865,1450,2,1.0,2.0,7,1
2866,2040,3,1.75,1.5,7,1
2867,2620,4,1.75,1.5,9,1
2868,1180,2,2.0,2.0,6,0
2869,1110,3,1.0,1.0,7,0
2870,1840,3,2.25,2.0,7,0
2871,2720,4,1.75,1.0,8,1
2872,1090,2,1.75,1.0,8,0
2873,1730,4,1.75,1.0,7,1
2874,1170,4,1.5,1.0,6,1
2875,4740,4,3.75,2.0,10,1
2876,1960,3,2.5,1.0,7,0
2877,1430,3,2.0,1.0,7,0
2878,2510,3,2.25,2.0,8,1
2879,1420,3,1.75,1.0,7,0
2880,2680,3,2.25,1.0,9,1
2881,1220,3,1.0,1.0,7,0
2882,1070,2,1.0,1.0,6,0
2883,1580,3,1.75,1.0,7,0
2884,1820,4,1.75,1.0,7,0
2885,3590,3,3.5,2.0,10,1
2886,1960,3,1.0,2.0,5,0
2887,3160,5,3.25,2.0,8,1
2888,2030,4,2.0,2.0,7,0
2889,1240,3,1.5,1.0,7,0
2890,5370,5,3.25,2.0,10,1
2891,2670,5,2.5,2.0,9,1
2892,1640,3,1.0,1.0,7,0
2893,2130,4,2.25,1.0,7,0
2894,2550,3,2.5,1.5,7,1
2895,3630,4,2.75,1.0,8,1
2896,1690,3,1.5,1.5,7,0
2897,2390,6,2.0,1.5,7,1
2898,2350,3,3.5,1.0,7,1
2899,1420,3,3.5,2.0,8,1
2900,1570,3,2.25,1.0,8,1
2901,1600,3,1.75,1.0,7,1
2902,720,2,1.0,1.0,6,0
2903,1470,3,1.0,1.0,7,0
2904,2790,5,3.5,2.0,10,1
2905,1720,3,1.75,1.0,6,0
2906,1300,3,1.75,1.0,7,1
2907,2520,4,1.0,1.5,8,1
2908,1780,4,1.5,1.5,7,0
2909,1200,3,1.0,1.0,6,0
2910,2990,4,2.5,2.0,9,1
2911,1910,5,1.75,2.0,9,1
2912,1370,3,1.0,1.5,7,1
2913,1910,3,2.5,2.0,8,1
2914,1170,4,1.0,1.5,6,0
2915,1250,3,2.5,3.0,8,0
2916,3340,5,2.5,2.0,10,1
2917,1380,3,2.0,2.0,7,0
2918,780,1,1.0,1.5,6,0
2919,2080,4,2.25,1.0,8,1
2920,1410,3,1.0,2.0,6,1
2921,520,1,1.0,1.0,6,0
2922,3500,4,3.5,2.0,9,1
2923,840,2,1.0,1.0,6,0
2924,2240,3,1.75,1.0,7,0
2925,2100,4,2.5,2.0,8,0
2926,1750,3,1.5,1.0,7,0
2927,3130,4,2.5,2.0,9,1
2928,1470,3,2.0,1.0,7,0
2929,1440,3,2.0,1.0,6,0
2930,1430,3,3.0,3.0,8,0
2931,2170,4,2.5,1.0,7,1
2932,1150,3,1.0,1.5,7,0
2933,2170,4,2.75,1.5,7,0
2934,2630,4,3.5,1.5,7,0
2935,2490,4,2.5,2.0,9,1
2936,1710,3,1.75,1.0,7,1
2937,2130,4,2.5,1.0,8,1
2938,940,3,1.0,1.0,7,0
2939,1400,3,1.0,1.0,7,0
2940,1630,4,1.75,1.0,7,0
2941,1370,2,1.0,1.0,7,0
2942,2380,4,2.75,1.0,8,1
2943,2140,5,1.75,1.0,8,0
2944,1970,4,2.5,2.0,8,0
2945,2550,3,2.75,2.0,8,1
2946,1080,3,1.0,1.0,7,0
2947,3070,3,2.25,2.0,10,1
2948,1470,2,1.0,1.0,6,0
2949,3620,4,2.5,2.0,10,1
2950,1050,3,1.5,1.0,7,0
2951,1050,2,1.0,1.0,6,1
2952,1320,3,1.0,2.0,7,1
2953,1210,3,1.0,1.0,7,0
2954,1860,3,1.5,2.0,7,1
2955,2830,3,2.75,1.0,8,1
2956,810,2,1.0,1.0,6,1
2957,1630,3,1.5,1.0,7,1
2958,880,3,1.0,1.0,7,0
2959,1660,4,1.75,1.0,6,0
2960,3440,3,2.25,2.0,10,1
2961,2110,3,1.75,1.0,8,1
2962,1060,3,1.0,1.0,7,0
2963,1900,3,2.5,2.0,8,0
2964,820,1,1.0,1.0,8,0
2965,4860,4,3.5,2.0,12,1
2966,2050,3,2.5,3.0,7,0
2967,1090,2,1.5,1.5,7,0
2968,1090,2,1.5,1.5,7,1
2969,1920,2,1.5,1.0,7,1
2970,1870,3,2.5,2.0,7,0
2971,2690,4,1.75,1.5,7,0
2972,2160,3,1.75,1.5,7,0
2973,3000,4,2.5,2.0,9,1
2974,2290,4,3.0,2.0,9,1
2975,2250,3,2.75,2.5,9,1
2976,2130,4,2.25,2.0,8,1
2977,2500,4,2.75,1.0,8,1
2978,2300,4,2.5,2.0,7,0
2979,3360,3,2.5,1.0,8,1
2980,1920,4,2.5,2.0,7,0
2981,2440,5,1.75,1.5,8,1
2982,1440,3,2.25,2.0,7,0
2983,1780,3,1.0,2.0,6,0
2984,1490,4,1.75,1.0,8,1
2985,1400,3,2.0,2.0,8,1
2986,2150,4,2.5,2.0,8,1
2987,1910,4,2.0,1.0,7,0
2988,2660,4,1.75,2.0,8,1
2989,1650,3,1.75,1.0,7,0
2990,1980,3,2.0,1.0,7,1
2991,2690,4,2.75,1.0,8,0
2992,1380,3,1.75,1.0,7,1
2993,2500,4,2.25,1.5,7,1
2994,1590,3,1.75,1.0,7,0
2995,1100,4,1.5,1.0,7,0
2996,1470,4,2.5,2.0,7,0
2997,1680,2,2.0,1.0,8,1
2998,1450,2,2.0,1.0,6,1
2999,2020,4,2.25,1.5,8,0
3000,2470,4,3.25,1.5,9,1
3001,1230,3,1.0,1.0,7,0
3002,1850,4,2.5,1.0,7,0
3003,2540,2,2.5,2.0,9,1
3004,970,3,1.0,1.0,6,0
3005,1070,3,1.5,1.0,6,0
3006,2620,4,3.0,1.0,8,1
3007,2110,4,2.75,1.5,8,1
3008,2110,3,1.75,1.0,8,1
3009,1910,5,2.0,1.0,7,1
3010,670,2,1.0,1.0,6,0
3011,6930,4,5.5,1.0,11,1
3012,2010,3,2.75,1.0,8,1
3013,1770,2,2.75,1.0,8,0
3014,1340,3,1.0,1.0,7,0
3015,1660,3,2.0,1.0,7,1
3016,1820,4,1.0,1.5,6,0
3017,2510,3,2.5,2.0,9,1
3018,1560,3,1.5,1.0,7,0
3019,2280,4,3.0,1.0,7,1
3020,2650,3,2.5,2.0,9,1
3021,2470,4,2.25,2.0,8,1
3022,1270,3,0.75,1.0,7,0
3023,1520,4,1.0,1.5,7,0
3024,1310,3,1.0,1.0,7,0
3025,1310,3,1.0,1.0,7,0
3026,3930,4,3.5,2.0,12,1
3027,990,3,1.0,1.0,7,0
3028,2080,4,1.75,1.0,7,0
3029,960,2,1.0,1.0,6,0
3030,4070,4,4.25,2.0,10,1
3031,2750,4,2.5,2.0,9,1
3032,3230,5,2.75,1.0,8,1
3033,890,1,1.0,1.5,7,0
3034,990,2,1.0,1.0,6,0
3035,1290,3,1.0,1.5,7,1
3036,2170,4,2.5,2.0,7,0
3037,1330,3,1.0,1.0,7,0
3038,1340,3,1.0,1.0,7,1
3039,2200,3,2.5,2.0,8,1
3040,2520,4,1.75,1.0,7,0
3041,1180,4,1.0,1.5,7,1
3042,2660,3,1.75,1.0,8,1
3043,1250,3,1.75,1.0,7,0
3044,2270,3,2.5,1.0,10,1
3045,1080,2,1.0,1.0,7,0
3046,1620,3,2.25,2.0,8,1
3047,940,3,2.0,1.0,7,1
3048,1620,3,1.5,1.0,7,0
3049,2350,4,2.5,2.0,8,1
3050,2090,3,1.75,1.0,7,0
3051,1760,3,2.25,2.0,7,0
3052,2050,4,1.75,1.0,8,1
3053,600,2,1.0,1.0,5,0
3054,2540,2,1.0,1.0,8,1
3055,2090,4,2.25,2.0,8,1
3056,2700,5,3.25,2.0,9,1
3057,1410,2,2.5,2.0,8,0
3058,1170,2,2.5,2.0,8,0
3059,2540,4,2.5,2.0,9,0
3060,2190,3,1.75,1.5,7,0
3061,3890,5,3.5,2.0,9,1
3062,2030,4,2.5,1.0,7,1
3063,1350,3,1.0,1.0,7,0
3064,1940,3,1.5,1.5,8,1
3065,1260,2,1.0,1.0,7,1
3066,2800,3,2.0,1.0,7,1
3067,3080,5,3.25,1.0,9,1
3068,840,3,1.0,1.0,6,0
3069,860,2,1.0,1.0,6,0
3070,2400,6,2.0,1.0,6,0
3071,1640,4,2.0,1.0,7,0
3072,1060,2,1.0,1.0,6,0
3073,2080,2,1.75,1.0,7,1
3074,2090,4,2.0,1.0,7,0
3075,1240,3,1.0,1.0,7,1
3076,2030,4,2.0,2.0,7,0
3077,1120,2,1.0,1.0,7,1
3078,1270,3,2.5,2.0,8,0
3079,2260,4,2.5,2.0,8,0
3080,1780,3,2.5,2.0,7,1
3081,1780,2,2.0,1.5,7,1
3082,4080,4,2.5,2.0,11,1
3083,2120,3,2.5,1.0,7,0
3084,2060,3,2.5,2.0,9,0
3085,1670,2,1.0,1.0,7,0
3086,1080,3,1.0,1.0,6,0
3087,1210,2,1.0,1.0,6,0
3088,990,3,1.0,1.0,6,0
3089,1720,4,2.5,1.0,7,0
3090,1530,3,2.0,1.0,7,0
3091,6550,4,5.5,1.0,11,1
3092,1100,3,1.75,1.0,6,0
3093,3020,4,2.5,1.5,9,1
3094,3180,4,3.0,2.0,9,1
3095,1830,4,1.75,1.0,8,0
3096,2540,3,2.5,1.0,8,1
3097,1770,3,2.0,1.0,7,0
3098,1470,3,1.75,1.0,7,0
3099,570,1,1.0,1.0,5,0
3100,960,3,1.0,1.0,6,0
3101,2940,4,3.0,2.0,9,1
3102,1000,3,1.5,1.0,6,0
3103,2450,3,1.75,1.0,8,1
3104,3310,4,2.5,2.0,9,1
3105,1670,3,2.5,2.0,8,1
3106,1620,3,1.5,2.0,7,0
3107,2990,3,3.0,2.0,10,1
3108,1240,3,1.5,1.0,7,0
3109,670,2,1.0,1.0,6,0
3110,1320,3,1.5,1.0,6,0
3111,6110,4,5.25,2.0,11,1
3112,2440,3,1.75,1.0,8,1
3113,2900,4,2.5,2.0,8,1
3114,2310,4,2.75,1.5,8,1
3115,1110,2,1.0,1.0,6,0
3116,4100,4,3.25,2.0,9,1
3117,930,3,1.0,1.5,5,0
3118,2420,4,2.25,1.0,8,1
3119,2870,4,2.25,1.0,8,1
3120,1480,3,1.0,1.0,7,0
3121,1960,3,2.75,1.5,8,1
3122,1470,3,2.0,1.5,7,1
3123,2460,3,3.25,2.0,8,1
3124,1960,4,1.75,1.0,7,0
3125,1160,2,1.5,2.0,7,0
3126,1910,3,2.5,2.0,8,0
3127,2720,5,2.75,1.5,8,1
3128,1020,2,1.0,1.5,6,0
3129,900,2,1.0,1.0,7,1
3130,1120,3,1.75,1.0,7,0
3131,2340,3,2.5,1.0,8,1
3132,1410,3,1.5,1.0,7,0
3133,1920,4,1.75,1.0,7,1
3134,1370,4,1.75,1.0,6,0
3135,1590,3,2.5,2.5,8,1
3136,1850,4,1.75,1.0,7,0
3137,1430,3,2.0,1.0,7,0
3138,1940,3,1.75,1.0,8,1
3139,1270,4,1.0,1.5,7,0
3140,1380,3,1.5,1.0,7,0
3141,1720,3,2.5,2.0,7,0
3142,4050,6,3.0,2.0,8,1
3143,3660,4,3.25,2.5,10,1
3144,1870,3,2.25,2.0,7,0
3145,2230,4,2.0,1.5,7,1
3146,2020,4,3.0,1.0,8,1
3147,3690,2,2.75,2.0,12,1
3148,1450,2,1.0,1.0,7,0
3149,1630,3,1.75,1.0,7,0
3150,1840,3,2.5,1.0,8,1
3151,1620,3,1.5,1.0,8,1
3152,1840,2,1.5,1.0,8,1
3153,1360,3,1.0,1.0,7,0
3154,2080,4,1.0,1.0,7,1
3155,2550,4,2.25,1.0,7,1
3156,2550,3,2.5,2.0,8,0
3157,1160,2,1.0,1.0,6,1
3158,1760,4,2.0,1.0,7,0
3159,1720,3,1.75,1.0,7,1
3160,2300,3,2.25,1.0,8,1
3161,2500,4,1.75,1.0,8,1
3162,1750,4,2.25,1.5,8,0
3163,1890,3,2.5,2.0,8,1
3164,1800,3,2.25,1.0,8,0
3165,2160,3,2.5,2.0,9,1
3166,1380,3,1.0,1.0,7,0
3167,1180,2,1.0,1.0,7,0
3168,2550,3,2.5,2.0,7,0
3169,1070,2,1.0,1.0,7,1
3170,2870,3,2.25,2.0,10,1
3171,1940,3,2.5,2.0,7,0
3172,870,2,1.0,1.0,7,0
3173,1550,3,2.0,2.0,7,0
3174,1400,3,1.75,1.5,6,0
3175,1210,3,1.75,1.5,8,1
3176,3430,3,2.5,2.0,9,1
3177,3020,3,3.25,2.0,9,1
3178,950,2,1.0,1.0,6,0
3179,3370,4,2.75,1.0,9,1
3180,1460,4,1.0,1.0,6,0
3181,1740,3,1.5,1.5,7,1
3182,1720,4,2.0,1.0,7,1
3183,1480,3,1.75,1.0,7,0
3184,3320,5,2.5,2.0,9,1
3185,3490,4,2.5,1.5,8,0
3186,1160,2,1.5,2.0,7,0
3187,3010,4,1.75,1.0,8,0
3188,1030,3,1.0,1.0,7,0
3189,980,2,1.0,1.0,7,0
3190,1990,5,1.5,1.0,7,0
3191,1790,2,1.0,1.0,7,1
3192,810,2,1.0,1.0,6,0
3193,2940,5,2.25,1.0,8,1
3194,4883,4,4.25,2.0,10,1
3195,1360,4,1.5,1.0,7,0
3196,1370,3,1.75,1.0,7,0
3197,2120,4,2.5,2.0,9,1
3198,1240,3,1.75,1.0,7,0
3199,2770,4,2.5,2.0,8,1
3200,1660,3,1.75,1.0,7,1
3201,1170,2,2.0,1.0,7,0
3202,2470,4,2.75,1.0,7,1
3203,1310,2,1.75,1.0,7,1
3204,1670,3,2.0,1.0,7,1
3205,1660,3,1.75,1.0,7,1
3206,3500,5,3.25,2.0,8,1
3207,1440,3,2.5,2.0,7,0
3208,2360,4,2.75,1.0,7,0
3209,3460,3,3.5,2.0,10,1
3210,1750,3,1.0,1.0,7,0
3211,1470,4,1.75,1.5,7,1
3212,1710,3,1.75,1.0,7,0
3213,520,1,0.75,1.0,3,0
3214,2350,4,2.5,2.0,8,0
3215,2380,4,2.25,2.0,9,1
3216,1920,3,2.25,2.0,8,0
3217,1580,3,1.0,1.0,7,1
3218,3070,3,2.75,2.0,7,0
3219,2660,3,2.5,2.0,10,1
3220,1700,2,1.75,1.0,6,1
3221,5010,4,3.25,2.0,9,1
3222,2680,4,2.25,2.0,7,1
3223,2720,4,2.75,1.5,8,1
3224,940,2,1.0,1.0,6,0
3225,3596,6,2.5,1.0,8,1
3226,1240,2,2.25,2.0,8,0
3227,4660,5,4.0,2.0,9,1
3228,1710,4,1.75,1.0,7,0
3229,930,2,1.0,1.0,6,0
3230,1430,3,2.25,1.0,7,0
3231,1650,3,2.75,2.0,7,0
3232,1560,3,2.25,1.0,7,1
3233,1870,3,2.5,1.0,7,0
3234,1320,3,2.0,1.0,7,0
3235,1400,4,2.0,1.5,7,1
3236,1940,3,1.5,1.0,7,0
3237,2000,5,2.0,1.5,6,1
3238,1640,3,1.0,1.5,6,0
3239,1020,3,1.0,1.0,6,1
3240,1630,3,1.75,1.0,7,0
3241,2940,4,2.5,2.0,9,1
3242,2120,5,4.5,2.0,8,1
3243,790,1,1.0,1.0,7,0
3244,2020,4,1.75,1.0,6,1
3245,1530,3,1.75,1.0,7,0
3246,3250,4,3.75,2.0,9,1
3247,2930,4,3.75,1.5,9,1
3248,3150,3,3.75,2.0,10,1
3249,2180,3,2.5,2.0,9,1
3250,1040,2,1.0,1.0,7,0
3251,880,3,1.0,1.0,5,0
3252,1400,3,1.0,1.0,8,0
3253,2600,4,2.5,2.0,7,1
3254,1590,3,1.75,1.5,7,1
3255,1610,3,2.25,1.0,8,0
3256,1390,4,2.0,1.5,7,0
3257,3710,3,3.25,2.0,10,1
3258,2360,4,1.75,1.0,9,1
3259,1440,3,1.0,1.0,7,1
3260,1400,3,1.75,1.0,6,1
3261,4600,4,2.5,2.0,10,1
3262,2100,3,2.25,2.0,8,1
3263,2010,4,1.75,1.0,9,1
3264,2550,2,2.25,2.0,7,1
3265,1240,2,2.5,2.0,7,0
3266,2090,3,2.25,1.0,7,1
3267,2770,5,2.5,2.0,9,1
3268,3560,3,2.5,2.0,11,1
3269,1240,3,1.0,1.0,7,1
3270,1640,2,1.75,1.0,7,1
3271,3940,5,3.75,1.5,9,1
3272,3150,5,2.5,2.0,9,1
3273,2550,4,3.0,2.0,8,1
3274,3940,4,3.25,2.0,9,1
3275,580,1,1.0,1.0,6,0
3276,1330,3,1.75,1.0,7,0
3277,930,2,1.0,1.0,7,1
3278,1060,3,1.0,2.0,7,1
3279,1180,3,1.5,1.0,7,0
3280,1850,4,2.5,2.0,7,0
3281,820,2,1.0,1.0,6,0
3282,3600,4,2.5,2.0,11,1
3283,1850,3,2.0,1.0,7,0
3284,2240,3,2.0,1.0,8,1
3285,1860,3,2.25,2.0,7,0
3286,2390,4,2.75,2.0,7,0
3287,2040,4,2.5,2.0,7,1
3288,1900,3,1.5,1.5,7,1
3289,1900,3,1.5,1.5,7,1
3290,2200,3,1.5,2.0,7,1
3291,2280,4,2.25,1.5,8,1
3292,1090,3,1.0,1.0,6,0
3293,670,1,1.0,1.0,7,0
3294,1050,3,1.0,1.0,5,0
3295,2090,3,2.25,1.0,7,1
3296,2030,3,2.5,2.0,8,0
3297,1250,3,2.0,1.0,7,0
3298,2600,4,2.25,1.0,8,0
3299,640,2,1.0,1.0,6,0
3300,2120,3,2.5,2.0,7,0
3301,1330,3,1.0,1.0,7,1
3302,750,2,1.0,1.0,5,0
3303,2230,3,2.5,1.0,8,0
3304,1890,4,2.5,1.0,7,0
3305,820,2,1.0,1.0,6,0
3306,1880,3,1.75,1.0,7,0
3307,2360,4,4.25,2.0,8,1
3308,1850,3,2.25,2.0,7,0
3309,2310,4,2.5,2.0,8,1
3310,2520,3,1.5,1.0,8,1
3311,800,2,1.0,1.0,7,0
3312,1580,4,1.75,1.0,6,0
3313,2430,3,2.5,1.0,7,1
3314,2350,4,1.75,1.5,7,1
3315,3800,5,3.0,1.5,9,1
3316,3670,5,3.0,1.0,8,1
3317,1780,4,2.0,1.0,7,0
3318,1295,2,1.5,2.0,9,1
3319,1350,3,1.0,1.0,7,0
3320,1440,3,2.25,1.0,7,0
3321,1320,5,1.75,1.0,7,0
3322,700,2,0.75,1.0,6,0
3323,2510,2,1.75,2.0,9,0
3324,3180,3,1.0,1.0,8,0
3325,910,2,1.0,1.0,7,0
3326,1570,3,2.0,1.5,8,1
3327,2450,3,2.5,2.0,8,0
3328,4910,6,2.25,2.5,10,1
3329,1570,3,2.0,1.0,7,0
3330,2680,4,2.5,2.0,8,0
3331,2090,3,1.75,2.0,7,1
3332,2150,3,2.0,1.0,8,1
3333,1140,2,2.0,2.0,7,0
3334,4230,4,3.5,2.0,11,1
3335,1790,3,1.0,1.5,8,0
3336,3100,5,3.5,1.0,9,1
3337,2220,3,2.5,3.0,10,1
3338,2370,4,2.5,2.0,8,1
3339,4070,4,2.75,2.0,9,1
3340,1790,4,1.0,1.0,7,0
3341,1610,3,2.5,2.0,7,0
3342,2830,5,2.75,1.0,7,1
3343,1010,3,1.0,1.0,6,0
3344,1560,3,1.0,1.5,8,1
3345,1330,3,1.5,1.0,7,0
3346,2330,4,2.25,2.0,8,1
3347,960,3,1.0,1.0,7,1
3348,1710,3,2.5,2.0,8,0
3349,2230,4,2.25,1.0,7,0
3350,1700,3,2.0,2.0,8,1
3351,1040,2,2.0,1.0,6,0
3352,1070,3,1.75,1.0,7,1
3353,3600,5,2.5,1.0,8,0
3354,2750,4,2.5,2.0,7,0
3355,1920,4,1.5,2.0,7,0
3356,1770,3,2.25,1.0,7,0
3357,2460,4,2.5,2.0,9,0
3358,1550,4,2.0,1.5,7,1
3359,1460,3,2.0,1.0,7,0
3360,2440,4,2.25,1.5,7,1
3361,1640,3,1.0,1.5,7,1
3362,1290,2,1.0,1.0,7,1
3363,3150,4,3.0,2.0,9,1
3364,2305,2,2.5,1.0,8,1
3365,1060,2,1.75,1.0,7,0
3366,2060,3,1.75,1.0,7,1
3367,900,2,1.0,1.0,5,0
3368,3890,4,4.5,2.0,11,1
3369,1910,3,1.75,1.0,7,0
3370,2340,4,3.0,1.0,8,1
3371,2900,3,3.0,2.0,10,1
3372,3290,4,2.5,2.0,10,1
3373,630,1,1.0,1.0,7,0
3374,5410,5,4.75,2.0,10,1
3375,4270,4,2.5,1.0,10,1
3376,1700,3,1.5,1.0,7,1
3377,1430,2,1.0,1.5,7,0
3378,2850,4,2.75,2.0,8,1
3379,2160,3,2.0,1.0,10,1
3380,1760,2,2.0,1.0,7,1
3381,2700,4,1.75,1.0,7,0
3382,860,2,1.0,1.0,6,0
3383,880,2,1.0,1.0,7,0
3384,1360,2,2.5,2.0,8,1
3385,1770,2,2.5,3.0,8,0
3386,2030,3,2.0,1.0,7,0
3387,1180,2,1.0,1.0,6,0
3388,2430,4,2.0,1.0,8,0
3389,1300,3,1.0,1.0,7,1
3390,2360,4,2.5,2.0,8,1
3391,1200,3,1.5,1.0,7,0
3392,1000,2,1.0,1.0,5,0
3393,1556,2,1.5,1.0,7,0
3394,1890,3,2.5,1.5,8,1
3395,1810,3,1.75,1.0,7,1
3396,2730,4,2.5,2.0,9,1
3397,3070,4,3.75,2.0,9,1
3398,2080,4,2.25,1.0,8,0
3399,1620,4,2.0,2.0,7,0
3400,1150,2,1.75,1.0,7,0
3401,1250,2,1.0,1.0,7,1
3402,1430,3,1.5,1.0,7,0
3403,790,2,1.0,1.0,6,0
3404,1200,3,1.0,1.5,7,0
3405,2110,2,1.75,1.0,7,0
3406,3160,4,2.0,1.0,6,0
3407,2700,4,1.75,1.5,8,0
3408,820,2,1.0,1.0,6,0
3409,1800,4,2.5,1.0,7,0
3410,1750,5,1.5,1.0,6,1
3411,1540,3,2.0,1.0,7,0
3412,1130,3,1.0,1.0,7,0
3413,1500,3,1.0,1.0,8,1
3414,1600,2,1.75,1.5,8,1
3415,1200,3,2.0,1.0,6,0
3416,1690,3,2.0,1.5,7,1
3417,2270,4,2.5,2.0,9,1
3418,1910,4,2.5,2.0,7,0
3419,1640,3,1.5,1.5,8,1
3420,2120,4,2.5,2.0,7,0
3421,1400,3,1.5,1.0,6,0
3422,760,2,1.0,1.0,6,0
3423,1070,3,1.0,1.0,6,1
3424,1460,3,1.75,1.0,7,0
3425,1280,3,1.5,1.5,5,0
3426,1650,3,2.25,2.0,7,0
3427,1260,3,2.0,1.0,6,0
3428,2200,3,2.5,1.0,7,1
3429,3560,4,2.5,1.0,8,1
3430,1140,2,1.5,1.0,7,0
3431,2550,4,2.5,2.0,9,1
3432,1553,3,2.5,3.0,8,0
3433,1140,2,1.0,1.0,6,0
3434,790,2,1.0,1.0,6,0
3435,2130,4,1.75,1.5,8,1
3436,1390,3,1.0,1.0,7,0
3437,4000,4,3.5,2.0,9,1
3438,1520,4,2.0,1.0,7,0
3439,1657,2,1.0,2.0,7,1
3440,1680,3,1.75,1.0,7,0
3441,2270,4,2.25,1.0,8,1
3442,2470,2,2.5,3.0,11,1
3443,1240,2,2.0,2.0,7,0
3444,1740,3,2.0,1.0,8,1
3445,4090,5,3.5,1.0,11,1
3446,2520,4,2.75,2.0,8,1
3447,1340,5,1.0,1.5,8,0
3448,1640,3,1.0,1.0,7,0
3449,3000,4,2.5,1.0,8,1
3450,1210,3,1.0,2.0,8,1
3451,1810,3,1.0,1.0,7,0
3452,2200,4,2.75,1.0,8,1
3453,2200,3,1.75,1.5,8,1
3454,2350,5,3.0,2.0,7,1
3455,1090,3,1.5,1.0,6,0
3456,2280,3,1.75,1.0,8,1
3457,1520,2,1.0,1.0,7,1
3458,1620,3,2.25,1.0,7,0
3459,1510,3,2.0,1.5,7,1
3460,3001,5,2.5,2.0,8,0
3461,2020,4,1.5,1.0,7,0
3462,1380,3,2.0,1.0,7,0
3463,1520,3,1.5,1.0,7,0
3464,1090,2,1.75,1.0,7,0
3465,4220,5,3.75,2.0,11,1
3466,2520,3,2.25,1.0,10,1
3467,1760,3,2.0,1.0,7,1
3468,930,2,1.0,1.0,6,0
3469,2600,4,2.5,1.5,9,1
3470,2180,3,2.25,1.0,8,0
3471,1910,3,2.5,2.0,8,1
3472,1100,3,1.75,1.0,6,0
3473,1760,3,1.75,1.0,7,1
3474,700,2,1.0,1.0,6,0
3475,1080,3,1.0,1.0,7,0
3476,1070,3,1.0,1.0,7,0
3477,1460,3,1.5,1.0,7,0
3478,1050,1,1.0,1.0,6,0
3479,3160,4,2.75,2.0,9,1
3480,1400,4,1.0,1.0,7,0
3481,3120,4,3.0,2.0,8,1
3482,720,2,1.0,1.0,5,0
3483,2840,3,3.0,2.0,10,1
3484,1220,2,1.0,1.0,6,0
3485,2820,4,3.0,1.5,7,1
3486,840,2,1.0,1.0,7,1
3487,1610,3,2.0,1.5,8,1
3488,1860,4,3.25,2.0,9,1
3489,2260,4,1.75,1.0,9,1
3490,2450,4,2.75,2.0,9,1
3491,850,2,1.0,1.0,6,0
3492,1800,3,1.0,1.0,7,1
3493,1230,4,1.75,1.0,7,1
3494,2060,4,2.25,1.0,7,0
3495,2750,4,2.25,1.0,8,1
3496,1120,2,1.0,1.0,6,0
3497,3010,4,2.5,2.0,8,1
3498,1580,4,1.5,1.5,7,1
3499,2630,4,2.5,2.0,8,1
3500,790,2,1.0,1.0,6,0
3501,3110,4,2.75,2.0,9,1
3502,2130,3,1.75,1.0,8,0
3503,4520,4,3.75,1.5,10,1
3504,1600,3,2.5,2.0,8,0
3505,1950,4,1.75,1.0,7,0
3506,2010,4,3.0,2.0,8,0
3507,2550,4,1.75,1.0,7,0
3508,5340,5,3.75,2.5,10,1
3509,2000,4,2.0,2.0,8,1
3510,2170,3,2.25,2.0,8,1
3511,1550,3,1.0,1.5,7,1
3512,2790,6,3.0,2.5,8,1
3513,1980,3,1.75,1.0,6,0
3514,1190,2,1.5,3.0,7,0
3515,3650,5,2.75,1.0,10,1
3516,1510,3,1.0,1.5,6,0
3517,1200,3,2.0,1.0,7,0
3518,2830,5,3.0,1.0,8,1
3519,1650,4,2.0,1.0,7,0
3520,1710,4,1.5,1.5,7,1
3521,1740,3,1.0,1.5,7,1
3522,1840,3,1.75,1.0,7,0
3523,1820,3,1.5,1.0,7,0
3524,3860,5,3.75,2.0,7,1
3525,1810,3,1.5,1.5,7,0
3526,1030,2,2.0,3.0,7,0
3527,1410,4,1.0,1.5,7,0
3528,2140,5,2.5,1.0,8,1
3529,1930,6,1.5,1.0,7,0
3530,1930,6,1.5,1.0,7,0
3531,1930,4,3.5,1.5,7,1
3532,2210,4,2.5,2.0,8,0
3533,1360,4,1.0,1.0,7,0
3534,1830,3,1.75,1.0,7,0
3535,2120,3,2.25,1.0,7,0
3536,2700,4,2.5,2.0,8,1
3537,3160,4,2.5,2.0,9,1
3538,2770,4,2.25,2.0,8,1
3539,2240,3,2.5,1.0,9,1
3540,2570,4,2.5,2.0,9,0
3541,880,2,1.0,1.0,7,0
3542,1820,3,2.25,2.0,8,1
3543,1660,4,2.25,1.0,7,0
3544,2200,4,3.0,1.0,6,0
3545,1640,4,1.0,1.5,7,0
3546,1650,4,2.0,1.0,7,0
3547,1420,3,1.75,1.0,7,1
3548,1270,3,1.0,1.5,7,1
3549,1070,3,1.0,1.0,7,0
3550,1060,2,1.0,1.0,7,1
3551,2190,3,2.25,1.0,8,1
3552,1940,3,2.25,2.0,9,1
3553,1300,3,2.5,2.0,7,0
3554,1330,3,1.5,1.0,7,0
3555,1940,3,2.25,1.0,8,0
3556,2100,3,1.75,1.0,7,0
3557,1290,3,1.0,1.0,7,0
3558,1560,2,1.75,1.0,6,1
3559,2630,3,1.75,1.0,7,0
3560,2100,3,2.5,2.0,7,0
3561,2070,3,2.75,2.0,8,1
3562,2960,4,2.5,2.0,10,1
3563,1300,2,2.0,1.0,7,0
3564,2520,4,2.5,2.0,9,1
3565,1150,3,1.0,1.5,7,0
3566,2030,4,2.0,1.5,6,0
3567,1880,3,1.5,1.0,8,0
3568,2320,2,1.0,2.0,6,0
3569,1050,2,1.0,1.5,6,1
3570,3030,4,2.5,2.0,9,1
3571,530,1,0.75,1.0,4,0
3572,1090,3,1.5,1.0,7,0
3573,2220,3,2.25,1.0,7,0
3574,1430,3,2.25,2.0,7,0
3575,3780,4,4.5,2.0,11,1
3576,1560,2,1.0,1.0,6,0
3577,2220,4,2.25,1.5,8,1
3578,1140,3,1.5,1.0,7,0
3579,2540,4,2.5,1.0,7,1
3580,1440,3,2.25,2.0,7,0
3581,1570,3,2.25,1.0,7,1
3582,1860,4,2.25,1.0,7,0
3583,2440,5,3.0,1.0,9,1
3584,2100,4,2.5,1.0,7,1
3585,2150,4,2.5,2.0,8,1
3586,2440,3,2.5,2.0,8,0
3587,1930,5,1.5,2.0,7,0
3588,1830,4,2.0,1.0,7,1
3589,1850,4,3.5,2.0,7,0
3590,3210,4,3.5,3.0,9,1
3591,1090,1,1.0,1.0,6,0
3592,1870,3,1.5,2.0,7,1
3593,1920,3,2.25,1.0,8,1
3594,700,2,1.0,1.0,6,0
3595,3380,4,2.25,1.0,8,1
3596,2430,5,2.5,2.0,8,1
3597,1950,3,1.75,1.0,7,1
3598,900,2,1.0,1.0,6,0
3599,2060,3,2.5,2.0,8,1
3600,2180,4,2.0,1.0,8,0
3601,2140,4,2.25,2.0,8,0
3602,1730,6,1.0,1.5,7,1
3603,3140,4,2.5,2.0,9,1
3604,3010,4,4.25,2.0,10,1
3605,800,2,1.5,2.0,8,0
3606,3300,3,2.5,2.0,9,1
3607,1530,2,1.0,1.0,7,1
3608,760,2,1.0,1.0,6,0
3609,2450,5,3.0,2.0,7,1
3610,1000,2,1.0,1.0,7,0
3611,840,2,1.0,1.0,6,0
3612,1380,3,1.5,1.0,7,1
3613,1380,3,1.5,1.0,7,1
3614,2020,4,2.0,1.5,7,0
3615,1260,2,1.0,1.0,7,0
3616,1440,3,1.75,1.0,7,0
3617,1540,4,1.75,1.0,7,1
3618,1060,4,1.0,1.0,6,1
3619,1900,4,1.75,1.0,8,1
3620,2870,3,1.75,1.5,8,1
3621,1050,3,1.0,1.0,6,0
3622,1840,3,2.75,1.0,8,0
3623,3000,5,2.75,1.0,8,1
3624,1200,3,2.0,1.5,6,0
3625,1840,3,1.5,1.0,8,1
3626,2790,4,2.5,2.0,9,1
3627,970,3,1.0,1.0,5,0
3628,1070,4,1.0,1.5,7,0
3629,900,2,1.0,1.0,6,0
3630,2680,4,4.0,1.0,7,1
3631,2000,3,2.5,2.0,8,1
3632,1660,3,1.5,1.0,7,1
3633,1770,4,1.5,1.5,7,1
3634,1230,3,2.0,1.5,7,1
3635,1740,3,1.0,1.0,7,0
3636,1710,3,2.0,1.0,7,0
3637,2020,6,2.0,1.0,7,0
3638,2410,4,2.5,1.0,8,1
3639,2310,4,2.75,1.0,7,0
3640,2400,5,2.5,2.0,7,0
3641,3160,5,2.0,1.5,7,1
3642,1560,3,1.0,1.0,7,0
3643,1770,3,2.5,2.0,7,0
3644,1600,3,2.0,1.0,7,0
3645,1330,3,1.75,1.0,7,0
3646,2970,4,2.5,2.0,9,1
3647,1020,3,1.0,1.0,7,0
3648,2490,3,2.5,2.0,9,1
3649,1700,5,2.0,1.0,7,0
3650,850,1,1.0,1.0,6,0
3651,1250,3,1.75,1.0,7,0
3652,610,2,1.0,1.0,5,0
3653,3700,4,3.5,2.0,11,1
3654,950,3,1.0,1.0,7,0
3655,3860,4,2.5,2.0,8,1
3656,1360,3,3.5,2.0,8,0
3657,3890,4,2.5,2.0,10,1
3658,1680,3,2.25,1.0,7,1
3659,1520,3,2.5,2.0,7,0
3660,2420,3,2.0,1.5,8,1
3661,3890,5,2.75,2.0,9,1
3662,2940,5,1.5,1.0,8,1
3663,1350,3,1.75,1.0,7,0
3664,2190,3,2.25,1.0,8,1
3665,2280,3,2.25,1.0,7,1
3666,1070,2,2.0,1.0,6,0
3667,2540,5,2.25,1.5,7,1
3668,2270,4,2.25,1.0,8,1
3669,1220,2,1.0,1.0,6,0
3670,1890,3,1.75,1.0,7,0
3671,1990,4,2.0,1.0,7,0
3672,1220,3,1.0,1.0,7,0
3673,2640,3,3.0,2.0,9,1
3674,1480,3,1.75,1.0,7,1
3675,2320,3,2.0,1.0,7,0
3676,2410,4,1.75,1.5,8,1
3677,2090,4,2.75,1.0,8,1
3678,920,3,1.0,1.0,6,0
3679,850,3,0.75,1.0,6,0
3680,1130,3,1.0,1.0,7,0
3681,1260,3,1.0,1.0,7,0
3682,2090,4,2.0,1.0,7,1
3683,2020,3,2.0,1.5,7,0
3684,1970,3,2.25,1.0,8,1
3685,1820,3,1.75,1.0,7,0
3686,1840,3,1.5,1.5,7,1
3687,2100,4,1.75,1.0,8,1
3688,1770,4,2.0,2.0,7,1
3689,1110,3,2.0,1.0,7,0
3690,2090,4,2.75,1.0,8,1
3691,2080,4,1.75,2.0,7,0
3692,1400,3,3.25,2.0,7,0
3693,1060,3,1.0,1.0,6,0
3694,720,2,1.0,1.0,6,0
3695,1100,3,2.75,2.0,7,0
3696,1010,3,1.0,1.0,7,0
3697,5230,4,4.75,2.5,11,1
3698,2420,4,1.75,1.0,8,1
3699,1200,3,1.5,1.0,7,0
3700,1950,3,1.5,3.0,8,1
3701,1870,3,2.25,1.0,7,1
3702,1310,4,2.25,1.0,7,0
3703,1520,4,2.0,1.5,7,1
3704,1270,3,1.0,1.0,7,0
3705,840,2,1.0,1.0,6,0
3706,900,2,1.0,1.0,7,0
3707,3010,4,3.0,2.0,8,1
3708,1050,3,1.0,1.0,6,0
3709,3360,6,2.75,1.0,7,1
3710,5370,7,4.75,1.5,8,1
3711,2690,3,3.5,2.0,8,1
3712,1710,3,1.75,1.0,7,1
3713,1640,3,2.5,3.0,8,1
3714,4000,6,3.75,2.0,10,1
3715,4140,5,4.5,2.0,10,1
3716,3140,4,2.75,1.0,8,0
3717,1320,2,1.75,1.0,7,0
3718,3080,4,3.5,2.0,9,1
3719,2500,3,2.5,2.0,10,1
3720,2520,4,2.5,2.0,8,1
3721,2350,3,1.25,1.0,7,0
3722,2570,4,2.5,1.0,8,1
3723,3100,4,2.5,2.0,9,1
3724,4730,4,3.5,1.5,10,1
3725,1030,3,1.75,1.0,6,0
3726,1020,2,1.0,1.0,7,1
3727,2080,3,2.5,2.0,9,1
3728,1410,3,1.0,1.0,7,0
3729,1360,2,2.0,2.0,6,0
3730,2620,3,2.5,2.0,7,1
3731,2260,3,2.25,1.0,9,1
3732,1490,3,1.75,1.0,8,0
3733,2530,4,2.5,1.5,8,1
3734,3140,6,2.25,1.0,8,1
3735,1820,3,2.0,1.0,7,0
3736,1770,4,2.5,2.0,7,1
3737,4430,5,4.0,2.0,10,1
3738,1490,3,3.25,3.0,8,1
3739,1790,3,1.75,1.0,7,0
3740,1710,3,2.5,3.0,8,0
3741,2070,4,2.25,2.0,7,1
3742,1140,2,1.0,1.0,7,1
3743,3930,5,2.0,1.5,8,1
3744,1100,3,1.5,1.0,7,0
3745,2260,3,2.5,1.5,7,0
3746,2260,3,2.5,1.5,7,1
3747,1130,3,1.0,1.0,7,0
3748,1950,3,3.75,1.0,8,0
3749,960,3,1.0,1.0,6,0
3750,4210,4,3.5,2.0,11,1
3751,3430,3,1.5,1.0,7,1
3752,3470,4,2.75,2.0,7,1
3753,2140,5,3.0,1.0,7,0
3754,2520,3,2.75,1.0,7,1
3755,3550,5,2.25,2.0,8,1
3756,700,2,1.0,1.0,6,0
3757,740,2,1.0,1.0,6,0
3758,3300,4,3.75,1.5,10,1
3759,1640,3,2.25,1.0,7,0
3760,2780,3,2.5,2.0,9,0
3761,1830,5,1.5,1.5,7,0
3762,3540,4,2.5,2.0,10,1
3763,1440,3,2.5,1.0,7,0
3764,2960,4,2.5,2.0,10,1
3765,3180,6,2.5,1.0,8,1
3766,3310,5,4.0,2.0,10,1
3767,2390,3,2.0,2.0,7,1
3768,2460,3,2.5,2.0,9,1
3769,1630,3,1.75,1.0,7,1
3770,3490,5,2.75,2.0,10,1
3771,2500,4,2.75,2.0,8,0
3772,2080,4,2.5,1.0,7,0
3773,1290,3,1.5,3.0,7,0
3774,1700,3,1.0,1.0,6,0
3775,1700,3,1.0,1.0,6,0
3776,2540,3,2.5,1.0,8,0
3777,1180,3,1.5,1.0,8,1
3778,1520,4,1.75,1.0,7,1
3779,2390,3,2.75,1.0,8,1
3780,2740,4,2.75,1.5,8,1
3781,2190,3,2.5,1.0,8,1
3782,1350,3,1.0,1.5,6,0
3783,1350,3,1.0,1.5,6,0
3784,2980,4,2.75,1.0,9,1
3785,790,2,1.0,1.0,6,0
3786,2130,4,2.25,2.0,8,1
3787,2700,4,2.5,1.0,8,1
3788,3200,3,2.0,1.0,8,1
3789,1159,2,1.5,1.0,7,1
3790,3080,4,3.5,2.0,9,1
3791,1000,3,1.0,1.0,7,0
3792,2260,3,3.25,2.0,8,1
3793,2270,4,2.25,1.0,7,0
3794,760,1,0.75,1.0,5,0
3795,1420,4,1.75,1.0,5,0
3796,2500,4,2.5,1.0,7,1
3797,1450,2,1.5,1.0,8,0
3798,2500,5,3.0,1.0,8,0
3799,2210,3,1.5,1.5,8,1
3800,3020,5,2.75,2.0,9,1
3801,3290,4,2.5,2.0,9,1
3802,5780,4,4.0,2.0,11,1
3803,1820,3,2.5,2.0,8,1
3804,2500,4,2.75,1.0,8,1
3805,1210,2,1.0,1.0,7,0
3806,1090,2,1.5,1.0,8,1
3807,1330,4,2.25,1.5,8,1
3808,890,2,1.0,1.0,7,1
3809,1360,3,1.75,1.0,8,0
3810,4220,5,3.75,2.0,11,1
3811,3780,4,2.5,2.0,8,1
3812,2610,4,2.0,1.5,6,0
3813,1980,3,2.5,3.0,8,1
3814,1290,3,1.75,1.0,7,0
3815,3620,5,3.25,2.0,9,1
3816,2680,2,2.5,1.0,9,1
3817,1200,3,1.75,1.0,7,0
3818,1992,2,2.75,1.5,6,0
3819,1640,4,1.75,1.0,7,0
3820,1920,4,2.75,1.0,6,0
3821,1840,3,2.25,1.0,7,0
3822,1310,3,1.5,1.0,8,1
3823,1050,2,1.0,1.5,7,0
3824,2570,4,2.5,1.5,8,1
3825,930,3,1.0,1.5,6,0
3826,730,1,1.0,1.0,7,0
3827,1270,2,2.5,3.0,7,0
3828,1150,2,1.0,1.0,7,1
3829,820,2,1.0,1.0,7,0
3830,3000,4,1.75,1.0,7,1
3831,2220,3,2.0,1.0,7,1
3832,2500,5,3.25,1.0,7,1
3833,1540,3,3.5,2.0,7,0
3834,2750,4,2.75,1.0,8,1
3835,3130,4,2.5,1.0,8,1
3836,1430,3,2.0,1.0,8,1
3837,2680,3,2.5,2.0,8,1
3838,3010,4,2.5,2.0,8,0
3839,1530,3,1.5,1.5,7,0
3840,1240,3,1.0,1.0,6,0
3841,2260,3,2.5,1.0,6,0
3842,2820,4,2.25,1.5,9,1
3843,3560,3,2.5,1.0,8,1
3844,1630,3,2.25,1.0,7,0
3845,2880,4,2.5,2.0,9,1
3846,2200,3,3.25,2.0,7,1
3847,1620,3,1.75,1.0,7,0
3848,1480,3,1.75,2.5,9,1
3849,2250,4,2.5,2.0,8,1
3850,3540,4,3.0,2.0,10,1
3851,1790,3,2.0,1.0,7,0
3852,1400,3,2.0,1.0,7,0
3853,2390,3,1.5,2.0,9,1
3854,2400,4,1.75,1.0,8,1
3855,2050,3,1.5,1.0,7,0
3856,2640,4,3.0,2.0,7,1
3857,2320,5,1.75,1.0,7,0
3858,2440,4,2.5,2.5,8,1
3859,1260,3,1.0,1.0,6,0
3860,6240,5,4.75,1.0,11,1
3861,1930,4,2.5,2.0,7,0
3862,1200,4,1.75,1.0,7,0
3863,970,1,1.0,1.0,5,0
3864,1810,3,1.75,1.0,8,0
3865,1380,3,1.0,1.5,7,0
3866,1470,3,1.0,1.0,7,0
3867,1010,3,1.0,1.0,6,0
3868,1010,3,1.0,1.0,6,0
3869,1340,3,1.5,1.0,7,0
3870,970,3,1.0,1.0,7,0
3871,1122,3,1.0,1.5,5,0
3872,1670,3,2.75,3.0,9,1
3873,2840,3,1.75,1.0,8,0
3874,770,2,1.0,1.0,4,0
3875,2040,3,2.25,2.0,9,1
3876,3052,4,2.5,2.0,8,0
3877,2620,3,2.5,2.0,8,1
3878,3120,5,2.25,2.0,8,0
3879,1100,2,1.0,1.0,7,0
3880,3410,4,2.75,1.5,10,1
3881,2510,5,2.75,1.0,8,1
3882,1680,3,1.75,1.0,8,0
3883,1960,3,2.0,1.0,7,0
3884,1040,2,1.0,1.0,7,0
3885,1750,5,1.5,1.5,7,0
3886,2170,3,3.25,1.5,9,1
3887,1639,3,2.5,2.0,8,0
3888,2100,4,2.25,1.0,7,0
3889,880,2,1.0,2.0,7,0
3890,1940,3,1.75,1.0,8,1
3891,2490,4,2.5,1.0,7,0
3892,2060,3,2.25,2.0,9,1
3893,2720,4,2.5,2.0,10,1
3894,2180,3,2.25,1.0,7,1
3895,3600,4,3.25,2.0,11,1
3896,840,2,1.0,1.0,6,0
3897,2370,3,2.0,2.0,7,1
3898,2270,4,2.25,2.0,7,0
3899,2720,4,2.5,2.0,9,0
3900,1140,3,1.5,1.5,7,1
3901,2460,4,2.5,2.0,8,1
3902,1240,3,1.5,1.0,8,0
3903,1670,3,2.25,1.0,7,0
3904,2220,4,1.75,1.0,7,1
3905,980,3,1.0,1.0,7,0
3906,1890,4,1.5,1.5,8,1
3907,1100,2,1.0,1.5,6,0
3908,2770,2,1.75,2.0,8,1
3909,4250,4,2.75,2.0,10,1
3910,1370,2,2.0,1.0,8,0
3911,1480,3,1.5,1.0,7,1
3912,3770,4,3.75,2.5,9,1
3913,2870,6,3.0,2.0,7,1
3914,3820,3,2.5,2.0,9,1
3915,1530,3,2.5,1.0,7,1
3916,4120,3,2.75,1.0,12,1
3917,1590,3,2.25,1.0,7,0
3918,1520,3,1.0,1.0,6,0
3919,2350,4,2.5,2.0,9,1
3920,1370,4,2.0,1.5,7,0
3921,1540,3,2.5,1.0,6,1
3922,3786,3,3.25,1.0,9,1
3923,1500,4,2.25,2.0,7,0
3924,1750,6,2.0,1.0,5,0
3925,1800,3,1.5,1.0,7,0
3926,1180,2,1.75,1.0,8,0
3927,830,2,1.0,1.0,6,0
3928,1540,3,1.75,1.0,6,0
3929,1610,3,2.25,2.0,8,0
3930,1990,3,2.25,2.0,8,1
3931,2070,3,2.5,2.0,8,1
3932,1760,3,1.75,1.0,7,1
3933,1740,3,1.75,1.0,7,1
3934,1950,3,1.5,1.0,6,0
3935,1280,3,1.0,1.5,6,0
3936,1460,3,1.75,1.0,7,0
3937,3770,4,3.25,2.0,10,1
3938,2410,4,1.75,2.0,8,1
3939,2410,4,1.75,2.0,8,1
3940,1400,3,1.75,2.0,6,0
3941,2100,3,2.5,2.0,9,0
3942,5360,4,3.5,1.0,9,1
3943,1000,3,1.0,1.0,7,0
3944,3150,4,3.5,2.0,9,1
3945,4180,5,3.5,2.0,10,1
3946,2840,4,2.25,1.0,8,1
3947,2110,4,2.5,1.0,8,1
3948,1660,2,1.5,1.0,7,0
3949,2160,4,3.0,1.0,7,1
3950,2420,4,2.5,2.0,9,1
3951,1920,4,1.75,1.0,7,1
3952,2310,4,2.5,2.0,7,0
3953,2330,3,2.25,1.5,7,1
3954,2340,5,2.5,1.0,8,0
3955,2590,4,2.5,2.0,8,1
3956,1410,2,3.0,2.0,8,0
3957,2850,3,2.75,1.0,8,0
3958,730,2,1.0,1.0,6,0
3959,1470,3,1.75,1.0,7,0
3960,2330,4,2.25,1.0,8,0
3961,2460,4,2.25,1.0,8,0
3962,2080,3,2.25,1.5,8,0
3963,990,2,1.0,1.0,6,0
3964,1450,3,2.5,2.0,7,0
3965,1340,3,1.75,2.0,7,1
3966,2730,3,2.5,2.0,9,0
3967,1140,3,1.0,1.0,6,0
3968,1950,4,1.5,1.5,7,1
3969,2000,4,1.75,1.0,7,0
3970,900,3,1.0,1.0,5,0
3971,3390,5,2.75,2.0,9,1
3972,720,1,1.0,1.0,6,0
3973,940,3,1.0,1.0,7,0
3974,1770,3,1.75,1.0,7,0
3975,590,1,1.0,1.0,7,0
3976,1980,3,2.5,2.0,7,1
3977,3070,4,3.25,2.0,10,1
3978,3500,4,2.5,2.0,9,1
3979,2100,3,2.5,2.0,8,1
3980,2620,4,2.25,1.0,7,1
3981,2810,4,2.5,2.0,9,1
3982,2290,4,1.5,1.0,7,0
3983,1350,3,1.75,1.0,7,0
3984,2770,4,2.5,1.0,8,0
3985,2530,4,1.75,1.5,8,1
3986,1280,3,1.0,1.5,5,0
3987,1060,3,1.75,1.0,7,0
3988,1000,2,1.75,1.0,8,0
3989,3870,3,3.25,2.0,9,1
3990,3370,5,2.0,1.5,7,1
3991,2290,4,1.75,1.0,6,0
3992,1670,3,2.25,2.0,7,0
3993,1460,3,1.75,1.0,7,0
3994,1770,3,1.75,1.0,7,0
3995,820,2,1.0,1.0,6,0
3996,1900,3,1.75,1.0,8,1
3997,1870,2,2.0,1.0,8,1
3998,1840,4,2.0,1.0,7,1
3999,1590,3,1.0,1.0,7,0
4000,1640,3,1.0,1.0,7,1
4001,3000,3,2.25,1.5,11,1
4002,2160,3,1.75,1.0,8,1
4003,2490,3,3.0,2.0,8,1
4004,1290,3,2.0,1.0,7,1
4005,3190,3,2.5,2.0,9,1
4006,1540,4,1.0,1.5,7,1
4007,2140,3,2.0,1.0,8,0
4008,980,2,1.0,1.0,7,0
4009,2450,5,2.25,2.0,8,0
4010,1360,3,2.0,1.5,6,0
4011,4610,4,3.5,2.0,10,1
4012,2860,3,2.5,2.0,9,1
4013,1810,3,2.0,1.0,7,0
4014,2240,4,2.0,1.0,8,1
4015,3610,3,3.25,2.0,10,1
4016,1450,2,1.0,1.5,7,1
4017,1450,3,3.5,2.0,8,1
4018,1820,3,1.5,1.0,7,0
4019,5620,5,3.25,2.0,11,1
4020,2080,3,1.75,1.0,7,0
4021,1780,3,2.5,3.0,8,0
4022,4340,8,6.0,2.0,8,1
4023,2860,4,3.25,2.0,9,1
4024,2540,3,1.5,1.0,8,1
4025,1140,4,1.0,1.5,6,0
4026,1320,3,2.0,3.0,7,0
4027,2040,3,2.5,2.0,8,1
4028,1790,4,2.25,1.0,7,1
4029,1910,3,2.0,1.0,8,0
4030,1460,3,1.75,2.0,7,1
4031,1420,3,1.5,1.0,7,0
4032,1790,4,1.5,1.5,7,1
4033,1390,3,2.0,2.0,8,0
4034,1880,4,1.75,1.0,7,0
4035,1570,3,1.5,2.0,7,0
4036,2690,3,2.5,2.0,7,1
4037,1670,3,1.75,1.0,8,0
4038,1040,3,1.0,1.0,7,0
4039,1560,4,2.0,1.0,7,0
4040,1470,2,1.0,1.0,7,0
4041,2070,3,2.25,1.5,8,1
4042,1370,2,1.0,1.0,8,1
4043,1120,2,1.0,1.0,7,0
4044,2640,4,2.75,2.0,9,1
4045,1030,3,1.0,1.0,7,0
4046,1120,3,1.0,1.0,6,0
4047,1730,4,1.75,1.0,7,1
4048,2090,3,2.5,2.0,9,1
4049,920,3,1.0,1.0,7,0
4050,2970,4,2.25,2.0,8,1
4051,1720,3,2.5,2.0,8,0
4052,1460,3,1.75,1.0,7,0
4053,1540,3,1.5,1.5,7,1
4054,2850,8,3.0,1.0,7,0
4055,1310,3,2.0,1.0,7,0
4056,2430,5,2.5,2.0,9,0
4057,1700,3,1.5,1.0,8,1
4058,2160,4,1.75,2.0,8,0
4059,860,3,1.5,1.0,6,0
4060,2050,3,3.5,2.0,8,1
4061,1650,4,2.0,1.0,7,0
4062,1570,3,2.25,1.0,7,0
4063,1660,3,1.75,1.5,7,0
4064,1220,3,1.0,1.0,7,1
4065,1220,3,1.0,1.0,7,1
4066,1780,3,2.0,1.0,7,0
4067,2180,3,2.5,2.0,8,0
4068,3520,3,2.5,2.5,9,1
4069,2220,3,2.5,2.0,8,0
4070,1610,3,2.0,1.0,7,0
4071,1070,3,1.5,1.0,6,0
4072,1060,3,1.0,1.0,6,1
4073,1160,3,1.5,1.0,7,0
4074,910,2,1.0,1.0,7,1
4075,2970,3,2.5,2.0,9,1
4076,790,1,1.0,1.0,6,0
4077,1540,2,2.0,2.0,7,1
4078,3130,4,2.5,1.0,9,1
4079,1470,3,1.5,1.0,7,1
4080,3160,4,2.75,1.5,8,1
4081,2675,3,2.25,2.0,8,1
4082,1340,3,2.0,1.0,7,0
4083,3830,9,4.5,2.5,7,1
4084,1800,3,2.5,2.0,8,0
4085,2990,3,3.25,2.0,10,1
4086,3720,4,3.0,1.0,9,1
4087,920,3,1.0,1.0,6,0
4088,3280,4,3.0,2.0,7,1
4089,1440,4,1.0,1.0,7,0
4090,1940,3,2.25,1.0,8,0
4091,1590,3,1.75,1.0,8,0
4092,1340,2,2.0,1.0,8,0
4093,3770,4,2.5,2.0,11,1
4094,2680,6,2.5,1.0,7,1
4095,2820,4,2.5,2.0,8,1
4096,1520,3,1.75,1.0,5,0
4097,2560,4,2.5,2.0,8,0
4098,3310,3,2.5,1.0,8,1
4099,1540,3,1.5,1.0,7,0
4100,1430,3,1.75,1.0,8,1
4101,2506,4,2.5,2.0,7,0
4102,2250,4,2.0,1.0,7,1
4103,2740,5,1.75,1.0,7,1
4104,1540,3,1.75,1.0,6,0
4105,4190,4,2.75,1.0,9,1
4106,1690,4,1.75,1.0,7,0
4107,1990,4,2.25,1.5,8,1
4108,2410,4,2.5,2.0,9,1
4109,1150,2,1.0,1.0,7,0
4110,1720,4,1.75,2.0,7,0
4111,1260,3,2.0,2.0,7,0
4112,2020,5,2.5,1.0,8,0
4113,2240,5,2.25,1.0,7,1
4114,1930,4,2.25,2.0,8,0
4115,1820,3,2.5,1.0,7,0
4116,1560,3,3.5,2.0,8,1
4117,2170,5,3.0,1.5,8,1
4118,1600,3,1.75,1.0,8,1
4119,3760,4,3.5,2.0,9,1
4120,1240,3,1.5,1.0,7,1
4121,1090,3,1.75,1.5,8,0
4122,2740,4,2.5,1.0,8,1
4123,3110,3,2.5,2.0,9,1
4124,1610,3,2.5,2.0,7,0
4125,1880,4,3.5,3.0,8,1
4126,1740,4,2.0,1.0,6,0
4127,3270,4,2.25,2.0,8,1
4128,1990,3,2.5,2.0,8,1
4129,1960,4,1.75,1.0,8,0
4130,1680,3,1.75,1.0,7,1
4131,2910,4,3.0,2.0,9,1
4132,1500,3,2.25,1.0,7,0
4133,580,1,1.0,1.0,7,0
4134,2540,3,1.75,1.0,7,1
4135,950,2,1.0,1.0,7,0
4136,810,2,1.0,1.0,7,0
4137,4080,5,3.0,2.0,8,1
4138,1820,4,2.0,1.0,7,0
4139,2650,4,2.5,2.0,7,0
4140,1670,3,2.25,2.0,9,1
4141,2480,3,2.5,2.0,8,0
4142,1240,3,1.75,1.0,8,0
4143,1390,3,2.0,1.0,7,0
4144,2880,3,2.5,2.0,10,1
4145,1060,3,1.0,1.0,7,0
4146,1070,2,1.0,1.0,7,1
4147,1640,4,1.75,1.5,7,1
4148,1510,3,2.0,1.0,7,1
4149,1230,3,1.0,1.5,6,0
4150,1510,3,2.0,1.0,8,0
4151,3180,4,2.5,2.0,8,1
4152,2260,4,2.0,1.0,8,1
4153,1920,4,2.5,2.0,8,0
4154,1980,3,2.5,2.0,8,0
4155,1200,2,1.0,1.0,6,0
4156,2020,4,2.25,1.0,8,1
4157,2010,4,1.5,1.5,7,0
4158,1930,3,2.25,1.0,7,0
4159,2710,5,2.5,1.0,8,1
4160,1950,5,1.0,1.5,7,0
4161,2110,3,1.75,1.0,8,0
4162,1250,3,1.0,1.0,7,0
4163,1380,2,2.5,3.0,9,1
4164,2050,3,1.75,2.0,8,1
4165,1800,3,1.5,2.0,8,0
4166,1310,3,1.0,1.0,7,0
4167,1010,2,1.0,1.0,7,1
4168,1850,3,2.75,1.5,7,1
4169,1750,3,2.25,2.0,8,0
4170,2154,4,2.5,2.0,8,0
4171,1230,3,1.75,2.0,8,0
4172,1960,3,2.0,1.0,6,0
4173,1070,4,1.0,1.0,6,0
4174,1450,3,1.0,1.0,7,1
4175,3680,4,2.75,2.0,9,1
4176,5760,4,2.5,2.0,12,1
4177,1220,3,1.0,1.0,7,0
4178,2950,4,2.75,2.0,7,1
4179,1340,3,1.5,2.0,7,0
4180,2870,4,2.25,2.0,8,1
4181,2590,4,1.0,1.5,7,1
4182,2090,4,1.75,1.0,8,1
4183,3000,6,3.5,1.0,8,1
4184,1730,4,1.75,1.0,7,0
4185,2850,4,3.5,1.5,7,1
4186,1020,3,1.0,1.0,7,0
4187,2200,3,2.5,2.0,9,1
4188,3240,3,2.5,2.0,7,1
4189,2990,3,2.5,1.0,7,0
4190,2450,5,2.0,1.0,7,1
4191,1900,3,2.5,2.0,8,1
4192,2640,4,2.5,2.0,7,0
4193,1340,3,2.0,3.0,8,0
4194,3220,4,2.5,2.0,9,1
4195,930,3,2.0,1.0,7,0
4196,3240,4,2.5,1.0,10,1
4197,2630,5,2.5,1.5,8,0
4198,1730,3,2.5,2.0,8,1
4199,2120,4,1.75,1.0,8,1
4200,880,3,1.0,1.5,6,0
4201,1800,4,2.0,1.0,7,0
4202,1600,3,1.75,1.0,7,0
4203,3280,3,2.5,2.0,11,1
4204,3290,5,1.75,1.0,7,0
4205,2890,4,2.25,3.0,10,1
4206,1730,3,2.5,1.0,7,0
4207,1590,3,2.5,2.0,7,0
4208,1710,4,1.75,1.0,7,1
4209,1995,3,1.75,2.0,7,0
4210,1300,3,1.75,1.0,7,0
4211,2720,3,2.5,1.0,8,1
4212,1360,2,2.5,2.0,8,1
4213,1590,2,2.5,2.0,8,1
4214,1200,2,1.0,1.0,7,1
4215,1170,2,1.0,1.5,7,1
4216,2010,5,2.5,1.5,6,1
4217,1880,3,2.75,2.0,7,0
4218,3250,3,2.0,2.0,8,1
4219,2270,4,2.5,1.0,9,1
4220,3680,9,3.0,2.0,7,1
4221,1880,3,2.0,1.0,8,1
4222,1050,3,1.0,1.0,7,0
4223,2250,3,3.25,1.0,9,1
4224,1689,3,3.25,3.0,8,0
4225,2860,6,3.0,1.0,8,1
4226,2710,4,2.5,3.0,10,1
4227,1770,3,2.0,1.0,7,1
4228,2820,4,2.75,1.0,8,1
4229,3400,4,3.25,1.0,8,1
4230,3110,4,2.5,2.0,9,1
4231,1480,4,1.0,1.0,7,0
4232,940,2,1.0,1.0,6,0
4233,2680,4,2.5,2.0,8,1
4234,3190,4,2.75,2.0,9,1
4235,1920,3,2.5,2.0,9,1
4236,2610,3,2.5,2.0,9,1
4237,1040,3,0.75,1.0,6,0
4238,2880,4,3.25,1.0,11,1
4239,1450,3,2.0,2.0,7,0
4240,3902,6,4.5,3.0,9,1
4241,2460,4,2.5,1.0,8,0
4242,2170,3,2.5,2.0,9,1
4243,1970,5,2.25,1.0,7,0
4244,1000,3,1.0,1.0,7,0
4245,1580,3,2.0,1.0,7,1
4246,2130,4,1.5,1.0,7,0
4247,1370,4,1.0,1.0,7,0
4248,2150,4,2.0,1.0,8,1
4249,1370,3,1.75,1.0,8,0
4250,1370,3,1.0,2.0,8,1
4251,3290,3,3.0,2.0,8,1
4252,3190,3,2.0,2.0,9,1
4253,4140,4,3.25,1.0,10,1
4254,1690,3,1.75,1.0,7,0
4255,1690,5,1.0,1.5,7,1
4256,1430,3,1.0,1.0,7,0
4257,1980,4,3.75,2.0,9,1
4258,1490,3,2.5,2.0,7,0
4259,3620,5,3.0,1.0,8,1
4260,2720,4,2.5,1.0,9,1
4261,1490,4,1.75,1.0,7,0
4262,1230,3,1.75,1.0,7,0
4263,1900,3,2.0,1.0,7,0
4264,1530,3,1.75,1.0,7,0
4265,2290,3,1.75,1.0,8,0
4266,2240,5,1.5,1.0,8,1
4267,3470,4,2.5,2.0,9,1
4268,3050,4,2.5,1.0,8,1
4269,1100,3,1.0,1.0,7,0
4270,1610,3,1.0,1.0,7,0
4271,1910,3,2.75,1.0,8,0
4272,1510,3,2.0,1.0,7,0
4273,1280,3,1.5,2.0,6,0
4274,1910,3,2.5,2.5,8,1
4275,1170,3,1.0,2.0,6,0
4276,1550,2,1.0,1.0,7,1
4277,1060,3,1.0,1.0,7,0
4278,1040,2,1.0,1.0,7,0
4279,1550,3,2.5,2.0,7,1
4280,2490,3,2.5,1.0,9,1
4281,920,2,1.0,1.0,6,0
4282,1250,3,1.0,1.5,6,0
4283,2540,3,1.5,2.0,8,1
4284,2190,5,1.75,1.0,8,0
4285,1340,3,1.75,1.0,7,0
4286,2410,5,2.5,1.0,8,1
4287,1830,3,1.75,1.0,7,0
4288,1850,3,1.0,2.0,6,0
4289,1410,3,1.0,1.0,7,0
4290,1460,3,1.75,1.0,8,0
4291,1500,3,2.5,2.0,9,1
4292,1130,3,1.0,1.5,6,0
4293,1620,2,2.5,2.0,8,0
4294,2330,2,1.75,1.0,7,1
4295,1520,3,3.0,3.0,7,1
4296,2840,4,2.5,2.0,8,0
4297,1520,3,2.0,1.0,7,0
4298,1740,3,1.0,1.0,8,0
4299,4000,4,4.0,2.0,9,1
4300,2780,3,2.25,1.0,9,1
4301,3500,4,4.25,1.0,9,1
4302,1060,3,1.0,1.0,7,0
4303,1290,3,1.0,1.5,7,0
4304,2390,3,2.5,1.0,8,0
4305,2460,5,1.75,1.0,7,1
4306,2930,4,2.75,1.0,9,1
4307,2200,4,2.25,2.0,7,0
4308,1870,3,2.5,1.0,8,1
4309,2060,4,2.5,1.0,7,1
4310,1610,4,1.75,1.0,7,0
4311,2120,3,2.25,2.0,7,0
4312,1450,3,3.5,2.0,8,0
4313,1980,2,1.0,1.0,7,1
4314,860,2,1.0,1.0,6,0
4315,1460,3,1.75,1.0,7,0
4316,2590,5,2.0,1.0,7,1
4317,1120,2,1.0,1.0,6,0
4318,1340,3,1.0,1.5,5,0
4319,1780,4,1.5,1.5,8,1
4320,2920,4,2.5,1.5,8,1
4321,2820,4,3.25,1.0,7,1
4322,1550,3,2.25,3.0,8,1
4323,1600,3,2.25,1.0,8,0
4324,3190,4,2.75,2.0,10,1
4325,1960,3,1.75,1.0,7,1
4326,970,3,1.0,1.0,7,0
4327,1360,3,1.5,1.0,7,0
4328,1360,3,1.5,1.0,7,0
4329,3810,6,3.75,2.0,8,1
4330,1340,3,1.75,1.0,7,0
4331,1990,3,2.25,3.0,9,1
4332,1120,3,1.75,1.0,7,0
4333,2060,4,1.75,1.5,7,1
4334,1170,3,1.5,1.0,6,0
4335,1610,3,2.5,2.0,9,1
4336,1890,3,2.0,2.0,9,1
4337,1070,2,2.0,2.0,9,0
4338,1680,3,1.75,1.0,8,0
4339,2890,4,2.75,2.0,9,1
4340,1360,2,1.0,1.0,7,1
4341,1660,3,1.5,2.0,8,1
4342,1620,2,1.0,1.0,7,1
4343,960,2,1.0,1.0,6,1
4344,1000,4,1.75,1.5,6,0
4345,2395,2,2.5,1.0,8,1
4346,3050,4,1.75,1.0,8,1
4347,1120,2,1.0,1.5,6,0
4348,2960,4,3.25,2.0,9,1
4349,1250,3,2.25,3.0,8,0
4350,1940,4,2.0,1.0,7,1
4351,1750,3,2.5,2.0,8,1
4352,2150,4,1.75,1.0,7,1
4353,1500,2,1.75,1.0,7,0
4354,3230,3,2.75,2.0,7,1
4355,3000,4,2.5,2.0,8,1
4356,1520,4,1.75,1.0,7,1
4357,1190,3,1.5,1.0,7,0
4358,990,3,1.0,1.0,7,0
4359,1250,3,1.0,1.0,7,0
4360,2080,4,2.0,1.0,7,0
4361,1640,3,2.5,2.0,7,0
4362,1550,4,1.5,1.5,7,1
4363,1290,3,1.0,1.0,7,0
4364,3250,3,3.0,2.0,10,1
4365,1260,3,1.75,1.0,6,0
4366,2840,3,3.5,3.0,10,1
4367,1960,3,2.25,2.0,8,0
4368,760,3,1.0,1.0,5,0
4369,2240,3,1.75,2.0,8,1
4370,2240,4,2.25,2.0,9,1
4371,1820,3,1.75,1.0,8,1
4372,3370,4,3.5,2.0,9,1
4373,1160,3,1.0,1.0,8,1
4374,1640,3,2.25,1.0,8,1
4375,820,1,0.75,1.0,5,1
4376,2800,4,2.5,2.0,9,0
4377,1780,3,1.75,1.5,6,0
4378,2200,4,2.75,1.0,7,0
4379,1480,4,2.0,1.0,6,0
4380,2010,3,3.0,2.0,7,1
4381,2880,3,2.0,1.5,7,1
4382,940,3,1.0,1.0,6,1
4383,1620,4,1.75,1.0,7,0
4384,4400,4,3.25,2.0,11,1
4385,1530,3,1.75,1.0,7,1
4386,3460,4,2.75,1.0,9,1
4387,2890,4,2.5,2.0,7,1
4388,1980,3,1.5,1.0,7,0
4389,1980,3,1.0,1.5,8,1
4390,1450,2,1.5,1.0,7,0
4391,4280,4,3.0,1.0,11,1
4392,1810,4,2.5,2.0,7,0
4393,2490,3,3.0,2.0,10,1
4394,1610,3,1.0,1.5,7,1
4395,1820,1,2.5,2.0,7,1
4396,3520,4,2.5,2.0,10,1
4397,3740,4,2.25,1.0,9,1
4398,2150,3,2.25,2.0,7,0
4399,3526,4,3.25,2.0,10,1
4400,1070,2,1.0,1.0,7,0
4401,1410,3,1.0,1.0,7,0
4402,3190,4,2.5,2.0,10,1
4403,1270,2,1.0,1.0,7,0
4404,1970,4,1.5,1.5,7,0
4405,1640,3,2.25,1.0,8,0
4406,1600,3,1.0,1.0,8,1
4407,3020,3,2.5,2.0,7,0
4408,1350,2,1.0,1.0,6,0
4409,1870,4,1.75,1.0,7,0
4410,2730,3,2.75,1.5,9,1
4411,1100,2,1.0,1.0,7,0
4412,4320,5,3.5,2.0,11,1
4413,2700,3,2.5,1.0,7,0
4414,3700,3,3.0,1.0,10,1
4415,2190,4,1.75,1.0,7,0
4416,2840,5,2.75,1.0,7,0
4417,2610,4,2.75,1.0,8,0
4418,2630,3,2.5,2.0,8,1
4419,1090,3,1.5,1.0,7,0
4420,3090,4,3.5,2.0,9,1
4421,1670,2,2.0,1.0,6,0
4422,1300,3,1.0,2.0,7,1
4423,3670,3,2.5,1.0,10,1
4424,1700,4,2.5,2.0,8,0
4425,2560,2,3.0,1.0,8,1
4426,2770,4,2.5,2.0,8,1
4427,3240,3,3.25,2.0,9,1
4428,2300,2,2.5,1.0,8,1
4429,2483,4,3.0,2.0,8,0
4430,760,1,1.5,3.0,8,0
4431,2040,4,1.5,2.0,9,1
4432,1200,3,1.0,1.0,7,1
4433,960,2,1.0,1.0,7,0
4434,2410,3,1.75,1.0,8,1
4435,2260,3,3.25,2.0,8,1
4436,1910,3,1.0,1.0,7,1
4437,1500,3,1.5,1.5,7,1
4438,1360,3,2.25,2.0,8,1
4439,1320,3,1.0,1.0,7,0
4440,1940,2,1.5,1.0,7,1
4441,2650,4,2.5,2.0,8,1
4442,3040,4,2.75,2.0,9,1
4443,1240,3,1.0,1.0,7,0
4444,2210,3,2.25,1.0,7,1
4445,1540,3,1.75,1.0,6,0
4446,1320,3,2.5,2.0,8,0
4447,3040,3,2.5,2.0,9,1
4448,910,2,1.0,1.0,7,1
4449,2040,4,3.0,1.0,8,0
4450,980,2,1.0,1.0,7,0
4451,980,3,1.0,1.5,6,0
4452,4420,4,3.75,2.0,9,1
4453,1570,3,2.0,1.0,7,1
4454,1600,3,1.0,1.5,6,0
4455,1830,4,1.75,1.0,7,1
4456,2820,3,2.5,2.0,11,1
4457,1800,3,1.75,1.0,6,0
4458,4380,3,4.0,2.0,11,1
4459,2980,3,3.0,2.0,9,1
4460,1690,3,1.0,1.0,7,0
4461,4040,4,3.5,2.0,11,1
4462,1250,3,1.0,1.0,6,0
4463,1500,3,1.75,1.0,7,0
4464,1630,3,2.0,1.0,7,0
4465,1410,3,2.0,2.0,7,1
4466,1140,3,1.0,1.0,6,1
4467,3280,4,2.5,2.0,7,1
4468,3490,4,3.5,2.0,9,1
4469,2020,4,2.5,2.0,8,0
4470,4580,5,4.0,3.0,10,1
4471,2270,3,2.5,2.0,8,0
4472,1310,2,1.75,1.0,6,0
4473,1420,3,2.0,1.5,7,1
4474,2980,4,3.0,2.0,10,1
4475,4180,5,3.0,2.0,7,1
4476,1950,4,2.25,1.0,7,1
4477,1790,4,1.75,1.0,8,0
4478,1400,5,1.75,1.0,5,0
4479,1320,3,1.0,1.0,7,0
4480,1620,4,2.25,1.0,8,0
4481,3120,4,2.5,2.0,9,0
4482,2100,4,2.5,2.0,8,0
4483,1370,3,3.25,3.0,8,1
4484,1520,3,1.75,1.0,8,1
4485,2410,3,2.5,1.0,7,0
4486,1260,4,1.0,1.0,7,1
4487,2830,4,2.5,1.0,8,0
4488,2064,3,2.0,2.0,7,1
4489,2640,4,2.25,1.0,8,1
4490,1020,2,1.0,1.0,7,0
4491,2200,4,2.5,2.0,7,0
4492,1420,3,1.5,1.0,7,0
4493,1350,3,1.0,1.5,6,0
4494,1290,3,1.0,1.0,7,1
4495,1680,4,2.0,1.0,7,1
4496,2280,3,2.5,2.0,8,0
4497,1840,3,2.25,1.5,8,1
4498,2040,4,2.0,1.0,7,1
4499,1490,3,1.5,1.0,7,0
4500,2440,4,2.5,2.0,7,0
4501,1930,3,2.0,1.0,8,0
4502,1200,3,1.0,1.0,7,0
4503,1550,3,2.0,1.0,7,0
4504,2180,4,2.5,1.0,8,0
4505,1430,3,2.25,3.0,8,0
4506,1230,2,1.75,1.0,8,1
4507,1670,3,1.5,2.0,8,1
4508,2720,2,2.5,1.0,8,1
4509,2220,4,1.5,1.0,7,0
4510,1520,3,1.5,1.0,7,1
4511,1590,3,1.75,1.0,7,0
4512,1480,4,1.75,1.0,7,0
4513,1860,4,1.5,1.0,7,0
4514,1360,4,2.0,1.0,6,0
4515,1360,3,1.0,1.0,6,0
4516,2360,4,3.0,1.0,7,0
4517,2360,3,2.0,2.0,8,0
4518,1860,3,2.0,1.0,7,0
4519,2630,3,2.25,2.5,8,1
4520,1280,2,1.75,1.0,7,0
4521,2330,4,2.25,2.0,8,1
4522,720,2,1.0,1.0,6,0
4523,3380,3,3.5,2.0,9,1
4524,3650,3,2.0,2.0,7,1
4525,1640,3,1.75,1.5,7,1
4526,1730,4,1.0,1.5,5,0
4527,1030,2,1.0,1.5,6,0
4528,1790,3,1.0,1.0,7,1
4529,840,2,1.0,1.0,7,1
4530,1300,3,1.75,1.0,7,0
4531,1240,3,1.0,1.5,6,0
4532,2170,4,2.25,1.0,7,1
4533,1330,3,1.0,2.0,7,0
4534,1390,3,3.0,2.0,7,0
4535,1240,2,1.5,1.0,6,0
4536,880,2,1.0,1.0,7,1
4537,2540,4,2.25,1.0,8,1
4538,2520,5,1.5,1.5,7,0
4539,2510,5,2.25,1.0,9,1
4540,2020,5,1.75,1.0,7,0
4541,2060,3,1.75,1.0,7,0
4542,930,2,1.0,1.0,6,0
4543,2700,2,1.5,1.5,8,1
4544,1060,2,1.0,1.0,7,0
4545,670,2,1.0,1.0,5,0
4546,1750,3,2.0,1.0,7,1
4547,930,2,1.0,1.0,6,0
4548,2420,4,2.5,1.0,8,0
4549,2410,4,2.25,1.0,7,1
4550,1150,3,1.0,1.0,6,0
4551,2480,4,2.5,2.0,7,1
4552,1310,4,1.0,1.5,7,0
4553,1240,3,1.0,1.0,6,0
4554,1150,3,1.0,2.0,8,1
4555,1460,3,1.75,1.0,7,1
4556,3060,5,2.75,1.0,8,1
4557,3520,4,2.5,2.0,9,1
4558,960,2,1.0,1.0,7,0
4559,2430,3,2.5,2.0,8,0
4560,1930,3,2.5,1.0,7,0
4561,1090,3,1.0,1.5,7,1
4562,2790,3,2.5,1.0,8,1
4563,1650,4,1.75,1.0,7,0
4564,3740,3,3.0,2.0,10,1
4565,5310,6,4.0,2.0,10,1
4566,1690,3,2.5,2.0,7,0
4567,1400,4,1.75,1.0,7,0
4568,1440,3,1.5,1.0,7,1
4569,1360,3,2.5,2.0,7,0
4570,1726,3,1.75,2.0,7,0
4571,2220,3,1.75,1.0,8,1
4572,1850,3,2.5,2.0,7,0
4573,2860,5,2.5,2.0,8,1
4574,1120,3,1.0,1.0,6,0
4575,2340,4,2.5,2.0,9,1
4576,3760,5,3.25,2.0,9,1
4577,1920,3,2.5,2.0,10,1
4578,3230,3,2.5,2.0,8,1
4579,1260,3,1.75,1.0,7,0
4580,1540,3,1.75,1.0,7,0
4581,1700,3,2.5,2.0,8,1
4582,3600,6,5.25,2.0,7,1
4583,3150,3,2.75,1.5,8,1
4584,1280,2,1.75,1.0,7,1
4585,980,2,1.0,1.0,7,1
4586,2190,4,2.5,2.0,7,0
4587,2470,4,2.0,2.0,7,0
4588,2590,4,2.5,2.0,9,1
4589,2580,4,2.5,2.0,9,1
4590,1270,3,2.25,2.0,8,1
4591,1250,3,1.0,1.0,6,0
4592,4660,4,2.5,2.0,9,1
4593,2019,4,2.5,2.0,8,0
4594,1490,3,2.0,1.0,7,0
4595,1560,2,1.5,1.0,7,0
4596,1030,3,1.0,1.0,7,0
4597,2560,4,2.75,1.0,8,1
4598,1460,3,2.0,1.0,7,0
4599,770,2,1.0,1.0,7,0
4600,1960,4,2.5,2.0,7,0
4601,1900,3,1.75,1.0,7,0
4602,1970,3,2.5,1.5,6,0
4603,2490,3,2.5,2.0,8,0
4604,1430,3,1.5,1.0,6,0
4605,2680,4,2.5,1.0,8,1
4606,1610,3,1.75,1.0,7,1
4607,4300,4,3.5,2.0,11,1
4608,3200,4,2.5,2.0,7,0
4609,2140,3,1.75,1.0,7,0
4610,4240,4,2.5,2.0,10,1
4611,3410,4,3.5,2.0,10,1
4612,2090,4,2.75,2.0,7,1
4613,1410,3,1.0,1.0,6,1
4614,2820,4,2.5,2.0,9,0
4615,2770,4,2.5,2.0,9,1
4616,1400,3,1.0,1.0,7,0
4617,3620,3,3.25,2.0,10,1
4618,2260,4,2.5,1.0,8,1
4619,3440,4,2.5,1.5,10,1
4620,2150,4,1.0,2.0,8,1
4621,1256,3,2.5,3.0,7,0
4622,2220,4,2.25,2.0,8,1
4623,2850,6,2.75,1.0,7,0
4624,700,2,1.0,1.0,5,0
4625,3700,4,2.5,2.0,10,1
4626,1400,4,1.75,1.0,7,0
4627,3130,4,1.75,2.0,7,1
4628,2170,4,3.0,2.0,8,1
4629,1020,3,1.0,1.0,7,0
4630,1760,3,2.5,1.5,7,0
4631,1860,3,2.5,1.0,7,0
4632,1140,2,1.0,1.0,7,0
4633,1670,3,2.5,1.0,7,0
4634,1710,2,1.75,1.0,7,1
4635,500,1,1.0,1.0,5,0
4636,1470,3,1.0,1.0,7,0
4637,1370,4,1.5,1.0,7,0
4638,3470,6,3.0,1.5,7,1
4639,1650,3,2.25,1.5,7,0
4640,1180,3,1.0,1.0,6,0
4641,3110,6,3.0,1.5,7,1
4642,2080,3,2.25,1.0,8,1
4643,1600,3,1.0,2.0,7,0
4644,2380,3,2.25,2.0,9,1
4645,1630,4,1.75,1.0,7,1
4646,1910,4,2.25,2.0,7,0
4647,3140,4,3.25,2.0,7,0
4648,1250,3,1.0,1.0,7,0
4649,1990,3,2.5,2.0,8,1
4650,2110,4,1.75,1.0,8,0
4651,2490,4,2.5,2.0,9,0
4652,800,2,1.0,1.0,6,0
4653,2360,3,2.5,2.0,7,0
4654,1770,3,2.5,2.0,7,0
4655,2710,4,2.5,2.0,9,1
4656,1940,5,1.5,1.5,7,1
4657,3450,4,3.25,2.0,10,1
4658,3440,4,3.25,2.0,10,1
4659,2410,4,2.75,1.0,7,1
4660,2290,4,2.25,2.0,9,1
4661,1030,3,1.0,1.5,7,1
4662,2290,4,2.5,2.0,9,1
4663,1490,3,1.5,1.5,7,1
4664,2370,4,1.75,1.0,9,1
4665,1930,4,2.0,1.5,8,1
4666,1600,2,1.75,1.0,7,1
4667,2240,4,2.25,2.0,7,1
4668,770,2,1.0,1.0,5,0
4669,2300,3,2.5,2.0,8,1
4670,3400,4,2.75,2.0,9,1
4671,900,2,1.0,1.0,6,0
4672,1450,3,2.5,1.0,8,1
4673,2240,4,2.5,2.0,8,1
4674,1780,4,2.5,2.0,8,1
4675,2320,4,2.5,2.0,8,0
4676,1590,3,1.75,1.0,8,0
4677,990,3,1.0,1.5,7,0
4678,2605,3,1.5,1.0,8,1
4679,2870,5,2.75,1.0,7,1
4680,5180,5,4.75,2.0,11,1
4681,2180,4,2.0,1.0,7,1
4682,850,2,1.0,1.0,7,0
4683,4050,4,4.0,2.0,11,1
4684,2250,4,2.0,1.5,7,1
4685,3100,6,4.25,3.0,11,1
4686,1747,2,1.0,2.5,6,0
4687,2410,4,2.5,2.0,8,0
4688,2070,4,1.75,1.0,7,0
4689,1860,5,1.0,1.5,7,1
4690,950,3,1.0,1.0,7,0
4691,1060,3,2.0,1.0,6,0
4692,880,2,1.0,2.0,7,0
4693,2550,4,2.5,2.0,9,1
4694,1550,2,2.25,2.0,8,0
4695,1590,3,1.0,1.5,7,1
4696,1650,3,1.75,1.0,7,1
4697,2430,4,3.0,2.0,8,0
4698,1810,3,2.5,1.0,7,1
4699,2890,4,2.5,2.0,8,0
4700,1280,3,2.5,2.0,7,0
4701,3410,7,2.75,1.5,8,1
4702,2220,3,2.75,2.0,8,1
4703,1060,3,1.0,1.0,8,0
4704,1120,3,1.5,1.0,7,0
4705,2680,4,2.5,2.0,8,1
4706,1770,4,1.5,2.0,7,0
4707,2950,3,2.0,2.0,7,1
4708,1260,2,1.75,1.0,7,1
4709,1430,3,1.75,1.0,7,0
4710,2730,4,2.5,2.0,9,1
4711,3270,4,3.5,2.0,9,1
4712,1720,4,1.75,1.0,7,0
4713,1270,3,1.75,1.0,7,0
4714,3260,4,2.5,1.0,8,1
4715,2050,4,2.5,2.0,8,1
4716,2050,4,2.25,2.0,8,1
4717,3580,4,3.0,1.5,10,1
4718,1960,4,2.75,1.5,9,1
4719,840,2,1.0,1.0,6,0
4720,1300,3,1.75,1.0,8,1
4721,1260,3,2.25,2.0,7,0
4722,1650,3,2.25,2.0,7,0
4723,1710,3,2.5,2.0,7,0
4724,1180,3,1.0,1.0,7,0
4725,2780,3,2.25,2.0,8,1
4726,950,2,1.0,1.0,6,0
4727,3620,5,3.5,2.0,10,1
4728,2140,3,2.25,2.0,8,0
4729,1920,4,2.75,1.0,8,0
4730,750,2,1.0,1.0,6,0
4731,2060,3,2.5,2.0,8,1
4732,2380,3,2.25,1.0,8,1
4733,750,2,1.0,1.0,7,0
4734,1160,3,1.0,1.0,7,0
4735,1050,3,1.0,1.0,6,0
4736,1740,3,1.5,1.0,7,0
4737,2050,4,2.75,1.0,8,1
4738,1980,3,1.75,1.0,7,0
4739,1690,3,2.5,2.0,8,0
4740,2320,4,3.25,1.5,9,1
4741,2480,3,1.5,2.0,10,1
4742,2290,4,2.25,2.0,9,1
4743,3180,5,2.5,2.0,10,1
4744,3470,7,3.5,2.0,9,1
4745,1540,4,3.0,1.5,7,1
4746,2800,5,2.25,2.0,9,1
4747,1050,3,1.0,1.0,7,0
4748,1480,3,1.75,1.0,7,0
4749,1010,3,2.0,1.0,6,1
4750,1660,3,1.75,1.0,8,1
4751,2760,5,2.25,1.0,7,1
4752,1040,2,1.0,1.0,6,0
4753,2220,4,1.75,2.0,8,1
4754,1270,3,1.0,1.0,6,0
4755,2960,3,3.25,2.0,10,1
4756,1330,3,2.0,1.0,7,0
4757,1210,2,1.75,2.0,8,0
4758,2120,4,2.5,2.0,7,0
4759,2090,3,1.75,1.0,7,0
4760,2680,3,2.5,2.0,8,0
4761,1790,4,2.75,1.0,7,0
4762,1950,3,2.75,1.0,7,0
4763,3740,5,2.25,1.5,9,1
4764,1140,3,1.75,1.0,7,0
4765,2480,3,2.5,2.0,9,1
4766,2580,5,2.5,1.0,7,0
4767,2290,3,2.0,1.0,7,1
4768,2320,4,2.5,1.0,7,1
4769,2530,3,2.5,2.0,8,0
4770,1400,4,2.0,1.0,7,0
4771,2060,3,3.0,2.0,8,1
4772,1640,3,1.0,1.5,7,1
4773,1960,4,1.0,1.5,6,0
4774,3000,5,2.75,1.0,7,0
4775,1320,3,1.0,1.0,7,1
4776,1760,4,2.0,1.5,7,1
4777,2130,3,3.25,2.0,7,1
4778,1390,3,2.0,1.0,7,0
4779,1400,3,1.75,1.5,6,1
4780,3230,3,2.75,1.5,8,1
4781,1110,3,1.0,1.0,7,0
4782,1670,3,2.5,2.0,7,0
4783,1540,3,1.0,1.0,7,0
4784,2090,4,2.25,1.0,9,0
4785,1410,3,2.0,1.0,7,0
4786,1370,3,2.0,1.0,7,0
4787,1910,4,2.25,1.0,8,1
4788,1678,3,2.0,1.0,7,0
4789,960,3,1.0,1.0,6,0
4790,2080,2,1.75,1.0,7,1
4791,1790,3,2.25,1.0,7,0
4792,2540,3,2.5,2.0,9,1
4793,1790,5,1.5,2.0,7,0
4794,940,2,1.0,1.0,6,0
4795,6810,5,3.75,2.5,13,1
4796,900,2,1.0,1.0,6,0
4797,1900,4,1.75,1.0,8,1
4798,1440,3,1.0,1.0,7,0
4799,2070,3,1.75,1.0,7,0
4800,2240,4,2.5,1.0,7,1
4801,3320,4,2.5,2.0,7,0
4802,1950,4,2.25,1.0,8,1
4803,1240,3,1.5,1.0,6,0
4804,1830,4,2.5,2.0,7,0
4805,1740,3,1.75,1.5,8,1
4806,1410,3,1.75,1.0,7,1
4807,2050,4,2.75,1.0,7,1
4808,3220,4,2.75,2.0,10,1
4809,1960,3,1.75,1.0,6,0
4810,1070,3,1.75,1.0,7,0
4811,2820,5,2.5,1.0,7,0
4812,4060,4,3.0,1.0,9,0
4813,800,2,1.0,1.0,6,0
4814,1260,3,1.0,1.0,7,0
4815,2420,3,2.5,2.0,8,0
4816,810,1,1.5,2.0,7,0
4817,1600,3,1.0,1.5,7,1
4818,1350,4,1.0,1.5,7,0
4819,970,3,1.0,1.0,6,0
4820,1780,2,1.5,1.0,7,1
4821,1350,3,2.0,1.0,7,0
4822,1840,3,1.75,1.0,8,0
4823,2550,5,2.25,1.0,8,1
4824,1700,4,2.5,2.0,8,1
4825,2430,3,2.5,2.0,8,0
4826,2740,5,2.0,1.5,7,0
4827,1560,3,1.5,1.0,7,0
4828,1040,2,1.0,1.0,7,0
4829,1820,4,1.75,1.0,7,0
4830,1833,3,3.0,3.0,9,1
4831,2160,3,2.5,2.0,8,0
4832,2100,3,2.75,2.0,9,1
4833,1370,3,1.5,2.0,7,0
4834,1414,2,2.5,2.0,8,0
4835,4115,5,3.25,2.0,9,1
4836,1550,3,1.75,1.0,7,0
4837,2100,4,2.25,1.5,8,1
4838,1160,3,1.75,1.0,7,0
4839,3597,5,2.5,2.0,7,0
4840,1230,3,1.5,1.0,7,0
4841,2190,4,2.5,2.0,8,0
4842,1040,3,1.75,1.0,7,0
4843,4690,5,4.0,2.0,9,1
4844,2270,4,2.25,1.0,8,1
4845,1950,4,2.25,2.0,8,0
4846,1880,3,2.5,2.0,8,0
4847,2850,4,2.5,2.0,9,1
4848,1160,2,1.0,1.0,7,0
4849,1370,3,1.75,1.0,7,0
4850,3260,4,3.5,2.0,10,1
4851,3170,7,2.25,2.0,8,1
4852,3450,5,2.5,2.0,11,1
4853,1490,2,1.75,1.0,8,1
4854,1460,3,1.5,1.0,7,1
4855,1300,3,1.75,1.0,7,0
4856,1300,3,1.75,1.0,7,0
4857,1540,4,2.0,1.0,7,0
4858,2130,4,2.25,2.0,8,1
4859,1350,2,1.75,1.0,8,1
4860,2450,5,3.25,2.0,8,1
4861,1940,4,2.5,2.0,9,1
4862,2890,5,2.5,2.0,9,1
4863,1680,3,1.75,1.0,8,0
4864,1960,4,2.25,1.0,8,0
4865,1590,3,1.75,1.0,7,0
4866,1390,4,1.0,1.0,7,0
4867,2440,4,1.75,1.0,8,0
4868,1850,4,2.0,1.0,7,0
4869,2800,4,2.5,2.0,8,0
4870,3780,3,2.5,1.5,10,1
4871,1910,3,2.0,1.0,7,0
4872,2460,4,2.25,1.0,7,0
4873,810,1,1.0,1.0,7,0
4874,1900,3,1.5,1.0,7,1
4875,3490,2,1.75,1.0,10,1
4876,2200,3,2.5,1.0,8,0
4877,1190,3,1.5,1.0,7,0
4878,2040,3,2.25,2.0,8,1
4879,2400,4,2.5,2.0,8,1
4880,1670,3,2.5,2.0,7,0
4881,990,2,1.0,1.0,6,0
4882,2920,3,1.75,1.0,7,0
4883,1840,3,1.75,1.0,8,1
4884,910,2,1.0,1.5,7,0
4885,2950,5,2.5,2.0,8,1
4886,1240,3,1.5,1.0,7,0
4887,1980,4,2.5,2.0,7,0
4888,1200,3,1.0,1.0,7,0
4889,1280,3,1.5,1.0,7,0
4890,3150,4,2.5,2.0,9,1
4891,3500,5,3.5,2.0,10,1
4892,1680,3,1.5,1.0,7,1
4893,1360,3,2.5,2.0,7,0
4894,2110,3,2.25,1.0,8,0
4895,2034,2,1.0,1.0,7,1
4896,1900,3,1.5,1.0,7,0
4897,2380,4,2.0,1.5,6,1
4898,4050,5,3.5,1.0,9,1
4899,1120,2,1.5,3.0,8,1
4900,2850,4,4.0,2.0,8,1
4901,2360,4,2.25,1.0,8,1
4902,2540,5,3.0,1.0,8,1
4903,1160,3,1.75,1.0,7,0
4904,2710,4,3.5,2.0,10,1
4905,3120,5,2.25,2.0,9,1
4906,3120,5,2.25,2.0,9,1
4907,1870,3,2.0,1.0,7,1
4908,1010,3,1.0,1.0,7,0
4909,2980,3,2.5,1.5,11,1
4910,2420,4,2.75,2.0,8,0
4911,3830,4,3.25,2.0,9,1
4912,3040,3,3.0,3.0,10,1
4913,1460,2,1.75,1.0,7,0
4914,1940,5,3.0,1.0,8,0
4915,3780,4,3.5,2.0,10,1
4916,1950,4,2.5,2.0,7,0
4917,2450,3,2.5,2.0,9,1
4918,1730,4,1.5,1.5,5,0
4919,1690,4,1.5,1.5,8,0
4920,2550,3,2.5,2.0,10,1
4921,2290,4,2.5,2.0,9,1
4922,2710,4,2.25,1.0,7,0
4923,1880,4,1.75,1.0,7,0
4924,2930,4,2.5,2.0,8,1
4925,3110,3,2.5,2.0,9,1
4926,3480,4,2.5,2.0,10,1
4927,1110,2,1.5,1.0,7,1
4928,2440,4,2.25,1.0,7,1
4929,2280,4,1.75,1.0,7,0
4930,900,3,1.0,1.0,6,0
4931,1980,4,1.75,1.0,7,0
4932,3360,3,2.75,1.0,7,0
4933,2340,5,2.25,2.0,8,1
4934,3110,4,2.5,2.0,8,0
4935,980,2,1.0,1.0,6,1
4936,1480,4,2.0,1.0,7,0
4937,1800,3,2.25,1.0,8,1
4938,2130,2,1.75,1.0,8,0
4939,1270,2,1.0,1.0,7,1
4940,1150,2,2.5,2.0,7,0
4941,1840,3,2.5,2.0,8,0
4942,3180,4,3.5,2.0,9,1
4943,1510,5,2.75,2.0,7,1
4944,3070,4,2.5,2.0,8,1
4945,1800,3,2.25,2.0,8,0
4946,1540,3,1.75,1.0,8,0
4947,2330,3,1.75,1.0,8,1
4948,1400,4,1.75,1.0,7,0
4949,2846,4,2.5,1.5,8,1
4950,5830,4,3.5,2.0,11,1
4951,3380,3,2.5,2.0,8,1
4952,1440,3,1.5,1.0,8,0
4953,1740,3,2.5,3.0,8,1
4954,1470,3,1.75,1.0,7,0
4955,2810,3,2.5,2.0,8,1
4956,2090,4,3.0,1.0,7,0
4957,4110,4,3.25,2.0,10,1
4958,3230,5,3.25,2.0,9,1
4959,2601,4,2.5,2.0,9,1
4960,2070,3,1.75,1.0,8,1
4961,1660,3,1.0,1.0,7,0
4962,1590,4,1.0,1.5,7,1
4963,1860,3,1.75,1.0,8,1
4964,1420,3,1.0,1.0,6,0
4965,1240,3,1.0,1.5,6,1
4966,2500,4,2.5,1.0,8,0
4967,2640,4,2.5,2.0,8,1
4968,1440,3,1.0,1.5,7,1
4969,3030,5,3.25,2.0,9,1
4970,1820,3,1.5,1.0,7,1
4971,2220,3,2.0,2.0,9,1
4972,2430,3,1.75,1.0,7,0
4973,1670,3,1.75,1.0,8,1
4974,1180,3,1.75,1.0,7,0
4975,1620,3,1.75,1.0,7,0
4976,1030,2,1.0,1.0,8,1
4977,2900,4,2.75,2.0,9,1
4978,3420,3,2.25,1.0,9,1
4979,1710,3,1.75,1.0,8,0
4980,1580,3,1.5,1.0,6,0
4981,1230,3,2.0,1.0,7,0
4982,2200,5,2.5,1.5,7,1
4983,2570,5,2.25,1.0,8,1
4984,3320,4,3.5,1.0,10,1
4985,1090,3,1.0,1.0,7,0
4986,2970,5,2.75,2.0,8,1
4987,1970,3,1.75,1.0,8,1
4988,3220,4,3.0,2.0,9,0
4989,1600,3,1.0,1.0,7,0
4990,670,2,1.0,1.0,6,0
4991,2360,4,1.75,2.0,7,1
4992,2150,3,3.0,1.5,7,0
4993,620,2,1.0,1.0,6,0
4994,1730,4,1.75,2.0,7,0
4995,2500,5,2.0,1.0,7,1
4996,990,3,1.0,1.0,6,0
4997,1420,3,2.0,1.5,8,1
4998,2170,3,2.25,2.0,8,0
4999,1880,4,2.0,1.0,8,1
5000,1300,3,1.0,1.0,7,0
5001,2360,3,1.5,2.0,7,1
5002,1780,3,1.5,1.0,8,0
5003,2160,2,2.25,3.0,8,1
5004,950,2,1.0,1.0,7,0
5005,1680,3,1.75,1.5,8,0
5006,2290,4,2.5,2.0,9,1
5007,4140,4,5.25,2.0,11,1
5008,3920,4,3.75,3.0,8,1
5009,1500,3,1.75,1.0,7,1
5010,1720,3,1.75,1.0,7,1
5011,2641,4,2.5,2.0,7,0
5012,4930,3,2.5,2.0,9,1
5013,2460,3,2.5,1.0,8,1
5014,1995,4,2.25,2.0,8,0
5015,3010,3,2.5,2.0,10,1
5016,1270,3,1.75,1.0,7,0
5017,3080,4,2.75,2.0,9,1
5018,1670,3,2.25,2.0,7,0
5019,1470,3,2.0,1.0,7,0
5020,1730,3,1.75,1.0,7,1
5021,1070,3,1.0,1.0,7,0
5022,1660,3,1.5,1.0,7,0
5023,2410,4,2.25,1.0,8,1
5024,1040,3,2.5,3.0,7,0
5025,970,2,1.0,1.0,7,1
5026,2910,5,2.75,1.5,8,1
5027,2340,3,1.75,1.5,8,1
5028,1880,3,1.75,1.0,7,0
5029,1110,2,1.0,1.5,6,1
5030,2790,4,2.5,2.0,9,1
5031,1590,4,2.0,1.0,8,0
5032,5700,6,2.75,1.0,10,1
5033,1200,4,1.0,1.0,6,0
5034,3200,3,3.0,1.0,8,0
5035,1510,3,2.25,1.0,7,0
5036,1880,3,1.75,1.0,7,1
5037,3070,4,2.5,2.0,8,1
5038,2110,4,2.25,2.0,8,1
5039,2350,3,2.0,1.5,9,0
5040,3270,4,3.5,1.0,8,1
5041,2220,4,1.75,1.0,7,0
5042,5990,4,3.5,2.0,11,1
5043,1760,3,2.0,2.0,7,1
5044,2200,4,2.75,1.0,7,0
5045,1550,4,1.0,1.5,6,0
5046,5070,4,3.75,2.0,11,1
5047,1040,2,2.25,2.0,8,0
5048,2560,3,1.5,1.5,8,1
5049,1850,3,1.75,1.0,8,1
5050,2090,3,1.5,1.0,7,1
5051,2010,3,2.5,2.0,8,1
5052,2518,4,2.5,2.0,8,1
5053,2810,3,2.75,2.0,8,1
5054,2600,3,2.5,1.0,9,1
5055,2060,3,2.5,1.0,8,1
5056,2920,3,2.5,2.0,8,1
5057,2130,4,2.5,2.0,8,0
5058,2290,3,3.0,1.0,8,1
5059,1230,3,1.0,1.5,7,1
5060,2020,3,1.75,1.0,9,1
5061,1430,3,2.0,1.0,7,0
5062,2270,2,2.5,3.0,7,1
5063,1910,4,2.5,2.0,8,0
5064,1780,3,1.5,1.0,7,1
5065,2690,4,2.5,2.0,7,0
5066,1330,3,1.75,1.0,7,0
5067,3060,4,2.5,1.0,8,1
5068,1760,3,3.25,3.0,8,1
5069,1570,3,1.75,1.0,7,0
5070,960,2,1.0,1.0,6,0
5071,1680,3,2.0,1.0,7,0
5072,1440,2,1.0,1.5,7,1
5073,1960,3,2.25,1.0,8,0
5074,1790,4,2.0,1.0,7,1
5075,2560,3,2.5,2.0,9,1
5076,1010,2,1.5,1.0,7,0
5077,2560,4,3.75,2.0,7,1
5078,1200,2,1.75,1.0,7,0
5079,3910,3,2.5,2.0,10,1
5080,2260,4,1.75,1.0,9,1
5081,2110,3,2.25,2.0,8,1
5082,3340,4,2.5,2.0,10,1
5083,1400,3,1.0,1.5,6,0
5084,1760,4,1.75,1.5,7,1
5085,2010,3,2.5,2.0,8,1
5086,2300,4,2.0,1.5,8,1
5087,2510,5,2.75,1.0,7,1
5088,1340,3,2.0,2.0,7,1
5089,1560,3,1.75,1.5,7,0
5090,3350,4,3.5,1.0,7,0
5091,3710,4,2.75,2.0,9,1
5092,2430,4,2.5,2.0,8,0
5093,2430,3,1.75,1.0,8,1
5094,2100,3,2.25,2.0,8,1
5095,1880,2,2.5,1.0,9,1
5096,1630,3,2.5,2.0,8,1
5097,1640,4,1.0,1.5,7,1
5098,2310,4,2.75,1.0,8,1
5099,1930,2,2.0,1.0,8,1
5100,4750,4,4.5,2.0,10,1
5101,2300,4,2.5,1.0,7,0
5102,1050,2,1.0,1.0,7,0
5103,1500,2,1.0,1.0,6,0
5104,1150,3,1.0,1.0,6,0
5105,1920,4,1.5,1.0,7,0
5106,3660,4,2.75,2.0,10,1
5107,1720,3,1.75,1.0,7,0
5108,2100,3,2.25,1.0,8,1
5109,2400,4,2.5,2.0,8,0
5110,2540,3,2.5,2.0,10,1
5111,2080,4,1.75,1.0,7,0
5112,3400,5,3.25,2.0,10,1
5113,2200,4,1.75,2.0,8,0
5114,2140,5,1.75,1.0,7,1
5115,3850,5,3.25,2.0,9,1
5116,4270,4,3.25,2.0,9,1
5117,1340,3,1.75,1.0,7,0
5118,1100,1,1.5,1.5,8,0
5119,2870,5,2.75,2.0,9,1
5120,1320,2,1.0,1.0,7,0
5121,2150,6,2.0,1.0,7,1
5122,2470,4,1.5,1.5,7,1
5123,1910,4,2.75,1.0,7,0
5124,2130,3,2.5,2.0,7,0
5125,2240,4,2.5,2.0,9,1
5126,1800,5,2.75,2.0,7,1
5127,2160,3,1.5,1.0,8,1
5128,3140,4,2.5,2.0,8,1
5129,1920,3,2.5,2.0,8,0
5130,1050,3,1.0,1.5,7,0
5131,3695,4,3.5,2.0,9,1
5132,3910,4,2.5,2.0,9,1
5133,3010,4,2.75,2.0,8,1
5134,1370,4,1.5,1.0,7,0
5135,2080,4,2.75,1.0,8,0
5136,2250,3,2.5,2.0,7,0
5137,2120,5,1.75,1.0,7,0
5138,2220,5,3.0,2.0,7,0
5139,1440,3,2.5,1.0,8,1
5140,910,3,1.0,1.0,7,0
5141,1270,3,1.0,1.0,7,1
5142,2480,3,2.5,2.0,9,0
5143,2630,6,2.75,2.0,9,1
5144,2410,3,2.0,2.0,9,1
5145,2930,4,2.75,1.0,9,1
5146,1570,3,2.25,1.0,8,1
5147,1900,4,1.0,1.0,7,0
5148,2590,6,2.5,1.0,8,0
5149,3810,4,2.5,2.0,9,1
5150,2290,3,2.5,2.0,9,1
5151,1220,1,2.25,2.0,8,1
5152,1100,3,1.75,1.0,7,0
5153,2810,4,2.5,2.0,8,0
5154,890,3,1.0,1.0,6,0
5155,1280,3,2.0,1.0,7,0
5156,2320,3,2.5,2.0,8,0
5157,1720,3,2.25,2.0,8,0
5158,1530,3,1.75,1.0,7,0
5159,1580,3,1.75,1.0,7,0
5160,1360,3,1.0,1.0,6,1
5161,2680,4,3.0,2.0,8,1
5162,1640,3,2.25,2.0,8,1
5163,2520,3,2.25,2.0,8,1
5164,1400,3,2.25,2.0,9,1
5165,2300,4,2.75,2.0,9,1
5166,1900,3,1.75,1.0,7,0
5167,2000,3,2.25,1.0,8,1
5168,900,2,1.0,1.0,6,0
5169,2980,4,2.5,2.0,9,1
5170,1850,4,2.0,1.0,7,0
5171,1570,4,1.0,1.5,7,1
5172,670,2,1.0,1.0,6,0
5173,2660,4,2.5,1.0,7,1
5174,2110,3,2.5,2.0,8,0
5175,1970,3,1.75,1.0,8,1
5176,1210,3,2.75,1.5,7,1
5177,2670,4,2.5,2.0,9,1
5178,3000,3,2.25,1.0,10,1
5179,2200,3,2.75,2.0,8,1
5180,1540,3,1.75,1.0,8,1
5181,2080,3,1.75,1.0,8,1
5182,1780,3,2.0,1.0,8,1
5183,1960,3,1.5,2.0,8,1
5184,1690,5,1.5,1.5,7,0
5185,2080,3,2.0,1.0,7,0
5186,2070,3,2.25,2.0,8,1
5187,760,2,0.75,1.0,4,0
5188,4020,4,3.25,2.0,11,1
5189,3620,4,1.75,1.0,8,1
5190,2330,4,2.0,1.0,7,1
5191,1460,3,2.5,1.0,7,1
5192,2250,4,2.75,1.0,8,1
5193,2850,6,5.0,2.0,7,1
5194,2640,4,2.75,2.0,8,1
5195,1310,3,1.0,1.0,7,0
5196,2720,4,2.5,2.0,9,0
5197,3430,4,3.5,2.0,11,1
5198,1990,3,2.75,1.0,7,0
5199,1170,3,2.0,1.0,7,0
5200,1390,3,1.75,1.0,8,0
5201,1540,4,1.5,2.0,7,0
5202,760,2,1.0,1.0,6,0
5203,1280,4,1.0,1.0,6,0
5204,2990,4,2.5,2.0,8,1
5205,1770,4,2.25,2.0,7,0
5206,3830,5,3.75,2.0,10,1
5207,2870,3,2.5,2.0,9,1
5208,1520,3,1.0,1.0,6,0
5209,660,2,1.0,1.0,5,0
5210,1800,3,1.0,1.0,7,0
5211,3570,2,3.25,1.0,9,1
5212,3050,5,1.5,1.5,8,1
5213,820,2,1.0,1.0,7,1
5214,3610,3,2.5,1.0,8,1
5215,1490,3,2.0,1.0,7,0
5216,1560,3,2.5,1.5,7,1
5217,1660,3,1.75,1.0,7,1
5218,1180,3,1.75,1.0,6,0
5219,960,3,1.0,1.0,5,0
5220,1630,3,1.5,1.0,7,0
5221,2260,4,2.25,2.0,8,1
5222,1520,3,1.5,1.0,7,0
5223,3050,5,2.75,1.0,8,1
5224,1000,3,1.0,1.0,8,1
5225,2650,4,2.5,2.0,8,0
5226,1750,3,2.25,1.0,8,0
5227,1770,3,2.25,1.0,8,0
5228,1770,3,2.25,1.0,8,1
5229,770,2,1.0,1.0,6,0
5230,3370,4,2.5,2.0,8,1
5231,2130,5,2.0,1.0,7,0
5232,1050,3,1.0,1.0,7,0
5233,2803,5,2.5,1.0,8,0
5234,2080,3,2.0,2.0,8,0
5235,2080,3,2.0,2.0,8,1
5236,2120,4,1.75,1.0,7,1
5237,2550,3,2.5,2.0,9,0
5238,1290,3,1.0,1.0,7,1
5239,1790,5,2.75,1.5,7,0
5240,2720,5,3.5,2.0,8,1
5241,1040,3,1.0,1.5,7,1
5242,840,3,1.0,1.0,6,0
5243,1650,3,1.75,1.0,7,0
5244,2080,4,2.25,1.0,8,0
5245,1540,4,2.5,2.0,8,0
5246,3880,4,2.5,2.0,10,1
5247,1860,4,2.25,2.0,8,1
5248,1280,3,1.75,1.0,7,0
5249,3200,3,2.5,1.5,8,1
5250,2200,3,2.5,2.0,8,0
5251,1570,3,1.0,1.0,7,1
5252,2074,3,2.5,2.0,8,1
5253,2450,4,2.5,2.0,9,1
5254,2520,4,2.25,2.0,9,1
5255,2190,5,1.75,1.0,7,0
5256,2190,5,1.75,1.0,7,0
5257,2320,3,1.5,1.0,7,0
5258,1370,3,2.5,1.0,7,0
5259,1730,3,1.75,1.5,6,0
5260,1640,3,2.5,1.0,7,0
5261,1300,3,1.0,1.0,6,0
5262,1560,3,1.5,1.0,7,0
5263,1120,2,1.0,1.0,6,1
5264,2670,3,2.25,2.0,9,1
5265,3810,5,2.5,1.5,8,1
5266,1440,3,1.75,1.0,7,0
5267,1200,4,1.0,1.0,5,0
5268,1520,3,1.75,1.0,7,1
5269,2500,4,2.5,1.0,8,0
5270,2010,4,2.25,2.0,8,0
5271,1210,4,1.0,1.5,7,0
5272,1100,2,1.0,1.0,6,0
5273,1050,3,1.5,1.0,6,0
5274,2120,3,1.75,1.0,7,0
5275,1240,3,1.0,1.0,6,0
5276,3460,4,3.5,2.0,10,1
5277,1270,3,1.75,1.0,7,0
5278,2980,4,2.25,1.5,10,1
5279,1250,2,1.0,1.5,7,1
5280,1740,4,1.75,1.0,8,1
5281,1730,4,1.5,2.0,7,0
5282,1240,3,2.0,1.0,7,0
5283,1670,2,1.0,1.5,7,1
5284,2140,4,2.5,2.0,8,0
5285,2530,5,2.75,1.0,7,0
5286,960,2,1.0,1.0,6,0
5287,4130,4,3.75,2.0,11,1
5288,1710,4,1.75,1.0,8,0
5289,1490,3,1.5,1.0,7,0
5290,4750,4,3.25,2.0,11,1
5291,3400,4,2.5,2.0,11,1
5292,2210,3,2.5,2.0,8,1
5293,1650,3,1.5,1.0,8,0
5294,1260,3,1.5,1.0,7,1
5295,1960,3,1.0,1.0,7,0
5296,1800,4,2.5,2.0,8,0
5297,1940,3,2.25,1.0,7,1
5298,2820,4,2.75,2.0,9,1
5299,2820,4,2.25,1.0,8,0
5300,720,2,1.0,1.0,5,0
5301,1640,3,1.75,1.0,7,0
5302,1560,3,2.0,2.0,7,0
5303,1560,6,2.5,1.0,6,0
5304,1910,4,1.75,1.0,7,1
5305,1570,5,1.75,2.0,7,1
5306,2038,4,2.5,2.0,8,0
5307,1720,3,2.25,1.0,7,0
5308,1670,3,2.75,1.5,7,1
5309,2830,4,2.75,2.0,9,1
5310,1690,4,2.0,1.0,7,1
5311,1620,4,2.5,2.0,7,0
5312,2360,4,2.5,2.0,9,1
5313,1480,3,1.5,1.0,7,0
5314,2700,4,2.5,2.0,9,1
5315,1780,3,1.5,1.0,7,0
5316,1430,3,1.5,1.0,6,0
5317,2160,2,1.0,1.0,8,1
5318,1800,3,1.75,2.0,8,0
5319,1930,2,2.0,1.0,8,1
5320,1960,4,2.25,1.0,8,1
5321,1920,4,2.5,2.0,8,0
5322,1470,3,1.75,1.0,6,0
5323,2980,5,3.0,1.0,7,0
5324,2980,5,3.0,1.0,7,1
5325,2360,3,2.0,1.0,8,1
5326,1790,3,1.75,1.0,7,1
5327,2130,3,2.25,1.0,8,1
5328,2030,4,2.5,2.0,8,0
5329,1790,4,2.0,1.0,8,1
5330,2260,3,2.5,2.0,8,0
5331,2350,4,2.0,1.5,7,1
5332,1690,3,2.5,2.0,8,0
5333,1320,3,1.0,1.5,7,0
5334,2690,4,2.5,2.0,9,1
5335,2810,4,2.25,1.0,7,0
5336,2280,3,2.5,2.0,8,0
5337,2870,4,2.5,2.0,8,0
5338,3030,3,2.5,1.5,10,1
5339,2940,4,2.75,2.0,9,1
5340,1190,3,1.0,1.0,6,0
5341,1800,3,2.5,2.0,7,0
5342,1580,3,1.75,1.0,8,0
5343,1730,3,2.5,2.0,8,0
5344,1910,3,2.0,1.0,7,1
5345,1000,2,1.75,1.0,6,0
5346,2520,4,2.75,1.0,7,0
5347,1420,3,1.0,1.0,7,0
5348,3080,4,3.5,2.0,9,1
5349,1060,3,1.0,1.0,7,0
5350,2160,4,2.5,2.0,8,1
5351,4060,4,3.5,2.0,10,1
5352,1940,1,2.25,2.0,7,0
5353,2250,4,2.5,2.0,8,1
5354,1620,2,1.0,1.0,6,0
5355,920,2,1.0,1.0,6,0
5356,1370,3,2.5,2.0,7,0
5357,920,3,1.0,1.0,6,0
5358,1360,3,1.5,1.0,7,0
5359,1630,3,1.5,1.0,7,0
5360,3610,6,2.5,2.0,8,1
5361,3010,4,2.5,2.0,9,0
5362,2320,3,1.75,1.0,8,1
5363,3290,5,3.0,1.0,7,1
5364,2040,3,2.5,2.0,8,0
5365,1920,3,2.75,1.0,8,0
5366,2120,3,2.5,2.0,8,1
5367,2170,3,2.5,2.0,9,1
5368,1330,2,1.5,1.0,7,0
5369,1580,3,2.0,1.0,6,0
5370,3580,3,2.75,2.0,10,1
5371,2580,4,2.0,2.0,9,1
5372,1930,4,1.75,1.5,8,1
5373,2120,3,2.5,2.0,7,1
5374,1990,3,2.5,1.5,8,0
5375,1310,4,1.75,1.0,7,0
5376,2670,3,2.5,1.0,10,0
5377,1910,2,2.25,1.0,7,0
5378,1530,4,1.5,1.0,6,0
5379,2920,6,1.75,2.5,9,1
5380,1010,3,1.0,1.0,7,0
5381,2450,4,1.75,1.0,9,1
5382,1820,4,2.5,2.0,7,0
5383,2090,4,2.5,1.0,7,0
5384,2200,2,1.75,1.0,7,0
5385,2250,4,3.0,2.0,8,0
5386,1450,3,2.25,3.0,8,1
5387,2280,4,2.5,2.0,8,1
5388,2720,4,3.5,2.0,8,0
5389,2250,3,2.25,1.0,8,1
5390,1090,3,2.0,1.0,7,0
5391,1970,3,2.0,1.0,7,0
5392,2780,4,2.25,2.0,7,0
5393,2290,4,2.25,1.0,8,1
5394,2330,3,1.75,1.0,7,1
5395,4060,4,4.5,2.0,10,1
5396,1470,4,2.0,1.0,8,0
5397,1620,2,1.0,1.0,6,0
5398,3220,5,2.75,2.0,9,1
5399,3270,4,2.5,2.0,9,1
5400,2160,3,1.75,1.0,8,0
5401,1150,2,1.0,1.0,7,0
5402,2240,4,2.5,1.0,8,1
5403,1280,3,1.5,2.0,6,0
5404,840,3,1.0,1.0,6,0
5405,1680,3,1.75,1.0,8,1
5406,2330,5,2.75,1.0,7,1
5407,3030,4,2.5,2.0,10,1
5408,2880,6,3.0,2.0,7,1
5409,2910,3,2.75,2.0,7,1
5410,3090,4,3.25,2.0,10,1
5411,2720,4,2.75,2.0,8,1
5412,1310,3,1.5,1.0,7,0
5413,1790,2,1.0,1.0,8,1
5414,2830,3,2.5,2.0,9,1
5415,3150,4,2.5,2.0,9,1
5416,3930,5,3.25,2.0,9,1
5417,2840,6,2.75,1.0,8,1
5418,2480,5,1.0,1.5,7,1
5419,1930,3,2.5,1.0,7,0
5420,1260,3,1.0,1.0,6,0
5421,670,3,1.0,1.0,6,0
5422,3930,5,3.25,2.0,10,1
5423,3160,4,2.5,2.0,10,1
5424,1770,4,1.75,1.0,8,1
5425,2240,5,3.0,2.0,8,1
5426,990,3,1.0,1.0,7,0
5427,1580,3,2.5,2.0,7,0
5428,1560,4,1.75,2.0,7,0
5429,2640,6,2.5,2.0,8,1
5430,2120,2,1.75,1.0,6,0
5431,1200,2,1.0,1.0,6,0
5432,5040,4,4.0,1.0,10,1
5433,1460,3,1.0,1.0,5,0
5434,4890,4,3.25,2.0,13,1
5435,1580,3,1.0,1.0,7,0
5436,2100,3,2.25,1.0,8,1
5437,2060,3,2.25,1.0,8,1
5438,1690,3,2.5,1.5,8,1
5439,3370,4,3.0,1.0,8,1
5440,2330,3,2.5,2.0,9,1
5441,1820,4,1.75,1.0,7,0
5442,1890,3,1.75,1.0,8,1
5443,3820,4,3.75,1.0,10,1
5444,2770,3,2.5,2.0,9,1
5445,3020,4,3.5,2.0,10,1
5446,1170,3,1.75,1.0,7,0
5447,1270,3,1.0,1.0,7,0
5448,1950,4,2.75,2.0,8,1
5449,2230,4,2.75,1.0,7,0
5450,2220,3,1.75,1.5,7,1
5451,2060,4,2.0,1.0,7,0
5452,1100,3,1.0,1.0,7,0
5453,1140,4,1.0,1.0,7,0
5454,1980,3,1.75,1.0,9,1
5455,2480,5,3.0,1.0,7,0
5456,1050,3,1.0,1.0,7,0
5457,1260,3,1.0,1.0,6,0
5458,1680,3,2.0,1.0,6,0
5459,1360,4,1.0,1.5,7,0
5460,2450,4,2.5,1.0,9,1
5461,2260,5,2.5,2.0,8,0
5462,1060,2,1.0,1.0,5,0
5463,3720,4,2.5,2.0,10,1
5464,1610,3,1.75,1.0,7,1
5465,3350,4,2.5,2.0,8,1
5466,790,2,1.0,1.0,7,0
5467,1660,2,1.75,1.0,7,1
5468,1420,3,1.5,1.0,7,0
5469,2050,3,2.5,1.0,8,0
5470,1250,3,1.75,1.0,7,0
5471,1700,3,1.75,1.0,7,1
5472,2660,4,2.5,2.0,10,1
5473,1350,3,1.0,1.5,6,0
5474,1810,4,2.0,1.0,7,0
5475,2210,4,2.75,2.0,8,0
5476,2120,3,1.5,1.0,7,0
5477,2470,3,2.25,2.0,8,1
5478,2700,4,2.5,2.0,9,0
5479,1760,2,1.75,1.0,7,1
5480,1930,5,2.0,1.5,6,0
5481,1680,4,1.0,1.5,6,0
5482,1390,2,1.0,1.0,6,0
5483,2240,4,2.25,2.0,8,1
5484,1980,4,1.0,1.5,7,0
5485,1830,3,1.75,1.5,8,1
5486,980,3,1.75,1.0,6,1
5487,3550,6,2.5,2.0,8,1
5488,1660,3,1.5,1.0,7,0
5489,2490,4,2.5,2.0,8,1
5490,2329,4,2.5,2.0,9,1
5491,1790,3,2.25,2.0,8,1
5492,2830,3,3.0,2.0,8,1
5493,1160,3,1.0,1.0,7,0
5494,1000,3,1.0,1.0,7,0
5495,2540,3,2.5,1.0,8,1
5496,1750,2,1.5,1.5,8,1
5497,2890,3,2.5,2.0,8,0
5498,1870,4,2.0,1.0,7,0
5499,2200,4,2.25,2.0,8,1
5500,1300,3,1.0,1.0,7,0
5501,3410,5,2.25,2.0,10,1
5502,1160,3,1.0,1.0,7,0
5503,2100,3,1.75,1.5,8,1
5504,1490,3,2.5,2.0,7,0
5505,3280,4,3.0,1.5,7,1
5506,1450,3,1.75,1.0,8,0
5507,1930,3,2.5,1.0,7,0
5508,1660,3,1.75,1.0,7,0
5509,1260,3,1.75,1.0,7,0
5510,1170,3,1.0,1.0,6,0
5511,3350,4,3.0,1.0,9,1
5512,1420,3,2.5,3.0,7,0
5513,2170,3,1.75,1.0,7,0
5514,1800,4,1.75,1.0,6,0
5515,2000,4,2.5,2.0,8,1
5516,1660,3,1.75,1.0,7,1
5517,1540,4,2.0,1.0,7,1
5518,1160,2,1.5,2.0,7,0
5519,1700,3,1.0,1.5,7,1
5520,1580,3,1.75,1.0,8,1
5521,2080,3,2.5,2.0,8,0
5522,1030,3,2.0,1.0,6,0
5523,1770,3,1.75,1.0,7,1
5524,1540,3,2.0,1.0,7,0
5525,2650,4,2.5,2.0,9,0
5526,2690,4,2.75,2.0,8,0
5527,2210,4,2.75,2.0,9,1
5528,2390,4,2.5,2.0,7,0
5529,2580,5,2.75,1.0,8,1
5530,2160,4,2.5,2.0,7,0
5531,2230,4,2.5,1.0,8,1
5532,2000,4,2.0,1.5,7,1
5533,1280,3,1.0,1.0,6,0
5534,2810,4,2.75,1.0,8,1
5535,1680,4,1.75,1.0,8,1
5536,2150,3,2.5,2.0,8,1
5537,2820,3,2.5,2.0,9,1
5538,1750,3,2.25,1.0,7,0
5539,1060,2,2.0,1.0,7,1
5540,2430,4,2.75,1.0,7,1
5541,2660,4,2.75,1.5,8,0
5542,1670,2,2.0,1.0,9,1
5543,1380,3,2.0,1.0,7,0
5544,4160,4,3.75,2.0,11,1
5545,1790,3,2.5,2.0,8,0
5546,1940,3,2.5,1.0,7,0
5547,1390,3,2.0,1.0,7,0
5548,2200,3,2.0,1.0,8,1
5549,1264,3,2.25,2.0,8,1
5550,1095,2,1.0,1.5,7,0
5551,850,2,1.0,1.0,6,0
5552,1760,4,2.0,1.5,7,1
5553,690,1,1.0,1.0,5,0
5554,1400,3,1.75,1.0,7,0
5555,1810,5,3.0,2.0,7,0
5556,1310,2,1.0,1.0,7,0
5557,1400,3,1.0,1.0,7,0
5558,2350,3,1.75,1.0,7,0
5559,1150,3,1.0,1.0,7,0
5560,1710,5,1.5,1.5,7,0
5561,1660,3,2.25,1.0,7,0
5562,1950,3,1.75,1.0,7,1
5563,1780,4,1.75,1.0,7,0
5564,2450,4,3.0,2.0,8,1
5565,2060,1,2.25,1.5,7,0
5566,1540,3,1.5,1.0,7,0
5567,1650,3,2.5,2.0,7,0
5568,1160,3,1.0,1.0,7,0
5569,1440,2,2.0,1.0,7,0
5570,2150,3,1.75,1.0,8,0
5571,1060,2,1.0,1.0,6,0
5572,2620,3,2.75,1.0,9,1
5573,1630,3,1.75,1.0,7,1
5574,1840,3,1.75,1.0,7,0
5575,820,2,1.0,1.0,5,1
5576,820,2,1.0,1.0,5,1
5577,2010,3,2.5,2.0,8,1
5578,1990,4,2.25,2.0,8,1
5579,2990,4,2.5,2.0,8,0
5580,2540,4,2.5,2.0,9,1
5581,1640,3,2.25,1.0,7,0
5582,2500,4,2.75,1.0,9,0
5583,4020,4,3.5,2.0,11,1
5584,1500,3,2.0,1.0,6,0
5585,1594,4,2.5,1.0,7,0
5586,2130,4,3.0,1.5,7,0
5587,1130,3,1.0,1.0,7,0
5588,1690,3,2.0,1.0,7,0
5589,1440,2,1.0,1.0,7,1
5590,3270,4,3.25,2.0,10,1
5591,4350,4,3.25,1.0,9,1
5592,1610,4,2.75,1.0,7,1
5593,950,3,1.0,1.0,7,0
5594,1010,3,1.0,1.0,6,0
5595,1420,3,2.0,1.0,7,1
5596,1200,3,1.5,1.0,7,0
5597,2020,5,2.25,1.0,7,1
5598,3390,5,3.5,2.0,7,0
5599,1700,2,1.0,1.5,8,1
5600,3410,5,3.25,2.0,9,1
5601,2030,3,1.75,1.0,8,0
5602,2860,4,2.75,1.0,7,1
5603,1690,4,1.75,1.0,7,0
5604,760,2,1.0,1.0,5,0
5605,1780,3,1.75,1.0,7,1
5606,1550,3,2.0,1.5,8,1
5607,4090,4,2.5,2.0,10,1
5608,880,2,1.0,1.0,7,0
5609,1320,3,2.75,1.0,7,0
5610,950,2,1.0,1.0,6,0
5611,1390,3,1.75,1.0,7,0
5612,1900,3,1.75,1.0,8,0
5613,1392,2,0.75,1.5,7,0
5614,3340,4,2.5,2.0,10,1
5615,2750,4,2.75,1.0,9,1
5616,1400,3,1.0,1.5,5,0
5617,2220,3,2.25,1.0,8,1
5618,1210,4,1.0,1.5,7,0
5619,2390,3,1.75,1.0,7,0
5620,1870,5,2.0,1.5,7,0
5621,940,2,1.5,1.0,7,0
5622,1120,4,1.0,1.0,5,0
5623,1250,3,2.5,3.0,8,1
5624,1060,3,1.5,1.0,7,0
5625,2410,5,2.5,1.0,7,1
5626,2844,5,2.75,2.0,8,0
5627,2200,4,2.5,1.0,7,1
5628,3460,5,4.0,2.0,10,1
5629,1580,2,1.0,2.0,8,1
5630,1520,2,1.0,1.0,7,1
5631,2260,3,2.5,2.0,9,1
5632,1800,4,2.0,1.0,7,0
5633,2650,4,2.5,2.0,10,1
5634,1000,3,1.0,1.0,7,0
5635,2300,4,2.0,1.0,6,0
5636,1080,3,1.0,1.0,6,0
5637,902,3,1.0,1.0,7,0
5638,730,2,1.0,1.0,7,0
5639,2600,4,1.75,1.5,8,1
5640,1570,3,1.5,1.0,7,0
5641,2876,5,3.0,1.0,9,1
5642,2290,4,2.25,1.0,8,1
5643,1470,2,2.5,2.0,8,1
5644,2620,3,3.5,2.0,8,1
5645,2680,5,1.5,1.0,8,1
5646,2020,4,2.0,1.0,8,0
5647,2100,3,2.5,2.0,7,1
5648,1510,3,1.75,1.0,8,1
5649,2850,3,2.5,1.5,10,1
5650,4280,4,2.5,2.0,11,1
5651,3238,4,2.5,1.0,8,0
5652,2740,3,2.5,2.0,10,1
5653,2020,4,2.5,2.0,7,1
5654,1520,3,3.25,3.0,7,1
5655,3860,5,2.5,1.0,8,0
5656,1600,4,2.25,1.0,7,0
5657,2090,4,2.5,2.0,8,0
5658,4020,5,3.25,2.0,9,1
5659,2910,4,2.25,2.0,9,1
5660,900,3,1.0,1.0,7,0
5661,1720,3,1.75,2.0,8,1
5662,3030,5,2.25,2.0,8,1
5663,3030,4,2.5,1.0,9,1
5664,2190,4,1.75,1.0,7,1
5665,1680,3,2.5,2.0,8,0
5666,1210,3,2.0,1.0,7,0
5667,1120,3,1.5,1.0,7,0
5668,3180,4,2.75,2.0,8,1
5669,920,3,1.0,1.0,7,0
5670,700,2,1.0,1.0,6,0
5671,2540,3,2.25,2.0,8,0
5672,2100,4,1.5,1.5,8,1
5673,1540,3,1.0,1.5,7,1
5674,1420,3,2.0,1.0,7,0
5675,1450,4,1.75,1.0,7,0
5676,1550,3,1.75,1.0,6,0
5677,1920,3,2.25,2.0,8,0
5678,1920,3,2.25,2.0,8,1
5679,2510,4,2.5,2.0,8,1
5680,1660,2,2.0,1.0,8,1
5681,3990,4,3.25,2.0,9,1
5682,2350,3,2.0,1.5,8,1
5683,1350,3,1.5,1.0,7,0
5684,2980,5,2.75,1.0,7,0
5685,6390,5,4.75,2.0,10,1
5686,1590,3,2.0,1.0,7,0
5687,1400,4,1.75,1.5,6,0
5688,1880,3,2.25,1.5,8,1
5689,3500,4,3.25,2.0,10,1
5690,1370,2,2.0,1.0,8,0
5691,2810,4,2.5,2.0,8,0
5692,2220,3,2.5,2.0,8,0
5693,2110,3,2.5,2.0,8,0
5694,1720,3,2.25,1.0,7,0
5695,1780,5,2.25,1.0,8,1
5696,1410,3,1.75,2.0,7,0
5697,2110,3,3.0,1.0,7,1
5698,2700,3,2.5,2.0,10,1
5699,2610,3,2.25,1.0,8,1
5700,1660,3,2.0,1.0,7,0
5701,4570,4,3.5,2.0,11,1
5702,3760,3,3.0,1.0,10,1
5703,1610,3,2.5,2.0,8,0
5704,1740,3,2.25,1.0,7,0
5705,3530,5,3.5,2.0,7,1
5706,840,3,1.0,1.0,6,0
5707,840,3,1.0,1.0,6,0
5708,1470,4,1.0,1.5,7,0
5709,2470,4,2.0,1.5,6,0
5710,2220,4,1.75,1.0,8,1
5711,1720,3,1.75,1.0,7,1
5712,2700,4,2.5,2.0,8,1
5713,950,2,1.0,1.0,5,0
5714,1790,3,2.5,2.0,8,1
5715,1610,3,2.5,3.0,8,1
5716,2290,3,2.5,2.0,8,1
5717,2170,4,2.5,1.0,7,0
5718,2100,3,2.5,2.0,9,1
5719,2320,3,2.5,1.5,8,1
5720,1120,2,1.0,1.0,6,0
5721,1530,3,2.5,2.0,7,0
5722,3490,3,2.5,1.0,9,1
5723,1180,3,1.5,1.0,7,0
5724,2050,5,2.0,1.5,7,1
5725,2360,2,2.0,1.5,9,1
5726,2570,4,2.5,2.0,8,0
5727,1270,2,1.0,1.5,7,0
5728,1250,3,1.5,1.0,7,0
5729,2510,3,2.25,1.0,8,0
5730,2690,4,3.75,2.0,9,1
5731,2900,4,2.5,2.0,8,0
5732,3830,4,2.5,1.0,11,1
5733,1280,5,1.0,1.5,7,1
5734,4350,5,3.5,2.0,10,1
5735,1370,1,1.0,1.5,7,1
5736,1230,2,2.25,2.0,8,0
5737,2440,4,2.5,2.0,9,1
5738,4410,4,3.5,2.0,12,1
5739,910,2,1.0,1.0,6,0
5740,910,2,1.0,1.0,6,0
5741,2150,3,2.5,2.0,8,0
5742,2150,3,2.5,2.0,8,1
5743,3190,4,3.25,2.0,8,1
5744,2130,4,2.5,2.0,7,0
5745,2740,4,2.5,2.0,9,1
5746,3150,4,3.0,2.0,9,1
5747,1450,3,2.25,2.0,8,1
5748,2400,5,2.0,1.5,8,1
5749,2280,4,2.25,1.0,7,0
5750,2310,4,2.0,1.5,8,1
5751,2460,4,2.5,2.0,9,1
5752,4200,4,3.5,2.0,12,1
5753,1620,4,2.0,2.0,7,0
5754,2170,4,1.75,1.0,8,1
5755,2880,3,2.25,1.0,8,1
5756,3280,4,2.5,2.0,11,1
5757,2900,5,2.0,2.0,7,0
5758,2160,3,2.5,1.0,9,1
5759,2250,4,1.75,1.5,7,1
5760,1340,3,1.0,1.5,5,0
5761,1390,4,1.0,1.5,7,0
5762,1600,4,2.0,1.0,7,0
5763,2050,4,2.5,2.0,8,1
5764,2570,3,2.0,1.0,7,1
5765,2660,3,2.5,2.0,9,1
5766,1540,3,1.5,1.0,7,0
5767,2640,5,3.0,2.0,7,1
5768,1210,2,1.75,2.0,8,0
5769,3760,4,2.5,2.0,11,1
5770,1350,2,1.75,1.0,8,1
5771,2600,5,2.25,1.0,8,0
5772,3900,3,2.75,2.0,6,0
5773,1340,2,1.0,1.0,8,1
5774,1760,3,2.0,1.0,7,1
5775,1840,3,2.0,1.0,7,1
5776,2980,3,2.25,1.0,9,1
5777,1730,3,2.5,2.0,8,1
5778,1650,4,1.75,1.0,8,0
5779,3370,3,2.5,2.0,9,1
5780,2200,3,2.5,2.0,9,0
5781,2180,4,2.5,1.5,7,1
5782,1490,3,1.75,1.0,7,0
5783,1530,3,2.5,2.0,8,0
5784,1180,3,1.0,1.0,7,0
5785,2080,4,2.5,2.0,9,1
5786,3200,4,2.5,1.0,8,0
5787,1880,4,2.25,2.0,7,0
5788,2510,3,2.5,2.0,7,1
5789,1060,2,1.0,1.0,6,0
5790,2130,3,2.5,2.0,8,0
5791,1320,3,1.75,1.0,7,0
5792,1040,3,1.75,1.0,6,0
5793,1150,3,2.0,1.5,7,0
5794,2120,4,2.25,2.0,7,1
5795,2130,3,2.0,1.5,7,1
5796,2340,4,2.5,2.0,8,1
5797,2250,4,1.75,1.0,7,0
5798,1890,3,1.75,1.0,7,1
5799,1140,2,1.0,1.0,6,0
5800,2780,3,2.5,2.0,9,1
5801,2390,4,2.5,2.0,8,0
5802,2390,3,1.75,1.0,8,1
5803,2680,3,2.0,1.0,9,1
5804,1560,2,2.5,2.0,8,0
5805,1130,2,1.0,1.0,6,0
5806,1120,2,1.0,1.0,7,1
5807,2050,4,2.25,2.0,8,0
5808,2600,5,2.25,1.5,8,0
5809,1050,3,2.25,2.0,7,0
5810,2600,3,2.0,2.0,10,1
5811,2811,4,2.5,2.0,9,1
5812,4060,4,3.25,2.0,11,1
5813,2260,3,2.0,1.0,7,1
5814,4430,4,2.75,2.0,10,1
5815,2430,3,2.25,1.0,9,1
5816,3420,3,2.5,1.0,10,1
5817,1180,2,1.0,1.5,7,0
5818,2010,4,2.25,1.0,7,0
5819,1230,3,2.0,1.0,7,0
5820,2750,5,2.5,1.5,8,1
5821,1300,3,2.75,1.0,7,0
5822,1150,3,1.5,1.0,7,0
5823,2220,3,1.75,1.0,7,0
5824,2050,3,2.5,2.0,9,1
5825,1700,4,1.75,1.0,8,1
5826,1610,3,1.75,1.0,7,0
5827,2720,4,2.75,2.0,8,1
5828,2190,4,2.5,1.0,8,1
5829,2730,4,2.75,2.0,8,1
5830,2490,3,2.5,2.0,9,1
5831,1510,4,2.0,1.0,7,0
5832,4720,4,4.25,3.0,11,1
5833,3810,4,3.0,2.0,9,1
5834,1950,3,2.5,2.0,9,1
5835,1300,3,2.0,1.0,7,1
5836,1610,3,1.75,1.0,7,1
5837,2040,4,2.5,1.5,7,1
5838,700,2,1.0,1.0,5,0
5839,970,3,1.0,1.0,6,0
5840,910,3,1.0,1.0,6,0
5841,1060,3,1.0,1.0,7,1
5842,2180,5,3.25,2.0,7,1
5843,2050,3,1.75,1.0,8,1
5844,750,2,1.0,1.0,6,0
5845,800,3,1.0,1.0,6,0
5846,3470,4,2.25,1.5,9,1
5847,1390,3,1.5,1.0,6,0
5848,900,3,1.0,1.0,6,0
5849,1050,2,1.75,1.5,6,0
5850,2410,3,2.5,1.0,9,1
5851,1180,3,2.25,2.0,7,0
5852,1140,3,1.0,2.0,7,0
5853,700,2,1.0,1.0,6,0
5854,2060,4,2.5,1.0,8,1
5855,2230,3,2.25,1.0,8,1
5856,1950,2,2.25,1.0,8,0
5857,2100,3,1.75,1.0,7,1
5858,2130,4,2.5,1.0,7,0
5859,1880,3,2.0,2.0,7,0
5860,2310,4,2.5,2.0,9,1
5861,880,3,1.0,1.0,6,0
5862,5450,5,5.0,2.0,11,1
5863,1290,2,1.5,1.0,8,0
5864,1010,2,1.0,1.0,6,0
5865,1690,4,1.75,1.0,6,0
5866,1350,2,1.75,1.0,8,0
5867,680,3,1.0,1.0,6,0
5868,2860,4,2.25,2.0,10,1
5869,610,1,1.0,1.0,5,0
5870,2660,4,2.5,1.0,8,1
5871,1390,2,1.0,1.0,7,1
5872,2290,6,3.0,2.0,7,0
5873,2110,3,2.5,2.0,8,0
5874,1200,3,2.0,1.0,7,1
5875,2360,4,2.25,2.0,8,1
5876,2350,4,2.5,2.0,7,0
5877,1590,3,2.25,1.0,7,0
5878,1810,3,2.5,2.0,8,1
5879,1900,3,1.75,1.0,8,0
5880,1250,3,1.0,1.0,7,0
5881,3280,4,3.5,2.0,10,1
5882,870,2,1.5,1.0,7,1
5883,3570,4,3.25,2.0,10,1
5884,3780,4,3.25,2.0,11,1
5885,1190,3,1.0,1.5,6,0
5886,2280,4,2.0,2.0,8,0
5887,1030,3,1.0,1.5,5,0
5888,2870,3,1.75,1.5,8,1
5889,1520,4,1.5,1.0,7,0
5890,3700,3,3.0,2.0,9,1
5891,2240,3,1.5,1.0,8,1
5892,1920,3,2.25,1.0,8,0
5893,2560,3,3.0,2.0,10,1
5894,1840,4,2.5,2.0,8,0
5895,2080,3,2.75,1.0,7,0
5896,1600,3,2.0,1.0,7,1
5897,2168,3,2.0,1.5,8,1
5898,860,2,1.0,1.0,6,0
5899,2100,4,1.75,1.0,7,1
5900,1140,3,1.0,1.0,7,0
5901,3090,4,3.0,2.0,9,1
5902,1330,3,1.0,2.0,6,0
5903,1360,2,1.0,1.0,5,0
5904,3420,5,3.0,2.0,9,1
5905,2180,4,2.0,1.5,8,1
5906,1800,3,2.0,2.0,7,1
5907,1120,2,1.0,1.0,7,0
5908,2980,3,2.5,2.0,8,1
5909,2600,4,2.25,1.0,8,0
5910,1550,2,2.0,1.5,7,1
5911,3330,3,2.25,2.0,10,1
5912,2200,4,2.5,2.0,8,0
5913,3840,4,3.5,2.0,11,1
5914,840,2,1.0,1.0,6,0
5915,1270,3,1.5,1.0,6,0
5916,3240,4,2.5,2.0,10,1
5917,2480,3,2.5,1.5,8,1
5918,4470,3,2.25,2.0,9,1
5919,1780,3,1.0,1.0,7,0
5920,1850,4,2.5,2.0,8,1
5921,2200,3,2.25,2.0,8,0
5922,2760,3,2.25,1.0,8,0
5923,1090,2,1.0,1.0,7,0
5924,3090,4,2.75,2.0,9,1
5925,820,2,1.0,1.0,7,1
5926,1445,3,2.25,2.0,7,0
5927,1810,4,2.25,2.0,7,0
5928,1620,3,1.75,1.0,7,1
5929,1060,2,1.75,2.0,7,0
5930,1050,3,1.75,1.0,7,0
5931,1010,3,1.0,1.0,7,0
5932,2050,4,2.5,2.0,8,0
5933,970,2,1.0,1.0,6,0
5934,1540,3,2.0,2.0,8,0
5935,3000,4,2.75,2.0,9,1
5936,3190,4,2.5,2.0,9,1
5937,1870,4,2.5,1.0,7,0
5938,2200,4,2.5,2.0,8,0
5939,3070,4,2.5,2.0,9,1
5940,3730,4,3.75,2.0,10,1
5941,2440,4,2.5,1.0,7,1
5942,990,2,1.0,1.0,7,1
5943,4160,3,4.0,2.0,11,1
5944,3670,4,3.5,2.0,9,1
5945,910,3,1.5,1.0,5,0
5946,1940,3,2.5,2.0,9,1
5947,1780,4,2.5,2.0,9,0
5948,2200,3,2.25,2.0,8,1
5949,6410,4,4.25,2.5,12,1
5950,2070,3,2.0,1.0,8,1
5951,2040,3,1.75,1.0,7,0
5952,2320,4,2.5,2.0,8,0
5953,1440,2,2.0,1.0,7,0
5954,1700,4,2.5,2.0,7,0
5955,1700,4,2.5,2.0,7,0
5956,2050,3,2.0,1.0,8,1
5957,800,2,1.0,1.0,6,0
5958,1800,3,1.75,1.0,8,1
5959,1460,5,2.0,1.5,6,0
5960,1290,3,1.75,1.0,7,0
5961,1900,3,1.5,1.0,7,0
5962,1480,3,1.75,1.0,8,1
5963,2090,4,2.5,1.0,7,1
5964,1950,4,2.25,1.0,8,1
5965,1250,3,1.75,1.0,7,1
5966,990,3,1.0,1.0,6,0
5967,2740,3,2.5,2.0,9,0
5968,1260,3,1.75,1.0,7,0
5969,2150,4,2.5,2.0,8,0
5970,1750,3,1.75,1.5,7,1
5971,2880,3,2.25,2.0,8,1
5972,2590,4,2.25,2.0,9,1
5973,2430,3,1.75,1.5,7,1
5974,1470,2,2.0,2.0,6,0
5975,2020,3,2.75,1.0,7,1
5976,610,2,1.0,1.0,6,0
5977,3000,3,2.0,1.0,8,0
5978,920,2,1.0,1.0,5,0
5979,1070,3,1.75,1.0,6,0
5980,3410,4,2.0,2.0,8,1
5981,1820,4,2.5,2.0,7,0
5982,1060,2,1.0,1.0,7,1
5983,3070,5,2.5,2.0,9,1
5984,2300,4,2.5,1.0,7,0
5985,1610,3,2.0,1.0,7,0
5986,2830,5,2.75,2.0,9,1
5987,970,3,1.0,1.0,7,0
5988,1680,3,2.5,2.0,7,0
5989,2040,4,2.75,1.0,8,1
5990,1450,3,1.0,2.0,7,0
5991,2870,4,2.25,1.5,9,1
5992,1870,5,2.0,1.0,7,1
5993,2490,4,3.5,2.0,8,1
5994,3350,4,2.5,2.0,9,1
5995,3190,4,2.75,2.0,9,1
5996,1560,3,1.75,1.0,6,1
5997,2750,4,2.5,2.0,9,1
5998,920,2,1.0,1.0,8,0
5999,1140,2,1.0,1.0,6,0
6000,2520,3,2.5,1.5,7,1
6001,3150,5,3.5,1.0,9,1
6002,2040,4,2.5,2.0,7,0
6003,1780,4,2.0,1.0,7,0
6004,2240,3,2.5,2.0,8,0
6005,3270,4,2.5,1.0,9,1
6006,3110,5,2.75,2.0,9,1
6007,1850,4,1.5,2.0,8,1
6008,1570,3,1.75,1.0,7,1
6009,750,2,1.0,1.0,6,0
6010,2240,4,2.25,2.0,10,1
6011,1870,3,2.5,2.0,8,1
6012,2683,4,2.5,2.0,9,1
6013,1490,3,1.0,1.0,7,0
6014,2340,4,2.5,2.0,8,1
6015,1700,4,2.0,1.0,7,1
6016,1450,2,2.0,3.0,9,1
6017,3310,3,2.5,2.0,9,0
6018,1520,4,1.75,1.0,6,0
6019,1260,5,1.75,1.5,7,1
6020,1840,3,1.75,1.0,8,1
6021,1750,4,2.0,1.0,6,0
6022,1450,4,1.0,1.5,6,0
6023,6330,4,4.0,2.0,13,1
6024,1260,2,2.0,1.0,7,0
6025,2100,4,1.75,2.0,8,1
6026,2430,4,2.5,2.0,8,0
6027,4250,4,3.25,2.0,10,1
6028,1830,4,2.0,1.0,7,0
6029,1310,2,1.0,1.0,6,1
6030,3090,4,3.25,2.0,9,1
6031,2560,4,2.5,2.0,9,1
6032,1930,3,1.75,1.0,8,0
6033,1460,2,1.0,1.0,7,0
6034,3460,3,3.0,2.0,9,1
6035,3290,5,3.5,2.0,9,1
6036,820,3,1.0,1.5,6,0
6037,1480,3,1.0,1.0,6,0
6038,1420,4,2.0,1.0,7,0
6039,2790,3,2.5,2.0,8,1
6040,1390,2,1.5,1.0,8,1
6041,950,3,1.0,1.0,7,0
6042,3000,4,3.5,1.0,7,1
6043,1280,4,1.0,1.5,7,0
6044,870,2,1.0,1.0,7,0
6045,1360,3,1.5,2.0,7,0
6046,1000,3,1.0,1.0,7,0
6047,2740,4,2.5,1.0,8,1
6048,1560,3,1.75,1.0,7,0
6049,2590,4,2.5,2.0,9,1
6050,1850,3,2.5,2.5,9,1
6051,2500,5,2.25,1.5,7,1
6052,3280,4,2.5,2.0,7,1
6053,670,2,1.0,1.0,5,0
6054,2890,5,2.75,1.0,10,1
6055,3000,5,2.5,1.0,8,1
6056,1920,4,2.5,2.0,7,0
6057,1960,4,3.25,2.0,7,0
6058,2000,3,1.75,1.0,7,0
6059,3600,6,4.0,2.0,9,1
6060,2740,4,2.5,2.0,9,0
6061,3650,9,4.5,2.0,8,1
6062,2310,4,2.5,2.0,8,1
6063,2095,4,2.5,2.0,9,1
6064,1560,2,2.0,1.0,8,1
6065,1880,3,2.25,1.0,8,0
6066,840,2,1.5,2.0,7,0
6067,2730,3,2.5,2.0,9,1
6068,860,1,1.0,1.0,6,0
6069,2320,3,2.0,1.0,7,1
6070,1540,3,1.75,1.0,7,0
6071,890,3,1.0,1.5,5,0
6072,4290,4,2.5,2.0,10,1
6073,1950,3,2.5,2.0,9,1
6074,1010,3,1.0,1.0,7,0
6075,2830,4,2.5,2.0,8,1
6076,1500,4,1.75,1.0,7,0
6077,3370,3,2.5,1.0,10,1
6078,3160,4,2.5,2.0,9,0
6079,1110,3,1.0,1.5,7,0
6080,3830,3,2.5,2.0,11,1
6081,3160,3,2.5,2.0,8,1
6082,2100,3,2.25,2.0,7,1
6083,2240,3,1.5,1.0,7,1
6084,1060,2,0.75,1.0,6,0
6085,2350,4,2.25,1.0,9,1
6086,1940,4,2.5,2.0,8,0
6087,1160,1,1.0,1.0,7,0
6088,1840,3,1.5,2.0,8,1
6089,2260,4,1.75,1.0,8,1
6090,840,2,1.0,1.0,6,0
6091,2830,5,3.0,2.0,9,1
6092,1600,4,1.0,1.0,6,0
6093,1370,3,1.75,1.0,7,0
6094,1960,3,2.25,1.0,7,0
6095,1470,3,1.5,2.0,7,1
6096,2740,5,2.75,1.0,8,1
6097,1090,2,2.5,2.0,7,0
6098,2460,4,2.75,1.0,8,1
6099,1820,3,2.25,1.0,7,0
6100,1960,4,2.75,1.0,7,0
6101,1760,3,2.25,2.0,7,0
6102,720,1,1.0,1.0,6,0
6103,3470,4,3.5,2.0,11,1
6104,1370,4,2.0,1.0,7,0
6105,2370,4,2.25,1.0,8,1
6106,1390,3,1.0,1.5,7,0
6107,1840,3,2.0,1.0,7,1
6108,2790,5,3.0,1.0,7,1
6109,1460,2,2.25,2.0,8,0
6110,2620,3,2.5,1.5,9,1
6111,2230,4,1.5,1.5,7,1
6112,3250,4,3.0,2.5,8,1
6113,1190,3,1.0,1.0,7,1
6114,2090,3,3.0,1.5,7,1
6115,2580,3,2.5,1.0,10,1
6116,2100,3,2.5,2.0,7,0
6117,3160,4,2.5,2.0,10,1
6118,2090,3,2.5,1.0,7,1
6119,1570,3,2.5,2.0,7,0
6120,1020,3,1.0,1.5,7,0
6121,1300,2,1.0,1.0,7,0
6122,2110,3,2.5,1.0,9,1
6123,1210,2,1.0,1.0,5,0
6124,1990,4,1.75,1.0,8,1
6125,1630,3,2.0,1.0,7,0
6126,1384,2,2.0,2.0,7,0
6127,3380,4,2.5,2.0,10,1
6128,2480,4,2.5,2.0,10,0
6129,1270,3,1.0,1.0,7,1
6130,1010,4,1.0,1.5,6,0
6131,1490,3,1.75,1.0,6,0
6132,820,2,1.0,1.0,6,0
6133,1810,3,2.0,1.0,7,0
6134,3060,4,2.25,1.0,7,0
6135,2980,6,2.75,1.0,8,1
6136,3440,3,2.5,2.0,11,1
6137,1820,3,2.5,1.0,7,0
6138,2320,3,2.5,1.0,7,0
6139,2620,4,2.5,2.0,9,1
6140,2190,4,1.75,1.0,8,0
6141,1780,3,2.25,1.0,8,0
6142,2200,3,1.75,1.0,7,0
6143,1600,3,1.75,1.5,7,1
6144,2450,4,2.25,1.0,8,1
6145,2680,4,2.25,2.0,8,0
6146,1850,3,1.75,1.0,7,0
6147,1740,4,1.0,1.5,7,0
6148,1490,3,2.25,1.0,7,0
6149,1960,4,2.0,1.0,8,1
6150,1380,3,2.25,2.0,7,0
6151,1510,2,1.0,1.5,8,1
6152,1410,3,1.5,1.0,7,1
6153,1440,4,1.5,1.5,7,0
6154,920,3,1.0,1.0,7,1
6155,1090,3,1.0,1.0,7,0
6156,2790,8,2.75,1.0,7,0
6157,1840,3,2.0,1.0,7,1
6158,1340,3,1.75,1.0,7,0
6159,2570,4,2.5,2.0,9,1
6160,3010,4,3.5,2.0,9,1
6161,2160,4,2.5,1.0,7,1
6162,2140,3,1.75,1.0,7,1
6163,2090,4,1.75,1.0,7,0
6164,1810,3,1.75,1.0,7,0
6165,1760,4,1.75,1.0,7,1
6166,2500,4,2.5,2.0,9,1
6167,930,2,1.0,1.0,7,0
6168,3030,4,2.5,2.0,10,1
6169,1460,3,2.0,1.0,7,1
6170,2940,4,2.5,2.0,9,1
6171,3360,5,2.75,2.0,9,1
6172,2110,3,1.75,1.0,8,0
6173,2740,4,2.25,1.0,10,1
6174,1070,2,1.0,1.0,7,0
6175,1680,3,2.0,2.0,7,0
6176,2260,4,2.5,1.0,9,0
6177,5860,4,3.5,2.0,10,1
6178,2380,4,2.25,1.0,8,1
6179,3320,5,3.0,2.0,9,1
6180,1050,2,1.0,1.5,7,0
6181,2070,4,2.5,2.0,7,0
6182,1790,4,2.25,2.0,7,0
6183,840,2,1.0,1.0,6,0
6184,990,3,1.5,1.0,7,0
6185,4120,3,3.0,2.0,9,1
6186,1620,3,1.75,1.0,7,0
6187,1340,4,2.0,1.0,7,0
6188,1500,4,1.0,1.5,6,0
6189,1300,2,1.0,1.0,7,0
6190,3100,4,2.75,2.0,10,1
6191,3380,3,2.5,2.0,8,0
6192,2660,4,2.5,1.0,7,0
6193,1700,3,2.25,1.5,7,1
6194,1840,4,2.5,1.0,8,1
6195,890,2,1.0,1.0,6,0
6196,2800,3,3.0,1.0,9,1
6197,2010,4,1.75,1.0,7,0
6198,1380,3,1.0,1.0,7,0
6199,1210,3,1.0,1.0,6,0
6200,1280,3,2.0,1.0,7,0
6201,4090,4,2.5,2.0,8,1
6202,1580,3,1.0,1.0,7,1
6203,1910,4,2.0,1.0,7,0
6204,1740,2,2.5,2.0,8,1
6205,1130,3,2.25,1.5,8,1
6206,1970,3,1.75,1.0,8,1
6207,1780,3,2.25,1.0,8,0
6208,1670,3,2.0,1.0,8,0
6209,1360,4,1.5,1.0,7,0
6210,1840,3,2.5,1.0,7,0
6211,1255,3,1.75,3.0,8,0
6212,1840,3,1.75,1.0,7,0
6213,2960,4,2.5,2.0,9,0
6214,1430,4,1.5,1.5,7,0
6215,5990,5,4.75,2.0,11,1
6216,3480,4,2.5,2.0,11,1
6217,4260,5,3.25,2.0,10,1
6218,1820,5,2.25,1.0,7,0
6219,1290,2,1.0,2.0,7,0
6220,2130,5,2.5,2.0,7,0
6221,1170,3,2.0,1.0,7,0
6222,1730,3,3.5,3.0,9,1
6223,880,2,1.0,1.0,6,0
6224,2380,3,2.5,2.0,8,1
6225,1330,4,1.0,1.0,6,1
6226,1780,3,2.25,2.0,8,1
6227,1220,3,1.5,1.0,7,0
6228,2490,5,1.75,1.0,8,1
6229,1180,2,1.0,1.0,7,0
6230,2310,4,2.5,2.0,8,0
6231,1440,4,2.0,2.0,7,0
6232,1620,2,1.5,2.0,9,1
6233,2620,3,2.5,2.0,8,0
6234,3710,4,2.5,2.0,9,1
6235,1040,3,1.5,1.0,7,0
6236,3320,5,3.25,2.0,8,0
6237,800,2,1.5,1.0,7,0
6238,2040,5,2.5,1.0,7,1
6239,1960,2,1.75,1.0,7,0
6240,2670,4,2.5,2.0,8,1
6241,2930,4,2.5,2.0,8,1
6242,830,2,1.0,1.0,6,0
6243,2290,5,1.75,2.0,7,1
6244,2510,3,1.5,2.5,8,1
6245,1280,3,1.0,1.0,6,0
6246,1810,4,1.5,1.0,8,1
6247,2080,5,2.75,2.0,8,1
6248,1680,4,1.75,2.0,8,0
6249,1660,3,2.25,2.0,7,0
6250,1650,3,2.5,2.0,7,0
6251,1420,3,2.5,2.0,9,1
6252,2240,4,2.25,1.0,8,1
6253,1230,3,1.5,1.0,7,1
6254,1260,3,1.0,1.0,6,0
6255,2060,3,2.5,2.0,8,1
6256,3090,4,3.5,1.0,8,1
6257,3220,4,1.75,1.0,8,1
6258,2020,3,2.5,2.0,7,0
6259,1910,2,1.75,1.0,9,0
6260,1150,3,1.0,1.0,6,0
6261,2730,4,2.75,1.5,8,1
6262,2890,6,3.0,2.5,7,1
6263,2280,3,2.5,1.0,8,1
6264,1040,2,1.0,1.0,6,0
6265,2440,4,1.75,1.0,9,1
6266,1720,3,2.5,1.0,8,1
6267,3430,3,2.5,1.5,10,1
6268,2570,4,2.5,2.0,8,0
6269,4360,4,3.25,1.0,10,1
6270,2060,4,2.75,1.0,7,0
6271,3020,4,2.5,2.0,10,1
6272,2340,3,2.5,1.5,7,1
6273,2400,5,2.0,1.0,7,0
6274,1610,3,2.25,1.0,7,0
6275,1090,3,1.75,1.0,7,0
6276,1470,3,1.75,1.0,7,0
6277,1670,3,2.25,1.0,8,1
6278,1850,3,2.5,2.0,8,1
6279,3940,3,2.75,1.0,9,1
6280,2330,4,3.0,2.0,9,1
6281,2020,4,2.5,1.5,6,0
6282,1300,3,1.5,1.0,7,1
6283,1180,3,1.0,1.0,7,0
6284,1320,3,1.75,1.0,8,1
6285,2520,6,2.75,1.0,7,0
6286,1680,3,2.5,3.0,9,1
6287,2000,3,2.5,2.0,7,0
6288,1180,2,1.0,1.0,6,0
6289,3330,3,3.25,2.5,9,1
6290,1880,2,2.0,1.5,8,1
6291,2990,4,2.5,2.0,9,1
6292,1510,3,1.75,1.0,7,0
6293,3110,4,3.0,2.0,8,0
6294,2150,4,2.5,2.0,8,1
6295,1900,3,2.25,1.5,8,1
6296,2720,4,2.5,2.0,10,1
6297,1560,3,2.25,2.0,7,0
6298,1990,4,2.5,2.0,8,1
6299,1740,3,1.75,1.0,8,1
6300,2130,4,2.0,1.0,7,0
6301,1510,4,1.75,1.0,7,0
6302,2100,5,3.5,2.0,7,0
6303,2344,5,2.5,1.0,8,0
6304,1970,3,1.5,1.0,6,0
6305,1470,3,2.25,2.0,7,0
6306,940,2,1.0,1.0,7,0
6307,1780,3,1.75,1.0,9,0
6308,2230,4,2.5,2.0,7,0
6309,3570,3,2.5,1.0,8,1
6310,1920,3,2.5,2.0,7,0
6311,1290,3,1.5,1.0,7,0
6312,1880,3,1.75,1.0,7,0
6313,2960,4,2.5,2.0,9,0
6314,1840,2,1.75,1.0,8,0
6315,1890,3,1.5,1.0,7,0
6316,1820,3,2.25,1.0,7,1
6317,4370,4,3.5,2.0,10,1
6318,1530,3,1.75,1.0,7,0
6319,1030,3,1.0,1.0,7,0
6320,2000,3,2.5,3.0,8,1
6321,1730,5,1.5,1.0,7,0
6322,3620,4,2.5,2.0,9,1
6323,2040,3,2.5,2.0,8,1
6324,2640,3,2.5,2.0,8,0
6325,1600,3,2.5,2.0,7,0
6326,1480,4,1.0,1.5,7,1
6327,700,2,1.0,1.0,7,0
6328,700,2,1.0,1.0,7,0
6329,3520,4,2.5,2.0,10,1
6330,1650,3,2.0,2.0,8,0
6331,1360,4,1.0,1.5,7,0
6332,1350,3,2.0,1.0,6,0
6333,1970,3,2.5,2.0,7,0
6334,1470,3,2.0,2.0,8,0
6335,1610,4,1.75,1.0,7,0
6336,810,2,1.0,1.0,7,0
6337,2820,4,3.5,2.0,10,1
6338,1900,3,1.0,1.5,5,0
6339,1830,4,2.5,1.0,8,1
6340,1730,4,1.5,1.0,7,0
6341,2110,4,2.5,2.0,7,1
6342,3060,3,2.5,2.0,9,1
6343,2620,4,2.5,2.0,8,1
6344,1088,2,1.5,2.0,7,0
6345,1400,3,1.5,1.0,7,0
6346,1540,2,2.0,1.0,7,1
6347,1540,3,2.5,2.0,7,0
6348,2310,3,1.5,1.5,8,1
6349,1730,4,1.75,1.0,7,0
6350,2070,4,2.25,1.0,8,0
6351,900,2,1.0,1.0,7,0
6352,860,3,1.0,1.0,6,0
6353,2980,5,4.0,1.5,7,1
6354,2980,5,4.0,1.5,7,1
6355,2740,5,2.5,2.0,7,0
6356,1790,4,2.5,2.0,7,0
6357,1750,3,1.75,1.0,7,0
6358,3610,4,4.0,2.0,10,1
6359,1430,6,1.0,2.0,7,1
6360,1570,3,1.75,1.0,7,1
6361,2280,2,1.0,2.0,7,0
6362,940,3,1.0,1.0,6,0
6363,2920,4,2.5,2.0,9,1
6364,2260,4,2.25,2.0,9,1
6365,2000,5,2.0,1.5,7,1
6366,1440,2,1.75,1.0,8,0
6367,2310,5,2.0,1.5,8,1
6368,2300,4,2.25,1.5,7,0
6369,1490,2,2.25,1.5,8,1
6370,1830,3,2.25,2.0,8,0
6371,4440,5,4.5,2.0,10,1
6372,4970,4,3.5,2.0,11,1
6373,1000,2,1.5,2.0,7,0
6374,4940,4,2.5,1.0,9,1
6375,1980,2,2.0,1.5,7,1
6376,1560,3,2.5,1.0,7,0
6377,870,2,1.0,1.0,6,0
6378,840,3,1.0,1.0,6,0
6379,1250,3,1.0,1.0,6,0
6380,3120,4,2.75,1.0,9,1
6381,750,2,1.0,1.0,6,0
6382,710,3,1.75,1.0,6,0
6383,2290,3,1.75,1.0,8,1
6384,3750,5,2.5,2.0,10,1
6385,980,3,1.5,1.0,7,0
6386,1590,2,1.75,1.0,7,0
6387,940,2,1.0,1.0,6,1
6388,1750,3,1.75,1.0,7,0
6389,1460,3,1.0,1.0,6,1
6390,1540,3,1.75,1.0,6,1
6391,2560,3,2.0,1.0,8,1
6392,1660,3,1.75,1.0,7,0
6393,1880,3,2.5,2.0,8,1
6394,3500,5,3.75,1.5,8,1
6395,1840,3,2.25,2.0,7,1
6396,1060,3,2.0,1.0,7,0
6397,1790,3,2.25,1.0,7,1
6398,810,2,1.0,1.0,5,0
6399,2600,4,3.5,2.0,8,1
6400,3230,4,2.5,1.0,8,1
6401,2240,4,2.25,2.0,8,0
6402,3400,4,3.0,2.0,9,1
6403,3140,4,2.0,1.0,7,1
6404,2780,4,2.5,2.0,8,1
6405,2320,4,2.75,1.0,8,0
6406,1370,3,1.75,1.0,7,0
6407,2230,5,1.75,1.0,7,0
6408,1610,3,2.5,2.0,7,0
6409,3410,3,2.5,2.0,11,1
6410,2810,4,2.5,2.0,9,1
6411,1850,3,1.75,2.0,6,0
6412,1790,3,1.5,1.5,8,1
6413,1150,3,1.0,1.5,7,0
6414,2420,4,2.75,1.5,7,0
6415,1580,3,2.25,1.0,7,0
6416,1760,5,2.0,1.0,8,1
6417,1760,5,2.0,1.0,8,1
6418,2750,3,2.5,2.0,9,1
6419,920,3,1.0,1.0,7,0
6420,960,3,1.0,1.0,7,0
6421,1120,3,1.75,1.0,7,0
6422,1560,3,1.0,1.5,7,1
6423,1380,3,1.0,1.0,7,0
6424,1940,4,2.5,2.0,7,0
6425,1810,3,1.75,1.0,8,1
6426,1100,2,1.0,1.0,7,0
6427,1980,4,2.25,1.0,7,0
6428,1340,4,1.5,1.0,6,1
6429,1680,3,1.75,1.0,7,1
6430,2060,4,2.5,2.0,6,0
6431,2620,3,3.25,1.0,8,1
6432,1610,3,2.25,2.0,7,0
6433,1490,4,1.5,2.0,7,0
6434,1900,3,2.25,1.0,7,0
6435,3440,4,2.5,2.0,9,1
6436,1840,2,1.0,1.5,6,1
6437,2330,4,2.0,1.0,7,0
6438,2250,3,2.0,2.0,9,1
6439,2000,4,1.75,1.0,7,1
6440,3010,2,2.5,1.0,9,1
6441,1680,3,1.75,1.0,8,0
6442,1530,3,2.0,1.0,8,1
6443,970,2,1.0,1.0,6,0
6444,1550,5,1.75,1.5,7,0
6445,1660,3,1.75,1.0,8,0
6446,3680,3,2.5,1.5,9,1
6447,3210,5,3.5,2.0,10,1
6448,1480,3,1.0,2.5,6,1
6449,3600,5,3.5,2.0,10,1
6450,1700,3,2.25,3.0,8,1
6451,1680,3,1.75,1.0,8,0
6452,1550,3,2.0,1.5,7,0
6453,3780,3,3.25,1.0,11,1
6454,2360,4,2.5,1.0,7,0
6455,1810,3,2.5,2.0,7,1
6456,2290,3,2.5,2.0,9,1
6457,3370,4,2.75,2.0,10,1
6458,2090,4,1.75,1.0,7,1
6459,2130,4,3.75,1.5,9,1
6460,2060,5,1.75,1.0,7,0
6461,1560,3,1.5,1.0,7,1
6462,730,2,1.0,1.0,4,0
6463,2910,4,2.75,1.0,8,1
6464,2490,4,2.25,1.0,7,0
6465,1710,4,1.75,1.0,7,1
6466,1520,4,1.75,1.0,7,0
6467,2930,3,2.75,2.0,8,1
6468,3160,4,3.0,1.0,8,1
6469,2910,5,2.75,1.5,8,0
6470,1700,3,2.25,1.0,7,0
6471,810,2,1.0,1.0,6,0
6472,2000,4,2.5,2.0,7,0
6473,1894,2,1.75,1.5,6,0
6474,2080,3,1.75,1.0,6,0
6475,1730,4,2.0,1.0,7,0
6476,720,2,1.0,1.0,6,0
6477,3560,4,2.5,2.0,10,1
6478,1210,4,2.0,1.0,7,1
6479,2130,4,2.5,2.0,8,0
6480,1570,3,2.25,1.0,7,0
6481,3950,3,4.5,2.0,11,1
6482,3450,3,3.25,2.0,11,1
6483,1150,3,1.75,1.0,7,0
6484,1500,3,2.25,1.0,7,0
6485,1300,3,2.5,1.5,7,1
6486,1290,3,1.75,1.0,6,0
6487,2510,3,2.0,1.0,9,1
6488,2320,4,1.75,1.5,8,1
6489,5480,6,4.75,1.5,11,1
6490,2030,4,2.75,1.0,7,0
6491,2060,4,1.5,1.0,8,1
6492,2920,3,2.5,1.0,9,1
6493,3330,4,3.0,1.5,9,1
6494,2110,3,2.5,2.0,9,1
6495,1175,3,1.0,1.0,6,1
6496,1590,3,2.0,1.0,7,0
6497,1070,2,1.0,1.0,7,0
6498,2720,4,2.0,2.0,8,1
6499,2980,4,3.5,2.0,9,1
6500,1160,3,1.75,1.0,7,0
6501,3580,4,2.5,2.0,9,1
6502,3020,3,2.25,3.0,8,0
6503,2380,4,2.25,1.0,7,1
6504,2270,3,2.75,1.5,6,0
6505,1660,3,2.25,2.0,7,0
6506,830,2,1.0,1.0,7,0
6507,2480,5,2.25,1.0,8,1
6508,1900,2,2.0,1.0,7,0
6509,1670,2,1.75,1.0,9,1
6510,2000,5,2.25,1.0,7,0
6511,2320,3,2.0,1.5,9,1
6512,1860,4,2.5,1.0,8,1
6513,2110,3,2.5,2.0,9,1
6514,1400,3,2.0,1.0,7,0
6515,1400,3,2.0,1.0,7,0
6516,2850,3,2.75,1.0,9,1
6517,1370,3,1.0,1.0,7,0
6518,2170,3,2.5,1.5,7,1
6519,2570,3,1.75,1.0,8,1
6520,1970,4,2.25,1.0,8,0
6521,2980,5,3.75,3.0,8,1
6522,2300,4,2.5,2.0,8,1
6523,1990,3,2.5,2.0,8,1
6524,2390,4,2.5,2.0,8,1
6525,2160,3,2.5,1.0,7,1
6526,3300,4,3.25,2.0,10,1
6527,1840,3,2.0,1.0,7,1
6528,2030,3,2.5,2.0,8,1
6529,1400,3,2.5,2.0,7,0
6530,2320,4,2.25,2.0,9,0
6531,1410,3,1.75,1.0,7,0
6532,1860,3,2.0,1.0,7,1
6533,1820,4,2.5,2.0,7,0
6534,1910,4,2.5,2.0,8,1
6535,1540,3,1.75,1.0,7,0
6536,1430,3,2.0,1.0,7,0
6537,1010,3,1.0,1.0,7,0
6538,940,2,1.0,1.0,5,0
6539,2600,3,2.75,1.5,8,1
6540,2060,4,2.25,1.0,8,0
6541,1920,3,2.5,2.0,8,1
6542,2900,4,2.5,2.0,11,1
6543,1020,1,1.0,1.0,7,0
6544,2150,4,2.25,2.0,8,1
6545,1660,3,2.5,2.0,7,0
6546,1230,4,1.0,1.5,7,0
6547,2170,2,2.5,1.0,8,1
6548,1280,3,2.0,1.0,7,0
6549,2240,4,2.5,1.0,8,1
6550,1780,4,1.5,1.0,7,1
6551,1840,3,1.75,1.0,7,0
6552,1740,4,1.75,1.0,7,1
6553,3040,5,3.0,2.0,9,1
6554,2370,3,2.5,2.0,8,0
6555,2100,4,2.5,2.0,8,0
6556,1470,3,2.25,2.0,8,0
6557,1300,2,1.5,1.0,6,0
6558,3420,3,3.0,2.0,8,1
6559,1190,3,1.5,1.0,7,1
6560,2080,5,2.0,1.0,7,0
6561,2180,5,1.5,1.5,7,1
6562,1460,3,2.0,1.0,7,1
6563,1530,3,1.75,1.0,7,1
6564,4740,4,3.5,2.0,11,1
6565,1980,3,2.25,1.0,8,1
6566,1710,3,1.75,1.0,7,0
6567,1160,2,1.5,2.0,7,0
6568,2200,3,2.5,2.0,9,1
6569,1170,2,1.0,1.0,7,0
6570,1120,3,1.0,1.0,7,0
6571,1710,3,1.5,2.0,8,1
6572,1650,3,1.75,1.0,7,0
6573,2840,4,2.5,1.0,8,1
6574,3310,4,3.0,1.5,9,1
6575,1860,3,2.0,1.0,7,1
6576,2250,3,2.5,2.0,8,0
6577,2890,3,2.5,2.0,8,1
6578,2120,3,1.75,1.0,7,0
6579,2130,4,2.5,2.0,8,0
6580,1170,2,1.75,1.0,6,0
6581,2120,4,1.75,1.0,7,1
6582,1280,3,1.75,1.0,7,0
6583,3170,4,2.5,2.0,10,1
6584,2260,4,2.25,1.0,9,1
6585,2930,3,1.75,1.0,9,1
6586,1060,3,1.5,1.0,7,0
6587,1740,4,1.75,1.0,7,0
6588,2990,4,2.5,2.0,8,1
6589,3530,4,3.25,2.0,11,1
6590,2960,5,2.0,1.0,7,1
6591,1650,3,2.5,2.0,8,1
6592,2720,4,2.5,1.0,8,1
6593,1516,3,1.75,1.0,7,1
6594,4386,4,3.25,1.0,10,1
6595,2580,3,2.25,1.0,7,0
6596,960,3,1.0,1.0,6,0
6597,1460,2,1.75,1.0,7,0
6598,3840,4,3.5,2.0,8,1
6599,2090,4,2.5,2.0,7,0
6600,2470,4,2.25,1.0,8,1
6601,2090,4,2.5,2.0,8,1
6602,2070,3,2.5,2.0,8,1
6603,1650,3,1.0,1.0,7,0
6604,1880,3,1.75,1.0,8,1
6605,2060,4,2.5,2.0,8,0
6606,1410,3,1.5,1.0,8,0
6607,2770,4,3.5,2.0,8,0
6608,1390,3,2.0,1.0,7,0
6609,5440,4,2.75,1.0,9,1
6610,1280,3,1.5,2.0,6,0
6611,1720,3,2.75,1.0,7,0
6612,1720,3,2.75,1.0,7,0
6613,3040,6,2.25,1.0,8,0
6614,3780,4,3.5,2.0,9,1
6615,2670,4,2.5,2.0,8,1
6616,1350,3,2.0,1.0,7,0
6617,3490,5,3.5,2.0,9,1
6618,870,2,1.5,2.0,8,0
6619,2410,4,2.25,1.5,7,1
6620,1640,3,1.75,1.0,8,1
6621,1540,3,1.0,1.0,7,0
6622,2370,4,2.5,1.0,8,1
6623,1830,4,3.0,2.0,7,0
6624,2330,4,2.25,2.0,8,1
6625,2240,4,2.75,1.5,8,1
6626,1700,2,2.5,2.0,8,0
6627,1750,3,2.25,1.0,7,0
6628,1100,3,1.75,1.0,6,0
6629,2320,4,3.0,2.0,8,0
6630,2540,4,2.5,2.0,8,1
6631,3090,5,2.5,1.0,8,0
6632,770,2,1.0,1.0,6,0
6633,2370,3,2.75,2.0,7,0
6634,1200,3,1.0,1.0,6,0
6635,2200,4,2.0,1.0,7,0
6636,2660,3,2.75,1.0,8,1
6637,1600,3,1.75,1.0,7,0
6638,1330,2,2.5,3.0,8,1
6639,3440,5,2.5,1.0,8,1
6640,2510,3,2.5,2.0,9,1
6641,2150,4,2.5,1.0,7,0
6642,1180,3,1.5,1.0,6,0
6643,680,2,1.0,1.0,5,0
6644,2840,4,2.5,2.0,9,1
6645,1820,3,2.5,2.0,8,0
6646,1070,2,1.0,1.0,6,1
6647,1250,2,1.0,2.0,7,1
6648,2190,4,2.5,1.0,7,1
6649,3000,3,1.75,2.0,8,1
6650,2270,4,1.75,1.0,8,1
6651,4500,4,4.0,2.0,12,1
6652,3400,5,4.0,2.0,8,1
6653,2830,3,2.5,2.0,10,1
6654,960,3,1.0,1.0,7,0
6655,1530,2,1.0,1.0,7,1
6656,2500,5,2.5,1.0,7,0
6657,1560,4,2.0,1.5,7,0
6658,2070,3,2.25,1.0,8,1
6659,2710,5,2.25,1.0,9,1
6660,3150,4,2.5,2.0,9,1
6661,1880,3,2.25,1.0,8,1
6662,1250,3,1.0,1.0,7,0
6663,2290,4,1.75,1.0,7,0
6664,1990,3,2.25,2.0,7,0
6665,2100,3,2.5,2.0,8,1
6666,940,3,1.0,1.0,7,0
6667,1640,3,1.75,1.0,8,0
6668,1860,3,2.25,2.0,7,0
6669,2100,4,2.25,3.0,8,1
6670,1500,3,1.75,1.0,6,0
6671,1680,3,1.75,1.0,8,1
6672,3900,2,2.5,2.0,12,1
6673,1400,3,1.0,1.0,6,0
6674,2600,3,2.75,1.0,7,0
6675,1440,3,2.0,2.0,6,1
6676,1870,4,1.75,1.0,7,1
6677,2960,4,2.75,1.0,8,0
6678,2440,4,2.5,2.0,9,1
6679,1122,2,1.0,1.0,6,0
6680,1060,3,1.5,1.0,7,0
6681,2150,4,2.5,1.0,8,1
6682,3100,4,2.5,2.0,9,0
6683,880,2,1.5,2.0,7,0
6684,2490,4,2.5,2.0,9,1
6685,1080,2,1.0,1.0,6,0
6686,2530,5,2.5,1.0,7,1
6687,1200,3,1.0,1.0,7,0
6688,2850,4,2.25,2.0,9,1
6689,2950,4,2.5,2.0,7,1
6690,1160,2,1.75,1.0,7,1
6691,3420,4,3.5,2.0,10,1
6692,2240,3,1.75,2.0,8,1
6693,1450,4,1.75,1.5,7,0
6694,1820,4,2.5,2.0,7,0
6695,4700,4,3.5,2.0,11,1
6696,2430,4,1.75,1.0,7,1
6697,1960,3,1.5,1.5,7,1
6698,1440,3,1.75,1.0,8,0
6699,2730,4,2.5,2.0,8,1
6700,910,2,1.0,1.0,5,0
6701,910,2,1.0,1.0,5,0
6702,2430,4,2.5,2.0,8,1
6703,3350,4,2.75,2.0,10,1
6704,2320,4,1.75,1.0,7,1
6705,1260,3,2.5,3.0,8,0
6706,1980,3,2.0,1.5,8,1
6707,1580,4,1.5,2.0,7,0
6708,2710,4,2.5,2.0,9,1
6709,1400,3,1.0,1.0,7,0
6710,2410,4,2.5,2.0,8,1
6711,1790,4,3.25,2.0,7,0
6712,1640,3,2.0,1.0,7,0
6713,1670,3,2.5,1.0,7,1
6714,970,2,1.0,1.0,6,0
6715,1610,3,2.5,3.0,7,0
6716,2060,4,1.75,1.0,8,1
6717,3570,3,2.5,2.0,9,1
6718,1400,3,1.75,1.0,7,0
6719,3470,4,2.5,2.0,10,1
6720,1210,3,1.0,1.0,7,0
6721,3930,4,3.25,2.0,10,1
6722,990,2,1.0,1.0,7,0
6723,2200,5,2.5,2.0,8,1
6724,1510,3,1.5,1.0,7,0
6725,1620,3,1.0,1.0,7,0
6726,1580,3,2.25,2.0,7,0
6727,1260,3,1.75,1.5,7,0
6728,2190,3,2.0,1.0,9,0
6729,1230,3,1.75,1.0,7,0
6730,2030,4,2.5,1.0,7,1
6731,780,2,1.0,1.0,5,0
6732,1110,2,1.5,3.0,8,0
6733,2790,3,2.5,2.0,9,1
6734,1660,4,1.75,1.0,7,0
6735,3410,4,1.0,2.0,8,1
6736,2390,4,2.25,2.0,8,0
6737,1850,4,2.5,2.0,8,0
6738,2500,6,2.0,1.0,8,0
6739,1000,3,1.0,1.0,6,0
6740,2450,4,2.0,2.0,8,1
6741,1440,4,1.75,1.0,6,0
6742,1660,3,2.25,2.0,7,0
6743,2510,3,2.5,2.0,10,1
6744,3090,4,2.5,2.0,10,1
6745,860,3,1.0,1.0,6,0
6746,1220,2,1.0,1.0,7,0
6747,1010,3,1.0,1.0,7,0
6748,2390,4,2.25,2.0,8,0
6749,3340,4,2.25,2.0,8,0
6750,3620,5,3.25,2.0,8,0
6751,4200,5,2.25,2.5,9,1
6752,3831,5,2.75,2.0,9,1
6753,1980,3,1.0,1.0,7,0
6754,1790,4,1.75,1.0,8,1
6755,1580,3,2.0,1.0,7,1
6756,2460,6,1.75,1.0,7,1
6757,2110,5,2.75,2.0,7,0
6758,1470,3,2.5,3.0,8,0
6759,3510,4,2.5,2.0,10,1
6760,520,1,0.75,1.0,6,0
6761,1950,3,2.5,2.0,8,0
6762,770,2,1.0,1.0,6,0
6763,2250,4,2.5,2.0,8,0
6764,4040,3,3.0,1.5,9,1
6765,2360,4,1.75,1.0,7,1
6766,2330,4,2.5,2.0,9,1
6767,1720,3,1.0,1.0,7,0
6768,1900,3,1.75,1.0,6,0
6769,1040,3,1.0,1.0,6,0
6770,2070,3,2.0,1.0,8,0
6771,2070,3,2.0,1.0,8,1
6772,1550,3,3.0,2.0,8,0
6773,2020,3,2.5,1.0,9,1
6774,3320,5,2.5,2.0,9,1
6775,4130,4,3.25,2.0,11,1
6776,2030,5,2.0,1.0,7,1
6777,1770,3,1.75,1.0,7,1
6778,3330,4,3.25,2.0,9,1
6779,2260,4,2.5,1.0,7,0
6780,1950,3,2.5,2.0,8,0
6781,2930,3,2.5,1.5,9,1
6782,1960,3,2.75,1.5,7,1
6783,2980,4,2.5,2.0,9,1
6784,780,2,1.0,1.0,5,0
6785,1650,3,2.5,2.0,8,1
6786,4030,3,3.25,2.0,9,1
6787,1010,3,1.0,1.0,7,0
6788,1190,3,1.0,1.0,7,0
6789,1050,2,1.0,1.0,7,1
6790,1560,3,2.5,2.0,7,0
6791,1490,3,1.5,1.0,7,0
6792,770,2,1.0,1.0,6,0
6793,620,1,1.0,1.0,6,0
6794,1200,3,1.5,1.0,7,0
6795,2120,4,2.0,1.0,7,0
6796,2330,3,2.5,2.0,8,1
6797,2000,3,1.75,1.0,8,0
6798,2820,5,2.75,1.0,7,1
6799,2040,3,2.0,1.0,7,1
6800,1700,4,2.25,2.0,7,0
6801,820,2,1.0,1.0,6,0
6802,1315,2,1.75,2.0,8,0
6803,1390,3,1.75,1.0,6,0
6804,1890,3,2.0,1.0,8,1
6805,1460,3,1.75,1.0,7,0
6806,1480,3,1.0,1.0,8,0
6807,1840,3,1.75,1.0,7,1
6808,1880,2,1.75,1.0,7,0
6809,1910,4,1.5,1.5,7,1
6810,2220,4,2.5,2.0,7,0
6811,1410,3,2.0,1.0,6,0
6812,3380,4,3.0,1.0,8,0
6813,1950,4,2.5,1.0,7,0
6814,2400,4,2.5,2.0,8,1
6815,1560,3,1.75,1.0,8,0
6816,1040,3,1.0,1.0,6,0
6817,3090,4,2.75,3.0,8,1
6818,1850,3,2.5,2.0,7,0
6819,1200,2,1.0,2.0,7,1
6820,2190,4,2.25,2.0,8,0
6821,1380,2,1.0,1.0,7,0
6822,3710,5,2.75,2.0,9,1
6823,2320,3,2.5,1.0,8,1
6824,1110,3,1.5,1.0,7,0
6825,1830,3,2.5,2.0,7,0
6826,2460,4,2.5,1.0,8,1
6827,1270,3,1.0,1.0,7,1
6828,1700,4,1.75,1.0,8,0
6829,1130,3,1.0,1.0,7,0
6830,1640,3,1.75,1.5,7,1
6831,1040,2,1.5,1.0,6,0
6832,2320,4,2.5,2.0,8,1
6833,1200,3,1.5,1.0,7,0
6834,1720,4,1.0,1.5,7,1
6835,2330,3,1.5,1.0,8,0
6836,4410,4,3.75,3.0,11,1
6837,1650,4,1.75,1.0,8,1
6838,1370,3,1.5,2.0,7,0
6839,1770,3,2.5,1.0,7,0
6840,1410,3,2.25,3.0,8,0
6841,1710,2,1.75,1.0,7,0
6842,790,2,1.0,1.0,6,0
6843,2770,6,2.25,1.5,8,1
6844,1260,4,1.0,1.5,7,1
6845,2300,3,2.25,1.0,8,1
6846,1070,2,1.0,1.0,7,1
6847,3850,4,3.5,2.0,11,1
6848,2320,3,2.5,2.0,8,1
6849,2870,5,2.5,2.0,8,1
6850,1830,4,2.5,2.0,7,0
6851,1990,3,1.75,1.0,8,1
6852,1110,3,1.0,1.0,7,0
6853,1830,3,2.25,1.0,7,0
6854,3600,6,3.5,2.0,8,1
6855,3210,4,2.5,2.0,10,1
6856,1490,4,2.0,1.0,7,0
6857,990,2,1.0,1.0,7,0
6858,1646,3,2.25,2.0,7,0
6859,720,2,1.0,1.0,6,0
6860,2310,3,2.25,2.0,8,0
6861,2670,3,2.5,2.0,9,1
6862,3060,3,3.25,2.0,10,1
6863,1380,3,1.5,1.0,7,0
6864,700,2,1.0,1.0,6,0
6865,1710,3,1.5,2.0,7,1
6866,1450,3,2.5,1.0,8,0
6867,2060,5,2.25,1.0,7,1
6868,2380,3,3.5,2.0,8,1
6869,2760,4,2.5,2.0,7,0
6870,940,3,1.0,1.0,7,0
6871,1760,4,1.5,1.5,7,0
6872,1360,3,2.0,1.0,6,1
6873,2010,3,1.75,2.0,7,0
6874,2160,3,1.5,2.0,8,1
6875,930,3,1.0,1.0,6,0
6876,1020,3,2.5,2.0,7,0
6877,1360,2,2.0,1.0,8,0
6878,1720,4,1.75,1.0,7,0
6879,1790,3,3.0,1.0,7,0
6880,1150,3,1.0,1.0,7,0
6881,2710,4,3.5,2.0,8,1
6882,2400,3,2.5,1.0,7,1
6883,1660,3,1.0,1.5,7,0
6884,1660,3,1.0,1.5,7,1
6885,2290,4,2.5,2.0,8,0
6886,2870,3,2.5,2.0,10,1
6887,4240,4,3.25,2.0,10,1
6888,1800,3,1.75,1.0,7,1
6889,2960,4,1.75,1.0,8,1
6890,1980,3,2.25,1.0,8,0
6891,1730,3,2.5,2.0,8,1
6892,3020,4,2.5,2.0,9,1
6893,4470,4,2.25,2.0,10,1
6894,2830,4,3.25,2.0,9,1
6895,2120,4,1.75,1.0,8,1
6896,2150,3,2.5,2.0,8,0
6897,3510,5,2.25,1.0,8,1
6898,970,2,1.0,1.0,7,1
6899,1360,4,1.0,1.5,7,1
6900,1470,3,2.5,1.0,7,0
6901,3040,4,2.25,1.0,8,1
6902,860,2,1.0,1.0,7,0
6903,820,2,1.0,1.0,5,0
6904,1900,3,1.75,1.0,7,0
6905,1330,2,1.0,1.0,6,0
6906,1240,3,1.75,1.0,7,0
6907,1330,3,2.5,3.0,8,0
6908,1880,3,1.75,1.0,7,0
6909,1890,3,1.75,1.0,8,1
6910,2250,4,2.25,2.0,8,1
6911,4650,5,4.25,2.0,10,1
6912,1830,3,2.5,2.0,8,1
6913,720,2,1.0,1.0,6,0
6914,1960,4,2.0,1.0,7,0
6915,1220,3,1.0,1.0,6,0
6916,1800,2,1.0,1.0,7,0
6917,1340,3,1.75,1.0,7,0
6918,1740,3,3.0,1.0,7,1
6919,1680,3,1.75,1.0,7,1
6920,3220,4,2.25,2.0,8,1
6921,1610,3,2.0,1.0,8,0
6922,3160,2,3.0,2.0,7,1
6923,2520,4,2.5,1.0,8,1
6924,2120,3,1.5,1.0,7,1
6925,2090,3,2.5,2.0,8,1
6926,1330,3,1.0,1.5,5,0
6927,2420,3,2.5,1.0,8,1
6928,1510,3,1.75,1.0,7,0
6929,2120,4,2.5,2.0,7,0
6930,1850,3,2.0,1.0,7,0
6931,2300,3,1.75,1.0,7,1
6932,2600,3,2.25,1.0,8,1
6933,5180,4,4.25,2.0,12,1
6934,1810,2,1.0,1.5,7,0
6935,2190,5,3.0,2.0,7,1
6936,2500,4,2.5,2.0,9,1
6937,1890,4,2.5,2.0,8,0
6938,2040,2,1.75,1.0,6,0
6939,1310,3,2.0,1.0,7,0
6940,4010,5,3.5,2.0,9,1
6941,1780,3,1.75,1.0,7,1
6942,1980,3,2.5,2.0,8,1
6943,3690,3,3.25,2.0,11,1
6944,1540,3,1.75,1.0,7,0
6945,1130,3,1.0,1.5,6,0
6946,2480,3,2.75,1.5,8,0
6947,2580,3,2.5,2.0,9,1
6948,2010,4,2.5,2.0,8,0
6949,2320,4,2.0,1.0,7,0
6950,1180,2,2.25,2.0,7,0
6951,3180,4,2.5,2.0,9,1
6952,2970,4,2.0,2.0,8,1
6953,3050,5,2.5,1.0,8,1
6954,1630,4,1.75,1.0,7,0
6955,1620,3,2.25,2.0,7,0
6956,2170,4,2.25,2.0,8,1
6957,2150,4,2.5,2.0,8,0
6958,1770,3,2.0,3.0,8,1
6959,2110,4,2.75,1.0,7,0
6960,1590,3,1.75,1.0,8,1
6961,1370,3,2.25,3.0,8,0
6962,1390,3,1.75,1.0,7,0
6963,1640,3,1.75,1.0,8,1
6964,2670,3,2.5,2.0,8,1
6965,5400,3,3.75,2.0,11,1
6966,1690,3,2.0,1.0,7,0
6967,2600,3,2.5,2.0,8,1
6968,1400,2,1.5,1.0,7,1
6969,2140,4,1.75,1.0,8,1
6970,1640,3,1.5,1.0,8,0
6971,1720,3,1.75,1.0,7,0
6972,3060,5,3.25,2.0,8,1
6973,1150,3,1.0,1.0,7,0
6974,2000,3,2.5,2.0,8,0
6975,1560,3,1.75,1.0,6,0
6976,2070,3,2.5,2.0,8,0
6977,1920,3,2.0,1.0,7,0
6978,1000,2,1.0,1.0,7,1
6979,1690,3,2.0,1.0,7,0
6980,3090,4,2.0,1.0,7,1
6981,1790,4,1.5,1.0,7,1
6982,4750,4,3.0,1.5,11,1
6983,2090,4,2.0,1.0,7,1
6984,680,2,1.0,1.0,5,0
6985,2100,4,1.75,1.0,7,0
6986,2840,4,2.75,1.5,8,1
6987,1470,3,2.25,1.0,7,0
6988,4490,4,4.5,2.0,11,1
6989,1150,3,1.75,1.0,7,0
6990,1460,3,1.5,1.0,7,1
6991,3150,4,2.75,1.0,8,1
6992,1090,3,1.0,1.0,6,0
6993,2670,3,2.5,2.0,9,1
6994,2110,3,2.0,1.5,7,1
6995,1770,4,2.25,2.0,7,0
6996,1510,3,1.5,1.0,6,0
6997,530,1,1.0,1.0,6,0
6998,2420,3,1.5,2.0,8,1
6999,2490,5,2.5,1.0,7,0
7000,990,3,1.0,1.0,7,0
7001,1730,4,2.0,2.0,8,1
7002,1440,2,1.5,1.0,8,0
7003,3260,7,2.25,2.0,8,1
7004,1950,4,2.25,1.0,8,1
7005,2740,5,2.5,2.0,8,0
7006,2940,3,2.75,2.0,10,1
7007,1200,3,2.0,1.0,7,1
7008,2070,3,2.5,2.0,8,1
7009,1570,3,1.75,1.0,7,0
7010,1050,2,1.0,1.0,7,0
7011,1830,4,1.5,1.0,7,0
7012,970,2,1.0,1.0,6,0
7013,2200,3,2.5,2.0,8,0
7014,1930,4,2.0,1.5,7,1
7015,1790,3,2.5,2.0,8,1
7016,1560,3,1.75,1.0,7,0
7017,2780,4,2.5,2.0,10,1
7018,1720,3,1.5,2.0,8,1
7019,1640,3,1.0,1.0,6,0
7020,1730,3,2.0,1.0,8,0
7021,740,2,1.0,1.0,6,0
7022,2280,3,2.5,1.0,8,1
7023,2090,2,2.75,2.0,8,1
7024,2550,3,2.5,2.0,9,1
7025,3350,4,3.5,1.0,11,1
7026,2770,3,2.5,1.0,7,0
7027,2860,4,3.0,1.0,7,0
7028,1990,4,1.75,1.0,8,0
7029,1740,3,2.75,1.0,7,0
7030,1460,3,2.0,1.0,7,0
7031,3670,3,1.75,1.0,9,1
7032,3270,4,2.75,2.0,10,1
7033,1210,3,1.0,1.0,6,1
7034,1770,3,2.0,1.0,7,0
7035,1980,4,2.5,2.0,8,0
7036,2650,4,2.5,1.0,8,1
7037,3040,4,2.5,2.0,8,1
7038,3640,4,2.75,1.5,10,1
7039,1810,3,2.5,2.0,8,1
7040,1380,3,2.0,1.0,7,0
7041,1810,4,1.5,2.0,8,1
7042,2250,5,2.0,1.5,7,0
7043,3860,4,3.25,2.0,9,1
7044,2380,4,3.0,1.0,8,0
7045,1370,3,1.0,1.0,6,0
7046,1830,3,1.0,1.5,7,1
7047,1440,4,1.75,1.0,8,1
7048,2510,4,2.5,1.0,9,1
7049,3230,4,2.5,2.0,9,1
7050,1670,3,1.75,1.0,8,1
7051,780,2,1.0,1.0,6,0
7052,1720,3,1.0,1.0,7,0
7053,2260,5,2.5,1.0,8,1
7054,1480,3,1.75,1.0,7,0
7055,2550,3,4.0,2.0,8,1
7056,3920,4,3.25,3.0,11,1
7057,2286,4,2.5,2.0,8,1
7058,1500,3,2.5,1.0,7,1
7059,1740,3,2.5,2.0,8,1
7060,2880,5,2.5,1.0,8,1
7061,2600,6,3.0,1.0,8,1
7062,3320,5,2.75,2.0,8,1
7063,1660,2,2.25,2.0,8,0
7064,1990,3,2.5,2.0,7,0
7065,1680,3,2.0,1.0,7,0
7066,1570,3,1.75,2.0,7,0
7067,1150,3,1.0,1.0,6,0
7068,1270,3,1.0,1.0,7,0
7069,1890,3,3.5,2.0,8,1
7070,1350,2,2.25,2.0,7,1
7071,1650,3,1.75,1.0,8,1
7072,1450,3,2.5,2.0,7,0
7073,1640,3,2.25,1.0,7,0
7074,2030,3,2.5,2.0,9,1
7075,2420,5,3.0,1.0,7,0
7076,2770,4,3.5,2.0,8,0
7077,1980,4,3.0,1.0,7,0
7078,1460,2,1.75,1.0,7,0
7079,1610,3,2.5,1.0,7,1
7080,1010,2,1.0,1.0,6,0
7081,2760,4,3.5,2.0,8,1
7082,1060,2,1.0,1.0,7,1
7083,1510,3,1.5,1.0,7,1
7084,880,2,1.0,1.0,6,0
7085,2150,3,2.5,1.0,8,0
7086,1660,3,2.5,1.0,7,0
7087,2160,4,2.5,1.0,8,1
7088,1370,3,1.0,1.5,6,0
7089,1460,3,2.25,1.0,7,0
7090,1450,3,1.5,1.0,7,0
7091,1560,3,2.0,1.0,7,1
7092,2480,4,2.5,1.0,8,1
7093,740,2,1.0,1.0,7,0
7094,2927,4,2.5,2.0,10,1
7095,2260,4,2.75,1.0,8,1
7096,1240,3,1.5,1.0,7,0
7097,2040,6,2.0,1.0,5,0
7098,1270,3,1.75,1.0,6,0
7099,4370,4,3.5,2.0,8,1
7100,1700,3,1.75,1.0,7,1
7101,1300,2,1.5,1.0,7,1
7102,1820,4,2.0,1.0,8,1
7103,880,2,1.0,1.0,7,0
7104,1870,3,1.75,1.0,8,0
7105,1350,3,1.5,1.0,7,1
7106,4870,5,3.5,2.5,10,1
7107,2460,3,2.5,2.0,9,1
7108,1720,4,1.5,1.0,7,0
7109,2730,2,1.5,1.0,8,1
7110,1100,3,1.0,1.5,6,0
7111,1810,3,2.25,1.0,8,1
7112,930,2,1.0,1.0,6,0
7113,1590,4,1.5,1.0,7,0
7114,2710,3,2.75,1.5,9,1
7115,1460,3,1.0,1.0,6,0
7116,3400,5,3.25,2.0,8,1
7117,2920,5,3.0,2.0,8,1
7118,910,2,1.0,1.0,7,1
7119,1320,3,2.0,2.0,8,0
7120,2490,4,2.5,2.0,9,1
7121,2220,3,1.75,1.0,7,0
7122,1130,4,1.5,1.0,7,0
7123,2750,4,2.5,2.0,9,0
7124,2240,4,2.5,2.0,7,0
7125,2680,3,2.25,1.0,8,1
7126,1270,2,2.0,1.5,8,1
7127,1520,3,1.75,1.5,7,1
7128,2480,6,3.0,2.0,8,1
7129,960,2,1.0,1.0,7,0
7130,1340,3,2.25,3.0,8,0
7131,1090,3,2.5,1.0,7,0
7132,2240,4,3.0,2.0,7,1
7133,3740,4,2.5,1.0,10,1
7134,1800,4,2.5,2.0,7,0
7135,780,3,1.0,1.0,6,0
7136,1330,2,1.0,1.0,7,0
7137,1900,4,2.0,1.0,8,0
7138,1570,4,1.75,1.0,7,0
7139,3100,5,4.5,2.0,8,1
7140,2740,3,3.5,2.0,9,1
7141,1570,3,1.75,1.0,8,1
7142,1330,3,2.0,1.0,7,1
7143,1140,2,1.5,2.0,7,0
7144,1550,4,2.75,1.5,9,1
7145,1290,3,2.0,1.0,7,0
7146,1510,2,1.5,2.0,8,0
7147,2720,4,2.5,1.0,7,1
7148,840,3,1.0,1.0,5,0
7149,1850,3,2.5,2.0,8,0
7150,2290,4,2.5,2.0,8,0
7151,3200,4,2.5,2.0,9,1
7152,1800,3,2.25,1.0,7,0
7153,860,3,1.0,1.0,6,0
7154,1980,3,1.5,1.0,7,1
7155,2140,4,1.75,1.0,7,1
7156,2410,2,2.5,1.0,7,0
7157,1650,4,1.75,1.0,7,0
7158,1650,4,1.75,1.0,7,1
7159,2410,3,2.5,2.0,10,1
7160,1520,3,1.75,1.0,8,0
7161,2050,3,1.75,1.0,7,1
7162,1720,4,1.0,1.5,7,1
7163,2390,5,2.5,1.0,7,0
7164,1680,3,2.5,2.0,8,0
7165,1060,3,1.0,1.0,6,0
7166,1860,3,2.5,2.0,8,1
7167,1750,5,2.25,1.0,8,1
7168,1480,3,1.75,1.0,7,0
7169,1900,3,2.5,2.0,8,0
7170,6210,7,4.5,2.5,11,1
7171,1440,3,1.75,1.0,7,0
7172,1910,4,2.5,3.0,8,1
7173,2010,3,2.0,1.0,7,1
7174,960,3,1.0,1.5,6,1
7175,1240,2,1.0,1.0,7,1
7176,870,2,2.0,1.0,6,0
7177,1400,3,2.0,2.0,8,0
7178,1850,3,3.0,1.0,7,0
7179,4270,4,4.0,2.0,10,1
7180,2260,3,1.75,1.0,7,1
7181,2690,4,4.5,1.5,7,1
7182,2780,4,3.5,2.0,10,1
7183,1140,3,1.0,1.0,7,0
7184,2900,4,2.25,2.0,7,1
7185,2830,5,2.75,1.0,7,1
7186,2560,5,2.5,2.0,8,1
7187,1240,2,1.0,1.0,7,0
7188,2100,4,2.5,1.0,8,0
7189,3120,4,2.75,2.0,9,1
7190,970,3,1.0,1.0,7,0
7191,2300,4,2.5,2.0,7,0
7192,950,2,1.5,2.0,7,0
7193,2110,3,1.5,1.0,7,0
7194,2990,4,2.75,2.0,9,1
7195,2940,4,2.25,1.0,7,1
7196,1860,4,2.5,2.0,8,0
7197,1820,2,1.75,1.0,7,1
7198,1950,4,2.5,2.0,8,0
7199,1890,4,2.5,2.0,8,0
7200,2710,4,3.0,1.0,7,0
7201,2150,4,2.25,1.0,7,0
7202,3720,4,3.0,1.0,9,1
7203,2580,4,2.5,2.0,9,1
7204,1540,4,2.0,1.5,7,0
7205,1050,2,1.0,1.5,6,0
7206,1210,3,2.25,3.0,8,1
7207,2040,4,2.25,1.0,7,1
7208,980,3,1.0,1.5,7,0
7209,1990,5,2.5,2.0,7,0
7210,2420,4,2.5,1.0,9,1
7211,1240,4,2.0,1.0,7,0
7212,1530,3,2.25,1.0,7,0
7213,2080,4,2.25,1.0,7,0
7214,3570,5,3.25,2.0,7,1
7215,4230,5,4.25,2.0,10,1
7216,2700,4,2.5,2.0,9,1
7217,2200,3,2.75,1.0,7,0
7218,1210,5,2.0,2.0,7,0
7219,2140,5,1.75,1.0,7,1
7220,2740,4,2.5,1.5,8,0
7221,1370,3,2.75,3.0,8,1
7222,2800,4,3.0,2.0,8,0
7223,1060,3,1.5,1.0,7,0
7224,790,2,1.0,1.0,6,0
7225,790,2,1.0,1.0,6,0
7226,2820,4,2.5,2.0,9,0
7227,1850,3,2.0,1.0,7,1
7228,1110,3,1.5,1.0,7,0
7229,3230,4,3.0,2.0,9,1
7230,1460,3,1.5,1.0,7,0
7231,3480,4,2.5,2.0,11,1
7232,3560,4,3.0,3.0,9,1
7233,840,2,1.0,1.0,6,0
7234,1820,3,1.75,1.0,8,1
7235,1630,3,2.5,1.0,7,0
7236,1920,4,2.5,2.0,7,0
7237,1750,3,2.0,1.0,7,0
7238,2750,4,3.0,1.0,8,1
7239,620,1,1.0,1.0,5,0
7240,1720,3,2.0,1.0,8,1
7241,1800,3,3.0,1.5,8,1
7242,1300,3,1.75,1.0,7,0
7243,1970,3,2.5,1.0,7,1
7244,1740,3,1.5,1.0,7,0
7245,1930,4,2.75,1.0,8,1
7246,1190,3,1.75,1.0,7,0
7247,4250,4,3.25,2.0,12,1
7248,4360,4,3.5,2.0,12,1
7249,3420,3,2.5,1.0,10,1
7250,4260,4,3.75,2.0,10,1
7251,920,2,1.0,1.0,7,1
7252,1040,3,1.0,1.0,7,0
7253,1260,3,1.0,1.0,7,1
7254,2460,3,2.5,2.0,9,1
7255,830,3,1.0,1.0,6,0
7256,2060,3,2.5,1.0,8,1
7257,2210,2,1.75,1.0,8,1
7258,5480,6,4.25,2.0,10,1
7259,1860,3,2.0,2.0,8,0
7260,1350,3,2.5,1.0,7,1
7261,2790,4,2.5,2.0,10,1
7262,1570,2,1.0,1.0,8,1
7263,2030,4,1.75,1.0,9,1
7264,2570,3,2.5,1.0,7,1
7265,1210,2,1.0,1.0,7,1
7266,1530,4,2.25,1.0,7,1
7267,1510,3,2.0,2.0,7,0
7268,1720,3,2.25,1.0,7,1
7269,2190,3,1.75,1.0,7,0
7270,3030,4,2.5,1.0,8,1
7271,1410,3,2.0,1.0,7,0
7272,1679,2,1.75,2.0,9,1
7273,1980,4,1.0,1.0,7,0
7274,1900,4,2.5,2.0,8,0
7275,1720,4,1.0,1.5,7,1
7276,2480,5,3.25,2.0,8,1
7277,1210,3,1.0,1.5,7,0
7278,1540,2,1.75,1.0,7,1
7279,2740,3,2.5,2.0,9,0
7280,1811,4,2.5,2.0,8,0
7281,2720,4,2.5,1.0,8,0
7282,1520,4,1.0,1.5,7,0
7283,2160,4,2.75,1.0,7,0
7284,1390,3,1.75,1.0,7,0
7285,1740,4,2.5,2.0,7,0
7286,2849,3,2.5,2.0,10,1
7287,1440,2,1.0,1.0,7,0
7288,3000,4,2.5,2.0,8,1
7289,3330,4,4.0,1.0,10,1
7290,1720,4,2.25,1.0,7,1
7291,3920,3,3.0,2.0,11,1
7292,1500,3,2.5,2.0,7,0
7293,2050,4,1.5,1.0,7,0
7294,1180,4,2.0,1.0,7,0
7295,1600,4,1.5,2.0,6,0
7296,1260,3,2.5,3.0,7,0
7297,1290,2,1.0,1.0,6,1
7298,2680,4,2.0,1.0,8,1
7299,2370,3,1.75,1.0,7,0
7300,2310,5,2.5,1.0,7,1
7301,1450,4,1.0,1.0,7,0
7302,2680,4,2.5,2.0,8,0
7303,1030,2,1.5,1.0,7,1
7304,1320,3,1.0,1.0,7,0
7305,670,2,1.0,1.0,6,0
7306,2670,3,2.25,2.0,9,0
7307,2440,3,2.25,2.0,8,1
7308,3370,5,2.5,2.0,9,1
7309,940,2,1.0,1.0,7,0
7310,1100,3,1.0,1.0,6,0
7311,2520,3,2.25,2.0,9,0
7312,1400,2,1.75,1.0,7,1
7313,1880,3,1.75,1.0,7,0
7314,2800,5,3.5,2.0,7,0
7315,2500,4,3.5,2.0,8,1
7316,810,3,1.0,1.0,6,0
7317,1720,3,2.5,2.0,7,0
7318,2170,4,1.0,1.0,7,1
7319,4530,5,3.0,1.5,9,1
7320,1440,4,1.0,1.5,7,0
7321,2850,4,3.25,2.0,10,1
7322,2620,4,2.5,1.0,8,1
7323,1676,3,2.5,2.0,7,0
7324,5850,4,3.75,2.0,12,1
7325,1910,3,1.75,1.0,8,0
7326,1670,2,2.0,1.0,8,1
7327,2050,3,2.0,1.0,8,1
7328,3730,5,3.5,1.0,10,1
7329,1800,4,1.75,1.0,7,0
7330,2230,4,1.75,1.0,7,1
7331,1670,3,2.5,2.0,8,0
7332,1400,3,1.0,1.0,6,0
7333,2110,5,3.0,2.0,7,0
7334,2160,4,2.0,1.5,8,1
7335,2420,3,1.75,1.0,8,0
7336,3320,4,3.5,2.0,9,1
7337,3220,5,2.75,2.0,9,0
7338,1340,3,1.5,1.5,9,1
7339,2490,3,2.5,2.0,9,1
7340,1640,3,2.0,1.0,7,0
7341,1420,3,2.25,1.0,7,0
7342,3340,4,2.5,2.0,10,1
7343,1580,3,2.75,2.0,7,0
7344,2170,3,1.5,1.0,10,1
7345,1370,3,1.5,1.0,7,0
7346,2840,4,2.5,2.0,10,1
7347,1940,3,1.75,1.5,8,0
7348,1757,4,2.0,1.0,7,0
7349,980,2,1.0,1.0,6,0
7350,2470,6,3.0,2.0,8,1
7351,1610,3,1.75,1.0,7,1
7352,1590,3,2.25,1.0,7,0
7353,780,1,1.0,1.0,7,0
7354,720,3,1.5,1.0,5,0
7355,1630,3,1.5,1.5,8,1
7356,1590,3,1.0,2.0,7,0
7357,2310,3,2.75,2.0,10,1
7358,2320,3,1.75,2.0,8,1
7359,1660,3,1.75,2.0,8,1
7360,2070,3,1.75,1.5,8,1
7361,2500,4,1.75,1.0,7,1
7362,940,2,1.0,1.0,7,0
7363,1990,3,2.5,2.0,10,0
7364,2620,3,2.5,2.0,9,0
7365,3730,4,3.25,3.0,11,1
7366,1600,3,3.25,3.0,8,0
7367,2095,3,2.5,2.0,7,0
7368,4230,4,2.75,2.0,10,1
7369,3200,4,2.5,1.5,8,1
7370,2050,4,2.75,1.0,7,1
7371,2020,4,2.75,1.0,7,0
7372,3270,4,2.25,1.0,10,1
7373,1320,3,1.0,1.0,7,0
7374,1270,2,1.75,1.0,7,0
7375,1980,4,1.75,1.5,8,1
7376,2620,3,2.5,2.0,9,1
7377,1750,4,1.75,1.0,7,0
7378,1040,3,1.0,1.0,6,0
7379,1900,3,1.75,1.5,7,0
7380,1660,3,1.75,1.0,7,0
7381,1530,3,1.75,1.0,7,0
7382,4280,4,3.5,2.0,11,1
7383,2870,4,2.5,2.0,8,1
7384,2540,3,2.5,2.0,9,0
7385,2100,4,2.75,1.5,7,1
7386,1740,3,2.0,1.0,7,0
7387,2441,4,2.5,2.0,8,0
7388,1810,3,1.75,1.0,7,0
7389,2060,3,1.5,1.0,8,0
7390,3160,4,2.75,1.0,7,1
7391,2930,4,2.0,1.5,8,0
7392,1310,2,1.0,1.0,7,1
7393,4800,6,4.5,2.0,10,1
7394,1450,4,1.5,1.0,6,0
7395,1900,4,3.0,2.0,7,1
7396,1050,3,1.0,1.5,7,0
7397,1610,5,1.75,1.0,6,0
7398,720,2,1.0,1.0,6,0
7399,1020,3,1.0,1.0,7,1
7400,1250,3,1.0,1.0,7,0
7401,3200,4,3.5,1.0,8,1
7402,990,3,1.0,1.0,6,0
7403,2850,4,2.5,2.0,9,1
7404,4240,3,3.5,2.0,10,1
7405,2800,4,1.75,1.0,7,0
7406,2310,2,2.5,2.0,9,1
7407,1490,3,1.75,1.0,7,0
7408,1840,4,2.5,2.0,9,1
7409,1740,3,1.0,1.0,7,1
7410,3280,4,3.5,2.0,11,1
7411,4050,5,3.5,2.0,10,1
7412,2160,4,2.5,2.0,7,0
7413,2720,3,2.75,3.0,8,1
7414,3650,5,3.0,1.0,9,1
7415,1750,4,2.25,1.0,7,1
7416,2450,3,2.25,1.0,7,0
7417,1940,3,1.75,1.0,8,1
7418,3280,4,3.75,2.0,9,1
7419,2480,3,1.75,1.0,8,1
7420,2120,3,2.25,1.0,8,1
7421,1710,3,2.0,1.0,8,0
7422,1690,3,2.5,1.0,7,0
7423,2190,3,2.5,2.0,9,1
7424,1960,4,3.0,1.0,7,0
7425,1510,3,1.0,1.5,7,1
7426,1490,3,2.5,2.0,10,1
7427,2210,3,1.75,1.0,7,0
7428,2340,4,2.5,2.0,9,1
7429,940,3,1.0,1.0,6,1
7430,1470,3,1.75,1.0,8,1
7431,1650,3,1.75,1.0,7,0
7432,1400,3,1.5,1.0,7,0
7433,2710,4,2.5,2.0,9,1
7434,2150,4,2.5,1.0,7,1
7435,1900,3,2.0,1.0,7,1
7436,4380,4,3.5,1.0,11,1
7437,2290,4,1.0,1.5,7,1
7438,1690,3,1.75,1.0,7,0
7439,3090,5,2.75,1.0,9,1
7440,1120,2,1.0,1.0,6,0
7441,2680,3,2.5,1.0,8,1
7442,2400,4,2.5,2.0,9,1
7443,1610,4,2.0,1.0,7,0
7444,3470,5,2.5,2.0,8,1
7445,2070,4,2.5,2.0,8,0
7446,2420,3,2.5,2.0,8,0
7447,2380,4,2.25,1.0,8,0
7448,2120,4,1.75,1.0,7,0
7449,2190,4,2.5,1.0,8,0
7450,2740,4,2.5,2.0,10,1
7451,1830,3,2.5,2.0,8,0
7452,1370,3,1.75,1.0,7,1
7453,1000,3,1.0,1.0,7,0
7454,2050,3,1.0,2.0,8,1
7455,1750,3,2.75,1.0,7,0
7456,1620,3,1.0,1.0,6,0
7457,1710,3,2.5,2.0,8,0
7458,1060,3,1.0,1.0,7,0
7459,2170,3,2.75,1.0,8,0
7460,3080,4,2.5,1.0,7,1
7461,1320,3,3.0,2.0,7,0
7462,1920,4,3.0,1.0,7,0
7463,2440,4,2.5,2.0,7,0
7464,1640,3,1.5,1.0,7,0
7465,2420,3,2.5,2.0,9,1
7466,1190,2,1.5,1.0,7,0
7467,2910,4,2.5,2.0,10,1
7468,1010,2,1.0,1.0,7,0
7469,2080,3,1.75,1.0,7,0
7470,1990,2,1.5,1.0,6,1
7471,3920,4,3.5,1.0,10,1
7472,3080,4,2.5,2.0,9,1
7473,2670,5,3.0,1.0,7,1
7474,4320,5,2.5,1.0,8,1
7475,1200,2,1.5,1.0,7,0
7476,1640,3,1.5,2.0,7,0
7477,870,2,1.0,1.0,7,0
7478,2410,3,2.5,2.0,8,1
7479,2640,5,2.25,1.0,7,1
7480,990,2,1.0,2.0,7,0
7481,1500,5,1.0,2.0,7,1
7482,1790,4,2.5,2.0,7,0
7483,1490,3,1.75,1.0,7,0
7484,3960,4,3.25,2.0,12,1
7485,1620,3,1.5,1.0,7,1
7486,2270,4,1.5,1.0,8,1
7487,1150,3,1.0,1.0,6,0
7488,2180,4,1.75,1.0,7,0
7489,910,3,1.0,1.0,7,1
7490,2770,3,2.75,1.5,8,1
7491,940,3,1.0,1.0,6,0
7492,2410,3,1.75,1.0,8,0
7493,1010,3,2.0,1.5,7,0
7494,2120,3,2.5,1.0,9,1
7495,1530,4,2.0,2.0,7,0
7496,1810,3,1.5,1.0,7,0
7497,1040,3,1.0,1.0,6,0
7498,1160,2,1.5,2.0,7,0
7499,1430,2,1.5,1.0,7,0
7500,2280,3,2.5,2.0,8,1
7501,1200,3,1.0,1.0,7,0
7502,2480,4,1.5,1.0,8,1
7503,1270,3,2.0,3.0,8,0
7504,2730,5,2.75,2.0,8,1
7505,1340,2,2.0,2.0,8,0
7506,1240,3,1.0,1.0,7,0
7507,2400,4,2.25,1.0,8,1
7508,1220,4,2.0,2.0,7,1
7509,2163,4,2.5,2.0,7,0
7510,1860,2,2.5,2.0,7,0
7511,810,2,1.0,1.0,6,0
7512,1950,3,2.5,2.0,8,1
7513,1390,3,2.25,2.0,8,0
7514,2120,4,3.0,2.0,8,1
7515,1510,4,2.0,1.0,7,0
7516,1010,3,1.75,1.0,6,0
7517,1840,4,1.5,2.0,8,1
7518,1650,5,2.75,1.0,7,0
7519,2860,5,1.75,1.0,8,0
7520,2650,3,1.75,2.0,9,1
7521,1100,2,1.0,1.0,7,1
7522,1646,3,2.25,2.0,7,0
7523,5250,4,4.5,2.0,10,1
7524,1390,3,1.5,1.0,7,0
7525,780,2,1.0,1.0,6,0
7526,1490,2,1.0,1.0,7,1
7527,970,3,1.0,1.0,6,0
7528,3730,4,3.25,2.0,10,1
7529,1090,3,1.0,1.0,7,0
7530,1940,3,1.75,1.0,7,1
7531,1780,4,2.25,1.0,8,0
7532,1190,3,2.0,1.0,7,0
7533,2000,4,2.25,2.0,7,0
7534,1390,3,2.5,2.0,7,0
7535,1500,3,1.0,1.0,7,1
7536,1070,2,1.5,3.0,8,0
7537,1720,3,2.5,2.0,8,1
7538,3680,4,2.5,2.0,10,1
7539,1400,3,2.25,1.0,7,0
7540,1730,3,1.5,2.0,8,1
7541,2795,5,3.0,2.0,8,1
7542,2000,4,1.75,1.0,8,1
7543,1830,3,2.5,2.0,8,0
7544,3380,4,3.5,1.0,9,1
7545,1500,3,1.5,1.0,7,0
7546,1950,4,2.75,1.0,7,1
7547,2490,3,2.5,2.0,8,1
7548,1780,4,2.25,2.0,8,0
7549,1110,3,2.0,1.0,7,0
7550,2500,4,2.5,2.0,8,0
7551,1480,3,1.75,1.0,7,0
7552,2570,3,2.25,1.0,9,1
7553,810,2,1.0,1.0,6,1
7554,2700,4,2.5,1.0,8,0
7555,2180,4,2.5,2.0,8,0
7556,4330,4,3.5,2.0,11,1
7557,4210,4,3.5,2.0,10,1
7558,2880,4,2.5,1.0,8,1
7559,2610,5,2.25,2.0,7,1
7560,2010,3,1.75,1.0,7,0
7561,1500,4,1.75,1.0,7,0
7562,1290,3,1.0,1.0,7,0
7563,1320,4,1.0,1.5,7,0
7564,1290,3,1.0,1.0,6,0
7565,2440,4,2.5,2.0,9,1
7566,1290,3,1.75,1.0,7,0
7567,1030,2,2.0,2.0,8,0
7568,1640,3,2.25,2.0,6,0
7569,1160,4,2.5,1.0,7,0
7570,2230,4,2.25,2.0,8,0
7571,1910,5,2.0,1.0,7,1
7572,1980,4,2.0,1.0,7,0
7573,1470,3,2.0,1.0,7,0
7574,1520,3,1.75,1.0,7,0
7575,1930,3,1.75,1.0,7,1
7576,1330,3,2.5,3.0,8,1
7577,1580,4,2.0,1.0,7,0
7578,1370,3,1.0,1.0,7,0
7579,3010,4,2.75,1.0,8,1
7580,1390,3,1.75,1.0,7,0
7581,1330,3,1.75,1.0,7,1
7582,1320,3,2.0,1.0,7,0
7583,2430,4,3.0,1.0,7,1
7584,1260,2,0.75,1.5,6,1
7585,1690,3,2.5,2.0,8,0
7586,3420,4,1.75,1.0,8,1
7587,2790,3,1.5,1.0,8,1
7588,1270,3,1.75,1.5,7,0
7589,2910,4,2.5,2.0,9,1
7590,1560,3,2.5,2.0,7,0
7591,770,2,1.0,1.0,7,0
7592,1770,3,1.75,1.0,8,0
7593,1100,3,1.75,2.0,7,0
7594,2890,3,2.5,2.0,10,1
7595,2110,3,1.75,1.0,7,0
7596,1220,2,1.75,1.0,6,0
7597,950,1,1.0,1.5,6,0
7598,1420,2,1.0,1.0,7,1
7599,1100,3,1.0,1.0,7,0
7600,2140,3,1.75,1.0,7,1
7601,1300,3,1.75,1.0,7,0
7602,1790,3,1.0,1.0,7,0
7603,1470,2,1.0,1.5,8,1
7604,2500,5,3.0,1.0,8,1
7605,980,2,1.0,1.5,7,1
7606,2130,3,2.0,2.0,7,1
7607,1360,3,1.75,1.0,7,0
7608,1630,3,3.5,2.0,9,1
7609,2500,4,2.5,1.0,8,0
7610,2260,4,1.75,1.0,8,1
7611,2300,3,2.5,1.0,8,1
7612,1060,3,1.0,1.0,7,0
7613,940,2,1.0,1.0,6,0
7614,780,1,0.75,1.0,5,0
7615,1200,3,1.0,1.0,7,0
7616,2590,6,2.5,1.0,7,0
7617,1100,3,1.0,1.0,7,0
7618,2890,4,2.5,2.0,8,1
7619,1230,3,1.75,1.0,7,0
7620,1030,3,1.0,1.0,7,0
7621,1140,3,1.0,1.0,7,1
7622,3200,4,2.5,3.0,9,1
7623,950,2,1.0,1.0,7,1
7624,1960,4,2.0,1.0,7,0
7625,3010,5,3.25,1.5,8,1
7626,1080,2,1.0,1.0,6,0
7627,2730,4,2.75,1.0,8,1
7628,2570,5,2.5,1.0,7,0
7629,3300,6,4.5,2.0,8,1
7630,4350,4,3.5,2.0,10,1
7631,3820,3,3.5,2.0,9,1
7632,2260,4,2.5,2.0,9,1
7633,3880,4,2.75,2.0,7,1
7634,2010,3,2.5,1.0,9,1
7635,950,3,1.0,1.0,7,0
7636,1730,3,2.25,1.0,8,1
7637,3070,3,2.5,2.0,9,1
7638,1500,3,1.75,1.0,7,0
7639,2160,3,1.75,1.0,8,1
7640,1960,3,2.25,2.0,7,0
7641,3950,5,3.0,1.0,9,1
7642,1100,3,1.0,1.5,6,1
7643,1400,3,1.5,1.0,7,0
7644,1020,3,1.0,1.5,6,0
7645,1600,3,1.5,1.0,7,0
7646,4230,6,4.5,2.0,8,1
7647,3090,5,3.5,2.0,9,1
7648,2320,2,2.5,1.0,8,1
7649,2440,3,2.5,2.0,9,1
7650,2020,3,1.0,1.0,6,0
7651,3270,3,3.0,2.0,10,1
7652,2260,4,1.75,1.0,8,1
7653,2020,5,2.0,2.0,7,0
7654,1000,3,1.0,1.0,7,1
7655,2030,4,2.25,1.0,7,1
7656,1730,3,1.75,1.0,9,0
7657,2010,3,1.75,1.0,8,1
7658,1540,4,1.5,1.0,7,0
7659,5330,6,4.0,2.0,11,1
7660,960,2,1.0,1.0,6,0
7661,1460,3,2.0,1.0,7,1
7662,2160,4,1.75,1.0,7,0
7663,2640,3,2.75,1.5,9,1
7664,2170,4,2.25,2.0,8,1
7665,1530,3,2.5,2.0,8,0
7666,1570,3,1.0,1.0,8,0
7667,1490,3,1.0,1.0,7,0
7668,1960,4,2.0,2.0,7,0
7669,2190,4,2.25,2.0,8,0
7670,1690,3,2.5,2.0,7,0
7671,2330,5,2.0,1.0,7,0
7672,1470,3,1.75,1.0,7,0
7673,2550,3,2.5,2.0,7,0
7674,2130,4,2.0,1.5,7,1
7675,3650,4,2.75,1.5,8,1
7676,3340,3,2.5,2.0,9,1
7677,800,2,1.0,1.0,6,0
7678,3470,3,2.75,3.0,11,1
7679,1030,3,1.5,1.0,6,0
7680,1630,3,2.0,1.0,7,0
7681,2010,3,2.0,2.0,7,1
7682,1360,3,1.0,1.5,6,0
7683,2040,4,2.25,1.0,8,1
7684,2830,4,2.5,2.0,8,1
7685,2040,3,1.5,1.0,7,1
7686,1340,2,2.0,1.5,8,1
7687,2130,4,2.5,2.0,9,1
7688,3920,5,4.25,2.0,9,1
7689,2415,3,2.5,2.0,9,1
7690,3750,5,2.75,2.0,10,1
7691,1010,3,1.0,1.0,7,0
7692,990,2,1.75,1.0,6,1
7693,1200,2,1.5,2.0,7,0
7694,1060,2,1.0,1.0,6,0
7695,3200,4,2.5,2.0,7,1
7696,1810,2,1.0,1.0,6,0
7697,1670,3,1.75,1.0,7,0
7698,1850,3,2.75,1.0,8,1
7699,1100,3,1.0,1.0,7,0
7700,1660,3,1.75,1.0,7,0
7701,2400,6,1.75,1.5,7,1
7702,2900,5,3.25,1.0,8,1
7703,2140,1,2.25,1.0,7,1
7704,2670,4,2.5,2.0,8,1
7705,1090,3,1.0,1.0,6,0
7706,1970,3,2.5,2.0,8,0
7707,1250,2,2.0,2.0,7,0
7708,4040,4,2.5,2.0,10,1
7709,3220,4,2.5,2.0,10,1
7710,1310,2,1.0,1.0,6,0
7711,2060,4,2.25,1.0,7,0
7712,1750,3,2.25,2.5,9,1
7713,1150,2,1.0,1.0,7,0
7714,2050,3,2.5,2.0,8,1
7715,3230,3,3.25,2.0,10,1
7716,4170,4,3.5,2.0,9,1
7717,1940,5,1.5,1.5,6,1
7718,2390,3,1.5,1.5,9,1
7719,1440,3,1.0,1.0,8,1
7720,2230,4,2.5,2.0,7,0
7721,1210,3,2.5,3.0,8,0
7722,750,2,2.0,1.5,7,0
7723,1770,4,1.0,1.5,7,0
7724,1020,3,1.0,1.0,7,0
7725,2050,3,2.0,1.0,7,1
7726,2000,3,1.0,1.0,8,1
7727,2180,3,1.75,1.0,8,1
7728,920,3,1.0,1.0,7,0
7729,3440,4,2.25,2.0,9,1
7730,1610,3,2.0,1.0,7,0
7731,1870,3,1.5,1.0,7,1
7732,1110,2,1.0,1.0,7,0
7733,2200,3,1.75,1.0,7,0
7734,790,2,1.0,1.0,6,0
7735,1630,3,1.5,1.0,7,0
7736,2100,3,1.5,1.0,7,1
7737,2690,4,2.75,2.0,7,1
7738,600,2,1.0,1.0,6,0
7739,810,2,1.0,1.0,6,0
7740,1660,3,1.5,1.5,7,1
7741,1880,3,2.0,1.0,7,1
7742,2310,4,1.5,2.0,7,0
7743,2650,4,1.5,2.0,7,1
7744,3130,4,3.0,2.0,9,1
7745,860,2,1.0,1.0,6,0
7746,990,3,1.0,1.0,7,0
7747,4030,4,3.5,2.0,10,1
7748,1780,3,2.25,3.0,8,1
7749,1480,2,2.0,1.0,7,0
7750,1140,3,1.0,1.5,6,0
7751,1230,3,1.5,1.0,7,0
7752,3080,4,2.5,2.0,9,0
7753,1990,4,2.5,2.0,10,1
7754,700,1,1.0,1.0,6,0
7755,1700,3,2.5,2.0,9,1
7756,860,2,1.0,1.0,6,0
7757,3160,3,2.5,1.0,11,1
7758,2500,3,2.0,1.0,8,1
7759,3000,4,2.5,2.0,9,0
7760,1670,2,1.0,1.0,7,1
7761,690,2,1.0,1.0,6,0
7762,1240,4,2.75,1.0,7,0
7763,900,2,1.0,1.0,6,0
7764,2200,4,1.75,1.5,6,0
7765,960,2,1.0,1.0,6,0
7766,2130,5,2.75,1.0,7,0
7767,2020,4,1.75,1.0,8,0
7768,1060,3,1.0,1.0,7,0
7769,1230,2,1.0,1.0,7,0
7770,2510,3,2.25,2.0,8,0
7771,2510,3,2.25,2.0,8,0
7772,2720,5,2.5,1.5,7,1
7773,1070,3,1.5,1.0,7,0
7774,3580,4,3.25,1.0,8,1
7775,2230,4,2.5,2.0,8,0
7776,2500,4,2.25,1.0,7,1
7777,1670,4,1.0,1.5,8,1
7778,2150,4,2.5,2.0,8,1
7779,2020,3,2.5,2.0,7,0
7780,2230,3,2.5,2.0,9,1
7781,740,2,1.0,1.0,6,0
7782,2020,4,1.5,2.0,7,1
7783,1730,3,2.5,2.0,8,0
7784,1370,3,1.75,1.0,7,0
7785,1210,4,1.0,1.5,7,1
7786,2160,5,3.5,3.0,9,1
7787,1550,3,2.25,2.0,8,0
7788,1170,2,1.0,1.0,7,1
7789,2020,3,1.75,2.0,7,1
7790,1740,3,1.75,1.0,7,0
7791,3100,4,3.25,2.0,9,1
7792,1590,4,1.0,1.5,6,0
7793,2400,5,3.0,2.0,8,1
7794,2290,3,2.5,1.0,8,1
7795,1610,3,1.75,1.0,7,0
7796,2240,4,2.5,1.0,8,1
7797,850,2,1.0,1.0,6,0
7798,920,2,1.5,2.0,7,0
7799,2590,5,3.25,1.0,7,1
7800,1340,3,1.0,1.5,6,0
7801,2420,4,2.75,1.0,8,1
7802,1420,2,1.0,1.0,7,1
7803,1360,4,1.0,1.5,7,1
7804,1510,3,1.0,1.0,6,0
7805,2650,4,2.5,1.0,9,1
7806,2120,4,2.0,1.5,7,1
7807,1200,3,1.0,1.0,6,0
7808,3190,4,2.5,1.0,8,1
7809,1050,3,1.0,1.0,7,1
7810,1300,3,2.0,1.0,7,1
7811,3970,3,2.5,1.5,9,1
7812,2990,5,2.5,1.0,9,1
7813,2440,4,2.75,1.5,7,1
7814,1170,4,1.0,1.0,6,0
7815,2270,4,2.0,1.0,7,0
7816,1280,3,1.5,1.0,7,0
7817,1950,4,2.5,2.0,7,0
7818,1930,4,2.75,1.0,7,0
7819,1970,4,2.75,1.0,8,0
7820,1820,4,3.0,1.0,7,0
7821,950,2,1.0,1.0,7,1
7822,4010,6,3.5,1.0,8,1
7823,4560,4,3.5,1.0,12,1
7824,4560,4,3.5,1.0,12,1
7825,1150,3,1.0,1.0,6,0
7826,1150,3,1.0,1.0,6,0
7827,910,3,1.0,1.5,5,0
7828,2890,6,2.75,1.0,8,1
7829,1070,2,1.0,1.0,7,0
7830,2050,3,2.75,1.5,7,1
7831,1040,2,1.5,1.5,6,0
7832,3320,4,3.25,3.0,11,1
7833,740,2,1.0,1.0,6,0
7834,3380,4,2.0,1.0,9,1
7835,1210,2,1.75,1.0,7,1
7836,2480,3,2.5,2.0,8,1
7837,2010,3,2.25,1.0,8,1
7838,3230,4,3.25,1.5,7,1
7839,1170,2,2.5,2.0,8,0
7840,1250,3,1.0,1.0,7,0
7841,2070,3,2.5,1.0,8,1
7842,1050,2,1.0,1.0,7,0
7843,1400,3,1.0,1.0,7,0
7844,1120,3,1.0,1.0,7,1
7845,3150,4,2.5,2.0,8,1
7846,4540,4,3.5,2.0,11,1
7847,1400,3,2.0,1.0,7,0
7848,2500,4,2.75,2.0,8,1
7849,1390,3,1.5,2.0,7,0
7850,3160,4,2.75,2.0,8,1
7851,1310,3,1.75,1.0,6,0
7852,1740,2,1.0,1.0,7,0
7853,1490,3,2.5,3.0,8,0
7854,1300,2,2.0,1.0,8,0
7855,1460,4,1.0,1.5,8,0
7856,1030,4,1.0,1.0,6,0
7857,1970,3,2.5,2.0,8,0
7858,790,2,1.0,1.0,6,0
7859,3800,3,2.25,1.0,10,1
7860,2168,3,2.0,2.0,7,1
7861,4140,4,3.5,2.0,11,1
7862,2440,4,2.5,1.0,8,0
7863,1720,3,2.0,2.0,8,1
7864,3020,4,2.25,1.5,10,1
7865,2610,5,2.0,1.0,7,0
7866,1500,3,2.0,1.0,7,0
7867,2600,4,2.5,1.5,7,0
7868,1370,3,1.5,1.0,7,0
7869,2400,5,2.75,1.0,7,0
7870,1068,2,1.5,2.0,7,0
7871,2220,3,1.5,1.0,8,1
7872,880,2,1.0,1.0,7,0
7873,1310,3,1.5,1.0,7,0
7874,1350,4,1.0,1.0,7,0
7875,1400,3,2.25,3.0,8,0
7876,1170,3,1.0,1.0,7,0
7877,1020,3,2.5,2.0,7,0
7878,1300,3,1.75,1.0,7,0
7879,2010,3,2.0,2.0,6,0
7880,1590,3,2.0,2.0,6,1
7881,1470,3,1.0,1.0,7,1
7882,1580,3,1.75,1.0,7,0
7883,1970,3,1.75,1.0,8,0
7884,2330,3,2.5,2.0,8,1
7885,1230,3,1.75,1.0,7,0
7886,2570,3,1.75,2.0,7,1
7887,3440,4,2.5,2.0,10,1
7888,3330,3,2.25,2.0,9,1
7889,1780,4,2.25,2.0,7,0
7890,2110,4,2.5,2.0,8,0
7891,2770,4,3.5,2.0,9,1
7892,1590,3,2.5,2.0,7,0
7893,1460,3,2.25,2.0,7,0
7894,2070,4,2.25,1.0,8,1
7895,2420,3,2.5,1.0,8,1
7896,2000,5,1.75,2.0,7,1
7897,1010,2,1.0,2.0,7,0
7898,3050,4,2.5,2.0,8,1
7899,1160,3,1.0,1.0,7,0
7900,2180,3,2.0,1.0,7,1
7901,1560,3,1.75,1.0,6,1
7902,1580,4,1.75,1.0,7,1
7903,1660,3,1.75,1.0,7,0
7904,2350,4,2.0,2.0,8,1
7905,1440,2,1.0,1.0,7,0
7906,2930,4,2.5,2.0,9,1
7907,1590,3,1.75,1.0,7,0
7908,1400,3,1.0,1.0,7,0
7909,3190,6,2.5,2.0,8,1
7910,4580,4,3.25,2.0,11,1
7911,1830,4,2.0,1.0,7,0
7912,2720,3,1.75,1.5,9,1
7913,1360,2,1.0,1.0,7,1
7914,1520,3,2.0,1.0,6,0
7915,2290,3,2.25,2.0,8,1
7916,2150,3,2.5,2.0,8,0
7917,1170,3,1.5,1.0,7,1
7918,1830,3,1.75,1.0,7,0
7919,2730,4,2.5,2.0,9,1
7920,1090,3,1.0,1.0,7,0
7921,2560,3,2.5,2.0,9,1
7922,1160,3,1.0,1.0,7,0
7923,1010,2,1.75,1.5,7,0
7924,1650,3,2.0,1.0,7,0
7925,2120,3,1.0,1.0,7,0
7926,960,1,1.0,1.0,7,0
7927,1509,3,2.5,3.0,8,0
7928,2270,4,1.75,1.0,8,1
7929,1954,4,2.5,2.0,8,0
7930,2800,3,3.5,1.0,9,1
7931,1270,3,1.0,1.5,6,0
7932,1810,4,2.25,1.0,7,0
7933,2410,4,2.5,2.0,8,0
7934,1690,3,2.5,2.0,7,0
7935,1190,3,1.75,1.0,7,0
7936,1280,2,1.75,1.0,7,0
7937,1460,3,1.75,1.0,7,0
7938,1600,4,1.75,1.0,8,1
7939,1770,3,1.75,1.0,7,0
7940,2800,4,2.5,1.0,8,1
7941,2680,4,2.5,2.0,9,1
7942,1680,3,1.75,1.0,7,1
7943,1120,3,1.0,1.0,7,0
7944,1040,2,1.0,1.0,6,1
7945,1790,3,2.25,2.0,8,0
7946,2410,3,2.5,1.5,8,1
7947,3370,5,3.25,2.0,8,1
7948,800,2,1.0,1.0,6,0
7949,1380,2,1.0,1.0,7,0
7950,990,2,1.0,1.0,4,0
7951,1800,4,2.5,2.0,7,0
7952,1820,4,1.5,1.0,7,0
7953,2620,3,2.5,2.0,7,1
7954,2290,2,2.5,2.0,9,1
7955,2200,4,3.0,2.0,7,0
7956,2940,4,2.5,1.0,8,1
7957,1700,2,1.75,1.0,8,1
7958,860,3,1.0,1.0,6,0
7959,910,2,1.0,1.0,7,1
7960,2820,4,3.25,2.0,8,0
7961,930,2,1.0,1.0,5,0
7962,2190,4,2.0,2.5,8,1
7963,3430,4,2.5,2.0,9,1
7964,2560,4,2.75,1.0,8,1
7965,770,2,1.0,1.0,6,0
7966,5230,3,4.5,2.0,10,1
7967,2440,3,2.25,1.0,8,1
7968,1650,3,1.5,1.5,8,1
7969,780,1,1.0,1.0,5,0
7970,1260,3,3.0,3.0,8,0
7971,2320,4,2.5,2.0,7,0
7972,1560,4,2.75,1.0,7,0
7973,2330,3,2.0,1.5,6,0
7974,1400,2,1.0,1.5,6,0
7975,1450,3,1.5,1.0,7,0
7976,1140,2,1.0,1.0,6,0
7977,1120,3,1.0,1.0,7,0
7978,1970,3,1.5,1.0,7,0
7979,1110,3,1.0,1.0,7,0
7980,3070,4,2.5,2.0,9,1
7981,1940,3,2.5,2.0,8,0
7982,3050,3,2.5,2.0,10,1
7983,1240,3,1.0,1.5,7,0
7984,3380,5,4.25,2.0,8,1
7985,3190,3,2.5,2.0,9,1
7986,1670,4,1.75,1.0,7,1
7987,1660,3,1.0,1.0,7,0
7988,2070,4,2.0,1.0,7,0
7989,2070,4,2.0,1.0,7,1
7990,1430,2,1.0,1.0,7,0
7991,2270,5,2.5,1.0,8,1
7992,1980,3,2.0,1.5,6,1
7993,2500,4,2.75,1.0,8,0
7994,1230,3,1.0,1.0,7,0
7995,1390,4,1.0,1.5,7,0
7996,2120,4,1.75,1.0,7,0
7997,1540,4,2.75,1.0,7,0
7998,2000,4,2.5,2.0,7,0
7999,2400,4,2.5,2.0,8,0
8000,2110,4,2.75,1.0,7,0
8001,2550,4,2.5,1.0,7,1
8002,1440,4,1.75,1.0,7,0
8003,810,2,1.0,1.0,6,0
8004,1170,2,1.75,1.0,6,1
8005,3590,3,2.5,1.0,9,1
8006,2090,4,1.75,1.0,7,0
8007,3820,5,4.5,2.0,9,1
8008,1460,3,1.0,1.0,8,0
8009,2360,3,1.75,1.0,7,1
8010,1100,3,1.0,1.0,6,0
8011,2100,4,2.5,2.0,8,0
8012,1310,2,2.0,2.0,6,0
8013,750,2,1.5,1.0,5,0
8014,1720,5,1.5,1.5,8,1
8015,3370,3,2.5,2.0,7,1
8016,1200,2,1.5,2.0,8,1
8017,1830,3,2.5,2.5,7,0
8018,3870,3,3.5,2.0,11,1
8019,2220,3,2.25,2.0,8,1
8020,2920,3,1.75,1.0,8,1
8021,2540,5,2.75,1.0,8,0
8022,1970,3,1.75,1.0,7,0
8023,2170,5,1.75,1.0,7,0
8024,2350,3,3.0,2.0,9,1
8025,2630,4,2.25,2.0,9,1
8026,4120,4,2.5,1.0,8,1
8027,2440,4,2.25,2.0,7,1
8028,3480,5,3.0,2.0,8,1
8029,1900,3,3.5,2.0,8,0
8030,3160,4,3.25,2.0,9,1
8031,1330,2,1.75,1.0,8,0
8032,1420,3,2.25,1.0,7,0
8033,2570,3,2.0,1.5,8,0
8034,1270,2,1.0,1.0,5,1
8035,2470,3,2.25,1.0,7,0
8036,2590,4,2.25,2.0,9,1
8037,3030,4,2.5,2.0,9,1
8038,1240,3,1.75,1.5,7,1
8039,1040,3,1.0,1.0,6,0
8040,2320,5,2.25,1.0,7,0
8041,1190,2,1.0,1.5,7,0
8042,2030,3,2.25,1.0,8,0
8043,1390,3,1.5,1.0,7,0
8044,2050,2,1.75,1.5,8,1
8045,3050,4,3.0,2.0,9,1
8046,1240,2,1.0,1.5,6,0
8047,3030,4,2.5,2.0,9,1
8048,1930,3,1.75,1.0,8,1
8049,1490,3,1.75,1.0,7,0
8050,1510,3,2.0,1.0,7,0
8051,1320,3,1.75,1.0,7,0
8052,2330,4,2.5,2.0,8,0
8053,2240,4,2.0,1.0,7,0
8054,2050,4,2.5,2.0,8,1
8055,1680,4,1.5,1.0,7,0
8056,2200,4,2.75,1.5,7,1
8057,670,1,1.0,1.0,6,0
8058,1730,4,1.75,1.0,7,0
8059,2710,4,2.75,1.5,8,1
8060,3410,3,3.25,2.0,8,1
8061,1330,3,1.75,1.0,8,1
8062,1990,4,2.5,2.0,8,1
8063,1900,2,1.5,1.0,7,1
8064,1310,4,1.0,1.0,6,0
8065,1690,4,2.5,1.0,7,0
8066,1040,3,1.0,1.0,7,0
8067,1340,2,1.5,2.0,8,1
8068,1120,2,1.0,1.0,7,0
8069,2310,3,2.0,2.0,7,1
8070,2190,3,2.5,2.0,8,1
8071,1220,3,3.25,2.0,8,1
8072,1200,3,1.5,1.0,7,1
8073,3840,3,3.5,2.0,9,1
8074,2460,4,2.5,1.0,8,1
8075,1630,3,2.5,1.0,8,0
8076,970,2,2.0,1.0,6,0
8077,1780,4,2.0,1.5,6,0
8078,1760,4,1.75,1.0,7,0
8079,770,2,1.0,1.0,6,0
8080,1760,3,1.0,1.0,7,0
8081,990,2,1.0,2.0,7,0
8082,1250,2,1.0,1.0,7,0
8083,1440,3,2.25,2.0,7,0
8084,1960,2,2.0,1.0,7,0
8085,2510,6,3.0,1.0,7,0
8086,2920,4,2.75,2.0,8,1
8087,1730,3,2.5,2.0,8,0
8088,1570,3,2.5,2.0,7,0
8089,970,2,1.75,1.0,7,1
8090,2800,4,3.0,2.0,8,0
8091,1580,4,2.0,2.0,6,0
8092,1220,2,1.0,1.0,7,1
8093,1550,3,1.5,1.0,6,0
8094,1220,3,2.0,1.0,6,0
8095,1651,2,2.0,1.0,6,0
8096,3150,7,4.0,2.0,8,0
8097,800,2,1.0,1.0,5,0
8098,3190,5,2.75,2.0,9,1
8099,1720,3,1.75,1.0,7,0
8100,1100,2,2.25,2.0,9,0
8101,1010,3,2.0,1.0,7,0
8102,1010,3,2.0,1.0,7,0
8103,1760,4,2.75,1.0,7,0
8104,1400,3,1.75,1.0,7,0
8105,1820,3,2.5,1.5,7,0
8106,1470,3,2.0,1.0,6,0
8107,770,2,1.0,1.0,6,0
8108,1340,5,2.75,1.0,7,0
8109,1260,3,1.0,1.5,7,1
8110,870,2,1.0,1.0,6,0
8111,4010,3,2.5,1.0,11,1
8112,2340,3,2.5,1.0,7,0
8113,1770,3,2.75,2.0,8,0
8114,2660,5,1.75,1.5,7,1
8115,3600,5,2.5,2.0,9,1
8116,1230,2,1.75,2.0,8,0
8117,3270,3,2.75,1.5,11,1
8118,3100,3,2.5,1.0,10,1
8119,1900,3,2.0,1.0,7,0
8120,1750,2,2.0,2.0,8,0
8121,3380,4,3.5,2.0,9,1
8122,2090,2,2.0,2.0,7,1
8123,4120,4,2.75,1.0,8,1
8124,1260,3,1.75,1.0,6,0
8125,1800,3,2.25,1.0,8,1
8126,1960,3,2.5,1.0,8,1
8127,4460,6,2.75,2.5,10,1
8128,1330,3,1.75,1.0,7,0
8129,1820,3,1.75,1.0,6,0
8130,3360,4,2.75,1.0,8,1
8131,2860,2,1.75,1.0,8,1
8132,1460,3,1.0,1.0,7,0
8133,1900,3,1.75,1.0,8,0
8134,1790,3,2.25,1.0,7,1
8135,3100,4,3.5,2.0,10,1
8136,900,2,1.0,1.0,6,0
8137,1530,2,1.75,2.0,7,1
8138,2070,2,3.25,2.0,9,1
8139,1340,3,2.0,1.0,5,0
8140,1220,1,1.0,1.0,7,1
8141,2370,4,2.5,2.0,9,0
8142,1890,3,2.5,1.0,8,0
8143,1480,3,1.75,1.5,7,0
8144,1050,2,1.0,1.0,7,1
8145,2070,4,2.25,1.0,7,1
8146,1170,2,1.0,1.0,6,0
8147,1090,3,1.5,1.0,7,1
8148,1650,3,2.5,2.0,7,0
8149,4410,4,3.75,3.0,11,1
8150,1780,4,2.5,2.0,7,0
8151,1550,3,1.0,1.0,7,0
8152,2290,4,2.75,2.0,7,1
8153,2220,4,2.0,1.5,7,0
8154,1150,3,1.75,1.0,6,1
8155,2000,4,2.5,2.0,8,0
8156,1270,2,1.75,1.5,7,0
8157,1810,5,1.0,1.5,7,1
8158,1450,3,1.0,1.0,6,0
8159,1170,2,1.5,3.0,7,1
8160,1730,3,2.5,2.0,8,0
8161,2680,3,2.25,1.0,8,1
8162,1260,3,1.0,1.5,7,1
8163,1020,3,1.5,1.0,6,0
8164,1970,5,2.5,2.0,7,0
8165,830,2,1.0,1.0,7,0
8166,5030,4,4.5,2.0,11,1
8167,800,2,1.0,1.0,6,0
8168,1330,3,1.75,1.0,6,0
8169,1030,3,1.0,1.0,7,0
8170,5660,4,4.25,2.0,10,1
8171,2330,3,2.5,2.0,9,1
8172,1540,3,1.75,1.0,6,1
8173,2040,6,2.75,1.0,7,1
8174,1540,3,2.0,1.0,8,1
8175,1920,4,1.0,1.0,7,0
8176,1870,3,2.5,2.0,7,0
8177,2960,5,3.5,2.0,9,0
8178,1690,3,1.5,1.0,7,0
8179,1610,3,2.25,2.0,7,0
8180,670,2,1.0,1.0,6,0
8181,1752,3,1.0,2.0,8,0
8182,1540,4,2.0,1.5,7,0
8183,3160,3,2.5,2.0,9,1
8184,2570,3,1.75,2.0,8,1
8185,1370,3,1.5,1.0,7,0
8186,860,2,1.0,1.0,5,0
8187,1680,2,1.5,1.5,7,1
8188,930,1,0.75,1.0,6,0
8189,1820,4,1.75,1.0,7,0
8190,2120,3,1.5,1.5,8,1
8191,3330,4,2.25,2.0,9,1
8192,2520,3,2.25,2.0,7,0
8193,1560,3,1.75,1.0,7,1
8194,2250,5,1.75,1.0,8,1
8195,640,2,1.0,1.0,6,0
8196,3880,5,3.75,2.0,7,1
8197,3360,3,2.25,2.0,10,1
8198,2350,5,1.75,1.0,8,1
8199,2340,5,2.5,2.0,8,1
8200,1430,3,2.5,3.0,8,0
8201,1920,3,2.5,2.0,7,0
8202,4330,3,3.25,2.0,10,1
8203,790,2,1.0,1.0,6,0
8204,2350,4,1.75,1.0,8,1
8205,1350,3,2.5,2.0,7,1
8206,1470,3,2.0,1.0,8,1
8207,1680,6,1.5,1.5,7,1
8208,1890,4,2.5,1.0,8,0
8209,2030,4,2.5,1.0,8,1
8210,1760,4,1.75,1.5,8,1
8211,1950,3,2.25,1.0,7,0
8212,1440,4,1.0,1.0,6,0
8213,2230,3,1.5,1.0,8,1
8214,1180,3,1.0,1.5,7,0
8215,2500,5,2.5,1.0,7,1
8216,2680,3,2.75,1.0,9,1
8217,2040,4,2.5,1.0,8,1
8218,2660,4,2.75,2.0,9,1
8219,2580,5,2.75,1.0,7,1
8220,1000,3,1.0,1.0,7,0
8221,1330,3,1.5,2.0,8,1
8222,1420,2,2.0,1.0,7,0
8223,1280,2,1.0,1.5,6,0
8224,2200,5,2.5,1.0,7,0
8225,1800,3,1.75,1.0,8,1
8226,1200,3,1.75,1.0,7,0
8227,1840,4,2.0,1.5,6,0
8228,960,2,1.0,1.0,6,0
8229,2890,4,1.5,2.0,8,1
8230,1290,3,1.75,1.0,7,0
8231,1140,2,1.0,1.5,6,0
8232,1750,3,1.75,1.0,8,1
8233,2580,4,2.25,2.0,9,1
8234,2650,4,2.5,2.0,9,0
8235,1470,2,1.0,1.0,7,1
8236,1640,3,2.0,1.0,7,0
8237,620,1,1.0,1.0,6,0
8238,1440,3,1.5,1.0,7,0
8239,1160,3,2.0,1.0,7,0
8240,1070,2,1.0,1.0,7,0
8241,3560,6,4.5,2.0,7,0
8242,1720,3,1.75,1.0,7,0
8243,1530,3,1.75,1.0,8,0
8244,1270,3,1.75,1.0,7,0
8245,1510,3,1.75,1.0,7,0
8246,880,2,1.0,1.0,6,0
8247,2020,5,1.75,1.5,7,1
8248,1410,3,2.5,1.0,7,1
8249,860,3,1.0,1.0,6,0
8250,860,3,1.0,1.0,6,0
8251,1210,3,1.0,1.5,7,0
8252,2090,3,2.5,2.0,7,0
8253,1430,3,1.75,1.0,7,1
8254,2120,6,3.25,1.0,7,0
8255,2540,3,2.75,2.0,8,0
8256,2490,4,2.5,2.0,9,1
8257,670,2,1.0,1.0,6,0
8258,1320,2,2.0,3.0,7,0
8259,950,2,1.0,1.0,6,0
8260,1870,3,2.0,1.5,7,1
8261,1840,4,1.75,1.0,7,1
8262,1410,3,3.25,3.0,8,0
8263,1050,2,1.0,1.0,7,1
8264,1400,2,2.0,1.0,8,0
8265,1630,3,2.5,2.0,8,0
8266,1900,3,2.0,1.0,8,0
8267,1890,4,3.0,1.0,9,1
8268,2980,3,2.5,1.0,8,1
8269,2885,4,3.25,2.0,8,1
8270,1980,3,2.5,2.0,8,0
8271,3020,4,2.5,1.0,8,0
8272,2980,4,2.5,2.0,9,1
8273,3290,5,1.75,1.5,8,1
8274,1580,3,1.75,1.0,7,1
8275,2090,3,2.5,1.0,8,0
8276,1100,3,1.5,1.0,7,0
8277,1870,3,2.5,2.0,7,0
8278,2390,3,2.75,1.0,8,1
8279,1320,3,2.0,1.0,7,0
8280,3430,5,3.5,2.0,10,1
8281,2250,3,2.5,2.0,8,1
8282,1710,3,1.0,1.0,6,0
8283,2160,4,2.5,2.0,9,0
8284,1400,3,1.75,1.0,8,0
8285,1560,2,2.5,1.0,5,0
8286,2300,5,2.0,2.5,8,1
8287,820,2,1.0,1.0,6,0
8288,1630,3,1.0,1.5,7,1
8289,2010,3,2.5,2.0,8,1
8290,1540,4,1.0,1.5,7,1
8291,2420,4,2.75,1.0,8,1
8292,1690,3,2.5,2.0,7,0
8293,1410,3,2.0,1.0,6,0
8294,1640,3,1.75,1.0,7,1
8295,2200,3,1.75,1.0,8,1
8296,1290,3,2.25,2.0,8,1
8297,1060,3,1.5,1.0,7,0
8298,1240,3,1.0,1.0,6,0
8299,1280,2,1.0,1.0,7,0
8300,2330,2,2.5,2.0,8,1
8301,2360,3,1.75,1.0,8,1
8302,2210,4,2.75,1.0,8,1
8303,3670,4,2.75,2.0,10,1
8304,3080,4,3.5,2.0,10,1
8305,770,2,1.0,1.0,6,0
8306,2600,4,2.0,1.0,8,0
8307,1220,4,1.5,1.0,6,0
8308,2910,4,2.5,1.0,8,1
8309,1150,3,1.0,1.0,7,0
8310,1700,3,2.5,2.0,8,0
8311,1220,3,1.75,1.0,7,1
8312,1670,5,1.0,1.5,8,1
8313,2420,3,1.75,2.0,8,1
8314,2610,3,2.25,2.0,9,1
8315,960,3,1.0,1.0,7,0
8316,960,3,1.0,1.0,7,1
8317,1010,3,1.0,1.0,6,0
8318,1550,2,2.25,2.0,8,0
8319,5067,5,2.5,1.0,9,1
8320,2350,3,2.0,1.5,8,1
8321,1310,3,1.5,2.0,7,0
8322,2160,4,2.25,1.0,7,1
8323,2510,4,2.5,1.0,8,0
8324,890,3,1.75,1.5,7,1
8325,1129,2,1.0,1.0,7,0
8326,1980,4,3.25,1.0,8,1
8327,2360,3,1.0,1.0,7,1
8328,2480,3,2.5,2.0,8,1
8329,2160,3,1.75,1.0,7,0
8330,1740,2,1.75,1.0,6,0
8331,2430,4,2.5,2.0,8,1
8332,1950,2,1.75,1.0,8,0
8333,910,2,1.0,1.0,7,0
8334,2360,4,2.0,1.0,6,1
8335,1130,3,1.0,1.0,7,0
8336,2150,3,2.5,2.0,8,1
8337,5270,4,3.5,2.0,10,1
8338,1300,3,1.5,1.0,7,1
8339,1050,3,1.0,1.0,7,0
8340,1380,4,1.0,1.0,7,0
8341,1610,3,1.5,1.0,7,0
8342,3150,4,2.75,1.0,9,0
8343,1520,3,1.0,1.0,7,0
8344,1990,3,2.5,2.0,9,1
8345,2500,5,2.0,1.5,7,0
8346,1890,3,2.25,1.0,7,0
8347,1840,5,2.0,1.0,7,0
8348,1220,2,1.0,1.0,7,0
8349,1370,2,1.5,2.0,8,0
8350,2710,3,2.5,1.0,10,1
8351,1760,3,2.25,2.0,7,0
8352,800,2,1.0,1.0,7,0
8353,3530,4,2.5,2.0,9,1
8354,1780,3,2.25,1.5,9,1
8355,2610,4,2.5,2.0,8,0
8356,1850,3,1.75,1.0,7,0
8357,1560,3,2.25,1.0,7,0
8358,1270,3,1.75,1.0,7,0
8359,1420,3,2.25,3.0,8,1
8360,2880,6,3.0,2.0,7,1
8361,1420,3,1.0,1.0,7,0
8362,1640,3,1.0,1.5,6,1
8363,1730,3,2.0,1.0,7,1
8364,1250,3,1.75,1.0,7,0
8365,1520,3,2.25,3.0,8,1
8366,1820,3,2.5,2.0,8,1
8367,2700,4,2.5,2.0,9,1
8368,1820,3,1.75,2.0,8,1
8369,2770,4,2.5,2.0,9,1
8370,1270,2,1.0,1.5,6,0
8371,1400,3,1.75,1.0,7,1
8372,1820,3,2.25,1.0,8,1
8373,1870,2,2.0,1.0,8,1
8374,1360,4,2.0,1.5,7,1
8375,1040,3,2.5,2.0,7,0
8376,2140,4,2.75,2.0,8,0
8377,1330,3,1.75,1.0,7,0
8378,1070,3,1.0,1.0,7,0
8379,1370,3,2.25,3.0,8,0
8380,3510,4,3.0,2.0,9,1
8381,1730,3,1.5,1.0,8,1
8382,1550,4,1.5,1.0,7,0
8383,3280,4,2.5,2.0,9,1
8384,2150,4,2.5,1.0,8,1
8385,1580,3,1.75,1.0,7,1
8386,1460,3,1.0,1.0,7,0
8387,1410,3,1.75,1.0,7,0
8388,3090,4,2.75,1.0,9,1
8389,1690,3,1.5,1.0,7,0
8390,2870,4,2.5,2.0,9,1
8391,1100,4,1.0,1.0,7,0
8392,2310,3,1.75,1.0,8,1
8393,3490,5,3.75,1.0,10,1
8394,2080,4,2.0,1.0,7,0
8395,2230,4,2.5,1.0,7,1
8396,1710,5,1.75,1.0,7,0
8397,1640,4,2.75,1.0,7,0
8398,1600,3,2.5,2.0,7,0
8399,2850,3,2.5,2.0,10,1
8400,2600,5,2.75,2.0,8,1
8401,1380,3,2.0,1.0,7,1
8402,1320,4,1.75,1.0,7,0
8403,1420,3,2.5,3.0,8,0
8404,2420,4,2.75,2.0,8,0
8405,2600,4,2.75,2.0,8,1
8406,840,2,1.0,1.0,6,0
8407,1420,3,1.75,1.0,7,0
8408,1790,3,1.0,1.0,6,0
8409,1790,3,1.0,1.0,6,0
8410,1340,2,1.0,1.0,7,1
8411,1010,2,1.0,1.0,7,0
8412,1640,3,2.0,1.0,8,1
8413,2980,5,2.75,1.0,8,0
8414,1370,3,2.0,1.0,7,0
8415,2190,3,2.25,1.5,8,1
8416,1530,3,2.25,1.0,7,0
8417,1290,3,2.0,1.0,7,0
8418,5150,4,3.75,2.0,11,1
8419,2470,3,2.5,2.0,9,1
8420,1810,1,1.25,1.5,8,1
8421,2230,4,2.5,1.0,7,1
8422,2300,3,3.0,1.0,7,0
8423,2030,3,2.5,2.0,8,1
8424,2000,3,1.75,1.0,8,0
8425,3610,3,2.75,1.5,8,0
8426,3290,5,2.5,2.0,8,1
8427,1300,3,2.0,1.0,7,0
8428,1880,5,1.0,1.5,6,0
8429,2170,4,2.75,2.0,7,0
8430,1680,3,1.75,1.0,7,0
8431,1190,3,1.5,1.0,7,0
8432,940,2,1.0,1.0,7,0
8433,1010,2,1.75,1.0,7,0
8434,1290,3,1.75,1.0,7,1
8435,1480,3,1.5,1.0,7,0
8436,900,2,1.0,1.0,6,0
8437,1400,4,2.0,1.5,6,0
8438,2040,3,2.5,2.0,7,0
8439,1450,3,1.0,1.0,7,0
8440,1210,3,1.0,1.0,7,0
8441,1800,2,1.5,1.0,7,0
8442,1490,3,1.0,1.0,7,0
8443,1240,3,1.0,1.5,6,0
8444,2632,3,2.0,2.0,10,1
8445,2150,3,2.5,2.0,9,1
8446,1710,3,2.75,1.0,7,1
8447,1530,3,2.5,2.0,7,1
8448,1630,4,2.5,2.0,7,0
8449,4080,4,3.5,2.0,12,1
8450,2340,3,2.75,1.0,8,1
8451,1000,3,1.75,1.0,7,0
8452,3180,4,2.5,2.0,11,1
8453,2170,4,2.5,2.0,8,0
8454,3020,4,3.25,1.0,9,1
8455,1330,3,1.75,1.0,7,0
8456,1720,4,1.75,1.0,8,0
8457,2540,4,3.5,2.0,8,1
8458,1410,3,1.0,1.0,7,0
8459,1530,3,2.5,1.0,7,0
8460,4380,5,3.5,2.0,11,1
8461,1140,3,1.0,1.0,6,0
8462,2110,5,1.75,1.5,7,1
8463,1050,3,1.0,1.0,6,0
8464,1600,3,1.75,1.0,8,1
8465,1430,3,1.75,1.0,7,0
8466,1996,4,2.5,2.0,7,0
8467,1530,4,1.75,1.0,6,0
8468,1000,2,1.0,1.0,6,0
8469,2530,4,2.0,1.0,8,1
8470,970,3,1.5,1.0,7,0
8471,2400,4,2.5,1.0,7,0
8472,1830,3,2.0,1.0,7,0
8473,2130,3,2.25,1.0,7,0
8474,3330,4,3.25,2.0,8,1
8475,560,2,1.0,1.0,6,0
8476,1210,4,1.0,1.0,7,0
8477,2380,3,2.5,3.0,9,1
8478,1370,3,1.75,1.0,6,0
8479,1370,3,1.75,1.0,6,0
8480,1740,3,2.25,2.0,8,0
8481,790,2,1.0,1.0,6,0
8482,2480,3,2.5,2.0,8,1
8483,1920,3,2.5,2.0,8,0
8484,2750,4,2.5,2.0,9,0
8485,880,2,1.0,1.0,7,0
8486,2160,4,1.75,1.0,9,0
8487,2570,4,2.5,2.0,8,1
8488,2130,5,2.75,1.0,7,0
8489,3150,7,4.0,1.0,9,1
8490,1780,3,1.5,1.0,7,0
8491,1910,4,1.75,1.0,7,0
8492,1170,2,1.0,1.0,7,0
8493,900,2,1.0,1.0,7,1
8494,2650,5,2.5,1.0,7,1
8495,1170,2,1.0,1.0,6,0
8496,2630,3,2.5,2.0,9,1
8497,2150,4,2.75,1.0,8,0
8498,1430,3,2.0,1.0,7,1
8499,960,3,1.0,1.0,6,0
8500,2640,4,2.75,1.0,8,1
8501,1490,3,1.5,1.0,8,0
8502,1210,3,1.75,1.0,6,0
8503,1860,4,1.5,1.5,8,0
8504,1980,3,2.5,2.0,7,0
8505,900,1,1.0,1.0,6,0
8506,900,1,1.0,1.0,6,0
8507,1490,2,1.75,1.0,7,1
8508,2980,3,2.5,2.0,8,1
8509,2660,3,2.5,3.0,9,1
8510,2790,4,2.5,2.0,8,1
8511,2800,4,3.0,2.0,9,1
8512,1590,3,2.25,2.0,8,1
8513,3240,4,2.25,1.0,9,1
8514,2130,3,2.0,1.0,8,1
8515,1510,3,2.0,1.0,6,0
8516,1750,3,1.75,1.0,7,0
8517,4010,4,2.75,2.0,10,1
8518,1650,4,1.5,1.5,7,1
8519,4050,9,7.5,2.0,7,0
8520,1320,3,1.0,1.0,7,0
8521,2310,4,2.5,2.0,8,0
8522,1440,3,1.75,1.0,8,0
8523,2330,5,1.75,1.0,7,0
8524,2430,4,2.5,1.0,8,1
8525,1390,3,1.0,1.0,7,0
8526,1150,2,1.0,1.0,6,0
8527,2120,4,1.75,1.0,7,0
8528,2300,4,2.75,1.5,6,0
8529,3320,4,2.5,2.0,10,1
8530,2400,4,2.5,2.0,7,0
8531,3580,3,2.5,1.0,9,1
8532,2100,3,2.5,1.0,8,1
8533,1550,3,2.25,2.0,7,0
8534,1570,3,1.5,1.5,6,0
8535,1480,3,2.0,1.0,7,1
8536,2720,3,2.5,2.0,7,0
8537,2270,3,2.25,1.0,7,0
8538,2410,4,1.75,1.0,7,0
8539,2730,4,2.75,1.0,9,1
8540,1540,3,2.5,2.0,7,0
8541,3120,5,2.5,2.0,11,1
8542,1480,2,1.5,1.0,7,1
8543,860,3,1.0,1.0,6,0
8544,2180,4,2.5,2.0,8,1
8545,1300,3,2.0,1.5,7,0
8546,3420,4,3.5,2.0,9,1
8547,2130,3,2.25,1.0,8,0
8548,2300,4,2.5,2.0,8,1
8549,2560,4,1.75,1.0,7,0
8550,1040,2,1.0,1.0,7,1
8551,3080,4,3.0,2.0,10,1
8552,2670,4,2.25,1.0,8,0
8553,3270,4,2.75,2.0,8,0
8554,2610,4,2.5,2.0,8,1
8555,2460,3,2.5,2.0,8,1
8556,1930,2,1.5,2.0,8,1
8557,1220,3,1.0,1.0,6,1
8558,2030,4,2.5,1.0,7,0
8559,2420,3,2.0,1.0,9,1
8560,1870,3,2.5,2.0,7,0
8561,3020,3,2.25,2.0,10,1
8562,2880,4,2.5,2.0,8,1
8563,1810,4,3.0,2.0,7,0
8564,2590,4,2.5,2.0,9,1
8565,3830,5,3.25,2.0,9,1
8566,3250,3,2.25,1.0,10,1
8567,2760,4,2.0,1.0,9,1
8568,1220,2,1.75,1.0,6,0
8569,1280,3,1.5,3.0,7,0
8570,770,3,0.75,1.0,4,0
8571,1520,3,1.75,1.0,7,0
8572,2080,4,2.5,1.0,8,1
8573,570,1,1.0,1.0,5,0
8574,1500,4,2.0,1.0,7,1
8575,2510,2,2.5,2.0,10,1
8576,1980,4,2.0,1.0,7,0
8577,2500,3,3.5,2.0,8,1
8578,2720,4,2.5,2.0,9,1
8579,910,2,1.0,1.0,5,1
8580,1480,3,1.75,1.0,7,1
8581,2470,4,2.25,1.0,7,0
8582,1650,2,1.0,1.0,7,0
8583,1700,3,1.75,1.0,8,1
8584,1995,2,1.5,1.5,8,1
8585,1280,2,1.0,1.0,6,0
8586,2980,4,2.5,2.0,9,1
8587,1730,3,1.75,1.0,7,1
8588,2420,3,3.25,2.0,10,1
8589,2800,3,2.0,1.0,8,1
8590,1400,5,4.0,1.0,7,0
8591,2070,4,2.0,1.0,7,1
8592,750,1,1.75,1.0,4,0
8593,1460,3,1.5,1.0,7,0
8594,2140,5,2.25,1.0,8,1
8595,740,2,1.0,1.0,6,0
8596,1570,2,1.0,1.0,7,0
8597,2860,5,2.75,2.0,9,1
8598,1400,3,2.25,2.0,8,0
8599,2700,3,1.75,1.0,8,1
8600,4460,5,4.0,2.0,9,1
8601,2670,7,1.5,1.5,8,1
8602,1520,3,1.75,1.0,7,0
8603,1520,3,1.75,1.0,7,0
8604,1660,2,2.0,1.0,7,1
8605,860,2,1.0,1.0,7,0
8606,2340,2,1.5,1.0,7,1
8607,2110,4,2.25,2.0,8,1
8608,1010,3,1.0,1.0,7,0
8609,2330,3,2.0,2.5,8,1
8610,6430,4,3.0,2.0,12,1
8611,1610,3,1.75,1.0,8,0
8612,1460,3,1.75,1.0,7,0
8613,2900,5,4.0,2.0,7,0
8614,1260,3,1.0,1.0,7,0
8615,1210,2,1.0,1.0,7,0
8616,3420,5,3.5,2.0,10,1
8617,2120,4,2.5,2.0,7,0
8618,2460,3,2.5,1.0,10,1
8619,3790,3,3.5,2.0,11,1
8620,2350,4,2.5,1.0,10,1
8621,620,2,1.0,1.0,6,0
8622,1920,3,1.75,1.0,7,1
8623,1050,3,1.0,1.0,7,0
8624,1360,3,1.5,1.0,7,0
8625,1180,3,1.0,1.0,6,0
8626,1560,4,1.0,1.0,7,1
8627,3300,4,2.5,2.0,8,1
8628,1100,2,2.75,2.0,7,0
8629,1770,3,1.75,1.0,7,0
8630,1200,3,1.0,1.0,6,0
8631,1330,2,2.25,2.0,8,0
8632,1570,3,1.75,1.0,8,0
8633,1610,2,1.0,1.0,7,0
8634,1100,3,1.0,1.0,7,0
8635,1810,4,2.25,2.0,7,1
8636,2930,3,1.75,2.0,8,1
8637,1780,3,1.5,1.5,8,1
8638,3050,3,2.5,1.5,8,1
8639,1540,3,2.0,2.0,8,0
8640,1380,3,1.0,1.0,7,0
8641,1890,3,1.75,1.5,8,0
8642,1570,3,1.75,1.0,7,0
8643,2540,5,2.0,1.0,7,0
8644,1520,3,1.5,1.0,7,0
8645,2780,4,2.5,2.0,9,1
8646,1730,2,1.0,2.0,6,0
8647,2340,5,2.25,1.0,7,0
8648,1300,3,1.75,1.0,6,0
8649,1420,2,1.0,2.0,7,1
8650,1470,3,2.5,2.0,7,0
8651,2850,4,2.5,2.0,9,1
8652,2360,3,2.0,2.0,8,1
8653,1610,3,1.5,2.0,7,0
8654,2420,3,2.0,1.0,7,0
8655,1470,3,2.5,2.0,8,1
8656,1410,3,2.5,1.0,6,0
8657,1840,3,1.75,1.0,8,0
8658,2450,4,2.5,2.0,8,0
8659,1500,3,1.75,1.0,7,1
8660,2080,3,1.75,1.0,7,1
8661,2770,3,2.5,2.0,9,1
8662,2370,3,2.5,2.0,8,0
8663,3000,3,2.0,2.0,7,1
8664,4430,6,2.75,2.0,10,1
8665,1550,4,1.75,1.0,7,1
8666,2290,4,2.25,1.0,8,1
8667,2560,4,2.5,2.0,9,0
8668,1240,3,1.5,1.0,7,0
8669,2590,4,2.5,2.0,9,1
8670,1370,3,1.0,1.5,7,1
8671,1360,2,2.0,1.0,7,1
8672,2060,3,2.5,1.0,8,0
8673,1120,3,1.75,1.0,7,0
8674,1630,4,1.75,1.5,7,0
8675,1590,3,1.75,1.5,6,0
8676,2480,4,1.75,1.0,7,1
8677,2700,4,2.5,2.0,9,1
8678,1930,3,1.75,1.0,7,0
8679,2490,4,2.0,1.0,8,1
8680,1000,2,1.0,1.0,6,0
8681,2130,4,2.25,2.0,9,1
8682,1060,2,1.0,1.0,7,1
8683,1730,3,2.5,2.0,7,0
8684,2810,4,2.5,2.0,9,0
8685,880,2,1.0,1.0,7,0
8686,1040,3,1.0,1.5,7,0
8687,1830,2,2.5,1.0,7,1
8688,1800,4,3.5,2.0,8,1
8689,2460,5,1.75,1.5,7,0
8690,1670,3,2.5,2.0,7,0
8691,2660,4,2.25,1.0,8,1
8692,2850,3,2.5,2.0,9,0
8693,820,2,1.0,1.0,7,0
8694,2350,4,3.0,1.0,8,1
8695,1480,3,1.75,1.0,7,0
8696,2930,6,2.25,1.0,8,0
8697,1250,3,1.0,1.0,7,0
8698,2760,4,2.75,1.5,8,1
8699,2380,3,2.5,2.0,9,1
8700,1730,3,2.0,1.0,7,1
8701,1670,3,2.25,1.0,8,1
8702,2150,4,2.5,2.0,8,0
8703,930,2,1.0,1.0,6,1
8704,620,1,1.0,1.0,6,0
8705,1960,4,4.25,2.0,7,1
8706,2550,4,2.75,1.0,8,1
8707,1990,3,2.0,1.0,7,1
8708,3550,4,2.5,2.0,9,1
8709,860,3,1.0,1.0,6,0
8710,2031,3,3.0,2.0,9,0
8711,1590,3,2.0,1.0,8,0
8712,3010,4,2.25,1.0,9,1
8713,2610,3,2.5,2.0,10,1
8714,1440,3,2.25,1.0,8,1
8715,1920,3,1.75,1.0,7,1
8716,1670,2,1.75,2.0,7,1
8717,1390,4,1.75,1.0,7,0
8718,2140,3,2.25,2.0,7,0
8719,1250,3,1.0,1.5,7,0
8720,1080,3,1.0,1.0,7,0
8721,2760,3,3.25,2.0,9,0
8722,2180,3,2.75,2.0,8,0
8723,1260,3,2.5,3.0,8,0
8724,1610,4,1.0,1.5,7,0
8725,2450,3,1.5,1.0,7,0
8726,4150,4,3.5,2.0,11,1
8727,960,2,1.0,1.0,5,0
8728,1340,2,1.75,1.0,8,0
8729,3080,4,3.5,2.0,9,1
8730,1130,3,1.0,1.0,7,0
8731,2280,3,1.75,1.5,6,1
8732,1952,3,1.5,1.0,7,0
8733,1280,2,1.5,2.0,8,0
8734,3690,5,3.25,2.0,9,1
8735,4610,5,3.25,2.0,11,1
8736,2920,3,2.5,2.5,9,1
8737,1230,2,2.25,2.0,8,1
8738,1580,4,1.5,1.0,6,0
8739,1220,2,1.0,1.5,6,1
8740,1020,2,1.0,1.0,6,0
8741,1510,2,1.5,1.0,7,0
8742,1830,4,1.75,1.0,7,0
8743,2750,3,2.5,1.0,8,1
8744,1860,3,1.5,1.0,7,0
8745,2720,3,2.5,2.0,9,1
8746,1360,2,1.0,1.0,7,1
8747,2340,3,2.25,1.0,8,0
8748,2600,4,2.5,2.0,8,1
8749,2090,4,2.5,1.0,7,0
8750,2260,4,1.75,1.5,7,0
8751,1390,2,1.0,1.0,7,1
8752,2300,4,2.5,2.0,8,0
8753,2810,4,2.5,1.0,8,1
8754,4060,4,3.25,2.0,9,1
8755,2790,3,3.0,2.0,10,1
8756,1290,3,1.0,1.5,7,1
8757,720,2,1.5,1.0,6,0
8758,2130,3,3.0,1.5,7,1
8759,1750,3,2.25,1.0,7,0
8760,960,3,2.0,1.0,6,0
8761,1570,3,1.0,1.5,8,0
8762,3070,3,2.5,1.0,9,1
8763,2920,4,2.5,1.0,10,1
8764,1870,3,1.0,1.0,7,1
8765,1540,3,1.5,2.0,8,1
8766,1440,2,1.5,2.0,7,0
8767,2810,4,3.75,2.0,8,1
8768,2450,4,2.5,1.0,8,1
8769,1330,2,1.0,1.5,6,0
8770,3130,4,3.5,2.0,9,1
8771,730,1,1.0,1.0,5,0
8772,2480,4,2.0,1.5,7,1
8773,1270,3,1.0,1.0,7,0
8774,2230,3,3.25,1.0,8,1
8775,2880,3,3.0,2.0,9,1
8776,2434,4,2.5,2.0,8,0
8777,1120,2,1.5,2.0,7,0
8778,4080,4,2.5,2.0,11,1
8779,3720,4,2.75,1.0,10,1
8780,1430,3,1.0,1.5,6,0
8781,1560,3,2.0,1.0,7,1
8782,1700,3,1.75,1.0,8,1
8783,2510,4,2.25,1.0,9,1
8784,2600,5,2.0,1.5,6,1
8785,790,1,1.0,1.0,6,0
8786,1710,4,2.0,2.0,7,0
8787,2660,5,2.75,1.0,8,1
8788,1470,4,2.0,1.0,7,1
8789,2350,3,2.0,1.5,8,1
8790,2440,5,2.0,2.0,8,1
8791,1150,3,1.5,1.0,7,0
8792,1510,3,2.5,1.0,7,0
8793,870,2,1.0,1.0,7,0
8794,1280,2,2.0,2.0,8,0
8795,2600,3,2.5,2.0,9,1
8796,2030,3,2.25,1.0,7,1
8797,1930,4,1.5,2.0,7,0
8798,3210,3,2.75,2.0,10,1
8799,1970,3,1.75,1.0,7,1
8800,4060,4,2.5,1.0,9,1
8801,3316,3,2.5,2.0,9,1
8802,1460,2,2.0,1.0,6,1
8803,2100,4,2.0,1.0,7,1
8804,1830,4,2.25,2.0,7,0
8805,1530,3,2.0,1.0,7,0
8806,1490,4,2.0,1.0,6,0
8807,860,2,1.0,1.0,7,0
8808,2130,5,2.5,1.0,7,0
8809,3580,5,2.25,2.0,9,1
8810,2420,4,2.5,2.0,8,0
8811,1900,4,2.25,1.0,8,1
8812,1330,3,1.75,1.0,7,0
8813,2150,3,2.5,2.0,8,1
8814,1370,2,2.5,2.0,8,0
8815,2430,3,2.5,2.0,9,1
8816,1640,4,1.0,1.0,6,0
8817,1010,3,1.0,1.0,7,0
8818,1500,3,1.0,1.5,7,1
8819,1740,3,2.5,2.0,9,1
8820,2090,3,3.25,1.0,8,0
8821,1850,3,3.0,2.0,9,1
8822,2790,3,2.5,2.0,9,1
8823,1480,3,2.25,1.0,7,0
8824,2280,3,2.5,2.0,9,1
8825,3180,4,2.25,2.0,10,1
8826,2350,3,2.0,1.0,7,1
8827,3910,5,3.25,2.0,9,1
8828,770,2,1.0,1.0,6,0
8829,1780,4,1.5,2.0,6,0
8830,2300,5,2.5,1.0,7,1
8831,2510,2,2.5,2.0,9,1
8832,1410,3,3.25,3.0,8,0
8833,4250,4,2.25,1.0,9,1
8834,2560,4,2.75,1.0,8,1
8835,1760,3,2.5,2.0,8,0
8836,2100,3,2.25,2.0,8,0
8837,1490,3,1.0,1.0,6,0
8838,870,2,1.0,1.0,6,0
8839,1260,3,1.75,2.0,8,0
8840,2630,4,2.0,2.0,8,1
8841,1950,4,2.0,1.0,6,0
8842,2200,4,2.0,1.0,7,0
8843,1600,3,1.75,1.0,7,0
8844,1230,3,1.0,1.0,7,0
8845,1030,2,1.0,1.0,6,1
8846,1040,2,1.5,1.0,7,0
8847,2240,3,3.0,2.0,7,0
8848,1600,3,1.0,1.0,6,0
8849,2190,4,2.0,1.0,7,0
8850,1899,3,1.75,2.0,7,0
8851,1870,3,1.0,1.5,7,1
8852,1730,3,2.5,1.0,7,0
8853,1860,3,2.25,2.0,7,0
8854,1940,3,1.75,1.0,7,0
8855,670,2,1.0,1.0,6,0
8856,1820,3,1.0,1.0,7,0
8857,3810,4,2.5,2.0,10,1
8858,2060,5,2.25,2.5,8,1
8859,1520,3,1.75,1.0,7,0
8860,3450,5,3.5,2.0,9,1
8861,830,2,1.0,1.0,6,0
8862,1880,4,1.75,1.0,7,0
8863,2200,4,2.25,1.5,7,1
8864,1800,3,2.0,1.0,8,0
8865,1200,3,1.0,1.5,6,0
8866,2220,3,2.0,1.0,7,1
8867,1380,3,1.5,1.0,7,1
8868,1660,3,1.0,1.0,7,0
8869,2320,4,1.0,1.5,6,0
8870,2800,3,2.25,1.0,8,1
8871,1210,4,1.0,1.5,6,1
8872,2331,4,2.5,2.0,8,0
8873,1820,4,1.75,1.0,7,0
8874,2860,4,2.5,2.0,8,1
8875,2750,5,3.0,1.5,7,1
8876,2750,5,3.0,1.5,7,1
8877,2280,3,2.5,2.0,9,1
8878,1610,4,2.0,1.0,7,0
8879,3760,5,3.5,2.0,10,1
8880,2940,3,3.0,2.0,9,1
8881,4460,4,3.0,2.0,10,1
8882,1110,3,1.5,2.0,8,0
8883,2560,3,2.25,1.0,9,1
8884,1060,3,1.0,1.0,6,0
8885,2810,6,4.5,1.0,8,0
8886,1380,3,1.75,1.0,7,0
8887,1380,3,1.75,1.0,7,1
8888,2560,3,1.75,1.0,7,1
8889,1010,3,1.0,1.0,7,0
8890,1790,3,1.5,2.0,7,1
8891,1600,3,2.5,2.0,7,0
8892,910,2,1.0,1.0,6,1
8893,2497,3,2.5,2.0,8,0
8894,1800,3,1.5,1.0,7,0
8895,2570,5,2.5,1.0,7,0
8896,1320,3,2.5,1.0,6,0
8897,1670,3,2.5,2.0,7,0
8898,2800,4,2.5,2.0,8,1
8899,3360,4,2.5,2.0,9,1
8900,2590,3,2.5,2.0,8,1
8901,1530,3,3.0,2.0,8,0
8902,1330,3,2.0,1.0,7,0
8903,2160,3,2.25,2.0,8,0
8904,1830,4,2.5,2.0,8,0
8905,1470,3,1.0,1.0,7,0
8906,1150,3,1.75,1.0,5,0
8907,1790,3,2.5,2.0,7,0
8908,1700,3,1.0,1.0,7,0
8909,1630,4,2.0,1.5,7,0
8910,3420,4,2.5,2.0,9,1
8911,1650,3,2.0,1.5,7,0
8912,2810,4,2.5,1.5,9,1
8913,2710,4,2.5,2.0,8,0
8914,3320,4,2.5,2.0,9,1
8915,720,2,1.0,1.0,6,0
8916,930,2,1.0,1.0,6,0
8917,1490,3,2.25,2.0,7,0
8918,1690,3,2.5,2.0,8,0
8919,1720,3,2.5,2.0,7,0
8920,1140,3,1.5,1.0,7,0
8921,2280,4,2.5,2.0,8,1
8922,1100,3,1.0,1.0,7,0
8923,1800,4,2.25,1.0,8,1
8924,2500,4,2.5,2.0,8,1
8925,2950,3,2.25,1.0,8,1
8926,1940,1,1.0,1.0,8,1
8927,1280,2,1.0,1.0,7,0
8928,3800,4,2.5,2.0,9,1
8929,930,2,1.0,1.0,7,0
8930,1930,5,2.0,1.0,7,0
8931,2980,3,3.0,1.0,10,1
8932,2800,4,2.5,2.0,8,0
8933,3190,4,2.25,2.0,10,1
8934,1710,3,1.75,1.0,7,0
8935,1980,3,1.0,1.0,6,0
8936,1910,3,1.75,1.0,7,1
8937,3160,6,3.75,2.0,8,1
8938,1590,3,2.0,1.0,7,1
8939,1890,4,2.25,1.0,8,1
8940,2500,3,2.75,1.0,7,0
8941,1740,3,2.0,1.0,7,0
8942,1080,3,2.0,1.0,7,0
8943,1730,3,1.5,1.0,7,0
8944,2480,3,2.5,2.0,7,0
8945,1450,3,2.25,2.0,7,1
8946,2750,4,2.5,2.0,10,1
8947,2820,3,2.5,1.0,8,0
8948,1830,3,1.75,1.0,7,0
8949,1550,2,3.25,3.0,8,1
8950,1640,2,2.0,1.0,7,1
8951,1720,4,2.0,1.0,6,0
8952,2880,5,2.0,2.0,8,1
8953,1220,3,1.5,1.5,7,0
8954,1560,3,3.0,2.0,9,1
8955,1090,2,2.0,2.0,7,0
8956,1140,4,1.0,1.0,7,1
8957,1040,2,2.25,2.0,8,0
8958,2580,4,2.0,1.0,9,1
8959,2310,4,2.5,1.5,7,1
8960,1590,3,2.5,2.0,7,1
8961,1270,3,1.75,1.0,7,1
8962,1240,3,1.5,1.0,6,0
8963,2210,3,2.5,2.0,8,1
8964,2340,3,1.75,1.5,8,1
8965,1420,3,1.5,1.0,7,0
8966,1430,3,1.75,1.0,7,0
8967,2470,3,2.75,2.0,8,1
8968,2390,3,2.5,2.0,8,1
8969,1120,3,1.0,1.0,7,0
8970,2700,3,2.25,2.0,8,1
8971,3490,3,3.0,2.5,9,1
8972,1640,3,1.0,1.0,7,0
8973,1620,3,1.75,1.0,7,1
8974,1670,3,1.75,2.0,8,1
8975,1870,4,2.5,2.0,8,0
8976,1300,2,1.5,1.5,6,0
8977,2190,3,2.5,2.0,8,1
8978,1320,3,1.75,1.0,7,0
8979,1250,3,1.0,1.0,7,1
8980,2040,4,1.75,1.0,7,0
8981,2140,3,1.75,1.0,7,1
8982,2510,5,1.75,1.5,8,1
8983,2200,5,2.5,2.0,7,0
8984,2170,4,2.5,1.0,7,1
8985,2980,4,2.5,2.0,8,0
8986,1180,3,1.0,1.5,7,1
8987,1540,3,2.0,1.0,6,0
8988,1540,3,2.0,1.0,6,0
8989,3110,5,2.5,1.0,8,1
8990,1370,3,1.75,1.0,8,1
8991,2440,5,2.25,1.5,8,1
8992,1760,3,2.25,2.0,7,0
8993,2810,3,2.5,1.0,9,1
8994,2500,4,2.5,1.0,10,1
8995,3220,4,2.5,2.0,10,1
8996,2880,3,2.5,2.0,10,1
8997,2700,3,2.5,2.0,8,1
8998,2680,5,3.0,2.0,7,0
8999,1780,3,1.75,1.0,7,1
9000,2240,3,2.5,2.0,8,0
9001,1610,4,2.0,1.0,7,0
9002,1440,2,2.0,2.0,9,0
9003,1550,3,1.75,2.0,7,0
9004,1720,3,1.75,1.0,9,1
9005,1740,3,1.75,1.0,7,0
9006,3280,5,2.75,1.0,9,1
9007,2216,3,2.75,1.0,9,1
9008,1100,1,1.0,1.0,6,0
9009,1180,3,1.0,1.0,7,0
9010,2020,3,1.75,1.0,7,1
9011,1150,3,1.5,1.0,6,0
9012,2090,3,1.75,1.0,6,0
9013,1300,3,2.5,3.0,8,1
9014,2240,5,2.5,1.0,7,1
9015,3540,5,3.25,1.0,10,1
9016,2840,4,2.25,1.0,8,1
9017,2080,4,2.5,2.0,8,0
9018,1550,2,1.0,1.0,6,0
9019,1900,4,2.5,1.0,7,0
9020,2760,3,3.5,2.0,9,1
9021,1410,4,2.0,1.5,8,1
9022,1240,2,1.0,1.0,7,0
9023,4420,5,4.25,2.0,11,1
9024,3390,4,2.75,1.0,7,0
9025,1400,3,1.75,1.0,7,0
9026,2110,5,3.0,2.0,7,0
9027,1310,3,1.0,1.0,7,1
9028,1270,3,1.0,1.0,7,0
9029,2060,2,1.5,1.0,6,0
9030,2530,4,2.75,1.0,8,0
9031,1900,3,2.75,1.0,7,1
9032,2910,4,2.5,2.0,7,1
9033,1900,3,1.5,1.5,7,0
9034,2880,5,3.5,2.0,8,0
9035,2820,4,2.5,2.0,9,1
9036,1620,3,1.0,1.5,7,1
9037,3320,4,2.5,2.0,9,1
9038,3770,4,3.5,2.0,9,1
9039,1200,2,1.0,1.0,6,0
9040,2130,5,2.25,1.0,8,1
9041,1950,5,1.75,1.0,7,0
9042,1920,3,2.0,1.0,7,0
9043,2510,4,2.0,1.0,7,1
9044,1990,3,1.5,1.5,7,1
9045,1230,3,1.0,1.0,7,0
9046,3190,3,2.25,2.0,9,1
9047,5720,6,4.25,2.0,10,1
9048,2280,8,2.5,1.5,7,1
9049,1550,4,1.0,1.0,6,0
9050,1690,3,2.5,2.0,8,0
9051,1651,3,3.25,2.0,8,0
9052,2260,4,1.75,1.0,8,1
9053,1510,2,1.75,1.0,8,1
9054,1490,3,2.0,1.0,7,1
9055,2220,4,2.5,2.0,7,0
9056,2800,3,1.75,1.0,8,1
9057,2210,4,2.5,1.0,7,0
9058,2150,3,2.0,1.0,8,1
9059,1400,3,2.25,1.0,7,0
9060,2450,4,3.0,1.0,8,1
9061,980,3,1.0,1.0,7,1
9062,2800,4,2.5,2.0,9,1
9063,1240,2,1.0,1.5,7,0
9064,1610,3,2.5,2.0,8,0
9065,1510,3,1.75,1.0,7,0
9066,1670,4,2.0,1.0,7,0
9067,2320,6,3.0,1.0,7,0
9068,1900,3,2.75,2.0,7,0
9069,2390,3,2.5,2.0,9,1
9070,2110,4,1.75,1.0,8,1
9071,1470,4,1.5,1.0,7,0
9072,2670,4,2.75,2.0,8,1
9073,2540,4,2.5,2.0,8,0
9074,3450,3,2.5,3.0,8,1
9075,1700,3,2.0,1.0,7,0
9076,1810,4,1.5,1.0,7,1
9077,1550,5,1.75,1.0,7,0
9078,4110,3,3.25,2.0,9,1
9079,2080,3,1.5,1.0,7,0
9080,1100,2,1.0,1.0,7,1
9081,3950,4,2.75,2.0,8,1
9082,1250,3,1.0,1.0,7,0
9083,2620,2,1.75,2.0,8,1
9084,2290,3,2.5,3.0,9,1
9085,3500,6,4.5,2.0,7,0
9086,3500,6,4.5,2.0,7,1
9087,1690,5,2.75,1.0,7,0
9088,4500,5,3.25,2.0,8,1
9089,1120,2,1.0,1.0,6,0
9090,1740,4,2.25,2.0,8,0
9091,1010,3,1.0,1.0,7,0
9092,1010,3,1.0,1.0,7,0
9093,1200,3,1.75,1.0,6,0
9094,1020,3,1.0,1.0,7,0
9095,1850,3,1.75,2.5,8,0
9096,1830,3,1.5,1.0,7,1
9097,2070,4,1.0,1.0,7,1
9098,1160,3,1.75,1.0,6,0
9099,3280,4,2.75,2.0,10,1
9100,2340,5,2.5,2.0,10,1
9101,3690,5,3.0,1.0,9,1
9102,720,1,1.0,1.0,6,0
9103,2660,7,1.5,1.5,7,0
9104,4300,5,3.25,2.0,10,1
9105,1590,3,1.5,1.0,7,0
9106,2590,4,2.5,2.0,9,1
9107,1720,3,1.75,1.0,7,0
9108,1790,4,2.5,1.0,8,1
9109,1590,3,1.0,1.0,7,0
9110,1580,4,2.0,1.5,7,1
9111,2580,4,2.25,1.0,9,0
9112,1740,5,1.0,1.0,5,0
9113,3470,5,2.25,1.5,8,1
9114,1180,3,1.0,1.0,7,0
9115,1700,3,1.75,1.5,6,1
9116,1190,2,1.0,1.0,7,1
9117,2450,5,2.5,2.0,8,0
9118,2630,6,2.75,1.0,8,1
9119,2130,3,2.25,2.0,8,1
9120,1060,4,1.0,1.0,6,0
9121,1480,3,1.75,1.5,7,1
9122,1610,3,1.75,1.0,7,0
9123,2440,4,2.75,2.0,8,1
9124,3100,4,3.0,2.0,8,1
9125,2890,4,2.75,1.5,8,1
9126,3240,3,2.5,2.0,10,1
9127,2900,4,2.75,2.0,7,0
9128,2650,4,2.25,1.0,8,1
9129,2560,4,2.5,2.0,8,1
9130,1150,3,1.0,1.5,6,0
9131,1760,3,2.0,1.0,7,0
9132,3220,4,2.5,2.0,10,1
9133,3200,3,2.5,1.0,9,1
9134,1250,3,1.0,1.0,6,0
9135,1000,3,1.0,1.0,6,0
9136,740,2,1.0,1.0,6,0
9137,2170,3,2.25,1.0,8,0
9138,2370,4,2.5,2.0,8,0
9139,2300,4,2.5,2.0,8,0
9140,1400,3,1.75,1.0,7,0
9141,3080,3,2.5,2.0,9,1
9142,2350,4,2.25,2.0,8,1
9143,2660,4,3.0,1.5,8,1
9144,1250,2,1.75,1.0,7,0
9145,1100,3,2.0,1.0,7,0
9146,3330,3,1.75,1.0,8,1
9147,3640,4,3.25,2.0,9,1
9148,1350,2,1.75,2.0,7,0
9149,1310,4,2.0,1.0,7,0
9150,1800,4,2.25,2.0,7,0
9151,1260,2,1.0,1.0,6,0
9152,2990,4,2.5,2.0,9,1
9153,1140,2,1.0,1.0,7,0
9154,2100,3,2.5,2.0,8,0
9155,2400,4,2.0,1.0,7,1
9156,1400,2,1.5,1.0,7,0
9157,2990,4,2.5,2.0,10,1
9158,1930,3,1.75,1.0,8,1
9159,980,3,1.0,1.0,6,0
9160,690,2,1.0,1.0,5,0
9161,1430,4,1.5,1.5,7,1
9162,1110,1,1.0,1.0,6,0
9163,1250,2,2.5,2.0,7,0
9164,3470,4,3.25,2.0,10,1
9165,1500,3,2.25,2.0,7,0
9166,2530,3,2.5,2.5,9,1
9167,2150,5,1.75,1.0,7,0
9168,1260,3,1.75,1.0,7,0
9169,2740,3,2.5,2.0,9,0
9170,960,3,1.0,1.0,5,0
9171,1520,3,1.0,1.0,7,0
9172,1570,3,2.25,1.0,7,0
9173,3240,5,1.0,2.0,9,1
9174,1280,3,1.75,1.5,7,1
9175,2130,3,2.5,3.0,9,1
9176,1970,3,1.75,1.0,8,1
9177,2990,3,2.5,2.0,9,1
9178,1160,2,1.0,1.0,7,0
9179,1890,3,1.75,1.0,7,1
9180,2170,3,2.5,2.0,7,0
9181,1570,4,2.25,1.0,7,0
9182,3260,3,2.5,2.0,9,1
9183,1250,3,2.25,3.0,8,0
9184,1940,4,2.5,1.0,8,0
9185,2150,3,2.5,2.0,8,1
9186,3310,4,2.25,1.0,9,1
9187,3400,3,1.75,1.0,7,0
9188,2660,4,2.5,1.0,8,0
9189,950,3,1.0,1.0,7,0
9190,1480,3,1.5,1.0,7,0
9191,2840,4,2.5,1.0,9,1
9192,3240,5,2.5,1.0,8,1
9193,1961,4,2.5,2.0,7,0
9194,1100,3,1.0,1.0,7,1
9195,1500,3,1.75,1.0,8,1
9196,1480,3,1.75,2.0,7,1
9197,2510,4,2.75,1.0,8,1
9198,1490,4,2.0,1.5,7,1
9199,2190,3,2.25,2.0,8,1
9200,2530,5,2.5,2.0,8,1
9201,2440,4,2.5,1.0,8,1
9202,1040,3,0.75,1.0,6,0
9203,2450,4,2.25,2.0,8,1
9204,2210,4,2.5,1.0,7,1
9205,1050,3,2.0,1.0,7,0
9206,1050,3,2.0,1.0,7,0
9207,2730,4,2.25,2.0,8,1
9208,1620,2,1.0,1.0,8,1
9209,2410,4,2.75,2.0,8,0
9210,3420,4,2.5,2.0,9,1
9211,920,2,1.0,1.0,7,0
9212,2330,4,2.25,1.0,8,1
9213,1940,3,1.75,1.0,7,1
9214,1900,2,2.5,2.0,8,1
9215,3510,4,2.5,1.0,9,1
9216,1860,4,1.75,1.0,8,1
9217,1380,3,1.0,1.0,6,1
9218,2210,6,1.75,1.0,7,0
9219,2640,4,2.5,1.0,8,1
9220,4530,3,2.5,2.0,8,1
9221,1500,3,1.0,1.0,6,0
9222,2010,4,2.25,1.0,8,1
9223,2080,2,1.75,1.0,8,1
9224,5584,4,4.25,2.0,11,1
9225,2080,3,2.5,2.0,7,0
9226,3970,5,4.25,2.0,9,1
9227,770,2,1.0,1.0,6,0
9228,2500,4,2.5,2.0,9,1
9229,2410,3,2.0,1.5,7,1
9230,1340,3,2.5,1.0,7,0
9231,2640,3,2.5,1.0,8,1
9232,2740,4,1.75,1.0,8,1
9233,1580,4,2.75,1.0,7,0
9234,2180,4,1.5,1.0,6,0
9235,1960,3,2.75,1.0,8,1
9236,1560,2,2.25,2.0,8,0
9237,2440,5,2.75,1.0,7,1
9238,990,3,1.5,2.0,8,1
9239,2210,3,2.25,2.0,8,1
9240,3080,3,2.75,2.0,9,1
9241,2900,4,2.75,1.0,9,1
9242,1020,1,1.0,1.0,7,1
9243,1900,4,2.0,1.0,7,0
9244,5770,6,4.75,2.0,12,1
9245,990,2,1.0,1.0,6,0
9246,990,2,1.0,1.0,6,0
9247,2080,3,4.0,3.0,8,1
9248,2080,3,4.0,3.0,8,1
9249,1480,2,1.0,1.0,7,0
9250,1480,2,1.0,1.0,7,1
9251,1090,3,1.0,1.0,7,0
9252,2800,4,2.5,1.0,8,1
9253,1000,2,1.0,1.0,7,0
9254,1640,3,2.5,2.0,7,0
9255,1620,4,1.0,1.5,7,1
9256,2460,3,2.5,1.0,9,1
9257,1860,2,1.5,1.0,7,1
9258,1080,2,1.0,1.0,8,0
9259,1980,3,1.75,1.0,7,0
9260,1510,3,1.75,1.0,7,1
9261,1690,3,2.5,2.0,7,0
9262,1010,2,1.5,2.0,7,0
9263,2090,3,2.5,2.0,8,0
9264,1060,2,1.0,1.0,7,1
9265,1750,3,1.75,2.0,7,1
9266,890,2,1.0,1.0,7,1
9267,3020,5,2.5,1.0,8,0
9268,2030,3,2.5,1.0,9,1
9269,3170,4,2.5,2.0,9,1
9270,2470,5,2.75,1.0,8,0
9271,2060,4,2.0,1.0,7,1
9272,2120,4,1.75,1.0,7,1
9273,2180,3,2.25,1.5,8,1
9274,2300,4,3.0,2.0,7,0
9275,4200,4,2.5,2.0,11,1
9276,1480,3,2.25,1.0,7,0
9277,2240,3,1.5,1.5,7,0
9278,2740,4,1.5,1.0,8,1
9279,1830,5,1.75,1.5,6,1
9280,2000,4,3.0,1.5,7,1
9281,1380,3,1.75,1.0,7,0
9282,1620,3,1.75,2.0,7,0
9283,3180,4,3.0,2.0,9,1
9284,1140,2,1.5,1.0,6,1
9285,970,3,1.0,1.0,6,0
9286,1780,3,2.5,2.0,7,0
9287,2240,3,1.75,1.0,7,0
9288,2810,4,2.25,2.0,8,1
9289,920,2,1.0,1.0,7,1
9290,1830,3,1.75,1.0,7,0
9291,1560,2,1.75,1.0,8,0
9292,5540,4,4.25,2.0,11,1
9293,2310,3,2.0,1.0,10,1
9294,1470,4,1.5,1.5,7,1
9295,3430,4,2.5,1.5,10,1
9296,2900,5,2.5,2.0,9,1
9297,1850,3,1.75,1.0,8,0
9298,2190,4,2.5,2.0,8,0
9299,2510,4,2.25,2.0,9,1
9300,3200,4,3.25,2.0,9,1
9301,1670,4,1.75,1.0,8,0
9302,1010,3,1.75,1.0,7,0
9303,5050,4,4.0,2.0,10,1
9304,1430,2,1.5,1.0,7,0
9305,1880,3,2.25,1.0,7,0
9306,2180,4,2.75,2.0,8,1
9307,1830,3,2.25,2.0,7,0
9308,970,2,1.0,1.0,6,0
9309,1170,2,1.5,1.0,6,0
9310,1010,2,1.0,1.0,7,1
9311,2140,3,2.5,1.0,8,0
9312,2230,3,1.75,1.0,8,0
9313,1140,2,1.0,1.5,6,1
9314,860,2,1.0,1.0,6,0
9315,2540,6,1.75,1.0,8,0
9316,2420,4,2.5,1.5,7,1
9317,1640,2,2.25,2.0,8,0
9318,2550,4,2.25,2.0,9,1
9319,2507,3,2.5,2.0,8,1
9320,1920,3,2.5,2.0,8,0
9321,2210,4,1.75,1.0,8,0
9322,3530,4,4.0,2.0,8,1
9323,1100,2,1.0,1.5,6,0
9324,3390,4,1.0,1.5,8,1
9325,1590,3,1.5,1.0,7,0
9326,820,2,1.0,1.0,7,0
9327,2370,4,2.5,1.0,8,1
9328,1600,4,2.0,1.0,7,0
9329,1740,4,1.75,1.5,8,0
9330,1470,3,2.25,2.0,8,1
9331,1410,3,3.25,3.0,8,0
9332,1620,4,2.5,2.0,7,1
9333,2360,3,2.5,2.0,7,1
9334,1830,3,1.0,1.0,7,1
9335,2130,5,2.0,1.5,7,1
9336,990,2,1.0,1.0,6,0
9337,1010,2,1.0,2.0,6,0
9338,1720,3,1.0,1.0,7,1
9339,1630,3,1.0,1.5,8,1
9340,1310,4,1.5,1.0,7,0
9341,1610,3,1.5,1.0,6,0
9342,1850,3,2.0,1.0,7,0
9343,1270,3,1.75,1.5,6,0
9344,1420,4,1.5,1.5,7,0
9345,5220,5,4.5,2.0,11,1
9346,1410,2,1.0,1.0,7,1
9347,1170,2,1.5,3.0,8,0
9348,1860,3,2.5,2.0,8,1
9349,1620,4,1.0,1.5,7,0
9350,1280,3,3.0,3.0,8,1
9351,2750,4,2.5,2.0,10,1
9352,1420,3,1.75,1.0,5,0
9353,2000,4,1.75,1.0,7,0
9354,1100,2,1.0,1.0,7,0
9355,1720,3,3.0,1.0,7,1
9356,1240,3,1.5,1.0,7,0
9357,2170,3,1.75,1.0,7,1
9358,1800,2,1.0,1.0,6,0
9359,1160,3,1.0,1.0,7,0
9360,3030,3,2.5,2.0,10,1
9361,890,3,1.0,1.0,7,0
9362,2150,4,2.5,1.0,7,0
9363,2150,4,2.5,1.0,7,0
9364,2060,3,2.5,2.0,8,1
9365,1380,3,1.5,1.0,7,0
9366,1800,4,2.25,1.0,7,1
9367,1460,2,1.0,1.0,6,0
9368,2210,3,2.0,1.5,7,1
9369,3590,4,3.0,2.0,10,1
9370,1140,3,1.0,1.0,6,0
9371,1240,3,1.0,1.5,7,1
9372,4340,4,2.5,2.5,11,1
9373,1570,3,1.5,2.0,8,1
9374,1680,3,2.5,2.0,7,0
9375,1560,3,1.75,1.0,6,0
9376,1200,1,1.5,1.5,7,0
9377,1690,3,2.5,2.0,7,0
9378,2310,4,2.0,1.0,7,0
9379,2650,4,3.5,2.0,9,1
9380,3610,5,3.0,2.0,8,1
9381,2620,4,3.0,2.0,8,1
9382,1760,3,2.25,1.0,7,0
9383,940,3,1.0,1.5,7,0
9384,4830,5,4.25,2.5,11,1
9385,3350,4,2.75,2.0,9,1
9386,1570,3,2.25,2.0,8,0
9387,2240,3,2.0,1.0,7,0
9388,1950,4,2.0,1.0,7,1
9389,1010,2,1.0,1.0,6,0
9390,1630,3,1.5,1.0,8,0
9391,1420,3,1.75,1.0,7,0
9392,3950,5,3.25,1.0,10,1
9393,1210,3,1.0,1.0,6,0
9394,1890,3,1.75,1.0,7,0
9395,1690,4,2.5,1.5,7,1
9396,2560,4,2.0,1.0,7,0
9397,1350,3,1.5,1.0,7,0
9398,3120,4,2.75,2.0,9,1
9399,1140,2,1.0,1.0,7,0
9400,2230,4,1.5,1.0,7,0
9401,1050,2,1.0,1.0,6,0
9402,4180,5,3.25,2.0,8,1
9403,1200,3,2.0,1.0,7,0
9404,3320,5,2.25,2.0,9,1
9405,1590,3,2.5,2.0,7,0
9406,2750,3,2.5,2.0,9,0
9407,1530,3,1.5,1.0,8,0
9408,1570,3,1.75,1.0,7,1
9409,1470,3,1.0,1.0,7,0
9410,1470,3,1.0,1.0,7,1
9411,3150,4,3.0,2.0,9,1
9412,2380,4,2.5,2.0,8,0
9413,2000,2,2.5,3.0,8,1
9414,1140,2,1.0,1.0,7,0
9415,1340,3,1.0,1.0,7,0
9416,1450,2,1.0,1.0,7,0
9417,2020,3,2.5,2.0,7,0
9418,1810,3,2.25,2.0,7,0
9419,3600,4,3.0,2.0,9,1
9420,1260,3,2.0,2.0,7,0
9421,1560,3,2.0,3.0,8,1
9422,4020,8,4.0,1.0,8,1
9423,3150,4,3.0,2.0,9,1
9424,1680,4,2.5,2.0,7,0
9425,1320,2,1.0,1.0,7,0
9426,2700,3,3.0,2.0,9,0
9427,1080,1,1.0,1.5,7,0
9428,3130,4,2.25,2.0,9,1
9429,4850,5,4.5,2.0,10,1
9430,1220,4,1.0,1.5,6,0
9431,1780,3,2.25,2.0,8,1
9432,1250,3,1.0,1.0,7,0
9433,1780,2,2.5,3.0,8,0
9434,1930,4,2.5,1.0,7,0
9435,2470,4,2.5,1.0,7,0
9436,1180,2,1.0,1.0,7,1
9437,2270,3,1.0,1.0,7,1
9438,1770,4,2.5,2.0,7,0
9439,2250,4,1.75,1.0,8,0
9440,1540,3,2.5,1.0,7,0
9441,820,2,1.0,1.0,6,0
9442,1580,2,2.0,1.0,8,1
9443,2430,4,2.5,1.0,7,1
9444,2160,5,1.5,1.5,8,1
9445,1770,3,1.75,1.0,8,0
9446,3580,3,3.5,1.5,9,1
9447,1890,3,2.25,1.0,7,0
9448,1910,3,3.0,1.5,9,1
9449,910,2,1.0,1.0,6,0
9450,1460,3,2.25,1.0,7,1
9451,3310,3,3.5,2.0,9,1
9452,1630,3,1.5,1.0,7,0
9453,2130,2,2.5,1.0,8,1
9454,1220,3,2.5,3.0,8,1
9455,1670,4,1.75,1.0,7,0
9456,1300,4,1.5,1.5,7,0
9457,3220,4,2.5,1.0,10,1
9458,2430,4,2.5,1.0,8,1
9459,2240,5,2.25,2.0,7,0
9460,2240,5,2.25,2.0,7,0
9461,790,2,1.5,2.0,8,0
9462,1380,3,1.0,1.0,7,0
9463,1680,4,1.5,2.0,7,1
9464,2000,4,2.25,2.0,7,0
9465,1680,2,1.0,1.0,7,0
9466,1960,3,2.5,2.0,7,0
9467,2590,3,1.75,1.0,8,1
9468,3790,4,3.5,2.5,9,1
9469,2370,3,2.5,3.0,8,1
9470,1930,4,2.25,1.0,8,0
9471,2580,6,3.5,1.0,8,1
9472,890,2,0.75,1.0,6,0
9473,2160,4,2.75,1.0,7,0
9474,1970,4,2.5,2.0,7,0
9475,1570,4,1.75,1.0,7,1
9476,1480,2,1.5,1.0,7,0
9477,1480,2,1.5,1.0,7,1
9478,1430,4,1.75,1.0,6,0
9479,2720,4,2.25,1.0,8,1
9480,2420,3,2.25,1.0,8,0
9481,1400,3,2.5,1.0,7,0
9482,5844,4,3.5,2.0,11,1
9483,1840,4,1.75,1.0,7,0
9484,2530,3,2.25,2.0,8,0
9485,2810,4,2.75,1.0,9,1
9486,1020,3,1.0,1.0,7,0
9487,2550,5,2.75,1.0,8,1
9488,710,1,1.0,1.0,6,0
9489,5530,5,3.0,1.5,10,1
9490,2150,4,1.75,1.0,7,1
9491,880,2,1.5,1.5,7,1
9492,1630,3,1.75,1.0,8,1
9493,1380,3,1.0,2.0,8,0
9494,2800,4,2.25,1.0,8,1
9495,2070,4,2.25,2.0,8,0
9496,830,2,1.0,1.0,6,0
9497,2770,3,2.25,2.0,10,1
9498,2060,4,2.5,1.0,8,1
9499,1490,3,2.0,1.0,7,0
9500,2120,4,2.25,2.0,8,0
9501,2810,4,2.5,2.0,9,1
9502,2400,4,2.25,2.0,7,0
9503,2460,3,2.5,2.0,8,0
9504,2030,3,1.75,1.0,8,0
9505,880,3,1.0,1.0,6,0
9506,1320,3,2.0,1.5,7,0
9507,2160,4,2.5,1.0,7,0
9508,4190,4,3.5,2.0,11,1
9509,2280,4,2.0,1.0,7,1
9510,2590,5,2.75,2.0,8,1
9511,2770,4,2.25,2.0,9,1
9512,2145,3,1.75,1.5,8,1
9513,4480,4,4.25,2.0,7,1
9514,1780,4,2.5,2.0,7,0
9515,720,1,1.0,1.0,6,0
9516,2050,4,2.25,2.0,7,0
9517,2040,3,1.0,1.0,8,1
9518,920,2,1.0,1.0,6,0
9519,680,2,1.0,1.0,5,0
9520,1940,3,2.5,2.0,8,1
9521,2230,4,2.75,1.0,8,0
9522,2910,5,2.25,1.0,8,1
9523,5270,5,3.25,2.0,10,1
9524,2820,5,3.25,1.5,7,0
9525,1790,2,1.0,1.5,8,1
9526,2920,5,3.25,2.0,9,1
9527,840,2,1.0,1.0,7,0
9528,1820,3,1.75,1.0,8,0
9529,1550,3,1.75,1.0,7,1
9530,1270,2,1.0,1.0,6,0
9531,2460,4,1.75,1.5,7,1
9532,2110,3,2.0,1.0,6,1
9533,920,1,1.0,1.5,6,1
9534,1500,3,1.5,1.0,7,0
9535,1440,2,2.0,1.0,8,1
9536,1610,3,1.75,1.5,7,1
9537,1970,3,1.75,1.0,8,0
9538,1150,3,1.0,1.0,7,0
9539,2110,2,2.5,1.0,8,0
9540,3580,3,2.5,1.5,9,1
9541,1000,3,1.0,1.0,7,0
9542,1680,5,1.0,1.0,7,0
9543,3950,4,3.25,2.0,10,1
9544,2390,3,1.75,1.0,8,0
9545,1820,2,1.5,1.0,7,1
9546,1100,3,1.0,1.0,7,0
9547,2280,6,4.0,1.0,7,0
9548,2530,4,3.0,1.5,7,1
9549,1940,3,2.5,1.0,8,1
9550,1360,3,2.0,1.0,7,0
9551,1660,3,2.5,2.0,7,0
9552,800,2,1.0,1.0,7,0
9553,2670,3,2.5,1.0,10,1
9554,1720,3,2.5,2.0,7,0
9555,3550,4,2.5,2.0,9,1
9556,1370,3,1.75,1.0,7,1
9557,2820,5,2.5,2.0,8,1
9558,1620,3,1.5,1.0,8,1
9559,1290,2,2.0,1.0,7,0
9560,1830,3,1.0,1.0,7,0
9561,2040,4,2.5,2.0,8,0
9562,1850,4,2.5,2.0,7,1
9563,1300,2,1.0,1.0,8,1
9564,1620,4,2.0,1.5,7,0
9565,1560,3,1.75,1.0,7,0
9566,2600,3,2.5,1.0,9,1
9567,2010,3,1.0,1.0,7,0
9568,780,2,1.0,1.0,6,0
9569,1982,4,2.5,2.0,8,0
9570,1500,3,1.0,1.0,6,0
9571,2460,5,2.25,1.0,8,1
9572,2680,4,2.5,1.0,8,1
9573,5860,4,4.25,2.0,10,1
9574,1720,4,1.75,1.0,7,0
9575,1420,3,1.0,1.5,6,0
9576,1760,3,2.5,3.0,8,1
9577,2790,3,2.5,2.0,9,0
9578,2360,3,2.0,2.0,9,1
9579,1890,5,2.0,2.0,7,0
9580,3810,6,3.75,2.0,8,1
9581,1160,2,1.0,1.0,7,0
9582,2320,3,1.75,1.0,8,1
9583,3280,6,2.75,1.0,7,1
9584,980,3,1.0,1.0,6,0
9585,1640,3,2.0,1.0,7,0
9586,2060,4,2.25,1.0,8,1
9587,1500,3,2.5,2.0,7,0
9588,2360,4,2.0,1.0,7,1
9589,1940,4,1.5,1.0,7,0
9590,1280,3,1.0,1.0,7,1
9591,3630,4,3.5,2.0,10,1
9592,1820,3,2.5,2.0,9,1
9593,960,2,1.5,2.0,7,0
9594,1630,3,1.75,1.0,7,1
9595,1940,4,2.25,1.0,7,0
9596,980,3,1.0,1.0,7,0
9597,3140,4,2.5,1.0,9,1
9598,2880,4,2.75,1.5,9,1
9599,1650,4,2.0,1.0,7,0
9600,1980,3,1.75,2.0,8,0
9601,860,3,1.0,1.0,6,0
9602,1430,3,1.0,1.5,7,0
9603,1260,3,1.75,1.0,6,0
9604,960,3,1.0,1.0,7,0
9605,2060,3,2.5,2.0,8,0
9606,1430,4,1.5,1.5,9,1
9607,1670,3,2.25,2.0,8,1
9608,880,2,1.0,1.0,7,0
9609,1300,3,1.5,1.0,7,0
9610,2380,3,2.5,1.5,9,0
9611,520,2,0.75,1.0,4,0
9612,2680,3,2.5,2.0,9,1
9613,2140,3,2.5,1.0,8,1
9614,1820,4,2.5,2.0,7,0
9615,1820,4,2.25,1.5,7,0
9616,1050,2,1.0,1.0,7,0
9617,2100,3,2.5,2.0,8,1
9618,2210,3,2.5,2.0,8,0
9619,860,2,1.0,1.0,6,0
9620,870,2,1.0,1.0,7,0
9621,2570,4,2.25,2.0,8,1
9622,2980,5,1.75,1.0,9,1
9623,2360,4,2.25,2.0,8,0
9624,2310,4,2.25,2.0,9,1
9625,2300,3,2.5,2.0,8,0
9626,2810,4,2.75,2.0,10,1
9627,2040,4,1.5,1.0,7,0
9628,3290,3,2.25,2.0,9,1
9629,2960,7,4.0,2.0,9,1
9630,2670,3,2.5,2.0,9,1
9631,2530,4,2.5,2.0,8,0
9632,1720,3,1.75,1.0,8,1
9633,3090,3,3.5,2.0,9,1
9634,3930,4,2.5,2.0,11,1
9635,1120,3,1.0,1.0,7,0
9636,3960,4,2.25,2.0,9,1
9637,4060,4,3.25,2.0,10,1
9638,2350,3,2.5,1.0,9,1
9639,2380,4,2.5,2.0,7,0
9640,1480,3,1.75,1.0,7,1
9641,2930,3,2.5,2.0,10,1
9642,1290,3,1.5,1.0,6,0
9643,2730,2,2.5,2.0,9,1
9644,1290,3,1.0,1.0,6,0
9645,2170,4,2.5,2.0,8,1
9646,1850,4,1.75,1.0,7,0
9647,2110,4,2.5,1.0,8,1
9648,960,2,1.0,1.0,7,0
9649,3910,3,4.0,2.0,10,1
9650,2590,4,2.5,2.0,8,1
9651,3080,5,2.75,2.0,9,1
9652,1630,3,1.0,1.0,7,0
9653,910,2,1.0,1.0,6,0
9654,2780,3,2.5,1.5,8,1
9655,3880,5,3.0,2.0,7,0
9656,1360,3,1.75,1.0,7,0
9657,2560,4,2.25,1.0,7,0
9658,2600,4,2.5,2.0,8,1
9659,1220,3,2.25,1.0,7,0
9660,1560,3,2.0,1.0,7,0
9661,2080,4,2.5,2.0,8,1
9662,1490,3,1.5,1.0,6,0
9663,2020,4,2.75,1.0,8,1
9664,1530,3,1.5,1.0,8,1
9665,3450,4,2.5,1.5,9,1
9666,1400,3,2.25,1.0,7,0
9667,1730,2,1.0,1.0,7,0
9668,1370,3,1.0,1.0,7,0
9669,1050,2,1.5,2.0,8,0
9670,2840,5,1.75,1.0,7,1
9671,1010,2,1.0,1.0,7,0
9672,1210,2,1.0,1.5,6,0
9673,1720,5,1.75,1.0,8,0
9674,2710,3,2.0,2.0,6,0
9675,3110,4,2.5,2.0,9,1
9676,1250,2,1.0,1.0,7,0
9677,1900,3,1.75,2.0,7,0
9678,1740,3,1.75,1.0,8,0
9679,2070,4,2.5,2.0,8,0
9680,3030,3,3.25,2.0,9,1
9681,3610,4,3.0,2.0,10,1
9682,1520,3,1.5,1.0,7,0
9683,2780,3,2.75,3.0,10,1
9684,5545,4,4.0,2.0,11,1
9685,2590,3,1.75,1.0,8,1
9686,1150,4,1.0,1.5,7,1
9687,920,2,1.0,1.0,7,0
9688,2110,3,2.5,2.0,9,1
9689,1170,3,1.75,1.0,7,0
9690,1900,6,2.0,1.0,7,0
9691,1900,6,2.0,1.0,7,1
9692,3290,4,2.5,2.0,9,1
9693,2660,4,2.5,2.0,9,1
9694,2160,3,2.5,2.0,8,1
9695,2700,4,2.75,2.0,8,1
9696,1980,3,2.5,2.0,8,0
9697,2600,4,2.25,1.0,7,0
9698,1280,3,1.0,1.0,6,0
9699,1710,3,1.5,1.0,7,1
9700,1270,4,1.75,1.0,7,0
9701,1890,3,2.25,1.0,7,0
9702,3440,7,4.0,2.0,7,1
9703,1190,3,1.0,1.0,7,0
9704,1030,2,1.0,1.0,7,0
9705,1240,3,1.75,1.0,7,0
9706,1730,3,1.0,1.0,7,0
9707,4610,4,3.5,2.0,11,1
9708,1590,5,1.0,1.5,7,1
9709,1760,3,2.5,2.0,8,1
9710,1330,3,2.0,1.0,7,0
9711,2340,4,2.5,2.0,8,0
9712,3740,3,2.25,2.0,8,1
9713,1150,3,1.75,1.0,7,1
9714,1750,3,2.5,2.0,7,0
9715,3890,3,2.75,2.0,8,1
9716,1770,4,2.5,2.0,7,0
9717,1160,3,1.0,1.5,7,0
9718,1440,3,1.0,1.5,7,1
9719,2600,4,2.0,1.0,8,1
9720,2640,3,3.25,1.0,8,1
9721,1010,2,1.0,1.5,7,1
9722,1840,3,2.0,1.0,8,0
9723,1720,4,1.75,1.0,7,0
9724,1280,3,1.5,1.0,7,0
9725,1700,4,1.75,1.0,7,0
9726,1980,4,2.5,2.0,8,0
9727,1160,3,2.0,1.0,7,0
9728,1980,4,1.75,1.0,7,0
9729,1960,3,2.5,2.0,8,1
9730,1270,3,1.5,1.0,7,0
9731,2060,3,2.25,1.0,8,0
9732,1980,3,1.75,1.0,7,0
9733,1450,3,2.5,1.0,8,0
9734,1200,3,1.5,1.0,7,0
9735,1830,3,1.75,1.0,8,0
9736,2090,3,2.0,1.5,7,1
9737,1510,3,1.75,1.0,7,0
9738,1310,3,2.25,3.0,8,1
9739,3790,4,2.75,2.0,10,1
9740,2240,3,2.25,1.0,8,1
9741,2740,4,3.25,2.0,9,1
9742,1660,3,2.5,2.0,7,0
9743,1480,3,1.0,1.0,7,0
9744,2640,3,2.75,1.5,8,1
9745,1900,6,2.0,1.0,7,0
9746,2860,3,2.0,1.0,9,0
9747,3440,4,3.5,2.0,8,1
9748,1640,3,1.75,1.0,8,1
9749,1450,3,1.0,1.5,7,0
9750,2300,3,2.5,2.0,8,1
9751,1460,3,1.5,1.0,7,0
9752,1570,3,2.0,1.0,8,0
9753,1540,3,2.0,1.5,6,0
9754,3300,6,3.0,2.0,8,1
9755,2130,4,2.25,2.0,9,1
9756,1010,3,1.0,1.0,7,0
9757,2420,4,3.0,1.0,9,1
9758,3870,3,3.25,2.0,10,1
9759,1960,2,1.5,1.0,8,1
9760,1170,3,1.0,1.0,6,0
9761,1890,3,1.5,1.0,7,0
9762,2250,3,2.5,2.0,9,1
9763,750,2,0.75,1.0,4,0
9764,1610,3,1.75,1.0,7,0
9765,2590,4,2.25,2.0,8,1
9766,2520,3,2.5,2.0,9,1
9767,1340,4,1.0,1.0,7,0
9768,1460,3,2.25,3.0,8,0
9769,1380,3,1.75,1.0,7,0
9770,1510,3,1.75,1.0,8,1
9771,2510,5,2.5,1.0,7,1
9772,910,3,1.0,1.0,7,0
9773,1970,3,2.5,2.0,7,0
9774,1540,3,1.75,1.0,7,0
9775,1980,4,2.5,2.0,7,0
9776,3150,4,2.75,1.0,10,1
9777,4700,4,2.5,2.0,10,1
9778,2300,3,2.25,1.0,8,1
9779,1880,4,2.25,2.0,8,1
9780,2640,4,2.75,2.0,7,1
9781,3900,6,4.5,2.0,8,1
9782,2670,4,2.25,1.0,8,0
9783,1840,4,1.75,1.0,7,1
9784,1120,3,1.0,1.0,6,0
9785,2970,4,2.5,2.0,10,1
9786,1410,3,2.25,1.0,6,1
9787,3060,4,2.5,2.0,9,1
9788,2490,3,1.75,1.0,7,1
9789,840,1,0.75,1.5,6,0
9790,840,1,0.75,1.5,6,0
9791,1130,2,1.0,1.0,7,1
9792,1850,4,1.75,1.0,6,0
9793,2330,4,2.75,1.0,7,0
9794,1880,4,2.5,2.0,7,0
9795,2980,4,3.5,2.0,9,1
9796,1440,4,1.0,1.0,7,0
9797,1630,3,1.75,1.0,7,0
9798,1778,3,2.5,2.0,7,0
9799,1930,3,2.5,2.0,8,0
9800,1130,2,0.75,1.0,7,0
9801,1650,2,1.75,1.0,7,1
9802,820,2,1.0,1.0,7,1
9803,2900,5,2.5,1.0,7,0
9804,2330,4,1.75,1.0,7,1
9805,4440,4,3.5,2.0,10,1
9806,1660,3,2.0,2.0,8,1
9807,3020,4,2.5,2.0,9,1
9808,1850,4,2.5,1.0,8,1
9809,5960,6,3.75,2.0,10,1
9810,960,3,1.0,1.0,6,0
9811,1150,4,1.0,1.5,6,0
9812,2130,4,2.5,1.0,7,1
9813,2460,4,2.25,2.0,8,1
9814,2360,3,2.25,1.0,9,0
9815,1320,2,2.25,3.0,7,0
9816,1910,5,2.0,1.0,7,1
9817,1610,2,2.0,2.0,8,0
9818,1610,4,1.0,1.0,7,0
9819,1160,3,1.0,1.0,7,1
9820,2870,4,2.25,1.0,8,1
9821,2280,4,2.5,2.0,8,1
9822,1370,2,2.0,2.0,8,0
9823,2970,5,3.0,2.0,9,1
9824,1460,3,1.75,2.0,8,1
9825,1570,3,3.5,2.5,8,1
9826,2880,4,3.0,2.0,9,1
9827,1900,5,2.5,1.0,7,0
9828,2020,3,1.75,1.0,8,0
9829,3110,4,2.5,2.0,10,1
9830,2390,4,2.5,2.0,9,0
9831,2150,3,2.5,2.0,8,0
9832,1340,3,1.75,1.0,7,1
9833,1990,3,2.5,2.0,7,0
9834,1600,2,2.0,1.0,7,1
9835,2680,3,2.5,2.0,9,1
9836,2080,3,2.5,2.0,8,0
9837,1340,3,3.25,2.0,7,0
9838,2590,3,2.0,1.5,7,1
9839,1240,2,1.75,1.5,7,1
9840,1310,3,1.0,1.0,7,0
9841,2530,4,2.25,1.0,8,1
9842,1780,4,2.5,2.0,7,0
9843,1600,3,2.0,1.0,7,0
9844,1570,3,1.75,1.0,7,0
9845,1570,3,1.75,1.0,7,0
9846,1650,3,1.75,1.0,7,0
9847,2920,4,2.25,2.0,9,1
9848,870,2,1.0,1.0,6,1
9849,2830,4,2.5,2.0,9,1
9850,980,2,1.0,1.0,7,0
9851,990,2,1.0,1.0,7,0
9852,2360,4,2.5,1.0,8,0
9853,1000,2,1.0,1.0,7,1
9854,1660,3,1.5,1.0,7,0
9855,1520,3,1.75,1.0,7,1
9856,1180,1,1.0,1.5,8,1
9857,1770,3,1.75,2.0,7,1
9858,980,2,1.0,1.0,6,0
9859,1840,3,1.0,1.0,7,0
9860,1810,3,2.5,1.0,7,0
9861,1780,3,2.5,2.0,8,1
9862,2840,4,2.75,3.0,9,1
9863,2650,4,2.5,2.0,9,0
9864,1270,3,1.5,2.0,7,0
9865,1260,3,1.75,1.0,7,0
9866,1750,3,2.0,1.0,7,1
9867,2680,5,2.25,1.0,8,1
9868,3830,4,3.25,2.0,9,1
9869,1610,3,2.0,2.0,8,1
9870,3840,3,4.25,2.0,10,1
9871,2670,5,2.75,2.0,7,1
9872,2000,3,2.5,2.0,7,0
9873,860,2,1.0,1.0,7,0
9874,1420,3,1.75,1.0,7,0
9875,2060,4,2.0,1.0,8,0
9876,2790,4,2.5,2.0,8,1
9877,1410,4,1.0,1.5,7,1
9878,2420,4,3.0,2.0,7,0
9879,1460,3,2.5,3.0,8,0
9880,2460,5,1.75,1.0,7,0
9881,1000,2,1.0,1.0,6,0
9882,4420,5,4.0,2.0,10,1
9883,1240,3,1.0,1.0,6,0
9884,1740,3,2.5,2.0,9,1
9885,1280,2,1.0,1.0,7,1
9886,2520,4,2.5,2.0,8,1
9887,1500,3,3.5,3.0,7,0
9888,2490,3,2.75,2.0,8,1
9889,1530,4,1.0,1.0,7,0
9890,1740,4,2.25,1.0,8,0
9891,3550,3,2.5,2.0,9,1
9892,1280,2,1.0,1.0,7,1
9893,2320,4,2.25,2.0,8,1
9894,1140,2,1.0,1.0,5,0
9895,3930,4,3.5,2.0,9,1
9896,2370,3,2.5,1.0,7,1
9897,2340,3,1.75,1.0,7,1
9898,1240,3,1.5,1.0,7,0
9899,2740,4,2.5,2.0,9,1
9900,1940,4,2.25,1.0,7,1
9901,2950,3,2.5,1.5,10,1
9902,1980,4,2.75,1.0,7,1
9903,2850,4,2.0,1.0,10,1
9904,1160,3,1.0,1.0,7,0
9905,2130,3,2.0,1.0,8,0
9906,2420,5,2.5,1.0,7,0
9907,2820,6,2.5,1.0,8,1
9908,3710,5,3.25,2.0,8,1
9909,1770,3,2.25,2.0,7,0
9910,1260,3,2.0,1.0,7,1
9911,2330,2,1.75,1.0,7,1
9912,2490,4,2.75,1.5,7,1
9913,4090,6,3.75,2.0,9,1
9914,2800,4,2.5,2.0,8,1
9915,2440,4,3.0,2.0,8,1
9916,2540,4,3.0,1.0,9,0
9917,1600,3,2.5,2.0,7,0
9918,2680,4,2.75,1.0,7,0
9919,1220,3,1.5,1.0,7,0
9920,1550,3,1.75,1.5,7,1
9921,2080,3,2.0,1.0,7,1
9922,5000,5,5.0,2.0,10,1
9923,630,1,1.0,1.0,5,0
9924,1070,3,1.0,1.0,6,0
9925,1900,2,1.75,1.0,7,1
9926,2960,3,2.5,2.0,8,1
9927,1490,3,2.0,2.0,6,0
9928,1500,3,1.5,1.0,7,0
9929,2410,4,2.5,2.0,7,0
9930,2000,3,1.0,1.0,7,1
9931,1140,3,1.5,1.0,7,0
9932,1120,3,1.0,1.0,7,0
9933,2900,3,2.25,2.0,9,1
9934,3220,4,2.25,2.0,8,0
9935,2500,5,2.75,1.0,8,1
9936,1610,3,2.25,1.0,7,0
9937,2250,4,2.75,1.5,8,1
9938,1240,1,2.0,2.0,6,0
9939,1660,2,2.25,2.0,7,0
9940,2080,3,1.75,1.0,7,1
9941,1880,3,2.25,2.0,8,0
9942,1050,4,1.5,1.0,7,0
9943,1480,3,1.75,1.0,7,0
9944,2420,4,2.5,2.0,7,1
9945,2190,4,2.5,1.0,7,0
9946,2660,4,2.5,2.0,9,1
9947,2430,3,2.5,2.0,7,0
9948,770,2,1.0,1.0,7,1
9949,3060,3,1.0,1.0,8,1
9950,2920,4,2.75,2.0,9,1
9951,1370,3,1.0,1.0,7,1
9952,1870,3,2.5,2.0,8,0
9953,1800,4,2.0,1.5,7,1
9954,2100,5,3.0,1.0,7,0
9955,2530,5,2.25,2.0,7,1
9956,3290,4,2.5,2.0,9,1
9957,1890,4,2.5,2.0,7,0
9958,1680,3,1.75,1.0,7,1
9959,2170,3,2.5,2.0,8,0
9960,1200,3,1.75,1.0,7,0
9961,2990,4,2.5,2.0,8,1
9962,3770,4,2.75,2.0,9,1
9963,1020,2,1.0,1.0,7,0
9964,1700,3,1.5,1.0,7,0
9965,1550,4,1.0,1.5,7,1
9966,1680,3,1.75,1.0,8,1
9967,1680,3,2.25,2.0,7,0
9968,1910,4,2.5,1.0,8,1
9969,3160,5,3.25,1.0,7,1
9970,2020,3,1.5,1.0,6,1
9971,3210,4,3.75,2.0,8,1
9972,2350,3,2.25,1.0,7,1
9973,1910,4,2.5,2.0,8,0
9974,840,2,1.0,1.0,5,0
9975,2620,4,2.25,1.0,9,1
9976,1220,4,1.5,1.0,7,0
9977,1060,3,1.0,1.0,6,0
9978,2200,4,2.5,1.0,8,1
9979,2120,2,1.75,1.0,6,1
9980,1250,3,1.0,1.0,7,0
9981,1440,3,1.75,1.0,7,1
9982,1890,4,2.25,1.0,8,1
9983,1140,3,1.0,1.0,7,0
9984,2840,5,3.0,1.0,7,0
9985,1880,6,3.0,1.0,7,0
9986,750,2,1.0,1.0,6,0
9987,1630,3,1.75,1.0,7,0
9988,1720,5,1.5,1.0,7,0
9989,1600,3,2.5,3.0,8,1
9990,1230,3,2.25,1.5,7,0
9991,1610,3,1.5,1.0,7,0
9992,1320,4,2.5,1.0,7,1
9993,2180,6,3.0,2.0,7,0
9994,2190,4,2.25,2.0,8,1
9995,1490,3,1.0,1.5,7,1
9996,1463,3,2.0,3.0,7,0
9997,1800,3,2.5,2.0,8,1
9998,2880,4,2.75,1.5,9,1
9999,1250,3,1.75,1.0,7,1
10000,1670,3,2.75,3.0,9,1
10001,2000,4,1.75,1.0,7,0
10002,2280,4,1.75,1.5,7,1
10003,2110,4,2.5,2.0,9,1
10004,2520,4,2.5,1.0,8,1
10005,1590,3,1.0,1.0,7,1
10006,2100,5,2.5,1.0,8,0
10007,2090,4,2.75,1.0,6,0
10008,3390,4,2.5,2.0,10,1
10009,790,2,1.0,1.0,6,0
10010,1970,3,2.5,2.0,7,0
10011,2870,4,2.5,2.0,8,1
10012,1110,2,1.0,1.0,7,1
10013,1940,3,2.75,2.0,8,0
10014,720,2,1.0,1.0,6,0
10015,710,2,1.0,1.0,6,0
10016,1370,3,2.0,1.0,7,0
10017,2690,4,2.5,2.0,9,0
10018,3360,4,2.25,2.0,9,1
10019,1500,4,2.0,1.5,7,0
10020,2600,2,2.5,1.0,8,1
10021,1160,3,1.75,1.0,7,0
10022,1430,2,1.0,1.5,7,1
10023,1870,3,1.0,1.0,8,0
10024,2560,4,2.0,1.0,8,1
10025,1160,3,1.0,1.0,7,0
10026,1680,2,1.75,1.0,8,1
10027,2010,4,2.5,1.0,8,1
10028,2540,4,2.5,2.0,9,1
10029,3240,4,2.5,2.0,8,1
10030,2670,3,2.5,2.0,9,0
10031,1080,3,2.0,1.0,7,0
10032,1430,3,1.0,1.0,7,1
10033,1290,2,2.25,2.0,7,0
10034,1240,4,1.5,1.0,7,0
10035,1840,3,1.75,1.0,7,0
10036,1120,3,1.0,1.0,7,0
10037,2100,3,3.5,2.0,9,0
10038,2030,4,1.75,1.0,8,0
10039,2030,4,2.25,2.0,8,1
10040,890,2,1.0,1.0,7,1
10041,1750,3,1.75,1.0,7,1
10042,1300,3,1.0,1.0,7,0
10043,2650,4,2.5,2.0,11,1
10044,1750,3,1.75,1.0,7,0
10045,1440,3,3.0,3.5,8,0
10046,1700,3,2.75,1.0,7,1
10047,3920,4,2.5,2.0,10,1
10048,1470,3,2.25,1.0,7,0
10049,2520,5,2.75,1.5,8,1
10050,2140,3,1.75,1.0,8,1
10051,1550,3,1.75,1.0,7,1
10052,3180,4,2.5,2.0,11,1
10053,6510,5,4.25,2.0,11,1
10054,1440,2,2.0,1.5,7,1
10055,1150,3,1.0,1.0,7,0
10056,2320,4,2.5,2.0,8,0
10057,1230,3,2.0,1.0,7,0
10058,2060,4,2.5,2.0,7,0
10059,2783,3,2.0,2.0,8,1
10060,2140,4,2.5,2.0,8,0
10061,1420,3,2.75,2.0,8,0
10062,2090,3,1.75,1.0,7,0
10063,1320,2,1.75,1.5,7,0
10064,2300,4,2.5,1.0,8,0
10065,3050,4,1.5,1.0,8,1
10066,2960,3,2.25,1.0,10,1
10067,2520,5,2.75,1.0,8,1
10068,1740,2,1.75,1.0,8,1
10069,1300,2,1.0,1.0,7,0
10070,1170,3,1.0,1.0,7,0
10071,1946,4,3.25,2.0,7,1
10072,1250,2,1.0,1.0,7,1
10073,1230,2,1.5,2.0,7,0
10074,2180,4,2.5,2.0,8,1
10075,1740,3,1.75,1.0,7,0
10076,3830,4,2.5,2.0,8,1
10077,2250,3,2.0,1.0,8,1
10078,2590,3,2.75,2.0,9,1
10079,2090,3,2.5,1.5,9,1
10080,2400,3,1.5,1.0,8,1
10081,2260,4,2.25,2.0,7,0
10082,2910,4,2.5,2.0,8,1
10083,3640,5,3.0,2.0,8,1
10084,3770,4,2.75,2.0,8,1
10085,1600,3,2.0,1.0,7,1
10086,2110,3,2.5,2.0,7,0
10087,1720,3,2.5,2.0,7,0
10088,1100,3,1.0,1.0,5,0
10089,2620,4,2.5,2.0,9,1
10090,3090,5,2.5,1.0,8,1
10091,1890,3,2.5,2.0,8,1
10092,1850,3,1.75,1.0,8,1
10093,3100,4,2.5,2.0,10,1
10094,2506,4,2.5,2.0,8,0
10095,1700,4,1.0,1.0,7,1
10096,1550,3,2.0,1.5,7,0
10097,2200,4,2.75,1.0,7,1
10098,1890,3,2.5,2.0,7,0
10099,1140,3,1.0,1.0,7,0
10100,3740,4,2.0,2.0,9,1
10101,1940,3,2.25,1.0,8,0
10102,2130,3,2.5,2.0,8,1
10103,1470,2,1.0,1.0,7,0
10104,1070,2,1.0,1.0,7,1
10105,1680,4,1.75,1.0,7,0
10106,2730,3,2.25,2.0,9,1
10107,1890,3,1.75,1.0,8,1
10108,1080,1,1.0,1.0,6,0
10109,1440,3,1.75,1.5,6,0
10110,2540,4,2.75,1.0,7,0
10111,2300,3,2.0,1.0,8,1
10112,1690,3,2.0,1.0,7,0
10113,1800,3,1.75,1.0,8,1
10114,1770,4,2.25,2.0,8,1
10115,1190,3,2.0,1.5,6,0
10116,1320,3,1.75,1.0,7,0
10117,1290,3,1.0,1.0,7,0
10118,3000,4,2.5,2.0,8,1
10119,1358,3,2.25,3.0,7,0
10120,1220,3,1.5,1.5,7,1
10121,2720,2,2.5,2.0,7,1
10122,1060,3,1.5,1.0,6,0
10123,3020,4,2.5,2.0,9,1
10124,1640,3,2.0,2.0,7,0
10125,3870,5,3.75,2.0,10,1
10126,2860,4,2.25,1.0,8,1
10127,1740,4,2.5,1.0,7,0
10128,1140,3,2.0,1.0,7,1
10129,3290,4,3.0,2.0,9,0
10130,1210,3,1.0,1.0,7,0
10131,3320,5,2.25,1.0,9,1
10132,1350,2,2.0,1.0,8,0
10133,1990,3,2.25,2.0,8,0
10134,2060,4,2.5,1.0,7,1
10135,1460,3,1.0,1.5,7,1
10136,2250,4,1.75,1.0,8,1
10137,950,2,1.0,1.0,7,0
10138,3140,4,2.5,2.0,9,0
10139,3560,4,3.5,2.0,10,1
10140,1410,2,1.0,1.0,7,0
10141,2770,4,2.25,2.0,8,1
10142,1864,3,1.0,1.0,7,0
10143,1930,4,1.75,1.0,8,1
10144,3870,4,2.5,2.0,10,1
10145,2020,3,2.0,1.5,10,1
10146,1300,3,2.0,1.0,7,0
10147,3410,4,2.25,2.0,8,1
10148,2370,4,2.5,2.0,8,1
10149,2770,5,3.5,2.0,9,1
10150,1250,3,1.75,1.0,7,0
10151,1690,3,2.5,2.0,8,0
10152,3040,4,2.5,2.0,10,1
10153,2710,3,2.5,2.0,7,0
10154,1190,3,2.25,1.0,7,0
10155,2300,3,2.5,2.0,9,1
10156,1360,4,1.0,1.0,7,0
10157,1500,3,1.0,1.0,6,0
10158,1610,4,2.0,1.0,7,1
10159,1420,4,1.75,2.0,7,0
10160,1750,3,1.5,1.0,7,1
10161,1510,3,2.5,2.0,7,0
10162,2330,4,2.5,2.0,8,1
10163,2690,5,3.5,2.0,8,1
10164,1700,5,1.5,1.5,7,1
10165,1020,3,1.0,1.0,7,1
10166,1160,3,1.0,1.0,7,0
10167,2450,4,2.25,2.0,8,1
10168,2010,3,2.25,2.0,8,1
10169,1370,2,1.75,1.0,8,0
10170,1370,3,1.0,1.5,7,1
10171,1990,3,3.0,1.0,7,0
10172,2790,4,2.5,2.0,9,1
10173,780,2,1.0,1.0,6,0
10174,2240,4,2.0,1.0,8,1
10175,2210,3,2.0,1.0,8,0
10176,1390,4,1.0,1.0,7,1
10177,1800,3,2.0,2.0,8,1
10178,3320,6,3.0,1.0,8,0
10179,1960,4,2.5,1.0,6,0
10180,850,2,1.0,1.0,7,1
10181,2980,4,2.5,2.0,10,1
10182,1980,4,1.75,1.0,8,1
10183,790,2,1.0,1.0,6,0
10184,1800,3,2.5,2.0,7,1
10185,2260,4,2.0,1.0,9,1
10186,800,2,1.5,2.0,7,0
10187,2490,4,2.0,1.5,8,1
10188,1610,4,2.5,2.0,7,0
10189,1850,4,1.75,1.0,7,0
10190,1850,4,1.75,1.0,7,0
10191,1920,4,1.0,1.5,7,1
10192,1740,3,2.5,2.0,8,1
10193,1430,3,2.25,2.0,8,1
10194,1420,3,1.5,1.0,6,0
10195,1420,3,1.5,1.0,6,0
10196,1560,3,2.5,2.0,7,0
10197,2030,4,2.25,1.0,7,0
10198,3280,5,2.5,2.0,9,1
10199,1360,3,1.75,1.0,8,0
10200,1180,3,1.0,1.0,7,0
10201,1940,3,2.5,1.0,8,0
10202,1300,2,1.75,2.0,7,0
10203,1650,3,2.25,2.0,7,0
10204,1140,3,1.5,2.0,7,0
10205,2540,3,2.5,2.0,10,1
10206,3440,4,2.75,2.0,10,1
10207,1800,3,1.75,1.0,7,0
10208,1260,2,2.25,3.0,8,1
10209,2370,4,2.25,1.0,8,1
10210,1520,3,1.0,1.5,7,0
10211,1750,4,2.0,1.0,7,0
10212,2680,3,1.5,2.0,8,1
10213,1590,3,2.5,2.0,7,0
10214,1560,4,1.75,1.0,7,0
10215,2000,3,2.5,2.0,8,0
10216,2380,3,1.75,1.5,8,0
10217,2230,2,1.0,2.0,7,0
10218,2820,5,2.5,2.0,8,0
10219,1570,3,1.0,1.5,5,0
10220,1845,3,3.0,2.0,8,1
10221,830,2,1.0,1.0,6,0
10222,830,2,1.0,1.0,6,0
10223,2030,4,2.5,2.0,8,0
10224,1430,3,2.5,1.5,7,1
10225,1510,3,1.0,1.0,6,0
10226,1510,3,1.0,1.0,6,0
10227,1610,3,1.75,1.0,8,0
10228,1600,3,1.5,1.5,8,1
10229,1420,3,1.0,1.0,7,1
10230,1660,3,2.0,2.0,8,0
10231,4230,5,4.0,2.0,8,1
10232,3310,4,3.0,2.5,9,1
10233,2470,4,2.5,1.0,7,1
10234,1040,3,1.0,1.0,7,0
10235,1850,4,1.75,1.0,7,0
10236,4610,3,3.0,2.0,8,1
10237,2480,4,2.5,2.0,8,1
10238,2130,3,1.75,1.0,8,1
10239,2350,4,2.75,2.0,7,0
10240,920,3,1.0,1.0,6,0
10241,920,3,1.0,1.0,6,0
10242,1780,4,2.0,1.0,7,0
10243,2690,7,4.0,1.0,8,1
10244,3010,4,2.5,2.5,8,1
10245,3180,5,2.0,1.0,8,1
10246,4120,4,3.0,2.0,11,1
10247,1280,3,1.0,1.0,7,0
10248,1690,4,2.75,1.5,7,1
10249,2320,4,2.5,2.0,7,1
10250,3090,5,3.75,2.0,8,1
10251,5050,5,3.5,2.0,11,1
10252,1640,4,1.0,1.0,7,0
10253,2170,4,2.25,1.0,8,1
10254,3140,4,2.5,2.0,8,0
10255,1090,2,1.0,1.0,7,0
10256,1930,3,1.75,1.0,8,1
10257,2100,5,2.5,1.0,7,0
10258,3110,4,3.0,2.0,9,1
10259,930,3,1.0,1.0,6,1
10260,2050,4,2.25,2.0,8,1
10261,1160,3,1.0,1.0,6,0
10262,1820,3,2.75,2.0,7,1
10263,2110,4,2.5,2.0,8,0
10264,870,2,1.0,1.0,6,0
10265,1080,2,1.5,1.0,6,0
10266,1260,3,2.0,2.0,6,0
10267,900,2,1.0,1.0,6,1
10268,750,2,1.0,1.0,6,0
10269,1800,3,2.25,1.0,8,0
10270,2220,4,2.25,1.0,9,1
10271,1390,2,1.0,1.0,6,0
10272,2160,4,3.5,2.0,8,1
10273,1840,3,2.25,1.0,8,0
10274,1690,2,2.0,2.0,7,1
10275,2650,4,2.5,2.0,8,0
10276,1120,4,1.0,1.0,7,0
10277,2500,4,2.5,1.0,7,0
10278,2220,4,2.5,2.0,7,0
10279,1260,3,1.75,1.0,7,0
10280,1480,3,1.0,1.5,6,0
10281,930,2,1.5,1.0,7,1
10282,2780,3,2.75,1.5,8,1
10283,2770,5,2.75,1.0,7,0
10284,1530,3,1.5,1.0,7,0
10285,2140,3,2.25,1.0,8,1
10286,4600,4,2.75,1.0,10,1
10287,1760,4,1.0,1.0,7,0
10288,1760,4,1.0,1.0,7,0
10289,3110,4,2.5,2.0,9,1
10290,2260,3,1.75,1.0,8,1
10291,1460,3,2.0,1.0,7,1
10292,2050,3,2.25,1.0,7,1
10293,2340,4,2.5,1.0,8,1
10294,1230,3,1.5,1.0,6,0
10295,1880,3,2.25,1.0,8,1
10296,1280,3,1.75,1.5,7,1
10297,3660,4,2.75,2.0,9,1
10298,1650,3,2.5,2.0,7,1
10299,1960,2,1.0,1.5,6,0
10300,1580,3,2.5,2.0,7,0
10301,2490,4,2.5,2.0,8,0
10302,2000,4,2.5,2.0,8,1
10303,1550,4,1.75,1.0,7,0
10304,2820,4,2.25,1.0,8,1
10305,2600,4,2.5,1.0,9,1
10306,2200,4,1.0,1.0,8,1
10307,2500,5,2.5,1.0,7,1
10308,1270,2,1.0,3.0,7,0
10309,2900,4,2.75,1.0,8,1
10310,840,2,1.0,1.0,7,0
10311,1940,4,2.0,1.0,7,0
10312,3490,5,3.5,2.0,8,1
10313,1940,3,2.5,2.0,8,0
10314,2490,4,2.25,2.0,8,1
10315,1390,3,1.0,1.0,7,1
10316,3940,4,2.5,2.0,8,1
10317,1760,2,2.5,1.0,8,0
10318,2560,3,2.25,1.0,8,1
10319,2300,4,2.5,1.0,8,1
10320,1770,3,3.25,3.0,8,0
10321,2310,3,1.75,1.0,8,0
10322,2310,3,2.5,2.0,8,0
10323,2000,5,1.5,1.5,6,0
10324,1540,3,2.0,1.0,7,1
10325,2590,5,1.75,1.0,7,0
10326,980,3,1.0,1.0,7,1
10327,1730,3,1.0,1.0,7,0
10328,3070,3,2.5,3.0,8,0
10329,2100,4,2.25,2.0,8,0
10330,2080,3,2.75,1.0,8,1
10331,1890,4,1.75,1.0,7,0
10332,2000,4,1.75,1.5,7,1
10333,3030,3,3.0,2.0,8,1
10334,1110,2,1.5,1.0,7,1
10335,1650,3,1.0,1.0,7,0
10336,1410,3,2.0,1.0,7,1
10337,2140,2,1.0,1.0,7,1
10338,1860,3,2.5,2.0,8,0
10339,1170,2,1.0,1.0,7,1
10340,980,3,1.5,1.0,7,1
10341,1650,5,1.75,1.5,8,0
10342,1480,3,2.5,1.0,7,0
10343,4060,5,3.5,2.0,9,1
10344,1370,3,1.75,2.0,7,1
10345,2480,4,2.25,2.0,10,1
10346,2030,4,2.5,1.5,8,1
10347,2200,5,2.25,1.0,7,0
10348,1770,3,1.75,1.0,7,1
10349,2550,3,2.5,1.0,8,1
10350,1250,3,1.0,1.0,7,0
10351,2390,4,1.75,1.0,8,1
10352,5730,4,2.5,2.0,11,1
10353,1120,1,1.0,1.5,7,0
10354,1270,3,1.0,1.0,6,0
10355,2390,4,2.5,2.0,10,1
10356,1760,3,2.0,1.5,7,1
10357,2560,3,2.5,2.0,9,1
10358,1820,4,1.75,1.0,7,0
10359,1840,2,3.25,3.0,8,1
10360,1810,4,2.0,2.0,8,1
10361,2470,3,1.75,1.0,7,0
10362,2520,4,2.75,2.0,9,1
10363,1600,2,1.0,1.0,7,0
10364,1280,3,1.0,1.0,6,0
10365,1590,3,2.5,2.0,7,0
10366,2000,3,2.75,1.0,7,0
10367,1780,3,1.75,1.0,8,0
10368,1700,3,2.5,2.0,7,1
10369,1970,3,1.5,1.0,7,0
10370,1940,4,1.75,1.0,7,0
10371,3290,4,3.5,1.5,8,1
10372,3500,4,3.5,2.0,10,1
10373,3260,5,2.25,2.0,8,0
10374,4230,5,3.25,2.0,10,1
10375,1590,5,1.0,1.5,6,0
10376,1010,2,1.5,1.0,7,0
10377,1820,3,1.75,1.0,7,0
10378,870,2,1.0,1.0,7,0
10379,1620,3,2.0,1.0,7,1
10380,3980,4,3.5,2.0,9,1
10381,1630,4,1.0,1.0,6,0
10382,1230,3,2.0,2.0,8,0
10383,3510,4,2.0,1.0,8,1
10384,2160,4,2.5,2.0,7,0
10385,1020,3,1.0,1.0,6,0
10386,1590,3,1.75,1.0,7,0
10387,3440,3,2.25,2.0,10,1
10388,3020,5,1.0,2.0,7,1
10389,2280,3,1.75,1.0,8,1
10390,2790,4,2.5,2.0,9,1
10391,580,2,0.5,1.0,5,0
10392,2030,3,1.5,1.0,7,0
10393,850,2,1.0,1.0,6,0
10394,2480,3,2.0,1.0,7,1
10395,1010,3,1.75,1.0,7,0
10396,2420,3,2.5,2.0,10,1
10397,2180,3,2.25,2.0,9,1
10398,1830,3,2.75,2.0,8,1
10399,2040,5,2.75,1.0,7,0
10400,2640,4,2.75,2.0,9,1
10401,1060,2,1.0,1.0,7,0
10402,1640,3,1.0,1.0,7,0
10403,1190,4,1.0,1.5,6,0
10404,2180,3,2.5,1.0,8,0
10405,2120,4,2.5,2.0,9,1
10406,2210,4,2.5,2.0,7,0
10407,2510,4,2.5,2.0,9,1
10408,2500,4,2.25,1.0,8,1
10409,1560,3,2.5,2.0,7,0
10410,2510,5,2.5,1.5,7,0
10411,3060,4,1.75,1.0,8,1
10412,1310,3,2.0,1.0,7,0
10413,4260,4,4.0,2.0,11,1
10414,2500,3,2.0,1.5,7,1
10415,670,2,1.0,1.0,6,0
10416,1840,3,1.75,1.0,8,1
10417,1480,3,1.75,2.0,7,0
10418,2420,3,2.5,2.0,7,1
10419,1820,3,2.0,1.0,7,1
10420,1940,5,2.75,2.0,7,1
10421,1630,3,2.5,2.0,7,0
10422,2520,4,2.25,1.0,8,0
10423,2120,4,2.5,2.0,7,0
10424,2490,3,2.5,2.0,9,1
10425,3410,4,2.5,2.0,10,1
10426,2380,4,2.0,2.0,8,1
10427,2490,3,2.5,2.0,8,1
10428,1240,2,2.5,2.0,7,0
10429,1900,4,2.25,1.0,7,0
10430,2390,3,3.0,1.5,8,1
10431,1810,3,1.75,1.0,7,0
10432,4490,3,3.5,2.0,12,1
10433,1620,3,1.0,1.5,7,0
10434,2640,4,2.5,2.0,8,0
10435,2870,4,3.75,2.0,10,1
10436,3250,4,2.5,1.0,8,1
10437,800,2,1.0,1.0,6,0
10438,1360,3,1.75,1.0,7,0
10439,1950,5,2.25,1.0,7,0
10440,1970,4,2.25,2.0,8,0
10441,2020,3,2.5,2.0,7,0
10442,2280,2,2.5,1.0,8,1
10443,3540,4,2.75,2.0,10,1
10444,1560,3,2.5,2.0,8,0
10445,750,2,1.0,1.0,6,0
10446,2240,4,3.0,2.0,7,0
10447,590,1,0.75,1.0,6,0
10448,1580,3,2.0,1.0,7,1
10449,1040,3,1.0,1.0,7,0
10450,1880,5,1.75,1.0,7,0
10451,1070,2,1.0,1.0,7,0
10452,1860,3,3.0,1.0,7,0
10453,1550,2,1.75,1.0,7,0
10454,1860,3,1.0,1.0,8,1
10455,3090,3,2.5,2.0,10,1
10456,1720,3,1.75,1.0,8,0
10457,1260,2,1.0,1.5,7,0
10458,1120,3,1.5,1.0,7,0
10459,1250,2,1.0,1.0,6,0
10460,1810,3,2.0,1.5,7,1
10461,1890,3,2.5,2.0,8,0
10462,2020,4,1.75,1.0,7,0
10463,1790,4,1.75,1.0,7,0
10464,3190,3,3.5,2.0,10,1
10465,3030,4,3.25,1.5,9,1
10466,1630,3,2.25,2.0,7,1
10467,1180,3,1.75,1.0,7,0
10468,1560,3,2.0,1.0,7,0
10469,1340,3,2.0,2.0,7,1
10470,2590,5,3.25,1.0,9,1
10471,1020,3,1.0,1.0,6,0
10472,2370,3,2.5,2.0,9,1
10473,3170,4,2.5,2.5,10,1
10474,1120,2,1.0,1.0,7,1
10475,1440,3,1.75,1.0,8,1
10476,2170,4,2.0,1.5,6,0
10477,3490,4,2.25,2.0,10,1
10478,1970,4,2.25,2.0,7,0
10479,2780,4,2.5,2.0,10,1
10480,2250,3,2.0,1.0,8,0
10481,1340,4,1.75,1.0,7,0
10482,1400,3,1.0,1.0,7,0
10483,1510,3,1.0,1.0,7,0
10484,1320,3,1.0,1.0,7,0
10485,820,2,1.0,1.0,7,0
10486,1080,2,1.0,1.0,6,0
10487,840,2,1.0,1.0,7,0
10488,2070,4,2.25,1.0,8,1
10489,1520,3,1.0,1.0,7,0
10490,1210,2,1.75,2.0,8,0
10491,3810,5,2.75,2.0,10,1
10492,5370,4,3.5,2.0,10,1
10493,1540,3,2.0,2.0,8,1
10494,2310,4,2.5,2.0,9,1
10495,1870,3,2.25,3.0,8,1
10496,1840,3,1.75,1.0,8,0
10497,2060,3,2.5,2.0,8,1
10498,1010,3,1.0,1.0,7,0
10499,1020,2,1.0,1.0,7,0
10500,2220,4,2.5,1.0,7,1
10501,1050,2,1.0,1.0,7,0
10502,3030,4,2.75,1.5,9,1
10503,1800,3,1.75,1.0,7,1
10504,1860,3,2.5,2.0,7,0
10505,4070,4,3.5,2.0,11,1
10506,860,2,1.0,1.0,7,0
10507,3080,4,2.25,2.0,9,1
10508,1280,3,1.5,2.0,6,0
10509,1540,2,2.0,1.5,8,0
10510,1530,3,2.5,2.0,8,1
10511,2350,4,1.75,1.0,8,1
10512,920,3,1.0,1.0,6,0
10513,1840,4,1.75,1.0,5,0
10514,1650,3,1.5,1.0,7,0
10515,1760,3,1.75,1.0,7,0
10516,3290,4,2.25,1.5,10,1
10517,1270,2,1.0,1.5,7,1
10518,1600,3,2.0,1.0,7,0
10519,2670,5,3.0,1.0,8,0
10520,1960,4,1.5,1.5,7,1
10521,3300,3,4.25,2.0,9,1
10522,2000,3,1.75,2.0,8,0
10523,2360,4,2.5,1.0,8,0
10524,1430,2,1.0,1.0,7,1
10525,2330,3,3.0,1.0,9,1
10526,2060,4,2.5,2.0,7,0
10527,2240,4,1.75,1.5,7,1
10528,2330,5,1.75,1.0,8,1
10529,2180,5,2.25,2.0,7,0
10530,1280,2,1.0,1.0,6,0
10531,2140,3,2.5,2.0,8,1
10532,2890,6,2.5,1.0,8,1
10533,1480,3,2.5,2.0,8,0
10534,1680,4,2.5,2.0,7,0
10535,2163,4,3.0,2.0,7,0
10536,2280,4,2.5,2.0,7,0
10537,820,2,1.0,1.0,7,1
10538,1330,3,1.0,1.0,7,0
10539,2310,4,2.75,2.0,7,0
10540,1290,3,2.0,1.0,7,0
10541,1630,3,1.75,1.0,7,0
10542,1410,3,1.0,1.0,7,0
10543,1240,5,1.75,1.0,7,0
10544,3100,3,2.5,2.0,9,1
10545,2020,3,2.25,2.0,7,0
10546,2500,4,2.5,2.0,8,0
10547,790,2,1.0,1.0,7,0
10548,2040,3,1.75,1.0,7,1
10549,1430,3,1.5,1.0,7,0
10550,2250,4,2.5,2.0,8,1
10551,1070,2,1.0,1.0,6,0
10552,1300,3,1.75,1.0,8,0
10553,2560,4,2.25,2.0,7,1
10554,2190,3,2.5,2.0,8,0
10555,940,2,1.5,2.0,7,0
10556,1740,4,2.25,1.0,7,1
10557,2220,4,3.75,1.5,6,0
10558,1310,3,1.75,1.0,7,0
10559,2710,5,3.0,1.0,8,1
10560,1300,3,2.0,1.0,7,1
10561,1940,3,2.0,1.0,7,0
10562,1080,2,1.0,1.0,7,1
10563,2110,4,2.5,1.0,7,1
10564,1590,3,2.25,1.0,7,0
10565,910,2,1.0,1.0,7,0
10566,1590,4,2.0,1.0,7,1
10567,3290,4,2.5,2.0,9,1
10568,2010,3,2.5,2.0,8,1
10569,2060,3,2.5,2.0,7,0
10570,1560,3,1.75,1.0,6,0
10571,1120,3,1.0,1.0,7,1
10572,3550,4,3.75,2.0,11,1
10573,3300,6,4.5,2.0,8,1
10574,2000,3,1.75,1.0,7,0
10575,2680,5,3.0,2.0,8,0
10576,1290,2,2.25,3.0,8,1
10577,1290,2,2.25,3.0,8,1
10578,1150,3,2.0,2.0,7,0
10579,1880,3,1.75,1.0,7,1
10580,2400,3,2.5,2.0,9,1
10581,1920,3,2.25,1.0,8,1
10582,4350,4,3.25,2.0,8,1
10583,1910,4,2.5,1.0,6,0
10584,2000,3,1.5,1.0,8,1
10585,3290,4,3.5,2.0,10,1
10586,3480,5,2.25,2.0,8,1
10587,2410,4,2.5,2.0,9,0
10588,2820,4,3.0,2.0,10,1
10589,2710,4,1.75,1.0,9,1
10590,2080,3,2.25,1.5,7,0
10591,2200,4,2.5,2.0,8,0
10592,1180,4,1.5,1.0,7,0
10593,2120,3,1.75,1.0,9,1
10594,1460,3,2.0,1.0,7,1
10595,2110,3,1.75,1.0,8,1
10596,1790,4,1.5,1.0,6,0
10597,1340,3,1.75,1.0,7,0
10598,2460,3,1.0,1.5,7,1
10599,3760,4,3.5,2.0,11,1
10600,1240,2,1.0,1.0,7,1
10601,2750,3,2.5,2.0,9,1
10602,2530,3,2.5,2.0,9,0
10603,3200,3,2.25,2.0,9,1
10604,2020,4,2.75,1.0,7,1
10605,3030,4,2.5,2.0,7,0
10606,2350,3,1.75,1.0,7,0
10607,1690,3,1.5,1.0,7,0
10608,1280,3,1.0,1.0,7,1
10609,1170,3,1.5,1.0,7,0
10610,2700,4,2.25,2.0,8,0
10611,1800,3,2.25,1.0,7,0
10612,3670,4,2.5,2.0,10,1
10613,2350,3,2.0,1.5,7,1
10614,3100,4,1.75,1.0,9,1
10615,1120,3,1.0,1.0,7,0
10616,1900,5,1.5,1.0,7,0
10617,1350,2,2.5,2.0,9,0
10618,1410,5,1.0,1.0,7,0
10619,1560,3,1.75,1.0,7,0
10620,1090,3,1.5,1.0,7,0
10621,1465,2,2.75,2.0,7,1
10622,1790,3,2.25,1.0,7,0
10623,1300,3,1.5,1.0,7,0
10624,1920,3,1.75,1.0,8,0
10625,1420,3,3.0,2.0,8,1
10626,3760,5,3.5,2.0,9,1
10627,930,2,1.0,1.0,8,0
10628,1580,4,2.0,1.0,7,0
10629,2170,4,2.5,1.0,7,0
10630,2040,3,1.75,1.0,8,1
10631,3430,4,2.75,1.0,11,1
10632,2160,4,2.5,2.0,9,1
10633,2060,4,2.25,1.0,8,1
10634,1410,3,1.75,1.5,7,1
10635,1850,4,1.5,1.5,7,0
10636,1370,2,1.0,1.5,7,1
10637,3330,5,2.75,1.0,10,1
10638,1970,5,2.5,1.0,8,1
10639,1310,3,1.75,1.0,6,0
10640,1640,3,1.75,1.0,6,0
10641,1600,4,2.25,2.0,7,0
10642,1230,3,1.0,1.0,7,0
10643,2240,3,2.5,2.0,7,0
10644,2190,3,2.5,2.0,8,0
10645,990,3,1.0,1.5,7,0
10646,1010,2,1.5,2.0,7,0
10647,2920,4,2.5,2.0,10,1
10648,2310,4,2.5,2.0,9,1
10649,3470,3,2.5,2.0,10,1
10650,1220,2,1.0,1.0,6,1
10651,1550,3,2.25,2.0,7,0
10652,2070,4,2.5,2.0,8,0
10653,2060,3,1.75,1.5,7,1
10654,1690,3,2.5,2.0,7,1
10655,2550,4,2.5,2.0,8,0
10656,3370,5,3.25,2.0,10,1
10657,2230,4,3.0,2.0,8,1
10658,2382,4,2.5,2.0,8,0
10659,1620,3,2.25,2.0,7,0
10660,1140,3,1.0,1.5,7,1
10661,2140,3,2.5,2.0,8,1
10662,1900,3,1.5,1.0,7,0
10663,3370,4,3.0,1.0,10,1
10664,2300,3,2.75,1.0,7,0
10665,2040,4,2.0,1.0,7,1
10666,1840,4,1.75,1.0,7,0
10667,2860,4,2.5,2.0,8,1
10668,1400,3,1.5,1.0,7,0
10669,990,3,1.0,1.0,7,0
10670,3120,3,2.0,1.0,7,0
10671,1640,3,2.5,2.0,7,0
10672,2820,3,1.75,1.0,7,1
10673,1970,3,2.75,1.5,8,1
10674,2840,5,2.5,1.0,8,0
10675,2370,3,2.5,2.0,9,0
10676,2610,3,2.5,2.0,8,1
10677,1340,3,2.0,1.0,6,0
10678,1300,4,2.0,1.0,7,0
10679,3340,4,2.5,1.0,8,1
10680,2630,3,3.0,2.0,9,1
10681,1960,5,1.75,1.0,7,0
10682,1090,3,1.0,1.0,6,0
10683,1550,2,1.0,1.0,7,1
10684,1770,3,2.5,2.0,7,0
10685,1390,3,1.0,1.5,6,0
10686,2979,3,2.5,2.0,11,1
10687,830,2,1.0,1.0,6,0
10688,1560,3,2.75,1.0,7,1
10689,1360,3,1.5,1.0,7,0
10690,1650,4,2.0,1.0,7,0
10691,1510,2,1.75,2.0,8,0
10692,3010,4,2.25,2.0,9,0
10693,1510,3,2.25,1.0,7,0
10694,1950,3,1.75,1.0,8,0
10695,1800,4,1.0,1.0,7,0
10696,2810,2,2.75,1.0,7,0
10697,1760,3,1.75,1.0,7,0
10698,2040,4,2.5,2.0,8,0
10699,1690,4,2.0,1.0,7,1
10700,1530,3,1.75,1.0,8,0
10701,1810,3,1.5,1.5,8,1
10702,1180,3,1.75,1.0,7,1
10703,4090,4,4.0,2.0,11,1
10704,2250,4,2.25,2.0,8,1
10705,1070,3,1.75,1.0,7,0
10706,1820,4,2.0,1.0,7,0
10707,1080,3,0.75,1.0,5,0
10708,2760,4,2.5,2.0,9,1
10709,2550,4,2.5,2.0,8,0
10710,2080,4,2.5,2.0,8,1
10711,1280,3,1.0,1.5,7,0
10712,950,2,1.0,1.0,7,0
10713,1050,3,1.0,1.0,7,0
10714,1800,3,1.0,1.0,7,0
10715,3840,4,2.75,1.0,9,1
10716,3674,4,3.25,2.0,9,1
10717,1710,4,1.0,1.5,7,0
10718,910,2,1.75,1.0,6,0
10719,1340,3,1.5,1.0,7,0
10720,2340,4,2.75,1.0,8,0
10721,1510,3,1.5,1.0,7,0
10722,2630,4,2.5,2.0,8,1
10723,3100,5,2.25,2.0,9,1
10724,940,3,1.0,1.5,7,1
10725,1370,2,2.25,2.0,7,1
10726,2480,3,2.5,2.0,7,1
10727,1068,2,1.5,2.0,7,0
10728,2390,4,2.75,1.0,8,0
10729,2170,4,1.75,1.0,7,1
10730,1520,3,2.5,1.0,7,0
10731,2210,4,1.5,1.0,8,0
10732,3200,5,2.5,1.0,8,1
10733,1160,3,1.5,1.0,7,0
10734,2670,4,2.5,2.0,8,1
10735,2520,3,2.5,2.0,10,1
10736,760,2,1.0,1.5,5,0
10737,1310,3,1.75,2.0,7,1
10738,2750,4,2.5,1.0,8,1
10739,1790,5,2.25,1.0,7,0
10740,1790,3,2.5,2.0,8,1
10741,2400,4,2.5,1.0,8,1
10742,2420,4,2.25,2.0,9,1
10743,1710,3,1.75,1.0,8,1
10744,2000,3,1.75,1.0,8,0
10745,1580,3,2.25,1.0,8,1
10746,2310,4,2.75,1.0,8,1
10747,3580,4,3.0,2.5,10,1
10748,4320,4,4.0,2.0,11,1
10749,2560,3,2.5,2.0,9,1
10750,3220,4,2.5,2.0,10,1
10751,1660,3,2.0,1.0,7,0
10752,2420,4,1.75,1.0,7,0
10753,2870,7,3.5,1.0,7,1
10754,830,2,1.0,1.0,6,0
10755,1710,4,2.25,1.0,7,0
10756,2600,5,2.5,2.0,7,0
10757,670,1,1.0,1.0,5,0
10758,1500,3,1.5,1.0,7,0
10759,1460,3,3.25,3.0,8,1
10760,1540,2,2.0,1.0,7,1
10761,1250,3,1.75,1.0,7,0
10762,2230,4,2.0,1.5,9,1
10763,1800,2,1.75,1.0,7,0
10764,2400,4,2.5,1.0,8,0
10765,2370,4,2.0,2.0,8,0
10766,1830,2,2.0,1.0,7,1
10767,1480,3,2.25,3.0,8,0
10768,2620,4,2.5,2.0,9,1
10769,1300,3,1.0,1.0,6,0
10770,3120,4,1.5,1.0,8,1
10771,2400,4,2.5,2.0,8,1
10772,1430,3,2.5,2.0,7,0
10773,2480,3,2.5,2.0,9,1
10774,2280,3,2.5,2.0,8,1
10775,1390,3,1.75,1.0,7,0
10776,1030,3,1.0,1.0,7,0
10777,1120,3,1.0,1.0,7,0
10778,1300,3,2.0,2.0,7,1
10779,2410,3,2.25,1.0,8,1
10780,1470,3,1.75,1.0,8,0
10781,4720,5,4.25,2.0,11,1
10782,2910,5,2.75,2.0,8,1
10783,5000,4,4.0,3.0,12,1
10784,1690,3,2.25,1.0,7,0
10785,1000,2,1.0,1.0,7,0
10786,2400,5,2.75,1.0,7,0
10787,3330,5,3.5,2.0,9,1
10788,2060,4,2.25,1.0,8,1
10789,3090,4,2.5,2.0,9,0
10790,2350,4,2.5,2.0,8,1
10791,2180,3,2.5,2.0,8,1
10792,1870,3,2.5,2.0,8,1
10793,3530,3,2.25,2.5,10,1
10794,2460,4,2.5,2.0,9,1
10795,1650,3,2.5,2.0,8,0
10796,3480,5,3.0,1.0,8,1
10797,3176,3,2.75,2.0,9,1
10798,2420,4,2.25,1.0,9,1
10799,2260,4,2.5,1.0,9,1
10800,2380,4,2.0,1.0,8,1
10801,3400,5,2.5,1.0,8,1
10802,3770,4,2.5,2.0,10,1
10803,2672,4,2.5,2.0,8,1
10804,1180,3,1.0,1.0,7,0
10805,1810,3,1.5,1.0,7,0
10806,2610,3,3.0,1.5,8,1
10807,1450,3,2.25,1.0,7,0
10808,1600,2,2.0,1.0,7,1
10809,2650,3,2.5,1.0,8,1
10810,2490,4,2.75,2.0,9,1
10811,850,2,0.75,1.0,6,0
10812,1820,4,2.0,1.0,7,1
10813,1960,3,1.75,1.0,7,1
10814,2350,3,1.75,1.0,8,1
10815,1320,3,1.75,1.0,7,0
10816,3720,4,2.5,2.0,10,1
10817,2210,3,1.5,1.0,7,1
10818,1910,3,2.5,1.5,8,1
10819,2840,4,2.5,2.0,9,1
10820,1320,3,1.0,1.0,7,1
10821,2440,3,2.5,1.0,7,1
10822,2420,4,2.5,1.0,8,1
10823,1180,3,1.75,1.0,8,0
10824,1820,3,2.25,2.0,8,0
10825,3760,3,3.0,2.5,10,1
10826,1560,3,2.25,2.0,7,0
10827,1790,2,2.5,2.0,8,0
10828,1430,3,1.0,1.0,6,0
10829,1390,3,1.5,1.0,7,0
10830,990,3,1.0,1.0,6,0
10831,1880,3,1.75,1.0,8,0
10832,2520,3,2.5,3.0,9,1
10833,2060,4,1.5,1.5,7,1
10834,2150,4,2.5,2.0,8,0
10835,2500,5,2.5,1.0,8,0
10836,2390,3,2.5,2.0,9,1
10837,2400,4,2.5,2.0,8,1
10838,660,2,1.0,1.0,6,0
10839,1580,4,2.5,2.0,7,0
10840,3250,4,2.5,2.0,10,1
10841,1880,3,2.0,1.0,8,1
10842,1190,2,1.0,1.0,7,0
10843,1280,3,3.5,2.0,8,1
10844,2380,4,1.75,1.0,8,0
10845,2040,3,2.5,2.0,8,0
10846,1440,4,1.75,1.5,8,1
10847,2120,3,2.5,2.0,7,1
10848,990,2,2.0,1.0,6,1
10849,1710,3,1.0,1.0,7,0
10850,1840,4,1.5,1.5,7,0
10851,1150,4,1.0,1.5,7,1
10852,2250,3,2.5,2.0,8,0
10853,2460,3,2.5,1.0,8,0
10854,1540,4,1.0,1.5,7,1
10855,2210,4,2.25,1.0,8,0
10856,1440,3,2.5,2.0,7,0
10857,1790,3,1.75,1.0,9,0
10858,1120,2,1.5,2.0,8,0
10859,1260,3,2.5,1.0,7,0
10860,1180,3,1.5,1.0,7,0
10861,1730,3,2.5,2.0,8,0
10862,2250,4,3.0,1.0,7,1
10863,1550,3,1.5,2.0,7,0
10864,1070,2,1.75,1.5,7,0
10865,1460,3,1.0,1.0,7,0
10866,1060,2,1.0,1.0,7,1
10867,1840,4,1.75,1.0,7,1
10868,2440,3,2.5,2.0,8,1
10869,1700,4,1.75,1.0,7,0
10870,680,2,1.0,1.0,6,0
10871,1700,3,2.0,1.0,7,0
10872,2000,3,1.75,1.0,7,0
10873,2340,4,1.75,1.0,8,1
10874,1120,2,1.0,1.0,7,0
10875,1510,2,2.0,1.5,7,1
10876,2120,5,2.0,1.0,6,0
10877,1500,3,2.25,1.0,7,0
10878,1030,2,1.0,1.0,7,1
10879,5440,4,3.5,2.0,12,1
10880,1150,2,1.0,1.0,7,1
10881,2420,5,1.5,1.0,8,0
10882,1750,4,2.0,1.0,5,0
10883,1750,4,2.0,1.0,5,0
10884,2170,4,2.5,2.0,8,0
10885,2540,3,2.0,1.0,9,1
10886,1690,3,2.5,2.0,7,0
10887,1600,4,1.0,1.5,7,1
10888,1060,3,1.0,1.0,7,0
10889,1990,2,1.75,1.0,7,1
10890,2210,4,2.25,2.0,8,0
10891,3090,4,2.75,2.0,8,1
10892,1050,3,2.0,1.0,7,0
10893,2550,5,1.75,1.0,7,1
10894,2095,4,2.5,1.5,8,1
10895,1520,3,1.75,1.0,8,0
10896,2750,5,2.5,2.0,8,0
10897,1200,3,1.75,1.0,7,0
10898,1830,3,1.75,1.0,7,1
10899,1160,3,1.0,1.0,7,0
10900,1750,3,2.0,1.0,8,0
10901,2400,4,2.5,2.0,8,0
10902,4140,5,3.5,2.0,9,1
10903,2115,4,2.25,2.0,7,0
10904,2580,3,2.0,1.5,9,1
10905,1220,3,1.0,1.0,7,1
10906,1630,2,1.5,1.0,7,0
10907,1350,2,2.0,1.0,8,1
10908,1690,3,2.5,2.0,7,1
10909,1700,2,2.25,2.0,8,1
10910,1890,4,2.25,1.0,8,0
10911,850,2,1.0,1.0,7,0
10912,2480,4,2.5,1.0,9,1
10913,1690,3,2.5,2.0,7,0
10914,810,2,1.0,1.0,6,0
10915,3980,4,2.5,1.0,10,1
10916,2580,3,2.25,2.0,8,1
10917,6085,5,4.5,3.0,11,1
10918,2140,2,1.75,1.0,7,1
10919,1360,2,1.75,1.0,6,0
10920,1800,4,1.5,1.5,8,1
10921,1920,3,2.5,2.0,8,1
10922,860,3,1.0,1.5,7,0
10923,2340,3,2.5,1.0,9,1
10924,4040,8,2.75,1.0,9,1
10925,1160,3,1.75,1.0,6,0
10926,1680,3,2.25,2.0,8,0
10927,1280,3,1.0,1.0,7,0
10928,1800,4,1.5,1.0,7,0
10929,4250,6,3.25,1.0,10,1
10930,2400,4,2.5,2.0,8,0
10931,940,2,1.0,1.0,5,0
10932,1110,3,1.0,1.0,7,0
10933,2420,3,2.25,1.0,8,0
10934,1850,3,2.5,2.5,9,1
10935,2020,4,2.5,2.0,9,1
10936,2020,4,2.5,2.0,9,1
10937,1830,3,2.5,1.0,8,0
10938,1920,4,1.75,1.0,7,1
10939,1280,2,1.75,1.0,7,1
10940,3130,4,2.5,2.0,8,0
10941,3920,4,2.5,2.0,10,1
10942,3100,4,2.75,2.0,8,1
10943,3220,4,2.5,1.0,9,1
10944,1670,3,2.0,1.0,8,0
10945,2700,4,2.5,2.0,9,1
10946,5461,4,2.0,1.0,9,1
10947,4400,4,3.25,2.0,11,1
10948,2190,3,1.75,1.0,9,1
10949,1200,4,1.5,1.5,6,0
10950,1470,3,1.75,1.0,7,0
10951,1650,3,1.75,1.5,8,1
10952,1840,5,1.75,1.0,8,0
10953,1210,3,1.0,1.0,6,0
10954,1870,3,2.5,2.0,8,0
10955,3890,4,3.25,1.5,9,1
10956,2660,4,2.25,2.0,8,0
10957,1150,2,1.0,1.0,7,0
10958,1740,4,1.75,1.0,7,1
10959,2580,6,3.0,1.5,7,0
10960,1720,4,1.75,1.0,8,1
10961,2740,3,2.5,2.0,10,1
10962,2610,3,2.75,1.0,7,1
10963,1400,3,1.75,1.0,7,0
10964,2570,3,2.0,1.0,9,1
10965,2830,4,2.75,2.0,8,1
10966,2630,5,2.25,2.0,8,0
10967,1580,3,2.5,2.0,7,0
10968,1540,3,2.0,1.0,7,0
10969,2120,3,1.0,1.0,7,0
10970,1830,3,1.75,2.0,7,0
10971,2260,3,2.5,2.0,10,1
10972,2500,4,1.75,1.0,8,1
10973,1830,3,3.25,3.0,8,1
10974,1190,4,1.0,1.0,6,0
10975,2310,4,1.75,1.0,7,0
10976,1230,3,1.0,1.5,7,1
10977,2940,3,2.5,2.0,10,1
10978,1010,3,1.0,1.0,7,0
10979,2550,6,2.25,2.0,7,1
10980,1480,3,1.0,1.5,7,0
10981,1460,3,1.75,1.0,7,0
10982,3110,5,3.0,1.0,8,0
10983,2140,3,2.0,1.0,8,1
10984,3450,5,3.25,2.0,9,1
10985,1960,3,2.25,1.0,7,0
10986,1890,4,2.75,1.0,7,0
10987,2080,2,1.0,1.0,7,0
10988,1700,3,1.0,1.5,7,1
10989,1140,3,1.0,1.0,6,0
10990,3136,3,2.5,1.5,8,1
10991,2590,4,3.25,3.0,9,1
10992,1480,3,1.75,2.0,8,1
10993,1500,3,3.0,2.0,8,0
10994,2660,3,2.75,1.0,8,1
10995,1350,2,2.0,1.0,8,0
10996,860,2,1.0,1.0,6,0
10997,1000,2,1.0,1.0,6,0
10998,2480,4,2.5,1.0,7,1
10999,3860,3,2.75,2.0,10,1
11000,2140,3,1.75,2.0,8,1
11001,1820,4,1.75,1.5,7,0
11002,2220,2,1.75,1.0,8,1
11003,2660,4,2.5,2.0,9,1
11004,1470,3,2.0,1.0,6,0
11005,2350,4,1.75,1.0,7,0
11006,2980,3,2.25,1.0,9,1
11007,1870,4,2.0,1.0,8,0
11008,2430,5,3.0,1.0,7,1
11009,2790,4,2.5,2.0,9,1
11010,1370,3,2.5,2.0,7,0
11011,4470,4,2.25,2.0,11,1
11012,2040,3,1.75,1.0,8,1
11013,2340,4,2.25,1.0,8,1
11014,2520,4,2.5,2.0,7,0
11015,1710,4,1.0,1.5,6,0
11016,1200,3,1.0,1.0,7,0
11017,1330,3,1.75,1.0,7,0
11018,1310,3,1.5,2.0,7,0
11019,3020,6,3.5,2.0,7,0
11020,2260,4,2.5,2.0,8,0
11021,790,2,1.0,1.0,6,0
11022,970,2,2.0,1.0,7,0
11023,2250,3,2.0,1.0,9,1
11024,1530,4,2.5,1.5,7,0
11025,1780,4,1.75,1.0,9,1
11026,2120,3,2.5,2.0,7,1
11027,1500,2,1.0,1.0,7,0
11028,1500,2,1.0,1.0,7,1
11029,2390,4,3.0,1.5,8,1
11030,2390,4,2.5,2.0,7,0
11031,2920,3,1.75,1.0,8,1
11032,850,2,1.0,1.0,5,0
11033,930,2,1.0,1.0,7,1
11034,3340,4,2.5,2.0,9,1
11035,710,2,1.0,1.0,6,0
11036,2240,3,2.25,1.0,7,1
11037,1060,3,1.0,1.0,7,0
11038,2360,3,2.5,2.0,8,0
11039,3520,4,2.75,1.0,9,1
11040,1730,3,1.75,1.0,8,1
11041,1170,3,1.75,1.0,6,0
11042,3680,4,2.25,2.0,9,0
11043,2900,3,2.5,2.0,9,1
11044,1290,3,1.75,1.5,7,0
11045,2010,4,2.75,2.0,8,1
11046,1490,3,1.5,1.0,7,0
11047,1930,4,2.5,2.0,7,0
11048,2240,4,1.75,1.0,7,0
11049,2320,3,2.0,1.0,8,0
11050,2990,4,2.75,2.0,9,1
11051,2200,4,2.5,2.0,8,0
11052,1500,3,2.0,1.0,7,0
11053,3860,3,1.75,1.0,9,1
11054,1430,3,1.5,1.0,7,0
11055,3750,5,2.75,2.0,9,1
11056,3100,5,2.5,2.0,8,1
11057,1870,3,2.5,2.0,7,0
11058,2040,4,2.25,1.0,8,0
11059,3700,5,3.5,2.0,8,1
11060,3150,3,1.75,1.0,8,0
11061,1990,3,2.5,2.0,8,0
11062,1740,4,1.0,1.5,7,0
11063,2080,2,2.25,1.0,8,1
11064,2060,4,2.5,2.0,7,0
11065,1590,3,2.0,1.0,7,1
11066,1760,3,1.5,2.0,8,1
11067,1620,4,2.5,2.0,7,0
11068,1210,3,1.75,1.0,7,0
11069,2040,4,3.0,1.0,8,0
11070,2270,3,2.5,2.0,9,1
11071,6640,4,4.5,2.0,12,1
11072,1060,3,1.5,1.0,7,0
11073,1940,4,3.0,1.0,7,0
11074,3070,5,3.25,2.0,9,1
11075,930,3,1.0,1.0,6,0
11076,2180,4,2.75,1.0,7,1
11077,2130,3,2.5,2.0,8,0
11078,800,2,1.75,1.0,6,0
11079,2200,4,2.25,1.0,7,0
11080,1130,2,1.5,2.0,8,1
11081,1970,3,2.5,1.0,8,1
11082,1680,3,2.5,2.0,9,1
11083,1470,4,1.75,1.0,7,1
11084,2390,4,2.25,1.0,8,1
11085,2300,4,2.5,2.0,8,1
11086,2280,4,2.0,1.0,7,0
11087,1330,3,2.5,3.0,8,0
11088,2640,5,2.5,2.0,7,1
11089,2430,4,1.75,1.0,8,1
11090,2470,4,2.5,2.0,9,1
11091,1440,3,1.0,1.0,7,0
11092,1320,3,2.0,1.0,7,0
11093,2810,3,2.5,2.0,8,1
11094,1370,3,3.25,3.0,8,1
11095,2000,3,2.5,1.0,8,1
11096,1980,3,1.75,1.0,8,1
11097,2050,3,2.5,2.0,8,0
11098,2320,4,1.75,1.0,7,0
11099,1960,3,2.25,2.0,7,0
11100,1910,4,1.75,1.0,7,0
11101,2030,3,3.25,2.0,8,1
11102,2210,3,2.25,1.0,8,1
11103,2610,4,2.75,1.0,7,0
11104,2520,3,2.25,2.0,9,1
11105,1840,6,1.75,1.0,7,1
11106,1570,3,1.75,1.0,7,0
11107,2400,4,2.75,1.0,7,0
11108,1930,3,1.75,2.0,9,1
11109,1160,3,1.0,1.0,6,0
11110,2820,4,2.5,2.0,9,1
11111,3060,4,2.0,2.0,8,1
11112,1320,3,1.0,1.0,6,0
11113,1200,2,2.0,2.0,6,0
11114,1560,3,1.75,1.0,7,0
11115,3070,5,2.25,1.0,9,0
11116,1040,3,1.0,1.0,7,0
11117,1990,3,2.5,1.0,7,0
11118,1690,3,2.5,2.0,8,1
11119,1810,3,2.0,2.0,9,1
11120,2520,4,1.75,1.0,7,1
11121,1570,3,2.5,1.0,7,0
11122,1680,3,1.0,1.0,7,1
11123,1250,3,1.5,1.0,7,0
11124,1280,3,1.5,1.0,7,0
11125,4620,4,2.5,2.0,11,1
11126,1580,3,2.5,2.0,7,0
11127,1650,3,1.75,2.0,8,0
11128,1660,3,1.75,1.0,8,0
11129,2410,4,2.5,2.0,8,1
11130,1720,3,2.25,1.5,7,1
11131,3120,3,2.5,2.0,9,1
11132,2680,4,2.5,1.0,8,1
11133,2640,5,1.75,1.0,8,1
11134,3730,3,3.25,2.0,9,1
11135,1700,3,2.0,1.0,7,0
11136,2280,4,1.75,1.0,7,1
11137,1220,3,2.25,2.0,7,0
11138,3500,6,4.5,2.0,7,1
11139,2010,3,2.5,2.0,7,0
11140,2130,3,1.75,1.0,8,1
11141,1800,4,2.25,2.0,7,0
11142,1070,3,1.0,1.0,7,0
11143,1020,3,1.75,1.0,6,0
11144,1600,4,2.0,1.0,7,0
11145,1380,4,1.5,1.0,7,1
11146,3270,3,2.25,2.0,10,1
11147,2100,4,2.5,2.0,7,1
11148,2110,3,2.25,3.0,8,1
11149,1640,3,1.75,1.0,7,0
11150,1320,3,2.0,1.0,7,0
11151,2420,4,2.5,1.0,7,1
11152,1390,3,1.0,1.5,6,0
11153,2320,3,3.25,2.0,9,1
11154,2170,3,2.5,2.0,8,0
11155,2710,4,2.25,2.0,8,1
11156,1450,3,2.0,1.0,7,0
11157,1370,3,2.5,1.0,8,0
11158,1810,3,2.5,1.0,7,0
11159,1420,3,2.5,1.0,7,0
11160,2090,3,2.75,1.0,8,0
11161,2090,3,2.75,1.0,8,0
11162,1330,3,1.0,1.0,7,0
11163,1330,3,2.0,1.0,7,0
11164,1910,5,2.0,1.0,6,0
11165,2310,3,1.75,1.0,8,0
11166,2500,3,2.75,1.0,7,1
11167,1310,3,2.0,1.0,7,0
11168,2040,4,2.5,2.0,8,0
11169,2040,4,2.5,2.0,8,1
11170,2400,3,2.25,1.0,8,1
11171,1400,3,1.0,1.5,7,1
11172,1700,4,1.75,1.0,8,1
11173,3160,4,3.75,2.5,10,1
11174,1340,3,1.75,1.0,7,0
11175,1470,4,2.0,1.0,7,0
11176,1790,3,1.75,1.0,7,0
11177,1560,3,1.5,1.0,7,1
11178,2620,3,2.5,2.0,8,0
11179,1580,3,1.0,1.0,7,0
11180,1090,3,1.0,1.0,6,0
11181,3240,5,3.25,1.5,9,1
11182,2520,4,1.75,1.0,7,0
11183,2230,3,1.75,1.0,9,1
11184,2430,4,3.0,2.0,8,0
11185,1020,2,1.0,1.0,6,0
11186,1810,4,1.0,1.0,7,0
11187,3460,4,2.5,2.0,10,1
11188,2020,3,1.0,1.0,7,0
11189,1410,3,2.0,1.0,7,0
11190,750,2,1.0,1.0,6,0
11191,5300,4,2.5,2.0,10,1
11192,4380,4,3.5,1.5,11,1
11193,2290,3,2.25,2.0,8,1
11194,720,2,1.0,1.0,6,0
11195,1200,2,1.0,1.0,6,0
11196,2620,3,2.5,1.0,10,1
11197,2120,4,3.0,2.0,8,0
11198,1580,3,1.75,1.0,7,0
11199,4160,3,3.25,3.0,12,1
11200,1830,3,2.25,1.0,7,0
11201,2000,3,2.5,1.0,8,0
11202,980,2,1.0,1.0,6,1
11203,3040,4,2.5,2.0,7,1
11204,1740,4,1.0,1.0,7,0
11205,1450,3,2.0,1.5,7,0
11206,1560,3,2.5,2.0,7,0
11207,2050,4,2.5,1.0,8,0
11208,1760,3,1.75,1.0,7,0
11209,1740,3,3.5,2.0,8,1
11210,910,3,1.0,1.0,7,0
11211,1700,3,1.75,1.0,7,0
11212,2620,4,2.5,2.0,7,0
11213,1500,3,2.25,1.0,7,0
11214,1630,4,1.75,1.0,7,1
11215,1370,3,1.5,1.0,7,0
11216,1390,2,2.5,2.0,8,1
11217,1540,3,2.0,1.0,7,0
11218,1190,3,1.0,1.0,7,0
11219,4500,3,3.5,2.0,10,1
11220,2370,4,3.0,1.0,7,1
11221,1360,2,1.5,2.0,7,0
11222,870,2,1.75,1.0,6,0
11223,4850,4,4.25,2.0,10,1
11224,3110,3,2.0,2.0,9,0
11225,3700,4,2.5,2.0,11,1
11226,3500,6,2.75,2.0,8,1
11227,1670,3,1.75,1.0,8,1
11228,1640,3,2.25,1.0,8,0
11229,3400,3,2.25,1.0,9,1
11230,2060,3,1.75,1.0,7,1
11231,1330,3,1.75,1.0,7,0
11232,2330,3,2.0,1.5,7,1
11233,3040,3,2.75,2.0,10,1
11234,3700,5,3.75,3.0,9,1
11235,1990,3,2.0,1.5,8,1
11236,2020,5,3.0,1.0,7,0
11237,2980,5,2.25,1.0,9,1
11238,3990,4,3.5,2.0,10,1
11239,790,2,1.0,1.0,6,0
11240,1060,2,1.0,1.0,6,0
11241,2260,3,2.25,1.0,7,1
11242,1900,2,2.5,2.0,8,1
11243,3361,5,2.5,2.0,10,1
11244,3550,4,1.75,2.0,9,1
11245,2740,5,2.5,2.0,8,0
11246,2040,4,1.75,1.0,7,1
11247,4070,4,2.5,2.0,10,1
11248,720,1,1.0,1.0,7,0
11249,2000,3,1.75,1.5,8,0
11250,4400,5,4.5,2.0,11,1
11251,1300,3,1.75,1.0,7,0
11252,1420,2,2.5,2.0,7,0
11253,1540,3,2.25,1.0,7,0
11254,1540,3,2.25,1.0,7,1
11255,2360,3,3.0,2.0,7,1
11256,3720,4,3.0,2.0,9,1
11257,1690,3,1.75,1.0,7,1
11258,2300,3,2.0,1.0,8,1
11259,1650,4,1.75,1.0,8,1
11260,990,2,1.0,1.0,7,0
11261,2130,4,2.25,2.0,8,1
11262,3320,4,2.5,2.0,10,1
11263,1960,3,2.25,1.0,7,0
11264,770,2,1.0,1.0,6,0
11265,2010,4,1.75,1.5,7,1
11266,800,2,1.0,1.0,5,0
11267,910,3,1.0,1.0,7,0
11268,1200,3,1.0,1.0,7,0
11269,3570,4,2.5,2.0,7,1
11270,1820,3,2.5,2.0,7,0
11271,2930,3,2.25,3.0,9,1
11272,1480,3,1.75,1.0,7,0
11273,3305,4,2.5,1.5,7,1
11274,2230,4,2.5,1.0,7,0
11275,1560,3,1.0,1.0,7,0
11276,1030,3,1.0,1.0,6,0
11277,2380,3,3.75,1.5,7,1
11278,1010,3,1.0,1.0,6,0
11279,2060,2,1.75,1.0,7,1
11280,2370,4,2.5,2.0,8,0
11281,2242,4,2.5,2.0,8,1
11282,1078,2,1.5,2.0,7,0
11283,890,2,1.0,1.0,7,0
11284,2700,3,1.5,2.0,7,1
11285,2450,4,2.5,2.0,8,1
11286,1420,3,1.75,1.0,7,1
11287,1280,3,1.5,1.5,8,1
11288,2910,5,2.75,1.0,9,1
11289,2430,4,2.25,2.0,8,1
11290,1860,2,2.5,2.0,7,0
11291,1800,3,2.0,1.0,7,1
11292,1960,3,1.5,1.0,7,1
11293,1550,3,1.5,1.5,6,0
11294,840,2,1.0,1.0,7,0
11295,2080,4,1.75,1.0,8,0
11296,2210,4,2.5,1.5,8,1
11297,1210,3,1.5,1.0,7,0
11298,1350,3,2.5,3.0,9,1
11299,1860,3,2.0,2.0,8,1
11300,1940,3,2.0,1.0,7,1
11301,3400,4,3.5,2.0,9,1
11302,2240,4,2.5,2.0,8,1
11303,1170,3,1.75,1.0,7,0
11304,3130,3,3.25,2.0,8,0
11305,1510,2,2.25,2.0,7,0
11306,3740,4,3.5,2.0,11,1
11307,2690,4,2.5,2.0,8,1
11308,1760,4,1.75,1.0,7,0
11309,2180,4,1.75,1.5,6,0
11310,1560,4,1.75,1.0,7,1
11311,1780,3,2.5,2.0,7,0
11312,1260,3,1.75,1.0,7,0
11313,1570,4,1.75,1.5,8,1
11314,740,2,1.0,1.0,5,0
11315,2020,4,2.25,2.0,7,1
11316,1500,4,1.5,2.0,7,1
11317,1670,4,2.5,1.0,7,0
11318,3620,3,3.5,2.0,10,1
11319,1010,2,1.5,2.0,7,0
11320,1460,3,1.5,1.0,6,0
11321,1790,3,1.75,1.0,8,1
11322,1760,3,2.25,2.0,7,0
11323,1790,3,3.5,2.0,7,0
11324,1050,3,1.0,1.0,7,0
11325,2590,4,2.5,2.0,8,1
11326,1040,3,1.0,1.0,7,0
11327,4060,4,2.5,2.0,9,1
11328,3190,4,2.5,2.0,11,1
11329,3190,4,2.5,2.0,11,1
11330,2180,4,1.75,1.0,9,1
11331,2120,6,3.5,2.0,7,0
11332,2110,4,2.75,2.0,8,0
11333,1210,2,1.5,1.5,6,1
11334,2410,4,2.5,2.0,8,0
11335,1980,3,2.5,2.0,9,1
11336,2370,4,2.5,1.0,8,1
11337,1720,3,1.75,1.5,7,1
11338,750,2,1.0,1.0,6,0
11339,2510,3,2.25,1.0,8,1
11340,2577,3,2.5,2.0,8,1
11341,1540,3,1.5,2.0,8,1
11342,720,1,1.0,1.0,7,0
11343,1810,3,2.25,1.0,8,1
11344,1380,3,1.75,1.0,7,0
11345,2570,4,2.5,2.0,9,1
11346,1690,4,1.75,1.0,7,0
11347,1420,3,0.75,1.0,7,0
11348,2130,4,2.0,1.0,7,0
11349,3000,3,2.5,1.5,7,1
11350,2150,4,2.5,1.0,7,0
11351,2280,4,2.0,1.0,8,0
11352,1560,4,2.0,2.0,6,0
11353,1880,3,2.0,1.0,6,0
11354,2320,3,2.5,2.0,8,1
11355,1010,3,1.75,1.0,7,0
11356,1120,3,1.0,1.0,6,0
11357,1560,3,1.75,1.0,8,1
11358,1860,4,1.5,1.0,7,0
11359,1150,3,1.5,1.0,7,0
11360,1920,4,1.75,1.0,7,1
11361,2490,4,2.25,1.0,8,0
11362,1460,3,2.5,2.0,7,0
11363,1820,3,3.5,2.0,8,1
11364,4290,5,3.0,1.0,9,1
11365,2230,4,2.75,1.0,7,1
11366,2070,4,2.5,2.0,8,0
11367,2480,3,1.75,1.0,8,1
11368,4110,4,3.25,2.0,12,1
11369,2290,4,2.75,1.5,7,1
11370,1220,3,1.0,1.0,6,0
11371,2620,4,2.75,1.5,9,1
11372,3190,4,2.5,2.0,8,0
11373,850,3,1.0,1.0,6,0
11374,1740,3,2.5,3.0,8,1
11375,2140,4,2.5,2.0,8,1
11376,2070,3,2.5,2.0,8,1
11377,1680,3,2.5,2.0,7,0
11378,1000,2,1.0,1.0,7,1
11379,3340,3,2.75,1.0,10,1
11380,1260,3,2.5,2.0,8,0
11381,2430,4,2.25,1.0,9,1
11382,560,1,1.0,1.0,5,0
11383,3380,3,2.5,2.0,10,1
11384,1100,2,1.0,1.0,7,1
11385,1700,2,2.0,1.0,5,0
11386,1600,3,2.5,2.0,7,0
11387,2605,3,2.5,2.0,9,1
11388,1850,2,2.0,1.0,8,1
11389,1830,3,2.25,2.0,8,0
11390,3050,3,3.25,1.0,8,1
11391,1240,2,1.5,2.0,8,0
11392,2100,3,2.25,2.0,7,0
11393,1250,3,1.0,1.0,7,0
11394,1230,2,2.0,2.0,7,1
11395,1690,3,1.75,1.0,7,0
11396,1520,3,1.0,1.5,7,0
11397,1890,4,2.0,2.0,7,0
11398,1990,4,1.75,1.0,8,1
11399,1480,3,1.75,1.0,7,0
11400,1480,3,1.75,1.0,7,0
11401,2120,3,2.5,2.0,8,1
11402,1480,3,3.5,2.0,7,0
11403,1250,3,1.0,1.0,7,0
11404,2010,4,2.5,2.0,8,1
11405,3150,5,2.5,1.0,10,1
11406,3010,3,3.5,2.0,10,1
11407,3920,5,4.25,2.0,9,1
11408,2880,6,3.0,2.0,8,1
11409,2550,2,2.25,1.0,10,1
11410,1120,5,1.0,1.5,7,0
11411,3140,4,2.75,1.0,8,1
11412,4130,4,4.0,2.0,10,1
11413,2990,4,2.5,1.0,9,1
11414,1120,2,1.0,1.0,7,0
11415,1570,4,1.5,1.0,7,0
11416,2210,3,2.75,2.0,8,1
11417,2390,4,2.5,2.0,9,1
11418,1520,3,1.75,1.0,8,0
11419,1830,5,1.75,1.0,7,0
11420,2640,4,3.5,2.0,8,1
11421,1740,3,2.5,2.0,8,1
11422,1550,3,2.0,1.0,8,0
11423,1040,3,1.0,1.0,7,0
11424,1640,3,2.25,2.0,8,0
11425,1640,3,2.25,2.0,8,1
11426,1260,3,1.75,1.0,7,1
11427,1170,3,1.5,2.0,7,0
11428,1590,3,1.75,1.0,7,0
11429,1750,3,2.5,1.0,7,0
11430,1770,4,2.5,2.0,7,0
11431,3530,4,2.25,2.0,8,1
11432,2160,3,2.5,1.0,7,0
11433,2360,4,2.25,1.0,9,1
11434,1980,3,1.75,1.0,8,0
11435,1620,4,1.5,1.5,8,1
11436,2700,2,2.75,1.0,9,1
11437,3270,5,2.25,2.0,9,1
11438,870,2,1.0,1.0,6,0
11439,840,2,1.75,1.0,6,0
11440,1340,3,3.5,2.0,8,0
11441,1540,3,2.5,3.0,8,1
11442,1650,2,2.0,1.0,6,0
11443,2630,3,2.5,2.0,8,1
11444,1880,4,2.25,1.0,7,0
11445,1980,4,2.5,2.0,8,1
11446,1500,3,1.0,1.0,7,0
11447,1230,3,2.0,1.5,6,0
11448,2520,4,2.5,2.0,8,1
11449,1970,5,1.75,1.0,7,0
11450,1520,2,1.5,1.0,7,1
11451,2600,4,2.75,1.0,8,1
11452,2290,4,2.0,1.5,7,0
11453,1979,3,2.0,1.0,7,0
11454,2170,4,3.5,2.0,9,1
11455,1820,4,1.5,1.0,8,0
11456,1200,3,1.5,1.0,7,0
11457,1210,3,1.0,1.0,7,1
11458,1970,4,2.5,2.0,7,1
11459,1040,2,1.0,1.0,7,0
11460,1920,3,1.75,1.0,7,1
11461,1020,2,1.5,3.0,7,1
11462,1660,3,1.0,1.0,7,1
11463,1670,3,2.25,1.0,7,1
11464,3810,5,4.5,2.0,10,1
11465,2020,4,1.75,1.0,7,0
11466,1390,3,2.25,3.0,7,0
11467,2010,3,1.5,1.0,7,0
11468,1820,4,2.0,1.5,7,1
11469,1630,3,2.5,2.0,8,0
11470,800,1,1.0,1.0,6,0
11471,2270,3,2.0,1.0,9,1
11472,2290,3,2.75,2.0,9,1
11473,2750,3,2.25,2.0,7,1
11474,590,2,1.75,1.0,5,0
11475,2570,4,2.75,2.0,8,0
11476,2050,3,2.5,1.0,9,1
11477,1610,3,2.5,2.0,7,0
11478,2140,3,2.5,2.0,7,0
11479,1730,3,2.0,2.5,7,1
11480,2440,4,3.5,2.0,8,1
11481,3220,4,2.75,1.5,9,1
11482,4330,4,3.25,2.0,11,1
11483,1780,3,1.5,1.0,7,0
11484,1230,3,1.0,1.0,7,1
11485,2160,4,1.75,2.0,8,1
11486,1400,2,1.75,1.0,7,0
11487,1900,4,1.75,1.0,7,1
11488,2910,5,2.75,1.0,8,1
11489,2960,3,3.0,2.0,10,1
11490,2010,3,1.5,1.0,8,0
11491,3760,3,2.5,2.0,9,1
11492,1020,2,1.0,1.0,7,1
11493,1290,2,1.0,2.0,7,0
11494,890,3,1.0,1.0,6,0
11495,1620,3,2.75,1.0,7,1
11496,3360,4,2.5,2.0,10,1
11497,2930,5,2.75,1.0,9,1
11498,2940,3,2.5,1.0,9,1
11499,1080,3,1.0,1.5,6,0
11500,4560,3,3.25,1.0,11,1
11501,1010,3,1.0,1.0,7,1
11502,1790,2,1.5,1.5,8,1
11503,2060,4,2.25,1.0,7,0
11504,1150,3,1.0,1.0,6,0
11505,4030,4,3.5,3.0,9,1
11506,2020,3,1.75,1.0,8,1
11507,2740,4,2.5,2.0,9,1
11508,1930,4,2.25,1.0,7,0
11509,2500,5,1.75,1.0,9,1
11510,2080,3,3.5,2.0,8,0
11511,1460,3,1.5,1.0,7,1
11512,3290,3,2.75,2.0,10,1
11513,1540,4,2.5,2.0,8,1
11514,1310,3,2.0,1.0,7,0
11515,2120,4,2.5,1.0,8,1
11516,2920,4,2.0,1.0,8,1
11517,1150,3,1.5,1.0,7,0
11518,2380,3,2.5,2.0,8,0
11519,2220,3,2.75,2.0,7,0
11520,3020,5,2.0,1.5,7,1
11521,2460,3,2.0,1.0,7,0
11522,1820,3,1.75,1.0,7,0
11523,2620,4,2.5,2.0,9,1
11524,1750,3,2.0,1.0,8,1
11525,2020,4,2.5,2.0,7,0
11526,1240,3,1.75,1.0,6,0
11527,1380,2,2.0,1.0,7,0
11528,1920,3,1.75,1.0,7,0
11529,1680,3,1.75,1.0,7,0
11530,1400,3,1.0,1.0,7,0
11531,1240,3,1.0,1.0,6,0
11532,1410,3,1.75,1.0,7,0
11533,1440,3,1.75,1.0,8,0
11534,1230,2,2.25,2.0,8,1
11535,1550,5,1.5,1.0,7,1
11536,1760,3,2.0,1.0,8,0
11537,5000,4,3.5,2.0,11,1
11538,2140,5,2.0,1.5,7,1
11539,3510,6,3.0,2.5,10,1
11540,2010,3,1.75,1.0,8,0
11541,3390,5,2.5,1.0,8,1
11542,2160,4,2.25,1.0,8,0
11543,1300,2,2.0,1.0,8,0
11544,1280,3,1.5,2.0,6,0
11545,1840,3,2.0,1.0,7,0
11546,3200,4,2.5,2.0,7,0
11547,2800,3,2.25,2.0,9,0
11548,1390,2,1.0,1.0,7,0
11549,2600,4,2.5,2.0,8,0
11550,1960,3,2.5,2.0,8,1
11551,1250,3,1.0,1.0,6,0
11552,1250,3,1.0,1.0,6,0
11553,550,1,1.0,1.0,4,0
11554,2500,4,3.25,1.5,8,1
11555,1250,3,1.0,1.0,6,0
11556,3020,4,2.75,2.0,9,1
11557,1640,4,1.75,1.0,7,1
11558,1870,3,1.75,2.0,7,0
11559,1760,3,2.5,3.5,8,1
11560,1320,3,1.5,2.0,7,0
11561,1430,4,1.5,1.5,7,1
11562,1580,3,1.75,1.0,7,0
11563,4170,4,3.5,2.0,11,1
11564,3090,4,3.25,2.0,9,1
11565,1020,3,2.0,2.0,7,0
11566,2180,4,1.75,1.5,8,1
11567,3350,5,3.25,2.0,8,1
11568,2510,3,2.5,2.0,9,1
11569,1880,3,2.5,1.0,8,0
11570,1810,4,1.5,1.0,8,1
11571,4170,5,2.5,2.0,11,1
11572,2230,3,2.5,2.0,7,0
11573,3650,4,2.5,2.0,9,1
11574,2830,6,2.75,1.0,8,1
11575,2120,4,1.5,2.0,8,1
11576,2090,4,2.5,2.0,8,1
11577,2600,3,1.5,1.0,7,1
11578,830,2,1.0,1.0,7,1
11579,1975,4,2.5,2.0,7,0
11580,1900,4,2.5,1.0,7,0
11581,2640,4,2.75,1.5,8,0
11582,1610,4,1.5,1.0,6,0
11583,1770,3,3.25,2.0,8,0
11584,1070,2,1.0,1.0,7,0
11585,4590,5,3.25,2.0,11,1
11586,1540,4,1.0,1.5,7,1
11587,1590,4,1.75,2.0,7,0
11588,1170,2,2.0,1.5,8,1
11589,2880,4,2.25,1.0,8,1
11590,2510,4,1.75,1.0,8,1
11591,1280,2,1.0,1.0,7,0
11592,1570,3,1.5,1.0,8,0
11593,740,2,1.0,1.0,6,0
11594,1740,3,1.5,1.0,7,1
11595,1180,3,2.5,3.0,8,1
11596,2960,5,2.75,1.0,9,1
11597,1880,3,1.75,1.0,7,0
11598,1150,3,1.0,1.0,8,1
11599,1320,3,1.0,1.0,7,0
11600,1640,4,2.0,1.0,6,0
11601,1470,3,2.0,1.0,7,0
11602,900,3,1.0,1.0,6,0
11603,1510,3,1.75,1.0,8,1
11604,1440,3,1.0,1.0,6,0
11605,1380,2,1.0,1.0,7,0
11606,1150,2,1.5,1.0,7,0
11607,3610,6,2.75,1.0,9,1
11608,1250,3,2.0,3.0,7,1
11609,3510,3,2.5,2.0,9,1
11610,2260,3,2.5,2.0,8,1
11611,2840,3,1.75,1.0,7,0
11612,1430,3,1.5,1.0,7,0
11613,1420,2,1.0,1.0,7,0
11614,2120,4,2.5,2.0,8,1
11615,2080,3,2.5,2.0,8,1
11616,1370,2,2.5,2.0,7,0
11617,1900,4,2.25,1.0,8,1
11618,1660,3,1.75,1.0,7,0
11619,1310,3,1.0,1.0,7,0
11620,1840,3,2.5,1.0,7,1
11621,1040,1,0.75,1.0,7,0
11622,2610,3,2.5,2.0,10,1
11623,1990,3,2.0,1.0,7,1
11624,3080,3,2.0,1.0,8,1
11625,1200,3,1.0,1.0,7,0
11626,1250,4,1.0,1.0,7,0
11627,2640,4,2.75,2.0,10,1
11628,1790,5,1.75,2.0,8,1
11629,1140,2,2.0,1.0,7,0
11630,1790,3,2.25,1.5,7,0
11631,1910,4,2.75,1.0,7,1
11632,1530,4,1.75,1.5,7,1
11633,1050,2,2.5,2.0,8,0
11634,1730,3,1.75,1.0,7,0
11635,1100,4,1.5,1.0,7,0
11636,2100,5,2.25,1.0,7,0
11637,2800,4,2.5,2.0,9,1
11638,5000,5,3.5,2.0,10,1
11639,880,1,0.5,1.0,6,0
11640,1470,3,2.5,2.0,7,0
11641,3950,5,3.25,2.0,10,1
11642,980,3,1.0,1.0,7,0
11643,2180,4,1.0,1.5,7,0
11644,3040,4,2.75,2.0,11,1
11645,4130,5,3.75,2.0,9,1
11646,1850,4,1.75,1.5,7,0
11647,1600,3,2.5,2.0,7,0
11648,2070,2,1.5,2.0,7,1
11649,3180,4,2.5,2.0,7,1
11650,6900,6,4.25,2.0,9,1
11651,2640,4,2.25,2.0,7,1
11652,1920,3,1.5,1.0,6,0
11653,2030,3,1.75,1.0,8,1
11654,1140,2,1.0,1.5,6,0
11655,1660,3,1.0,1.0,7,0
11656,1390,2,1.5,3.0,7,0
11657,2490,4,3.0,1.5,8,1
11658,2550,4,2.5,2.0,9,0
11659,1270,3,2.0,1.0,6,0
11660,2980,4,3.25,2.0,10,1
11661,1470,3,2.0,1.0,8,0
11662,3550,4,3.0,1.5,10,1
11663,780,2,1.0,1.0,6,0
11664,1390,2,2.5,2.0,7,0
11665,2440,4,2.5,2.0,8,1
11666,1260,3,1.5,1.5,8,1
11667,1640,3,2.25,2.0,7,0
11668,1670,3,3.0,1.5,7,0
11669,2380,3,2.25,1.0,8,1
11670,1030,4,1.0,1.0,7,0
11671,1560,3,1.5,1.0,7,0
11672,1640,4,1.75,1.0,7,0
11673,2200,2,2.5,1.0,8,1
11674,3190,4,2.5,2.0,10,1
11675,1200,3,1.5,1.0,7,0
11676,2250,3,2.25,2.0,8,1
11677,1960,2,1.75,1.0,7,1
11678,1250,3,1.0,1.0,7,0
11679,2640,4,2.25,1.0,9,1
11680,2460,2,2.25,1.5,9,1
11681,1700,3,2.5,2.0,7,0
11682,840,2,1.0,1.0,5,0
11683,1900,4,2.0,1.0,6,0
11684,2160,4,2.75,1.0,7,1
11685,1610,3,1.75,1.0,8,1
11686,1720,3,2.5,2.0,8,0
11687,2190,4,2.75,2.0,8,1
11688,3020,4,1.75,1.0,8,1
11689,1980,3,1.75,1.0,7,0
11690,1880,3,2.5,2.0,7,1
11691,1610,3,1.75,1.0,7,0
11692,3260,4,3.0,2.0,9,1
11693,3970,5,3.25,2.0,9,1
11694,4570,4,2.5,2.0,12,1
11695,2620,5,2.75,1.5,7,1
11696,1180,3,1.0,1.0,7,0
11697,1365,3,2.5,3.0,7,1
11698,720,2,1.0,1.0,6,0
11699,1350,3,2.25,1.0,7,0
11700,3060,6,2.5,1.0,8,0
11701,1850,3,2.75,2.0,8,0
11702,1320,3,1.75,1.5,7,0
11703,1990,3,1.75,2.0,9,1
11704,610,1,1.0,1.0,5,0
11705,2500,4,1.0,1.5,7,1
11706,1440,3,2.0,1.0,7,0
11707,2750,6,4.5,2.0,8,1
11708,1790,3,1.75,1.0,8,1
11709,1050,2,2.0,2.0,8,0
11710,1780,3,2.5,2.0,7,0
11711,2200,4,2.5,2.0,8,1
11712,1720,4,2.0,2.0,7,1
11713,5840,5,4.5,2.0,12,1
11714,1520,3,2.25,2.0,7,0
11715,1320,3,1.0,1.0,7,0
11716,1070,3,1.0,1.0,7,1
11717,1990,4,2.5,2.0,8,0
11718,4980,4,4.25,2.0,9,1
11719,890,2,1.0,1.0,6,0
11720,1440,3,2.0,2.0,7,0
11721,2440,4,2.5,2.0,7,0
11722,1800,4,2.25,1.0,7,0
11723,2260,5,3.0,1.0,7,1
11724,810,2,1.0,1.0,6,0
11725,2240,4,2.75,2.0,7,1
11726,4560,3,2.5,2.0,9,1
11727,1550,3,1.5,1.0,7,0
11728,3180,5,3.5,2.0,10,1
11729,2950,6,2.25,1.0,7,0
11730,2190,5,3.0,2.0,7,0
11731,1570,2,2.0,1.0,8,1
11732,3420,5,3.25,2.0,9,1
11733,2420,4,2.5,2.0,9,1
11734,1570,3,2.25,1.0,7,0
11735,3680,5,3.25,2.0,9,1
11736,1910,4,1.75,1.0,7,1
11737,1780,3,1.75,1.0,7,1
11738,2160,2,1.0,1.0,6,1
11739,1460,3,1.5,1.0,7,0
11740,1370,3,1.5,1.0,6,0
11741,1370,3,1.5,1.0,6,0
11742,1500,3,2.5,2.0,8,0
11743,1210,3,1.75,1.0,7,1
11744,2850,3,2.5,1.0,8,1
11745,1090,3,1.0,1.0,6,0
11746,1450,3,1.75,1.0,7,0
11747,1820,4,2.25,1.0,8,1
11748,1320,3,1.5,1.0,7,0
11749,1670,2,1.5,1.0,7,0
11750,1440,4,2.0,1.0,5,0
11751,980,3,1.0,1.0,7,0
11752,4340,4,3.5,2.0,10,1
11753,2860,4,2.25,1.0,8,1
11754,1140,3,1.5,1.0,6,0
11755,1120,3,1.5,1.0,7,0
11756,1460,3,3.25,2.0,8,0
11757,2050,4,2.5,2.0,7,0
11758,1250,3,1.0,1.0,7,0
11759,2520,4,2.5,2.0,9,0
11760,2580,3,3.25,1.5,9,1
11761,1200,2,1.0,2.0,7,0
11762,2140,5,2.25,1.0,7,1
11763,3440,4,3.25,2.0,11,1
11764,1800,4,2.5,1.0,7,0
11765,1790,4,2.5,1.0,7,0
11766,1250,2,1.75,1.0,7,0
11767,800,2,2.0,1.0,6,0
11768,1410,3,2.0,1.0,8,1
11769,1330,2,2.25,3.0,8,1
11770,2890,4,2.75,1.5,9,1
11771,2550,4,2.5,2.0,9,1
11772,2880,5,2.5,2.0,8,0
11773,660,3,1.0,1.0,5,0
11774,1470,3,2.25,2.0,7,1
11775,1700,4,1.75,1.0,8,0
11776,1040,3,1.0,1.0,7,0
11777,880,2,1.0,1.0,6,0
11778,2490,4,2.5,2.0,9,0
11779,1210,3,1.5,1.0,7,0
11780,2080,5,2.0,1.0,6,1
11781,1380,3,1.0,1.0,7,0
11782,1620,3,2.25,1.0,7,0
11783,1680,4,1.0,1.5,7,1
11784,1330,3,1.0,1.0,6,0
11785,1730,3,1.75,1.0,7,1
11786,790,2,1.0,1.0,6,0
11787,2240,3,2.5,2.0,8,0
11788,1500,3,1.5,1.0,7,0
11789,1800,3,2.0,1.0,8,0
11790,1980,4,2.5,2.0,7,0
11791,1340,3,1.75,1.0,7,0
11792,750,2,1.0,1.0,7,0
11793,1790,4,2.25,1.0,7,0
11794,5490,4,3.5,1.0,12,1
11795,1940,3,2.0,1.0,7,0
11796,2670,4,1.75,2.0,8,0
11797,1220,3,2.0,1.0,7,0
11798,1310,3,1.5,1.0,7,1
11799,1930,4,2.5,2.0,8,0
11800,2100,4,3.0,2.0,8,1
11801,1180,3,1.0,1.0,7,0
11802,4320,5,3.25,2.0,12,1
11803,3140,4,1.75,1.0,7,1
11804,2320,3,2.0,1.0,7,0
11805,2110,3,1.75,2.0,7,0
11806,1790,4,2.0,1.0,7,0
11807,1740,5,2.5,1.0,7,0
11808,3820,4,3.25,2.0,10,1
11809,2050,3,3.5,2.0,9,1
11810,1680,4,2.25,2.0,8,0
11811,1930,4,2.25,1.0,8,0
11812,3760,4,3.0,2.0,8,1
11813,2370,3,2.25,1.0,8,1
11814,2120,4,3.0,2.0,8,0
11815,2370,4,2.5,2.0,8,1
11816,2350,4,2.5,1.5,8,1
11817,1180,3,1.0,1.5,7,0
11818,2270,3,2.5,2.0,8,1
11819,1830,3,2.25,1.0,7,0
11820,3910,3,2.75,1.0,9,1
11821,890,3,1.0,1.0,6,0
11822,1820,3,2.25,1.0,7,0
11823,2440,4,2.5,2.0,10,1
11824,1110,2,1.0,1.0,6,0
11825,1870,3,2.0,1.0,7,0
11826,1240,3,1.5,1.5,8,1
11827,1560,3,2.0,1.0,7,1
11828,1910,3,2.5,2.0,8,1
11829,2200,3,1.0,1.0,9,1
11830,2530,4,2.75,2.0,8,0
11831,1130,3,1.0,1.0,7,0
11832,820,2,1.0,1.0,6,0
11833,960,2,1.0,1.0,6,0
11834,1980,4,1.5,1.5,8,1
11835,3370,4,3.5,2.0,10,1
11836,1800,3,2.25,2.0,7,0
11837,3990,5,3.5,2.0,9,1
11838,4070,4,2.5,3.0,8,1
11839,1640,4,1.75,1.5,7,1
11840,3730,4,3.25,2.0,10,1
11841,1220,3,1.75,1.0,7,0
11842,3490,3,3.5,2.0,9,1
11843,1730,3,2.5,2.0,7,0
11844,3430,4,2.75,1.5,8,0
11845,2320,4,2.5,2.0,7,0
11846,2030,3,1.75,1.0,7,0
11847,4850,5,4.0,2.0,10,1
11848,1340,3,1.5,1.0,7,0
11849,1130,3,1.0,1.0,6,0
11850,1180,2,2.0,2.0,6,0
11851,910,2,1.0,1.0,6,0
11852,1630,3,1.75,1.5,7,1
11853,710,2,1.0,2.0,7,0
11854,1520,4,1.0,1.0,5,0
11855,2820,4,2.5,2.0,9,1
11856,1970,4,1.75,1.5,7,0
11857,2240,5,3.0,1.0,8,0
11858,1860,2,1.75,1.0,8,1
11859,1780,4,1.0,1.5,6,0
11860,1788,4,2.5,2.0,7,0
11861,1880,3,2.5,2.0,8,1
11862,2300,3,1.75,1.0,8,1
11863,1610,3,2.5,2.0,7,0
11864,2270,6,2.5,1.0,7,0
11865,1230,2,1.75,1.5,7,1
11866,3420,4,3.5,2.0,9,1
11867,1670,3,1.5,1.0,7,0
11868,1120,2,1.0,1.0,7,1
11869,2580,4,2.5,2.0,8,0
11870,3847,5,2.75,1.0,9,1
11871,3630,4,2.5,1.5,9,0
11872,3580,4,2.75,1.0,10,1
11873,4050,5,4.0,2.0,10,1
11874,3240,3,3.5,2.0,10,1
11875,1540,3,1.75,1.5,7,1
11876,2550,4,2.5,2.0,7,0
11877,2340,4,2.0,1.0,8,1
11878,2320,4,2.5,2.0,8,0
11879,1640,4,2.5,2.0,7,1
11880,910,2,1.0,1.0,6,0
11881,2550,4,3.25,2.0,8,0
11882,2660,4,2.5,2.0,8,0
11883,1480,3,2.5,2.0,7,1
11884,2810,4,2.5,1.0,7,1
11885,830,1,1.0,1.0,7,1
11886,3510,3,2.75,2.0,10,1
11887,2480,3,2.5,2.0,7,0
11888,3720,4,3.0,2.5,9,1
11889,2150,3,2.25,2.0,8,1
11890,2370,3,2.5,2.0,9,1
11891,4310,5,2.5,2.0,10,1
11892,2990,5,2.75,2.0,8,1
11893,1350,4,1.0,1.5,8,1
11894,2370,2,2.0,1.5,7,1
11895,1410,3,2.0,1.0,7,0
11896,1170,2,1.0,1.0,6,0
11897,1800,4,2.5,2.0,8,1
11898,3650,4,2.75,2.0,9,1
11899,1490,3,1.75,1.0,7,0
11900,3610,4,2.5,2.0,10,1
11901,2050,4,1.75,1.0,7,1
11902,1092,3,1.0,1.5,6,0
11903,2010,4,2.25,1.0,8,0
11904,1680,3,2.0,2.0,7,0
11905,2510,4,2.0,1.0,9,1
11906,2280,4,2.5,2.0,8,1
11907,2510,3,2.5,2.0,7,1
11908,3190,5,2.75,1.0,9,1
11909,4690,4,3.25,2.0,10,1
11910,1850,3,2.25,1.0,7,1
11911,4160,4,3.0,2.0,11,1
11912,2220,4,1.5,1.5,8,1
11913,2870,3,2.5,2.0,10,1
11914,3950,4,2.75,1.0,10,1
11915,1740,2,1.75,1.5,8,0
11916,4780,5,3.0,1.0,10,1
11917,3160,4,2.5,1.0,10,1
11918,1990,5,1.75,1.0,7,0
11919,3920,4,3.5,2.0,10,1
11920,960,3,1.0,1.0,7,0
11921,1540,2,1.5,2.0,7,1
11922,1970,4,2.5,2.0,7,0
11923,1880,3,2.5,2.0,8,1
11924,2000,3,2.75,1.0,8,0
11925,1990,3,2.5,2.0,8,1
11926,1400,4,1.0,1.5,6,0
11927,3190,4,2.5,2.0,9,1
11928,1000,3,1.5,1.0,7,0
11929,1670,3,1.75,1.0,7,0
11930,2100,4,2.0,1.0,7,1
11931,1010,2,1.0,1.0,6,0
11932,2030,4,2.5,1.5,7,1
11933,1090,3,1.0,1.0,6,0
11934,2440,4,1.75,1.0,7,1
11935,2500,4,3.0,2.0,9,0
11936,3420,4,2.5,2.0,9,1
11937,2850,4,2.5,2.0,8,1
11938,2030,4,1.5,1.5,8,1
11939,4590,5,3.75,2.0,11,1
11940,2230,3,2.5,2.0,7,0
11941,1810,2,1.75,1.0,8,1
11942,4000,6,4.5,2.0,7,1
11943,1490,3,1.75,1.0,8,1
11944,4225,4,4.5,2.0,11,1
11945,2120,4,1.75,1.5,8,1
11946,1030,3,1.5,1.0,7,0
11947,2310,4,1.75,1.0,7,0
11948,1830,3,2.25,2.0,8,0
11949,2120,5,2.0,1.5,7,0
11950,2500,4,1.5,1.0,7,0
11951,2470,3,2.5,2.0,8,0
11952,940,2,1.0,1.0,6,0
11953,3260,5,2.75,1.0,8,1
11954,1660,3,2.25,1.0,8,1
11955,4370,4,3.0,2.0,10,1
11956,2620,3,2.5,2.0,9,1
11957,1500,3,1.75,1.0,7,0
11958,910,2,1.0,1.0,7,0
11959,1430,3,1.75,1.0,6,0
11960,900,2,1.0,1.0,6,0
11961,1250,4,1.75,1.0,6,0
11962,3850,5,3.0,1.0,9,1
11963,3450,4,2.5,2.0,10,1
11964,3950,4,3.5,2.0,10,1
11965,1950,4,1.5,1.5,6,0
11966,1700,3,2.5,2.0,7,0
11967,2370,3,2.5,2.0,7,0
11968,1600,3,1.75,2.0,7,1
11969,4060,4,1.75,2.0,9,1
11970,1322,3,2.25,2.0,8,0
11971,1140,3,1.75,1.0,7,0
11972,1280,2,1.5,2.0,7,0
11973,3080,4,2.5,2.5,8,1
11974,1210,2,1.75,1.0,7,0
11975,1950,4,1.75,1.0,7,0
11976,1450,4,1.0,1.5,6,0
11977,1590,3,2.25,2.0,7,0
11978,1240,3,1.0,1.5,7,0
11979,1440,3,1.0,1.0,7,1
11980,3470,4,2.5,2.0,10,1
11981,5100,7,3.75,2.0,10,1
11982,2430,3,1.75,1.0,8,1
11983,2420,3,2.25,1.0,8,1
11984,1510,3,2.5,1.0,7,0
11985,1200,3,1.0,1.0,7,0
11986,2240,3,2.5,2.0,7,0
11987,1870,3,1.75,1.0,7,1
11988,1110,3,1.0,1.5,7,1
11989,3210,4,2.0,1.5,7,1
11990,2090,3,1.75,1.0,8,1
11991,1320,3,2.25,2.0,7,1
11992,1340,3,1.75,1.0,7,0
11993,1020,3,1.0,1.0,7,1
11994,1220,3,2.0,1.0,7,0
11995,1220,3,2.0,1.0,7,0
11996,1390,3,2.0,1.5,7,1
11997,2970,4,2.0,2.5,9,1
11998,1440,2,2.0,2.0,7,0
11999,1550,2,1.75,1.0,7,0
12000,1904,4,2.5,2.0,7,0
12001,1400,4,1.5,2.0,7,0
12002,2140,3,2.5,2.0,8,0
12003,1320,3,1.75,1.0,7,0
12004,2620,3,1.75,1.0,7,1
12005,2300,4,0.5,2.0,8,0
12006,2000,4,2.5,2.0,8,1
12007,2960,4,2.75,2.0,9,1
12008,2700,3,2.75,1.5,10,1
12009,1740,3,1.75,1.0,8,1
12010,1770,2,2.5,1.0,7,0
12011,1290,3,2.0,1.0,7,0
12012,1450,4,2.0,1.5,7,0
12013,1420,3,2.25,1.0,7,0
12014,1330,3,0.75,1.0,7,0
12015,1760,3,1.75,1.5,7,1
12016,2010,3,1.75,1.0,7,1
12017,2560,5,2.0,1.0,8,1
12018,1260,2,1.5,2.0,7,0
12019,2420,4,2.25,1.0,8,1
12020,1010,3,1.0,1.0,6,0
12021,1770,4,2.5,1.5,6,1
12022,890,2,1.0,1.0,6,0
12023,1670,3,1.5,2.0,7,1
12024,1360,3,2.25,2.0,7,0
12025,2120,3,2.5,2.0,9,1
12026,1910,3,2.5,2.0,8,1
12027,1480,4,1.0,1.5,7,0
12028,1090,3,1.0,1.0,7,0
12029,1670,4,1.75,1.0,8,1
12030,1670,4,1.75,1.0,8,1
12031,3650,5,2.75,2.0,9,1
12032,1970,4,2.0,1.0,8,1
12033,1320,2,2.0,1.5,6,0
12034,1710,3,1.0,1.0,7,0
12035,1740,3,2.25,1.0,8,0
12036,2200,3,3.25,2.0,8,1
12037,2010,3,2.0,2.0,9,1
12038,3910,3,3.0,2.0,11,1
12039,2330,4,2.5,1.0,8,1
12040,1930,3,1.75,1.5,6,0
12041,3270,4,2.5,2.0,9,1
12042,1650,3,2.5,2.0,8,0
12043,2220,4,2.75,1.0,7,0
12044,2470,2,1.75,1.0,7,1
12045,1300,3,1.0,1.0,7,0
12046,2530,5,2.75,1.0,7,0
12047,2400,3,1.5,1.0,7,0
12048,1500,4,2.25,2.0,7,0
12049,1700,4,1.75,1.0,7,0
12050,2120,4,1.5,1.0,7,0
12051,2240,4,2.5,2.0,8,0
12052,1540,3,1.75,1.0,7,0
12053,1890,3,1.75,1.0,8,1
12054,1260,3,1.0,2.0,7,1
12055,1160,2,1.5,2.0,7,0
12056,1300,2,1.0,1.0,6,0
12057,3220,4,2.5,2.0,8,1
12058,2020,4,1.5,1.0,7,0
12059,2990,4,2.5,1.0,8,1
12060,1420,4,1.0,1.0,7,0
12061,1020,3,1.0,1.0,7,0
12062,2400,4,2.75,2.0,8,1
12063,3640,5,3.0,2.0,10,1
12064,1550,2,2.25,2.0,8,0
12065,1870,2,2.0,1.0,8,1
12066,2340,3,2.5,2.0,8,1
12067,3350,5,4.25,2.0,10,1
12068,1710,3,1.0,1.0,7,1
12069,1180,2,2.0,1.0,7,0
12070,1600,3,1.5,1.0,7,0
12071,1300,3,1.75,1.0,7,0
12072,1040,3,1.5,1.0,7,0
12073,1220,3,1.0,1.0,7,0
12074,2240,3,2.5,2.0,8,0
12075,1420,3,1.5,1.0,7,0
12076,1580,3,1.75,1.0,7,0
12077,2390,3,1.5,1.0,7,0
12078,2260,4,2.25,2.0,8,1
12079,1890,3,1.75,1.0,7,0
12080,1830,2,1.75,1.0,7,1
12081,1000,3,1.75,1.0,6,0
12082,2180,3,1.75,1.0,8,1
12083,2320,6,2.0,2.0,8,0
12084,840,3,1.0,1.0,6,0
12085,840,3,1.0,1.0,6,0
12086,2350,4,2.25,1.0,8,1
12087,2040,3,1.75,1.0,7,1
12088,2370,4,2.5,2.0,8,1
12089,1590,5,2.0,1.0,7,0
12090,1380,3,1.0,1.0,7,0
12091,1940,4,1.5,1.5,7,0
12092,3320,4,2.5,2.0,9,1
12093,1090,2,1.0,1.5,7,1
12094,1650,3,1.5,1.0,7,0
12095,1110,3,1.5,1.0,6,0
12096,2110,4,2.5,1.0,7,1
12097,1850,3,3.0,1.5,6,1
12098,600,1,1.0,1.0,6,0
12099,2760,5,2.5,1.5,8,1
12100,2970,4,1.75,1.0,9,1
12101,2300,3,1.75,1.0,7,1
12102,2030,3,2.5,2.0,8,1
12103,2160,4,1.75,1.0,8,0
12104,1650,3,2.0,2.0,7,1
12105,3140,4,2.5,2.0,8,1
12106,2690,4,2.25,2.0,9,1
12107,1940,5,2.5,1.0,7,0
12108,1220,4,1.0,1.5,6,0
12109,1300,3,1.0,1.0,6,0
12110,1660,3,1.75,1.0,7,0
12111,3390,4,1.5,2.0,8,1
12112,2310,4,1.5,1.0,7,1
12113,950,2,1.0,1.0,7,0
12114,2400,4,3.75,1.0,7,1
12115,1780,3,1.0,1.5,6,0
12116,1280,4,1.5,1.0,7,0
12117,1930,4,2.0,1.0,7,1
12118,2560,5,2.25,1.0,8,1
12119,920,2,1.0,1.0,6,0
12120,1900,3,2.5,2.0,8,1
12121,2270,3,2.0,1.0,6,1
12122,2080,3,2.5,1.0,8,0
12123,1460,3,1.75,1.0,8,1
12124,1670,3,1.75,1.0,8,1
12125,2810,4,2.5,2.0,9,0
12126,2370,3,2.5,2.0,8,0
12127,1700,2,1.75,1.0,8,0
12128,1630,2,1.0,1.0,7,0
12129,2930,4,2.75,1.0,8,1
12130,860,2,1.0,1.0,6,0
12131,1980,3,2.0,1.0,9,1
12132,2080,3,2.5,2.0,9,0
12133,1060,3,1.0,1.0,7,0
12134,1590,3,2.5,2.0,7,0
12135,1980,3,2.25,1.0,7,0
12136,1720,4,2.0,1.0,7,0
12137,1350,4,1.75,1.0,7,1
12138,2080,3,2.5,2.0,8,1
12139,2090,3,2.5,2.0,8,0
12140,2030,3,2.5,2.0,7,1
12141,2680,3,2.25,1.0,9,1
12142,1820,3,1.75,1.0,7,0
12143,1300,3,2.0,1.0,7,0
12144,2210,4,2.5,2.0,8,0
12145,1400,3,2.0,1.0,7,1
12146,2040,3,1.75,1.5,8,1
12147,2420,3,2.5,2.0,8,0
12148,1920,4,1.75,1.0,7,0
12149,3860,4,3.25,1.0,10,1
12150,2760,5,2.75,1.0,7,1
12151,3450,4,3.75,2.0,10,1
12152,1040,3,1.0,1.0,6,0
12153,2220,3,1.75,1.0,8,1
12154,2470,4,2.5,2.0,7,0
12155,1300,3,1.75,1.0,7,0
12156,1960,3,2.5,1.0,8,1
12157,2040,3,1.5,2.0,8,1
12158,3030,4,2.5,2.0,9,1
12159,2260,4,3.0,2.0,7,1
12160,2670,3,2.5,2.0,9,1
12161,1520,3,2.5,2.0,7,0
12162,3610,3,1.75,1.5,10,1
12163,1130,3,1.75,1.0,7,1
12164,1480,3,2.0,2.0,7,0
12165,3540,5,2.0,2.0,9,1
12166,2100,4,2.25,1.0,7,0
12167,3366,5,4.0,2.5,8,1
12168,1810,3,1.75,1.5,7,1
12169,1680,3,1.75,1.5,7,1
12170,2450,3,1.75,1.0,8,1
12171,1150,1,2.0,1.0,7,0
12172,1150,1,2.0,1.0,7,0
12173,3240,4,2.5,2.0,9,1
12174,3480,4,2.5,1.5,11,1
12175,2800,4,2.5,2.0,9,0
12176,3240,3,2.75,1.0,8,1
12177,1480,2,1.5,1.0,6,0
12178,1700,3,1.0,1.5,6,1
12179,1240,2,1.0,1.0,7,0
12180,3720,4,3.5,2.0,10,1
12181,1910,3,2.5,2.0,8,1
12182,2120,4,2.0,1.5,7,0
12183,3020,4,2.5,2.0,7,1
12184,2250,3,2.0,1.0,7,1
12185,1650,4,2.0,2.0,7,1
12186,880,2,1.5,2.0,7,0
12187,1860,3,1.0,1.0,7,0
12188,3840,5,3.25,3.0,10,1
12189,2192,4,2.25,2.0,8,0
12190,1590,3,2.5,2.0,7,0
12191,3700,4,4.75,1.0,7,1
12192,3670,4,2.5,2.0,10,1
12193,1630,3,1.0,1.0,7,0
12194,4230,3,3.0,2.0,9,1
12195,1060,2,1.0,1.5,6,0
12196,2700,3,2.5,2.0,9,1
12197,2110,3,2.25,2.0,8,0
12198,3720,4,2.5,2.0,10,1
12199,3440,4,3.5,2.0,11,1
12200,2420,4,2.25,1.0,8,1
12201,1090,3,1.0,1.5,7,0
12202,2910,4,2.5,2.0,8,1
12203,1050,3,1.0,1.0,7,0
12204,1610,3,2.0,1.0,7,0
12205,1760,3,2.5,2.0,8,0
12206,1540,3,1.5,1.0,7,1
12207,2580,4,2.5,1.0,8,1
12208,1370,2,1.0,1.5,7,1
12209,1440,2,1.75,1.0,8,1
12210,1410,3,1.0,1.0,7,0
12211,1980,3,2.25,1.0,8,1
12212,2440,3,3.5,2.0,7,1
12213,1350,3,2.0,1.0,7,0
12214,3130,3,3.25,1.0,9,1
12215,880,3,1.0,1.0,5,0
12216,1920,3,2.25,1.0,7,1
12217,2700,4,1.75,1.0,8,1
12218,1670,4,2.75,1.0,7,1
12219,3470,4,2.5,2.0,10,1
12220,1820,3,2.25,2.0,8,1
12221,1310,3,1.5,1.0,7,0
12222,1790,3,2.0,1.0,8,0
12223,2460,4,2.5,2.0,8,1
12224,1060,3,1.5,1.0,7,0
12225,1340,3,1.75,1.0,7,0
12226,1480,3,1.75,1.0,8,0
12227,3500,4,2.5,2.0,9,1
12228,2910,4,2.75,1.0,9,1
12229,1940,4,1.75,1.0,8,0
12230,2280,4,2.5,2.0,8,1
12231,1190,3,2.25,3.0,8,0
12232,1260,3,1.0,1.0,7,1
12233,2270,5,2.0,1.0,7,1
12234,1990,4,2.25,1.0,7,0
12235,1500,4,1.75,1.0,7,0
12236,2060,5,2.75,1.5,7,0
12237,1950,3,2.25,2.0,8,1
12238,1790,3,1.75,1.0,7,0
12239,1520,3,1.0,1.0,6,1
12240,3240,4,2.5,2.0,9,1
12241,2440,3,2.0,1.0,8,0
12242,2220,4,2.0,1.5,7,1
12243,2640,5,1.75,1.5,7,1
12244,1450,4,1.75,1.0,7,1
12245,1550,3,2.25,2.0,8,1
12246,6200,5,4.5,3.0,11,1
12247,2810,4,3.25,1.0,8,1
12248,2080,4,2.5,1.0,7,1
12249,1370,3,1.5,1.0,7,1
12250,2920,4,2.25,1.0,11,1
12251,1000,3,1.0,1.0,6,0
12252,1210,2,1.75,1.0,7,0
12253,2790,4,2.5,2.0,8,0
12254,1660,2,1.5,1.0,6,0
12255,1650,3,2.0,2.0,7,1
12256,1300,3,1.75,1.0,7,0
12257,1090,3,1.75,1.0,7,0
12258,2660,5,2.5,1.0,9,1
12259,940,3,1.0,1.0,5,0
12260,2750,3,2.75,1.0,9,1
12261,3850,4,4.5,2.0,10,1
12262,860,2,1.0,1.0,7,0
12263,2070,4,2.75,1.0,7,1
12264,2290,2,2.25,1.0,8,1
12265,2340,4,2.5,1.0,8,1
12266,2680,3,1.75,1.0,8,1
12267,1710,4,2.0,1.0,8,0
12268,1800,3,1.5,1.0,7,1
12269,1510,3,2.25,1.0,7,0
12270,1700,3,2.5,2.0,8,0
12271,1350,4,1.0,1.5,7,0
12272,2140,5,2.5,1.0,7,0
12273,2700,6,4.0,1.0,7,0
12274,920,1,1.0,1.0,7,1
12275,1500,3,1.75,1.0,7,0
12276,1510,3,1.75,1.0,7,1
12277,1980,5,1.5,1.5,7,0
12278,4500,4,3.0,2.0,9,1
12279,3220,4,2.5,2.0,8,0
12280,1140,2,1.5,2.0,7,1
12281,1490,3,2.25,2.0,7,0
12282,4360,4,3.25,1.0,10,1
12283,960,3,1.0,1.0,7,0
12284,2253,4,3.0,2.0,7,0
12285,770,2,1.0,1.0,6,0
12286,1310,2,2.5,2.0,8,0
12287,980,3,1.0,1.0,6,0
12288,1820,4,2.5,2.0,8,1
12289,3980,4,3.75,2.0,10,1
12290,3010,3,2.25,2.0,8,1
12291,1830,4,2.5,2.0,8,0
12292,2550,5,2.5,1.0,9,1
12293,800,2,1.0,1.0,6,0
12294,2890,3,2.25,2.0,8,1
12295,1810,3,1.5,1.0,7,0
12296,1810,3,1.5,1.0,7,1
12297,940,3,1.0,1.0,6,0
12298,1810,4,2.0,1.0,7,0
12299,2550,3,1.75,2.0,9,1
12300,2370,4,2.5,2.0,9,1
12301,1370,6,1.0,1.5,6,0
12302,1370,6,1.0,1.5,6,0
12303,1200,3,1.0,1.0,6,0
12304,2100,3,1.75,1.5,7,1
12305,2020,3,2.25,2.0,7,0
12306,1570,4,1.5,1.0,7,0
12307,1140,2,1.0,1.0,8,0
12308,1830,4,2.5,2.0,7,0
12309,1010,3,2.0,1.0,8,0
12310,1770,4,2.5,1.0,8,1
12311,2120,3,2.5,2.0,7,0
12312,3190,4,3.5,2.0,10,1
12313,2780,4,2.5,1.0,8,1
12314,3350,5,3.0,2.0,8,1
12315,3450,5,3.5,1.0,8,1
12316,1060,3,1.5,1.0,6,0
12317,1670,3,2.5,2.0,8,0
12318,2251,4,1.75,1.0,8,0
12319,1770,3,2.5,1.5,7,1
12320,1510,2,1.75,1.0,8,1
12321,1770,4,2.5,2.0,7,0
12322,1260,3,2.0,1.0,7,0
12323,1710,3,2.0,1.0,7,1
12324,2290,3,1.75,1.0,7,0
12325,790,2,1.0,1.0,6,0
12326,1820,3,2.75,2.0,8,0
12327,3180,4,2.5,1.0,10,1
12328,5280,4,4.0,2.0,11,1
12329,3240,3,2.5,2.0,10,1
12330,2390,3,2.5,2.0,8,0
12331,2500,4,2.5,2.0,7,0
12332,2290,4,2.0,1.5,7,1
12333,1600,3,1.0,1.0,7,1
12334,1120,2,1.0,1.5,7,1
12335,1340,3,1.0,1.0,7,0
12336,1670,6,2.0,1.0,7,1
12337,2830,4,3.0,2.0,8,1
12338,2700,4,2.75,1.0,9,0
12339,910,3,1.5,1.0,6,0
12340,910,3,1.5,1.0,6,0
12341,2370,4,3.5,2.0,8,1
12342,880,2,1.5,2.0,7,0
12343,2050,3,2.5,1.0,8,1
12344,1180,3,1.75,1.0,6,0
12345,1070,3,1.0,1.0,7,0
12346,1380,2,1.0,2.0,7,1
12347,2680,3,2.25,1.0,8,1
12348,2100,5,1.75,1.0,7,0
12349,4133,4,3.75,2.0,11,1
12350,920,3,1.0,1.0,6,0
12351,920,3,1.0,1.0,6,0
12352,1750,2,1.0,1.0,7,1
12353,1950,4,2.5,1.0,7,0
12354,1660,2,1.75,2.0,7,0
12355,2670,4,1.5,2.0,8,0
12356,980,3,1.0,1.0,6,0
12357,1780,4,2.25,2.0,8,1
12358,2370,3,2.25,2.0,7,1
12359,1640,3,2.0,1.0,7,1
12360,2610,4,2.5,1.0,8,1
12361,2030,4,1.75,1.0,7,0
12362,2590,3,2.5,1.0,9,1
12363,1620,3,1.75,1.0,7,0
12364,2040,3,1.75,1.0,8,0
12365,810,2,1.0,1.0,7,0
12366,1270,3,1.0,1.0,7,0
12367,1470,2,2.0,1.5,7,0
12368,1720,3,2.25,1.0,7,1
12369,1320,2,2.5,1.0,8,0
12370,1358,3,2.25,3.0,7,0
12371,2070,4,1.5,1.0,7,0
12372,2910,5,2.25,2.0,9,1
12373,1370,4,1.5,1.0,7,0
12374,2340,4,1.75,1.0,7,1
12375,2290,4,4.0,1.5,7,1
12376,1650,4,2.0,1.0,7,1
12377,650,2,0.75,1.0,5,0
12378,2300,3,2.25,2.0,8,1
12379,620,1,1.0,1.0,5,0
12380,620,1,1.0,1.0,5,0
12381,1400,3,1.0,1.0,6,0
12382,1800,3,1.5,1.0,8,1
12383,1300,3,1.5,1.0,7,0
12384,2360,5,2.5,1.0,7,0
12385,3320,4,3.0,1.0,7,0
12386,1480,3,1.0,2.0,8,1
12387,2190,3,2.5,1.0,8,1
12388,3740,3,3.25,2.5,11,1
12389,1360,3,1.0,1.0,7,0
12390,1210,3,1.0,1.0,6,0
12391,4610,5,4.25,2.0,11,1
12392,860,3,1.0,1.5,7,0
12393,2250,3,2.5,2.0,8,1
12394,2030,3,1.75,1.0,8,1
12395,3260,5,2.5,1.5,8,1
12396,1840,3,1.0,1.0,7,0
12397,1840,3,1.0,1.0,7,0
12398,2000,4,2.75,2.0,7,0
12399,2810,4,2.5,2.0,9,1
12400,1780,3,2.0,1.0,7,1
12401,2540,4,2.5,2.0,9,1
12402,2340,3,2.0,1.0,7,1
12403,1480,3,2.0,1.0,7,0
12404,1358,3,2.25,3.0,7,0
12405,1750,3,2.5,1.0,7,0
12406,1830,4,1.75,2.0,8,1
12407,1170,3,2.0,1.0,7,1
12408,3170,4,2.75,2.0,10,1
12409,1530,4,1.0,2.0,7,0
12410,1100,2,1.0,1.0,7,0
12411,2030,4,2.5,2.0,8,1
12412,1870,3,1.75,1.0,8,0
12413,3080,3,2.5,2.0,10,1
12414,2480,4,1.75,1.0,7,0
12415,910,2,1.0,1.0,6,0
12416,810,2,1.0,1.0,6,0
12417,3990,5,3.5,2.0,11,1
12418,1430,3,2.25,3.0,8,0
12419,2190,4,2.0,2.0,6,1
12420,2290,4,2.5,2.0,8,1
12421,3020,6,4.0,2.0,8,1
12422,2260,2,1.75,2.0,9,1
12423,2020,5,2.0,1.5,7,0
12424,2620,4,2.75,1.0,8,1
12425,2830,2,2.5,2.0,10,1
12426,1700,3,1.75,1.0,8,1
12427,1110,2,1.0,1.0,6,0
12428,2150,4,3.0,1.0,8,0
12429,2650,4,2.5,2.0,9,1
12430,3870,5,3.5,2.0,10,1
12431,2530,4,2.75,2.0,8,1
12432,1450,3,1.0,1.5,7,0
12433,2200,3,2.5,2.0,8,0
12434,1890,4,1.75,1.0,7,0
12435,1530,3,1.75,1.0,7,1
12436,1590,3,1.5,1.0,7,0
12437,2690,4,2.5,2.0,8,1
12438,990,3,1.0,1.0,7,0
12439,1300,3,1.75,1.0,7,0
12440,1720,3,1.5,1.5,8,1
12441,2080,3,1.75,1.0,7,1
12442,1840,3,2.5,2.0,8,0
12443,4010,5,3.5,2.0,9,1
12444,3560,4,2.5,2.0,9,1
12445,1640,3,2.25,1.5,8,1
12446,530,1,1.0,1.0,5,0
12447,1990,3,1.0,1.0,7,0
12448,1690,3,2.25,1.0,7,0
12449,2670,5,2.5,1.5,7,1
12450,1930,4,1.75,1.5,7,1
12451,810,2,1.0,1.0,7,0
12452,1550,3,1.75,1.0,7,1
12453,2640,4,2.5,2.0,8,0
12454,2320,4,2.5,2.0,7,1
12455,2170,3,1.75,1.0,7,0
12456,2080,3,2.0,1.0,7,1
12457,2070,5,2.25,1.0,7,0
12458,800,2,1.0,1.0,7,0
12459,2040,4,2.25,1.0,8,0
12460,2830,4,2.5,2.0,9,1
12461,1480,3,1.75,1.0,6,0
12462,1810,3,2.25,1.0,7,0
12463,1970,3,2.75,2.5,8,1
12464,2650,4,2.5,1.5,8,1
12465,2820,4,2.5,1.0,9,0
12466,1400,3,2.75,1.0,7,0
12467,1580,3,2.5,2.0,8,1
12468,1800,3,2.5,2.0,8,1
12469,3360,5,3.75,2.0,8,1
12470,1510,3,1.0,1.0,6,0
12471,4285,4,4.25,2.0,10,1
12472,1610,3,2.25,2.0,7,0
12473,2470,4,2.5,2.0,8,0
12474,1200,3,1.0,1.0,6,0
12475,1260,3,1.0,1.0,7,0
12476,920,2,1.0,1.0,6,0
12477,2540,5,2.75,1.0,7,1
12478,1870,2,2.0,1.0,8,1
12479,3060,3,2.25,1.5,9,1
12480,1950,4,2.5,2.0,8,0
12481,1730,3,1.5,2.0,8,1
12482,2570,5,2.5,1.0,8,1
12483,1490,3,1.75,1.0,7,1
12484,2040,4,2.5,2.0,7,0
12485,2690,4,2.5,2.0,8,0
12486,1610,3,2.5,2.0,7,0
12487,2520,3,2.0,1.5,8,1
12488,1550,3,1.75,1.0,7,0
12489,1800,3,1.0,1.0,9,1
12490,1170,3,1.0,1.0,7,0
12491,900,2,1.0,1.0,6,0
12492,2800,4,2.0,1.0,8,1
12493,1830,3,1.75,1.5,7,1
12494,1380,3,1.75,1.0,7,1
12495,1990,3,2.75,1.0,8,1
12496,1170,2,1.75,2.0,9,1
12497,1400,4,1.75,1.5,7,0
12498,2620,4,2.5,1.0,8,1
12499,880,3,1.0,1.0,7,0
12500,2260,4,2.5,1.0,8,0
12501,1300,3,1.0,1.0,6,1
12502,1450,3,1.75,1.0,8,0
12503,1110,3,1.0,1.0,7,1
12504,1890,4,2.25,1.0,9,1
12505,1100,3,1.5,2.0,8,0
12506,1350,2,1.5,1.0,7,1
12507,3020,3,2.5,1.0,8,1
12508,730,2,1.0,1.0,6,0
12509,1390,2,1.0,1.0,7,1
12510,2710,3,1.5,1.5,7,0
12511,1530,4,2.0,1.0,7,0
12512,2170,3,2.0,1.0,7,0
12513,790,2,1.0,1.0,7,0
12514,1160,2,1.75,1.0,6,0
12515,1080,3,1.0,1.0,7,0
12516,2190,3,1.75,1.0,8,0
12517,2030,3,2.5,2.0,8,1
12518,2480,3,2.25,2.0,8,0
12519,2240,4,1.0,1.0,7,0
12520,1650,2,1.5,1.0,7,0
12521,1700,3,1.75,1.5,7,1
12522,2790,3,2.5,2.0,10,0
12523,3010,4,2.75,2.0,9,1
12524,2550,4,2.5,1.0,8,1
12525,2880,4,2.5,1.0,10,1
12526,2090,4,2.0,1.0,6,0
12527,740,2,1.0,1.0,5,0
12528,960,2,1.75,1.0,7,0
12529,2100,4,3.5,2.0,8,1
12530,2540,4,2.5,2.0,9,1
12531,1650,3,1.75,1.0,8,1
12532,770,1,0.75,1.0,6,0
12533,2280,4,2.5,1.0,8,1
12534,1660,3,2.0,1.0,7,1
12535,2020,4,2.0,1.5,7,0
12536,970,3,1.0,1.0,7,0
12537,2480,3,2.5,2.0,8,1
12538,1250,3,1.0,1.0,7,0
12539,4430,4,4.0,2.0,12,1
12540,740,1,1.0,1.0,7,0
12541,710,2,1.0,1.0,6,0
12542,1970,4,2.0,1.0,8,0
12543,820,2,1.0,1.0,7,1
12544,1000,2,1.0,1.0,7,0
12545,3080,4,2.5,2.0,9,1
12546,2410,5,2.25,2.0,8,1
12547,2370,3,2.5,2.0,9,1
12548,4690,5,4.5,2.0,10,1
12549,2280,2,2.0,1.0,8,1
12550,1530,2,1.75,1.0,7,1
12551,3610,5,3.5,2.0,7,1
12552,1740,3,2.0,1.0,7,1
12553,3600,4,3.0,1.0,9,1
12554,3130,4,3.0,1.5,7,1
12555,3940,5,3.25,2.0,9,1
12556,2200,4,2.0,1.0,6,0
12557,1510,4,1.0,1.5,7,0
12558,1560,3,1.75,2.0,7,0
12559,1870,4,2.25,2.0,7,0
12560,2070,3,2.25,1.0,8,0
12561,1660,2,1.75,1.0,7,1
12562,2010,3,2.5,1.0,7,1
12563,1410,3,1.0,1.0,7,0
12564,1820,3,1.75,1.0,7,0
12565,2560,3,2.5,2.0,8,1
12566,2450,4,2.75,2.0,8,1
12567,3110,7,2.75,1.5,7,1
12568,2210,3,2.5,2.0,8,0
12569,2630,4,2.5,2.0,9,1
12570,2350,7,1.0,1.0,7,0
12571,4450,5,3.75,2.0,9,1
12572,1200,3,1.0,1.0,6,0
12573,1210,2,1.75,1.0,6,1
12574,1290,3,1.0,1.0,7,0
12575,3490,3,2.5,1.0,10,1
12576,3360,4,2.5,2.0,9,1
12577,2660,3,1.75,1.0,8,1
12578,770,2,1.0,1.0,6,0
12579,1800,3,2.5,2.0,7,1
12580,2900,4,2.5,1.0,8,1
12581,1430,3,2.0,1.0,7,0
12582,2550,4,2.75,2.0,9,1
12583,1310,3,2.75,1.0,7,0
12584,1430,3,1.5,1.0,7,1
12585,1880,4,1.0,1.0,7,0
12586,1600,3,2.5,2.0,7,0
12587,1760,3,2.0,1.0,7,0
12588,1180,2,2.0,2.0,6,0
12589,2330,4,2.5,2.0,8,1
12590,1960,4,1.5,1.5,7,0
12591,1140,4,1.0,1.0,5,0
12592,1400,3,1.75,1.0,7,0
12593,2710,5,2.25,1.0,7,1
12594,3510,4,2.5,2.0,10,1
12595,910,2,1.0,1.0,5,0
12596,2090,3,1.75,1.0,8,1
12597,1410,3,2.0,1.0,7,0
12598,3050,3,3.25,2.0,8,1
12599,2010,4,2.25,1.0,8,1
12600,2120,4,2.25,2.0,7,0
12601,1270,3,1.0,1.0,6,1
12602,1670,3,2.0,1.0,7,1
12603,1800,4,2.5,2.0,8,1
12604,1640,2,1.0,1.0,7,1
12605,1740,3,2.25,1.0,7,0
12606,1600,3,1.0,1.0,7,0
12607,1280,3,1.5,1.5,7,1
12608,1480,4,2.0,1.5,6,1
12609,1980,4,2.5,2.0,7,0
12610,3730,5,3.25,1.0,10,1
12611,900,2,1.0,1.0,7,0
12612,3480,4,3.25,3.0,8,1
12613,2840,4,2.0,1.0,7,1
12614,2490,3,2.5,2.0,9,0
12615,1510,2,2.0,1.0,8,0
12616,2900,4,2.5,2.0,10,1
12617,2240,3,2.5,2.0,7,1
12618,2040,4,1.75,2.0,9,1
12619,1460,3,1.75,1.0,7,0
12620,990,3,1.5,1.0,7,0
12621,1970,4,1.75,1.0,7,0
12622,2660,4,2.5,2.0,8,1
12623,870,2,1.0,1.0,6,0
12624,1740,3,2.5,2.0,7,0
12625,2290,4,2.5,2.0,7,0
12626,2170,4,2.75,1.0,8,1
12627,2040,3,1.75,1.0,7,0
12628,1770,4,1.5,1.0,7,0
12629,2380,3,1.75,1.0,6,0
12630,2030,4,2.0,1.0,7,0
12631,2270,3,2.25,1.0,9,1
12632,1390,2,1.75,1.5,8,1
12633,1530,3,1.75,1.0,7,0
12634,1430,2,1.0,1.5,6,0
12635,2030,3,2.5,1.0,8,1
12636,2390,4,2.5,2.0,7,0
12637,2540,4,2.5,1.0,8,1
12638,1890,3,1.0,1.0,7,0
12639,1870,3,2.25,2.0,7,0
12640,1780,4,3.0,1.0,7,0
12641,1610,3,1.0,1.0,7,1
12642,1420,3,2.0,2.0,7,0
12643,4440,5,4.0,1.0,10,1
12644,1820,4,2.0,2.0,7,1
12645,1620,3,2.0,1.0,7,1
12646,870,2,1.0,1.0,7,0
12647,1830,4,1.75,1.0,7,0
12648,2290,3,1.5,1.0,7,0
12649,1110,3,1.75,1.0,7,1
12650,1440,4,1.0,1.5,7,1
12651,3070,3,3.5,1.0,8,1
12652,2440,4,2.5,1.0,8,1
12653,2410,4,2.0,2.0,9,1
12654,2270,3,3.0,2.0,9,1
12655,2340,4,1.75,1.0,8,0
12656,1800,3,2.5,2.0,7,0
12657,2210,4,3.5,1.0,9,1
12658,1820,3,1.75,1.0,7,0
12659,1190,3,1.0,1.0,7,0
12660,1400,3,1.5,1.0,7,0
12661,2600,3,2.5,2.0,8,1
12662,910,2,1.0,1.0,6,0
12663,1760,3,2.5,2.0,8,1
12664,860,2,1.0,1.0,7,0
12665,2310,4,2.25,1.0,8,1
12666,2000,4,1.75,1.5,9,1
12667,2460,5,2.75,1.0,9,1
12668,1020,2,1.0,1.5,6,0
12669,1670,3,2.5,2.0,8,1
12670,790,2,1.0,1.0,7,0
12671,2010,2,1.5,2.0,7,0
12672,2600,4,2.5,2.0,9,1
12673,1890,4,2.25,1.0,8,1
12674,4600,5,2.5,1.5,9,1
12675,2008,5,3.0,1.0,7,1
12676,880,2,1.0,1.0,7,0
12677,1700,3,1.75,1.0,7,1
12678,1730,3,2.0,1.0,8,0
12679,3910,4,3.5,2.0,10,1
12680,2160,4,2.5,2.0,8,0
12681,1200,3,1.75,1.0,7,0
12682,3860,5,3.5,1.0,8,1
12683,1320,3,1.5,1.0,6,0
12684,1280,2,1.0,1.0,7,0
12685,1100,3,1.0,1.0,7,0
12686,2170,3,2.5,2.0,7,0
12687,2720,4,2.75,2.0,8,1
12688,2520,4,2.75,2.0,8,1
12689,2560,3,1.75,1.0,7,1
12690,2650,4,2.5,2.0,8,1
12691,2870,4,2.75,2.0,9,1
12692,1230,2,1.0,1.5,7,1
12693,1450,3,1.0,1.0,7,0
12694,3180,4,3.75,2.0,9,1
12695,1800,2,1.0,1.0,6,0
12696,2020,4,2.25,2.0,8,0
12697,620,2,1.0,1.0,6,0
12698,2190,3,2.25,1.0,7,1
12699,1980,4,2.25,1.0,7,0
12700,2970,5,3.0,1.0,8,0
12701,2270,4,2.5,2.0,7,0
12702,1630,3,1.0,1.0,8,1
12703,1520,3,1.0,1.0,6,0
12704,2080,3,1.75,1.5,8,1
12705,3020,5,2.5,1.0,9,1
12706,2180,4,1.75,1.0,8,0
12707,1780,4,1.75,1.0,7,1
12708,1370,3,1.0,2.0,6,0
12709,3050,4,3.5,2.0,9,1
12710,1490,3,1.75,1.0,7,1
12711,1800,4,2.75,1.0,7,0
12712,1760,3,1.5,1.0,7,1
12713,1770,4,1.75,1.0,8,1
12714,2910,4,2.75,1.0,7,0
12715,2880,3,2.5,2.0,7,0
12716,2520,3,1.75,1.0,8,0
12717,3190,4,2.5,2.0,9,1
12718,540,2,1.0,1.0,5,0
12719,3170,4,2.5,2.0,7,1
12720,1830,3,1.75,1.0,7,1
12721,1360,3,2.0,1.5,8,0
12722,1870,3,1.75,2.0,7,1
12723,1370,3,1.5,2.0,7,0
12724,1700,4,2.5,1.0,7,0
12725,1960,4,2.0,1.0,6,0
12726,4140,7,4.5,1.0,7,1
12727,1290,2,1.0,1.5,7,1
12728,2460,4,2.5,2.0,7,1
12729,1580,4,2.0,1.0,7,0
12730,700,1,1.0,1.0,6,0
12731,2410,4,2.5,2.0,9,1
12732,2180,4,1.75,1.0,7,0
12733,1950,3,2.75,1.0,8,1
12734,2630,4,2.5,2.0,8,1
12735,2050,4,2.5,2.0,7,0
12736,790,3,1.0,1.0,6,0
12737,1070,2,1.0,1.0,6,1
12738,2320,4,2.5,2.0,8,0
12739,2670,4,2.5,2.0,9,1
12740,700,2,1.0,1.0,5,0
12741,860,3,1.0,1.0,6,0
12742,3490,4,2.25,1.5,8,0
12743,1160,3,1.75,1.0,7,0
12744,3650,4,3.5,2.0,10,1
12745,1550,3,1.75,1.0,7,1
12746,2620,4,2.5,2.5,9,1
12747,720,2,1.0,1.0,6,0
12748,1380,3,2.0,1.0,7,0
12749,1170,4,1.0,1.0,6,0
12750,1170,3,1.75,1.0,7,0
12751,1630,2,1.0,1.0,7,1
12752,1890,3,1.75,1.0,8,1
12753,1010,3,1.0,1.0,7,0
12754,2040,3,2.5,1.0,8,1
12755,4080,4,2.5,2.0,10,1
12756,1270,3,1.0,1.0,7,0
12757,790,1,1.0,1.0,6,0
12758,2580,4,3.0,2.0,8,0
12759,2290,4,2.5,2.0,8,1
12760,3490,4,2.5,2.0,8,0
12761,1510,3,1.75,1.5,7,0
12762,2400,5,2.5,2.0,7,0
12763,900,2,1.0,1.0,6,0
12764,1270,2,1.0,1.0,7,0
12765,1050,2,1.0,1.0,7,1
12766,2950,4,2.5,2.0,9,1
12767,1850,2,1.75,1.0,7,1
12768,1970,3,2.5,2.0,7,0
12769,2400,4,2.25,2.0,8,0
12770,2360,5,1.75,1.5,7,0
12771,1580,4,1.75,1.0,7,1
12772,1790,3,1.0,1.0,8,0
12773,2840,3,2.5,2.0,9,1
12774,1970,3,2.5,2.0,8,1
12775,1780,3,2.5,1.0,7,0
12776,3920,5,2.0,1.5,7,1
12777,1550,3,1.75,2.0,7,0
12778,2980,6,3.0,1.5,8,1
12779,1270,3,1.0,1.0,6,0
12780,3040,4,2.25,1.0,7,1
12781,2075,3,2.5,2.0,8,0
12782,1110,2,1.0,1.0,6,0
12783,800,2,1.0,1.0,6,0
12784,680,1,1.0,1.0,5,0
12785,1680,3,1.0,1.0,7,1
12786,3910,4,2.5,1.5,8,1
12787,2780,4,1.75,1.0,9,1
12788,2000,4,2.75,2.0,7,0
12789,3150,4,3.0,2.0,9,1
12790,1120,1,1.0,1.0,7,0
12791,1740,4,1.75,1.0,7,0
12792,2970,3,2.5,1.0,7,0
12793,2970,3,2.5,1.0,7,1
12794,1150,3,1.0,1.0,5,0
12795,1190,2,1.0,1.0,6,0
12796,900,1,1.0,1.0,5,0
12797,2950,3,3.25,2.0,9,1
12798,1990,3,2.5,1.0,8,1
12799,1020,3,1.0,1.0,6,0
12800,2070,3,2.5,2.0,8,1
12801,1430,3,2.5,3.0,8,0
12802,2030,3,2.5,2.0,7,0
12803,1620,3,2.5,2.0,7,1
12804,4220,4,3.5,2.0,10,1
12805,2300,3,2.5,2.0,9,1
12806,3830,4,3.25,2.0,10,1
12807,2390,3,2.5,1.0,8,0
12808,1440,3,2.25,1.0,7,0
12809,910,2,1.0,1.0,6,0
12810,1550,3,2.0,1.0,7,1
12811,2380,5,2.5,1.0,8,1
12812,2060,4,2.75,1.0,7,0
12813,1880,4,2.25,2.0,8,0
12814,3470,4,2.5,2.0,9,1
12815,2360,3,2.0,2.0,7,0
12816,1970,3,1.75,1.0,7,0
12817,1040,3,1.0,1.0,7,0
12818,1420,3,2.25,2.0,7,0
12819,2290,4,2.75,2.0,7,0
12820,1530,4,2.5,1.0,7,0
12821,1360,3,1.5,1.5,7,0
12822,3680,4,3.0,1.5,8,1
12823,920,3,1.0,1.0,6,0
12824,1070,2,1.0,1.0,7,0
12825,1590,3,2.0,2.0,8,0
12826,1600,3,2.5,2.0,8,0
12827,1510,3,2.5,1.0,7,0
12828,1080,3,1.0,1.0,7,0
12829,1330,2,0.75,1.0,7,0
12830,850,2,1.0,1.0,7,0
12831,1960,5,2.25,1.0,8,1
12832,6980,6,4.25,3.0,12,1
12833,1530,4,1.0,1.5,7,0
12834,1320,3,1.5,1.0,7,0
12835,2320,4,3.0,2.0,7,0
12836,960,3,1.0,1.0,7,0
12837,2040,4,2.5,2.0,8,1
12838,1080,3,1.0,1.0,7,0
12839,2020,3,1.75,1.0,8,1
12840,1780,3,1.75,1.0,7,0
12841,1140,3,1.0,1.0,8,1
12842,1610,3,2.0,1.0,7,1
12843,1440,4,1.75,1.0,7,1
12844,4270,4,2.75,2.0,11,1
12845,3460,8,3.75,2.0,7,1
12846,1890,3,1.75,1.5,7,0
12847,2240,3,2.5,2.0,8,0
12848,760,2,1.0,1.5,6,0
12849,1020,3,1.0,1.0,6,0
12850,1330,3,1.5,1.0,7,0
12851,2780,5,2.5,1.0,8,1
12852,1070,2,1.0,1.0,6,0
12853,2660,5,3.0,1.5,7,0
12854,710,2,1.0,1.0,6,0
12855,3340,5,2.25,2.0,8,1
12856,1160,2,1.0,1.5,7,0
12857,2840,3,2.25,1.0,7,1
12858,2000,3,1.75,1.0,6,0
12859,1060,3,2.0,1.0,7,0
12860,1730,4,1.5,1.0,7,0
12861,2190,3,2.5,2.0,9,1
12862,1660,4,1.75,1.0,8,0
12863,2210,3,2.5,2.0,9,0
12864,870,2,1.0,1.0,6,0
12865,3100,4,2.5,2.0,9,1
12866,1720,4,2.5,2.0,8,1
12867,3120,6,4.0,2.0,7,0
12868,1040,3,1.0,1.0,7,1
12869,1650,4,2.0,1.0,6,0
12870,1010,2,1.0,1.0,7,0
12871,4020,4,2.5,2.0,10,1
12872,2166,5,2.75,2.0,8,0
12873,1880,5,3.0,1.0,7,0
12874,2260,4,2.0,1.0,7,1
12875,2010,3,2.25,1.5,7,0
12876,3330,4,2.5,2.0,10,1
12877,1520,3,1.0,1.0,7,0
12878,3510,5,3.5,2.0,10,1
12879,1580,3,1.75,1.0,7,0
12880,1460,3,1.5,1.0,7,0
12881,1460,3,1.5,1.0,7,1
12882,1650,3,1.75,1.0,8,0
12883,2660,4,2.5,2.0,9,1
12884,3510,4,2.5,2.0,10,1
12885,2120,4,2.5,2.0,8,1
12886,1780,3,2.25,2.0,7,1
12887,2000,4,2.5,1.0,7,0
12888,1300,3,1.0,1.0,7,0
12889,2180,3,2.0,1.5,8,1
12890,1790,3,2.0,1.0,7,0
12891,1910,3,2.0,1.5,8,0
12892,1800,2,1.5,1.0,7,1
12893,2620,3,2.25,1.0,7,1
12894,1440,2,2.0,1.0,6,0
12895,2790,3,3.0,2.0,8,1
12896,2340,4,2.5,2.0,8,0
12897,2070,4,2.5,2.0,8,0
12898,2160,3,1.0,1.5,7,1
12899,2090,2,1.75,1.0,7,0
12900,2040,4,2.5,2.0,7,1
12901,1950,4,2.75,1.0,7,0
12902,1200,4,2.0,1.0,7,0
12903,2240,5,3.0,1.0,6,0
12904,1360,3,2.5,2.0,8,0
12905,1500,3,1.5,1.0,8,0
12906,1300,2,1.75,1.0,6,0
12907,1140,3,1.75,1.0,7,0
12908,2930,4,2.5,2.0,9,1
12909,2140,4,2.25,2.0,8,0
12910,1628,3,1.75,1.0,7,0
12911,1990,3,2.0,1.0,7,0
12912,1950,3,1.75,1.0,7,0
12913,1910,4,1.75,1.0,7,0
12914,820,3,1.0,1.0,6,0
12915,1470,3,2.25,1.0,7,0
12916,1470,3,2.25,1.0,7,0
12917,1060,3,1.0,1.0,6,0
12918,3130,4,2.75,2.0,8,1
12919,1260,2,1.5,1.0,7,0
12920,2200,4,2.75,2.0,8,0
12921,2580,4,1.75,1.0,8,0
12922,1350,3,2.25,2.0,8,0
12923,1350,3,1.75,1.0,7,0
12924,2290,3,1.75,1.0,9,1
12925,1220,3,1.0,1.0,7,1
12926,2750,4,1.5,1.0,7,1
12927,1430,3,1.75,1.0,7,1
12928,2220,4,2.5,2.0,7,0
12929,1490,3,1.0,1.0,7,0
12930,2440,5,3.5,2.0,7,1
12931,2070,3,2.5,2.0,8,0
12932,1500,3,1.0,1.5,7,1
12933,2020,4,2.25,2.0,7,1
12934,2190,4,1.5,1.0,8,1
12935,780,2,1.0,1.0,7,0
12936,1220,5,2.0,1.0,6,1
12937,1840,3,1.5,1.0,8,1
12938,2390,2,2.5,2.0,8,1
12939,3710,4,2.5,1.0,10,1
12940,750,2,1.0,1.0,6,0
12941,2110,5,2.0,1.0,7,0
12942,1020,4,1.0,1.5,6,0
12943,3080,3,2.5,2.0,9,1
12944,900,3,1.0,1.0,6,0
12945,3720,5,3.0,2.0,9,1
12946,940,3,1.0,1.0,6,0
12947,1040,3,1.0,1.0,7,0
12948,1000,2,1.0,1.0,6,0
12949,2080,3,2.5,2.0,8,0
12950,2500,4,2.5,2.0,9,1
12951,1050,3,1.0,1.0,6,0
12952,1620,3,1.75,1.0,7,1
12953,1610,3,1.0,1.5,7,0
12954,2130,4,1.5,2.0,8,1
12955,1460,3,2.5,2.0,7,0
12956,1600,5,1.0,1.0,7,0
12957,1730,3,3.0,3.0,7,1
12958,2280,4,2.5,2.0,8,1
12959,2430,4,2.25,2.0,8,0
12960,1380,3,1.0,1.0,7,0
12961,1790,3,1.5,1.5,7,1
12962,3370,4,2.5,2.0,10,1
12963,2920,3,2.25,1.0,8,1
12964,2180,2,1.0,1.0,7,1
12965,1480,3,1.75,1.5,7,1
12966,2350,3,2.5,1.5,9,1
12967,2440,4,2.25,2.0,8,0
12968,1350,3,2.5,2.0,7,0
12969,1970,3,2.25,2.0,7,0
12970,1110,3,0.75,1.0,7,0
12971,2950,4,2.75,2.0,9,1
12972,2970,5,3.0,2.0,9,1
12973,720,2,1.0,1.0,6,0
12974,770,2,1.0,1.0,6,0
12975,1650,4,2.0,1.0,7,0
12976,1620,3,2.25,1.0,7,1
12977,1510,3,1.5,1.5,7,0
12978,1070,3,1.0,1.0,7,0
12979,1010,3,1.0,1.0,7,0
12980,3370,4,2.5,1.0,10,1
12981,2000,4,2.5,2.0,8,0
12982,2060,3,2.5,2.0,8,1
12983,1740,3,2.25,1.0,7,0
12984,1740,3,2.25,1.0,7,0
12985,1880,3,2.5,2.0,7,0
12986,960,3,1.0,1.0,7,1
12987,3280,3,2.5,1.0,11,1
12988,1570,2,1.0,1.5,8,1
12989,2990,4,2.5,2.0,8,1
12990,1250,3,2.0,1.0,7,0
12991,1920,3,2.5,2.0,7,0
12992,2470,4,2.5,2.0,9,1
12993,960,2,1.0,1.0,7,0
12994,940,3,1.0,1.0,6,0
12995,1260,3,1.0,1.0,6,0
12996,2280,3,1.75,1.0,8,0
12997,1740,3,2.25,1.0,8,0
12998,2630,4,2.75,1.0,7,1
12999,2430,4,1.75,1.0,8,0
13000,2260,3,2.5,1.5,10,1
13001,1220,2,1.5,1.0,7,1
13002,2580,3,1.75,1.0,9,1
13003,730,2,1.0,1.0,6,0
13004,760,2,1.0,1.0,6,0
13005,1740,3,1.5,1.0,7,0
13006,3420,4,2.5,2.0,10,1
13007,2240,5,2.5,1.0,7,1
13008,1920,4,1.75,2.0,8,1
13009,2020,4,1.75,1.0,7,1
13010,1880,4,1.5,1.0,7,1
13011,1010,3,1.0,1.0,5,0
13012,3990,5,3.25,2.0,9,1
13013,1390,2,1.75,1.0,6,0
13014,1230,3,2.0,1.0,7,1
13015,2940,4,2.5,2.0,10,1
13016,2190,4,1.5,2.0,7,1
13017,640,1,1.0,1.0,5,0
13018,1670,3,2.5,1.0,7,0
13019,1240,3,1.5,1.0,7,0
13020,1850,5,1.75,1.5,6,0
13021,2020,4,2.25,1.0,8,1
13022,1020,3,1.0,1.0,7,0
13023,1610,3,1.75,1.0,7,0
13024,2730,5,3.5,1.0,8,1
13025,2840,5,2.5,1.0,7,1
13026,1290,4,1.75,2.0,7,1
13027,1670,3,2.25,1.0,7,0
13028,3860,4,4.5,2.0,11,1
13029,2460,4,1.75,1.5,7,1
13030,1660,4,2.5,1.0,7,0
13031,3420,3,2.5,1.0,9,1
13032,1010,2,1.0,1.5,5,0
13033,2240,4,2.5,1.0,7,1
13034,2340,4,2.25,2.0,7,0
13035,1920,3,1.75,1.0,7,1
13036,2460,3,2.5,1.5,8,1
13037,1470,3,1.0,1.0,8,0
13038,3400,3,2.5,2.0,9,1
13039,1910,3,2.25,1.0,7,1
13040,1400,4,1.0,1.0,6,0
13041,1520,3,1.75,1.0,8,1
13042,930,2,1.0,1.0,6,0
13043,2340,5,1.0,2.0,8,1
13044,2920,3,2.5,3.0,10,1
13045,1270,3,1.75,1.0,7,1
13046,2450,4,2.25,1.0,10,1
13047,1380,5,1.75,1.0,7,0
13048,2520,4,2.0,1.0,8,1
13049,2290,3,2.25,2.0,8,0
13050,1660,4,2.0,1.0,6,1
13051,2800,3,2.75,1.0,7,1
13052,1690,3,2.5,2.0,7,1
13053,1180,3,1.0,1.5,7,0
13054,1390,2,1.75,1.0,6,1
13055,2320,4,2.0,1.5,7,1
13056,2270,3,2.25,1.0,8,0
13057,2640,4,1.75,1.0,7,1
13058,1680,3,2.0,1.0,7,0
13059,990,3,1.0,1.0,6,0
13060,2770,4,2.5,2.0,9,0
13061,950,2,1.0,1.0,6,0
13062,2160,4,2.0,2.0,7,0
13063,1650,3,2.5,2.0,7,1
13064,1800,3,1.0,1.5,7,1
13065,1660,3,2.0,1.0,8,0
13066,1870,3,2.5,2.0,8,0
13067,3220,3,3.5,2.0,10,1
13068,1850,3,3.0,1.0,7,0
13069,1580,4,1.5,1.5,7,1
13070,4590,4,4.25,2.0,10,1
13071,2700,3,1.75,1.0,7,0
13072,1020,3,1.75,1.5,7,0
13073,2950,5,3.5,3.0,8,1
13074,1780,2,1.75,1.0,8,1
13075,710,2,1.0,1.0,7,0
13076,4300,4,3.5,2.0,10,1
13077,2080,3,2.5,1.0,8,1
13078,2360,4,2.0,1.0,7,0
13079,2210,6,2.0,2.0,7,0
13080,4340,7,3.25,2.0,7,0
13081,1320,3,3.0,3.0,8,1
13082,1980,3,2.5,2.0,8,0
13083,3960,5,5.0,2.0,10,1
13084,2130,4,2.5,2.0,8,0
13085,1720,3,2.5,2.0,7,0
13086,1790,5,1.0,1.0,7,0
13087,1390,2,2.25,3.0,7,1
13088,1900,3,2.0,1.0,8,1
13089,1640,2,1.75,1.0,7,1
13090,2700,4,2.5,1.0,8,1
13091,2200,4,2.25,2.0,7,0
13092,1310,3,1.0,1.0,7,0
13093,2480,4,2.5,1.0,8,1
13094,3010,4,2.25,2.0,9,1
13095,2450,4,2.5,2.0,9,1
13096,1250,2,1.75,1.0,7,1
13097,2610,3,1.75,1.0,7,0
13098,2010,4,2.5,1.5,8,0
13099,3120,4,2.5,2.0,9,1
13100,1370,4,1.5,1.5,7,0
13101,2420,3,2.5,1.0,9,1
13102,1500,4,2.75,1.0,7,0
13103,2630,5,2.5,2.0,8,1
13104,950,2,1.0,1.0,6,1
13105,2680,3,3.0,1.0,8,0
13106,3680,4,3.25,2.0,9,1
13107,1270,3,1.0,1.0,7,0
13108,2330,6,1.0,1.5,7,1
13109,960,3,1.0,1.0,7,0
13110,1990,4,2.5,2.0,7,0
13111,1450,3,1.0,1.0,6,0
13112,2280,4,2.5,2.0,8,1
13113,1830,4,2.25,2.0,8,1
13114,1650,3,2.25,1.0,7,0
13115,2720,5,2.75,1.0,7,1
13116,1710,4,2.5,1.0,8,1
13117,1420,5,1.5,1.0,7,1
13118,1440,3,1.75,1.0,7,0
13119,1280,2,1.5,1.0,7,0
13120,1320,2,1.0,1.0,7,0
13121,2560,4,2.5,1.0,7,1
13122,1480,3,1.0,1.0,7,0
13123,2960,4,2.5,2.0,10,1
13124,1160,2,1.0,1.0,7,0
13125,2110,3,2.5,2.0,8,1
13126,1650,3,2.5,1.0,7,0
13127,1950,3,2.5,2.0,8,1
13128,2600,3,2.25,1.5,8,1
13129,1270,3,1.0,1.5,7,0
13130,1300,3,1.75,1.0,7,1
13131,1790,3,2.25,1.0,7,0
13132,1930,3,2.5,2.0,8,1
13133,1200,4,1.0,1.5,6,0
13134,2050,4,2.5,2.0,8,1
13135,1710,3,1.0,1.0,7,1
13136,2130,3,1.75,1.0,9,1
13137,1700,3,3.5,2.0,8,1
13138,1390,3,1.5,1.0,6,0
13139,1230,3,1.0,1.0,7,0
13140,1490,3,2.0,1.0,7,0
13141,2440,5,3.25,2.0,8,1
13142,970,3,1.0,1.0,6,1
13143,1700,4,2.0,1.0,7,0
13144,1700,4,2.0,1.0,7,0
13145,1720,3,1.75,1.5,8,0
13146,1400,3,1.0,1.5,7,1
13147,2570,4,2.5,1.0,8,1
13148,1200,3,1.5,1.0,7,0
13149,4390,4,3.5,2.0,11,1
13150,1080,2,1.0,1.0,7,0
13151,1860,4,2.25,1.0,8,0
13152,2150,4,2.75,1.0,8,1
13153,2250,4,3.0,2.0,8,0
13154,2050,4,2.25,2.0,7,0
13155,1010,3,1.0,1.0,7,1
13156,5850,5,3.5,2.0,11,1
13157,1900,4,2.25,1.0,7,1
13158,1020,2,1.0,1.0,7,1
13159,3390,4,2.0,2.0,10,1
13160,1990,4,2.5,2.0,8,1
13161,3190,4,2.5,2.0,9,0
13162,1210,2,1.0,1.0,7,0
13163,3740,4,3.25,1.0,10,1
13164,2150,3,3.5,2.0,8,1
13165,2440,4,1.75,1.0,9,1
13166,1230,2,1.5,3.0,8,0
13167,2740,3,2.5,2.0,7,0
13168,2260,2,2.0,1.0,9,1
13169,1000,2,1.5,1.0,7,1
13170,2350,4,2.25,2.0,8,1
13171,2300,3,2.5,2.0,9,0
13172,1440,3,1.0,1.5,7,0
13173,2780,4,3.0,1.5,7,1
13174,1200,3,1.0,1.0,7,0
13175,3040,3,2.75,2.0,10,1
13176,2660,3,2.75,1.0,8,1
13177,1510,5,2.0,2.0,6,1
13178,1780,3,2.5,2.0,8,0
13179,2920,5,2.75,1.0,8,1
13180,1550,3,1.0,1.0,7,0
13181,2710,4,3.0,2.5,9,1
13182,1140,3,1.0,1.0,6,0
13183,940,2,1.0,1.0,8,1
13184,2160,3,2.25,2.0,10,1
13185,2470,4,2.25,2.0,8,1
13186,2800,4,2.5,2.0,9,1
13187,2420,4,2.75,1.0,9,0
13188,1460,4,2.0,1.0,6,0
13189,1820,3,1.5,1.5,7,1
13190,1520,3,2.5,2.0,8,1
13191,1320,2,1.0,1.0,6,0
13192,1920,3,2.5,2.0,7,0
13193,2640,5,3.0,2.0,10,1
13194,2650,4,2.5,2.0,9,1
13195,3640,4,3.25,1.0,9,1
13196,1420,3,1.0,1.0,6,0
13197,1540,3,1.0,1.0,7,0
13198,1550,4,1.0,1.5,6,1
13199,730,2,1.0,1.0,6,0
13200,2020,2,1.0,1.0,7,0
13201,1200,3,1.0,1.0,7,0
13202,1240,2,1.0,1.0,7,1
13203,2680,3,2.25,2.0,8,1
13204,1640,3,2.5,2.0,8,1
13205,1640,4,2.0,2.0,7,1
13206,1610,3,2.5,2.0,7,0
13207,2290,3,2.75,1.0,7,1
13208,2130,4,2.25,1.0,7,0
13209,2140,3,1.75,1.5,7,0
13210,4020,3,3.0,1.5,10,1
13211,2030,5,2.5,1.0,7,1
13212,1380,3,1.0,1.0,7,1
13213,1780,3,2.0,1.0,8,1
13214,1440,4,1.5,1.0,7,1
13215,2790,5,2.75,1.0,9,1
13216,4190,4,3.0,2.5,9,1
13217,3870,3,2.5,2.0,9,1
13218,1850,3,2.5,1.0,7,0
13219,1550,3,2.25,3.0,8,0
13220,1920,3,2.5,3.0,8,1
13221,790,2,1.0,1.0,6,0
13222,3740,5,2.25,1.5,8,0
13223,1340,3,1.5,1.0,7,1
13224,1620,3,1.75,1.0,7,1
13225,1680,3,1.0,1.0,7,0
13226,1610,3,2.0,2.0,8,0
13227,4460,4,3.5,1.0,9,1
13228,1200,3,1.5,2.0,8,0
13229,1250,2,1.0,1.0,7,0
13230,3630,3,2.5,2.0,11,1
13231,4260,4,3.0,2.0,11,1
13232,2180,3,2.5,1.0,8,1
13233,1760,3,2.25,1.0,7,1
13234,1820,4,2.0,1.0,7,1
13235,2120,4,2.5,1.0,8,1
13236,2730,4,2.75,2.0,9,1
13237,2430,3,2.5,2.0,8,0
13238,1170,3,1.0,1.0,7,0
13239,2090,3,1.0,1.5,8,1
13240,3910,4,3.25,2.0,11,1
13241,1140,2,1.0,1.0,6,0
13242,1460,2,1.5,1.5,7,1
13243,2700,4,1.5,1.5,9,0
13244,670,2,1.0,1.0,6,0
13245,1880,3,1.75,1.0,7,1
13246,1980,4,3.0,2.5,8,1
13247,2080,3,3.0,1.5,9,1
13248,1380,3,3.25,3.0,7,0
13249,1808,3,2.5,1.0,8,0
13250,1350,3,1.0,1.5,7,0
13251,1760,3,3.0,2.0,7,1
13252,1950,3,1.75,1.0,7,1
13253,3170,4,3.5,2.0,10,1
13254,3000,4,2.5,2.0,9,1
13255,1460,4,1.0,1.0,6,0
13256,1350,3,1.75,1.0,7,0
13257,1470,3,2.25,1.0,7,0
13258,3350,4,3.0,2.0,10,1
13259,3350,4,3.0,2.0,10,1
13260,1360,4,1.0,1.0,7,0
13261,1020,3,1.0,1.0,7,0
13262,1840,3,2.25,1.0,7,0
13263,2030,5,1.75,1.0,7,0
13264,1490,4,1.75,1.0,6,0
13265,2060,2,1.0,1.0,7,0
13266,2240,4,2.0,1.5,7,0
13267,1460,3,2.0,1.0,7,0
13268,2140,3,1.75,1.0,7,0
13269,1420,2,2.25,2.0,8,0
13270,1060,2,1.0,1.5,6,0
13271,1760,4,1.75,1.0,7,1
13272,2320,2,2.25,2.0,8,1
13273,1770,3,1.75,1.0,8,1
13274,4590,10,5.25,1.0,9,1
13275,2040,3,2.5,2.0,8,0
13276,1260,4,1.75,1.0,6,1
13277,1650,2,1.0,1.0,7,1
13278,2380,4,2.25,2.0,8,1
13279,2750,5,3.25,2.0,7,1
13280,2810,3,2.5,2.0,9,1
13281,1340,3,2.0,1.0,7,0
13282,2420,3,2.5,2.0,8,1
13283,2160,2,2.5,1.0,8,1
13284,2450,4,2.0,1.0,7,1
13285,1870,3,1.5,1.0,7,0
13286,1000,3,1.0,1.0,6,0
13287,2240,3,2.5,2.0,7,1
13288,2200,4,2.5,2.0,7,0
13289,790,1,1.0,1.0,6,0
13290,890,2,1.0,1.0,7,0
13291,1270,3,1.0,1.0,7,0
13292,1850,3,1.75,1.5,8,1
13293,1352,3,2.25,3.0,8,0
13294,1540,3,2.0,1.0,7,1
13295,1640,3,1.75,1.0,7,0
13296,1350,3,1.0,1.5,7,1
13297,2010,3,2.5,2.0,8,1
13298,2080,3,1.75,1.0,7,0
13299,1040,3,1.0,1.0,7,0
13300,1890,3,2.5,2.0,8,1
13301,1810,3,2.25,1.0,7,0
13302,1930,3,1.75,1.0,7,0
13303,1010,3,1.0,1.0,6,0
13304,1740,3,2.25,1.0,7,0
13305,2910,4,2.5,2.0,10,1
13306,1330,3,2.25,2.0,7,0
13307,2210,4,2.25,2.0,8,0
13308,2670,3,3.75,2.5,8,1
13309,1000,2,1.0,1.0,6,0
13310,3150,4,2.5,2.0,9,1
13311,1520,3,1.75,1.0,6,0
13312,1690,3,1.0,1.0,7,0
13313,1070,3,1.0,1.0,7,0
13314,910,3,1.0,1.0,6,0
13315,2130,4,2.25,1.0,7,1
13316,2230,2,1.75,1.0,8,1
13317,3560,4,2.5,1.0,10,1
13318,2590,3,2.5,2.0,9,1
13319,2040,4,1.75,1.0,7,1
13320,2100,3,2.75,1.0,7,1
13321,1340,3,1.0,1.5,7,1
13322,2770,3,2.5,2.0,9,1
13323,2400,3,2.5,1.0,9,1
13324,1140,3,1.0,1.0,7,0
13325,930,2,1.0,1.0,6,0
13326,1820,4,1.75,1.0,7,1
13327,1390,4,1.0,1.5,7,1
13328,1480,3,2.5,3.0,8,1
13329,760,2,1.0,1.0,6,0
13330,1580,3,1.75,1.0,7,1
13331,1870,4,2.5,1.0,8,1
13332,1510,2,1.0,1.0,7,1
13333,1250,3,2.0,3.0,7,0
13334,2140,3,1.75,1.0,7,0
13335,1540,3,1.0,1.0,6,0
13336,2950,3,2.25,1.5,9,1
13337,2020,6,3.0,1.0,7,1
13338,2820,4,2.75,1.5,8,1
13339,1660,3,1.75,1.0,7,0
13340,1830,3,1.75,1.0,7,0
13341,720,2,1.0,1.0,7,0
13342,2160,3,2.5,2.0,8,1
13343,1510,3,1.75,2.0,7,0
13344,1870,3,1.5,1.0,7,0
13345,2860,4,2.25,1.0,8,1
13346,990,3,1.0,1.5,6,0
13347,1910,3,1.0,1.0,7,0
13348,1350,3,2.0,1.0,7,0
13349,2557,4,3.25,2.0,7,1
13350,2610,3,2.75,2.0,7,1
13351,1720,3,2.0,1.0,6,0
13352,1170,3,1.75,1.0,7,0
13353,1140,2,1.0,1.0,6,1
13354,2350,3,2.5,1.0,8,0
13355,1020,3,1.0,1.0,7,0
13356,2730,4,2.25,1.0,7,1
13357,1830,4,2.25,2.0,7,0
13358,1690,3,2.5,2.0,7,1
13359,2900,4,2.5,1.0,8,1
13360,6380,4,4.5,2.0,12,1
13361,1690,3,2.5,2.0,7,1
13362,2660,4,2.5,2.0,9,1
13363,4550,4,4.0,1.0,9,1
13364,1530,3,3.0,1.0,7,1
13365,2070,3,2.5,1.5,8,1
13366,1880,4,1.75,1.0,7,1
13367,2240,4,2.5,1.0,8,1
13368,2540,4,2.75,1.5,7,1
13369,1370,3,2.0,1.0,7,0
13370,770,2,1.0,1.0,6,0
13371,2970,4,2.75,1.0,8,1
13372,740,2,1.0,1.0,6,0
13373,1360,3,1.5,1.0,7,0
13374,1280,4,2.0,1.0,6,0
13375,1920,4,2.0,1.0,7,0
13376,2020,3,2.0,1.0,10,1
13377,3310,4,2.25,2.0,9,1
13378,2950,2,2.25,1.0,8,1
13379,1320,3,1.5,1.0,7,0
13380,3160,4,2.5,2.0,8,1
13381,1640,2,1.0,1.0,7,0
13382,2440,3,2.75,1.0,10,1
13383,3000,4,2.5,2.0,9,1
13384,2810,5,2.5,2.5,9,1
13385,2390,3,2.0,2.0,8,1
13386,2080,4,1.0,1.5,7,1
13387,2650,3,1.75,1.5,7,0
13388,1060,3,2.5,2.0,8,0
13389,1940,3,2.25,1.0,7,0
13390,1080,2,1.0,1.0,8,1
13391,1700,3,2.25,2.0,7,0
13392,4440,4,3.5,2.0,11,1
13393,1580,3,1.0,2.0,8,1
13394,3630,5,2.75,2.0,11,1
13395,1290,2,2.25,3.0,8,1
13396,1960,4,2.75,1.0,7,1
13397,2090,3,2.0,1.5,7,1
13398,1960,3,1.75,1.0,7,1
13399,2120,3,2.25,2.0,8,1
13400,2290,3,2.75,2.0,7,1
13401,1880,4,2.5,2.0,7,0
13402,770,2,1.0,1.0,6,0
13403,1530,3,2.5,1.5,7,1
13404,1450,2,1.5,1.0,7,1
13405,1690,3,2.25,2.0,7,0
13406,1880,4,1.75,1.5,7,1
13407,4160,4,3.25,2.0,10,1
13408,2140,4,2.5,2.0,7,1
13409,1320,2,2.0,3.0,7,0
13410,2000,4,2.5,2.0,7,0
13411,1460,3,2.0,2.0,8,0
13412,3070,4,2.5,2.0,10,1
13413,1660,3,2.5,1.0,7,0
13414,1810,6,1.5,1.5,5,0
13415,3510,4,3.5,2.0,11,1
13416,2180,3,3.0,1.5,8,1
13417,3300,6,4.0,1.0,8,1
13418,2460,4,2.5,2.0,8,1
13419,1880,4,1.75,1.5,7,1
13420,2290,3,2.0,1.0,9,1
13421,2290,4,2.5,2.0,8,1
13422,3860,4,3.5,2.0,10,1
13423,2640,3,2.5,1.5,10,1
13424,2850,5,2.5,1.0,7,0
13425,3020,4,3.25,1.5,8,1
13426,1510,3,2.0,1.0,7,1
13427,2410,4,2.0,1.0,7,0
13428,1470,3,1.0,1.0,8,1
13429,2890,3,2.75,2.0,10,1
13430,3490,4,3.25,2.0,10,1
13431,1270,3,2.25,2.0,8,1
13432,1000,2,1.0,1.0,6,0
13433,1430,4,1.75,2.0,7,1
13434,1060,3,1.0,1.0,6,0
13435,1680,3,2.0,1.0,6,0
13436,2280,2,2.0,2.0,9,1
13437,2450,4,2.5,1.5,8,1
13438,3650,3,2.25,2.0,7,1
13439,830,2,1.0,1.0,6,1
13440,3490,4,2.5,2.0,11,1
13441,1050,2,1.5,2.0,8,0
13442,1170,2,2.5,2.0,8,0
13443,1220,3,1.0,1.0,7,0
13444,1310,3,1.75,1.0,7,1
13445,3130,4,2.5,2.0,8,1
13446,1590,3,1.75,1.5,6,0
13447,1720,4,2.5,2.0,8,0
13448,2520,3,2.25,2.0,9,1
13449,1520,3,2.0,1.0,7,0
13450,3260,4,2.25,2.0,9,1
13451,3910,4,3.25,2.0,10,1
13452,3480,4,2.5,2.0,9,1
13453,3040,3,2.5,2.0,10,1
13454,2030,4,1.75,1.0,8,1
13455,3870,6,3.25,2.0,10,1
13456,1870,3,2.5,2.0,7,0
13457,2640,2,2.0,1.0,8,1
13458,1940,4,1.75,1.0,7,1
13459,1710,3,2.5,2.0,7,0
13460,1690,4,2.0,1.5,7,0
13461,2340,3,1.75,1.0,8,1
13462,1700,4,1.75,1.5,7,0
13463,1850,3,1.5,1.0,7,0
13464,1370,2,2.0,1.0,8,1
13465,2900,4,2.5,2.0,9,1
13466,2400,3,3.0,2.0,7,1
13467,3740,4,3.0,2.0,9,1
13468,2170,4,2.75,2.0,8,1
13469,970,3,1.0,1.0,6,0
13470,2620,3,2.5,1.0,7,0
13471,2980,4,2.5,2.0,9,1
13472,2340,3,2.5,2.0,9,1
13473,1880,5,1.75,2.0,6,1
13474,1480,2,1.0,1.0,7,0
13475,2240,4,2.5,1.0,7,0
13476,2940,4,2.5,2.0,9,1
13477,710,1,1.0,1.0,6,0
13478,1460,4,1.0,1.5,5,0
13479,1530,3,1.0,1.0,8,0
13480,2630,4,2.5,2.0,9,1
13481,2230,5,1.0,1.5,7,1
13482,960,3,1.0,1.0,7,1
13483,1180,2,1.5,2.0,8,0
13484,1760,2,1.0,1.0,7,1
13485,1340,3,2.5,2.0,8,0
13486,2800,4,2.25,1.0,9,1
13487,4330,5,3.5,1.0,12,1
13488,3720,3,2.5,2.0,11,1
13489,1670,4,2.0,1.0,7,0
13490,1100,3,1.0,1.0,7,0
13491,3240,3,2.5,2.0,8,1
13492,1680,4,1.5,1.0,7,0
13493,1030,3,1.0,1.0,7,0
13494,1630,3,2.5,1.0,7,0
13495,2610,3,2.0,1.0,7,0
13496,1250,2,1.0,1.0,6,0
13497,1480,4,1.75,1.0,7,0
13498,1390,3,1.0,1.0,5,0
13499,1940,4,2.5,2.0,8,0
13500,2960,4,2.5,2.0,9,1
13501,4320,3,2.25,1.0,10,1
13502,1500,5,1.5,1.0,6,0
13503,840,2,1.0,1.0,6,0
13504,3560,4,2.5,2.0,11,1
13505,2390,4,2.75,1.0,9,0
13506,1200,3,1.75,1.0,6,0
13507,2570,3,2.5,2.0,11,1
13508,2180,5,2.25,1.0,8,1
13509,3450,3,2.5,2.0,10,1
13510,2020,3,2.5,2.0,7,1
13511,2480,3,2.5,2.0,9,1
13512,1140,3,1.5,2.0,7,0
13513,1530,3,1.0,1.0,7,0
13514,1700,3,2.0,1.0,7,0
13515,2150,3,1.0,1.0,8,0
13516,1190,3,2.0,1.5,6,0
13517,1730,3,2.75,2.0,7,0
13518,1400,3,1.75,1.0,7,0
13519,2200,3,2.5,2.0,7,0
13520,960,3,1.5,1.0,6,1
13521,1770,3,2.0,1.0,7,0
13522,2970,4,2.5,2.0,9,1
13523,1590,3,2.5,2.0,7,0
13524,3350,3,2.5,2.0,8,1
13525,3370,4,2.5,2.0,10,1
13526,1960,3,2.5,2.0,7,0
13527,1360,3,1.75,1.0,7,0
13528,2780,3,2.5,2.0,9,1
13529,3000,4,2.5,2.0,7,0
13530,3600,4,2.5,2.0,9,1
13531,990,2,1.0,1.0,6,0
13532,2990,4,3.5,2.0,9,1
13533,1200,4,1.0,1.5,7,0
13534,1530,3,1.0,1.0,7,0
13535,1440,1,1.75,1.0,7,0
13536,1940,3,1.75,1.0,7,1
13537,2140,4,2.75,2.0,7,0
13538,2330,5,1.75,1.5,7,1
13539,2734,4,3.5,2.0,8,1
13540,1950,3,1.75,1.0,7,1
13541,1440,3,1.75,1.0,7,0
13542,1530,3,2.25,1.0,7,0
13543,1910,4,1.75,1.0,8,0
13544,1750,5,2.0,1.0,7,0
13545,1600,3,2.25,2.0,8,1
13546,1750,3,1.75,1.0,8,0
13547,940,2,1.0,1.0,6,0
13548,880,2,1.0,1.0,7,0
13549,1650,3,1.75,1.0,7,0
13550,3820,4,3.5,2.0,10,1
13551,1900,3,1.5,1.0,8,0
13552,3720,4,1.75,1.0,9,1
13553,1410,3,1.0,1.5,6,0
13554,960,3,1.0,1.0,5,0
13555,1930,2,1.75,1.0,8,1
13556,3420,4,2.5,2.0,11,1
13557,3010,4,2.75,2.0,9,1
13558,1780,4,1.0,1.5,8,1
13559,2080,4,2.5,1.0,8,0
13560,1250,2,1.0,1.0,7,0
13561,2257,5,3.0,1.0,8,0
13562,1670,3,1.5,1.5,7,1
13563,2250,4,2.25,2.0,9,1
13564,1650,3,1.75,1.0,7,1
13565,2880,5,2.25,2.0,8,0
13566,3620,4,3.0,2.0,9,1
13567,1950,3,1.75,1.0,8,0
13568,2280,4,2.5,1.0,7,1
13569,1740,2,1.75,1.5,7,1
13570,1220,3,1.0,1.0,7,0
13571,2260,4,1.75,1.0,8,1
13572,1790,4,2.0,2.0,7,0
13573,2440,4,2.5,2.0,7,0
13574,1400,3,1.5,1.0,7,0
13575,1810,3,2.75,2.0,8,0
13576,1400,2,1.0,1.0,7,0
13577,1400,2,1.0,1.0,7,0
13578,2010,4,2.5,2.0,7,0
13579,2520,3,3.0,1.5,8,1
13580,3060,3,2.25,2.0,10,1
13581,2150,4,2.5,2.0,7,0
13582,2880,3,2.25,2.0,10,1
13583,1300,2,2.0,1.0,8,0
13584,2770,3,1.75,1.0,8,1
13585,1780,4,1.5,1.0,8,0
13586,3730,4,3.5,2.0,10,1
13587,930,2,1.0,1.0,5,0
13588,930,2,1.0,1.0,5,0
13589,1460,2,1.75,1.0,7,0
13590,1310,3,2.0,1.0,7,0
13591,2770,4,2.5,2.0,9,1
13592,3140,3,3.25,2.0,10,1
13593,1770,4,2.5,2.0,7,0
13594,1220,3,1.0,1.0,7,1
13595,2190,4,2.5,2.0,8,1
13596,1800,4,2.0,1.0,7,0
13597,3100,5,2.75,1.0,9,1
13598,2270,3,2.5,2.0,7,1
13599,1300,3,1.0,2.0,6,0
13600,1769,3,2.0,1.0,7,1
13601,3370,6,2.5,1.0,8,1
13602,1630,4,2.5,2.0,7,0
13603,2470,2,2.25,1.0,8,1
13604,2600,4,2.5,2.0,8,0
13605,1800,3,2.0,1.0,8,0
13606,2240,4,2.5,2.0,7,0
13607,1960,3,2.0,1.0,8,0
13608,1710,3,1.0,1.5,7,0
13609,2140,4,1.75,1.0,7,0
13610,1400,3,2.0,1.0,6,0
13611,890,2,1.0,1.0,6,1
13612,1820,4,1.0,2.0,8,1
13613,1860,3,2.25,1.0,7,0
13614,1220,3,1.0,1.0,7,0
13615,2300,3,2.75,2.0,8,1
13616,1520,2,1.0,2.0,7,0
13617,1440,2,1.0,1.0,7,0
13618,1170,3,1.75,1.0,7,0
13619,1170,3,1.75,1.0,7,0
13620,3200,4,2.25,2.0,9,1
13621,4470,5,2.5,2.5,11,1
13622,2570,4,2.5,2.0,7,0
13623,2370,3,2.5,2.0,9,1
13624,1800,4,1.5,1.5,7,0
13625,2300,5,2.5,1.0,8,1
13626,3240,3,2.5,2.0,8,1
13627,2280,3,2.5,1.0,9,1
13628,1870,4,1.75,1.0,6,0
13629,1820,3,2.25,1.0,7,0
13630,2390,5,2.75,1.0,7,0
13631,2110,4,1.75,1.0,8,1
13632,980,2,1.0,1.0,7,1
13633,1250,3,1.75,1.0,7,0
13634,3680,4,2.5,2.0,9,1
13635,2230,3,1.0,1.0,7,0
13636,1230,1,1.0,1.5,6,0
13637,2093,5,2.5,1.5,7,0
13638,1660,3,1.75,1.0,7,0
13639,1630,5,2.5,1.0,7,0
13640,1677,4,2.5,2.0,7,0
13641,2990,4,2.5,2.0,7,0
13642,2150,5,1.0,1.5,7,1
13643,2890,4,2.5,2.0,9,1
13644,3050,3,2.5,1.0,9,1
13645,1410,3,2.5,2.0,7,0
13646,2280,4,2.5,2.0,8,1
13647,1260,2,1.0,1.0,7,1
13648,1460,3,2.0,2.0,7,0
13649,1600,4,2.5,1.0,8,0
13650,2020,3,1.75,1.0,7,0
13651,1170,3,1.5,1.0,7,0
13652,1170,3,1.5,1.0,7,0
13653,1280,2,1.5,1.0,7,0
13654,2680,4,2.5,2.0,8,0
13655,1770,3,1.75,1.0,8,0
13656,4790,5,3.5,2.0,9,1
13657,1300,3,1.75,1.0,7,0
13658,2610,4,2.25,1.0,8,1
13659,4500,4,2.5,1.0,13,1
13660,2100,4,2.5,2.0,8,0
13661,1340,2,2.0,1.0,7,0
13662,970,3,1.0,1.0,6,0
13663,2200,3,1.75,1.0,8,0
13664,990,2,1.0,1.0,7,1
13665,1180,2,1.75,1.0,7,1
13666,980,3,1.0,1.0,7,0
13667,2370,4,2.25,1.0,8,1
13668,1910,3,1.5,1.5,7,0
13669,5270,4,4.5,2.0,11,1
13670,1430,3,1.75,1.0,7,0
13671,2490,4,2.5,2.0,8,1
13672,2000,4,2.0,1.5,8,1
13673,2600,4,2.75,1.0,8,1
13674,2880,5,3.5,2.0,8,1
13675,1010,3,1.0,1.0,6,0
13676,3290,5,3.5,2.0,9,1
13677,1530,4,1.75,1.5,6,0
13678,2020,4,2.75,1.0,9,1
13679,1340,3,1.75,1.0,7,0
13680,2180,4,2.5,2.0,7,0
13681,2870,5,1.75,1.0,9,1
13682,2070,3,2.75,2.0,7,0
13683,930,2,1.75,1.0,6,0
13684,2270,3,2.5,2.0,9,1
13685,1630,3,2.25,1.0,7,0
13686,2770,3,2.0,2.0,9,1
13687,4010,4,2.5,2.0,12,1
13688,1970,4,1.75,1.0,7,0
13689,790,2,1.0,1.0,7,0
13690,1740,3,1.75,1.0,7,0
13691,1130,2,1.0,1.0,6,0
13692,1180,3,1.75,1.0,7,0
13693,2350,5,2.5,2.0,9,1
13694,2350,5,2.5,2.0,9,1
13695,1850,3,1.75,1.0,6,1
13696,3220,4,3.0,1.5,9,1
13697,2050,3,1.75,1.0,7,0
13698,1430,3,2.5,1.0,7,0
13699,3210,4,2.5,2.0,10,1
13700,3520,3,1.75,1.0,8,1
13701,2260,3,2.5,2.0,8,0
13702,3290,5,3.25,2.0,9,1
13703,1640,2,2.25,2.0,8,0
13704,1580,4,1.75,1.0,7,0
13705,1940,4,2.25,2.0,7,1
13706,1580,3,2.25,2.0,7,1
13707,1750,3,1.75,1.0,7,1
13708,1810,4,2.75,1.0,7,0
13709,1970,3,2.5,1.0,9,1
13710,1770,3,2.5,2.0,8,1
13711,1800,3,1.75,1.0,7,1
13712,1500,3,1.5,1.0,7,0
13713,940,3,1.0,1.0,6,0
13714,2340,3,2.25,1.0,7,1
13715,840,3,1.0,1.0,6,0
13716,840,3,1.0,1.0,6,0
13717,2940,3,3.25,3.0,10,1
13718,3180,3,2.75,2.0,9,1
13719,2020,4,2.5,1.5,7,1
13720,820,2,1.0,1.0,5,0
13721,4060,3,1.75,1.0,8,1
13722,2660,4,2.25,1.0,8,1
13723,1010,3,1.0,1.0,7,0
13724,710,2,1.0,1.0,6,0
13725,980,3,1.0,1.5,7,0
13726,1100,3,1.0,1.5,7,1
13727,2840,5,2.5,2.0,8,0
13728,2300,4,2.25,2.0,8,0
13729,5370,4,3.25,2.0,11,1
13730,2280,4,2.5,2.0,8,0
13731,1010,2,1.0,1.0,6,0
13732,1420,3,2.25,1.0,7,0
13733,2100,4,2.5,1.0,8,1
13734,3110,4,2.75,1.0,8,1
13735,2160,3,2.25,2.0,8,0
13736,820,2,1.0,1.0,5,0
13737,4340,5,2.5,1.0,8,1
13738,2100,3,1.75,1.0,8,0
13739,1250,4,1.75,1.0,7,0
13740,3870,6,3.0,2.0,8,1
13741,1360,2,2.5,2.0,6,0
13742,1400,4,1.0,1.5,7,0
13743,1450,3,1.5,1.0,7,0
13744,1880,5,1.75,1.0,7,1
13745,1380,2,2.5,3.0,9,1
13746,2910,3,2.25,1.5,9,1
13747,1380,3,1.75,1.0,7,0
13748,3100,3,2.25,1.0,7,0
13749,1400,4,1.75,1.0,7,0
13750,1650,2,2.0,1.5,7,1
13751,840,3,1.0,1.0,6,0
13752,2550,3,2.5,2.0,9,1
13753,2820,2,2.75,2.0,7,0
13754,1710,3,1.75,1.0,7,1
13755,820,3,1.0,1.0,6,0
13756,2620,4,2.25,2.0,7,1
13757,2430,2,1.75,1.0,10,1
13758,1560,3,1.75,1.0,8,1
13759,3060,4,2.5,2.0,9,1
13760,1680,3,2.5,2.0,7,0
13761,3320,3,3.25,2.0,10,1
13762,2390,3,2.5,2.0,9,1
13763,1360,3,1.0,1.0,5,0
13764,1800,2,1.0,1.0,7,0
13765,1160,3,1.0,1.0,7,0
13766,4160,4,3.25,2.0,8,1
13767,1660,4,2.25,2.0,7,0
13768,1410,3,2.0,1.5,7,0
13769,2230,4,1.75,1.0,8,0
13770,1700,3,2.5,2.0,7,0
13771,2070,3,2.5,2.0,8,0
13772,2300,3,1.75,1.0,8,1
13773,3040,4,2.25,1.0,9,1
13774,1220,2,1.5,1.5,8,0
13775,960,3,1.0,1.0,7,0
13776,1480,3,1.0,1.0,7,1
13777,1560,3,2.0,1.0,7,1
13778,1100,3,1.5,1.0,7,0
13779,900,2,1.5,1.0,7,1
13780,2400,4,1.75,1.5,7,0
13781,2320,3,2.5,2.0,8,0
13782,2570,5,3.0,1.0,8,1
13783,1300,4,2.75,1.0,7,0
13784,2930,5,2.75,2.0,9,0
13785,720,2,1.0,1.0,6,0
13786,2350,4,2.5,2.0,8,0
13787,2940,4,2.5,2.0,9,0
13788,2020,3,2.5,1.0,6,0
13789,1430,2,1.0,1.0,7,0
13790,950,3,1.0,1.0,7,0
13791,1250,2,1.0,1.0,7,1
13792,1300,3,1.75,1.5,6,1
13793,2520,4,3.25,1.5,8,1
13794,1330,3,1.5,2.0,7,0
13795,2480,3,2.75,1.5,9,1
13796,3020,5,2.25,1.0,7,1
13797,1770,3,1.75,1.0,7,0
13798,1930,3,1.75,1.0,7,0
13799,1650,3,2.25,2.0,7,0
13800,2580,4,3.0,2.0,7,0
13801,2570,3,2.0,1.5,8,1
13802,2880,1,1.0,1.0,7,1
13803,2660,4,2.75,1.5,8,1
13804,1560,3,1.0,1.5,7,0
13805,3080,3,2.5,2.0,9,1
13806,2540,4,1.75,1.0,7,1
13807,3080,6,2.5,1.0,7,0
13808,2190,3,2.75,2.0,8,0
13809,2930,3,3.75,2.0,8,1
13810,2880,5,2.75,1.0,9,1
13811,2160,3,1.75,2.0,8,0
13812,2110,3,2.0,2.0,7,1
13813,1830,4,2.25,2.0,7,0
13814,3180,4,4.0,2.0,8,1
13815,1880,3,2.5,2.0,8,0
13816,1140,3,1.0,1.0,7,1
13817,1798,5,1.75,1.0,7,0
13818,1670,3,1.75,1.5,7,0
13819,2580,3,2.25,1.0,8,1
13820,3720,4,2.25,1.0,8,1
13821,2790,4,2.5,2.0,9,0
13822,2190,3,2.5,2.0,8,0
13823,2280,4,2.75,1.5,7,1
13824,1100,3,1.0,1.0,6,0
13825,2180,4,2.25,1.0,8,0
13826,2770,4,2.5,2.0,9,1
13827,1980,3,1.0,1.0,7,0
13828,4180,5,3.5,2.0,11,1
13829,3030,6,3.0,1.0,8,1
13830,1690,3,2.5,2.5,8,1
13831,1990,3,2.0,2.0,8,1
13832,2250,5,1.75,1.0,7,0
13833,2080,3,2.25,1.5,7,0
13834,2460,3,2.0,1.0,8,1
13835,2588,3,2.5,2.0,8,0
13836,2570,4,1.75,1.0,8,1
13837,2370,3,2.5,2.0,7,1
13838,1070,3,1.0,1.0,7,0
13839,1940,3,2.0,1.5,7,1
13840,2650,3,2.5,2.0,8,1
13841,2290,4,2.5,2.0,8,1
13842,2050,4,2.5,2.0,8,0
13843,2680,3,2.5,2.0,9,1
13844,1520,3,1.75,1.0,6,1
13845,2690,3,2.0,2.0,8,1
13846,1180,2,1.5,2.0,7,0
13847,3030,4,2.5,2.0,8,0
13848,1400,3,2.25,2.0,8,0
13849,3000,4,2.5,2.0,8,1
13850,1200,3,1.0,1.0,7,0
13851,1000,3,1.0,1.0,7,0
13852,2740,4,3.25,2.5,9,1
13853,1990,3,2.5,2.0,8,1
13854,2110,3,3.0,1.0,6,0
13855,1830,3,2.75,2.0,10,1
13856,940,3,1.0,1.0,6,0
13857,2980,4,2.5,2.0,9,1
13858,2260,3,2.0,1.0,7,0
13859,3470,4,2.75,1.0,8,1
13860,1510,3,1.75,1.0,7,1
13861,2710,4,3.5,2.0,8,1
13862,2080,3,2.5,2.0,8,1
13863,1860,2,2.0,1.0,8,0
13864,2120,3,1.75,1.0,7,0
13865,1110,3,2.0,1.0,7,1
13866,5190,5,5.5,2.0,11,1
13867,1520,3,1.75,1.0,8,0
13868,2650,4,2.5,2.0,10,1
13869,3350,4,2.75,2.0,9,1
13870,1770,3,1.75,1.5,7,1
13871,2200,3,2.5,2.0,8,1
13872,2000,3,2.5,1.0,7,1
13873,1730,3,1.75,1.0,7,0
13874,1300,3,1.5,1.0,7,0
13875,2950,5,3.25,1.0,8,1
13876,1720,3,3.0,3.0,8,1
13877,880,2,1.0,1.0,7,0
13878,1790,4,2.25,1.0,7,0
13879,1380,3,1.5,1.0,7,0
13880,1530,3,2.25,2.0,8,1
13881,2330,5,1.75,1.0,8,1
13882,1540,5,2.0,1.0,7,0
13883,3210,3,2.5,2.0,10,1
13884,1130,3,1.0,1.0,7,1
13885,1460,3,2.0,1.0,7,0
13886,1410,3,1.75,1.0,7,0
13887,1750,4,2.75,1.5,8,1
13888,1370,2,1.75,1.0,6,0
13889,1780,3,1.5,1.0,7,0
13890,1890,4,1.75,2.0,7,1
13891,1630,3,2.25,2.0,7,0
13892,2320,5,1.75,1.0,7,0
13893,2580,3,2.5,2.0,9,1
13894,1470,2,2.5,2.0,8,0
13895,2298,3,1.0,1.0,7,0
13896,1960,3,2.5,2.0,7,0
13897,2950,3,2.25,1.5,8,0
13898,670,2,1.0,1.0,5,0
13899,3020,5,3.5,2.0,10,1
13900,2390,4,3.0,2.0,7,0
13901,3090,3,2.5,2.0,10,1
13902,1780,4,1.75,1.0,7,0
13903,1420,2,1.0,1.0,7,0
13904,2420,4,2.25,2.0,8,1
13905,1480,4,2.0,1.5,7,0
13906,2190,4,2.25,2.0,7,0
13907,1820,4,1.75,1.5,7,1
13908,1810,3,1.75,1.0,9,1
13909,2550,3,2.25,2.0,9,1
13910,1360,3,1.0,1.0,7,1
13911,2259,3,1.75,1.5,7,0
13912,3880,4,2.5,2.0,10,1
13913,2730,6,2.75,1.0,8,1
13914,2800,4,2.5,1.0,7,0
13915,4290,5,3.25,2.5,10,1
13916,1770,3,2.5,2.0,8,0
13917,1920,3,2.25,2.0,8,1
13918,2320,4,2.5,1.5,8,1
13919,2961,4,2.5,2.0,9,1
13920,1680,3,2.5,2.0,8,1
13921,1590,3,1.75,1.5,6,0
13922,1420,2,1.0,1.5,6,0
13923,1370,2,1.0,1.0,6,1
13924,2620,3,2.5,2.0,7,0
13925,1810,3,2.0,2.0,8,1
13926,4730,4,3.5,1.0,10,1
13927,700,2,1.0,1.0,6,0
13928,2390,4,2.75,2.0,8,1
13929,2070,4,2.5,1.5,9,1
13930,1780,4,2.0,1.5,7,0
13931,1900,4,2.5,1.5,7,0
13932,1040,2,1.0,1.0,7,0
13933,2370,4,1.75,1.5,8,1
13934,1970,3,2.5,2.0,7,0
13935,2120,4,2.25,2.0,8,1
13936,1960,3,2.5,2.0,8,1
13937,2660,3,3.25,2.0,9,1
13938,1180,3,2.25,2.0,7,0
13939,2390,3,2.5,1.0,8,1
13940,1250,3,1.0,1.0,7,0
13941,2600,5,3.0,1.0,8,1
13942,940,2,1.0,1.0,7,1
13943,3880,5,3.0,2.0,10,1
13944,1530,3,2.5,2.0,7,0
13945,2430,3,1.75,2.0,7,1
13946,1030,2,1.0,1.0,7,1
13947,2740,4,2.5,2.0,9,1
13948,1180,2,1.5,2.0,7,0
13949,3090,4,2.5,1.0,8,1
13950,1060,3,1.0,1.0,7,0
13951,790,2,1.0,1.0,6,0
13952,3070,4,2.5,1.0,8,1
13953,2100,2,2.0,2.0,9,0
13954,1100,2,2.5,2.0,8,0
13955,1070,2,1.0,1.0,6,0
13956,2190,4,3.0,1.0,9,1
13957,3450,4,3.5,2.0,10,1
13958,2070,3,2.5,2.0,8,1
13959,1190,2,1.0,1.0,7,1
13960,600,2,1.0,1.0,4,0
13961,940,3,1.0,1.0,7,0
13962,1280,3,1.0,1.5,6,0
13963,1370,3,1.0,1.0,7,0
13964,2450,3,1.75,1.0,7,0
13965,1970,4,2.25,1.0,7,0
13966,2910,4,2.75,1.0,8,1
13967,760,2,1.0,1.0,6,0
13968,1270,3,1.75,1.0,7,0
13969,1570,3,1.75,1.0,7,0
13970,2310,4,2.75,1.0,8,0
13971,1900,3,1.75,1.0,7,1
13972,3780,4,2.25,2.0,9,1
13973,1060,3,1.0,1.0,7,0
13974,1880,3,1.75,1.0,8,1
13975,1160,3,1.0,1.0,6,0
13976,860,2,1.0,1.0,7,1
13977,1590,2,2.0,1.0,7,0
13978,1170,2,1.0,1.0,7,0
13979,1190,3,1.5,1.0,7,0
13980,1300,2,1.0,1.0,7,0
13981,1660,3,2.0,1.0,7,0
13982,1160,3,2.0,1.0,7,1
13983,1950,3,2.5,2.0,7,0
13984,2470,4,2.5,2.0,8,0
13985,1430,3,1.0,1.0,7,0
13986,1970,3,2.5,2.0,7,0
13987,1400,3,1.75,1.0,7,0
13988,1510,3,1.5,1.0,7,0
13989,5350,7,3.0,2.5,10,1
13990,920,3,1.0,1.0,6,0
13991,2490,4,2.5,2.0,7,0
13992,3030,4,2.5,2.0,11,1
13993,1650,4,2.25,1.0,8,1
13994,1210,3,1.5,1.0,7,0
13995,2990,4,2.75,1.5,8,1
13996,1060,2,1.0,1.0,6,0
13997,2680,4,1.75,1.0,8,1
13998,1790,4,1.75,1.0,8,1
13999,2690,3,2.5,2.0,10,1
14000,770,2,1.0,1.0,6,0
14001,2700,5,2.5,1.0,8,1
14002,2620,4,2.5,2.0,8,1
14003,930,2,2.25,2.0,8,0
14004,1340,3,1.0,1.0,7,0
14005,1470,3,1.5,2.0,6,0
14006,2330,3,2.5,2.0,8,1
14007,1730,3,1.75,1.0,7,0
14008,2780,4,2.5,2.0,9,1
14009,1200,2,2.0,1.0,8,0
14010,4430,4,3.25,2.0,10,1
14011,1820,3,2.0,2.0,8,1
14012,1300,2,2.0,1.0,8,0
14013,680,1,1.0,1.0,5,1
14014,780,2,1.0,1.0,7,0
14015,2430,3,2.25,1.5,8,0
14016,1750,3,1.5,1.0,7,0
14017,1610,3,1.0,1.5,7,1
14018,2120,4,1.75,2.0,8,0
14019,1430,3,1.75,1.0,7,0
14020,1360,4,1.5,1.5,7,0
14021,2530,4,2.25,1.5,7,1
14022,3270,5,3.0,2.0,7,0
14023,2620,5,2.5,1.0,8,1
14024,1810,3,1.5,1.0,8,0
14025,2120,3,2.5,2.0,8,0
14026,2190,4,1.75,2.0,8,1
14027,980,3,1.0,1.0,7,0
14028,2230,5,3.0,2.0,7,1
14029,1540,4,2.0,1.0,7,0
14030,980,3,1.0,1.0,7,0
14031,2120,4,2.5,2.0,8,1
14032,2090,3,2.25,2.0,8,1
14033,1620,3,2.5,2.0,8,1
14034,1650,3,2.0,1.0,7,0
14035,3230,4,2.5,2.0,9,1
14036,2790,4,3.25,1.0,9,1
14037,1600,4,2.25,2.0,7,0
14038,1790,4,2.5,2.0,7,0
14039,2060,3,1.5,1.5,7,0
14040,1370,4,1.0,1.5,5,0
14041,6200,5,4.75,2.0,11,1
14042,1510,3,2.0,1.0,7,0
14043,1280,3,1.0,1.0,7,0
14044,2180,4,2.25,1.0,8,1
14045,1440,2,1.75,1.0,6,0
14046,1580,3,2.25,1.0,7,0
14047,1580,2,2.0,1.0,6,1
14048,1730,4,1.5,1.5,7,0
14049,700,2,1.0,1.0,4,0
14050,2030,4,1.75,1.5,7,1
14051,2500,4,2.5,2.0,10,1
14052,2605,3,2.5,2.0,9,1
14053,910,2,1.0,1.0,6,0
14054,3560,6,2.5,2.5,11,1
14055,1140,3,1.75,1.0,7,0
14056,1000,2,1.0,1.0,5,1
14057,3010,4,2.5,2.0,9,1
14058,2110,2,1.75,1.0,9,1
14059,910,3,1.0,1.0,6,0
14060,2050,4,3.25,2.0,8,1
14061,1090,2,1.0,1.0,7,0
14062,2100,3,2.5,2.0,9,1
14063,1000,3,1.0,1.0,7,0
14064,4410,5,3.25,2.0,9,1
14065,1800,3,1.75,1.0,8,0
14066,920,2,1.0,1.0,6,0
14067,1410,3,2.0,1.0,7,0
14068,1860,3,1.75,1.5,8,0
14069,2100,4,2.5,1.0,7,1
14070,1030,2,1.0,1.0,7,0
14071,940,2,1.0,1.0,7,0
14072,1340,2,2.5,2.0,7,0
14073,850,2,1.0,1.0,6,0
14074,2130,3,1.75,1.0,7,1
14075,2430,4,2.5,2.0,8,0
14076,2290,5,2.25,2.0,8,1
14077,1230,3,1.75,1.0,7,0
14078,1150,3,1.5,1.0,6,0
14079,2120,3,2.5,2.0,9,1
14080,980,2,1.0,1.0,7,0
14081,2130,3,2.5,2.0,8,1
14082,1050,2,1.0,1.0,7,0
14083,1820,3,2.5,1.0,7,1
14084,2210,3,2.5,2.0,7,0
14085,2490,5,2.5,1.0,8,1
14086,4140,4,2.75,2.0,11,1
14087,1210,2,1.0,1.0,6,0
14088,1010,2,1.0,1.0,6,0
14089,2050,4,2.0,1.0,7,0
14090,2060,3,1.75,2.0,9,1
14091,1560,4,1.75,1.0,6,1
14092,1780,3,2.5,2.0,8,1
14093,1460,3,1.75,1.0,8,0
14094,3030,4,2.5,2.0,9,1
14095,980,4,1.0,1.5,7,0
14096,1450,4,2.25,1.0,7,0
14097,3230,3,2.25,2.0,9,1
14098,1520,2,2.0,3.0,7,0
14099,1410,4,1.0,1.5,7,0
14100,1390,3,1.75,2.0,7,0
14101,2230,4,2.0,1.5,7,1
14102,2110,4,2.25,2.0,8,1
14103,2270,3,1.75,1.0,7,1
14104,2530,4,2.25,1.0,8,1
14105,1900,5,2.0,1.0,7,1
14106,2390,4,2.5,2.0,9,1
14107,3160,4,2.5,1.0,8,1
14108,900,2,1.0,2.0,7,0
14109,3610,3,3.0,2.0,8,1
14110,2070,3,2.0,1.5,7,1
14111,1850,4,2.5,2.0,7,1
14112,1440,3,1.5,1.0,7,0
14113,2590,3,2.25,2.0,8,1
14114,1140,2,1.0,1.5,6,0
14115,2760,4,3.5,2.0,9,1
14116,1310,5,1.5,1.5,6,0
14117,1870,3,1.75,1.0,7,0
14118,1900,3,2.25,1.0,7,0
14119,2860,5,2.75,2.5,8,1
14120,1640,3,2.0,1.0,7,0
14121,1140,3,1.0,1.5,6,1
14122,2590,5,1.75,1.0,7,0
14123,2160,4,3.0,1.0,7,0
14124,3260,5,3.5,2.0,8,1
14125,1660,4,1.75,1.5,7,1
14126,1640,3,2.25,2.0,7,0
14127,2620,4,2.5,2.0,8,0
14128,950,3,1.75,1.0,6,0
14129,900,3,1.0,1.0,6,0
14130,1650,3,2.25,1.0,7,1
14131,1800,3,2.5,2.0,7,0
14132,1480,3,1.0,1.5,7,0
14133,1040,3,1.0,1.0,7,0
14134,2300,3,3.5,1.0,8,1
14135,2480,3,1.0,1.0,7,0
14136,1970,4,1.75,1.0,8,0
14137,1530,2,1.75,1.0,7,1
14138,970,2,1.0,1.0,6,0
14139,2920,4,2.5,2.0,10,1
14140,970,3,1.0,1.0,7,0
14141,680,2,1.0,1.0,6,1
14142,2640,4,2.5,2.0,8,1
14143,4200,3,4.0,2.0,11,1
14144,1980,1,2.5,1.0,7,0
14145,2980,3,2.75,1.5,8,1
14146,1630,3,3.25,3.0,8,0
14147,1780,2,1.75,1.0,7,1
14148,1210,2,1.0,1.0,8,1
14149,1010,3,1.0,1.0,7,0
14150,2570,3,2.5,1.0,8,1
14151,2770,4,2.25,2.0,9,1
14152,2290,3,2.5,2.0,8,1
14153,1780,4,1.5,1.0,7,1
14154,2150,5,2.0,1.5,8,1
14155,1920,3,1.75,1.0,7,0
14156,1220,4,1.0,1.0,7,0
14157,2960,3,3.0,2.0,10,1
14158,1500,3,1.75,1.0,7,0
14159,2830,7,3.5,1.0,8,0
14160,1580,3,2.5,2.0,8,0
14161,1230,3,2.25,1.0,7,0
14162,2910,4,2.5,2.0,8,1
14163,2370,5,2.25,2.0,9,1
14164,1930,4,2.25,1.5,8,1
14165,1780,4,2.0,1.0,7,0
14166,2760,4,2.5,2.0,9,1
14167,1620,2,1.75,1.0,7,0
14168,2160,3,2.5,2.0,9,1
14169,2190,4,2.25,1.0,7,0
14170,3240,3,2.5,2.0,10,1
14171,720,2,1.0,1.0,6,0
14172,1410,3,2.25,2.0,8,0
14173,2980,5,3.5,2.0,10,1
14174,1950,5,2.25,1.0,7,1
14175,1100,3,1.0,1.0,7,0
14176,1400,3,1.5,1.0,7,0
14177,1710,4,2.0,1.0,7,0
14178,2000,5,2.5,1.0,6,0
14179,2000,5,2.5,1.0,6,1
14180,1440,3,1.0,1.5,7,1
14181,1520,4,2.5,2.0,8,1
14182,1440,4,0.75,1.0,6,0
14183,1010,2,1.5,2.0,7,0
14184,2440,4,2.5,2.0,9,1
14185,2480,5,3.0,1.0,7,0
14186,1090,3,1.0,1.0,7,0
14187,1480,3,1.0,1.0,6,0
14188,2800,5,2.5,1.0,8,1
14189,1820,4,1.75,1.5,8,1
14190,5840,5,4.0,2.0,11,1
14191,2980,4,3.25,2.0,9,1
14192,1220,3,1.5,1.0,7,0
14193,1830,3,1.75,1.0,8,0
14194,2900,4,2.5,2.0,8,1
14195,1940,3,2.25,1.0,7,1
14196,1750,4,2.0,1.0,6,0
14197,1850,3,2.5,1.0,8,0
14198,3220,4,2.5,2.0,9,1
14199,1080,2,1.0,1.0,6,0
14200,3990,5,3.75,2.0,8,1
14201,920,3,1.75,1.0,6,1
14202,1290,3,1.75,1.0,7,0
14203,2090,4,2.5,2.0,8,1
14204,1900,3,2.5,2.0,9,1
14205,1360,4,1.0,1.5,6,0
14206,1000,3,1.0,1.5,6,0
14207,2170,4,2.25,2.0,7,1
14208,820,2,1.0,1.0,5,0
14209,1090,3,1.0,1.0,7,0
14210,1830,3,2.25,1.0,8,1
14211,3010,4,2.5,2.0,9,1
14212,4150,4,3.75,1.0,9,1
14213,2930,6,2.25,2.0,9,1
14214,1520,3,2.5,2.0,7,0
14215,1250,3,1.75,1.0,6,0
14216,2760,4,2.5,2.0,7,1
14217,1330,3,1.75,1.0,8,0
14218,1700,3,2.0,1.5,7,1
14219,2050,4,2.0,1.5,7,1
14220,3140,4,2.0,1.0,8,1
14221,2030,3,1.0,1.5,7,1
14222,2100,4,2.5,1.5,6,0
14223,1010,3,1.0,1.0,7,0
14224,1980,4,1.5,1.0,7,0
14225,2100,4,2.25,2.0,8,1
14226,840,2,1.0,1.0,7,0
14227,1690,3,1.75,1.0,7,0
14228,2140,3,2.0,1.0,7,0
14229,1810,3,2.5,2.0,7,1
14230,2600,3,2.5,2.0,8,1
14231,1650,3,1.75,1.0,8,1
14232,2460,3,1.75,1.0,7,1
14233,4320,5,2.25,2.0,7,1
14234,2600,3,2.25,2.0,9,0
14235,1930,3,2.5,2.0,7,0
14236,2190,3,2.0,1.0,7,1
14237,1420,3,1.0,1.0,7,0
14238,2090,3,2.5,2.0,7,0
14239,2290,3,2.5,2.0,8,1
14240,2470,3,3.0,2.0,9,1
14241,840,3,1.0,1.0,6,0
14242,2100,2,1.0,1.0,7,0
14243,1360,3,1.5,1.0,7,1
14244,3420,6,3.0,1.0,9,1
14245,1930,3,2.75,1.5,7,1
14246,2180,4,2.5,1.0,7,1
14247,1670,4,2.0,1.0,7,0
14248,2720,4,2.75,1.0,8,1
14249,3170,4,2.5,2.0,8,1
14250,1610,2,1.75,1.0,7,0
14251,2370,3,2.5,2.0,8,1
14252,2590,3,2.5,1.0,10,0
14253,2850,3,2.5,2.0,10,1
14254,1660,4,2.0,1.5,7,1
14255,5550,4,4.25,2.0,11,1
14256,2200,3,1.5,1.0,7,1
14257,2020,3,2.5,1.0,7,0
14258,1760,3,1.5,1.0,7,0
14259,1810,4,2.25,2.0,7,0
14260,1310,3,2.0,1.0,6,0
14261,3000,4,2.5,2.0,7,0
14262,1080,2,2.0,1.0,6,1
14263,2170,3,2.75,1.5,9,1
14264,740,2,1.0,1.0,6,0
14265,5290,3,3.25,2.0,11,1
14266,5290,3,3.25,2.0,11,1
14267,2370,3,2.25,2.0,8,1
14268,1890,3,1.0,1.5,7,1
14269,1160,3,1.75,1.0,7,0
14270,1550,4,1.75,1.5,8,1
14271,3090,3,2.5,2.0,9,1
14272,2610,4,2.5,2.0,8,0
14273,1230,3,1.75,1.0,7,0
14274,1280,3,1.5,2.0,6,0
14275,1880,2,1.0,1.0,6,0
14276,1220,2,1.5,1.0,6,0
14277,1350,2,2.75,2.0,8,0
14278,2370,4,2.5,2.0,8,1
14279,3040,4,3.0,2.0,10,1
14280,2080,5,1.75,1.0,7,1
14281,1560,2,1.75,1.0,7,1
14282,2980,5,3.5,2.0,8,1
14283,870,2,1.0,1.0,7,0
14284,1660,3,1.75,1.0,7,0
14285,1870,3,2.25,1.0,7,0
14286,1410,3,1.0,1.0,7,1
14287,2180,4,2.25,1.0,9,0
14288,2620,4,2.5,1.0,7,0
14289,2450,3,2.5,1.0,8,1
14290,3250,4,2.5,2.0,8,0
14291,1150,3,1.0,1.0,7,1
14292,2780,4,2.75,2.0,8,1
14293,1360,3,1.75,1.0,7,0
14294,2810,5,2.5,1.0,9,1
14295,1780,4,2.5,1.0,8,1
14296,1100,3,1.0,1.0,7,0
14297,2230,3,2.5,2.0,8,1
14298,1710,3,2.5,2.0,8,1
14299,2620,4,2.5,2.0,8,1
14300,1990,4,1.75,1.5,7,0
14301,1450,4,1.75,1.0,7,0
14302,1630,4,2.0,1.0,7,0
14303,730,1,1.0,1.0,7,0
14304,1980,3,1.75,1.5,7,1
14305,1730,4,1.0,1.5,6,0
14306,1350,3,1.75,1.0,8,0
14307,1410,3,2.0,1.0,7,1
14308,2360,5,2.5,1.0,7,1
14309,1190,3,1.0,1.0,6,0
14310,3760,4,3.25,1.5,9,1
14311,1220,1,1.0,1.0,6,0
14312,2920,4,2.5,2.0,10,1
14313,1590,2,1.75,1.5,9,1
14314,3510,5,3.25,2.0,9,1
14315,1320,3,2.5,3.0,8,1
14316,1610,3,1.0,1.0,7,0
14317,1410,3,1.0,1.0,7,0
14318,2170,4,2.5,1.0,7,0
14319,1890,4,1.75,1.5,7,1
14320,3260,4,2.75,2.0,9,1
14321,2080,3,1.75,2.0,8,0
14322,2040,3,1.75,1.5,8,1
14323,1250,3,1.0,1.0,7,0
14324,850,1,1.0,1.0,6,0
14325,850,1,1.0,1.0,6,1
14326,1600,3,1.75,1.0,8,1
14327,2400,3,2.5,2.0,9,1
14328,1870,3,2.25,2.0,8,1
14329,1720,3,1.0,1.0,7,0
14330,1030,3,1.0,1.0,7,0
14331,1190,2,2.25,2.0,9,1
14332,910,2,1.0,1.5,6,1
14333,1290,3,1.0,1.0,7,0
14334,1530,2,2.25,2.0,8,1
14335,2330,3,2.5,2.0,9,1
14336,2090,3,1.75,1.0,7,1
14337,1570,3,2.0,2.0,8,1
14338,1560,3,1.75,1.0,8,1
14339,1500,2,1.0,1.5,5,0
14340,2160,4,2.75,1.0,7,1
14341,780,2,1.0,1.0,6,0
14342,2340,4,1.75,1.0,7,1
14343,3570,3,2.0,1.0,8,1
14344,720,1,1.0,1.0,6,0
14345,2990,4,2.0,1.0,8,1
14346,1860,3,2.25,1.0,7,0
14347,1950,4,1.75,1.5,6,0
14348,1860,3,1.5,1.0,7,0
14349,1550,3,2.0,1.0,7,0
14350,1610,3,1.75,1.0,7,0
14351,1810,3,2.0,1.0,7,1
14352,1730,2,2.0,2.0,7,0
14353,1230,3,2.5,1.0,7,0
14354,2130,4,2.5,1.5,7,1
14355,2190,3,2.75,1.0,7,1
14356,4130,5,4.5,2.0,10,1
14357,1680,3,2.25,2.0,7,0
14358,1480,3,2.5,1.0,7,1
14359,1790,4,1.5,1.0,8,0
14360,2810,5,3.5,2.0,9,1
14361,2360,4,2.5,1.0,8,1
14362,1460,3,1.75,1.0,6,0
14363,2160,3,2.25,1.0,8,1
14364,2610,6,2.0,1.0,8,1
14365,2170,4,2.5,2.0,7,1
14366,2160,2,1.0,1.0,7,0
14367,2020,4,2.75,1.0,7,1
14368,2980,4,2.5,2.0,10,1
14369,1300,2,1.5,1.0,7,1
14370,3090,4,2.5,2.0,8,1
14371,2280,4,2.25,2.0,8,1
14372,1260,3,1.75,1.0,7,0
14373,1530,2,1.75,1.0,8,1
14374,1830,3,2.5,1.0,8,1
14375,1610,3,2.5,1.0,7,0
14376,2170,3,2.5,2.0,8,1
14377,5020,4,4.25,2.0,12,1
14378,1620,3,2.25,2.0,8,0
14379,1080,3,1.75,1.0,7,0
14380,1940,3,2.5,1.0,8,1
14381,2360,3,2.5,2.0,9,1
14382,2010,3,2.5,2.0,8,1
14383,800,3,1.0,1.5,6,1
14384,970,3,1.0,1.5,7,0
14385,3720,4,3.25,2.0,11,1
14386,2010,3,2.25,2.0,8,1
14387,1430,4,1.0,1.5,7,1
14388,2250,3,1.75,1.0,8,1
14389,2130,3,1.75,1.0,7,0
14390,1620,3,2.0,1.0,7,0
14391,3140,4,3.25,2.0,10,1
14392,870,2,1.0,1.0,7,1
14393,1820,4,2.5,1.0,7,0
14394,1510,3,2.0,1.0,7,0
14395,1320,2,1.75,1.0,7,0
14396,1800,3,2.5,2.0,8,1
14397,1120,2,1.0,1.0,7,0
14398,2160,3,1.75,1.0,7,0
14399,3220,4,2.5,2.0,9,1
14400,960,2,1.0,1.0,6,0
14401,2640,5,2.5,1.5,7,1
14402,2430,4,3.0,2.0,8,0
14403,1470,2,1.0,1.0,7,0
14404,2040,3,2.5,1.0,8,0
14405,1670,3,2.5,2.0,7,0
14406,1010,4,1.0,1.0,6,0
14407,540,1,1.0,1.0,5,0
14408,1240,3,1.0,1.0,7,1
14409,1510,3,1.75,1.0,7,0
14410,1820,3,1.0,1.0,7,1
14411,1000,2,1.0,1.0,5,0
14412,2040,5,1.5,1.0,7,0
14413,3690,4,2.5,1.0,10,1
14414,2310,3,2.5,2.0,9,1
14415,1090,3,1.5,1.0,6,0
14416,1150,3,1.0,1.0,6,0
14417,2100,4,2.5,2.0,8,0
14418,2150,4,2.75,1.0,8,1
14419,2500,3,1.5,1.5,7,0
14420,3530,5,2.0,1.5,9,1
14421,1290,2,1.75,1.0,7,1
14422,2010,4,1.75,1.0,7,0
14423,2180,4,2.5,2.0,8,1
14424,1150,4,1.0,1.5,6,0
14425,2000,4,1.75,1.0,7,1
14426,2780,5,1.75,1.0,8,1
14427,1550,2,1.75,1.0,8,1
14428,2180,2,1.0,1.0,7,0
14429,1570,2,1.5,1.5,7,1
14430,2260,3,2.5,1.0,9,1
14431,1600,3,1.0,1.5,7,1
14432,1630,3,1.0,1.0,7,0
14433,890,3,1.0,1.0,6,0
14434,1350,3,1.0,1.0,7,0
14435,2850,5,1.75,1.0,9,1
14436,1350,3,1.0,1.0,6,0
14437,3280,3,2.25,1.0,10,1
14438,1090,2,1.0,1.0,7,0
14439,2990,4,2.5,2.0,9,1
14440,1340,3,1.75,1.0,7,0
14441,1340,3,1.75,1.0,7,0
14442,720,2,1.0,1.0,6,0
14443,2330,3,2.5,1.0,7,0
14444,1280,2,1.0,1.5,6,0
14445,1570,2,2.25,2.0,9,1
14446,1510,4,1.75,1.5,7,0
14447,2470,4,2.5,2.0,8,1
14448,1190,2,1.0,1.0,7,0
14449,1981,4,2.5,2.0,8,0
14450,1590,3,1.75,1.0,7,0
14451,1150,3,1.75,1.0,7,0
14452,2160,5,2.75,1.5,7,0
14453,1770,3,1.5,1.0,9,1
14454,2470,2,2.5,2.0,8,1
14455,1710,3,2.5,2.0,8,1
14456,1860,2,2.25,2.0,8,1
14457,1150,3,1.0,1.5,5,0
14458,3850,5,3.0,2.0,9,1
14459,3410,5,3.0,1.0,8,1
14460,1890,4,1.5,1.0,8,0
14461,3200,5,3.5,2.0,7,1
14462,2170,5,1.0,1.5,7,0
14463,2390,4,2.5,2.0,9,0
14464,1410,3,2.0,1.0,7,0
14465,740,2,1.0,1.0,5,0
14466,2150,3,2.5,1.5,6,0
14467,2180,4,2.5,2.0,7,0
14468,820,2,1.0,1.0,7,1
14469,5480,6,4.5,2.0,9,1
14470,1960,4,2.5,1.0,7,0
14471,1270,2,1.0,1.0,7,0
14472,1710,3,2.0,1.0,7,0
14473,1930,3,1.75,1.0,7,0
14474,1200,3,1.75,1.0,7,0
14475,1680,3,1.5,1.0,7,1
14476,1300,4,1.0,1.0,7,0
14477,1540,3,2.5,2.0,7,0
14478,870,2,1.75,1.0,6,0
14479,1890,2,2.25,2.0,8,1
14480,2050,4,1.75,1.0,7,1
14481,880,3,1.0,1.0,6,0
14482,2780,3,2.75,2.0,8,1
14483,1160,3,1.0,1.0,7,0
14484,2300,5,2.75,1.0,7,0
14485,3140,4,2.5,2.0,9,0
14486,2300,3,1.75,1.0,7,0
14487,2900,3,2.5,1.0,10,1
14488,1920,3,2.25,2.0,7,0
14489,1150,3,1.0,1.0,7,0
14490,3120,4,2.5,2.0,9,1
14491,2560,4,2.0,1.0,7,1
14492,1410,3,2.0,1.5,7,0
14493,970,3,1.0,1.0,7,0
14494,3620,3,3.25,2.0,10,1
14495,880,2,1.0,1.0,7,0
14496,1900,3,1.75,1.5,7,1
14497,2540,4,2.5,2.0,8,1
14498,1690,4,1.75,1.0,7,1
14499,1120,3,1.5,1.0,7,0
14500,2130,4,2.75,1.0,7,0
14501,3420,3,2.5,2.0,11,1
14502,1900,3,1.75,1.0,7,1
14503,3730,4,2.5,2.0,10,1
14504,1790,3,3.0,2.0,7,0
14505,2250,4,2.75,1.0,8,0
14506,2880,3,2.5,1.0,8,1
14507,1780,4,1.75,1.0,6,0
14508,1580,3,2.25,1.0,7,1
14509,3260,5,2.75,2.0,8,0
14510,3180,4,2.5,2.0,9,1
14511,2460,3,1.75,1.0,7,1
14512,1020,3,1.0,1.0,7,0
14513,1630,3,1.75,1.0,7,0
14514,3290,4,2.5,2.0,8,1
14515,1940,4,2.5,2.0,8,0
14516,1350,3,2.0,1.0,7,0
14517,1110,3,1.0,1.0,6,0
14518,2993,4,1.5,2.0,7,1
14519,2280,4,2.5,2.0,8,0
14520,3800,5,3.25,1.0,7,0
14521,850,2,1.0,1.0,6,0
14522,1560,3,1.75,1.0,7,0
14523,1000,3,1.0,1.0,7,0
14524,1400,3,1.0,1.5,7,1
14525,1540,4,1.75,1.0,6,0
14526,3570,4,3.0,1.5,9,1
14527,800,2,1.0,1.0,6,0
14528,1160,3,1.0,1.5,7,0
14529,1010,3,1.0,1.0,6,0
14530,1010,3,1.0,1.0,6,0
14531,2390,4,2.25,2.0,8,1
14532,1610,3,2.5,2.0,8,1
14533,2400,3,3.0,1.0,7,0
14534,1800,3,1.75,1.0,7,1
14535,2110,4,3.25,2.0,8,1
14536,960,2,1.0,1.0,4,0
14537,2600,3,3.0,1.5,9,1
14538,1340,3,1.5,1.0,7,0
14539,1410,3,1.0,1.0,6,0
14540,2390,4,2.25,1.0,9,1
14541,1180,2,1.5,3.0,8,0
14542,1040,3,1.0,1.0,7,0
14543,1840,3,2.25,1.0,7,0
14544,2630,4,2.25,2.0,9,1
14545,2640,4,2.5,2.0,8,1
14546,1720,2,2.5,2.0,8,0
14547,2320,4,1.75,1.0,7,0
14548,1840,3,1.75,2.0,7,1
14549,2890,5,2.5,2.0,9,1
14550,2200,3,1.75,2.0,7,1
14551,1660,4,2.75,1.5,7,1
14552,2170,3,2.5,1.0,7,0
14553,3310,3,3.25,2.0,9,1
14554,1450,2,1.5,1.0,7,1
14555,1440,3,1.75,1.0,8,0
14556,1760,4,2.0,1.0,7,0
14557,3170,3,2.5,2.0,9,1
14558,1250,2,1.0,1.0,6,0
14559,3280,4,2.5,2.0,10,1
14560,2460,4,3.0,1.0,7,1
14561,1470,3,2.0,1.0,7,0
14562,1780,4,2.0,1.5,8,1
14563,1580,4,1.0,1.5,7,0
14564,1630,3,1.5,1.5,8,1
14565,2240,4,2.0,1.0,7,0
14566,2430,3,2.5,2.0,10,1
14567,1940,3,1.5,1.0,7,1
14568,1970,3,2.5,2.0,7,0
14569,2050,4,2.5,1.0,7,1
14570,1340,3,1.0,1.5,5,0
14571,1880,4,1.75,1.0,8,0
14572,860,2,1.0,1.0,6,0
14573,2140,3,2.5,2.0,8,1
14574,3620,3,3.0,2.0,10,1
14575,2370,4,2.75,2.0,7,0
14576,1860,3,2.5,2.0,8,0
14577,2110,4,3.0,1.5,7,1
14578,1990,3,2.25,2.0,8,1
14579,1820,3,2.25,1.0,7,0
14580,3120,3,2.0,1.0,9,1
14581,1190,3,2.5,2.0,7,0
14582,1170,3,2.0,1.0,6,0
14583,2630,3,2.5,2.0,9,1
14584,1450,4,1.0,1.0,6,0
14585,2100,4,2.0,1.0,7,0
14586,1680,2,1.75,1.0,6,0
14587,2000,4,1.75,1.0,7,0
14588,1030,3,1.0,1.0,7,0
14589,2020,5,1.75,1.0,8,1
14590,2220,4,2.0,1.0,7,1
14591,1750,4,2.5,1.0,7,0
14592,1710,3,2.5,2.0,7,0
14593,3560,6,3.25,1.5,8,1
14594,2720,2,2.5,1.0,10,1
14595,1010,3,1.0,1.0,6,0
14596,1830,4,2.5,2.0,7,0
14597,4480,4,3.0,2.0,9,1
14598,2080,4,1.5,1.5,7,1
14599,1470,3,1.5,1.0,7,0
14600,1600,3,1.0,1.0,7,0
14601,1340,3,2.0,1.5,7,1
14602,3680,5,3.5,2.0,9,1
14603,1770,3,2.5,2.0,7,0
14604,980,4,2.0,1.0,7,0
14605,2530,4,3.0,1.0,8,1
14606,2390,4,3.0,2.0,7,0
14607,3600,4,2.5,2.0,9,1
14608,3270,4,2.5,1.0,8,1
14609,2300,5,2.5,2.0,6,1
14610,1710,3,1.0,1.5,7,1
14611,1170,4,2.0,1.0,7,0
14612,1990,3,2.25,1.0,7,1
14613,1710,4,1.75,1.5,6,0
14614,1740,3,2.5,2.0,8,1
14615,3320,4,3.75,2.0,10,1
14616,1960,4,1.0,2.0,7,1
14617,2820,6,3.5,1.0,8,1
14618,1590,3,1.0,1.5,7,1
14619,2490,4,2.25,1.0,7,1
14620,870,3,1.0,1.0,6,0
14621,1860,3,1.75,1.0,7,0
14622,2930,3,2.0,2.0,8,1
14623,1580,3,1.0,2.0,8,1
14624,4110,4,3.25,2.0,11,1
14625,1410,3,2.0,1.0,7,1
14626,2090,3,2.0,1.5,8,1
14627,1400,3,1.75,1.0,7,0
14628,1690,3,3.5,2.0,7,1
14629,3210,5,2.25,1.5,8,1
14630,1190,3,1.0,1.5,5,0
14631,960,3,1.0,1.0,5,0
14632,2380,4,2.25,2.0,8,1
14633,1020,2,1.0,1.0,6,0
14634,1290,3,1.75,1.0,7,0
14635,1830,3,2.0,1.0,7,0
14636,4770,5,4.0,2.0,12,1
14637,2910,2,2.5,2.0,9,1
14638,950,3,1.0,1.0,6,0
14639,1160,3,1.0,1.0,7,0
14640,4930,4,4.0,2.0,12,1
14641,1780,3,1.75,1.0,7,1
14642,1410,3,2.0,1.0,7,0
14643,2700,4,3.5,1.5,8,1
14644,1790,2,1.5,1.0,7,1
14645,4040,3,2.5,2.0,9,1
14646,1990,3,1.75,1.0,7,0
14647,2150,3,1.75,1.0,7,0
14648,1850,4,2.5,2.0,8,0
14649,1680,3,2.5,1.0,7,0
14650,1430,2,1.0,1.0,7,0
14651,960,3,1.0,1.0,7,0
14652,2700,4,2.5,2.0,9,1
14653,1290,2,1.5,1.0,7,1
14654,1860,3,2.5,2.0,8,1
14655,4320,4,3.5,2.0,10,1
14656,2130,3,1.0,1.5,7,0
14657,2870,2,1.75,2.0,8,1
14658,3740,5,3.5,2.0,10,1
14659,2130,3,2.5,2.0,8,1
14660,1210,4,2.0,1.0,7,0
14661,2800,6,2.0,1.0,7,0
14662,3040,5,2.25,2.0,8,1
14663,1570,3,2.5,2.0,7,0
14664,2090,3,2.25,1.0,7,0
14665,1690,3,2.25,1.0,7,0
14666,1470,3,1.5,1.0,7,0
14667,1460,4,1.0,1.0,7,0
14668,3030,4,2.5,2.0,9,1
14669,1190,3,1.75,1.0,6,1
14670,1840,5,1.0,1.5,7,1
14671,3560,4,3.75,2.0,9,1
14672,1580,3,1.75,1.0,7,0
14673,1230,3,1.5,1.0,7,0
14674,1440,4,2.0,1.0,5,0
14675,4420,4,3.5,2.0,10,1
14676,910,3,1.0,1.0,6,0
14677,670,2,1.0,1.0,6,0
14678,2650,4,2.75,2.0,8,1
14679,2220,4,2.25,2.0,8,0
14680,1640,3,1.75,1.0,7,0
14681,770,2,1.0,1.0,7,0
14682,3960,4,3.5,2.0,10,1
14683,1140,2,1.5,1.0,6,0
14684,2480,3,2.5,2.0,7,1
14685,1580,3,1.5,1.0,8,1
14686,1990,4,2.75,1.0,7,0
14687,1830,4,2.25,1.0,7,0
14688,840,2,2.0,1.5,6,0
14689,3320,5,2.25,1.0,8,1
14690,2050,4,2.25,2.0,8,0
14691,1560,2,1.75,2.0,8,0
14692,800,2,1.0,1.0,6,0
14693,1190,2,1.0,1.0,7,0
14694,1300,3,1.75,1.0,6,0
14695,3400,4,2.5,2.0,9,1
14696,1170,2,1.5,3.0,8,1
14697,2510,4,2.5,2.0,7,0
14698,2510,4,2.25,1.0,9,1
14699,2390,3,2.5,2.0,8,0
14700,2200,4,2.25,2.0,8,0
14701,2550,2,1.0,1.0,7,0
14702,2560,4,2.25,1.0,8,1
14703,3250,3,3.75,2.0,8,1
14704,1340,2,2.0,1.0,8,0
14705,2840,3,2.25,2.0,9,1
14706,2480,4,2.25,1.0,8,1
14707,3060,5,3.5,2.0,8,1
14708,2910,4,2.5,2.0,8,0
14709,1900,4,1.0,1.0,7,0
14710,1300,4,1.75,1.0,7,0
14711,1480,3,1.5,1.0,7,0
14712,1250,3,1.0,1.0,6,0
14713,2000,4,2.5,1.5,7,1
14714,1330,3,1.5,1.0,7,0
14715,1840,3,2.25,1.0,7,0
14716,1560,4,2.0,1.5,7,1
14717,3150,3,2.5,2.0,9,1
14718,1560,3,2.25,2.0,7,0
14719,2910,5,2.5,1.0,7,1
14720,2940,3,2.5,2.0,10,1
14721,950,3,1.0,1.0,6,0
14722,1200,2,1.0,1.0,7,0
14723,1000,2,1.0,1.0,7,0
14724,1490,3,2.0,1.0,7,1
14725,600,2,1.0,1.0,5,0
14726,2320,2,1.75,1.5,8,1
14727,3190,4,2.5,2.0,10,1
14728,990,2,1.0,1.0,7,0
14729,5470,4,2.75,2.0,11,1
14730,2890,4,2.75,2.0,9,1
14731,1790,3,2.0,1.0,7,1
14732,2350,4,2.5,2.0,9,0
14733,3430,4,2.5,2.0,10,1
14734,2600,3,1.75,1.0,8,1
14735,2130,4,3.0,1.0,7,1
14736,1660,3,1.75,1.0,7,0
14737,2473,5,3.5,2.0,7,0
14738,1430,2,2.75,2.0,7,1
14739,1570,3,2.25,2.0,8,0
14740,1240,2,1.0,1.0,7,1
14741,1720,3,2.5,2.0,7,0
14742,1140,3,2.0,1.0,7,0
14743,2690,4,3.25,2.0,9,1
14744,1520,3,1.75,1.0,8,0
14745,2040,4,2.25,2.0,8,1
14746,2830,3,2.5,1.0,9,1
14747,1340,3,1.5,1.0,7,0
14748,2520,4,2.5,1.0,8,1
14749,1660,3,2.5,2.0,7,0
14750,880,2,1.0,1.0,6,0
14751,980,3,2.0,1.0,6,0
14752,1360,4,1.0,1.5,6,1
14753,3710,3,3.75,2.0,10,1
14754,940,3,1.0,1.0,7,1
14755,970,2,1.0,1.0,7,0
14756,1500,3,2.25,3.0,8,1
14757,2780,5,2.5,1.0,8,0
14758,3110,3,2.5,1.0,8,1
14759,1860,3,2.25,2.0,7,0
14760,1010,3,1.0,1.0,6,0
14761,2850,3,2.25,2.0,7,1
14762,2280,3,2.25,1.0,7,0
14763,3080,4,3.0,2.0,8,1
14764,2280,4,2.5,1.5,7,1
14765,2030,3,1.5,1.0,7,0
14766,2570,4,3.0,2.0,8,1
14767,3640,3,2.75,1.0,9,1
14768,1760,3,2.0,1.0,7,1
14769,2760,3,2.5,2.0,9,1
14770,2650,3,2.5,2.0,9,1
14771,5160,5,4.5,2.0,12,1
14772,1480,4,2.0,1.0,7,0
14773,860,3,1.0,1.0,6,0
14774,2610,4,2.5,2.0,8,0
14775,1470,2,1.0,1.0,6,0
14776,4570,4,2.5,2.0,11,1
14777,3410,3,3.0,2.0,10,1
14778,1760,3,2.25,2.0,8,0
14779,2040,3,1.75,1.0,8,0
14780,3470,3,3.5,3.0,9,1
14781,680,2,1.0,1.0,6,0
14782,1494,2,2.0,2.0,7,1
14783,1250,3,1.5,1.0,7,1
14784,3570,3,3.0,2.0,10,1
14785,2000,4,2.0,1.5,7,1
14786,2030,3,2.5,2.0,7,0
14787,1390,3,1.0,1.0,7,0
14788,1030,2,1.0,1.5,7,0
14789,1280,3,1.0,1.5,6,0
14790,2370,3,2.5,2.0,9,0
14791,1380,3,2.0,2.0,7,0
14792,2320,5,3.0,1.0,8,1
14793,2050,5,1.5,1.0,7,0
14794,1210,3,1.0,1.0,6,0
14795,3270,4,2.5,2.0,11,1
14796,2450,3,2.5,2.0,9,1
14797,1890,5,1.75,1.5,7,1
14798,2007,4,2.5,2.0,9,0
14799,1430,3,2.5,2.0,7,0
14800,2056,2,1.75,1.0,7,0
14801,2210,5,2.5,1.0,9,1
14802,2330,5,1.75,1.5,8,1
14803,2070,4,2.0,2.0,7,0
14804,1480,2,2.5,3.0,7,0
14805,1160,2,1.75,2.0,7,0
14806,2520,4,2.5,2.0,8,1
14807,1770,2,1.0,1.0,8,0
14808,3110,3,2.5,2.0,8,1
14809,1680,3,2.5,2.0,8,1
14810,1320,3,1.0,1.5,7,0
14811,1320,3,1.0,1.5,7,1
14812,1810,3,2.5,1.0,8,0
14813,1140,1,1.0,1.5,7,1
14814,4600,5,2.5,1.0,9,1
14815,1840,3,2.0,1.0,6,1
14816,2000,3,1.5,1.0,7,0
14817,1480,3,1.75,1.0,7,0
14818,2040,4,2.5,2.0,7,0
14819,2060,4,2.25,1.0,8,1
14820,3720,6,3.5,2.0,10,1
14821,3002,4,2.5,2.0,8,0
14822,1060,3,1.0,1.0,6,0
14823,1830,4,2.0,1.0,7,0
14824,1550,3,2.0,1.0,6,0
14825,1690,3,2.5,2.0,8,0
14826,2580,3,1.75,1.0,7,1
14827,2510,5,2.5,1.0,7,1
14828,1290,3,2.25,2.0,8,1
14829,1450,4,2.0,1.0,7,0
14830,2690,4,2.5,2.0,8,0
14831,3340,4,3.25,1.5,9,1
14832,2600,4,2.5,2.0,8,0
14833,3140,3,2.5,2.0,9,1
14834,3800,3,3.25,2.0,9,1
14835,2320,4,1.75,1.0,8,0
14836,2360,4,2.5,1.0,7,0
14837,1100,4,1.5,1.0,6,0
14838,1390,3,2.0,1.0,8,0
14839,2180,2,2.0,2.0,8,1
14840,1730,3,3.0,3.5,8,1
14841,2760,5,1.75,1.0,8,1
14842,2430,3,1.75,1.0,7,1
14843,2010,3,2.0,1.0,8,0
14844,1730,5,1.75,1.0,7,0
14845,2450,3,3.0,1.5,8,1
14846,3300,4,2.5,2.0,9,1
14847,720,2,1.0,1.0,6,0
14848,1240,3,2.0,1.0,7,0
14849,3050,5,2.5,1.0,8,1
14850,1590,3,1.5,1.5,7,0
14851,2040,3,2.0,1.0,7,1
14852,1840,4,2.5,2.0,8,0
14853,1960,4,2.25,2.0,8,1
14854,4110,4,5.0,2.0,11,1
14855,1830,3,2.25,1.0,8,0
14856,1330,2,1.0,1.0,6,1
14857,2190,5,2.0,1.0,7,1
14858,1720,3,3.25,2.5,9,1
14859,1710,3,1.75,1.0,7,1
14860,2180,3,2.5,1.0,8,1
14861,1700,3,1.75,1.0,7,0
14862,2960,3,2.5,2.0,9,1
14863,1330,3,1.0,1.0,6,0
14864,1940,4,2.5,2.0,8,0
14865,1500,3,2.25,1.0,7,0
14866,2230,4,2.5,1.0,7,1
14867,1700,3,2.25,1.0,8,1
14868,1840,4,1.5,1.5,7,0
14869,2100,3,2.25,2.0,8,0
14870,2580,7,2.5,1.0,7,1
14871,2350,4,2.5,2.0,8,0
14872,760,2,1.0,1.0,6,1
14873,3280,5,3.5,2.0,9,1
14874,1320,3,2.0,1.0,6,1
14875,1690,3,2.5,1.0,8,1
14876,2060,3,2.25,1.0,8,0
14877,1450,4,2.0,1.0,7,0
14878,2760,4,3.0,2.0,9,1
14879,2830,3,2.5,2.0,9,1
14880,1890,4,2.75,2.0,9,1
14881,2610,3,3.25,1.5,9,1
14882,1900,3,2.25,1.0,7,0
14883,930,3,1.0,1.0,7,0
14884,2730,4,2.0,1.0,8,1
14885,2650,4,2.5,2.0,8,1
14886,1010,2,1.0,1.0,7,0
14887,3550,4,2.5,2.0,9,1
14888,2130,3,1.75,1.0,7,1
14889,1840,2,1.75,1.0,7,0
14890,1320,2,1.0,1.5,6,0
14891,990,3,1.0,1.0,7,0
14892,1020,2,1.75,1.0,6,0
14893,1570,4,2.0,1.0,7,0
14894,1930,4,2.25,1.0,7,0
14895,3760,5,4.0,1.0,11,1
14896,1000,2,1.0,1.0,6,0
14897,1930,3,1.75,1.0,8,1
14898,2240,3,1.5,2.0,8,1
14899,2190,4,2.5,1.0,8,1
14900,2400,4,2.75,1.0,8,1
14901,1970,4,1.75,1.0,7,0
14902,2860,3,2.25,2.0,7,0
14903,1900,3,2.25,1.0,8,0
14904,2090,4,2.5,2.0,8,0
14905,850,3,1.5,1.0,7,0
14906,1840,4,2.5,2.0,7,0
14907,820,2,1.0,1.0,6,0
14908,4370,5,3.5,2.0,11,1
14909,3190,3,3.5,2.0,10,1
14910,3480,5,3.5,2.0,8,1
14911,1690,3,1.0,1.0,7,0
14912,1650,2,2.5,2.0,8,0
14913,2590,4,2.5,2.0,8,1
14914,2160,4,2.5,2.0,7,0
14915,3500,4,3.5,2.0,9,1
14916,3920,4,2.25,2.0,10,1
14917,2190,4,2.75,2.0,8,0
14918,1890,4,2.0,1.5,7,1
14919,1860,2,1.0,1.0,7,1
14920,1720,3,2.0,1.0,7,0
14921,2600,4,2.75,1.0,8,1
14922,1570,3,1.5,1.0,7,1
14923,3530,3,2.5,2.0,10,1
14924,1960,4,2.5,2.0,7,0
14925,2230,3,2.5,2.0,7,0
14926,2720,4,3.0,1.5,8,1
14927,2840,5,3.0,2.0,9,1
14928,1260,3,1.75,1.0,7,0
14929,1860,3,1.5,1.0,7,0
14930,2010,4,1.75,1.0,8,1
14931,820,2,1.0,1.0,7,0
14932,1220,3,1.75,1.0,6,0
14933,2220,3,2.5,2.0,8,1
14934,2860,4,2.5,1.5,7,1
14935,4230,5,4.5,2.0,10,1
14936,840,3,1.0,1.0,6,0
14937,2290,3,2.5,2.0,9,1
14938,2290,3,2.5,2.0,9,1
14939,3480,5,3.5,2.0,10,1
14940,4260,4,2.5,1.5,8,1
14941,2230,3,2.5,2.0,7,0
14942,3080,6,2.0,2.0,7,0
14943,2250,3,2.5,2.0,8,1
14944,3160,4,3.25,2.0,9,1
14945,1770,3,2.5,2.0,7,0
14946,2880,4,2.5,2.0,7,1
14947,2690,4,2.75,1.0,8,1
14948,1730,4,1.0,1.5,6,0
14949,1730,4,1.0,1.5,6,0
14950,4780,5,4.0,2.0,11,1
14951,2540,4,2.5,2.0,7,0
14952,2630,4,3.0,2.0,9,1
14953,1890,3,1.5,1.0,7,0
14954,1220,2,1.0,1.0,7,1
14955,710,2,1.0,1.0,6,0
14956,2970,3,2.5,1.0,9,1
14957,2970,3,2.5,1.0,9,1
14958,1000,2,1.0,1.0,7,0
14959,1980,3,1.0,1.0,7,0
14960,1920,4,2.25,2.0,8,1
14961,2740,3,2.0,2.0,10,1
14962,1740,3,2.25,1.0,7,0
14963,1300,3,1.75,1.0,7,0
14964,2740,4,1.5,2.0,9,1
14965,4060,4,1.75,2.0,10,1
14966,3490,5,2.5,1.0,9,1
14967,1430,4,1.75,1.0,7,0
14968,1860,4,1.75,1.0,7,0
14969,2120,4,2.25,1.0,7,0
14970,1860,4,2.25,1.0,8,0
14971,2330,3,2.0,1.5,6,0
14972,1670,3,1.75,1.0,7,1
14973,2130,3,1.75,1.0,8,0
14974,1900,4,1.75,1.0,7,0
14975,1170,2,1.0,1.5,5,1
14976,980,2,1.0,2.0,8,0
14977,4670,7,4.25,2.0,11,1
14978,2500,4,1.5,1.0,7,0
14979,2020,4,2.5,2.0,8,1
14980,1290,3,2.0,3.0,7,0
14981,1620,2,1.75,1.5,7,0
14982,1710,3,3.25,2.0,8,1
14983,1720,3,2.5,1.0,7,0
14984,1820,3,1.75,2.0,7,0
14985,1130,3,1.0,1.0,6,0
14986,3040,4,2.75,2.0,8,1
14987,2410,3,3.0,2.0,7,1
14988,2440,4,2.5,1.0,9,1
14989,800,2,1.0,1.0,6,0
14990,1030,3,1.0,1.0,7,0
14991,1480,3,1.0,1.0,6,0
14992,1710,3,1.75,1.0,8,1
14993,3450,3,2.75,1.5,9,1
14994,2610,3,3.25,2.0,9,1
14995,780,2,0.75,1.0,4,0
14996,1260,3,1.75,1.0,7,0
14997,2590,4,3.0,2.0,9,1
14998,1580,3,2.5,2.0,8,0
14999,1660,2,1.75,1.0,7,1
15000,2950,4,2.75,1.0,8,0
15001,2240,4,2.25,2.0,8,1
15002,1940,4,1.75,1.0,7,0
15003,1850,3,1.75,1.0,7,1
15004,5770,4,4.5,1.0,9,1
15005,2280,4,2.0,1.0,7,1
15006,2740,6,1.75,1.0,8,1
15007,3760,4,3.25,2.0,8,0
15008,1580,3,1.5,1.0,7,0
15009,1600,3,1.75,1.0,7,1
15010,2100,4,2.25,1.0,9,1
15011,2610,4,2.5,2.0,8,0
15012,1840,3,1.75,1.0,7,1
15013,1320,3,1.0,1.0,7,0
15014,1540,3,1.75,1.0,7,0
15015,2520,5,2.75,1.0,8,1
15016,3780,5,2.5,1.0,9,1
15017,1200,3,1.0,1.0,7,0
15018,2720,4,2.25,2.0,9,1
15019,3100,4,2.5,2.0,9,1
15020,1630,3,1.75,1.0,7,0
15021,1910,4,2.5,1.0,7,0
15022,1580,4,2.0,1.0,7,0
15023,1690,3,2.5,2.0,7,1
15024,1960,4,2.25,1.0,8,1
15025,4300,8,3.25,2.0,8,0
15026,1840,3,1.75,1.0,7,1
15027,3480,4,2.75,2.0,10,1
15028,2710,5,3.0,2.0,7,1
15029,2100,4,1.75,1.0,7,1
15030,1760,4,2.0,1.0,8,1
15031,2155,4,2.5,2.0,8,0
15032,1720,5,1.5,1.5,7,1
15033,1430,3,1.0,1.5,7,1
15034,2790,5,2.75,1.5,7,0
15035,1180,3,1.5,1.0,7,0
15036,2450,3,3.5,2.0,8,1
15037,1330,3,1.0,1.0,7,0
15038,1940,3,2.25,2.0,7,0
15039,1600,3,2.25,1.0,7,0
15040,3210,4,2.75,1.0,8,0
15041,2880,5,2.5,1.0,8,0
15042,1160,2,1.5,1.0,7,0
15043,1360,3,2.0,2.0,7,0
15044,2014,3,2.5,2.0,7,0
15045,1440,3,2.0,1.0,7,0
15046,1570,2,1.0,1.5,8,1
15047,2330,4,2.75,1.0,8,0
15048,1880,4,1.75,1.0,7,0
15049,1850,4,2.25,1.0,7,1
15050,2230,4,2.5,2.0,8,1
15051,990,2,1.0,1.5,6,0
15052,1720,3,1.75,1.5,7,1
15053,3230,4,2.25,2.0,8,1
15054,1180,3,1.0,1.0,6,0
15055,1450,3,2.25,2.0,7,0
15056,2370,4,2.5,2.0,9,1
15057,2570,4,2.5,2.0,7,1
15058,1870,4,1.75,1.0,7,0
15059,1220,3,1.0,1.5,6,0
15060,1770,3,2.0,3.0,8,1
15061,1500,3,1.0,1.0,7,1
15062,1110,3,2.0,1.0,7,0
15063,4980,4,3.75,2.0,11,1
15064,2360,4,1.75,1.0,7,0
15065,1600,3,1.75,1.0,7,0
15066,1450,3,1.0,1.0,8,1
15067,2680,3,2.5,2.0,8,1
15068,1150,3,1.75,1.5,6,0
15069,1870,4,2.25,2.0,7,0
15070,3400,6,2.75,2.0,8,1
15071,1810,4,1.5,1.0,7,0
15072,1860,3,1.75,1.0,7,0
15073,3790,3,3.25,2.0,10,1
15074,2130,3,2.5,1.0,8,1
15075,2860,3,2.5,2.0,8,1
15076,2370,4,2.5,2.0,7,0
15077,2290,4,2.25,2.0,8,1
15078,1120,2,1.0,1.0,6,0
15079,1810,3,2.0,1.0,7,1
15080,3220,4,2.5,2.0,9,1
15081,1660,3,1.75,1.0,7,0
15082,850,2,1.0,1.0,7,0
15083,2665,4,2.5,2.0,9,0
15084,2580,4,2.75,1.5,7,1
15085,3200,4,2.5,2.0,10,1
15086,840,3,1.0,1.0,5,0
15087,2970,4,2.5,1.0,8,1
15088,790,2,1.0,1.0,6,0
15089,2140,6,1.5,1.5,8,0
15090,2580,3,2.5,1.0,9,1
15091,2180,5,2.5,1.0,7,0
15092,1060,2,1.0,1.5,7,0
15093,1860,3,2.0,1.5,8,0
15094,1840,3,2.0,1.0,7,0
15095,1340,3,1.75,1.0,7,0
15096,2320,4,2.25,2.0,8,0
15097,2110,3,2.5,1.0,7,0
15098,1840,5,1.5,1.5,7,0
15099,1080,3,2.0,1.0,7,0
15100,1290,2,1.0,1.0,7,1
15101,2210,3,2.25,1.0,7,0
15102,2210,3,2.25,1.0,7,1
15103,1410,3,2.25,1.0,7,0
15104,3740,5,3.5,2.0,9,0
15105,2440,4,2.75,1.0,7,0
15106,2040,3,2.5,1.0,8,1
15107,3840,4,3.25,1.5,10,1
15108,1660,3,1.5,1.0,7,0
15109,1640,4,2.0,1.5,9,1
15110,1310,3,1.0,1.0,7,0
15111,1720,3,1.75,1.0,8,0
15112,1720,3,1.75,1.0,8,0
15113,4020,4,2.75,2.0,10,1
15114,1960,3,2.25,2.0,7,0
15115,3240,4,2.5,2.0,9,1
15116,3610,10,2.0,2.0,7,1
15117,1800,2,1.5,1.0,7,1
15118,1960,4,1.5,1.0,7,0
15119,1250,3,1.0,1.0,6,0
15120,2120,3,2.5,2.0,8,1
15121,3860,4,4.0,2.0,12,1
15122,1340,3,2.5,2.0,7,0
15123,1780,1,2.0,2.0,10,0
15124,3920,5,3.25,2.0,9,1
15125,1690,3,1.75,1.0,8,1
15126,2570,4,2.5,2.0,8,0
15127,1870,3,1.75,1.0,7,1
15128,2860,3,2.25,1.0,8,1
15129,1670,2,1.5,1.0,7,1
15130,1070,2,1.5,3.0,8,0
15131,940,2,1.0,1.0,7,0
15132,2588,3,2.5,2.0,8,0
15133,3500,5,3.25,2.0,11,1
15134,1690,3,1.75,1.0,7,1
15135,3790,4,3.75,2.0,10,1
15136,1090,3,1.5,1.0,7,0
15137,2240,3,3.0,2.0,7,0
15138,1150,2,1.0,1.0,7,0
15139,1870,3,2.0,1.0,7,0
15140,2990,5,2.75,2.0,8,1
15141,2580,4,2.5,2.0,7,0
15142,2220,4,1.0,1.5,7,1
15143,1620,3,2.25,2.0,7,1
15144,2590,3,1.75,1.0,8,1
15145,1390,2,2.0,1.0,8,0
15146,2270,4,3.0,1.0,7,0
15147,2920,4,3.0,1.0,8,1
15148,1250,3,2.75,2.0,8,0
15149,1100,3,1.0,1.0,6,0
15150,1500,3,1.75,1.0,8,0
15151,2800,3,2.5,2.0,9,1
15152,3420,4,2.5,2.0,10,1
15153,2100,4,2.75,1.0,6,0
15154,1790,3,1.0,1.5,7,0
15155,1790,3,1.0,1.5,7,1
15156,2220,3,2.25,2.0,8,1
15157,2000,4,1.75,1.0,7,1
15158,1770,3,2.5,1.0,8,0
15159,4280,4,2.75,2.0,9,1
15160,1260,2,1.0,1.5,7,1
15161,840,2,1.0,1.0,7,1
15162,1830,4,2.75,2.0,8,0
15163,970,3,1.5,1.0,7,0
15164,1740,4,1.5,1.5,7,1
15165,1654,3,2.25,2.0,7,0
15166,2390,3,2.25,2.0,8,1
15167,1080,2,1.75,2.0,7,0
15168,2610,4,1.75,1.0,8,1
15169,1070,3,1.0,1.0,7,0
15170,1430,2,2.0,1.0,7,1
15171,2400,4,3.0,2.0,7,1
15172,670,2,1.0,1.0,5,0
15173,2860,4,2.5,2.0,8,1
15174,2270,3,1.5,1.0,8,0
15175,2180,4,2.5,2.0,8,1
15176,1860,3,1.75,2.0,8,1
15177,6040,6,4.5,2.0,11,1
15178,1010,2,1.0,1.0,6,0
15179,2570,4,2.5,1.0,8,1
15180,1950,4,2.5,2.0,8,1
15181,1970,3,1.75,1.0,8,1
15182,2110,4,2.25,2.0,9,1
15183,1650,3,1.75,1.5,7,1
15184,3520,4,3.0,2.0,10,1
15185,2840,3,2.5,2.0,11,1
15186,1490,2,1.75,1.0,7,1
15187,1650,3,2.25,1.0,7,0
15188,1960,4,2.0,1.0,8,1
15189,2450,3,2.25,1.0,7,0
15190,1720,3,2.0,1.5,8,1
15191,1980,3,2.5,2.0,8,1
15192,4110,3,2.5,2.0,7,1
15193,1990,4,2.5,2.0,7,0
15194,860,2,1.0,1.0,6,0
15195,2320,4,2.5,2.0,8,0
15196,4190,3,2.5,2.0,10,1
15197,1940,4,1.0,1.0,7,0
15198,2520,4,2.25,2.0,8,1
15199,1880,3,2.0,1.0,7,1
15200,2910,3,2.5,2.0,10,1
15201,5310,7,4.75,2.0,10,1
15202,2670,3,2.25,1.0,7,1
15203,1060,3,1.0,1.0,6,0
15204,1120,3,1.5,1.0,7,0
15205,2250,4,1.75,1.0,7,1
15206,2070,4,2.5,1.0,8,1
15207,2370,4,2.25,2.0,8,1
15208,3570,4,3.5,2.0,11,1
15209,4830,4,3.25,2.0,11,1
15210,1160,3,1.75,1.0,7,0
15211,1610,3,2.5,2.0,7,0
15212,4150,5,3.0,2.5,11,1
15213,1840,4,2.25,1.0,7,0
15214,4080,3,3.5,1.5,10,1
15215,1820,3,2.0,2.0,8,1
15216,2680,4,2.0,1.0,8,0
15217,4790,4,4.75,2.0,12,1
15218,2420,5,2.0,1.5,8,1
15219,1130,2,1.0,1.0,7,0
15220,1320,4,1.0,1.5,7,0
15221,1290,3,1.0,1.5,6,0
15222,1600,3,3.25,3.0,8,0
15223,1120,3,1.0,1.0,7,1
15224,2060,2,1.75,1.0,7,1
15225,2830,4,2.5,2.0,8,1
15226,1210,3,2.0,1.0,7,0
15227,1560,3,2.25,1.0,7,0
15228,2260,3,2.25,2.0,7,1
15229,1850,4,2.5,2.0,7,0
15230,1930,4,2.5,1.0,7,1
15231,3230,4,2.5,2.0,9,1
15232,3230,4,2.5,2.0,9,1
15233,2450,4,2.75,1.5,7,1
15234,1200,3,1.0,1.5,7,0
15235,2360,3,2.5,2.0,8,0
15236,1060,3,1.0,1.0,7,0
15237,2220,5,1.75,1.5,7,1
15238,880,3,1.0,1.0,6,1
15239,2510,4,2.0,1.0,8,1
15240,2530,4,4.0,3.0,9,1
15241,700,2,1.0,1.0,6,0
15242,1500,3,2.0,1.0,7,0
15243,1130,3,2.0,2.0,6,0
15244,1420,3,2.0,1.0,7,0
15245,2210,3,2.25,1.0,8,1
15246,1170,2,1.0,1.0,6,0
15247,780,2,1.0,1.0,5,0
15248,1770,4,1.75,1.0,8,0
15249,1070,3,1.0,1.0,7,1
15250,1930,3,2.0,1.0,8,1
15251,1940,3,1.5,1.5,8,1
15252,1440,3,2.75,1.0,7,0
15253,1740,3,2.5,2.0,7,0
15254,1740,3,2.5,2.0,7,0
15255,2210,5,2.75,1.0,7,0
15256,2190,4,2.0,1.5,8,1
15257,2590,3,2.5,2.0,9,1
15258,2790,3,2.5,2.0,9,1
15259,2180,5,1.75,1.0,7,0
15260,2580,4,2.75,1.0,7,0
15261,2820,3,2.25,1.0,7,0
15262,1300,2,1.75,1.0,7,1
15263,720,2,1.0,1.0,6,0
15264,2260,3,2.5,1.5,7,1
15265,1550,3,2.5,3.0,8,1
15266,1390,3,1.75,1.0,7,0
15267,2380,4,2.5,2.0,8,0
15268,2640,3,2.5,2.0,9,1
15269,2260,5,2.0,1.0,7,0
15270,1720,3,2.75,1.0,7,1
15271,1070,3,1.0,1.0,7,0
15272,2000,3,2.25,2.0,7,0
15273,2800,4,2.5,1.0,8,1
15274,1450,3,1.75,1.0,8,0
15275,1620,3,1.0,1.0,6,0
15276,2710,3,2.5,1.0,9,1
15277,1520,2,1.75,1.0,7,1
15278,2730,5,2.75,1.0,7,1
15279,1740,3,2.25,1.0,7,0
15280,1800,4,1.75,1.0,7,0
15281,4150,4,3.5,2.0,10,1
15282,3270,5,3.5,2.0,9,1
15283,1070,2,1.0,1.0,5,0
15284,1960,4,0.75,1.0,7,1
15285,1600,3,3.25,2.0,8,0
15286,1650,4,1.75,1.0,7,1
15287,2170,5,1.5,1.0,7,1
15288,3730,3,3.0,1.5,9,1
15289,3280,4,2.75,2.0,10,1
15290,870,3,1.0,1.0,7,0
15291,900,2,1.0,1.0,6,0
15292,1400,2,1.0,1.0,7,0
15293,1680,4,2.75,1.0,7,0
15294,2390,4,2.0,2.0,7,0
15295,2300,3,2.5,1.5,8,1
15296,1340,3,1.75,1.0,7,0
15297,2600,3,2.75,2.0,9,0
15298,1640,3,2.25,1.0,7,0
15299,1960,4,1.75,1.0,8,0
15300,1480,3,2.5,2.0,8,0
15301,5010,4,3.25,2.0,12,1
15302,1540,4,2.0,1.5,7,1
15303,4030,4,2.75,2.0,8,1
15304,3020,6,3.0,2.0,8,1
15305,1590,2,2.0,1.0,7,0
15306,2910,4,2.5,2.0,10,1
15307,3020,4,2.5,1.0,8,1
15308,2290,3,2.0,2.0,9,1
15309,2180,3,1.75,1.0,7,0
15310,2740,4,1.75,1.0,7,0
15311,2740,4,2.5,2.0,9,1
15312,2330,2,3.0,2.0,10,1
15313,2300,3,2.25,1.0,8,0
15314,1550,4,4.0,1.5,7,1
15315,1750,4,2.5,1.0,7,1
15316,2180,3,1.5,1.0,8,1
15317,1610,3,2.5,2.0,7,0
15318,1570,3,1.0,1.0,7,0
15319,1140,3,1.75,1.0,7,0
15320,1140,3,1.75,1.0,7,0
15321,2480,4,1.5,1.0,7,1
15322,1690,3,1.75,1.0,8,1
15323,2910,4,3.0,1.0,8,1
15324,1600,4,2.0,1.0,7,0
15325,1010,2,1.0,1.0,5,1
15326,1850,3,2.0,1.0,7,1
15327,2150,3,1.75,2.0,8,1
15328,2650,3,1.75,1.0,7,0
15329,2510,4,1.75,1.0,9,1
15330,3240,4,2.5,2.0,9,1
15331,3440,4,2.5,2.0,8,1
15332,1150,3,2.0,1.0,7,0
15333,1890,3,1.75,1.0,7,0
15334,1430,4,2.75,1.0,7,0
15335,3130,5,3.25,2.0,8,1
15336,2105,4,2.5,2.0,8,0
15337,890,3,1.0,1.0,7,0
15338,1340,3,1.5,1.0,7,0
15339,2290,4,2.25,1.0,7,1
15340,2770,3,2.5,2.0,8,1
15341,1890,3,1.5,1.0,7,0
15342,3160,5,2.25,2.0,8,1
15343,1830,2,2.5,2.0,7,1
15344,2950,4,2.75,1.0,8,0
15345,1430,3,1.0,1.0,7,1
15346,1420,3,2.0,1.0,7,0
15347,2460,4,1.75,2.0,8,1
15348,1340,3,1.0,1.5,7,0
15349,1530,4,1.0,1.0,7,0
15350,2650,6,3.0,1.0,7,0
15351,1677,4,2.25,2.0,7,0
15352,2050,3,1.75,1.0,7,1
15353,2520,3,2.0,1.0,8,1
15354,2620,3,3.5,2.0,9,1
15355,1650,3,2.5,1.0,8,0
15356,700,2,1.0,1.0,6,0
15357,3430,4,2.5,2.0,10,1
15358,3140,4,2.5,2.0,10,1
15359,2350,3,2.5,2.0,7,1
15360,1990,4,3.0,2.0,7,0
15361,2050,4,2.5,2.0,7,0
15362,930,2,1.0,1.0,6,0
15363,1230,3,1.0,1.0,7,1
15364,1870,3,2.5,1.0,7,1
15365,2110,3,2.25,1.0,7,0
15366,3160,5,3.25,2.0,8,1
15367,1120,3,1.0,1.0,7,0
15368,2750,3,2.25,1.0,7,1
15369,1230,3,1.0,1.0,7,0
15370,1190,3,1.5,1.5,7,0
15371,740,2,1.0,1.0,6,0
15372,1770,4,2.5,2.0,7,0
15373,1720,4,2.25,1.0,8,0
15374,2770,4,2.5,2.0,9,1
15375,2330,4,2.75,2.0,9,1
15376,1660,3,2.5,2.0,7,0
15377,1730,2,2.5,3.5,8,1
15378,1880,3,2.25,1.0,7,1
15379,2190,4,2.75,2.0,7,0
15380,1720,3,1.75,1.0,7,0
15381,2360,4,3.25,2.0,8,0
15382,1490,3,1.5,1.0,6,0
15383,3490,4,3.75,2.0,9,1
15384,2370,3,2.75,1.0,9,1
15385,2290,4,2.5,2.0,8,1
15386,1790,4,3.0,1.5,8,1
15387,1820,4,1.75,1.0,6,0
15388,1760,2,1.5,1.0,7,1
15389,2430,4,2.5,2.0,8,0
15390,2630,3,2.25,2.0,9,1
15391,2390,4,2.5,2.0,8,0
15392,1500,2,1.75,1.0,7,0
15393,2510,4,2.5,1.0,8,0
15394,2420,4,2.5,1.0,8,1
15395,2170,4,1.5,2.0,7,0
15396,1960,4,1.75,1.0,7,1
15397,2280,4,2.25,1.0,8,1
15398,1580,4,1.5,1.0,6,0
15399,1850,4,2.5,2.0,7,0
15400,770,2,1.0,1.0,6,0
15401,2120,4,3.0,1.5,8,1
15402,3060,4,2.75,1.0,9,1
15403,2680,3,2.25,2.0,7,1
15404,2220,4,1.75,1.0,7,1
15405,1150,2,1.0,1.0,6,0
15406,980,2,1.0,1.0,7,1
15407,1690,3,1.5,1.0,7,1
15408,1320,3,1.75,1.0,7,0
15409,910,2,1.0,1.0,6,0
15410,820,2,1.5,2.0,7,0
15411,1300,3,1.0,1.0,6,0
15412,1950,4,2.5,2.0,7,1
15413,3672,5,3.5,2.0,9,0
15414,2740,3,2.5,2.0,9,1
15415,890,2,1.0,1.0,6,0
15416,1090,3,2.0,1.0,6,0
15417,1170,2,1.0,1.0,7,0
15418,2600,4,3.0,1.0,8,1
15419,2000,4,1.75,1.0,7,1
15420,3520,4,3.75,1.5,8,1
15421,1410,2,1.0,1.0,7,0
15422,1410,2,1.0,1.0,7,0
15423,1950,3,1.5,1.0,7,0
15424,980,2,1.0,1.0,6,0
15425,3390,3,2.75,1.0,8,1
15426,2270,4,2.5,1.0,8,1
15427,1510,3,1.0,1.0,7,0
15428,960,2,1.5,1.0,7,1
15429,1900,4,2.25,1.0,7,0
15430,2580,3,2.5,2.0,9,1
15431,2340,4,2.5,2.0,9,0
15432,1580,3,2.25,1.0,7,1
15433,1230,4,1.0,1.5,6,0
15434,1590,3,2.5,2.0,7,0
15435,7000,4,3.25,1.0,12,1
15436,1770,4,2.25,1.0,7,1
15437,1850,4,2.5,1.0,7,0
15438,1430,3,1.75,1.0,7,0
15439,2190,4,2.75,2.0,8,0
15440,2310,4,2.5,2.0,8,0
15441,2000,3,1.75,1.0,7,1
15442,3620,4,2.75,2.0,10,1
15443,1210,2,1.0,1.0,7,0
15444,2330,3,2.5,1.0,10,1
15445,2840,3,2.5,2.0,9,1
15446,2410,6,2.75,1.0,7,0
15447,1820,4,1.75,2.5,7,0
15448,1470,4,2.0,1.0,7,0
15449,1100,3,1.75,1.0,7,0
15450,2050,4,2.5,1.0,8,1
15451,1240,2,1.5,2.0,7,0
15452,2210,3,2.5,2.0,9,1
15453,1340,2,1.75,3.0,8,0
15454,2580,4,2.75,2.0,8,1
15455,2390,3,2.5,2.0,7,0
15456,2250,4,2.5,2.0,9,0
15457,2000,3,1.5,1.0,8,0
15458,1870,4,1.75,1.0,8,1
15459,2370,3,2.5,2.0,9,1
15460,2640,4,2.25,1.0,8,1
15461,1240,3,1.5,1.0,6,0
15462,800,2,1.0,2.0,7,0
15463,2050,4,2.5,1.0,7,0
15464,1650,3,2.25,2.0,7,0
15465,4320,5,3.75,2.0,8,1
15466,2130,2,2.25,1.0,8,1
15467,2840,3,2.5,1.0,9,1
15468,3080,4,1.75,1.5,7,0
15469,1560,2,1.0,1.5,7,1
15470,3220,4,2.75,2.0,11,1
15471,1450,4,2.5,1.5,7,0
15472,960,2,1.0,1.0,6,0
15473,2670,4,2.5,2.0,7,0
15474,2310,7,3.75,2.0,8,1
15475,3520,4,3.25,1.0,9,1
15476,1090,2,1.75,1.0,8,0
15477,2000,3,1.75,1.0,7,1
15478,1840,4,1.5,2.0,7,0
15479,3160,4,2.5,2.0,10,1
15480,1520,3,1.75,1.0,7,0
15481,2110,3,1.75,1.0,7,1
15482,3410,4,2.75,1.0,8,1
15483,2630,4,2.5,2.0,8,1
15484,1350,3,1.75,3.0,7,0
15485,2860,4,2.5,1.0,8,1
15486,2310,3,1.75,1.0,8,1
15487,2590,3,2.0,2.0,8,1
15488,3500,4,3.5,2.0,10,1
15489,800,2,1.0,1.0,7,0
15490,1580,3,1.75,1.5,7,0
15491,1560,3,1.5,1.0,6,0
15492,1750,3,1.0,1.0,7,0
15493,600,2,1.0,1.0,5,0
15494,1630,4,3.0,1.0,7,1
15495,1260,4,1.5,1.5,7,0
15496,2140,3,2.25,1.0,7,0
15497,2790,4,2.75,2.0,9,1
15498,2530,3,1.75,1.0,7,0
15499,1330,3,2.25,1.0,7,0
15500,2700,3,2.0,1.0,8,1
15501,1740,4,1.0,1.5,7,1
15502,2070,4,2.0,1.5,7,1
15503,2670,4,2.25,1.0,8,0
15504,2200,5,3.0,1.0,7,1
15505,810,2,1.0,1.0,5,0
15506,3970,4,4.75,2.0,11,1
15507,2370,3,2.5,1.0,8,0
15508,1460,3,1.0,1.0,7,0
15509,1770,3,2.5,2.0,8,0
15510,1120,3,1.0,1.0,6,0
15511,1520,3,2.5,2.0,7,0
15512,3020,5,2.5,1.0,8,0
15513,5600,5,3.25,2.0,10,1
15514,1320,4,1.5,1.0,7,1
15515,1870,4,1.0,1.5,7,1
15516,2460,3,3.75,1.0,8,1
15517,960,3,1.5,1.0,7,0
15518,3440,3,2.5,2.0,9,1
15519,3010,3,2.75,1.0,8,1
15520,6030,3,3.75,2.0,11,1
15521,1990,3,2.25,2.0,7,0
15522,1990,3,2.25,2.0,7,0
15523,1710,4,1.0,1.5,7,1
15524,1890,4,2.25,1.5,7,1
15525,1990,3,2.5,2.0,7,0
15526,1600,4,1.75,1.0,7,1
15527,3820,6,2.5,1.0,9,1
15528,2210,4,2.5,1.0,8,0
15529,2020,3,1.75,1.0,7,1
15530,1770,3,2.0,1.0,8,0
15531,2050,4,2.5,2.0,7,0
15532,3130,4,2.75,2.0,9,1
15533,3520,4,1.5,1.5,8,1
15534,1810,4,1.75,2.0,7,0
15535,2150,3,2.25,1.0,8,1
15536,2495,4,2.5,2.0,7,0
15537,1290,3,2.0,1.0,6,0
15538,3004,5,2.5,2.0,9,0
15539,2070,4,2.25,1.0,8,1
15540,4050,5,3.25,2.0,12,1
15541,960,2,1.0,1.0,6,0
15542,1900,3,2.25,1.0,7,0
15543,1450,3,1.5,1.0,7,0
15544,2720,4,3.5,2.0,9,1
15545,4830,5,5.25,2.0,9,1
15546,1920,4,2.75,1.0,7,0
15547,2540,5,1.5,2.0,8,1
15548,1600,3,1.5,1.0,7,0
15549,2210,4,2.5,2.0,8,0
15550,2510,3,2.5,1.0,7,1
15551,2280,5,2.0,1.0,8,0
15552,4400,4,3.25,2.0,9,1
15553,3160,4,3.25,2.0,9,1
15554,1380,3,2.0,2.0,7,0
15555,3320,5,2.75,1.0,7,1
15556,1870,3,2.5,2.0,7,0
15557,3030,3,3.5,2.0,8,1
15558,1210,2,1.75,1.0,7,0
15559,2740,4,2.5,2.0,8,1
15560,1350,3,1.75,1.0,6,0
15561,1350,3,1.75,1.0,6,0
15562,1470,3,2.0,2.0,8,1
15563,1270,3,1.75,2.0,7,0
15564,1680,4,1.75,1.0,7,0
15565,2120,3,2.75,1.0,7,0
15566,1040,2,1.0,1.0,7,0
15567,1730,4,1.0,1.0,7,0
15568,1410,2,1.0,1.5,6,0
15569,1370,3,2.5,2.0,9,1
15570,2840,6,2.0,1.5,6,1
15571,3280,4,1.75,1.0,7,1
15572,2070,3,2.25,1.0,7,0
15573,960,2,1.0,1.5,5,0
15574,1470,3,2.25,1.0,7,0
15575,2430,4,2.25,1.5,8,1
15576,1430,3,1.75,1.0,7,0
15577,1760,3,1.75,1.0,7,0
15578,1730,5,2.0,1.0,6,0
15579,2290,5,1.75,1.0,7,0
15580,1690,4,1.75,1.0,8,1
15581,3220,4,2.5,1.5,8,1
15582,2130,4,1.75,1.0,7,0
15583,2100,3,2.5,1.0,8,1
15584,2770,4,2.5,2.0,9,1
15585,4040,4,3.25,1.0,9,1
15586,2500,4,2.75,1.5,7,0
15587,1580,5,1.75,1.0,6,0
15588,1130,3,1.0,1.0,7,0
15589,1500,5,1.0,1.5,6,0
15590,2230,4,2.25,1.5,8,1
15591,1550,3,1.5,1.0,7,0
15592,2230,4,2.5,2.0,7,0
15593,790,2,1.0,1.0,6,0
15594,2230,4,2.5,2.0,7,0
15595,1710,3,2.25,2.0,8,1
15596,1260,2,1.5,1.0,7,1
15597,2420,4,2.5,1.0,8,1
15598,1090,3,1.5,1.0,7,0
15599,2689,4,2.5,2.0,9,0
15600,1620,3,1.0,1.5,7,1
15601,940,3,1.0,1.0,7,0
15602,1940,4,1.75,1.0,8,0
15603,1590,3,1.0,1.0,7,0
15604,3020,3,3.5,2.0,9,1
15605,1870,4,1.75,1.0,8,0
15606,880,3,1.0,1.0,6,0
15607,3030,4,3.5,3.0,9,1
15608,2140,3,2.25,2.0,7,0
15609,2050,5,2.0,1.0,6,0
15610,2050,5,2.0,1.0,6,1
15611,2090,3,2.5,2.0,7,0
15612,2520,3,2.25,1.0,7,0
15613,2630,4,2.5,1.0,9,1
15614,2560,4,1.75,1.0,7,1
15615,1200,3,1.0,1.0,6,0
15616,1010,3,1.5,1.0,6,0
15617,1520,3,2.5,2.0,7,0
15618,2170,3,1.75,1.0,7,1
15619,1980,4,2.0,2.0,7,1
15620,3070,4,2.5,2.0,10,1
15621,5170,5,3.5,3.0,11,1
15622,1140,2,2.0,2.0,8,1
15623,2530,8,2.75,2.0,7,1
15624,1690,3,2.25,2.0,7,0
15625,2150,4,2.5,2.0,7,0
15626,1180,3,1.5,1.0,7,0
15627,1400,3,1.0,1.0,7,0
15628,1300,3,1.75,2.0,7,0
15629,1590,3,1.75,1.5,6,0
15630,1990,3,1.75,1.0,8,1
15631,1510,3,1.75,1.0,7,0
15632,2910,4,3.25,2.0,9,1
15633,2850,3,2.5,2.0,10,1
15634,2830,3,2.5,2.0,11,1
15635,1110,2,1.5,3.0,8,0
15636,1900,4,2.5,1.0,7,1
15637,2290,4,1.75,1.0,7,0
15638,1010,3,1.0,1.0,6,0
15639,4670,5,2.5,2.0,11,1
15640,3400,3,2.5,1.0,8,1
15641,4070,4,3.5,2.0,10,1
15642,1630,3,2.25,1.0,8,0
15643,1700,2,2.5,2.0,8,0
15644,2070,5,2.5,1.0,7,1
15645,4660,3,3.5,2.0,12,1
15646,2050,3,3.75,2.0,7,1
15647,4680,4,3.5,2.0,10,1
15648,2320,3,2.25,2.0,8,1
15649,3800,3,2.5,2.0,10,0
15650,720,3,2.0,1.0,6,0
15651,4400,5,2.75,1.0,9,1
15652,2260,3,2.5,2.0,9,0
15653,1650,3,2.5,2.0,7,0
15654,2560,3,2.5,2.0,9,1
15655,3720,4,3.0,3.0,7,1
15656,2590,4,2.5,2.0,8,1
15657,1750,4,1.0,1.0,7,0
15658,1620,3,2.5,2.0,7,0
15659,1700,3,2.25,1.0,7,1
15660,2450,3,2.5,2.0,9,1
15661,1610,3,1.75,1.0,7,1
15662,3730,3,3.0,1.0,9,1
15663,1210,2,1.0,1.0,6,0
15664,1300,3,1.0,1.0,7,0
15665,850,2,1.0,1.5,4,0
15666,1770,3,2.5,2.0,9,1
15667,2060,3,2.5,2.0,8,0
15668,3090,3,2.5,2.0,10,1
15669,1050,2,1.75,1.5,6,0
15670,1300,3,2.0,2.0,7,0
15671,1160,3,1.0,1.0,7,1
15672,3420,4,2.5,2.0,9,1
15673,2620,4,2.75,2.0,9,1
15674,1880,4,1.5,1.0,7,1
15675,4560,5,3.25,1.0,9,1
15676,2330,4,2.5,2.0,9,1
15677,2350,4,1.75,1.0,8,1
15678,1560,3,3.0,3.0,8,1
15679,1380,4,1.0,1.5,6,0
15680,3040,6,2.75,1.0,9,1
15681,1350,4,1.5,1.0,7,1
15682,3180,4,2.5,2.0,9,1
15683,1790,3,2.5,2.0,8,0
15684,1986,4,3.0,2.0,8,1
15685,2400,4,2.5,2.0,8,0
15686,4590,4,3.0,2.0,10,1
15687,1970,3,2.0,2.0,8,1
15688,1360,3,1.0,1.0,6,0
15689,2710,4,2.0,1.0,7,1
15690,920,2,1.5,2.0,7,0
15691,2000,3,2.75,1.0,7,1
15692,1920,3,2.25,1.0,7,0
15693,2678,3,2.5,2.0,9,1
15694,1220,3,1.0,1.0,7,0
15695,1440,3,1.75,1.0,7,0
15696,2420,4,1.75,1.5,7,1
15697,2090,3,2.0,1.0,9,1
15698,4030,4,2.75,2.0,10,1
15699,1310,3,1.75,1.0,7,0
15700,1800,3,2.5,2.0,7,0
15701,1160,4,1.0,1.0,6,1
15702,1160,3,1.0,1.0,7,1
15703,1870,3,1.5,1.0,7,1
15704,3700,7,5.75,2.0,8,1
15705,2280,3,2.25,2.0,8,0
15706,1720,4,2.0,1.0,7,1
15707,3630,4,2.75,2.0,10,1
15708,2040,4,2.5,2.0,8,0
15709,1750,3,2.25,3.0,8,1
15710,1550,2,2.25,2.0,8,0
15711,2500,4,1.75,1.0,8,1
15712,1440,4,1.0,1.5,7,1
15713,1130,4,1.0,1.5,6,0
15714,1210,3,1.0,1.5,7,0
15715,960,2,1.0,1.0,7,1
15716,2160,5,2.5,2.0,7,1
15717,3400,3,1.75,1.0,9,1
15718,3960,5,3.25,2.0,9,1
15719,1900,4,2.5,2.0,7,0
15720,2620,4,3.0,2.0,9,0
15721,3150,4,2.5,2.0,9,1
15722,1040,3,1.0,1.0,7,1
15723,1540,3,1.75,1.0,8,1
15724,1820,3,2.0,1.5,8,1
15725,1930,5,1.5,1.5,8,1
15726,1430,4,1.0,1.5,5,0
15727,2920,5,2.75,1.5,7,0
15728,3100,3,2.5,2.0,10,1
15729,1200,2,1.0,1.0,6,1
15730,2390,2,2.5,1.0,8,1
15731,1270,3,2.0,1.0,7,0
15732,1300,4,1.5,1.0,7,0
15733,2290,4,3.25,2.0,9,0
15734,1740,3,1.75,1.0,7,1
15735,1590,3,1.0,1.0,8,1
15736,2420,4,2.0,1.5,7,1
15737,2130,4,2.5,1.0,7,0
15738,1950,4,1.75,1.0,8,1
15739,2150,4,2.5,2.0,8,0
15740,1270,3,1.75,1.0,7,1
15741,1850,3,1.75,1.5,6,1
15742,1440,2,1.5,1.0,8,1
15743,1390,3,1.5,1.0,7,0
15744,1340,2,2.5,2.0,8,0
15745,1190,3,1.0,1.0,7,0
15746,3830,6,4.5,3.0,9,1
15747,1780,3,1.75,1.0,7,0
15748,3130,4,2.5,2.0,7,0
15749,1830,4,2.75,1.0,7,1
15750,2550,4,2.5,1.0,8,0
15751,3790,4,3.5,2.0,11,1
15752,1800,4,1.75,1.5,6,0
15753,1630,2,1.0,1.0,7,0
15754,1870,4,2.0,1.5,7,0
15755,1870,4,2.0,1.5,7,0
15756,980,2,1.0,1.0,7,0
15757,2860,3,2.25,1.0,10,1
15758,1470,3,2.25,2.0,7,1
15759,1160,1,1.0,2.0,7,0
15760,1940,4,2.75,2.0,8,0
15761,1630,4,2.25,1.0,7,0
15762,2755,4,2.5,2.0,8,1
15763,1430,5,2.0,1.5,6,0
15764,1430,5,2.0,1.5,6,0
15765,1400,4,2.25,1.0,7,0
15766,2520,4,2.5,2.0,8,0
15767,1290,3,1.0,1.0,7,0
15768,1400,3,1.75,1.0,6,0
15769,740,2,1.0,1.0,6,0
15770,1710,4,2.0,1.0,7,0
15771,2414,4,2.75,2.0,8,0
15772,1040,3,1.0,1.0,6,0
15773,3540,4,2.75,1.5,8,1
15774,2530,4,2.75,1.0,7,1
15775,2320,3,2.5,2.0,8,1
15776,2530,3,2.5,2.0,9,0
15777,2790,5,2.75,1.5,7,0
15778,1950,4,1.75,1.0,7,1
15779,1020,3,2.0,2.0,7,0
15780,3110,4,2.5,2.0,9,1
15781,5310,4,5.0,1.0,12,1
15782,2580,3,2.5,2.0,9,1
15783,1380,3,2.5,2.0,8,1
15784,3980,4,2.75,2.0,11,1
15785,2080,4,2.5,1.0,8,0
15786,1530,3,1.75,2.0,7,1
15787,1930,4,1.75,1.0,9,1
15788,2330,4,3.25,2.0,9,1
15789,3860,4,2.5,2.0,10,1
15790,2880,4,2.5,2.0,9,0
15791,1590,2,2.5,2.0,9,0
15792,2150,3,1.5,1.5,7,1
15793,2300,4,1.75,1.5,7,1
15794,2900,6,3.25,2.0,8,1
15795,1970,3,2.25,1.0,8,1
15796,1740,4,2.5,1.0,7,1
15797,1220,3,1.75,1.0,7,0
15798,1290,3,2.0,1.0,7,0
15799,780,2,1.0,1.0,6,0
15800,2210,4,2.75,1.5,7,1
15801,5930,5,3.5,2.0,11,1
15802,1950,4,2.5,2.0,7,0
15803,1340,4,1.0,1.0,7,0
15804,1590,3,1.0,1.0,7,0
15805,1780,3,2.25,1.0,8,0
15806,760,2,1.0,1.0,7,0
15807,1720,3,1.75,1.0,7,1
15808,2070,3,2.5,1.0,6,0
15809,1790,3,1.75,1.0,7,1
15810,3230,4,2.75,2.0,8,0
15811,1400,3,1.75,1.0,7,1
15812,1370,2,2.0,1.0,7,1
15813,1600,3,2.5,2.0,7,0
15814,950,3,1.0,1.0,7,0
15815,2210,3,2.75,1.0,7,1
15816,930,2,1.0,1.0,7,0
15817,810,2,1.0,1.0,6,0
15818,1630,3,2.0,1.0,7,1
15819,1770,3,1.75,1.0,8,1
15820,710,1,1.0,1.0,6,0
15821,3990,4,3.5,1.0,10,1
15822,2310,3,2.5,2.0,8,0
15823,1140,3,1.0,1.0,7,0
15824,1040,2,1.0,1.0,7,1
15825,2170,4,2.5,1.0,8,1
15826,3370,3,2.25,1.0,10,1
15827,901,2,1.5,3.0,7,0
15828,840,2,1.0,1.0,6,0
15829,1650,4,1.0,1.0,7,0
15830,1380,3,2.25,1.0,7,0
15831,910,3,1.0,1.0,6,0
15832,1230,2,1.0,1.0,7,0
15833,1740,3,1.75,1.0,8,1
15834,1290,4,1.0,1.5,7,0
15835,1950,3,2.5,2.0,8,0
15836,2150,4,2.5,2.0,8,0
15837,1560,4,2.0,1.0,7,0
15838,1120,2,1.0,1.0,7,1
15839,1790,3,1.5,1.0,7,1
15840,3290,4,3.5,2.0,9,1
15841,1540,4,1.0,1.5,7,0
15842,4240,5,3.25,2.0,8,0
15843,1010,3,1.0,1.0,6,0
15844,2970,4,2.75,1.5,7,1
15845,2190,4,2.25,2.0,7,0
15846,700,2,1.0,1.0,6,0
15847,3300,6,4.5,2.0,8,1
15848,1370,3,2.25,2.0,7,0
15849,2680,4,2.5,2.0,8,0
15850,1390,3,1.0,1.0,7,0
15851,1700,3,2.5,2.0,7,0
15852,2510,3,2.25,1.5,8,1
15853,1700,3,1.5,1.0,7,0
15854,2180,4,2.5,1.0,8,1
15855,1770,3,1.0,1.5,7,0
15856,3290,4,2.5,2.0,9,1
15857,3040,4,3.5,2.0,8,0
15858,2460,4,2.5,2.0,9,0
15859,970,3,2.0,1.0,7,0
15860,1320,3,1.75,1.0,7,0
15861,1900,3,3.5,2.0,8,0
15862,1220,3,1.5,1.5,6,0
15863,1470,3,1.75,1.0,7,1
15864,4630,4,5.0,2.0,11,1
15865,1400,3,1.5,1.0,6,0
15866,1070,2,1.0,1.0,6,0
15867,3630,5,3.75,1.5,9,1
15868,1970,4,1.5,2.5,7,1
15869,2010,4,2.0,2.0,7,0
15870,2820,4,2.5,1.0,9,1
15871,2530,3,2.5,2.0,9,0
15872,710,2,1.0,1.0,6,0
15873,1210,2,1.0,1.0,6,0
15874,2370,3,2.25,2.0,7,1
15875,2300,4,2.5,2.0,7,0
15876,3110,3,2.5,2.0,9,1
15877,1990,3,1.75,1.0,7,0
15878,2630,3,3.0,1.0,9,1
15879,1300,3,1.0,1.0,7,0
15880,1680,2,1.75,1.0,8,1
15881,2180,3,2.25,1.0,8,1
15882,2770,3,2.5,2.0,10,1
15883,2120,3,1.75,2.0,7,1
15884,2830,4,2.5,2.0,10,1
15885,1370,3,3.5,2.0,8,1
15886,2810,3,2.5,2.0,9,1
15887,3520,3,3.5,2.0,8,1
15888,1990,3,1.75,1.0,7,0
15889,2070,3,2.25,1.0,7,0
15890,1320,3,1.5,1.0,7,1
15891,1300,3,1.0,1.0,7,0
15892,1260,3,1.75,1.0,7,0
15893,2400,4,1.75,1.0,7,0
15894,1950,4,2.0,1.0,7,0
15895,1430,3,2.0,1.0,7,0
15896,2110,4,2.5,1.0,8,1
15897,2980,4,2.5,2.0,10,1
15898,2068,4,2.5,2.0,7,0
15899,3380,4,3.5,2.0,8,1
15900,2810,5,2.75,1.0,8,1
15901,930,2,1.0,1.0,6,0
15902,1300,3,1.0,1.0,7,0
15903,1320,3,1.0,1.0,6,0
15904,1580,3,1.5,1.0,7,0
15905,1620,3,2.5,2.0,8,0
15906,2750,3,2.5,2.0,9,1
15907,2210,2,1.5,1.0,8,1
15908,1740,4,2.25,1.0,7,0
15909,2120,3,2.25,2.0,9,1
15910,2780,4,2.5,2.0,8,1
15911,830,2,1.0,1.0,7,0
15912,2070,4,2.5,2.0,8,1
15913,1390,3,3.25,2.0,8,1
15914,2610,4,2.5,2.0,8,0
15915,1460,5,1.0,1.5,6,0
15916,3390,4,2.25,1.0,8,1
15917,1360,3,1.5,1.0,6,0
15918,2807,4,2.5,2.0,8,1
15919,1340,4,1.0,1.5,7,1
15920,1340,3,2.25,2.0,7,0
15921,1160,3,1.0,1.0,7,0
15922,2470,4,2.25,1.0,7,1
15923,2000,5,1.75,1.0,7,1
15924,1110,3,1.0,1.0,7,0
15925,2240,3,1.5,1.0,7,1
15926,1920,4,2.25,2.0,7,0
15927,2270,3,1.75,1.0,8,1
15928,1530,3,3.0,1.0,6,0
15929,3330,5,3.0,2.0,11,1
15930,2643,4,2.5,2.0,8,0
15931,1250,2,2.0,1.0,7,1
15932,3230,3,2.5,1.0,8,1
15933,880,3,1.0,1.0,6,0
15934,2220,4,2.5,2.0,8,1
15935,1130,3,1.75,1.0,7,0
15936,1450,3,1.0,1.0,6,0
15937,760,2,1.0,1.0,6,0
15938,1150,2,1.0,1.0,6,0
15939,2720,5,3.0,2.0,8,0
15940,2080,3,1.75,2.0,8,1
15941,1080,3,1.0,1.0,6,0
15942,1890,3,2.5,2.0,7,0
15943,1500,3,1.5,2.0,8,1
15944,1960,4,2.0,1.5,7,1
15945,2570,4,1.75,1.0,8,1
15946,1830,5,1.5,1.0,7,1
15947,1980,3,1.75,1.0,7,1
15948,1130,2,1.0,1.0,6,0
15949,2010,3,2.0,1.5,8,0
15950,1820,2,1.75,1.0,6,0
15951,2340,4,2.5,2.0,7,1
15952,1780,3,1.75,1.0,7,0
15953,1780,3,1.75,1.0,7,1
15954,2450,4,2.5,1.0,8,0
15955,2410,4,3.0,1.0,7,1
15956,3380,5,1.75,1.0,8,1
15957,1710,3,1.5,2.0,7,1
15958,1740,3,1.75,1.0,6,0
15959,1995,3,2.5,3.0,8,1
15960,1760,3,2.0,1.0,7,0
15961,3970,4,3.5,2.0,9,1
15962,3000,4,2.5,2.0,8,1
15963,1540,3,1.75,1.0,7,0
15964,2160,3,2.0,1.0,8,1
15965,2160,3,2.0,1.0,8,1
15966,1810,3,2.0,2.0,8,0
15967,2440,3,3.5,2.0,7,1
15968,3200,6,2.75,1.0,8,1
15969,2970,4,2.5,2.0,9,1
15970,2290,5,2.0,1.0,7,1
15971,1820,3,1.75,1.0,6,0
15972,3010,4,3.5,2.0,9,1
15973,1360,3,1.5,2.0,7,0
15974,2080,4,2.5,2.0,8,0
15975,1110,3,1.0,1.5,7,1
15976,1560,2,1.75,1.0,8,1
15977,3520,4,2.5,2.0,10,1
15978,2280,5,1.75,1.0,8,1
15979,1370,3,1.75,1.0,7,0
15980,2340,3,3.0,2.0,8,1
15981,3170,4,2.5,2.0,9,1
15982,1380,3,1.75,1.0,7,0
15983,2700,4,2.5,2.0,9,1
15984,1300,3,2.5,2.0,8,0
15985,1900,2,2.5,2.0,8,1
15986,3750,3,2.5,2.0,9,1
15987,1552,3,2.25,2.0,7,0
15988,2500,4,2.5,2.0,9,1
15989,1770,3,2.0,1.0,8,1
15990,4210,5,3.5,2.0,12,1
15991,2170,3,2.5,2.0,9,0
15992,1510,2,1.0,1.0,7,0
15993,1870,3,1.75,1.0,7,0
15994,1570,3,2.25,2.0,8,1
15995,2480,4,2.5,2.0,9,1
15996,3580,5,3.5,1.5,8,1
15997,1480,2,1.0,1.0,7,0
15998,2610,3,2.0,1.0,7,1
15999,1700,3,1.75,2.0,7,0
16000,1240,3,1.75,1.0,7,0
16001,1660,3,1.0,1.0,7,1
16002,1620,3,1.75,1.5,6,0
16003,1130,3,1.75,1.5,7,0
16004,1310,3,1.0,1.5,7,1
16005,1710,4,2.0,1.0,7,0
16006,2140,3,1.0,1.0,7,0
16007,2350,4,2.25,1.5,7,1
16008,1570,3,1.0,1.0,7,0
16009,2780,3,2.5,1.0,9,1
16010,2540,4,1.75,1.0,8,1
16011,2500,5,2.75,1.0,7,1
16012,2080,3,2.25,1.0,7,0
16013,1760,3,2.0,2.0,7,0
16014,1760,3,1.75,1.0,8,1
16015,1940,4,2.5,2.0,7,0
16016,3010,4,2.5,2.0,9,1
16017,2460,4,3.0,1.0,8,0
16018,750,2,1.0,1.0,5,0
16019,1300,3,0.75,1.0,6,0
16020,3710,5,2.75,1.5,9,1
16021,2360,4,2.5,1.0,9,1
16022,3190,3,2.5,2.0,9,1
16023,2181,4,2.5,2.0,8,0
16024,1890,3,1.75,2.0,7,0
16025,2610,3,1.75,1.5,8,1
16026,3090,4,2.0,2.5,8,1
16027,860,2,1.0,1.0,7,0
16028,1000,3,1.0,1.0,7,0
16029,2760,3,2.5,2.0,9,1
16030,3490,4,2.5,2.0,9,1
16031,2960,4,2.5,2.0,9,0
16032,1280,2,1.0,1.0,6,0
16033,3230,4,3.5,1.0,10,1
16034,1830,3,2.0,1.0,7,0
16035,1420,3,1.75,1.0,7,0
16036,1580,3,1.0,1.5,6,1
16037,1960,3,2.25,1.0,7,0
16038,1670,2,1.75,1.0,7,0
16039,1670,3,2.0,1.0,7,0
16040,2960,6,3.0,1.0,8,1
16041,2420,4,2.75,1.0,7,1
16042,1420,3,2.0,1.0,7,0
16043,2170,4,1.75,1.0,7,1
16044,1310,4,1.0,1.5,6,0
16045,1830,4,1.75,1.0,7,0
16046,1360,3,2.0,1.0,7,1
16047,3440,5,2.5,1.0,9,1
16048,2010,5,3.0,1.0,7,1
16049,2450,3,2.5,2.0,10,0
16050,3030,4,2.5,2.0,9,1
16051,2480,4,2.5,1.0,7,1
16052,4310,3,3.5,2.0,10,1
16053,2120,4,2.5,2.0,8,1
16054,2210,4,1.0,2.0,8,1
16055,1400,3,1.75,1.0,7,0
16056,2760,4,2.25,2.0,7,1
16057,2550,4,2.5,2.0,9,1
16058,2220,2,2.5,2.0,9,1
16059,1320,4,1.0,1.0,6,0
16060,2440,3,3.0,2.0,8,1
16061,3780,4,2.75,2.0,10,1
16062,4720,3,3.25,2.0,10,1
16063,2360,4,3.0,1.0,8,1
16064,890,2,1.0,1.0,6,0
16065,1770,4,1.75,1.0,7,1
16066,1720,3,2.0,1.0,7,0
16067,2490,3,3.5,2.0,8,1
16068,1890,4,1.75,1.0,7,0
16069,1020,2,1.0,1.0,7,0
16070,2420,4,2.75,2.0,8,0
16071,1600,3,1.75,1.0,7,0
16072,3370,5,3.25,1.0,10,1
16073,1720,4,2.25,1.0,8,0
16074,1090,3,1.0,1.0,6,0
16075,1090,3,1.5,1.0,8,0
16076,3600,4,3.75,1.0,9,1
16077,2760,3,2.5,1.0,8,1
16078,2770,4,3.5,2.0,8,1
16079,2520,4,1.75,1.0,7,0
16080,1960,4,2.0,1.0,7,0
16081,1760,5,1.0,2.0,8,1
16082,1090,3,1.75,1.0,7,1
16083,1960,5,1.75,1.0,7,0
16084,1220,2,1.0,1.0,6,0
16085,1730,3,1.75,1.0,8,1
16086,1830,3,2.0,1.0,8,0
16087,1600,4,2.5,2.0,7,0
16088,2040,3,1.75,1.0,10,1
16089,2710,4,2.5,2.0,9,1
16090,1140,3,1.0,1.0,6,0
16091,930,2,1.0,1.0,6,0
16092,1010,3,2.0,1.0,8,0
16093,2380,5,3.0,2.0,7,1
16094,1860,3,2.25,1.0,7,0
16095,1440,3,1.0,1.0,7,0
16096,2980,4,2.5,2.0,8,1
16097,2670,3,3.25,2.0,9,1
16098,2150,3,1.75,1.0,7,0
16099,3160,5,2.75,2.0,10,1
16100,1890,3,2.0,1.0,7,1
16101,2810,3,2.5,2.0,8,1
16102,2690,3,2.5,2.0,7,1
16103,1230,3,1.75,1.0,7,0
16104,950,3,1.0,1.0,7,0
16105,1200,2,1.0,1.0,6,0
16106,1670,4,1.75,1.0,7,1
16107,2140,4,2.25,1.0,7,1
16108,1440,2,1.75,1.0,8,0
16109,3050,5,2.75,1.0,8,1
16110,2570,5,2.75,2.0,8,0
16111,1840,3,2.5,2.0,7,1
16112,1250,2,1.0,1.0,7,0
16113,1410,3,1.0,1.0,7,1
16114,1560,3,1.0,1.0,7,1
16115,960,3,1.0,1.0,6,0
16116,1870,4,2.5,2.0,8,0
16117,900,2,1.0,1.0,7,1
16118,2050,4,1.0,1.0,7,0
16119,2400,4,2.0,2.0,6,0
16120,1850,3,2.5,2.0,8,1
16121,1220,4,1.5,1.0,6,0
16122,3140,3,3.25,1.0,9,1
16123,2410,4,2.25,2.0,9,1
16124,3130,4,2.5,2.0,9,1
16125,2300,3,2.5,2.0,9,1
16126,2840,5,2.5,1.0,7,0
16127,1800,5,2.75,1.5,7,1
16128,1190,3,1.0,1.0,7,0
16129,1710,3,2.0,2.0,7,0
16130,1900,4,1.75,1.5,7,0
16131,880,3,1.0,1.0,6,0
16132,2060,3,2.0,1.0,7,1
16133,1360,3,1.0,1.5,6,0
16134,1680,2,2.0,1.0,8,1
16135,2980,4,2.5,2.0,8,1
16136,2130,5,1.75,1.0,8,1
16137,2650,3,2.75,1.0,9,1
16138,1700,3,2.5,1.0,8,1
16139,2680,4,2.5,1.0,9,1
16140,2530,3,2.5,1.0,8,1
16141,2520,3,2.5,2.0,10,1
16142,1630,3,2.5,1.0,8,0
16143,730,2,1.0,1.0,6,1
16144,910,3,1.0,1.0,7,0
16145,4510,4,4.5,2.0,12,1
16146,1110,3,1.0,1.0,7,0
16147,1450,4,2.0,1.0,7,0
16148,2910,5,2.75,1.0,8,1
16149,2600,4,2.75,1.5,7,1
16150,730,2,1.0,1.0,5,0
16151,2440,3,2.25,1.0,8,1
16152,2290,4,1.75,1.0,7,0
16153,720,2,1.0,1.0,6,0
16154,940,3,1.0,1.5,7,0
16155,1540,3,2.5,2.0,8,0
16156,1140,3,1.5,1.5,6,0
16157,2100,4,2.5,2.0,7,1
16158,2670,4,1.75,2.0,8,1
16159,2750,4,2.0,2.0,8,1
16160,2570,4,2.5,1.0,8,0
16161,1660,3,1.75,1.0,7,0
16162,1700,3,2.25,1.0,7,1
16163,1530,4,3.0,2.0,7,0
16164,1260,3,1.0,1.0,6,0
16165,2760,5,2.0,1.0,7,0
16166,1830,3,2.5,2.0,7,0
16167,2160,3,2.75,1.0,7,1
16168,1770,3,2.0,1.0,5,0
16169,2210,2,2.25,1.0,8,1
16170,4560,3,3.5,2.0,12,1
16171,2110,3,2.5,2.0,9,1
16172,1130,3,1.0,1.0,6,0
16173,1960,4,2.5,2.0,8,0
16174,2230,3,2.25,1.5,8,0
16175,2350,5,2.25,1.0,7,0
16176,1340,3,2.0,1.0,6,0
16177,2160,2,2.25,2.0,9,1
16178,1700,4,2.0,1.0,7,0
16179,1650,3,2.5,2.0,7,1
16180,1540,3,2.0,1.0,6,0
16181,3920,5,3.25,2.0,9,1
16182,3250,4,2.5,2.0,8,1
16183,1360,4,1.75,1.0,7,0
16184,1480,3,2.0,1.0,7,0
16185,2360,4,2.5,2.0,8,1
16186,1800,3,2.5,2.0,7,0
16187,2540,4,3.75,2.0,10,1
16188,1200,3,1.0,1.0,6,0
16189,710,2,1.0,1.0,6,0
16190,2640,4,2.5,2.0,8,0
16191,3010,4,2.5,2.0,8,1
16192,2770,4,2.5,2.0,7,1
16193,2310,4,2.5,2.0,8,1
16194,2060,4,3.0,1.0,8,0
16195,1880,3,2.5,2.0,7,0
16196,2280,5,2.0,1.5,7,1
16197,1380,3,1.75,1.5,7,1
16198,1180,3,1.0,1.0,7,0
16199,1650,4,1.75,1.0,7,0
16200,2030,3,1.75,2.0,7,1
16201,2110,4,2.25,1.0,8,1
16202,2130,4,2.25,1.0,7,1
16203,1690,3,1.0,1.0,7,0
16204,2510,3,2.5,1.5,10,1
16205,3530,5,4.25,2.0,10,1
16206,1470,3,1.75,1.0,7,0
16207,1840,3,1.75,1.0,8,0
16208,1860,3,1.75,1.5,6,0
16209,1940,4,2.5,2.0,8,0
16210,4420,4,3.5,2.0,11,1
16211,800,2,1.0,1.0,6,0
16212,3700,4,2.5,1.0,11,1
16213,1400,3,1.0,1.0,7,0
16214,2250,4,2.5,2.0,8,1
16215,2230,3,2.25,2.0,9,1
16216,1950,3,2.5,2.0,7,0
16217,2550,5,1.0,2.5,9,1
16218,2750,4,2.5,2.0,10,1
16219,2290,4,2.0,1.0,8,1
16220,2350,4,2.25,2.0,9,1
16221,1720,2,1.75,1.0,6,1
16222,2810,4,3.0,2.0,9,1
16223,940,3,1.0,1.0,7,0
16224,1190,4,1.0,1.5,7,0
16225,1390,2,1.0,1.0,7,0
16226,1660,2,2.5,2.0,7,0
16227,1920,4,2.5,2.0,8,0
16228,1460,4,1.5,1.0,7,0
16229,1370,3,1.5,1.0,7,0
16230,1050,2,1.0,1.0,6,0
16231,3360,3,2.5,2.0,9,1
16232,3160,4,2.5,2.0,9,1
16233,2480,4,2.25,2.0,9,1
16234,2720,4,1.5,2.0,10,1
16235,2070,3,2.5,2.0,8,0
16236,2170,2,1.75,1.0,8,1
16237,3260,4,2.75,2.0,9,1
16238,2250,3,2.5,2.0,8,1
16239,1950,3,2.25,1.0,7,0
16240,2220,3,2.0,1.0,7,1
16241,1330,3,1.75,1.0,7,0
16242,1190,4,2.0,1.5,7,0
16243,2770,3,1.75,1.0,8,1
16244,2310,4,2.5,2.0,9,1
16245,1580,3,1.75,1.0,8,1
16246,2800,5,3.25,1.5,10,1
16247,1500,3,2.5,2.0,7,0
16248,2140,3,1.75,1.0,7,1
16249,2330,4,2.25,1.0,8,1
16250,3830,6,2.25,1.0,9,1
16251,4510,4,2.75,2.5,8,1
16252,2160,4,1.75,1.0,8,1
16253,3170,3,2.25,2.0,10,1
16254,5550,4,3.5,2.0,12,1
16255,1520,3,1.5,1.0,7,0
16256,3410,4,2.75,2.0,10,1
16257,1830,4,2.5,2.0,7,0
16258,1550,3,2.5,2.0,7,0
16259,1520,3,2.5,2.0,7,0
16260,1240,3,2.0,1.0,7,0
16261,2380,4,2.5,2.0,7,0
16262,2720,5,3.5,2.0,9,1
16263,2210,3,2.5,2.0,8,0
16264,1050,2,1.0,1.0,6,0
16265,1940,7,2.5,2.0,7,0
16266,1420,3,2.25,2.0,7,0
16267,1690,3,2.5,2.0,7,0
16268,1160,3,1.0,1.0,7,0
16269,2040,4,2.5,2.0,8,1
16270,1840,3,1.75,1.0,8,0
16271,1440,2,1.0,1.0,7,1
16272,1390,3,1.0,1.5,7,0
16273,1470,3,2.5,2.0,8,0
16274,1776,3,2.5,3.0,8,1
16275,1640,3,2.25,1.0,7,1
16276,2860,4,2.5,2.0,9,1
16277,1740,4,1.5,1.0,7,0
16278,1390,3,1.75,1.0,7,0
16279,2730,4,3.5,1.0,9,1
16280,1435,3,1.75,1.0,8,0
16281,1640,3,1.0,1.0,7,0
16282,2630,4,2.5,2.0,8,1
16283,1580,4,2.5,1.0,7,0
16284,1740,3,2.5,2.0,8,0
16285,1900,2,1.75,1.0,7,1
16286,3130,4,2.5,2.0,10,1
16287,3500,4,3.5,2.0,10,1
16288,2130,3,1.75,1.0,7,0
16289,950,3,2.5,2.0,8,1
16290,1720,3,2.5,2.0,8,1
16291,830,2,1.0,1.0,7,0
16292,660,2,0.75,1.0,4,0
16293,2590,5,1.0,2.0,8,1
16294,1600,3,2.5,2.0,7,0
16295,4390,4,4.25,2.0,10,1
16296,3560,4,2.5,2.0,10,1
16297,2860,5,2.5,2.0,8,1
16298,1640,3,2.5,2.0,8,1
16299,1500,3,1.75,1.0,6,0
16300,3990,3,3.25,2.0,9,1
16301,2610,4,2.5,2.0,10,1
16302,1470,3,1.75,1.0,7,0
16303,700,2,1.0,1.0,7,0
16304,3960,4,3.25,2.0,11,1
16305,900,3,1.0,1.0,6,0
16306,2010,3,1.75,2.0,7,1
16307,1940,3,2.5,1.0,7,0
16308,1510,3,1.0,1.0,6,0
16309,2020,2,3.0,1.0,8,1
16310,4430,6,3.5,2.0,9,1
16311,4010,4,3.5,2.0,11,1
16312,3070,4,2.25,2.0,8,1
16313,1460,3,1.5,1.0,7,0
16314,3260,4,2.75,2.0,9,1
16315,830,2,1.0,1.0,6,0
16316,2390,4,2.5,2.0,9,1
16317,1130,3,2.0,1.0,6,0
16318,1120,2,1.0,1.0,7,0
16319,1410,4,1.5,1.0,7,0
16320,1750,3,2.5,2.0,7,1
16321,1040,2,1.0,1.0,7,1
16322,1630,3,2.25,2.0,7,1
16323,1380,3,1.0,1.0,7,0
16324,3680,4,4.0,2.0,10,1
16325,1250,3,1.0,1.0,7,0
16326,2660,5,3.5,2.0,8,0
16327,620,2,1.0,1.0,6,0
16328,2600,4,2.25,2.0,8,1
16329,2150,4,3.0,2.0,8,1
16330,1470,3,1.75,1.0,7,1
16331,1380,3,1.0,1.5,6,0
16332,1680,3,2.5,2.0,9,1
16333,1000,1,1.0,1.0,7,1
16334,1630,3,2.25,1.0,7,1
16335,1790,3,1.75,1.0,7,0
16336,890,2,1.0,1.0,6,0
16337,1290,3,1.5,1.0,7,1
16338,2420,4,2.25,1.0,7,0
16339,3680,4,3.0,2.0,10,1
16340,3020,4,2.5,1.0,9,1
16341,4240,4,3.25,2.0,10,1
16342,3130,5,2.75,1.0,8,0
16343,900,2,1.0,1.0,7,0
16344,2880,3,2.25,1.0,9,1
16345,2390,4,1.75,1.0,8,1
16346,1450,3,1.75,1.0,7,0
16347,1070,3,1.75,1.0,7,0
16348,1740,3,1.5,1.0,8,1
16349,1210,2,1.75,2.0,8,0
16350,2100,3,1.5,1.0,7,0
16351,1060,3,1.0,1.0,6,0
16352,3280,4,2.5,1.0,9,1
16353,1660,3,1.5,1.5,7,1
16354,3070,5,3.0,2.0,8,0
16355,1150,3,1.0,1.0,7,0
16356,1710,3,2.75,1.0,7,1
16357,1180,3,1.0,1.0,6,0
16358,2130,4,2.25,2.0,7,0
16359,1050,3,1.0,1.0,7,0
16360,2520,4,2.5,2.0,8,1
16361,700,2,1.0,1.0,6,0
16362,2640,4,2.5,2.0,8,1
16363,2330,5,2.0,1.0,7,1
16364,2830,5,2.25,2.0,8,1
16365,3720,4,3.5,2.0,10,1
16366,1890,5,1.75,1.0,7,0
16367,2910,4,2.5,2.0,8,1
16368,1300,4,1.0,1.0,7,0
16369,2770,3,2.25,2.0,8,1
16370,2520,4,1.75,1.0,8,1
16371,1340,3,1.0,1.0,7,1
16372,1060,2,1.75,2.0,7,0
16373,2480,4,2.5,2.0,8,0
16374,2220,5,2.75,1.0,7,0
16375,3220,4,2.5,2.0,9,1
16376,1600,2,2.0,1.0,7,0
16377,640,1,1.0,1.0,6,0
16378,3610,4,3.75,3.0,11,1
16379,3420,4,3.25,2.0,10,1
16380,1840,3,1.75,1.0,7,0
16381,2790,4,4.0,2.0,9,1
16382,5860,6,4.25,2.0,10,1
16383,3450,3,3.0,2.0,10,1
16384,2350,4,2.5,2.0,8,0
16385,1250,3,1.0,1.5,6,1
16386,2000,3,2.0,1.0,7,1
16387,2260,3,2.0,1.0,8,1
16388,1510,3,1.75,1.0,6,0
16389,1800,2,2.25,2.0,9,1
16390,2420,3,2.5,1.0,9,1
16391,1750,5,1.75,1.0,7,0
16392,2660,4,2.5,2.0,8,1
16393,2640,3,2.25,1.0,10,1
16394,1460,3,2.5,2.0,8,1
16395,1570,2,1.0,1.5,8,1
16396,1010,3,1.0,1.0,7,0
16397,1200,4,1.0,1.5,6,0
16398,4040,4,2.5,2.0,10,1
16399,1820,3,3.0,3.0,8,1
16400,5810,4,5.0,2.0,10,1
16401,3010,4,2.5,1.0,9,1
16402,1910,4,2.5,1.0,8,1
16403,1640,4,2.0,1.0,7,0
16404,1480,3,1.0,1.0,8,1
16405,2520,4,1.75,1.0,8,1
16406,2840,4,3.0,1.0,9,1
16407,840,2,1.0,1.0,5,0
16408,1730,3,2.0,1.0,8,1
16409,3140,3,2.5,2.0,10,1
16410,1480,3,1.0,1.0,7,0
16411,1920,4,1.75,1.0,7,0
16412,770,2,1.0,1.0,6,0
16413,1010,3,1.0,1.0,6,0
16414,1460,3,1.0,1.5,7,0
16415,940,2,1.0,1.0,7,0
16416,2840,4,2.75,3.0,9,1
16417,1910,4,2.75,1.0,7,0
16418,2430,4,2.5,2.0,9,1
16419,1610,2,1.75,1.0,7,0
16420,2780,3,3.75,2.0,10,1
16421,1160,2,1.0,1.0,7,0
16422,1850,4,2.5,2.0,7,0
16423,2120,3,2.25,1.0,8,0
16424,2620,5,2.5,1.0,7,0
16425,2060,4,2.5,2.0,7,0
16426,1060,3,1.0,1.0,7,0
16427,1500,3,1.0,1.0,7,0
16428,2380,4,1.75,2.0,7,1
16429,3045,5,3.0,2.0,8,0
16430,1700,3,2.5,2.0,8,1
16431,1240,3,1.75,1.0,7,1
16432,1410,3,1.0,1.0,7,0
16433,880,3,1.5,1.0,6,0
16434,740,2,1.0,1.0,5,0
16435,2030,4,2.0,1.0,8,1
16436,2090,4,2.5,1.0,7,1
16437,920,2,1.0,1.0,7,0
16438,1180,3,1.0,1.0,7,0
16439,1260,3,1.0,1.5,7,1
16440,3690,5,3.0,1.0,9,1
16441,1700,3,1.75,1.0,7,0
16442,770,2,1.0,1.0,6,0
16443,2020,3,2.5,1.0,7,0
16444,2030,4,2.5,1.0,8,1
16445,2690,4,3.5,2.0,9,1
16446,1750,3,2.5,2.0,7,1
16447,3270,4,2.5,2.0,9,1
16448,2330,4,2.5,2.0,8,1
16449,1720,3,1.75,1.0,7,0
16450,2420,3,2.0,1.0,7,0
16451,710,2,1.0,2.0,7,0
16452,710,2,1.0,1.0,6,0
16453,1510,2,1.0,1.0,7,0
16454,1610,2,2.25,2.0,7,0
16455,1880,3,3.0,2.0,8,1
16456,1220,2,1.75,1.0,7,0
16457,2060,4,1.75,1.0,7,0
16458,1340,3,2.5,1.0,7,0
16459,1030,2,1.0,1.0,6,0
16460,2717,4,2.5,2.0,8,0
16461,1360,2,1.75,1.0,7,0
16462,1260,2,1.0,2.0,6,0
16463,2240,4,3.0,2.0,7,0
16464,2080,3,2.25,2.0,8,0
16465,2760,3,2.75,1.0,8,1
16466,3000,4,2.75,1.0,8,1
16467,3310,4,3.5,2.0,8,1
16468,1630,4,2.0,1.0,7,0
16469,900,3,1.0,1.0,7,0
16470,880,2,1.0,1.0,6,0
16471,1620,4,1.5,1.0,7,0
16472,1610,3,1.75,1.0,8,1
16473,1730,3,2.5,2.0,7,0
16474,1640,2,1.5,1.5,7,1
16475,1840,3,1.75,1.0,8,1
16476,4700,5,4.0,2.0,11,1
16477,4500,4,3.5,1.0,12,1
16478,1780,3,1.75,1.0,8,0
16479,3800,4,2.75,2.0,10,1
16480,2980,3,2.5,2.0,10,1
16481,2780,4,2.5,1.0,8,1
16482,560,1,1.0,1.0,4,0
16483,2060,4,2.0,2.0,7,0
16484,1140,3,1.0,1.0,8,0
16485,1890,3,1.5,1.5,7,1
16486,2090,3,2.25,1.0,7,1
16487,3460,4,2.75,2.0,8,1
16488,1320,2,1.0,1.0,7,0
16489,1240,2,1.0,1.0,6,0
16490,810,2,1.0,1.0,7,0
16491,1880,3,1.0,1.5,8,1
16492,2680,4,2.5,2.0,9,0
16493,2040,3,2.0,2.0,7,0
16494,2180,4,1.75,1.0,7,0
16495,1870,4,2.25,2.0,7,0
16496,2310,4,2.75,1.0,8,1
16497,1120,3,1.75,1.0,7,0
16498,1340,3,1.0,1.0,7,0
16499,1260,3,1.75,1.0,7,0
16500,1200,3,1.75,1.5,7,0
16501,2400,5,2.5,2.0,7,0
16502,940,3,1.0,1.0,7,0
16503,860,2,1.0,1.0,7,0
16504,2390,3,2.25,1.0,10,1
16505,3130,4,2.5,2.0,7,0
16506,3550,6,2.25,1.0,8,0
16507,1470,2,2.0,2.0,6,0
16508,910,2,1.0,1.0,6,0
16509,2630,4,4.0,1.0,7,1
16510,1780,4,2.25,1.0,7,0
16511,1430,3,1.75,1.0,7,0
16512,2730,5,2.0,1.0,7,0
16513,900,2,1.0,1.0,6,0
16514,1740,3,2.5,1.0,8,0
16515,2905,4,2.5,2.0,9,0
16516,2230,3,1.5,1.0,7,0
16517,1680,3,2.25,1.0,8,0
16518,1240,3,1.5,1.0,7,0
16519,3230,3,3.0,2.0,10,1
16520,2560,4,2.5,1.0,7,0
16521,2600,3,2.5,2.0,7,0
16522,1200,4,1.0,1.0,6,0
16523,1660,4,1.0,1.5,7,1
16524,1140,3,1.75,1.0,7,0
16525,3050,3,2.25,2.0,9,0
16526,800,2,1.0,1.0,6,0
16527,1700,4,2.75,1.0,7,1
16528,2630,4,1.75,1.0,9,1
16529,1960,3,1.75,1.0,7,0
16530,1180,3,1.5,1.0,7,0
16531,1960,5,2.5,1.0,7,0
16532,4250,5,2.5,1.0,11,1
16533,1950,3,2.25,1.0,8,0
16534,3600,4,3.5,2.0,9,1
16535,2060,3,2.25,1.0,9,1
16536,1640,3,2.0,1.0,7,1
16537,2730,4,2.5,1.5,8,1
16538,1530,3,1.75,1.0,6,0
16539,3060,4,3.5,2.0,9,1
16540,2860,4,2.25,2.0,10,1
16541,1030,2,1.5,3.0,8,0
16542,2460,4,2.5,2.0,8,1
16543,2500,4,2.5,2.0,9,1
16544,1830,3,1.75,2.0,7,0
16545,2820,6,3.25,2.0,8,1
16546,3750,4,2.25,2.0,8,1
16547,2070,3,2.5,2.0,7,0
16548,1780,3,2.5,1.0,7,0
16549,2200,4,2.25,1.0,8,0
16550,3240,4,2.5,1.0,9,1
16551,2880,4,2.5,2.0,10,1
16552,1570,3,1.75,1.0,7,0
16553,3180,3,2.5,1.0,8,0
16554,1310,2,1.5,1.5,6,1
16555,910,2,1.0,1.0,7,0
16556,1460,3,1.0,1.0,7,0
16557,3410,4,3.25,2.0,9,1
16558,2720,3,1.75,1.5,7,1
16559,2280,5,2.75,1.0,8,0
16560,670,2,1.0,1.0,6,0
16561,1480,4,2.0,1.0,7,0
16562,2330,3,2.0,1.0,7,0
16563,2170,4,3.0,2.0,8,1
16564,1760,3,2.0,1.0,7,0
16565,1240,3,1.0,1.5,8,0
16566,5210,5,3.25,2.5,10,1
16567,2800,5,2.0,1.0,8,1
16568,2060,4,2.25,2.0,7,1
16569,2360,5,2.0,1.0,7,0
16570,2370,4,2.5,2.0,9,0
16571,720,2,1.0,1.0,5,0
16572,950,3,1.0,1.0,7,0
16573,1980,3,2.5,2.0,8,1
16574,2540,3,2.5,2.0,9,1
16575,2760,4,2.75,1.0,8,0
16576,2950,5,3.5,2.0,9,1
16577,3640,5,3.0,2.0,10,1
16578,2150,3,1.75,2.0,8,1
16579,2760,4,2.5,2.0,8,1
16580,840,2,1.0,1.0,6,0
16581,2890,5,2.25,2.0,9,1
16582,2060,3,2.25,1.0,8,0
16583,1700,5,2.25,1.5,7,0
16584,3560,3,2.5,2.0,10,1
16585,1210,3,1.0,1.0,6,0
16586,1590,3,2.25,1.0,7,0
16587,2620,4,2.25,1.0,8,1
16588,3190,5,2.5,2.0,8,1
16589,1450,3,2.0,2.0,7,0
16590,1270,2,1.5,2.0,8,0
16591,2730,3,2.25,2.0,9,1
16592,1840,3,2.0,2.0,7,1
16593,1970,3,2.25,1.0,8,0
16594,3200,3,2.75,2.0,9,1
16595,1060,3,1.0,1.0,7,0
16596,1740,3,3.25,2.0,8,1
16597,810,3,1.0,1.0,7,0
16598,2460,3,2.5,2.0,7,0
16599,2100,4,1.0,1.0,7,0
16600,1530,3,1.75,1.0,7,1
16601,1670,3,2.25,1.5,8,1
16602,1175,2,2.5,2.0,8,0
16603,2130,3,2.25,1.0,8,0
16604,2470,4,2.75,1.0,8,0
16605,1700,4,2.5,2.0,7,0
16606,2600,3,2.5,2.0,8,0
16607,1460,3,1.0,1.0,7,0
16608,2010,4,2.25,2.0,8,0
16609,1320,3,1.75,1.5,7,1
16610,3150,3,2.5,2.0,10,1
16611,1960,3,2.5,2.0,8,1
16612,2050,2,1.75,1.0,8,1
16613,1800,3,1.5,1.0,7,0
16614,1210,2,1.0,1.5,7,0
16615,1830,3,2.25,1.0,8,1
16616,1880,3,1.75,1.0,7,0
16617,860,2,1.75,1.0,7,0
16618,2890,4,2.75,2.0,10,1
16619,1390,3,2.0,1.0,7,0
16620,3340,4,2.75,2.0,9,1
16621,2040,4,2.5,2.0,8,1
16622,3010,4,2.75,2.0,11,1
16623,2110,5,1.75,1.0,7,0
16624,2110,5,1.75,1.0,7,1
16625,2510,4,2.5,2.0,9,0
16626,2770,2,2.25,1.0,8,1
16627,1120,3,1.75,1.5,7,1
16628,1530,3,1.0,2.0,8,1
16629,1800,3,2.5,2.0,7,0
16630,1030,2,1.0,1.0,7,0
16631,1210,3,1.75,1.0,7,1
16632,1090,1,1.0,1.0,6,1
16633,1790,4,2.25,1.0,7,0
16634,1550,4,1.5,1.0,7,0
16635,2400,4,2.75,1.0,8,0
16636,2470,4,1.75,2.0,8,1
16637,1170,3,1.0,1.0,7,0
16638,1120,3,1.0,1.0,6,0
16639,1040,4,1.0,1.5,6,0
16640,2460,4,2.5,2.0,9,0
16641,3690,4,2.5,2.0,11,1
16642,1960,3,1.75,1.0,7,0
16643,1920,3,2.5,2.0,8,0
16644,1670,3,2.25,2.0,8,1
16645,1340,3,2.0,1.0,7,0
16646,2610,3,2.25,2.0,7,1
16647,1540,4,1.75,1.0,7,0
16648,1640,3,2.0,1.0,8,0
16649,2100,3,2.5,1.0,8,1
16650,1930,4,1.75,1.0,8,1
16651,1430,3,2.0,1.0,7,0
16652,2430,4,1.5,1.5,7,1
16653,2460,5,3.0,1.0,9,1
16654,2490,4,2.25,1.0,8,1
16655,880,2,1.0,1.0,6,0
16656,2110,4,2.5,2.0,8,1
16657,1850,4,1.75,2.0,8,1
16658,2060,2,1.5,1.5,7,0
16659,1360,2,1.0,1.0,6,0
16660,2000,3,2.0,1.0,8,0
16661,1810,3,1.5,1.0,8,1
16662,2230,3,2.75,1.0,8,1
16663,1820,3,2.75,1.0,9,1
16664,2740,4,3.0,2.0,8,1
16665,2710,4,2.5,2.0,9,1
16666,910,2,1.0,1.0,5,0
16667,1980,4,2.0,1.5,6,0
16668,1040,3,1.0,1.0,6,0
16669,2810,4,2.25,1.0,8,0
16670,2000,4,2.5,2.0,8,0
16671,1530,3,1.0,1.0,7,0
16672,5110,6,4.0,2.5,11,1
16673,3133,4,2.25,2.0,9,1
16674,2020,4,2.5,1.0,7,0
16675,750,2,1.0,1.0,6,0
16676,1980,3,2.5,2.0,8,0
16677,1200,3,1.0,1.0,6,0
16678,3580,5,2.5,2.0,9,1
16679,2010,3,2.5,2.0,7,0
16680,1730,4,2.0,1.0,7,1
16681,5960,5,3.5,2.0,10,1
16682,860,2,1.0,1.0,7,0
16683,1370,3,1.5,1.0,7,1
16684,1360,3,1.75,1.0,7,0
16685,2530,4,2.5,2.0,8,0
16686,1680,4,2.0,2.0,7,1
16687,1580,3,2.5,2.0,7,0
16688,3890,7,3.5,2.0,9,1
16689,1600,5,2.0,1.5,7,0
16690,1200,3,1.0,1.0,6,0
16691,1760,3,1.75,1.0,8,1
16692,1670,3,2.0,1.0,7,0
16693,4640,4,3.5,2.0,10,1
16694,1800,4,1.5,1.5,7,1
16695,1210,3,1.75,1.0,7,0
16696,1280,2,2.5,2.0,7,0
16697,1650,3,2.0,2.0,8,1
16698,1590,4,1.75,2.0,7,0
16699,1900,5,2.0,1.0,8,1
16700,1500,2,2.5,2.0,8,0
16701,2689,4,2.5,2.0,9,0
16702,3250,4,2.75,2.0,9,1
16703,960,2,1.0,1.0,7,0
16704,1650,3,1.75,1.0,7,1
16705,1690,3,2.5,2.0,8,0
16706,2790,3,1.75,1.0,8,1
16707,2310,4,2.75,3.0,8,1
16708,1790,3,3.5,3.0,8,0
16709,1230,3,1.0,1.0,6,0
16710,1620,3,2.0,1.5,8,1
16711,2440,4,2.75,1.0,8,1
16712,2100,4,2.25,2.0,8,1
16713,3040,3,2.5,2.0,7,0
16714,2490,4,3.0,2.0,7,0
16715,2690,3,2.75,1.0,9,1
16716,2190,4,1.75,1.0,8,0
16717,1490,3,1.75,1.0,7,0
16718,2530,3,2.25,2.0,9,1
16719,2060,3,2.0,1.0,8,1
16720,1970,3,2.25,2.0,9,0
16721,1400,3,1.75,1.5,7,1
16722,3680,3,2.5,1.0,10,1
16723,3000,5,2.25,2.0,8,1
16724,1440,3,1.0,2.0,7,1
16725,1170,3,1.0,1.5,7,1
16726,1770,2,1.0,1.5,6,1
16727,1860,3,2.0,1.0,8,1
16728,770,2,1.0,1.0,5,0
16729,3820,4,3.5,2.0,8,1
16730,3190,4,2.5,2.0,10,1
16731,1320,3,1.5,1.0,7,0
16732,1730,2,2.25,2.0,7,1
16733,1010,3,1.0,1.0,6,0
16734,1140,2,2.5,3.0,8,0
16735,860,3,1.0,1.0,7,0
16736,1540,3,1.75,2.0,6,0
16737,2160,4,2.25,1.0,8,1
16738,1450,3,1.5,1.0,7,0
16739,1830,3,1.75,1.0,8,0
16740,1630,3,1.5,1.0,7,0
16741,2500,4,2.5,2.0,8,0
16742,1470,3,1.75,1.0,7,1
16743,2380,3,2.5,2.0,8,1
16744,2170,4,2.5,1.0,7,1
16745,2120,3,2.0,1.0,9,0
16746,1530,3,2.5,2.0,8,1
16747,2710,3,1.75,1.0,7,0
16748,2860,3,2.5,2.0,8,1
16749,2800,4,1.75,2.0,7,1
16750,1120,4,1.0,1.5,7,1
16751,1730,3,1.0,1.0,7,0
16752,1010,2,1.0,1.0,6,0
16753,2350,4,2.5,2.0,9,1
16754,2860,6,5.25,2.0,7,0
16755,4285,4,3.5,2.0,10,1
16756,4060,4,3.75,2.0,10,1
16757,1310,3,1.0,1.0,7,0
16758,2320,2,1.75,1.0,7,0
16759,2210,4,2.25,2.0,9,1
16760,2090,4,2.75,1.5,8,0
16761,2240,4,2.5,1.0,7,1
16762,1180,2,1.0,1.0,6,0
16763,1560,4,1.75,1.0,7,0
16764,1970,4,2.0,1.0,8,0
16765,840,2,1.0,1.0,6,0
16766,840,2,1.0,1.0,6,0
16767,1830,3,2.0,1.0,8,0
16768,4475,4,3.75,2.0,12,1
16769,1800,3,1.5,1.0,7,1
16770,1250,2,1.0,1.0,7,1
16771,2440,3,1.75,1.0,7,0
16772,2910,3,2.5,2.0,10,1
16773,3060,5,2.75,2.0,8,0
16774,2230,5,2.25,1.0,8,1
16775,1270,3,1.0,1.0,7,0
16776,4300,4,4.5,2.0,11,1
16777,1580,3,2.25,1.0,7,0
16778,2570,4,2.25,2.0,8,1
16779,860,2,1.0,1.0,7,1
16780,820,1,1.0,1.0,8,0
16781,2090,4,2.25,2.0,8,1
16782,3560,4,3.5,2.0,10,1
16783,1860,3,1.75,1.0,7,0
16784,900,3,1.5,1.5,6,1
16785,1160,2,1.0,1.0,6,0
16786,3100,4,2.75,2.0,10,1
16787,2300,4,2.25,1.0,7,0
16788,3110,4,2.5,2.0,11,1
16789,1130,3,1.0,1.0,6,0
16790,2920,4,2.5,2.0,9,1
16791,1230,2,1.25,2.0,9,1
16792,2190,5,2.75,1.0,7,0
16793,850,1,0.75,1.0,6,0
16794,1500,3,2.5,1.0,7,0
16795,4620,9,4.0,2.5,11,1
16796,3150,4,2.75,2.0,9,1
16797,1300,3,1.0,1.0,7,0
16798,3160,5,2.5,1.0,7,1
16799,2070,3,1.75,1.0,7,0
16800,1790,3,2.25,1.0,7,0
16801,1650,3,2.5,2.0,8,1
16802,2070,4,2.5,1.0,7,0
16803,1580,3,1.5,1.5,7,1
16804,2170,4,2.25,1.0,8,1
16805,2220,4,2.75,1.0,7,1
16806,1440,3,1.75,1.0,7,0
16807,720,2,1.0,1.0,6,0
16808,1120,2,2.0,2.0,8,0
16809,1970,3,2.5,2.0,8,0
16810,1420,3,1.5,1.0,6,0
16811,2250,4,2.5,2.0,8,1
16812,2630,4,2.0,1.0,8,0
16813,4740,4,3.5,2.0,11,1
16814,1280,2,2.25,2.0,7,0
16815,1260,3,1.0,1.0,6,0
16816,1930,2,1.75,1.0,8,1
16817,1048,1,1.5,1.0,7,0
16818,1640,3,2.25,1.0,8,1
16819,2380,4,2.5,2.0,8,1
16820,2530,4,2.0,1.0,8,1
16821,2700,4,2.5,2.0,8,1
16822,2330,3,2.25,1.5,8,1
16823,2160,3,2.25,2.0,7,0
16824,1470,4,1.5,1.0,7,0
16825,2280,4,2.5,2.0,8,1
16826,1280,3,1.0,1.5,7,0
16827,850,2,1.0,1.0,7,1
16828,4610,3,3.25,2.0,9,1
16829,2690,5,2.5,1.0,8,1
16830,2440,4,1.75,1.0,8,1
16831,1930,3,2.5,2.0,8,0
16832,800,2,1.0,1.0,6,0
16833,2430,3,2.25,1.0,8,1
16834,1990,4,2.5,2.0,7,0
16835,2550,3,2.5,2.0,9,1
16836,1370,3,2.25,2.0,7,0
16837,2020,3,2.0,1.0,7,1
16838,1560,3,3.5,2.0,8,1
16839,5610,5,4.0,2.0,11,1
16840,3560,6,2.0,2.5,9,1
16841,2120,3,1.5,1.0,8,0
16842,2920,3,2.5,1.0,8,1
16843,1340,2,1.0,1.0,7,0
16844,1230,3,1.0,1.5,6,0
16845,2840,4,3.5,2.0,10,1
16846,2080,4,2.5,1.0,7,0
16847,2070,4,2.5,2.0,7,0
16848,4010,4,3.25,2.0,11,1
16849,2190,3,2.5,1.0,7,1
16850,1730,4,3.0,2.0,6,0
16851,1250,2,1.0,1.0,7,0
16852,1300,3,1.0,1.0,6,0
16853,2080,5,2.5,1.0,7,1
16854,2180,4,2.0,2.0,7,1
16855,1630,3,1.0,1.0,7,0
16856,1840,2,1.5,1.0,8,1
16857,1370,2,1.0,1.0,6,0
16858,950,2,1.0,1.0,8,0
16859,1690,3,1.75,1.0,8,1
16860,1780,3,2.5,1.0,8,1
16861,2840,4,3.0,1.5,8,1
16862,2000,2,2.5,2.0,9,1
16863,1570,3,3.25,2.0,8,0
16864,2370,4,2.5,1.0,9,1
16865,1610,3,1.75,1.0,7,0
16866,1300,3,1.0,1.0,6,0
16867,2620,3,2.5,2.0,9,1
16868,3060,4,2.25,2.0,8,0
16869,2780,5,2.25,2.0,9,1
16870,4270,4,3.0,2.0,11,1
16871,1310,3,1.0,1.0,7,0
16872,1100,2,1.0,1.0,7,0
16873,1480,3,1.75,1.5,8,1
16874,1270,3,2.5,3.0,8,0
16875,1270,4,1.0,1.5,7,0
16876,890,3,1.0,1.0,7,0
16877,1480,3,1.75,1.0,7,1
16878,3240,4,2.5,1.0,9,1
16879,4280,4,3.25,2.0,10,1
16880,3210,5,2.5,1.0,8,1
16881,1870,3,2.25,1.0,7,0
16882,3990,5,2.5,1.0,8,1
16883,1160,2,1.0,1.0,7,1
16884,2940,4,2.25,2.0,9,1
16885,1850,3,2.25,2.0,8,1
16886,1060,2,1.75,2.0,7,0
16887,1100,3,2.0,1.0,7,0
16888,1190,3,2.0,1.0,7,0
16889,1030,3,2.0,1.0,7,0
16890,1140,2,1.5,1.0,7,0
16891,2260,3,1.5,1.0,7,0
16892,1140,3,1.0,1.5,6,0
16893,1860,4,1.0,1.5,7,0
16894,4080,4,3.5,2.0,9,1
16895,3280,4,2.5,2.0,10,1
16896,2870,4,2.5,2.0,9,1
16897,2300,4,1.75,1.0,9,1
16898,2230,3,2.0,1.5,7,1
16899,1920,3,2.5,2.5,8,1
16900,700,2,1.0,1.0,6,0
16901,2740,4,2.5,2.0,8,1
16902,3440,5,2.25,2.0,9,1
16903,650,1,1.0,1.0,5,0
16904,1500,3,1.5,1.0,7,0
16905,2490,3,2.5,2.0,9,1
16906,1330,3,1.5,1.0,7,0
16907,3190,4,3.5,2.0,8,1
16908,1590,3,2.5,2.0,7,1
16909,830,2,1.0,1.0,6,0
16910,1810,3,2.25,2.0,8,1
16911,2910,4,2.5,2.0,9,1
16912,2180,4,1.75,1.0,7,0
16913,1090,3,1.0,1.0,6,0
16914,2160,4,2.5,2.0,8,0
16915,2110,3,1.0,1.0,7,1
16916,2180,3,1.75,1.0,7,1
16917,2100,3,2.5,2.0,7,1
16918,1410,3,1.75,1.0,7,1
16919,1020,3,1.5,1.0,7,1
16920,5090,5,5.25,2.0,12,1
16921,2090,3,2.25,1.0,7,0
16922,1350,3,1.75,1.0,7,0
16923,2650,3,1.75,1.0,8,1
16924,3520,5,3.0,2.0,8,1
16925,2040,3,2.5,2.0,8,1
16926,2340,4,1.5,2.0,8,1
16927,1770,4,2.25,2.0,7,0
16928,1100,3,1.75,1.0,7,0
16929,1490,3,2.5,2.0,8,0
16930,1460,2,1.0,1.0,6,0
16931,1350,3,2.25,2.0,7,0
16932,1030,3,0.75,1.0,5,0
16933,1820,3,1.75,1.0,8,1
16934,1170,3,2.0,1.0,6,0
16935,1450,3,2.5,2.0,7,0
16936,2200,4,1.75,1.0,7,0
16937,1610,4,2.0,1.0,8,1
16938,2690,3,2.5,2.0,8,0
16939,1850,3,2.25,2.0,9,0
16940,2250,4,2.25,2.0,9,1
16941,1580,3,1.5,1.0,7,0
16942,2030,4,2.75,1.0,8,0
16943,1890,5,1.5,1.0,7,0
16944,2140,3,2.5,2.0,8,0
16945,1770,4,1.75,1.0,8,0
16946,3320,3,1.75,1.5,8,1
16947,1640,3,2.0,1.0,7,1
16948,1820,4,2.75,1.0,7,0
16949,1410,4,1.0,1.0,7,0
16950,1240,3,1.0,1.0,7,0
16951,1780,3,2.25,1.0,7,1
16952,4240,4,4.5,2.0,10,1
16953,3570,4,2.5,2.0,10,1
16954,1900,4,2.5,1.0,8,1
16955,1010,3,1.0,1.5,7,1
16956,2870,4,2.5,2.0,9,1
16957,1620,3,1.75,1.0,8,0
16958,1480,2,1.75,1.0,6,0
16959,2650,4,2.5,2.0,9,0
16960,1410,5,1.0,1.0,7,0
16961,1360,3,2.0,1.0,7,0
16962,2930,4,2.25,1.0,8,0
16963,3500,4,2.5,2.0,10,1
16964,3160,5,3.25,2.0,10,1
16965,1710,3,2.25,2.0,7,1
16966,2180,3,1.75,2.0,9,1
16967,2870,5,2.5,2.0,9,1
16968,1500,2,1.0,1.0,8,0
16969,2120,3,2.5,1.0,8,1
16970,1590,3,1.5,1.0,7,0
16971,1830,3,2.25,1.0,8,1
16972,1210,3,2.0,1.0,7,0
16973,1590,4,2.0,1.5,7,0
16974,1050,3,1.75,1.5,6,0
16975,1550,3,2.0,1.5,8,1
16976,2070,4,2.25,2.0,7,1
16977,1740,3,2.25,1.0,8,0
16978,1700,4,2.0,1.0,6,0
16979,1200,2,1.0,1.0,6,0
16980,1710,3,2.5,2.0,7,0
16981,1840,4,2.5,2.0,7,0
16982,1900,3,1.75,1.0,7,0
16983,2300,4,1.0,1.0,6,0
16984,970,3,1.0,1.0,6,0
16985,1270,2,2.0,1.0,6,1
16986,3130,3,2.25,2.0,8,1
16987,4230,5,3.25,2.0,10,1
16988,1480,3,2.5,2.0,7,0
16989,3310,4,2.5,2.0,9,1
16990,1590,4,2.0,1.0,7,1
16991,1690,4,1.5,1.0,7,0
16992,1690,3,1.5,1.0,7,0
16993,1500,3,1.75,1.0,7,0
16994,2320,4,2.5,2.0,8,1
16995,3300,3,2.5,1.0,8,0
16996,1445,3,2.25,2.0,7,0
16997,1890,4,3.0,1.0,7,0
16998,1760,4,2.0,1.0,7,0
16999,1050,3,1.0,1.0,5,0
17000,1980,3,2.5,2.0,7,1
17001,2120,4,1.75,1.0,7,0
17002,760,3,1.5,1.0,6,0
17003,1300,3,1.0,1.0,7,0
17004,1160,2,2.5,2.0,7,0
17005,2340,4,2.5,2.0,8,0
17006,2710,4,2.75,2.0,9,1
17007,1440,3,1.75,1.0,7,1
17008,1980,4,2.25,2.0,8,1
17009,1680,3,1.75,1.0,7,1
17010,1390,3,2.5,2.0,8,0
17011,3100,5,2.75,2.0,8,1
17012,1680,3,2.5,2.0,7,0
17013,2710,4,2.5,2.0,8,1
17014,840,2,1.0,1.5,7,1
17015,2090,3,2.25,2.0,10,1
17016,1120,3,1.0,1.0,6,0
17017,1210,3,1.5,1.0,6,0
17018,1210,3,1.5,1.0,6,0
17019,1940,5,2.0,1.0,7,1
17020,1930,3,1.75,1.0,7,1
17021,1270,3,1.75,1.0,7,0
17022,1680,3,1.75,1.5,7,1
17023,2090,3,2.5,2.0,8,0
17024,1000,3,1.5,1.0,7,0
17025,1350,3,1.75,1.0,8,0
17026,3280,3,2.5,2.0,9,1
17027,2390,4,2.5,2.0,9,1
17028,1860,3,1.5,1.0,7,0
17029,1380,3,1.0,1.0,7,0
17030,3070,4,2.25,2.0,8,1
17031,2190,3,1.75,1.5,8,1
17032,1990,2,1.75,1.0,7,1
17033,930,2,1.0,1.0,6,1
17034,2070,3,1.75,1.0,7,1
17035,2170,4,2.25,1.0,8,0
17036,1910,3,1.75,1.0,7,0
17037,2100,4,2.5,2.0,8,0
17038,3560,6,3.25,2.0,9,1
17039,2290,4,2.5,2.0,7,0
17040,2130,3,2.25,1.0,8,1
17041,2160,3,2.5,2.0,8,0
17042,860,2,1.0,1.0,6,0
17043,2880,5,2.75,2.0,8,1
17044,2100,4,2.75,1.0,8,1
17045,2360,4,2.5,1.0,8,1
17046,3680,5,3.25,1.5,10,1
17047,1560,3,1.0,1.0,8,1
17048,1680,4,2.75,1.0,7,1
17049,1380,3,2.0,3.0,8,0
17050,2610,4,2.75,3.0,8,1
17051,870,2,1.0,1.0,7,0
17052,1210,3,1.0,1.0,8,1
17053,1150,3,1.0,1.0,6,0
17054,3110,3,2.5,1.0,8,0
17055,2550,6,1.5,1.0,8,0
17056,2430,3,3.0,1.0,8,0
17057,1460,3,1.75,1.0,7,0
17058,1330,4,1.5,1.5,7,1
17059,2040,4,1.75,1.0,8,1
17060,2375,3,2.5,2.0,9,1
17061,2480,4,2.5,2.0,7,0
17062,1580,3,1.75,1.0,7,0
17063,2740,5,3.25,1.0,7,1
17064,1920,4,1.75,2.0,7,0
17065,2200,3,2.75,1.0,8,0
17066,910,3,1.0,1.0,7,0
17067,1860,3,1.5,1.0,7,0
17068,1510,3,1.75,1.0,7,0
17069,3920,4,3.5,2.0,9,1
17070,1330,2,1.0,1.0,7,1
17071,1964,4,2.25,2.0,9,0
17072,1520,3,2.0,1.0,8,0
17073,3720,5,4.0,2.0,10,1
17074,770,2,1.0,1.0,7,0
17075,3210,4,2.5,2.0,10,1
17076,1070,3,1.75,1.0,7,0
17077,1430,3,1.5,1.0,7,0
17078,1670,3,2.5,2.0,8,1
17079,710,2,1.0,1.0,6,0
17080,1920,3,2.25,1.0,7,0
17081,750,2,1.0,1.0,7,0
17082,2210,4,3.0,2.0,7,0
17083,1660,4,2.5,2.0,7,0
17084,1910,3,1.75,1.5,8,0
17085,1910,3,1.75,1.5,8,0
17086,780,2,1.0,1.0,6,0
17087,1650,3,2.25,1.0,7,0
17088,3230,3,3.25,2.0,10,1
17089,810,2,1.0,1.0,6,0
17090,2750,4,2.5,2.0,8,1
17091,1650,3,2.5,2.0,7,0
17092,1960,3,1.75,1.0,7,1
17093,2790,4,3.5,1.5,8,1
17094,2230,4,2.25,1.0,7,1
17095,1280,3,1.5,1.0,7,1
17096,1240,3,2.0,1.0,7,0
17097,1860,3,2.0,1.5,7,1
17098,2410,4,2.75,1.0,8,1
17099,1960,3,2.25,1.0,7,0
17100,1710,3,2.25,2.0,8,1
17101,3480,4,2.5,1.0,9,1
17102,3480,4,3.75,1.0,9,1
17103,2960,3,2.5,2.0,9,1
17104,2670,4,2.5,2.0,9,0
17105,700,2,1.0,1.0,5,0
17106,2830,4,2.5,2.0,9,1
17107,1120,3,1.75,1.0,6,0
17108,1310,2,1.0,1.0,6,0
17109,1710,3,2.25,1.0,7,0
17110,2200,4,2.75,1.0,8,1
17111,3310,4,3.25,2.0,9,0
17112,2280,4,2.5,2.0,9,1
17113,1640,3,2.0,1.0,7,0
17114,750,2,1.0,1.0,6,0
17115,3520,4,3.0,1.0,8,1
17116,2720,3,2.5,2.0,8,0
17117,1660,3,1.0,1.0,7,0
17118,2560,4,2.5,2.0,9,1
17119,1080,3,2.0,1.0,7,0
17120,2050,3,1.75,1.5,9,1
17121,2670,4,2.0,1.5,9,1
17122,1730,3,2.5,2.0,7,0
17123,990,3,1.0,1.0,7,0
17124,3560,6,3.0,1.0,7,0
17125,700,2,1.0,1.0,5,0
17126,1880,4,1.75,1.5,7,1
17127,1870,4,2.25,1.0,7,0
17128,2500,3,2.75,2.0,9,1
17129,2570,3,2.5,2.0,9,0
17130,2940,4,2.5,2.0,9,1
17131,3930,4,3.5,2.0,10,1
17132,2150,4,1.5,1.0,7,0
17133,1330,3,2.0,1.0,7,0
17134,3220,5,2.5,2.0,8,1
17135,2710,3,2.5,2.0,9,1
17136,1630,3,1.5,1.0,6,0
17137,1680,3,2.5,2.0,8,0
17138,1930,3,2.5,2.0,7,1
17139,2140,4,2.25,1.0,7,1
17140,4070,4,2.25,2.0,10,1
17141,1350,3,1.0,1.0,7,0
17142,4270,4,3.5,2.0,9,1
17143,1320,3,1.0,1.5,7,1
17144,2100,3,1.75,1.0,7,0
17145,710,2,1.0,1.0,6,0
17146,2350,3,2.25,1.0,7,1
17147,1180,3,1.0,1.0,7,0
17148,1250,3,1.0,1.0,6,0
17149,1490,3,2.0,1.0,7,0
17150,1000,3,1.0,1.0,6,0
17151,4050,5,4.25,1.0,10,1
17152,2300,5,2.25,1.0,8,0
17153,1330,3,1.75,1.0,7,1
17154,3200,4,3.25,2.0,9,1
17155,2590,3,2.75,2.0,10,1
17156,2590,3,2.75,2.0,10,1
17157,2030,4,2.5,1.0,7,0
17158,2700,5,2.5,1.0,8,1
17159,1670,3,1.75,1.0,8,1
17160,3090,5,2.75,1.0,9,1
17161,2650,5,2.5,2.0,9,1
17162,1440,4,2.0,1.0,5,0
17163,2820,3,2.5,1.0,9,1
17164,1690,3,1.75,1.0,7,0
17165,1420,3,1.75,1.0,8,0
17166,1790,4,1.75,1.0,7,0
17167,1320,3,1.75,1.0,7,0
17168,1509,3,2.5,3.0,8,0
17169,1610,3,2.0,1.0,7,0
17170,1550,4,1.75,1.0,6,0
17171,1160,3,1.0,1.0,6,0
17172,2500,4,2.25,2.0,8,1
17173,1540,3,2.5,3.0,8,1
17174,1910,4,2.5,2.0,8,1
17175,2340,3,2.5,2.0,7,0
17176,2060,3,2.5,2.0,8,1
17177,1960,3,2.25,1.0,7,1
17178,1150,2,1.5,2.0,7,0
17179,2330,4,2.75,1.0,8,0
17180,2210,3,2.5,1.0,7,0
17181,3260,4,2.75,1.0,10,1
17182,1900,4,1.75,1.0,6,0
17183,1610,2,1.75,1.5,6,0
17184,1340,3,1.0,1.0,6,0
17185,3170,3,2.75,1.0,9,1
17186,4440,8,3.5,2.0,10,1
17187,1370,4,1.0,1.5,6,0
17188,1420,5,1.0,1.5,8,1
17189,1030,2,2.0,1.0,6,0
17190,1820,3,2.25,1.0,7,1
17191,2650,4,1.5,2.0,9,1
17192,910,3,1.0,1.0,7,0
17193,1680,3,2.5,2.0,9,1
17194,1550,2,1.75,1.0,6,0
17195,2780,4,2.5,2.0,8,1
17196,4070,5,4.0,2.0,10,1
17197,3240,3,2.5,2.0,11,1
17198,3650,4,3.5,2.0,9,1
17199,2180,3,2.25,2.0,8,1
17200,2480,3,3.5,2.0,8,1
17201,3180,5,2.5,1.0,9,1
17202,3630,4,2.5,2.0,10,1
17203,3160,5,2.5,2.0,9,1
17204,1370,4,1.0,2.0,6,0
17205,1070,2,1.5,2.0,8,0
17206,2180,4,2.0,1.0,7,0
17207,2420,4,2.25,2.0,8,1
17208,3290,4,2.5,2.0,10,1
17209,1430,3,1.0,1.0,6,1
17210,1890,4,2.5,1.0,7,1
17211,1760,3,2.25,2.0,8,1
17212,2230,4,2.75,1.0,7,0
17213,1630,3,1.75,1.0,7,0
17214,2350,3,2.5,2.0,8,1
17215,1550,3,1.75,1.0,7,0
17216,3550,3,2.5,2.0,10,1
17217,2720,4,2.5,1.0,7,1
17218,1740,3,1.75,1.5,7,0
17219,1840,4,1.75,1.0,7,0
17220,2010,3,2.5,2.0,9,1
17221,1670,3,1.75,1.0,7,0
17222,1820,3,1.75,1.0,7,0
17223,720,2,1.0,1.0,6,0
17224,2370,4,1.75,1.0,7,0
17225,2120,3,1.75,1.0,7,0
17226,1290,3,1.75,1.0,7,0
17227,1800,4,3.0,2.0,7,0
17228,1230,3,1.75,1.0,7,0
17229,1380,3,2.0,1.0,7,0
17230,740,2,1.0,1.0,6,0
17231,1720,5,2.5,1.5,7,0
17232,1720,5,2.5,1.5,7,0
17233,2100,4,2.5,1.0,7,0
17234,1210,2,1.0,1.0,6,1
17235,2210,4,2.5,2.0,9,1
17236,2470,4,2.5,3.0,8,1
17237,2760,5,2.5,1.0,8,0
17238,2540,3,2.0,1.5,8,1
17239,5150,3,4.25,2.5,11,1
17240,3420,4,4.5,3.0,9,1
17241,2270,4,2.5,1.0,8,0
17242,2270,4,2.5,1.0,8,1
17243,1470,3,2.5,2.0,8,0
17244,1280,3,1.75,1.0,8,0
17245,2830,4,2.75,2.0,8,1
17246,1970,4,2.25,1.5,7,1
17247,1390,1,1.0,1.0,6,0
17248,1020,4,1.0,1.5,6,0
17249,2250,4,2.5,2.0,8,0
17250,800,2,1.0,1.0,6,0
17251,1560,3,1.0,1.5,7,1
17252,2100,4,2.0,1.0,7,1
17253,990,2,1.0,1.0,7,1
17254,1060,3,1.5,1.0,7,0
17255,1270,2,1.0,1.0,6,0
17256,2740,4,2.5,2.0,9,1
17257,2470,4,2.75,1.0,9,1
17258,1970,3,1.75,1.0,7,1
17259,2070,4,2.5,1.0,8,1
17260,1010,3,1.75,1.0,7,0
17261,2220,4,2.25,1.0,8,1
17262,1090,2,2.0,3.0,8,0
17263,4310,3,2.5,1.5,10,1
17264,1490,3,2.5,2.0,7,0
17265,700,2,1.0,1.0,6,0
17266,1450,4,1.0,1.0,6,0
17267,2120,3,2.5,2.0,8,1
17268,1670,4,2.5,2.0,7,1
17269,1810,2,1.75,2.0,8,1
17270,710,2,1.0,1.0,5,0
17271,2540,3,3.0,1.0,7,1
17272,1420,3,2.0,1.5,7,1
17273,2440,3,2.75,2.0,8,1
17274,2570,4,2.5,2.0,9,0
17275,3090,5,2.5,2.0,9,1
17276,2050,3,1.75,1.5,8,1
17277,920,3,1.0,1.0,6,0
17278,2320,4,3.0,2.0,8,1
17279,3450,3,3.0,1.0,9,1
17280,1660,3,1.0,1.0,7,0
17281,1130,3,1.0,1.0,6,1
17282,2550,4,2.5,2.0,8,1
17283,2420,4,2.75,2.0,8,0
17284,1470,3,2.25,2.0,8,0
17285,2030,4,2.5,1.0,7,1
17286,2310,7,2.75,1.5,6,1
17287,3370,5,3.5,2.0,9,1
17288,1900,3,1.75,1.5,6,1
17289,1940,3,1.5,2.0,8,1
17290,2420,3,2.5,2.0,7,1
17291,1010,3,1.0,1.0,7,0
17292,2710,5,4.0,3.0,10,1
17293,1340,2,1.5,1.5,7,1
17294,1310,3,1.75,1.0,7,0
17295,2650,4,2.5,1.0,8,1
17296,1890,3,2.75,2.0,8,1
17297,2580,4,3.0,2.0,8,0
17298,3500,4,2.75,2.0,9,1
17299,1040,2,1.0,1.0,6,0
17300,1930,5,1.75,2.0,7,1
17301,2190,4,3.0,2.0,8,1
17302,1530,3,1.75,2.0,8,1
17303,1480,4,1.0,1.5,7,0
17304,3620,4,2.5,1.0,10,1
17305,3370,3,2.75,2.0,9,0
17306,2100,5,2.5,1.0,7,0
17307,3370,4,3.0,2.0,10,1
17308,2240,2,1.0,1.0,7,0
17309,1650,3,2.5,2.0,7,0
17310,2630,4,2.75,2.0,8,1
17311,2330,4,1.75,2.0,8,1
17312,1970,3,2.5,2.0,8,0
17313,2820,3,2.5,1.0,9,1
17314,590,2,1.0,1.5,5,0
17315,2060,3,2.5,2.0,7,0
17316,1890,3,1.5,1.5,9,1
17317,2810,4,2.5,2.0,10,1
17318,1470,4,1.0,1.5,6,0
17319,2190,4,1.75,2.0,8,0
17320,1440,3,2.5,2.0,7,0
17321,2480,3,3.0,1.0,8,0
17322,2780,4,2.5,2.0,9,1
17323,2180,4,3.0,2.0,7,1
17324,3340,3,2.25,1.0,8,1
17325,2560,3,2.25,1.5,8,1
17326,1600,2,2.25,2.0,7,1
17327,2230,3,2.5,3.0,9,1
17328,900,2,1.0,2.0,7,0
17329,1010,3,1.0,1.0,6,0
17330,1580,3,2.0,1.0,7,1
17331,1890,3,2.5,2.0,7,0
17332,2160,4,2.25,1.0,7,0
17333,2160,4,2.25,1.0,7,1
17334,1410,2,1.0,1.5,8,1
17335,1430,2,1.5,3.0,7,0
17336,2380,6,1.75,2.0,8,1
17337,2206,3,2.25,1.0,6,1
17338,1030,3,1.0,1.0,7,0
17339,1070,3,2.5,2.0,7,0
17340,2320,3,2.5,1.0,9,1
17341,1270,2,1.75,1.0,7,0
17342,2570,4,3.0,2.0,7,1
17343,920,3,1.0,1.0,6,0
17344,1790,3,2.0,1.0,7,0
17345,2483,4,3.0,2.0,8,0
17346,2140,3,2.25,2.0,9,1
17347,1900,3,1.75,1.0,7,1
17348,1650,3,2.25,1.0,8,0
17349,1510,3,1.0,1.0,7,0
17350,2910,3,1.75,1.5,8,1
17351,4960,4,4.25,2.5,11,1
17352,2710,3,2.0,1.5,8,1
17353,1810,3,1.5,1.0,7,0
17354,940,3,1.0,1.0,7,0
17355,1600,3,2.25,1.0,7,0
17356,2640,4,2.5,2.0,7,0
17357,3890,5,3.25,1.0,10,1
17358,1630,3,2.5,3.0,8,1
17359,830,3,1.0,1.0,7,0
17360,1800,3,2.5,2.0,8,0
17361,2060,3,2.25,1.0,8,1
17362,4040,4,3.0,1.0,9,1
17363,1910,4,2.75,1.0,7,1
17364,2800,4,2.5,2.0,9,1
17365,1320,3,1.5,2.0,7,0
17366,1220,3,1.0,1.0,6,0
17367,3100,5,2.75,2.0,7,1
17368,550,1,1.0,1.0,6,0
17369,1080,3,1.0,1.5,7,0
17370,880,2,1.0,1.0,6,0
17371,720,2,1.0,1.0,6,0
17372,2030,4,2.75,1.0,7,0
17373,2040,4,2.0,2.0,7,1
17374,1570,3,1.0,1.0,7,0
17375,1500,2,1.0,1.0,7,1
17376,3180,4,2.5,2.0,9,1
17377,1260,3,1.75,1.0,7,0
17378,1390,3,1.5,2.0,7,0
17379,2850,3,3.0,1.0,8,0
17380,2070,4,2.5,2.0,8,0
17381,2650,3,3.25,1.0,8,0
17382,1220,3,1.75,1.0,7,0
17383,1630,3,2.0,1.0,9,0
17384,1785,2,2.5,2.0,7,1
17385,1260,3,2.5,2.0,8,0
17386,1380,3,1.5,1.0,7,0
17387,2330,3,1.75,1.0,8,1
17388,840,2,1.0,1.0,7,0
17389,1730,3,2.25,1.0,8,0
17390,2230,4,2.5,2.0,7,0
17391,1790,3,2.5,2.0,8,1
17392,2280,3,2.5,2.0,9,1
17393,2430,3,2.5,1.0,8,1
17394,3730,5,3.0,1.5,7,1
17395,2230,5,3.0,1.0,8,1
17396,770,2,1.0,1.0,7,0
17397,1814,4,1.75,1.0,7,1
17398,1920,4,1.75,1.0,7,0
17399,1860,4,2.5,1.5,7,1
17400,2750,5,3.0,1.0,7,1
17401,1930,4,2.5,1.0,9,1
17402,1950,3,2.5,2.0,7,0
17403,2470,6,3.0,2.0,8,1
17404,1630,3,2.25,1.0,7,0
17405,2110,4,2.25,1.0,8,1
17406,1490,3,1.75,1.0,8,1
17407,1740,3,2.5,2.0,8,0
17408,1900,4,2.75,1.0,7,1
17409,4510,5,4.0,2.0,10,1
17410,1090,3,1.0,1.5,5,0
17411,1720,3,1.75,1.0,7,1
17412,1400,2,3.25,3.0,8,1
17413,2090,4,2.5,1.0,7,1
17414,1580,3,1.75,1.0,8,0
17415,2620,4,2.5,2.0,8,1
17416,1500,3,2.0,1.0,7,0
17417,2030,4,2.5,2.0,8,0
17418,1020,3,1.0,1.0,6,0
17419,1540,3,2.5,1.0,7,1
17420,3910,5,3.0,1.0,9,1
17421,3920,5,4.25,2.0,7,1
17422,3180,4,2.5,2.0,9,1
17423,2330,3,2.5,2.0,9,1
17424,2600,3,2.5,1.5,8,1
17425,1950,4,1.75,1.0,7,1
17426,3250,5,1.75,1.0,8,1
17427,1130,4,1.0,1.5,6,0
17428,2620,3,2.5,2.0,7,1
17429,1120,2,1.0,1.0,5,0
17430,1800,3,1.75,1.0,7,0
17431,2180,4,1.75,1.0,8,0
17432,1960,3,1.75,1.0,7,0
17433,1960,3,1.75,1.0,7,0
17434,1150,2,1.0,1.0,6,0
17435,2800,4,2.5,2.0,7,0
17436,1310,3,2.0,1.0,7,0
17437,2340,3,1.75,1.0,8,1
17438,1430,3,2.5,1.0,7,0
17439,2340,4,2.5,1.0,8,0
17440,1290,3,1.0,1.0,7,0
17441,760,2,1.0,1.0,6,0
17442,2780,6,2.0,2.5,7,0
17443,2090,3,2.0,1.5,8,1
17444,3060,4,3.0,1.0,8,1
17445,1110,3,1.0,1.0,7,0
17446,1790,3,2.0,1.5,7,0
17447,1830,3,1.5,1.0,7,1
17448,2850,4,3.5,2.0,8,1
17449,1420,3,1.0,1.0,6,0
17450,790,2,1.0,1.0,5,0
17451,2300,3,2.5,2.0,8,1
17452,2440,3,2.5,1.0,9,0
17453,1310,3,2.0,1.0,7,0
17454,1380,3,1.0,1.0,7,0
17455,2790,4,2.5,2.0,9,1
17456,1360,3,2.5,2.0,8,0
17457,2510,4,2.5,2.0,9,1
17458,4560,3,3.0,2.0,10,1
17459,780,2,1.0,1.0,6,0
17460,1410,3,2.0,1.0,7,0
17461,2530,4,2.0,1.5,8,1
17462,1270,3,2.0,1.0,7,0
17463,3180,4,4.5,2.0,9,1
17464,1450,2,1.75,1.5,7,1
17465,2040,4,1.75,1.0,7,1
17466,2650,4,2.5,2.0,9,1
17467,1240,3,1.75,1.0,7,0
17468,820,2,1.0,1.0,6,0
17469,1890,2,1.0,1.5,7,1
17470,1270,3,2.0,2.0,7,1
17471,3350,4,2.5,1.0,10,1
17472,1550,2,1.0,1.5,8,1
17473,920,3,1.0,1.0,7,0
17474,950,2,1.0,1.0,6,0
17475,2040,4,1.75,1.0,7,1
17476,1870,4,1.75,2.0,7,1
17477,1720,3,1.75,1.0,8,1
17478,1020,2,1.0,1.0,6,0
17479,2690,4,2.5,2.0,9,0
17480,3090,4,2.0,1.0,7,1
17481,1070,3,1.5,1.0,6,0
17482,2050,4,2.25,2.0,8,1
17483,1660,3,1.5,2.0,7,0
17484,2810,5,1.75,1.0,7,0
17485,2460,4,2.25,1.0,8,0
17486,1230,3,1.75,1.0,6,0
17487,2360,4,2.5,2.0,8,1
17488,1730,4,1.75,1.0,7,0
17489,2770,4,2.5,2.0,9,1
17490,1770,4,2.0,2.0,7,0
17491,3030,5,2.75,2.0,8,1
17492,2380,3,1.75,1.5,7,0
17493,1780,3,1.75,1.0,6,0
17494,1540,4,1.5,2.0,7,0
17495,1580,3,2.25,2.0,8,1
17496,3200,4,2.5,2.0,8,0
17497,2220,4,2.5,2.0,7,0
17498,2240,4,2.75,2.0,7,0
17499,1640,2,1.75,1.0,7,0
17500,1170,3,1.5,1.0,7,0
17501,3160,4,2.25,1.0,10,1
17502,2100,3,2.5,2.0,8,1
17503,2600,4,2.5,2.0,9,1
17504,1630,3,1.75,1.5,7,0
17505,2850,3,2.0,1.0,8,1
17506,2560,4,3.0,2.0,9,0
17507,980,2,1.5,2.0,7,0
17508,5480,3,3.25,2.0,11,1
17509,2160,3,2.0,1.5,8,0
17510,3030,3,3.0,1.5,9,1
17511,3560,4,3.5,2.0,10,1
17512,760,2,1.0,1.0,6,0
17513,2260,3,3.0,2.0,7,1
17514,1560,2,1.75,1.0,7,1
17515,2270,5,3.0,1.0,7,0
17516,3480,5,3.0,2.0,8,1
17517,1900,3,2.25,2.0,7,0
17518,2350,4,3.0,1.0,9,0
17519,2390,3,2.5,1.0,9,1
17520,3730,4,2.5,2.0,10,1
17521,1780,2,1.0,1.0,9,0
17522,1630,4,2.5,2.0,7,0
17523,1130,2,1.0,1.5,6,0
17524,2140,3,1.75,1.0,7,1
17525,3220,4,2.5,2.0,10,1
17526,800,1,1.0,1.5,5,0
17527,1800,3,2.5,2.0,7,1
17528,809,2,2.5,2.0,7,0
17529,1820,3,2.25,1.0,7,0
17530,580,2,1.0,1.0,5,0
17531,580,2,1.0,1.0,5,0
17532,2900,3,2.0,1.0,8,1
17533,1140,2,1.0,1.0,6,0
17534,1060,2,1.0,1.0,6,0
17535,2320,4,3.0,1.0,7,1
17536,3450,4,2.5,2.0,9,1
17537,1760,2,1.0,1.0,8,0
17538,3370,4,3.75,2.0,9,1
17539,1940,4,1.0,1.5,7,0
17540,2520,4,2.0,1.0,7,0
17541,1360,3,1.0,1.0,7,0
17542,800,2,1.0,1.0,6,0
17543,3010,4,2.5,2.0,10,1
17544,2340,3,1.75,2.0,9,1
17545,1780,3,2.0,1.0,8,0
17546,4200,4,3.25,2.0,10,1
17547,1720,2,1.75,1.0,7,1
17548,830,2,1.0,1.0,6,0
17549,1090,3,1.0,1.0,6,0
17550,5040,5,4.25,2.0,11,1
17551,3500,5,2.75,2.0,9,1
17552,1080,3,1.0,1.0,5,0
17553,1080,3,1.0,1.0,5,0
17554,1080,3,1.0,1.0,5,0
17555,870,3,1.0,1.0,6,0
17556,2830,4,2.5,2.0,9,1
17557,1880,4,2.0,2.0,8,0
17558,3600,4,2.75,2.0,9,1
17559,2340,4,2.5,2.0,7,1
17560,2040,3,2.0,1.0,6,0
17561,1310,3,1.75,1.0,7,0
17562,1470,3,2.0,1.0,8,1
17563,1370,3,1.75,1.0,7,0
17564,1080,3,1.0,1.5,6,0
17565,1990,3,2.5,2.0,7,0
17566,1310,3,1.0,1.0,7,0
17567,1640,3,1.75,1.0,7,0
17568,1770,3,2.25,1.0,7,0
17569,2050,3,2.5,2.0,8,1
17570,1170,3,1.0,2.0,5,0
17571,1340,2,1.0,1.0,7,0
17572,2240,3,1.5,1.0,7,1
17573,880,2,1.0,1.0,5,0
17574,2170,3,2.5,2.0,8,0
17575,1260,2,1.5,1.5,7,1
17576,1880,3,1.75,1.0,7,1
17577,1620,3,2.5,1.0,7,0
17578,1610,3,2.5,2.0,7,0
17579,3330,4,2.75,2.0,10,1
17580,1370,4,2.0,2.0,9,1
17581,690,2,1.0,1.0,6,0
17582,3170,4,2.5,2.0,7,1
17583,1990,2,2.0,1.0,7,1
17584,1080,4,1.0,1.5,6,0
17585,1870,4,1.0,1.5,6,0
17586,1670,3,1.75,1.0,7,0
17587,2800,4,2.5,2.0,9,0
17588,3460,5,2.75,2.0,9,1
17589,1930,3,2.0,1.0,7,0
17590,2370,4,3.0,2.0,9,1
17591,1180,3,1.0,1.0,7,1
17592,1320,2,1.0,1.5,7,1
17593,1350,3,1.75,1.5,7,1
17594,1068,2,1.5,2.0,7,0
17595,1580,3,1.0,1.0,7,0
17596,1690,4,1.0,1.5,7,1
17597,5120,3,4.0,3.0,11,1
17598,3960,4,2.5,2.0,10,1
17599,2420,4,3.25,1.5,9,1
17600,1910,3,2.5,2.0,8,1
17601,1440,3,2.25,1.0,8,0
17602,2320,5,3.0,1.0,7,0
17603,1670,3,2.0,1.5,8,1
17604,1390,3,1.75,1.0,7,0
17605,2620,3,2.5,2.0,9,1
17606,3040,3,2.5,2.0,9,1
17607,2990,3,2.5,1.0,9,1
17608,1740,3,2.25,1.0,7,0
17609,2360,2,1.0,1.0,6,0
17610,2240,3,2.75,2.5,7,1
17611,1610,4,2.0,1.0,7,0
17612,700,2,1.0,1.0,6,0
17613,2730,5,3.0,1.0,8,1
17614,1780,3,2.75,1.0,7,0
17615,3070,3,2.5,2.0,9,1
17616,2060,3,3.0,2.0,8,1
17617,1360,3,2.25,1.5,7,1
17618,1430,3,2.0,1.0,7,1
17619,1840,3,2.25,2.0,7,1
17620,2000,4,2.25,2.0,8,1
17621,1820,3,2.5,2.0,8,1
17622,2330,3,1.75,2.0,9,1
17623,1070,2,2.0,1.0,7,0
17624,930,2,1.0,1.0,7,1
17625,1040,2,2.0,1.0,6,0
17626,1960,4,2.25,2.0,8,1
17627,2970,3,3.25,2.0,9,1
17628,2200,3,1.5,1.5,9,1
17629,3810,6,4.5,1.0,10,1
17630,830,2,1.5,2.0,8,0
17631,3920,4,3.5,2.0,10,1
17632,2870,3,2.0,1.0,9,1
17633,2560,3,2.0,1.0,8,1
17634,1350,3,1.5,1.0,6,0
17635,1240,4,2.25,1.0,8,0
17636,3210,4,2.75,1.0,7,1
17637,1690,3,2.5,2.0,7,1
17638,2550,4,2.5,2.0,9,1
17639,3240,5,1.75,2.0,7,1
17640,3560,4,2.5,2.0,10,1
17641,2160,3,2.5,1.0,7,0
17642,3060,4,2.5,2.0,9,1
17643,1690,3,2.5,2.0,7,0
17644,1520,3,2.25,2.0,7,0
17645,2040,4,2.5,2.0,7,0
17646,2360,3,2.0,1.0,8,1
17647,1360,4,1.75,1.5,7,0
17648,2000,3,2.5,2.0,7,0
17649,1650,3,2.5,2.0,8,1
17650,2500,3,3.0,2.0,8,0
17651,1140,3,1.5,1.0,7,0
17652,2140,3,1.5,1.5,9,1
17653,2870,3,2.75,2.0,8,1
17654,830,2,1.0,1.0,6,0
17655,1960,3,2.25,2.0,8,1
17656,1130,4,1.5,1.0,6,0
17657,3630,5,2.75,2.0,11,1
17658,1764,4,2.0,1.0,7,0
17659,2770,3,2.75,1.0,8,1
17660,2650,3,2.5,2.0,9,0
17661,2500,3,2.75,2.0,9,1
17662,2710,3,1.0,2.0,7,0
17663,2490,3,2.25,2.0,8,1
17664,1500,3,1.75,1.0,7,0
17665,1160,3,2.0,1.0,5,1
17666,1880,4,1.5,1.0,8,1
17667,1340,3,2.5,2.0,7,0
17668,1960,3,2.5,2.0,8,0
17669,2030,3,2.25,1.0,8,1
17670,2200,5,3.0,1.0,7,1
17671,2540,3,2.0,1.5,9,1
17672,1520,3,2.0,1.0,8,0
17673,2360,3,2.25,2.0,8,1
17674,1340,3,1.75,1.5,7,1
17675,1400,2,1.5,2.0,7,1
17676,3030,4,2.75,1.0,8,1
17677,3200,3,2.5,1.0,10,1
17678,1580,4,1.5,1.0,7,1
17679,2120,2,1.0,1.0,7,1
17680,1640,2,1.0,1.0,7,1
17681,1890,3,2.25,1.0,8,0
17682,1710,4,2.0,1.5,7,1
17683,1140,2,2.0,1.0,6,1
17684,2720,4,3.0,2.0,8,1
17685,1650,2,1.75,1.0,7,0
17686,1790,3,1.75,1.0,8,0
17687,1680,4,1.75,1.5,7,0
17688,2200,3,1.75,1.0,7,0
17689,830,2,1.0,1.0,6,0
17690,770,2,1.0,1.0,7,0
17691,3280,4,2.5,2.0,10,1
17692,2080,3,3.25,2.0,8,1
17693,2790,4,2.5,2.0,9,1
17694,4150,5,3.5,2.0,11,1
17695,1780,3,2.25,2.0,7,0
17696,1460,4,1.75,1.0,7,0
17697,1410,3,1.0,1.0,8,0
17698,2170,4,2.25,1.0,8,1
17699,690,2,1.0,1.0,6,0
17700,3000,4,3.0,2.0,8,0
17701,870,3,1.0,1.0,6,0
17702,3170,4,2.5,1.0,9,1
17703,1540,4,1.0,1.0,6,0
17704,1270,3,1.0,1.0,7,0
17705,2190,3,1.75,1.0,8,1
17706,4410,4,3.5,2.0,11,1
17707,2790,4,2.5,2.0,9,0
17708,1510,3,1.0,1.0,8,0
17709,1800,2,1.75,1.0,7,0
17710,2410,4,1.0,1.0,7,0
17711,2250,4,2.75,1.0,8,0
17712,950,3,1.0,1.5,6,0
17713,2860,4,1.75,1.0,8,1
17714,2860,4,1.75,1.0,8,1
17715,1560,2,1.0,1.0,7,0
17716,1940,2,1.5,1.0,7,1
17717,3580,4,3.25,1.5,7,1
17718,2040,4,2.5,2.0,7,0
17719,1700,5,1.0,1.5,7,1
17720,3700,4,2.5,1.0,8,1
17721,1050,2,1.75,1.0,8,0
17722,1690,3,2.0,1.0,7,0
17723,1120,2,1.0,1.0,7,1
17724,1490,3,1.75,2.0,10,1
17725,2220,5,2.0,1.5,7,1
17726,2160,3,2.5,1.5,8,1
17727,870,2,1.0,1.0,7,0
17728,1900,3,1.75,1.0,8,1
17729,3370,4,3.5,2.0,8,1
17730,3370,3,2.75,1.5,7,1
17731,880,2,1.0,1.0,7,1
17732,940,2,1.0,1.0,5,0
17733,1340,3,1.0,1.0,7,0
17734,1440,3,1.5,1.0,7,0
17735,1750,3,1.5,1.0,7,1
17736,3990,5,3.5,2.0,8,1
17737,2860,3,2.5,2.0,8,1
17738,1940,4,2.5,2.0,8,0
17739,1400,2,1.5,1.0,7,0
17740,1770,3,2.5,2.0,7,0
17741,1710,4,2.0,1.5,8,1
17742,2810,4,2.5,2.0,8,0
17743,1580,3,1.0,1.0,8,0
17744,1580,3,1.0,1.5,7,1
17745,1440,3,1.0,1.5,7,1
17746,2420,4,2.5,2.0,10,0
17747,1930,4,1.5,1.0,7,0
17748,1190,3,1.0,1.0,7,0
17749,2240,4,2.5,1.0,7,0
17750,2550,2,2.5,2.5,7,0
17751,920,2,1.0,1.0,6,0
17752,1520,4,1.75,1.0,7,1
17753,1460,3,2.0,1.5,7,1
17754,1900,1,1.5,1.5,9,1
17755,1430,3,1.5,1.0,7,0
17756,2500,3,2.5,2.0,8,1
17757,720,2,1.0,1.0,5,0
17758,1140,2,1.0,1.0,7,1
17759,3530,4,4.0,2.0,10,1
17760,1220,3,2.0,1.0,6,0
17761,1320,3,1.0,1.0,7,0
17762,2170,4,3.0,1.0,8,1
17763,2020,3,2.5,2.0,8,1
17764,1990,3,2.5,2.0,8,0
17765,2660,4,2.0,1.5,7,1
17766,2360,4,2.5,1.0,8,1
17767,2740,3,2.0,1.0,9,1
17768,1360,3,1.75,1.0,7,1
17769,1230,2,1.0,1.0,6,0
17770,1260,3,1.5,1.0,7,0
17771,1040,2,1.0,1.0,7,0
17772,2700,4,2.5,1.0,8,1
17773,1800,3,1.75,2.0,7,1
17774,1590,3,1.5,1.0,7,0
17775,1360,3,2.75,1.0,7,0
17776,1370,3,1.75,1.0,7,0
17777,3320,4,2.5,2.0,10,1
17778,2980,4,2.5,1.0,8,1
17779,1350,3,2.5,3.0,8,1
17780,1160,3,1.0,1.0,7,0
17781,1480,3,2.25,2.0,8,1
17782,1640,3,2.0,1.0,7,1
17783,2680,4,2.5,2.0,8,1
17784,2440,4,2.25,1.0,7,1
17785,2920,4,2.5,2.0,9,1
17786,1780,3,2.25,2.0,7,0
17787,2170,4,2.5,1.0,8,1
17788,5550,4,4.5,2.0,9,1
17789,2060,4,2.5,1.0,7,0
17790,1050,3,1.5,1.0,6,0
17791,790,2,1.0,1.0,6,0
17792,1010,3,1.0,1.0,6,1
17793,1040,2,1.0,1.0,6,0
17794,3130,4,3.5,2.0,9,1
17795,900,2,1.0,1.0,6,0
17796,1470,4,1.0,1.5,7,1
17797,1080,4,1.0,1.5,5,0
17798,2440,3,2.25,1.0,7,1
17799,2520,4,1.75,1.0,7,0
17800,1760,4,1.75,1.0,7,1
17801,1820,3,2.25,1.0,8,1
17802,1820,3,2.25,1.0,8,1
17803,3040,4,2.5,2.0,8,0
17804,3490,5,3.25,1.0,8,1
17805,2440,4,1.5,1.0,8,1
17806,2280,3,1.75,2.0,8,1
17807,1980,3,2.25,1.0,9,0
17808,2360,5,1.75,1.0,7,1
17809,3890,3,3.75,1.0,8,0
17810,2300,4,2.5,1.0,7,0
17811,910,2,1.0,1.0,7,0
17812,1140,3,2.0,1.0,7,0
17813,2390,4,2.5,2.0,9,1
17814,1150,3,1.0,1.0,7,1
17815,2330,5,2.0,1.0,7,0
17816,2420,3,2.5,2.0,9,1
17817,960,4,1.75,1.0,6,0
17818,1010,1,1.75,1.0,6,0
17819,2370,4,2.5,2.0,8,0
17820,2880,3,1.75,1.0,8,0
17821,2400,4,2.25,1.5,8,0
17822,3670,5,2.5,1.5,8,1
17823,1140,3,1.5,1.0,7,0
17824,1410,3,1.75,1.0,7,0
17825,1530,6,1.0,1.5,7,1
17826,1720,4,1.75,1.5,7,1
17827,1620,3,2.5,1.0,6,0
17828,1570,3,1.75,1.0,7,1
17829,1990,5,2.75,1.5,7,1
17830,930,2,1.0,1.0,7,0
17831,1550,3,1.75,1.0,7,0
17832,1650,4,1.0,1.0,7,1
17833,800,2,1.0,1.0,7,0
17834,930,2,1.0,1.0,6,0
17835,2550,4,1.5,1.5,7,1
17836,720,2,1.0,1.0,5,0
17837,620,2,1.0,1.0,6,0
17838,2360,3,2.5,2.0,10,1
17839,1760,3,1.75,1.0,8,1
17840,2100,3,1.75,1.0,7,0
17841,2480,5,2.25,2.0,9,1
17842,1040,3,1.0,2.0,6,0
17843,1656,3,2.5,1.0,7,1
17844,2090,4,2.0,1.5,7,1
17845,2520,6,2.75,2.0,7,1
17846,700,2,1.0,1.0,6,0
17847,4030,4,3.25,2.0,11,1
17848,760,2,1.0,1.0,6,0
17849,6500,4,5.25,2.0,11,1
17850,1840,3,2.0,2.0,7,1
17851,1090,3,2.0,1.0,7,0
17852,2980,4,2.5,1.5,8,1
17853,1900,4,2.25,1.0,9,1
17854,2790,4,2.5,2.0,10,1
17855,1280,2,1.0,1.0,8,0
17856,1510,3,1.0,1.0,7,0
17857,920,1,1.0,1.5,6,0
17858,700,2,1.0,1.0,7,0
17859,1980,2,1.75,2.0,7,0
17860,1440,3,1.0,1.5,8,1
17861,2740,4,4.0,2.0,9,0
17862,1400,2,1.0,1.0,7,0
17863,2270,3,1.75,1.0,7,0
17864,1310,3,2.25,1.0,7,0
17865,1680,3,1.75,1.0,8,0
17866,2260,3,2.25,1.0,9,1
17867,1350,3,2.25,2.0,8,0
17868,1820,2,1.5,2.0,7,0
17869,3380,3,3.5,3.0,10,1
17870,2140,4,1.75,1.0,7,0
17871,2430,4,2.5,2.0,8,0
17872,940,2,1.0,1.0,6,0
17873,2070,3,1.5,1.0,7,1
17874,1510,4,1.0,1.5,7,0
17875,2550,4,1.75,1.0,8,1
17876,700,2,1.0,1.0,7,0
17877,1150,3,1.0,1.0,6,0
17878,2340,3,2.5,2.0,7,0
17879,1510,3,3.25,3.0,7,0
17880,2070,3,2.0,1.0,7,1
17881,1150,2,1.0,1.0,7,1
17882,2190,4,2.75,1.5,7,1
17883,1980,4,1.75,1.0,7,0
17884,960,3,1.0,1.0,6,0
17885,2180,3,1.75,1.0,8,1
17886,2560,4,2.5,2.0,8,0
17887,2270,4,2.25,1.0,7,0
17888,3550,5,2.75,2.0,7,1
17889,1330,3,2.0,1.0,8,0
17890,2110,4,2.5,2.0,8,1
17891,3470,4,3.25,1.0,11,1
17892,1550,4,3.0,1.0,7,1
17893,570,2,1.0,1.0,6,0
17894,2030,3,2.5,3.0,9,1
17895,1500,3,2.0,1.0,7,0
17896,920,2,1.0,1.0,6,0
17897,1470,3,1.0,1.0,7,0
17898,1150,2,1.0,1.0,7,1
17899,4180,4,3.0,2.0,11,1
17900,1690,3,1.75,1.0,7,0
17901,2150,4,2.75,1.0,8,0
17902,2330,3,3.25,1.0,10,1
17903,2680,4,2.0,2.0,7,0
17904,1740,3,2.5,2.0,8,0
17905,1320,2,1.75,1.0,7,1
17906,3150,4,3.5,2.0,9,1
17907,2480,4,3.0,1.0,7,1
17908,3330,4,3.0,1.0,8,1
17909,1010,3,1.0,1.0,7,0
17910,4920,6,3.25,1.0,9,1
17911,1570,4,1.75,1.0,7,0
17912,3580,5,3.75,2.0,10,1
17913,2220,3,1.75,1.0,8,0
17914,1010,3,1.5,1.0,7,0
17915,1440,2,1.0,1.0,7,0
17916,1230,3,1.0,1.0,7,0
17917,1710,3,1.75,1.0,8,1
17918,2390,3,3.0,2.0,8,0
17919,2840,3,2.75,1.0,9,0
17920,2300,4,2.5,2.0,9,1
17921,2270,5,3.0,1.0,7,0
17922,2290,3,2.5,2.0,9,0
17923,1330,4,1.0,1.0,7,1
17924,1200,3,1.0,1.5,7,0
17925,2160,3,2.25,2.0,7,0
17926,1120,3,1.0,1.0,7,0
17927,2090,4,2.5,1.0,7,0
17928,1470,3,3.25,3.0,8,1
17929,2270,3,1.75,2.0,8,1
17930,4100,4,3.75,1.5,11,1
17931,1440,3,1.75,1.0,6,0
17932,1200,3,1.5,1.0,7,0
17933,1720,3,1.75,1.0,7,0
17934,930,1,0.75,1.0,6,0
17935,2400,4,2.5,2.0,8,0
17936,1960,4,2.5,2.0,8,0
17937,1890,4,1.75,1.0,8,0
17938,1590,3,2.25,2.0,7,0
17939,2590,4,2.5,2.0,9,1
17940,860,3,1.0,1.5,7,0
17941,1270,3,2.5,2.0,8,0
17942,1130,2,2.25,2.0,8,0
17943,1860,3,2.5,2.0,8,0
17944,1802,2,1.0,1.0,7,0
17945,4480,5,3.0,2.5,12,1
17946,1310,2,1.0,1.0,7,0
17947,2320,3,2.5,2.0,9,1
17948,1130,2,1.0,1.0,7,0
17949,2180,3,2.5,1.0,8,1
17950,1830,3,1.5,1.5,5,0
17951,2340,3,2.75,1.0,8,0
17952,2830,3,2.5,3.0,10,1
17953,1610,3,1.0,1.0,6,1
17954,2410,5,2.75,2.0,10,1
17955,2660,4,2.75,1.0,8,1
17956,1030,3,1.0,1.0,7,0
17957,1390,3,4.0,2.0,9,1
17958,1580,3,1.75,1.0,6,0
17959,2330,3,2.75,2.0,8,1
17960,1540,3,3.25,3.0,9,1
17961,1570,3,1.0,2.0,8,1
17962,2940,4,3.0,1.0,8,1
17963,1240,3,0.75,1.0,7,0
17964,1410,3,1.0,1.0,7,0
17965,2190,4,2.5,1.0,8,1
17966,3040,3,2.5,2.0,7,0
17967,1860,4,1.75,1.0,7,1
17968,1690,3,2.5,1.0,7,0
17969,1900,3,2.75,1.0,7,0
17970,1600,3,2.5,2.0,8,0
17971,2530,6,3.0,1.0,6,1
17972,1860,3,2.25,3.0,8,1
17973,2390,3,2.25,2.0,8,1
17974,3100,4,2.5,2.0,9,1
17975,2650,5,2.25,1.0,8,1
17976,1520,3,2.0,1.5,7,1
17977,1510,2,1.0,1.0,6,1
17978,1960,4,1.75,1.0,8,0
17979,2270,4,2.75,1.0,7,1
17980,910,2,1.0,1.0,7,0
17981,2100,4,2.5,1.0,8,1
17982,1000,3,1.0,1.0,6,0
17983,2760,4,2.75,1.0,7,1
17984,2840,4,2.5,2.0,8,1
17985,1860,3,2.5,2.0,7,0
17986,1920,4,2.25,1.0,8,0
17987,840,2,0.75,1.0,6,1
17988,2390,3,1.5,1.0,7,0
17989,2100,4,2.5,2.0,7,0
17990,2430,4,3.0,2.0,8,0
17991,1880,3,2.0,1.0,8,1
17992,1350,3,1.75,1.0,7,0
17993,2160,2,2.0,1.0,9,0
17994,1430,3,1.75,1.0,7,0
17995,2840,5,1.75,2.0,7,0
17996,2510,3,0.75,2.0,7,0
17997,1690,3,1.0,1.5,7,0
17998,1930,2,2.0,1.0,8,1
17999,720,2,1.0,1.0,6,0
18000,2990,4,2.5,2.0,11,1
18001,2300,5,1.75,2.0,7,0
18002,1240,2,1.75,1.0,7,1
18003,1900,4,2.5,2.0,8,0
18004,2120,3,1.75,1.0,8,1
18005,2440,4,2.5,2.0,8,1
18006,3300,4,2.25,1.5,8,1
18007,1180,2,1.0,1.0,7,0
18008,520,1,1.0,1.0,5,0
18009,2070,2,1.75,1.0,7,1
18010,2250,5,2.5,1.0,7,0
18011,2050,3,2.5,2.0,8,1
18012,1310,4,1.5,1.5,7,0
18013,1250,3,1.5,1.0,7,0
18014,2130,4,2.5,1.0,8,0
18015,2250,3,2.0,1.0,7,1
18016,1880,4,2.0,1.0,7,0
18017,1520,3,1.0,1.0,7,0
18018,4010,4,3.5,2.0,10,1
18019,1660,2,1.75,1.0,8,1
18020,3400,3,2.25,2.0,10,1
18021,2320,2,1.75,1.0,8,1
18022,3740,5,3.25,2.0,9,1
18023,1810,4,1.5,1.5,7,0
18024,3170,2,2.25,2.0,10,1
18025,1680,3,1.75,1.0,7,0
18026,930,2,1.0,1.0,6,0
18027,2390,3,2.5,2.0,8,0
18028,2680,4,2.5,1.5,7,1
18029,1790,4,1.75,1.0,8,0
18030,1680,4,3.0,1.0,7,0
18031,1570,3,1.75,1.5,8,1
18032,2230,3,1.0,2.0,8,1
18033,1260,4,2.0,1.0,6,0
18034,1790,3,2.0,1.0,7,1
18035,2440,3,2.5,1.0,7,1
18036,2410,4,2.25,2.0,8,1
18037,1780,4,2.5,2.0,7,1
18038,1900,3,2.5,2.0,7,0
18039,960,2,1.0,1.0,6,0
18040,1640,3,1.75,1.0,7,0
18041,850,2,1.0,1.0,6,0
18042,2150,3,2.75,1.0,7,0
18043,2780,4,2.5,2.0,7,0
18044,1030,3,1.0,1.0,7,1
18045,1930,3,1.75,1.0,7,0
18046,2080,3,2.5,1.0,8,1
18047,3520,4,2.5,2.0,10,1
18048,890,2,1.0,1.0,6,0
18049,1640,3,1.75,1.0,7,1
18050,4860,5,3.25,2.0,11,1
18051,1040,3,1.0,1.0,7,0
18052,2820,4,2.5,2.0,9,1
18053,1320,2,2.5,1.0,8,0
18054,2590,3,2.5,2.0,8,1
18055,1540,3,2.25,1.0,7,0
18056,960,3,1.0,1.0,7,0
18057,1190,3,2.5,1.0,7,0
18058,2770,4,2.5,2.0,9,1
18059,1060,3,1.75,2.0,7,0
18060,4010,5,3.25,2.0,11,1
18061,1140,3,2.0,1.0,7,0
18062,1910,4,1.0,1.5,6,0
18063,2340,4,2.5,2.0,9,1
18064,1170,2,1.75,1.0,7,1
18065,1290,3,1.0,1.5,7,0
18066,1810,3,2.5,3.0,8,0
18067,1820,3,2.5,1.0,7,1
18068,2220,4,1.5,1.0,8,1
18069,3830,3,3.75,2.0,9,1
18070,2920,4,2.5,2.0,9,1
18071,2630,4,2.5,2.0,8,1
18072,1320,3,1.75,1.0,7,0
18073,1400,3,2.0,1.0,7,0
18074,1600,3,2.5,2.0,7,0
18075,1490,3,2.5,1.0,7,0
18076,2170,2,2.5,1.0,8,1
18077,1280,3,3.25,2.0,8,0
18078,1620,3,2.0,1.0,7,0
18079,2630,3,2.5,1.0,9,1
18080,1240,3,1.5,1.0,7,1
18081,1300,3,1.75,1.0,7,1
18082,2430,3,1.75,1.0,8,1
18083,1890,4,1.5,1.0,7,0
18084,1890,3,2.25,1.0,8,1
18085,2440,3,1.5,1.0,7,1
18086,1780,3,2.25,1.0,7,0
18087,2830,4,2.75,2.0,10,1
18088,2490,4,2.0,1.0,7,1
18089,1560,4,2.5,1.5,7,1
18090,1980,3,2.5,2.0,7,0
18091,2070,3,2.5,2.0,8,1
18092,1490,3,1.75,1.0,8,1
18093,3090,4,3.5,2.0,8,1
18094,1580,3,2.25,1.0,7,1
18095,5190,5,4.5,2.0,11,1
18096,2692,3,2.75,2.0,9,0
18097,1740,3,2.5,2.0,8,0
18098,1940,3,2.0,1.0,7,1
18099,2150,4,2.5,1.5,7,0
18100,1320,3,1.5,1.0,7,0
18101,3360,4,2.5,2.0,10,1
18102,1850,3,1.75,1.0,7,0
18103,2880,4,2.25,2.0,8,1
18104,2420,6,2.5,1.0,7,0
18105,2020,3,1.0,1.5,7,1
18106,2280,5,2.0,1.5,6,0
18107,3010,4,2.5,2.0,9,1
18108,2550,4,2.25,1.0,8,0
18109,1540,4,2.0,1.0,7,0
18110,2280,3,2.25,2.0,8,1
18111,2450,4,2.5,2.0,7,0
18112,2950,5,2.5,1.5,7,1
18113,690,1,1.0,1.0,6,0
18114,800,1,1.0,1.0,6,0
18115,1470,2,1.0,1.5,4,0
18116,1840,3,2.25,2.0,8,0
18117,1170,3,1.0,1.0,7,0
18118,2344,5,1.75,1.5,7,1
18119,1230,1,1.0,1.0,6,0
18120,1150,3,1.75,1.0,7,0
18121,1140,3,1.0,1.0,6,0
18122,1660,3,1.0,1.0,7,1
18123,1080,3,1.0,1.0,7,1
18124,1720,4,2.0,1.0,7,1
18125,590,2,1.0,1.0,6,0
18126,1290,3,3.25,2.0,9,1
18127,1480,3,1.5,1.0,7,0
18128,2600,4,2.5,1.0,7,1
18129,2040,3,2.5,2.0,8,1
18130,970,3,1.0,1.0,7,0
18131,2620,6,3.0,1.0,7,1
18132,4560,4,3.5,2.0,9,1
18133,1750,3,1.75,1.0,7,0
18134,3620,4,3.5,2.5,9,1
18135,1660,3,2.0,1.0,7,0
18136,1360,4,1.0,1.0,6,0
18137,2044,3,2.5,2.0,9,1
18138,2370,5,3.0,1.5,8,1
18139,1170,3,2.0,1.5,7,0
18140,1660,3,1.0,1.0,7,0
18141,2020,4,1.0,1.0,7,0
18142,2530,3,2.5,2.0,8,0
18143,870,2,1.0,1.0,7,0
18144,3670,5,3.0,1.0,8,1
18145,3180,5,3.5,2.0,10,1
18146,1870,2,1.5,1.5,6,0
18147,1940,3,2.5,2.0,8,1
18148,4220,3,3.25,1.0,11,1
18149,4820,5,4.5,2.0,11,1
18150,2400,3,2.0,2.0,8,1
18151,2930,3,2.25,2.0,11,1
18152,800,2,1.0,1.0,6,0
18153,2200,3,3.25,2.0,7,1
18154,2400,3,2.5,1.0,9,0
18155,5570,5,3.25,2.0,9,1
18156,1980,3,3.25,3.0,7,1
18157,3530,3,2.25,1.0,9,1
18158,3430,4,2.5,2.0,10,1
18159,1720,3,2.5,2.0,7,0
18160,1930,3,1.5,1.0,7,1
18161,2140,4,1.75,1.0,7,0
18162,1110,3,1.75,1.0,7,1
18163,1970,3,1.75,1.0,7,0
18164,1630,3,2.5,2.0,7,0
18165,2520,5,2.25,2.0,8,1
18166,2270,4,2.25,1.5,7,1
18167,1212,3,2.5,3.0,7,0
18168,1890,4,2.0,1.0,7,0
18169,1370,3,2.25,2.0,7,0
18170,1770,3,2.5,2.0,7,0
18171,1710,3,2.5,2.0,8,1
18172,1190,2,1.0,1.0,7,1
18173,1690,3,2.0,1.0,7,1
18174,1680,4,1.75,1.0,7,1
18175,4340,3,3.25,2.0,11,1
18176,2040,3,2.25,2.0,7,1
18177,1110,2,1.0,1.0,6,0
18178,2040,5,2.0,2.0,7,1
18179,1920,4,1.5,1.0,7,0
18180,1330,3,1.5,1.0,7,0
18181,1630,4,1.0,1.5,7,1
18182,1520,3,1.0,1.0,7,0
18183,1520,3,1.0,1.0,7,1
18184,1340,3,1.5,1.0,8,0
18185,2500,3,1.75,1.0,7,0
18186,1460,3,2.0,2.0,7,1
18187,3140,4,2.25,2.0,9,1
18188,2150,3,1.75,1.0,7,0
18189,3140,4,2.5,1.5,10,1
18190,2310,3,2.5,1.0,8,1
18191,710,2,1.0,1.0,6,1
18192,1460,3,1.0,1.0,7,1
18193,730,2,2.75,1.0,7,1
18194,1440,3,2.5,2.0,7,1
18195,1130,3,2.0,1.0,7,0
18196,1810,3,2.25,2.0,8,0
18197,2710,3,2.5,2.0,10,1
18198,2740,4,2.5,2.0,9,0
18199,1690,3,2.5,2.0,7,1
18200,1470,3,2.5,2.0,7,0
18201,2830,3,2.5,2.0,9,1
18202,1410,3,1.0,1.0,8,0
18203,2170,3,2.5,1.0,7,0
18204,1340,3,2.25,1.5,6,0
18205,2480,3,3.0,2.0,10,1
18206,1990,3,2.75,1.0,8,1
18207,2240,4,2.75,1.0,7,0
18208,2990,4,2.5,2.0,9,1
18209,2120,6,1.75,1.5,7,1
18210,2920,4,2.25,2.0,9,1
18211,1700,4,1.75,1.0,7,0
18212,1620,2,2.5,2.0,7,1
18213,760,2,1.0,1.0,7,0
18214,1230,3,1.0,1.0,7,0
18215,4960,5,3.75,2.0,11,1
18216,2030,4,2.5,1.0,7,0
18217,1830,3,2.25,1.0,7,0
18218,970,2,1.0,1.0,7,0
18219,1000,2,1.0,1.0,5,0
18220,750,2,1.0,1.0,6,0
18221,2620,4,2.5,1.0,7,1
18222,2220,4,1.5,1.0,7,1
18223,3000,5,1.75,1.0,7,0
18224,1060,1,1.0,1.0,5,0
18225,1980,4,2.5,2.0,8,0
18226,1600,4,1.0,1.5,7,1
18227,2000,4,2.25,1.0,8,0
18228,1310,3,1.5,2.0,8,0
18229,1120,3,1.0,1.0,7,1
18230,3320,3,2.5,1.0,10,1
18231,2370,3,2.5,2.0,9,0
18232,830,2,1.5,2.0,7,0
18233,940,3,1.0,1.0,6,0
18234,2250,4,2.5,2.0,8,1
18235,2020,3,2.25,2.0,8,1
18236,5240,4,5.25,2.0,10,1
18237,4083,4,3.5,2.0,10,1
18238,1450,3,2.0,1.0,7,0
18239,1170,5,1.0,1.0,6,0
18240,3555,4,2.75,2.0,9,1
18241,1610,3,2.0,2.0,7,0
18242,960,2,1.0,1.0,7,0
18243,1680,3,2.5,2.0,8,1
18244,1380,3,1.75,1.0,7,0
18245,1040,2,1.0,1.0,6,0
18246,1380,3,1.5,1.5,7,1
18247,1850,3,1.75,1.0,7,0
18248,1740,2,1.75,1.0,7,1
18249,1920,5,1.75,1.0,7,1
18250,2010,3,2.5,2.0,8,1
18251,1860,4,1.75,1.0,7,0
18252,4390,5,4.0,2.0,9,1
18253,2380,4,2.25,1.0,7,0
18254,2880,4,2.5,2.0,9,0
18255,2820,6,2.25,1.5,7,1
18256,750,1,1.0,1.0,6,0
18257,1750,4,2.5,1.0,8,1
18258,1540,3,1.0,1.5,7,1
18259,1140,2,1.75,2.0,8,1
18260,1560,4,1.5,1.0,7,0
18261,2960,3,2.5,2.0,10,1
18262,2140,4,2.75,1.0,7,0
18263,1600,4,2.5,1.0,7,0
18264,2080,4,2.75,1.5,8,1
18265,1560,3,2.0,1.5,7,1
18266,2880,4,2.5,1.0,8,1
18267,2510,5,3.0,1.5,8,1
18268,960,3,1.0,1.5,6,0
18269,1120,2,1.0,1.0,6,0
18270,3310,4,2.75,2.0,9,1
18271,1080,3,1.5,1.0,7,0
18272,2860,4,2.5,2.0,10,1
18273,1490,3,2.0,1.0,7,0
18274,1210,3,1.0,1.0,7,0
18275,2240,3,1.75,1.5,8,1
18276,4575,4,4.75,2.5,10,1
18277,1600,3,2.5,2.0,8,0
18278,2090,4,1.75,1.5,7,1
18279,2260,4,2.5,2.0,9,1
18280,1200,3,1.0,2.0,7,0
18281,2480,4,2.5,1.5,8,1
18282,2240,5,3.0,1.0,7,1
18283,1550,3,1.75,1.5,7,1
18284,2130,4,1.75,1.0,7,0
18285,2870,5,3.0,1.0,7,1
18286,1160,2,1.0,1.0,6,0
18287,2430,3,2.5,2.0,8,0
18288,900,2,1.0,1.0,7,1
18289,2830,5,2.75,1.5,7,1
18290,1620,4,1.75,1.0,8,0
18291,2510,4,2.5,2.0,8,0
18292,1790,3,1.75,1.0,6,0
18293,1640,3,2.0,1.0,7,0
18294,2240,3,1.75,1.0,8,1
18295,1870,3,2.5,2.0,8,0
18296,1500,4,1.0,1.0,7,0
18297,1490,4,1.0,1.5,7,1
18298,2230,3,1.5,2.0,8,1
18299,1710,3,1.75,1.0,7,0
18300,1620,3,2.5,2.0,7,0
18301,2250,5,2.5,1.0,7,0
18302,1700,4,2.0,1.0,6,1
18303,1502,3,2.5,3.0,7,0
18304,1900,4,2.5,2.0,7,0
18305,3320,3,2.5,1.0,10,1
18306,1980,5,2.5,1.0,7,0
18307,1670,4,1.0,1.5,6,0
18308,2235,3,2.5,1.0,7,0
18309,1070,2,1.0,1.0,6,0
18310,1800,2,2.25,2.0,9,1
18311,2980,4,2.5,2.0,9,1
18312,1670,3,1.75,1.0,7,0
18313,2620,3,1.75,1.0,8,1
18314,5470,5,3.5,2.0,11,1
18315,3080,4,1.75,1.0,9,1
18316,940,3,1.0,1.0,7,1
18317,1870,5,2.25,1.0,8,1
18318,2070,4,2.5,2.0,7,0
18319,950,2,1.75,1.0,8,1
18320,1290,2,1.0,1.0,6,1
18321,2570,4,3.0,1.0,8,1
18322,1600,3,2.5,2.0,7,0
18323,2550,4,1.5,2.0,10,1
18324,1010,2,1.0,1.0,7,0
18325,1720,3,1.5,1.0,8,0
18326,2200,3,2.5,2.0,9,1
18327,1400,2,1.0,1.5,6,0
18328,1830,3,2.25,1.0,7,0
18329,3110,3,3.0,1.0,10,1
18330,1600,3,2.5,2.0,7,1
18331,3600,3,3.5,2.0,8,1
18332,1390,3,1.0,1.0,7,0
18333,2092,3,1.75,1.0,7,0
18334,1200,3,1.5,1.0,8,1
18335,1090,2,1.0,1.0,7,1
18336,2140,4,2.0,2.0,7,1
18337,2010,3,2.5,2.0,8,1
18338,1500,3,2.25,1.0,7,0
18339,3500,4,2.5,2.0,9,1
18340,2660,3,2.5,3.0,9,1
18341,1440,3,2.25,2.0,7,0
18342,2780,4,2.75,2.0,8,1
18343,1580,4,1.75,2.0,7,0
18344,1250,3,1.5,1.0,7,0
18345,970,3,1.0,1.0,6,0
18346,1100,3,1.0,1.0,7,0
18347,3240,4,2.25,2.0,9,1
18348,1290,2,2.5,3.0,8,0
18349,3810,4,3.5,2.0,9,1
18350,1500,4,1.0,1.5,6,0
18351,2660,3,2.0,1.0,8,1
18352,2400,4,3.0,1.0,7,1
18353,1860,4,1.0,1.0,7,0
18354,1450,2,1.0,1.0,7,1
18355,2260,3,2.75,2.0,8,1
18356,5540,6,4.75,2.5,11,1
18357,1300,2,1.5,1.0,7,1
18358,1610,4,2.0,2.0,7,1
18359,3820,4,3.25,2.0,11,1
18360,1820,4,2.5,1.0,8,0
18361,5820,4,5.0,2.0,11,1
18362,2470,3,2.0,2.0,9,1
18363,3040,3,2.5,2.0,9,0
18364,1120,4,1.75,1.0,7,0
18365,1880,5,1.75,1.0,7,1
18366,1070,3,1.0,1.0,6,0
18367,1560,3,2.0,1.0,8,1
18368,870,2,1.0,1.0,6,0
18369,1000,3,1.0,1.0,7,0
18370,2520,4,2.25,1.5,7,0
18371,1700,2,2.0,1.0,7,0
18372,2150,5,3.0,1.0,7,0
18373,1590,4,2.75,1.5,8,1
18374,4670,4,5.25,2.0,12,1
18375,1800,3,2.0,1.0,7,1
18376,1670,3,1.5,1.0,8,0
18377,1010,3,2.0,1.0,8,0
18378,2550,3,2.5,2.0,8,1
18379,3700,4,3.0,1.0,10,1
18380,1350,3,1.75,1.0,7,0
18381,1660,5,2.5,1.5,8,1
18382,1390,3,1.5,1.0,7,1
18383,1720,3,1.75,1.0,7,0
18384,2980,4,3.5,2.5,10,1
18385,2190,4,2.25,2.0,8,1
18386,1230,2,2.5,2.0,7,0
18387,1000,3,1.0,1.0,7,0
18388,2500,3,2.0,1.0,8,0
18389,2240,5,1.75,1.0,7,1
18390,2820,9,3.0,2.0,7,1
18391,1400,2,1.75,2.0,8,0
18392,1470,3,1.5,1.0,8,0
18393,1820,3,2.0,1.0,8,0
18394,2060,4,2.0,1.0,8,1
18395,1670,3,2.0,1.0,7,0
18396,1540,3,1.0,1.0,7,0
18397,1210,3,1.0,1.0,7,0
18398,3430,4,2.5,2.0,10,1
18399,2550,3,2.5,2.0,7,0
18400,1060,2,1.0,1.0,7,0
18401,3670,4,2.5,2.0,10,1
18402,4420,4,3.25,2.0,11,1
18403,1550,3,1.5,1.0,7,0
18404,1190,3,2.5,3.0,8,1
18405,1300,3,1.0,1.5,7,1
18406,2430,4,2.5,2.0,8,0
18407,4290,7,4.5,1.5,10,1
18408,3500,5,3.5,2.0,10,1
18409,1680,3,2.0,1.5,7,0
18410,1250,3,1.5,1.0,7,1
18411,1020,2,1.0,1.0,6,0
18412,1510,3,1.0,2.0,8,1
18413,910,2,1.0,1.0,6,0
18414,1320,3,1.5,1.0,7,0
18415,900,2,1.0,1.0,5,0
18416,890,2,1.0,1.0,7,0
18417,1240,2,2.5,2.0,7,0
18418,2960,4,2.5,2.0,9,1
18419,1020,3,1.5,1.0,7,0
18420,2590,5,2.25,1.0,8,1
18421,1100,2,1.0,1.0,7,1
18422,1300,3,1.0,1.0,6,1
18423,1200,3,1.0,1.0,6,0
18424,1390,2,2.0,2.0,7,0
18425,1430,3,1.75,2.0,8,1
18426,1250,3,1.5,1.0,7,0
18427,840,2,0.75,1.0,6,0
18428,5020,5,3.75,2.0,12,1
18429,2060,4,2.25,2.0,8,1
18430,2000,4,2.25,1.0,7,0
18431,1530,3,2.0,1.0,7,1
18432,700,1,1.0,1.0,7,0
18433,950,3,1.0,1.0,7,0
18434,1380,3,3.0,3.0,8,1
18435,1830,3,1.0,1.0,8,0
18436,1790,3,1.5,1.5,7,1
18437,1340,3,1.0,1.5,7,1
18438,1520,3,2.25,2.0,8,1
18439,1370,2,1.75,1.0,7,1
18440,1470,3,1.5,1.0,7,1
18441,2500,4,2.25,2.0,9,1
18442,1060,3,1.0,1.0,7,0
18443,1210,3,1.75,1.0,7,0
18444,920,3,1.0,1.0,7,0
18445,1340,3,1.5,1.0,7,1
18446,960,2,1.0,1.5,6,0
18447,1630,3,2.5,2.0,8,1
18448,1840,3,1.75,1.0,8,0
18449,3085,3,2.0,1.0,7,0
18450,920,3,1.0,1.0,6,1
18451,2260,4,1.75,1.0,7,1
18452,1730,3,1.75,1.0,6,0
18453,1610,3,2.0,1.0,7,1
18454,550,2,0.75,1.0,5,0
18455,2400,3,2.25,1.0,8,1
18456,1960,3,2.25,2.0,7,0
18457,3190,4,2.75,1.0,9,1
18458,3160,4,3.5,2.0,8,1
18459,1550,3,1.75,1.5,7,0
18460,1930,4,1.75,1.0,8,0
18461,1170,4,1.0,1.5,7,1
18462,2520,3,1.75,1.0,9,1
18463,1220,3,1.75,1.0,7,1
18464,960,3,1.0,1.0,7,0
18465,4110,3,3.5,1.0,10,1
18466,3310,4,3.5,2.0,9,1
18467,2220,4,2.75,1.0,7,1
18468,2250,4,2.25,2.0,8,0
18469,1510,3,3.25,2.0,8,1
18470,1350,3,1.0,1.0,6,0
18471,2420,4,1.75,1.0,8,1
18472,2950,3,2.5,2.0,8,1
18473,1260,5,1.0,1.5,7,0
18474,1700,4,2.0,1.0,6,0
18475,3320,4,3.0,2.0,9,1
18476,1470,3,2.5,2.0,7,1
18477,2500,4,2.75,1.0,8,0
18478,2641,4,2.5,2.0,7,0
18479,2260,4,2.0,2.0,9,1
18480,1160,2,1.0,1.0,8,1
18481,3680,4,3.5,2.5,9,1
18482,1615,2,2.0,1.5,8,1
18483,1250,3,1.0,1.0,7,0
18484,1230,3,1.0,1.0,7,0
18485,2510,3,2.0,1.0,8,1
18486,1540,2,2.0,2.0,7,1
18487,1860,3,3.25,3.0,8,0
18488,2700,5,2.0,1.0,7,1
18489,3290,3,2.5,2.0,10,1
18490,2700,3,1.75,1.0,7,1
18491,1570,3,2.0,1.0,8,0
18492,1950,3,1.75,1.0,7,0
18493,1380,2,1.0,1.0,8,0
18494,2410,4,2.75,1.5,8,1
18495,1200,4,2.0,1.0,7,0
18496,1770,4,1.75,1.0,7,1
18497,1540,3,2.5,3.0,8,0
18498,2860,5,2.75,2.0,9,1
18499,1740,3,1.5,1.0,7,0
18500,2830,4,3.5,1.5,7,1
18501,4280,5,4.0,2.0,10,1
18502,3890,4,3.25,2.0,10,1
18503,2340,4,2.0,1.0,7,1
18504,1410,3,2.0,1.0,7,0
18505,1350,2,2.0,1.0,8,0
18506,1100,2,2.25,2.0,8,1
18507,2070,3,2.5,2.0,7,0
18508,2360,3,2.5,1.0,8,1
18509,2760,4,2.25,2.0,9,1
18510,1220,4,1.0,1.5,6,0
18511,1220,4,1.0,1.5,6,0
18512,1220,3,1.0,1.0,6,0
18513,3020,3,2.5,2.0,8,1
18514,3470,4,3.5,2.0,8,1
18515,2380,4,2.25,2.0,8,0
18516,2260,3,3.0,2.0,8,1
18517,720,2,1.0,1.0,6,0
18518,1730,3,2.0,1.0,8,0
18519,2660,3,2.5,2.0,9,1
18520,1030,2,1.0,1.0,6,0
18521,2890,4,3.0,1.0,7,1
18522,890,3,1.0,1.0,7,0
18523,1410,3,2.25,1.0,7,0
18524,810,2,1.0,1.0,6,0
18525,1370,3,1.75,2.0,7,0
18526,2260,3,2.5,2.0,8,0
18527,1430,3,1.75,1.0,7,0
18528,2510,5,2.5,1.0,8,0
18529,1760,3,1.5,1.5,8,1
18530,1430,4,1.0,1.0,6,0
18531,1510,3,3.25,3.0,8,1
18532,1320,4,1.75,1.0,7,0
18533,1180,3,1.5,1.0,7,0
18534,1560,3,2.25,1.0,7,1
18535,2470,3,2.5,2.0,9,1
18536,2190,3,2.25,1.0,7,0
18537,1610,4,2.0,1.0,7,1
18538,2700,4,2.75,2.0,7,1
18539,1530,3,1.75,1.0,7,1
18540,920,2,1.0,1.0,6,0
18541,2990,4,2.5,2.0,9,1
18542,720,1,1.0,1.0,6,1
18543,1750,3,2.0,1.5,5,0
18544,2410,2,1.0,2.0,9,1
18545,1240,3,1.75,1.0,6,0
18546,1010,2,1.0,1.0,7,1
18547,2770,5,2.75,1.0,7,0
18548,2800,4,1.75,1.0,9,1
18549,1400,4,2.0,2.0,7,1
18550,1020,2,1.0,1.0,6,0
18551,2860,4,3.0,1.0,8,1
18552,4270,4,3.5,2.0,10,1
18553,2270,3,2.5,2.0,7,1
18554,2560,4,2.5,2.0,7,1
18555,900,2,1.0,1.0,6,0
18556,2010,4,2.5,2.0,8,0
18557,1690,3,2.5,1.0,7,1
18558,2310,5,3.5,2.0,8,1
18559,1520,3,2.25,3.0,8,0
18560,1220,4,1.5,1.5,7,1
18561,2170,4,2.5,2.0,8,0
18562,2790,4,1.75,1.0,7,1
18563,1760,2,1.75,1.0,7,0
18564,2100,4,1.75,1.5,7,1
18565,1430,4,1.0,1.0,6,0
18566,2450,5,3.5,2.0,9,1
18567,1820,4,3.0,1.0,7,1
18568,1850,4,1.75,1.0,7,0
18569,1870,3,1.75,1.0,9,1
18570,2580,4,2.25,2.0,8,1
18571,3680,4,3.25,1.0,10,1
18572,1750,3,1.5,2.0,8,0
18573,3890,4,3.5,2.0,9,1
18574,1000,2,1.0,1.0,6,0
18575,2210,2,2.5,1.0,8,1
18576,2850,4,3.25,2.5,10,1
18577,2460,4,2.75,2.0,8,1
18578,2630,3,2.5,2.0,9,1
18579,1750,3,1.0,2.0,7,1
18580,1100,2,1.0,1.0,7,0
18581,2620,4,2.5,2.0,9,1
18582,1200,3,2.0,1.0,7,0
18583,1920,2,1.5,1.0,7,1
18584,1690,3,2.75,1.0,7,0
18585,1680,3,1.75,1.0,7,1
18586,3440,3,1.75,1.5,8,0
18587,2190,5,1.75,1.0,7,0
18588,3270,4,2.5,2.0,10,1
18589,1280,4,1.5,1.5,7,0
18590,1310,1,1.0,1.5,6,1
18591,1660,3,1.0,1.0,7,0
18592,2700,4,2.75,2.0,9,0
18593,1940,4,1.75,1.0,7,0
18594,1520,3,1.75,1.0,7,1
18595,1620,4,1.0,1.5,7,0
18596,2090,3,2.25,1.0,8,1
18597,1070,2,1.0,1.0,7,1
18598,2000,5,1.75,1.0,7,1
18599,1020,3,2.5,2.0,7,0
18600,2400,3,1.25,3.0,11,1
18601,2480,6,3.0,2.0,8,1
18602,1310,3,1.75,1.0,6,0
18603,2420,4,2.75,1.0,8,0
18604,1890,2,1.0,1.0,7,1
18605,1860,3,2.25,1.5,7,1
18606,2500,3,1.5,1.5,7,1
18607,1970,3,1.0,1.0,7,1
18608,1660,4,1.0,1.5,7,1
18609,1850,3,2.5,1.0,7,0
18610,1970,4,2.75,1.0,8,0
18611,1890,3,2.0,1.0,8,1
18612,1310,3,1.5,1.0,7,1
18613,1870,4,1.5,2.0,7,0
18614,1520,3,3.0,2.0,7,1
18615,3070,5,3.0,2.0,9,1
18616,1400,3,1.5,1.5,7,0
18617,1960,3,1.75,1.0,7,0
18618,2680,3,2.5,1.0,7,1
18619,2030,3,2.5,2.0,7,0
18620,2320,2,2.25,1.5,9,1
18621,1760,3,1.75,1.0,8,1
18622,1870,5,1.0,1.0,7,0
18623,1280,4,1.0,1.0,7,0
18624,1730,3,2.25,1.0,8,0
18625,2060,3,1.75,1.0,9,1
18626,1030,3,1.5,1.0,7,0
18627,1720,3,2.5,1.5,7,1
18628,1210,3,1.75,1.0,7,1
18629,2620,4,2.25,1.0,7,0
18630,1860,3,1.0,1.0,6,1
18631,2510,3,2.5,2.0,9,1
18632,2040,4,2.5,1.5,8,0
18633,2410,4,1.75,1.0,7,1
18634,780,2,1.0,1.0,7,1
18635,2210,5,2.5,1.0,8,1
18636,1590,4,2.0,1.0,7,0
18637,2230,4,1.75,1.0,7,1
18638,1560,3,2.0,1.0,7,0
18639,2950,4,2.5,2.0,10,1
18640,1480,4,1.0,1.5,7,1
18641,2850,4,2.0,1.5,7,1
18642,2390,3,1.75,1.0,7,0
18643,1740,3,1.75,1.0,7,0
18644,2060,5,2.75,1.0,7,0
18645,2680,4,2.5,2.0,8,1
18646,3150,4,2.75,1.5,7,1
18647,2440,4,2.5,2.0,8,0
18648,2230,6,1.75,1.0,7,0
18649,2230,6,1.75,1.0,7,1
18650,1600,4,1.5,1.5,6,0
18651,1600,4,1.5,1.5,6,1
18652,1580,3,1.0,1.5,7,0
18653,2840,4,3.25,1.0,8,1
18654,2550,3,2.75,2.0,8,0
18655,1700,3,2.25,1.0,7,0
18656,1470,3,2.0,1.5,7,0
18657,1680,3,2.5,2.0,8,0
18658,1110,3,1.0,1.0,7,0
18659,2120,5,1.75,1.0,7,1
18660,2380,3,2.75,2.0,9,1
18661,2670,3,2.5,2.0,9,1
18662,890,2,1.0,1.0,6,0
18663,3140,4,3.0,1.0,9,1
18664,1260,4,1.0,1.5,7,0
18665,920,2,1.0,1.0,6,1
18666,2990,5,3.5,2.0,8,1
18667,3120,4,2.5,2.0,9,1
18668,1010,3,1.0,1.0,6,0
18669,1010,2,1.0,1.0,6,0
18670,1020,3,1.0,1.5,7,0
18671,3540,5,4.5,2.0,8,1
18672,900,2,0.75,1.0,6,0
18673,1100,3,1.0,1.0,7,0
18674,1990,3,2.5,2.0,7,0
18675,1980,3,1.5,1.0,8,1
18676,4040,4,3.75,2.0,11,1
18677,1250,5,1.75,1.0,7,1
18678,1820,4,1.5,1.5,7,0
18679,1140,2,2.25,2.0,8,0
18680,1730,5,2.0,1.0,5,0
18681,1170,2,2.25,3.0,8,1
18682,2910,5,2.75,2.0,7,0
18683,970,2,1.0,1.0,7,0
18684,2130,4,2.25,1.0,7,0
18685,2520,3,2.5,1.0,8,1
18686,1360,2,2.0,1.0,7,1
18687,1620,3,2.25,1.0,7,0
18688,2120,4,2.0,1.0,7,1
18689,2700,4,1.75,1.0,8,1
18690,1370,3,1.5,1.5,6,0
18691,2520,5,3.0,2.0,8,1
18692,1540,3,2.0,1.0,7,0
18693,2610,3,1.75,2.0,8,1
18694,1490,3,2.0,1.5,7,0
18695,2760,3,1.75,1.0,7,1
18696,1260,3,1.75,1.0,7,0
18697,2630,3,3.5,2.0,9,1
18698,1800,3,1.75,1.0,7,1
18699,1130,2,1.0,1.0,8,1
18700,1180,3,1.0,1.5,7,1
18701,2800,4,2.75,2.0,10,1
18702,1830,3,1.5,1.0,7,1
18703,2220,3,2.5,1.5,8,1
18704,1870,2,2.0,1.0,8,1
18705,2580,3,2.5,1.5,8,0
18706,1660,3,2.0,1.0,7,1
18707,1330,3,1.0,1.5,6,0
18708,1330,3,1.0,1.5,6,0
18709,2630,3,3.0,2.0,9,1
18710,1100,2,1.0,1.0,7,1
18711,1810,3,1.75,1.0,7,0
18712,2060,3,2.0,1.0,7,1
18713,4660,3,3.5,2.0,10,1
18714,2370,4,2.5,1.0,8,1
18715,2430,3,2.5,2.0,9,1
18716,1880,3,2.5,2.0,8,0
18717,1150,2,1.0,1.0,6,0
18718,1350,3,2.0,1.0,7,0
18719,2180,3,2.75,1.0,7,1
18720,3370,4,2.75,1.0,8,1
18721,3650,5,2.25,1.0,10,1
18722,2100,4,2.0,2.0,8,0
18723,670,2,1.0,1.0,6,0
18724,2420,3,3.5,2.0,9,1
18725,760,1,1.0,1.0,7,0
18726,2200,3,2.75,1.0,6,0
18727,4410,5,3.25,2.0,12,1
18728,1300,3,1.75,1.0,8,1
18729,720,2,1.0,1.0,6,0
18730,2180,3,2.5,2.0,9,1
18731,1130,2,1.0,1.0,7,0
18732,2230,4,2.5,2.0,8,1
18733,2100,5,1.75,1.0,7,0
18734,2060,3,1.75,1.0,8,1
18735,3060,4,2.5,2.0,9,1
18736,2810,3,2.75,2.0,10,1
18737,2550,3,2.25,1.0,9,1
18738,4290,5,3.0,2.0,11,1
18739,3040,3,2.25,1.0,9,1
18740,2530,4,2.75,2.0,8,1
18741,1300,3,1.75,1.5,7,1
18742,1790,4,2.5,1.0,7,0
18743,1530,3,1.0,1.0,7,1
18744,2380,5,2.75,1.0,7,0
18745,2400,5,2.25,1.0,7,1
18746,1030,2,1.0,1.0,7,0
18747,3250,4,2.5,1.0,9,0
18748,1970,3,3.0,1.0,8,0
18749,1940,4,1.5,1.0,7,0
18750,1850,3,2.25,1.0,8,1
18751,3900,4,3.25,2.0,10,1
18752,3160,3,1.75,1.0,8,1
18753,1440,3,1.75,1.0,7,0
18754,2040,3,1.5,1.0,7,0
18755,2120,3,2.5,2.0,8,1
18756,830,2,1.0,1.0,6,0
18757,3140,3,1.75,1.0,8,0
18758,2410,4,2.5,1.0,8,1
18759,2190,4,2.25,2.0,8,1
18760,2190,4,1.75,1.0,7,1
18761,1210,3,1.5,1.0,7,0
18762,1880,3,1.75,1.0,7,1
18763,2410,3,3.0,2.0,9,1
18764,2620,5,2.75,1.0,8,1
18765,1850,3,2.25,2.0,9,1
18766,1760,3,2.25,1.0,7,0
18767,860,2,1.0,1.0,7,0
18768,2620,7,2.25,2.0,7,1
18769,2400,4,1.75,1.0,8,1
18770,1850,3,1.0,1.5,7,1
18771,4040,3,2.5,2.0,9,1
18772,1940,3,2.0,1.0,9,1
18773,3490,3,2.5,2.0,9,1
18774,3170,5,2.75,2.0,9,1
18775,2530,4,2.5,1.0,7,0
18776,3230,4,2.5,2.0,9,1
18777,2120,3,2.25,2.0,9,1
18778,1640,2,1.75,1.0,8,1
18779,2130,4,2.5,2.0,8,0
18780,1440,4,1.0,1.5,7,0
18781,1940,3,1.75,1.0,8,1
18782,1120,3,1.0,1.0,6,0
18783,2400,3,2.5,2.0,8,1
18784,1810,4,2.5,2.0,8,0
18785,1270,3,1.0,1.5,7,1
18786,1350,2,1.75,1.0,7,0
18787,1550,2,2.0,1.5,7,0
18788,1620,2,1.0,1.0,7,1
18789,2650,3,2.25,1.0,9,1
18790,2510,5,1.75,1.5,8,1
18791,2040,4,2.5,2.0,8,1
18792,1660,3,2.5,2.0,8,0
18793,1980,3,2.5,2.0,10,0
18794,2690,4,2.5,2.0,9,1
18795,2910,2,2.25,2.0,9,1
18796,2720,4,3.5,2.0,8,1
18797,1280,3,1.0,1.0,7,0
18798,2160,3,2.5,2.0,8,1
18799,1760,3,2.25,1.0,8,0
18800,800,2,1.0,1.0,6,0
18801,930,2,1.0,1.0,6,0
18802,2040,5,1.75,1.0,7,1
18803,1180,1,1.0,1.0,6,0
18804,2000,4,1.75,1.0,7,0
18805,3310,4,2.75,2.0,9,1
18806,3130,4,3.5,2.0,9,1
18807,2300,4,2.5,1.0,8,1
18808,2140,3,2.25,1.0,8,0
18809,2210,4,2.0,1.5,7,1
18810,970,2,1.0,1.0,6,0
18811,2690,5,2.25,1.0,8,1
18812,1890,4,2.0,1.5,7,1
18813,3140,6,3.25,2.0,10,1
18814,1440,2,1.0,1.0,7,0
18815,2910,3,2.5,2.0,10,0
18816,1310,3,1.0,1.0,7,0
18817,2140,4,2.25,2.0,7,0
18818,1090,3,1.0,1.0,7,0
18819,1330,3,1.75,1.0,7,0
18820,4690,4,4.0,2.0,11,1
18821,1910,3,1.5,1.0,8,1
18822,1750,3,1.75,2.0,7,0
18823,1760,5,2.5,1.5,6,0
18824,1810,4,1.75,1.0,8,1
18825,1360,3,2.5,2.0,7,0
18826,1730,3,1.75,1.0,8,0
18827,4710,6,2.75,2.0,10,1
18828,1010,3,1.0,1.0,7,0
18829,2400,3,2.5,2.0,8,1
18830,1540,3,1.5,1.0,7,0
18831,1480,4,1.75,1.0,7,1
18832,2520,4,2.5,2.0,9,1
18833,1210,3,3.25,2.0,8,0
18834,2670,5,2.5,1.0,8,0
18835,3030,4,2.5,1.5,10,1
18836,1440,3,2.0,1.0,8,0
18837,3250,4,2.25,2.0,9,1
18838,1750,3,2.0,1.0,7,1
18839,2120,4,1.5,2.0,7,0
18840,1050,3,1.0,1.5,7,0
18841,1950,3,2.25,1.5,8,1
18842,1020,3,1.0,1.0,5,0
18843,1820,4,2.5,1.0,7,0
18844,2390,4,2.5,2.0,8,1
18845,1400,3,2.5,2.0,7,0
18846,1540,3,1.5,1.0,7,0
18847,2370,3,1.75,1.0,7,0
18848,670,1,1.0,1.0,6,0
18849,2420,4,1.0,2.0,7,1
18850,1000,3,1.0,1.0,6,0
18851,2100,4,2.75,1.0,7,1
18852,2800,4,2.5,2.0,8,1
18853,940,3,1.0,1.5,7,0
18854,1640,3,2.0,1.5,6,0
18855,2760,4,2.5,1.5,7,1
18856,3660,3,3.25,2.0,10,1
18857,3070,4,2.5,1.0,9,1
18858,1100,3,1.75,1.0,7,0
18859,3130,3,2.75,1.0,8,1
18860,1320,3,1.0,1.0,6,0
18861,1470,3,1.75,1.5,7,1
18862,1480,3,1.75,1.0,7,0
18863,2260,4,2.25,1.0,8,1
18864,2210,4,2.25,1.0,8,1
18865,1540,3,1.75,1.0,8,0
18866,1910,5,1.75,1.0,7,1
18867,1760,3,1.75,1.0,7,0
18868,2240,4,3.0,1.5,8,1
18869,2110,3,2.25,1.0,9,1
18870,1396,2,1.0,1.0,7,0
18871,3040,4,2.75,2.0,9,1
18872,1140,2,1.0,1.0,6,0
18873,1780,4,2.0,1.0,7,0
18874,3370,4,2.5,1.0,8,1
18875,1484,3,2.5,3.0,7,0
18876,2230,4,2.5,1.0,7,1
18877,2820,4,2.5,2.0,9,1
18878,1580,3,1.0,1.0,7,0
18879,2040,4,2.5,2.0,7,0
18880,2720,3,2.5,2.0,8,1
18881,1490,4,2.25,2.0,7,1
18882,1560,3,1.75,1.0,7,0
18883,830,2,1.5,2.0,7,0
18884,980,3,1.0,2.0,6,0
18885,1980,3,1.75,1.0,8,0
18886,3680,4,2.5,2.0,10,1
18887,860,2,1.0,1.0,5,0
18888,1850,3,1.75,1.0,7,1
18889,1620,3,2.5,2.0,7,0
18890,2240,4,2.5,2.0,8,1
18891,1010,3,1.0,1.5,6,0
18892,1610,3,1.75,1.0,8,0
18893,2720,3,2.5,2.0,9,1
18894,2080,3,1.5,1.0,7,0
18895,1930,4,2.0,1.0,7,0
18896,2250,4,1.75,1.0,8,1
18897,1980,3,2.25,1.0,7,0
18898,1960,3,2.5,2.0,7,0
18899,1320,3,1.0,1.0,7,0
18900,2940,5,2.0,2.0,9,1
18901,1460,4,1.0,1.5,7,0
18902,2330,4,2.5,1.0,8,1
18903,2620,3,2.0,1.0,7,0
18904,700,1,1.0,1.0,6,0
18905,1140,2,2.0,1.0,6,1
18906,2750,3,2.5,2.0,9,1
18907,2480,3,2.5,2.0,7,0
18908,1130,3,1.5,1.0,7,0
18909,2770,6,3.75,1.0,8,1
18910,1710,4,2.0,1.0,7,0
18911,2150,4,2.25,2.0,8,0
18912,2250,3,2.5,2.0,8,0
18913,2960,4,2.5,1.0,8,1
18914,2300,2,2.5,1.0,8,1
18915,1740,3,1.75,1.0,7,1
18916,2830,3,2.5,3.0,10,1
18917,1240,2,1.75,1.0,7,1
18918,2180,3,2.5,2.0,8,1
18919,2510,5,2.25,2.0,8,1
18920,6630,7,5.5,2.0,10,1
18921,2300,3,2.5,1.0,8,1
18922,3220,4,2.25,2.0,8,0
18923,2270,3,2.5,2.0,8,1
18924,1840,3,2.5,1.0,9,1
18925,3820,4,3.25,2.0,10,1
18926,1660,3,2.0,1.0,7,0
18927,3360,4,3.5,2.0,9,0
18928,1350,3,2.0,1.0,7,0
18929,2970,4,3.5,2.0,9,1
18930,1000,3,1.0,1.0,7,0
18931,1190,3,2.0,1.0,7,0
18932,1670,3,1.75,1.0,7,0
18933,1200,3,1.5,2.0,8,0
18934,2250,5,2.5,1.0,8,0
18935,1040,2,0.75,1.0,7,1
18936,3180,2,2.5,2.0,10,1
18937,3180,2,2.5,2.0,10,1
18938,2040,4,1.5,1.0,7,1
18939,1160,3,1.0,1.0,7,0
18940,880,3,1.0,1.0,6,0
18941,2290,4,1.75,1.5,7,0
18942,950,3,1.0,1.0,6,0
18943,1010,3,1.0,1.0,7,0
18944,3100,3,2.5,1.0,7,1
18945,2560,5,3.0,1.0,8,1
18946,2430,4,1.5,2.5,8,1
18947,830,2,1.0,1.0,6,0
18948,2090,3,3.0,1.0,8,0
18949,2030,3,2.0,1.0,7,0
18950,1060,2,1.0,2.0,7,0
18951,1090,2,1.5,1.0,7,1
18952,3400,4,3.5,2.0,8,1
18953,1920,4,1.75,1.0,7,1
18954,1150,2,1.0,1.0,6,0
18955,3970,6,2.75,1.0,10,1
18956,1880,3,2.25,2.0,8,1
18957,1500,2,1.0,1.0,8,1
18958,2190,3,1.75,1.0,7,0
18959,2530,3,2.5,2.0,8,1
18960,1930,2,1.75,1.0,8,1
18961,1510,3,2.0,2.0,7,1
18962,5510,3,4.25,2.0,13,1
18963,1100,3,2.0,1.0,6,0
18964,1730,3,2.5,2.0,7,0
18965,1480,3,2.5,3.0,8,0
18966,1150,3,1.0,1.0,7,0
18967,1950,3,2.25,1.0,8,1
18968,2380,3,1.75,1.0,8,1
18969,3100,4,2.0,1.5,7,1
18970,2010,2,2.0,1.5,7,0
18971,2270,4,2.0,2.0,8,1
18972,2050,3,1.75,1.0,8,1
18973,650,2,1.0,1.0,6,0
18974,2780,4,3.25,2.0,9,1
18975,1300,2,1.5,2.0,8,1
18976,2730,3,2.5,2.0,10,1
18977,3140,4,2.5,1.0,8,0
18978,2410,4,2.25,2.0,8,1
18979,1180,3,1.0,1.5,6,0
18980,2600,4,2.5,2.0,9,1
18981,1400,2,1.5,3.0,7,0
18982,2220,5,2.5,1.0,7,0
18983,1660,3,2.5,2.0,8,0
18984,2330,3,1.75,1.0,8,1
18985,1440,4,1.75,1.0,6,0
18986,2920,4,2.25,1.0,9,1
18987,1760,3,2.0,1.0,7,1
18988,2860,4,2.25,2.0,10,1
18989,2090,4,1.75,1.0,8,0
18990,1910,4,1.75,1.0,7,0
18991,3280,3,2.75,1.0,9,1
18992,1770,3,1.0,1.0,7,0
18993,920,2,1.0,1.0,6,0
18994,1690,3,1.75,1.0,7,1
18995,2470,3,3.0,2.0,8,1
18996,1040,3,1.0,1.0,7,0
18997,1220,4,2.0,1.0,7,0
18998,3500,4,2.25,1.0,9,1
18999,760,2,1.0,1.0,6,0
19000,3070,4,2.25,1.0,9,1
19001,2100,4,1.75,1.0,7,1
19002,1660,4,1.5,1.0,7,0
19003,1430,3,1.0,1.5,7,0
19004,1620,4,1.0,1.0,7,0
19005,1490,3,2.0,1.0,8,0
19006,1170,2,1.0,1.0,6,1
19007,1240,3,1.0,1.0,7,0
19008,2910,3,2.0,2.0,7,1
19009,2660,3,2.0,1.0,9,1
19010,2220,6,2.0,1.0,7,0
19011,1920,4,1.5,1.0,7,0
19012,2780,3,3.25,2.0,8,0
19013,3110,4,3.0,2.5,10,1
19014,1820,3,2.25,1.0,7,0
19015,1765,3,2.25,2.0,7,0
19016,1800,3,2.75,1.0,7,1
19017,2650,3,2.5,1.0,8,0
19018,1410,2,1.0,1.5,7,1
19019,1650,3,2.5,2.0,7,0
19020,1180,3,1.0,1.0,7,0
19021,800,3,1.5,1.0,6,0
19022,1430,2,1.75,1.0,7,0
19023,3300,5,3.5,2.0,9,1
19024,1220,2,1.0,1.0,7,0
19025,3530,4,3.5,2.0,9,1
19026,1380,4,2.0,1.5,7,1
19027,1410,3,1.75,1.0,7,1
19028,3360,2,2.5,2.0,9,1
19029,2270,4,2.75,1.0,7,0
19030,2890,4,2.5,2.0,8,1
19031,1750,5,1.0,1.5,7,1
19032,1010,3,1.0,1.0,6,0
19033,3780,4,2.5,2.0,9,1
19034,1880,3,1.75,1.0,7,0
19035,800,2,1.0,1.0,6,0
19036,4720,5,4.0,2.0,9,1
19037,1060,2,1.0,1.5,6,0
19038,2530,3,2.25,2.0,8,0
19039,1980,5,2.25,1.0,7,0
19040,1650,3,1.0,1.0,8,1
19041,1890,3,2.75,2.0,8,0
19042,3360,4,2.5,2.0,11,0
19043,630,2,1.0,1.0,6,0
19044,1980,3,1.5,2.0,8,1
19045,990,3,1.0,1.0,7,0
19046,3420,4,2.5,2.0,9,1
19047,3440,4,2.25,2.0,10,1
19048,1300,3,1.0,1.0,7,0
19049,2040,2,1.75,1.5,7,1
19050,1250,3,1.0,1.0,7,1
19051,1960,4,2.5,1.0,8,1
19052,2720,5,2.5,1.0,7,0
19053,3250,4,4.25,2.0,8,1
19054,3190,6,3.75,2.0,8,0
19055,2570,4,2.5,2.0,9,1
19056,1420,3,1.75,1.0,7,0
19057,2120,4,2.0,1.0,7,1
19058,2080,3,2.5,1.0,7,1
19059,2740,3,2.75,2.0,9,1
19060,1250,3,1.75,1.0,7,0
19061,2150,2,1.0,1.5,7,0
19062,3230,4,2.5,1.0,9,1
19063,860,2,1.0,1.0,7,0
19064,2810,4,2.5,2.0,9,1
19065,1040,2,1.0,1.0,6,0
19066,1160,3,1.0,1.0,5,0
19067,1470,3,2.0,2.0,6,0
19068,2350,4,3.5,2.0,8,1
19069,1660,3,2.25,1.0,8,0
19070,2020,4,1.75,1.0,7,0
19071,890,2,1.0,1.0,7,0
19072,2430,3,2.25,2.0,8,1
19073,1460,3,1.75,1.0,7,0
19074,980,3,1.0,1.0,7,0
19075,2580,4,2.5,2.0,9,1
19076,1250,2,2.0,1.0,7,0
19077,3140,4,2.75,1.0,8,1
19078,2680,5,3.25,2.0,9,1
19079,1810,3,1.75,1.0,7,0
19080,2090,5,2.5,2.0,7,0
19081,1120,4,1.0,1.0,6,0
19082,1790,4,1.75,1.5,6,0
19083,870,2,1.0,1.0,7,0
19084,3160,4,1.5,1.5,6,0
19085,2350,3,2.0,1.0,7,0
19086,1810,3,2.5,2.0,7,0
19087,3160,4,2.75,1.0,8,1
19088,1660,3,2.0,1.0,7,1
19089,2500,5,2.5,1.0,7,0
19090,2880,3,2.5,2.0,9,1
19091,1470,3,1.0,1.0,7,0
19092,1460,3,2.5,2.0,8,0
19093,5490,5,6.0,2.0,12,1
19094,2480,3,2.25,1.0,9,1
19095,1140,2,2.25,3.0,8,1
19096,1830,3,2.5,2.0,8,0
19097,3110,4,3.5,2.0,8,1
19098,2630,4,1.75,1.0,8,1
19099,2390,4,1.75,1.0,8,1
19100,1750,5,2.0,1.0,5,0
19101,4370,4,3.5,1.0,10,1
19102,1020,1,1.75,1.0,7,0
19103,2500,3,2.0,1.0,8,1
19104,1540,3,2.0,2.0,7,0
19105,2200,4,2.25,2.0,8,1
19106,1940,3,2.5,2.0,8,0
19107,1453,3,2.25,2.0,8,1
19108,1830,3,2.75,2.0,8,0
19109,2000,3,1.0,1.0,6,0
19110,1400,3,1.0,1.5,7,0
19111,2400,4,3.25,2.0,8,1
19112,1390,3,1.0,1.0,6,0
19113,1680,3,2.0,1.0,8,0
19114,1820,5,2.0,1.0,7,0
19115,1140,2,1.0,1.0,7,1
19116,1060,3,1.0,1.0,7,0
19117,3050,2,1.75,2.0,10,1
19118,970,3,1.0,1.0,6,0
19119,1320,3,1.0,1.5,6,0
19120,1890,4,1.75,1.0,6,0
19121,2040,4,1.75,1.5,6,1
19122,2370,4,3.0,1.5,7,1
19123,2720,3,2.25,2.0,11,1
19124,1970,4,2.25,1.0,8,1
19125,2180,3,1.75,1.0,7,0
19126,2990,3,2.25,2.0,9,1
19127,2180,4,2.75,1.0,7,0
19128,1440,3,2.0,1.0,8,0
19129,3180,4,2.25,2.0,9,1
19130,1643,2,1.5,1.0,7,0
19131,1530,4,2.0,1.0,7,1
19132,1310,2,1.0,1.0,6,0
19133,2800,5,3.5,2.5,9,0
19134,1510,3,1.5,1.0,7,0
19135,2700,5,3.0,2.0,10,1
19136,2220,4,1.75,1.0,7,0
19137,1440,3,1.75,2.0,7,0
19138,1300,3,2.0,1.0,7,0
19139,2230,4,2.5,2.0,8,1
19140,1390,2,1.75,1.0,8,0
19141,2760,3,2.25,2.0,10,1
19142,3200,4,2.5,2.0,9,0
19143,1240,3,0.75,1.0,7,1
19144,1960,3,2.5,2.0,8,1
19145,2190,3,2.0,1.0,7,1
19146,3540,4,2.5,2.0,10,1
19147,2640,3,3.25,2.0,9,1
19148,2660,3,2.0,1.5,8,1
19149,1670,4,1.75,1.0,7,0
19150,3080,3,3.25,2.0,8,1
19151,2890,4,2.75,1.0,8,1
19152,1800,3,2.25,1.0,7,0
19153,2000,6,2.5,1.5,7,0
19154,1940,5,1.75,1.5,7,0
19155,1940,5,1.75,1.5,7,0
19156,960,3,1.0,1.0,7,0
19157,1750,2,1.5,2.0,8,1
19158,2320,3,2.5,2.0,8,1
19159,2380,5,2.5,1.0,8,1
19160,6490,5,4.25,2.0,11,1
19161,1620,4,1.75,1.5,7,1
19162,1770,3,1.75,1.0,8,0
19163,2320,3,2.5,2.0,8,1
19164,1330,3,2.5,3.0,8,1
19165,3420,4,2.5,2.0,9,1
19166,1270,3,1.0,1.0,7,0
19167,2550,4,3.5,2.0,8,1
19168,1860,5,2.0,2.0,7,0
19169,1020,3,1.0,1.0,7,0
19170,720,1,1.0,1.0,6,0
19171,4460,4,3.5,2.0,11,1
19172,1830,4,2.75,1.0,7,0
19173,1520,3,1.5,1.0,7,0
19174,1080,3,1.5,1.5,7,0
19175,1900,3,2.0,1.0,7,0
19176,5300,4,3.75,2.0,11,1
19177,1370,3,1.0,1.0,7,0
19178,2960,5,2.5,1.0,8,1
19179,960,3,1.0,1.0,6,0
19180,2190,3,2.5,2.0,8,1
19181,3990,4,3.25,2.0,11,1
19182,1200,2,1.75,1.0,7,0
19183,1780,3,2.5,2.0,7,0
19184,2630,3,2.25,2.0,9,0
19185,2300,4,2.5,1.0,7,0
19186,3210,4,2.75,1.0,7,1
19187,2290,4,1.75,1.0,7,0
19188,2780,4,2.5,2.0,9,1
19189,2650,4,2.5,2.0,8,1
19190,1840,3,2.25,1.0,8,0
19191,1560,3,2.75,1.0,7,0
19192,1200,3,1.0,1.0,7,0
19193,1900,4,2.5,1.0,7,0
19194,710,2,1.0,1.0,6,0
19195,1360,3,1.75,1.0,7,0
19196,2990,5,2.5,2.0,8,0
19197,1640,3,1.0,2.0,6,0
19198,3650,3,3.5,1.0,10,1
19199,2920,10,3.0,2.0,7,1
19200,3680,3,3.5,2.0,11,1
19201,1830,3,2.0,1.0,8,1
19202,2570,5,2.75,2.0,8,1
19203,2730,3,3.25,2.0,10,1
19204,1150,3,1.0,1.5,6,0
19205,4260,4,3.0,2.0,11,1
19206,1260,3,1.0,1.0,7,0
19207,4440,6,3.25,1.0,9,1
19208,2300,4,1.0,1.0,7,0
19209,1920,3,2.5,2.0,8,0
19210,1080,2,1.0,1.5,7,0
19211,890,2,1.0,1.0,6,0
19212,1650,3,3.5,2.0,7,1
19213,1820,3,2.5,3.0,8,1
19214,2320,4,1.75,1.5,7,1
19215,3260,4,3.5,2.0,9,1
19216,1730,3,1.5,1.0,7,1
19217,3320,4,2.5,2.5,10,1
19218,1660,1,1.0,1.0,7,1
19219,3290,3,2.5,2.0,10,1
19220,2280,4,2.0,1.0,7,1
19221,3650,4,4.25,1.5,9,1
19222,1620,4,2.5,2.0,7,0
19223,2020,3,2.0,1.0,7,1
19224,1150,2,1.0,1.0,6,0
19225,1940,4,1.75,1.0,7,1
19226,3440,4,2.5,2.0,10,1
19227,2000,3,1.75,1.0,7,0
19228,750,2,1.0,1.0,7,0
19229,1420,3,1.75,1.0,7,0
19230,880,2,1.0,1.0,5,0
19231,2680,2,2.5,1.0,9,1
19232,860,2,2.0,1.0,6,0
19233,1310,3,2.0,1.0,7,0
19234,1780,3,2.25,2.0,8,1
19235,1440,3,2.25,2.0,7,0
19236,1510,3,2.0,1.5,8,1
19237,2100,4,2.5,3.0,8,1
19238,1310,3,2.0,3.0,7,0
19239,1280,3,1.0,1.0,7,0
19240,1320,3,1.5,1.0,8,1
19241,1740,3,2.5,2.0,8,1
19242,2910,4,2.5,2.0,10,1
19243,2500,4,2.5,1.0,9,1
19244,1100,3,1.0,1.5,6,0
19245,1381,3,2.25,3.0,8,0
19246,960,3,1.0,1.0,7,0
19247,3840,8,3.0,1.0,7,1
19248,2200,3,2.5,2.0,7,0
19249,1250,3,1.0,1.0,7,0
19250,2380,3,1.5,1.0,7,0
19251,1500,3,1.0,1.0,7,1
19252,1410,3,2.0,1.0,7,0
19253,1680,3,1.75,1.0,7,1
19254,1500,3,1.0,1.0,7,0
19255,2710,4,1.75,1.0,8,1
19256,1730,3,1.75,1.5,7,0
19257,960,3,1.0,1.0,7,0
19258,2380,4,2.5,2.0,8,0
19259,1120,3,1.75,1.5,7,0
19260,2960,4,2.5,2.0,9,1
19261,1580,3,2.0,1.0,6,0
19262,1870,3,2.5,2.0,8,0
19263,1810,4,2.5,1.0,8,0
19264,2550,4,3.0,1.5,8,1
19265,1910,3,1.75,1.0,7,1
19266,1200,2,2.0,1.0,7,1
19267,2420,4,2.75,1.5,7,1
19268,3080,3,3.5,2.0,11,1
19269,3850,3,3.0,2.0,10,1
19270,3000,3,2.0,2.0,8,1
19271,1360,3,1.0,1.0,7,0
19272,3670,7,4.25,2.0,8,1
19273,2270,4,2.5,2.0,9,1
19274,1750,4,2.5,2.0,7,0
19275,3550,4,2.5,2.0,9,1
19276,2370,4,1.0,1.5,7,0
19277,1670,3,2.25,2.0,7,0
19278,1860,3,2.0,1.0,9,0
19279,4460,3,2.5,2.0,12,1
19280,1080,2,1.0,1.0,7,0
19281,1080,2,1.0,1.0,7,1
19282,2280,3,2.75,1.0,7,1
19283,2540,4,2.5,2.0,9,1
19284,2560,2,3.5,1.0,6,1
19285,2390,4,2.75,1.0,8,1
19286,2870,4,2.5,1.0,8,1
19287,1510,3,1.75,1.0,7,1
19288,2200,3,1.75,1.0,7,0
19289,720,2,0.75,1.0,4,0
19290,2970,3,2.5,2.0,9,1
19291,960,3,1.5,1.0,7,0
19292,1420,4,1.75,1.5,7,1
19293,1800,3,2.25,1.0,7,0
19294,3090,4,2.5,2.0,9,1
19295,1200,3,1.0,1.0,7,0
19296,4065,4,3.5,2.0,10,1
19297,2570,4,2.5,2.0,7,0
19298,1530,3,2.0,1.0,7,1
19299,1500,3,1.75,1.0,7,0
19300,2490,4,3.0,2.0,9,0
19301,3040,4,2.5,2.0,7,1
19302,4140,5,3.25,1.0,10,1
19303,1690,4,1.75,1.0,7,0
19304,1430,3,1.75,1.0,7,1
19305,2490,4,2.75,1.0,8,1
19306,1350,3,1.75,1.0,7,0
19307,3140,4,2.5,2.0,10,1
19308,2340,4,2.5,2.0,8,0
19309,1610,3,1.75,1.0,7,0
19310,3320,4,2.5,2.0,10,1
19311,2390,3,2.5,2.0,9,1
19312,1180,3,1.75,1.0,7,0
19313,1260,2,2.25,3.0,8,1
19314,1800,3,2.5,1.0,7,1
19315,1790,4,1.75,1.0,6,0
19316,1760,3,1.75,1.0,7,0
19317,1540,3,1.75,1.0,7,0
19318,1260,4,1.75,1.0,7,1
19319,2240,4,2.5,2.0,8,0
19320,1630,4,2.0,1.5,6,1
19321,2350,4,2.5,2.0,8,0
19322,1350,3,2.0,1.0,7,0
19323,1320,4,1.75,1.0,7,0
19324,1950,4,2.5,1.5,7,1
19325,2100,4,1.0,1.0,7,0
19326,3480,3,2.5,1.0,7,1
19327,1830,3,2.5,2.0,8,0
19328,2640,4,2.0,2.0,7,1
19329,900,3,1.0,1.0,6,0
19330,1553,3,2.0,1.0,7,0
19331,1710,3,2.5,2.0,8,1
19332,3400,4,3.0,2.0,10,1
19333,1270,3,1.5,1.0,7,1
19334,2960,3,1.75,1.0,8,1
19335,3040,4,2.5,2.0,7,1
19336,1430,3,1.75,1.0,7,0
19337,1520,3,2.5,2.0,7,0
19338,1820,4,2.0,1.0,7,0
19339,1800,3,2.25,1.0,8,0
19340,2720,4,3.25,2.0,10,1
19341,1980,4,1.75,1.0,8,1
19342,2550,4,2.5,2.0,9,0
19343,2210,3,1.75,1.0,8,1
19344,2120,3,2.0,2.0,7,1
19345,1570,4,1.5,1.0,6,0
19346,1310,3,1.75,1.0,7,0
19347,3150,5,3.5,2.0,8,1
19348,3870,4,4.5,2.0,10,1
19349,1840,2,1.0,1.0,7,1
19350,1120,3,1.0,1.0,6,0
19351,1440,3,2.5,2.0,7,0
19352,2300,4,2.75,1.0,8,1
19353,2070,3,3.5,1.0,8,1
19354,1420,4,1.5,1.0,7,0
19355,2010,3,2.25,1.0,8,1
19356,1200,3,1.5,1.0,6,0
19357,1150,2,2.0,1.0,7,0
19358,1240,2,1.0,1.0,7,0
19359,1900,2,2.5,2.0,8,1
19360,2350,4,2.25,2.0,8,1
19361,1120,3,1.0,1.0,7,0
19362,1020,1,1.0,1.0,6,0
19363,1930,4,2.25,1.0,8,1
19364,2680,2,2.5,1.0,9,1
19365,2660,4,1.75,2.0,8,1
19366,2200,4,2.25,1.0,8,1
19367,1010,3,1.5,1.5,7,0
19368,2310,4,2.25,2.0,8,0
19369,920,3,1.0,1.0,6,0
19370,3030,5,3.0,1.5,7,1
19371,1590,3,1.75,1.0,7,0
19372,2740,4,2.25,2.0,7,1
19373,960,3,1.0,1.0,6,0
19374,2240,3,1.5,2.0,9,1
19375,2400,3,2.5,2.0,8,1
19376,2860,5,3.25,1.0,7,1
19377,2960,4,2.5,2.0,7,1
19378,3770,4,3.25,2.0,9,1
19379,3830,6,3.5,2.0,9,1
19380,2750,4,2.0,1.0,8,0
19381,2100,3,1.75,1.0,7,1
19382,1500,4,1.75,1.0,7,0
19383,710,2,1.0,1.0,5,0
19384,2770,2,3.0,1.5,8,1
19385,2050,3,1.75,1.0,7,0
19386,1960,4,2.25,2.0,7,1
19387,1770,4,2.0,2.0,7,1
19388,3290,3,2.75,2.0,8,1
19389,1990,4,2.0,1.0,9,1
19390,1760,2,1.0,1.0,7,1
19391,5080,4,3.25,2.0,11,1
19392,1020,2,1.0,1.0,7,0
19393,1350,3,1.0,1.0,6,0
19394,1740,3,1.5,2.0,9,1
19395,3540,3,2.5,2.0,10,1
19396,1520,3,2.5,1.0,7,0
19397,1310,3,1.75,1.0,7,0
19398,3000,2,3.25,1.0,10,1
19399,2660,3,2.5,2.0,8,1
19400,2120,3,2.25,2.0,7,0
19401,1200,3,2.25,2.0,7,0
19402,1900,4,1.75,1.0,7,0
19403,1010,2,1.5,3.0,8,0
19404,1850,3,2.25,2.0,7,0
19405,4520,6,4.5,2.0,9,1
19406,2010,3,2.0,2.0,8,0
19407,2420,3,2.25,1.0,8,1
19408,2732,5,2.5,1.0,8,1
19409,1910,4,2.0,1.5,8,1
19410,3520,5,3.5,2.0,9,1
19411,2220,4,2.0,1.5,7,1
19412,2020,4,2.25,1.0,9,1
19413,2090,4,2.5,1.0,8,1
19414,1580,3,1.0,1.0,7,0
19415,2650,5,1.75,1.0,8,1
19416,1020,3,1.0,1.0,6,0
19417,1070,3,2.5,2.0,7,0
19418,2120,4,1.75,1.0,8,1
19419,1360,5,1.75,1.0,7,0
19420,1700,4,2.0,2.0,7,0
19421,1820,5,1.5,1.0,7,0
19422,1430,4,1.0,1.0,6,0
19423,4140,4,3.5,2.0,10,1
19424,1313,2,2.0,1.0,8,1
19425,1590,3,2.0,1.0,8,0
19426,1080,3,1.75,1.0,7,0
19427,2730,5,3.0,1.0,8,0
19428,3800,4,3.25,2.0,10,1
19429,2540,3,2.25,1.0,8,0
19430,1810,3,1.75,1.0,8,0
19431,1540,3,1.5,1.0,7,0
19432,1390,4,1.0,1.0,7,0
19433,1460,2,1.75,1.0,7,1
19434,2350,4,2.5,2.0,8,1
19435,1160,3,1.0,1.0,7,0
19436,3500,4,3.25,2.0,9,1
19437,1980,3,2.5,2.0,8,0
19438,1250,3,1.5,1.0,7,0
19439,770,2,1.0,1.0,7,0
19440,1920,3,1.0,1.0,7,0
19441,1120,2,1.0,1.0,6,0
19442,1150,3,1.0,1.0,6,0
19443,1590,3,2.5,3.0,7,1
19444,910,3,1.0,1.0,7,1
19445,1870,2,1.75,1.0,7,0
19446,2420,5,3.0,2.0,8,0
19447,2120,4,1.5,1.5,6,0
19448,2730,5,2.5,1.0,7,1
19449,2560,4,2.5,2.0,8,1
19450,2620,4,2.5,2.0,8,1
19451,2760,4,2.5,2.0,7,0
19452,2900,5,2.5,1.0,8,1
19453,1820,3,2.0,1.0,7,1
19454,1870,3,1.75,1.0,7,0
19455,2010,4,1.75,1.0,7,1
19456,940,2,1.0,1.0,7,0
19457,1850,3,1.75,1.5,8,1
19458,2530,5,2.5,2.0,7,0
19459,940,3,1.0,1.0,6,0
19460,1820,3,2.25,1.0,7,1
19461,1510,2,1.0,1.0,7,1
19462,2070,4,2.5,2.0,8,1
19463,1380,3,2.5,3.0,8,0
19464,1270,3,1.0,1.0,7,1
19465,1390,3,1.5,1.0,7,0
19466,1840,4,3.0,2.0,8,0
19467,1600,3,1.0,1.0,7,0
19468,1480,3,1.5,1.0,7,0
19469,2120,4,2.0,1.0,6,1
19470,2940,4,2.75,1.5,8,1
19471,3820,4,3.0,2.0,11,1
19472,2740,5,2.0,1.0,7,1
19473,4360,4,4.0,2.0,10,1
19474,1540,4,2.5,2.0,8,1
19475,4660,4,3.5,2.0,11,1
19476,1590,3,1.75,2.0,7,0
19477,1180,2,1.0,1.0,7,0
19478,2360,4,1.75,1.0,7,1
19479,1860,4,2.75,1.0,8,1
19480,1470,3,1.75,1.0,7,0
19481,2990,4,2.0,1.5,7,1
19482,1690,3,1.5,1.0,7,0
19483,660,1,1.0,1.0,6,0
19484,2310,3,1.75,2.0,8,1
19485,770,2,1.0,1.0,6,0
19486,2320,3,3.5,2.0,9,1
19487,1370,2,1.5,1.0,7,0
19488,1700,3,2.25,1.0,7,0
19489,960,2,1.0,1.0,6,0
19490,1150,2,1.0,1.0,7,1
19491,2910,4,2.5,1.5,9,1
19492,2290,5,2.25,1.0,7,0
19493,2260,4,2.5,2.0,8,0
19494,1300,3,1.75,1.0,7,1
19495,1850,3,2.25,2.0,7,0
19496,1920,4,1.75,1.0,7,1
19497,1920,4,1.75,1.0,7,1
19498,4910,3,3.0,2.0,10,1
19499,2210,4,2.5,1.0,8,0
19500,2280,4,2.75,1.5,8,1
19501,1640,3,1.75,1.0,7,1
19502,1980,4,2.0,2.0,8,1
19503,900,3,1.0,1.5,7,0
19504,1960,4,1.75,1.0,8,1
19505,1800,4,2.25,2.0,8,0
19506,4270,4,3.5,2.0,10,1
19507,1520,4,2.0,1.0,6,0
19508,5430,4,3.0,2.0,10,1
19509,1950,3,1.75,1.0,7,0
19510,2190,4,1.75,1.0,9,1
19511,1200,4,1.5,1.0,7,0
19512,2180,6,1.75,1.5,7,1
19513,2320,4,2.5,2.0,9,1
19514,1040,3,1.75,1.0,7,1
19515,2700,4,2.5,2.0,8,0
19516,1400,3,2.0,1.0,7,0
19517,2060,3,2.5,2.0,8,1
19518,780,2,1.0,1.0,6,0
19519,2400,3,2.25,1.5,7,1
19520,2900,4,3.0,1.0,7,1
19521,1740,3,1.5,1.0,7,0
19522,780,2,1.0,1.0,6,0
19523,2430,3,2.75,1.0,9,1
19524,2210,4,2.0,1.0,8,1
19525,1510,3,1.5,1.0,8,0
19526,900,2,1.0,1.0,7,0
19527,3670,4,2.5,2.0,10,1
19528,1160,2,2.25,2.0,8,1
19529,1070,2,1.5,2.0,7,0
19530,950,2,1.0,1.5,7,0
19531,2950,3,2.75,2.0,9,1
19532,1420,3,2.0,2.0,7,0
19533,1590,3,1.0,1.5,6,0
19534,1290,4,1.0,1.5,7,0
19535,1690,2,2.0,1.0,8,1
19536,1340,4,1.75,1.5,6,0
19537,1397,3,1.75,1.0,7,0
19538,3750,4,2.5,2.0,10,1
19539,2000,3,2.25,1.0,7,0
19540,2250,3,2.0,1.5,8,0
19541,840,3,1.0,1.0,6,0
19542,1100,3,1.0,2.0,7,0
19543,1660,3,1.5,1.0,7,1
19544,2180,2,2.0,1.0,9,1
19545,1460,3,1.0,1.0,7,0
19546,2470,4,2.5,2.0,8,1
19547,1250,3,1.0,1.5,6,0
19548,1480,3,2.0,1.0,7,1
19549,2240,3,3.25,2.0,9,0
19550,1570,3,2.0,1.0,7,0
19551,3250,4,2.75,2.0,9,1
19552,1790,3,2.25,1.0,7,0
19553,2080,3,2.5,2.0,8,1
19554,1480,3,2.5,3.0,8,1
19555,3610,5,3.0,2.0,8,1
19556,2040,3,2.5,2.0,9,1
19557,3850,4,3.25,2.0,11,1
19558,3230,3,2.25,2.0,9,0
19559,2440,3,2.0,1.0,6,0
19560,1490,4,1.0,1.0,7,0
19561,1150,3,1.0,1.0,7,0
19562,900,2,1.0,1.0,7,1
19563,3210,4,2.5,1.5,11,1
19564,3900,5,3.0,1.5,8,1
19565,1240,3,1.0,1.0,7,0
19566,1760,3,1.75,2.0,7,1
19567,1410,3,2.25,2.0,7,0
19568,2780,3,2.5,2.0,9,1
19569,3230,5,3.25,2.0,9,1
19570,4600,5,3.5,2.0,10,1
19571,1440,3,2.0,1.0,8,0
19572,1200,2,1.5,3.0,8,1
19573,2793,4,3.0,2.0,9,0
19574,2970,4,2.5,2.0,8,1
19575,1440,3,2.0,1.0,7,0
19576,1480,3,2.25,3.0,8,1
19577,1870,3,2.5,2.0,8,0
19578,2475,4,2.75,2.0,7,0
19579,2950,4,2.5,2.0,10,1
19580,1410,3,2.25,3.0,9,1
19581,2240,4,2.5,2.0,8,0
19582,3230,5,2.75,2.0,9,1
19583,2100,3,2.0,1.0,8,0
19584,1936,3,2.25,1.0,8,0
19585,3120,3,2.5,2.0,9,0
19586,2070,4,2.5,2.0,8,1
19587,3700,4,2.5,2.0,9,1
19588,2130,3,2.5,2.0,8,1
19589,1620,3,2.25,2.5,8,0
19590,1490,3,2.5,3.0,8,0
19591,4180,5,4.0,2.0,9,1
19592,1400,2,2.5,2.0,8,0
19593,3490,4,3.75,2.0,9,1
19594,1300,3,1.0,1.0,7,0
19595,2730,4,2.5,2.0,8,0
19596,1830,3,2.5,2.0,8,0
19597,2340,5,2.5,2.0,7,0
19598,1410,3,1.75,2.0,8,0
19599,1930,3,2.5,2.0,7,0
19600,3028,6,5.0,2.0,7,1
19601,3180,4,3.5,2.0,8,0
19602,2950,4,3.25,2.0,10,1
19603,1430,3,3.25,3.0,8,1
19604,1020,2,1.5,3.0,8,0
19605,1650,3,2.5,3.0,8,0
19606,1060,3,2.0,3.0,7,0
19607,2620,4,2.75,2.0,8,1
19608,1830,4,2.5,2.0,7,0
19609,998,3,2.25,2.0,7,0
19610,2070,4,2.5,2.0,7,0
19611,2860,4,3.5,3.0,10,1
19612,1920,3,2.0,1.0,9,0
19613,1210,3,2.5,2.0,9,0
19614,4890,5,3.5,2.0,9,1
19615,3420,4,2.5,2.0,9,1
19616,2870,4,3.5,2.0,9,1
19617,1600,3,2.5,2.0,8,0
19618,960,2,1.5,2.0,7,0
19619,1740,3,2.75,1.0,7,0
19620,2575,4,2.5,2.0,8,0
19621,3660,5,3.25,2.0,10,1
19622,1420,3,2.25,2.0,8,0
19623,3070,5,2.5,2.0,8,1
19624,1920,3,2.5,1.0,8,1
19625,4160,4,3.25,2.0,10,1
19626,3276,4,3.25,2.0,9,1
19627,2890,5,3.75,1.0,7,0
19628,3430,3,2.5,2.0,10,1
19629,3390,4,3.5,2.0,9,1
19630,2930,6,3.75,2.0,9,1
19631,1300,2,2.25,3.0,8,1
19632,1250,2,1.75,2.0,7,0
19633,2310,4,2.5,2.0,8,0
19634,1360,2,2.25,3.0,8,1
19635,2020,4,2.5,2.0,7,0
19636,1270,3,1.5,3.0,8,0
19637,2790,4,2.75,2.0,8,1
19638,2320,4,2.5,2.0,7,0
19639,1750,3,2.5,2.0,7,0
19640,2030,4,2.5,2.0,8,0
19641,1270,3,2.5,2.0,7,0
19642,2710,5,3.25,2.0,8,1
19643,2520,4,2.75,2.0,8,1
19644,1340,2,2.5,3.0,8,0
19645,1570,2,3.0,3.0,8,1
19646,2690,4,3.5,2.0,7,0
19647,2475,4,2.75,2.0,7,0
19648,2260,3,3.75,2.0,9,1
19649,840,2,1.0,3.0,8,0
19650,1720,3,3.25,2.0,8,1
19651,2940,3,2.25,3.0,9,1
19652,4170,5,3.5,2.0,10,1
19653,4310,6,4.25,2.0,8,1
19654,3010,4,2.75,2.0,9,1
19655,2170,3,2.5,2.5,8,1
19656,1584,3,2.5,2.0,7,0
19657,1110,2,2.25,3.0,8,0
19658,2420,4,2.5,2.0,8,1
19659,1430,2,2.25,2.0,8,1
19660,2393,3,2.5,2.0,8,0
19661,1240,3,2.25,3.0,8,1
19662,2980,4,2.5,1.0,8,1
19663,2970,4,3.5,2.0,8,1
19664,2329,3,2.5,2.0,8,0
19665,3340,5,3.25,2.0,8,1
19666,2580,4,2.25,2.0,9,1
19667,2029,3,2.5,2.0,9,0
19668,3430,4,2.75,2.0,9,1
19669,3330,5,3.75,2.0,9,1
19670,3220,5,3.5,2.0,8,1
19671,1240,2,2.25,2.0,7,0
19672,1500,3,3.5,2.0,8,1
19673,3530,3,3.0,2.0,10,1
19674,1260,3,2.25,2.0,8,0
19675,4168,4,4.0,2.0,10,0
19676,1030,2,1.5,2.0,7,0
19677,3080,3,2.5,2.0,8,1
19678,1072,3,1.5,2.0,7,0
19679,2790,4,2.75,2.0,8,1
19680,4090,3,2.5,2.0,11,1
19681,1800,3,2.5,2.0,8,0
19682,830,2,1.5,2.0,7,0
19683,2280,3,2.5,2.0,8,0
19684,2110,4,3.0,2.0,9,1
19685,1570,3,2.25,3.0,8,1
19686,830,2,1.5,2.0,7,0
19687,4120,4,3.75,2.0,10,1
19688,2540,4,2.5,2.0,9,1
19689,2050,4,2.75,2.0,8,0
19690,3080,4,2.75,2.0,9,1
19691,2390,3,2.5,2.0,8,1
19692,3170,4,2.5,2.0,9,1
19693,1240,2,1.5,2.0,7,0
19694,1090,3,2.5,2.0,8,0
19695,4630,5,4.5,2.0,9,1
19696,3230,4,2.5,2.0,8,1
19697,3510,4,3.5,2.0,10,1
19698,1785,4,2.5,2.0,8,0
19699,2360,5,3.25,2.0,8,1
19700,2340,4,2.0,1.0,7,0
19701,1620,3,2.25,3.0,8,0
19702,3890,3,3.25,2.0,12,1
19703,3590,4,3.5,2.0,9,1
19704,1984,4,3.0,2.0,7,0
19705,1640,3,2.25,3.0,8,1
19706,1350,4,2.0,3.0,7,0
19707,2730,4,3.5,2.0,8,1
19708,5610,4,4.0,3.0,11,1
19709,962,2,1.0,2.0,7,0
19710,3040,4,3.5,2.0,8,1
19711,2540,3,3.5,2.0,9,1
19712,2240,4,2.5,2.0,8,0
19713,1260,3,1.5,2.0,7,0
19714,3210,5,4.0,2.0,8,1
19715,1620,3,2.5,3.0,8,1
19716,1580,3,2.0,2.5,8,1
19717,1430,3,2.5,3.0,7,0
19718,1850,4,2.5,2.0,8,0
19719,3340,4,2.5,2.0,10,1
19720,2670,3,2.75,2.0,8,0
19721,4660,5,4.25,2.0,11,1
19722,1550,3,2.5,2.0,8,0
19723,3470,4,2.5,2.0,9,1
19724,3010,3,2.5,2.0,8,1
19725,3931,5,3.5,2.0,10,0
19726,1800,3,2.5,2.0,8,0
19727,1570,3,2.5,3.0,8,0
19728,2230,3,2.5,2.0,8,1
19729,2423,4,2.5,2.0,8,0
19730,1160,3,2.0,2.0,7,0
19731,1440,2,2.0,1.0,8,0
19732,2052,4,2.5,2.0,8,0
19733,2780,5,2.5,2.0,8,1
19734,3720,4,4.25,2.0,9,1
19735,1460,2,2.25,2.0,9,1
19736,1370,3,3.5,2.0,8,0
19737,3600,6,4.5,2.0,9,1
19738,1420,3,2.25,3.0,8,1
19739,980,2,2.5,2.0,8,0
19740,1790,3,2.5,2.0,8,1
19741,2010,3,2.5,2.0,7,0
19742,2370,3,2.5,2.0,8,0
19743,2560,4,2.5,2.0,8,0
19744,1900,3,2.5,2.0,7,1
19745,1350,2,2.25,2.0,8,0
19746,2650,4,2.75,2.0,10,1
19747,3020,4,2.5,2.0,9,1
19748,1500,3,2.5,2.0,7,0
19749,1320,3,1.75,3.0,9,1
19750,3120,4,2.75,2.0,10,1
19751,1540,3,2.25,3.0,7,0
19752,1800,3,2.5,2.0,8,0
19753,3640,4,2.5,2.0,9,1
19754,2440,3,2.5,2.0,9,1
19755,3970,4,4.0,2.0,9,1
19756,2060,3,2.5,2.0,8,0
19757,2538,3,2.5,2.0,8,0
19758,4270,5,4.5,2.0,11,1
19759,1320,3,2.5,2.0,7,0
19760,3340,4,2.75,2.0,11,1
19761,1590,2,2.5,2.0,8,0
19762,2710,5,2.75,2.0,8,0
19763,3140,4,2.75,2.0,10,1
19764,1445,3,2.25,2.0,7,0
19765,2430,4,2.5,2.0,7,1
19766,1370,3,3.25,2.0,8,0
19767,5050,4,3.5,2.0,11,1
19768,1860,3,2.5,2.0,9,1
19769,5330,5,3.75,2.0,10,1
19770,1710,3,3.25,2.0,7,0
19771,2650,4,2.5,2.0,8,0
19772,2590,4,2.5,2.0,9,1
19773,2610,4,2.5,2.0,9,1
19774,1770,3,2.5,3.0,8,0
19775,3730,4,2.75,2.0,10,1
19776,2420,4,2.5,2.0,9,0
19777,3330,4,2.5,2.0,9,1
19778,1910,3,2.25,2.0,8,0
19779,2170,2,2.5,1.0,8,1
19780,2437,3,2.5,2.0,7,0
19781,4180,5,4.0,2.0,10,1
19782,1800,3,2.5,2.0,8,0
19783,2570,5,2.5,2.0,8,1
19784,2090,4,2.5,2.0,7,0
19785,2789,4,2.5,2.0,7,0
19786,2906,4,2.5,2.0,9,0
19787,2550,5,2.5,2.0,7,1
19788,3550,4,2.75,2.0,9,1
19789,1590,3,2.25,3.0,8,1
19790,1950,3,2.25,2.0,7,0
19791,3250,4,2.5,2.0,8,1
19792,4590,5,4.5,2.0,10,1
19793,3070,4,2.75,2.0,9,1
19794,3030,4,3.25,2.0,8,1
19795,2610,3,2.5,2.0,8,1
19796,3150,4,3.5,2.0,7,0
19797,1240,3,1.5,3.0,8,0
19798,1680,3,2.5,2.0,7,0
19799,2220,3,2.5,2.0,8,1
19800,4800,4,3.25,2.0,10,1
19801,3100,4,2.5,2.0,9,0
19802,3590,4,2.75,2.0,10,1
19803,1590,4,2.0,3.0,7,0
19804,2242,3,2.5,2.0,8,0
19805,2490,3,3.5,2.0,8,1
19806,1530,3,2.0,3.0,9,1
19807,2150,4,2.5,2.0,7,0
19808,2440,3,2.5,2.0,10,1
19809,1270,3,1.5,3.0,8,0
19810,1450,3,2.25,2.0,7,0
19811,2690,3,2.5,3.0,10,1
19812,2755,4,2.5,2.0,7,1
19813,2650,4,3.5,2.0,8,1
19814,2310,3,3.25,2.0,8,1
19815,1460,2,3.0,2.0,8,0
19816,1400,3,1.0,1.0,7,0
19817,2196,3,2.5,2.0,8,0
19818,2020,3,2.25,2.0,8,0
19819,4280,5,4.5,2.0,10,1
19820,2340,3,3.0,2.0,8,0
19821,2220,4,2.5,2.0,8,0
19822,4420,4,4.0,2.0,10,1
19823,1580,3,2.0,2.0,7,0
19824,3550,4,2.75,2.0,9,1
19825,1510,2,1.75,3.0,8,1
19826,1360,3,3.5,2.0,8,1
19827,2040,3,2.5,2.0,8,0
19828,1120,1,1.5,3.0,7,0
19829,4490,4,3.5,2.0,9,1
19830,3560,4,2.5,2.0,9,1
19831,2150,2,2.5,1.0,8,1
19832,2130,3,2.5,2.0,8,0
19833,2990,5,2.75,2.0,8,1
19834,1847,4,2.5,2.0,7,0
19835,2610,4,2.5,2.0,9,0
19836,1670,3,2.25,1.0,7,0
19837,1860,3,2.5,2.0,7,1
19838,3440,4,3.5,2.0,10,1
19839,3510,4,3.5,2.0,10,1
19840,1740,3,2.5,3.0,8,1
19841,2240,4,2.5,2.0,8,0
19842,1550,3,2.25,3.0,8,0
19843,1390,4,2.0,3.0,7,0
19844,2500,3,3.0,2.0,8,0
19845,2710,3,3.5,2.0,8,1
19846,1720,3,2.5,2.0,9,1
19847,1760,3,2.25,3.0,9,1
19848,2270,4,2.25,1.0,7,1
19849,1690,3,3.5,2.0,8,1
19850,4000,5,3.5,2.0,9,1
19851,2880,4,2.5,2.0,10,1
19852,1480,3,2.5,3.0,8,1
19853,1950,3,2.5,2.0,7,0
19854,2700,4,2.75,2.0,9,1
19855,2210,2,3.0,2.0,10,1
19856,2370,4,3.5,2.5,8,0
19857,1310,3,2.5,2.0,7,0
19858,2410,3,2.5,2.0,7,0
19859,3360,5,1.5,2.0,9,1
19860,3040,4,3.25,2.0,8,1
19861,2140,4,2.25,2.0,7,0
19862,1720,3,2.5,2.0,7,0
19863,2658,4,2.5,2.0,9,0
19864,1480,3,3.25,2.0,8,0
19865,1350,2,2.0,3.0,8,1
19866,1150,3,2.5,2.0,8,1
19867,1690,3,1.75,2.0,8,0
19868,1270,2,1.75,2.0,8,0
19869,2655,3,2.5,2.0,8,0
19870,880,2,1.0,2.0,8,0
19871,4645,4,4.25,2.0,10,1
19872,1270,3,1.5,3.0,8,0
19873,1728,2,1.75,1.0,9,1
19874,1950,3,2.25,1.0,8,0
19875,3170,4,2.5,3.0,8,1
19876,1233,2,2.5,2.0,7,0
19877,2570,3,2.5,2.0,8,0
19878,1560,3,2.0,3.0,8,1
19879,1630,3,1.75,2.0,8,1
19880,2510,4,2.5,2.0,9,0
19881,2223,4,2.5,2.0,8,0
19882,1230,2,2.25,2.0,7,0
19883,3050,5,2.75,2.0,8,1
19884,2710,5,2.75,2.0,8,0
19885,2090,4,2.5,2.0,8,1
19886,1440,3,2.5,2.0,8,0
19887,2500,3,2.5,1.0,9,1
19888,2740,4,2.75,2.0,10,1
19889,3360,5,3.25,2.0,9,1
19890,2280,4,2.75,2.0,8,0
19891,3520,4,2.75,2.0,9,1
19892,1320,2,1.5,2.0,8,0
19893,3410,4,2.75,2.0,9,1
19894,2730,3,2.25,1.0,7,0
19895,1780,3,2.5,2.0,8,0
19896,1427,3,2.5,2.0,7,0
19897,2910,4,2.5,2.0,9,1
19898,3250,4,2.75,2.0,8,1
19899,3630,5,3.5,2.0,10,1
19900,1680,2,2.5,3.0,9,1
19901,2280,3,2.5,3.0,9,1
19902,3310,3,2.5,2.0,9,1
19903,1290,3,3.0,3.0,7,0
19904,3940,5,4.75,2.0,10,1
19905,2170,4,2.5,2.0,7,0
19906,3290,4,3.5,2.0,9,1
19907,2550,3,2.5,2.0,9,1
19908,1140,3,2.25,2.0,7,0
19909,2300,4,2.5,2.0,7,0
19910,2670,4,3.25,1.0,9,1
19911,2440,4,2.5,2.0,9,1
19912,1611,2,2.5,2.0,10,1
19913,2710,3,3.5,2.0,8,1
19914,2015,3,2.75,2.0,9,1
19915,3444,4,3.25,2.0,8,0
19916,3060,3,2.5,2.0,10,1
19917,2050,4,2.5,2.0,8,1
19918,1390,3,1.5,2.0,7,0
19919,1240,2,2.5,3.0,8,1
19920,3750,4,3.25,2.0,10,1
19921,1410,3,3.25,3.0,8,0
19922,2448,4,2.5,2.0,9,0
19923,2600,3,2.75,1.5,8,0
19924,3330,4,3.25,2.0,9,1
19925,1160,2,2.25,2.0,8,1
19926,1330,2,2.25,2.0,8,1
19927,2830,3,2.5,3.0,10,1
19928,1610,3,2.5,2.0,8,0
19929,2800,4,2.5,2.0,9,1
19930,4570,5,3.75,2.0,11,1
19931,2820,4,2.5,2.0,9,1
19932,2570,4,2.5,2.0,9,1
19933,1710,3,2.25,2.0,9,1
19934,1220,3,1.5,2.0,7,0
19935,1650,3,2.25,3.0,8,1
19936,1130,2,1.5,2.0,8,0
19937,1489,3,2.25,2.0,7,0
19938,2690,5,2.5,2.0,7,0
19939,1530,3,2.25,2.0,7,0
19940,1600,3,2.5,2.0,8,0
19941,1000,2,1.5,2.0,7,0
19942,2440,4,3.5,3.0,8,1
19943,1260,3,2.5,3.0,8,0
19944,1660,3,2.5,3.0,7,1
19945,1190,3,2.25,2.0,7,1
19946,1520,3,3.0,3.0,8,0
19947,3250,5,2.75,2.0,8,1
19948,4700,4,3.25,1.0,11,1
19949,1480,3,2.5,2.0,9,0
19950,2380,2,2.5,1.0,8,1
19951,1640,3,2.25,3.0,8,1
19952,1650,3,3.5,3.0,8,1
19953,5305,5,4.75,2.0,11,1
19954,1278,2,2.5,2.0,7,0
19955,1200,3,2.5,3.0,9,0
19956,690,2,1.5,2.0,7,0
19957,3202,4,2.5,2.0,9,1
19958,1347,3,2.25,3.0,7,0
19959,2960,4,3.5,2.0,9,1
19960,740,1,0.75,1.0,6,0
19961,1200,2,2.25,3.0,7,0
19962,4320,5,3.5,2.0,9,1
19963,2310,3,2.5,1.0,8,1
19964,1490,3,2.0,3.0,8,0
19965,1480,3,2.0,2.0,8,1
19966,1481,3,2.25,2.0,7,0
19967,1730,3,3.0,3.0,8,1
19968,3900,4,3.5,2.0,10,1
19969,1130,3,3.5,3.0,7,0
19970,3230,4,3.25,2.0,9,1
19971,3920,5,3.5,2.0,9,1
19972,1190,2,1.5,2.0,8,1
19973,2311,4,2.5,2.0,9,0
19974,1810,3,2.5,3.0,8,0
19975,3290,4,2.5,2.0,9,1
19976,3250,4,2.5,2.0,8,1
19977,2544,4,2.5,2.0,9,0
19978,1380,3,2.5,3.0,8,1
19979,1430,3,2.25,2.0,8,0
19980,3490,3,2.5,1.5,9,1
19981,910,2,1.5,2.0,8,1
19982,3080,4,3.25,2.0,9,1
19983,2280,3,2.5,2.0,8,0
19984,1660,3,2.5,3.0,8,1
19985,3320,4,2.5,2.0,9,1
19986,1680,5,4.0,1.0,8,1
19987,2584,4,3.5,2.0,8,0
19988,2217,3,2.5,2.0,7,0
19989,2480,3,2.5,2.0,8,1
19990,2610,3,2.5,2.0,9,1
19991,3240,4,3.0,2.0,10,1
19992,3569,4,3.25,2.0,10,1
19993,3181,4,2.5,2.0,8,0
19994,1921,4,2.5,2.0,7,0
19995,1570,3,2.5,2.0,8,0
19996,1940,3,2.5,2.0,8,1
19997,1940,3,2.5,2.0,8,1
19998,2210,4,2.5,2.0,8,0
19999,1280,3,2.25,2.0,8,1
20000,1520,3,2.0,2.0,7,0
20001,1230,2,2.25,2.0,7,0
20002,1480,3,2.5,3.0,8,1
20003,2612,4,2.5,2.0,8,0
20004,2350,3,2.5,2.0,8,1
20005,1300,3,2.5,2.0,8,1
20006,2020,4,1.5,1.0,7,0
20007,2140,3,2.5,2.0,8,1
20008,1380,3,2.25,2.0,8,1
20009,2730,4,3.5,2.0,8,1
20010,4220,4,3.5,2.0,9,1
20011,1570,3,2.5,3.0,8,1
20012,4670,4,3.5,2.0,11,1
20013,1370,3,2.25,3.0,8,1
20014,3273,4,3.5,2.0,8,1
20015,3880,3,4.0,2.0,11,1
20016,1494,3,3.5,3.0,8,1
20017,2930,3,2.5,2.0,8,1
20018,2598,4,2.5,2.0,9,0
20019,2242,3,2.5,2.0,8,0
20020,2830,4,2.5,2.0,9,1
20021,2710,4,2.5,2.0,7,1
20022,2320,4,2.75,2.0,8,0
20023,2720,4,2.5,2.0,9,1
20024,1650,3,1.75,3.0,8,1
20025,1430,3,3.25,2.0,8,1
20026,2090,4,2.5,2.0,9,0
20027,3660,4,3.5,2.0,9,1
20028,4220,4,3.5,3.0,10,1
20029,1450,2,2.5,2.0,9,1
20030,3460,4,3.75,2.0,11,1
20031,1350,3,2.5,3.0,8,0
20032,3000,4,2.75,2.0,8,0
20033,2950,4,2.5,2.0,9,1
20034,2530,4,2.5,2.0,8,0
20035,4650,4,4.5,2.0,11,1
20036,710,2,1.0,2.0,7,0
20037,3050,4,2.5,2.0,9,1
20038,1150,3,2.5,2.0,7,0
20039,3410,5,5.25,2.0,11,1
20040,1370,3,1.75,3.0,8,1
20041,3540,4,2.5,2.0,9,1
20042,1370,3,2.5,2.0,7,0
20043,1714,4,2.5,2.0,8,0
20044,3650,4,2.75,2.0,7,1
20045,2990,4,2.5,2.0,9,1
20046,3284,4,2.5,2.0,8,1
20047,3550,4,2.25,1.0,8,1
20048,1860,3,3.0,2.0,8,0
20049,1720,3,3.25,2.0,8,1
20050,2540,3,2.5,2.0,7,0
20051,3270,4,2.75,2.0,9,1
20052,980,2,2.5,3.0,8,0
20053,1150,3,2.5,2.0,8,0
20054,1820,3,2.5,2.0,8,0
20055,1580,3,2.5,2.0,8,0
20056,1460,3,2.0,2.0,7,0
20057,2900,4,2.5,2.0,8,1
20058,2620,5,2.75,2.0,9,1
20059,1340,2,2.5,2.0,8,0
20060,3266,4,3.25,2.0,8,0
20061,1076,2,1.5,3.0,7,0
20062,1680,3,3.25,2.0,8,0
20063,1930,3,2.5,2.0,8,0
20064,2880,4,2.5,2.0,9,1
20065,2240,4,2.25,2.0,8,1
20066,2594,3,2.5,2.0,8,0
20067,1210,2,1.5,3.0,8,0
20068,3760,4,3.5,2.0,9,1
20069,3600,4,2.5,2.0,9,1
20070,2050,4,2.5,2.0,8,1
20071,1510,3,3.25,2.0,8,1
20072,2580,4,2.5,2.0,8,1
20073,1670,3,2.5,2.0,7,0
20074,3190,4,2.5,2.0,9,1
20075,1280,3,2.5,3.0,8,1
20076,2718,4,2.5,2.0,8,0
20077,1370,2,2.0,3.0,8,1
20078,1794,3,2.5,2.0,7,0
20079,5120,4,4.5,2.0,10,1
20080,2160,3,2.5,2.0,9,1
20081,2180,4,2.5,2.0,8,1
20082,1490,3,2.25,2.0,7,0
20083,2950,3,2.5,2.0,9,1
20084,2990,3,2.75,2.0,9,1
20085,2700,4,2.5,2.0,9,1
20086,3130,4,3.5,3.0,10,1
20087,3620,3,2.0,2.0,8,1
20088,2481,5,2.75,2.0,8,0
20089,1730,3,2.5,2.0,8,0
20090,1420,3,1.5,2.0,8,0
20091,3160,5,3.5,2.0,9,1
20092,1320,3,3.25,2.0,8,0
20093,1010,2,2.25,2.0,8,1
20094,1870,3,2.5,2.0,7,0
20095,5220,4,3.5,2.0,11,1
20096,2260,4,2.5,2.0,8,0
20097,4340,5,4.5,3.0,10,1
20098,1620,2,2.25,2.0,8,0
20099,2280,3,2.5,2.0,8,1
20100,3400,5,3.5,2.0,9,1
20101,830,2,1.5,2.0,7,0
20102,2310,4,2.5,2.0,8,0
20103,830,2,1.5,2.0,7,0
20104,4130,5,3.25,2.0,10,1
20105,2050,4,3.0,2.0,8,0
20106,2050,4,2.5,2.0,9,0
20107,1600,3,2.5,2.0,8,0
20108,3190,5,2.5,2.0,9,1
20109,3860,4,3.75,2.5,10,1
20110,2040,4,2.5,2.0,8,1
20111,3845,4,3.5,2.0,10,1
20112,2650,4,2.5,2.0,8,1
20113,3430,4,2.5,2.0,8,1
20114,2430,3,2.5,2.0,8,1
20115,2876,3,3.5,2.0,8,1
20116,2550,4,3.5,2.0,7,1
20117,4100,4,3.75,2.0,9,1
20118,2730,4,2.5,2.0,7,0
20119,1780,3,2.5,2.0,8,1
20120,1880,3,2.5,2.0,7,0
20121,3090,5,3.75,2.0,10,1
20122,2460,3,3.5,2.0,8,1
20123,2910,4,3.5,2.0,9,1
20124,2910,4,3.5,2.0,9,1
20125,1930,3,1.75,1.0,9,1
20126,1413,3,2.25,2.0,8,0
20127,4030,3,3.25,2.0,10,1
20128,2880,4,3.25,2.5,8,0
20129,2360,4,2.75,1.0,8,1
20130,1070,2,1.75,3.0,8,1
20131,1460,3,3.25,3.0,8,1
20132,3800,4,2.75,2.0,9,1
20133,1190,2,1.5,3.0,8,0
20134,3200,5,2.5,2.0,9,1
20135,1970,3,2.25,2.0,8,0
20136,2830,3,2.5,2.0,9,1
20137,2630,4,2.5,2.0,7,0
20138,2720,4,2.75,2.0,9,1
20139,3160,4,2.75,2.0,9,1
20140,3770,4,4.0,2.0,10,1
20141,3500,4,2.75,2.0,9,1
20142,2710,5,2.75,2.0,8,0
20143,2170,2,2.5,1.0,8,1
20144,1540,2,2.25,3.0,9,1
20145,1876,3,3.25,3.0,9,1
20146,3720,4,3.5,1.0,10,1
20147,3148,4,2.5,2.0,9,1
20148,3240,4,3.25,2.0,9,1
20149,3340,5,3.5,2.0,8,1
20150,2413,4,2.5,2.0,8,1
20151,2500,4,2.5,2.0,7,1
20152,1180,2,1.75,2.0,10,1
20153,2890,4,2.5,2.0,9,1
20154,2230,5,3.0,1.0,7,0
20155,1767,4,2.5,2.0,8,0
20156,1450,3,3.25,2.0,8,0
20157,2930,5,2.75,2.0,9,1
20158,2710,5,2.75,2.0,8,1
20159,3600,4,3.25,2.0,10,1
20160,1800,3,2.5,2.0,8,0
20161,2290,4,2.5,2.0,8,0
20162,1510,3,2.5,2.0,8,1
20163,1090,2,2.5,2.0,7,0
20164,1270,3,2.0,3.0,8,0
20165,1540,3,2.25,3.0,8,1
20166,2930,3,2.5,2.0,9,1
20167,4360,5,3.75,2.0,10,1
20168,3640,4,3.5,2.0,9,1
20169,2430,4,2.5,2.0,8,1
20170,1520,3,2.25,2.0,8,0
20171,2730,5,2.75,2.0,8,1
20172,2440,3,3.0,2.0,8,1
20173,1580,3,3.75,2.0,8,1
20174,1420,3,2.25,3.0,8,1
20175,2820,5,3.25,2.0,8,1
20176,5060,4,5.5,2.0,11,1
20177,2650,4,2.5,2.0,8,1
20178,1490,3,2.25,2.0,9,1
20179,3060,4,2.5,2.0,9,1
20180,3240,3,3.25,2.0,8,1
20181,2820,3,2.75,2.0,9,1
20182,4140,5,3.5,2.0,8,1
20183,982,2,1.5,2.0,8,0
20184,2460,3,2.75,2.0,9,1
20185,2547,4,2.5,2.0,9,0
20186,1834,4,2.25,2.0,8,0
20187,3130,4,4.5,3.0,10,1
20188,2730,4,2.5,2.0,9,1
20189,1380,2,2.5,2.0,8,1
20190,4700,4,4.25,2.0,11,1
20191,2330,3,3.0,2.0,9,1
20192,1730,3,2.5,2.0,8,0
20193,2350,2,2.5,3.0,10,1
20194,4000,5,4.5,2.0,9,1
20195,3350,3,2.5,1.0,9,1
20196,1530,3,3.25,3.0,8,1
20197,1610,2,2.25,2.0,7,0
20198,2620,4,2.75,2.0,8,1
20199,1300,3,2.0,2.0,8,0
20200,3590,4,3.5,2.0,9,1
20201,2490,4,2.5,2.0,8,1
20202,1320,3,2.5,2.0,7,0
20203,1800,4,2.25,2.0,8,0
20204,3360,5,1.5,2.0,9,1
20205,3220,4,2.5,2.0,8,1
20206,2514,3,3.5,2.0,8,1
20207,3130,4,2.75,2.0,9,1
20208,2720,4,2.5,2.0,8,1
20209,1390,2,2.25,2.0,8,1
20210,4920,4,4.5,2.0,10,1
20211,2134,3,2.5,2.5,8,1
20212,1741,3,2.5,2.0,8,0
20213,2560,3,2.5,2.0,8,1
20214,2220,4,2.5,2.0,8,0
20215,1910,3,2.5,2.0,9,1
20216,980,2,1.5,2.0,7,0
20217,1950,3,2.5,2.0,7,0
20218,4150,5,4.25,2.0,10,1
20219,1110,2,1.5,2.0,7,0
20220,1250,3,2.5,2.0,8,0
20221,3310,4,2.5,2.0,9,1
20222,2020,4,2.5,2.0,7,0
20223,3310,4,3.5,2.0,9,1
20224,2798,4,2.5,2.0,9,1
20225,1847,4,2.5,2.0,7,0
20226,2420,4,2.5,2.0,9,0
20227,2020,4,2.5,2.0,7,0
20228,2400,4,2.5,2.0,8,1
20229,1760,3,2.5,1.0,8,0
20230,2110,4,2.5,2.0,7,0
20231,2692,4,2.5,2.0,9,0
20232,1490,3,2.25,2.0,7,0
20233,3960,5,3.25,2.0,10,1
20234,1740,4,2.5,2.0,7,0
20235,1940,4,2.5,1.0,8,0
20236,970,2,1.0,2.0,7,0
20237,1852,3,2.5,2.0,7,0
20238,4810,4,4.0,2.0,11,1
20239,5635,4,4.0,2.0,10,1
20240,1520,3,2.5,2.0,7,0
20241,2099,3,2.5,2.0,7,0
20242,1250,3,2.25,3.0,8,0
20243,1090,2,1.5,3.0,8,0
20244,3216,4,2.5,2.0,9,1
20245,2970,4,2.5,2.0,8,1
20246,2610,3,2.5,2.0,8,1
20247,1340,2,1.75,2.0,7,1
20248,3300,4,2.75,2.0,9,1
20249,1630,3,2.0,1.0,10,1
20250,1590,3,2.25,2.0,9,1
20251,1310,2,2.75,3.5,8,1
20252,3600,4,3.5,2.0,9,1
20253,2154,4,2.5,2.0,9,0
20254,1530,3,1.75,3.0,8,1
20255,1360,3,2.25,2.0,8,0
20256,1320,3,2.5,2.0,7,0
20257,1660,4,2.5,2.0,7,0
20258,2891,4,2.5,2.0,9,0
20259,2340,3,2.5,2.0,10,1
20260,2320,3,2.5,3.0,8,0
20261,2190,4,2.5,2.0,8,1
20262,2060,3,2.5,2.0,8,0
20263,1740,3,2.5,2.0,7,0
20264,1400,3,2.25,2.0,7,0
20265,4410,5,4.0,2.0,11,1
20266,1780,3,2.5,2.0,8,1
20267,1760,3,2.5,2.0,8,0
20268,4410,3,3.5,2.0,11,1
20269,5550,6,4.25,2.0,11,1
20270,2432,3,2.5,2.0,9,0
20271,2283,3,2.5,2.0,8,0
20272,1860,3,2.5,2.0,8,0
20273,2701,4,2.5,2.0,9,0
20274,2930,4,2.5,2.0,9,0
20275,1540,3,2.25,3.0,8,0
20276,2242,3,2.5,2.0,8,0
20277,1950,3,2.5,2.0,7,0
20278,1160,2,3.0,2.0,7,0
20279,2060,3,2.5,2.0,9,0
20280,1230,3,2.25,3.0,8,1
20281,1160,2,1.5,2.0,7,0
20282,2245,4,2.5,2.0,8,0
20283,4120,4,3.5,2.0,11,1
20284,3400,4,2.5,2.0,9,1
20285,4270,5,3.75,2.0,10,1
20286,2890,4,3.5,2.0,9,1
20287,3220,5,3.5,2.0,9,1
20288,4010,4,3.5,2.0,11,1
20289,2260,4,3.5,2.0,7,0
20290,1140,2,1.0,1.5,8,0
20291,1640,3,2.0,1.0,8,0
20292,3510,4,2.75,2.0,9,1
20293,3010,3,2.75,2.0,9,1
20294,1060,2,2.25,2.0,8,1
20295,1658,3,2.5,2.0,8,0
20296,1960,3,2.5,2.0,8,0
20297,2420,3,2.5,2.0,8,0
20298,3420,3,3.5,1.5,9,1
20299,893,2,1.5,2.0,8,0
20300,3020,4,2.75,2.0,9,1
20301,2470,4,2.5,2.0,8,1
20302,2009,4,2.5,2.0,8,0
20303,1530,3,2.5,2.5,7,0
20304,1590,3,1.75,3.0,8,1
20305,2630,5,3.0,2.0,8,0
20306,3230,4,2.5,2.0,9,1
20307,1430,3,2.25,2.0,8,0
20308,2242,3,2.5,2.0,8,0
20309,2500,4,2.5,2.0,8,1
20310,1230,3,2.5,2.0,8,0
20311,3020,4,2.5,2.5,9,1
20312,3480,4,3.5,2.0,9,1
20313,3330,4,3.0,1.0,9,1
20314,3400,4,2.5,2.0,10,1
20315,830,2,1.5,2.0,7,0
20316,3110,5,3.0,2.0,8,1
20317,1910,3,2.5,2.0,8,1
20318,3230,3,2.75,2.0,9,1
20319,3380,5,2.75,2.0,9,1
20320,2830,3,2.75,2.0,8,1
20321,3700,5,3.5,2.0,9,1
20322,2520,4,3.0,2.0,7,1
20323,1530,3,2.25,2.0,8,1
20324,4420,4,4.25,2.0,10,1
20325,1460,3,3.0,3.0,8,0
20326,1450,3,2.25,2.0,8,0
20327,1160,3,2.0,1.0,6,0
20328,1640,3,2.0,1.0,8,0
20329,1444,3,1.75,1.5,7,0
20330,1620,3,2.5,3.0,8,1
20331,1100,2,1.5,2.0,7,0
20332,1340,2,1.5,2.0,8,0
20333,1450,3,1.5,2.0,7,0
20334,3040,4,2.5,2.0,9,1
20335,2560,4,2.5,2.0,9,1
20336,2744,6,3.0,2.0,7,0
20337,1420,3,2.25,3.0,8,1
20338,700,2,1.0,1.0,6,0
20339,4110,5,4.25,2.0,10,1
20340,2670,5,2.75,2.0,8,1
20341,2130,3,2.75,2.0,9,1
20342,3078,5,2.75,2.0,9,1
20343,840,2,1.0,2.0,7,0
20344,1800,3,2.5,2.0,8,0
20345,2580,3,2.75,2.0,8,0
20346,1270,3,1.5,2.0,7,0
20347,3065,4,3.5,3.0,9,1
20348,1861,3,2.5,2.0,8,1
20349,2260,4,2.75,2.0,8,0
20350,4150,5,3.25,2.0,10,1
20351,1500,2,2.5,2.0,8,1
20352,1620,3,2.25,2.5,8,1
20353,830,2,1.5,2.0,7,0
20354,3120,4,2.5,2.0,7,1
20355,1870,3,2.5,3.0,8,1
20356,1240,3,2.25,3.0,8,1
20357,2820,4,2.5,2.0,9,1
20358,1630,3,1.75,3.0,8,1
20359,1584,3,2.25,2.0,7,0
20360,2840,4,2.5,2.0,8,1
20361,3910,4,3.25,2.0,9,1
20362,1730,3,2.5,3.0,9,1
20363,1840,3,2.75,2.0,10,1
20364,4030,4,3.75,2.0,10,1
20365,3440,4,3.5,3.0,9,1
20366,2110,4,2.5,2.0,7,0
20367,2430,3,2.5,2.0,7,1
20368,4690,4,3.75,2.0,10,1
20369,3500,4,3.5,2.0,9,1
20370,2070,4,2.5,2.0,7,0
20371,3350,4,3.5,2.0,8,1
20372,2440,4,2.5,2.0,8,1
20373,3010,5,3.0,2.0,9,1
20374,2060,3,2.5,2.0,8,0
20375,1570,2,2.5,2.0,7,0
20376,1580,3,2.5,2.0,8,1
20377,4280,5,3.5,2.0,10,1
20378,2815,5,3.5,2.0,9,1
20379,2620,4,2.5,2.0,9,1
20380,1250,3,2.25,3.0,8,0
20381,3250,4,2.5,2.0,8,1
20382,2510,4,3.25,2.0,9,0
20383,1270,2,1.75,2.0,8,0
20384,6670,5,4.0,2.0,12,1
20385,1580,3,2.5,2.0,8,0
20386,1360,3,1.5,3.0,8,0
20387,2400,4,2.5,1.0,8,1
20388,1571,3,3.0,3.0,8,0
20389,1405,2,2.0,2.0,8,0
20390,1010,3,1.5,2.0,8,0
20391,1450,2,2.5,2.0,8,1
20392,1420,3,1.75,2.0,7,0
20393,2650,4,2.5,2.0,8,1
20394,3030,5,2.75,2.0,9,1
20395,6530,4,5.5,2.0,11,1
20396,2670,3,2.75,1.0,10,1
20397,1170,2,2.5,2.0,9,1
20398,3260,4,2.5,2.0,9,1
20399,1480,3,1.5,3.0,7,0
20400,2700,3,2.5,2.0,9,1
20401,4640,4,3.5,2.0,10,1
20402,1601,3,2.5,3.0,7,0
20403,5350,5,3.75,1.0,11,1
20404,2540,3,2.5,2.0,8,1
20405,1030,2,1.75,2.0,7,0
20406,2730,3,2.5,2.0,8,1
20407,3172,4,2.5,2.0,8,0
20408,3160,4,2.5,2.0,9,1
20409,2850,4,2.5,2.0,9,1
20410,2780,4,3.5,2.0,8,1
20411,3860,4,3.5,2.0,10,1
20412,1180,2,1.75,2.0,10,1
20413,1410,3,2.25,2.0,7,0
20414,6370,4,3.5,2.0,12,1
20415,3223,5,3.0,2.0,9,1
20416,2600,4,3.25,2.0,8,1
20417,1380,3,3.25,3.0,8,0
20418,1620,3,2.25,2.5,8,0
20419,1370,3,3.25,3.0,8,0
20420,1220,3,2.0,3.0,8,0
20421,1280,3,2.5,3.0,8,1
20422,770,2,1.5,2.0,7,0
20423,1210,3,2.5,3.0,8,1
20424,2890,4,2.5,2.0,8,0
20425,1580,3,2.5,2.0,8,0
20426,1530,3,2.25,2.0,9,1
20427,3670,4,2.5,2.5,10,1
20428,1850,4,2.25,2.5,8,1
20429,2440,4,2.5,2.0,8,1
20430,2190,4,3.25,2.0,9,1
20431,4360,5,4.0,2.0,10,1
20432,3990,4,2.75,2.0,9,1
20433,1270,3,2.5,3.0,7,0
20434,3340,4,2.5,2.0,8,1
20435,1500,2,2.0,3.0,8,1
20436,3120,4,3.5,2.0,9,1
20437,2480,4,2.5,2.0,8,0
20438,1110,2,2.0,3.0,7,0
20439,2760,4,2.75,2.0,10,1
20440,1510,3,2.5,3.0,8,1
20441,1460,3,2.5,2.0,8,1
20442,3980,4,2.75,2.0,9,1
20443,3320,4,3.75,2.0,10,1
20444,3270,4,3.25,2.0,9,1
20445,2670,4,2.5,2.0,9,1
20446,1410,3,2.25,2.0,7,0
20447,2475,4,2.75,2.0,7,0
20448,1600,3,3.5,2.0,8,1
20449,1290,2,1.0,2.0,7,0
20450,1608,3,2.5,2.0,8,0
20451,1300,2,2.25,2.0,8,0
20452,2530,4,3.5,2.0,8,0
20453,1390,3,2.5,3.0,8,1
20454,1640,3,2.25,3.0,8,1
20455,2229,4,2.5,2.0,7,0
20456,1790,3,2.5,2.0,8,1
20457,990,3,2.25,2.5,8,0
20458,3240,5,2.75,2.0,10,1
20459,1280,2,2.5,2.0,8,0
20460,1610,3,2.5,2.0,8,0
20461,3670,6,3.5,2.0,10,1
20462,1150,2,2.5,3.0,8,0
20463,3760,5,3.75,2.0,9,1
20464,1320,2,2.5,2.0,8,1
20465,2700,4,2.75,2.0,9,1
20466,1480,2,2.0,3.0,8,1
20467,1410,3,2.25,3.0,9,1
20468,3135,4,2.5,2.0,9,0
20469,1480,3,2.5,2.0,8,1
20470,4020,4,4.5,2.0,10,1
20471,1060,2,2.25,2.0,8,1
20472,1950,2,2.5,3.0,8,1
20473,3340,4,2.75,2.0,9,1
20474,1570,3,2.5,2.5,9,1
20475,1930,3,2.5,2.0,7,1
20476,1590,3,2.0,1.0,7,0
20477,3720,4,4.5,2.0,10,1
20478,4470,4,4.25,2.0,11,1
20479,1290,2,1.0,2.0,7,0
20480,1489,3,2.25,2.0,7,0
20481,2075,3,2.5,1.0,7,0
20482,1413,3,2.5,2.0,8,0
20483,1300,3,2.5,2.0,8,0
20484,1480,3,3.25,2.0,8,0
20485,3320,4,2.75,2.0,9,1
20486,1530,3,2.25,2.0,7,0
20487,1180,3,2.5,3.0,8,1
20488,1190,2,2.0,2.0,8,1
20489,1300,3,2.25,3.0,8,1
20490,1710,3,3.5,2.0,7,0
20491,2390,3,2.5,2.0,9,1
20492,3510,4,3.5,2.0,8,1
20493,1140,3,1.75,2.0,8,0
20494,1320,2,2.5,2.0,8,0
20495,2100,5,3.0,1.0,8,0
20496,2400,4,2.5,2.0,8,0
20497,1408,3,2.5,3.0,8,0
20498,2560,4,2.5,2.0,8,0
20499,1260,2,2.5,3.0,8,0
20500,1290,2,1.75,2.0,8,0
20501,2730,4,2.5,2.0,8,1
20502,1630,2,2.5,2.0,7,0
20503,3530,4,2.75,2.0,10,1
20504,2714,4,2.5,2.0,9,1
20505,1630,3,2.25,2.0,7,1
20506,5790,5,3.25,2.0,10,1
20507,2230,3,3.0,2.5,8,1
20508,1380,3,2.5,2.0,9,0
20509,1320,3,3.5,3.0,8,0
20510,1490,2,2.0,3.0,9,1
20511,1280,3,2.25,2.0,8,1
20512,3870,5,4.0,2.0,10,1
20513,1280,2,2.5,2.0,8,1
20514,1300,3,1.5,2.0,8,1
20515,2170,4,2.75,2.0,8,1
20516,1763,4,2.25,2.0,8,0
20517,1020,2,1.5,2.0,7,0
20518,1840,4,2.5,2.0,7,0
20519,1820,3,2.0,3.0,9,1
20520,2670,3,3.5,2.0,9,1
20521,6260,6,6.5,2.0,11,1
20522,1400,3,2.25,2.0,7,0
20523,1160,2,1.5,2.0,7,0
20524,1400,3,2.5,2.0,7,0
20525,1232,3,2.5,3.0,7,0
20526,2700,4,2.75,2.0,8,1
20527,2550,4,2.5,2.0,7,1
20528,3260,4,2.5,2.0,8,1
20529,1680,2,2.5,2.0,8,1
20530,2630,4,3.25,2.0,10,1
20531,1260,3,1.5,2.0,7,0
20532,2550,4,2.5,2.0,7,0
20533,3450,4,3.25,2.0,8,0
20534,1550,3,2.5,2.0,7,0
20535,4150,4,2.5,2.0,10,1
20536,3900,5,3.5,2.0,9,1
20537,1550,3,3.25,3.0,8,0
20538,2130,4,2.5,2.0,8,0
20539,2890,4,2.5,2.0,9,1
20540,1220,3,2.5,2.0,8,1
20541,2502,4,2.5,2.0,9,1
20542,1340,3,2.0,3.0,8,0
20543,2350,4,2.5,2.0,8,1
20544,1810,3,2.5,2.0,8,1
20545,3310,4,2.5,2.0,8,1
20546,1620,3,2.0,1.0,7,0
20547,1070,2,2.0,2.0,9,0
20548,2230,4,2.5,2.0,8,0
20549,1970,4,2.5,2.0,8,0
20550,4600,5,4.5,2.0,9,1
20551,3110,4,2.75,2.0,9,1
20552,3490,4,2.5,2.0,9,1
20553,1600,3,2.5,2.0,7,0
20554,1960,3,2.5,2.0,8,1
20555,1000,2,2.5,2.0,7,0
20556,1000,2,2.5,2.0,7,0
20557,1500,2,2.0,3.0,7,0
20558,2424,3,2.5,2.0,9,0
20559,2303,4,2.5,2.0,8,0
20560,1880,3,2.5,2.0,7,0
20561,1210,2,2.0,2.0,8,1
20562,3720,4,3.25,2.0,9,1
20563,3610,4,2.75,2.0,9,1
20564,1360,3,1.5,3.0,8,0
20565,2590,5,2.5,2.0,8,1
20566,4390,5,3.25,2.0,10,1
20567,2290,3,3.0,2.5,8,1
20568,3880,4,3.75,2.5,10,1
20569,1350,3,2.5,3.0,8,0
20570,2170,5,2.5,2.0,8,0
20571,1296,3,3.0,3.0,8,0
20572,1530,3,3.25,2.0,8,0
20573,1489,3,2.5,2.0,7,0
20574,2130,4,2.5,2.0,8,0
20575,1430,3,2.75,2.0,9,1
20576,2380,5,3.75,1.0,8,1
20577,1420,3,2.5,2.0,8,1
20578,3450,4,3.25,2.0,9,1
20579,1914,4,2.5,2.0,8,0
20580,988,2,1.5,3.0,7,0
20581,1584,3,2.25,2.0,7,0
20582,2630,4,2.5,2.0,8,1
20583,3520,4,3.25,2.0,9,1
20584,2380,4,2.5,2.0,8,0
20585,1410,3,1.75,3.0,8,1
20586,3220,4,3.5,2.0,9,1
20587,3266,4,3.25,2.0,8,0
20588,2550,3,2.0,2.0,9,1
20589,3828,4,3.5,2.5,9,1
20590,1670,3,2.25,3.0,8,1
20591,3056,4,2.5,2.0,9,1
20592,1000,2,1.5,3.0,8,0
20593,1530,3,3.25,2.0,8,1
20594,3490,5,3.0,2.0,9,1
20595,2760,5,2.5,2.0,8,0
20596,1440,3,2.5,2.0,7,0
20597,1370,3,3.0,3.0,8,0
20598,3180,6,4.0,2.0,9,1
20599,2720,4,3.0,2.0,9,1
20600,1800,3,2.5,2.0,8,0
20601,3220,3,2.5,2.0,9,1
20602,2370,3,2.5,2.0,8,0
20603,1410,3,2.5,2.0,7,0
20604,3640,4,3.5,2.0,9,1
20605,1920,3,2.5,2.0,9,1
20606,2267,4,2.5,2.0,7,0
20607,5780,5,4.75,2.0,11,1
20608,1131,2,1.0,3.0,7,0
20609,2940,3,3.5,2.0,10,1
20610,2180,3,2.5,2.0,7,1
20611,1400,3,2.25,2.0,8,0
20612,2680,4,2.5,2.0,8,0
20613,2680,4,2.5,2.0,8,1
20614,1300,3,2.5,2.0,7,0
20615,2796,4,3.5,2.5,8,0
20616,1460,2,1.75,2.0,8,1
20617,4210,4,3.5,2.0,9,1
20618,2330,4,2.75,2.0,9,1
20619,3930,4,3.5,2.0,9,1
20620,1608,3,2.5,2.0,8,0
20621,1610,2,2.25,2.0,7,0
20622,3200,4,3.5,2.0,9,1
20623,1710,4,2.5,2.0,7,0
20624,3050,5,3.75,2.0,9,1
20625,3560,4,3.5,2.0,9,1
20626,2650,4,2.5,2.0,9,0
20627,3490,3,2.5,2.0,8,1
20628,4140,4,3.25,2.0,9,1
20629,1670,3,2.0,1.0,7,0
20630,1720,3,2.5,2.0,7,0
20631,1510,2,2.0,1.0,8,1
20632,1450,3,2.25,2.0,7,0
20633,1812,4,2.5,2.0,8,0
20634,1060,2,2.25,2.0,8,1
20635,1600,3,2.5,3.0,8,1
20636,1530,3,3.25,2.0,8,1
20637,2070,4,2.25,3.0,9,1
20638,3630,4,2.5,2.0,10,1
20639,2140,3,2.5,2.0,8,1
20640,2010,4,1.75,1.0,7,0
20641,2630,4,2.75,2.0,8,1
20642,2233,4,2.5,2.0,7,0
20643,2990,4,2.75,2.0,7,1
20644,1240,2,1.25,2.0,8,1
20645,2230,3,2.5,2.0,7,0
20646,3700,3,3.25,2.0,11,1
20647,2290,4,3.0,2.0,8,1
20648,950,2,1.5,3.0,8,0
20649,1120,2,1.75,2.0,7,0
20650,2420,5,3.5,2.0,7,0
20651,1714,4,2.5,2.0,8,0
20652,2230,4,2.5,2.0,7,0
20653,2530,4,3.0,2.0,7,1
20654,1550,3,3.5,2.0,8,1
20655,3110,4,2.75,2.0,8,1
20656,2100,3,3.0,2.0,8,1
20657,2150,4,2.5,2.0,8,0
20658,1630,3,1.75,2.0,8,1
20659,2230,3,2.5,2.0,7,0
20660,1320,3,2.5,3.0,7,0
20661,1590,3,2.5,2.0,8,1
20662,2610,5,3.25,2.0,8,0
20663,1440,3,2.5,2.0,7,0
20664,2630,4,2.5,2.0,9,1
20665,3390,3,3.5,2.0,10,1
20666,1400,3,1.5,3.0,8,0
20667,1900,3,3.5,2.0,8,0
20668,1350,3,2.5,3.0,8,0
20669,3420,4,3.25,2.0,9,1
20670,2150,3,2.5,2.0,7,1
20671,2110,4,2.5,2.0,8,0
20672,3810,4,3.25,1.0,10,1
20673,2870,5,3.0,2.0,8,1
20674,1240,2,2.25,2.0,7,0
20675,3610,4,3.5,2.0,9,1
20676,2310,4,2.5,2.0,9,1
20677,1930,4,3.0,1.0,7,0
20678,1390,3,3.0,2.0,7,0
20679,1578,3,2.5,2.0,7,0
20680,1720,3,2.0,1.0,9,0
20681,4700,5,3.75,2.0,10,1
20682,1970,3,3.5,2.0,8,1
20683,1460,3,2.25,2.0,8,1
20684,1930,3,2.5,2.0,8,0
20685,1300,3,2.25,2.0,8,1
20686,1445,3,2.25,2.0,7,0
20687,860,2,2.25,2.0,9,0
20688,3040,3,2.5,2.0,9,1
20689,2424,3,2.5,2.0,9,0
20690,1084,2,1.5,2.0,7,0
20691,2510,3,2.5,2.0,8,0
20692,1220,2,1.5,3.0,7,0
20693,1280,2,2.25,2.0,7,0
20694,3740,5,3.5,2.0,9,1
20695,1852,3,2.5,2.0,7,0
20696,2580,4,2.5,2.0,9,1
20697,3190,4,3.5,2.0,9,1
20698,3400,3,2.5,2.0,8,1
20699,1090,2,1.5,2.0,7,0
20700,2360,3,2.0,1.0,8,0
20701,2460,5,2.5,2.0,8,0
20702,2025,5,2.5,2.0,7,0
20703,4410,4,3.0,2.0,9,1
20704,2810,3,2.5,2.0,9,1
20705,4490,5,3.5,2.0,10,1
20706,3070,4,2.5,2.0,9,1
20707,1984,4,2.5,1.0,8,0
20708,4750,5,3.5,2.0,10,1
20709,2760,4,3.25,2.0,8,1
20710,4360,4,4.0,2.5,10,1
20711,3060,4,2.5,1.5,8,0
20712,2770,4,3.0,2.0,9,1
20713,2990,5,2.5,2.0,8,0
20714,1540,3,2.75,2.0,8,1
20715,1400,3,2.5,3.5,8,1
20716,1680,3,2.5,2.0,7,0
20717,2260,3,2.0,1.0,9,1
20718,3400,4,3.5,2.0,9,1
20719,2930,4,2.5,2.0,9,1
20720,1239,3,2.0,1.0,7,0
20721,2100,3,3.5,2.0,9,1
20722,1200,4,1.0,1.5,7,0
20723,1200,4,1.0,1.5,7,0
20724,680,2,1.5,2.0,7,0
20725,2690,4,3.25,2.0,9,1
20726,2750,4,2.5,2.0,8,0
20727,2450,3,2.5,2.0,8,1
20728,2620,4,2.5,2.0,8,0
20729,1130,2,2.0,2.0,9,0
20730,2790,4,2.75,2.0,8,1
20731,1820,3,2.0,3.0,9,1
20732,2910,4,2.75,2.0,8,1
20733,2568,4,2.5,2.0,9,0
20734,3090,4,2.75,2.0,9,1
20735,1460,2,2.0,2.0,8,1
20736,2010,3,2.5,2.0,8,1
20737,2610,4,2.5,2.0,8,1
20738,960,2,1.5,2.0,8,0
20739,1528,3,2.5,2.0,7,0
20740,1310,2,1.5,2.0,8,0
20741,1760,3,2.25,3.0,9,1
20742,1420,3,2.5,2.0,8,0
20743,1650,3,2.5,3.0,8,0
20744,2320,3,2.5,1.0,8,1
20745,2628,4,2.5,2.0,9,1
20746,2520,4,2.5,2.0,8,1
20747,2880,5,3.5,2.0,8,0
20748,1440,3,2.25,3.0,7,1
20749,2185,3,2.5,2.0,9,0
20750,1500,4,1.5,2.0,7,0
20751,1769,3,2.5,2.0,9,0
20752,3650,4,4.0,2.0,9,1
20753,2160,4,2.5,2.0,8,0
20754,1820,3,2.5,2.0,7,1
20755,2370,3,2.5,2.0,8,0
20756,3180,3,3.0,2.0,11,1
20757,1780,3,2.5,2.0,8,0
20758,2650,4,3.5,2.0,8,1
20759,3300,5,2.75,2.0,10,1
20760,1160,2,2.5,3.0,8,0
20761,3460,3,3.0,2.0,10,1
20762,1390,3,2.5,2.0,7,0
20763,1260,2,2.5,3.0,8,1
20764,2940,5,2.75,2.0,8,1
20765,3190,5,3.5,2.0,8,1
20766,3930,4,3.5,2.0,10,1
20767,3570,5,3.75,2.0,10,1
20768,2420,3,2.5,2.0,8,0
20769,3400,3,2.75,2.0,9,1
20770,2478,4,2.5,2.0,8,0
20771,3070,4,2.5,2.0,11,1
20772,3200,4,3.5,2.0,9,1
20773,5790,5,3.25,2.0,10,1
20774,1590,3,2.25,3.0,8,1
20775,1730,3,3.0,2.0,8,0
20776,2303,4,2.5,2.0,8,0
20777,1790,3,2.5,2.0,8,0
20778,2490,3,3.5,2.0,8,1
20779,2669,4,2.5,2.0,9,0
20780,2610,4,3.25,2.0,10,1
20781,6160,6,5.25,2.0,11,1
20782,1290,2,1.75,2.0,8,0
20783,3560,5,3.5,2.0,8,1
20784,4360,4,3.25,2.0,11,1
20785,1230,3,2.25,2.0,8,0
20786,3640,4,3.25,2.0,10,1
20787,1780,2,2.5,3.0,8,1
20788,1140,3,1.5,3.0,8,0
20789,1270,3,2.0,3.0,8,0
20790,2780,5,3.5,2.0,8,1
20791,1912,4,2.5,2.0,8,0
20792,2300,4,2.5,2.0,8,0
20793,2828,3,2.5,2.0,8,0
20794,2425,4,2.5,2.0,9,0
20795,3730,4,3.25,2.0,9,1
20796,730,1,1.0,1.0,7,0
20797,1990,2,2.5,3.0,9,1
20798,1300,3,2.5,2.0,8,0
20799,2560,4,2.5,2.0,8,0
20800,2450,5,2.5,2.0,8,1
20801,1440,2,1.5,2.0,8,0
20802,1140,3,2.25,3.0,8,0
20803,1110,2,1.5,2.0,8,1
20804,2620,3,2.5,2.0,8,1
20805,1690,3,2.5,2.0,8,0
20806,1950,2,2.75,3.0,8,1
20807,3530,4,3.5,2.0,10,1
20808,3310,4,3.5,2.0,9,1
20809,2620,5,3.0,2.0,10,1
20810,1350,3,2.25,2.0,8,0
20811,1741,2,2.5,2.0,8,1
20812,1650,3,2.5,3.0,8,0
20813,1890,3,2.5,2.0,7,0
20814,1950,3,3.0,3.0,9,1
20815,4490,4,3.5,2.0,9,1
20816,3206,6,2.25,2.0,7,0
20817,4130,4,3.5,2.0,10,1
20818,2800,5,3.0,2.0,8,1
20819,1984,4,3.0,2.0,7,0
20820,2750,4,2.5,2.0,9,1
20821,1740,3,2.75,1.0,7,0
20822,1800,4,2.25,2.0,8,0
20823,1540,3,2.25,3.0,8,1
20824,2030,4,2.25,2.0,9,1
20825,3310,4,2.5,2.0,9,1
20826,1270,3,1.5,3.0,8,1
20827,2406,5,2.5,2.0,8,0
20828,1540,2,2.25,3.0,9,1
20829,2820,4,2.5,2.0,9,1
20830,2540,5,2.5,2.0,7,0
20831,1230,2,2.25,3.0,8,0
20832,1900,4,2.5,2.0,8,0
20833,2920,5,2.75,2.0,8,1
20834,1450,3,2.5,2.0,8,1
20835,5370,4,3.0,2.0,10,1
20836,1270,3,2.0,3.0,8,0
20837,2550,3,2.5,2.0,9,1
20838,3070,4,3.0,2.0,9,1
20839,1450,3,2.25,2.0,7,0
20840,4230,5,3.5,2.0,10,1
20841,3480,4,2.5,2.0,9,1
20842,1490,3,2.25,2.0,7,0
20843,1200,3,2.25,3.0,8,0
20844,2150,3,2.5,2.0,8,0
20845,3690,3,3.5,2.0,10,1
20846,1900,4,2.5,2.0,7,0
20847,1690,4,3.25,2.0,8,1
20848,2790,4,2.75,2.0,8,1
20849,1936,3,2.0,2.0,7,0
20850,1150,2,2.25,2.0,7,0
20851,2040,4,2.5,2.0,7,0
20852,2470,4,2.5,2.0,9,1
20853,1890,4,2.5,2.0,8,0
20854,1626,3,2.5,2.5,8,1
20855,2250,4,2.5,2.0,8,0
20856,1350,3,2.25,2.0,7,0
20857,1460,3,2.5,2.0,8,0
20858,2056,3,2.5,2.0,7,0
20859,1160,2,2.5,2.0,8,1
20860,1384,3,3.0,2.0,8,1
20861,1100,2,1.5,3.0,8,0
20862,2456,3,2.5,2.0,8,0
20863,4500,4,4.25,2.0,11,1
20864,3780,4,3.25,1.0,11,1
20865,1320,2,2.5,2.0,8,1
20866,5940,4,3.0,2.0,11,1
20867,1650,3,2.0,1.5,7,0
20868,1670,3,3.0,1.0,7,0
20869,1610,3,3.25,2.0,8,1
20870,3370,5,2.75,2.0,9,1
20871,2660,4,2.5,2.0,7,0
20872,1690,3,3.25,2.0,8,1
20873,1620,3,2.25,3.0,8,1
20874,1300,3,1.75,2.0,7,0
20875,1610,4,2.5,2.0,7,0
20876,3530,3,3.25,2.0,9,1
20877,3550,4,2.5,2.0,10,1
20878,1730,3,3.0,3.0,8,1
20879,2400,5,2.75,2.0,8,0
20880,1420,3,2.5,3.0,8,1
20881,1220,2,1.5,2.5,8,1
20882,2360,4,2.25,2.0,9,1
20883,3990,4,3.5,2.0,9,1
20884,1260,3,2.5,3.0,8,0
20885,1580,3,2.5,2.0,8,0
20886,1760,3,2.5,2.0,7,0
20887,3420,5,3.5,2.0,9,1
20888,2870,5,2.75,2.0,9,1
20889,1934,4,2.5,2.0,8,0
20890,1220,3,1.5,3.0,8,1
20891,2450,3,2.75,2.0,9,1
20892,1860,3,3.25,3.0,8,0
20893,1500,3,2.5,3.0,7,1
20894,1570,2,1.75,3.0,9,1
20895,1280,3,2.0,2.0,9,1
20896,3192,3,2.5,2.0,8,0
20897,1690,3,2.5,3.0,8,1
20898,1590,2,2.5,2.0,8,0
20899,2870,3,2.5,2.0,9,1
20900,2580,4,2.5,2.0,8,0
20901,1830,4,2.75,2.0,8,0
20902,2927,4,2.5,2.0,7,0
20903,1320,3,1.5,3.0,8,1
20904,1720,3,2.5,2.0,7,0
20905,828,2,1.0,1.0,6,0
20906,1040,3,1.5,2.0,9,0
20907,2790,4,2.75,2.0,8,1
20908,1410,3,2.5,2.0,7,0
20909,4040,4,4.5,2.0,9,1
20910,3370,4,3.5,2.0,9,1
20911,1660,3,2.5,2.0,7,0
20912,910,2,1.75,1.0,6,0
20913,1280,3,2.25,3.0,8,0
20914,2360,4,2.75,2.0,8,1
20915,2529,3,2.5,2.0,7,0
20916,4700,4,3.5,1.0,11,1
20917,2780,3,2.5,1.0,10,1
20918,3540,4,2.75,2.0,9,1
20919,1580,3,2.5,2.0,8,1
20920,1700,3,2.5,2.0,7,0
20921,1600,3,2.5,2.0,7,0
20922,1410,2,1.75,1.5,9,0
20923,1580,3,1.5,3.0,8,1
20924,3940,3,3.5,2.0,10,1
20925,4450,5,2.75,2.0,9,1
20926,2009,4,2.5,2.0,8,0
20927,2732,6,5.0,2.0,7,0
20928,2090,3,2.5,2.0,7,0
20929,980,2,2.5,3.0,8,0
20930,2815,5,3.5,2.0,9,1
20931,3170,4,2.5,2.0,9,1
20932,3030,5,3.25,2.0,8,1
20933,1280,2,2.5,2.0,8,0
20934,2030,3,2.5,3.0,9,1
20935,2490,3,2.5,2.5,8,0
20936,3030,3,2.5,2.0,8,1
20937,1470,2,2.5,3.0,8,1
20938,1620,3,2.25,2.5,8,0
20939,5520,4,3.0,2.0,9,1
20940,3200,3,3.5,2.0,10,1
20941,2580,4,2.5,2.0,8,1
20942,2050,4,3.0,2.0,8,0
20943,2430,3,2.5,2.0,7,1
20944,3060,4,3.25,2.0,10,1
20945,1540,2,2.0,2.0,8,1
20946,1310,3,3.25,2.0,8,1
20947,1800,3,2.5,2.0,8,0
20948,2370,3,2.5,2.0,8,0
20949,1445,3,2.25,2.0,7,0
20950,1450,3,2.25,2.0,8,1
20951,1740,3,2.5,3.0,8,1
20952,3560,4,2.5,3.0,8,1
20953,2130,3,2.75,2.0,9,1
20954,2980,5,2.75,2.0,9,1
20955,2840,3,3.0,2.0,9,1
20956,3420,4,2.5,2.0,9,1
20957,1660,3,2.5,2.0,7,0
20958,1150,2,2.25,2.0,7,0
20959,1410,3,2.25,2.0,7,0
20960,1420,3,2.0,2.5,9,1
20961,1860,3,2.5,2.0,8,0
20962,1340,2,1.5,2.0,8,0
20963,1530,2,1.5,2.0,8,0
20964,1509,3,2.5,3.0,8,0
20965,2350,3,2.5,2.0,8,1
20966,1010,2,1.5,3.0,7,0
20967,4495,5,3.5,2.0,9,1
20968,1580,3,2.5,3.0,9,1
20969,2750,4,3.0,2.0,9,0
20970,1890,4,2.25,2.0,7,1
20971,1320,3,2.25,2.0,7,0
20972,2150,4,2.5,2.0,8,0
20973,3340,4,2.5,2.0,9,1
20974,1850,3,2.5,2.0,7,0
20975,1950,2,2.5,2.0,9,1
20976,4240,5,3.25,2.0,9,1
20977,2700,4,3.5,2.0,11,1
20978,3040,5,4.0,2.0,8,1
20979,2460,4,2.5,2.0,8,1
20980,2110,4,2.5,2.0,7,0
20981,780,2,1.0,2.0,7,0
20982,2640,5,3.5,2.0,7,1
20983,5190,5,4.0,2.0,11,1
20984,2420,4,2.5,2.0,8,0
20985,1987,4,2.5,2.0,7,0
20986,720,1,1.0,1.0,6,0
20987,1130,2,1.5,2.0,8,0
20988,2810,4,2.5,2.0,9,1
20989,1500,3,3.25,2.0,8,0
20990,1390,4,2.0,3.0,7,0
20991,2500,4,2.5,2.0,9,1
20992,3906,4,3.5,2.0,9,1
20993,1470,3,2.5,2.0,8,0
20994,3230,5,3.5,2.0,10,1
20995,2700,3,2.5,2.0,9,1
20996,4073,4,2.5,2.0,8,1
20997,3361,4,2.5,2.0,9,1
20998,1610,4,2.25,2.0,7,0
20999,3830,4,3.5,2.0,9,1
21000,1470,3,3.25,2.0,7,0
21001,3190,5,3.0,1.0,9,1
21002,3250,4,3.25,2.0,9,1
21003,1490,3,2.25,2.0,7,0
21004,2900,5,2.75,2.0,8,1
21005,2540,4,2.5,2.0,9,1
21006,3360,5,2.75,2.0,9,1
21007,860,2,1.25,2.0,7,0
21008,3020,4,2.5,2.0,9,1
21009,1330,3,2.5,3.0,7,0
21010,2578,4,2.5,2.0,9,0
21011,2640,4,2.5,2.0,8,0
21012,1260,3,1.75,2.0,7,0
21013,1990,3,2.5,3.0,9,1
21014,3340,5,3.25,2.0,9,1
21015,2840,4,2.5,2.0,9,1
21016,1530,3,2.5,3.0,8,0
21017,1780,3,2.5,3.0,8,1
21018,2340,4,2.5,2.0,8,1
21019,2390,4,2.5,2.0,7,0
21020,2090,4,2.5,2.0,8,0
21021,1140,3,1.0,1.0,7,0
21022,1960,3,2.5,2.0,7,0
21023,2738,5,3.5,2.0,8,0
21024,3691,4,2.5,2.0,8,1
21025,2340,3,2.5,2.0,8,0
21026,2510,4,3.5,2.0,8,1
21027,2800,6,3.0,2.0,8,1
21028,1650,3,2.5,2.0,8,0
21029,1061,2,2.25,2.0,7,0
21030,3402,4,2.5,2.0,10,1
21031,2542,4,2.5,2.0,8,0
21032,3150,3,2.5,2.0,9,1
21033,3010,4,2.5,2.0,8,1
21034,1660,3,2.5,2.0,7,0
21035,1770,3,2.5,2.0,7,0
21036,1960,3,3.0,2.0,9,1
21037,1889,4,2.5,2.0,7,0
21038,3040,4,2.5,2.0,9,0
21039,3420,4,2.75,2.0,9,1
21040,1720,3,3.25,2.0,8,1
21041,1740,3,2.5,2.0,7,0
21042,2450,4,2.5,2.0,8,1
21043,1190,3,1.5,2.0,8,0
21044,3753,4,2.5,2.0,10,0
21045,3440,5,3.5,2.0,9,1
21046,2160,3,2.5,3.0,8,1
21047,3820,4,2.75,2.0,10,1
21048,1120,2,2.0,2.0,7,0
21049,2250,4,2.5,2.0,8,0
21050,1540,3,3.25,2.0,8,1
21051,1240,2,2.25,2.0,7,0
21052,1160,2,1.5,2.0,8,1
21053,2760,5,3.5,2.5,8,0
21054,1580,3,2.25,3.0,9,1
21055,1480,3,3.25,2.0,8,0
21056,3740,4,3.25,2.0,10,1
21057,1950,4,2.5,2.0,8,0
21058,1530,3,3.0,3.0,8,1
21059,1820,3,2.5,2.0,8,0
21060,2760,3,2.5,2.0,10,1
21061,3010,5,2.75,2.0,9,1
21062,3860,5,3.25,2.0,9,1
21063,2490,4,2.5,2.0,8,1
21064,3236,4,2.5,2.0,10,0
21065,2830,4,2.5,2.0,8,1
21066,1451,3,2.0,1.0,7,0
21067,2910,5,3.25,2.0,8,1
21068,1280,3,2.5,3.0,8,1
21069,1110,3,2.25,2.0,7,0
21070,2840,4,2.75,2.0,9,1
21071,1410,3,1.75,2.0,8,0
21072,3250,4,2.5,2.0,9,1
21073,3030,4,2.75,2.0,8,1
21074,1983,4,2.5,2.0,9,0
21075,2440,3,3.25,2.0,8,1
21076,2313,3,2.5,2.0,9,0
21077,1260,3,2.25,2.0,7,0
21078,2000,3,2.5,2.0,8,1
21079,1150,2,1.75,2.0,7,0
21080,2820,4,2.5,2.0,9,0
21081,1160,2,1.75,2.0,7,0
21082,1481,3,2.25,2.0,7,0
21083,4390,5,3.5,2.0,9,1
21084,1570,2,1.75,3.0,9,1
21085,3410,4,3.0,2.0,9,1
21086,3480,5,3.25,2.0,9,1
21087,3430,4,3.25,2.0,9,1
21088,2880,5,2.75,2.0,9,1
21089,2990,3,2.5,2.0,10,1
21090,4490,5,5.0,2.0,10,1
21091,4100,5,4.0,2.0,9,1
21092,3870,4,2.75,2.0,11,1
21093,800,2,1.5,2.0,7,0
21094,1620,3,2.25,3.0,8,0
21095,2910,4,2.5,3.0,8,1
21096,3530,4,3.25,2.0,10,1
21097,2701,4,2.5,2.0,7,0
21098,1380,2,2.5,2.0,7,0
21099,2050,3,2.5,2.0,9,1
21100,3370,3,4.0,2.0,10,1
21101,2040,3,2.5,2.0,7,1
21102,1610,3,2.5,2.0,8,0
21103,2680,3,2.5,2.0,8,1
21104,3560,4,3.5,2.0,10,1
21105,3880,4,3.5,2.0,10,1
21106,1824,3,2.0,1.0,9,0
21107,2220,3,2.5,2.0,10,1
21108,4140,4,3.25,2.0,10,1
21109,1322,3,2.5,2.0,7,0
21110,1909,3,2.5,3.0,8,1
21111,3460,4,3.5,2.0,10,1
21112,1954,4,2.5,2.0,8,0
21113,3000,5,2.5,1.0,9,1
21114,2650,4,2.5,2.0,8,1
21115,2580,4,2.5,2.0,8,1
21116,2650,4,3.0,2.0,8,1
21117,3390,4,3.5,2.0,10,1
21118,1470,3,1.75,3.0,10,1
21119,1910,3,2.5,2.0,9,1
21120,3030,4,2.5,2.0,9,1
21121,2930,4,3.25,2.0,9,1
21122,1650,3,2.5,2.0,8,0
21123,2870,4,2.5,2.0,9,1
21124,1608,3,2.5,2.0,8,0
21125,1620,2,2.5,2.0,7,0
21126,1350,3,2.5,2.0,8,1
21127,1950,3,2.5,2.0,7,0
21128,3390,6,4.5,2.0,8,0
21129,1300,3,1.75,2.0,7,0
21130,2230,3,3.0,2.5,8,1
21131,1880,4,2.5,2.0,8,1
21132,3370,5,2.5,2.0,7,0
21133,1320,2,2.5,2.0,8,1
21134,2920,3,2.5,2.0,9,1
21135,1550,3,3.25,2.0,9,1
21136,2301,4,2.5,2.0,9,0
21137,1710,3,3.25,2.0,8,0
21138,2890,4,3.75,2.0,9,1
21139,2100,3,2.5,2.0,7,1
21140,2240,3,2.75,2.0,8,0
21141,1460,3,3.0,3.0,8,0
21142,1370,3,1.75,3.0,9,1
21143,3760,3,3.5,2.0,11,1
21144,2510,4,3.25,2.0,9,1
21145,1210,2,2.25,2.0,8,1
21146,2990,4,3.0,2.0,10,1
21147,1710,3,2.5,2.0,8,1
21148,3274,4,2.5,2.0,9,1
21149,3300,4,2.25,3.0,9,1
21150,4370,4,3.5,2.0,11,1
21151,2050,4,2.5,2.0,7,0
21152,1310,2,2.5,2.0,8,1
21153,1680,3,1.5,1.5,7,0
21154,1330,3,3.0,2.0,8,1
21155,1950,3,3.0,3.0,9,1
21156,3090,5,3.25,2.0,9,1
21157,1950,3,2.5,2.0,7,0
21158,1108,3,2.0,3.0,7,0
21159,2190,4,2.25,2.0,7,0
21160,1590,3,1.75,2.0,8,1
21161,3010,4,2.75,2.0,9,1
21162,1330,3,2.0,2.0,8,0
21163,1550,3,2.5,2.0,7,0
21164,1260,2,1.5,2.0,7,0
21165,2550,4,2.5,2.0,8,1
21166,1300,3,2.5,3.0,8,1
21167,2230,3,3.0,2.5,8,1
21168,1170,1,1.5,2.0,8,0
21169,4170,4,3.5,2.0,9,1
21170,1680,3,2.0,1.0,7,0
21171,2864,4,3.25,3.0,8,0
21172,1630,3,2.25,2.0,7,1
21173,2716,4,2.5,2.0,9,1
21174,1750,3,2.5,2.0,7,0
21175,3223,5,3.0,2.0,9,1
21176,2600,5,2.5,2.0,9,1
21177,3320,4,2.75,2.0,8,1
21178,1350,4,2.0,3.0,7,0
21179,3410,5,2.5,2.0,9,1
21180,1572,3,2.5,2.0,8,0
21181,2300,4,2.5,2.0,7,0
21182,1030,1,1.5,1.0,8,1
21183,1458,3,1.75,2.0,8,1
21184,2190,4,2.5,2.0,7,1
21185,3640,4,3.0,2.0,8,1
21186,2790,4,2.75,2.0,8,1
21187,2632,4,2.5,2.0,8,0
21188,2910,4,2.75,2.0,8,1
21189,1470,2,2.25,2.0,8,1
21190,2240,3,2.5,2.0,8,1
21191,2310,3,2.5,2.0,8,1
21192,2370,3,2.5,2.0,8,0
21193,2980,4,2.75,1.0,8,1
21194,1870,4,2.0,1.0,7,0
21195,1770,3,2.5,3.0,8,1
21196,3510,4,3.5,2.0,10,1
21197,3281,4,2.5,2.0,9,1
21198,1670,3,2.0,1.0,7,0
21199,2760,5,3.5,2.5,8,0
21200,5430,5,3.5,2.0,10,1
21201,2990,4,2.5,2.0,9,0
21202,3170,4,3.5,2.0,8,1
21203,3520,4,2.5,2.5,9,1
21204,1650,2,3.0,3.0,8,1
21205,2656,4,2.75,2.0,9,1
21206,2230,3,2.5,2.0,8,1
21207,2280,3,2.5,2.0,8,1
21208,2798,4,2.5,2.0,9,0
21209,2398,4,2.5,2.0,8,0
21210,2350,4,2.5,2.0,8,1
21211,2410,5,2.75,1.0,7,0
21212,1580,3,2.25,3.0,8,0
21213,1450,3,3.25,2.0,8,0
21214,1750,4,2.5,2.0,7,0
21215,3020,3,2.5,2.0,9,1
21216,1740,3,3.0,3.0,8,1
21217,2200,2,2.25,2.0,9,1
21218,1867,4,2.5,2.0,9,0
21219,1020,2,1.5,3.0,8,0
21220,2475,4,2.75,2.0,7,0
21221,1110,2,1.75,2.0,8,0
21222,1900,3,2.5,2.5,7,1
21223,1560,3,3.25,2.0,8,0
21224,2510,4,2.5,2.0,8,1
21225,4150,4,4.75,3.0,9,1
21226,1660,3,3.0,3.0,9,1
21227,1090,2,1.5,3.0,8,0
21228,1914,4,2.5,2.0,8,0
21229,2730,4,3.25,1.0,9,1
21230,2470,3,2.75,2.0,9,1
21231,2340,5,2.5,2.0,7,0
21232,2660,4,3.5,2.0,8,1
21233,2410,3,2.5,2.0,7,1
21234,1430,3,2.25,2.0,7,0
21235,1570,2,2.5,3.0,7,0
21236,3010,5,2.75,2.0,9,1
21237,1613,4,2.5,2.0,7,0
21238,2380,3,2.5,2.0,8,0
21239,2570,5,2.5,2.0,8,1
21240,2550,4,2.5,2.0,7,0
21241,1330,3,2.25,3.0,7,0
21242,1160,2,1.5,2.0,7,1
21243,3240,5,3.5,2.0,8,1
21244,2710,4,2.5,2.0,7,1
21245,1150,3,1.0,1.0,7,1
21246,1860,3,2.25,3.0,9,1
21247,1280,3,2.25,2.0,8,1
21248,1810,3,2.5,3.0,7,1
21249,1240,2,2.25,2.0,7,0
21250,1460,4,3.5,3.0,8,1
21251,1640,2,2.5,2.0,10,1
21252,5010,4,4.25,2.0,11,1
21253,1300,3,3.25,2.0,8,1
21254,2510,4,2.5,2.0,8,1
21255,2710,3,3.5,2.0,8,1
21256,3217,4,3.5,2.0,8,1
21257,1650,3,2.5,2.0,7,0
21258,3950,4,3.5,2.0,11,1
21259,1680,2,2.5,3.0,9,1
21260,3420,5,3.5,2.0,8,1
21261,2300,3,2.75,2.0,8,1
21262,3010,4,2.75,2.0,9,1
21263,4680,4,3.5,2.0,10,1
21264,3630,5,3.5,2.0,9,1
21265,3530,3,3.5,2.0,10,1
21266,2280,4,2.5,2.0,7,0
21267,3090,3,2.5,2.0,8,1
21268,550,1,1.0,2.0,7,0
21269,2840,4,3.25,2.0,9,1
21270,3130,4,2.5,2.0,10,1
21271,1440,3,2.5,3.0,8,0
21272,2840,4,3.5,3.0,8,1
21273,2623,4,2.5,2.0,8,0
21274,5640,4,3.25,2.0,11,1
21275,1260,2,2.25,2.0,7,0
21276,894,2,1.0,2.0,7,0
21277,3370,4,2.5,2.0,9,1
21278,1250,3,2.25,3.0,8,0
21279,1180,3,1.5,3.0,7,0
21280,1520,2,2.5,2.0,8,0
21281,2000,3,2.5,2.0,7,0
21282,3180,5,2.75,2.0,9,1
21283,3050,4,2.75,2.0,8,1
21284,2580,3,1.5,1.0,7,0
21285,6880,5,6.0,2.0,12,1
21286,2570,3,2.5,2.5,9,1
21287,2950,4,3.5,2.0,10,1
21288,1690,3,2.5,2.0,8,0
21289,2790,4,2.75,2.0,8,1
21290,1720,3,2.25,2.0,9,1
21291,2890,3,2.25,3.0,9,1
21292,1130,2,1.75,1.0,8,1
21293,1460,2,2.25,2.0,8,1
21294,2510,3,2.5,2.0,8,1
21295,3390,4,2.5,2.0,8,1
21296,3570,4,2.5,2.0,9,1
21297,2280,4,2.5,2.0,7,0
21298,2920,5,3.5,2.0,9,1
21299,2590,4,3.0,2.0,8,1
21300,3210,5,2.75,2.0,9,1
21301,1230,3,2.0,1.0,7,0
21302,3800,3,2.5,2.0,8,1
21303,1500,3,2.5,2.0,7,0
21304,2510,4,2.25,2.0,8,0
21305,1400,3,1.5,3.0,8,0
21306,1450,3,2.25,2.0,7,0
21307,1390,2,2.5,2.0,7,0
21308,3160,3,2.75,2.0,9,1
21309,4350,4,3.75,2.0,10,1
21310,2720,4,2.5,2.0,8,1
21311,1290,3,3.25,3.0,7,0
21312,1606,3,2.25,3.0,8,0
21313,4460,5,3.5,3.0,10,1
21314,2800,4,3.25,2.0,7,0
21315,3250,5,3.5,2.0,9,1
21316,4310,6,3.5,2.0,10,1
21317,1310,3,2.25,2.0,7,0
21318,1240,2,1.5,2.0,8,0
21319,1950,3,2.5,2.0,7,0
21320,1800,3,2.5,2.0,8,0
21321,2650,4,2.5,2.0,8,1
21322,820,2,1.0,3.0,8,0
21323,2620,4,2.75,2.0,8,1
21324,3980,4,3.25,2.0,10,1
21325,1660,3,3.5,2.0,8,1
21326,2130,4,2.5,2.0,8,0
21327,1790,3,1.75,1.5,7,0
21328,1410,3,1.75,2.0,8,0
21329,1330,3,2.25,2.0,8,0
21330,2190,4,2.5,2.0,7,0
21331,2540,3,2.5,2.0,7,0
21332,2244,3,2.5,2.0,7,0
21333,2026,3,2.5,2.0,8,0
21334,1730,3,2.5,2.0,8,0
21335,3910,4,3.5,2.0,9,1
21336,1580,3,2.5,3.0,9,1
21337,2510,4,2.5,2.0,8,1
21338,1000,2,2.25,3.0,8,0
21339,1660,4,2.5,2.0,7,0
21340,3060,4,3.5,2.0,9,1
21341,1980,3,2.5,2.0,7,0
21342,980,2,1.0,2.0,8,0
21343,1050,2,2.5,2.0,7,0
21344,3080,4,3.25,2.0,10,1
21345,1900,3,2.25,2.0,7,0
21346,2200,4,2.5,2.0,8,1
21347,1360,3,1.5,3.0,8,0
21348,2238,3,2.5,2.0,8,0
21349,2590,4,2.5,2.0,8,1
21350,2517,3,2.5,2.0,8,0
21351,3510,4,3.5,2.0,10,1
21352,1290,3,1.75,2.0,7,0
21353,2230,5,3.0,1.0,7,0
21354,3140,4,2.75,2.0,9,1
21355,3350,3,3.5,2.0,8,1
21356,2245,4,2.5,2.0,8,0
21357,1420,3,1.75,3.0,8,1
21358,1560,3,3.0,3.0,8,1
21359,2810,4,2.75,2.0,9,1
21360,1630,2,2.25,2.0,10,1
21361,1740,3,2.5,2.0,7,0
21362,1390,3,2.25,3.0,8,0
21363,1070,3,2.5,2.0,7,0
21364,2850,5,3.25,2.0,8,1
21365,4100,5,3.25,2.0,10,1
21366,3260,4,2.5,2.0,9,1
21367,3660,4,3.5,2.0,9,1
21368,2708,4,2.5,2.0,9,0
21369,1800,3,2.5,2.0,8,0
21370,1150,3,2.5,3.0,7,0
21371,2230,3,2.5,2.0,8,1
21372,3540,4,3.25,2.0,9,1
21373,2490,4,3.5,2.0,9,1
21374,2670,3,2.5,2.0,9,1
21375,1430,2,2.5,3.0,8,1
21376,2670,5,2.75,2.0,8,1
21377,2555,3,2.5,2.0,8,0
21378,1970,3,2.5,2.0,7,1
21379,1980,3,2.0,3.0,8,0
21380,2010,3,2.5,2.0,9,1
21381,1270,3,1.5,3.0,8,0
21382,3950,4,2.5,3.0,10,1
21383,1870,3,2.0,1.0,8,1
21384,1180,1,1.5,2.0,8,0
21385,1420,3,2.5,3.0,7,0
21386,2810,4,2.75,2.0,9,1
21387,1400,3,2.5,2.0,7,0
21388,1950,3,2.5,2.0,7,0
21389,1930,3,2.25,2.0,7,0
21390,2210,4,2.5,2.0,9,1
21391,2630,4,3.5,2.0,10,1
21392,1600,3,1.75,1.0,6,0
21393,1480,3,2.5,2.0,8,0
21394,750,2,2.5,2.0,8,0
21395,1290,3,1.5,3.0,8,0
21396,1340,3,3.25,3.0,7,0
21397,1020,2,1.5,3.0,8,0
21398,2330,3,3.0,2.5,8,1
21399,2360,5,3.0,1.0,7,1
21400,1495,3,2.5,3.0,8,0
21401,3770,4,3.5,2.0,10,1
21402,2890,5,2.5,2.0,8,1
21403,1320,3,2.75,3.0,8,1
21404,2330,4,2.5,2.0,7,0
21405,3120,4,2.5,2.0,9,0
21406,2960,5,3.0,2.0,9,1
21407,1630,3,2.25,3.0,8,0
21408,5230,5,3.5,2.0,11,1
21409,3150,4,3.0,2.0,9,1
21410,3280,4,3.75,2.0,10,1
21411,1030,3,1.0,1.0,5,0
21412,3130,4,2.5,2.0,9,1
21413,1240,3,3.5,2.0,7,0
21414,3560,4,2.75,2.0,10,1
21415,2170,5,2.5,2.0,8,0
21416,1520,3,2.5,2.0,7,0
21417,1270,3,2.5,2.0,8,0
21418,3610,4,3.25,2.0,9,1
21419,3230,3,2.75,2.0,9,1
21420,2300,5,3.0,2.0,8,0
21421,1460,2,2.5,2.0,8,0
21422,1750,3,2.5,3.0,9,1
21423,3030,5,2.75,2.0,9,1
21424,1522,3,3.5,2.0,8,0
21425,3890,4,3.75,2.0,10,1
21426,4590,5,4.0,2.0,10,1
21427,4620,4,4.0,2.0,10,1
21428,3220,4,2.75,2.0,8,1
21429,3170,5,2.75,2.0,9,1
21430,980,2,2.5,3.0,8,0
21431,2340,3,1.75,1.0,10,1
21432,1620,3,2.25,3.0,8,1
21433,1910,3,2.5,3.0,8,0
21434,2420,3,2.5,2.0,9,1
21435,3850,3,4.5,2.0,10,1
21436,3220,5,2.5,2.0,8,1
21437,3040,4,2.5,2.0,8,1
21438,1496,3,1.75,2.0,8,0
21439,1630,3,1.75,3.0,8,1
21440,4200,5,3.5,2.0,9,1
21441,2430,3,2.5,2.0,8,0
21442,4010,5,4.25,2.0,10,1
21443,1510,3,2.5,2.5,8,1
21444,2340,4,3.5,2.0,8,1
21445,2700,2,2.75,1.0,9,1
21446,4360,3,3.5,2.0,10,1
21447,1350,3,2.5,3.0,8,0
21448,1380,3,3.25,3.0,8,1
21449,1830,2,2.5,2.0,9,1
21450,1470,3,2.5,2.0,8,0
21451,2940,4,2.5,2.0,9,1
21452,1110,2,2.0,3.0,7,0
21453,2790,4,2.5,2.0,8,1
21454,3790,4,3.75,2.0,11,1
21455,3570,4,2.5,2.0,9,1
21456,1230,3,2.25,3.0,8,0
21457,1370,3,3.25,2.0,8,0
21458,1380,3,3.25,3.0,8,1
21459,1070,1,2.0,2.0,8,0
21460,4920,4,4.0,2.0,10,1
21461,5150,5,3.5,2.0,10,1
21462,2390,6,3.0,2.0,7,1
21463,2460,4,2.75,2.0,9,1
21464,3650,4,2.5,2.0,10,1
21465,4300,4,3.5,2.0,11,1
21466,1610,3,2.25,2.0,7,0
21467,2610,4,2.5,2.0,8,1
21468,1750,3,2.5,3.0,8,1
21469,3310,3,2.5,2.0,8,1
21470,5090,4,3.75,1.0,11,1
21471,1060,3,2.0,2.0,7,0
21472,4420,4,4.0,2.0,11,1
21473,2100,3,2.5,2.0,9,1
21474,1650,3,1.75,3.0,8,1
21475,2380,4,2.5,2.0,7,0
21476,1170,2,2.25,2.0,7,0
21477,2531,4,2.5,2.0,8,0
21478,998,3,2.25,2.0,7,0
21479,1333,3,2.25,3.0,7,0
21480,4410,5,3.5,2.0,10,1
21481,1160,3,2.75,2.0,7,0
21482,2630,4,3.25,2.0,9,1
21483,1160,3,1.5,3.0,8,1
21484,2140,3,2.5,2.0,8,1
21485,1980,4,2.5,2.0,7,0
21486,3030,3,2.5,2.0,8,1
21487,1490,2,2.0,2.0,8,0
21488,2370,2,1.5,2.0,11,1
21489,1820,3,2.5,2.0,8,0
21490,1260,3,2.0,2.0,7,0
21491,4350,5,4.5,2.0,11,1
21492,1100,1,1.25,3.0,9,1
21493,2050,3,2.5,2.0,9,1
21494,2198,3,2.5,2.0,8,0
21495,1230,3,2.25,3.0,8,1
21496,1400,2,2.0,2.0,8,1
21497,1410,3,2.5,2.0,8,1
21498,2110,3,2.5,2.0,8,1
21499,1590,2,2.5,2.0,7,0
21500,3370,5,2.5,2.0,9,1
21501,4500,5,4.0,2.0,10,1
21502,2930,4,2.5,2.0,10,0
21503,2470,4,2.5,2.0,8,0
21504,3080,5,2.75,2.0,9,1
21505,2260,4,2.75,2.0,7,0
21506,1670,4,3.0,2.0,8,1
21507,1540,3,3.25,3.0,9,1
21508,3830,4,3.5,2.0,10,1
21509,980,2,2.5,3.0,8,0
21510,1450,3,2.5,1.0,7,0
21511,2850,4,3.5,2.0,8,1
21512,1140,3,1.75,2.0,8,0
21513,3070,4,3.5,2.0,10,1
21514,1680,3,3.0,3.0,8,1
21515,3087,3,2.5,2.0,8,0
21516,4850,5,4.5,2.0,10,1
21517,1900,4,3.25,2.0,9,1
21518,940,2,1.5,2.0,7,0
21519,1730,3,3.25,2.0,9,1
21520,2780,3,3.0,2.0,9,1
21521,2780,3,3.0,2.0,9,1
21522,1500,3,2.25,2.0,8,1
21523,710,2,1.0,2.0,7,0
21524,1260,3,2.5,2.0,7,0
21525,1870,3,2.5,2.0,7,0
21526,1430,2,2.5,3.0,8,1
21527,1520,3,2.5,3.0,8,0
21528,1210,2,1.5,2.0,8,0
21529,2540,3,2.5,2.0,8,0
21530,4910,4,3.5,1.5,11,1
21531,2770,4,2.75,2.0,8,1
21532,1190,3,2.25,3.0,8,1
21533,4170,5,3.75,2.0,10,1
21534,2500,4,2.75,2.0,8,0
21535,1530,2,2.25,3.0,8,1
21536,3600,5,2.75,2.0,9,1
21537,3410,4,3.25,2.0,10,1
21538,3118,4,2.5,2.0,9,1
21539,3990,4,3.0,2.0,9,1
21540,4470,5,3.75,2.0,11,1
21541,1425,3,2.5,3.0,8,1
21542,1500,3,1.75,1.0,6,0
21543,2270,3,2.5,2.0,8,1
21544,1490,3,2.0,3.0,8,0
21545,2520,4,2.5,2.0,9,1
21546,3510,4,3.5,2.0,9,1
21547,1310,3,2.5,2.0,8,1
21548,1530,3,2.5,3.0,8,0
21549,2310,4,2.5,2.0,8,0
21550,1020,2,0.75,2.0,7,0
21551,1600,3,2.5,2.0,8,0
21552,1020,2,0.75,2.0,7,0
