{
  "method": "shap",
  "values": [
    -0.07877100556600111,
    0.040363039657225305,
    0.013249812054571194,
    0.1332546663828138,
    -0.012190348742376095,
    0.2325032157037163,
    -0.10412616737622299,
    0.03282613989592459
  ],
  "class_values": [
    [
      0.07877100556600106,
      -0.040363039657225236,
      -0.013249812054571194,
      -0.1332546663828137,
      0.012190348742376012,
      -0.23250321570371615,
      0.10412616737622303,
      -0.03282613989592481
    ],
    [
      -0.07877100556600111,
      0.040363039657225305,
      0.013249812054571194,
      0.1332546663828138,
      -0.012190348742376095,
      0.2325032157037163,
      -0.10412616737622299,
      0.03282613989592459
    ]
  ],
  "ranking_values": [
    0.07877100556600111,
    0.040363039657225305,
    0.013249812054571194,
    0.1332546663828138,
    0.012190348742376095,
    0.2325032157037163,
    0.10412616737622303,
    0.03282613989592481
  ],
  "base_value": 0.6234494823668686,
  "max_abs_value": 0.2325032157037163
}