{
  "method": "shap",
  "values": [
    0.18132625782661746,
    0.15743513230291092,
    -0.00043454073842838503,
    0.007720468983482498,
    -0.031000844796670368,
    0.13455927991211156,
    -0.07554358206564157,
    -0.06269944209517886
  ],
  "class_values": [
    [
      -0.18132625782661738,
      -0.15743513230291087,
      0.0004345407384283295,
      -0.007720468983482387,
      0.0310008447966702,
      -0.13455927991211153,
      0.07554358206564166,
      0.06269944209517875
    ],
    [
      0.18132625782661746,
      0.15743513230291092,
      -0.00043454073842838503,
      0.007720468983482498,
      -0.031000844796670368,
      0.13455927991211156,
      -0.07554358206564157,
      -0.06269944209517886
    ]
  ],
  "ranking_values": [
    0.18132625782661746,
    0.15743513230291092,
    0.00043454073842838503,
    0.007720468983482498,
    0.031000844796670368,
    0.13455927991211156,
    0.07554358206564166,
    0.06269944209517886
  ],
  "base_value": 0.6234494823668686,
  "max_abs_value": 0.18132625782661746
}