{
  "method": "shap",
  "values": [
    0.11727765993146284,
    0.014760355258896084,
    0.05307926085682903,
    -0.008621456124202752,
    0.09801416739124534,
    0.07580993278578513
  ],
  "class_values": [
    [
      -0.11727765993146293,
      -0.014760355258896202,
      -0.05307926085682902,
      0.008621456124202733,
      -0.0980141673912453,
      -0.07580993278578502
    ],
    [
      0.11727765993146284,
      0.014760355258896084,
      0.05307926085682903,
      -0.008621456124202752,
      0.09801416739124534,
      0.07580993278578513
    ]
  ],
  "ranking_values": [
    0.11727765993146293,
    0.014760355258896202,
    0.05307926085682903,
    0.008621456124202752,
    0.09801416739124534,
    0.07580993278578513
  ],
  "base_value": 0.6441064592011282,
  "max_abs_value": 0.11727765993146284
}