{
  "method": "shap",
  "values": [
    0.10324660563921781,
    -0.023410677851594314,
    0.21069888493094985,
    0.0071415464549661745,
    -0.09854826602860925,
    0.09534013644949443,
    0.09994562824780134,
    -0.017866284963796608
  ],
  "class_values": [
    [
      -0.10324660563921775,
      0.023410677851594314,
      -0.21069888493094985,
      -0.00714154645496623,
      0.09854826602860908,
      -0.09534013644949443,
      -0.09994562824780118,
      0.017866284963796664
    ],
    [
      0.10324660563921781,
      -0.023410677851594314,
      0.21069888493094985,
      0.0071415464549661745,
      -0.09854826602860925,
      0.09534013644949443,
      0.09994562824780134,
      -0.017866284963796608
    ]
  ],
  "ranking_values": [
    0.10324660563921781,
    0.023410677851594314,
    0.21069888493094985,
    0.00714154645496623,
    0.09854826602860925,
    0.09534013644949443,
    0.09994562824780134,
    0.017866284963796664
  ],
  "base_value": 0.6234494823668686,
  "max_abs_value": 0.21069888493094985
}