{
  "method": "shap",
  "values": [
    0.11893294383581077,
    0.020789667374034145,
    0.07025041042403357,
    -0.025132050645855077,
    0.15855689846040064,
    0.008802135138522849
  ],
  "class_values": [
    [
      -0.11893294383581074,
      -0.02078966737403411,
      -0.07025041042403353,
      0.025132050645854925,
      -0.15855689846040044,
      -0.00880213513852296
    ],
    [
      0.11893294383581077,
      0.020789667374034145,
      0.07025041042403357,
      -0.025132050645855077,
      0.15855689846040064,
      0.008802135138522849
    ]
  ],
  "ranking_values": [
    0.11893294383581077,
    0.020789667374034145,
    0.07025041042403357,
    0.025132050645855077,
    0.15855689846040064,
    0.00880213513852296
  ],
  "base_value": 0.6441064592011282,
  "max_abs_value": 0.15855689846040064
}