{
  "method": "shap",
  "values": [
    0.1469879575209397,
    0.015294291515057401,
    0.07504152349173446,
    -0.01642308292980861,
    0.15533903701828955
  ],
  "class_values": [
    [
      -0.14698795752093974,
      -0.015294291515057484,
      -0.07504152349173458,
      0.016423082929808888,
      -0.1553390370182896
    ],
    [
      0.1469879575209397,
      0.015294291515057401,
      0.07504152349173446,
      -0.01642308292980861,
      0.15533903701828955
    ]
  ],
  "ranking_values": [
    0.14698795752093974,
    0.015294291515057484,
    0.07504152349173458,
    0.016423082929808888,
    0.1553390370182896
  ],
  "base_value": 0.6236327982048439,
  "max_abs_value": 0.15533903701828955
}