{
  "method": "shap",
  "values": [
    0.24371162348152892,
    0.024251042684443627,
    -0.06068084998328881,
    0.05265996779322492,
    -0.0678889711523683,
    0.10397494466317213,
    -0.11752766678216078,
    -0.08435542113958674
  ],
  "class_values": [
    [
      -0.24371162348152892,
      -0.024251042684443655,
      0.0606808499832888,
      -0.05265996779322488,
      0.06788897115236826,
      -0.10397494466317217,
      0.11752766678216095,
      0.0843554211395868
    ],
    [
      0.24371162348152892,
      0.024251042684443627,
      -0.06068084998328881,
      0.05265996779322492,
      -0.0678889711523683,
      0.10397494466317213,
      -0.11752766678216078,
      -0.08435542113958674
    ]
  ],
  "ranking_values": [
    0.24371162348152892,
    0.024251042684443655,
    0.06068084998328881,
    0.05265996779322492,
    0.0678889711523683,
    0.10397494466317217,
    0.11752766678216095,
    0.0843554211395868
  ],
  "base_value": 0.6234494823668686,
  "max_abs_value": 0.24371162348152892
}