{
  "method": "shap",
  "values": [
    -0.07584593212581875,
    0.03948482331019068,
    -0.03410864297248847,
    -0.1683233243715207,
    0.06541324000764133,
    0.05521325388823384
  ],
  "class_values": [
    [
      0.07584593212581871,
      -0.03948482331019068,
      0.03410864297248857,
      0.1683233243715206,
      -0.06541324000764122,
      -0.05521325388823395
    ],
    [
      -0.07584593212581875,
      0.03948482331019068,
      -0.03410864297248847,
      -0.1683233243715207,
      0.06541324000764133,
      0.05521325388823384
    ]
  ],
  "ranking_values": [
    0.07584593212581875,
    0.03948482331019068,
    0.03410864297248857,
    0.1683233243715207,
    0.06541324000764133,
    0.05521325388823395
  ],
  "base_value": 0.6441064592011282,
  "max_abs_value": 0.1683233243715207
}