{
  "method": "shap",
  "values": [
    0.18164836333629636,
    0.08604453649429086,
    -0.019142924364540542,
    -0.0033307781228431865,
    0.02192715229968406,
    -0.0014029045425756614,
    0.1071472169778239,
    0.0036559883797473436
  ],
  "class_values": [
    [
      -0.18164836333629625,
      -0.08604453649429089,
      0.01914292436454068,
      0.0033307781228430755,
      -0.02192715229968406,
      0.0014029045425755782,
      -0.10714721697782364,
      -0.003655988379747621
    ],
    [
      0.18164836333629636,
      0.08604453649429086,
      -0.019142924364540542,
      -0.0033307781228431865,
      0.02192715229968406,
      -0.0014029045425756614,
      0.1071472169778239,
      0.0036559883797473436
    ]
  ],
  "ranking_values": [
    0.18164836333629636,
    0.08604453649429089,
    0.01914292436454068,
    0.0033307781228431865,
    0.02192715229968406,
    0.0014029045425756614,
    0.1071472169778239,
    0.003655988379747621
  ],
  "base_value": 0.6234494823668686,
  "max_abs_value": 0.18164836333629636
}