{
  "method": "shap",
  "values": [
    0.06382405805929164,
    0.011142657137996143,
    0.050002758175613254,
    0.0029379271449539446,
    0.11519235624292723,
    0.0664552564121525,
    0.022518575190801166,
    0.044476681715931776
  ],
  "class_values": [
    [
      -0.06382405805929156,
      -0.01114265713799606,
      -0.05000275817561342,
      -0.002937927144953806,
      -0.11519235624292726,
      -0.06645525641215247,
      -0.022518575190801388,
      -0.04447668171593172
    ],
    [
      0.06382405805929164,
      0.011142657137996143,
      0.050002758175613254,
      0.0029379271449539446,
      0.11519235624292723,
      0.0664552564121525,
      0.022518575190801166,
      0.044476681715931776
    ]
  ],
  "ranking_values": [
    0.06382405805929164,
    0.011142657137996143,
    0.05000275817561342,
    0.0029379271449539446,
    0.11519235624292726,
    0.0664552564121525,
    0.022518575190801388,
    0.044476681715931776
  ],
  "base_value": 0.6234494823668686,
  "max_abs_value": 0.11519235624292723
}