{
  "method": "shap",
  "values": [
    0.11727765993146275,
    0.014760355258896145,
    0.05307926085682907,
    -0.00862145612420271,
    0.09801416739124529,
    0.07580993278578513
  ],
  "class_values": [
    [
      -0.11727765993146279,
      -0.01476035525889619,
      -0.05307926085682905,
      0.008621456124202698,
      -0.09801416739124529,
      -0.07580993278578502
    ],
    [
      0.11727765993146275,
      0.014760355258896145,
      0.05307926085682907,
      -0.00862145612420271,
      0.09801416739124529,
      0.07580993278578513
    ]
  ],
  "ranking_values": [
    0.11727765993146279,
    0.01476035525889619,
    0.05307926085682907,
    0.00862145612420271,
    0.09801416739124529,
    0.07580993278578513
  ],
  "base_value": 0.6441064592011282,
  "max_abs_value": 0.11727765993146275
}