{
  "method": "shap",
  "values": [
    -0.21498843167700613,
    0.009835994172811502,
    0.010384835188640154,
    0.026811696844134356,
    0.10667723444178617
  ],
  "class_values": [
    [
      0.21498843167700601,
      -0.009835994172811433,
      -0.01038483518864014,
      -0.02681169684413434,
      -0.1066772344417862
    ],
    [
      -0.21498843167700613,
      0.009835994172811502,
      0.010384835188640154,
      0.026811696844134356,
      0.10667723444178617
    ]
  ],
  "ranking_values": [
    0.21498843167700613,
    0.009835994172811502,
    0.010384835188640154,
    0.026811696844134356,
    0.1066772344417862
  ],
  "base_value": 0.6236327982048439,
  "max_abs_value": 0.21498843167700613
}