{
  "method": "shap",
  "values": [
    0.09439905923084008,
    0.06961381702041422,
    0.09425607248648438,
    -0.0016685668058880054,
    0.18094916060861133,
    0.02191735553465332,
    -0.0377408701670687,
    -0.04521491874634498
  ],
  "class_values": [
    [
      -0.09439905923083994,
      -0.06961381702041416,
      -0.09425607248648454,
      0.0016685668058879777,
      -0.18094916060861133,
      -0.021917355534653238,
      0.0377408701670687,
      0.04521491874634492
    ],
    [
      0.09439905923084008,
      0.06961381702041422,
      0.09425607248648438,
      -0.0016685668058880054,
      0.18094916060861133,
      0.02191735553465332,
      -0.0377408701670687,
      -0.04521491874634498
    ]
  ],
  "ranking_values": [
    0.09439905923084008,
    0.06961381702041422,
    0.09425607248648454,
    0.0016685668058880054,
    0.18094916060861133,
    0.02191735553465332,
    0.0377408701670687,
    0.04521491874634498
  ],
  "base_value": 0.6234494823668686,
  "max_abs_value": 0.18094916060861133
}