{
  "method": "shap",
  "values": [
    -0.08176299592334413,
    0.09308818124649733,
    0.018287999119602147,
    0.04013933064647361,
    0.07625085907313375,
    0.04721217229374769,
    0.04568727911355264,
    -0.07310551246827479
  ],
  "class_values": [
    [
      0.08176299592334416,
      -0.0930881812464972,
      -0.01828799911960219,
      -0.0401393306464736,
      -0.07625085907313378,
      -0.04721217229374777,
      -0.045687279113552665,
      0.07310551246827487
    ],
    [
      -0.08176299592334413,
      0.09308818124649733,
      0.018287999119602147,
      0.04013933064647361,
      0.07625085907313375,
      0.04721217229374769,
      0.04568727911355264,
      -0.07310551246827479
    ]
  ],
  "ranking_values": [
    0.08176299592334416,
    0.09308818124649733,
    0.01828799911960219,
    0.04013933064647361,
    0.07625085907313378,
    0.04721217229374777,
    0.045687279113552665,
    0.07310551246827487
  ],
  "base_value": 0.6234494823668686,
  "max_abs_value": 0.09308818124649733
}