{
  "method": "shap",
  "values": [
    -0.051921326275712776,
    0.004159268307218189,
    -0.11985404507531056,
    0.022278324313892206,
    0.08722938536173724,
    -0.3493372993092088,
    -0.17352969981994282,
    -0.04247405764312584
  ],
  "class_values": [
    [
      0.051921326275712776,
      -0.0041592683072181336,
      0.1198540450753105,
      -0.022278324313892206,
      -0.08722938536173719,
      0.3493372993092088,
      0.17352969981994287,
      0.04247405764312584
    ],
    [
      -0.051921326275712776,
      0.004159268307218189,
      -0.11985404507531056,
      0.022278324313892206,
      0.08722938536173724,
      -0.3493372993092088,
      -0.17352969981994282,
      -0.04247405764312584
    ]
  ],
  "ranking_values": [
    0.051921326275712776,
    0.004159268307218189,
    0.11985404507531056,
    0.022278324313892206,
    0.08722938536173724,
    0.3493372993092088,
    0.17352969981994287,
    0.04247405764312584
  ],
  "base_value": 0.6234494823668686,
  "max_abs_value": 0.3493372993092088
}