{
  "method": "shap",
  "values": [
    0.18019935691041908,
    -0.002418962892445503,
    0.16452325237926274,
    0.018358134528027148,
    -0.05078161893718108,
    0.06464246532715873,
    0.025016189161642416,
    -0.03634425212169634
  ],
  "class_values": [
    [
      -0.18019935691041902,
      0.0024189628924455586,
      -0.16452325237926257,
      -0.018358134528027148,
      0.050781618937181056,
      -0.06464246532715875,
      -0.025016189161642333,
      0.03634425212169612
    ],
    [
      0.18019935691041908,
      -0.002418962892445503,
      0.16452325237926274,
      0.018358134528027148,
      -0.05078161893718108,
      0.06464246532715873,
      0.025016189161642416,
      -0.03634425212169634
    ]
  ],
  "ranking_values": [
    0.18019935691041908,
    0.0024189628924455586,
    0.16452325237926274,
    0.018358134528027148,
    0.05078161893718108,
    0.06464246532715875,
    0.025016189161642416,
    0.03634425212169634
  ],
  "base_value": 0.6234494823668686,
  "max_abs_value": 0.18019935691041908
}