{
  "method": "shap",
  "values": [
    0.15465268202019491,
    0.04978392253209559,
    -0.000733981047001448,
    -0.005185756709364795,
    -0.041190821923726625,
    0.08333561782646431
  ],
  "class_values": [
    [
      -0.15465268202019494,
      -0.04978392253209566,
      0.0007339810470014018,
      0.005185756709364957,
      0.041190821923726695,
      -0.08333561782646448
    ],
    [
      0.15465268202019491,
      0.04978392253209559,
      -0.000733981047001448,
      -0.005185756709364795,
      -0.041190821923726625,
      0.08333561782646431
    ]
  ],
  "ranking_values": [
    0.15465268202019494,
    0.04978392253209566,
    0.000733981047001448,
    0.005185756709364957,
    0.041190821923726695,
    0.08333561782646448
  ],
  "base_value": 0.6441064592011282,
  "max_abs_value": 0.15465268202019491
}