{
  "method": "shap",
  "values": [
    -0.08072234331691659,
    -0.02998049855964435,
    -0.12173146884748039,
    0.15875586095936842,
    0.1329251793752332,
    -0.3611330032093142
  ],
  "class_values": [
    [
      0.08072234331691668,
      0.029980498559644377,
      0.12173146884748019,
      -0.1587558609593684,
      -0.13292517937523327,
      0.3611330032093142
    ],
    [
      -0.08072234331691659,
      -0.02998049855964435,
      -0.12173146884748039,
      0.15875586095936842,
      0.1329251793752332,
      -0.3611330032093142
    ]
  ],
  "ranking_values": [
    0.08072234331691668,
    0.029980498559644377,
    0.12173146884748039,
    0.15875586095936842,
    0.13292517937523327,
    0.3611330032093142
  ],
  "base_value": 0.6441064592011282,
  "max_abs_value": 0.3611330032093142
}