{
  "method": "shap",
  "values": [
    -0.19136090833912273,
    -0.020960663359301135,
    -0.053937024800739475,
    0.026328528789461847,
    -0.24186488402307327,
    0.04679176133106727,
    -0.19922078583407887,
    0.011486298928769512
  ],
  "class_values": [
    [
      0.19136090833912262,
      0.02096066335930119,
      0.05393702480073964,
      -0.026328528789461847,
      0.2418648840230736,
      -0.04679176133106744,
      0.19922078583407904,
      -0.011486298928769845
    ],
    [
      -0.19136090833912273,
      -0.020960663359301135,
      -0.053937024800739475,
      0.026328528789461847,
      -0.24186488402307327,
      0.04679176133106727,
      -0.19922078583407887,
      0.011486298928769512
    ]
  ],
  "ranking_values": [
    0.19136090833912273,
    0.02096066335930119,
    0.05393702480073964,
    0.026328528789461847,
    0.2418648840230736,
    0.04679176133106744,
    0.19922078583407904,
    0.011486298928769845
  ],
  "base_value": 0.6234494823668686,
  "max_abs_value": 0.24186488402307327
}