{
  "method": "shap",
  "values": [
    0.15150779951747192,
    0.1198359522782671,
    -0.009595389727515446,
    0.011026982506804062,
    0.003580742497243189,
    0.11444699236048408,
    -0.037928288724371595,
    0.023669547959280668
  ],
  "class_values": [
    [
      -0.151507799517472,
      -0.11983595227826696,
      0.009595389727515335,
      -0.01102698250680409,
      -0.0035807424972432167,
      -0.11444699236048403,
      0.03792828872437165,
      -0.023669547959280557
    ],
    [
      0.15150779951747192,
      0.1198359522782671,
      -0.009595389727515446,
      0.011026982506804062,
      0.003580742497243189,
      0.11444699236048408,
      -0.037928288724371595,
      0.023669547959280668
    ]
  ],
  "ranking_values": [
    0.151507799517472,
    0.1198359522782671,
    0.009595389727515446,
    0.01102698250680409,
    0.0035807424972432167,
    0.11444699236048408,
    0.03792828872437165,
    0.023669547959280668
  ],
  "base_value": 0.6234494823668686,
  "max_abs_value": 0.15150779951747192
}