{
  "method": "shap",
  "values": [
    0.22022784744552987,
    0.1261778373032339,
    -0.02424557063702122,
    -0.00998147263618604,
    0.1465428186149094,
    -0.09046057942722285,
    -0.13136158936283684,
    -0.07768264034148006
  ],
  "class_values": [
    [
      -0.22022784744552998,
      -0.1261778373032339,
      0.024245570637021124,
      0.009981472636186123,
      -0.14654281861490945,
      0.09046057942722295,
      0.131361589362837,
      0.07768264034148006
    ],
    [
      0.22022784744552987,
      0.1261778373032339,
      -0.02424557063702122,
      -0.00998147263618604,
      0.1465428186149094,
      -0.09046057942722285,
      -0.13136158936283684,
      -0.07768264034148006
    ]
  ],
  "ranking_values": [
    0.22022784744552998,
    0.1261778373032339,
    0.02424557063702122,
    0.009981472636186123,
    0.14654281861490945,
    0.09046057942722295,
    0.131361589362837,
    0.07768264034148006
  ],
  "base_value": 0.6234494823668686,
  "max_abs_value": 0.22022784744552987
}