{
  "method": "shap",
  "values": [
    -0.07584593212581864,
    0.039484823310190625,
    -0.03410864297248849,
    -0.16832332437152048,
    0.06541324000764129,
    0.05521325388823381
  ],
  "class_values": [
    [
      0.07584593212581865,
      -0.03948482331019061,
      0.03410864297248852,
      0.16832332437152048,
      -0.06541324000764119,
      -0.05521325388823395
    ],
    [
      -0.07584593212581864,
      0.039484823310190625,
      -0.03410864297248849,
      -0.16832332437152048,
      0.06541324000764129,
      0.05521325388823381
    ]
  ],
  "ranking_values": [
    0.07584593212581865,
    0.039484823310190625,
    0.03410864297248852,
    0.16832332437152048,
    0.06541324000764129,
    0.05521325388823395
  ],
  "base_value": 0.6441064592011282,
  "max_abs_value": 0.16832332437152048
}