{
  "method": "shap",
  "values": [
    0.18392063300229444,
    -0.02178565736757454,
    -0.026942402609183125,
    -0.01059365735164508,
    0.1796251359123724,
    -0.07528827741245542,
    0.17525453226082702,
    -0.027718583883338588
  ],
  "class_values": [
    [
      -0.18392063300229441,
      0.021785657367574457,
      0.02694240260918332,
      0.010593657351645275,
      -0.17962513591237245,
      0.07528827741245542,
      -0.1752545322608271,
      0.02771858388333842
    ],
    [
      0.18392063300229444,
      -0.02178565736757454,
      -0.026942402609183125,
      -0.01059365735164508,
      0.1796251359123724,
      -0.07528827741245542,
      0.17525453226082702,
      -0.027718583883338588
    ]
  ],
  "ranking_values": [
    0.18392063300229444,
    0.02178565736757454,
    0.02694240260918332,
    0.010593657351645275,
    0.17962513591237245,
    0.07528827741245542,
    0.1752545322608271,
    0.027718583883338588
  ],
  "base_value": 0.6234494823668686,
  "max_abs_value": 0.18392063300229444
}