participant,direction-qualified cohort (0/1),xai,model family held fixed,fold,trial index,selected inverse temperature gamma,current selection NLL,current observed subset probability,current observed subset rank,current top-1 hit,current top-3 hit,current observed subset impossible,current maximum subset probability,current normalized entropy,current effective subset count,current possible subset count,temperature-scaled selection NLL,temperature-scaled observed subset probability,temperature-scaled observed subset rank,temperature-scaled top-1 hit,temperature-scaled top-3 hit,temperature-scaled observed subset impossible,temperature-scaled maximum subset probability,temperature-scaled normalized entropy,temperature-scaled effective subset count,temperature-scaled possible subset count
R_12myev0XH9WOz3H,0,counterfactual,weighted examples,0,0,0.25,1.0789615327514879,0.33994836765178754,1,1,1,0,0.33994836765178754,0.7788975669806849,4.037384539840461,6,1.5149225592440538,0.21982520761887908,1,1,1,0,0.21982520761887908,0.9776532316857101,5.764505855601726,6
R_12myev0XH9WOz3H,0,counterfactual,weighted examples,0,5,0.25,0.9765018427742433,0.3766262951242433,2,0,1,0,0.4854706527202505,0.7767218481646724,2.935169251623335,4,1.2101916323512687,0.2981401406590817,2,0,1,0,0.3176753651929917,0.9788079915281637,3.884195948258564,4
R_12myev0XH9WOz3H,0,counterfactual,weighted examples,0,10,0.25,2.7672857406285982,0.06283231670661794,3,0,1,0,0.5829319823392801,0.7300794029399321,2.7513864808109796,4,1.6477887945745415,0.19247504027414344,3,0,1,0,0.3359178807668136,0.9774875428505285,3.877092312584641,4
R_12myev0XH9WOz3H,0,counterfactual,weighted examples,0,15,0.25,2.47492846309105,0.08416901123283978,3,0,1,0,0.7625620020334887,0.5809735630957933,2.237592194311186,4,1.543416544953879,0.21364990854462113,3,0,1,0,0.37066659206725566,0.9738727567441516,3.8577121909697847,4
R_12myev0XH9WOz3H,0,counterfactual,weighted examples,1,1,0.25,3.601204695959227,0.027290825488664423,6,0,0,0,0.3327015154053459,0.7787963482774373,4.036652387909749,6,2.145463502744759,0.11701378826083406,6,0,0,0,0.21864853222798764,0.9776524327821647,5.76449760404612,6
R_12myev0XH9WOz3H,0,counterfactual,weighted examples,1,6,0.25,0.9039007738874858,0.4049868125998907,1,1,1,0,0.4049868125998907,0.7717273109013206,3.9858465227372895,6,1.4698137834905596,0.22996830509476987,1,1,1,0,0.22996830509476987,0.9776018623993197,5.76397530679842,6
R_12myev0XH9WOz3H,0,counterfactual,weighted examples,1,11,0.25,1.8022404282613633,0.1649289624716328,3,0,1,0,0.6110874116317297,0.7451559587479043,2.8094971123889265,4,1.4124623880883576,0.24354284719770816,3,0,1,0,0.33789127808059755,0.9786723229733965,3.8834654907686716,4
R_12myev0XH9WOz3H,0,counterfactual,weighted examples,1,16,0.25,3.4180479072850503,0.03277635501361035,4,0,0,0,0.4480555229850729,0.8453659644428732,3.228204400791095,4,1.8370444741538714,0.15928750944413514,4,0,0,0,0.306284145727435,0.9812587827208453,3.897415017246552,4
R_12myev0XH9WOz3H,0,counterfactual,weighted examples,2,2,0.75,1.576320572580992,0.20673436460506636,3,0,1,0,0.23511387708582673,0.8221155065150799,6.639196253625123,10,1.6730570927354471,0.18767245566741436,3,0,1,0,0.2066806072501861,0.8784532576901015,7.558807019222391,10
R_12myev0XH9WOz3H,0,counterfactual,weighted examples,2,7,0.75,0.7289455814345611,0.4824173918632362,1,1,1,0,0.4824173918632362,0.8194962649022979,3.739411917796638,5,0.8908880580212314,0.41029122850044863,1,1,1,0,0.41029122850044863,0.884141402876064,4.149428831228909,5
R_12myev0XH9WOz3H,0,counterfactual,weighted examples,2,12,0.75,3.1988158535783424,0.040810500986066985,5,0,0,0,0.27470795207236476,0.7693154448399647,5.879162237232227,10,2.866446779324276,0.05690074872503131,5,0,0,0,0.23778938294618224,0.8476307069718477,7.040941029762355,10
R_12myev0XH9WOz3H,0,counterfactual,weighted examples,2,17,0.75,3.4319549794254196,0.0323236868202778,6,0,0,0,0.2601386381241821,0.7674992239307789,5.854626901180607,10,3.040106060515055,0.04782981637021485,6,0,0,0,0.2285397208211137,0.8455613739056752,7.007472045105848,10
R_12myev0XH9WOz3H,0,counterfactual,weighted examples,3,3,0.25,1.0623630130246293,0.345638097251614,2,0,1,0,0.4340626129083917,0.8346467804800164,3.1805881270543144,4,1.2455259346501646,0.28778950984627616,2,0,1,0,0.30465453914068047,0.9808660448114919,3.8952936458227976,4
R_12myev0XH9WOz3H,0,counterfactual,weighted examples,3,8,0.25,3.5278643517230925,0.029367567737483797,5,0,0,0,0.3112545329735969,0.782193584474858,4.061298547461769,6,2.1277770790186166,0.11910175359393949,5,0,0,0,0.2148968662137627,0.9776778212167764,5.764759836822817,6
R_12myev0XH9WOz3H,0,counterfactual,weighted examples,3,13,0.25,2.2140984887479704,0.10925196173885021,2,0,1,0,0.7562971626963187,0.5884674555176138,2.2609591259906723,4,1.4799190912901827,0.2276561070005889,2,0,1,0,0.36927092286863045,0.9740811043435196,3.8588265791609433,4
R_12myev0XH9WOz3H,0,counterfactual,weighted examples,3,18,0.25,3.434855893875784,0.032230054445508374,4,0,0,0,0.3761832381838834,0.8639906559949185,3.3126397346438017,4,1.8449712311944835,0.15802986715476613,4,0,0,0,0.29209476625352043,0.9817258430602801,3.8999393448033692,4
R_12myev0XH9WOz3H,0,counterfactual,weighted examples,4,4,0.75,1.4357166616890522,0.23794477698961694,3,0,1,0,0.29380255526148213,0.7663316891684927,5.838908763225144,10,1.5425453749288405,0.2138361150377785,3,0,1,0,0.2504757004984509,0.8452283745582975,7.002101059902442,10
R_12myev0XH9WOz3H,0,counterfactual,weighted examples,4,9,0.75,1.5495546187611375,0.21234252614662374,3,0,1,0,0.27920039962552673,0.7719420420772632,5.914826937393105,10,1.6310313382377108,0.1957276086304853,3,0,1,0,0.2403318789893763,0.8500998877332662,7.081086306451075,10
R_12myev0XH9WOz3H,0,counterfactual,weighted examples,4,14,0.75,2.891360554405448,0.055500649566049866,6,0,0,0,0.39162333315612485,0.7608254636740021,5.765347163215939,10,2.6339719556594723,0.07179273760118925,6,0,0,0,0.31081959070685705,0.8474638741185001,7.038236793952197,10
R_12myev0XH9WOz3H,0,counterfactual,weighted examples,4,19,0.75,1.4975816919217408,0.22367041059994397,2,0,1,0,0.4661108410306229,0.8094122568546634,3.6792126407491055,5,1.4635658270840417,0.23140963503443956,2,0,1,0,0.40136725586178434,0.8758178183172876,4.094212541212071,5
R_156Kmlz4ECsrHQR,1,attribution,feature contribution,0,0,1.0,1.3827477535507056,0.2508882260558825,1,1,1,0,0.2508882260558825,0.8381975899554283,6.889656821707362,10,1.3827477535507056,0.2508882260558825,1,1,1,0,0.2508882260558825,0.8381975899554283,6.889656821707362,10
R_156Kmlz4ECsrHQR,1,attribution,feature contribution,0,5,1.0,1.214804300955075,0.29676808584255027,1,1,1,0,0.29676808584255027,0.7648589344211787,5.819141723278704,10,1.214804300955075,0.29676808584255027,1,1,1,0,0.29676808584255027,0.7648589344211787,5.819141723278704,10
R_156Kmlz4ECsrHQR,1,attribution,feature contribution,0,10,1.0,1.6662992089686472,0.1889450193848338,2,0,1,0,0.2508882260558825,0.8381975899554283,6.889656821707362,10,1.6662992089686472,0.1889450193848338,2,0,1,0,0.2508882260558825,0.8381975899554283,6.889656821707362,10
R_156Kmlz4ECsrHQR,1,attribution,feature contribution,0,15,1.0,1.6555806880262767,0.19098112304854986,3,0,1,0,0.29676808584255027,0.7648589344211787,5.819141723278704,10,1.6555806880262767,0.19098112304854986,3,0,1,0,0.29676808584255027,0.7648589344211787,5.819141723278704,10
R_156Kmlz4ECsrHQR,1,attribution,feature contribution,1,1,1.0,1.6662992089686472,0.1889450193848338,2,0,1,0,0.2508882260558825,0.8381975899554283,6.889656821707362,10,1.6662992089686472,0.1889450193848338,2,0,1,0,0.2508882260558825,0.8381975899554283,6.889656821707362,10
R_156Kmlz4ECsrHQR,1,attribution,feature contribution,1,6,1.0,1.6555806880262767,0.19098112304854986,3,0,1,0,0.29676808584255027,0.7648589344211787,5.819141723278704,10,1.6555806880262767,0.19098112304854986,3,0,1,0,0.29676808584255027,0.7648589344211787,5.819141723278704,10
R_156Kmlz4ECsrHQR,1,attribution,feature contribution,1,11,1.0,1.214804300955075,0.29676808584255027,1,1,1,0,0.29676808584255027,0.7648589344211787,5.819141723278704,10,1.214804300955075,0.29676808584255027,1,1,1,0,0.29676808584255027,0.7648589344211787,5.819141723278704,10
R_156Kmlz4ECsrHQR,1,attribution,feature contribution,1,16,1.0,3.8881395985321436,0.020483417993297403,7,0,0,0,0.29676808584255027,0.7648589344211787,5.819141723278704,10,3.8881395985321436,0.020483417993297403,7,0,0,0,0.29676808584255027,0.7648589344211787,5.819141723278704,10
R_156Kmlz4ECsrHQR,1,attribution,feature contribution,2,2,1.0,0.3164612121251073,0.7287232766388954,1,1,1,0,0.7287232766388954,0.5903858162159015,2.5861992207822175,5,0.3164612121251073,0.7287232766388954,1,1,1,0,0.7287232766388954,0.5903858162159015,2.5861992207822175,5
R_156Kmlz4ECsrHQR,1,attribution,feature contribution,2,7,1.0,1.974416064195239,0.13884236360358218,4,0,0,0,0.29676808584255027,0.7648589344211787,5.819141723278704,10,1.974416064195239,0.13884236360358218,4,0,0,0,0.29676808584255027,0.7648589344211787,5.819141723278704,10
R_156Kmlz4ECsrHQR,1,attribution,feature contribution,2,12,1.0,1.6555806880262767,0.19098112304854986,3,0,1,0,0.29676808584255027,0.7648589344211787,5.819141723278704,10,1.6555806880262767,0.19098112304854986,3,0,1,0,0.29676808584255027,0.7648589344211787,5.819141723278704,10
R_156Kmlz4ECsrHQR,1,attribution,feature contribution,2,17,1.0,1.3827477535507056,0.2508882260558825,1,1,1,0,0.2508882260558825,0.8381975899554283,6.889656821707362,10,1.3827477535507056,0.2508882260558825,1,1,1,0,0.2508882260558825,0.8381975899554283,6.889656821707362,10
R_156Kmlz4ECsrHQR,1,attribution,feature contribution,3,3,1.0,1.6555806880262767,0.19098112304854986,3,0,1,0,0.29676808584255027,0.7648589344211787,5.819141723278704,10,1.6555806880262767,0.19098112304854986,3,0,1,0,0.29676808584255027,0.7648589344211787,5.819141723278704,10
R_156Kmlz4ECsrHQR,1,attribution,feature contribution,3,8,1.0,1.6555806880262767,0.19098112304854986,3,0,1,0,0.29676808584255027,0.7648589344211787,5.819141723278704,10,1.6555806880262767,0.19098112304854986,3,0,1,0,0.29676808584255027,0.7648589344211787,5.819141723278704,10
R_156Kmlz4ECsrHQR,1,attribution,feature contribution,3,13,1.0,1.6555806880262767,0.19098112304854986,3,0,1,0,0.29676808584255027,0.7648589344211787,5.819141723278704,10,1.6555806880262767,0.19098112304854986,3,0,1,0,0.29676808584255027,0.7648589344211787,5.819141723278704,10
R_156Kmlz4ECsrHQR,1,attribution,feature contribution,3,18,1.0,2.549020122630974,0.07815821395628311,3,0,1,0,0.7287232766388954,0.5903858162159015,2.5861992207822175,5,2.549020122630974,0.07815821395628311,3,0,1,0,0.7287232766388954,0.5903858162159015,2.5861992207822175,5
R_156Kmlz4ECsrHQR,1,attribution,feature contribution,4,4,1.0,1.974416064195239,0.13884236360358218,4,0,0,0,0.29676808584255027,0.7648589344211787,5.819141723278704,10,1.974416064195239,0.13884236360358218,4,0,0,0,0.29676808584255027,0.7648589344211787,5.819141723278704,10
R_156Kmlz4ECsrHQR,1,attribution,feature contribution,4,9,1.0,1.6555806880262767,0.19098112304854986,3,0,1,0,0.29676808584255027,0.7648589344211787,5.819141723278704,10,1.6555806880262767,0.19098112304854986,3,0,1,0,0.29676808584255027,0.7648589344211787,5.819141723278704,10
R_156Kmlz4ECsrHQR,1,attribution,feature contribution,4,14,1.0,1.8235241406219074,0.16145575436717294,3,0,1,0,0.2508882260558825,0.8381975899554283,6.889656821707362,10,1.8235241406219074,0.16145575436717294,3,0,1,0,0.2508882260558825,0.8381975899554283,6.889656821707362,10
R_156Kmlz4ECsrHQR,1,attribution,feature contribution,4,19,1.0,1.6555806880262767,0.19098112304854986,3,0,1,0,0.29676808584255027,0.7648589344211787,5.819141723278704,10,1.6555806880262767,0.19098112304854986,3,0,1,0,0.29676808584255027,0.7648589344211787,5.819141723278704,10
R_1CKtpMfx1ihpfn1,0,counterfactual,feature contribution,0,0,0.75,-0.0,1.0,1,1,1,0,1.0,0.0,1.0,1,-0.0,1.0,1,1,1,0,1.0,0.0,1.0,1
R_1CKtpMfx1ihpfn1,0,counterfactual,feature contribution,0,5,0.75,-0.0,1.0,1,1,1,0,1.0,0.0,1.0,1,-0.0,1.0,1,1,1,0,1.0,0.0,1.0,1
R_1CKtpMfx1ihpfn1,0,counterfactual,feature contribution,0,10,0.75,-0.0,1.0,1,1,1,0,1.0,0.0,1.0,1,-0.0,1.0,1,1,1,0,1.0,0.0,1.0,1
R_1CKtpMfx1ihpfn1,0,counterfactual,feature contribution,0,15,0.75,0.6213169205268195,0.5372364737908677,1,1,1,0,0.5372364737908677,0.7514298672445575,2.8340392411668316,4,0.742707991935007,0.47582364269841043,1,1,1,0,0.47582364269841043,0.8375134017885013,3.1932528717580344,4
R_1CKtpMfx1ihpfn1,0,counterfactual,feature contribution,1,1,0.5,0.6213169205268195,0.5372364737908677,1,1,1,0,0.5372364737908677,0.7514298672445575,2.8340392411668316,4,0.9038842156282735,0.4049935185320304,1,1,1,0,0.4049935185320304,0.9185582697470381,3.5729520173228457,4
R_1CKtpMfx1ihpfn1,0,counterfactual,feature contribution,1,6,0.5,0.4776286301945242,0.6202524972653167,1,1,1,0,0.6202524972653167,0.6763233659572853,3.3595559087135527,6,0.9797440891441698,0.37540715732658825,1,1,1,0,0.37540715732658825,0.9093788434931703,5.100752888059875,6
R_1CKtpMfx1ihpfn1,0,counterfactual,feature contribution,1,11,0.5,-0.0,1.0,1,1,1,0,1.0,0.0,1.0,1,-0.0,1.0,1,1,1,0,1.0,0.0,1.0,1
R_1CKtpMfx1ihpfn1,0,counterfactual,feature contribution,1,16,0.5,-0.0,1.0,1,1,1,0,1.0,0.0,1.0,1,-0.0,1.0,1,1,1,0,1.0,0.0,1.0,1
R_1CKtpMfx1ihpfn1,0,counterfactual,feature contribution,2,2,2.0,3.3895486054667368,0.03372389624675505,4,0,0,0,0.5123317048876527,0.8151666959796988,3.095845322384799,4,5.775826052953259,0.0031016344858098813,4,0,0,0,0.7158426868746183,0.5832921829215189,2.2447960350207907,4
R_1CKtpMfx1ihpfn1,0,counterfactual,feature contribution,2,7,2.0,-0.0,1.0,1,1,1,0,1.0,0.0,1.0,1,-0.0,1.0,1,1,1,0,1.0,0.0,1.0,1
R_1CKtpMfx1ihpfn1,0,counterfactual,feature contribution,2,12,2.0,-0.0,1.0,1,1,1,0,1.0,0.0,1.0,1,-0.0,1.0,1,1,1,0,1.0,0.0,1.0,1
R_1CKtpMfx1ihpfn1,0,counterfactual,feature contribution,2,17,2.0,1.4677245842348516,0.23044925693378598,2,0,1,0,0.5123317048876527,0.8151666959796988,3.095845322384799,4,1.932178010489489,0.14483240820689885,2,0,1,0,0.7158426868746183,0.5832921829215189,2.2447960350207907,4
R_1CKtpMfx1ihpfn1,0,counterfactual,feature contribution,3,3,1.0,2.6130843678835673,0.07330808559761857,3,0,1,0,0.5372364737908677,0.7514298672445575,2.8340392411668316,4,2.6130843678835673,0.07330808559761857,3,0,1,0,0.5372364737908677,0.7514298672445575,2.8340392411668316,4
R_1CKtpMfx1ihpfn1,0,counterfactual,feature contribution,3,8,1.0,0.6213169205268195,0.5372364737908677,1,1,1,0,0.5372364737908677,0.7514298672445575,2.8340392411668316,4,0.6213169205268195,0.5372364737908677,1,1,1,0,0.5372364737908677,0.7514298672445575,2.8340392411668316,4
R_1CKtpMfx1ihpfn1,0,counterfactual,feature contribution,3,13,1.0,-0.0,1.0,1,1,1,0,1.0,0.0,1.0,1,-0.0,1.0,1,1,1,0,1.0,0.0,1.0,1
R_1CKtpMfx1ihpfn1,0,counterfactual,feature contribution,3,18,1.0,1.0801207549327565,0.339554520285925,2,0,1,0,0.5372364737908677,0.7514298672445575,2.8340392411668316,4,1.0801207549327565,0.339554520285925,2,0,1,0,0.5372364737908677,0.7514298672445575,2.8340392411668316,4
R_1CKtpMfx1ihpfn1,0,counterfactual,feature contribution,4,4,0.75,-0.0,1.0,1,1,1,0,1.0,0.0,1.0,1,-0.0,1.0,1,1,1,0,1.0,0.0,1.0,1
R_1CKtpMfx1ihpfn1,0,counterfactual,feature contribution,4,9,0.75,-0.0,1.0,1,1,1,0,1.0,0.0,1.0,1,-0.0,1.0,1,1,1,0,1.0,0.0,1.0,1
R_1CKtpMfx1ihpfn1,0,counterfactual,feature contribution,4,14,0.75,-0.0,1.0,1,1,1,0,1.0,0.0,1.0,1,-0.0,1.0,1,1,1,0,1.0,0.0,1.0,1
R_1CKtpMfx1ihpfn1,0,counterfactual,feature contribution,4,19,0.75,0.6213169205268195,0.5372364737908677,1,1,1,0,0.5372364737908677,0.7514298672445575,2.8340392411668316,4,0.742707991935007,0.47582364269841043,1,1,1,0,0.47582364269841043,0.8375134017885013,3.1932528717580344,4
R_1Fh1UMJw1me9wFr,1,none,feature contribution,0,0,1.5,0.5290830703846721,0.5891449265201609,1,1,1,0,0.5891449265201609,0.6962736116008642,3.4818189247381084,6,0.26313750307444095,0.7686362002038336,1,1,1,0,0.7686362002038336,0.46095547890365124,2.2839841317924665,6
R_1Fh1UMJw1me9wFr,1,none,feature contribution,0,5,1.5,0.8445352518618604,0.42975704059060477,1,1,1,0,0.42975704059060477,0.842625452735169,3.2159632167155427,4,0.7072695284116854,0.4929884523634298,1,1,1,0,0.4929884523634298,0.7649342307490493,2.887595100994744,4
R_1Fh1UMJw1me9wFr,1,none,feature contribution,0,10,1.5,0.6659084590958066,0.5138065433928448,1,1,1,0,0.5138065433928448,0.7646271364610504,2.8863660467521175,4,0.5124892710386153,0.5990026414928397,1,1,1,0,0.5990026414928397,0.6272005180431546,2.3856808169716177,4
R_1Fh1UMJw1me9wFr,1,none,feature contribution,0,15,1.5,0.9657881952449248,0.38068302890505873,1,1,1,0,0.38068302890505873,0.766079890352284,3.945717832116233,6,0.8132442849572549,0.44341715851202834,1,1,1,0,0.44341715851202834,0.6439835471677263,3.1704185651899652,6
R_1Fh1UMJw1me9wFr,1,none,feature contribution,1,1,1.5,0.6341531084810649,0.5303844762834221,1,1,1,0,0.5303844762834221,0.7697303833517612,2.9068583408255213,4,0.46231327941953515,0.6298249978221875,1,1,1,0,0.6298249978221875,0.627024749530313,2.385099576344242,4
R_1Fh1UMJw1me9wFr,1,none,feature contribution,1,6,1.5,0.7580102152674328,0.4685979089432423,1,1,1,0,0.4685979089432423,0.7826981692823722,2.9595879676693087,4,0.6331028746499717,0.5309417966110064,1,1,1,0,0.5309417966110064,0.6616816348199336,2.5024882057458586,4
R_1Fh1UMJw1me9wFr,1,none,feature contribution,1,11,1.5,0.5250220508585444,0.5915423202069723,1,1,1,0,0.5915423202069723,0.694200507229918,3.4689096836255975,6,0.25981951617247484,0.771190760704023,1,1,1,0,0.771190760704023,0.45676218608310776,2.266888014268029,6
R_1Fh1UMJw1me9wFr,1,none,feature contribution,1,16,1.5,1.5529093564909033,0.21163136620703163,2,0,1,0,0.5482225782647859,0.7931539925292714,3.0027991610969105,4,1.8234324026577637,0.16147056666879267,2,0,1,0,0.6732226091784026,0.6476133545487603,2.4541555770176067,4
R_1Fh1UMJw1me9wFr,1,none,feature contribution,2,2,3.0,2.9397337140101434,0.05287980801573092,4,0,0,0,0.5444152241547862,0.7213546048820371,3.6418578287945156,6,7.058262740119027,0.000860271311381451,4,0,0,0,0.9387644071782356,0.15496483566631244,1.320036927654076,6
R_1Fh1UMJw1me9wFr,1,none,feature contribution,2,7,3.0,0.28862483377661796,0.7492932622012496,1,1,1,0,0.7492932622012496,0.597888011329094,2.2906801419489415,4,0.005068415798127011,0.994944406948407,1,1,1,0,0.994944406948407,0.026013991381245077,1.0367212092485576,4
R_1Fh1UMJw1me9wFr,1,none,feature contribution,2,12,3.0,1.0067544492812737,0.36540299108783425,2,0,1,0,0.39338564544941346,0.7563432260700181,3.87747875612323,6,0.8308260463514454,0.43568923812824084,2,0,1,0,0.5436458338330707,0.4372970752876198,2.1891890435733314,6
R_1Fh1UMJw1me9wFr,1,none,feature contribution,2,17,3.0,1.2453993946245239,0.28782592904242565,2,0,1,0,0.4660926627827086,0.7474438938210809,3.8161408926964464,6,1.6782691869175335,0.1866968338780566,2,0,1,0,0.7928006664042322,0.32681331590228385,1.7960159549405492,6
R_1Fh1UMJw1me9wFr,1,none,feature contribution,3,3,1.5,0.8095422404445596,0.44506175086930927,1,1,1,0,0.44506175086930927,0.7484815816850772,3.823242794254619,6,0.6052318732391955,0.5459478212723282,1,1,1,0,0.5459478212723282,0.5979562160964897,2.9194455332452263,6
R_1Fh1UMJw1me9wFr,1,none,feature contribution,3,8,1.5,-0.0,1.0,1,1,1,0,1.0,0.0,1.0,1,-0.0,1.0,1,1,1,0,1.0,0.0,1.0,1
R_1Fh1UMJw1me9wFr,1,none,feature contribution,3,13,1.5,0.461402531454152,0.6303988709447237,1,1,1,0,0.6303988709447237,0.7039382613174703,2.653463166903096,4,0.2679131915155763,0.7649741844702116,1,1,1,0,0.7649741844702116,0.4993971160186821,1.9983291489973065,4
R_1Fh1UMJw1me9wFr,1,none,feature contribution,3,18,1.5,0.43237261209847333,0.6489675184793973,1,1,1,0,0.6489675184793973,0.691515476923811,2.6081574294268566,4,0.23705540316133902,0.7889475766168706,1,1,1,0,0.7889475766168706,0.4737804362141596,1.9286092496619633,4
R_1Fh1UMJw1me9wFr,1,none,feature contribution,4,4,1.5,1.1080144363396722,0.3302139714394274,2,0,1,0,0.5385058846362412,0.7573818936203026,2.8575203787719765,4,1.183746125767991,0.3061297872023688,2,0,1,0,0.6375262966315492,0.6090572117932502,2.3264245900647142,4
R_1Fh1UMJw1me9wFr,1,none,feature contribution,4,9,1.5,0.49403246317282085,0.6101609750079847,1,1,1,0,0.6101609750079847,0.7434961302628629,2.803039860948173,4,0.28450344709645264,0.7523877619063378,1,1,1,0,0.7523877619063378,0.5496474302849864,2.142499489481555,4
R_1Fh1UMJw1me9wFr,1,none,feature contribution,4,14,1.5,0.5690366895604241,0.5660704777372314,1,1,1,0,0.5660704777372314,0.7411233298494675,2.793834690141018,4,0.3911686830422801,0.6762660717991394,1,1,1,0,0.6762660717991394,0.5777509116936668,2.227617950695583,4
R_1Fh1UMJw1me9wFr,1,none,feature contribution,4,19,1.5,0.6684041682875326,0.5125258304879649,1,1,1,0,0.5125258304879649,0.7682684698692029,2.900973144019962,4,0.5132039709957921,0.5985746872782618,1,1,1,0,0.5985746872782618,0.6320680384462765,2.401833388368976,4
R_1KMTwE2iCLDGMxz,0,none,weighted examples,0,0,0.5,0.7111407824228381,0.4910836581896751,1,1,1,0,0.4910836581896751,0.7908580774143881,2.993257002868828,4,0.9626623170404123,0.3818748594760843,1,1,1,0,0.3818748594760843,0.9276596599231012,3.61831828445449,4
R_1KMTwE2iCLDGMxz,0,none,weighted examples,0,5,0.5,2.1737053946280356,0.11375532664170908,2,0,1,0,0.7538672206840045,0.591289081367051,2.2698204224040164,4,1.6292183393960074,0.19608278442758864,2,0,1,0,0.5047787041931826,0.8893535271739728,3.4311853335139046,4
R_1KMTwE2iCLDGMxz,0,none,weighted examples,0,10,0.5,2.0101040208113905,0.1339747377830244,3,0,1,0,0.6844692292568434,0.674900505187011,2.548769680889333,4,1.5764855378192666,0.20670026343418094,3,0,1,0,0.4672039831864659,0.9075373969346964,3.518778723568379,4
R_1KMTwE2iCLDGMxz,0,none,weighted examples,0,15,0.5,0.5431115773534467,0.5809378042445583,1,1,1,0,0.5809378042445583,0.732313964810377,2.759922832187892,4,0.8589887955903371,0.4235902021032175,1,1,1,0,0.4235902021032175,0.9153238022588982,3.5569670363809065,4
R_1KMTwE2iCLDGMxz,0,none,weighted examples,1,1,0.5,0.40366951218460856,0.6678648059808215,1,1,1,0,0.6678648059808215,0.6923011097255753,2.610999568904656,4,0.7790668146699925,0.45883398873023,1,1,1,0,0.45883398873023,0.911058826060531,3.535998474007084,4
R_1KMTwE2iCLDGMxz,0,none,weighted examples,1,6,0.5,0.5012105714858252,0.6057968552417058,1,1,1,0,0.6057968552417058,0.746156591976822,2.813397073020189,4,0.8450769877013445,0.42952428885011823,1,1,1,0,0.42952428885011823,0.9211911562502632,3.586016962681873,4
R_1KMTwE2iCLDGMxz,0,none,weighted examples,1,11,0.5,2.0341913714332054,0.1307861972115061,3,0,1,0,0.6443682809324884,0.7129825937544271,2.6869420142656453,4,1.6009087099981953,0.20171313594332363,3,0,1,0,0.4477342341026283,0.9148795652219598,3.5547771764401865,4
R_1KMTwE2iCLDGMxz,0,none,weighted examples,1,16,0.5,0.3565206923669917,0.7001079844283883,1,1,1,0,0.7001079844283883,0.6536408609616048,2.474748166039784,4,0.7420546865566117,0.4761346024081184,1,1,1,0,0.4761346024081184,0.9025568638267338,3.4945670495378836,4
R_1KMTwE2iCLDGMxz,0,none,weighted examples,2,2,0.5,0.5280775376449222,0.5897376289731553,1,1,1,0,0.5897376289731553,0.7629676065323996,2.879733314283038,4,0.8641469139374092,0.42141089909343765,1,1,1,0,0.42141089909343765,0.924701555156663,3.6035106528630414,4
R_1KMTwE2iCLDGMxz,0,none,weighted examples,2,7,0.5,1.3764909321415868,0.25246291000095866,2,0,1,0,0.5639965511568213,0.7739348284281327,2.9238507237762064,4,1.2912764902636376,0.27491962678675724,2,0,1,0,0.4109085499578653,0.926073759136483,3.6103720582887004,4
R_1KMTwE2iCLDGMxz,0,none,weighted examples,2,12,0.5,1.788552574724999,0.16720200701505863,3,0,1,0,0.615316644641431,0.7417952322919755,2.7964382325758597,4,1.487635308018801,0.2259062230635651,3,0,1,0,0.433367943477678,0.9207146368664061,3.5836488360107603,4
R_1KMTwE2iCLDGMxz,0,none,weighted examples,2,17,0.5,0.4185817956724318,0.6579793075310976,1,1,1,0,0.6579793075310976,0.7000808046494439,2.6393114580960972,4,0.7888881449583508,0.454349685536491,1,1,1,0,0.454349685536491,0.9123545614415866,3.542355792315164,4
R_1KMTwE2iCLDGMxz,0,none,weighted examples,3,3,0.5,0.3079924631262345,0.7349208569939222,1,1,1,0,0.7349208569939222,0.6131622815498526,2.3397016315705756,4,0.7038217758641303,0.49469108800256045,1,1,1,0,0.49469108800256045,0.8938792273404998,3.4527800991631796,4
R_1KMTwE2iCLDGMxz,0,none,weighted examples,3,8,0.5,2.7363380724384174,0.06480723228998558,3,0,1,0,0.5769588412731638,0.7331925337210284,2.763286342236992,4,1.9557515059348152,0.1414581301147872,3,0,1,0,0.4220739921928943,0.9153259783884041,3.5569777668989655,4
R_1KMTwE2iCLDGMxz,0,none,weighted examples,3,13,0.5,2.2614949991347157,0.10419459742509526,3,0,1,0,0.574158835254848,0.7512021594575036,2.833144761127253,4,1.7254339265892857,0.17809575452011947,3,0,1,0,0.41806806313063594,0.9204182825835964,3.582176852644461,4
R_1KMTwE2iCLDGMxz,0,none,weighted examples,3,18,0.5,0.5214866228048302,0.5936373767994974,1,1,1,0,0.5936373767994974,0.7444455401246352,2.8067315430940853,4,0.8537942565616329,0.4257962827656729,1,1,1,0,0.4257962827656729,0.919786251127237,3.5790395896474365,4
R_1KMTwE2iCLDGMxz,0,none,weighted examples,4,4,0.75,0.3095523485382743,0.7337753583256976,1,1,1,0,0.7337753583256976,0.6178760928449498,2.355041014833124,4,0.47521985072564465,0.6217483496121897,1,1,1,0,0.6217483496121897,0.768640220738704,2.902468563628418,4
R_1KMTwE2iCLDGMxz,0,none,weighted examples,4,9,0.75,2.4318847532852867,0.08787106114114335,3,0,1,0,0.7085260447516216,0.6441133760268343,2.442276854046675,4,2.0738219741791153,0.12570442336112408,3,0,1,0,0.6014963845541659,0.7831166055753566,2.961305251273952,4
R_1KMTwE2iCLDGMxz,0,none,weighted examples,4,14,0.75,3.4348305492045625,0.03223087131599336,4,0,0,0,0.3837534223833893,0.8635242601551905,3.3104986001904697,4,2.8822043096124066,0.05601116071554569,4,0,0,0,0.35901263572697706,0.9004607132362209,3.4844269909874006,4
R_1KMTwE2iCLDGMxz,0,none,weighted examples,4,19,0.75,1.9357073084554286,0.14432215243518373,2,0,1,0,0.7174961246936534,0.6350546396785204,2.4117983341751428,4,1.6993316779087972,0.18280565629484968,2,0,1,0,0.6086316757685082,0.7781523735465169,2.9409958472160467,4
R_1QfQiW4jahDRgtB,1,attribution,weighted examples,0,0,0.0,0.4563263293238293,0.6336070388016644,1,1,1,0,0.6336070388016644,0.7237987061672235,2.7275344382335684,4,1.3862943611198906,0.25,1,1,1,0,0.25,1.0,4.0,4
R_1QfQiW4jahDRgtB,1,attribution,weighted examples,0,5,0.0,1.6446560221110507,0.19307896626766086,2,0,1,0,0.6826482425420766,0.6651083429134197,2.5144043720763336,4,1.3862943611198906,0.25,1,1,1,0,0.25,1.0,4.0,4
R_1QfQiW4jahDRgtB,1,attribution,weighted examples,0,10,0.0,1.7137832790023328,0.1801828196150097,3,0,1,0,0.5538198138680208,0.7874756197345206,2.9792542310402426,4,1.3862943611198906,0.25,1,1,1,0,0.25,1.0,4.0,4
R_1QfQiW4jahDRgtB,1,attribution,weighted examples,0,15,0.0,3.1164598088032798,0.044313770275302714,4,0,0,0,0.5713153410053087,0.7448827609264912,2.8084332657142634,4,1.3862943611198906,0.25,1,1,1,0,0.25,1.0,4.0,4
R_1QfQiW4jahDRgtB,1,attribution,weighted examples,1,1,0.0,1.234273687397021,0.29104607605175015,2,0,1,0,0.5872824649305746,0.7294189811849765,2.7488686320781066,4,1.3862943611198906,0.25,1,1,1,0,0.25,1.0,4.0,4
R_1QfQiW4jahDRgtB,1,attribution,weighted examples,1,6,0.0,0.4354396988415036,0.6469801281140849,1,1,1,0,0.6469801281140849,0.7043974497911177,2.6551528207253767,4,1.3862943611198906,0.25,1,1,1,0,0.25,1.0,4.0,4
R_1QfQiW4jahDRgtB,1,attribution,weighted examples,1,11,0.0,3.030420193510278,0.04829534047325191,4,0,0,0,0.7304077695925416,0.6215350272016729,2.3670169783538455,4,1.3862943611198906,0.25,1,1,1,0,0.25,1.0,4.0,4
R_1QfQiW4jahDRgtB,1,attribution,weighted examples,1,16,0.0,3.206753435986105,0.040487846513694255,4,0,0,0,0.6486235056272565,0.7057158970805025,2.660010230065148,4,1.3862943611198906,0.25,1,1,1,0,0.25,1.0,4.0,4
R_1QfQiW4jahDRgtB,1,attribution,weighted examples,2,2,0.0,0.6353869029486913,0.5297304943734602,1,1,1,0,0.5297304943734602,0.7908977235653861,2.9934215204930847,4,1.3862943611198906,0.25,1,1,1,0,0.25,1.0,4.0,4
R_1QfQiW4jahDRgtB,1,attribution,weighted examples,2,7,0.0,1.2413694325134876,0.2889881970059753,2,0,1,0,0.5615298829812523,0.7599845245349403,2.8678489698305616,4,1.3862943611198906,0.25,1,1,1,0,0.25,1.0,4.0,4
R_1QfQiW4jahDRgtB,1,attribution,weighted examples,2,12,0.0,3.4203261074093163,0.03270176891083936,4,0,0,0,0.3745992489196792,0.8545588790676364,3.2696081806425137,4,1.3862943611198906,0.25,1,1,1,0,0.25,1.0,4.0,4
R_1QfQiW4jahDRgtB,1,attribution,weighted examples,2,17,0.0,2.858978811568412,0.057327272331779616,4,0,0,0,0.5967703899841579,0.723059928259622,2.72474242659728,4,1.3862943611198906,0.25,1,1,1,0,0.25,1.0,4.0,4
R_1QfQiW4jahDRgtB,1,attribution,weighted examples,3,3,0.0,0.595908728872601,0.551061572707131,1,1,1,0,0.551061572707131,0.7589458146727887,2.863722360624082,4,1.3862943611198906,0.25,1,1,1,0,0.25,1.0,4.0,4
R_1QfQiW4jahDRgtB,1,attribution,weighted examples,3,8,0.0,1.3672370447130524,0.2548100165303867,3,0,1,0,0.45716467506436387,0.8418201213136146,3.2123748339069107,4,1.3862943611198906,0.25,1,1,1,0,0.25,1.0,4.0,4
R_1QfQiW4jahDRgtB,1,attribution,weighted examples,3,13,0.0,0.5954843371514229,0.5512954883088589,1,1,1,0,0.5512954883088589,0.760402952250308,2.8695129882967123,4,1.3862943611198906,0.25,1,1,1,0,0.25,1.0,4.0,4
R_1QfQiW4jahDRgtB,1,attribution,weighted examples,3,18,0.0,3.153015976787401,0.04272308054529222,4,0,0,0,0.6848921795673762,0.6716354010291852,2.5372590118927776,4,1.3862943611198906,0.25,1,1,1,0,0.25,1.0,4.0,4
R_1QfQiW4jahDRgtB,1,attribution,weighted examples,4,4,0.0,0.49488686821134836,0.6096398730443974,1,1,1,0,0.6096398730443974,0.7161512683283309,2.698770948171585,4,1.3862943611198906,0.25,1,1,1,0,0.25,1.0,4.0,4
R_1QfQiW4jahDRgtB,1,attribution,weighted examples,4,9,0.0,2.7427062272110865,0.06439584109604705,3,0,1,0,0.5826937668104811,0.7304282310417917,2.752717313722478,4,1.3862943611198906,0.25,1,1,1,0,0.25,1.0,4.0,4
R_1QfQiW4jahDRgtB,1,attribution,weighted examples,4,14,0.0,3.078604900842451,0.0460234191153716,4,0,0,0,0.7141109320090152,0.6401357044615393,2.4288466558195387,4,1.3862943611198906,0.25,1,1,1,0,0.25,1.0,4.0,4
R_1QfQiW4jahDRgtB,1,attribution,weighted examples,4,19,0.0,2.9911943990899883,0.05022740931041141,4,0,0,0,0.7368908572414488,0.6134181983228674,2.3405318487701465,4,1.3862943611198906,0.25,1,1,1,0,0.25,1.0,4.0,4
R_1ReJOex9cmkqbNa,1,counterfactual,weighted examples,0,0,0.25,0.3541076527923793,0.701799412622169,1,1,1,0,0.701799412622169,0.6488354532487524,2.4583169033033525,4,1.0284818901503905,0.3575493479500111,1,1,1,0,0.3575493479500111,0.975750836102738,3.8677691041415745,4
R_1ReJOex9cmkqbNa,1,counterfactual,weighted examples,0,5,0.25,1.386076188037712,0.25005454922091414,2,0,1,0,0.4248670363213786,0.7669617363644822,3.9519572150142332,6,1.5894566757696666,0.20403643956525083,2,0,1,0,0.23294978062611998,0.9775671505567433,5.7636168259308,6
R_1ReJOex9cmkqbNa,1,counterfactual,weighted examples,0,10,0.25,2.7556948114246738,0.0635648387456761,5,0,0,0,0.628194887941227,0.6709528540610901,3.327383068322091,6,1.9131115100274758,0.1476203490645476,5,0,0,0,0.2617372831001542,0.9768338411150747,5.75604890119921,6
R_1ReJOex9cmkqbNa,1,counterfactual,weighted examples,0,15,0.25,3.4699871052449933,0.031117431910134774,5,0,0,0,0.35800961314365787,0.7789714309058249,4.037918908458563,6,2.112698573514857,0.12091123791690786,5,0,0,0,0.22268419940959946,0.9776542384892108,5.764516254489751,6
R_1ReJOex9cmkqbNa,1,counterfactual,weighted examples,1,1,0.75,1.5310521157455341,0.21630796653574663,3,0,1,0,0.46785678412222814,0.7542587335652063,3.8630237360032105,6,1.5065789011084334,0.2216670270716806,3,0,1,0,0.39534969602277115,0.837835687666234,4.487070446629469,6
R_1ReJOex9cmkqbNa,1,counterfactual,weighted examples,1,6,0.75,3.7526209078752664,0.023456188713723215,6,0,0,0,0.37529477341297207,0.7594686447977289,3.8992535442183907,6,3.1741799474433354,0.04182839150364947,6,0,0,0,0.3346242926312489,0.8396871763376995,4.501980672540854,6
R_1ReJOex9cmkqbNa,1,counterfactual,weighted examples,1,11,0.75,2.9483358814044656,0.052426877938533796,4,0,0,0,0.37009311607970036,0.7659895450853315,3.9450791628941198,6,2.572918424577704,0.07631250782458884,4,0,0,0,0.33049392752202156,0.8424829496122598,4.52458926393521,6
R_1ReJOex9cmkqbNa,1,counterfactual,weighted examples,1,16,0.75,2.3934436189577206,0.09131468883374742,2,0,1,0,0.7603547392346848,0.5839250128963779,2.2467662331391574,4,2.0289176253093326,0.13147775235241177,2,0,1,0,0.6444793126386861,0.7484250396045556,2.822258390463528,4
R_1ReJOex9cmkqbNa,1,counterfactual,weighted examples,2,2,1.0,1.6318160808942492,0.19557407307775868,3,0,1,0,0.3754237786862467,0.7592684753387039,5.744714834438031,10,1.6318160808942492,0.19557407307775868,3,0,1,0,0.3754237786862467,0.7592684753387039,5.744714834438031,10
R_1ReJOex9cmkqbNa,1,counterfactual,weighted examples,2,7,1.0,1.412969850378589,0.24341928973972657,2,0,1,0,0.24344061283579288,0.8184267154077759,6.583043356572615,10,1.412969850378589,0.24341928973972657,2,0,1,0,0.24344061283579288,0.8184267154077759,6.583043356572615,10
R_1ReJOex9cmkqbNa,1,counterfactual,weighted examples,2,12,1.0,3.219263688945353,0.03998448844529579,5,0,0,0,0.274163801150064,0.7680469432805126,5.862015241387766,10,3.219263688945353,0.03998448844529579,5,0,0,0,0.274163801150064,0.7680469432805126,5.862015241387766,10
R_1ReJOex9cmkqbNa,1,counterfactual,weighted examples,2,17,1.0,1.3938863192954187,0.24810919698662218,3,0,1,0,0.39788695187526263,0.8313183603115648,3.811242633118726,5,1.3938863192954187,0.24810919698662218,3,0,1,0,0.39788695187526263,0.8313183603115648,3.811242633118726,5
R_1ReJOex9cmkqbNa,1,counterfactual,weighted examples,3,3,0.5,0.2721512000648653,0.7617390773842542,1,1,1,0,0.7617390773842542,0.5816684088957682,2.239748617622766,4,0.6751005509227741,0.5091052270334444,1,1,1,0,0.5091052270334444,0.8872981789555733,3.42142271160915,4
R_1ReJOex9cmkqbNa,1,counterfactual,weighted examples,3,8,0.5,1.3777100397032656,0.25215531809024105,3,0,1,0,0.401989120719547,0.7723521565361654,3.9903114681672505,6,1.4615268257922798,0.23188196095213684,3,0,1,0,0.29277908432911665,0.9194629163096978,5.193752115312605,6
R_1ReJOex9cmkqbNa,1,counterfactual,weighted examples,3,13,0.5,1.6134773830706441,0.19919373541009902,2,0,1,0,0.5776563493758572,0.7722355867130363,2.916971263114219,4,1.4097697003772272,0.2441995157343724,2,0,1,0,0.4158548166672387,0.9264155903505964,3.6120833420889618,4
R_1ReJOex9cmkqbNa,1,counterfactual,weighted examples,3,18,0.5,2.0307676468480556,0.13123474053655426,2,0,1,0,0.7008852463137147,0.6567899260947739,2.4855753725208927,4,1.5807009757079709,0.20583076525744998,2,0,1,0,0.4756739183674558,0.9037896878489109,3.5005445702884543,4
R_1ReJOex9cmkqbNa,1,counterfactual,weighted examples,4,4,1.0,0.6261020600946824,0.5346718631862807,1,1,1,0,0.5346718631862807,0.7881384449484022,3.555372691220998,5,0.6261020600946824,0.5346718631862807,1,1,1,0,0.5346718631862807,0.7881384449484022,3.555372691220998,5
R_1ReJOex9cmkqbNa,1,counterfactual,weighted examples,4,9,1.0,1.4300960336491089,0.23928594163816053,3,0,1,0,0.29414361881615075,0.7678386458819746,5.859204361206409,10,1.4300960336491089,0.23928594163816053,3,0,1,0,0.29414361881615075,0.7678386458819746,5.859204361206409,10
R_1ReJOex9cmkqbNa,1,counterfactual,weighted examples,4,14,1.0,0.6746379749757301,0.509340781342663,1,1,1,0,0.509340781342663,0.7861483481498428,3.5440032731228346,5,0.6746379749757301,0.509340781342663,1,1,1,0,0.509340781342663,0.7861483481498428,3.5440032731228346,5
R_1ReJOex9cmkqbNa,1,counterfactual,weighted examples,4,19,1.0,2.0263199248758696,0.13181973616012088,2,0,1,0,0.6313175696385526,0.6984655646842006,3.0775596463932673,5,2.0263199248758696,0.13181973616012088,2,0,1,0,0.6313175696385526,0.6984655646842006,3.0775596463932673,5
R_1TZbMIIo6RtFnsb,1,attribution,feature contribution,0,0,3.0,0.4706137190591606,0.6246188101584526,1,1,1,0,0.6246188101584526,0.7074463707312869,2.666399110830732,4,0.0672827872409621,0.9349307774556416,1,1,1,0,0.9349307774556416,0.18020595299963932,1.283792382708395,4
R_1TZbMIIo6RtFnsb,1,attribution,feature contribution,0,5,3.0,1.216485121753315,0.29626969084528787,2,0,1,0,0.4670981431904599,0.744990442487956,3.7994019767651963,6,1.607944281923197,0.2002989493065054,2,0,1,0,0.7849489645163127,0.32569839874802026,1.7924317009164663,6
R_1TZbMIIo6RtFnsb,1,attribution,feature contribution,0,10,3.0,2.0823511303598026,0.12463683000885922,3,0,1,0,0.6986145635016746,0.6592988426050598,2.494235495940471,4,5.183991474300621,0.005605587144172786,3,0,1,0,0.9871765465952916,0.056545630039952215,1.0815431761364462,4
R_1TZbMIIo6RtFnsb,1,attribution,feature contribution,0,15,3.0,0.6684041682875326,0.5125258304879649,1,1,1,0,0.5125258304879649,0.7682684698692029,2.900973144019962,4,0.2864648509927962,0.7509134719302709,1,1,1,0,0.7509134719302709,0.42296877557919704,1.797432447448525,4
R_1TZbMIIo6RtFnsb,1,attribution,feature contribution,1,1,3.0,0.8649350360590671,0.4210789066840198,1,1,1,0,0.4210789066840198,0.7621026505200239,3.91769958347297,6,0.373394873195272,0.688393351085932,1,1,1,0,0.688393351085932,0.42574148345497087,2.144328252690809,6
R_1TZbMIIo6RtFnsb,1,attribution,feature contribution,1,6,3.0,0.7973101152485993,0.4505392342600239,1,1,1,0,0.4505392342600239,0.7528545514036774,3.853316751908684,6,0.2752980131803328,0.7593457944469886,1,1,1,0,0.7593457944469886,0.3607952058649477,1.9087684176365032,6
R_1TZbMIIo6RtFnsb,1,attribution,feature contribution,1,11,3.0,0.5005841755823317,0.6061764427838074,1,1,1,0,0.6061764427838074,0.7425054798917328,2.7991929958594417,4,0.0596664334464297,0.9420787271333075,1,1,1,0,0.9420787271333075,0.17922360227282408,1.2820452691319344,4
R_1TZbMIIo6RtFnsb,1,attribution,feature contribution,1,16,3.0,0.6322759306027556,0.5313810373578618,1,1,1,0,0.5313810373578618,0.7241435870543157,3.6601024147186263,6,0.09082323550384762,0.9131791142796845,1,1,1,0,0.9131791142796845,0.1869506128864009,1.3978991898085,6
R_1TZbMIIo6RtFnsb,1,attribution,feature contribution,2,2,3.0,0.38531450086268076,0.6802366675409179,1,1,1,0,0.6802366675409179,0.6663584778011727,2.5187657511716215,4,0.0255984387233504,0.9747264234182106,1,1,1,0,0.9747264234182106,0.08975154530888207,1.1324937517751532,4
R_1TZbMIIo6RtFnsb,1,attribution,feature contribution,2,7,3.0,-0.0,1.0,1,1,1,0,1.0,0.0,1.0,1,-0.0,1.0,1,1,1,0,1.0,0.0,1.0,1
R_1TZbMIIo6RtFnsb,1,attribution,feature contribution,2,12,3.0,0.6039309351382793,0.5466585277864893,1,1,1,0,0.5466585277864893,0.7184044074986706,3.622657599052498,6,0.06716452668028089,0.9350413494316047,1,1,1,0,0.9350413494316047,0.15565130626337123,1.3216615590645242,6
R_1TZbMIIo6RtFnsb,1,attribution,feature contribution,2,17,3.0,0.5052250950289132,0.6033697446100849,1,1,1,0,0.6033697446100849,0.6872007805807563,3.425674908459426,6,0.023779286501042562,0.9765012129742517,1,1,1,0,0.9765012129742517,0.07370531899172848,1.1411793021048686,6
R_1TZbMIIo6RtFnsb,1,attribution,feature contribution,3,3,4.0,0.6134129656407837,0.5414995921966703,1,1,1,0,0.5414995921966703,0.7202682187570632,3.6347756923669543,6,0.028509382833722945,0.9718931749912975,1,1,1,0,0.9718931749912975,0.07644414090346807,1.1467931860829434,6
R_1TZbMIIo6RtFnsb,1,attribution,feature contribution,3,8,4.0,0.28319354160695476,0.7533739645409976,1,1,1,0,0.7533739645409976,0.5925856022439653,2.2739037744134394,4,0.0005927436092232856,0.9994074320285654,1,1,1,0,0.9994074320285654,0.003920906234055894,1.005450329498901,4
R_1TZbMIIo6RtFnsb,1,attribution,feature contribution,3,13,4.0,0.4526104648085947,0.6359658164487322,1,1,1,0,0.6359658164487322,0.7117257888364237,2.6822646268663273,4,0.014986881398121127,0.9851248629791726,1,1,1,0,0.9851248629791726,0.05781522469874859,1.083448402783441,4
R_1TZbMIIo6RtFnsb,1,attribution,feature contribution,3,18,4.0,1.3893034068540346,0.24924886922663905,2,0,1,0,0.6307773570457091,0.7029339923539,2.6497715529275387,4,3.738251837175287,0.023795665489633615,2,0,1,0,0.9760441183419897,0.08232830275898721,1.1208992465653962,4
R_1TZbMIIo6RtFnsb,1,attribution,feature contribution,4,4,3.0,0.6271814030744324,0.5340950801936128,1,1,1,0,0.5340950801936128,0.7229163556500847,3.6520630448856064,6,0.08718081710215539,0.9165113597215029,1,1,1,0,0.9165113597215029,0.18182829582421237,1.3851280230971745,6
R_1TZbMIIo6RtFnsb,1,attribution,feature contribution,4,9,3.0,0.5579314105541451,0.572391883852377,1,1,1,0,0.572391883852377,0.7058549564912915,3.5421089636346945,6,0.0415104877772725,0.9593392739520776,1,1,1,0,0.9593392739520776,0.11234145454312938,1.2229779962992746,6
R_1TZbMIIo6RtFnsb,1,attribution,feature contribution,4,14,3.0,0.7543148238749846,0.47033276513453465,1,1,1,0,0.47033276513453465,0.7530619896572679,3.854749216771947,6,0.17792410035587602,0.8370059495316347,1,1,1,0,0.8370059495316347,0.31297192535918,1.752021757085427,6
R_1TZbMIIo6RtFnsb,1,attribution,feature contribution,4,19,3.0,0.4803719515129342,0.6185532771857736,1,1,1,0,0.6185532771857736,0.739013049553055,2.7856733551668453,4,0.04268930773741205,0.9582090519623988,1,1,1,0,0.9582090519623988,0.1467678367931403,1.2256403284626962,4
R_1WAqgPTkRSdmI9W,1,counterfactual,feature contribution,0,0,2.0,1.1454519419230984,0.3180801315549982,1,1,1,0,0.3180801315549982,0.7604325267872659,5.760133205574269,10,0.8084042325547655,0.4455685229538677,1,1,1,0,0.4455685229538677,0.4971399385050215,3.1415207926293305,10
R_1WAqgPTkRSdmI9W,1,counterfactual,feature contribution,0,5,2.0,0.7343807055698007,0.4798025060051793,1,1,1,0,0.4798025060051793,0.7946569117640869,3.5928686891705857,5,0.3588826247119104,0.6984563280531833,1,1,1,0,0.6984563280531833,0.5381562095705629,2.377688997500405,5
R_1WAqgPTkRSdmI9W,1,counterfactual,feature contribution,0,10,2.0,0.7553685353686269,0.4698374311094846,1,1,1,0,0.4698374311094846,0.7615031273627455,3.4061819580608406,5,0.46952144331524587,0.6253014388755079,1,1,1,0,0.6253014388755079,0.503783667216036,2.2497262309558415,5
R_1WAqgPTkRSdmI9W,1,counterfactual,feature contribution,0,15,2.0,1.174972130610501,0.30882758640438085,2,0,1,0,0.3180801315549982,0.7604325267872659,5.760133205574269,10,0.8674446099295706,0.42002350292314355,2,0,1,0,0.4455685229538677,0.4971399385050215,3.1415207926293305,10
R_1WAqgPTkRSdmI9W,1,counterfactual,feature contribution,1,1,2.0,1.1454519419230984,0.3180801315549982,1,1,1,0,0.3180801315549982,0.7604325267872659,5.760133205574269,10,0.8084042325547655,0.4455685229538677,1,1,1,0,0.4455685229538677,0.4971399385050215,3.1415207926293305,10
R_1WAqgPTkRSdmI9W,1,counterfactual,feature contribution,1,6,2.0,0.7343807055698007,0.4798025060051793,1,1,1,0,0.4798025060051793,0.7946569117640869,3.5928686891705857,5,0.3588826247119104,0.6984563280531833,1,1,1,0,0.6984563280531833,0.5381562095705629,2.377688997500405,5
R_1WAqgPTkRSdmI9W,1,counterfactual,feature contribution,1,11,2.0,0.7553685353686269,0.4698374311094846,1,1,1,0,0.4698374311094846,0.7615031273627455,3.4061819580608406,5,0.46952144331524587,0.6253014388755079,1,1,1,0,0.6253014388755079,0.503783667216036,2.2497262309558415,5
R_1WAqgPTkRSdmI9W,1,counterfactual,feature contribution,1,16,2.0,0.6873303592421425,0.502916885936552,1,1,1,0,0.502916885936552,0.7163789986018518,5.204499828986589,10,0.14929794396480517,0.8613124538181203,1,1,1,0,0.8613124538181203,0.27351031739636883,1.8771990138673462,10
R_1WAqgPTkRSdmI9W,1,counterfactual,feature contribution,2,2,2.0,1.1454519419230984,0.3180801315549982,1,1,1,0,0.3180801315549982,0.7604325267872659,5.760133205574269,10,0.8084042325547655,0.4455685229538677,1,1,1,0,0.4455685229538677,0.4971399385050215,3.1415207926293305,10
R_1WAqgPTkRSdmI9W,1,counterfactual,feature contribution,2,7,2.0,1.1454519419230984,0.3180801315549982,1,1,1,0,0.3180801315549982,0.7604325267872659,5.760133205574269,10,0.8084042325547655,0.4455685229538677,1,1,1,0,0.4455685229538677,0.4971399385050215,3.1415207926293305,10
R_1WAqgPTkRSdmI9W,1,counterfactual,feature contribution,2,12,2.0,0.7553685353686269,0.4698374311094846,1,1,1,0,0.4698374311094846,0.7615031273627455,3.4061819580608406,5,0.46952144331524587,0.6253014388755079,1,1,1,0,0.6253014388755079,0.503783667216036,2.2497262309558415,5
R_1WAqgPTkRSdmI9W,1,counterfactual,feature contribution,2,17,2.0,0.6873303592421425,0.502916885936552,1,1,1,0,0.502916885936552,0.7163789986018518,5.204499828986589,10,0.14929794396480517,0.8613124538181203,1,1,1,0,0.8613124538181203,0.27351031739636883,1.8771990138673462,10
R_1WAqgPTkRSdmI9W,1,counterfactual,feature contribution,3,3,8.0,1.1454519419230984,0.3180801315549982,1,1,1,0,0.3180801315549982,0.7604325267872659,5.760133205574269,10,0.5829580733144932,0.5582445933455549,1,1,1,0,0.5582445933455549,0.3009930981243686,1.9998300877685904,10
R_1WAqgPTkRSdmI9W,1,counterfactual,feature contribution,3,8,8.0,1.1454519419230984,0.3180801315549982,1,1,1,0,0.3180801315549982,0.7604325267872659,5.760133205574269,10,0.5829580733144932,0.5582445933455549,1,1,1,0,0.5582445933455549,0.3009930981243686,1.9998300877685904,10
R_1WAqgPTkRSdmI9W,1,counterfactual,feature contribution,3,13,8.0,0.6873303592421425,0.502916885936552,1,1,1,0,0.502916885936552,0.7163789986018518,5.204499828986589,10,1.045813200532496e-05,0.9999895419226807,1,1,1,0,0.9999895419226807,6.104330704770168e-05,1.0001405672874906,10
R_1WAqgPTkRSdmI9W,1,counterfactual,feature contribution,3,18,8.0,3.0033836011570556,0.049618893464576146,6,0,0,0,0.502916885936552,0.7163789986018518,5.204499828986589,10,18.52843639345131,8.97846958982967e-09,6,0,0,0,0.9999895419226807,6.104330704770168e-05,1.0001405672874906,10
R_1WAqgPTkRSdmI9W,1,counterfactual,feature contribution,4,4,2.0,1.1454519419230984,0.3180801315549982,1,1,1,0,0.3180801315549982,0.7604325267872659,5.760133205574269,10,0.8084042325547655,0.4455685229538677,1,1,1,0,0.4455685229538677,0.4971399385050215,3.1415207926293305,10
R_1WAqgPTkRSdmI9W,1,counterfactual,feature contribution,4,9,2.0,0.7343807055698007,0.4798025060051793,1,1,1,0,0.4798025060051793,0.7946569117640869,3.5928686891705857,5,0.3588826247119104,0.6984563280531833,1,1,1,0,0.6984563280531833,0.5381562095705629,2.377688997500405,5
R_1WAqgPTkRSdmI9W,1,counterfactual,feature contribution,4,14,2.0,0.7553685353686269,0.4698374311094846,1,1,1,0,0.4698374311094846,0.7615031273627455,3.4061819580608406,5,0.46952144331524587,0.6253014388755079,1,1,1,0,0.6253014388755079,0.503783667216036,2.2497262309558415,5
R_1WAqgPTkRSdmI9W,1,counterfactual,feature contribution,4,19,2.0,0.6873303592421425,0.502916885936552,1,1,1,0,0.502916885936552,0.7163789986018518,5.204499828986589,10,0.14929794396480517,0.8613124538181203,1,1,1,0,0.8613124538181203,0.27351031739636883,1.8771990138673462,10
R_1bN1m4OYZIanJ5K,1,none,feature contribution,0,0,1.0,1.9457716986464666,0.14287692285622097,3,0,1,0,0.621920849527814,0.7336848331669404,2.7651728513154574,4,1.9457716986464666,0.14287692285622097,3,0,1,0,0.621920849527814,0.7336848331669404,2.7651728513154574,4
R_1bN1m4OYZIanJ5K,1,none,feature contribution,0,5,1.0,1.6828825264601266,0.18583752166540926,2,0,1,0,0.5444152241547862,0.7213546048820371,3.6418578287945156,6,1.6828825264601266,0.18583752166540926,2,0,1,0,0.5444152241547862,0.7213546048820371,3.6418578287945156,6
R_1bN1m4OYZIanJ5K,1,none,feature contribution,0,10,1.0,0.6010739097799193,0.5482225782647859,1,1,1,0,0.5482225782647859,0.7931539925292714,3.0027991610969105,4,0.6010739097799193,0.5482225782647859,1,1,1,0,0.5482225782647859,0.7931539925292714,3.0027991610969105,4
R_1bN1m4OYZIanJ5K,1,none,feature contribution,0,15,1.0,0.9657881952449248,0.38068302890505873,1,1,1,0,0.38068302890505873,0.766079890352284,3.945717832116233,6,0.9657881952449248,0.38068302890505873,1,1,1,0,0.38068302890505873,0.766079890352284,3.945717832116233,6
R_1bN1m4OYZIanJ5K,1,none,feature contribution,1,1,1.5,3.538792559462053,0.029048380107419947,5,0,0,0,0.4670981431904599,0.744990442487956,3.7994019767651963,6,4.704795029361278,0.009051769374720256,5,0,0,0,0.5836638739414163,0.5871568928690921,2.8634979092704826,6
R_1bN1m4OYZIanJ5K,1,none,feature contribution,1,6,1.5,0.5086916112855372,0.601281774663402,1,1,1,0,0.601281774663402,0.688448198860752,3.4333401066690117,6,0.2434501930876417,0.7839185196209474,1,1,1,0,0.7839185196209474,0.44364572110458805,2.2142337830343175,6
R_1bN1m4OYZIanJ5K,1,none,feature contribution,1,11,1.5,1.201756180938323,0.3006657245740322,2,0,1,0,0.576293006039161,0.735756480174426,2.7731256003045024,4,1.3457447528424076,0.2603457424091126,2,0,1,0,0.6908593190534206,0.5664341882435031,2.19294309605441,4
R_1bN1m4OYZIanJ5K,1,none,feature contribution,1,16,1.5,1.4748756930243534,0.22880716760451703,2,0,1,0,0.6489675184793973,0.691515476923811,2.6081574294268566,4,1.8008100245501593,0.16516504627896098,2,0,1,0,0.7889475766168706,0.4737804362141596,1.9286092496619633,4
R_1bN1m4OYZIanJ5K,1,none,feature contribution,2,2,1.0,0.5290830703846721,0.5891449265201609,1,1,1,0,0.5891449265201609,0.6962736116008642,3.4818189247381084,6,0.5290830703846721,0.5891449265201609,1,1,1,0,0.5891449265201609,0.6962736116008642,3.4818189247381084,6
R_1bN1m4OYZIanJ5K,1,none,feature contribution,2,7,1.0,1.3679459751169099,0.25462943797883664,2,0,1,0,0.6246188101584526,0.7074463707312869,2.666399110830732,4,1.3679459751169099,0.25462943797883664,2,0,1,0,0.6246188101584526,0.7074463707312869,2.666399110830732,4
R_1bN1m4OYZIanJ5K,1,none,feature contribution,2,12,1.0,0.7633708174507754,0.4660926627827086,1,1,1,0,0.4660926627827086,0.7474438938210809,3.8161408926964464,6,0.7633708174507754,0.4660926627827086,1,1,1,0,0.4660926627827086,0.7474438938210809,3.8161408926964464,6
R_1bN1m4OYZIanJ5K,1,none,feature contribution,2,17,1.0,0.7471726652964998,0.4737039808759117,1,1,1,0,0.4737039808759117,0.7834962493526756,2.962864190584567,4,0.7471726652964998,0.4737039808759117,1,1,1,0,0.4737039808759117,0.7834962493526756,2.962864190584567,4
R_1bN1m4OYZIanJ5K,1,none,feature contribution,3,3,1.0,1.6955206184637965,0.18350366875652643,2,0,1,0,0.5741670229632769,0.7043181527598336,3.5323688900928505,6,1.6955206184637965,0.18350366875652643,2,0,1,0,0.5741670229632769,0.7043181527598336,3.5323688900928505,6
R_1bN1m4OYZIanJ5K,1,none,feature contribution,3,8,1.0,1.4937136880184365,0.2245372439979246,3,0,1,0,0.4545637167348916,0.8403050316701419,3.20563477032262,4,1.4937136880184365,0.2245372439979246,3,0,1,0,0.4545637167348916,0.8403050316701419,3.20563477032262,4
R_1bN1m4OYZIanJ5K,1,none,feature contribution,3,13,1.0,0.9329648621285522,0.39338564544941346,1,1,1,0,0.39338564544941346,0.7563432260700181,3.87747875612323,6,0.9329648621285522,0.39338564544941346,1,1,1,0,0.39338564544941346,0.7563432260700181,3.87747875612323,6
R_1bN1m4OYZIanJ5K,1,none,feature contribution,3,18,1.0,0.5116924211361596,0.5994801469140912,1,1,1,0,0.5994801469140912,0.6897259568534571,3.4412095204353914,6,0.5116924211361596,0.5994801469140912,1,1,1,0,0.5994801469140912,0.6897259568534571,3.4412095204353914,6
R_1bN1m4OYZIanJ5K,1,none,feature contribution,4,4,1.0,0.2911152709160731,0.74742951616718,1,1,1,0,0.74742951616718,0.5993619549457858,2.295365519096933,4,0.2911152709160731,0.74742951616718,1,1,1,0,0.74742951616718,0.5993619549457858,2.295365519096933,4
R_1bN1m4OYZIanJ5K,1,none,feature contribution,4,9,1.0,1.58010807740214,0.2059528381542898,2,0,1,0,0.6101609750079847,0.7434961302628629,2.803039860948173,4,1.58010807740214,0.2059528381542898,2,0,1,0,0.6101609750079847,0.7434961302628629,2.803039860948173,4
R_1bN1m4OYZIanJ5K,1,none,feature contribution,4,14,1.0,0.5415401077824911,0.5818514480202209,1,1,1,0,0.5818514480202209,0.7372973158620321,2.7790554713055706,4,0.5415401077824911,0.5818514480202209,1,1,1,0,0.5818514480202209,0.7372973158620321,2.7790554713055706,4
R_1bN1m4OYZIanJ5K,1,none,feature contribution,4,19,1.0,0.6437544297772981,0.5253164533076258,1,1,1,0,0.5253164533076258,0.7600154015145367,2.8679717295362908,4,0.6437544297772981,0.5253164533076258,1,1,1,0,0.5253164533076258,0.7600154015145367,2.8679717295362908,4
R_1hF6UnZQsvvwBCX,1,counterfactual,weighted examples,0,0,0.5,0.27164275335526905,0.7621264795900636,1,1,1,0,0.7621264795900636,0.5815057340137818,2.239243577054282,4,0.6748381347453661,0.5092388420116201,1,1,1,0,0.5092388420116201,0.8873262098744036,3.4215556676158223,4
R_1hF6UnZQsvvwBCX,1,counterfactual,weighted examples,0,5,0.5,0.992626027222641,0.37060220059532595,1,1,1,0,0.37060220059532595,0.775408266567382,4.012221605089016,6,1.269946059864331,0.28084677028271116,1,1,1,0,0.28084677028271116,0.9197559371132716,5.196479669539437,6
R_1hF6UnZQsvvwBCX,1,counterfactual,weighted examples,0,10,0.5,-0.0,1.0,1,1,1,0,1.0,0.0,1.0,1,-0.0,1.0,1,1,1,0,1.0,0.0,1.0,1
R_1hF6UnZQsvvwBCX,1,counterfactual,weighted examples,0,15,0.5,1.5661265728470646,0.20885259292892164,2,0,1,0,0.5289738486472315,0.7281772016251581,3.6866507729713724,6,1.5413582028011081,0.2140901260610243,2,0,1,0,0.3407170000049415,0.9149422657311939,5.151853065091313,6
R_1hF6UnZQsvvwBCX,1,counterfactual,weighted examples,1,1,0.75,0.6836088998815925,0.5047919575266306,1,1,1,0,0.5047919575266306,0.7632703898450922,2.8809423268455854,4,0.7924194206378242,0.4527480810597693,1,1,1,0,0.4527480810597693,0.8436964277608237,3.2207414605544753,4
R_1hF6UnZQsvvwBCX,1,counterfactual,weighted examples,1,6,0.75,0.2820962710262724,0.7542010733266225,1,1,1,0,0.7542010733266225,0.5909563634404167,2.2687737205276663,4,0.4472718496329819,0.6393700721277775,1,1,1,0,0.6393700721277775,0.7524121741002399,2.837901169662924,4
R_1hF6UnZQsvvwBCX,1,counterfactual,weighted examples,1,11,0.75,1.756014382624236,0.17273193711782428,3,0,1,0,0.47531638855837466,0.8201859223105661,3.1174617191961804,4,1.6121220810219155,0.19946388611434365,3,0,1,0,0.4261592161605714,0.8776881569297971,3.376143706008762,4
R_1hF6UnZQsvvwBCX,1,counterfactual,weighted examples,1,16,0.75,1.378443287113654,0.2519704936255467,2,0,1,0,0.5593599770967714,0.7781796927431287,2.941107232038161,4,1.3184710340837764,0.26754405514278434,2,0,1,0,0.4865770061186217,0.8563303306036373,3.277647398769186,4
R_1hF6UnZQsvvwBCX,1,counterfactual,weighted examples,2,2,1.0,2.461909328999157,0.08527198316698009,4,0,0,0,0.6348824108268734,0.6662427459438147,3.2994201761884625,6,2.461909328999157,0.08527198316698009,4,0,0,0,0.6348824108268734,0.6662427459438147,3.2994201761884625,6
R_1hF6UnZQsvvwBCX,1,counterfactual,weighted examples,2,7,1.0,1.105504787967283,0.3310437331649627,2,0,1,0,0.4653063684778949,0.8213907153557327,3.1226728475123675,4,1.105504787967283,0.3310437331649627,2,0,1,0,0.4653063684778949,0.8213907153557327,3.1226728475123675,4
R_1hF6UnZQsvvwBCX,1,counterfactual,weighted examples,2,12,1.0,1.1085529174283657,0.3300362053267253,1,1,1,0,0.3300362053267253,0.779992369793455,4.045312140392906,6,1.1085529174283657,0.3300362053267253,1,1,1,0,0.3300362053267253,0.779992369793455,4.045312140392906,6
R_1hF6UnZQsvvwBCX,1,counterfactual,weighted examples,2,17,1.0,2.5523939384908734,0.07789496685777772,3,0,1,0,0.46853114197128287,0.7684152134114167,2.9015633482777123,4,2.5523939384908734,0.07789496685777772,3,0,1,0,0.46853114197128287,0.7684152134114167,2.9015633482777123,4
R_1hF6UnZQsvvwBCX,1,counterfactual,weighted examples,3,3,0.75,-0.0,1.0,1,1,1,0,1.0,0.0,1.0,1,-0.0,1.0,1,1,1,0,1.0,0.0,1.0,1
R_1hF6UnZQsvvwBCX,1,counterfactual,weighted examples,3,8,0.75,1.5324372556659698,0.21600855714600972,3,0,1,0,0.52955482372666,0.8050835723634072,3.0528720906650415,4,1.4409157270498338,0.23671089683292498,3,0,1,0,0.4637652781654907,0.8710043815064586,3.3450059173534843,4
R_1hF6UnZQsvvwBCX,1,counterfactual,weighted examples,3,13,0.75,-0.0,1.0,1,1,1,0,1.0,0.0,1.0,1,-0.0,1.0,1,1,1,0,1.0,0.0,1.0,1
R_1hF6UnZQsvvwBCX,1,counterfactual,weighted examples,3,18,0.75,1.1085964748992374,0.3300218300974017,1,1,1,0,0.3300218300974017,0.8691853597401751,3.336581443671925,4,1.1389290671352492,0.32016170998279697,1,1,1,0,0.32016170998279697,0.9033046542597806,3.4981915976235536,4
R_1hF6UnZQsvvwBCX,1,counterfactual,weighted examples,4,4,0.75,1.8893314179217948,0.15117284651250695,2,0,1,0,0.593827974977519,0.6935595604781631,3.464928196652688,6,1.7572173213550082,0.17252427610740162,2,0,1,0,0.48138256941661994,0.8121571006337095,4.28529834713268,6
R_1hF6UnZQsvvwBCX,1,counterfactual,weighted examples,4,9,0.75,0.7068927603368048,0.4931742296688464,1,1,1,0,0.4931742296688464,0.7715630706042723,2.9142530226886127,4,0.8121165119613862,0.4439175145002565,1,1,1,0,0.4439175145002565,0.848610526515958,3.242757304164488,4
R_1hF6UnZQsvvwBCX,1,counterfactual,weighted examples,4,14,0.75,2.0308697512388107,0.1312213415773838,3,0,1,0,0.571044163927285,0.7067425183545746,3.5477464516677495,6,1.867331952095769,0.1545354201792922,3,0,1,0,0.4656149917798391,0.8178286176498825,4.329067539074134,6
R_1hF6UnZQsvvwBCX,1,counterfactual,weighted examples,4,19,0.75,-0.0,1.0,1,1,1,0,1.0,0.0,1.0,1,-0.0,1.0,1,1,1,0,1.0,0.0,1.0,1
R_1ihbKBZG0EAXF8D,1,counterfactual,feature contribution,0,0,1.0,0.8037481599371086,0.44764795960022125,1,1,1,0,0.44764795960022125,0.7567317655019483,3.880179077262592,6,0.8037481599371086,0.44764795960022125,1,1,1,0,0.44764795960022125,0.7567317655019483,3.880179077262592,6
R_1ihbKBZG0EAXF8D,1,counterfactual,feature contribution,0,5,1.0,0.9159460822349653,0.4001378836150801,1,1,1,0,0.4001378836150801,0.8577937990033848,3.284303833221799,4,0.9159460822349653,0.4001378836150801,1,1,1,0,0.4001378836150801,0.8577937990033848,3.284303833221799,4
R_1ihbKBZG0EAXF8D,1,counterfactual,feature contribution,0,10,1.0,1.2024950507977363,0.30044365378319565,2,0,1,0,0.34535802532202253,0.7801391608545748,4.046376255160194,6,1.2024950507977363,0.30044365378319565,2,0,1,0,0.34535802532202253,0.7801391608545748,4.046376255160194,6
R_1ihbKBZG0EAXF8D,1,counterfactual,feature contribution,0,15,1.0,1.4583417153273401,0.23262170807535795,2,0,1,0,0.5311728982791989,0.7241952591255186,3.6604412970455815,6,1.4583417153273401,0.23262170807535795,2,0,1,0,0.5311728982791989,0.7241952591255186,3.6604412970455815,6
R_1ihbKBZG0EAXF8D,1,counterfactual,feature contribution,1,1,1.0,2.015385609808758,0.13326900362146363,3,0,1,0,0.5630721702057966,0.7110425021144189,3.5751857619731635,6,2.015385609808758,0.13326900362146363,3,0,1,0,0.5630721702057966,0.7110425021144189,3.5751857619731635,6
R_1ihbKBZG0EAXF8D,1,counterfactual,feature contribution,1,6,1.0,0.8646702463289948,0.42119041881704206,1,1,1,0,0.42119041881704206,0.761539024638563,3.9137451662257146,6,0.8646702463289948,0.42119041881704206,1,1,1,0,0.42119041881704206,0.761539024638563,3.9137451662257146,6
R_1ihbKBZG0EAXF8D,1,counterfactual,feature contribution,1,11,1.0,0.6495261283683417,0.5222932180681278,1,1,1,0,0.5222932180681278,0.7323171093309879,3.7140989875564876,6,0.6495261283683417,0.5222932180681278,1,1,1,0,0.5222932180681278,0.7323171093309879,3.7140989875564876,6
R_1ihbKBZG0EAXF8D,1,counterfactual,feature contribution,1,16,1.0,0.5361326367916428,0.5850063150848885,1,1,1,0,0.5850063150848885,0.6990446411931188,3.499149207138046,6,0.5361326367916428,0.5850063150848885,1,1,1,0,0.5850063150848885,0.6990446411931188,3.499149207138046,6
R_1ihbKBZG0EAXF8D,1,counterfactual,feature contribution,2,2,1.0,0.7052039430086668,0.4940078145418687,1,1,1,0,0.4940078145418687,0.7404993687816281,3.768951160434296,6,0.7052039430086668,0.4940078145418687,1,1,1,0,0.4940078145418687,0.7404993687816281,3.768951160434296,6
R_1ihbKBZG0EAXF8D,1,counterfactual,feature contribution,2,7,1.0,1.5329683124254017,0.2158938747957561,3,0,1,0,0.4116262396641432,0.7689952204793269,3.9663824915008714,6,1.5329683124254017,0.2158938747957561,3,0,1,0,0.4116262396641432,0.7689952204793269,3.9663824915008714,6
R_1ihbKBZG0EAXF8D,1,counterfactual,feature contribution,2,12,1.0,2.8080326610960293,0.060323552601936836,4,0,0,0,0.5504201446790894,0.7175464169733894,3.617092720280678,6,2.8080326610960293,0.060323552601936836,4,0,0,0,0.5504201446790894,0.7175464169733894,3.617092720280678,6
R_1ihbKBZG0EAXF8D,1,counterfactual,feature contribution,2,17,1.0,0.8668626877949915,0.4202679950273221,1,1,1,0,0.4202679950273221,0.7609841467538447,3.9098560242569467,6,0.8668626877949915,0.4202679950273221,1,1,1,0,0.4202679950273221,0.7609841467538447,3.9098560242569467,6
R_1ihbKBZG0EAXF8D,1,counterfactual,feature contribution,3,3,1.0,0.5544864535090106,0.5743671497047462,1,1,1,0,0.5743671497047462,0.7050434682632474,3.5369625088996415,6,0.5544864535090106,0.5743671497047462,1,1,1,0,0.5743671497047462,0.7050434682632474,3.5369625088996415,6
R_1ihbKBZG0EAXF8D,1,counterfactual,feature contribution,3,8,1.0,1.0748005055939485,0.34136584908591294,2,0,1,0,0.4262046936703733,0.7509237728090681,3.840009269769149,6,1.0748005055939485,0.34136584908591294,2,0,1,0,0.4262046936703733,0.7509237728090681,3.840009269769149,6
R_1ihbKBZG0EAXF8D,1,counterfactual,feature contribution,3,13,1.0,1.320701621400504,0.26694793985747955,2,0,1,0,0.49067081826127923,0.7398880611539166,3.7648252270694575,6,1.320701621400504,0.26694793985747955,2,0,1,0,0.49067081826127923,0.7398880611539166,3.7648252270694575,6
R_1ihbKBZG0EAXF8D,1,counterfactual,feature contribution,3,18,1.0,2.652427253805071,0.07047993258937575,4,0,0,0,0.3959079228852933,0.7561460281660678,3.8761089638653607,6,2.652427253805071,0.07047993258937575,4,0,0,0,0.3959079228852933,0.7561460281660678,3.8761089638653607,6
R_1ihbKBZG0EAXF8D,1,counterfactual,feature contribution,4,4,1.0,0.6807804939251858,0.5062217351486457,1,1,1,0,0.5062217351486457,0.7393439058894526,3.7611563288576453,6,0.6807804939251858,0.5062217351486457,1,1,1,0,0.5062217351486457,0.7393439058894526,3.7611563288576453,6
R_1ihbKBZG0EAXF8D,1,counterfactual,feature contribution,4,9,1.0,0.6124083572133935,0.5420438605929536,1,1,1,0,0.5420438605929536,0.7227958871909836,3.6512748303141147,6,0.6124083572133935,0.5420438605929536,1,1,1,0,0.5420438605929536,0.7227958871909836,3.6512748303141147,6
R_1ihbKBZG0EAXF8D,1,counterfactual,feature contribution,4,14,1.0,1.7469978863906015,0.17429641644026617,3,0,1,0,0.5166106483048906,0.7346814393431094,3.729866439123419,6,1.7469978863906015,0.17429641644026617,3,0,1,0,0.5166106483048906,0.7346814393431094,3.729866439123419,6
R_1ihbKBZG0EAXF8D,1,counterfactual,feature contribution,4,19,1.0,1.8570628534819384,0.15613053583076864,3,0,1,0,0.4015482015386085,0.7617103852458252,3.9149470152605907,6,1.8570628534819384,0.15613053583076864,3,0,1,0,0.4015482015386085,0.7617103852458252,3.9149470152605907,6
R_1jEfVgE4WoI6fVO,1,attribution,weighted examples,0,0,0.75,0.3420450308929512,0.7103162178154175,1,1,1,0,0.7103162178154175,0.6122156369370392,2.678677109166019,5,0.5383074814732416,0.5837353997345168,1,1,1,0,0.5837353997345168,0.7709471092644752,3.458349686734278,5
R_1jEfVgE4WoI6fVO,1,attribution,weighted examples,0,5,0.75,2.9858748027021806,0.05049531078765494,4,0,0,0,0.462203081102453,0.7816497727884754,3.5184367243815085,5,2.570983526005325,0.07646030772983461,4,0,0,0,0.40236702465919905,0.8589792590356221,3.9847468539194093,5
R_1jEfVgE4WoI6fVO,1,attribution,weighted examples,0,10,0.75,2.4632811330615936,0.08515508691177023,4,0,0,0,0.4158317799570684,0.786036237657134,3.5433638690140667,5,2.180413734309515,0.11299477115449262,4,0,0,0,0.3711834956465576,0.8616335507314338,4.001805775690557,5
R_1jEfVgE4WoI6fVO,1,attribution,weighted examples,0,15,0.75,1.8177071742011057,0.1623976739701387,2,0,1,0,0.649604278343668,0.6735794311158901,2.956731021642472,5,1.6637387822045269,0.18942941913982755,2,0,1,0,0.5357957094865877,0.805029082960752,3.653349166466159,5
R_1jEfVgE4WoI6fVO,1,attribution,weighted examples,1,1,0.5,0.3172137560463007,0.7281750866612173,1,1,1,0,0.7281750866612173,0.5906412959181089,2.5872628295154905,5,0.7926278864360666,0.4526537084067255,1,1,1,0,0.4526537084067255,0.895746011421458,4.227655527947103,5
R_1jEfVgE4WoI6fVO,1,attribution,weighted examples,1,6,0.5,0.28672545556983076,0.7507178059393628,1,1,1,0,0.7507178059393628,0.5630448436938005,2.474864675205876,5,0.7661221629294684,0.46481204336338094,1,1,1,0,0.46481204336338094,0.8898100517347386,4.187458690414302,5
R_1jEfVgE4WoI6fVO,1,attribution,weighted examples,1,11,0.5,2.051834192584678,0.12849899539891768,2,0,1,0,0.6195278182979859,0.7133725039114429,3.1522886780671406,5,1.708752635697879,0.1810915389149739,2,0,1,0,0.3976295934957593,0.9215014081561637,4.406581869522207,5
R_1jEfVgE4WoI6fVO,1,attribution,weighted examples,1,16,0.5,3.556625550422022,0.028534952191686187,5,0,0,0,0.5360086728043568,0.7668105056576263,3.43540182844871,5,2.479007859148411,0.08382635189703254,5,0,0,0,0.363310458503613,0.9293920094441361,4.462899806174731,5
R_1jEfVgE4WoI6fVO,1,attribution,weighted examples,2,2,0.5,1.2752002213992593,0.2793750257625792,2,0,1,0,0.5175610148417839,0.7589843213851413,3.392401717487426,5,1.3339473961505675,0.26343532260201036,2,0,1,0,0.3585593024653048,0.9264091558074232,4.441526029730942,5
R_1jEfVgE4WoI6fVO,1,attribution,weighted examples,2,7,0.5,0.3005323062401822,0.7404239834567847,1,1,1,0,0.7404239834567847,0.575937743851439,2.526755427928819,5,0.7783376370506986,0.45916868221645346,1,1,1,0,0.45916868221645346,0.8926310940067329,4.206514203284824,5
R_1jEfVgE4WoI6fVO,1,attribution,weighted examples,2,12,0.5,2.5310832437513184,0.0795727768696913,3,0,1,0,0.6851128292544609,0.636528487956214,2.7855715614792538,5,1.9173816683822131,0.1469913307573565,3,0,1,0,0.4313109805201819,0.9047730965980348,4.2895255130970344,5
R_1jEfVgE4WoI6fVO,1,attribution,weighted examples,2,17,0.5,1.989026295023827,0.13682859128309835,3,0,1,0,0.5122529380218629,0.7974293569340737,3.608936171346503,5,1.7078617684420474,0.18125293931979475,3,0,1,0,0.3507024979495299,0.936606211130161,4.515019677971414,5
R_1jEfVgE4WoI6fVO,1,attribution,weighted examples,3,3,0.5,0.35064863824574377,0.7042311502826196,1,1,1,0,0.7042311502826196,0.6175476692902003,2.7017632939660943,5,0.8200007852274519,0.4404313086671092,1,1,1,0,0.4404313086671092,0.9012448692569978,4.265236628871862,5
R_1jEfVgE4WoI6fVO,1,attribution,weighted examples,3,8,0.5,1.5076104775837298,0.22143847848414527,2,0,1,0,0.589760684103107,0.7169727058157209,3.170607008597777,5,1.435408874870452,0.23801802452726414,2,0,1,0,0.38843755396646684,0.9194302379248475,4.391917336957773,5
R_1jEfVgE4WoI6fVO,1,attribution,weighted examples,3,13,0.5,0.47505768440854956,0.6218491844279906,1,1,1,0,0.6218491844279906,0.7038944004885129,3.1045672524982333,5,0.9158371277093754,0.40018148282348237,1,1,1,0,0.40018148282348237,0.9186561933760171,4.386449395546297,5
R_1jEfVgE4WoI6fVO,1,attribution,weighted examples,3,18,0.5,2.7676198078403105,0.06281132999545155,4,0,0,0,0.43994976035828176,0.7785911595613323,3.5011592589009854,5,2.086552359187206,0.12411430056711437,4,0,0,0,0.32847655119096736,0.9292151347350741,4.461629538374811,5
R_1jEfVgE4WoI6fVO,1,attribution,weighted examples,4,4,0.5,0.4531690946458977,0.6356106461817498,1,1,1,0,0.6356106461817498,0.6875126845820453,3.023783856826779,5,0.8980124004796523,0.4073785610208853,1,1,1,0,0.4073785610208853,0.9147440352338284,4.358917429212858,5
R_1jEfVgE4WoI6fVO,1,attribution,weighted examples,4,9,0.5,0.6472103529151788,0.5235041334447763,1,1,1,0,0.5235041334447763,0.7965143710611567,3.60362551642259,5,1.0372229129515738,0.3544376205996187,1,1,1,0,0.3544376205996187,0.9370728454829872,4.51841181724041,5
R_1jEfVgE4WoI6fVO,1,attribution,weighted examples,4,14,0.5,2.726645105483934,0.06543846094806928,3,0,1,0,0.5524305883042335,0.7215377722822912,3.1939878505950103,5,2.044533312370153,0.1294405842031037,3,0,1,0,0.37609086506395933,0.9180879545376756,4.382439623452979,5
R_1jEfVgE4WoI6fVO,1,attribution,weighted examples,4,19,0.5,2.196482113698891,0.11119363770352017,3,0,1,0,0.40544352519169924,0.7967927492136044,3.605240418977677,5,1.8084616088026026,0.16390609464134825,3,0,1,0,0.3129826893597539,0.9334589352724966,4.492207370113165,5
R_1myAGA2v3gStUIS,1,attribution,feature contribution,0,0,0.75,3.1711521508327922,0.04195523129130742,6,0,0,0,0.32653775268393126,0.7800878679321613,6.026815103065856,10,2.8519182962825678,0.05773346469063424,6,0,0,0,0.2690221758848438,0.8576357848141677,7.205029856716299,10
R_1myAGA2v3gStUIS,1,attribution,feature contribution,0,5,0.75,3.397207993602812,0.03346657854201487,7,0,0,0,0.3350697724059837,0.7653728812461581,5.826032208559449,10,3.0149629206906257,0.049047654106440644,7,0,0,0,0.27606490020363456,0.8491266953418564,7.065236360850774,10
R_1myAGA2v3gStUIS,1,attribution,feature contribution,0,10,0.75,0.7616606729797166,0.4668904305275877,1,1,1,0,0.4668904305275877,0.7279721864966653,5.345301254103023,10,1.023857623744437,0.35920658017669854,1,1,1,0,0.35920658017669854,0.8327884125098233,6.804377698683621,10
R_1myAGA2v3gStUIS,1,attribution,feature contribution,0,15,0.75,1.161171856907939,0.3131190350991711,2,0,1,0,0.3223591857910334,0.7574311348696868,5.720462393337188,10,1.334370913718897,0.2633237767372539,2,0,1,0,0.2691305571606509,0.8444159208698293,6.989014168022325,10
R_1myAGA2v3gStUIS,1,attribution,feature contribution,1,1,0.75,1.7752056783724592,0.16944859400405193,3,0,1,0,0.2889611080261166,0.8176657539184153,6.5715187884997,10,1.8205976989674968,0.1619289372454427,3,0,1,0,0.2416437316393639,0.8767613401863871,7.529416825701506,10
R_1myAGA2v3gStUIS,1,attribution,feature contribution,1,6,0.75,3.6359522559114983,0.02635882208850033,7,0,0,0,0.40186905378075377,0.7557983919090748,5.698996521706712,10,3.1903485976961545,0.0411575210210315,7,0,0,0,0.3175543986545045,0.8449556874749149,6.997705924150027,10
R_1myAGA2v3gStUIS,1,attribution,feature contribution,1,11,0.75,1.2549331805145478,0.2850948974823705,2,0,1,0,0.35209733822421035,0.7555527744141753,5.695774335937572,10,1.4043733483706362,0.24552086430558223,2,0,1,0,0.28763609052128314,0.8447173843893605,6.9938672442760295,10
R_1myAGA2v3gStUIS,1,attribution,feature contribution,1,16,0.75,3.5382502561462985,0.029064137412502713,5,0,0,0,0.49469396670752985,0.7904212025616054,3.5684590009019126,5,2.9884839132668395,0.05036373466178474,5,0,0,0,0.422038731365787,0.8658642726472067,4.029147388396459,5
R_1myAGA2v3gStUIS,1,attribution,feature contribution,2,2,0.75,1.4075056610500045,0.24475301938226457,2,0,1,0,0.3076164349987522,0.7643918888743779,5.812887111522915,10,1.520515173196516,0.21859924146875578,2,0,1,0,0.25948350650043234,0.8440594116838416,6.983279291233208,10
R_1myAGA2v3gStUIS,1,attribution,feature contribution,2,7,0.75,2.71999235796878,0.06587525784525648,5,0,0,0,0.46031694300225784,0.7304796908796068,5.376252913059877,10,2.4937172828332717,0.08260233890348526,5,0,0,0,0.35501223350324035,0.8342720823085482,6.827663082650284,10
R_1myAGA2v3gStUIS,1,attribution,feature contribution,2,12,0.75,4.171871966217202,0.015423361072441315,8,0,0,0,0.4236757482377821,0.7402905474779812,5.4990864536563855,10,3.5852129335964618,0.027730762190543674,8,0,0,0,0.33273825978695354,0.835405326452282,6.845502390484445,10
R_1myAGA2v3gStUIS,1,attribution,feature contribution,2,17,0.75,2.452335316730898,0.0860922987698309,4,0,0,0,0.3706436687249145,0.7503815974161673,5.628356494524822,10,2.300039660115872,0.10025486752429325,4,0,0,0,0.299639924387701,0.8414063617669566,6.94074936083346,10
R_1myAGA2v3gStUIS,1,attribution,feature contribution,3,3,0.5,2.441721784549872,0.08701090837646706,4,0,0,0,0.3847813647149491,0.7732729119697572,5.932980377472417,10,2.2237497419693253,0.10820261529057303,4,0,0,0,0.22754008811415588,0.927906957016277,8.470459241003152,10
R_1myAGA2v3gStUIS,1,attribution,feature contribution,3,8,0.5,1.5868918399429544,0.20456043122444134,2,0,1,0,0.41649614306687593,0.7521460337327909,5.651269696906971,10,1.7862668431315942,0.16758462303715493,2,0,1,0,0.23912712563478888,0.9249026831906532,8.412066227470167,10
R_1myAGA2v3gStUIS,1,attribution,feature contribution,3,13,0.5,0.8320380365429727,0.4351615069122038,1,1,1,0,0.4351615069122038,0.7365896363904451,5.452424196125507,10,1.3992598465366504,0.2467795511014432,1,1,1,0,0.2467795511014432,0.9209062469605444,8.335012336589998,10
R_1myAGA2v3gStUIS,1,attribution,feature contribution,3,18,0.5,0.6577621535769504,0.5180092635523049,1,1,1,0,0.5180092635523049,0.7044788229965027,5.0638265676537175,10,1.3005080200892536,0.2723933765703401,1,1,1,0,0.2723933765703401,0.9189309280819153,8.297187952497152,10
R_1myAGA2v3gStUIS,1,attribution,feature contribution,4,4,0.5,2.2555350757805446,0.10481744345330357,4,0,0,0,0.3060569434068879,0.7647117681091156,5.817170165773717,10,2.120035122839411,0.12002741273387972,4,0,0,0,0.20509958499411138,0.9217650962556168,8.351511745829615,10
R_1myAGA2v3gStUIS,1,attribution,feature contribution,4,9,0.5,1.9298871065649772,0.14516458568732438,3,0,1,0,0.3723418062710619,0.7524353289621716,5.655035413656499,10,1.953463678345287,0.1417821324170067,3,0,1,0,0.22707120521624446,0.9215489910894986,8.347357062896945,10
R_1myAGA2v3gStUIS,1,attribution,feature contribution,4,14,0.5,1.5975837633893526,0.20238493758401868,2,0,1,0,0.4305237569156498,0.7378156887831884,5.467838628072816,10,1.7822796000966379,0.1682541575695487,2,0,1,0,0.24540040300146543,0.9208286769336269,8.333523739747815,10
R_1myAGA2v3gStUIS,1,attribution,feature contribution,4,19,0.5,0.9331597170130613,0.3933089998025337,1,1,1,0,0.3933089998025337,0.7534702244322175,5.668527063280438,10,1.4593213026078327,0.2323939463834023,1,1,1,0,0.2323939463834023,0.9246797676961662,8.407749574104185,10
R_1vbS8BCLvmrwGHr,1,attribution,feature contribution,0,0,1.0,2.326142811645109,0.09767175982196344,3,0,1,0,0.7413196121732254,0.6083479174178198,2.3241381624804354,4,2.326142811645109,0.09767175982196344,3,0,1,0,0.7413196121732254,0.6083479174178198,2.3241381624804354,4
R_1vbS8BCLvmrwGHr,1,attribution,feature contribution,0,5,1.0,0.7068634533810475,0.4931886833159711,1,1,1,0,0.4931886833159711,0.7417108145769293,3.777141004526109,6,0.7068634533810475,0.4931886833159711,1,1,1,0,0.4931886833159711,0.7417108145769293,3.777141004526109,6
R_1vbS8BCLvmrwGHr,1,attribution,feature contribution,0,10,1.0,1.6020805826395945,0.20147689228867446,2,0,1,0,0.6587351531951655,0.6921606703906323,2.610491282205498,4,1.6020805826395945,0.20147689228867446,2,0,1,0,0.6587351531951655,0.6921606703906323,2.610491282205498,4
R_1vbS8BCLvmrwGHr,1,attribution,feature contribution,0,15,1.0,0.7309381594748277,0.4814570946133007,1,1,1,0,0.4814570946133007,0.7861068991029994,2.97360660574979,4,0.7309381594748277,0.4814570946133007,1,1,1,0,0.4814570946133007,0.7861068991029994,2.97360660574979,4
R_1vbS8BCLvmrwGHr,1,attribution,feature contribution,1,1,0.75,0.8730765846138849,0.41766459009175816,1,1,1,0,0.41766459009175816,0.7547612850898341,3.866503767904124,6,1.0131272901270512,0.36308174031801393,1,1,1,0,0.36308174031801393,0.8377114187063411,4.486071466360287,6
R_1vbS8BCLvmrwGHr,1,attribution,feature contribution,1,6,0.75,2.4133050129973785,0.08951894384757735,4,0,0,0,0.5265813045952239,0.725595237454477,3.669634763147863,6,2.159726786797714,0.11535663368832534,4,0,0,0,0.43571793718969465,0.825674375971222,4.390354087790239,6
R_1vbS8BCLvmrwGHr,1,attribution,feature contribution,1,11,0.75,0.37314093787834235,0.6885681806664753,1,1,1,0,0.6885681806664753,0.6618740579679547,2.503155846344437,4,0.5342889639317986,0.5860858702183025,1,1,1,0,0.5860858702183025,0.7924467681561076,2.9998565959707126,4
R_1vbS8BCLvmrwGHr,1,attribution,feature contribution,1,16,0.75,0.4637550280784023,0.6289176027512485,1,1,1,0,0.6289176027512485,0.7130593715633723,2.6872280185755906,4,0.6154114368011738,0.5404185015024022,1,1,1,0,0.5404185015024022,0.8199471841923874,3.116430130708378,4
R_1vbS8BCLvmrwGHr,1,attribution,feature contribution,2,2,1.0,0.8792909644595832,0.41507711179436385,1,1,1,0,0.41507711179436385,0.760413018564573,3.905857019904685,6,0.8792909644595832,0.41507711179436385,1,1,1,0,0.41507711179436385,0.760413018564573,3.905857019904685,6
R_1vbS8BCLvmrwGHr,1,attribution,feature contribution,2,7,1.0,2.366066217158748,0.093849183395076,3,0,1,0,0.6290586082611298,0.7138468461755909,2.6901631909556944,4,2.366066217158748,0.093849183395076,3,0,1,0,0.6290586082611298,0.7138468461755909,2.6901631909556944,4
R_1vbS8BCLvmrwGHr,1,attribution,feature contribution,2,12,1.0,2.456711896272369,0.08571633230005558,4,0,0,0,0.4406582207569123,0.7491168030598331,3.827596748521525,6,2.456711896272369,0.08571633230005558,4,0,0,0,0.4406582207569123,0.7491168030598331,3.827596748521525,6
R_1vbS8BCLvmrwGHr,1,attribution,feature contribution,2,17,1.0,0.5575327101546012,0.5726201422254933,1,1,1,0,0.5726201422254933,0.7059479980247643,3.542699510931188,6,0.5575327101546012,0.5726201422254933,1,1,1,0,0.5726201422254933,0.7059479980247643,3.542699510931188,6
R_1vbS8BCLvmrwGHr,1,attribution,feature contribution,3,3,0.75,1.5838528069911753,0.20518304270477622,2,0,1,0,0.5544347057123278,0.7143002856988044,3.59611573611532,6,1.534306421257143,0.21560517849178684,2,0,1,0,0.4544026905696708,0.820986496722468,4.353631522633572,6
R_1vbS8BCLvmrwGHr,1,attribution,feature contribution,3,8,0.75,1.2879432863397002,0.27583751887645386,2,0,1,0,0.43702507492043485,0.76125832139548,3.9117772324816427,6,1.3262778710932355,0.26546351410067104,2,0,1,0,0.3748820125468601,0.8406524992975344,4.509774155823235,6
R_1vbS8BCLvmrwGHr,1,attribution,feature contribution,3,13,0.75,1.0292234514312097,0.35728430148383367,1,1,1,0,0.35728430148383367,0.7792302059579398,4.039791574749411,6,1.137513867220552,0.32061512356721256,1,1,1,0,0.32061512356721256,0.8480658786886672,4.5700770680491,6
R_1vbS8BCLvmrwGHr,1,attribution,feature contribution,3,18,0.75,1.236728688562163,0.2903324339504567,2,0,1,0,0.5036626992750838,0.8102196174846505,3.0746863221173864,4,1.2202199292151386,0.29516524432456726,2,0,1,0,0.44616797397089153,0.872809193339899,3.3533856023392334,4
R_1vbS8BCLvmrwGHr,1,attribution,feature contribution,4,4,0.75,2.0426471955815124,0.129684954645253,3,0,1,0,0.4966790127656858,0.7385829032013715,3.756031360007775,6,1.885592324243612,0.15173915402584945,3,0,1,0,0.4154199216725839,0.831149981748543,4.433639703154887,6
R_1vbS8BCLvmrwGHr,1,attribution,feature contribution,4,9,0.75,1.725611611568859,0.1780641123908643,3,0,1,0,0.5022408196926794,0.7407194315789392,3.7704375493947215,6,1.648504297208751,0.19233737313228225,3,0,1,0,0.4186155785206954,0.8322035070399697,4.442016828954994,6
R_1vbS8BCLvmrwGHr,1,attribution,feature contribution,4,14,0.75,0.878913356693888,0.41523387773129455,1,1,1,0,0.41523387773129455,0.7580815311675008,3.8895744739480067,6,1.0185059593153476,0.36113408633724053,1,1,1,0,0.36113408633724053,0.8391544386463229,4.497685412120269,6
R_1vbS8BCLvmrwGHr,1,attribution,feature contribution,4,19,0.75,0.616288999767031,0.539944458271234,1,1,1,0,0.539944458271234,0.7537595055007179,2.8432067489059145,4,0.7396423136500029,0.4772846031805131,1,1,1,0,0.4772846031805131,0.8392200503285758,3.2008167880747598,4
R_1yltjaSsgo0dVO7,1,none,weighted examples,0,0,0.0,1.2614934224078593,0.28323072738138444,1,1,1,0,0.28323072738138444,0.8228084048399684,6.649797262591747,10,2.3025850929940455,0.1,1,1,1,0,0.1,0.9999999999999998,9.999999999999998,10
R_1yltjaSsgo0dVO7,1,none,weighted examples,0,5,0.0,1.286500406511277,0.2762358065398811,1,1,1,0,0.2762358065398811,0.7738719504259004,5.941169603494444,10,2.3025850929940455,0.1,1,1,1,0,0.1,0.9999999999999998,9.999999999999998,10
R_1yltjaSsgo0dVO7,1,none,weighted examples,0,10,0.0,-0.0,1.0,1,1,1,0,1.0,0.0,1.0,1,-0.0,1.0,1,1,1,0,1.0,0.0,1.0,1
R_1yltjaSsgo0dVO7,1,none,weighted examples,0,15,0.0,1.717931169424486,0.1794369889046562,3,0,1,0,0.316036757492342,0.7654630514950519,5.8272419621626055,10,2.3025850929940455,0.1,1,1,1,0,0.1,0.9999999999999998,9.999999999999998,10
R_1yltjaSsgo0dVO7,1,none,weighted examples,1,1,0.25,2.8465711571681522,0.058043000385585776,4,0,0,0,0.49624160898216346,0.7807934404605538,3.513590906688663,5,1.8396760714201394,0.15886887994345078,4,0,0,0,0.2716593543914733,0.981311266391951,4.851847479525541,5
R_1yltjaSsgo0dVO7,1,none,weighted examples,1,6,0.25,3.6537417597515325,0.025894057940327724,5,0,0,0,0.40664638590245394,0.8359795812449826,3.83994188387078,5,2.055208049833311,0.12806618865648162,5,0,0,0,0.2549404130687519,0.982866712098626,4.864008777860126,5
R_1yltjaSsgo0dVO7,1,none,weighted examples,1,11,0.25,0.6250076433007774,0.5352573373705325,1,1,1,0,0.5352573373705325,0.7811767210606433,3.5157589912529064,5,1.2867597652005263,0.27616417167313734,1,1,1,0,0.27616417167313734,0.9819132900468401,4.856550808308472,5
R_1yltjaSsgo0dVO7,1,none,weighted examples,1,16,0.25,2.8688363120704463,0.056764944841203466,6,0,0,0,0.42735518427851843,0.7480239610232945,5.5978848545861855,10,2.3182970286375135,0.09844108528943743,6,0,0,0,0.1630623069194926,0.9798832847050435,9.547359692100823,10
R_1yltjaSsgo0dVO7,1,none,weighted examples,2,2,0.0,3.6349182834889198,0.026386090478583785,7,0,0,0,0.28509460510577417,0.8192550077256566,6.595610606426807,10,2.3025850929940455,0.1,1,1,1,0,0.1,0.9999999999999998,9.999999999999998,10
R_1yltjaSsgo0dVO7,1,none,weighted examples,2,7,0.0,1.060512627505314,0.3462782530665632,1,1,1,0,0.3462782530665632,0.7517657066924889,5.646322846510507,10,2.3025850929940455,0.1,1,1,1,0,0.1,0.9999999999999998,9.999999999999998,10
R_1yltjaSsgo0dVO7,1,none,weighted examples,2,12,0.0,5.310883876939682,0.004937560592459411,10,0,0,0,0.37206887877940376,0.7568559822227663,5.712891582383767,10,2.3025850929940455,0.1,1,1,1,0,0.1,0.9999999999999998,9.999999999999998,10
R_1yltjaSsgo0dVO7,1,none,weighted examples,2,17,0.0,1.2391156036555793,0.2896402614888299,1,1,1,0,0.2896402614888299,0.779390855514483,6.017150242065422,10,2.3025850929940455,0.1,1,1,1,0,0.1,0.9999999999999998,9.999999999999998,10
R_1yltjaSsgo0dVO7,1,none,weighted examples,3,3,0.0,1.9407856598918207,0.14359109168790893,3,0,1,0,0.41597313482667186,0.8011658000663513,3.6307041594078724,5,1.6094379124341003,0.2,1,1,1,0,0.2,1.0000000000000002,5.000000000000001,5
R_1yltjaSsgo0dVO7,1,none,weighted examples,3,8,0.0,1.7051011349527927,0.18175400356325064,2,0,1,0,0.27955380051334083,0.829162084298621,6.74779817235027,10,2.3025850929940455,0.1,1,1,1,0,0.1,0.9999999999999998,9.999999999999998,10
R_1yltjaSsgo0dVO7,1,none,weighted examples,3,13,0.0,0.5913217835674575,0.5535950680611403,1,1,1,0,0.5535950680611403,0.7494300129442745,3.3406355574513986,5,1.6094379124341003,0.2,1,1,1,0,0.2,1.0000000000000002,5.000000000000001,5
R_1yltjaSsgo0dVO7,1,none,weighted examples,3,18,0.0,3.28730383742369,0.03735442735712092,5,0,0,0,0.550288917301815,0.7539005448121775,3.3647582533843807,5,1.6094379124341003,0.2,1,1,1,0,0.2,1.0000000000000002,5.000000000000001,5
R_1yltjaSsgo0dVO7,1,none,weighted examples,4,4,0.25,1.9318032863129626,0.14488669058162243,3,0,1,0,0.3032720669102003,0.8222514418352155,6.6412746648487735,10,2.107983719911462,0.12148266273631907,3,0,1,0,0.14612189040790044,0.9814442751721022,9.581737640332152,10
R_1yltjaSsgo0dVO7,1,none,weighted examples,4,9,0.25,3.97866034456563,0.018710688430846847,7,0,0,0,0.27034534257638515,0.767382000061385,5.8530468456341325,10,2.594376859307874,0.0746924054529859,7,0,0,0,0.14562425859934622,0.9789905539229862,9.527754405550363,10
R_1yltjaSsgo0dVO7,1,none,weighted examples,4,14,0.25,3.586875591138738,0.02768469373827705,5,0,0,0,0.5071975995787324,0.7795116742873863,3.5063501101057906,5,2.0252009810798857,0.13196731758834915,5,0,0,0,0.27302395635372656,0.9814751979267599,4.853127748336021,5
R_1yltjaSsgo0dVO7,1,none,weighted examples,4,19,0.25,4.475102599161077,0.01138905355722696,8,0,0,0,0.26608649270675566,0.7891256982068904,6.153549496242138,10,2.7313325267646382,0.0651324410959484,8,0,0,0,0.14319608809517417,0.9804656025615278,9.560169725810658,10
R_3CPW0AmZIfESbrT,0,counterfactual,feature contribution,0,0,0.75,2.6339610080714912,0.07179352356280272,4,0,0,0,0.5741670229632769,0.7043181527598336,3.5323688900928505,6,2.3189111155792745,0.09838065246183267,4,0,0,0,0.46786917268551054,0.8167542761920229,4.320742266301241,6
R_3CPW0AmZIfESbrT,0,counterfactual,feature contribution,0,5,0.75,2.9397337140101434,0.05287980801573092,4,0,0,0,0.5444152241547862,0.7213546048820371,3.6418578287945156,6,2.55335310125577,0.07782028872596185,4,0,0,0,0.44727346252762074,0.8240715192086385,4.377763370077597,6
R_3CPW0AmZIfESbrT,0,counterfactual,feature contribution,0,10,0.75,0.5324645218659753,0.5871561259470297,1,1,1,0,0.5871561259470297,0.6975693252007574,3.4899117308397103,6,0.7407750611036343,0.47674426635196243,1,1,1,0,0.47674426635196243,0.8138907040049259,4.298630036686249,6
R_3CPW0AmZIfESbrT,0,counterfactual,feature contribution,0,15,0.75,0.5250220508585444,0.5915423202069723,1,1,1,0,0.5915423202069723,0.694200507229918,3.4689096836255975,6,0.7341639312104942,0.47990652616005613,1,1,1,0,0.47990652616005613,0.8123928790682068,4.287109089196167,6
R_3CPW0AmZIfESbrT,0,counterfactual,feature contribution,1,1,0.75,1.0556649145161117,0.34796098605973064,2,0,1,0,0.40072973518449195,0.7591219976652573,3.896832437510669,6,1.1513683543273643,0.31620379438463264,2,0,1,0,0.3515263133236796,0.8395644496134075,4.500990810368395,6
R_3CPW0AmZIfESbrT,0,counterfactual,feature contribution,1,6,0.75,2.1958440603333385,0.11126460781723715,2,0,1,0,0.7549871545242908,0.5900494075822024,2.265922966163883,4,1.8823414460964403,0.15223324220083229,2,0,1,0,0.6400241885961361,0.7518945972813973,2.8358656666766446,4
R_3CPW0AmZIfESbrT,0,counterfactual,feature contribution,1,11,0.75,0.4545348030110604,0.6347431798930866,1,1,1,0,0.6347431798930866,0.7003171985810801,2.6401765327491877,4,0.6048859089128938,0.546136732418885,1,1,1,0,0.546136732418885,0.8116695007062497,3.080872548775731,4
R_3CPW0AmZIfESbrT,0,counterfactual,feature contribution,1,16,0.75,0.4780407986990624,0.6199969013989842,1,1,1,0,0.6199969013989842,0.6764925323568972,3.360574362923337,6,0.6935738312674055,0.4997867201475052,1,1,1,0,0.4997867201475052,0.8046849121285526,4.228307568773632,6
R_3CPW0AmZIfESbrT,0,counterfactual,feature contribution,2,2,0.75,0.5290830703846721,0.5891449265201609,1,1,1,0,0.5891449265201609,0.6962736116008642,3.4818189247381084,6,0.7378467474475131,0.478142369140279,1,1,1,0,0.478142369140279,0.8133250296222608,4.294275356980741,6
R_3CPW0AmZIfESbrT,0,counterfactual,feature contribution,2,7,0.75,1.2116431113463484,0.29770771041495303,2,0,1,0,0.5763884339376918,0.7378001489566568,2.780993355865775,4,1.1822084523417629,0.3066008769393898,2,0,1,0,0.5032308692196468,0.8312501794883815,3.1656469316833955,4
R_3CPW0AmZIfESbrT,0,counterfactual,feature contribution,2,12,0.75,2.7827743737448856,0.06186662791050722,4,0,0,0,0.3796634123684304,0.7600587740018246,3.903378676848386,6,2.4469725572385155,0.08655523125059458,4,0,0,0,0.33748155949154396,0.8399425115899851,4.50404079701664,6
R_3CPW0AmZIfESbrT,0,counterfactual,feature contribution,2,17,0.75,2.024203422201514,0.13209902844140733,3,0,1,0,0.4660926627827086,0.7474438938210809,3.8161408926964464,6,1.8743554293683717,0.15345384681691054,3,0,1,0,0.39505472640966416,0.8347840858105,4.462603278644787,6
R_3CPW0AmZIfESbrT,0,counterfactual,feature contribution,3,3,0.75,1.3679459751169099,0.25462943797883664,2,0,1,0,0.6246188101584526,0.7074463707312869,2.666399110830732,4,1.2917507979371934,0.2747892612173002,2,0,1,0,0.538616423624413,0.8153939684085322,3.096820873166971,4
R_3CPW0AmZIfESbrT,0,counterfactual,feature contribution,3,8,0.75,1.9457716986464666,0.14287692285622097,3,0,1,0,0.621920849527814,0.7336848331669404,2.7651728513154574,4,1.7327599078988958,0.17679579590151573,3,0,1,0,0.5327846510067745,0.8333053542946103,3.1746789646923914,4
R_3CPW0AmZIfESbrT,0,counterfactual,feature contribution,3,13,0.75,0.6684041682875326,0.5125258304879649,1,1,1,0,0.5125258304879649,0.7682684698692029,2.900973144019962,4,0.7824998507927327,0.4572614958294591,1,1,1,0,0.4572614958294591,0.8472347761934674,3.2365786277683806,4
R_3CPW0AmZIfESbrT,0,counterfactual,feature contribution,3,18,0.75,0.4970419658270167,0.6083274543107796,1,1,1,0,0.6083274543107796,0.6841477340433,3.406986515611872,6,0.710148512852086,0.49157118740058897,1,1,1,0,0.49157118740058897,0.8080424063944032,4.253820980204631,6
R_3CPW0AmZIfESbrT,0,counterfactual,feature contribution,4,4,1.0,0.8208952797705675,0.44003752141142133,1,1,1,0,0.44003752141142133,0.750185239849609,3.834931248103218,6,0.8208952797705675,0.44003752141142133,1,1,1,0,0.44003752141142133,0.750185239849609,3.834931248103218,6
R_3CPW0AmZIfESbrT,0,counterfactual,feature contribution,4,9,1.0,4.190537676456272,0.015138143261243388,6,0,0,0,0.5454610173887958,0.7183924847117786,3.6225802098914026,6,4.190537676456272,0.015138143261243388,6,0,0,0,0.5454610173887958,0.7183924847117786,3.6225802098914026,6
R_3CPW0AmZIfESbrT,0,counterfactual,feature contribution,4,14,1.0,0.7126056082772038,0.4903648327560752,1,1,1,0,0.4903648327560752,0.7393521309530854,3.761211758689335,6,0.7126056082772038,0.4903648327560752,1,1,1,0,0.4903648327560752,0.7393521309530854,3.761211758689335,6
R_3CPW0AmZIfESbrT,0,counterfactual,feature contribution,4,19,1.0,2.4795834227244775,0.08377811838422414,4,0,0,0,0.6127664220396959,0.6812296642659941,3.3892196449632226,6,2.4795834227244775,0.08377811838422414,4,0,0,0,0.6127664220396959,0.6812296642659941,3.3892196449632226,6
R_3ENoszlL5q7JglI,1,none,weighted examples,0,0,1.0,0.3095523485382743,0.7337753583256976,1,1,1,0,0.7337753583256976,0.6178760928449498,2.355041014833124,4,0.3095523485382743,0.7337753583256976,1,1,1,0,0.7337753583256976,0.6178760928449498,2.355041014833124,4
R_3ENoszlL5q7JglI,1,none,weighted examples,0,5,1.0,0.7618330595379479,0.4668099518301201,1,1,1,0,0.4668099518301201,0.7543252390795763,3.8634840886215858,6,0.7618330595379479,0.4668099518301201,1,1,1,0,0.4668099518301201,0.7543252390795763,3.8634840886215858,6
R_3ENoszlL5q7JglI,1,none,weighted examples,0,10,1.0,1.097450754698186,0.333720736270588,1,1,1,0,0.333720736270588,0.7796218467543236,4.042627396826839,6,1.097450754698186,0.333720736270588,1,1,1,0,0.333720736270588,0.7796218467543236,4.042627396826839,6
R_3ENoszlL5q7JglI,1,none,weighted examples,0,15,1.0,3.3442467614560685,0.035286784516014365,5,0,0,0,0.5290332048287456,0.7248119820929194,3.664488390666829,6,3.3442467614560685,0.035286784516014365,5,0,0,0,0.5290332048287456,0.7248119820929194,3.664488390666829,6
R_3ENoszlL5q7JglI,1,none,weighted examples,1,1,0.75,0.36299050728638027,0.6955930365332463,1,1,1,0,0.6955930365332463,0.6559737131249183,2.4827645061215486,4,0.5251873989931574,0.5914445178737209,1,1,1,0,0.5914445178737209,0.7894072640165314,2.987242851475904,4
R_3ENoszlL5q7JglI,1,none,weighted examples,1,6,0.75,0.7250287034287151,0.4843106673791349,1,1,1,0,0.4843106673791349,0.7608121503451084,2.8711412358763253,4,0.8226367107348751,0.43927189328392835,1,1,1,0,0.43927189328392835,0.8414602746964851,3.2107727296446607,4
R_3ENoszlL5q7JglI,1,none,weighted examples,1,11,0.75,-0.0,1.0,1,1,1,0,1.0,0.0,1.0,1,-0.0,1.0,1,1,1,0,1.0,0.0,1.0,1
R_3ENoszlL5q7JglI,1,none,weighted examples,1,16,0.75,0.7505971883463388,0.4720845451547207,1,1,1,0,0.4720845451547207,0.7474582648466376,3.816239157380484,6,0.9191766653877423,0.3988472907157814,1,1,1,0,0.3988472907157814,0.8348512876596536,4.463140651047215,6
R_3ENoszlL5q7JglI,1,none,weighted examples,2,2,1.5,1.007714368373657,0.36505240207573897,2,0,1,0,0.397212828746086,0.755001296149389,3.8681668848398614,6,0.892374224940762,0.4096819201283987,2,0,1,0,0.46499564154835377,0.61629956175062,3.0169928058841307,6
R_3ENoszlL5q7JglI,1,none,weighted examples,2,7,1.5,-0.0,1.0,1,1,1,0,1.0,0.0,1.0,1,-0.0,1.0,1,1,1,0,1.0,0.0,1.0,1
R_3ENoszlL5q7JglI,1,none,weighted examples,2,12,1.5,-0.0,1.0,1,1,1,0,1.0,0.0,1.0,1,-0.0,1.0,1,1,1,0,1.0,0.0,1.0,1
R_3ENoszlL5q7JglI,1,none,weighted examples,2,17,1.5,3.119176520177171,0.04419354593293813,4,0,0,0,0.6219319421503968,0.7173161484714142,2.703132624520958,4,4.243503666454121,0.014357200775182821,4,0,0,0,0.7579591389587852,0.5169951797406076,2.0476801176015633,4
R_3ENoszlL5q7JglI,1,none,weighted examples,3,3,0.75,1.2594780714361735,0.28380211228018265,2,0,1,0,0.5208589394167041,0.7994800004586307,3.0292486439093826,4,1.2345543976061268,0.2909643879127659,2,0,1,0,0.4587945091244779,0.8671389713100482,3.327129320335294,4
R_3ENoszlL5q7JglI,1,none,weighted examples,3,8,0.75,0.4394103152378925,0.644416311543696,1,1,1,0,0.644416311543696,0.7037922907881876,2.65292627140523,4,0.5949146135302819,0.5516096638588949,1,1,1,0,0.5516096638588949,0.8155740632056461,3.097594135621498,4
R_3ENoszlL5q7JglI,1,none,weighted examples,3,13,0.75,0.4955731789842205,0.6092216141761556,1,1,1,0,0.6092216141761556,0.7441377249658273,2.8055341033261176,4,0.6477750638435442,0.523208588396189,1,1,1,0,0.523208588396189,0.83883799214537,3.1991219400045736,4
R_3ENoszlL5q7JglI,1,none,weighted examples,3,18,0.75,0.7998090143725622,0.44941478768663273,1,1,1,0,0.44941478768663273,0.7475972625485727,3.8171897118178504,6,0.9560570118901457,0.3844056084353197,1,1,1,0,0.3844056084353197,0.8347126907774242,4.462032446777747,6
R_3ENoszlL5q7JglI,1,none,weighted examples,4,4,1.0,0.42630623262686873,0.6529163672085612,1,1,1,0,0.6529163672085612,0.7069197242605625,2.6644531178745448,4,0.42630623262686873,0.6529163672085612,1,1,1,0,0.6529163672085612,0.7069197242605625,2.6644531178745448,4
R_3ENoszlL5q7JglI,1,none,weighted examples,4,9,1.0,-0.0,1.0,1,1,1,0,1.0,0.0,1.0,1,-0.0,1.0,1,1,1,0,1.0,0.0,1.0,1
R_3ENoszlL5q7JglI,1,none,weighted examples,4,14,1.0,2.545298689274752,0.0784496164218863,4,0,0,0,0.3915053540860653,0.7543879832944473,3.863918455736331,6,2.545298689274752,0.0784496164218863,4,0,0,0,0.3915053540860653,0.7543879832944473,3.863918455736331,6
R_3ENoszlL5q7JglI,1,none,weighted examples,4,19,1.0,0.7096602397188785,0.4918112670118978,1,1,1,0,0.4918112670118978,0.7712846838256179,2.9131285536089373,4,0.7096602397188785,0.4918112670118978,1,1,1,0,0.4918112670118978,0.7712846838256179,2.9131285536089373,4
R_3FXVdEYgbSYjhFQ,1,counterfactual,weighted examples,0,0,2.0,1.1709071883845148,0.31008550765738313,1,1,1,0,0.31008550765738313,0.7680344022614486,5.861845967803776,10,0.8347734921798992,0.43397276852695515,1,1,1,0,0.43397276852695515,0.5068308987945093,3.212409479487848,10
R_3FXVdEYgbSYjhFQ,1,counterfactual,weighted examples,0,5,2.0,1.2488625464876886,0.2868308681579883,1,1,1,0,0.2868308681579883,0.7643324899661521,5.812092131270038,10,0.9615417229572304,0.3823030260397829,1,1,1,0,0.3823030260397829,0.5519940137894034,3.5644622022348615,10
R_3FXVdEYgbSYjhFQ,1,counterfactual,weighted examples,0,10,2.0,1.215191448370904,0.2966532150824095,1,1,1,0,0.2966532150824095,0.7658904556856974,5.832979574950993,10,0.8815549755576052,0.41413843559434493,1,1,1,0,0.41413843559434493,0.5647109674098806,3.6703794731814163,10
R_3FXVdEYgbSYjhFQ,1,counterfactual,weighted examples,0,15,2.0,0.7277526589820188,0.48299322179342613,1,1,1,0,0.48299322179342613,0.7749378760902049,3.4806337788397523,5,0.39088333263410846,0.6764590721338125,1,1,1,0,0.6764590721338125,0.5086804447046789,2.267526507262572,5
R_3FXVdEYgbSYjhFQ,1,counterfactual,weighted examples,1,1,2.0,1.0278253180976678,0.3577841819436267,1,1,1,0,0.3577841819436267,0.7575569882122678,5.722120355085008,10,0.5480047781797601,0.5781021023881554,1,1,1,0,0.5781021023881554,0.5234237101922569,3.337518719028531,10
R_3FXVdEYgbSYjhFQ,1,counterfactual,weighted examples,1,6,2.0,1.4902747879857545,0.22531073434936807,1,1,1,0,0.22531073434936807,0.8337504931294532,6.819467957778364,10,1.2025312399962549,0.30043278116490213,1,1,1,0,0.30043278116490213,0.6928575888424523,4.930121119666223,10
R_3FXVdEYgbSYjhFQ,1,counterfactual,weighted examples,1,11,2.0,0.8969164947030747,0.40782525426130634,1,1,1,0,0.40782525426130634,0.8169975349270449,3.7244038809927495,5,0.6077494383347322,0.5445750907877313,1,1,1,0,0.5445750907877313,0.6316185353257736,2.763645984798746,5
R_3FXVdEYgbSYjhFQ,1,counterfactual,weighted examples,1,16,2.0,1.1940309166117056,0.3029974417397018,1,1,1,0,0.3029974417397018,0.786103045143153,6.110870004469512,10,0.7981949527302338,0.4501407565785964,1,1,1,0,0.4501407565785964,0.5684579015984861,3.7021831649201955,10
R_3FXVdEYgbSYjhFQ,1,counterfactual,weighted examples,2,2,2.0,2.235408250499003,0.10694845917760663,4,0,0,0,0.26651897654383505,0.8065360706032857,6.4052497856797315,10,2.8121751822291374,0.060074177887088076,4,0,0,0,0.37307405358372314,0.6050695306040643,4.027815145374921,10
R_3FXVdEYgbSYjhFQ,1,counterfactual,weighted examples,2,7,2.0,0.33581958228306164,0.714752048116668,1,1,1,0,0.714752048116668,0.6055538335052189,2.65011039511157,5,0.044294132012024125,0.9566725280708478,1,1,1,0,0.9566725280708478,0.1414264480192796,1.255604446435849,5
R_3FXVdEYgbSYjhFQ,1,counterfactual,weighted examples,2,12,2.0,0.8554212748576027,0.4251040676992481,1,1,1,0,0.4251040676992481,0.7617915546543004,3.4077634945938002,5,0.6585966818747977,0.5175771504936895,1,1,1,0,0.5175771504936895,0.5256750227783299,2.3304032267113968,5
R_3FXVdEYgbSYjhFQ,1,counterfactual,weighted examples,2,17,2.0,1.312167471854015,0.2692358623475994,1,1,1,0,0.2692358623475994,0.8162082872811377,6.549502123454233,10,0.9225263141290726,0.39751352745674795,1,1,1,0,0.39751352745674795,0.63644447414755,4.329567093849938,10
R_3FXVdEYgbSYjhFQ,1,counterfactual,weighted examples,3,3,2.0,1.1752551249660943,0.30874020230576343,1,1,1,0,0.30874020230576343,0.7671292057786004,5.849640893459513,10,0.8423356827650451,0.43070336126354747,1,1,1,0,0.43070336126354747,0.5100095094875893,3.236007425447649,10
R_3FXVdEYgbSYjhFQ,1,counterfactual,weighted examples,3,8,2.0,1.7762917064998085,0.16926466795733153,2,0,1,0,0.4409284296478704,0.7343391702285057,5.4242434125150725,10,2.1972796497920317,0.11110499211784974,2,0,1,0,0.7539406313777023,0.384025785623696,2.42117279619622,10
R_3FXVdEYgbSYjhFQ,1,counterfactual,weighted examples,3,13,2.0,1.6394759762898534,0.1940817190705425,3,0,1,0,0.3399667847704628,0.7838800357691743,6.079670406538224,10,1.7145947452318957,0.18003666664886275,3,0,1,0,0.552414002856515,0.5366477683934446,3.4407076130210394,10
R_3FXVdEYgbSYjhFQ,1,counterfactual,weighted examples,3,18,2.0,0.7271295839508178,0.48329425658405667,1,1,1,0,0.48329425658405667,0.7212422204956053,5.263107255661794,10,0.19106285015639746,0.8260806672204599,1,1,1,0,0.8260806672204599,0.3071891328725519,2.02856595656865,10
R_3FXVdEYgbSYjhFQ,1,counterfactual,weighted examples,4,4,1.5,27.631021115928547,0.0,2,0,0,1,1.0,0.0,1.0,1,27.631021115928547,0.0,2,0,0,1,1.0,0.0,1.0,1
R_3FXVdEYgbSYjhFQ,1,counterfactual,weighted examples,4,9,1.5,0.26092776625841274,0.7703365618975772,1,1,1,0,0.7703365618975772,0.5706808293505339,2.205891235623146,4,0.0898402943462293,0.9140771569046107,1,1,1,0,0.9140771569046107,0.2794186421235668,1.4730815335240617,4
R_3FXVdEYgbSYjhFQ,1,counterfactual,weighted examples,4,14,1.5,1.1050822744938897,0.3311836331552415,2,0,1,0,0.4286172197755566,0.8426735362350524,3.2161775931658676,4,1.0980094997417769,0.3335343235466959,2,0,1,0,0.4910680245418188,0.7651736086857993,2.8885535034869023,4
R_3FXVdEYgbSYjhFQ,1,counterfactual,weighted examples,4,19,1.5,0.28606019822633666,0.7512173926310883,1,1,1,0,0.7512173926310883,0.5957997000968921,2.2840581806332927,4,0.1067939906862101,0.898710796715572,1,1,1,0,0.898710796715572,0.3118066428169182,1.5407291689490645,4
R_3Fo0QmOVx6lcU4W,0,counterfactual,feature contribution,0,0,0.75,3.0290083695590506,0.048363573146592245,4,0,0,0,0.5206852965370703,0.7578478317316528,2.859366725652037,4,2.550095913202545,0.07807417729764544,4,0,0,0,0.46403433629847307,0.8408528731174384,3.208070276917664,4
R_3Fo0QmOVx6lcU4W,0,counterfactual,feature contribution,0,5,0.75,0.6526094570897017,0.5206852965370703,1,1,1,0,0.5206852965370703,0.7578478317316528,2.859366725652037,4,0.7677967288505334,0.46403433629847307,1,1,1,0,0.46403433629847307,0.8408528731174384,3.208070276917664,4
R_3Fo0QmOVx6lcU4W,0,counterfactual,feature contribution,0,10,0.75,1.037240922202303,0.35443123750111905,2,0,1,0,0.5206852965370703,0.7578478317316528,2.859366725652037,4,1.0562703276849843,0.3477503896518679,2,0,1,0,0.46403433629847307,0.8408528731174384,3.208070276917664,4
R_3Fo0QmOVx6lcU4W,0,counterfactual,feature contribution,0,15,0.75,0.6526094570897017,0.5206852965370703,1,1,1,0,0.5206852965370703,0.7578478317316528,2.859366725652037,4,0.7677967288505334,0.46403433629847307,1,1,1,0,0.46403433629847307,0.8408528731174384,3.208070276917664,4
R_3Fo0QmOVx6lcU4W,0,counterfactual,feature contribution,1,1,1.0,0.6526094570897017,0.5206852965370703,1,1,1,0,0.5206852965370703,0.7578478317316528,2.859366725652037,4,0.6526094570897017,0.5206852965370703,1,1,1,0,0.5206852965370703,0.7578478317316528,2.859366725652037,4
R_3Fo0QmOVx6lcU4W,0,counterfactual,feature contribution,1,6,1.0,0.6526094570897017,0.5206852965370703,1,1,1,0,0.5206852965370703,0.7578478317316528,2.859366725652037,4,0.6526094570897017,0.5206852965370703,1,1,1,0,0.5206852965370703,0.7578478317316528,2.859366725652037,4
R_3Fo0QmOVx6lcU4W,0,counterfactual,feature contribution,1,11,1.0,2.5702045351531133,0.07651989281521852,3,0,1,0,0.5206852965370703,0.7578478317316528,2.859366725652037,4,2.5702045351531133,0.07651989281521852,3,0,1,0,0.5206852965370703,0.7578478317316528,2.859366725652037,4
R_3Fo0QmOVx6lcU4W,0,counterfactual,feature contribution,1,16,1.0,3.0290083695590506,0.048363573146592245,4,0,0,0,0.5206852965370703,0.7578478317316528,2.859366725652037,4,3.0290083695590506,0.048363573146592245,4,0,0,0,0.5206852965370703,0.7578478317316528,2.859366725652037,4
R_3Fo0QmOVx6lcU4W,0,counterfactual,feature contribution,2,2,0.5,0.6526094570897017,0.5206852965370703,1,1,1,0,0.5206852965370703,0.7578478317316528,2.859366725652037,4,0.9215446781855968,0.3979039326098329,1,1,1,0,0.3979039326098329,0.9197358053511226,3.5787893065151186,4
R_3Fo0QmOVx6lcU4W,0,counterfactual,feature contribution,2,7,0.5,0.6526094570897017,0.5206852965370703,1,1,1,0,0.5206852965370703,0.7578478317316528,2.859366725652037,4,0.9215446781855968,0.3979039326098329,1,1,1,0,0.3979039326098329,0.9197358053511226,3.5787893065151186,4
R_3Fo0QmOVx6lcU4W,0,counterfactual,feature contribution,2,12,0.5,1.037240922202303,0.35443123750111905,2,0,1,0,0.5206852965370703,0.7578478317316528,2.859366725652037,4,1.1138604107418975,0.32828918063572693,2,0,1,0,0.3979039326098329,0.9197358053511226,3.5787893065151186,4
R_3Fo0QmOVx6lcU4W,0,counterfactual,feature contribution,2,17,0.5,0.6526094570897017,0.5206852965370703,1,1,1,0,0.5206852965370703,0.7578478317316528,2.859366725652037,4,0.9215446781855968,0.3979039326098329,1,1,1,0,0.3979039326098329,0.9197358053511226,3.5787893065151186,4
R_3Fo0QmOVx6lcU4W,0,counterfactual,feature contribution,3,3,0.5,0.30973021157924274,0.7336448584149776,1,1,1,0,0.7336448584149776,0.6180564246883493,2.3556298322401297,4,0.7068311873025985,0.4932045968374492,1,1,1,0,0.4932045968374492,0.8955024236505419,3.460558389426604,4
R_3Fo0QmOVx6lcU4W,0,counterfactual,feature contribution,3,8,0.5,0.30973021157924274,0.7336448584149776,1,1,1,0,0.7336448584149776,0.6180564246883493,2.3556298322401297,4,0.7068311873025985,0.4932045968374492,1,1,1,0,0.4932045968374492,0.8955024236505419,3.460558389426604,4
R_3Fo0QmOVx6lcU4W,0,counterfactual,feature contribution,3,13,0.5,2.2009132155582143,0.11070201738300504,2,0,1,0,0.7336448584149776,0.6180564246883493,2.3556298322401297,4,1.6524226892920841,0.19158519451983125,2,0,1,0,0.4932045968374492,0.8955024236505419,3.460558389426604,4
R_3Fo0QmOVx6lcU4W,0,counterfactual,feature contribution,3,18,0.5,2.2009132155582143,0.11070201738300504,2,0,1,0,0.7336448584149776,0.6180564246883493,2.3556298322401297,4,1.6524226892920841,0.19158519451983125,2,0,1,0,0.4932045968374492,0.8955024236505419,3.460558389426604,4
R_3Fo0QmOVx6lcU4W,0,counterfactual,feature contribution,4,4,0.75,0.6526094570897017,0.5206852965370703,1,1,1,0,0.5206852965370703,0.7578478317316528,2.859366725652037,4,0.7677967288505334,0.46403433629847307,1,1,1,0,0.46403433629847307,0.8408528731174384,3.208070276917664,4
R_3Fo0QmOVx6lcU4W,0,counterfactual,feature contribution,4,9,0.75,0.6526094570897017,0.5206852965370703,1,1,1,0,0.5206852965370703,0.7578478317316528,2.859366725652037,4,0.7677967288505334,0.46403433629847307,1,1,1,0,0.46403433629847307,0.8408528731174384,3.208070276917664,4
R_3Fo0QmOVx6lcU4W,0,counterfactual,feature contribution,4,14,0.75,2.5702045351531133,0.07651989281521852,3,0,1,0,0.5206852965370703,0.7578478317316528,2.859366725652037,4,2.205993037398092,0.1101410967520136,3,0,1,0,0.46403433629847307,0.8408528731174384,3.208070276917664,4
R_3Fo0QmOVx6lcU4W,0,counterfactual,feature contribution,4,19,0.75,1.037240922202303,0.35443123750111905,2,0,1,0,0.5206852965370703,0.7578478317316528,2.859366725652037,4,1.0562703276849843,0.3477503896518679,2,0,1,0,0.46403433629847307,0.8408528731174384,3.208070276917664,4
R_3OpQ58fnUhzHRsd,0,none,feature contribution,0,0,0.75,0.3453235430507115,0.7079912507583563,1,1,1,0,0.7079912507583563,0.6415258649813713,2.4335319735890226,4,0.5080604832154775,0.6016613802466766,1,1,1,0,0.6016613802466766,0.7809776147887455,2.952537185357,4
R_3OpQ58fnUhzHRsd,0,none,feature contribution,0,5,0.75,3.331082962118573,0.035754363472387335,4,0,0,0,0.5373372960983709,0.7891613094491889,2.986224478557984,4,2.7856433054805017,0.06168939113998329,4,0,0,0,0.47086773764487794,0.8617186385944244,3.3022223775654314,4
R_3OpQ58fnUhzHRsd,0,none,feature contribution,0,10,0.75,0.36410311822832403,0.694819542488421,1,1,1,0,0.694819542488421,0.6537283696640582,2.4750484029314013,4,0.5252855004960387,0.5913864991235563,1,1,1,0,0.5913864991235563,0.7875214722577175,2.9794436136355316,4
R_3OpQ58fnUhzHRsd,0,none,feature contribution,0,15,0.75,0.43075885981248185,0.6500156367700626,1,1,1,0,0.6500156367700626,0.6905410500750532,2.6046365982454667,4,0.5846470398226425,0.5573025327024204,1,1,1,0,0.5573025327024204,0.8068664498357582,3.060426880249576,4
R_3OpQ58fnUhzHRsd,0,none,feature contribution,1,1,0.5,0.9981608689029331,0.36855664223155604,1,1,1,0,0.36855664223155604,0.7686856663772894,3.9641831613415897,6,1.270487307522505,0.2806948037554633,1,1,1,0,0.2806948037554633,0.9190400607562492,5.189818531096916,6
R_3OpQ58fnUhzHRsd,0,none,feature contribution,1,6,0.5,0.9595303222911346,0.3830727644676901,1,1,1,0,0.3830727644676901,0.7744745922700302,4.005515091564116,6,1.2531049090532507,0.28561660511346487,1,1,1,0,0.28561660511346487,0.9196666288513123,5.195648200981018,6
R_3OpQ58fnUhzHRsd,0,none,feature contribution,1,11,0.5,0.46489015869981903,0.6282041041556828,1,1,1,0,0.6282041041556828,0.7055719762326687,2.659479566648869,4,0.8118163982802183,0.4440507602130987,1,1,1,0,0.4440507602130987,0.9108952903776306,3.5351969236235683,4
R_3OpQ58fnUhzHRsd,0,none,feature contribution,1,16,0.5,0.28637827102176266,0.7509784888114586,1,1,1,0,0.7509784888114586,0.5951465092765902,2.281990868390894,4,0.6869443563120373,0.5031110507998151,1,1,1,0,0.5031110507998151,0.8902445418485144,3.435426181838219,4
R_3OpQ58fnUhzHRsd,0,none,feature contribution,2,2,0.75,2.0264195591243417,0.1318066030540392,2,0,1,0,0.7377393641516493,0.6105222891782126,2.3311544263409325,4,1.7607597377109392,0.17191420449172612,2,0,1,0,0.6255846792338239,0.7637662714375463,2.882923476540919,4
R_3OpQ58fnUhzHRsd,0,none,feature contribution,2,7,0.75,2.057081592877155,0.12782647576590125,3,0,1,0,0.42240725146370967,0.7546006721746925,3.8653912266560315,6,1.9010889563652276,0.1494058341716892,3,0,1,0,0.3661849313446501,0.837659492690808,4.485654106486674,6
R_3OpQ58fnUhzHRsd,0,none,feature contribution,2,12,0.75,1.3845999406512168,0.25042396420254426,2,0,1,0,0.43856435437347235,0.7629838068747647,3.923889812222679,6,1.3992951220676697,0.24677084597527324,2,0,1,0,0.37567468677417587,0.8414152070139623,4.5159413756209466,6
R_3OpQ58fnUhzHRsd,0,none,feature contribution,2,17,0.75,0.3362113626028228,0.71447207717784,1,1,1,0,0.71447207717784,0.6350160794476588,2.41166941293776,4,0.49952839555973616,0.6068167697249833,1,1,1,0,0.6068167697249833,0.7773923309239343,2.9378987200306277,4
R_3OpQ58fnUhzHRsd,0,none,feature contribution,3,3,1.0,2.4741183784295524,0.08423722288268831,4,0,0,0,0.5122966117014534,0.7310381511517501,3.705597557034476,6,2.4741183784295524,0.08423722288268831,4,0,0,0,0.5122966117014534,0.7310381511517501,3.705597557034476,6
R_3OpQ58fnUhzHRsd,0,none,feature contribution,3,8,1.0,3.5035801748991133,0.030089464807201424,5,0,0,0,0.44118728499214116,0.7572708370990032,3.8839287009529513,6,3.5035801748991133,0.030089464807201424,5,0,0,0,0.44118728499214116,0.7572708370990032,3.8839287009529513,6
R_3OpQ58fnUhzHRsd,0,none,feature contribution,3,13,1.0,1.9048026141865813,0.1488520209998516,3,0,1,0,0.6628707815153613,0.6974637714231854,2.629753441745755,4,1.9048026141865813,0.1488520209998516,3,0,1,0,0.6628707815153613,0.6974637714231854,2.629753441745755,4
R_3OpQ58fnUhzHRsd,0,none,feature contribution,3,18,1.0,1.2438589547253442,0.28826964926196214,2,0,1,0,0.37577680353416804,0.7763189727568338,4.018773958149582,6,1.2438589547253442,0.28826964926196214,2,0,1,0,0.37577680353416804,0.7763189727568338,4.018773958149582,6
R_3OpQ58fnUhzHRsd,0,none,feature contribution,4,4,0.75,0.8538794141605194,0.42576002452047224,1,1,1,0,0.42576002452047224,0.8365416841803851,3.1889541794795284,4,0.9396157812915662,0.39077795071761884,1,1,1,0,0.39077795071761884,0.8860915939914608,3.415704543329444,4
R_3OpQ58fnUhzHRsd,0,none,feature contribution,4,9,0.75,1.4798196010874956,0.22767875767955897,3,0,1,0,0.39279290673543704,0.7730003633062729,3.9949486304330195,6,1.4736363029211568,0.22909092475016257,3,0,1,0,0.34485674751965906,0.8455069120117442,4.549170987872771,6
R_3OpQ58fnUhzHRsd,0,none,feature contribution,4,14,0.75,0.39694916941049146,0.6723682016361127,1,1,1,0,0.6723682016361127,0.6725985035497193,2.540648879483726,4,0.5547173853150716,0.5742345253757001,1,1,1,0,0.5742345253757001,0.7974045227519659,3.020545346580987,4
R_3OpQ58fnUhzHRsd,0,none,feature contribution,4,19,0.75,1.3292290732717207,0.2646812325029061,2,0,1,0,0.5254871529775811,0.8018514500047406,3.0392237687829264,4,1.2875742121663332,0.2759393421697349,2,0,1,0,0.46152245975637224,0.8688235974229526,3.3349085373709535,4
R_3P1hvuTtye32D8u,1,attribution,feature contribution,0,0,0.0,1.6847123762250509,0.18549777785494,3,0,1,0,0.34979820644667065,0.7639070991196742,5.806401982239211,10,2.3025850929940455,0.1,1,1,1,0,0.1,0.9999999999999998,9.999999999999998,10
R_3P1hvuTtye32D8u,1,attribution,feature contribution,0,5,0.0,4.120718602398664,0.016232845288149854,8,0,0,0,0.34979820644667065,0.7639070991196742,5.806401982239211,10,2.3025850929940455,0.1,1,1,1,0,0.1,0.9999999999999998,9.999999999999998,10
R_3P1hvuTtye32D8u,1,attribution,feature contribution,0,10,0.0,1.8927014116613532,0.15066425242694656,2,0,1,0,0.6395700811401983,0.6883287139040485,3.0277577478863926,5,1.6094379124341003,0.2,1,1,1,0,0.2,1.0000000000000002,5.000000000000001,5
R_3P1hvuTtye32D8u,1,attribution,feature contribution,0,15,0.0,2.300702721110789,0.10018841446573756,3,0,1,0,0.6395700811401983,0.6883287139040485,3.0277577478863926,5,1.6094379124341003,0.2,1,1,1,0,0.2,1.0000000000000002,5.000000000000001,5
R_3P1hvuTtye32D8u,1,attribution,feature contribution,1,1,0.0,1.5868918399429544,0.20456043122444134,2,0,1,0,0.41649614306687593,0.7521460337327909,5.651269696906971,10,2.3025850929940455,0.1,1,1,1,0,0.1,0.9999999999999998,9.999999999999998,10
R_3P1hvuTtye32D8u,1,attribution,feature contribution,1,6,0.0,3.4191426314826394,0.03274049357744056,7,0,0,0,0.3988871134136768,0.7675886972099961,5.855833194727818,10,2.3025850929940455,0.1,1,1,1,0,0.1,0.9999999999999998,9.999999999999998,10
R_3P1hvuTtye32D8u,1,attribution,feature contribution,1,11,0.0,3.393066260792855,0.03360547560711247,5,0,0,0,0.47568943183765905,0.7898042964877813,3.564917736094761,5,1.6094379124341003,0.2,1,1,1,0,0.2,1.0000000000000002,5.000000000000001,5
R_3P1hvuTtye32D8u,1,attribution,feature contribution,1,16,0.0,3.412220568292963,0.03296791153552352,5,0,0,0,0.45865946242999817,0.7707469675545047,3.4572358775539707,5,1.6094379124341003,0.2,1,1,1,0,0.2,1.0000000000000002,5.000000000000001,5
R_3P1hvuTtye32D8u,1,attribution,feature contribution,2,2,0.0,-0.0,1.0,1,1,1,0,1.0,0.0,1.0,1,-0.0,1.0,1,1,1,0,1.0,0.0,1.0,1
R_3P1hvuTtye32D8u,1,attribution,feature contribution,2,7,0.0,3.3160807182909258,0.0362948029170303,5,0,0,0,0.3147351137113469,0.7621843939801536,5.783415491757325,10,2.3025850929940455,0.1,1,1,1,0,0.1,0.9999999999999998,9.999999999999998,10
R_3P1hvuTtye32D8u,1,attribution,feature contribution,2,12,0.0,3.628872761121237,0.026546091335834916,5,0,0,0,0.3424962656347997,0.8450136704038467,3.896181760013866,5,1.6094379124341003,0.2,1,1,1,0,0.2,1.0000000000000002,5.000000000000001,5
R_3P1hvuTtye32D8u,1,attribution,feature contribution,2,17,0.0,4.0750082393874845,0.016992074672104906,9,0,0,0,0.3706436687249145,0.7503815974161673,5.628356494524822,10,2.3025850929940455,0.1,1,1,1,0,0.1,0.9999999999999998,9.999999999999998,10
R_3P1hvuTtye32D8u,1,attribution,feature contribution,3,3,0.0,4.236917694584733,0.01445206895227526,8,0,0,0,0.3114246276122602,0.7911530446366085,6.1823422644502175,10,2.3025850929940455,0.1,1,1,1,0,0.1,0.9999999999999998,9.999999999999998,10
R_3P1hvuTtye32D8u,1,attribution,feature contribution,3,8,0.0,3.2466538035016863,0.0389041712705283,7,0,0,0,0.3114246276122602,0.7911530446366085,6.1823422644502175,10,2.3025850929940455,0.1,1,1,1,0,0.1,0.9999999999999998,9.999999999999998,10
R_3P1hvuTtye32D8u,1,attribution,feature contribution,3,13,0.0,2.300702721110789,0.10018841446573756,3,0,1,0,0.6395700811401983,0.6883287139040485,3.0277577478863926,5,1.6094379124341003,0.2,1,1,1,0,0.2,1.0000000000000002,5.000000000000001,5
R_3P1hvuTtye32D8u,1,attribution,feature contribution,3,18,0.0,2.9041424883187914,0.054795758463830335,5,0,0,0,0.34979820644667065,0.7639070991196742,5.806401982239211,10,2.3025850929940455,0.1,1,1,1,0,0.1,0.9999999999999998,9.999999999999998,10
R_3P1hvuTtye32D8u,1,attribution,feature contribution,4,4,0.0,2.9041424883187914,0.054795758463830335,5,0,0,0,0.34979820644667065,0.7639070991196742,5.806401982239211,10,2.3025850929940455,0.1,1,1,1,0,0.1,0.9999999999999998,9.999999999999998,10
R_3P1hvuTtye32D8u,1,attribution,feature contribution,4,9,0.0,3.1304547113156174,0.043697922794559196,6,0,0,0,0.34979820644667065,0.7639070991196742,5.806401982239211,10,2.3025850929940455,0.1,1,1,1,0,0.1,0.9999999999999998,9.999999999999998,10
R_3P1hvuTtye32D8u,1,attribution,feature contribution,4,14,0.0,2.300702721110789,0.10018841446573756,3,0,1,0,0.6395700811401983,0.6883287139040485,3.0277577478863926,5,1.6094379124341003,0.2,1,1,1,0,0.2,1.0000000000000002,5.000000000000001,5
R_3P1hvuTtye32D8u,1,attribution,feature contribution,4,19,0.0,1.8927014116613532,0.15066425242694656,2,0,1,0,0.6395700811401983,0.6883287139040485,3.0277577478863926,5,1.6094379124341003,0.2,1,1,1,0,0.2,1.0000000000000002,5.000000000000001,5
R_3P5ccqI6lMcShWV,1,attribution,feature contribution,0,0,1.0,0.3496013128449505,0.7049690958214403,1,1,1,0,0.7049690958214403,0.6466235418077836,2.4507903632433137,4,0.3496013128449505,0.7049690958214403,1,1,1,0,0.7049690958214403,0.6466235418077836,2.4507903632433137,4
R_3P5ccqI6lMcShWV,1,attribution,feature contribution,0,5,1.0,1.2879432863397002,0.27583751887645386,2,0,1,0,0.43702507492043485,0.76125832139548,3.9117772324816427,6,1.2879432863397002,0.27583751887645386,2,0,1,0,0.43702507492043485,0.76125832139548,3.9117772324816427,6
R_3P5ccqI6lMcShWV,1,attribution,feature contribution,0,10,1.0,0.5575327101546012,0.5726201422254933,1,1,1,0,0.5726201422254933,0.7059479980247643,3.542699510931188,6,0.5575327101546012,0.5726201422254933,1,1,1,0,0.5726201422254933,0.7059479980247643,3.542699510931188,6
R_3P5ccqI6lMcShWV,1,attribution,feature contribution,0,15,1.0,0.5510825885001113,0.5763255491206273,1,1,1,0,0.5763255491206273,0.7590123235826265,2.8639864106521054,4,0.5510825885001113,0.5763255491206273,1,1,1,0,0.5763255491206273,0.7590123235826265,2.8639864106521054,4
R_3P5ccqI6lMcShWV,1,attribution,feature contribution,1,1,1.5,2.366066217158748,0.093849183395076,3,0,1,0,0.6290586082611298,0.7138468461755909,2.6901631909556944,4,3.11781133929822,0.04425391931773751,3,0,1,0,0.7679671745916107,0.5081438305178899,2.022707432036242,4
R_3P5ccqI6lMcShWV,1,attribution,feature contribution,1,6,1.5,0.31866533006553543,0.7271188534098018,1,1,1,0,0.7271188534098018,0.6253825420869923,2.379675875484775,4,0.13045929583195023,0.8776922179531909,1,1,1,0,0.8776922179531909,0.35292709909372044,1.631110134907511,4
R_3P5ccqI6lMcShWV,1,attribution,feature contribution,1,11,1.5,0.2660268673844972,0.7664185355629138,1,1,1,0,0.7664185355629138,0.575783297003489,2.2215499720252168,4,0.09327392146800019,0.9109439390165637,1,1,1,0,0.9109439390165637,0.28599380310326594,1.486570213663236,4
R_3P5ccqI6lMcShWV,1,attribution,feature contribution,1,16,1.5,0.5977132091223214,0.5500680896126897,1,1,1,0,0.5500680896126897,0.7158757856247132,3.6062816140042013,6,0.3374656075595783,0.7135765159222941,1,1,1,0,0.7135765159222941,0.5089886237573206,2.4892592751133256,6
R_3P5ccqI6lMcShWV,1,attribution,feature contribution,2,2,1.0,0.5898062325745609,0.5544347057123278,1,1,1,0,0.5544347057123278,0.7143002856988044,3.59611573611532,6,0.5898062325745609,0.5544347057123278,1,1,1,0,0.5544347057123278,0.7143002856988044,3.59611573611532,6
R_3P5ccqI6lMcShWV,1,attribution,feature contribution,2,7,1.0,0.37434759447159227,0.687737816414374,1,1,1,0,0.687737816414374,0.6652092004725315,2.5147559563127113,4,0.37434759447159227,0.687737816414374,1,1,1,0,0.687737816414374,0.6652092004725315,2.5147559563127113,4
R_3P5ccqI6lMcShWV,1,attribution,feature contribution,2,12,1.0,0.33286994252135055,0.7168634215422499,1,1,1,0,0.7168634215422499,0.6377349332519727,2.4207764646233607,4,0.33286994252135055,0.7168634215422499,1,1,1,0,0.7168634215422499,0.6377349332519727,2.4207764646233607,4
R_3P5ccqI6lMcShWV,1,attribution,feature contribution,2,17,1.0,1.1648858962445765,0.3119582556104282,2,0,1,0,0.5133990314703929,0.7934516218878657,3.0040383773745862,4,1.1648858962445765,0.3119582556104282,2,0,1,0,0.5133990314703929,0.7934516218878657,3.0040383773745862,4
R_3P5ccqI6lMcShWV,1,attribution,feature contribution,3,3,1.5,0.9565905231549643,0.38420057841073707,1,1,1,0,0.38420057841073707,0.7667257422484902,3.9502865041333184,6,0.798517579154951,0.4499955527002455,1,1,1,0,0.4499955527002455,0.6455349702571489,3.1792438823575306,6
R_3P5ccqI6lMcShWV,1,attribution,feature contribution,3,8,1.5,0.6886755538161566,0.5022408196926794,1,1,1,0,0.5022408196926794,0.7407194315789392,3.7704375493947215,6,0.43753559739714565,0.6456255434299502,1,1,1,0,0.6456255434299502,0.5704872877928611,2.779235805977107,6
R_3P5ccqI6lMcShWV,1,attribution,feature contribution,3,13,1.5,0.4394530190554051,0.6443887930947013,1,1,1,0,0.6443887930947013,0.6948230475616538,2.6201439861555205,4,0.24436593222519365,0.7832009833400487,1,1,1,0,0.7832009833400487,0.4803266157271401,1.946190902456005,4
R_3P5ccqI6lMcShWV,1,attribution,feature contribution,3,18,1.5,1.847585425095411,0.15761728595847457,3,0,1,0,0.46315173138383164,0.7515070074724558,3.8440242392716573,6,2.1588371146193572,0.11545930894279298,3,0,1,0,0.5815782068508297,0.6019129969839132,2.9402167760929383,6
R_3P5ccqI6lMcShWV,1,attribution,feature contribution,4,4,1.5,2.0753379575504787,0.12551400191993997,3,0,1,0,0.41766459009175816,0.7547612850898341,3.866503767904124,6,2.4944138147026473,0.08254482377483939,3,0,1,0,0.501063842789778,0.6147654724752315,3.008711327421255,6
R_3P5ccqI6lMcShWV,1,attribution,feature contribution,4,9,1.5,2.4133050129973785,0.08951894384757735,4,0,0,0,0.5265813045952239,0.725595237454477,3.669634763147863,6,3.046247281717281,0.04753698298545961,4,0,0,0,0.6781993116933099,0.5343656920967792,2.605057606668303,6
R_3P5ccqI6lMcShWV,1,attribution,feature contribution,4,14,1.5,1.1195626798275684,0.326422514563965,2,0,1,0,0.4406582207569123,0.7491168030598331,3.827596748521525,6,1.0692412035581929,0.34326888983357157,2,0,1,0,0.5384149388618749,0.5998733425585852,2.929491158384292,6
R_3P5ccqI6lMcShWV,1,attribution,feature contribution,4,19,1.5,0.5926618324855027,0.5528537204211397,1,1,1,0,0.5528537204211397,0.7477459058243985,2.819602542934283,4,0.4198397700850231,0.6571521068059691,1,1,1,0,0.6571521068059691,0.591678983777666,2.2710476362704792,4
R_3Qv0QTQ49yAIRot,1,attribution,feature contribution,0,0,1.0,2.977366066292158,0.050926795167279465,4,0,0,0,0.5744470746908492,0.7361869241091031,2.774780879178905,4,2.977366066292158,0.050926795167279465,4,0,0,0,0.5744470746908492,0.7361869241091031,2.774780879178905,4
R_3Qv0QTQ49yAIRot,1,attribution,feature contribution,0,5,1.0,2.3287194525573782,0.09742041871657645,3,0,1,0,0.7162990137682345,0.6374412072683271,2.419790947681359,4,2.3287194525573782,0.09742041871657645,3,0,1,0,0.7162990137682345,0.6374412072683271,2.419790947681359,4
R_3Qv0QTQ49yAIRot,1,attribution,feature contribution,0,10,1.0,2.8434138185229223,0.05822655140767426,4,0,0,0,0.585572788019919,0.7286527667265891,2.7459503373412346,4,2.8434138185229223,0.05822655140767426,4,0,0,0,0.585572788019919,0.7286527667265891,2.7459503373412346,4
R_3Qv0QTQ49yAIRot,1,attribution,feature contribution,0,15,1.0,1.262966658331021,0.28281376891377413,2,0,1,0,0.4774675832076914,0.8291707569751072,3.156534488027103,4,1.262966658331021,0.28281376891377413,2,0,1,0,0.4774675832076914,0.8291707569751072,3.156534488027103,4
R_3Qv0QTQ49yAIRot,1,attribution,feature contribution,1,1,0.25,0.6741383085916323,0.5095953454024054,1,1,1,0,0.5095953454024054,0.7691211168052353,2.90440417862537,4,1.1330007536927456,0.3220653661116585,1,1,1,0,0.3220653661116585,0.9786033072424549,3.8830939536375695,4
R_3Qv0QTQ49yAIRot,1,attribution,feature contribution,1,6,0.25,0.2986534825436059,0.7418164172416071,1,1,1,0,0.7418164172416071,0.6077853170152318,2.3223262046397606,4,1.0057706767918824,0.36576264137603137,1,1,1,0,0.36576264137603137,0.974714775042354,3.8622178705835295,4
R_3Qv0QTQ49yAIRot,1,attribution,feature contribution,1,11,0.25,0.4626673907428386,0.6296020091424974,1,1,1,0,0.6296020091424974,0.7218472636042872,2.7201656824668663,4,1.0720206978739502,0.34231610065496054,1,1,1,0,0.34231610065496054,0.9778816855079482,3.8792113259347514,4
R_3Qv0QTQ49yAIRot,1,attribution,feature contribution,1,16,0.25,0.43826299662145823,0.645156086672403,1,1,1,0,0.645156086672403,0.6946148037648678,2.619387693292644,4,1.0587818279660817,0.34687811027395843,1,1,1,0,0.34687811027395843,0.9767794261754738,3.873288200777737,4
R_3Qv0QTQ49yAIRot,1,attribution,feature contribution,2,2,0.75,1.5194546513432137,0.21883119371492188,2,0,1,0,0.6473577571034267,0.6987158034516074,2.6343218286863004,4,1.4035337793448086,0.2457270825735696,2,0,1,0,0.5542802059960477,0.8123816769338194,3.0839157527760963,4
R_3Qv0QTQ49yAIRot,1,attribution,feature contribution,2,7,0.75,1.4729881317059315,0.2292394630271723,3,0,1,0,0.45000622388633105,0.8424630186123225,3.215239122796284,4,1.4055896587696493,0.2452224162646745,3,0,1,0,0.40668393850900925,0.8897931987116134,3.4332773270912638,4
R_3Qv0QTQ49yAIRot,1,attribution,feature contribution,2,12,0.75,2.8668168296136227,0.05687969648193613,4,0,0,0,0.7496580836760246,0.5969284760343636,2.287635108659794,4,2.38744523708426,0.09186407527559617,4,0,0,0,0.6354409170415295,0.7560147210305812,2.8521096390800156,4
R_3Qv0QTQ49yAIRot,1,attribution,feature contribution,2,17,0.75,0.8212095412107304,0.43989925631304927,2,0,1,0,0.440768585013134,0.7636658308094957,2.882522085425065,4,0.895448441249451,0.40842440321804097,2,0,1,0,0.40902959988828524,0.8427618751708168,3.216571482512243,4
R_3Qv0QTQ49yAIRot,1,attribution,feature contribution,3,3,0.5,0.5153756303101453,0.5972761974323998,1,1,1,0,0.5972761974323998,0.7316958240788985,2.7575587983306735,4,0.8458055074835743,0.42921148586415914,1,1,1,0,0.42921148586415914,0.9163081778544734,3.5618243091824913,4
R_3Qv0QTQ49yAIRot,1,attribution,feature contribution,3,8,0.5,0.9835357856537402,0.373986422518246,2,0,1,0,0.4671344856873041,0.7957360036003444,3.0135667220101228,4,1.1002769321978774,0.33277891374026475,2,0,1,0,0.3719194122931906,0.9284229987516892,3.6221492600532477,4
R_3Qv0QTQ49yAIRot,1,attribution,feature contribution,3,13,0.5,0.316950242592009,0.7283669958778524,1,1,1,0,0.7283669958778524,0.6245459543339377,2.3769176297613615,4,0.7127058826124608,0.49031566421364975,1,1,1,0,0.49031566421364975,0.8969194623683501,3.4673631052928773,4
R_3Qv0QTQ49yAIRot,1,attribution,feature contribution,3,18,0.5,0.4212184842066936,0.6562467062039475,1,1,1,0,0.6562467062039475,0.7039676860958851,2.6535714075998107,4,0.7916905415784694,0.4530781999489746,1,1,1,0,0.4530781999489746,0.9133817319442402,3.5474035607218153,4
R_3Qv0QTQ49yAIRot,1,attribution,feature contribution,4,4,0.5,2.2411695932691567,0.10633406401557793,3,0,1,0,0.7268090277168529,0.6262798801851631,2.382637974182389,4,1.6753986371140428,0.18723352637059076,3,0,1,0,0.4895054901921522,0.8972703730500253,3.4690502681570106,4
R_3Qv0QTQ49yAIRot,1,attribution,feature contribution,4,9,0.5,2.0665677871035166,0.1266196222630489,2,0,1,0,0.7046548776816502,0.652540989490561,2.4709776798639287,4,1.5971581367804983,0.20247109633311317,2,0,1,0,0.4776400761696744,0.902903389620012,3.496246196544363,4
R_3Qv0QTQ49yAIRot,1,attribution,feature contribution,4,14,0.5,0.3754748277257914,0.6869630122520924,1,1,1,0,0.6869630122520924,0.6722231293448677,2.539327122733047,4,0.758273626128689,0.4684744914199364,1,1,1,0,0.4684744914199364,0.9069907796325184,3.516113299895334,4
R_3Qv0QTQ49yAIRot,1,attribution,feature contribution,4,19,0.5,0.8934961881190464,0.40922252985688046,2,0,1,0,0.4379941218963797,0.7941895049963986,3.0071128501086832,4,1.0544726864834277,0.3483760822971082,2,0,1,0,0.36041487268579514,0.9277704979294478,3.6188742966212475,4
R_3pZ1OVs4kWTC7GB,1,none,weighted examples,0,0,0.5,2.797332422552935,0.060972494730620344,5,0,0,0,0.6250007442910035,0.6731426072628864,3.340463736800275,6,2.1385106137459955,0.11783020708769039,5,0,0,0,0.3772505883875625,0.9090265793856772,5.097534448653372,6
R_3pZ1OVs4kWTC7GB,1,none,weighted examples,0,5,0.5,0.8245027451211115,0.43845296114155474,1,1,1,0,0.43845296114155474,0.749297105280761,3.8288334848402537,6,1.1772272956182996,0.3081319139609902,1,1,1,0,0.3081319139609902,0.9169737373586867,5.170639508709081,6
R_3pZ1OVs4kWTC7GB,1,none,weighted examples,0,10,0.5,1.0000487725168903,0.36786149920272526,1,1,1,0,0.36786149920272526,0.8653832063198013,3.3190409115443846,4,1.1317124786112653,0.3224805422705572,1,1,1,0,0.3224805422705572,0.9430032201665686,3.6961067895361857,4
R_3pZ1OVs4kWTC7GB,1,none,weighted examples,0,15,0.5,4.103632481143548,0.01651258467615438,6,0,0,0,0.5105391067643937,0.7317075689620788,3.7100448496237446,6,2.811147945979113,0.06013591996672603,6,0,0,0,0.3343804958936974,0.9152291701320501,5.154502126456079,6
R_3pZ1OVs4kWTC7GB,1,none,weighted examples,1,1,0.25,1.4207899676058255,0.24152314605463107,3,0,1,0,0.4183428209434181,0.7687089040166964,3.9643482185403256,6,1.598466518362597,0.20220636010553175,3,0,1,0,0.23197340774828915,0.9775799582105719,5.763749092281955,6
R_3pZ1OVs4kWTC7GB,1,none,weighted examples,1,6,0.25,1.9378430865690928,0.14401424127270263,3,0,1,0,0.6057968552417058,0.746156591976822,2.813397073020189,4,1.4463335047168813,0.23543191756359308,3,0,1,0,0.337167521417747,0.9786304159998979,3.883239885836879,4
R_3pZ1OVs4kWTC7GB,1,none,weighted examples,1,11,0.25,1.9625188888227256,0.14050406070335802,2,0,1,0,0.6844692292568434,0.674900505187011,2.548769680889333,4,1.437232969002712,0.23758425298568844,2,0,1,0,0.352966847103041,0.9767283766902296,3.8730140993678095,4
R_3pZ1OVs4kWTC7GB,1,none,weighted examples,1,16,0.25,1.2116859896402647,0.29769494548991576,2,0,1,0,0.5809378042445583,0.732313964810377,2.759922832187892,4,1.2594499779812118,0.2838100853740374,2,0,1,0,0.3354419459635679,0.9775721628683798,3.877547154190634,4
R_3pZ1OVs4kWTC7GB,1,none,weighted examples,2,2,0.25,3.0292466433700285,0.04835205074650372,4,0,0,0,0.7337753583256976,0.6178760928449498,2.355041014833124,4,1.6908091914784817,0.18437027276111717,4,0,0,0,0.36389656356059324,0.9750284231694615,3.8638975613901065,4
R_3pZ1OVs4kWTC7GB,1,none,weighted examples,2,7,0.25,1.5996778280821586,0.20196157386208732,3,0,1,0,0.4668099518301201,0.7543252390795763,3.8634840886215858,6,1.640459275046344,0.1938909725532985,3,0,1,0,0.23907019125466103,0.977474724235182,5.762662416949326,6
R_3pZ1OVs4kWTC7GB,1,none,weighted examples,2,12,0.25,2.5142555771569257,0.08092313081698146,4,0,0,0,0.5570517196256961,0.7125496601433039,3.5848534725919494,6,1.8609924466726837,0.15551821022351464,4,0,0,0,0.2519050999876064,0.9771575165245442,5.759388081192125,6
R_3pZ1OVs4kWTC7GB,1,none,weighted examples,2,17,0.25,0.3457701618915613,0.7076751191270371,1,1,1,0,0.7076751191270371,0.6453923689855454,2.4466110004369237,4,1.0259491898472386,0.3584560610235127,1,1,1,0,0.3584560610235127,0.975747880229199,3.867753255174742,4
R_3pZ1OVs4kWTC7GB,1,none,weighted examples,3,3,0.25,0.44767533497681683,0.6391121477122472,1,1,1,0,0.6391121477122472,0.7200905921372193,2.713549421029343,4,1.0684428946491957,0.3435430338577564,1,1,1,0,0.3435430338577564,0.977990660824585,3.8797974099013577,4
R_3pZ1OVs4kWTC7GB,1,none,weighted examples,3,8,0.25,2.60924221545486,0.07359028822233199,5,0,0,0,0.6378215667088188,0.6641372891737166,3.2869966540407307,6,1.8751122230786863,0.15333775784405887,5,0,0,0,0.2630987487075786,0.9767783734355217,5.75547686620155,6
R_3pZ1OVs4kWTC7GB,1,none,weighted examples,3,13,0.25,1.9357073084554286,0.14432215243518373,2,0,1,0,0.7174961246936534,0.6350546396785204,2.4117983341751428,4,1.421156749246956,0.24143457604267032,2,0,1,0,0.3605131465940508,0.9754697627918004,3.866262320150359,4
R_3pZ1OVs4kWTC7GB,1,none,weighted examples,3,18,0.25,1.0280081470339177,0.3577187746215927,2,0,1,0,0.4082930126113161,0.7530919547452642,3.8549561847006464,6,1.4971269014367692,0.2237721569093275,2,0,1,0,0.2312935922746138,0.9774507149206075,5.762414518786813,6
R_3pZ1OVs4kWTC7GB,1,none,weighted examples,4,4,0.25,1.7019194865180012,0.18233320181821897,3,0,1,0,0.5897376289731553,0.7629676065323996,2.879733314283038,4,1.3911628361132404,0.24878583920556924,3,0,1,0,0.333636784631311,0.9791519453806768,3.8860484571893075,4
R_3pZ1OVs4kWTC7GB,1,none,weighted examples,4,9,0.25,2.1148042606285977,0.12065690454854239,3,0,1,0,0.4910836581896751,0.7908580774143881,2.993257002868828,4,1.498561168848414,0.2234514378504661,3,0,1,0,0.3173832327064706,0.9794228337289115,3.887508062858694,4
R_3pZ1OVs4kWTC7GB,1,none,weighted examples,4,14,0.25,1.7337260537472612,0.17662506786466933,2,0,1,0,0.6579793075310976,0.7000808046494439,2.6393114580960972,4,1.385431315068491,0.2502158546457015,2,0,1,0,0.3476200345176317,0.9773889291706012,3.876562320872304,4
R_3pZ1OVs4kWTC7GB,1,none,weighted examples,4,19,0.25,0.43948485152814654,0.6443682809324884,1,1,1,0,0.6443682809324884,0.7129825937544271,2.6869420142656453,4,1.0646752889470468,0.34483980988747276,1,1,1,0,0.34483980988747276,0.9777437699054718,3.87846972412546,4
R_5ASRudX4WuOaMDD,1,counterfactual,feature contribution,0,0,0.5,1.3763802134980818,0.2524908638993696,3,0,1,0,0.4001378836150801,0.8577937990033848,3.284303833221799,4,1.317534316691371,0.26779478572598686,3,0,1,0,0.3371196891304794,0.9416264786256966,3.689059242072984,4
R_5ASRudX4WuOaMDD,1,counterfactual,feature contribution,0,5,0.5,1.2221124182229701,0.29460717558023214,2,0,1,0,0.48694079382817196,0.820391496645461,3.118350280437015,4,1.228694960657677,0.29267428000830514,2,0,1,0,0.37627119968999695,0.9346891870851209,3.653751140015919,4
R_5ASRudX4WuOaMDD,1,counterfactual,feature contribution,0,10,0.5,0.660465786250809,0.5166106483048906,1,1,1,0,0.5166106483048906,0.7346814393431094,3.729866439123419,6,1.0906864091712611,0.3359857908092742,1,1,1,0,0.3359857908092742,0.9156319688849088,5.158223568649291,6
R_5ASRudX4WuOaMDD,1,counterfactual,feature contribution,0,15,0.5,2.3532798073201424,0.09505688212839365,3,0,1,0,0.6444310830632184,0.7031013835973005,2.6503865131372653,4,1.7563009285940774,0.17268244856809112,3,0,1,0,0.4496189999940738,0.9117883903555485,3.539576559690454,4
R_5ASRudX4WuOaMDD,1,counterfactual,feature contribution,1,1,0.5,0.8537873559498912,0.4257992210306392,1,1,1,0,0.4257992210306392,0.8207245542426487,3.1197904046848364,4,1.043939328553697,0.3520650467495967,1,1,1,0,0.3520650467495967,0.933906689429345,3.649789801726548,4
R_5ASRudX4WuOaMDD,1,counterfactual,feature contribution,1,6,0.5,0.8876395266554199,0.4116262396641432,1,1,1,0,0.4116262396641432,0.7689952204793269,3.9663824915008714,6,1.215395750905047,0.29659261426946715,1,1,1,0,0.29659261426946715,0.9191157069930685,5.190522006053296,6
R_5ASRudX4WuOaMDD,1,counterfactual,feature contribution,1,11,0.5,-0.0,1.0,1,1,1,0,1.0,0.0,1.0,1,-0.0,1.0,1,1,1,0,1.0,0.0,1.0,1
R_5ASRudX4WuOaMDD,1,counterfactual,feature contribution,1,16,0.5,4.12453378984129,0.016171031930399375,6,0,0,0,0.5222932180681278,0.7323171093309879,3.7140989875564876,6,2.8219506332566056,0.05948978670051731,6,0,0,0,0.33808876402425975,0.915390782128809,5.155994930862675,6
R_5ASRudX4WuOaMDD,1,counterfactual,feature contribution,2,2,0.25,0.5544864535090106,0.5743671497047462,1,1,1,0,0.5743671497047462,0.7050434682632474,3.5369625088996415,6,1.369621599127499,0.25420313204273315,1,1,1,0,0.25420313204273315,0.9771035645144887,5.758831353671877,6
R_5ASRudX4WuOaMDD,1,counterfactual,feature contribution,2,7,0.25,0.4199296302414493,0.6570930576679779,1,1,1,0,0.6570930576679779,0.6860008462424588,2.5882943453985274,4,1.0524921292533502,0.3490667447882165,1,1,1,0,0.3490667447882165,0.9765925641362482,3.872284971717632,4
R_5ASRudX4WuOaMDD,1,counterfactual,feature contribution,2,12,0.25,0.2647092700765192,0.7674290321297437,1,1,1,0,0.7674290321297437,0.5745051856441414,2.2176172292203993,4,0.9892949074569742,0.3718387793634569,1,1,1,0,0.3718387793634569,0.9736673471876405,3.8566138325283603,4
R_5ASRudX4WuOaMDD,1,counterfactual,feature contribution,2,17,0.25,0.6845186051494653,0.504332954434109,1,1,1,0,0.504332954434109,0.8164314277141338,3.1012779996295716,4,1.1476959509891396,0.3173671571158004,1,1,1,0,0.3173671571158004,0.980493060443746,3.8932800420565417,4
R_5ASRudX4WuOaMDD,1,counterfactual,feature contribution,3,3,0.5,1.7669504871215835,0.17085321428241285,3,0,1,0,0.5420438605929536,0.7227958871909836,3.6512748303141147,6,1.6400239455182273,0.19397539739386596,3,0,1,0,0.34550337044159146,0.9143981596643471,5.146832933936111,6
R_5ASRudX4WuOaMDD,1,counterfactual,feature contribution,3,8,0.5,0.7052039430086668,0.4940078145418687,1,1,1,0,0.4940078145418687,0.7404993687816281,3.768951160434296,6,1.114870482227631,0.32795775250652154,1,1,1,0,0.32795775250652154,0.9161748824868435,5.163243778179484,6
R_5ASRudX4WuOaMDD,1,counterfactual,feature contribution,3,13,0.5,2.9696608187343876,0.05132071440504853,4,0,0,0,0.6687993913584296,0.6771857637213451,2.556857091648956,4,2.055578685209112,0.12801873159169835,4,0,0,0,0.4621416470831732,0.9061719927809833,3.5121244956674738,4
R_5ASRudX4WuOaMDD,1,counterfactual,feature contribution,3,18,0.5,3.2151082315443076,0.04015098798501475,4,0,0,0,0.44427993655904024,0.7884889733886067,2.9834424477476578,4,2.2132338371373304,0.10934646747491389,4,0,0,0,0.3637349139242404,0.9264015285688026,3.6120129296576797,4
R_5ASRudX4WuOaMDD,1,counterfactual,feature contribution,4,4,0.5,0.4228494909230337,0.6551772358123309,1,1,1,0,0.6551772358123309,0.7041333169190711,2.6541807722500224,4,0.792478059579941,0.4527215331696283,1,1,1,0,0.4527215331696283,0.9133114836491126,3.547058114301748,4
R_5ASRudX4WuOaMDD,1,counterfactual,feature contribution,4,9,0.5,0.8646702463289948,0.42119041881704206,1,1,1,0,0.42119041881704206,0.761539024638563,3.9137451662257146,6,1.2014294287407485,0.3007639838126089,1,1,1,0,0.3007639838126089,0.918314714884562,5.183077988764323,6
R_5ASRudX4WuOaMDD,1,counterfactual,feature contribution,4,14,0.5,3.380918714907572,0.03401618919462771,4,0,0,0,0.5217657457782342,0.8087246370287422,3.0683206856732737,4,2.3048076050439112,0.09977799559013513,4,0,0,0,0.390777660116142,0.9329746580157037,3.645077063456784,4
R_5ASRudX4WuOaMDD,1,counterfactual,feature contribution,4,19,0.5,3.8114755981614787,0.022115521245643366,6,0,0,0,0.3959079228852933,0.7561460281660678,3.8761089638653607,6,2.6729561955820587,0.06904780448967177,6,0,0,0,0.29214494792735357,0.9176839654603873,5.177223635453946,6
R_5CNiW73tAkn7Lk5,1,none,feature contribution,0,0,1.0,3.039516569311775,0.047858019938280504,4,0,0,0,0.5763884339376918,0.7378001489566568,2.780993355865775,4,3.039516569311775,0.047858019938280504,4,0,0,0,0.5763884339376918,0.7378001489566568,2.780993355865775,4
R_5CNiW73tAkn7Lk5,1,none,feature contribution,0,5,1.0,3.0883301478772096,0.0455779994140651,4,0,0,0,0.3971205891812267,0.7689529712470989,3.9660822458786544,6,3.0883301478772096,0.0455779994140651,4,0,0,0,0.3971205891812267,0.7689529712470989,3.9660822458786544,6
R_5CNiW73tAkn7Lk5,1,none,feature contribution,0,10,1.0,1.8523836153504594,0.1568628197167284,3,0,1,0,0.5534681836498375,0.7826119030950238,2.9592340507332677,4,1.8523836153504594,0.1568628197167284,3,0,1,0,0.5534681836498375,0.7826119030950238,2.9592340507332677,4
R_5CNiW73tAkn7Lk5,1,none,feature contribution,0,15,1.0,0.4970419658270167,0.6083274543107796,1,1,1,0,0.6083274543107796,0.6841477340433,3.406986515611872,6,0.4970419658270167,0.6083274543107796,1,1,1,0,0.6083274543107796,0.6841477340433,3.406986515611872,6
R_5CNiW73tAkn7Lk5,1,none,feature contribution,1,1,0.75,1.875850472450168,0.15322459811589464,2,0,1,0,0.5916213172393423,0.6949090064795018,3.473316122850908,6,1.7475136190797012,0.1742065492564291,2,0,1,0,0.47984499637973627,0.8127418992462707,4.2897909150983855,6
R_5CNiW73tAkn7Lk5,1,none,feature contribution,1,6,0.75,0.6080430435797006,0.5444152241547862,1,1,1,0,0.5444152241547862,0.7213546048820371,3.6418578287945156,6,0.8045850984329382,0.44727346252762074,1,1,1,0,0.44727346252762074,0.8240715192086385,4.377763370077597,6
R_5CNiW73tAkn7Lk5,1,none,feature contribution,1,11,0.75,1.0067544492812737,0.36540299108783425,2,0,1,0,0.39338564544941346,0.7563432260700181,3.87747875612323,6,1.1138433349286554,0.32829478648832694,2,0,1,0,0.34697548686737556,0.8383444355639155,4.491162517817487,6
R_5CNiW73tAkn7Lk5,1,none,feature contribution,1,16,0.75,2.610562452354911,0.0734931957149938,4,0,0,0,0.5994801469140912,0.6897259568534571,3.4412095204353914,6,2.2969763530727962,0.10056244983508707,4,0,0,0,0.4853796893623425,0.8104731527050624,4.272388104292097,6
R_5CNiW73tAkn7Lk5,1,none,feature contribution,2,2,0.75,1.834332110282763,0.15972014159253808,2,0,1,0,0.5891449265201609,0.6962736116008642,3.4818189247381084,6,1.7167835273710812,0.17964303655091632,2,0,1,0,0.478142369140279,0.8133250296222608,4.294275356980741,6
R_5CNiW73tAkn7Lk5,1,none,feature contribution,2,7,0.75,0.5220565625580526,0.5932991356571532,1,1,1,0,0.5932991356571532,0.7547790075019054,2.847227978938976,4,0.6702830381158467,0.5115637652495237,1,1,1,0,0.5115637652495237,0.8441951882114234,3.222969144011853,4
R_5CNiW73tAkn7Lk5,1,none,feature contribution,2,12,0.75,0.5580423948361514,0.5723283608752127,1,1,1,0,0.5723283608752127,0.7061074283908381,3.5437116661085617,6,0.7625225910821394,0.46648818259095975,1,1,1,0,0.46648818259095975,0.8175609111824186,4.326991532238331,6
R_5CNiW73tAkn7Lk5,1,none,feature contribution,2,17,0.75,2.7827743737448856,0.06186662791050722,4,0,0,0,0.3796634123684304,0.7600587740018246,3.903378676848386,6,2.4469725572385155,0.08655523125059458,4,0,0,0,0.33748155949154396,0.8399425115899851,4.50404079701664,6
R_5CNiW73tAkn7Lk5,1,none,feature contribution,3,3,0.75,0.80538098934213,0.4469176232682718,1,1,1,0,0.4469176232682718,0.7485498769460914,3.823710668057029,6,0.9605206984907416,0.3826935661245452,1,1,1,0,0.3826935661245452,0.8351194380977999,4.465285531679209,6
R_5CNiW73tAkn7Lk5,1,none,feature contribution,3,8,0.75,0.8498670660896597,0.42747175366365114,1,1,1,0,0.42747175366365114,0.7650928910715135,3.938746133437786,6,0.9988559455615899,0.36830055612219686,1,1,1,0,0.36830055612219686,0.8422604693004603,4.522785980909385,6
R_5CNiW73tAkn7Lk5,1,none,feature contribution,3,13,0.75,0.6998670962971852,0.4966513062029321,1,1,1,0,0.4966513062029321,0.8233306012731444,3.131081806390613,4,0.8210296475017175,0.43997839854024046,1,1,1,0,0.43997839854024046,0.8802561548004592,3.38818420023764,4
R_5CNiW73tAkn7Lk5,1,none,feature contribution,3,18,0.75,0.461402531454152,0.6303988709447237,1,1,1,0,0.6303988709447237,0.7039382613174703,2.653463166903096,4,0.6109787059344868,0.5428193484980264,1,1,1,0,0.5428193484980264,0.8136648764118443,3.089406588810688,4
R_5CNiW73tAkn7Lk5,1,none,feature contribution,4,4,0.75,0.5548349442170054,0.5741670229632769,1,1,1,0,0.5741670229632769,0.7043181527598336,3.5323688900928505,6,0.75956656768841,0.46786917268551054,1,1,1,0,0.46786917268551054,0.8167542761920229,4.320742266301241,6
R_5CNiW73tAkn7Lk5,1,none,feature contribution,4,9,0.75,0.4749424459031247,0.621920849527814,1,1,1,0,0.621920849527814,0.7336848331669404,2.7651728513154574,4,0.6296379683413892,0.5327846510067745,1,1,1,0,0.5327846510067745,0.8333053542946103,3.1746789646923914,4
R_5CNiW73tAkn7Lk5,1,none,feature contribution,4,14,0.75,1.0626450026103433,0.34554064464871836,2,0,1,0,0.5253164533076258,0.7600154015145367,2.8679717295362908,4,1.0759940278203535,0.3409586643980169,2,0,1,0,0.4668132014653312,0.8425014504091604,3.215410428172691,4
R_5CNiW73tAkn7Lk5,1,none,feature contribution,4,19,0.75,1.2407900767820674,0.2891556724834779,2,0,1,0,0.5818514480202209,0.7372973158620321,2.7790554713055706,4,1.2040404544716892,0.2999797056427399,2,0,1,0,0.5068181705314329,0.8314056505824627,3.16632929298612,4
R_5F38AMuOCY994Y9,1,none,feature contribution,0,0,0.0,2.6339610080714912,0.07179352356280272,4,0,0,0,0.5741670229632769,0.7043181527598336,3.5323688900928505,6,1.791759469228055,0.16666666666666666,1,1,1,0,0.16666666666666666,0.9999999999999999,5.999999999999998,6
R_5F38AMuOCY994Y9,1,none,feature contribution,0,5,0.0,2.9397337140101434,0.05287980801573092,4,0,0,0,0.5444152241547862,0.7213546048820371,3.6418578287945156,6,1.791759469228055,0.16666666666666666,1,1,1,0,0.16666666666666666,0.9999999999999999,5.999999999999998,6
R_5F38AMuOCY994Y9,1,none,feature contribution,0,10,0.0,1.2703520906005359,0.28073276100901345,2,0,1,0,0.5959548734820274,0.7260642610440955,2.736114342936809,4,1.3862943611198906,0.25,1,1,1,0,0.25,1.0,4.0,4
R_5F38AMuOCY994Y9,1,none,feature contribution,0,15,0.0,4.310392930052314,0.013428272185794574,6,0,0,0,0.5915423202069723,0.694200507229918,3.4689096836255975,6,1.791759469228055,0.16666666666666666,1,1,1,0,0.16666666666666666,0.9999999999999999,5.999999999999998,6
R_5F38AMuOCY994Y9,1,none,feature contribution,1,1,0.0,0.7612158866683173,0.4670981431904599,1,1,1,0,0.4670981431904599,0.744990442487956,3.7994019767651963,6,1.791759469228055,0.16666666666666666,1,1,1,0,0.16666666666666666,0.9999999999999999,5.999999999999998,6
R_5F38AMuOCY994Y9,1,none,feature contribution,1,6,0.0,2.9972346995046775,0.049924935106308035,5,0,0,0,0.601281774663402,0.688448198860752,3.4333401066690117,6,1.791759469228055,0.16666666666666666,1,1,1,0,0.16666666666666666,0.9999999999999999,5.999999999999998,6
R_5F38AMuOCY994Y9,1,none,feature contribution,1,11,0.0,3.7561315769744112,0.023373986174207374,6,0,0,0,0.38068302890505873,0.766079890352284,3.945717832116233,6,1.791759469228055,0.16666666666666666,1,1,1,0,0.16666666666666666,0.9999999999999999,5.999999999999998,6
R_5F38AMuOCY994Y9,1,none,feature contribution,1,16,0.0,2.989617881900014,0.05030665613517452,4,0,0,0,0.576293006039161,0.735756480174426,2.7731256003045024,4,1.3862943611198906,0.25,1,1,1,0,0.25,1.0,4.0,4
R_5F38AMuOCY994Y9,1,none,feature contribution,2,2,0.0,0.4709102545696148,0.624433615960428,1,1,1,0,0.624433615960428,0.7081826275675267,2.6691220102987177,4,1.3862943611198906,0.25,1,1,1,0,0.25,1.0,4.0,4
R_5F38AMuOCY994Y9,1,none,feature contribution,2,7,0.0,0.8498670660896597,0.42747175366365114,1,1,1,0,0.42747175366365114,0.7650928910715135,3.938746133437786,6,1.791759469228055,0.16666666666666666,1,1,1,0,0.16666666666666666,0.9999999999999999,5.999999999999998,6
R_5F38AMuOCY994Y9,1,none,feature contribution,2,12,0.0,3.7309834152091397,0.023969252515036205,5,0,0,0,0.39338564544941346,0.7563432260700181,3.87747875612323,6,1.791759469228055,0.16666666666666666,1,1,1,0,0.16666666666666666,0.9999999999999999,5.999999999999998,6
R_5F38AMuOCY994Y9,1,none,feature contribution,2,17,0.0,3.086001184686324,0.045684272602150175,4,0,0,0,0.5253164533076258,0.7600154015145367,2.8679717295362908,4,1.3862943611198906,0.25,1,1,1,0,0.25,1.0,4.0,4
R_5F38AMuOCY994Y9,1,none,feature contribution,3,3,0.0,1.628811796995616,0.19616251659960138,3,0,1,0,0.3971205891812267,0.7689529712470989,3.9660822458786544,6,1.791759469228055,0.16666666666666666,1,1,1,0,0.16666666666666666,0.9999999999999999,5.999999999999998,6
R_5F38AMuOCY994Y9,1,none,feature contribution,3,8,0.0,0.7580102152674328,0.4685979089432423,1,1,1,0,0.4685979089432423,0.7826981692823722,2.9595879676693087,4,1.3862943611198906,0.25,1,1,1,0,0.25,1.0,4.0,4
R_5F38AMuOCY994Y9,1,none,feature contribution,3,13,0.0,3.2022261290980363,0.04067156297670762,4,0,0,0,0.4737039808759117,0.7834962493526756,2.962864190584567,4,1.3862943611198906,0.25,1,1,1,0,0.25,1.0,4.0,4
R_5F38AMuOCY994Y9,1,none,feature contribution,3,18,0.0,3.50576314322286,0.03002385209993524,5,0,0,0,0.4660926627827086,0.7474438938210809,3.8161408926964464,6,1.791759469228055,0.16666666666666666,1,1,1,0,0.16666666666666666,0.9999999999999999,5.999999999999998,6
R_5F38AMuOCY994Y9,1,none,feature contribution,4,4,0.0,2.0745717398432157,0.12561020982411347,3,0,1,0,0.6607269471925153,0.6975824268045313,2.630186048850526,4,1.3862943611198906,0.25,1,1,1,0,0.25,1.0,4.0,4
R_5F38AMuOCY994Y9,1,none,feature contribution,4,9,0.0,3.2946332741125364,0.037081641351822035,4,0,0,0,0.6101609750079847,0.7434961302628629,2.803039860948173,4,1.3862943611198906,0.25,1,1,1,0,0.25,1.0,4.0,4
R_5F38AMuOCY994Y9,1,none,feature contribution,4,14,0.0,4.257950132300766,0.014151280952655259,6,0,0,0,0.5723283608752127,0.7061074283908381,3.5437116661085617,6,1.791759469228055,0.16666666666666666,1,1,1,0,0.16666666666666666,0.9999999999999999,5.999999999999998,6
R_5F38AMuOCY994Y9,1,none,feature contribution,4,19,0.0,1.948924989832121,0.14242709989885327,3,0,1,0,0.3796634123684304,0.7600587740018246,3.903378676848386,6,1.791759469228055,0.16666666666666666,1,1,1,0,0.16666666666666666,0.9999999999999999,5.999999999999998,6
R_5F38MGbZJklp6TP,1,attribution,feature contribution,0,0,0.0,1.5184068095482612,0.21906061436301608,2,0,1,0,0.5453796557720496,0.7179447755167047,3.619675387714584,6,1.791759469228055,0.16666666666666666,1,1,1,0,0.16666666666666666,0.9999999999999999,5.999999999999998,6
R_5F38MGbZJklp6TP,1,attribution,feature contribution,0,5,0.0,0.9565905231549643,0.38420057841073707,1,1,1,0,0.38420057841073707,0.7667257422484902,3.9502865041333184,6,1.791759469228055,0.16666666666666666,1,1,1,0,0.16666666666666666,0.9999999999999999,5.999999999999998,6
R_5F38MGbZJklp6TP,1,attribution,feature contribution,0,10,0.0,2.51875194484978,0.08056008746581585,3,0,1,0,0.6885681806664753,0.6618740579679547,2.503155846344437,4,1.3862943611198906,0.25,1,1,1,0,0.25,1.0,4.0,4
R_5F38MGbZJklp6TP,1,attribution,feature contribution,0,15,0.0,2.52511920765745,0.08004876979160419,4,0,0,0,0.5500680896126897,0.7158757856247132,3.6062816140042013,6,1.791759469228055,0.16666666666666666,1,1,1,0,0.16666666666666666,0.9999999999999999,5.999999999999998,6
R_5F38MGbZJklp6TP,1,attribution,feature contribution,1,1,0.0,2.4133050129973785,0.08951894384757735,4,0,0,0,0.5265813045952239,0.725595237454477,3.669634763147863,6,1.791759469228055,0.16666666666666666,1,1,1,0,0.16666666666666666,0.9999999999999999,5.999999999999998,6
R_5F38MGbZJklp6TP,1,attribution,feature contribution,1,6,0.0,0.8792909644595832,0.41507711179436385,1,1,1,0,0.41507711179436385,0.760413018564573,3.905857019904685,6,1.791759469228055,0.16666666666666666,1,1,1,0,0.16666666666666666,0.9999999999999999,5.999999999999998,6
R_5F38MGbZJklp6TP,1,attribution,feature contribution,1,11,0.0,1.6421811838376816,0.19355739725863427,2,0,1,0,0.6254122287450504,0.7309718175092498,2.7547924630489264,4,1.3862943611198906,0.25,1,1,1,0,0.25,1.0,4.0,4
R_5F38MGbZJklp6TP,1,attribution,feature contribution,1,16,0.0,3.363869577814859,0.0346011078787211,4,0,0,0,0.5036626992750838,0.8102196174846505,3.0746863221173864,4,1.3862943611198906,0.25,1,1,1,0,0.25,1.0,4.0,4
R_5F38MGbZJklp6TP,1,attribution,feature contribution,2,2,0.0,0.4709102545696148,0.624433615960428,1,1,1,0,0.624433615960428,0.7081826275675267,2.6691220102987177,4,1.3862943611198906,0.25,1,1,1,0,0.25,1.0,4.0,4
R_5F38MGbZJklp6TP,1,attribution,feature contribution,2,7,0.0,2.6339610080714912,0.07179352356280272,4,0,0,0,0.5741670229632769,0.7043181527598336,3.5323688900928505,6,1.791759469228055,0.16666666666666666,1,1,1,0,0.16666666666666666,0.9999999999999999,5.999999999999998,6
R_5F38MGbZJklp6TP,1,attribution,feature contribution,2,12,0.0,3.2022261290980363,0.04067156297670762,4,0,0,0,0.4737039808759117,0.7834962493526756,2.962864190584567,4,1.3862943611198906,0.25,1,1,1,0,0.25,1.0,4.0,4
R_5F38MGbZJklp6TP,1,attribution,feature contribution,2,17,0.0,4.310392930052314,0.013428272185794574,6,0,0,0,0.5915423202069723,0.694200507229918,3.4689096836255975,6,1.791759469228055,0.16666666666666666,1,1,1,0,0.16666666666666666,0.9999999999999999,5.999999999999998,6
R_5F38MGbZJklp6TP,1,attribution,feature contribution,3,3,0.0,1.096290906599553,0.3341080261873459,2,0,1,0,0.5411639416731093,0.7513379134225202,2.8336779948558632,4,1.3862943611198906,0.25,1,1,1,0,0.25,1.0,4.0,4
R_5F38MGbZJklp6TP,1,attribution,feature contribution,3,8,0.0,1.4725460828421992,0.22934082047214724,3,0,1,0,0.4353196644601836,0.8466251591487042,3.233844522574476,4,1.3862943611198906,0.25,1,1,1,0,0.25,1.0,4.0,4
R_5F38MGbZJklp6TP,1,attribution,feature contribution,3,13,0.0,2.443717554404315,0.0868374277997568,3,0,1,0,0.5292639324079631,0.7606093522901821,2.870334163000471,4,1.3862943611198906,0.25,1,1,1,0,0.25,1.0,4.0,4
R_5F38MGbZJklp6TP,1,attribution,feature contribution,3,18,0.0,3.0490084212950292,0.04740590778207285,4,0,0,0,0.6571386676740467,0.6888997055484951,2.5987167803623477,4,1.3862943611198906,0.25,1,1,1,0,0.25,1.0,4.0,4
R_5F38MGbZJklp6TP,1,attribution,feature contribution,4,4,0.0,1.0040182612684587,0.3664041714561266,2,0,1,0,0.44187178839357777,0.8199192509534382,3.1163094533655205,4,1.3862943611198906,0.25,1,1,1,0,0.25,1.0,4.0,4
R_5F38MGbZJklp6TP,1,attribution,feature contribution,4,9,0.0,1.2879432863397002,0.27583751887645386,2,0,1,0,0.43702507492043485,0.76125832139548,3.9117772324816427,6,1.791759469228055,0.16666666666666666,1,1,1,0,0.16666666666666666,0.9999999999999999,5.999999999999998,6
R_5F38MGbZJklp6TP,1,attribution,feature contribution,4,14,0.0,3.364980538479081,0.03456268875394903,4,0,0,0,0.542962609587244,0.7950332642387923,3.01063232400039,4,1.3862943611198906,0.25,1,1,1,0,0.25,1.0,4.0,4
R_5F38MGbZJklp6TP,1,attribution,feature contribution,4,19,0.0,3.2281784354803995,0.03962962099235734,4,0,0,0,0.4814570946133007,0.7861068991029994,2.97360660574979,4,1.3862943611198906,0.25,1,1,1,0,0.25,1.0,4.0,4
R_5FwCR03V97gle4L,1,attribution,feature contribution,0,0,0.0,1.2879432863397002,0.27583751887645386,2,0,1,0,0.43702507492043485,0.76125832139548,3.9117772324816427,6,1.791759469228055,0.16666666666666666,1,1,1,0,0.16666666666666666,0.9999999999999999,5.999999999999998,6
R_5FwCR03V97gle4L,1,attribution,feature contribution,0,5,0.0,4.144139316455646,0.01585707800583421,6,0,0,0,0.5265813045952239,0.725595237454477,3.669634763147863,6,1.791759469228055,0.16666666666666666,1,1,1,0,0.16666666666666666,0.9999999999999999,5.999999999999998,6
R_5FwCR03V97gle4L,1,attribution,feature contribution,0,10,0.0,1.9404416782355756,0.14364049288551556,3,0,1,0,0.41523387773129455,0.7580815311675008,3.8895744739480067,6,1.791759469228055,0.16666666666666666,1,1,1,0,0.16666666666666666,0.9999999999999999,5.999999999999998,6
R_5FwCR03V97gle4L,1,attribution,feature contribution,0,15,0.0,2.585116253424951,0.0753873150581102,4,0,0,0,0.5161002104368417,0.730318646500956,3.700823455474078,6,1.791759469228055,0.16666666666666666,1,1,1,0,0.16666666666666666,0.9999999999999999,5.999999999999998,6
R_5FwCR03V97gle4L,1,attribution,feature contribution,1,1,0.0,0.6886755538161566,0.5022408196926794,1,1,1,0,0.5022408196926794,0.7407194315789392,3.7704375493947215,6,1.791759469228055,0.16666666666666666,1,1,1,0,0.16666666666666666,0.9999999999999999,5.999999999999998,6
R_5FwCR03V97gle4L,1,attribution,feature contribution,1,6,0.0,2.0753379575504787,0.12551400191993997,3,0,1,0,0.41766459009175816,0.7547612850898341,3.866503767904124,6,1.791759469228055,0.16666666666666666,1,1,1,0,0.16666666666666666,0.9999999999999999,5.999999999999998,6
R_5FwCR03V97gle4L,1,attribution,feature contribution,1,11,0.0,3.671759862579874,0.025431674289216666,6,0,0,0,0.35728430148383367,0.7792302059579398,4.039791574749411,6,1.791759469228055,0.16666666666666666,1,1,1,0,0.16666666666666666,0.9999999999999999,5.999999999999998,6
R_5FwCR03V97gle4L,1,attribution,feature contribution,1,16,0.0,3.302080512995797,0.03680651126183341,5,0,0,0,0.5177382326489727,0.7320002852032056,3.7119911935373926,6,1.791759469228055,0.16666666666666666,1,1,1,0,0.16666666666666666,0.9999999999999999,5.999999999999998,6
R_5FwCR03V97gle4L,1,attribution,feature contribution,2,2,0.0,2.508808478169851,0.08136512983421036,4,0,0,0,0.5453796557720496,0.7179447755167047,3.619675387714584,6,1.791759469228055,0.16666666666666666,1,1,1,0,0.16666666666666666,0.9999999999999999,5.999999999999998,6
R_5FwCR03V97gle4L,1,attribution,feature contribution,2,7,0.0,2.0426471955815124,0.129684954645253,3,0,1,0,0.4966790127656858,0.7385829032013715,3.756031360007775,6,1.791759469228055,0.16666666666666666,1,1,1,0,0.16666666666666666,0.9999999999999999,5.999999999999998,6
R_5FwCR03V97gle4L,1,attribution,feature contribution,2,12,0.0,1.5430989185561275,0.21371778017379206,2,0,1,0,0.5500680896126897,0.7158757856247132,3.6062816140042013,6,1.791759469228055,0.16666666666666666,1,1,1,0,0.16666666666666666,0.9999999999999999,5.999999999999998,6
R_5FwCR03V97gle4L,1,attribution,feature contribution,2,17,0.0,3.9296257656338915,0.019651025266144376,6,0,0,0,0.4406582207569123,0.7491168030598331,3.827596748521525,6,1.791759469228055,0.16666666666666666,1,1,1,0,0.16666666666666666,0.9999999999999999,5.999999999999998,6
R_5FwCR03V97gle4L,1,attribution,feature contribution,3,3,0.0,0.9565905231549643,0.38420057841073707,1,1,1,0,0.38420057841073707,0.7667257422484902,3.9502865041333184,6,1.791759469228055,0.16666666666666666,1,1,1,0,0.16666666666666666,0.9999999999999999,5.999999999999998,6
R_5FwCR03V97gle4L,1,attribution,feature contribution,3,8,0.0,1.906147301148605,0.14865199614349056,3,0,1,0,0.4931886833159711,0.7417108145769293,3.777141004526109,6,1.791759469228055,0.16666666666666666,1,1,1,0,0.16666666666666666,0.9999999999999999,5.999999999999998,6
R_5FwCR03V97gle4L,1,attribution,feature contribution,3,13,0.0,3.447721660398239,0.031818046174342154,5,0,0,0,0.46315173138383164,0.7515070074724558,3.8440242392716573,6,1.791759469228055,0.16666666666666666,1,1,1,0,0.16666666666666666,0.9999999999999999,5.999999999999998,6
R_5FwCR03V97gle4L,1,attribution,feature contribution,3,18,0.0,1.7696084430169534,0.17039969695579207,2,0,1,0,0.5756675785675275,0.7041985700279604,3.5316121134764518,6,1.791759469228055,0.16666666666666666,1,1,1,0,0.16666666666666666,0.9999999999999999,5.999999999999998,6
R_5FwCR03V97gle4L,1,attribution,feature contribution,4,4,0.0,1.1287797264381572,0.32342768597169225,2,0,1,0,0.41507711179436385,0.760413018564573,3.905857019904685,6,1.791759469228055,0.16666666666666666,1,1,1,0,0.16666666666666666,0.9999999999999999,5.999999999999998,6
R_5FwCR03V97gle4L,1,attribution,feature contribution,4,9,0.0,2.180419295298898,0.11299414279351708,3,0,1,0,0.5544347057123278,0.7143002856988044,3.59611573611532,6,1.791759469228055,0.16666666666666666,1,1,1,0,0.16666666666666666,0.9999999999999999,5.999999999999998,6
R_5FwCR03V97gle4L,1,attribution,feature contribution,4,14,0.0,4.2587157067484185,0.014140451239561114,6,0,0,0,0.5726201422254933,0.7059479980247643,3.542699510931188,6,1.791759469228055,0.16666666666666666,1,1,1,0,0.16666666666666666,0.9999999999999999,5.999999999999998,6
R_5FwCR03V97gle4L,1,attribution,feature contribution,4,19,0.0,1.9139569261732585,0.1474956011773714,2,0,1,0,0.6101589586880403,0.6828867211561057,3.399297351841148,6,1.791759469228055,0.16666666666666666,1,1,1,0,0.16666666666666666,0.9999999999999999,5.999999999999998,6
R_5L0xQQar3o8Bvr3,0,counterfactual,feature contribution,0,0,1.0,3.182128950068704,0.04149721551300462,5,0,0,0,0.49792890801866263,0.7432986136184341,3.3078319309285575,5,3.182128950068704,0.04149721551300462,5,0,0,0,0.49792890801866263,0.7432986136184341,3.3078319309285575,5
R_5L0xQQar3o8Bvr3,0,counterfactual,feature contribution,0,5,1.0,0.6972979671305517,0.49792890801866263,1,1,1,0,0.49792890801866263,0.7432986136184341,3.3078319309285575,5,0.6972979671305517,0.49792890801866263,1,1,1,0,0.49792890801866263,0.7432986136184341,3.3078319309285575,5
R_5L0xQQar3o8Bvr3,0,counterfactual,feature contribution,0,10,1.0,2.879868599575104,0.05614213945045621,4,0,0,0,0.30913411289409537,0.7684242225928618,5.867109890491442,10,2.879868599575104,0.05614213945045621,4,0,0,0,0.30913411289409537,0.7684242225928618,5.867109890491442,10
R_5L0xQQar3o8Bvr3,0,counterfactual,feature contribution,0,15,1.0,0.6972979671305517,0.49792890801866263,1,1,1,0,0.49792890801866263,0.7432986136184341,3.3078319309285575,5,0.6972979671305517,0.49792890801866263,1,1,1,0,0.49792890801866263,0.7432986136184341,3.3078319309285575,5
R_5L0xQQar3o8Bvr3,0,counterfactual,feature contribution,1,1,1.0,0.6972979671305517,0.49792890801866263,1,1,1,0,0.49792890801866263,0.7432986136184341,3.3078319309285575,5,0.6972979671305517,0.49792890801866263,1,1,1,0,0.49792890801866263,0.7432986136184341,3.3078319309285575,5
R_5L0xQQar3o8Bvr3,0,counterfactual,feature contribution,1,6,1.0,0.6972979671305517,0.49792890801866263,1,1,1,0,0.49792890801866263,0.7432986136184341,3.3078319309285575,5,0.6972979671305517,0.49792890801866263,1,1,1,0,0.49792890801866263,0.7432986136184341,3.3078319309285575,5
R_5L0xQQar3o8Bvr3,0,counterfactual,feature contribution,1,11,1.0,2.805368204146003,0.0604844964296514,4,0,0,0,0.49792890801866263,0.7432986136184341,3.3078319309285575,5,2.805368204146003,0.0604844964296514,4,0,0,0,0.49792890801866263,0.7432986136184341,3.3078319309285575,5
R_5L0xQQar3o8Bvr3,0,counterfactual,feature contribution,1,16,1.0,0.6436133569872577,0.5253905663928949,1,1,1,0,0.5253905663928949,0.7011563484762927,5.025234682600436,10,0.6436133569872577,0.5253905663928949,1,1,1,0,0.5253905663928949,0.7011563484762927,5.025234682600436,10
R_5L0xQQar3o8Bvr3,0,counterfactual,feature contribution,2,2,0.75,0.6972979671305517,0.49792890801866263,1,1,1,0,0.49792890801866263,0.7432986136184341,3.3078319309285575,5,0.8427538038478711,0.43052331275142164,1,1,1,0,0.43052331275142164,0.8370722257889514,3.8467005298628516,5
R_5L0xQQar3o8Bvr3,0,counterfactual,feature contribution,2,7,0.75,0.6436133569872577,0.5253905663928949,1,1,1,0,0.5253905663928949,0.7011563484762927,5.025234682600436,10,0.9255316171972185,0.3963206721766762,1,1,1,0,0.3963206721766762,0.8226339612415179,6.647126766716869,10
R_5L0xQQar3o8Bvr3,0,counterfactual,feature contribution,2,12,0.75,0.6436133569872577,0.5253905663928949,1,1,1,0,0.5253905663928949,0.7011563484762927,5.025234682600436,10,0.9255316171972185,0.3963206721766762,1,1,1,0,0.3963206721766762,0.8226339612415179,6.647126766716869,10
R_5L0xQQar3o8Bvr3,0,counterfactual,feature contribution,2,17,0.75,0.6972979671305517,0.49792890801866263,1,1,1,0,0.49792890801866263,0.7432986136184341,3.3078319309285575,5,0.8427538038478711,0.43052331275142164,1,1,1,0,0.43052331275142164,0.8370722257889514,3.8467005298628516,5
R_5L0xQQar3o8Bvr3,0,counterfactual,feature contribution,3,3,1.0,2.7023904781982315,0.06704505129295107,3,0,1,0,0.49792890801866263,0.7432986136184341,3.3078319309285575,5,2.7023904781982315,0.06704505129295107,3,0,1,0,0.49792890801866263,0.7432986136184341,3.3078319309285575,5
R_5L0xQQar3o8Bvr3,0,counterfactual,feature contribution,3,8,1.0,0.6972979671305517,0.49792890801866263,1,1,1,0,0.49792890801866263,0.7432986136184341,3.3078319309285575,5,0.6972979671305517,0.49792890801866263,1,1,1,0,0.49792890801866263,0.7432986136184341,3.3078319309285575,5
R_5L0xQQar3o8Bvr3,0,counterfactual,feature contribution,3,13,1.0,2.2465241566807475,0.10576621318040048,2,0,1,0,0.5253905663928949,0.7011563484762927,5.025234682600436,10,2.2465241566807475,0.10576621318040048,2,0,1,0,0.5253905663928949,0.7011563484762927,5.025234682600436,10
R_5L0xQQar3o8Bvr3,0,counterfactual,feature contribution,3,18,1.0,0.6972979671305517,0.49792890801866263,1,1,1,0,0.49792890801866263,0.7432986136184341,3.3078319309285575,5,0.6972979671305517,0.49792890801866263,1,1,1,0,0.49792890801866263,0.7432986136184341,3.3078319309285575,5
R_5L0xQQar3o8Bvr3,0,counterfactual,feature contribution,4,4,1.0,0.6436133569872577,0.5253905663928949,1,1,1,0,0.5253905663928949,0.7011563484762927,5.025234682600436,10,0.6436133569872577,0.5253905663928949,1,1,1,0,0.5253905663928949,0.7011563484762927,5.025234682600436,10
R_5L0xQQar3o8Bvr3,0,counterfactual,feature contribution,4,9,1.0,0.6972979671305517,0.49792890801866263,1,1,1,0,0.49792890801866263,0.7432986136184341,3.3078319309285575,5,0.6972979671305517,0.49792890801866263,1,1,1,0,0.49792890801866263,0.7432986136184341,3.3078319309285575,5
R_5L0xQQar3o8Bvr3,0,counterfactual,feature contribution,4,14,1.0,2.2465241566807475,0.10576621318040048,2,0,1,0,0.5253905663928949,0.7011563484762927,5.025234682600436,10,2.2465241566807475,0.10576621318040048,2,0,1,0,0.5253905663928949,0.7011563484762927,5.025234682600436,10
R_5L0xQQar3o8Bvr3,0,counterfactual,feature contribution,4,19,1.0,2.2465241566807475,0.10576621318040048,2,0,1,0,0.5253905663928949,0.7011563484762927,5.025234682600436,10,2.2465241566807475,0.10576621318040048,2,0,1,0,0.5253905663928949,0.7011563484762927,5.025234682600436,10
R_5cuU4NG0z68t0DW,1,counterfactual,feature contribution,0,0,1.0,1.3710751926828268,0.25383389243542337,2,0,1,0,0.5169557226581828,0.8101519147736784,3.0743977582489794,4,1.3710751926828268,0.25383389243542337,2,0,1,0,0.5169557226581828,0.8101519147736784,3.0743977582489794,4
R_5cuU4NG0z68t0DW,1,counterfactual,feature contribution,0,5,1.0,3.0501712865046673,0.04735081314121081,4,0,0,0,0.7254456478846647,0.6274417212737381,2.3864786711556607,4,3.0501712865046673,0.04735081314121081,4,0,0,0,0.7254456478846647,0.6274417212737381,2.3864786711556607,4
R_5cuU4NG0z68t0DW,1,counterfactual,feature contribution,0,10,1.0,0.6364211342278971,0.5291829137379498,1,1,1,0,0.5291829137379498,0.7255826235573372,3.6695518264142457,6,0.6364211342278971,0.5291829137379498,1,1,1,0,0.5291829137379498,0.7255826235573372,3.6695518264142457,6
R_5cuU4NG0z68t0DW,1,counterfactual,feature contribution,0,15,1.0,0.6377446769496218,0.5284829808417326,1,1,1,0,0.5284829808417326,0.7282901270283934,3.6873967875174034,6,0.6377446769496218,0.5284829808417326,1,1,1,0,0.5284829808417326,0.7282901270283934,3.6873967875174034,6
R_5cuU4NG0z68t0DW,1,counterfactual,feature contribution,1,1,0.75,1.1527081491322502,0.3157804298577578,2,0,1,0,0.4280259522876051,0.7573378346989692,3.8843949696605384,6,1.2236471612242423,0.294155376066139,2,0,1,0,0.36952213461059347,0.838885720374346,4.495520394503478,6
R_5cuU4NG0z68t0DW,1,counterfactual,feature contribution,1,6,0.75,0.5780591047613608,0.5609861259111857,1,1,1,0,0.5609861259111857,0.7121058232701472,3.582003755006142,6,0.7793269268372559,0.45871465594763444,1,1,1,0,0.45871465594763444,0.820113155744525,4.346824213643843,6
R_5cuU4NG0z68t0DW,1,counterfactual,feature contribution,1,11,0.75,1.15035511571152,0.3165243466501219,2,0,1,0,0.3227368053022127,0.7813149283168819,4.054909711132897,6,1.2289707778878267,0.29259356653065277,2,0,1,0,0.2968901599959426,0.8489155718701292,4.577040061749844,6
R_5cuU4NG0z68t0DW,1,counterfactual,feature contribution,1,16,0.75,0.4510938034133449,0.636931093065096,1,1,1,0,0.636931093065096,0.6647790181262343,3.2907782951367386,6,0.6697896370324423,0.5118162336444962,1,1,1,0,0.5118162336444962,0.7994980757137576,4.1891935606720185,6
R_5cuU4NG0z68t0DW,1,counterfactual,feature contribution,2,2,1.0,1.4187522621355528,0.2420158008627743,2,0,1,0,0.6324280842227693,0.7052141108882156,2.6581605082171818,4,1.4187522621355528,0.2420158008627743,2,0,1,0,0.6324280842227693,0.7052141108882156,2.6581605082171818,4
R_5cuU4NG0z68t0DW,1,counterfactual,feature contribution,2,7,1.0,0.655391387301938,0.5192387993395808,1,1,1,0,0.5192387993395808,0.7337181369681126,3.7234342193251893,6,0.655391387301938,0.5192387993395808,1,1,1,0,0.5192387993395808,0.7337181369681126,3.7234342193251893,6
R_5cuU4NG0z68t0DW,1,counterfactual,feature contribution,2,12,1.0,1.3063143469193501,0.2708163543833038,2,0,1,0,0.3708833624850826,0.7777167102980114,4.028851227264874,6,1.3063143469193501,0.2708163543833038,2,0,1,0,0.3708833624850826,0.7777167102980114,4.028851227264874,6
R_5cuU4NG0z68t0DW,1,counterfactual,feature contribution,2,17,1.0,1.34755836867192,0.25987400315572584,3,0,1,0,0.37192041448342167,0.777485952830216,4.027185795190259,6,1.34755836867192,0.25987400315572584,3,0,1,0,0.37192041448342167,0.777485952830216,4.027185795190259,6
R_5cuU4NG0z68t0DW,1,counterfactual,feature contribution,3,3,1.0,0.575525415607656,0.5624092925433714,1,1,1,0,0.5624092925433714,0.7828397017212478,2.960168712437989,4,0.575525415607656,0.5624092925433714,1,1,1,0,0.5624092925433714,0.7828397017212478,2.960168712437989,4
R_5cuU4NG0z68t0DW,1,counterfactual,feature contribution,3,8,1.0,0.40542962197674515,0.666690324507373,1,1,1,0,0.666690324507373,0.6915777188964416,2.6083824858145386,4,0.40542962197674515,0.666690324507373,1,1,1,0,0.666690324507373,0.6915777188964416,2.6083824858145386,4
R_5cuU4NG0z68t0DW,1,counterfactual,feature contribution,3,13,1.0,0.6277951028016167,0.5337674067454447,1,1,1,0,0.5337674067454447,0.7259525570195028,3.671984928276709,6,0.6277951028016167,0.5337674067454447,1,1,1,0,0.5337674067454447,0.7259525570195028,3.671984928276709,6
R_5cuU4NG0z68t0DW,1,counterfactual,feature contribution,3,18,1.0,2.417068845133359,0.08918264285719762,3,0,1,0,0.6280712170393107,0.6710176891324455,3.327769629049484,6,2.417068845133359,0.08918264285719762,3,0,1,0,0.6280712170393107,0.6710176891324455,3.327769629049484,6
R_5cuU4NG0z68t0DW,1,counterfactual,feature contribution,4,4,1.5,2.9295274693428586,0.0534222758450451,4,0,0,0,0.39420926373236415,0.7641786021016796,3.9322990172115784,6,3.761768766776894,0.02324259326902449,4,0,0,0,0.46589842559166883,0.6387527247595945,3.1408430246790613,6
R_5cuU4NG0z68t0DW,1,counterfactual,feature contribution,4,9,1.5,0.9445188369573106,0.3888666341470704,1,1,1,0,0.3888666341470704,0.849294137247614,3.2458318755318634,4,0.8499578718209454,0.4274329385408002,1,1,1,0,0.4274329385408002,0.7811484249878697,2.9532364089145196,4
R_5cuU4NG0z68t0DW,1,counterfactual,feature contribution,4,14,1.5,3.167012939482654,0.0421292527682422,5,0,0,0,0.5276003131161208,0.7294555159096561,3.695104472471752,6,4.171950880197196,0.015422144001656778,5,0,0,0,0.683481378190251,0.5410783634534364,2.6365790996765464,6
R_5cuU4NG0z68t0DW,1,counterfactual,feature contribution,4,19,1.5,0.9033634463398726,0.40520448164527073,2,0,1,0,0.47488754252744164,0.7622678405274647,2.876941092350362,4,0.8683005222587301,0.4196641534362209,2,0,1,0,0.5324473624858514,0.6335915390168757,2.4069114697405056,4
R_5faag2PFpaGyI6V,1,counterfactual,weighted examples,0,0,1.5,0.3388943896894428,0.7125576985553964,1,1,1,0,0.7125576985553964,0.6101207606020365,2.669660960534203,5,0.12520835131024813,0.8823130523520355,1,1,1,0,0.8823130523520355,0.3181164809030048,1.6686062963898443,5
R_5faag2PFpaGyI6V,1,counterfactual,weighted examples,0,5,1.5,1.7762917064998085,0.16926466795733153,2,0,1,0,0.4409284296478704,0.7343391702285057,5.4242434125150725,10,1.9170255920459285,0.147043680211526,2,0,1,0,0.618228533900296,0.5421555956776609,3.484621370016269,10
R_5faag2PFpaGyI6V,1,counterfactual,weighted examples,0,10,1.5,2.2339933721697527,0.10709988533437616,4,0,0,0,0.4565006312650827,0.7290048016195155,5.358025813876168,10,2.615429608950004,0.07313636191020399,4,0,0,0,0.6435938980585514,0.524784927819076,3.347995979713742,10
R_5faag2PFpaGyI6V,1,counterfactual,weighted examples,0,15,1.5,0.7222519522760213,0.4856573464140429,1,1,1,0,0.4856573464140429,0.7687885265228008,3.4463558631001567,5,0.5201520885599538,0.5944301350717487,1,1,1,0,0.5944301350717487,0.6158191008370992,2.694257370382873,5
R_5faag2PFpaGyI6V,1,counterfactual,weighted examples,1,1,1.0,0.3847319417107433,0.6806330610872109,1,1,1,0,0.6806330610872109,0.6475928541796485,2.835619668752242,5,0.3847319417107433,0.6806330610872109,1,1,1,0,0.6806330610872109,0.6475928541796485,2.835619668752242,5
R_5faag2PFpaGyI6V,1,counterfactual,weighted examples,1,6,1.0,1.6867705736527003,0.18511637943698492,2,0,1,0,0.5356017114437384,0.7700566044400262,3.4533966878796805,5,1.6867705736527003,0.18511637943698492,2,0,1,0,0.5356017114437384,0.7700566044400262,3.4533966878796805,5
R_5faag2PFpaGyI6V,1,counterfactual,weighted examples,1,11,1.0,0.6386602860543079,0.5279993184694276,1,1,1,0,0.5279993184694276,0.7443801448395369,3.3135947469830938,5,0.6386602860543079,0.5279993184694276,1,1,1,0,0.5279993184694276,0.7443801448395369,3.3135947469830938,5
R_5faag2PFpaGyI6V,1,counterfactual,weighted examples,1,16,1.0,0.552946907299861,0.5752520955054189,1,1,1,0,0.5752520955054189,0.7527086013330117,3.358309626391097,5,0.552946907299861,0.5752520955054189,1,1,1,0,0.5752520955054189,0.7527086013330117,3.358309626391097,5
R_5faag2PFpaGyI6V,1,counterfactual,weighted examples,2,2,1.5,2.235408250499003,0.10694845917760663,4,0,0,0,0.26651897654383505,0.8065360706032857,6.4052497856797315,10,2.483828087785831,0.08342326198827803,4,0,0,0,0.32818412903776,0.6925287858962021,4.926389953532579,10
R_5faag2PFpaGyI6V,1,counterfactual,weighted examples,2,7,1.5,-0.0,1.0,1,1,1,0,1.0,0.0,1.0,1,-0.0,1.0,1,1,1,0,1.0,0.0,1.0,1
R_5faag2PFpaGyI6V,1,counterfactual,weighted examples,2,12,1.5,1.5278279838467272,0.21700649742337533,2,0,1,0,0.2692358623475994,0.8162082872811377,6.549502123454233,10,1.4052903646307076,0.24529582088083737,2,0,1,0,0.3389849402459738,0.7142754917409503,5.179352764745009,10
R_5faag2PFpaGyI6V,1,counterfactual,weighted examples,2,17,1.5,0.9409958000924373,0.3902390417364528,1,1,1,0,0.3902390417364528,0.8206768880433363,3.7465240775334054,5,0.7875964844331174,0.4549369302687244,1,1,1,0,0.4549369302687244,0.7215574342863369,3.1940889252203153,5
R_5faag2PFpaGyI6V,1,counterfactual,weighted examples,3,3,1.0,0.9309972108576293,0.39416045324043003,1,1,1,0,0.39416045324043003,0.7461407266535721,5.57366325923913,10,0.9309972108576293,0.39416045324043003,1,1,1,0,0.39416045324043003,0.7461407266535721,5.57366325923913,10
R_5faag2PFpaGyI6V,1,counterfactual,weighted examples,3,8,1.0,1.2296460159105163,0.2923960629178157,1,1,1,0,0.2923960629178157,0.7632347570432697,5.797419901569889,10,1.2296460159105163,0.2923960629178157,1,1,1,0,0.2923960629178157,0.7632347570432697,5.797419901569889,10
R_5faag2PFpaGyI6V,1,counterfactual,weighted examples,3,13,1.0,1.7546651604042767,0.17296514817687356,2,0,1,0,0.43249586182252364,0.7456706852532282,5.5676340892699585,10,1.7546651604042767,0.17296514817687356,2,0,1,0,0.43249586182252364,0.7456706852532282,5.5676340892699585,10
R_5faag2PFpaGyI6V,1,counterfactual,weighted examples,3,18,1.0,0.7230600853245019,0.48526502920577025,1,1,1,0,0.48526502920577025,0.7686429421768949,3.4455484456185115,5,0.7230600853245019,0.48526502920577025,1,1,1,0,0.48526502920577025,0.7686429421768949,3.4455484456185115,5
R_5faag2PFpaGyI6V,1,counterfactual,weighted examples,4,4,1.5,1.7000536580731849,0.18267372186981684,2,0,1,0,0.36015282438602253,0.7569191889846364,5.71372309111974,10,1.7517500698967987,0.1734700928606011,2,0,1,0,0.48022054064153674,0.6187518615036341,4.156730436810252,10
R_5faag2PFpaGyI6V,1,counterfactual,weighted examples,4,9,1.5,3.3010479784389437,0.03684453488360202,7,0,0,0,0.30874020230576343,0.7671292057786004,5.849640893459513,10,4.146083563777116,0.015826277875632642,7,0,0,0,0.3838918972646665,0.6179683921352291,4.149238434618182,10
R_5faag2PFpaGyI6V,1,counterfactual,weighted examples,4,14,1.5,1.4324821464140474,0.23871565904820805,2,0,1,0,0.2966532150824095,0.7658904556856974,5.832979574950993,10,1.3342756712071848,0.26334885754950466,2,0,1,0,0.3648242222982168,0.6409172327236784,4.374387307106464,10
R_5faag2PFpaGyI6V,1,counterfactual,weighted examples,4,19,1.5,1.9453420818243228,0.14293831837310528,2,0,1,0,0.5001206766738372,0.7134452096528333,5.169460362338756,10,2.218001698491893,0.10882635956486371,2,0,1,0,0.7122350039825185,0.47277267355369257,2.970110954397129,10
R_5gkJQXcSCkjRBmu,1,none,weighted examples,0,0,1.0,0.8877895935904933,0.4115644728106581,1,1,1,0,0.4115644728106581,0.7522525534683965,3.8491626684372062,6,0.8877895935904933,0.4115644728106581,1,1,1,0,0.4115644728106581,0.7522525534683965,3.8491626684372062,6
R_5gkJQXcSCkjRBmu,1,none,weighted examples,0,5,1.0,3.0390868011533483,0.047878592211712714,4,0,0,0,0.7085260447516216,0.6441133760268343,2.442276854046675,4,3.0390868011533483,0.047878592211712714,4,0,0,0,0.7085260447516216,0.6441133760268343,2.442276854046675,4
R_5gkJQXcSCkjRBmu,1,none,weighted examples,0,10,1.0,1.944842929193842,0.14300968422046118,2,0,1,0,0.6800683504899566,0.6796076463416847,2.5654560187214774,4,1.944842929193842,0.14300968422046118,2,0,1,0,0.6800683504899566,0.6796076463416847,2.5654560187214774,4
R_5gkJQXcSCkjRBmu,1,none,weighted examples,0,15,1.0,0.47492460999415326,0.6219319421503968,1,1,1,0,0.6219319421503968,0.7173161484714142,2.703132624520958,4,0.47492460999415326,0.6219319421503968,1,1,1,0,0.6219319421503968,0.7173161484714142,2.703132624520958,4
R_5gkJQXcSCkjRBmu,1,none,weighted examples,1,1,0.75,0.3095523485382743,0.7337753583256976,1,1,1,0,0.7337753583256976,0.6178760928449498,2.355041014833124,4,0.47521985072564465,0.6217483496121897,1,1,1,0,0.6217483496121897,0.768640220738704,2.902468563628418,4
R_5gkJQXcSCkjRBmu,1,none,weighted examples,1,6,0.75,0.7739856673350509,0.46117132497537555,1,1,1,0,0.46117132497537555,0.7562890940793083,3.8771026918533513,6,0.9393730393863932,0.39087282041583543,1,1,1,0,0.39087282041583543,0.8386665946799841,4.493755707317275,6
R_5gkJQXcSCkjRBmu,1,none,weighted examples,1,11,0.75,0.39806564340293366,0.6716179389279758,1,1,1,0,0.6716179389279758,0.6881951721482975,2.596179876989838,4,0.5602680378640419,0.571055978708643,1,1,1,0,0.571055978708643,0.8087769890297037,3.068543377998481,4
R_5gkJQXcSCkjRBmu,1,none,weighted examples,1,16,0.75,2.4933758292837047,0.0826305485811796,4,0,0,0,0.5290332048287456,0.7248119820929194,3.664488390666829,6,2.219551946312953,0.10865778243999596,4,0,0,0,0.4373383468486632,0.8253578352850216,4.387864739617522,6
R_5gkJQXcSCkjRBmu,1,none,weighted examples,2,2,0.75,0.7618330595379479,0.4668099518301201,1,1,1,0,0.4668099518301201,0.7543252390795763,3.8634840886215858,6,0.9296810074765094,0.39467959013160886,1,1,1,0,0.39467959013160886,0.837854280128987,4.487219927889607,6
R_5gkJQXcSCkjRBmu,1,none,weighted examples,2,7,0.75,2.533698834695969,0.07936491898916707,4,0,0,0,0.5270049402522949,0.7258041145226463,3.671008408383507,6,2.2500903325926607,0.10538970400665992,4,0,0,0,0.43595108874013366,0.8257797721691393,4.3911832608982575,6
R_5gkJQXcSCkjRBmu,1,none,weighted examples,2,12,0.75,0.7096602397188785,0.4918112670118978,1,1,1,0,0.4918112670118978,0.7712846838256179,2.9131285536089373,4,0.8141040137244288,0.4430361038502952,1,1,1,0,0.4430361038502952,0.8483905958702256,3.241768775087717,4
R_5gkJQXcSCkjRBmu,1,none,weighted examples,2,17,0.75,0.4955731789842205,0.6092216141761556,1,1,1,0,0.6092216141761556,0.7441377249658273,2.8055341033261176,4,0.6477750638435442,0.523208588396189,1,1,1,0,0.523208588396189,0.83883799214537,3.1991219400045736,4
R_5gkJQXcSCkjRBmu,1,none,weighted examples,3,3,0.75,0.657045973389942,0.5183803844023851,1,1,1,0,0.5183803844023851,0.7947186783788079,3.009319647596604,4,0.7813957003009336,0.4577666601723662,1,1,1,0,0.4577666601723662,0.8641046766736076,3.3131633924830752,4
R_5gkJQXcSCkjRBmu,1,none,weighted examples,3,8,0.75,0.7563327006203117,0.46938464849817435,1,1,1,0,0.46938464849817435,0.7727952268892135,2.919235203419509,4,0.849399715899781,0.427671579359545,1,1,1,0,0.427671579359545,0.8488010123222632,3.243613730210381,4
R_5gkJQXcSCkjRBmu,1,none,weighted examples,3,13,0.75,0.4671633666265325,0.6267776874916036,1,1,1,0,0.6267776874916036,0.7290845638885596,2.747594549703045,4,0.6226110329409491,0.5365416790690151,1,1,1,0,0.5365416790690151,0.830786677387192,3.1636134975037358,4
R_5gkJQXcSCkjRBmu,1,none,weighted examples,3,18,0.75,0.6403112741452055,0.5271283170869325,1,1,1,0,0.5271283170869325,0.7969274751492049,3.018548434534796,4,0.7695603037089231,0.4632166982044583,1,1,1,0,0.4632166982044583,0.8659134479628983,3.3214815391731984,4
R_5gkJQXcSCkjRBmu,1,none,weighted examples,4,4,1.0,1.007714368373657,0.36505240207573897,2,0,1,0,0.397212828746086,0.755001296149389,3.8681668848398614,6,1.007714368373657,0.36505240207573897,2,0,1,0,0.397212828746086,0.755001296149389,3.8681668848398614,6
R_5gkJQXcSCkjRBmu,1,none,weighted examples,4,9,1.0,2.4079894395489685,0.08999605530571168,3,0,1,0,0.6378215667088188,0.6641372891737166,3.2869966540407307,6,2.4079894395489685,0.08999605530571168,3,0,1,0,0.6378215667088188,0.6641372891737166,3.2869966540407307,6
R_5gkJQXcSCkjRBmu,1,none,weighted examples,4,14,1.0,0.7847678479721517,0.45622560319148775,1,1,1,0,0.45622560319148775,0.7524669258779961,3.8506414304059757,6,0.7847678479721517,0.45622560319148775,1,1,1,0,0.45622560319148775,0.7524669258779961,3.8506414304059757,6
R_5gkJQXcSCkjRBmu,1,none,weighted examples,4,19,1.0,2.4555741688491466,0.08581390961960204,2,0,1,0,0.7664088576319201,0.5759068457790204,2.2219305005184737,4,2.4555741688491466,0.08581390961960204,2,0,1,0,0.7664088576319201,0.5759068457790204,2.2219305005184737,4
R_5tEkygPCjFKzz2T,1,counterfactual,weighted examples,0,0,1.0,2.5433677185729304,0.07860124668244678,6,0,0,0,0.24344061283579288,0.8184267154077759,6.583043356572615,10,2.5433677185729304,0.07860124668244678,6,0,0,0,0.24344061283579288,0.8184267154077759,6.583043356572615,10
R_5tEkygPCjFKzz2T,1,counterfactual,weighted examples,0,5,1.0,1.6692160586033038,0.18839469816637172,3,0,1,0,0.3830045074140806,0.7616212719893155,5.775921364911667,10,1.6692160586033038,0.18839469816637172,3,0,1,0,0.3830045074140806,0.7616212719893155,5.775921364911667,10
R_5tEkygPCjFKzz2T,1,counterfactual,weighted examples,0,10,1.0,2.500066764569662,0.08207951843723313,4,0,0,0,0.505261783746309,0.7097667064841908,5.125859600332206,10,2.500066764569662,0.08207951843723313,4,0,0,0,0.505261783746309,0.7097667064841908,5.125859600332206,10
R_5tEkygPCjFKzz2T,1,counterfactual,weighted examples,0,15,1.0,2.787804623515295,0.06155620472730098,5,0,0,0,0.44925957321422677,0.7392600980766586,5.486054252206702,10,2.787804623515295,0.06155620472730098,5,0,0,0,0.44925957321422677,0.7392600980766586,5.486054252206702,10
R_5tEkygPCjFKzz2T,1,counterfactual,weighted examples,1,1,0.75,1.784058505168121,0.1679551154579745,3,0,1,0,0.4185495127407479,0.7422096553856453,5.523440186546962,10,1.7950599038748984,0.16611750096677655,3,0,1,0,0.3294811648399078,0.8361524294237808,6.8572886251564835,10
R_5tEkygPCjFKzz2T,1,counterfactual,weighted examples,1,6,0.75,1.174559292459926,0.30895510853518776,2,0,1,0,0.30896864302961424,0.7691729309045472,5.877233303928127,10,1.3497130558166655,0.2593146588043189,2,0,1,0,0.25932317866729154,0.8514821495256591,7.103659717730002,10
R_5tEkygPCjFKzz2T,1,counterfactual,weighted examples,1,11,0.75,1.557366584525912,0.21069017605625856,3,0,1,0,0.2676701315955908,0.8063665293203637,6.402749771588475,10,1.6524212747904592,0.1915854655175919,3,0,1,0,0.2292605227738636,0.8708013348491063,7.426793264130806,10
R_5tEkygPCjFKzz2T,1,counterfactual,weighted examples,1,16,0.75,3.1619803628271,0.04234180585849184,6,0,0,0,0.4271249496800553,0.742825491131183,5.531278058999157,10,2.8301160621954464,0.059006004905540387,6,0,0,0,0.3339914768169218,0.8400733390157168,6.919478098125172,10
R_5tEkygPCjFKzz2T,1,counterfactual,weighted examples,2,2,1.0,2.483286182257483,0.08346848176645959,5,0,0,0,0.31821217741389646,0.7984739872922104,6.287441934304645,10,2.483286182257483,0.08346848176645959,5,0,0,0,0.31821217741389646,0.7984739872922104,6.287441934304645,10
R_5tEkygPCjFKzz2T,1,counterfactual,weighted examples,2,7,1.0,2.5296112646286066,0.07968999258435765,5,0,0,0,0.4373358357958818,0.751303408691207,5.640315643863438,10,2.5296112646286066,0.07968999258435765,5,0,0,0,0.4373358357958818,0.751303408691207,5.640315643863438,10
R_5tEkygPCjFKzz2T,1,counterfactual,weighted examples,2,12,1.0,3.3256204721347555,0.035950205730946386,7,0,0,0,0.43221506510671154,0.7416075989207885,5.515788422405801,10,3.3256204721347555,0.035950205730946386,7,0,0,0,0.43221506510671154,0.7416075989207885,5.515788422405801,10
R_5tEkygPCjFKzz2T,1,counterfactual,weighted examples,2,17,1.0,3.519410988881715,0.029616874699835764,7,0,0,0,0.2692358623475994,0.8162082872811377,6.549502123454233,10,3.519410988881715,0.029616874699835764,7,0,0,0,0.2692358623475994,0.8162082872811377,6.549502123454233,10
R_5tEkygPCjFKzz2T,1,counterfactual,weighted examples,3,3,0.75,1.2614549589070907,0.28324162163619904,1,1,1,0,0.28324162163619904,0.7965653195640784,6.259870077003122,10,1.4260894879066885,0.2402465748342334,1,1,1,0,0.2402465748342334,0.8649319351172646,7.3270969007849205,10
R_5tEkygPCjFKzz2T,1,counterfactual,weighted examples,3,8,0.75,2.3995878827256276,0.09075534742991516,4,0,0,0,0.24227165079888843,0.8163206177066888,6.551196373658087,10,2.288084621352326,0.1014606113481858,4,0,0,0,0.21189477897191233,0.875463001952659,7.506940989004735,10
R_5tEkygPCjFKzz2T,1,counterfactual,weighted examples,3,13,0.75,0.6924981720657231,0.500324609572902,1,1,1,0,0.500324609572902,0.7125030944463582,5.158258404349301,10,0.9661578885780596,0.3805423189386058,1,1,1,0,0.3805423189386058,0.8264519926902418,6.705821558394785,10
R_5tEkygPCjFKzz2T,1,counterfactual,weighted examples,3,18,0.75,1.0500057356018075,0.349935742013325,1,1,1,0,0.349935742013325,0.7842799619357878,6.085271534870072,10,1.2627950103698402,0.2828623174871147,1,1,1,0,0.2828623174871147,0.8596526542535254,7.238567928031178,10
R_5tEkygPCjFKzz2T,1,counterfactual,weighted examples,4,4,0.75,0.33581958228306164,0.714752048116668,1,1,1,0,0.714752048116668,0.6055538335052189,2.65011039511157,5,0.5314678488544984,0.5877416203360453,1,1,1,0,0.5877416203360453,0.7667324054934113,3.4349700346285226,5
R_5tEkygPCjFKzz2T,1,counterfactual,weighted examples,4,9,0.75,1.6541989223492752,0.1912451966112103,3,0,1,0,0.3050050877262933,0.809691417740322,6.45195630817895,10,1.7264967156026096,0.17790657685467473,3,0,1,0,0.25248141424567155,0.8725946532381152,7.457523889137421,10
R_5tEkygPCjFKzz2T,1,counterfactual,weighted examples,4,14,0.75,1.3170939678467064,0.26791273481795574,2,0,1,0,0.3057429352669309,0.7832936450942072,6.07146708721115,10,1.4623129107404826,0.2316997536574611,2,0,1,0,0.25582788289845876,0.8581995250728912,7.214388489886516,10
R_5tEkygPCjFKzz2T,1,counterfactual,weighted examples,4,19,0.75,1.407904765044456,0.24465535696460183,2,0,1,0,0.25965889121390445,0.8170563750065242,6.5623044489975655,10,1.5447166019903948,0.21337233194946506,2,0,1,0,0.22311278392548217,0.8760593208333564,7.5172556615319674,10
R_60Vourt3Kluat5u,1,attribution,feature contribution,0,0,0.0,2.7731827285079165,0.06246288563241634,4,0,0,0,0.5916213172393423,0.6949090064795018,3.473316122850908,6,1.791759469228055,0.16666666666666666,1,1,1,0,0.16666666666666666,0.9999999999999999,5.999999999999998,6
R_60Vourt3Kluat5u,1,attribution,feature contribution,0,5,0.0,2.9972346995046775,0.049924935106308035,5,0,0,0,0.601281774663402,0.688448198860752,3.4333401066690117,6,1.791759469228055,0.16666666666666666,1,1,1,0,0.16666666666666666,0.9999999999999999,5.999999999999998,6
R_60Vourt3Kluat5u,1,attribution,feature contribution,0,10,0.0,3.7309834152091397,0.023969252515036205,5,0,0,0,0.39338564544941346,0.7563432260700181,3.87747875612323,6,1.791759469228055,0.16666666666666666,1,1,1,0,0.16666666666666666,0.9999999999999999,5.999999999999998,6
R_60Vourt3Kluat5u,1,attribution,feature contribution,0,15,0.0,1.0426616681755803,0.3525151537910848,2,0,1,0,0.5125258304879649,0.7682684698692029,2.900973144019962,4,1.3862943611198906,0.25,1,1,1,0,0.25,1.0,4.0,4
R_60Vourt3Kluat5u,1,attribution,feature contribution,1,1,0.0,0.7149493381020501,0.4892168958249749,1,1,1,0,0.4892168958249749,0.8268436925945283,3.146367927133322,4,1.3862943611198906,0.25,1,1,1,0,0.25,1.0,4.0,4
R_60Vourt3Kluat5u,1,attribution,feature contribution,1,6,0.0,2.4133050129973785,0.08951894384757735,4,0,0,0,0.5265813045952239,0.725595237454477,3.669634763147863,6,1.791759469228055,0.16666666666666666,1,1,1,0,0.16666666666666666,0.9999999999999999,5.999999999999998,6
R_60Vourt3Kluat5u,1,attribution,feature contribution,1,11,0.0,4.2587157067484185,0.014140451239561114,6,0,0,0,0.5726201422254933,0.7059479980247643,3.542699510931188,6,1.791759469228055,0.16666666666666666,1,1,1,0,0.16666666666666666,0.9999999999999999,5.999999999999998,6
R_60Vourt3Kluat5u,1,attribution,feature contribution,1,16,0.0,3.9296257656338915,0.019651025266144376,6,0,0,0,0.4406582207569123,0.7491168030598331,3.827596748521525,6,1.791759469228055,0.16666666666666666,1,1,1,0,0.16666666666666666,0.9999999999999999,5.999999999999998,6
R_60Vourt3Kluat5u,1,attribution,feature contribution,2,2,0.0,0.8730765846138849,0.41766459009175816,1,1,1,0,0.41766459009175816,0.7547612850898341,3.866503767904124,6,1.791759469228055,0.16666666666666666,1,1,1,0,0.16666666666666666,0.9999999999999999,5.999999999999998,6
R_60Vourt3Kluat5u,1,attribution,feature contribution,2,7,0.0,0.3496013128449505,0.7049690958214403,1,1,1,0,0.7049690958214403,0.6466235418077836,2.4507903632433137,4,1.3862943611198906,0.25,1,1,1,0,0.25,1.0,4.0,4
R_60Vourt3Kluat5u,1,attribution,feature contribution,2,12,0.0,3.9747263143481057,0.01878444182344112,6,0,0,0,0.46315173138383164,0.7515070074724558,3.8440242392716573,6,1.791759469228055,0.16666666666666666,1,1,1,0,0.16666666666666666,0.9999999999999999,5.999999999999998,6
R_60Vourt3Kluat5u,1,attribution,feature contribution,2,17,0.0,3.364980538479081,0.03456268875394903,4,0,0,0,0.542962609587244,0.7950332642387923,3.01063232400039,4,1.3862943611198906,0.25,1,1,1,0,0.25,1.0,4.0,4
R_60Vourt3Kluat5u,1,attribution,feature contribution,3,3,0.0,0.8792909644595832,0.41507711179436385,1,1,1,0,0.41507711179436385,0.760413018564573,3.905857019904685,6,1.791759469228055,0.16666666666666666,1,1,1,0,0.16666666666666666,0.9999999999999999,5.999999999999998,6
R_60Vourt3Kluat5u,1,attribution,feature contribution,3,8,0.0,0.37434759447159227,0.687737816414374,1,1,1,0,0.687737816414374,0.6652092004725315,2.5147559563127113,4,1.3862943611198906,0.25,1,1,1,0,0.25,1.0,4.0,4
R_60Vourt3Kluat5u,1,attribution,feature contribution,3,13,0.0,4.359796778372385,0.012780984758157574,6,0,0,0,0.6101589586880403,0.6828867211561057,3.399297351841148,6,1.791759469228055,0.16666666666666666,1,1,1,0,0.16666666666666666,0.9999999999999999,5.999999999999998,6
R_60Vourt3Kluat5u,1,attribution,feature contribution,3,18,0.0,3.4345600911160155,0.03223958959475304,4,0,0,0,0.36490307687588047,0.8642155949835737,3.3136728816389027,4,1.3862943611198906,0.25,1,1,1,0,0.25,1.0,4.0,4
R_60Vourt3Kluat5u,1,attribution,feature contribution,4,4,0.0,1.2879432863397002,0.27583751887645386,2,0,1,0,0.43702507492043485,0.76125832139548,3.9117772324816427,6,1.791759469228055,0.16666666666666666,1,1,1,0,0.16666666666666666,0.9999999999999999,5.999999999999998,6
R_60Vourt3Kluat5u,1,attribution,feature contribution,4,9,0.0,-0.0,1.0,1,1,1,0,1.0,0.0,1.0,1,-0.0,1.0,1,1,1,0,1.0,0.0,1.0,1
R_60Vourt3Kluat5u,1,attribution,feature contribution,4,14,0.0,4.116518525978275,0.016301167858450885,6,0,0,0,0.5161002104368417,0.730318646500956,3.700823455474078,6,1.791759469228055,0.16666666666666666,1,1,1,0,0.16666666666666666,0.9999999999999999,5.999999999999998,6
R_60Vourt3Kluat5u,1,attribution,feature contribution,4,19,0.0,2.52511920765745,0.08004876979160419,4,0,0,0,0.5500680896126897,0.7158757856247132,3.6062816140042013,6,1.791759469228055,0.16666666666666666,1,1,1,0,0.16666666666666666,0.9999999999999999,5.999999999999998,6
R_61hCu6g2tcWoJo7,1,attribution,feature contribution,0,0,0.5,1.2914177557592403,0.27488079287243894,2,0,1,0,0.5461422226017221,0.7816699299670548,2.9553722509425486,4,1.2509297745392598,0.28623853579525466,2,0,1,0,0.4034677077798422,0.9272044401054761,3.616035597502536,4
R_61hCu6g2tcWoJo7,1,attribution,feature contribution,0,5,0.5,0.8792909644595832,0.41507711179436385,1,1,1,0,0.41507711179436385,0.760413018564573,3.905857019904685,6,1.2083415823699866,0.29869222535540085,1,1,1,0,0.29869222535540085,0.9181787876928099,5.181815809876421,6
R_61hCu6g2tcWoJo7,1,attribution,feature contribution,0,10,0.5,0.5510825885001113,0.5763255491206273,1,1,1,0,0.5763255491206273,0.7590123235826265,2.8639864106521054,4,0.8734051460434769,0.4175273841584708,1,1,1,0,0.4175273841584708,0.9227438947460636,3.593744366732111,4
R_61hCu6g2tcWoJo7,1,attribution,feature contribution,0,15,0.5,1.6722431419161277,0.18782527400133556,3,0,1,0,0.542962609587244,0.7950332642387923,3.01063232400039,4,1.4461940489378444,0.23546475219450339,3,0,1,0,0.40034448573577724,0.9304699082682799,3.6324421367764494,4
R_61hCu6g2tcWoJo7,1,attribution,feature contribution,1,1,0.25,1.5184068095482612,0.21906061436301608,2,0,1,0,0.5453796557720496,0.7179447755167047,3.619675387714584,6,1.6130725072942858,0.19927440045692874,2,0,1,0,0.2503140166793963,0.9771977147537064,5.759802919270252,6
R_61hCu6g2tcWoJo7,1,attribution,feature contribution,1,6,0.25,0.6413495346480841,0.5265813045952239,1,1,1,0,0.5265813045952239,0.725595237454477,3.669634763147863,6,1.395271129977569,0.24776585051009917,1,1,1,0,0.24776585051009917,0.9772536365902528,5.760380071683247,6
R_61hCu6g2tcWoJo7,1,attribution,feature contribution,1,11,0.25,0.7697005650102762,0.46315173138383164,1,1,1,0,0.46315173138383164,0.7515070074724558,3.8440242392716573,6,1.432372286173706,0.23874188584849923,1,1,1,0,0.23874188584849923,0.9774493741622657,5.762400675660223,6
R_61hCu6g2tcWoJo7,1,attribution,feature contribution,1,16,0.25,1.6421811838376816,0.19355739725863427,2,0,1,0,0.6254122287450504,0.7309718175092498,2.7547924630489264,4,1.3692904940791837,0.25428731391880305,2,0,1,0,0.34092892030225563,0.9782527690204342,3.8812074258059175,4
R_61hCu6g2tcWoJo7,1,attribution,feature contribution,2,2,0.5,1.165372547572771,0.3118064776454637,2,0,1,0,0.4578344291609527,0.8330650508281685,3.173621555771076,4,1.204250850118523,0.29991659785756863,2,0,1,0,0.36342279039455805,0.9369848373611868,3.6653975316728635,4
R_61hCu6g2tcWoJo7,1,attribution,feature contribution,2,7,0.5,0.7149493381020501,0.4892168958249749,1,1,1,0,0.4892168958249749,0.8268436925945283,3.146367927133322,4,0.9774172853285289,0.37628167315150024,1,1,1,0,0.37628167315150024,0.9362252295732952,3.661539753035791,4
R_61hCu6g2tcWoJo7,1,attribution,feature contribution,2,12,0.5,1.245323274932044,0.2878478390975148,2,0,1,0,0.35728430148383367,0.7792302059579398,4.039791574749411,6,1.39753984556753,0.24720437741459797,2,0,1,0,0.2754112252216895,0.9201502304769682,5.200152169733396,6
R_61hCu6g2tcWoJo7,1,attribution,feature contribution,2,17,0.5,0.9955211368763641,0.3695308182197507,2,0,1,0,0.4814570946133007,0.7861068991029994,2.97360660574979,4,1.1029306293773604,0.33189698997233874,2,0,1,0,0.3788408281253106,0.9262531830563614,3.6112701935961553,4
R_61hCu6g2tcWoJo7,1,attribution,feature contribution,3,3,0.5,0.5483509850353823,0.5779019941184852,1,1,1,0,0.5779019941184852,0.7709531931733379,2.91179015151263,4,0.8767292878635478,0.4161417681876741,1,1,1,0,0.4161417681876741,0.926088960270447,3.610448141349964,4
R_61hCu6g2tcWoJo7,1,attribution,feature contribution,3,8,0.5,2.475613867475444,0.0841113411894187,3,0,1,0,0.6422874154704603,0.700872954646157,2.6422114180945657,4,1.8163336462518127,0.16262088497241992,3,0,1,0,0.44938000789880256,0.9108420456523451,3.5349359902496458,4
R_61hCu6g2tcWoJo7,1,attribution,feature contribution,3,13,0.5,3.2576223143828624,0.03847978215770869,5,0,0,0,0.5500680896126897,0.7158757856247132,3.6062816140042013,6,2.382982398219602,0.09227496602863954,5,0,0,0,0.3488797941114226,0.9136138100316978,5.13960483078749,6
R_61hCu6g2tcWoJo7,1,attribution,feature contribution,3,18,0.5,0.616288999767031,0.539944458271234,1,1,1,0,0.539944458271234,0.7537595055007179,2.8432067489059145,4,0.9023864626042003,0.4056005532797281,1,1,1,0,0.4056005532797281,0.9193396671802595,3.576824503410866,4
R_61hCu6g2tcWoJo7,1,attribution,feature contribution,4,4,0.75,0.8167355104910587,0.44187178839357777,1,1,1,0,0.44187178839357777,0.8199192509534382,3.1163094533655205,4,0.9074217980232242,0.4035633517487032,1,1,1,0,0.4035633517487032,0.8768299973770338,3.372129625155459,4
R_61hCu6g2tcWoJo7,1,attribution,feature contribution,4,9,0.75,3.010887903046967,0.049247931953036506,4,0,0,0,0.7049690958214403,0.6466235418077836,2.4507903632433137,4,2.508672488168702,0.08137619543069818,4,0,0,0,0.5988719087719304,0.7842561949587941,2.9659872374154057,4
R_61hCu6g2tcWoJo7,1,attribution,feature contribution,4,14,0.75,3.302080512995797,0.03680651126183341,5,0,0,0,0.5177382326489727,0.7320002852032056,3.7119911935373926,6,2.828246811407833,0.059116405077342275,5,0,0,0,0.4293853305534925,0.828474359304563,4.412435383987182,6
R_61hCu6g2tcWoJo7,1,attribution,feature contribution,4,19,0.75,2.933639135201397,0.053203072252149604,4,0,0,0,0.6486965143446094,0.6916953010931571,2.6088076960381272,4,2.46210746291102,0.0852550895690355,4,0,0,0,0.556287055793782,0.8075016071021783,3.063122818563607,4
R_6DD4Hjc7DAhjrhU,1,attribution,feature contribution,0,0,1.5,1.1339593578682667,0.3217567808361104,2,0,1,0,0.44506175086930927,0.7484815816850772,3.823242794254619,6,1.0918575493747564,0.33559253466584243,2,0,1,0,0.5459478212723282,0.5979562160964897,2.9194455332452263,6
R_6DD4Hjc7DAhjrhU,1,attribution,feature contribution,0,5,1.5,-0.0,1.0,1,1,1,0,1.0,0.0,1.0,1,-0.0,1.0,1,1,1,0,1.0,0.0,1.0,1
R_6DD4Hjc7DAhjrhU,1,attribution,feature contribution,0,10,1.5,3.367213554534436,0.034485595821957093,4,0,0,0,0.5482225782647859,0.7931539925292714,3.0027991610969105,4,4.544888699723063,0.010621354810199176,4,0,0,0,0.6732226091784026,0.6476133545487603,2.4541555770176067,4
R_6DD4Hjc7DAhjrhU,1,attribution,feature contribution,0,15,1.5,0.5511390565854623,0.576293006039161,1,1,1,0,0.576293006039161,0.735756480174426,2.7731256003045024,4,0.36981906631311623,0.6908593190534206,1,1,1,0,0.6908593190534206,0.5664341882435031,2.19294309605441,4
R_6DD4Hjc7DAhjrhU,1,attribution,feature contribution,1,1,1.0,0.5086916112855372,0.601281774663402,1,1,1,0,0.601281774663402,0.688448198860752,3.4333401066690117,6,0.5086916112855372,0.601281774663402,1,1,1,0,0.601281774663402,0.688448198860752,3.4333401066690117,6
R_6DD4Hjc7DAhjrhU,1,attribution,feature contribution,1,6,1.0,0.39361060947325976,0.6746166944527104,1,1,1,0,0.6746166944527104,0.6818365635881556,2.573395371844293,4,0.39361060947325976,0.6746166944527104,1,1,1,0,0.6746166944527104,0.6818365635881556,2.573395371844293,4
R_6DD4Hjc7DAhjrhU,1,attribution,feature contribution,1,11,1.0,0.461402531454152,0.6303988709447237,1,1,1,0,0.6303988709447237,0.7039382613174703,2.653463166903096,4,0.461402531454152,0.6303988709447237,1,1,1,0,0.6303988709447237,0.7039382613174703,2.653463166903096,4
R_6DD4Hjc7DAhjrhU,1,attribution,feature contribution,1,16,1.0,0.43237261209847333,0.6489675184793973,1,1,1,0,0.6489675184793973,0.691515476923811,2.6081574294268566,4,0.43237261209847333,0.6489675184793973,1,1,1,0,0.6489675184793973,0.691515476923811,2.6081574294268566,4
R_6DD4Hjc7DAhjrhU,1,attribution,feature contribution,2,2,1.0,0.5248885155976772,0.5916213172393423,1,1,1,0,0.5916213172393423,0.6949090064795018,3.473316122850908,6,0.5248885155976772,0.5916213172393423,1,1,1,0,0.5916213172393423,0.6949090064795018,3.473316122850908,6
R_6DD4Hjc7DAhjrhU,1,attribution,feature contribution,2,7,1.0,0.4709102545696148,0.624433615960428,1,1,1,0,0.624433615960428,0.7081826275675267,2.6691220102987177,4,0.4709102545696148,0.624433615960428,1,1,1,0,0.624433615960428,0.7081826275675267,2.6691220102987177,4
R_6DD4Hjc7DAhjrhU,1,attribution,feature contribution,2,12,1.0,0.5690366895604241,0.5660704777372314,1,1,1,0,0.5660704777372314,0.7411233298494675,2.793834690141018,4,0.5690366895604241,0.5660704777372314,1,1,1,0,0.5660704777372314,0.7411233298494675,2.793834690141018,4
R_6DD4Hjc7DAhjrhU,1,attribution,feature contribution,2,17,1.0,0.5250220508585444,0.5915423202069723,1,1,1,0,0.5915423202069723,0.694200507229918,3.4689096836255975,6,0.5250220508585444,0.5915423202069723,1,1,1,0,0.5915423202069723,0.694200507229918,3.4689096836255975,6
R_6DD4Hjc7DAhjrhU,1,attribution,feature contribution,3,3,1.5,1.1719510907011381,0.30976197757387025,2,0,1,0,0.3971205891812267,0.7689529712470989,3.9660822458786544,6,1.118415817386616,0.3267970910385881,2,0,1,0,0.4743726326373281,0.6506389122364439,3.208451532249979,6
R_6DD4Hjc7DAhjrhU,1,attribution,feature contribution,3,8,1.5,1.6828825264601266,0.18583752166540926,2,0,1,0,0.5444152241547862,0.7213546048820371,3.6418578287945156,6,1.9577598899247428,0.1411743129733216,2,0,1,0,0.7078658606452791,0.5205326237170952,2.5412834726170748,6
R_6DD4Hjc7DAhjrhU,1,attribution,feature contribution,3,13,1.5,0.3591089789723805,0.6982982473793681,1,1,1,0,0.6982982473793681,0.6564662886269181,2.4844604523631677,4,0.16321200435828637,0.8494110904713337,1,1,1,0,0.8494110904713337,0.40137887868086813,1.7444324796373596,4
R_6DD4Hjc7DAhjrhU,1,attribution,feature contribution,3,18,1.5,1.8578006921719181,0.15601537916948982,2,0,1,0,0.5994801469140912,0.6897259568534571,3.4412095204353914,6,2.2653658373196452,0.1037920565865619,2,0,1,0,0.7817631740667695,0.4463620674114818,2.2250368137539778,6
R_6DD4Hjc7DAhjrhU,1,attribution,feature contribution,4,4,1.5,1.469330439347006,0.23007948579534615,2,0,1,0,0.5340950801936128,0.7229163556500847,3.6520630448856064,6,1.6344035152900682,0.19506869209616698,2,0,1,0,0.6899197718161771,0.5270349190749148,2.5710639636314405,6
R_6DD4Hjc7DAhjrhU,1,attribution,feature contribution,4,9,1.5,1.7607749927116232,0.17191158196042244,3,0,1,0,0.4210789066840198,0.7621026505200239,3.91769958347297,6,2.0121337661264334,0.13370307897903408,3,0,1,0,0.5125413792916558,0.6318856362711458,3.1024343336806712,6
R_6DD4Hjc7DAhjrhU,1,attribution,feature contribution,4,14,1.5,0.6377373545032593,0.5284868506441815,1,1,1,0,0.5284868506441815,0.7791210969917179,2.944948069168995,4,0.45988564192560194,0.6313558420170734,1,1,1,0,0.6313558420170734,0.6394383759711356,2.426499818083632,4
R_6DD4Hjc7DAhjrhU,1,attribution,feature contribution,4,19,1.5,0.6362680444993641,0.5292639324079631,1,1,1,0,0.5292639324079631,0.7606093522901821,2.870334163000471,4,0.4726234302393944,0.6233647673063465,1,1,1,0,0.6233647673063465,0.6167054270698389,2.3512221481646876,4
R_6I5GvkY1dba6Sm6,1,none,feature contribution,0,0,0.5,0.49403246317282085,0.6101609750079847,1,1,1,0,0.6101609750079847,0.7434961302628629,2.803039860948173,4,0.8407104339609297,0.43140393053184334,1,1,1,0,0.43140393053184334,0.9207782360195215,3.583964810034744,4
R_6I5GvkY1dba6Sm6,1,none,feature contribution,0,5,0.5,-0.0,1.0,1,1,1,0,1.0,0.0,1.0,1,-0.0,1.0,1,1,1,0,1.0,0.0,1.0,1
R_6I5GvkY1dba6Sm6,1,none,feature contribution,0,10,0.5,3.333943336371805,0.03565223873877936,4,0,0,0,0.5534681836498375,0.7826119030950238,2.9592340507332677,4,2.272834138393368,0.10301979359462281,4,0,0,0,0.4059042537040893,0.9278010594103081,3.6190276214713624,4
R_6I5GvkY1dba6Sm6,1,none,feature contribution,0,15,0.5,2.937299413946245,0.053008690141001104,5,0,0,0,0.6095388087243616,0.6833212519717812,3.4019449893275433,6,2.211958763606076,0.10948598118754652,5,0,0,0,0.3712664106201424,0.9101491030327645,5.1077973982530755,6
R_6I5GvkY1dba6Sm6,1,none,feature contribution,1,1,0.25,0.8498670660896597,0.42747175366365114,1,1,1,0,0.42747175366365114,0.7650928910715135,3.938746133437786,6,1.4550384077345508,0.2333913996940791,1,1,1,0,0.2333913996940791,0.9775525090044602,5.7634656243837155,6
R_6I5GvkY1dba6Sm6,1,none,feature contribution,1,6,0.25,0.41441461495613724,0.6607269471925153,1,1,1,0,0.6607269471925153,0.6975824268045313,2.630186048850526,4,1.05507309609465,0.348166976729755,1,1,1,0,0.348166976729755,0.9773242448697945,3.876214719371219,4
R_6I5GvkY1dba6Sm6,1,none,feature contribution,1,11,0.25,0.6998670962971852,0.4966513062029321,1,1,1,0,0.4966513062029321,0.8233306012731444,3.131081806390613,4,1.1530512364909287,0.3156721081671195,1,1,1,0,0.3156721081671195,0.98070118926994,3.894403523722544,4
R_6I5GvkY1dba6Sm6,1,none,feature contribution,1,16,0.25,3.8047730023618613,0.02226425052476932,6,0,0,0,0.39338564544941346,0.7563432260700181,3.87747875612323,6,2.1919601057334623,0.11169759480917753,6,0,0,0,0.2290057719611227,0.9774765232918672,5.7626809927881695,6
R_6I5GvkY1dba6Sm6,1,none,feature contribution,2,2,0.0,2.6455108606071955,0.07096908916537133,4,0,0,0,0.4839459252097654,0.7207949028499527,5.257689114696586,10,2.3025850929940455,0.1,1,1,1,0,0.1,0.9999999999999998,9.999999999999998,10
R_6I5GvkY1dba6Sm6,1,none,feature contribution,2,7,0.0,3.845130767269146,0.021383605102674678,5,0,0,0,0.3223477646940001,0.8778774940248188,4.107807048854355,5,1.6094379124341003,0.2,1,1,1,0,0.2,1.0000000000000002,5.000000000000001,5
R_6I5GvkY1dba6Sm6,1,none,feature contribution,2,12,0.0,5.063743533206909,0.0063218491081897,10,0,0,0,0.5053547003572176,0.7116529558146737,5.1481709046485955,10,2.3025850929940455,0.1,1,1,1,0,0.1,0.9999999999999998,9.999999999999998,10
R_6I5GvkY1dba6Sm6,1,none,feature contribution,2,17,0.0,3.5980135789443364,0.027378052808502668,7,0,0,0,0.35072332953246493,0.7975082269190577,6.273475798303486,10,2.3025850929940455,0.1,1,1,1,0,0.1,0.9999999999999998,9.999999999999998,10
R_6I5GvkY1dba6Sm6,1,none,feature contribution,3,3,0.25,27.631021115928547,0.0,5,0,0,1,0.4545637167348916,0.8403050316701419,3.20563477032262,4,27.631021115928547,0.0,5,0,0,1,0.3077267056629468,0.981110108155707,3.8966118166301644,4
R_6I5GvkY1dba6Sm6,1,none,feature contribution,3,8,0.25,-0.0,1.0,1,1,1,0,1.0,0.0,1.0,1,-0.0,1.0,1,1,1,0,1.0,0.0,1.0,1
R_6I5GvkY1dba6Sm6,1,none,feature contribution,3,13,0.25,-0.0,1.0,1,1,1,0,1.0,0.0,1.0,1,-0.0,1.0,1,1,1,0,1.0,0.0,1.0,1
R_6I5GvkY1dba6Sm6,1,none,feature contribution,3,18,0.25,1.8422658859823722,0.15845797132292067,2,0,1,0,0.5871561259470297,0.6975693252007574,3.4899117308397103,6,1.6900900330393227,0.1845029118872602,2,0,1,0,0.25598416496780474,0.977045517318416,5.758232428273288,6
R_6I5GvkY1dba6Sm6,1,none,feature contribution,4,4,0.25,0.4709102545696148,0.624433615960428,1,1,1,0,0.624433615960428,0.7081826275675267,2.6691220102987177,4,1.0695842452349662,0.3431511544932378,1,1,1,0,0.3431511544932378,0.9770636203969214,3.8748144872903003,4
R_6I5GvkY1dba6Sm6,1,none,feature contribution,4,9,0.25,0.9430757953815148,0.3894281899443185,2,0,1,0,0.4685979089432423,0.7826981692823722,2.9595879676693087,4,1.2032003968696094,0.30023181175193564,2,0,1,0,0.31444880388212537,0.9790000717317139,3.8852303685187577,4
R_6I5GvkY1dba6Sm6,1,none,feature contribution,4,14,0.25,3.7632291878756545,0.0232086740696104,6,0,0,0,0.3796634123684304,0.7600587740018246,3.903378676848386,6,2.1823107682860354,0.11278061942521969,6,0,0,0,0.22681489940914273,0.9775062991443834,5.762988446738133,6
R_6I5GvkY1dba6Sm6,1,none,feature contribution,4,19,0.25,0.7342529499099452,0.47986380740665147,1,1,1,0,0.47986380740665147,0.787722588286202,2.980274416251,4,1.152437099384935,0.3158660336643988,1,1,1,0,0.3158660336643988,0.979245409197356,3.8865519987435015,4
R_6J90tRZsF1dbkUv,0,none,weighted examples,0,0,0.0,2.7155843322818587,0.0661662786162602,3,0,1,0,0.468934769940265,0.7632455188331343,2.8808429978622354,4,1.3862943611198906,0.25,1,1,1,0,0.25,1.0,4.0,4
R_6J90tRZsF1dbkUv,0,none,weighted examples,0,5,0.0,0.7618330595379479,0.4668099518301201,1,1,1,0,0.4668099518301201,0.7543252390795763,3.8634840886215858,6,1.791759469228055,0.16666666666666666,1,1,1,0,0.16666666666666666,0.9999999999999999,5.999999999999998,6
R_6J90tRZsF1dbkUv,0,none,weighted examples,0,10,0.0,3.4348305492045625,0.03223087131599336,4,0,0,0,0.3837534223833893,0.8635242601551905,3.3104986001904697,4,1.3862943611198906,0.25,1,1,1,0,0.25,1.0,4.0,4
R_6J90tRZsF1dbkUv,0,none,weighted examples,0,15,0.0,3.30035677044176,0.03687001092437334,4,0,0,0,0.618081350824768,0.7391198329079742,2.7860857577279736,4,1.3862943611198906,0.25,1,1,1,0,0.25,1.0,4.0,4
R_6J90tRZsF1dbkUv,0,none,weighted examples,1,1,0.0,2.027650800685515,0.13164441715182262,2,0,1,0,0.6154768144339031,0.6796613138505144,3.3797089454029248,6,1.791759469228055,0.16666666666666666,1,1,1,0,0.16666666666666666,0.9999999999999999,5.999999999999998,6
R_6J90tRZsF1dbkUv,0,none,weighted examples,1,6,0.0,2.007993022163831,0.13425785700029488,2,0,1,0,0.7377125789039548,0.610035955456914,2.3295832877659763,4,1.3862943611198906,0.25,1,1,1,0,0.25,1.0,4.0,4
R_6J90tRZsF1dbkUv,0,none,weighted examples,1,11,0.0,2.4078893838675164,0.09000506037284986,3,0,1,0,0.7076751191270371,0.6453923689855454,2.4466110004369237,4,1.3862943611198906,0.25,1,1,1,0,0.25,1.0,4.0,4
R_6J90tRZsF1dbkUv,0,none,weighted examples,1,16,0.0,3.2027499844427285,0.040650262540726,4,0,0,0,0.6800683504899566,0.6796076463416847,2.5654560187214774,4,1.3862943611198906,0.25,1,1,1,0,0.25,1.0,4.0,4
R_6J90tRZsF1dbkUv,0,none,weighted examples,2,2,0.0,0.657045973389942,0.5183803844023851,1,1,1,0,0.5183803844023851,0.7947186783788079,3.009319647596604,4,1.3862943611198906,0.25,1,1,1,0,0.25,1.0,4.0,4
R_6J90tRZsF1dbkUv,0,none,weighted examples,2,7,0.0,0.5168589087503953,0.5963909272392774,1,1,1,0,0.5963909272392774,0.7575524002158684,2.858195897361356,4,1.3862943611198906,0.25,1,1,1,0,0.25,1.0,4.0,4
R_6J90tRZsF1dbkUv,0,none,weighted examples,2,12,0.0,2.067939251799694,0.12644608694725185,3,0,1,0,0.6551413512344809,0.7027775214315013,2.649196840708003,4,1.3862943611198906,0.25,1,1,1,0,0.25,1.0,4.0,4
R_6J90tRZsF1dbkUv,0,none,weighted examples,2,17,0.0,3.1991011146526693,0.04079886099900842,4,0,0,0,0.574158835254848,0.7512021594575036,2.833144761127253,4,1.3862943611198906,0.25,1,1,1,0,0.25,1.0,4.0,4
R_6J90tRZsF1dbkUv,0,none,weighted examples,3,3,0.0,0.8877895935904933,0.4115644728106581,1,1,1,0,0.4115644728106581,0.7522525534683965,3.8491626684372062,6,1.791759469228055,0.16666666666666666,1,1,1,0,0.16666666666666666,0.9999999999999999,5.999999999999998,6
R_6J90tRZsF1dbkUv,0,none,weighted examples,3,8,0.0,3.0390868011533483,0.047878592211712714,4,0,0,0,0.7085260447516216,0.6441133760268343,2.442276854046675,4,1.3862943611198906,0.25,1,1,1,0,0.25,1.0,4.0,4
R_6J90tRZsF1dbkUv,0,none,weighted examples,3,13,0.0,3.958290153864893,0.019095737166006148,6,0,0,0,0.45622560319148775,0.7524669258779961,3.8506414304059757,6,1.791759469228055,0.16666666666666666,1,1,1,0,0.16666666666666666,0.9999999999999999,5.999999999999998,6
R_6J90tRZsF1dbkUv,0,none,weighted examples,3,18,0.0,0.531945423026437,0.58746099713293,1,1,1,0,0.58746099713293,0.7291285198573606,2.747761981983144,4,1.3862943611198906,0.25,1,1,1,0,0.25,1.0,4.0,4
R_6J90tRZsF1dbkUv,0,none,weighted examples,4,4,0.0,0.9760634124110764,0.37679145573065953,1,1,1,0,0.37679145573065953,0.7644355394587236,3.9341097462545855,6,1.791759469228055,0.16666666666666666,1,1,1,0,0.16666666666666666,0.9999999999999999,5.999999999999998,6
R_6J90tRZsF1dbkUv,0,none,weighted examples,4,9,0.0,0.6405453561919333,0.5270049402522949,1,1,1,0,0.5270049402522949,0.7258041145226463,3.671008408383507,6,1.791759469228055,0.16666666666666666,1,1,1,0,0.16666666666666666,0.9999999999999999,5.999999999999998,6
R_6J90tRZsF1dbkUv,0,none,weighted examples,4,14,0.0,1.3723575549771945,0.25350859404250653,2,0,1,0,0.5936373767994974,0.7444455401246352,2.8067315430940853,4,1.3862943611198906,0.25,1,1,1,0,0.25,1.0,4.0,4
R_6J90tRZsF1dbkUv,0,none,weighted examples,4,19,0.0,3.199967054447051,0.04076354693383778,4,0,0,0,0.6698520904599436,0.6881526404544259,2.596026806979283,4,1.3862943611198906,0.25,1,1,1,0,0.25,1.0,4.0,4
R_6KDvslaxG4W04I9,1,counterfactual,feature contribution,0,0,3.0,2.1120668819746213,0.12098764065195945,3,0,1,0,0.5801430952788907,0.7554198301020647,2.849758491167325,4,4.797824225321731,0.008247672618185955,3,0,1,0,0.9093137825768626,0.240605887306056,1.3959156569043059,4
R_6KDvslaxG4W04I9,1,counterfactual,feature contribution,0,5,3.0,0.651576063373342,0.5212236475670896,1,1,1,0,0.5212236475670896,0.7282258161459335,3.6869719146196904,6,0.10706368619484988,0.8984684511313584,1,1,1,0,0.8984684511313584,0.2075126750227689,1.4503614488780057,6
R_6KDvslaxG4W04I9,1,counterfactual,feature contribution,0,10,3.0,0.651576063373342,0.5212236475670896,1,1,1,0,0.5212236475670896,0.7282258161459335,3.6869719146196904,6,0.10706368619484988,0.8984684511313584,1,1,1,0,0.8984684511313584,0.2075126750227689,1.4503614488780057,6
R_6KDvslaxG4W04I9,1,counterfactual,feature contribution,0,15,3.0,0.651576063373342,0.5212236475670896,1,1,1,0,0.5212236475670896,0.7282258161459335,3.6869719146196904,6,0.10706368619484988,0.8984684511313584,1,1,1,0,0.8984684511313584,0.2075126750227689,1.4503614488780057,6
R_6KDvslaxG4W04I9,1,counterfactual,feature contribution,1,1,2.0,0.651576063373342,0.5212236475670896,1,1,1,0,0.5212236475670896,0.7282258161459335,3.6869719146196904,6,0.25210872603276446,0.7771602359259635,1,1,1,0,0.7771602359259635,0.3929715719308949,2.0220473447669653,6
R_6KDvslaxG4W04I9,1,counterfactual,feature contribution,1,6,2.0,0.651576063373342,0.5212236475670896,1,1,1,0,0.5212236475670896,0.7282258161459335,3.6869719146196904,6,0.25210872603276446,0.7771602359259635,1,1,1,0,0.7771602359259635,0.3929715719308949,2.0220473447669653,6
R_6KDvslaxG4W04I9,1,counterfactual,feature contribution,1,11,2.0,0.651576063373342,0.5212236475670896,1,1,1,0,0.5212236475670896,0.7282258161459335,3.6869719146196904,6,0.25210872603276446,0.7771602359259635,1,1,1,0,0.7771602359259635,0.3929715719308949,2.0220473447669653,6
R_6KDvslaxG4W04I9,1,counterfactual,feature contribution,1,16,2.0,0.4271509547062476,0.6523650672176116,1,1,1,0,0.6523650672176116,0.6974229279224726,2.629604546389778,4,0.12021264190887662,0.8867318603128062,1,1,1,0,0.8867318603128062,0.30401541748407257,1.5241774064963378,4
R_6KDvslaxG4W04I9,1,counterfactual,feature contribution,2,2,2.0,0.4271509547062476,0.6523650672176116,1,1,1,0,0.6523650672176116,0.6974229279224726,2.629604546389778,4,0.12021264190887662,0.8867318603128062,1,1,1,0,0.8867318603128062,0.30401541748407257,1.5241774064963378,4
R_6KDvslaxG4W04I9,1,counterfactual,feature contribution,2,7,2.0,0.651576063373342,0.5212236475670896,1,1,1,0,0.5212236475670896,0.7282258161459335,3.6869719146196904,6,0.25210872603276446,0.7771602359259635,1,1,1,0,0.7771602359259635,0.3929715719308949,2.0220473447669653,6
R_6KDvslaxG4W04I9,1,counterfactual,feature contribution,2,12,2.0,0.651576063373342,0.5212236475670896,1,1,1,0,0.5212236475670896,0.7282258161459335,3.6869719146196904,6,0.25210872603276446,0.7771602359259635,1,1,1,0,0.7771602359259635,0.3929715719308949,2.0220473447669653,6
R_6KDvslaxG4W04I9,1,counterfactual,feature contribution,2,17,2.0,0.4271509547062476,0.6523650672176116,1,1,1,0,0.6523650672176116,0.6974229279224726,2.629604546389778,4,0.12021264190887662,0.8867318603128062,1,1,1,0,0.8867318603128062,0.30401541748407257,1.5241774064963378,4
R_6KDvslaxG4W04I9,1,counterfactual,feature contribution,3,3,2.0,0.651576063373342,0.5212236475670896,1,1,1,0,0.5212236475670896,0.7282258161459335,3.6869719146196904,6,0.25210872603276446,0.7771602359259635,1,1,1,0,0.7771602359259635,0.3929715719308949,2.0220473447669653,6
R_6KDvslaxG4W04I9,1,counterfactual,feature contribution,3,8,2.0,0.651576063373342,0.5212236475670896,1,1,1,0,0.5212236475670896,0.7282258161459335,3.6869719146196904,6,0.25210872603276446,0.7771602359259635,1,1,1,0,0.7771602359259635,0.3929715719308949,2.0220473447669653,6
R_6KDvslaxG4W04I9,1,counterfactual,feature contribution,3,13,2.0,0.4271509547062476,0.6523650672176116,1,1,1,0,0.6523650672176116,0.6974229279224726,2.629604546389778,4,0.12021264190887662,0.8867318603128062,1,1,1,0,0.8867318603128062,0.30401541748407257,1.5241774064963378,4
R_6KDvslaxG4W04I9,1,counterfactual,feature contribution,3,18,2.0,1.4178711954159937,0.24222912689395512,2,0,1,0,0.5212236475670896,0.7282258161459335,3.6869719146196904,6,1.784698990118068,0.16784757717625876,2,0,1,0,0.7771602359259635,0.3929715719308949,2.0220473447669653,6
R_6KDvslaxG4W04I9,1,counterfactual,feature contribution,4,4,2.0,0.651576063373342,0.5212236475670896,1,1,1,0,0.5212236475670896,0.7282258161459335,3.6869719146196904,6,0.25210872603276446,0.7771602359259635,1,1,1,0,0.7771602359259635,0.3929715719308949,2.0220473447669653,6
R_6KDvslaxG4W04I9,1,counterfactual,feature contribution,4,9,2.0,0.651576063373342,0.5212236475670896,1,1,1,0,0.5212236475670896,0.7282258161459335,3.6869719146196904,6,0.25210872603276446,0.7771602359259635,1,1,1,0,0.7771602359259635,0.3929715719308949,2.0220473447669653,6
R_6KDvslaxG4W04I9,1,counterfactual,feature contribution,4,14,2.0,0.4271509547062476,0.6523650672176116,1,1,1,0,0.6523650672176116,0.6974229279224726,2.629604546389778,4,0.12021264190887662,0.8867318603128062,1,1,1,0,0.8867318603128062,0.30401541748407257,1.5241774064963378,4
R_6KDvslaxG4W04I9,1,counterfactual,feature contribution,4,19,2.0,1.5713879148883123,0.20775663363783664,2,0,1,0,0.6523650672176116,0.6974229279224726,2.629604546389778,4,2.4086865622730063,0.08993333887354925,2,0,1,0,0.8867318603128062,0.30401541748407257,1.5241774064963378,4
R_6P1wxXrNHroPf9i,0,counterfactual,feature contribution,0,0,1.0,0.6972979671305517,0.49792890801866263,1,1,1,0,0.49792890801866263,0.7432986136184341,3.3078319309285575,5,0.6972979671305517,0.49792890801866263,1,1,1,0,0.49792890801866263,0.7432986136184341,3.3078319309285575,5
R_6P1wxXrNHroPf9i,0,counterfactual,feature contribution,0,5,1.0,2.2465241566807475,0.10576621318040048,2,0,1,0,0.5253905663928949,0.7011563484762927,5.025234682600436,10,2.2465241566807475,0.10576621318040048,2,0,1,0,0.5253905663928949,0.7011563484762927,5.025234682600436,10
R_6P1wxXrNHroPf9i,0,counterfactual,feature contribution,0,10,1.0,2.879868599575104,0.05614213945045621,4,0,0,0,0.30913411289409537,0.7684242225928618,5.867109890491442,10,2.879868599575104,0.05614213945045621,4,0,0,0,0.30913411289409537,0.7684242225928618,5.867109890491442,10
R_6P1wxXrNHroPf9i,0,counterfactual,feature contribution,0,15,1.0,2.2465241566807475,0.10576621318040048,2,0,1,0,0.5253905663928949,0.7011563484762927,5.025234682600436,10,2.2465241566807475,0.10576621318040048,2,0,1,0,0.5253905663928949,0.7011563484762927,5.025234682600436,10
R_6P1wxXrNHroPf9i,0,counterfactual,feature contribution,1,1,0.75,0.6972979671305517,0.49792890801866263,1,1,1,0,0.49792890801866263,0.7432986136184341,3.3078319309285575,5,0.8427538038478711,0.43052331275142164,1,1,1,0,0.43052331275142164,0.8370722257889514,3.8467005298628516,5
R_6P1wxXrNHroPf9i,0,counterfactual,feature contribution,1,6,0.75,0.6972979671305517,0.49792890801866263,1,1,1,0,0.49792890801866263,0.7432986136184341,3.3078319309285575,5,0.8427538038478711,0.43052331275142164,1,1,1,0,0.43052331275142164,0.8370722257889514,3.8467005298628516,5
R_6P1wxXrNHroPf9i,0,counterfactual,feature contribution,1,11,0.75,2.2465241566807475,0.10576621318040048,2,0,1,0,0.5253905663928949,0.7011563484762927,5.025234682600436,10,2.127714716967336,0.11910918125520441,2,0,1,0,0.3963206721766762,0.8226339612415179,6.647126766716869,10
R_6P1wxXrNHroPf9i,0,counterfactual,feature contribution,1,16,0.75,1.6537185458043149,0.19133708838755858,3,0,1,0,0.30913411289409537,0.7684242225928618,5.867109890491442,10,1.708691562003343,0.18110259918204694,3,0,1,0,0.25952877191246215,0.8510235397050728,7.096162296633749,10
R_6P1wxXrNHroPf9i,0,counterfactual,feature contribution,2,2,1.0,0.6972979671305517,0.49792890801866263,1,1,1,0,0.49792890801866263,0.7432986136184341,3.3078319309285575,5,0.6972979671305517,0.49792890801866263,1,1,1,0,0.49792890801866263,0.7432986136184341,3.3078319309285575,5
R_6P1wxXrNHroPf9i,0,counterfactual,feature contribution,2,7,1.0,2.2465241566807475,0.10576621318040048,2,0,1,0,0.5253905663928949,0.7011563484762927,5.025234682600436,10,2.2465241566807475,0.10576621318040048,2,0,1,0,0.5253905663928949,0.7011563484762927,5.025234682600436,10
R_6P1wxXrNHroPf9i,0,counterfactual,feature contribution,2,12,1.0,0.6972979671305517,0.49792890801866263,1,1,1,0,0.49792890801866263,0.7432986136184341,3.3078319309285575,5,0.6972979671305517,0.49792890801866263,1,1,1,0,0.49792890801866263,0.7432986136184341,3.3078319309285575,5
R_6P1wxXrNHroPf9i,0,counterfactual,feature contribution,2,17,1.0,2.72626262855122,0.06546349443695505,5,0,0,0,0.5253905663928949,0.7011563484762927,5.025234682600436,10,2.72626262855122,0.06546349443695505,5,0,0,0,0.5253905663928949,0.7011563484762927,5.025234682600436,10
R_6P1wxXrNHroPf9i,0,counterfactual,feature contribution,3,3,0.75,0.6972979671305517,0.49792890801866263,1,1,1,0,0.49792890801866263,0.7432986136184341,3.3078319309285575,5,0.8427538038478711,0.43052331275142164,1,1,1,0,0.43052331275142164,0.8370722257889514,3.8467005298628516,5
R_6P1wxXrNHroPf9i,0,counterfactual,feature contribution,3,8,0.75,0.6972979671305517,0.49792890801866263,1,1,1,0,0.49792890801866263,0.7432986136184341,3.3078319309285575,5,0.8427538038478711,0.43052331275142164,1,1,1,0,0.43052331275142164,0.8370722257889514,3.8467005298628516,5
R_6P1wxXrNHroPf9i,0,counterfactual,feature contribution,3,13,0.75,1.1739800739338424,0.30913411289409537,1,1,1,0,0.30913411289409537,0.7684242225928618,5.867109890491442,10,1.3488877081004886,0.25952877191246215,1,1,1,0,0.25952877191246215,0.8510235397050728,7.096162296633749,10
R_6P1wxXrNHroPf9i,0,counterfactual,feature contribution,3,18,0.75,3.256629345497805,0.03851801036066208,5,0,0,0,0.30913411289409537,0.7684242225928618,5.867109890491442,10,2.91087466177346,0.05442810286248936,5,0,0,0,0.25952877191246215,0.8510235397050728,7.096162296633749,10
R_6P1wxXrNHroPf9i,0,counterfactual,feature contribution,4,4,0.75,0.6972979671305517,0.49792890801866263,1,1,1,0,0.49792890801866263,0.7432986136184341,3.3078319309285575,5,0.8427538038478711,0.43052331275142164,1,1,1,0,0.43052331275142164,0.8370722257889514,3.8467005298628516,5
R_6P1wxXrNHroPf9i,0,counterfactual,feature contribution,4,9,0.75,2.2465241566807475,0.10576621318040048,2,0,1,0,0.5253905663928949,0.7011563484762927,5.025234682600436,10,2.127714716967336,0.11910918125520441,2,0,1,0,0.3963206721766762,0.8226339612415179,6.647126766716869,10
R_6P1wxXrNHroPf9i,0,counterfactual,feature contribution,4,14,0.75,0.6436133569872577,0.5253905663928949,1,1,1,0,0.5253905663928949,0.7011563484762927,5.025234682600436,10,0.9255316171972185,0.3963206721766762,1,1,1,0,0.3963206721766762,0.8226339612415179,6.647126766716869,10
R_6P1wxXrNHroPf9i,0,counterfactual,feature contribution,4,19,0.75,2.879868599575104,0.05614213945045621,4,0,0,0,0.30913411289409537,0.7684242225928618,5.867109890491442,10,2.628304102331435,0.07220080364476134,4,0,0,0,0.25952877191246215,0.8510235397050728,7.096162296633749,10
R_6R9HRjc1dD88yPW,1,none,weighted examples,0,0,0.5,1.2752002213992593,0.2793750257625792,2,0,1,0,0.5175610148417839,0.7589843213851413,3.392401717487426,5,1.3339473961505675,0.26343532260201036,2,0,1,0,0.3585593024653048,0.9264091558074232,4.441526029730942,5
R_6R9HRjc1dD88yPW,1,none,weighted examples,0,5,0.5,0.33411120274853856,0.7159741595057382,1,1,1,0,0.7159741595057382,0.6044237183044046,2.645294622070564,5,0.8065250894104083,0.4464065971732138,1,1,1,0,0.4464065971732138,0.8985427139378415,4.246727599453818,5
R_6R9HRjc1dD88yPW,1,none,weighted examples,0,10,0.5,0.37817174004372384,0.6851128292544609,1,1,1,0,0.6851128292544609,0.636528487956214,2.7855715614792538,5,0.840925916528416,0.4313109805201819,1,1,1,0,0.4313109805201819,0.9047730965980348,4.2895255130970344,5
R_6R9HRjc1dD88yPW,1,none,weighted examples,0,15,0.5,2.0399023172613004,0.1300414130593959,2,0,1,0,0.6247741823412942,0.7081325415787283,3.1258159698129044,5,1.700789996506976,0.182539261697732,2,0,1,0,0.4001077715574666,0.9204747870512483,4.399306961286961,5
R_6R9HRjc1dD88yPW,1,none,weighted examples,1,1,0.5,0.6835056153198735,0.5048440974353005,1,1,1,0,0.5048440974353005,0.8087572056226807,3.675335822211183,5,1.0596734173848497,0.34656897525247143,1,1,1,0,0.34656897525247143,0.939158447652664,4.533604014784216,5
R_6R9HRjc1dD88yPW,1,none,weighted examples,1,6,0.5,0.3420450308929512,0.7103162178154175,1,1,1,0,0.7103162178154175,0.6122156369370392,2.678677109166019,5,0.8138141071674238,0.4431645615412551,1,1,1,0,0.4431645615412551,0.9003952868766618,4.259408542597398,5
R_6R9HRjc1dD88yPW,1,none,weighted examples,1,11,0.5,1.9601812802786367,0.14083288838159497,3,0,1,0,0.5275621184744662,0.7915844318490174,3.5751459322063006,5,1.6917589635768056,0.18419524615114075,3,0,1,0,0.3565029894355603,0.9360066030449112,4.510664641282086,5
R_6R9HRjc1dD88yPW,1,none,weighted examples,1,16,0.5,1.8177071742011057,0.1623976739701387,2,0,1,0,0.649604278343668,0.6735794311158901,2.956731021642472,5,1.5751961775081422,0.206966946438447,2,0,1,0,0.4139382203807191,0.9123164022092438,4.341919823083065,5
R_6R9HRjc1dD88yPW,1,none,weighted examples,2,2,0.5,0.35064863824574377,0.7042311502826196,1,1,1,0,0.7042311502826196,0.6175476692902003,2.7017632939660943,5,0.8200007852274519,0.4404313086671092,1,1,1,0,0.4404313086671092,0.9012448692569978,4.265236628871862,5
R_6R9HRjc1dD88yPW,1,none,weighted examples,2,7,0.5,0.28672545556983076,0.7507178059393628,1,1,1,0,0.7507178059393628,0.5630448436938005,2.474864675205876,5,0.7661221629294684,0.46481204336338094,1,1,1,0,0.46481204336338094,0.8898100517347386,4.187458690414302,5
R_6R9HRjc1dD88yPW,1,none,weighted examples,2,12,0.5,0.47505768440854956,0.6218491844279906,1,1,1,0,0.6218491844279906,0.7038944004885129,3.1045672524982333,5,0.9158371277093754,0.40018148282348237,1,1,1,0,0.40018148282348237,0.9186561933760171,4.386449395546297,5
R_6R9HRjc1dD88yPW,1,none,weighted examples,2,17,0.5,3.556625550422022,0.028534952191686187,5,0,0,0,0.5360086728043568,0.7668105056576263,3.43540182844871,5,2.479007859148411,0.08382635189703254,5,0,0,0,0.363310458503613,0.9293920094441361,4.462899806174731,5
R_6R9HRjc1dD88yPW,1,none,weighted examples,3,3,0.75,1.506321564845705,0.22172407737623864,2,0,1,0,0.5948827745016028,0.711354912376251,3.142069204384004,5,1.4410457321669705,0.23668012520533252,2,0,1,0,0.49616450625908387,0.8237091273671086,3.764852554759881,5
R_6R9HRjc1dD88yPW,1,none,weighted examples,3,8,0.75,0.4531690946458977,0.6356106461817498,1,1,1,0,0.6356106461817498,0.6875126845820453,3.023783856826779,5,0.6444701789951132,0.5249405929939742,1,1,1,0,0.5249405929939742,0.8123744285090149,3.696794912321223,5
R_6R9HRjc1dD88yPW,1,none,weighted examples,3,13,0.75,2.196482113698891,0.11119363770352017,3,0,1,0,0.40544352519169924,0.7967927492136044,3.605240418977677,5,1.9836391898130366,0.13756769031486477,3,0,1,0,0.36299803066181746,0.867848518889987,4.042035123394128,5
R_6R9HRjc1dD88yPW,1,none,weighted examples,3,18,0.75,2.4542554077098178,0.08592715232244819,4,0,0,0,0.4204323148112759,0.7849694150191311,3.5372851871076323,5,2.1733211382929176,0.11379904624585405,4,0,0,0,0.37438020217033896,0.8610399024710276,3.9979841162862924,5
R_6R9HRjc1dD88yPW,1,none,weighted examples,4,4,1.0,0.30309602122176044,0.7385281785877185,1,1,1,0,0.7385281785877185,0.5784292957950365,2.536908054945848,5,0.30309602122176044,0.7385281785877185,1,1,1,0,0.7385281785877185,0.5784292957950365,2.536908054945848,5
R_6R9HRjc1dD88yPW,1,none,weighted examples,4,9,1.0,3.004065731442197,0.04958505845588278,4,0,0,0,0.4920481099625469,0.7696212160310977,3.4509776347565,5,3.004065731442197,0.04958505845588278,4,0,0,0,0.4920481099625469,0.7696212160310977,3.4509776347565,5
R_6R9HRjc1dD88yPW,1,none,weighted examples,4,14,1.0,2.726645105483934,0.06543846094806928,3,0,1,0,0.5524305883042335,0.7215377722822912,3.1939878505950103,5,2.726645105483934,0.06543846094806928,3,0,1,0,0.5524305883042335,0.7215377722822912,3.1939878505950103,5
R_6R9HRjc1dD88yPW,1,none,weighted examples,4,19,1.0,2.776477865810268,0.06225740058460799,4,0,0,0,0.44808782626276833,0.7736618074780188,3.4734927515307468,5,2.776477865810268,0.06225740058460799,4,0,0,0,0.44808782626276833,0.7736618074780188,3.4734927515307468,5
R_6aqu1LmTSlgucVN,1,counterfactual,weighted examples,0,0,0.5,1.9556530423991574,0.1414720592681714,2,0,1,0,0.6094934542517751,0.6835302498340646,3.4032191674895245,6,1.7212135492810923,0.17884897411863004,2,0,1,0,0.3712236518210559,0.9101766621736515,5.108049624204277,6
R_6aqu1LmTSlgucVN,1,counterfactual,weighted examples,0,5,0.5,1.6234866643017296,0.19720989426754928,3,0,1,0,0.45017786012694466,0.7589351387496643,3.895527972111535,6,1.5800745826609426,0.20595973660683298,3,0,1,0,0.3111788302128857,0.9181018507056641,5.181101532456168,6
R_6aqu1LmTSlgucVN,1,counterfactual,weighted examples,0,10,0.5,27.631021115928547,0.0,1,0,0,1,0.0,0.0,0.0,0,27.631021115928547,0.0,1,0,0,1,0.0,0.0,0.0,0
R_6aqu1LmTSlgucVN,1,counterfactual,weighted examples,0,15,0.5,3.2387971877202513,0.03921103025462416,4,0,0,0,0.35750484679316497,0.7767719740407826,4.022037197912834,6,2.3934707489277067,0.09131221150258519,4,0,0,0,0.2757183694405302,0.9198932778176904,5.197758584443205,6
R_6aqu1LmTSlgucVN,1,counterfactual,weighted examples,1,1,0.75,1.576320572580992,0.20673436460506636,3,0,1,0,0.23511387708582673,0.8221155065150799,6.639196253625123,10,1.6730570927354471,0.18767245566741436,3,0,1,0,0.2066806072501861,0.8784532576901015,7.558807019222391,10
R_6aqu1LmTSlgucVN,1,counterfactual,weighted examples,1,6,0.75,0.9903154817314441,0.3714594838535301,1,1,1,0,0.3714594838535301,0.7760379219454832,5.970874210894302,10,1.2147303981645103,0.2967900186426822,1,1,1,0,0.2967900186426822,0.8557703474805829,7.174148259595557,10
R_6aqu1LmTSlgucVN,1,counterfactual,weighted examples,1,11,0.75,3.1988158535783424,0.040810500986066985,5,0,0,0,0.27470795207236476,0.7693154448399647,5.879162237232227,10,2.866446779324276,0.05690074872503131,5,0,0,0,0.23778938294618224,0.8476307069718477,7.040941029762355,10
R_6aqu1LmTSlgucVN,1,counterfactual,weighted examples,1,16,0.75,1.3991877568393096,0.24679734200585474,2,0,1,0,0.30258326233997673,0.7814972964787554,6.046405873923507,10,1.5233404805195896,0.21798250307901262,2,0,1,0,0.2539802535600843,0.8579270755851006,7.209864048233855,10
R_6aqu1LmTSlgucVN,1,counterfactual,weighted examples,2,2,0.75,1.2614549589070907,0.28324162163619904,1,1,1,0,0.28324162163619904,0.7965653195640784,6.259870077003122,10,1.4260894879066885,0.2402465748342334,1,1,1,0,0.2402465748342334,0.8649319351172646,7.3270969007849205,10
R_6aqu1LmTSlgucVN,1,counterfactual,weighted examples,2,7,0.75,2.643683905823368,0.07109886499351416,6,0,0,0,0.25068758500043,0.8100140056567374,6.456750512133687,10,2.468507524681804,0.08471119406845143,6,0,0,0,0.21796834294178563,0.8721789684201269,7.450389337604577,10
R_6aqu1LmTSlgucVN,1,counterfactual,weighted examples,2,12,0.75,0.5410786174131424,0.5821200288288354,1,1,1,0,0.5821200288288354,0.7177727393763075,3.17469212539665,5,0.7188874007910282,0.48729411751639096,1,1,1,0,0.48729411751639096,0.8266445428737859,3.7826811888410954,5
R_6aqu1LmTSlgucVN,1,counterfactual,weighted examples,2,17,0.75,1.6157169081435891,0.19874813519793966,3,0,1,0,0.3083924672884269,0.7781709522331811,6.00027219728439,10,1.6843590552236458,0.18556332969530914,3,0,1,0,0.25798394590770957,0.856246474572766,7.182017757345053,10
R_6aqu1LmTSlgucVN,1,counterfactual,weighted examples,3,3,0.75,1.6237515996878242,0.1971576533086147,3,0,1,0,0.24344061283579288,0.8184267154077759,6.583043356572615,10,1.7071086299362992,0.18138949930551337,3,0,1,0,0.2124695442282281,0.8766009572603887,7.526636760559845,10
R_6aqu1LmTSlgucVN,1,counterfactual,weighted examples,3,8,0.75,1.2343723634598658,0.2910173581877651,1,1,1,0,0.2910173581877651,0.7953621602425619,6.242551878725771,10,1.4052962197382517,0.24529438465163064,1,1,1,0,0.24529438465163064,0.8643645502531542,7.317530651180208,10
R_6aqu1LmTSlgucVN,1,counterfactual,weighted examples,3,13,0.75,2.1262711617445382,0.11928124609856033,3,0,1,0,0.32075058093046016,0.770688532981142,5.897779519132548,10,2.06421633798416,0.12691771219661582,3,0,1,0,0.26651318420277936,0.8524924203606465,7.120203731668086,10
R_6aqu1LmTSlgucVN,1,counterfactual,weighted examples,3,18,0.75,2.7995706213145652,0.06083617877642729,5,0,0,0,0.2970587580812607,0.7692398912718834,5.878139537042805,10,2.567688502592641,0.07671266176184632,5,0,0,0,0.25198655969824424,0.8494082731014652,7.069818639863598,10
R_6aqu1LmTSlgucVN,1,counterfactual,weighted examples,4,4,1.0,2.1692053171607353,0.11426838796594659,4,0,0,0,0.22531073434936807,0.8337504931294532,6.819467957778364,10,2.1692053171607353,0.11426838796594659,4,0,0,0,0.22531073434936807,0.8337504931294532,6.819467957778364,10
R_6aqu1LmTSlgucVN,1,counterfactual,weighted examples,4,9,1.0,1.2621331537456804,0.28304959375385114,2,0,1,0,0.2830596765906314,0.79472722252618,6.233431947895881,10,1.2621331537456804,0.28304959375385114,2,0,1,0,0.2830596765906314,0.79472722252618,6.233431947895881,10
R_6aqu1LmTSlgucVN,1,counterfactual,weighted examples,4,14,1.0,3.5931826725618827,0.027510633603414932,7,0,0,0,0.2966532150824095,0.7658904556856974,5.832979574950993,10,3.5931826725618827,0.027510633603414932,7,0,0,0,0.2966532150824095,0.7658904556856974,5.832979574950993,10
R_6aqu1LmTSlgucVN,1,counterfactual,weighted examples,4,19,1.0,3.3434233711413244,0.035315851277626105,5,0,0,0,0.27020659827780835,0.767192835079659,5.8504979981311696,10,3.3434233711413244,0.035315851277626105,5,0,0,0,0.27020659827780835,0.767192835079659,5.8504979981311696,10
R_6dM4kpwwdD2TmDK,1,none,weighted examples,0,0,0.5,2.7684806384222975,0.06275728334753738,4,0,0,0,0.7436614332630634,0.5719312744604758,2.5105149122406107,5,2.01067258376067,0.1338985863614714,4,0,0,0,0.46092636858337815,0.8917660456812704,4.200661794270532,5
R_6dM4kpwwdD2TmDK,1,none,weighted examples,0,5,0.5,1.8173560174452046,0.16245471102438333,4,0,0,0,0.32321438550632764,0.882288340392986,4.137072055781488,5,1.6523987561066409,0.19158977981869008,4,0,0,0,0.27024117735212716,0.9518231873683972,4.626961197028848,5
R_6dM4kpwwdD2TmDK,1,none,weighted examples,0,10,0.5,1.086747863416041,0.33731169557380325,1,1,1,0,0.33731169557380325,0.8007202863031792,6.32004668437465,10,1.560146856519509,0.21010521361459922,1,1,1,0,0.21010521361459922,0.932585597521495,8.562204523546209,10
R_6dM4kpwwdD2TmDK,1,none,weighted examples,0,15,0.5,3.460077599778288,0.0314273231704317,7,0,0,0,0.3726664071486818,0.7640764847206893,5.808667064468377,10,2.727598689493438,0.06537608962097904,7,0,0,0,0.22512585113698738,0.9259513641653395,8.432403195547941,10
R_6dM4kpwwdD2TmDK,1,none,weighted examples,1,1,0.25,1.2313671630794392,0.29189323910294146,1,1,1,0,0.29189323910294146,0.7684356347144082,5.867264064798763,10,1.9111906871407613,0.1479041741111324,1,1,1,0,0.1479041741111324,0.9796016311043456,9.541169937064009,10
R_6dM4kpwwdD2TmDK,1,none,weighted examples,1,6,0.25,2.88039587045816,0.05611254513780685,5,0,0,0,0.7507178059393628,0.5630448436938005,2.474864675205876,5,1.7944124863561512,0.16622508316861628,5,0,0,0,0.3179074797763071,0.9759327242559069,4.810029063478084,5
R_6dM4kpwwdD2TmDK,1,none,weighted examples,1,11,0.25,1.549263143469439,0.21240442776733057,3,0,1,0,0.2908833256753707,0.7700637495462463,5.889300973267725,10,1.9917857335690972,0.13645154165610757,3,0,1,0,0.1476105036469172,0.9797395530397439,9.544200474306006,10
R_6dM4kpwwdD2TmDK,1,none,weighted examples,1,16,0.25,0.6634459188911065,0.5150733718311871,1,1,1,0,0.5150733718311871,0.7050870144106273,5.0709229813885415,10,1.7556558269841638,0.17279388223282,1,1,1,0,0.17279388223282,0.9793941755643357,9.536613360908962,10
R_6dM4kpwwdD2TmDK,1,none,weighted examples,2,2,0.25,1.7233213417360285,0.17847239461554928,3,0,1,0,0.48041199396793566,0.8018221613015338,3.6345415625114597,5,1.5647283975929214,0.20914480969363874,3,0,1,0,0.26789079368295743,0.9820525545319985,4.857639465670488,5
R_6dM4kpwwdD2TmDK,1,none,weighted examples,2,7,0.25,0.35064863824574377,0.7042311502826196,1,1,1,0,0.7042311502826196,0.6175476692902003,2.7017632939660943,5,1.1765000200538462,0.3083560922824687,1,1,1,0,0.3083560922824687,0.9774324860428204,4.821653407690005,5
R_6dM4kpwwdD2TmDK,1,none,weighted examples,2,12,0.25,2.5297633039186955,0.07967787749546601,5,0,0,0,0.3782096135366329,0.7482569009332517,5.600888163659479,10,2.232344115232197,0.10727666630182274,5,0,0,0,0.15834486016459723,0.9797368611574655,9.544141316786014,10
R_6dM4kpwwdD2TmDK,1,none,weighted examples,2,17,0.25,1.0785957159264763,0.34007274923336034,1,1,1,0,0.34007274923336034,0.7831356852541731,6.069259199198674,10,1.8814196115792328,0.15237364076033627,1,1,1,0,0.15237364076033627,0.9805299819933752,9.56158702200528,10
R_6dM4kpwwdD2TmDK,1,none,weighted examples,3,3,0.5,1.1080646727730317,0.3301973830839302,2,0,1,0,0.41778183799479185,0.8179142469668855,3.7299028889714,5,1.2731473333436287,0.2799491405110369,2,0,1,0,0.3148959703227537,0.9386165549025466,4.529651788675663,5
R_6dM4kpwwdD2TmDK,1,none,weighted examples,3,8,0.5,2.3659248000491844,0.09386245621380633,4,0,0,0,0.4141561916758126,0.8125916341763278,3.6980874602327716,5,1.8997710125980978,0.14960287247378876,4,0,0,0,0.3142505556178753,0.9372427844273418,4.519647799812233,5
R_6dM4kpwwdD2TmDK,1,none,weighted examples,3,13,0.5,0.4727469063156516,0.623287801422623,1,1,1,0,0.623287801422623,0.6963989277535496,3.067340306739098,5,0.911157573974042,0.40205854205064534,1,1,1,0,0.40205854205064534,0.9164833980376662,4.371136862685699,5
R_6dM4kpwwdD2TmDK,1,none,weighted examples,3,18,0.5,4.526102400112332,0.010822776827244173,9,0,0,0,0.2781444695875334,0.7785316964512281,6.005258359513478,10,3.2653153660508982,0.03818489096635886,9,0,0,0,0.19357863265564978,0.9264224002102059,8.441553946461722,10
R_6dM4kpwwdD2TmDK,1,none,weighted examples,4,4,0.5,0.932756289005823,0.3934677036791948,1,1,1,0,0.3934677036791948,0.862303099304275,4.00612043333139,5,1.2029559243191128,0.30030521916137753,1,1,1,0,0.30030521916137753,0.9482174407369426,4.600187660175575,5
R_6dM4kpwwdD2TmDK,1,none,weighted examples,4,9,0.5,1.7462172960561377,0.17443252365334752,2,0,1,0,0.4569495723198673,0.7341835778065932,5.422300445150224,10,1.857924251081282,0.15599610327027472,2,0,1,0,0.2524841706674055,0.9226737993516348,8.369004460950322,10
R_6dM4kpwwdD2TmDK,1,none,weighted examples,4,14,0.5,3.7416337932136745,0.023715325524733072,8,0,0,0,0.33515173854491126,0.7533857364540635,5.667424410981825,10,2.862160920795567,0.057145140624703876,8,0,0,0,0.21482533559560404,0.9236763977502811,8.388347196324062,10
R_6dM4kpwwdD2TmDK,1,none,weighted examples,4,19,0.5,3.8985784308969516,0.020270707184419198,8,0,0,0,0.4757936082861216,0.73028186725076,5.373804556667132,10,2.933137154330757,0.053229785880983836,8,0,0,0,0.25788707174635955,0.9226761427378842,8.369049618933449,10
R_6dXBSsEnSWPHZg1,1,counterfactual,feature contribution,0,0,0.5,2.65213552040982,0.07050049693891504,4,0,0,0,0.3842520217448269,0.7539730735942721,5.675094185406089,10,2.3169909150360586,0.09856974453337985,4,0,0,0,0.23012066611431575,0.9230504675969224,8.376266136564764,10
R_6dXBSsEnSWPHZg1,1,counterfactual,feature contribution,0,5,0.5,1.4217164650685792,0.2412994791020468,2,0,1,0,0.4934985645239859,0.7989992257265938,3.6180660613639697,5,1.4238088657777401,0.24079511175416762,2,0,1,0,0.34435977944077034,0.9358623910090729,4.509617836071481,5
R_6dXBSsEnSWPHZg1,1,counterfactual,feature contribution,0,10,0.5,1.0299408734388242,0.3570280697870932,1,1,1,0,0.3570280697870932,0.7818546470436779,6.051383085994311,10,1.5219091178919186,0.21829473849514996,1,1,1,0,0.21829473849514996,0.9291860411015255,8.495443210447112,10
R_6dXBSsEnSWPHZg1,1,counterfactual,feature contribution,0,15,0.5,3.204777250488279,0.04056793711969498,6,0,0,0,0.3570280697870932,0.7818546470436779,6.051383085994311,10,2.6093273064166462,0.07358402662033565,6,0,0,0,0.21829473849514996,0.9291860411015255,8.495443210447112,10
R_6dXBSsEnSWPHZg1,1,counterfactual,feature contribution,1,1,0.5,1.4217164650685792,0.2412994791020468,2,0,1,0,0.4934985645239859,0.7989992257265938,3.6180660613639697,5,1.4238088657777401,0.24079511175416762,2,0,1,0,0.34435977944077034,0.9358623910090729,4.509617836071481,5
R_6dXBSsEnSWPHZg1,1,counterfactual,feature contribution,1,6,0.5,1.4217164650685792,0.2412994791020468,2,0,1,0,0.4934985645239859,0.7989992257265938,3.6180660613639697,5,1.4238088657777401,0.24079511175416762,2,0,1,0,0.34435977944077034,0.9358623910090729,4.509617836071481,5
R_6dXBSsEnSWPHZg1,1,counterfactual,feature contribution,1,11,0.5,1.4217164650685792,0.2412994791020468,2,0,1,0,0.4934985645239859,0.7989992257265938,3.6180660613639697,5,1.4238088657777401,0.24079511175416762,2,0,1,0,0.34435977944077034,0.9358623910090729,4.509617836071481,5
R_6dXBSsEnSWPHZg1,1,counterfactual,feature contribution,1,16,0.5,2.725619758806379,0.06550559246724527,5,0,0,0,0.3570280697870932,0.7818546470436779,6.051383085994311,10,2.369748560575696,0.09350423397331416,5,0,0,0,0.21829473849514996,0.9291860411015255,8.495443210447112,10
R_6dXBSsEnSWPHZg1,1,counterfactual,feature contribution,2,2,0.75,2.725619758806379,0.06550559246724527,5,0,0,0,0.3570280697870932,0.7818546470436779,6.051383085994311,10,2.518697262084231,0.0805644928346391,5,0,0,0,0.28738339085183173,0.8589351047247579,7.226618104245341,10
R_6dXBSsEnSWPHZg1,1,counterfactual,feature contribution,2,7,0.75,1.4217164650685792,0.2412994791020468,2,0,1,0,0.4934985645239859,0.7989992257265938,3.6180660613639697,5,1.4040285462509026,0.24560553501651508,2,0,1,0,0.42003480835270646,0.8719105041566608,4.068546545878195,5
R_6dXBSsEnSWPHZg1,1,counterfactual,feature contribution,2,12,0.75,2.725619758806379,0.06550559246724527,5,0,0,0,0.3570280697870932,0.7818546470436779,6.051383085994311,10,2.518697262084231,0.0805644928346391,5,0,0,0,0.28738339085183173,0.8589351047247579,7.226618104245341,10
R_6dXBSsEnSWPHZg1,1,counterfactual,feature contribution,2,17,0.75,2.401914214246372,0.09054446578992041,4,0,0,0,0.4934985645239859,0.7989992257265938,3.6180660613639697,5,2.139176858134247,0.1177517295189745,4,0,0,0,0.42003480835270646,0.8719105041566608,4.068546545878195,5
R_6dXBSsEnSWPHZg1,1,counterfactual,feature contribution,3,3,0.25,0.4749424459031247,0.621920849527814,1,1,1,0,0.621920849527814,0.7336848331669404,2.7651728513154574,4,1.078035335906267,0.34026337261322664,1,1,1,0,0.34026337261322664,0.9783186998984876,3.8815621828415785,4
R_6dXBSsEnSWPHZg1,1,counterfactual,feature contribution,3,8,0.25,0.2911152709160731,0.74742951616718,1,1,1,0,0.74742951616718,0.5993619549457858,2.295365519096933,4,1.001716874623101,0.3672483801758516,1,1,1,0,0.3672483801758516,0.9744037179107612,3.8605527765891985,4
R_6dXBSsEnSWPHZg1,1,counterfactual,feature contribution,3,13,0.25,4.297319349783908,0.01360498036749604,6,0,0,0,0.5871561259470297,0.6975693252007574,3.4899117308397103,6,2.3038533989897068,0.09987324979644631,6,0,0,0,0.25598416496780474,0.977045517318416,5.758232428273288,6
R_6dXBSsEnSWPHZg1,1,counterfactual,feature contribution,3,18,0.25,0.30233181625446975,0.7390927811988616,1,1,1,0,0.7390927811988616,0.6112012573921447,2.3333496579619037,4,1.00749856704004,0.3651311893718429,1,1,1,0,0.3651311893718429,0.9748204270392853,3.862783590854347,4
R_6dXBSsEnSWPHZg1,1,counterfactual,feature contribution,4,4,0.5,0.4706137190591606,0.6246188101584526,1,1,1,0,0.6246188101584526,0.7074463707312869,2.666399110830732,4,0.8151969688918089,0.44255214976948837,1,1,1,0,0.44255214976948837,0.9111457853843484,3.5364247686325974,4
R_6dXBSsEnSWPHZg1,1,counterfactual,feature contribution,4,9,0.5,1.2116431113463484,0.29770771041495303,2,0,1,0,0.5763884339376918,0.7378001489566568,2.780993355865775,4,1.1952513622330638,0.30262787540232894,2,0,1,0,0.4210866920640475,0.9166665595157654,3.563594343215427,4
R_6dXBSsEnSWPHZg1,1,counterfactual,feature contribution,4,14,0.5,3.1566746532114984,0.04256705621305329,4,0,0,0,0.6986145635016746,0.6592988426050598,2.494235495940471,4,2.144501301688138,0.11712643323640429,4,0,0,0,0.4745007761802901,0.9043070005192707,3.50305587793979,4
R_6dXBSsEnSWPHZg1,1,counterfactual,feature contribution,4,19,0.5,4.3309282232787165,0.013155330736790415,6,0,0,0,0.5994801469140912,0.6897259568534571,3.4412095204353914,6,2.910942793860196,0.05442439468858851,6,0,0,0,0.36739236308701295,0.91084992882791,5.114215345634005,6
R_6dth5vhxVEBQV2p,1,counterfactual,weighted examples,0,0,0.25,0.952958978617043,0.3855983564331308,2,0,1,0,0.3856395473027346,0.8007677180901689,3.6283787550146323,5,1.3707041731326726,0.25392808724498606,2,0,1,0,0.2539348683292329,0.9817529866673884,4.855297987899119,5
R_6dth5vhxVEBQV2p,1,counterfactual,weighted examples,0,5,0.25,0.401047235205828,0.6696184307265067,1,1,1,0,0.6696184307265067,0.6495418653972249,2.8445284413729293,5,1.1967505826675293,0.3021745094401621,1,1,1,0,0.3021745094401621,0.9781398912171437,4.827146105416003,5
R_6dth5vhxVEBQV2p,1,counterfactual,weighted examples,0,10,0.25,2.5759684158036835,0.07608010993121493,4,0,0,0,0.6950021805334721,0.6306141457509276,2.7591821525816895,5,1.7366740668361174,0.17610514160404203,4,0,0,0,0.30616165357110015,0.9778934404790464,4.825231811290191,5
R_6dth5vhxVEBQV2p,1,counterfactual,weighted examples,0,15,0.25,2.6592175888997844,0.07000297142537468,4,0,0,0,0.5207391495381098,0.7804704935951746,3.5117651469104745,5,1.7938859409013521,0.16631263127763904,4,0,0,0,0.27466364129720056,0.9815772093486695,4.853924605357773,5
R_6dth5vhxVEBQV2p,1,counterfactual,weighted examples,1,1,0.25,3.0819130282447906,0.045871419337382105,4,0,0,0,0.5756501653504441,0.720276817157826,3.187512451982314,5,1.8833993367580641,0.15207228123008462,4,0,0,0,0.2862227662573212,0.9796721069736861,4.839064566755135,5
R_6dth5vhxVEBQV2p,1,counterfactual,weighted examples,1,6,0.25,2.9271246708472387,0.05355079314783682,4,0,0,0,0.6292420375303832,0.6915758263600127,3.0436223064633574,5,1.8390949778829464,0.1589612244506467,4,0,0,0,0.29430941446432757,0.9792850805968748,4.836051276578833,5
R_6dth5vhxVEBQV2p,1,counterfactual,weighted examples,1,11,0.25,2.6801641858272522,0.0685518979801715,3,0,1,0,0.42835835443706083,0.75376330804237,3.364015147636413,5,1.7892263369187105,0.16708939056663213,3,0,1,0,0.26417749301629384,0.9800921209688513,4.84233681469421,5
R_6dth5vhxVEBQV2p,1,counterfactual,weighted examples,1,16,0.25,1.0162874267817652,0.36193616344486645,2,0,1,0,0.3916850511182156,0.8072739506836608,3.666572499884299,5,1.3878464730178586,0.24961227300118988,2,0,1,0,0.2545904974231173,0.9818459293575144,4.856024324347058,5
R_6dth5vhxVEBQV2p,1,counterfactual,weighted examples,2,2,0.0,0.5800685359701423,0.5598599947026098,1,1,1,0,0.5598599947026098,0.7414913148410176,3.29822430364542,5,1.6094379124341003,0.2,1,1,1,0,0.2,1.0000000000000002,5.000000000000001,5
R_6dth5vhxVEBQV2p,1,counterfactual,weighted examples,2,7,0.0,1.2297223377044877,0.29237374757732787,2,0,1,0,0.2923960629178157,0.7632347570432697,5.797419901569889,10,2.3025850929940455,0.1,1,1,1,0,0.1,0.9999999999999998,9.999999999999998,10
R_6dth5vhxVEBQV2p,1,counterfactual,weighted examples,2,12,0.0,0.8554212748576027,0.4251040676992481,1,1,1,0,0.4251040676992481,0.7617915546543004,3.4077634945938002,5,1.6094379124341003,0.2,1,1,1,0,0.2,1.0000000000000002,5.000000000000001,5
R_6dth5vhxVEBQV2p,1,counterfactual,weighted examples,2,17,0.0,2.5730468738085492,0.07630270617117581,4,0,0,0,0.6936391872423304,0.633247822252505,2.7709024271008524,5,1.6094379124341003,0.2,1,1,1,0,0.2,1.0000000000000002,5.000000000000001,5
R_6dth5vhxVEBQV2p,1,counterfactual,weighted examples,3,3,0.5,3.7181017278130377,0.024280014203265178,5,0,0,0,0.338120596854011,0.8491257768347729,3.922052907700677,5,2.589357993908637,0.07506821887191845,5,0,0,0,0.2801350541479848,0.9441811623376786,4.570401053222477,5
R_6dth5vhxVEBQV2p,1,counterfactual,weighted examples,3,8,0.5,1.8320512630291004,0.16008485460807287,4,0,0,0,0.45349628698632477,0.8409362575232412,3.8706973894469066,5,1.6454049131220214,0.1929344252948884,4,0,0,0,0.3247292956921929,0.9448401928000376,4.575251305962615,5
R_6dth5vhxVEBQV2p,1,counterfactual,weighted examples,3,13,0.5,2.8974340764832616,0.0551645867211787,4,0,0,0,0.44660577189679834,0.7776612658760647,3.495923321461764,5,2.1509923694553996,0.11636861979094877,4,0,0,0,0.3311066205525201,0.928892490823416,4.459313325591224,5
R_6dth5vhxVEBQV2p,1,counterfactual,weighted examples,3,18,0.5,3.6756077872869404,0.025334003157471773,5,0,0,0,0.5590993675802688,0.7628059820436233,3.4133317508757783,5,2.5385017652738786,0.07898464872977942,5,0,0,0,0.3710524310871464,0.9302327935299769,4.4689430445011435,5
R_6dth5vhxVEBQV2p,1,counterfactual,weighted examples,4,4,0.25,1.0818010620652156,0.3389844434898142,2,0,1,0,0.3390218806651273,0.8533439075268506,3.948769601581318,5,1.4171000231328639,0.24241599932894245,2,0,1,0,0.24242269210984307,0.9835180676657436,4.869110471387398,5
R_6dth5vhxVEBQV2p,1,counterfactual,weighted examples,4,9,0.25,1.3705918847243024,0.25395660202665304,2,0,1,0,0.5720267250601291,0.71892317257832,3.180575674340294,5,1.4550536000799135,0.23338785395826436,2,0,1,0,0.285918629597876,0.9796021745512346,4.838519951531938,5
R_6dth5vhxVEBQV2p,1,counterfactual,weighted examples,4,14,0.25,2.9638867252481997,0.051617902177100536,4,0,0,0,0.43798023444404977,0.777010580181127,3.4922641732569337,5,1.8667651359830983,0.1546230381747281,4,0,0,0,0.26389899894628355,0.9809067084557028,4.848689417077688,5
R_6dth5vhxVEBQV2p,1,counterfactual,weighted examples,4,19,0.25,2.9470428952119145,0.05249470901069667,4,0,0,0,0.4719069836545831,0.7851536518863437,3.5383342106449964,5,1.8652821152344679,0.15485251746777523,4,0,0,0,0.2681349885211838,0.9812868761283099,4.851657025858819,5
R_6ltB5PoMoQ8gakx,1,counterfactual,feature contribution,0,0,0.75,1.2074890712828488,0.2989469723610529,2,0,1,0,0.37285573772015546,0.7760529508858319,4.016858877214567,6,1.2702799935845919,0.28075300173299905,2,0,1,0,0.331348044412734,0.8467536767325266,4.559344751657141,6
R_6ltB5PoMoQ8gakx,1,counterfactual,feature contribution,0,5,0.75,3.0502760138744325,0.04734585447475287,5,0,0,0,0.5420438605929536,0.7227958871909836,3.6512748303141147,6,2.6366928911031855,0.07159765971437197,5,0,0,0,0.4456184668316405,0.8246924463938256,4.3826365705296,6
R_6ltB5PoMoQ8gakx,1,counterfactual,feature contribution,0,10,0.75,-0.0,1.0,1,1,1,0,1.0,0.0,1.0,1,-0.0,1.0,1,1,1,0,1.0,0.0,1.0,1
R_6ltB5PoMoQ8gakx,1,counterfactual,feature contribution,0,15,0.75,0.5404421894197433,0.5824906242268343,1,1,1,0,0.5824906242268343,0.7684570231836276,2.9017315296535227,4,0.6877022741120085,0.5027298784459544,1,1,1,0,0.5027298784459544,0.8520490853299183,3.2582519580835068,4
R_6ltB5PoMoQ8gakx,1,counterfactual,feature contribution,1,1,0.5,0.8037481599371086,0.44764795960022125,1,1,1,0,0.44764795960022125,0.7567317655019483,3.880179077262592,6,1.169439961760053,0.31054080730227934,1,1,1,0,0.31054080730227934,0.9178449263582757,5.178716978716807,6
R_6ltB5PoMoQ8gakx,1,counterfactual,feature contribution,1,6,0.5,0.8528355465430352,0.4262046936703733,1,1,1,0,0.4262046936703733,0.7509237728090681,3.840009269769149,6,1.1919121938617327,0.30364008986890184,1,1,1,0,0.30364008986890184,0.9171332343342772,5.172117386350468,6
R_6ltB5PoMoQ8gakx,1,counterfactual,feature contribution,1,11,0.5,1.3357356816458594,0.262964646013146,3,0,1,0,0.34535802532202253,0.7801391608545748,4.046376255160194,6,1.443036623267285,0.23620938959759172,3,0,1,0,0.27069688078868104,0.920240496366377,5.200993283124237,6
R_6ltB5PoMoQ8gakx,1,counterfactual,feature contribution,1,16,0.5,0.8698294776387695,0.41902299594651465,1,1,1,0,0.41902299594651465,0.81528151825104,3.096338150424861,4,1.050055657869749,0.3499182728635033,1,1,1,0,0.3499182728635033,0.9326560945867632,3.6434676701347195,4
R_6ltB5PoMoQ8gakx,1,counterfactual,feature contribution,2,2,1.0,2.6926242495903256,0.06770303637745097,3,0,1,0,0.648109229557735,0.6918561209049755,2.609389377851812,4,2.6926242495903256,0.06770303637745097,3,0,1,0,0.648109229557735,0.6918561209049755,2.609389377851812,4
R_6ltB5PoMoQ8gakx,1,counterfactual,feature contribution,2,7,1.0,2.392421548973127,0.0914080665475074,3,0,1,0,0.7337738217597463,0.616961083341437,2.3520556038900593,4,2.392421548973127,0.0914080665475074,3,0,1,0,0.7337738217597463,0.616961083341437,2.3520556038900593,4
R_6ltB5PoMoQ8gakx,1,counterfactual,feature contribution,2,12,1.0,1.7469978863906015,0.17429641644026617,3,0,1,0,0.5166106483048906,0.7346814393431094,3.729866439123419,6,1.7469978863906015,0.17429641644026617,3,0,1,0,0.5166106483048906,0.7346814393431094,3.729866439123419,6
R_6ltB5PoMoQ8gakx,1,counterfactual,feature contribution,2,17,1.0,0.31282183890981247,0.7313802044566325,1,1,1,0,0.7313802044566325,0.6199673663293483,2.3618784693586306,4,0.31282183890981247,0.7313802044566325,1,1,1,0,0.7313802044566325,0.6199673663293483,2.3618784693586306,4
R_6ltB5PoMoQ8gakx,1,counterfactual,feature contribution,3,3,0.75,4.311016141960402,0.013419906133845706,6,0,0,0,0.5921401850104078,0.6943677504517989,3.4699493315681256,6,3.573720277146569,0.028051300704922018,6,0,0,0,0.4802410683034194,0.8124949087886686,4.28789289890319,6
R_6ltB5PoMoQ8gakx,1,counterfactual,feature contribution,3,8,0.75,1.5914548561653903,0.2036291450112128,2,0,1,0,0.5565238747958855,0.7132206139374312,3.5891657313049037,6,1.5396854705386966,0.2144485412046659,2,0,1,0,0.4558332418585977,0.8205270314551375,4.350048864984758,6
R_6ltB5PoMoQ8gakx,1,counterfactual,feature contribution,3,13,0.75,0.3695191122476913,0.6910665761970648,1,1,1,0,0.6910665761970648,0.6566845663557872,2.485212356857879,4,0.530083662461502,0.5885557275976252,1,1,1,0,0.5885557275976252,0.7890022909489849,2.9855662485272476,4
R_6ltB5PoMoQ8gakx,1,counterfactual,feature contribution,3,18,0.75,0.6499117646017585,0.5220918417102786,1,1,1,0,0.5220918417102786,0.7574383225301276,2.857743922989296,4,0.7656733288287095,0.4650207136845607,1,1,1,0,0.4650207136845607,0.8406531828971915,3.207182311576516,4
R_6ltB5PoMoQ8gakx,1,counterfactual,feature contribution,4,4,0.75,0.7052039430086668,0.4940078145418687,1,1,1,0,0.4940078145418687,0.7404993687816281,3.768951160434296,6,0.8830880546681975,0.41350401504254775,1,1,1,0,0.41350401504254775,0.8319830765553674,4.440262763473767,6
R_6ltB5PoMoQ8gakx,1,counterfactual,feature contribution,4,9,0.75,-0.0,1.0,1,1,1,0,1.0,0.0,1.0,1,-0.0,1.0,1,1,1,0,1.0,0.0,1.0,1
R_6ltB5PoMoQ8gakx,1,counterfactual,feature contribution,4,14,0.75,-0.0,1.0,1,1,1,0,1.0,0.0,1.0,1,-0.0,1.0,1,1,1,0,1.0,0.0,1.0,1
R_6ltB5PoMoQ8gakx,1,counterfactual,feature contribution,4,19,0.75,0.3803553928776007,0.6836184129203892,1,1,1,0,0.6836184129203892,0.6702155586240127,2.5322697872573756,4,0.5420386182349894,0.581561461278298,1,1,1,0,0.581561461278298,0.7977494912063942,3.021990200863995,4
R_6upJU84Jtf3Faf5,1,none,weighted examples,0,0,2.0,1.1940503093671602,0.30299156584138587,1,1,1,0,0.30299156584138587,0.7619255441716304,5.7799694660554986,10,0.8556713003010525,0.4249977941523082,1,1,1,0,0.4249977941523082,0.5510039997408693,3.5563459385736396,10
R_6upJU84Jtf3Faf5,1,none,weighted examples,0,5,2.0,1.6083054314501477,0.2002266244965362,4,0,0,0,0.24840991124322892,0.7707523833815738,5.898646680202422,10,1.6139369077626644,0.1991022219981289,4,0,0,0,0.30645752816558625,0.6220421591434848,4.188342214829955,10
R_6upJU84Jtf3Faf5,1,none,weighted examples,0,10,2.0,0.4313919040361787,0.649604278343668,1,1,1,0,0.649604278343668,0.6735794311158901,2.956731021642472,5,0.08952597642903731,0.9143645128909235,1,1,1,0,0.9143645128909235,0.23166095636961967,1.451857724923763,5
R_6upJU84Jtf3Faf5,1,none,weighted examples,0,15,2.0,2.170804349254745,0.1140858151550521,2,0,1,0,0.4708204316202164,0.7377502804385186,5.467015188315017,10,3.02896928854069,0.04836546328121633,2,0,1,0,0.8237257733637278,0.32543999667851486,2.115631363592671,10
R_6upJU84Jtf3Faf5,1,none,weighted examples,1,1,1.5,1.1242461367838024,0.3248973031863061,1,1,1,0,0.3248973031863061,0.7536806410424781,5.671274142259621,10,0.8996080753801152,0.4067290356295769,1,1,1,0,0.4067290356295769,0.5993596113523295,3.9752057447111833,10
R_6upJU84Jtf3Faf5,1,none,weighted examples,1,6,1.5,0.3172137560463007,0.7281750866612173,1,1,1,0,0.7281750866612173,0.5906412959181089,2.5872628295154905,5,0.11117177637105481,0.8947850328012009,1,1,1,0,0.8947850328012009,0.2937471042919018,1.6044286731325552,5
R_6upJU84Jtf3Faf5,1,none,weighted examples,1,11,1.5,0.9266950272759259,0.39585985682285635,1,1,1,0,0.39585985682285635,0.7464107394539433,5.5771296361383484,10,0.6173684654901187,0.5393619212071222,1,1,1,0,0.5393619212071222,0.5790091171424468,3.7932294801533755,10
R_6upJU84Jtf3Faf5,1,none,weighted examples,1,16,1.5,1.0274291902555155,0.35792593829454133,2,0,1,0,0.43994976035828176,0.7785911595613323,3.5011592589009854,5,0.9657049671190873,0.3807147137586098,2,0,1,0,0.5188173984648825,0.6388888158342306,2.796173518607464,5
R_6upJU84Jtf3Faf5,1,none,weighted examples,2,2,3.0,2.601045709402383,0.07419595023047672,4,0,0,0,0.44510588148616453,0.7405371979330134,5.502210456987177,10,5.466960409462409,0.004224052053161728,4,0,0,0,0.9119660195768633,0.16498054448075924,1.462111673327525,10
R_6upJU84Jtf3Faf5,1,none,weighted examples,2,7,3.0,1.5605131881016265,0.2100282595355,3,0,1,0,0.28398690906285023,0.7673070491604298,5.852036809126577,10,1.6685515628595073,0.18851992724394367,3,0,1,0,0.46603552737892023,0.5318338709326054,3.402779995130804,10
R_6upJU84Jtf3Faf5,1,none,weighted examples,2,12,3.0,1.2622056567405084,0.28302907255455234,2,0,1,0,0.5524305883042335,0.7215377722822912,3.1939878505950103,5,2.1352432839340527,0.11821582686649994,2,0,1,0,0.8790541577822077,0.2389769995299509,1.4690539809414538,5
R_6upJU84Jtf3Faf5,1,none,weighted examples,2,17,3.0,1.3720454696244322,0.2535877227083131,2,0,1,0,0.2781444695875334,0.7785316964512281,6.005258359513478,10,1.1434380957090753,0.31872134145604575,2,0,1,0,0.4205694875764308,0.4939274575924982,3.1183686636732255,10
R_6upJU84Jtf3Faf5,1,none,weighted examples,3,3,1.5,1.074003920260197,0.34163788445004406,2,0,1,0,0.4141561916758126,0.8125916341763278,3.6980874602327716,5,1.0005075100658163,0.3676927860207312,2,0,1,0,0.49077486377115204,0.6918304140804441,3.044869665322532,5
R_6upJU84Jtf3Faf5,1,none,weighted examples,3,8,1.5,0.3197678859879972,0.7263176060028464,1,1,1,0,0.7263176060028464,0.5916401788557569,2.591425562102974,5,0.11360599886932483,0.8926095757906519,1,1,1,0,0.8926095757906519,0.2963359905088415,1.6111277150714824,5
R_6upJU84Jtf3Faf5,1,none,weighted examples,3,13,1.5,0.6045196785342573,0.5463367809108677,1,1,1,0,0.5463367809108677,0.7585583936099173,3.3900770083809486,5,0.3623661291936978,0.6960274852026819,1,1,1,0,0.6960274852026819,0.5711658623513,2.5074241550452046,5
R_6upJU84Jtf3Faf5,1,none,weighted examples,3,18,1.5,0.5561394554330467,0.5734185039737982,1,1,1,0,0.5734185039737982,0.7355418685925268,3.2667936525923693,5,0.31480979821260235,0.7299276946188865,1,1,1,0,0.7299276946188865,0.531071160116715,2.3507303316324273,5
R_6upJU84Jtf3Faf5,1,none,weighted examples,4,4,1.5,0.6835056153198735,0.5048440974353005,1,1,1,0,0.5048440974353005,0.8087572056226807,3.675335822211183,5,0.42820522410386697,0.6516776611104494,1,1,1,0,0.6516776611104494,0.6516944727623991,2.854400366459325,5
R_6upJU84Jtf3Faf5,1,none,weighted examples,4,9,1.5,0.8143071150429979,0.44294613177046277,1,1,1,0,0.44294613177046277,0.7384089530440734,5.475313026250674,10,0.47205387931251686,0.623719906412652,1,1,1,0,0.623719906412652,0.539777890142352,3.465595652563559,10
R_6upJU84Jtf3Faf5,1,none,weighted examples,4,14,1.5,1.0290791376124395,0.3573358662664333,1,1,1,0,0.3573358662664333,0.7629218433210092,5.793244304280089,10,0.7440210169999942,0.4751992843178368,1,1,1,0,0.4751992843178368,0.6115757525343287,4.088610621597169,10
R_6upJU84Jtf3Faf5,1,none,weighted examples,4,19,1.5,0.42057960958941365,0.6566660995228228,1,1,1,0,0.6566660995228228,0.6744884629917044,2.96105997482975,5,0.18365801676032073,0.8322203605821168,1,1,1,0,0.8322203605821168,0.40803489655987146,1.9284312182915657,5
R_771uyV9h8uinmh3,1,attribution,feature contribution,0,0,1.0,0.31866533006553543,0.7271188534098018,1,1,1,0,0.7271188534098018,0.6253825420869923,2.379675875484775,4,0.31866533006553543,0.7271188534098018,1,1,1,0,0.7271188534098018,0.6253825420869923,2.379675875484775,4
R_771uyV9h8uinmh3,1,attribution,feature contribution,0,5,1.0,2.2476445112008654,0.10564778387917718,3,0,1,0,0.6214567048223386,0.723556148114672,2.726617440248544,4,2.2476445112008654,0.10564778387917718,3,0,1,0,0.6214567048223386,0.723556148114672,2.726617440248544,4
R_771uyV9h8uinmh3,1,attribution,feature contribution,0,10,1.0,0.43279029207090497,0.6486965143446094,1,1,1,0,0.6486965143446094,0.6916953010931571,2.6088076960381272,4,0.43279029207090497,0.6486965143446094,1,1,1,0,0.6486965143446094,0.6916953010931571,2.6088076960381272,4
R_771uyV9h8uinmh3,1,attribution,feature contribution,0,15,1.0,0.4637550280784023,0.6289176027512485,1,1,1,0,0.6289176027512485,0.7130593715633723,2.6872280185755906,4,0.4637550280784023,0.6289176027512485,1,1,1,0,0.6289176027512485,0.7130593715633723,2.6872280185755906,4
R_771uyV9h8uinmh3,1,attribution,feature contribution,1,1,1.0,0.5410953847880828,0.5821102682858813,1,1,1,0,0.5821102682858813,0.7488880493330813,2.824070488680855,4,0.5410953847880828,0.5821102682858813,1,1,1,0,0.5821102682858813,0.7488880493330813,2.824070488680855,4
R_771uyV9h8uinmh3,1,attribution,feature contribution,1,6,1.0,0.6024657218392585,0.5474600862150578,1,1,1,0,0.5474600862150578,0.767229387155189,2.8967973744268747,4,0.6024657218392585,0.5474600862150578,1,1,1,0,0.5474600862150578,0.767229387155189,2.8967973744268747,4
R_771uyV9h8uinmh3,1,attribution,feature contribution,1,11,1.0,0.469344280671708,0.6254122287450504,1,1,1,0,0.6254122287450504,0.7309718175092498,2.7547924630489264,4,0.469344280671708,0.6254122287450504,1,1,1,0,0.6254122287450504,0.7309718175092498,2.7547924630489264,4
R_771uyV9h8uinmh3,1,attribution,feature contribution,1,16,1.0,1.008123503468186,0.36490307687588047,1,1,1,0,0.36490307687588047,0.8642155949835737,3.3136728816389027,4,1.008123503468186,0.36490307687588047,1,1,1,0,0.36490307687588047,0.8642155949835737,3.3136728816389027,4
R_771uyV9h8uinmh3,1,attribution,feature contribution,2,2,1.5,1.2914177557592403,0.27488079287243894,2,0,1,0,0.5461422226017221,0.7816699299670548,2.9553722509425486,4,1.4403874932332543,0.2368359685640357,2,0,1,0,0.6632689971239486,0.6341000465510902,2.4086087988134652,4
R_771uyV9h8uinmh3,1,attribution,feature contribution,2,7,1.5,1.5467499665810376,0.21293890900782214,2,0,1,0,0.5779019941184852,0.7709531931733379,2.91179015151263,4,1.8366569923980962,0.1593492424073937,2,0,1,0,0.7124407557795077,0.6021365279065597,2.304211356598793,4
R_771uyV9h8uinmh3,1,attribution,feature contribution,2,12,1.5,2.341095644566426,0.09622215517359033,3,0,1,0,0.6587351531951655,0.6921606703906323,2.610491282205498,4,3.102203855989973,0.044950029760260184,3,0,1,0,0.8051626558825525,0.46470375816488163,1.9044937010645933,4
R_771uyV9h8uinmh3,1,attribution,feature contribution,2,17,1.5,0.7309381594748277,0.4814570946133007,1,1,1,0,0.4814570946133007,0.7861068991029994,2.97360660574979,4,0.5901854198770847,0.554224510965951,1,1,1,0,0.554224510965951,0.6640214316703447,2.5106185734508095,4
R_771uyV9h8uinmh3,1,attribution,feature contribution,3,3,1.5,0.3011524532000742,0.7399649541219473,1,1,1,0,0.7399649541219473,0.6085198728005667,2.3246922583828287,4,0.11827332721807637,0.8884531809880658,1,1,1,0,0.8884531809880658,0.3305492425037071,1.5812861754000285,4
R_771uyV9h8uinmh3,1,attribution,feature contribution,3,8,1.5,2.2033723838703243,0.11043011695125968,2,0,1,0,0.7413196121732254,0.6083479174178198,2.3241381624804354,4,2.9722012109420994,0.0511905051234284,2,0,1,0,0.8903614572603608,0.3287110294985407,1.577261706965424,4
R_771uyV9h8uinmh3,1,attribution,feature contribution,3,13,1.5,1.236728688562163,0.2903324339504567,2,0,1,0,0.5036626992750838,0.8102196174846505,3.0746863221173864,4,1.3296321801866968,0.2645745591696434,2,0,1,0,0.6045252311133859,0.6922809226534665,2.610926500518673,4
R_771uyV9h8uinmh3,1,attribution,feature contribution,3,18,1.5,1.4496626758775577,0.23464942765747143,2,0,1,0,0.542962609587244,0.7950332642387923,3.01063232400039,4,1.6662980489885237,0.18894523855742787,2,0,1,0,0.6650611645866594,0.6529884078614686,2.4725107879867747,4
R_771uyV9h8uinmh3,1,attribution,feature contribution,4,4,1.0,1.0040182612684587,0.3664041714561266,2,0,1,0,0.44187178839357777,0.8199192509534382,3.1163094533655205,4,1.0040182612684587,0.3664041714561266,2,0,1,0,0.44187178839357777,0.8199192509534382,3.1163094533655205,4
R_771uyV9h8uinmh3,1,attribution,feature contribution,4,9,1.0,0.6775266413016934,0.5078715888042912,1,1,1,0,0.5078715888042912,0.8019589834683701,3.0396768688636007,4,0.6775266413016934,0.5078715888042912,1,1,1,0,0.5078715888042912,0.8019589834683701,3.0396768688636007,4
R_771uyV9h8uinmh3,1,attribution,feature contribution,4,14,1.0,0.616288999767031,0.539944458271234,1,1,1,0,0.539944458271234,0.7537595055007179,2.8432067489059145,4,0.616288999767031,0.539944458271234,1,1,1,0,0.539944458271234,0.7537595055007179,2.8432067489059145,4
R_771uyV9h8uinmh3,1,attribution,feature contribution,4,19,1.0,0.37314093787834235,0.6885681806664753,1,1,1,0,0.6885681806664753,0.6618740579679547,2.503155846344437,4,0.37314093787834235,0.6885681806664753,1,1,1,0,0.6885681806664753,0.6618740579679547,2.503155846344437,4
R_7DtIw0Gr58M4CAa,0,counterfactual,feature contribution,0,0,0.5,3.256303842156686,0.03853055014248744,4,0,0,0,0.5801430952788907,0.7554198301020647,2.849758491167325,4,2.224804726519024,0.10808852339637927,4,0,0,0,0.41941556428031557,0.9219838561211859,3.589959857864654,4
R_7DtIw0Gr58M4CAa,0,counterfactual,feature contribution,0,5,0.5,2.1120668819746213,0.12098764065195945,3,0,1,0,0.5801430952788907,0.7554198301020647,2.849758491167325,4,1.6526862464279914,0.19153470752807708,3,0,1,0,0.41941556428031557,0.9219838561211859,3.589959857864654,4
R_7DtIw0Gr58M4CAa,0,counterfactual,feature contribution,0,10,0.5,2.5621081555980583,0.07714194168482892,4,0,0,0,0.5212236475670896,0.7282258161459335,3.6869719146196904,6,2.0392689331150127,0.13012380531900963,4,0,0,0,0.3382388801898772,0.9148850638537618,5.151325068396572,6
R_7DtIw0Gr58M4CAa,0,counterfactual,feature contribution,0,15,0.5,3.256303842156686,0.03853055014248744,4,0,0,0,0.5801430952788907,0.7554198301020647,2.849758491167325,4,2.224804726519024,0.10808852339637927,4,0,0,0,0.41941556428031557,0.9219838561211859,3.589959857864654,4
R_7DtIw0Gr58M4CAa,0,counterfactual,feature contribution,1,1,1.0,0.47182295889549614,0.6238639527045197,1,1,1,0,0.6238639527045197,0.6979665008236422,3.075088705115792,5,0.47182295889549614,0.6238639527045197,1,1,1,0,0.6238639527045197,0.6979665008236422,3.075088705115792,5
R_7DtIw0Gr58M4CAa,0,counterfactual,feature contribution,1,6,1.0,1.5090983651207246,0.22110924792156084,2,0,1,0,0.3570280697870932,0.7818546470436779,6.051383085994311,10,1.5090983651207246,0.22110924792156084,2,0,1,0,0.3570280697870932,0.7818546470436779,6.051383085994311,10
R_7DtIw0Gr58M4CAa,0,counterfactual,feature contribution,1,11,1.0,2.725619758806379,0.06550559246724527,5,0,0,0,0.3570280697870932,0.7818546470436779,6.051383085994311,10,2.725619758806379,0.06550559246724527,5,0,0,0,0.3570280697870932,0.7818546470436779,6.051383085994311,10
R_7DtIw0Gr58M4CAa,0,counterfactual,feature contribution,1,16,1.0,2.65213552040982,0.07050049693891504,4,0,0,0,0.3842520217448269,0.7539730735942721,5.675094185406089,10,2.65213552040982,0.07050049693891504,4,0,0,0,0.3842520217448269,0.7539730735942721,5.675094185406089,10
R_7DtIw0Gr58M4CAa,0,counterfactual,feature contribution,2,2,0.75,0.9564566350422654,0.3842520217448269,1,1,1,0,0.3842520217448269,0.7539730735942721,5.675094185406089,10,1.1794887233639482,0.3074358832096937,1,1,1,0,0.3074358832096937,0.8428282621162757,6.96351093821872,10
R_7DtIw0Gr58M4CAa,0,counterfactual,feature contribution,2,7,0.75,0.9564566350422654,0.3842520217448269,1,1,1,0,0.3842520217448269,0.7539730735942721,5.675094185406089,10,1.1794887233639482,0.3074358832096937,1,1,1,0,0.3074358832096937,0.8428282621162757,6.96351093821872,10
R_7DtIw0Gr58M4CAa,0,counterfactual,feature contribution,2,12,0.75,1.4574968925381575,0.23281831523300864,2,0,1,0,0.3842520217448269,0.7539730735942721,5.675094185406089,10,1.555268916485867,0.21113259796984823,2,0,1,0,0.3074358832096937,0.8428282621162757,6.96351093821872,10
R_7DtIw0Gr58M4CAa,0,counterfactual,feature contribution,2,17,0.75,0.9564566350422654,0.3842520217448269,1,1,1,0,0.3842520217448269,0.7539730735942721,5.675094185406089,10,1.1794887233639482,0.3074358832096937,1,1,1,0,0.3074358832096937,0.8428282621162757,6.96351093821872,10
R_7DtIw0Gr58M4CAa,0,counterfactual,feature contribution,3,3,1.0,0.9564566350422654,0.3842520217448269,1,1,1,0,0.3842520217448269,0.7539730735942721,5.675094185406089,10,0.9564566350422654,0.3842520217448269,1,1,1,0,0.3842520217448269,0.7539730735942721,5.675094185406089,10
R_7DtIw0Gr58M4CAa,0,counterfactual,feature contribution,3,8,1.0,2.65213552040982,0.07050049693891504,4,0,0,0,0.3842520217448269,0.7539730735942721,5.675094185406089,10,2.65213552040982,0.07050049693891504,4,0,0,0,0.3842520217448269,0.7539730735942721,5.675094185406089,10
R_7DtIw0Gr58M4CAa,0,counterfactual,feature contribution,3,13,1.0,0.7062353288788173,0.4934985645239859,1,1,1,0,0.4934985645239859,0.7989992257265938,3.6180660613639697,5,0.7062353288788173,0.4934985645239859,1,1,1,0,0.4934985645239859,0.7989992257265938,3.6180660613639697,5
R_7DtIw0Gr58M4CAa,0,counterfactual,feature contribution,3,18,1.0,2.65213552040982,0.07050049693891504,4,0,0,0,0.3842520217448269,0.7539730735942721,5.675094185406089,10,2.65213552040982,0.07050049693891504,4,0,0,0,0.3842520217448269,0.7539730735942721,5.675094185406089,10
R_7DtIw0Gr58M4CAa,0,counterfactual,feature contribution,4,4,1.0,0.9564566350422654,0.3842520217448269,1,1,1,0,0.3842520217448269,0.7539730735942721,5.675094185406089,10,0.9564566350422654,0.3842520217448269,1,1,1,0,0.3842520217448269,0.7539730735942721,5.675094185406089,10
R_7DtIw0Gr58M4CAa,0,counterfactual,feature contribution,4,9,1.0,1.4217164650685792,0.2412994791020468,2,0,1,0,0.4934985645239859,0.7989992257265938,3.6180660613639697,5,1.4217164650685792,0.2412994791020468,2,0,1,0,0.4934985645239859,0.7989992257265938,3.6180660613639697,5
R_7DtIw0Gr58M4CAa,0,counterfactual,feature contribution,4,14,1.0,0.7062353288788173,0.4934985645239859,1,1,1,0,0.4934985645239859,0.7989992257265938,3.6180660613639697,5,0.7062353288788173,0.4934985645239859,1,1,1,0,0.4934985645239859,0.7989992257265938,3.6180660613639697,5
R_7DtIw0Gr58M4CAa,0,counterfactual,feature contribution,4,19,1.0,1.5090983651207246,0.22110924792156084,2,0,1,0,0.3570280697870932,0.7818546470436779,6.051383085994311,10,1.5090983651207246,0.22110924792156084,2,0,1,0,0.3570280697870932,0.7818546470436779,6.051383085994311,10
R_7IXNpixLXSjItSq,0,none,feature contribution,0,0,0.25,0.7553685353686269,0.4698374311094846,1,1,1,0,0.4698374311094846,0.7615031273627455,3.4061819580608406,5,1.310875301299541,0.2695839858701773,1,1,1,0,0.2695839858701773,0.9805202492255906,4.845674556566459,5
R_7IXNpixLXSjItSq,0,none,feature contribution,0,5,0.25,2.6068934786325357,0.07376333558384797,4,0,0,0,0.4698374311094846,0.7615031273627455,3.4061819580608406,5,1.7737565371155184,0.16969432696043296,4,0,0,0,0.2695839858701773,0.9805202492255906,4.845674556566459,5
R_7IXNpixLXSjItSq,0,none,feature contribution,0,10,0.25,3.0033836011570556,0.049618893464576146,6,0,0,0,0.502916885936552,0.7163789986018518,5.204499828986589,10,2.3447888829101475,0.09586743924900859,6,0,0,0,0.17105407020491653,0.9797153258740288,9.543668064877155,10
R_7IXNpixLXSjItSq,0,none,feature contribution,0,15,0.25,0.7553685353686269,0.4698374311094846,1,1,1,0,0.4698374311094846,0.7615031273627455,3.4061819580608406,5,1.310875301299541,0.2695839858701773,1,1,1,0,0.2695839858701773,0.9805202492255906,4.845674556566459,5
R_7IXNpixLXSjItSq,0,none,feature contribution,1,1,0.5,2.6068934786325357,0.07376333558384797,4,0,0,0,0.4698374311094846,0.7615031273627455,3.4061819580608406,5,1.999563042736311,0.13539443189343286,4,0,0,0,0.34170736328944235,0.9256953738477005,4.43642658869767,5
R_7IXNpixLXSjItSq,0,none,feature contribution,1,6,0.5,2.6068934786325357,0.07376333558384797,4,0,0,0,0.4698374311094846,0.7615031273627455,3.4061819580608406,5,1.999563042736311,0.13539443189343286,4,0,0,0,0.34170736328944235,0.9256953738477005,4.43642658869767,5
R_7IXNpixLXSjItSq,0,none,feature contribution,1,11,0.5,3.376610294665228,0.034163061399118004,5,0,0,0,0.4698374311094846,0.7615031273627455,3.4061819580608406,5,2.384421450752657,0.09214227300405421,5,0,0,0,0.34170736328944235,0.9256953738477005,4.43642658869767,5
R_7IXNpixLXSjItSq,0,none,feature contribution,1,16,0.5,1.0605570527503152,0.3462628699120349,2,0,1,0,0.4698374311094846,0.7615031273627455,3.4061819580608406,5,1.2263948297952008,0.29334824395790604,2,0,1,0,0.34170736328944235,0.9256953738477005,4.43642658869767,5
R_7IXNpixLXSjItSq,0,none,feature contribution,2,2,0.25,1.670195366310027,0.1882102920964321,2,0,1,0,0.5066244606691882,0.8021605869444235,3.6365217458851373,5,1.5530740371308578,0.21159651748774363,2,0,1,0,0.2710311526717295,0.9824491306935202,4.860740915180596,5
R_7IXNpixLXSjItSq,0,none,feature contribution,2,7,0.25,2.20386790871571,0.11037540964016684,2,0,1,0,0.7190454146701959,0.6004514323673015,2.628436807808108,5,1.6352439320839984,0.19490482196061146,2,0,1,0,0.31138205602280705,0.9769512212524506,4.817920165870533,5
R_7IXNpixLXSjItSq,0,none,feature contribution,2,12,0.25,1.1065068747751188,0.3307121647650473,2,0,1,0,0.405236601321512,0.8104925221405431,3.685614957071417,5,1.4108985584091835,0.24392400468532352,2,0,1,0,0.256636938090936,0.9818488952287474,4.856047504078993,5
R_7IXNpixLXSjItSq,0,none,feature contribution,2,17,0.25,2.098867264381121,0.12259521760200444,3,0,1,0,0.6472571135894059,0.6784198521507517,2.9798549671738868,5,1.6292222061916515,0.19608202621699783,3,0,1,0,0.2972272421724765,0.979060889004106,4.834306635485246,5
R_7IXNpixLXSjItSq,0,none,feature contribution,3,3,0.25,2.6068934786325357,0.07376333558384797,4,0,0,0,0.4698374311094846,0.7615031273627455,3.4061819580608406,5,1.7737565371155184,0.16969432696043296,4,0,0,0,0.2695839858701773,0.9805202492255906,4.845674556566459,5
R_7IXNpixLXSjItSq,0,none,feature contribution,3,8,0.25,2.577373289945133,0.07597330199551441,3,0,1,0,0.4698374311094846,0.7615031273627455,3.4061819580608406,5,1.7663764899436676,0.17095131169637484,3,0,1,0,0.2695839858701773,0.9805202492255906,4.845674556566459,5
R_7IXNpixLXSjItSq,0,none,feature contribution,3,13,0.25,1.0605570527503152,0.3462628699120349,2,0,1,0,0.4698374311094846,0.7615031273627455,3.4061819580608406,5,1.3871724306449633,0.2497805789662912,2,0,1,0,0.2695839858701773,0.9805202492255906,4.845674556566459,5
R_7IXNpixLXSjItSq,0,none,feature contribution,3,18,0.25,2.577373289945133,0.07597330199551441,3,0,1,0,0.4698374311094846,0.7615031273627455,3.4061819580608406,5,1.7663764899436676,0.17095131169637484,3,0,1,0,0.2695839858701773,0.9805202492255906,4.845674556566459,5
R_7IXNpixLXSjItSq,0,none,feature contribution,4,4,0.25,2.3636042123999736,0.09408052519665408,2,0,1,0,0.7350675602041242,0.5821225576753103,2.5520325344386072,5,1.6703765437275508,0.18817619573059768,2,0,1,0,0.31460930644397356,0.9764669437291319,4.814166471554014,5
R_7IXNpixLXSjItSq,0,none,feature contribution,4,9,0.25,1.0034616648713948,0.3666081674642834,2,0,1,0,0.37903026802575557,0.8171472288510222,3.7253012839321222,5,1.3877892085014554,0.24962656733656677,2,0,1,0,0.25171479561287663,0.9823044530560243,4.85960922500084,5
R_7IXNpixLXSjItSq,0,none,feature contribution,4,14,0.25,3.068215770448157,0.04650405478801907,4,0,0,0,0.5990264396518183,0.7117956731282965,3.144298906969589,5,1.878678961729363,0.15279181633066855,4,0,0,0,0.28946021886318085,0.9796366688499795,4.838788576353074,5
R_7IXNpixLXSjItSq,0,none,feature contribution,4,19,0.25,2.5785376897349446,0.07588489018197736,3,0,1,0,0.738047564305743,0.5789385411943743,2.538988154183427,5,1.7233174672378155,0.1784730861078629,3,0,1,0,0.3151773457036453,0.9763937650956204,4.813599509422759,5
R_7L78tZJ3cQDgpFH,0,counterfactual,feature contribution,0,0,0.5,-0.0,1.0,1,1,1,0,1.0,0.0,1.0,1,-0.0,1.0,1,1,1,0,1.0,0.0,1.0,1
R_7L78tZJ3cQDgpFH,0,counterfactual,feature contribution,0,5,0.5,-0.0,1.0,1,1,1,0,1.0,0.0,1.0,1,-0.0,1.0,1,1,1,0,1.0,0.0,1.0,1
R_7L78tZJ3cQDgpFH,0,counterfactual,feature contribution,0,10,0.5,3.445724184416561,0.031881665475219124,5,0,0,0,0.6238639527045197,0.6979665008236422,3.075088705115792,5,2.39839682392476,0.09086350678448651,5,0,0,0,0.401942509749202,0.9169414407667663,4.374360414940817,5
R_7L78tZJ3cQDgpFH,0,counterfactual,feature contribution,0,15,0.5,1.0299408734388242,0.3570280697870932,1,1,1,0,0.3570280697870932,0.7818546470436779,6.051383085994311,10,1.5219091178919186,0.21829473849514996,1,1,1,0,0.21829473849514996,0.9291860411015255,8.495443210447112,10
R_7L78tZJ3cQDgpFH,0,counterfactual,feature contribution,1,1,0.25,0.47182295889549614,0.6238639527045197,1,1,1,0,0.6238639527045197,0.6979665008236422,3.075088705115792,5,1.2271396488185782,0.293129833953392,1,1,1,0,0.293129833953392,0.9795233913114294,4.837906481903291,5
R_7L78tZJ3cQDgpFH,0,counterfactual,feature contribution,1,6,0.25,-0.0,1.0,1,1,1,0,1.0,0.0,1.0,1,-0.0,1.0,1,1,1,0,1.0,0.0,1.0,1
R_7L78tZJ3cQDgpFH,0,counterfactual,feature contribution,1,11,0.25,-0.0,1.0,1,1,1,0,1.0,0.0,1.0,1,-0.0,1.0,1,1,1,0,1.0,0.0,1.0,1
R_7L78tZJ3cQDgpFH,0,counterfactual,feature contribution,1,16,0.25,1.5090983651207246,0.22110924792156084,2,0,1,0,0.3570280697870932,0.7818546470436779,6.051383085994311,10,1.989220067030681,0.1368020803009965,2,0,1,0,0.15421143030474788,0.9806027810575088,9.563189927313118,10
R_7L78tZJ3cQDgpFH,0,counterfactual,feature contribution,2,2,0.5,2.7302430482267988,0.06520344016159588,4,0,0,0,0.6238639527045197,0.6979665008236422,3.075088705115792,5,2.040656255829879,0.1299434067725802,4,0,0,0,0.401942509749202,0.9169414407667663,4.374360414940817,5
R_7L78tZJ3cQDgpFH,0,counterfactual,feature contribution,2,7,0.5,-0.0,1.0,1,1,1,0,1.0,0.0,1.0,1,-0.0,1.0,1,1,1,0,1.0,0.0,1.0,1
R_7L78tZJ3cQDgpFH,0,counterfactual,feature contribution,2,12,0.5,-0.0,1.0,1,1,1,0,1.0,0.0,1.0,1,-0.0,1.0,1,1,1,0,1.0,0.0,1.0,1
R_7L78tZJ3cQDgpFH,0,counterfactual,feature contribution,2,17,0.5,0.9564566350422654,0.3842520217448269,1,1,1,0,0.3842520217448269,0.7539730735942721,5.675094185406089,10,1.4691514723522814,0.23012066611431575,1,1,1,0,0.23012066611431575,0.9230504675969224,8.376266136564764,10
R_7L78tZJ3cQDgpFH,0,counterfactual,feature contribution,3,3,0.75,-0.0,1.0,1,1,1,0,1.0,0.0,1.0,1,-0.0,1.0,1,1,1,0,1.0,0.0,1.0,1
R_7L78tZJ3cQDgpFH,0,counterfactual,feature contribution,3,8,0.75,2.7357192326916673,0.06484734999313782,5,0,0,0,0.3842520217448269,0.7539730735942721,5.675094185406089,10,2.5139356716009997,0.08094902271739332,5,0,0,0,0.3074358832096937,0.8428282621162757,6.96351093821872,10
R_7L78tZJ3cQDgpFH,0,counterfactual,feature contribution,3,13,0.75,3.214876724373568,0.04016028430268615,6,0,0,0,0.3842520217448269,0.7539730735942721,5.675094185406089,10,2.8733037903624252,0.056511914307427885,6,0,0,0,0.3074358832096937,0.8428282621162757,6.96351093821872,10
R_7L78tZJ3cQDgpFH,0,counterfactual,feature contribution,3,18,0.75,3.214876724373568,0.04016028430268615,6,0,0,0,0.3842520217448269,0.7539730735942721,5.675094185406089,10,2.8733037903624252,0.056511914307427885,6,0,0,0,0.3074358832096937,0.8428282621162757,6.96351093821872,10
R_7L78tZJ3cQDgpFH,0,counterfactual,feature contribution,4,4,0.5,-0.0,1.0,1,1,1,0,1.0,0.0,1.0,1,-0.0,1.0,1,1,1,0,1.0,0.0,1.0,1
R_7L78tZJ3cQDgpFH,0,counterfactual,feature contribution,4,9,0.5,1.7500452990490065,0.1737660718343544,2,0,1,0,0.6238639527045197,0.6979665008236422,3.075088705115792,5,1.5505573812409827,0.21212970375151805,2,0,1,0,0.401942509749202,0.9169414407667663,4.374360414940817,5
R_7L78tZJ3cQDgpFH,0,counterfactual,feature contribution,4,14,0.5,2.2510855565448984,0.10528486982431084,3,0,1,0,0.6238639527045197,0.6979665008236422,3.075088705115792,5,1.8010775099889287,0.1651208729422132,3,0,1,0,0.401942509749202,0.9169414407667663,4.374360414940817,5
R_7L78tZJ3cQDgpFH,0,counterfactual,feature contribution,4,19,0.5,0.7062353288788173,0.4934985645239859,1,1,1,0,0.4934985645239859,0.7989992257265938,3.6180660613639697,5,1.066068297682859,0.34435977944077034,1,1,1,0,0.34435977944077034,0.9358623910090729,4.509617836071481,5
R_7MBioYOD8gq6nT3,0,counterfactual,feature contribution,0,0,0.25,1.0929755595350843,0.3352175484606089,2,0,1,0,0.4409500189868867,0.7896168319758538,3.563842318119896,5,1.4025798873342836,0.24596159150472222,2,0,1,0,0.2634104192104314,0.9813453514607854,4.852113648514709,5
R_7MBioYOD8gq6nT3,0,counterfactual,feature contribution,0,5,0.25,2.1527037543694876,0.11616963860582985,3,0,1,0,0.6638176819748606,0.6604755623801118,2.8950269216155453,5,1.6379264090846786,0.19438269486842694,3,0,1,0,0.300536097890724,0.978534782481651,4.830214987586739,5
R_7MBioYOD8gq6nT3,0,counterfactual,feature contribution,0,10,0.25,2.1173579321690004,0.12034917952678785,2,0,1,0,0.6661275069456577,0.664147008931976,2.912184176051451,5,1.6310187754569594,0.1957300675289648,2,0,1,0,0.3002175693120566,0.9788836331069739,4.832927689778045,5
R_7MBioYOD8gq6nT3,0,counterfactual,feature contribution,0,15,0.25,2.277402641738093,0.1025502207622535,3,0,1,0,0.41120883892354454,0.7982753709328407,3.6138534710697945,5,1.7015478521236471,0.18240097570002003,3,0,1,0,0.2581122505322027,0.9817789933124372,4.855501215895767,5
R_7MBioYOD8gq6nT3,0,counterfactual,feature contribution,1,1,0.25,3.1304214155123575,0.04369937777622168,5,0,0,0,0.6895619006573801,0.6333559747437032,2.771384785434593,5,1.8754532520723215,0.1532854741384515,5,0,0,0,0.3055100510450296,0.9778301553251385,4.824740369444442,5
R_7MBioYOD8gq6nT3,0,counterfactual,feature contribution,1,6,0.25,0.3378068925092907,0.7133330245492755,1,1,1,0,0.7133330245492755,0.6081469728589827,2.661193734386772,5,1.17095566550719,0.3100704759685381,1,1,1,0,0.3100704759685381,0.9772097901888269,4.819925563720133,5
R_7MBioYOD8gq6nT3,0,counterfactual,feature contribution,1,11,0.25,1.860411506382652,0.1556085832657961,2,0,1,0,0.6691649764310557,0.6520613543058239,2.8560863106968193,5,1.5624979245726487,0.20961182218475533,2,0,1,0,0.301849657048562,0.9782696588032427,4.8281543740341295,5
R_7MBioYOD8gq6nT3,0,counterfactual,feature contribution,1,16,0.25,2.654232815363098,0.07035279154750941,3,0,1,0,0.48714617705369184,0.7446836560635379,3.3152137753334765,5,1.7807345068505216,0.16851432687319856,3,0,1,0,0.2733577058320364,0.9799039955118833,4.840870892081853,5
R_7MBioYOD8gq6nT3,0,counterfactual,feature contribution,2,2,0.25,1.5090983651207246,0.22110924792156084,2,0,1,0,0.3570280697870932,0.7818546470436779,6.051383085994311,10,1.989220067030681,0.1368020803009965,2,0,1,0,0.15421143030474788,0.9806027810575088,9.563189927313118,10
R_7MBioYOD8gq6nT3,0,counterfactual,feature contribution,2,7,0.25,2.65213552040982,0.07050049693891504,4,0,0,0,0.3842520217448269,0.7539730735942721,5.675094185406089,10,2.2640956632646576,0.10392397432546094,4,0,0,0,0.15878948592159925,0.9796991326045705,9.543312222668947,10
R_7MBioYOD8gq6nT3,0,counterfactual,feature contribution,2,12,0.25,1.9008739567504798,0.14943795982185462,3,0,1,0,0.4934985645239859,0.7989992257265938,3.6180660613639697,5,1.6091418667378168,0.2000592179044271,3,0,1,0,0.26968997788246574,0.982161442219712,4.858490831737367,5
R_7MBioYOD8gq6nT3,0,counterfactual,feature contribution,2,17,0.25,1.9008739567504798,0.14943795982185462,3,0,1,0,0.4934985645239859,0.7989992257265938,3.6180660613639697,5,1.6091418667378168,0.2000592179044271,3,0,1,0,0.26968997788246574,0.982161442219712,4.858490831737367,5
R_7MBioYOD8gq6nT3,0,counterfactual,feature contribution,3,3,0.5,1.9008739567504798,0.14943795982185462,3,0,1,0,0.4934985645239859,0.7989992257265938,3.6180660613639697,5,1.6633876116186903,0.18949595286158083,3,0,1,0,0.34435977944077034,0.9358623910090729,4.509617836071481,5
R_7MBioYOD8gq6nT3,0,counterfactual,feature contribution,3,8,0.5,3.680136554399882,0.02521953076219237,5,0,0,0,0.4934985645239859,0.7989992257265938,3.6180660613639697,5,2.5530189104433916,0.07784629989757592,5,0,0,0,0.34435977944077034,0.9358623910090729,4.509617836071481,5
R_7MBioYOD8gq6nT3,0,counterfactual,feature contribution,3,13,0.5,1.9008739567504798,0.14943795982185462,3,0,1,0,0.4934985645239859,0.7989992257265938,3.6180660613639697,5,1.6633876116186903,0.18949595286158083,3,0,1,0,0.34435977944077034,0.9358623910090729,4.509617836071481,5
R_7MBioYOD8gq6nT3,0,counterfactual,feature contribution,3,18,0.5,1.9008739567504798,0.14943795982185462,3,0,1,0,0.4934985645239859,0.7989992257265938,3.6180660613639697,5,1.6633876116186903,0.18949595286158083,3,0,1,0,0.34435977944077034,0.9358623910090729,4.509617836071481,5
R_7MBioYOD8gq6nT3,0,counterfactual,feature contribution,4,4,0.25,1.9008739567504798,0.14943795982185462,3,0,1,0,0.4934985645239859,0.7989992257265938,3.6180660613639697,5,1.6091418667378168,0.2000592179044271,3,0,1,0,0.26968997788246574,0.982161442219712,4.858490831737367,5
R_7MBioYOD8gq6nT3,0,counterfactual,feature contribution,4,9,0.25,1.9008739567504798,0.14943795982185462,3,0,1,0,0.4934985645239859,0.7989992257265938,3.6180660613639697,5,1.6091418667378168,0.2000592179044271,3,0,1,0,0.26968997788246574,0.982161442219712,4.858490831737367,5
R_7MBioYOD8gq6nT3,0,counterfactual,feature contribution,4,14,0.25,1.9008739567504798,0.14943795982185462,3,0,1,0,0.4934985645239859,0.7989992257265938,3.6180660613639697,5,1.6091418667378168,0.2000592179044271,3,0,1,0,0.26968997788246574,0.982161442219712,4.858490831737367,5
R_7MBioYOD8gq6nT3,0,counterfactual,feature contribution,4,19,0.25,0.7062353288788173,0.4934985645239859,1,1,1,0,0.4934985645239859,0.7989992257265938,3.6180660613639697,5,1.3104822097699012,0.26968997788246574,1,1,1,0,0.26968997788246574,0.982161442219712,4.858490831737367,5
R_7PsMTUjq8Wa1btt,1,counterfactual,feature contribution,0,0,0.75,2.065910227767366,0.12670290955797603,3,0,1,0,0.36171281404027944,0.7558191727567183,5.699269223333916,10,2.0122814041961634,0.13368334077162788,3,0,1,0,0.2936028519937895,0.8436364055744611,6.9764808358090145,10
R_7PsMTUjq8Wa1btt,1,counterfactual,feature contribution,0,5,0.75,1.5963876235665242,0.2026271631063199,2,0,1,0,0.4295075272421918,0.7403696061741855,5.500087595040225,10,1.6543891417598098,0.19120882152237703,2,0,1,0,0.33590213269974906,0.8374261617317191,6.877429730672492,10
R_7PsMTUjq8Wa1btt,1,counterfactual,feature contribution,0,10,0.75,2.659882565644876,0.06995643655130884,6,0,0,0,0.28043704362494776,0.8201130792739595,6.608654982310252,10,2.485087204875252,0.08331828843431976,6,0,0,0,0.23604571204592686,0.8779188912056817,7.549512198836793,10
R_7PsMTUjq8Wa1btt,1,counterfactual,feature contribution,0,15,0.75,0.6009501484239529,0.5482904312331445,1,1,1,0,0.5482904312331445,0.7612502149321869,3.404795764551745,5,0.7774119589191129,0.459593921411237,1,1,1,0,0.459593921411237,0.8523660786906485,3.942560093866241,5
R_7PsMTUjq8Wa1btt,1,counterfactual,feature contribution,1,1,1.0,1.4060802280939,0.2451021471722121,2,0,1,0,0.28661585345409923,0.7671785721063612,5.850305860929405,10,1.4060802280939,0.2451021471722121,2,0,1,0,0.28661585345409923,0.7671785721063612,5.850305860929405,10
R_7PsMTUjq8Wa1btt,1,counterfactual,feature contribution,1,6,1.0,2.1241742312496434,0.1195316330112014,3,0,1,0,0.4878357928898319,0.7174394783503885,5.217223938973849,10,2.1241742312496434,0.1195316330112014,3,0,1,0,0.4878357928898319,0.7174394783503885,5.217223938973849,10
R_7PsMTUjq8Wa1btt,1,counterfactual,feature contribution,1,11,1.0,0.9269805750155059,0.3957468360727279,2,0,1,0,0.41529746728876404,0.7704373223859454,3.4555133771400883,5,0.9269805750155059,0.3957468360727279,2,0,1,0,0.41529746728876404,0.7704373223859454,3.4555133771400883,5
R_7PsMTUjq8Wa1btt,1,counterfactual,feature contribution,1,16,1.0,2.8881269248062167,0.05568040858967757,4,0,0,0,0.6239368906217283,0.6952375034618836,3.061612066059514,5,2.8881269248062167,0.05568040858967757,4,0,0,0,0.6239368906217283,0.6952375034618836,3.061612066059514,5
R_7PsMTUjq8Wa1btt,1,counterfactual,feature contribution,2,2,1.0,1.5392835827099522,0.21453474278379056,2,0,1,0,0.2796545294915918,0.7689122569559579,5.873706706230296,10,1.5392835827099522,0.21453474278379056,2,0,1,0,0.2796545294915918,0.7689122569559579,5.873706706230296,10
R_7PsMTUjq8Wa1btt,1,counterfactual,feature contribution,2,7,1.0,2.450405363869015,0.08625861328619337,4,0,0,0,0.45580944431793136,0.7815754309791002,3.518015773795458,5,2.450405363869015,0.08625861328619337,4,0,0,0,0.45580944431793136,0.7815754309791002,3.518015773795458,5
R_7PsMTUjq8Wa1btt,1,counterfactual,feature contribution,2,12,1.0,1.8197793354529574,0.16206150821785717,2,0,1,0,0.4299738601140704,0.7383125516601153,5.474097792813304,10,1.8197793354529574,0.16206150821785717,2,0,1,0,0.4299738601140704,0.7383125516601153,5.474097792813304,10
R_7PsMTUjq8Wa1btt,1,counterfactual,feature contribution,2,17,1.0,2.1631993395613716,0.11495674640788589,3,0,1,0,0.4346499621246587,0.7551074508019121,5.689936907848699,10,2.1631993395613716,0.11495674640788589,3,0,1,0,0.4346499621246587,0.7551074508019121,5.689936907848699,10
R_7PsMTUjq8Wa1btt,1,counterfactual,feature contribution,3,3,1.0,2.2984052587928243,0.10041885818919154,5,0,0,0,0.28771283752214283,0.8225078611861306,6.645197013032536,10,2.2984052587928243,0.10041885818919154,5,0,0,0,0.28771283752214283,0.8225078611861306,6.645197013032536,10
R_7PsMTUjq8Wa1btt,1,counterfactual,feature contribution,3,8,1.0,1.5140643868306807,0.2200139365172061,2,0,1,0,0.2501220346620042,0.8289843011965139,6.745036454135357,10,1.5140643868306807,0.2200139365172061,2,0,1,0,0.2501220346620042,0.8289843011965139,6.745036454135357,10
R_7PsMTUjq8Wa1btt,1,counterfactual,feature contribution,3,13,1.0,2.4820783961810893,0.08356935474077942,4,0,0,0,0.3257010690856003,0.7567793561093685,5.711883699299265,10,2.4820783961810893,0.08356935474077942,4,0,0,0,0.3257010690856003,0.7567793561093685,5.711883699299265,10
R_7PsMTUjq8Wa1btt,1,counterfactual,feature contribution,3,18,1.0,1.2415680812154157,0.2889307955773159,1,1,1,0,0.2889307955773159,0.7650498677896244,5.821700615109051,10,1.2415680812154157,0.2889307955773159,1,1,1,0,0.2889307955773159,0.7650498677896244,5.821700615109051,10
R_7PsMTUjq8Wa1btt,1,counterfactual,feature contribution,4,4,1.0,2.8354179197741485,0.058693991327902144,4,0,0,0,0.39014737508478137,0.8293463031891865,3.7991652930872974,5,2.8354179197741485,0.058693991327902144,4,0,0,0,0.39014737508478137,0.8293463031891865,3.7991652930872974,5
R_7PsMTUjq8Wa1btt,1,counterfactual,feature contribution,4,9,1.0,1.6452699309815357,0.192960469754317,3,0,1,0,0.319736634893594,0.7625396842811788,5.788148759722107,10,1.6452699309815357,0.192960469754317,3,0,1,0,0.319736634893594,0.7625396842811788,5.788148759722107,10
R_7PsMTUjq8Wa1btt,1,counterfactual,feature contribution,4,14,1.0,1.118601458733068,0.32673642961739935,1,1,1,0,0.32673642961739935,0.75849594648833,5.7345051418875945,10,1.118601458733068,0.32673642961739935,1,1,1,0,0.32673642961739935,0.75849594648833,5.7345051418875945,10
R_7PsMTUjq8Wa1btt,1,counterfactual,feature contribution,4,19,1.0,2.156172285881358,0.11576739854803021,3,0,1,0,0.4889410000857414,0.7201901622342347,5.250373052412872,10,2.156172285881358,0.11576739854803021,3,0,1,0,0.4889410000857414,0.7201901622342347,5.250373052412872,10
R_7QQowZQ43kZcCj7,1,counterfactual,feature contribution,0,0,1.0,1.6179142115105054,0.19831190469219562,2,0,1,0,0.3432176569250277,0.7601439720157681,5.756307317979604,10,1.6179142115105054,0.19831190469219562,2,0,1,0,0.3432176569250277,0.7601439720157681,5.756307317979604,10
R_7QQowZQ43kZcCj7,1,counterfactual,feature contribution,0,5,1.0,3.36963481537595,0.03440219820363412,7,0,0,0,0.4811994666899069,0.7198180586183787,5.245876458143753,10,3.36963481537595,0.03440219820363412,7,0,0,0,0.4811994666899069,0.7198180586183787,5.245876458143753,10
R_7QQowZQ43kZcCj7,1,counterfactual,feature contribution,0,10,1.0,0.4062741748959615,0.6661275069456577,1,1,1,0,0.6661275069456577,0.664147008931976,2.912184176051451,5,0.4062741748959615,0.6661275069456577,1,1,1,0,0.6661275069456577,0.664147008931976,2.912184176051451,5
R_7QQowZQ43kZcCj7,1,counterfactual,feature contribution,0,15,1.0,1.093596827994276,0.33500935305010027,1,1,1,0,0.33500935305010027,0.761939041682279,5.78014910548221,10,1.093596827994276,0.33500935305010027,1,1,1,0,0.33500935305010027,0.761939041682279,5.78014910548221,10
R_7QQowZQ43kZcCj7,1,counterfactual,feature contribution,1,1,1.0,4.889413610528081,0.0075258342513296415,10,0,0,0,0.2501220346620042,0.8289843011965139,6.745036454135357,10,4.889413610528081,0.0075258342513296415,10,0,0,0,0.2501220346620042,0.8289843011965139,6.745036454135357,10
R_7QQowZQ43kZcCj7,1,counterfactual,feature contribution,1,6,1.0,3.038707287753927,0.04789676622742559,4,0,0,0,0.5522146563765633,0.7531732539995601,3.3608220090949854,5,3.038707287753927,0.04789676622742559,4,0,0,0,0.5522146563765633,0.7531732539995601,3.3608220090949854,5
R_7QQowZQ43kZcCj7,1,counterfactual,feature contribution,1,11,1.0,1.940182612340357,0.14367771005903662,4,0,0,0,0.2889307955773159,0.7650498677896244,5.821700615109051,10,1.940182612340357,0.14367771005903662,4,0,0,0,0.2889307955773159,0.7650498677896244,5.821700615109051,10
R_7QQowZQ43kZcCj7,1,counterfactual,feature contribution,1,16,1.0,0.810422945100957,0.4446699554662766,1,1,1,0,0.4446699554662766,0.7958857625553746,3.5999815491871696,5,0.810422945100957,0.4446699554662766,1,1,1,0,0.4446699554662766,0.7958857625553746,3.5999815491871696,5
R_7QQowZQ43kZcCj7,1,counterfactual,feature contribution,2,2,1.0,0.8188237455889014,0.4409500189868867,1,1,1,0,0.4409500189868867,0.7896168319758538,3.563842318119896,5,0.8188237455889014,0.4409500189868867,1,1,1,0,0.4409500189868867,0.7896168319758538,3.563842318119896,5
R_7QQowZQ43kZcCj7,1,counterfactual,feature contribution,2,7,1.0,3.4216084390311905,0.032659861273960394,5,0,0,0,0.38090674663387986,0.8083291239176413,3.672804494793088,5,3.4216084390311905,0.032659861273960394,5,0,0,0,0.38090674663387986,0.8083291239176413,3.672804494793088,5
R_7QQowZQ43kZcCj7,1,counterfactual,feature contribution,2,12,1.0,0.3085412005376985,0.7345176890520074,1,1,1,0,0.7345176890520074,0.5832164954860348,2.5565296644029174,5,0.3085412005376985,0.7345176890520074,1,1,1,0,0.7345176890520074,0.5832164954860348,2.5565296644029174,5
R_7QQowZQ43kZcCj7,1,counterfactual,feature contribution,2,17,1.0,0.7191910427168807,0.48714617705369184,1,1,1,0,0.48714617705369184,0.7446836560635379,3.3152137753334765,5,0.7191910427168807,0.48714617705369184,1,1,1,0,0.48714617705369184,0.7446836560635379,3.3152137753334765,5
R_7QQowZQ43kZcCj7,1,counterfactual,feature contribution,3,3,1.0,2.065732554261075,0.12672542330816372,2,0,1,0,0.6895619006573801,0.6333559747437032,2.771384785434593,5,2.065732554261075,0.12672542330816372,2,0,1,0,0.6895619006573801,0.6333559747437032,2.771384785434593,5
R_7QQowZQ43kZcCj7,1,counterfactual,feature contribution,3,8,1.0,0.6183512324582796,0.5388321145079797,1,1,1,0,0.5388321145079797,0.7612731283163248,3.404921327798643,5,0.6183512324582796,0.5388321145079797,1,1,1,0,0.5388321145079797,0.7612731283163248,3.404921327798643,5
R_7QQowZQ43kZcCj7,1,counterfactual,feature contribution,3,13,1.0,1.2414155136302376,0.28897488041395375,1,1,1,0,0.28897488041395375,0.8049626631958866,6.382086162914329,10,1.2414155136302376,0.28897488041395375,1,1,1,0,0.28897488041395375,0.8049626631958866,6.382086162914329,10
R_7QQowZQ43kZcCj7,1,counterfactual,feature contribution,3,18,1.0,2.072967660240052,0.12581186028810112,2,0,1,0,0.4938799535018175,0.7204277187508349,5.2532457610688486,10,2.072967660240052,0.12581186028810112,2,0,1,0,0.4938799535018175,0.7204277187508349,5.2532457610688486,10
R_7QQowZQ43kZcCj7,1,counterfactual,feature contribution,4,4,0.75,0.3378068925092907,0.7133330245492755,1,1,1,0,0.7133330245492755,0.6081469728589827,2.661193734386772,5,0.5338305747392822,0.5863545872308791,1,1,1,0,0.5863545872308791,0.768475662201582,3.4446209367234624,5
R_7QQowZQ43kZcCj7,1,counterfactual,feature contribution,4,9,0.75,0.3983994688732914,0.6713937731718137,1,1,1,0,0.6713937731718137,0.6573788497165235,2.8806341001203486,5,0.5946578948276717,0.5517512905544809,1,1,1,0,0.5517512905544809,0.7972400890003635,3.6078370027176563,5
R_7QQowZQ43kZcCj7,1,counterfactual,feature contribution,4,14,0.75,1.207130706289938,0.2990541236891795,2,0,1,0,0.3492497409539526,0.7510148281256566,5.636569004468595,10,1.366229747847846,0.2550668151757829,2,0,1,0,0.28654555934879034,0.8413059397690157,6.9391446355396855,10
R_7QQowZQ43kZcCj7,1,counterfactual,feature contribution,4,19,0.75,1.1798777015635793,0.307316320608471,1,1,1,0,0.307316320608471,0.793548353610919,6.216534577410605,10,1.3640884821310673,0.255613566163274,1,1,1,0,0.255613566163274,0.8645316399922037,7.320346527445923,10
R_7Xi0pALCUOc3Fh1,1,attribution,feature contribution,0,0,0.0,1.229159582180665,0.29253832882395714,2,0,1,0,0.35918047898208527,0.8633324045879381,4.012762484348914,5,1.6094379124341003,0.2,1,1,1,0,0.2,1.0000000000000002,5.000000000000001,5
R_7Xi0pALCUOc3Fh1,1,attribution,feature contribution,0,5,0.0,0.34719344018719717,0.7066686169258984,1,1,1,0,0.7066686169258984,0.617563375927199,2.701831592317468,5,1.6094379124341003,0.2,1,1,1,0,0.2,1.0000000000000002,5.000000000000001,5
R_7Xi0pALCUOc3Fh1,1,attribution,feature contribution,0,10,0.0,3.2462631283725294,0.03891937313196539,5,0,0,0,0.6223886316095606,0.6909103125449364,3.0403640182700404,5,1.6094379124341003,0.2,1,1,1,0,0.2,1.0000000000000002,5.000000000000001,5
R_7Xi0pALCUOc3Fh1,1,attribution,feature contribution,0,15,0.0,3.412220568292963,0.03296791153552352,5,0,0,0,0.45865946242999817,0.7707469675545047,3.4572358775539707,5,1.6094379124341003,0.2,1,1,1,0,0.2,1.0000000000000002,5.000000000000001,5
R_7Xi0pALCUOc3Fh1,1,attribution,feature contribution,1,1,0.0,1.8927014116613532,0.15066425242694656,2,0,1,0,0.6395700811401983,0.6883287139040485,3.0277577478863926,5,1.6094379124341003,0.2,1,1,1,0,0.2,1.0000000000000002,5.000000000000001,5
R_7Xi0pALCUOc3Fh1,1,attribution,feature contribution,1,6,0.0,2.300702721110789,0.10018841446573756,3,0,1,0,0.6395700811401983,0.6883287139040485,3.0277577478863926,5,1.6094379124341003,0.2,1,1,1,0,0.2,1.0000000000000002,5.000000000000001,5
R_7Xi0pALCUOc3Fh1,1,attribution,feature contribution,1,11,0.0,2.5270149441076155,0.07989716217037035,4,0,0,0,0.6395700811401983,0.6883287139040485,3.0277577478863926,5,1.6094379124341003,0.2,1,1,1,0,0.2,1.0000000000000002,5.000000000000001,5
R_7Xi0pALCUOc3Fh1,1,attribution,feature contribution,1,16,0.0,2.300702721110789,0.10018841446573756,3,0,1,0,0.6395700811401983,0.6883287139040485,3.0277577478863926,5,1.6094379124341003,0.2,1,1,1,0,0.2,1.0000000000000002,5.000000000000001,5
R_7Xi0pALCUOc3Fh1,1,attribution,feature contribution,2,2,0.0,2.5270149441076155,0.07989716217037035,4,0,0,0,0.6395700811401983,0.6883287139040485,3.0277577478863926,5,1.6094379124341003,0.2,1,1,1,0,0.2,1.0000000000000002,5.000000000000001,5
R_7Xi0pALCUOc3Fh1,1,attribution,feature contribution,2,7,0.0,2.300702721110789,0.10018841446573756,3,0,1,0,0.6395700811401983,0.6883287139040485,3.0277577478863926,5,1.6094379124341003,0.2,1,1,1,0,0.2,1.0000000000000002,5.000000000000001,5
R_7Xi0pALCUOc3Fh1,1,attribution,feature contribution,2,12,0.0,2.300702721110789,0.10018841446573756,3,0,1,0,0.6395700811401983,0.6883287139040485,3.0277577478863926,5,1.6094379124341003,0.2,1,1,1,0,0.2,1.0000000000000002,5.000000000000001,5
R_7Xi0pALCUOc3Fh1,1,attribution,feature contribution,2,17,0.0,1.8927014116613532,0.15066425242694656,2,0,1,0,0.6395700811401983,0.6883287139040485,3.0277577478863926,5,1.6094379124341003,0.2,1,1,1,0,0.2,1.0000000000000002,5.000000000000001,5
R_7Xi0pALCUOc3Fh1,1,attribution,feature contribution,3,3,0.0,0.40262372850318673,0.668563613433339,1,1,1,0,0.668563613433339,0.6550428001262839,2.86982403713814,5,1.6094379124341003,0.2,1,1,1,0,0.2,1.0000000000000002,5.000000000000001,5
R_7Xi0pALCUOc3Fh1,1,attribution,feature contribution,3,8,0.0,2.283662886166745,0.10191023663272557,2,0,1,0,0.7166801652495327,0.6045629551173582,2.6458874805182884,5,1.6094379124341003,0.2,1,1,1,0,0.2,1.0000000000000002,5.000000000000001,5
R_7Xi0pALCUOc3Fh1,1,attribution,feature contribution,3,13,0.0,3.1859877085640407,0.04133739633023477,5,0,0,0,0.6671529251835592,0.6512422479346696,2.8523236104217378,5,1.6094379124341003,0.2,1,1,1,0,0.2,1.0000000000000002,5.000000000000001,5
R_7Xi0pALCUOc3Fh1,1,attribution,feature contribution,3,18,0.0,3.2942891902950024,0.03709440273990646,5,0,0,0,0.5054712163097053,0.7797047922067241,3.5074400927257914,5,1.6094379124341003,0.2,1,1,1,0,0.2,1.0000000000000002,5.000000000000001,5
R_7Xi0pALCUOc3Fh1,1,attribution,feature contribution,4,4,0.0,27.631021115928547,0.0,5,0,0,1,0.6214567048223386,0.723556148114672,2.726617440248544,4,27.631021115928547,0.0,5,0,0,1,0.25,1.0,4.0,4
R_7Xi0pALCUOc3Fh1,1,attribution,feature contribution,4,9,0.0,1.750612357971976,0.1736675641652774,3,0,1,0,0.5779019941184852,0.7709531931733379,2.91179015151263,4,1.3862943611198906,0.25,1,1,1,0,0.25,1.0,4.0,4
R_7Xi0pALCUOc3Fh1,1,attribution,feature contribution,4,14,0.0,3.1334828551929195,0.043565799342569655,4,0,0,0,0.6587351531951655,0.6921606703906323,2.610491282205498,4,1.3862943611198906,0.25,1,1,1,0,0.25,1.0,4.0,4
R_7Xi0pALCUOc3Fh1,1,attribution,feature contribution,4,19,0.0,3.4345600911160155,0.03223958959475304,4,0,0,0,0.36490307687588047,0.8642155949835737,3.3136728816389027,4,1.3862943611198906,0.25,1,1,1,0,0.25,1.0,4.0,4
R_7arfHhy57BRFG9z,0,none,feature contribution,0,0,0.0,1.4040055036822394,0.24561119446412363,2,0,1,0,0.6277802374807954,0.7089724486609956,2.672046097992009,4,1.3862943611198906,0.25,1,1,1,0,0.25,1.0,4.0,4
R_7arfHhy57BRFG9z,0,none,feature contribution,0,5,0.0,2.115590400848028,0.12056208857733217,3,0,1,0,0.6696063985066935,0.6885045235007987,2.597293492785943,4,1.3862943611198906,0.25,1,1,1,0,0.25,1.0,4.0,4
R_7arfHhy57BRFG9z,0,none,feature contribution,0,10,0.0,2.9344679496541435,0.053158995045372685,4,0,0,0,0.6489675184793973,0.691515476923811,2.6081574294268566,4,1.3862943611198906,0.25,1,1,1,0,0.25,1.0,4.0,4
R_7arfHhy57BRFG9z,0,none,feature contribution,0,15,0.0,3.1566746532114984,0.04256705621305329,4,0,0,0,0.6986145635016746,0.6592988426050598,2.494235495940471,4,1.3862943611198906,0.25,1,1,1,0,0.25,1.0,4.0,4
R_7arfHhy57BRFG9z,0,none,feature contribution,1,1,0.0,0.2911152709160731,0.74742951616718,1,1,1,0,0.74742951616718,0.5993619549457858,2.295365519096933,4,1.3862943611198906,0.25,1,1,1,0,0.25,1.0,4.0,4
R_7arfHhy57BRFG9z,0,none,feature contribution,1,6,0.0,1.3679459751169099,0.25462943797883664,2,0,1,0,0.6246188101584526,0.7074463707312869,2.666399110830732,4,1.3862943611198906,0.25,1,1,1,0,0.25,1.0,4.0,4
R_7arfHhy57BRFG9z,0,none,feature contribution,1,11,0.0,3.078185856946504,0.04604270898959227,4,0,0,0,0.5818514480202209,0.7372973158620321,2.7790554713055706,4,1.3862943611198906,0.25,1,1,1,0,0.25,1.0,4.0,4
R_7arfHhy57BRFG9z,0,none,feature contribution,1,16,0.0,2.989617881900014,0.05030665613517452,4,0,0,0,0.576293006039161,0.735756480174426,2.7731256003045024,4,1.3862943611198906,0.25,1,1,1,0,0.25,1.0,4.0,4
R_7arfHhy57BRFG9z,0,none,feature contribution,2,2,0.0,1.2116431113463484,0.29770771041495303,2,0,1,0,0.5763884339376918,0.7378001489566568,2.780993355865775,4,1.3862943611198906,0.25,1,1,1,0,0.25,1.0,4.0,4
R_7arfHhy57BRFG9z,0,none,feature contribution,2,7,0.0,1.4937136880184365,0.2245372439979246,3,0,1,0,0.4545637167348916,0.8403050316701419,3.20563477032262,4,1.3862943611198906,0.25,1,1,1,0,0.25,1.0,4.0,4
R_7arfHhy57BRFG9z,0,none,feature contribution,2,12,0.0,2.990717861524342,0.05025135026170117,4,0,0,0,0.5959548734820274,0.7260642610440955,2.736114342936809,4,1.3862943611198906,0.25,1,1,1,0,0.25,1.0,4.0,4
R_7arfHhy57BRFG9z,0,none,feature contribution,2,17,0.0,3.086001184686324,0.045684272602150175,4,0,0,0,0.5253164533076258,0.7600154015145367,2.8679717295362908,4,1.3862943611198906,0.25,1,1,1,0,0.25,1.0,4.0,4
R_7arfHhy57BRFG9z,0,none,feature contribution,3,3,0.0,0.4749424459031247,0.621920849527814,1,1,1,0,0.621920849527814,0.7336848331669404,2.7651728513154574,4,1.3862943611198906,0.25,1,1,1,0,0.25,1.0,4.0,4
R_7arfHhy57BRFG9z,0,none,feature contribution,3,8,0.0,2.7126701896995535,0.06635937780892501,3,0,1,0,0.6831918817456905,0.6637793157873493,2.509776041086573,4,1.3862943611198906,0.25,1,1,1,0,0.25,1.0,4.0,4
R_7arfHhy57BRFG9z,0,none,feature contribution,3,13,0.0,1.5529093564909033,0.21163136620703163,2,0,1,0,0.5482225782647859,0.7931539925292714,3.0027991610969105,4,1.3862943611198906,0.25,1,1,1,0,0.25,1.0,4.0,4
R_7arfHhy57BRFG9z,0,none,feature contribution,3,18,0.0,2.999373279272901,0.04981828073524874,4,0,0,0,0.7390927811988616,0.6112012573921447,2.3333496579619037,4,1.3862943611198906,0.25,1,1,1,0,0.25,1.0,4.0,4
R_7arfHhy57BRFG9z,0,none,feature contribution,4,4,0.0,0.9866846907193239,0.3728106269837361,2,0,1,0,0.4850304884018147,0.7802018882074608,2.949363776642502,4,1.3862943611198906,0.25,1,1,1,0,0.25,1.0,4.0,4
R_7arfHhy57BRFG9z,0,none,feature contribution,4,9,0.0,0.5220565625580526,0.5932991356571532,1,1,1,0,0.5932991356571532,0.7547790075019054,2.847227978938976,4,1.3862943611198906,0.25,1,1,1,0,0.25,1.0,4.0,4
R_7arfHhy57BRFG9z,0,none,feature contribution,4,14,0.0,3.101501304744465,0.04498162055543075,4,0,0,0,0.6982982473793681,0.6564662886269181,2.4844604523631677,4,1.3862943611198906,0.25,1,1,1,0,0.25,1.0,4.0,4
R_7arfHhy57BRFG9z,0,none,feature contribution,4,19,0.0,3.2022261290980363,0.04067156297670762,4,0,0,0,0.4737039808759117,0.7834962493526756,2.962864190584567,4,1.3862943611198906,0.25,1,1,1,0,0.25,1.0,4.0,4
R_7dLdPi0fchuvKbu,1,counterfactual,feature contribution,0,0,1.0,1.6351171198258587,0.19492953984843905,3,0,1,0,0.30900439178758304,0.7865833335145134,6.117631783462852,10,1.6351171198258587,0.19492953984843905,3,0,1,0,0.30900439178758304,0.7865833335145134,6.117631783462852,10
R_7dLdPi0fchuvKbu,1,counterfactual,feature contribution,0,5,1.0,0.40974774254747864,0.6638176819748606,1,1,1,0,0.6638176819748606,0.6604755623801118,2.8950269216155453,5,0.40974774254747864,0.6638176819748606,1,1,1,0,0.6638176819748606,0.6604755623801118,2.8950269216155453,5
R_7dLdPi0fchuvKbu,1,counterfactual,feature contribution,0,10,1.0,2.32052277132877,0.09822222441767975,3,0,1,0,0.4219724462606395,0.7729618410276471,3.4695818827527947,5,2.32052277132877,0.09822222441767975,3,0,1,0,0.4219724462606395,0.7729618410276471,3.4695818827527947,5
R_7dLdPi0fchuvKbu,1,counterfactual,feature contribution,0,15,1.0,1.2009902447040834,0.3008961035634223,1,1,1,0,0.3008961035634223,0.7658442170989436,5.832358580703669,10,1.2009902447040834,0.3008961035634223,1,1,1,0,0.3008961035634223,0.7658442170989436,5.832358580703669,10
R_7dLdPi0fchuvKbu,1,counterfactual,feature contribution,1,1,1.0,1.4704271821612838,0.2298272860969706,1,1,1,0,0.2298272860969706,0.8372642876666843,6.874866792149549,10,1.4704271821612838,0.2298272860969706,1,1,1,0,0.2298272860969706,0.8372642876666843,6.874866792149549,10
R_7dLdPi0fchuvKbu,1,counterfactual,feature contribution,1,6,1.0,0.7746130151483989,0.4608821008846096,1,1,1,0,0.4608821008846096,0.7394066310511308,5.487905584687759,10,0.7746130151483989,0.4608821008846096,1,1,1,0,0.4608821008846096,0.7394066310511308,5.487905584687759,10
R_7dLdPi0fchuvKbu,1,counterfactual,feature contribution,1,11,1.0,1.7934758110540636,0.16638085504105163,3,0,1,0,0.40277569185650125,0.7470871626806914,5.58582290668084,10,1.7934758110540636,0.16638085504105163,3,0,1,0,0.40277569185650125,0.7470871626806914,5.58582290668084,10
R_7dLdPi0fchuvKbu,1,counterfactual,feature contribution,1,16,1.0,3.8897822560337563,0.02044979837339218,9,0,0,0,0.342302944280973,0.7517957399056496,5.646713325985377,10,3.8897822560337563,0.02044979837339218,9,0,0,0,0.342302944280973,0.7517957399056496,5.646713325985377,10
R_7dLdPi0fchuvKbu,1,counterfactual,feature contribution,2,2,1.0,1.4060802280939,0.2451021471722121,2,0,1,0,0.28661585345409923,0.7671785721063612,5.850305860929405,10,1.4060802280939,0.2451021471722121,2,0,1,0,0.28661585345409923,0.7671785721063612,5.850305860929405,10
R_7dLdPi0fchuvKbu,1,counterfactual,feature contribution,2,7,1.0,2.624932601710624,0.07244463951449195,4,0,0,0,0.44253588985262904,0.7434031613426916,5.538640299832696,10,2.624932601710624,0.07244463951449195,4,0,0,0,0.44253588985262904,0.7434031613426916,5.538640299832696,10
R_7dLdPi0fchuvKbu,1,counterfactual,feature contribution,2,12,1.0,0.789534553954427,0.45405608471572506,1,1,1,0,0.45405608471572506,0.7478093487418702,5.59511927017006,10,0.789534553954427,0.45405608471572506,1,1,1,0,0.45405608471572506,0.7478093487418702,5.59511927017006,10
R_7dLdPi0fchuvKbu,1,counterfactual,feature contribution,2,17,1.0,1.3008332183203966,0.2723048091278727,2,0,1,0,0.33970099546708254,0.766156962725278,5.836560111323263,10,1.3008332183203966,0.2723048091278727,2,0,1,0,0.33970099546708254,0.766156962725278,5.836560111323263,10
R_7dLdPi0fchuvKbu,1,counterfactual,feature contribution,3,3,1.5,2.669414144442572,0.06929280899733653,5,0,0,0,0.36171281404027944,0.7558191727567183,5.699269223333916,10,3.2169772041019966,0.04007601697151326,5,0,0,0,0.47796725284777936,0.5960980324183407,3.945463521774564,10
R_7dLdPi0fchuvKbu,1,counterfactual,feature contribution,3,8,1.5,2.750090220274407,0.06392209387769618,3,0,1,0,0.742392679907546,0.5733931629486401,2.5164286530669444,5,3.776941742620893,0.022892595928051485,3,0,1,0,0.9060852806602594,0.27197532343266584,1.5491825377028483,5
R_7dLdPi0fchuvKbu,1,counterfactual,feature contribution,3,13,1.5,0.7079134405888702,0.4926711132759576,1,1,1,0,0.4926711132759576,0.7526812479156262,3.358161784675127,5,0.5152254582454867,0.5973658983672584,1,1,1,0,0.5973658983672584,0.5912804977149088,2.589925860223186,5
R_7dLdPi0fchuvKbu,1,counterfactual,feature contribution,3,18,1.5,0.6928499578888281,0.5001486334230759,1,1,1,0,0.5001486334230759,0.7168219027102195,5.20981021225821,10,0.33572046150803564,0.7148228984049385,1,1,1,0,0.7148228984049385,0.4746883282066142,2.983240925203537,10
R_7dLdPi0fchuvKbu,1,counterfactual,feature contribution,4,4,1.0,1.2062895389846373,0.29930578406994557,1,1,1,0,0.29930578406994557,0.7634685242527286,5.8005413123590035,10,1.2062895389846373,0.29930578406994557,1,1,1,0,0.29930578406994557,0.7634685242527286,5.8005413123590035,10
R_7dLdPi0fchuvKbu,1,counterfactual,feature contribution,4,9,1.0,2.769684544750911,0.06268177491860653,5,0,0,0,0.36688787058525796,0.776488363116986,5.977070289660765,10,2.769684544750911,0.06268177491860653,5,0,0,0,0.36688787058525796,0.776488363116986,5.977070289660765,10
R_7dLdPi0fchuvKbu,1,counterfactual,feature contribution,4,14,1.0,2.092341602163949,0.12339784858256217,3,0,1,0,0.3957254837564839,0.7480592035174501,5.59833913488992,10,2.092341602163949,0.12339784858256217,3,0,1,0,0.3957254837564839,0.7480592035174501,5.59833913488992,10
R_7dLdPi0fchuvKbu,1,counterfactual,feature contribution,4,19,1.0,0.6753964823315322,0.5089545890967501,1,1,1,0,0.5089545890967501,0.7094155150598664,5.1217162589869245,10,0.6753964823315322,0.5089545890967501,1,1,1,0,0.5089545890967501,0.7094155150598664,5.1217162589869245,10
R_7gJ0bylGgi6iHe1,0,counterfactual,feature contribution,0,0,0.25,3.214876724373568,0.04016028430268615,6,0,0,0,0.3842520217448269,0.7539730735942721,5.675094185406089,10,2.4047809642555946,0.09028526914528576,6,0,0,0,0.15878948592159925,0.9796991326045705,9.543312222668947,10
R_7gJ0bylGgi6iHe1,0,counterfactual,feature contribution,0,5,0.25,1.0299408734388242,0.3570280697870932,1,1,1,0,0.3570280697870932,0.7818546470436779,6.051383085994311,10,1.8694306941102061,0.15421143030474788,1,1,1,0,0.15421143030474788,0.9806027810575088,9.563189927313118,10
R_7gJ0bylGgi6iHe1,0,counterfactual,feature contribution,0,10,0.25,0.7062353288788173,0.4934985645239859,1,1,1,0,0.4934985645239859,0.7989992257265938,3.6180660613639697,5,1.3104822097699012,0.26968997788246574,1,1,1,0,0.26968997788246574,0.982161442219712,4.858490831737367,5
R_7gJ0bylGgi6iHe1,0,counterfactual,feature contribution,0,15,0.25,2.7357192326916673,0.06484734999313782,5,0,0,0,0.3842520217448269,0.7539730735942721,5.675094185406089,10,2.2849915913351198,0.1017749178938635,5,0,0,0,0.15878948592159925,0.9796991326045705,9.543312222668947,10
R_7gJ0bylGgi6iHe1,0,counterfactual,feature contribution,1,1,0.5,1.0299408734388242,0.3570280697870932,1,1,1,0,0.3570280697870932,0.7818546470436779,6.051383085994311,10,1.5219091178919186,0.21829473849514996,1,1,1,0,0.21829473849514996,0.9291860411015255,8.495443210447112,10
R_7gJ0bylGgi6iHe1,0,counterfactual,feature contribution,1,6,0.5,3.2883609627701267,0.037314959909854964,7,0,0,0,0.3570280697870932,0.7818546470436779,6.051383085994311,10,2.65111916255757,0.07057218709782316,7,0,0,0,0.21829473849514996,0.9291860411015255,8.495443210447112,10
R_7gJ0bylGgi6iHe1,0,counterfactual,feature contribution,1,11,0.5,2.224579501310487,0.10811287039827801,4,0,0,0,0.3570280697870932,0.7818546470436779,6.051383085994311,10,2.11922843182775,0.1201242768333314,4,0,0,0,0.21829473849514996,0.9291860411015255,8.495443210447112,10
R_7gJ0bylGgi6iHe1,0,counterfactual,feature contribution,1,16,0.5,1.4217164650685792,0.2412994791020468,2,0,1,0,0.4934985645239859,0.7989992257265938,3.6180660613639697,5,1.4238088657777401,0.24079511175416762,2,0,1,0,0.34435977944077034,0.9358623910090729,4.509617836071481,5
R_7gJ0bylGgi6iHe1,0,counterfactual,feature contribution,2,2,0.5,3.2883609627701267,0.037314959909854964,7,0,0,0,0.3570280697870932,0.7818546470436779,6.051383085994311,10,2.65111916255757,0.07057218709782316,7,0,0,0,0.21829473849514996,0.9291860411015255,8.495443210447112,10
R_7gJ0bylGgi6iHe1,0,counterfactual,feature contribution,2,7,0.5,3.214876724373568,0.04016028430268615,6,0,0,0,0.3842520217448269,0.7539730735942721,5.675094185406089,10,2.5983615170179326,0.07439537396113652,6,0,0,0,0.23012066611431575,0.9230504675969224,8.376266136564764,10
R_7gJ0bylGgi6iHe1,0,counterfactual,feature contribution,2,12,0.5,1.9008739567504798,0.14943795982185462,3,0,1,0,0.4934985645239859,0.7989992257265938,3.6180660613639697,5,1.6633876116186903,0.18949595286158083,3,0,1,0,0.34435977944077034,0.9358623910090729,4.509617836071481,5
R_7gJ0bylGgi6iHe1,0,counterfactual,feature contribution,2,17,0.5,0.7062353288788173,0.4934985645239859,1,1,1,0,0.4934985645239859,0.7989992257265938,3.6180660613639697,5,1.066068297682859,0.34435977944077034,1,1,1,0,0.34435977944077034,0.9358623910090729,4.509617836071481,5
R_7gJ0bylGgi6iHe1,0,counterfactual,feature contribution,3,3,0.5,3.2883609627701267,0.037314959909854964,7,0,0,0,0.3570280697870932,0.7818546470436779,6.051383085994311,10,2.65111916255757,0.07057218709782316,7,0,0,0,0.21829473849514996,0.9291860411015255,8.495443210447112,10
R_7gJ0bylGgi6iHe1,0,counterfactual,feature contribution,3,8,0.5,1.4217164650685792,0.2412994791020468,2,0,1,0,0.4934985645239859,0.7989992257265938,3.6180660613639697,5,1.4238088657777401,0.24079511175416762,2,0,1,0,0.34435977944077034,0.9358623910090729,4.509617836071481,5
R_7gJ0bylGgi6iHe1,0,counterfactual,feature contribution,3,13,0.5,3.2883609627701267,0.037314959909854964,7,0,0,0,0.3570280697870932,0.7818546470436779,6.051383085994311,10,2.65111916255757,0.07057218709782316,7,0,0,0,0.21829473849514996,0.9291860411015255,8.495443210447112,10
R_7gJ0bylGgi6iHe1,0,counterfactual,feature contribution,3,18,0.5,1.9008739567504798,0.14943795982185462,3,0,1,0,0.4934985645239859,0.7989992257265938,3.6180660613639697,5,1.6633876116186903,0.18949595286158083,3,0,1,0,0.34435977944077034,0.9358623910090729,4.509617836071481,5
R_7gJ0bylGgi6iHe1,0,counterfactual,feature contribution,4,4,0.25,0.7062353288788173,0.4934985645239859,1,1,1,0,0.4934985645239859,0.7989992257265938,3.6180660613639697,5,1.3104822097699012,0.26968997788246574,1,1,1,0,0.26968997788246574,0.982161442219712,4.858490831737367,5
R_7gJ0bylGgi6iHe1,0,counterfactual,feature contribution,4,9,0.25,4.00384209895989,0.018245403403851484,8,0,0,0,0.3570280697870932,0.7818546470436779,6.051383085994311,10,2.6129060004904723,0.07332116253595444,8,0,0,0,0.15421143030474788,0.9806027810575088,9.563189927313118,10
R_7gJ0bylGgi6iHe1,0,counterfactual,feature contribution,4,14,0.25,0.7062353288788173,0.4934985645239859,1,1,1,0,0.4934985645239859,0.7989992257265938,3.6180660613639697,5,1.3104822097699012,0.26968997788246574,1,1,1,0,0.26968997788246574,0.982161442219712,4.858490831737367,5
R_7gJ0bylGgi6iHe1,0,counterfactual,feature contribution,4,19,0.25,0.7062353288788173,0.4934985645239859,1,1,1,0,0.4934985645239859,0.7989992257265938,3.6180660613639697,5,1.3104822097699012,0.26968997788246574,1,1,1,0,0.26968997788246574,0.982161442219712,4.858490831737367,5
R_7ojrp9raD1YDwJj,0,none,feature contribution,0,0,0.0,0.4749424459031247,0.621920849527814,1,1,1,0,0.621920849527814,0.7336848331669404,2.7651728513154574,4,1.3862943611198906,0.25,1,1,1,0,0.25,1.0,4.0,4
R_7ojrp9raD1YDwJj,0,none,feature contribution,0,5,0.0,0.4709102545696148,0.624433615960428,1,1,1,0,0.624433615960428,0.7081826275675267,2.6691220102987177,4,1.3862943611198906,0.25,1,1,1,0,0.25,1.0,4.0,4
R_7ojrp9raD1YDwJj,0,none,feature contribution,0,10,0.0,2.990717861524342,0.05025135026170117,4,0,0,0,0.5959548734820274,0.7260642610440955,2.736114342936809,4,1.3862943611198906,0.25,1,1,1,0,0.25,1.0,4.0,4
R_7ojrp9raD1YDwJj,0,none,feature contribution,0,15,0.0,2.999373279272901,0.04981828073524874,4,0,0,0,0.7390927811988616,0.6112012573921447,2.3333496579619037,4,1.3862943611198906,0.25,1,1,1,0,0.25,1.0,4.0,4
R_7ojrp9raD1YDwJj,0,none,feature contribution,1,1,0.0,2.7126701896995535,0.06635937780892501,3,0,1,0,0.6831918817456905,0.6637793157873493,2.509776041086573,4,1.3862943611198906,0.25,1,1,1,0,0.25,1.0,4.0,4
R_7ojrp9raD1YDwJj,0,none,feature contribution,1,6,0.0,3.2946332741125364,0.037081641351822035,4,0,0,0,0.6101609750079847,0.7434961302628629,2.803039860948173,4,1.3862943611198906,0.25,1,1,1,0,0.25,1.0,4.0,4
R_7ojrp9raD1YDwJj,0,none,feature contribution,1,11,0.0,4.310392930052314,0.013428272185794574,6,0,0,0,0.5915423202069723,0.694200507229918,3.4689096836255975,6,1.791759469228055,0.16666666666666666,1,1,1,0,0.16666666666666666,0.9999999999999999,5.999999999999998,6
R_7ojrp9raD1YDwJj,0,none,feature contribution,1,16,0.0,3.2022261290980363,0.04067156297670762,4,0,0,0,0.4737039808759117,0.7834962493526756,2.962864190584567,4,1.3862943611198906,0.25,1,1,1,0,0.25,1.0,4.0,4
R_7ojrp9raD1YDwJj,0,none,feature contribution,2,2,0.0,0.4706137190591606,0.6246188101584526,1,1,1,0,0.6246188101584526,0.7074463707312869,2.666399110830732,4,1.3862943611198906,0.25,1,1,1,0,0.25,1.0,4.0,4
R_7ojrp9raD1YDwJj,0,none,feature contribution,2,7,0.0,0.7612158866683173,0.4670981431904599,1,1,1,0,0.4670981431904599,0.744990442487956,3.7994019767651963,6,1.791759469228055,0.16666666666666666,1,1,1,0,0.16666666666666666,0.9999999999999999,5.999999999999998,6
R_7ojrp9raD1YDwJj,0,none,feature contribution,2,12,0.0,1.948924989832121,0.14242709989885327,3,0,1,0,0.3796634123684304,0.7600587740018246,3.903378676848386,6,1.791759469228055,0.16666666666666666,1,1,1,0,0.16666666666666666,0.9999999999999999,5.999999999999998,6
R_7ojrp9raD1YDwJj,0,none,feature contribution,2,17,0.0,3.1566746532114984,0.04256705621305329,4,0,0,0,0.6986145635016746,0.6592988426050598,2.494235495940471,4,1.3862943611198906,0.25,1,1,1,0,0.25,1.0,4.0,4
R_7ojrp9raD1YDwJj,0,none,feature contribution,3,3,0.0,1.4040055036822394,0.24561119446412363,2,0,1,0,0.6277802374807954,0.7089724486609956,2.672046097992009,4,1.3862943611198906,0.25,1,1,1,0,0.25,1.0,4.0,4
R_7ojrp9raD1YDwJj,0,none,feature contribution,3,8,0.0,1.1719510907011381,0.30976197757387025,2,0,1,0,0.3971205891812267,0.7689529712470989,3.9660822458786544,6,1.791759469228055,0.16666666666666666,1,1,1,0,0.16666666666666666,0.9999999999999999,5.999999999999998,6
R_7ojrp9raD1YDwJj,0,none,feature contribution,3,13,0.0,3.086001184686324,0.045684272602150175,4,0,0,0,0.5253164533076258,0.7600154015145367,2.8679717295362908,4,1.3862943611198906,0.25,1,1,1,0,0.25,1.0,4.0,4
R_7ojrp9raD1YDwJj,0,none,feature contribution,3,18,0.0,2.989617881900014,0.05030665613517452,4,0,0,0,0.576293006039161,0.735756480174426,2.7731256003045024,4,1.3862943611198906,0.25,1,1,1,0,0.25,1.0,4.0,4
R_7ojrp9raD1YDwJj,0,none,feature contribution,4,4,0.0,1.2116431113463484,0.29770771041495303,2,0,1,0,0.5763884339376918,0.7378001489566568,2.780993355865775,4,1.3862943611198906,0.25,1,1,1,0,0.25,1.0,4.0,4
R_7ojrp9raD1YDwJj,0,none,feature contribution,4,9,0.0,0.2911152709160731,0.74742951616718,1,1,1,0,0.74742951616718,0.5993619549457858,2.295365519096933,4,1.3862943611198906,0.25,1,1,1,0,0.25,1.0,4.0,4
R_7ojrp9raD1YDwJj,0,none,feature contribution,4,14,0.0,2.9344679496541435,0.053158995045372685,4,0,0,0,0.6489675184793973,0.691515476923811,2.6081574294268566,4,1.3862943611198906,0.25,1,1,1,0,0.25,1.0,4.0,4
R_7ojrp9raD1YDwJj,0,none,feature contribution,4,19,0.0,3.50576314322286,0.03002385209993524,5,0,0,0,0.4660926627827086,0.7474438938210809,3.8161408926964464,6,1.791759469228055,0.16666666666666666,1,1,1,0,0.16666666666666666,0.9999999999999999,5.999999999999998,6
R_7xWlSJ5Zdqog9gt,1,none,feature contribution,0,0,0.0,0.4709102545696148,0.624433615960428,1,1,1,0,0.624433615960428,0.7081826275675267,2.6691220102987177,4,1.3862943611198906,0.25,1,1,1,0,0.25,1.0,4.0,4
R_7xWlSJ5Zdqog9gt,1,none,feature contribution,0,5,0.0,-0.0,1.0,1,1,1,0,1.0,0.0,1.0,1,-0.0,1.0,1,1,1,0,1.0,0.0,1.0,1
R_7xWlSJ5Zdqog9gt,1,none,feature contribution,0,10,0.0,2.3887699392113384,0.09174246330727712,3,0,1,0,0.5125258304879649,0.7682684698692029,2.900973144019962,4,1.3862943611198906,0.25,1,1,1,0,0.25,1.0,4.0,4
R_7xWlSJ5Zdqog9gt,1,none,feature contribution,0,15,0.0,-0.0,1.0,1,1,1,0,1.0,0.0,1.0,1,-0.0,1.0,1,1,1,0,1.0,0.0,1.0,1
R_7xWlSJ5Zdqog9gt,1,none,feature contribution,1,1,0.0,3.3895486054667368,0.03372389624675505,4,0,0,0,0.5123317048876527,0.8151666959796988,3.095845322384799,4,1.3862943611198906,0.25,1,1,1,0,0.25,1.0,4.0,4
R_7xWlSJ5Zdqog9gt,1,none,feature contribution,1,6,0.0,-0.0,1.0,1,1,1,0,1.0,0.0,1.0,1,-0.0,1.0,1,1,1,0,1.0,0.0,1.0,1
R_7xWlSJ5Zdqog9gt,1,none,feature contribution,1,11,0.0,3.3895486054667368,0.03372389624675505,4,0,0,0,0.5123317048876527,0.8151666959796988,3.095845322384799,4,1.3862943611198906,0.25,1,1,1,0,0.25,1.0,4.0,4
R_7xWlSJ5Zdqog9gt,1,none,feature contribution,1,16,0.0,-0.0,1.0,1,1,1,0,1.0,0.0,1.0,1,-0.0,1.0,1,1,1,0,1.0,0.0,1.0,1
R_7xWlSJ5Zdqog9gt,1,none,feature contribution,2,2,0.0,0.7580102152674328,0.4685979089432423,1,1,1,0,0.4685979089432423,0.7826981692823722,2.9595879676693087,4,1.3862943611198906,0.25,1,1,1,0,0.25,1.0,4.0,4
R_7xWlSJ5Zdqog9gt,1,none,feature contribution,2,7,0.0,-0.0,1.0,1,1,1,0,1.0,0.0,1.0,1,-0.0,1.0,1,1,1,0,1.0,0.0,1.0,1
R_7xWlSJ5Zdqog9gt,1,none,feature contribution,2,12,0.0,3.1566746532114984,0.04256705621305329,4,0,0,0,0.6986145635016746,0.6592988426050598,2.494235495940471,4,1.3862943611198906,0.25,1,1,1,0,0.25,1.0,4.0,4
R_7xWlSJ5Zdqog9gt,1,none,feature contribution,2,17,0.0,3.396908559315616,0.0334766010835769,4,0,0,0,0.4966513062029321,0.8233306012731444,3.131081806390613,4,1.3862943611198906,0.25,1,1,1,0,0.25,1.0,4.0,4
R_7xWlSJ5Zdqog9gt,1,none,feature contribution,3,3,0.0,-0.0,1.0,1,1,1,0,1.0,0.0,1.0,1,-0.0,1.0,1,1,1,0,1.0,0.0,1.0,1
R_7xWlSJ5Zdqog9gt,1,none,feature contribution,3,8,0.0,0.7952299563037959,0.45147740290981636,1,1,1,0,0.45147740290981636,0.8036788895667316,3.0469330055975963,4,1.3862943611198906,0.25,1,1,1,0,0.25,1.0,4.0,4
R_7xWlSJ5Zdqog9gt,1,none,feature contribution,3,13,0.0,2.9875179856675116,0.050412405885754796,5,0,0,0,0.5871561259470297,0.6975693252007574,3.4899117308397103,6,1.791759469228055,0.16666666666666666,1,1,1,0,0.16666666666666666,0.9999999999999999,5.999999999999998,6
R_7xWlSJ5Zdqog9gt,1,none,feature contribution,3,18,0.0,-0.0,1.0,1,1,1,0,1.0,0.0,1.0,1,-0.0,1.0,1,1,1,0,1.0,0.0,1.0,1
R_7xWlSJ5Zdqog9gt,1,none,feature contribution,4,4,0.0,-0.0,1.0,1,1,1,0,1.0,0.0,1.0,1,-0.0,1.0,1,1,1,0,1.0,0.0,1.0,1
R_7xWlSJ5Zdqog9gt,1,none,feature contribution,4,9,0.0,1.1080144363396722,0.3302139714394274,2,0,1,0,0.5385058846362412,0.7573818936203026,2.8575203787719765,4,1.3862943611198906,0.25,1,1,1,0,0.25,1.0,4.0,4
R_7xWlSJ5Zdqog9gt,1,none,feature contribution,4,14,0.0,2.284903666788708,0.10178386680076391,3,0,1,0,0.6083274543107796,0.6841477340433,3.406986515611872,6,1.791759469228055,0.16666666666666666,1,1,1,0,0.16666666666666666,0.9999999999999999,5.999999999999998,6
R_7xWlSJ5Zdqog9gt,1,none,feature contribution,4,19,0.0,3.50576314322286,0.03002385209993524,5,0,0,0,0.4660926627827086,0.7474438938210809,3.8161408926964464,6,1.791759469228055,0.16666666666666666,1,1,1,0,0.16666666666666666,0.9999999999999999,5.999999999999998,6
