participant,xai,case,instance id,selected model family,model MAP subset probability,user suggested edits,model suggested edits,edit vector MAE (lower is closer),edit closeness 0-1 (higher is closer),edit closeness definition,selection F1,amount MAE,direction accuracy,observed success,simulated success,observed target confidence gain,simulated target confidence gain,observed boundary improvement,observed boundary distance original,observed plausibility,simulated plausibility,observed actionability,simulated actionability,observed edit L1,simulated edit L1,original value: glucose,user after: glucose,model after: glucose,user normalized change: glucose,model normalized change: glucose,absolute change difference: glucose,original value: blood_pressure,user after: blood_pressure,model after: blood_pressure,user normalized change: blood_pressure,model normalized change: blood_pressure,absolute change difference: blood_pressure,original value: insulin,user after: insulin,model after: insulin,user normalized change: insulin,model normalized change: insulin,absolute change difference: insulin,original value: bmi,user after: bmi,model after: bmi,user normalized change: bmi,model normalized change: bmi,absolute change difference: bmi,original value: age,user after: age,model after: age,user normalized change: age,model normalized change: age,absolute change difference: age,simulated boundary distance new,simulated boundary improvement
R_12myev0XH9WOz3H,counterfactual,1,160200,weighted examples,0.3481870721047019,glucose: 154.00 -> 105.00 (delta -49.00); bmi: 31.30 -> 26.38 (delta -4.92),glucose: 154.00 -> 141.68 (delta -12.32); bmi: 31.30 -> 29.45 (delta -1.85),0.08392187633059142,0.44733464660428557,1 - sum(abs(model delta - user delta)) / (sum(abs(model delta)) + sum(abs(user delta))),1.0,0.20980469082647854,1.0,1.0,0.0,0.978433201147,0.3769939841105967,-0.00688856187709,0.0980127823706,0.943670203643,0.9308606348990832,1.0,1.0,0.58942807329,0.16981869163704294,154.0,104.99999999999042,141.6750923703122,-0.416595817038,-0.10478581558993205,0.311810001448068,72.0,72.0,72.0,0.0,0.0,0.0,126.0,126.0,126.0,0.0,0.0,0.0,31.3,26.37911999999305,29.448383953186656,-0.172832256252,-0.06503287604711089,0.1077993802048891,37.0,37.0,37.0,0.0,0.0,0.0,0.018630170976538435,0.07938261139406157
R_12myev0XH9WOz3H,counterfactual,2,160210,weighted examples,0.25469909978992716,insulin: 215.00 -> 123.00 (delta -92.00); bmi: 39.40 -> 28.09 (delta -11.31),glucose: 100.00 -> 90.36 (delta -9.64); blood_pressure: 74.00 -> 71.22 (delta -2.78),0.1458825536890873,1.1102230246251565e-16,1 - sum(abs(model delta - user delta)) / (sum(abs(model delta)) + sum(abs(user delta))),0.0,0.18235319211135914,nan,1.0,0.0,0.992579443499,0.11391424707073207,0.00974907649142,0.0664632820126,0.956044904223,0.9054647249408027,1.0,1.0,0.587044297543,0.14236847090243665,100.0,100.0,90.35693712480783,0.0,-0.08198489096405515,0.08198489096405515,74.0,74.0,71.22235532283445,0.0,-0.060383579938381504,0.060383579938381504,215.0,122.99999999982504,215.0,-0.189722016003,0.0,0.189722016003,39.4,28.087439999993105,39.4,-0.39732228154,0.0,0.39732228154,43.0,43.0,43.0,0.0,0.0,0.0,0.01933325193777885,0.04713003007482115
R_12myev0XH9WOz3H,counterfactual,3,160211,weighted examples,0.2585894579977609,glucose: 145.00 -> 93.00 (delta -52.00); bmi: 37.90 -> 26.38 (delta -11.52),glucose: 145.00 -> 134.01 (delta -10.99); bmi: 37.90 -> 36.28 (delta -1.62),0.13928668752459986,0.30150447520222534,1 - sum(abs(model delta - user delta)) / (sum(abs(model delta)) + sum(abs(user delta))),1.0,0.3482167188114996,1.0,1.0,1.0,0.982544878524,0.7237262579720496,-0.063283941387,0.0747170723186,0.922016055137,0.9627100672054936,1.0,1.0,0.84674062691,0.15030718928700082,145.0,93.00000000002103,134.00702708167756,-0.442101683387,-0.09346176601192335,0.34863991737507666,80.0,80.0,80.0,0.0,0.0,0.0,130.0,130.0,130.0,0.0,0.0,0.0,37.9,26.379120000013128,36.28149710851199,-0.404638943523,-0.05684542327507747,0.34779352024792254,40.0,40.0,40.0,0.0,0.0,0.0,0.02300917092328547,0.05170790139531453
R_12myev0XH9WOz3H,counterfactual,4,160201,weighted examples,0.2862289981725498,glucose: 187.00 -> 103.00 (delta -84.00); insulin: 200.00 -> 114.00 (delta -86.00); bmi: 36.40 -> 29.23 (delta -7.17),glucose: 187.00 -> 172.34 (delta -14.66); blood_pressure: 70.00 -> 68.03 (delta -1.97); bmi: 36.40 -> 34.42 (delta -1.98),0.19843126705198516,0.2812591397419586,1 - sum(abs(model delta - user delta)) / (sum(abs(model delta)) + sum(abs(user delta))),0.6666666666666666,0.24803908381498146,1.0,1.0,0.0,0.961146859544,0.0003025708279358352,0.216530682834,0.281142117469,0.961167382098,0.9464378299594461,1.0,1.0,1.143468704332,0.23694027214350366,187.0,103.00000000003399,172.34166727636142,-0.714164257779,-0.12462449178403812,0.5895397659949618,70.0,70.0,68.03055822935713,0.0,-0.04281395153571482,0.04281395153571482,200.0,113.99999999997351,200.0,-0.177348841046,0.0,0.177348841046,36.4,29.226320000004684,34.421143929730164,-0.251955605507,-0.06950182882375072,0.1824537766832493,36.0,36.0,36.0,0.0,0.0,0.0,0.22086032537020736,0.060281792098792614
R_12myev0XH9WOz3H,counterfactual,5,160214,weighted examples,0.2938025552614822,glucose: 104.00 -> 97.00 (delta -7.00); insulin: 156.00 -> 104.00 (delta -52.00); bmi: 29.90 -> 27.52 (delta -2.38),glucose: 104.00 -> 94.28 (delta -9.72); blood_pressure: 74.00 -> 71.35 (delta -2.65); insulin: 156.00 -> 128.05 (delta -27.95),0.04279640400720915,0.5226680090015046,1 - sum(abs(model delta - user delta)) / (sum(abs(model delta)) + sum(abs(user delta))),0.6666666666666666,0.05349550500901144,1.0,1.0,1.0,0.995710408034,0.9952773983744677,-0.0819156298857,0.0501717968156,0.949918197625,0.960424279279655,1.0,1.0,0.2504090118762,0.19787860360172474,104.0,96.99999999999694,94.28482240539547,-0.0595136881483,-0.08259800709577042,0.02308431894747042,74.0,74.0,71.34849160106751,0.0,-0.057641486933314834,0.057641486933314834,156.0,104.00000000000654,128.04964298603562,-0.107234182958,-0.057639109572639485,0.04959507338536051,29.9,27.517999999999404,29.9,-0.0836611407699,0.0,0.0836611407699,41.0,41.0,41.0,0.0,0.0,0.0,0.08132161256255138,-0.03114981574695138
R_12myev0XH9WOz3H,counterfactual,6,160212,weighted examples,0.29414361881615075,glucose: 111.00 -> 98.00 (delta -13.00); insulin: 207.00 -> 128.00 (delta -79.00); bmi: 37.10 -> 30.37 (delta -6.73),glucose: 111.00 -> 100.72 (delta -10.28); blood_pressure: 72.00 -> 69.35 (delta -2.65); insulin: 207.00 -> 179.10 (delta -27.90),0.08452150252024011,0.406804828128418,1 - sum(abs(model delta - user delta)) / (sum(abs(model delta)) + sum(abs(user delta))),0.6666666666666666,0.10565187815030014,1.0,1.0,1.0,0.985477630771,0.9850874443790919,-0.137543890565,0.0372518432215,0.90899851121,0.9705053838352219,1.0,1.0,0.509980054358,0.20244569123233813,111.0,97.99999999997586,100.72296252234315,-0.110525420847,-0.08737491479048493,0.02315050605651507,72.0,72.0,69.35331756206261,0.0,-0.05753657473776935,0.05753657473776935,207.0,128.00000000006588,179.1005149096556,-0.162913470263,-0.057534201704083854,0.10537926855891613,37.1,30.365200000002936,37.1,-0.236541163248,0.0,0.236541163248,56.0,56.0,56.0,0.0,0.0,0.0,0.06225555041534625,-0.02500370719384625
R_12myev0XH9WOz3H,counterfactual,7,160202,weighted examples,0.28324162163619904,glucose: 125.00 -> 102.00 (delta -23.00); bmi: 31.10 -> 26.95 (delta -4.15),glucose: 125.00 -> 113.97 (delta -11.03); bmi: 31.10 -> 29.43 (delta -1.67),0.03778458828142793,0.6173965439467864,1 - sum(abs(model delta - user delta)) / (sum(abs(model delta)) + sum(abs(user delta))),1.0,0.09446147070356983,1.0,1.0,1.0,0.976996201152,0.49522847050337276,-0.0894967315903,0.0569726484831,0.941565679544,0.969514030976028,1.0,1.0,0.341352786527,0.15242984511986035,125.0,102.00000000003871,113.97101833870292,-0.195544975344,-0.09376791074049545,0.10177706460350455,70.0,70.0,70.0,0.0,0.0,0.0,115.0,115.0,115.0,0.0,0.0,0.0,31.1,26.94855999999762,29.429777404350723,-0.145807811183,-0.0586619343793649,0.08714587680363511,41.0,41.0,41.0,0.0,0.0,0.0,0.0008597048667471074,0.05611294361635289
R_12myev0XH9WOz3H,counterfactual,8,160203,weighted examples,0.6014279374236969,glucose: 161.00 -> 98.00 (delta -63.00),glucose: 161.00 -> 147.81 (delta -13.19),0.08469361759926566,0.3462762045831296,1 - sum(abs(model delta - user delta)) / (sum(abs(model delta)) + sum(abs(user delta))),1.0,0.4234680879963283,1.0,1.0,1.0,0.984592992532,0.638570726313634,-0.11777313682,0.0605519329641,0.9065754727,0.9775689789324656,1.0,1.0,0.535623193334,0.1121551053376717,161.0,98.0000000000549,147.80831651018303,-0.535623193334,-0.1121551053376717,0.4234680879963283,68.0,68.0,68.0,0.0,0.0,0.0,132.0,132.0,132.0,0.0,0.0,0.0,25.5,25.5,25.5,0.0,0.0,0.0,47.0,47.0,47.0,0.0,0.0,0.0,0.01043874449415963,0.05011318846994037
R_12myev0XH9WOz3H,counterfactual,9,160213,weighted examples,0.24227165079888843,glucose: 117.00 -> 98.00 (delta -19.00); bmi: 34.50 -> 26.38 (delta -8.12),glucose: 117.00 -> 106.99 (delta -10.01); blood_pressure: 88.00 -> 85.34 (delta -2.66),0.08389452979795979,0.2886349481841496,1 - sum(abs(model delta - user delta)) / (sum(abs(model delta)) + sum(abs(user delta))),0.5,0.139824216329933,1.0,1.0,0.0,0.991813492145,-0.0068747271506710145,-0.000156729202273,0.0929170929375,0.91064789382,0.9714175385707355,1.0,1.0,0.44676053089800005,0.14291230714632236,117.0,98.00000000003709,106.99052688170347,-0.161537153545,-0.0851000945272617,0.07643705901773831,88.0,88.0,85.34063821952321,0.0,-0.057812212619060666,0.057812212619060666,145.0,145.0,145.0,0.0,0.0,0.0,34.5,26.379120000005372,34.5,-0.285223377353,0.0,0.285223377353,40.0,40.0,40.0,0.0,0.0,0.0,0.06718765343059449,0.02572943950690551
R_12myev0XH9WOz3H,counterfactual,10,160204,weighted examples,0.27920039962552673,glucose: 125.00 -> 99.00 (delta -26.00); blood_pressure: 70.00 -> 69.00 (delta -1.00); insulin: 122.00 -> 99.00 (delta -23.00),glucose: 125.00 -> 113.96 (delta -11.04); blood_pressure: 70.00 -> 67.65 (delta -2.35); bmi: 28.90 -> 27.21 (delta -1.69),0.0526854058376077,0.46737878216610207,1 - sum(abs(model delta - user delta)) / (sum(abs(model delta)) + sum(abs(user delta))),0.6666666666666666,0.06585675729700963,1.0,1.0,1.0,0.968511067467,0.9642890050861097,-0.148338972583,0.0395820491408,0.941955904774,0.9591268833809186,1.0,1.0,0.29022047612949997,0.20436558309540737,125.0,98.99999999995171,113.96249396527291,-0.221050841694,-0.09384038458363442,0.12721045711036558,70.0,68.9999999999992,67.64687834241482,-0.0217391304348,-0.051154818643155964,0.029415688208355963,122.0,98.9999999999805,122.0,-0.0474305040007,0.0,0.0474305040007,28.9,28.9,27.209606544380733,0.0,-0.059370379868616985,0.059370379868616985,45.0,45.0,45.0,0.0,0.0,0.0,0.10713411320357066,-0.06755206406277067
R_12myev0XH9WOz3H,counterfactual,11,160206,weighted examples,0.3765613377665279,blood_pressure: 80.00 -> 70.00 (delta -10.00),blood_pressure: 80.00 -> 86.16 (delta +6.16),0.070275091774973,0.0,1 - sum(abs(model delta - user delta)) / (sum(abs(model delta)) + sum(abs(user delta))),1.0,0.351375458874865,0.0,0.0,0.0,3.68459666489e-06,-1.2552558992240392e-10,0.340179505719,0.558946397893,0.958305291533,0.973203169094627,1.0,1.0,0.217391304348,0.13398415452686496,103.0,103.0,103.0,0.0,0.0,0.0,80.0,69.999999999992,86.16327110823579,-0.217391304348,0.13398415452686496,0.351375458874865,82.0,82.0,82.0,0.0,0.0,0.0,20.4,20.4,20.4,0.0,0.0,0.0,22.0,22.0,22.0,0.0,0.0,0.0,0.5579778829455686,0.0009685149474314425
R_12myev0XH9WOz3H,counterfactual,12,160205,weighted examples,0.39788695187526263,glucose: 100.00 -> 89.00 (delta -11.00),blood_pressure: 74.00 -> 80.31 (delta +6.31),0.046150063060068414,0.0,1 - sum(abs(model delta - user delta)) / (sum(abs(model delta)) + sum(abs(user delta))),0.0,0.11537515765017103,nan,0.0,0.0,-4.50992121026e-06,-1.8590838304133328e-05,-0.2776021388,0.284435118814,0.959374501017,0.9787060885763529,1.0,1.0,0.0935215099473,0.13722880535304205,100.0,88.99999999999856,100.0,-0.0935215099473,0.0,0.0935215099473,74.0,74.0,80.31252504623993,0.0,0.13722880535304205,0.13722880535304205,46.0,46.0,46.0,0.0,0.0,0.0,20.4,20.4,20.4,0.0,0.0,0.0,28.0,28.0,28.0,0.0,0.0,0.0,0.3727399825160848,-0.08830486370208479
R_12myev0XH9WOz3H,counterfactual,13,160217,weighted examples,0.3042767066758069,glucose: 112.00 -> 98.00 (delta -14.00); bmi: 34.10 -> 26.09 (delta -8.01),glucose: 112.00 -> 122.85 (delta +10.85); blood_pressure: 68.00 -> 76.49 (delta +8.49),0.13541599661350592,0.0,1 - sum(abs(model delta - user delta)) / (sum(abs(model delta)) + sum(abs(user delta))),0.5,0.22569332768917652,0.0,0.0,0.0,-0.155502075481,-0.14370892009286929,-0.141062189037,0.030760691058,0.958084396025,0.9616272072780312,1.0,1.0,0.400201863513,0.27687811955452957,112.0,97.99999999994685,122.85264142370058,-0.119027376297,0.09226867389645105,0.21129605019345105,68.0,68.0,76.49203450027161,0.0,0.18460944565807852,0.18460944565807852,94.0,94.0,94.0,0.0,0.0,0.0,34.1,26.094399999986038,34.1,-0.281174487216,0.0,0.281174487216,26.0,26.0,26.0,0.0,0.0,0.0,0.10242934129474113,-0.07166865023674113
R_12myev0XH9WOz3H,counterfactual,14,160209,weighted examples,0.4679865744923857,bmi: 29.30 -> 27.23 (delta -2.07),blood_pressure: 78.00 -> 84.88 (delta +6.88),0.0444377883413828,0.0,1 - sum(abs(model delta - user delta)) / (sum(abs(model delta)) + sum(abs(user delta))),0.0,0.111094470853457,nan,0.0,0.0,-3.52136532633e-06,5.104270923106391e-05,-0.0737096887322,0.215219871146,0.985482438887,0.9700797727712972,1.0,1.0,0.0725878055634,0.149601136143514,83.0,83.0,83.0,0.0,0.0,0.0,78.0,78.0,84.88165226260165,0.0,0.149601136143514,0.149601136143514,71.0,71.0,71.0,0.0,0.0,0.0,29.3,27.233279999998874,29.3,-0.0725878055634,0.0,0.0725878055634,36.0,36.0,36.0,0.0,0.0,0.0,0.1662654218003819,0.0489544493456181
R_12myev0XH9WOz3H,counterfactual,15,160218,weighted examples,0.39162333315612485,glucose: 154.00 -> 92.00 (delta -62.00); insulin: 193.00 -> 94.00 (delta -99.00); bmi: 29.30 -> 25.81 (delta -3.49),glucose: 154.00 -> 164.79 (delta +10.79); blood_pressure: 74.00 -> 80.87 (delta +6.87); bmi: 29.30 -> 31.87 (delta +2.57),0.23703683859611835,2.220446049250313e-16,1 - sum(abs(model delta - user delta)) / (sum(abs(model delta)) + sum(abs(user delta))),0.6666666666666666,0.29629604824514794,0.0,0.0,1.0,-0.0239102237744,0.9725787061953262,-0.178564173566,0.0818222236912,0.969386940166,0.9337364474504817,1.0,1.0,0.853866430233,0.33131776274759184,154.0,91.99999999996628,164.79324531420278,-0.527121237885,0.091763690819612,0.618884928704612,74.0,74.0,80.87450146852774,0.0,0.14944568409842918,0.14944568409842918,193.0,94.00000000021761,193.0,-0.204157386785,0.0,0.204157386785,29.3,25.80968000001026,31.86556601828297,-0.122587805563,0.09010838782955066,0.21269619339255066,39.0,39.0,39.0,0.0,0.0,0.0,0.11085665423867785,-0.029034430547477855
R_12myev0XH9WOz3H,counterfactual,16,160207,weighted examples,0.509340781342663,bmi: 30.40 -> 27.23 (delta -3.17),blood_pressure: 74.00 -> 81.24 (delta +7.24),0.053703238568489665,0.0,1 - sum(abs(model delta - user delta)) / (sum(abs(model delta)) + sum(abs(user delta))),0.0,0.13425809642122416,nan,0.0,0.0,-5.29202229593e-07,0.00017722596698488413,-0.0543173073318,0.204135275223,0.977755549311,0.9685412121199103,1.0,1.0,0.111222253442,0.15729393940044833,89.0,89.0,89.0,0.0,0.0,0.0,74.0,74.0,81.23552121242062,0.0,0.15729393940044833,0.15729393940044833,85.0,85.0,85.0,0.0,0.0,0.0,30.4,27.233279999999368,30.4,-0.111222253442,0.0,0.111222253442,38.0,38.0,38.0,0.0,0.0,0.0,0.11984573109556787,0.08428954412743214
R_12myev0XH9WOz3H,counterfactual,17,160219,weighted examples,0.33267721693873,glucose: 139.00 -> 96.00 (delta -43.00); insulin: 140.00 -> 94.00 (delta -46.00); bmi: 28.60 -> 25.81 (delta -2.79),glucose: 139.00 -> 149.15 (delta +10.15); blood_pressure: 64.00 -> 72.04 (delta +8.04); bmi: 28.60 -> 31.02 (delta +2.42),0.18091820168699932,0.0,1 - sum(abs(model delta - user delta)) / (sum(abs(model delta)) + sum(abs(user delta))),0.6666666666666666,0.22614775210874916,0.0,0.0,1.0,-0.0506422015536,0.9365682630377632,-0.091712094076,0.038863565943,0.956276116922,0.9338187497481465,1.0,1.0,0.5584473401627,0.34614366827229653,139.0,96.0000000000468,149.14516187403746,-0.365584084339,0.08625371428360351,0.45183779862260354,64.0,64.0,72.03760061525313,0.0,0.17473044815767658,0.17473044815767658,140.0,94.0000000000095,140.0,-0.0948610080013,0.0,0.0948610080013,28.6,25.809680000000625,31.0246614500207,-0.0980022478224,0.08515950583101645,0.18316175365341644,26.0,26.0,26.0,0.0,0.0,0.0,0.12986549444436868,-0.09100192850136868
R_12myev0XH9WOz3H,counterfactual,18,160215,weighted examples,0.28897676607704964,glucose: 117.00 -> 103.00 (delta -14.00); bmi: 33.80 -> 26.66 (delta -7.14),glucose: 117.00 -> 127.08 (delta +10.08); blood_pressure: 60.00 -> 69.69 (delta +9.69),0.13320013280656556,0.0,1 - sum(abs(model delta - user delta)) / (sum(abs(model delta)) + sum(abs(user delta))),0.5,0.2220002213442759,0.0,0.0,1.0,-0.0633938406869,0.5883443734031093,-0.0881671150694,0.0606767911965,0.947181397779,0.9549337213397294,1.0,1.0,0.369665195909,0.2963354681238278,117.0,102.99999999994685,127.08088051482468,-0.119027376297,0.08570719703132706,0.20473457332832706,60.0,60.0,69.68890047025504,0.0,0.21062827109250076,0.21062827109250076,106.0,106.0,106.0,0.0,0.0,0.0,33.8,26.663840000007124,33.8,-0.250637819612,0.0,0.250637819612,27.0,27.0,27.0,0.0,0.0,0.0,0.020097369228320894,0.040579421968179104
R_12myev0XH9WOz3H,counterfactual,19,160216,weighted examples,0.26248221230463364,glucose: 151.00 -> 93.00 (delta -58.00); insulin: 120.00 -> 99.00 (delta -21.00); bmi: 35.50 -> 25.81 (delta -9.69),glucose: 151.00 -> 159.94 (delta +8.94); blood_pressure: 62.00 -> 71.19 (delta +9.19); bmi: 35.50 -> 37.64 (delta +2.14),0.24550788085490796,0.0,1 - sum(abs(model delta - user delta)) / (sum(abs(model delta)) + sum(abs(user delta))),0.6666666666666666,0.30688485106863495,0.0,0.0,1.0,-0.0573979607447,0.9284008553162807,-0.180989310473,0.034821278767,0.957199935729,0.9298451453713721,1.0,1.0,0.8767651311314,0.3507742731431397,151.0,92.99999999996466,159.93739615198723,-0.493113416086,0.07598534392099332,0.5690987600069933,62.0,62.0,71.18930637730762,0.0,0.19976752994146973,0.19976752994146973,120.0,99.00000000001384,120.0,-0.0433061123484,0.0,0.0433061123484,35.5,25.809680000011006,37.63600928031943,-0.340345602697,0.07502139928067664,0.4153670019776766,28.0,28.0,28.0,0.0,0.0,0.0,0.10618898017857084,-0.07136770141157084
R_12myev0XH9WOz3H,counterfactual,20,160208,weighted examples,0.466110841030623,glucose: 126.00 -> 90.00 (delta -36.00),blood_pressure: 74.00 -> 80.58 (delta +6.58),0.08980391535344633,0.0,1 - sum(abs(model delta - user delta)) / (sum(abs(model delta)) + sum(abs(user delta))),0.0,0.22450978838361582,nan,0.0,0.0,-0.0118458059251,0.12677878322548486,-0.22331270896,0.0900870805017,0.974456950004,0.9714101638847537,1.0,1.0,0.306070396191,0.14294918057623163,126.0,90.00000000001457,126.0,-0.306070396191,0.0,0.306070396191,74.0,74.0,80.57566230650664,0.0,0.14294918057623163,0.14294918057623163,75.0,75.0,75.0,0.0,0.0,0.0,25.9,25.9,25.9,0.0,0.0,0.0,39.0,39.0,39.0,0.0,0.0,0.0,0.04045670358276526,0.04963037691893474
R_156Kmlz4ECsrHQR,attribution,1,160201,feature contribution,0.25088822605588257,blood_pressure: 70.00 -> 78.00 (delta +8.00); insulin: 200.00 -> 308.00 (delta +108.00); age: 36.00 -> 43.00 (delta +7.00),blood_pressure: 70.00 -> 65.41 (delta -4.59); insulin: 200.00 -> 123.85 (delta -76.15); age: 36.00 -> 33.16 (delta -2.84),0.18391159231377416,0.0,1 - sum(abs(model delta - user delta)) / (sum(abs(model delta)) + sum(abs(user delta))),1.0,0.30651932052295694,0.0,0.0,0.0,5.92197406059e-05,0.30637828979739223,0.0868357230876,0.281142117469,0.934929393069,0.9361934763755484,0.0,0.0,0.585819381887,0.33373857968187076,187.0,187.0,187.0,0.0,0.0,0.0,70.0,77.999999999988,65.40544200685996,0.173913043478,-0.09988169550304443,0.27379473898104445,200.0,307.9999999997626,123.84940486290618,0.22271714922,-0.1570374394479371,0.3797545886679371,36.4,36.4,36.4,0.0,0.0,0.0,36.0,42.999999999993,33.1576805449571,0.189189189189,-0.07681944473088925,0.26600863391988927,0.010910786838924463,0.27023133063007554
R_156Kmlz4ECsrHQR,attribution,2,160200,feature contribution,0.25088822605588257,blood_pressure: 72.00 -> 81.00 (delta +9.00); insulin: 126.00 -> 283.00 (delta +157.00); bmi: 31.30 -> 34.07 (delta +2.77),blood_pressure: 72.00 -> 71.56 (delta -0.44); insulin: 126.00 -> 122.31 (delta -3.69); age: 37.00 -> 36.73 (delta -0.27),0.12820988469895384,0.0,1 - sum(abs(model delta - user delta)) / (sum(abs(model delta)) + sum(abs(user delta))),0.6666666666666666,0.1602623558736923,0.0,1.0,0.0,0.889892470481,-0.0013512612419862551,0.0493293279932,0.0980127823706,0.914803589483,0.9386018489110889,1.0,0.0,0.6165846623612,0.02446476113356927,154.0,154.0,154.0,0.0,0.0,0.0,72.0,80.99999999999801,71.55744680893494,0.195652173913,-0.009620721544892463,0.20527289545789246,126.0,282.9999999999243,122.31018033340638,0.3237647447,-0.00760913071556879,0.3313738754155688,31.3,34.06655999999875,31.3,0.0971677437482,0.0,0.0971677437482,37.0,37.0,36.732308371695005,0.0,-0.007234908873108015,0.007234908873108015,0.10535269642008693,-0.007339914049486931
R_156Kmlz4ECsrHQR,attribution,3,160203,feature contribution,0.7287232766388954,insulin: 132.00 -> 288.00 (delta +156.00),insulin: 132.00 -> 125.94 (delta -6.06),0.06683980568235641,0.0,1 - sum(abs(model delta - user delta)) / (sum(abs(model delta)) + sum(abs(user delta))),1.0,0.33419902841178206,0.0,1.0,0.0,0.974785115173,0.0008319290400358812,-0.0608063227482,0.0605519329641,0.935659490225,0.9975007040924436,1.0,1.0,0.321702548874,0.012496479537782074,161.0,161.0,161.0,0.0,0.0,0.0,68.0,68.0,68.0,0.0,0.0,0.0,132.0,287.9999999999804,125.9402071425387,0.321702548874,-0.012496479537782074,0.33419902841178206,25.5,25.5,25.5,0.0,0.0,0.0,47.0,47.0,47.0,0.0,0.0,0.0,0.06519150824245529,-0.00463957527835529
R_156Kmlz4ECsrHQR,attribution,4,160204,feature contribution,0.29676808584255027,insulin: 122.00 -> 201.00 (delta +79.00); bmi: 28.90 -> 35.49 (delta +6.59),blood_pressure: 70.00 -> 69.59 (delta -0.41); insulin: 122.00 -> 118.47 (delta -3.53),0.08209289934293898,1.1102230246251565e-16,1 - sum(abs(model delta - user delta)) / (sum(abs(model delta)) + sum(abs(user delta))),0.5,0.1368214989048983,0.0,1.0,0.0,0.540606528417,0.046742970086450494,0.0331148140589,0.0395820491408,0.921644690515,0.996782011624461,1.0,1.0,0.394374554837,0.01608994187769494,125.0,125.0,125.0,0.0,0.0,0.0,70.0,70.0,69.5943262415237,0.0,-0.008818994749484776,0.008818994749484776,122.0,200.99999999993412,118.47417231858832,0.162913470263,-0.0072709471282101645,0.17018441739121015,28.9,35.49015999999094,28.9,0.231461084574,0.0,0.231461084574,45.0,45.0,45.0,0.0,0.0,0.0,0.02757387191782651,0.012008177222973489
R_156Kmlz4ECsrHQR,attribution,5,160212,feature contribution,0.29676808584255027,glucose: 111.00 -> 144.00 (delta +33.00); insulin: 207.00 -> 356.00 (delta +149.00),blood_pressure: 72.00 -> 64.09 (delta -7.91); insulin: 207.00 -> 81.75 (delta -125.25),0.20359728456686854,0.0,1 - sum(abs(model delta - user delta)) / (sum(abs(model delta)) + sum(abs(user delta))),0.5,0.33932880761144757,0.0,0.0,1.0,0.342466707624,0.9854776316147464,0.0240599308706,0.0372518432215,0.911372415193,0.9139690570197314,1.0,1.0,0.587831707933,0.4301547149013428,111.0,144.00000000001606,111.0,0.280564529842,0.0,0.280564529842,72.0,72.0,64.09378731407779,0.0,-0.17187418882439587,0.17187418882439587,207.0,355.9999999998881,81.75460729476663,0.307267178091,-0.25828052607694696,0.565547704167947,37.1,37.1,37.1,0.0,0.0,0.0,56.0,56.0,56.0,0.0,0.0,0.0,0.2783437485278917,-0.24109190530639169
R_156Kmlz4ECsrHQR,attribution,6,160202,feature contribution,0.29676808584255027,blood_pressure: 70.00 -> 79.00 (delta +9.00); insulin: 115.00 -> 356.00 (delta +241.00),blood_pressure: 70.00 -> 69.59 (delta -0.41); insulin: 115.00 -> 111.76 (delta -3.24),0.14162789772136347,1.1102230246251565e-16,1 - sum(abs(model delta - user delta)) / (sum(abs(model delta)) + sum(abs(user delta))),1.0,0.35406974430340865,0.0,1.0,0.0,0.971065144698,0.01685425486579849,-0.0336920966449,0.0569726484831,0.873852503593,0.9969003758800365,1.0,1.0,0.692641368007,0.015498120599817394,125.0,125.0,125.0,0.0,0.0,0.0,70.0,78.99999999999801,69.5943262415237,0.195652173913,-0.008818994749484776,0.20447116866248477,115.0,356.000000000063,111.7611582926567,0.496989194094,-0.006679125850332618,0.5036683199443326,31.1,31.1,31.1,0.0,0.0,0.0,41.0,41.0,41.0,0.0,0.0,0.0,0.047591960459797245,0.009380688023302754
R_156Kmlz4ECsrHQR,attribution,7,160213,feature contribution,0.29676808584255027,insulin: 145.00 -> 249.00 (delta +104.00); bmi: 34.50 -> 43.75 (delta +9.25),blood_pressure: 88.00 -> 80.37 (delta -7.63); insulin: 145.00 -> 98.76 (delta -46.24),0.16010030200532047,0.0,1 - sum(abs(model delta - user delta)) / (sum(abs(model delta)) + sum(abs(user delta))),0.5,0.2668338366755341,0.0,0.0,1.0,-0.00727051489963,0.9281195108165005,-0.159666472071,0.0929170929375,0.910002407026,0.9477486957072796,1.0,1.0,0.539244988563,0.2612565214636023,117.0,117.0,117.0,0.0,0.0,0.0,88.0,88.0,80.36833463898816,0.0,-0.1659057687176485,0.1659057687176485,145.0,248.99999999998693,98.762512978432,0.214468365916,-0.09535075274595378,0.3098191186619538,34.5,43.7470400000054,34.5,0.324776622647,0.0,0.324776622647,40.0,40.0,40.0,0.0,0.0,0.0,0.046110921253081416,0.046806171684418585
R_156Kmlz4ECsrHQR,attribution,8,160214,feature contribution,0.29676808584255027,glucose: 104.00 -> 134.00 (delta +30.00); insulin: 156.00 -> 293.00 (delta +137.00),blood_pressure: 74.00 -> 73.52 (delta -0.48); insulin: 156.00 -> 151.08 (delta -4.92),0.11162948952641169,0.0,1 - sum(abs(model delta - user delta)) / (sum(abs(model delta)) + sum(abs(user delta))),0.5,0.18604914921068616,0.0,1.0,0.0,0.988558651327,0.012191350565356498,-0.0759431795256,0.0501717968156,0.913988705506,0.9958864088077883,1.0,1.0,0.5375794916709999,0.020567955961058537,104.0,134.00000000004667,104.0,0.255058663493,0.0,0.255058663493,74.0,74.0,73.5205673763462,0.0,-0.01042244834030015,0.01042244834030015,156.0,293.00000000007606,151.08024044454183,0.282520828178,-0.010145507620758387,0.2926663357987584,29.9,29.9,29.9,0.0,0.0,0.0,41.0,41.0,41.0,0.0,0.0,0.0,0.0359616889334044,0.014210107882195601
R_156Kmlz4ECsrHQR,attribution,9,160210,feature contribution,0.29676808584255027,insulin: 215.00 -> 288.00 (delta +73.00); bmi: 39.40 -> 32.36 (delta -7.04),blood_pressure: 74.00 -> 68.39 (delta -5.61); insulin: 215.00 -> 129.13 (delta -85.87),0.13937628861123214,0.0,1 - sum(abs(model delta - user delta)) / (sum(abs(model delta)) + sum(abs(user delta))),0.5,0.23229381435205357,0.0,0.0,1.0,-0.00204855749624,0.997934855657045,-0.142741851342,0.0664632820126,0.919351145497,0.9359911180972917,1.0,1.0,0.397862576846,0.2990188662101607,100.0,100.0,100.0,0.0,0.0,0.0,74.0,74.0,68.39041789477574,0.0,-0.1219474370700927,0.1219474370700927,215.0,287.99999999978564,129.13452258139804,0.150540295306,-0.177071429140068,0.327611724446068,39.4,32.35823999999311,39.4,-0.24732228154,0.0,0.24732228154,43.0,43.0,43.0,0.0,0.0,0.0,0.1977661814533256,-0.1313028994407256
R_156Kmlz4ECsrHQR,attribution,10,160211,feature contribution,0.29676808584255027,insulin: 130.00 -> 245.00 (delta +115.00); bmi: 37.90 -> 43.46 (delta +5.56),blood_pressure: 80.00 -> 73.13 (delta -6.87); insulin: 130.00 -> 85.13 (delta -44.87),0.1348772381352823,0.0,1 - sum(abs(model delta - user delta)) / (sum(abs(model delta)) + sum(abs(user delta))),0.5,0.22479539689213715,0.0,0.0,0.0,-0.0166667387937,-0.011878756314285872,-0.141041763001,0.0747170723186,0.941095022931,0.9389950584623877,1.0,1.0,0.43251357648,0.24187261419641154,145.0,145.0,145.0,0.0,0.0,0.0,80.0,80.0,73.13008964102407,0.0,-0.1493458773690418,0.1493458773690418,130.0,244.999999999855,85.13193477767179,0.237152520003,-0.09252673682736971,0.3296792568303697,37.9,43.46232000001315,37.9,0.195361056477,0.0,0.195361056477,40.0,40.0,40.0,0.0,0.0,0.0,0.10023237615091922,-0.025515303832319217
R_156Kmlz4ECsrHQR,attribution,11,160205,feature contribution,0.25088822605588257,blood_pressure: 74.00 -> 79.00 (delta +5.00); insulin: 46.00 -> 172.00 (delta +126.00); bmi: 20.40 -> 28.66 (delta +8.26),blood_pressure: 74.00 -> 77.77 (delta +3.77); insulin: 46.00 -> 245.15 (delta +199.15); age: 28.00 -> 33.13 (delta +5.13),0.12125843574062463,0.5299947448859066,1 - sum(abs(model delta - user delta)) / (sum(abs(model delta)) + sum(abs(user delta))),0.6666666666666666,0.15157304467578078,1.0,0.0,0.0,0.000304393259964,-1.880617800908979e-05,0.188064181618,0.284435118814,0.938483349503,0.8969607280491126,1.0,0.0,0.658532326265,0.6314366094141259,100.0,100.0,100.0,0.0,0.0,0.0,74.0,79.00000000000401,77.77207840226205,0.108695652174,0.08200170439700138,0.026693947776998614,46.0,172.00000000020796,245.14966094662805,0.259836674091,0.410685599576482,0.150848925485482,20.4,28.656880000000008,20.4,0.29,0.0,0.29,28.0,28.0,33.13372430130377,0.0,0.1387493054406425,0.1387493054406425,0.3335250452377288,-0.04908992642372878
R_156Kmlz4ECsrHQR,attribution,12,160215,feature contribution,0.29676808584255027,blood_pressure: 60.00 -> 82.00 (delta +22.00); insulin: 106.00 -> 298.00 (delta +192.00),blood_pressure: 60.00 -> 65.11 (delta +5.11); insulin: 106.00 -> 244.61 (delta +138.61),0.09545996116497688,0.6245001342849592,1 - sum(abs(model delta - user delta)) / (sum(abs(model delta)) + sum(abs(user delta))),1.0,0.2386499029124422,1.0,0.0,1.0,-0.077463431851,0.8693847576608774,-0.13990958111,0.0606767911965,0.919902305736,0.9366504826594747,1.0,1.0,0.874202468179,0.39690266235411564,117.0,117.0,117.0,0.0,0.0,0.0,60.0,81.99999999999,65.10865660081899,0.478260869565,0.11105775219171721,0.3672031173732828,106.0,297.9999999999013,244.61191383595053,0.395941598614,0.28584491016239844,0.11009668845160159,33.8,33.8,33.8,0.0,0.0,0.0,27.0,27.0,27.0,0.0,0.0,0.0,0.07055720714025526,-0.009880415943755265
R_156Kmlz4ECsrHQR,attribution,13,160209,feature contribution,0.29676808584255027,insulin: 71.00 -> 322.00 (delta +251.00); bmi: 29.30 -> 36.34 (delta +7.04),blood_pressure: 78.00 -> 79.85 (delta +1.85); insulin: 71.00 -> 186.90 (delta +115.90),0.11326441999800022,0.45771259242908413,1 - sum(abs(model delta - user delta)) / (sum(abs(model delta)) + sum(abs(user delta))),0.5,0.18877403333000034,1.0,1.0,1.0,0.999993065577,0.9325318891385963,-0.0141608888424,0.215219871146,0.888120535125,0.9441404796008895,1.0,1.0,0.765023346792,0.2792976019955525,83.0,83.0,83.0,0.0,0.0,0.0,78.0,78.0,79.85371616945173,0.0,0.040298177596776785,0.040298177596776785,71.0,321.9999999999871,186.89560087945455,0.517611152355,0.2389994243987757,0.2786117279562243,29.3,36.34432000001028,29.3,0.247412194437,0.0,0.247412194437,36.0,36.0,36.0,0.0,0.0,0.0,0.03682740631009768,0.17839246483590232
R_156Kmlz4ECsrHQR,attribution,14,160206,feature contribution,0.29676808584255027,insulin: 82.00 -> 235.00 (delta +153.00); bmi: 20.40 -> 27.23 (delta +6.83),blood_pressure: 80.00 -> 82.81 (delta +2.81); insulin: 82.00 -> 277.75 (delta +195.75),0.07783998684594302,0.6185181519758884,1 - sum(abs(model delta - user delta)) / (sum(abs(model delta)) + sum(abs(user delta))),0.5,0.12973331140990504,1.0,0.0,0.0,7.32421456817e-10,-1.261515336636876e-10,0.248064535473,0.558946397893,0.906241414758,0.907056820874857,1.0,1.0,0.555515961396,0.46471589562571514,103.0,103.0,103.0,0.0,0.0,0.0,80.0,80.0,82.80820408557565,0.0,0.06104791490381878,0.06104791490381878,82.0,235.00000000014862,277.74667721166236,0.315515961396,0.40366798072189636,0.08815201932589634,20.4,27.233280000000008,20.4,0.24,0.0,0.24,22.0,22.0,22.0,0.0,0.0,0.0,0.5700144199051789,-0.011068022012178824
R_156Kmlz4ECsrHQR,attribution,15,160219,feature contribution,0.25088822605588257,insulin: 140.00 -> 65.00 (delta -75.00); bmi: 28.60 -> 38.91 (delta +10.31); age: 26.00 -> 34.00 (delta +8.00),blood_pressure: 64.00 -> 67.20 (delta +3.20); insulin: 140.00 -> 230.41 (delta +90.41); age: 26.00 -> 29.10 (delta +3.10),0.1810349677259206,0.15618261996643978,1 - sum(abs(model delta - user delta)) / (sum(abs(model delta)) + sum(abs(user delta))),0.6666666666666666,0.22629370965740073,0.5,0.0,0.0,-0.0490111478407,-0.008395305325985314,-0.062944945474,0.038863565943,0.891852188766,0.9334375342130127,0.0,0.0,0.732878655353,0.3398354887827873,139.0,139.0,139.0,0.0,0.0,0.0,64.0,64.0,67.202573780688,0.0,0.06962116914539129,0.06962116914539129,140.0,64.99999999984158,230.4107478655368,-0.154664686959,0.1864446668843038,0.34110935384330376,28.6,38.90680000001203,28.6,0.361997752178,0.0,0.361997752178,26.0,33.999999999992,29.099477151864413,0.216216216216,0.08376965275309217,0.13244656346290784,0.04544840942145523,-0.006584843478455227
R_156Kmlz4ECsrHQR,attribution,16,160208,feature contribution,0.29676808584255027,insulin: 75.00 -> 269.00 (delta +194.00); bmi: 25.90 -> 37.77 (delta +11.87),blood_pressure: 74.00 -> 75.82 (delta +1.82); insulin: 75.00 -> 165.22 (delta +90.22),0.13408096096258787,0.3569343393830322,1 - sum(abs(model delta - user delta)) / (sum(abs(model delta)) + sum(abs(user delta))),0.5,0.2234682682709798,1.0,0.0,0.0,0.270891083007,0.1605867695416574,0.0730747605393,0.0900870805017,0.912453515835,0.9548759966082715,1.0,1.0,0.816893750873,0.2256200169586426,126.0,126.0,126.0,0.0,0.0,0.0,74.0,74.0,75.82001463066739,0.0,0.03956553544929098,0.03956553544929098,75.0,268.9999999997891,165.22153917351497,0.400065990266,0.1860544815093516,0.21401150875664837,25.9,37.76792000000252,25.9,0.416827760607,0.0,0.416827760607,39.0,39.0,39.0,0.0,0.0,0.0,0.029253364768974083,0.06083371573272592
R_156Kmlz4ECsrHQR,attribution,17,160218,feature contribution,0.29676808584255027,bmi: 29.30 -> 36.91 (delta +7.61); age: 39.00 -> 29.00 (delta -10.00),blood_pressure: 74.00 -> 74.37 (delta +0.37); insulin: 193.00 -> 206.44 (delta +13.44),0.11468480463054727,0.0,1 - sum(abs(model delta - user delta)) / (sum(abs(model delta)) + sum(abs(user delta))),0.0,0.14335600578818408,nan,1.0,0.0,0.887422933439,-0.0045850779295592,0.0420302907944,0.0818222236912,0.968253657716,0.9928516883108527,0.0,1.0,0.537682464707,0.03574155844573629,154.0,154.0,154.0,0.0,0.0,0.0,74.0,74.0,74.36879432588755,0.0,0.00801726795407709,0.00801726795407709,193.0,193.0,206.44406294521542,0.0,0.027724290491659198,0.027724290491659198,29.3,36.91376000001028,29.3,0.267412194437,0.0,0.267412194437,39.0,29.00000000001,39.0,-0.27027027027,0.0,0.27027027027,0.09712744336057888,-0.01530521966937888
R_156Kmlz4ECsrHQR,attribution,18,160216,feature contribution,0.25088822605588257,blood_pressure: 62.00 -> 68.00 (delta +6.00); insulin: 120.00 -> 201.00 (delta +81.00); age: 28.00 -> 40.00 (delta +12.00),blood_pressure: 62.00 -> 64.41 (delta +2.41); insulin: 120.00 -> 187.15 (delta +67.15); age: 28.00 -> 30.05 (delta +2.05),0.07509850689042201,0.5674554458166026,1 - sum(abs(model delta - user delta)) / (sum(abs(model delta)) + sum(abs(user delta))),1.0,0.12516417815070335,1.0,1.0,1.0,0.874723085308,0.9412441358336324,-0.0435365603723,0.034821278767,0.948330988451,0.950739113120822,0.0,0.0,0.6217969688480001,0.2463044343958899,151.0,151.0,151.0,0.0,0.0,0.0,62.0,68.000000000014,64.41066438302096,0.130434782609,0.052405747456977236,0.07802903515202275,120.0,200.99999999982197,187.15106295905917,0.167037861915,0.13847864175340063,0.02855922016159937,35.5,35.5,35.5,0.0,0.0,0.0,28.0,39.999999999988,30.050541671863947,0.324324324324,0.055420045185512024,0.26890427913848797,0.11320557528704678,-0.07838429652004678
R_156Kmlz4ECsrHQR,attribution,19,160217,feature contribution,0.7287232766388954,age: 26.00 -> 39.00 (delta +13.00),insulin: 94.00 -> 239.67 (delta +145.67),0.1303504346601207,0.0,1 - sum(abs(model delta - user delta)) / (sum(abs(model delta)) + sum(abs(user delta))),0.0,0.32587608665030177,nan,0.0,0.0,-0.155695104757,0.22731060550905713,-0.127621561057,0.030760691058,0.960170195362,0.9488358038844925,0.0,1.0,0.351351351351,0.3004008219496036,112.0,112.0,112.0,0.0,0.0,0.0,68.0,68.0,68.0,0.0,0.0,0.0,94.0,94.0,239.67036657980208,0.0,0.3004008219496036,0.3004008219496036,34.1,34.1,34.1,0.0,0.0,0.0,26.0,38.999999999987,26.0,0.351351351351,0.0,0.351351351351,0.014233595830639378,0.016527095227360622
R_156Kmlz4ECsrHQR,attribution,20,160207,feature contribution,0.29676808584255027,insulin: 85.00 -> 308.00 (delta +223.00); bmi: 30.40 -> 36.63 (delta +6.23),blood_pressure: 74.00 -> 76.00 (delta +2.00); insulin: 85.00 -> 182.07 (delta +97.07),0.10440155488468875,0.43406556137490726,1 - sum(abs(model delta - user delta)) / (sum(abs(model delta)) + sum(abs(user delta))),0.5,0.17400259147448124,1.0,1.0,1.0,0.999992733136,0.9912274186411052,-0.0296470556529,0.204135275223,0.901129226888,0.9512530707678437,1.0,1.0,0.678647415782,0.2437346461607817,89.0,89.0,89.0,0.0,0.0,0.0,74.0,74.0,76.00318511045118,0.0,0.043547502401112714,0.043547502401112714,85.0,308.00000000010255,182.07474975193887,0.459869669224,0.20018714375966898,0.259682525464331,30.4,36.62903999999938,30.4,0.218777746558,0.0,0.218777746558,38.0,38.0,38.0,0.0,0.0,0.0,0.05320413912814459,0.15093113609485542
R_1Fh1UMJw1me9wFr,none,1,160211,feature contribution,0.5891449265201609,blood_pressure: 80.00 -> 66.00 (delta -14.00); bmi: 37.90 -> 30.93 (delta -6.97),blood_pressure: 80.00 -> 61.15 (delta -18.85); bmi: 37.90 -> 27.28 (delta -10.62),0.04674652139495666,0.8244863496029881,1 - sum(abs(model delta - user delta)) / (sum(abs(model delta)) + sum(abs(user delta))),1.0,0.11686630348739165,1.0,0.0,1.0,0.138410307673,0.9230288437201858,0.0304616738738,0.0747170723186,0.935847318733,0.9487125242328039,1.0,1.0,0.54898676961,0.7827193765847833,145.0,145.0,145.0,0.0,0.0,0.0,80.0,65.999999999998,61.14641310806075,-0.304347826087,-0.40986058460737496,0.10551275852037495,130.0,130.0,130.0,0.0,0.0,0.0,37.9,30.934640000013133,27.283964474819214,-0.244638943523,-0.37285879197740834,0.12821984845440834,40.0,40.0,40.0,0.0,0.0,0.0,0.12551209823240664,-0.050795025913806635
R_1Fh1UMJw1me9wFr,none,2,160210,feature contribution,0.5303844762834221,blood_pressure: 74.00 -> 62.00 (delta -12.00); insulin: 215.00 -> 186.00 (delta -29.00); bmi: 39.40 -> 28.09 (delta -11.31),blood_pressure: 74.00 -> 60.69 (delta -13.31); insulin: 215.00 -> 36.00 (delta -179.00); bmi: 39.40 -> 30.58 (delta -8.82),0.08508464501006308,0.7477316364285763,1 - sum(abs(model delta - user delta)) / (sum(abs(model delta)) + sum(abs(user delta))),1.0,0.14180774168343846,1.0,1.0,1.0,0.979927560795,0.997935183838032,0.0270240424801,0.0664632820126,0.947871850475,0.9277267492557779,1.0,1.0,0.7179955257144,0.9683959782676959,100.0,100.0,100.0,0.0,0.0,0.0,74.0,62.000000000018,60.68520661533075,-0.260869565217,-0.28945203010150544,0.028582464884505443,215.0,185.99999999997752,36.0,-0.0598036789574,-0.3691330528747002,0.3093293739173002,39.4,28.087439999993105,30.579064189260677,-0.39732228154,-0.30981089529149025,0.08751138624850974,43.0,43.0,43.0,0.0,0.0,0.0,0.36345870465713304,-0.29699542264453305
R_1Fh1UMJw1me9wFr,none,3,160212,feature contribution,0.5444152241547862,blood_pressure: 72.00 -> 66.00 (delta -6.00); bmi: 37.10 -> 32.64 (delta -4.46),insulin: 207.00 -> 36.00 (delta -171.00); bmi: 37.10 -> 27.06 (delta -10.04),0.13580308133286073,0.31557609299104405,1 - sum(abs(model delta - user delta)) / (sum(abs(model delta)) + sum(abs(user delta))),0.5,0.22633846888810125,1.0,1.0,1.0,0.66301546717,0.985477631631585,0.0289622362175,0.0372518432215,0.942604810829,0.923309477417558,1.0,1.0,0.286975945857,0.7051217873033038,111.0,111.0,111.0,0.0,0.0,0.0,72.0,65.999999999986,72.0,-0.130434782609,0.0,0.130434782609,207.0,207.0,36.0,0.0,-0.35263548626577507,0.35263548626577507,37.1,32.642960000002944,27.06401003685947,-0.156541163248,-0.3524863010375287,0.1959451377895287,56.0,56.0,56.0,0.0,0.0,0.0,0.36029404758102357,-0.3230422043595236
R_1Fh1UMJw1me9wFr,none,4,160203,feature contribution,0.44506175086930927,glucose: 161.00 -> 130.00 (delta -31.00); insulin: 132.00 -> 114.00 (delta -18.00),glucose: 161.00 -> 139.94 (delta -21.06); insulin: 132.00 -> 36.00 (delta -96.00),0.049078665149885396,0.6378864301002936,1 - sum(abs(model delta - user delta)) / (sum(abs(model delta)) + sum(abs(user delta))),1.0,0.1226966628747135,1.0,1.0,1.0,0.972167537093,0.9820311244794994,-0.0271533267867,0.0605519329641,0.94480895501,0.9246021266126647,1.0,1.0,0.3006801438121,0.3769893669366766,161.0,130.00000000004195,139.94383607540942,-0.263560618942,-0.1790185676295748,0.0845420513124252,68.0,68.0,68.0,0.0,0.0,0.0,132.0,113.99999999999106,36.0,-0.0371195248701,-0.1979707993071018,0.16085127443700178,25.5,25.5,25.5,0.0,0.0,0.0,47.0,47.0,47.0,0.0,0.0,0.0,0.1246331243693386,-0.0640811914052386
R_1Fh1UMJw1me9wFr,none,5,160214,feature contribution,0.5385058846362412,blood_pressure: 74.00 -> 68.00 (delta -6.00); insulin: 156.00 -> 128.00 (delta -28.00); bmi: 29.90 -> 27.23 (delta -2.67),glucose: 104.00 -> 85.83 (delta -18.17); blood_pressure: 74.00 -> 64.84 (delta -9.16); insulin: 156.00 -> 53.95 (delta -102.05),0.09390435142364505,0.44492726230502855,1 - sum(abs(model delta - user delta)) / (sum(abs(model delta)) + sum(abs(user delta))),0.6666666666666666,0.11738043927955631,1.0,1.0,1.0,0.994158127236,0.9959602436401382,-0.099368463084,0.0501717968156,0.943632518698,0.948235657000101,1.0,1.0,0.2818374065101,0.5640368820885252,104.0,104.0,85.83011297785839,0.0,-0.1544795699893011,0.1544795699893011,74.0,67.999999999986,64.84109169653013,-0.130434782609,-0.199106702249345,0.06867191964034502,156.0,128.00000000001842,53.94829027159642,-0.0577414831312,-0.2104506098498791,0.1527091267186791,29.9,27.233279999999404,29.9,-0.0936611407699,0.0,0.0936611407699,41.0,41.0,41.0,0.0,0.0,0.0,0.3696275658181641,-0.31945576900256406
R_1Fh1UMJw1me9wFr,none,6,160213,feature contribution,0.42975704059060477,blood_pressure: 88.00 -> 68.00 (delta -20.00); insulin: 145.00 -> 138.00 (delta -7.00); bmi: 34.50 -> 27.80 (delta -6.70),blood_pressure: 88.00 -> 73.75 (delta -14.25); insulin: 145.00 -> 36.00 (delta -109.00); bmi: 34.50 -> 27.71 (delta -6.79),0.06768328584663072,0.7678000311949502,1 - sum(abs(model delta - user delta)) / (sum(abs(model delta)) + sum(abs(user delta))),1.0,0.11280547641105121,1.0,1.0,1.0,0.674824547248,0.9923236824148277,0.0792105129423,0.0929170929375,0.939648150665,0.9493679296919773,1.0,1.0,0.6844413568318,0.7729939347176189,117.0,117.0,117.0,0.0,0.0,0.0,88.0,67.999999999984,73.7468685809727,-0.434782608696,-0.30985068302233265,0.12493192567366734,145.0,138.0000000000046,36.0,-0.0144353707828,-0.22477934504660518,0.2103439742638052,34.5,27.802720000005376,27.713302849898742,-0.235223377353,-0.23836390664868112,0.0031405292956811215,40.0,40.0,40.0,0.0,0.0,0.0,0.1542096418765307,-0.06129254893903069
R_1Fh1UMJw1me9wFr,none,7,160204,feature contribution,0.4685979089432423,glucose: 125.00 -> 113.00 (delta -12.00); blood_pressure: 70.00 -> 66.00 (delta -4.00); bmi: 28.90 -> 27.52 (delta -1.38),glucose: 125.00 -> 104.56 (delta -20.44); blood_pressure: 70.00 -> 57.17 (delta -12.83); bmi: 28.90 -> 22.41 (delta -6.49),0.0886578322866459,0.5172861327427902,1 - sum(abs(model delta - user delta)) / (sum(abs(model delta)) + sum(abs(user delta))),1.0,0.1477630538110765,1.0,1.0,1.0,0.968262558659,0.9685105039773775,-0.0946603568294,0.0395820491408,0.952496219487,0.9289194453756113,1.0,1.0,0.23751890256179997,0.6808080639950296,125.0,113.00000000000486,104.56016316139636,-0.102023465397,-0.17377858220203735,0.07175511680503735,70.0,66.00000000000139,57.16975251674234,-0.0869565217391,-0.27891842354907953,0.19196190180997952,122.0,122.0,122.0,0.0,0.0,0.0,28.9,27.517999999999468,22.40522194967931,-0.0485389154257,-0.22811105824391267,0.17957214281821268,45.0,45.0,45.0,0.0,0.0,0.0,0.2423642888690686,-0.20278223972826862
R_1Fh1UMJw1me9wFr,none,8,160202,feature contribution,0.7492932622012496,glucose: 125.00 -> 107.00 (delta -18.00); blood_pressure: 70.00 -> 63.00 (delta -7.00); bmi: 31.10 -> 26.38 (delta -4.72),glucose: 125.00 -> 107.22 (delta -17.78); blood_pressure: 70.00 -> 62.81 (delta -7.19); bmi: 31.10 -> 26.69 (delta -4.41),0.003401244484074706,0.9817811397449518,1 - sum(abs(model delta - user delta)) / (sum(abs(model delta)) + sum(abs(user delta))),1.0,0.005668740806791177,1.0,1.0,1.0,0.977387251048,0.9773868311961785,-0.133165042213,0.0569726484831,0.928255218387,0.9265365537886158,1.0,1.0,0.471016922322,0.4624235993298048,125.0,106.99999999994847,107.21858042340713,-0.153035198096,-0.15117683707356616,0.0018583610224338354,70.0,63.000000000022,62.8065033131739,-0.152173913043,-0.15638036275708916,0.004206449714089178,115.0,115.0,115.0,0.0,0.0,0.0,31.1,26.37911999999762,26.69064387346021,-0.165807811183,-0.1548663994991495,0.010941411683850516,41.0,41.0,41.0,0.0,0.0,0.0,0.18095244475232444,-0.12397979626922445
R_1Fh1UMJw1me9wFr,none,9,160200,feature contribution,1.0,glucose: 154.00 -> 110.00 (delta -44.00); blood_pressure: 72.00 -> 67.00 (delta -5.00); insulin: 126.00 -> 109.00 (delta -17.00); bmi: 31.30 -> 27.52 (delta -3.78),glucose: 154.00 -> 136.14 (delta -17.86); blood_pressure: 72.00 -> 64.78 (delta -7.22); insulin: 126.00 -> 49.89 (delta -76.11); bmi: 31.30 -> 26.89 (delta -4.41),0.0829056358678798,0.6739600106583683,1 - sum(abs(model delta - user delta)) / (sum(abs(model delta)) + sum(abs(user delta))),1.0,0.10363204483484975,1.0,1.0,1.0,0.984871976087,0.9580817027885729,-0.0462677145183,0.0980127823706,0.938867454316,0.9145624492422035,1.0,1.0,0.6506712772590001,0.620731596285593,154.0,110.0000000000178,136.13915486501395,-0.374086039789,-0.151852109632597,0.22223393015640303,72.0,66.99999999999599,64.77982179618971,-0.108695652174,-0.15696039573500636,0.048264743561006365,126.0,108.99999999998349,49.886117558393195,-0.035057329044,-0.15696173068053834,0.12190440163653835,31.3,27.51799999999305,26.888054039319282,-0.132832256252,-0.15495736023745132,0.02212510398545131,37.0,37.0,37.0,0.0,0.0,0.0,0.09889912068976146,-0.0008863383191614616
R_1Fh1UMJw1me9wFr,none,10,160201,feature contribution,0.6101609750079847,glucose: 187.00 -> 113.00 (delta -74.00); insulin: 200.00 -> 104.00 (delta -96.00); bmi: 36.40 -> 30.65 (delta -5.75),glucose: 187.00 -> 166.40 (delta -20.60); insulin: 200.00 -> 68.17 (delta -131.83); bmi: 36.40 -> 30.14 (delta -6.26),0.1091635425332061,0.6781771687459788,1 - sum(abs(model delta - user delta)) / (sum(abs(model delta)) + sum(abs(user delta))),1.0,0.1819392375553435,1.0,1.0,0.0,0.622614645169,0.15044941370058343,0.271980891817,0.281142117469,0.965089427211,0.9282962974045185,1.0,1.0,1.029071108096,0.6669481287592178,187.0,112.99999999997114,166.39599209665658,-0.629144703282,-0.1751743572805936,0.4539703460014064,70.0,70.0,70.0,0.0,0.0,0.0,200.0,104.00000000004935,68.16587151069392,-0.197970799307,-0.2718677895102405,0.07389699020324048,36.4,30.649920000004684,30.13883688139617,-0.201955605507,-0.21990598196838368,0.01795037646138367,36.0,36.0,36.0,0.0,0.0,0.0,0.03517932786453998,0.24596278960446
R_1Fh1UMJw1me9wFr,none,11,160205,feature contribution,0.5138065433928447,glucose: 100.00 -> 133.00 (delta +33.00); insulin: 46.00 -> 114.00 (delta +68.00); bmi: 20.40 -> 31.50 (delta +11.10),glucose: 100.00 -> 121.18 (delta +21.18); insulin: 46.00 -> 368.40 (delta +322.40); bmi: 20.40 -> 29.84 (delta +9.44),0.13673180816808295,0.6559649183078691,1 - sum(abs(model delta - user delta)) / (sum(abs(model delta)) + sum(abs(user delta))),1.0,0.2278863469468049,1.0,1.0,0.0,0.83041712246,0.007104472852890398,0.261194213069,0.284435118814,0.944655427882,0.9186198444133495,1.0,1.0,0.810793846018,1.1763844309119253,100.0,133.00000000001606,121.17740751203985,0.280564529842,0.18004937520863667,0.1005151546333633,74.0,74.0,74.0,0.0,0.0,0.0,46.0,114.00000000006605,368.40106425561464,0.140229316176,0.66485412904317,0.52462481286717,20.4,31.504080000000013,29.83792494386691,0.39,0.33148092666011864,0.05851907333988138,28.0,28.0,28.0,0.0,0.0,0.0,0.2018878459239163,0.08254727289008373
R_1Fh1UMJw1me9wFr,none,12,160216,feature contribution,0.5915423202069723,blood_pressure: 62.00 -> 71.00 (delta +9.00); insulin: 120.00 -> 215.00 (delta +95.00),blood_pressure: 62.00 -> 72.70 (delta +10.70); insulin: 120.00 -> 326.47 (delta +206.47),0.053349413461725746,0.7459233834649478,1 - sum(abs(model delta - user delta)) / (sum(abs(model delta)) + sum(abs(user delta))),1.0,0.13337353365431437,1.0,1.0,0.0,0.879009861663,0.21669372068774728,-0.0328709477638,0.034821278767,0.936726284554,0.9587007356653908,1.0,1.0,0.39156077739399997,0.6583078447026287,151.0,151.0,151.0,0.0,0.0,0.0,62.0,70.999999999998,72.69629769193675,0.195652173913,0.2325282106942772,0.03687603678127721,120.0,215.00000000000674,326.4690601233302,0.195908603481,0.4257796340083515,0.2298710305273515,35.5,35.5,35.5,0.0,0.0,0.0,28.0,28.0,28.0,0.0,0.0,0.0,0.019811154339509307,0.015010124427490695
R_1Fh1UMJw1me9wFr,none,13,160209,feature contribution,0.39338564544941346,glucose: 83.00 -> 142.00 (delta +59.00); insulin: 71.00 -> 230.00 (delta +159.00),insulin: 71.00 -> 235.96 (delta +164.96); bmi: 29.30 -> 34.96 (delta +5.66),0.1425110629706949,0.47925321622382167,1 - sum(abs(model delta - user delta)) / (sum(abs(model delta)) + sum(abs(user delta))),0.5,0.2375184382844915,1.0,0.0,1.0,0.0159661650416,0.999991171206536,0.0526119793119,0.215219871146,0.930727537243,0.9028449921300283,1.0,1.0,0.829504507887,0.5388290796704744,83.0,141.99999999994674,83.0,0.501615371535,0.0,0.501615371535,78.0,78.0,78.0,0.0,0.0,0.0,71.0,229.99999999981216,235.96270699077988,0.327889136352,0.34018540582112416,0.012296269469124155,29.3,29.3,34.95578268183871,0.0,0.19864367384935033,0.19864367384935033,36.0,36.0,36.0,0.0,0.0,0.0,0.2437505901464645,-0.0285307190004645
R_1Fh1UMJw1me9wFr,none,14,160206,feature contribution,0.6303988709447237,glucose: 103.00 -> 145.00 (delta +42.00); insulin: 82.00 -> 211.00 (delta +129.00); bmi: 20.40 -> 32.36 (delta +11.96),glucose: 103.00 -> 124.45 (delta +21.45); insulin: 82.00 -> 411.63 (delta +329.63); bmi: 20.40 -> 30.42 (delta +10.02),0.13127973928872816,0.7092070806993542,1 - sum(abs(model delta - user delta)) / (sum(abs(model delta)) + sum(abs(user delta))),1.0,0.2187995654812136,1.0,0.0,0.0,0.0695401336076,1.2423322166887907e-05,0.516313991179,0.558946397893,0.947220824589,0.8861235487135979,1.0,1.0,1.043105390459,1.2141665473250196,103.0,145.0000000000418,124.44976429254746,0.35708212889,0.18236494042295065,0.17471718846704937,80.0,80.0,80.0,0.0,0.0,0.0,82.0,211.00000000003973,411.6259160335004,0.266023261569,0.6797531882238302,0.4137299266548302,20.4,32.35824000000001,30.42352257660683,0.42,0.3520484186782388,0.06795158132176121,22.0,22.0,22.0,0.0,0.0,0.0,0.23941400953214692,0.3195323883608531
R_1Fh1UMJw1me9wFr,none,15,160215,feature contribution,0.5660704777372314,glucose: 117.00 -> 142.00 (delta +25.00); blood_pressure: 60.00 -> 67.00 (delta +7.00); insulin: 106.00 -> 191.00 (delta +85.00),glucose: 117.00 -> 137.03 (delta +20.03); blood_pressure: 60.00 -> 72.17 (delta +12.17); insulin: 106.00 -> 359.64 (delta +253.64),0.10048553411853207,0.6645986718757777,1 - sum(abs(model delta - user delta)) / (sum(abs(model delta)) + sum(abs(user delta))),1.0,0.16747589019755346,1.0,1.0,0.0,0.896749746264,-0.07477427221509003,-0.0808774798574,0.0606767911965,0.936732769203,0.9236783939726603,1.0,1.0,0.5400094445070001,0.9579800637712044,117.0,142.00000000001927,137.03308081139278,0.212548886244,0.170320360579772,0.042228525664227995,60.0,66.999999999978,72.17212236520368,0.152173913043,0.2646113557652973,0.11243744272229733,106.0,191.00000000008257,359.6366046338819,0.17528664522,0.523048347426135,0.347761702206135,33.8,33.8,33.8,0.0,0.0,0.0,27.0,27.0,27.0,0.0,0.0,0.0,0.1263117102753688,-0.06563491907886881
R_1Fh1UMJw1me9wFr,none,16,160207,feature contribution,0.38068302890505873,glucose: 89.00 -> 124.00 (delta +35.00); insulin: 85.00 -> 215.00 (delta +130.00),glucose: 89.00 -> 107.84 (delta +18.84); insulin: 85.00 -> 227.09 (delta +142.09),0.032462444440604296,0.8406896075678656,1 - sum(abs(model delta - user delta)) / (sum(abs(model delta)) + sum(abs(user delta))),1.0,0.08115611110151073,1.0,1.0,1.0,0.620299408976,0.993268288658088,0.190891181702,0.204135275223,0.926782310685,0.9444228582015648,1.0,1.0,0.565653898136,0.45318875063950814,89.0,123.99999999995643,107.84034288792805,0.297568440741,0.1601797558912433,0.13738868484975666,74.0,74.0,74.0,0.0,0.0,0.0,85.0,214.9999999999837,227.08592173332886,0.268085457395,0.2930089947482648,0.024923537353264802,30.4,30.4,30.4,0.0,0.0,0.0,38.0,38.0,38.0,0.0,0.0,0.0,0.0856078412088383,0.11852743401416171
R_1Fh1UMJw1me9wFr,none,17,160218,feature contribution,0.5482225782647859,blood_pressure: 74.00 -> 84.00 (delta +10.00),bmi: 29.30 -> 33.82 (delta +4.52),0.075258544439644,0.0,1 - sum(abs(model delta - user delta)) / (sum(abs(model delta)) + sum(abs(user delta))),0.0,0.18814636109910998,nan,0.0,1.0,0.469096420233,0.897807840901446,0.0812648997456,0.0818222236912,0.95652173913,0.968219716429956,1.0,1.0,0.217391304348,0.15890141785021994,154.0,154.0,154.0,0.0,0.0,0.0,74.0,84.000000000008,74.0,0.217391304348,0.0,0.217391304348,193.0,193.0,193.0,0.0,0.0,0.0,29.3,29.3,33.82424116903147,0.0,0.15890141785021994,0.15890141785021994,39.0,39.0,39.0,0.0,0.0,0.0,0.05114315591431662,0.03067906777688338
R_1Fh1UMJw1me9wFr,none,18,160217,feature contribution,0.4660926627827086,glucose: 112.00 -> 144.00 (delta +32.00); insulin: 94.00 -> 278.00 (delta +184.00),blood_pressure: 68.00 -> 78.80 (delta +10.80); insulin: 94.00 -> 346.93 (delta +252.93),0.12981045287694049,0.5390058432911463,1 - sum(abs(model delta - user delta)) / (sum(abs(model delta)) + sum(abs(user delta))),0.5,0.21635075479490082,1.0,1.0,0.0,0.673988518867,-0.15584285827125988,-0.0102271298496,0.030760691058,0.935384105054,0.918996012481612,1.0,1.0,0.651506606397,0.7564337219977024,112.0,143.99999999998704,112.0,0.272062574392,0.0,0.272062574392,68.0,68.0,78.80295120472184,0.0,0.23484676532003984,0.23484676532003984,94.0,277.99999999986494,346.92794703213264,0.379444032005,0.5215869566776625,0.14214292467266254,34.1,34.1,34.1,0.0,0.0,0.0,26.0,26.0,26.0,0.0,0.0,0.0,0.30843355904095865,-0.27767286798295865
R_1Fh1UMJw1me9wFr,none,19,160208,feature contribution,0.6489675184793974,insulin: 75.00 -> 278.00 (delta +203.00),insulin: 75.00 -> 231.08 (delta +156.08),0.01935363653351476,0.8693175393738346,1 - sum(abs(model delta - user delta)) / (sum(abs(model delta)) + sum(abs(user delta))),1.0,0.09676818266757381,1.0,0.0,0.0,-0.0112496232924,-0.01125246479234554,-0.0869853239873,0.0900870805017,0.916274849459,0.9356284859933147,1.0,1.0,0.418625752701,0.3218575700334262,126.0,126.0,126.0,0.0,0.0,0.0,74.0,74.0,74.0,0.0,0.0,0.0,75.0,277.99999999976933,231.07517286060934,0.418625752701,0.3218575700334262,0.09676818266757381,25.9,25.9,25.9,0.0,0.0,0.0,39.0,39.0,39.0,0.0,0.0,0.0,0.1430045117525014,-0.052917431250801394
R_1Fh1UMJw1me9wFr,none,20,160219,feature contribution,0.5125258304879649,blood_pressure: 64.00 -> 70.00 (delta +6.00); insulin: 140.00 -> 211.00 (delta +71.00); bmi: 28.60 -> 33.21 (delta +4.61),blood_pressure: 64.00 -> 75.24 (delta +11.24); insulin: 140.00 -> 367.75 (delta +227.75); bmi: 28.60 -> 35.72 (delta +7.12),0.10504351273799147,0.6256239521806974,1 - sum(abs(model delta - user delta)) / (sum(abs(model delta)) + sum(abs(user delta))),1.0,0.17507252122998576,1.0,1.0,0.0,0.85735959389,-0.0511157340787316,-0.0264287221642,0.038863565943,0.939507788224,0.9227975063149745,1.0,1.0,0.438848438441,0.9640660021309573,139.0,139.0,139.0,0.0,0.0,0.0,64.0,70.000000000014,75.2418616941898,0.130434782609,0.244388297699778,0.113953515090778,140.0,210.99999999989782,367.7455276500804,0.146415903654,0.46965587653650087,0.32323997288250084,28.6,33.212400000012025,35.718621483817294,0.161997752178,0.25002182789467847,0.08802407571667847,26.0,26.0,26.0,0.0,0.0,0.0,0.1369324388470674,-0.0980688729040674
R_1QfQiW4jahDRgtB,attribution,1,160202,weighted examples,0.6336070388016644,bmi: 31.10 -> 24.96 (delta -6.14),bmi: 31.10 -> 26.80 (delta -4.30),0.01294620132384185,0.8235657647092948,1 - sum(abs(model delta - user delta)) / (sum(abs(model delta)) + sum(abs(user delta))),1.0,0.06473100661920925,1.0,1.0,1.0,0.959720702972,0.6452822143889108,-0.0207024699236,0.0569726484831,0.956838437763,0.9697846390872419,1.0,1.0,0.215807811183,0.15107680456379075,125.0,125.0,125.0,0.0,0.0,0.0,70.0,70.0,70.0,0.0,0.0,0.0,115.0,115.0,115.0,0.0,0.0,0.0,31.1,24.95551999999762,26.798541220459747,-0.215807811183,-0.15107680456379075,0.06473100661920925,41.0,41.0,41.0,0.0,0.0,0.0,0.012944111787751206,0.04402853669534879
R_1QfQiW4jahDRgtB,attribution,2,160200,weighted examples,0.5872824649305746,bmi: 31.30 -> 25.24 (delta -6.06),glucose: 154.00 -> 136.66 (delta -17.34),0.07204641820680988,0.0,1 - sum(abs(model delta - user delta)) / (sum(abs(model delta)) + sum(abs(user delta))),0.0,0.1801160455170247,nan,1.0,0.0,0.727966824714,0.3459173404165699,0.0700999551433,0.0980127823706,0.924342551832,0.9439096317210829,1.0,1.0,0.212832256252,0.14739983478204943,154.0,154.0,136.66283143293535,0.0,-0.14739983478204943,0.14739983478204943,72.0,72.0,72.0,0.0,0.0,0.0,126.0,126.0,126.0,0.0,0.0,0.0,31.3,25.24023999999305,31.3,-0.212832256252,0.0,0.212832256252,37.0,37.0,37.0,0.0,0.0,0.0,0.015286451739304902,0.0827263306312951
R_1QfQiW4jahDRgtB,attribution,3,160203,weighted examples,0.5297304943734602,glucose: 161.00 -> 136.00 (delta -25.00),glucose: 161.00 -> 138.49 (delta -22.51),0.004236708731962751,0.9475543515234155,1 - sum(abs(model delta - user delta)) / (sum(abs(model delta)) + sum(abs(user delta))),1.0,0.02118354365981376,1.0,1.0,1.0,0.964637355484,0.9587207340806598,-0.0166608433112,0.0605519329641,0.957490222751,0.9617269314831628,1.0,1.0,0.212548886244,0.19136534258418625,161.0,135.9999999999807,138.491608405248,-0.212548886244,-0.19136534258418625,0.02118354365981376,68.0,68.0,68.0,0.0,0.0,0.0,132.0,132.0,132.0,0.0,0.0,0.0,25.5,25.5,25.5,0.0,0.0,0.0,47.0,47.0,47.0,0.0,0.0,0.0,0.07034709912616754,-0.009795166162067548
R_1QfQiW4jahDRgtB,attribution,4,160212,weighted examples,0.5510615727071309,bmi: 37.10 -> 24.67 (delta -12.43),bmi: 37.10 -> 27.09 (delta -10.01),0.017004536831971284,0.8921113585923357,1 - sum(abs(model delta - user delta)) / (sum(abs(model delta)) + sum(abs(user delta))),1.0,0.08502268415985642,1.0,1.0,1.0,0.968116625369,0.6258254302109844,-0.0174530190967,0.0372518432215,0.91269176735,0.9296963041823713,1.0,1.0,0.436541163248,0.3515184790881436,111.0,111.0,111.0,0.0,0.0,0.0,72.0,72.0,72.0,0.0,0.0,0.0,207.0,207.0,207.0,0.0,0.0,0.0,37.1,24.67080000000293,27.091565863402366,-0.436541163248,-0.3515184790881436,0.08502268415985642,56.0,56.0,56.0,0.0,0.0,0.0,0.007169211653370089,0.03008263156812991
R_1QfQiW4jahDRgtB,attribution,5,160211,weighted examples,0.6096398730443974,bmi: 37.90 -> 24.96 (delta -12.94),bmi: 37.90 -> 27.18 (delta -10.72),0.015595982953111287,0.90619498980415,1 - sum(abs(model delta - user delta)) / (sum(abs(model delta)) + sum(abs(user delta))),1.0,0.07797991476555644,1.0,1.0,1.0,0.819458602095,0.5988312766893525,0.0138997882761,0.0747170723186,0.906881605398,0.9122988726947736,1.0,1.0,0.454638943523,0.37665902875744356,145.0,145.0,145.0,0.0,0.0,0.0,80.0,80.0,80.0,0.0,0.0,0.0,130.0,130.0,130.0,0.0,0.0,0.0,37.9,24.955520000013124,27.175764133218053,-0.454638943523,-0.37665902875744356,0.07797991476555644,40.0,40.0,40.0,0.0,0.0,0.0,0.019343990983062387,0.055373081335537616
R_1QfQiW4jahDRgtB,attribution,6,160213,weighted examples,0.6826482425420763,bmi: 34.50 -> 25.24 (delta -9.26),blood_pressure: 88.00 -> 67.61 (delta -20.39),0.15368211360690145,0.0,1 - sum(abs(model delta - user delta)) / (sum(abs(model delta)) + sum(abs(user delta))),0.0,0.3842052840172536,nan,1.0,1.0,0.992370286091,0.9896336250164333,-0.0481916203458,0.0929170929375,0.934955324529,0.9485524643664569,1.0,1.0,0.325223377353,0.4431871906815073,117.0,117.0,117.0,0.0,0.0,0.0,88.0,88.0,67.61338922865066,0.0,-0.4431871906815073,0.4431871906815073,145.0,145.0,145.0,0.0,0.0,0.0,34.5,25.24024000000537,34.5,-0.325223377353,0.0,0.325223377353,40.0,40.0,40.0,0.0,0.0,0.0,0.10094706999171471,-0.00802997705421471
R_1QfQiW4jahDRgtB,attribution,7,160210,weighted examples,0.6469801281140849,bmi: 39.40 -> 26.66 (delta -12.74),bmi: 39.40 -> 27.11 (delta -12.29),0.0031607353372550607,0.9820175905207087,1 - sum(abs(model delta - user delta)) / (sum(abs(model delta)) + sum(abs(user delta))),1.0,0.015803676686275303,1.0,0.0,0.0,0.3230926317,0.08378671693707457,0.0594064421352,0.0664632820126,0.935321485927,0.9384822212644527,1.0,1.0,0.44732228154,0.4315186048537247,100.0,100.0,100.0,0.0,0.0,0.0,74.0,74.0,74.0,0.0,0.0,0.0,215.0,215.0,215.0,0.0,0.0,0.0,39.4,26.6638399999931,27.113802282604734,-0.44732228154,-0.4315186048537247,0.015803676686275303,43.0,43.0,43.0,0.0,0.0,0.0,0.022860516563370847,0.043602765449229156
R_1QfQiW4jahDRgtB,attribution,8,160204,weighted examples,0.5615298829812523,glucose: 125.00 -> 105.00 (delta -20.00),insulin: 122.00 -> 62.58 (delta -59.42),0.0585157065443858,0.0,1 - sum(abs(model delta - user delta)) / (sum(abs(model delta)) + sum(abs(user delta))),0.0,0.1462892663609645,nan,1.0,1.0,0.96799719946,0.9675446337803065,-0.0519486477985,0.0395820491408,0.965992178201,0.9754921152546142,1.0,1.0,0.170039108995,0.122539423726929,125.0,105.0000000000081,125.0,-0.170039108995,0.0,0.170039108995,70.0,70.0,70.0,0.0,0.0,0.0,122.0,122.0,62.57818264633747,0.0,-0.122539423726929,0.122539423726929,28.9,28.9,28.9,0.0,0.0,0.0,45.0,45.0,45.0,0.0,0.0,0.0,0.07943255356687748,-0.03985050442607748
R_1QfQiW4jahDRgtB,attribution,9,160201,weighted examples,0.45716467506436387,bmi: 36.40 -> 24.96 (delta -11.44),glucose: 187.00 -> 150.41 (delta -36.59),0.14260054045237774,0.0,1 - sum(abs(model delta - user delta)) / (sum(abs(model delta)) + sum(abs(user delta))),0.0,0.3565013511309444,nan,1.0,0.0,0.832864908308,0.05158849223614867,0.2561519359,0.281142117469,0.913452916097,0.929665919389217,1.0,1.0,0.401955605507,0.31104709675488873,187.0,187.0,150.41464047968998,0.0,-0.31104709675488873,0.31104709675488873,70.0,70.0,70.0,0.0,0.0,0.0,200.0,200.0,200.0,0.0,0.0,0.0,36.4,24.95552000000468,36.4,-0.401955605507,0.0,0.401955605507,36.0,36.0,36.0,0.0,0.0,0.0,0.09930268821418653,0.18183942925481344
R_1QfQiW4jahDRgtB,attribution,10,160214,weighted examples,0.5826937668104811,bmi: 29.90 -> 25.24 (delta -4.66),glucose: 104.00 -> 130.39 (delta +26.39),0.07760839744079175,0.0,1 - sum(abs(model delta - user delta)) / (sum(abs(model delta)) + sum(abs(user delta))),0.0,0.19402099360197936,nan,1.0,0.0,0.994468897623,0.03565732665422873,-0.0242989442148,0.0501717968156,0.967267771846,0.9551238307132083,1.0,1.0,0.16366114077,0.22438084643395872,104.0,104.0,130.39167515756225,0.0,0.22438084643395872,0.22438084643395872,74.0,74.0,74.0,0.0,0.0,0.0,156.0,156.0,156.0,0.0,0.0,0.0,29.9,25.240239999996554,29.9,-0.16366114077,0.0,0.16366114077,41.0,41.0,41.0,0.0,0.0,0.0,0.10127315246215979,-0.051101355646559786
R_1QfQiW4jahDRgtB,attribution,11,160209,weighted examples,0.5538198138680208,bmi: 29.30 -> 25.24 (delta -4.06),glucose: 83.00 -> 127.88 (delta +44.88),0.10482261933392165,0.0,1 - sum(abs(model delta - user delta)) / (sum(abs(model delta)) + sum(abs(user delta))),0.0,0.26205654833480413,nan,0.0,1.0,-3.9869150098e-06,0.9390377187076558,-0.111747212818,0.215219871146,0.971482438887,0.9376713681875686,1.0,1.0,0.142587805563,0.38152529110660827,83.0,83.0,127.87500473995928,0.0,0.38152529110660827,0.38152529110660827,78.0,78.0,78.0,0.0,0.0,0.0,71.0,71.0,71.0,0.0,0.0,0.0,29.3,25.24024000001026,29.3,-0.142587805563,0.0,0.142587805563,36.0,36.0,36.0,0.0,0.0,0.0,0.09721948946103842,0.11800038168496157
R_1QfQiW4jahDRgtB,attribution,12,160206,weighted examples,0.7304077695925416,blood_pressure: 80.00 -> 69.00 (delta -11.00),bmi: 20.40 -> 36.47 (delta +16.07),0.16068422955647005,0.0,1 - sum(abs(model delta - user delta)) / (sum(abs(model delta)) + sum(abs(user delta))),0.0,0.4017105738911751,nan,0.0,0.0,1.52360822863e-05,0.0021178902366145724,0.361918636154,0.558946397893,0.96265311762,0.9604154349980948,1.0,1.0,0.239130434783,0.5642907129993502,103.0,103.0,103.0,0.0,0.0,0.0,80.0,68.999999999982,80.0,-0.239130434783,0.0,0.239130434783,82.0,82.0,82.0,0.0,0.0,0.0,20.4,20.4,36.466485180517516,0.0,0.5642907129993502,0.5642907129993502,22.0,22.0,22.0,0.0,0.0,0.0,0.14404863697771586,0.4148977609152842
R_1QfQiW4jahDRgtB,attribution,13,160217,weighted examples,0.3745992489196792,bmi: 34.10 -> 24.67 (delta -9.43),insulin: 94.00 -> 206.34 (delta +112.34),0.11256849682854361,0.0,1 - sum(abs(model delta - user delta)) / (sum(abs(model delta)) + sum(abs(user delta))),0.0,0.28142124207135905,nan,0.0,0.0,0.0896684783847,0.2572494449975887,-0.0010941961005,0.030760691058,0.954590167376,0.9625823688890696,1.0,1.0,0.331174487216,0.23166799692671808,112.0,112.0,112.0,0.0,0.0,0.0,68.0,68.0,68.0,0.0,0.0,0.0,94.0,94.0,206.34044506970434,0.0,0.23166799692671808,0.23166799692671808,34.1,24.670799999986038,34.1,-0.331174487216,0.0,0.331174487216,26.0,26.0,26.0,0.0,0.0,0.0,0.008429174706451437,0.022331516351548564
R_1QfQiW4jahDRgtB,attribution,14,160218,weighted examples,0.5512954883088589,bmi: 29.30 -> 24.96 (delta -4.34),bmi: 29.30 -> 36.33 (delta +7.03),0.07987481239673608,0.0,1 - sum(abs(model delta - user delta)) / (sum(abs(model delta)) + sum(abs(user delta))),1.0,0.3993740619836804,0.0,0.0,1.0,-0.0222517458422,0.9404698243520295,-0.0556380987715,0.0818222236912,0.969482438887,0.950642748715864,1.0,1.0,0.152587805563,0.24678625642068042,154.0,154.0,154.0,0.0,0.0,0.0,74.0,74.0,74.0,0.0,0.0,0.0,193.0,193.0,193.0,0.0,0.0,0.0,29.3,24.95552000001026,36.326498292809625,-0.152587805563,0.24678625642068042,0.3993740619836804,39.0,39.0,39.0,0.0,0.0,0.0,0.05494328408184046,0.02687893960935954
R_1QfQiW4jahDRgtB,attribution,15,160215,weighted examples,0.7141109320090152,bmi: 33.80 -> 26.38 (delta -7.42),blood_pressure: 60.00 -> 78.40 (delta +18.40),0.13213130046391455,0.0,1 - sum(abs(model delta - user delta)) / (sum(abs(model delta)) + sum(abs(user delta))),0.0,0.33032825115978637,nan,0.0,0.0,0.0142962509021,-0.07512628203715499,-0.00171390633401,0.0606767911965,0.952939974267,0.9616258647606651,1.0,1.0,0.260637819612,0.40001868270757274,117.0,117.0,117.0,0.0,0.0,0.0,60.0,60.0,78.40085940454834,0.0,0.40001868270757274,0.40001868270757274,106.0,106.0,106.0,0.0,0.0,0.0,33.8,26.379120000007124,33.8,-0.260637819612,0.0,0.260637819612,27.0,27.0,27.0,0.0,0.0,0.0,0.19915948462902394,-0.13848269343252395
R_1QfQiW4jahDRgtB,attribution,16,160219,weighted examples,0.5713153410053088,glucose: 139.00 -> 118.00 (delta -21.00),blood_pressure: 64.00 -> 77.26 (delta +13.26),0.09335006172447104,0.0,1 - sum(abs(model delta - user delta)) / (sum(abs(model delta)) + sum(abs(user delta))),0.0,0.23337515431117759,nan,0.0,0.0,-0.0354011991705,0.36151972882232486,-0.08861336528,0.038863565943,0.964291787111,0.95334910752778,1.0,1.0,0.178541064445,0.28820924417735516,139.0,117.99999999997908,139.0,-0.178541064445,0.0,0.178541064445,64.0,64.0,77.25762523215833,0.0,0.28820924417735516,0.28820924417735516,140.0,140.0,140.0,0.0,0.0,0.0,28.6,28.6,28.6,0.0,0.0,0.0,26.0,26.0,26.0,0.0,0.0,0.0,0.006917515737443258,0.03194605020555674
R_1QfQiW4jahDRgtB,attribution,17,160207,weighted examples,0.6486235056272563,blood_pressure: 74.00 -> 60.00 (delta -14.00),glucose: 89.00 -> 129.65 (delta +40.65),0.12999704065779366,0.0,1 - sum(abs(model delta - user delta)) / (sum(abs(model delta)) + sum(abs(user delta))),0.0,0.3249926016444842,nan,0.0,1.0,-3.04521532479e-06,0.7933297960878847,-0.0381845695248,0.204135275223,0.939130434782,0.9526471950203671,1.0,1.0,0.304347826087,0.3456373772019683,89.0,89.0,129.65386830649553,0.0,0.3456373772019683,0.3456373772019683,74.0,59.999999999997996,74.0,-0.304347826087,0.0,0.304347826087,85.0,85.0,85.0,0.0,0.0,0.0,30.4,30.4,30.4,0.0,0.0,0.0,38.0,38.0,38.0,0.0,0.0,0.0,0.03669969236581755,0.16743558285718246
R_1QfQiW4jahDRgtB,attribution,18,160208,weighted examples,0.5967703899841579,glucose: 126.00 -> 99.00 (delta -27.00),bmi: 25.90 -> 35.79 (delta +9.89),0.11540333612572962,0.0,1 - sum(abs(model delta - user delta)) / (sum(abs(model delta)) + sum(abs(user delta))),0.0,0.28850834031432404,nan,0.0,0.0,-0.0118437792659,-0.0086005774165272,-0.163698912512,0.0900870805017,0.976157341094,0.9660668597994819,1.0,1.0,0.229552797143,0.34746388348564805,126.0,99.00000000004033,126.0,-0.229552797143,0.0,0.229552797143,74.0,74.0,74.0,0.0,0.0,0.0,75.0,75.0,75.0,0.0,0.0,0.0,25.9,25.9,35.79299169060339,0.0,0.34746388348564805,0.34746388348564805,39.0,39.0,39.0,0.0,0.0,0.0,0.06385950424370945,0.026227576257990548
R_1QfQiW4jahDRgtB,attribution,19,160205,weighted examples,0.6848921795673762,blood_pressure: 74.00 -> 60.00 (delta -14.00),bmi: 20.40 -> 36.12 (delta +15.72),0.17132431070625667,0.0,1 - sum(abs(model delta - user delta)) / (sum(abs(model delta)) + sum(abs(user delta))),0.0,0.42831077676564167,nan,0.0,0.0,0.000189218413345,0.22186365964352917,0.140048611231,0.284435118814,0.960949224958,0.938542498379908,1.0,1.0,0.304347826087,0.5522737274442834,100.0,100.0,100.0,0.0,0.0,0.0,74.0,59.999999999997996,74.0,-0.304347826087,0.0,0.304347826087,46.0,46.0,46.0,0.0,0.0,0.0,20.4,20.4,36.12433756779365,0.0,0.5522737274442834,0.5522737274442834,28.0,28.0,28.0,0.0,0.0,0.0,0.024941058944406985,0.25949405986959306
R_1QfQiW4jahDRgtB,attribution,20,160216,weighted examples,0.7368908572414488,bmi: 35.50 -> 25.24 (delta -10.26),blood_pressure: 62.00 -> 77.42 (delta +15.42),0.13909291463171763,0.0,1 - sum(abs(model delta - user delta)) / (sum(abs(model delta)) + sum(abs(user delta))),0.0,0.3477322865792941,nan,0.0,1.0,-0.0393512497498,0.9416537705184633,-0.0836757434874,0.034821278767,0.943686877608,0.9385649825681646,1.0,1.0,0.360345602697,0.33511897046158823,151.0,151.0,151.0,0.0,0.0,0.0,62.0,62.0,77.41547264123307,0.0,0.33511897046158823,0.33511897046158823,120.0,120.0,120.0,0.0,0.0,0.0,35.5,25.240240000011003,35.5,-0.360345602697,0.0,0.360345602697,28.0,28.0,28.0,0.0,0.0,0.0,0.14180403674915365,-0.10698275798215365
R_1TZbMIIo6RtFnsb,attribution,1,160204,feature contribution,0.5411639416731093,glucose: 125.00 -> 103.00 (delta -22.00),glucose: 125.00 -> 106.84 (delta -18.16),0.006533503477917068,0.9043182626416707,1 - sum(abs(model delta - user delta)) / (sum(abs(model delta)) + sum(abs(user delta))),1.0,0.03266751738958534,1.0,1.0,1.0,0.968300038939,0.9673270409232563,-0.0600891886248,0.0395820491408,0.962591396021,0.9691248994989171,1.0,1.0,0.187043019895,0.15437550250541465,125.0,102.99999999995009,106.84235339531313,-0.187043019895,-0.15437550250541465,0.03266751738958534,70.0,70.0,70.0,0.0,0.0,0.0,122.0,122.0,122.0,0.0,0.0,0.0,28.9,28.9,28.9,0.0,0.0,0.0,45.0,45.0,45.0,0.0,0.0,0.0,0.0807014364822441,-0.041119387341444096
R_1TZbMIIo6RtFnsb,attribution,2,160213,feature contribution,0.4210789066840198,blood_pressure: 88.00 -> 68.00 (delta -20.00); bmi: 34.50 -> 28.37 (delta -6.13),blood_pressure: 88.00 -> 67.85 (delta -20.15); bmi: 34.50 -> 26.77 (delta -7.73),0.011889057670242597,0.9562727787914641,1 - sum(abs(model delta - user delta)) / (sum(abs(model delta)) + sum(abs(user delta))),1.0,0.029722644175606494,1.0,0.0,1.0,0.366722353079,0.8976049037392185,0.0840349829173,0.0929170929375,0.940761076508,0.9288720188375245,1.0,1.0,0.650005986049,0.709451274400213,117.0,117.0,117.0,0.0,0.0,0.0,88.0,67.999999999984,67.85040223407198,-0.434782608696,-0.4380347340419135,0.0032521253459135147,145.0,145.0,145.0,0.0,0.0,0.0,34.5,28.372160000005376,26.77222826291849,-0.215223377353,-0.2714165403582995,0.056193163005299474,40.0,40.0,40.0,0.0,0.0,0.0,0.04195362233402425,0.05096347060347575
R_1TZbMIIo6RtFnsb,attribution,3,160211,feature contribution,0.6802366675409179,glucose: 145.00 -> 122.00 (delta -23.00); blood_pressure: 80.00 -> 71.00 (delta -9.00); bmi: 37.90 -> 28.94 (delta -8.96),glucose: 145.00 -> 115.98 (delta -29.02); blood_pressure: 80.00 -> 63.75 (delta -16.25); bmi: 37.90 -> 29.84 (delta -8.06),0.048106512908277034,0.8486040283380856,1 - sum(abs(model delta - user delta)) / (sum(abs(model delta)) + sum(abs(user delta))),1.0,0.08017752151379505,1.0,0.0,1.0,-0.000555747290179,0.9757721837164564,-0.00332250027242,0.0747170723186,0.963797445523,0.9403808376113431,1.0,1.0,0.70583609278,0.882928534845123,145.0,122.00000000003871,115.97580961786949,-0.195544975344,-0.2467623735940359,0.051217398250035906,80.0,71.000000000002,63.75062516755396,-0.195652173913,-0.3532472789662182,0.15759510505321822,130.0,130.0,130.0,0.0,0.0,0.0,37.9,28.941600000013132,29.8447335835852,-0.314638943523,-0.28291888228486894,0.031720061238131037,40.0,40.0,40.0,0.0,0.0,0.0,0.07533814178780757,-0.0006210694692075636
R_1TZbMIIo6RtFnsb,attribution,4,160212,feature contribution,0.5414995921966703,insulin: 207.00 -> 123.00 (delta -84.00); bmi: 37.10 -> 29.23 (delta -7.87),insulin: 207.00 -> 36.00 (delta -171.00); bmi: 37.10 -> 28.36 (delta -8.74),0.04195398270273697,0.8108990370810907,1 - sum(abs(model delta - user delta)) / (sum(abs(model delta)) + sum(abs(user delta))),1.0,0.10488495675684242,1.0,1.0,1.0,0.985477483166,0.9854776316315781,-0.119206547914,0.0372518432215,0.910046877472,0.9141922251880341,1.0,1.0,0.449765612642,0.6595355261556848,111.0,111.0,111.0,0.0,0.0,0.0,72.0,72.0,72.0,0.0,0.0,0.0,207.0,122.99999999986134,36.0,-0.173224449394,-0.35263548626577507,0.17941103687177506,37.1,29.226320000002936,28.36194206425448,-0.276541163248,-0.30690003988990977,0.030358876641909782,56.0,56.0,56.0,0.0,0.0,0.0,0.3435788182355445,-0.3063269750140445
R_1TZbMIIo6RtFnsb,attribution,5,160210,feature contribution,0.5340950801936128,insulin: 215.00 -> 148.00 (delta -67.00); bmi: 39.40 -> 28.37 (delta -11.03),insulin: 215.00 -> 48.57 (delta -166.43); bmi: 39.40 -> 31.82 (delta -7.58),0.06521680782344454,0.7126959127273533,1 - sum(abs(model delta - user delta)) / (sum(abs(model delta)) + sum(abs(user delta))),1.0,0.16304201955861133,1.0,1.0,1.0,0.596098167538,0.9979351754647003,0.06263798706,0.0664632820126,0.968355883354,0.9730833401986845,1.0,1.0,0.52548940189,0.6094893664690263,100.0,100.0,100.0,0.0,0.0,0.0,74.0,74.0,74.0,0.0,0.0,0.0,215.0,147.99999999987784,48.57103246368513,-0.13816712035,-0.3432091221981245,0.2050420018481245,39.4,28.372159999993105,31.81846888511887,-0.38732228154,-0.2662802442709018,0.12104203726909818,43.0,43.0,43.0,0.0,0.0,0.0,0.21668148665555848,-0.15021820464295849
R_1TZbMIIo6RtFnsb,attribution,6,160200,feature contribution,0.4163919640418479,glucose: 154.00 -> 103.00 (delta -51.00); bmi: 31.30 -> 27.52 (delta -3.78),glucose: 154.00 -> 135.55 (delta -18.45); blood_pressure: 72.00 -> 64.66 (delta -7.34),0.113833305415553,0.3553726796493113,1 - sum(abs(model delta - user delta)) / (sum(abs(model delta)) + sum(abs(user delta))),0.5,0.18972217569258834,1.0,1.0,1.0,0.971603653412,0.7370986514138833,0.0150619750019,0.0980127823706,0.940927865347,0.9382631048228336,1.0,1.0,0.566431984189,0.3165069002010199,154.0,103.00000000005004,135.54704766646628,-0.433599727937,-0.15688617865612742,0.2767135492808726,72.0,72.0,64.65744680893495,0.0,-0.15962072154489249,0.15962072154489249,126.0,126.0,126.0,0.0,0.0,0.0,31.3,27.51799999999305,31.3,-0.132832256252,0.0,0.132832256252,37.0,37.0,37.0,0.0,0.0,0.0,0.053374482057360007,0.044638300313239995
R_1TZbMIIo6RtFnsb,attribution,7,160203,feature contribution,0.4505392342600239,glucose: 161.00 -> 97.00 (delta -64.00); insulin: 132.00 -> 109.00 (delta -23.00),glucose: 161.00 -> 142.25 (delta -18.75); insulin: 132.00 -> 54.33 (delta -77.67),0.09949529054082343,0.4539857794893447,1 - sum(abs(model delta - user delta)) / (sum(abs(model delta)) + sum(abs(user delta))),1.0,0.24873822635205856,1.0,1.0,1.0,0.984594595425,0.9437287734260662,-0.168045791284,0.0605519329641,0.903637764114,0.9360900696333412,1.0,1.0,0.5915556527847,0.319549651833294,161.0,97.00000000002589,142.25326309950725,-0.544125148784,-0.1593839219562384,0.3847412268277616,68.0,68.0,68.0,0.0,0.0,0.0,132.0,108.9999999999805,54.33243426801805,-0.0474305040007,-0.16016572987705557,0.11273522587635557,25.5,25.5,25.5,0.0,0.0,0.0,47.0,47.0,47.0,0.0,0.0,0.0,0.07215603667055084,-0.011604103706450847
R_1TZbMIIo6RtFnsb,attribution,8,160201,feature contribution,1.0,glucose: 187.00 -> 98.00 (delta -89.00); blood_pressure: 70.00 -> 62.00 (delta -8.00); insulin: 200.00 -> 143.00 (delta -57.00); bmi: 36.40 -> 28.37 (delta -8.03),glucose: 187.00 -> 157.63 (delta -29.37); blood_pressure: 70.00 -> 58.95 (delta -11.05); insulin: 200.00 -> 58.48 (delta -141.52); bmi: 36.40 -> 29.90 (delta -6.50),0.1602201937264993,0.6576938318092231,1 - sum(abs(model delta - user delta)) / (sum(abs(model delta)) + sum(abs(user delta))),1.0,0.20027524215812412,1.0,1.0,1.0,0.999790020687,0.9997864178023594,0.138005852435,0.281142117469,0.942044973135,0.930884654975361,1.0,1.0,1.330087846102,1.0102175385968248,187.0,98.00000000000661,157.6329739245723,-0.756674035028,-0.249677147385034,0.506996887642966,70.0,62.000000000012,58.9497629200377,-0.173913043478,-0.24022254521657174,0.06630950173857175,200.0,142.99999999980201,58.4756174859397,-0.117545162089,-0.29185099091408895,0.17430582882508894,36.4,28.372160000004683,29.89509170213005,-0.281955605507,-0.22846685508113024,0.05348875042586976,36.0,36.0,36.0,0.0,0.0,0.0,0.19073886846538882,0.09040324900361116
R_1TZbMIIo6RtFnsb,attribution,9,160202,feature contribution,0.7533739645409976,glucose: 125.00 -> 109.00 (delta -16.00); blood_pressure: 70.00 -> 64.00 (delta -6.00); bmi: 31.10 -> 28.09 (delta -3.01),glucose: 125.00 -> 106.84 (delta -18.16); blood_pressure: 70.00 -> 62.69 (delta -7.31); bmi: 31.10 -> 26.68 (delta -4.42),0.019209973687990683,0.8857362131839165,1 - sum(abs(model delta - user delta)) / (sum(abs(model delta)) + sum(abs(user delta))),1.0,0.032016622813317804,1.0,1.0,1.0,0.97735064511,0.9773875102411022,-0.0932230309314,0.0569726484831,0.938464337036,0.9277165838082455,1.0,1.0,0.37227388098799996,0.4683237494279534,125.0,109.00000000000648,106.84235339531313,-0.136031287196,-0.15437550250541465,0.018344215309414658,70.0,63.999999999986,62.694326241523704,-0.130434782609,-0.15881899474948474,0.028384212140484755,115.0,115.0,115.0,0.0,0.0,0.0,31.1,28.08743999999762,26.683159932128802,-0.105807811183,-0.155129252173054,0.049321440990054005,41.0,41.0,41.0,0.0,0.0,0.0,0.18143119933564564,-0.12445855085254565
R_1TZbMIIo6RtFnsb,attribution,10,160214,feature contribution,0.572391883852377,blood_pressure: 74.00 -> 64.00 (delta -10.00); insulin: 156.00 -> 138.00 (delta -18.00),blood_pressure: 74.00 -> 66.62 (delta -7.38); insulin: 156.00 -> 78.34 (delta -77.66),0.03599896775167164,0.6870083832039064,1 - sum(abs(model delta - user delta)) / (sum(abs(model delta)) + sum(abs(user delta))),1.0,0.0899974193791791,1.0,1.0,1.0,0.995887767688,0.995959987559489,-0.0648165334737,0.0501717968156,0.949097834156,0.9513972563907545,1.0,1.0,0.2545108292181,0.3205679559610586,104.0,104.0,104.0,0.0,0.0,0.0,74.0,63.999999999992,66.62056737634619,-0.217391304348,-0.16042244834030017,0.056968856007699825,156.0,137.99999999999108,78.34224044454169,-0.0371195248701,-0.16014550762075838,0.12302598275065837,29.9,29.9,29.9,0.0,0.0,0.0,41.0,41.0,41.0,0.0,0.0,0.0,0.21528908140353997,-0.16511728458793998
R_1TZbMIIo6RtFnsb,attribution,11,160209,feature contribution,0.5284868506441815,glucose: 83.00 -> 133.00 (delta +50.00),insulin: 71.00 -> 268.42 (delta +197.42),0.16644443098284406,0.0,1 - sum(abs(model delta - user delta)) / (sum(abs(model delta)) + sum(abs(user delta))),0.0,0.4161110774571102,nan,1.0,1.0,0.9584559523,0.9247655790041706,0.0868181536191,0.215219871146,0.928956871911,0.9185751235147559,1.0,1.0,0.425097772488,0.4071243824262204,83.0,133.0000000000386,83.0,0.425097772488,0.0,0.425097772488,78.0,78.0,78.0,0.0,0.0,0.0,71.0,71.0,268.4227555261232,0.0,0.4071243824262204,0.4071243824262204,29.3,29.3,29.3,0.0,0.0,0.0,36.0,36.0,36.0,0.0,0.0,0.0,0.027880441958040125,0.18733942918795987
R_1TZbMIIo6RtFnsb,attribution,12,160218,feature contribution,0.6061764427838074,bmi: 29.30 -> 37.48 (delta +8.18),bmi: 29.30 -> 33.84 (delta +4.54),0.025605995456913767,0.7134476753433114,1 - sum(abs(model delta - user delta)) / (sum(abs(model delta)) + sum(abs(user delta))),1.0,0.12802997728456883,1.0,1.0,1.0,0.934946491144,0.8988220636788212,0.012721118973,0.0818222236912,0.942517561112,0.9681235565695138,1.0,1.0,0.287412194437,0.15938221715243117,154.0,154.0,154.0,0.0,0.0,0.0,74.0,74.0,74.0,0.0,0.0,0.0,193.0,193.0,193.0,0.0,0.0,0.0,29.3,37.48320000001028,33.83793048676403,0.287412194437,0.15938221715243117,0.12802997728456883,39.0,39.0,39.0,0.0,0.0,0.0,0.051201313376148416,0.030620910315051583
R_1TZbMIIo6RtFnsb,attribution,13,160208,feature contribution,0.5466585277864893,insulin: 75.00 -> 283.00 (delta +208.00); bmi: 25.90 -> 32.36 (delta +6.46),insulin: 75.00 -> 237.83 (delta +162.83); bmi: 25.90 -> 31.72 (delta +5.82),0.023142832286160098,0.903234046641746,1 - sum(abs(model delta - user delta)) / (sum(abs(model delta)) + sum(abs(user delta))),1.0,0.057857080715400244,1.0,0.0,0.0,0.00803839699317,0.23043602312787614,0.0239490643156,0.0900870805017,0.921777740285,0.9358959018562271,1.0,1.0,0.655764492439,0.5400503310081994,126.0,126.0,126.0,0.0,0.0,0.0,74.0,74.0,74.0,0.0,0.0,0.0,75.0,282.99999999997385,237.828497146653,0.428936731832,0.33578424718851085,0.09315248464348913,25.9,32.35824000000251,31.715863938514183,0.226827760607,0.20426608381968864,0.022561676787311358,39.0,39.0,39.0,0.0,0.0,0.0,0.024205651773178627,0.06588142872852137
R_1TZbMIIo6RtFnsb,attribution,14,160215,feature contribution,0.6359658164487322,glucose: 117.00 -> 140.00 (delta +23.00); blood_pressure: 60.00 -> 78.00 (delta +18.00); insulin: 106.00 -> 225.00 (delta +119.00),glucose: 117.00 -> 140.64 (delta +23.64); blood_pressure: 60.00 -> 71.82 (delta +11.82); insulin: 106.00 -> 312.12 (delta +206.12),0.06390484546627292,0.813705726178425,1 - sum(abs(model delta - user delta)) / (sum(abs(model delta)) + sum(abs(user delta))),1.0,0.10650807577712156,1.0,0.0,0.0,0.0267498121109,0.00875603102506195,0.0255731225314,0.0606767911965,0.936530821034,0.9478558558987666,1.0,1.0,0.8322506264780001,0.8829079813350974,117.0,139.9999999999613,140.63790536672875,0.195544975344,0.20096841835341556,0.005423443009415552,60.0,77.99999999999599,71.81606193308785,0.391304347826,0.2568709115888664,0.1344334362371336,106.0,225.0000000001156,312.1242904334045,0.245401303308,0.42506865139281547,0.17966734808481546,33.8,33.8,33.8,0.0,0.0,0.0,27.0,27.0,27.0,0.0,0.0,0.0,0.05105990743668143,0.009616883759818569
R_1TZbMIIo6RtFnsb,attribution,15,160206,feature contribution,0.47033276513453454,insulin: 82.00 -> 264.00 (delta +182.00); bmi: 20.40 -> 37.77 (delta +17.37),insulin: 82.00 -> 340.99 (delta +258.99); bmi: 20.40 -> 28.69 (delta +8.29),0.09550120257661934,0.7362843385071052,1 - sum(abs(model delta - user delta)) / (sum(abs(model delta)) + sum(abs(user delta))),1.0,0.23875300644154837,1.0,0.0,0.0,1.64201161256e-05,9.657860844392019e-09,0.33502226378,0.558946397893,0.921202170108,0.8666263838909066,1.0,1.0,0.985319640353,0.8253654368241928,103.0,103.0,103.0,0.0,0.0,0.0,80.0,80.0,80.0,0.0,0.0,0.0,82.0,263.99999999997715,340.9936116960183,0.375319640353,0.5340955450301448,0.1587759046771448,20.4,37.76792000000002,28.693036359160146,0.61,0.29126989179404805,0.31873010820595193,22.0,22.0,22.0,0.0,0.0,0.0,0.39850910878364904,0.160437289109351
R_1TZbMIIo6RtFnsb,attribution,16,160219,feature contribution,0.5158902475550017,blood_pressure: 64.00 -> 80.00 (delta +16.00); insulin: 140.00 -> 303.00 (delta +163.00); bmi: 28.60 -> 37.20 (delta +8.60),blood_pressure: 64.00 -> 74.31 (delta +10.31); insulin: 140.00 -> 309.06 (delta +169.06); bmi: 28.60 -> 34.58 (delta +5.98),0.04564179181925585,0.8709735556948727,1 - sum(abs(model delta - user delta)) / (sum(abs(model delta)) + sum(abs(user delta))),1.0,0.07606965303209308,1.0,0.0,0.0,-0.0512705697619,-0.03386164630337585,-0.107004941921,0.038863565943,0.918710924933,0.954529520274385,1.0,1.0,0.985961758792,0.7827373658355126,139.0,139.0,139.0,0.0,0.0,0.0,64.0,80.000000000022,74.3118856277109,0.347826086957,0.22417142668936707,0.12365466026763294,140.0,303.00000000007276,309.0577579063267,0.336137919657,0.34863020272689593,0.012492283069895915,28.6,37.198480000012026,34.577290287328886,0.301997752178,0.20993573641924962,0.09206201575875039,26.0,26.0,26.0,0.0,0.0,0.0,0.09009862329654295,-0.051235057353542945
R_1TZbMIIo6RtFnsb,attribution,17,160205,feature contribution,0.5313810373578618,insulin: 46.00 -> 293.00 (delta +247.00); bmi: 20.40 -> 37.48 (delta +17.08),insulin: 46.00 -> 338.37 (delta +292.37); bmi: 20.40 -> 29.05 (delta +8.65),0.0779222082513241,0.8067652474598035,1 - sum(abs(model delta - user delta)) / (sum(abs(model delta)) + sum(abs(user delta))),1.0,0.19480552062831025,1.0,0.0,0.0,0.0271407149593,7.339061630973198e-06,0.204689090848,0.284435118814,0.965507682725,0.9221748937762098,1.0,1.0,1.109362369051,0.9068952457668829,100.0,100.0,100.0,0.0,0.0,0.0,74.0,74.0,74.0,0.0,0.0,0.0,46.0,293.0000000002114,338.37491435182466,0.509362369051,0.6029343280372517,0.0935719589862517,20.4,37.483200000000025,29.054375249598067,0.6,0.3039609177296312,0.2960390822703688,28.0,28.0,28.0,0.0,0.0,0.0,0.2640606740869513,0.020374444727048746
R_1TZbMIIo6RtFnsb,attribution,18,160207,feature contribution,0.6033697446100849,glucose: 89.00 -> 133.00 (delta +44.00); insulin: 85.00 -> 288.00 (delta +203.00),glucose: 89.00 -> 112.55 (delta +23.55); insulin: 85.00 -> 258.26 (delta +173.26),0.04704177957993441,0.825798889502319,1 - sum(abs(model delta - user delta)) / (sum(abs(model delta)) + sum(abs(user delta))),1.0,0.11760444894983603,1.0,0.0,1.0,0.0063530349281,0.8090522869747642,0.0530279398106,0.204135275223,0.912457327372,0.9235600294114009,1.0,1.0,0.79271179249,0.557502894590328,89.0,132.9999999999822,112.54718939006625,0.374086039789,0.2001971551612501,0.1738888846277499,74.0,74.0,74.0,0.0,0.0,0.0,85.0,287.99999999976933,258.26469916394876,0.418625752701,0.35730573942907784,0.06132001327192216,30.4,30.4,30.4,0.0,0.0,0.0,38.0,38.0,38.0,0.0,0.0,0.0,0.04044007919069831,0.1636951960323017
R_1TZbMIIo6RtFnsb,attribution,19,160216,feature contribution,0.6307773570457091,insulin: 120.00 -> 196.00 (delta +76.00),blood_pressure: 62.00 -> 87.79 (delta +25.79),0.1434606485012607,0.0,1 - sum(abs(model delta - user delta)) / (sum(abs(model delta)) + sum(abs(user delta))),0.0,0.35865162125315175,nan,1.0,1.0,0.941669053002,0.9129953950156715,-0.0870843282429,0.034821278767,0.968654623443,0.9193672464417768,1.0,1.0,0.156726882785,0.5605763597213035,151.0,151.0,151.0,0.0,0.0,0.0,62.0,62.0,87.78651254717997,0.0,0.5605763597213035,0.5605763597213035,120.0,196.00000000010235,120.0,0.156726882785,0.0,0.156726882785,35.5,35.5,35.5,0.0,0.0,0.0,28.0,28.0,28.0,0.0,0.0,0.0,0.10434930960510166,-0.06952803083810166
R_1TZbMIIo6RtFnsb,attribution,20,160217,feature contribution,0.6185532771857736,insulin: 94.00 -> 235.00 (delta +141.00),insulin: 94.00 -> 312.41 (delta +218.41),0.031926242093520726,0.7846228029786422,1 - sum(abs(model delta - user delta)) / (sum(abs(model delta)) + sum(abs(user delta))),1.0,0.15963121046760365,1.0,0.0,0.0,0.262283781291,-0.13495233729938738,0.0213695035789,0.030760691058,0.950762045978,0.9350334182423355,1.0,1.0,0.290769611482,0.4504008219496036,112.0,112.0,112.0,0.0,0.0,0.0,68.0,68.0,68.0,0.0,0.0,0.0,94.0,234.99999999985172,312.40836657980225,0.290769611482,0.4504008219496036,0.15963121046760365,34.1,34.1,34.1,0.0,0.0,0.0,26.0,26.0,26.0,0.0,0.0,0.0,0.11443803563984972,-0.08367734458184972
R_1WAqgPTkRSdmI9W,counterfactual,1,160211,feature contribution,0.31808013155499826,blood_pressure: 80.00 -> 63.00 (delta -17.00); insulin: 130.00 -> 60.00 (delta -70.00); age: 40.00 -> 28.00 (delta -12.00),blood_pressure: 80.00 -> 68.01 (delta -11.99); insulin: 130.00 -> 36.00 (delta -94.00); age: 40.00 -> 28.44 (delta -11.56),0.034068397908988385,0.8938765089547221,1 - sum(abs(model delta - user delta)) / (sum(abs(model delta)) + sum(abs(user delta))),1.0,0.05678066318164731,1.0,1.0,1.0,0.982042138495,0.9658351460703793,-0.0536059934643,0.0747170723186,0.943844809295,0.9132949737371084,0.0,0.0,0.8382432495429999,0.7668866596517991,145.0,145.0,145.0,0.0,0.0,0.0,80.0,63.000000000014,68.00854003438182,-0.369565217391,-0.26068391229604726,0.10888130509495275,130.0,60.0000000000461,36.0,-0.144353707828,-0.19384640765487052,0.04949269982687052,37.9,37.9,37.9,0.0,0.0,0.0,40.0,28.000000000012,28.442815431067388,-0.324324324324,-0.31235633970088134,0.011967984623118655,0.08349212629087469,-0.008775053972274682
R_1WAqgPTkRSdmI9W,counterfactual,2,160214,feature contribution,0.31808013155499826,blood_pressure: 74.00 -> 57.00 (delta -17.00); insulin: 156.00 -> 36.00 (delta -120.00); age: 41.00 -> 29.00 (delta -12.00),blood_pressure: 74.00 -> 63.83 (delta -10.17); insulin: 156.00 -> 46.48 (delta -109.52); age: 41.00 -> 31.74 (delta -9.26),0.04882909384424833,0.8510000378611537,1 - sum(abs(model delta - user delta)) / (sum(abs(model delta)) + sum(abs(user delta))),1.0,0.08138182307374721,1.0,1.0,1.0,0.994876297061,0.9937188740291386,-0.177698894168,0.0501717968156,0.937826294006,0.949519384273902,0.0,0.0,0.9413530408490001,0.6972075716277584,104.0,104.0,104.0,0.0,0.0,0.0,74.0,57.000000000014,63.834162618919564,-0.369565217391,-0.22099646480609642,0.1485687525849036,156.0,36.0,46.482389587242785,-0.247463499134,-0.2258467590793471,0.021616740054652916,29.9,29.9,29.9,0.0,0.0,0.0,41.0,29.000000000012,31.73651913353435,-0.324324324324,-0.25036434774231486,0.07395997658168513,0.354634991397631,-0.30446319458203097
R_1WAqgPTkRSdmI9W,counterfactual,3,160202,feature contribution,0.31808013155499826,blood_pressure: 70.00 -> 56.00 (delta -14.00); insulin: 115.00 -> 80.00 (delta -35.00); age: 41.00 -> 26.00 (delta -15.00),blood_pressure: 70.00 -> 60.51 (delta -9.49); insulin: 115.00 -> 36.00 (delta -79.00); age: 41.00 -> 32.93 (delta -8.07),0.07520444258025531,0.725393164475606,1 - sum(abs(model delta - user delta)) / (sum(abs(model delta)) + sum(abs(user delta))),1.0,0.12534073763375886,1.0,1.0,1.0,0.977318887198,0.976214469026344,-0.202663947062,0.0569726484831,0.941957466516,0.9255015371952804,0.0,0.0,0.7819300854060001,0.5873811052029951,125.0,125.0,125.0,0.0,0.0,0.0,70.0,55.999999999998,60.5065033131739,-0.304347826087,-0.20638036275708915,0.09796746332991085,115.0,80.00000000002305,36.0,-0.072176853914,-0.16291347026313585,0.09073661634913585,31.1,31.1,31.1,0.0,0.0,0.0,41.0,26.000000000015003,32.93077092923751,-0.405405405405,-0.21808727218277008,0.1873181332222299,0.26186403802710256,-0.20489138954400257
R_1WAqgPTkRSdmI9W,counterfactual,4,160201,feature contribution,0.31808013155499826,blood_pressure: 70.00 -> 53.00 (delta -17.00); insulin: 200.00 -> 70.00 (delta -130.00); age: 36.00 -> 30.00 (delta -6.00),blood_pressure: 70.00 -> 59.20 (delta -10.80); insulin: 200.00 -> 69.40 (delta -130.60); age: 36.00 -> 25.86 (delta -10.14),0.04957883453174093,0.8429175730264542,1 - sum(abs(model delta - user delta)) / (sum(abs(model delta)) + sum(abs(user delta))),1.0,0.08263139088623488,1.0,1.0,1.0,0.999988557376,0.9999711670896129,-0.0192183826998,0.281142117469,0.901790885627,0.9493362147384609,0.0,0.0,0.799812836948,0.7783024076073467,187.0,187.0,187.0,0.0,0.0,0.0,70.0,53.000000000014,59.196305845999234,-0.369565217391,-0.234862916391321,0.134702300999679,200.0,70.00000000001634,69.40302159968243,-0.268085457395,-0.2693165437604498,0.001231086365449774,36.4,36.4,36.4,0.0,0.0,0.0,36.0,30.000000000006,25.857450944143693,-0.162162162162,-0.27412294745557586,0.11196078529357587,0.16967072708979902,0.11147139037920095
R_1WAqgPTkRSdmI9W,counterfactual,5,160203,feature contribution,0.31808013155499826,blood_pressure: 68.00 -> 57.00 (delta -11.00); insulin: 132.00 -> 80.00 (delta -52.00); age: 47.00 -> 42.00 (delta -5.00),blood_pressure: 68.00 -> 57.84 (delta -10.16); insulin: 132.00 -> 36.00 (delta -96.00); age: 47.00 -> 36.49 (delta -10.51),0.05162804147641361,0.7820509363012526,1 - sum(abs(model delta - user delta)) / (sum(abs(model delta)) + sum(abs(user delta))),1.0,0.08604673579402268,1.0,1.0,1.0,0.980875254279,0.9842425203273178,-0.132567770891,0.0605519329641,0.903700049425,0.8966470970884929,0.0,0.0,0.481499752876,0.7029063785441073,161.0,161.0,161.0,0.0,0.0,0.0,68.0,56.999999999982,57.8448723794031,-0.239130434783,-0.22076364392601963,0.01836679085698037,132.0,80.00000000000654,36.0,-0.107234182958,-0.1979707993071018,0.0907366163491018,25.5,25.5,25.5,0.0,0.0,0.0,47.0,42.000000000005,36.485638393493524,-0.135135135135,-0.2841719353109859,0.1490368001759859,0.20686013500872064,-0.14630820204462064
R_1WAqgPTkRSdmI9W,counterfactual,6,160210,feature contribution,0.4798025060051793,blood_pressure: 74.00 -> 59.00 (delta -15.00); insulin: 215.00 -> 84.00 (delta -131.00); bmi: 39.40 -> 32.64 (delta -6.76); age: 43.00 -> 32.00 (delta -11.00),blood_pressure: 74.00 -> 61.44 (delta -12.56); insulin: 215.00 -> 52.99 (delta -162.01); bmi: 39.40 -> 31.32 (delta -8.08); age: 43.00 -> 28.47 (delta -14.53),0.05175018187172333,0.8928271935819801,1 - sum(abs(model delta - user delta)) / (sum(abs(model delta)) + sum(abs(user delta))),1.0,0.06468772733965417,1.0,1.0,1.0,0.996225691166,0.9529357118355745,-0.112582644386,0.0664632820126,0.955804775563,0.9554394074859232,0.0,0.0,1.13085418858,1.283479428376686,100.0,100.0,100.0,0.0,0.0,0.0,74.0,58.999999999988,61.440890399912405,-0.326086956522,-0.2730241217410346,0.05306283478096541,215.0,84.00000000007242,52.99282971283989,-0.270147653221,-0.3340905103669879,0.06394285714598791,39.4,32.64295999999311,31.322919223393054,-0.23732228154,-0.28368505115927695,0.04636276961927693,43.0,32.000000000011,28.470849430952704,-0.297297297297,-0.3926797451093864,0.09538244781238642,0.13584098058125088,-0.06937769856865088
R_1WAqgPTkRSdmI9W,counterfactual,7,160213,feature contribution,0.4798025060051793,blood_pressure: 88.00 -> 63.00 (delta -25.00); insulin: 145.00 -> 80.00 (delta -65.00); bmi: 34.50 -> 29.51 (delta -4.99); age: 40.00 -> 27.00 (delta -13.00),blood_pressure: 88.00 -> 75.19 (delta -12.81); insulin: 145.00 -> 36.00 (delta -109.00); bmi: 34.50 -> 27.57 (delta -6.93); age: 40.00 -> 28.30 (delta -11.70),0.0918134977566145,0.7974891401755924,1 - sum(abs(model delta - user delta)) / (sum(abs(model delta)) + sum(abs(user delta))),1.0,0.11476687219576813,1.0,1.0,1.0,0.725119019443,0.7627512760266272,0.0651493187415,0.0929170929375,0.93867433732,0.9455705811381212,0.0,0.0,1.2040957182719998,1.0627826564537752,117.0,117.0,117.0,0.0,0.0,0.0,88.0,62.999999999980005,75.19150174153505,-0.54347826087,-0.27844561431445547,0.2650326465555445,145.0,79.99999999976572,36.0,-0.134042728698,-0.22477934504660518,0.09073661634860519,34.5,29.511040000005377,27.57094091841129,-0.175223377353,-0.24336397448681873,0.06814059713381873,40.0,27.000000000013,28.300832263581853,-0.351351351351,-0.31619372260589584,0.03515762874510414,0.06515894085538693,0.027758152082113074
R_1WAqgPTkRSdmI9W,counterfactual,8,160204,feature contribution,0.31808013155499826,blood_pressure: 70.00 -> 57.00 (delta -13.00); insulin: 122.00 -> 70.00 (delta -52.00); age: 45.00 -> 32.00 (delta -13.00),blood_pressure: 70.00 -> 60.03 (delta -9.97); insulin: 122.00 -> 36.00 (delta -86.00); age: 45.00 -> 35.48 (delta -9.52),0.046009071289602355,0.8348054627522712,1 - sum(abs(model delta - user delta)) / (sum(abs(model delta)) + sum(abs(user delta))),1.0,0.07668178548267059,1.0,1.0,1.0,0.967984261331,0.9671198765624107,-0.179703508794,0.0395820491408,0.923825065206,0.9041322854818985,0.0,0.0,0.7411942299609999,0.651378189688879,125.0,125.0,125.0,0.0,0.0,0.0,70.0,57.000000000008,60.026373529975565,-0.282608695652,-0.2168179667396617,0.06579072891233828,122.0,70.00000000000654,36.0,-0.107234182958,-0.17734884104594537,0.07011465808794537,28.9,28.9,28.9,0.0,0.0,0.0,45.0,32.000000000013,35.48317886957894,-0.351351351351,-0.25721138190327186,0.09413996944772812,0.2823748499029849,-0.2427928007621849
R_1WAqgPTkRSdmI9W,counterfactual,9,160200,feature contribution,0.31808013155499826,blood_pressure: 72.00 -> 59.00 (delta -13.00); insulin: 126.00 -> 60.00 (delta -66.00); age: 37.00 -> 27.00 (delta -10.00),blood_pressure: 72.00 -> 62.48 (delta -9.52); insulin: 126.00 -> 36.00 (delta -90.00); age: 37.00 -> 29.06 (delta -7.94),0.0361882904534371,0.8603859453435252,1 - sum(abs(model delta - user delta)) / (sum(abs(model delta)) + sum(abs(user delta))),1.0,0.060313817422395166,1.0,1.0,1.0,0.98812180231,0.9878000913736841,-0.0542914553676,0.0980127823706,0.93479718129,0.9229104007403096,0.0,0.0,0.688983890446,0.6070278378316304,154.0,154.0,154.0,0.0,0.0,0.0,72.0,59.000000000008,62.47982179618971,-0.282608695652,-0.20696039573500635,0.07564829991699362,126.0,59.99999999982179,36.0,-0.136104924524,-0.18559762435040794,0.04949269982640794,31.3,31.3,31.3,0.0,0.0,0.0,37.0,27.00000000001,29.064616743390005,-0.27027027027,-0.21446981774621607,0.05580045252378393,0.1747110894758772,-0.07669830710527721
R_1WAqgPTkRSdmI9W,counterfactual,10,160212,feature contribution,0.4798025060051793,blood_pressure: 72.00 -> 59.00 (delta -13.00); insulin: 207.00 -> 51.00 (delta -156.00); bmi: 37.10 -> 32.07 (delta -5.03); age: 56.00 -> 32.00 (delta -24.00),blood_pressure: 72.00 -> 58.53 (delta -13.47); insulin: 207.00 -> 36.00 (delta -171.00); bmi: 37.10 -> 28.52 (delta -8.58); age: 56.00 -> 32.97 (delta -23.03),0.03846254961652158,0.9358673941724505,1 - sum(abs(model delta - user delta)) / (sum(abs(model delta)) + sum(abs(user delta))),1.0,0.048078187020651975,1.0,1.0,1.0,0.985124540461,0.9846107244857119,-0.215121422676,0.0372518432215,0.920314859452,0.9161872660679793,0.0,0.0,1.429501056423,1.5691724825835167,111.0,111.0,111.0,0.0,0.0,0.0,72.0,59.000000000008,58.52800727651836,-0.282608695652,-0.2928694070322096,0.01026071138020962,207.0,51.00000000001959,36.0,-0.321702548874,-0.35263548626577507,0.03093293739177505,37.1,32.073520000002944,28.52025886331376,-0.176541163248,-0.30133960159757767,0.12479843834957766,56.0,31.999999999987,32.97386445554569,-0.648648648649,-0.6223279876879544,0.026320660961045572,0.25537925523711624,-0.21812741201561625
R_1WAqgPTkRSdmI9W,counterfactual,11,160218,feature contribution,0.4698374311094846,insulin: 193.00 -> 94.00 (delta -99.00),insulin: 193.00 -> 302.28 (delta +109.28),0.08590456785647142,0.0,1 - sum(abs(model delta - user delta)) / (sum(abs(model delta)) + sum(abs(user delta))),1.0,0.4295228392823571,0.0,1.0,0.0,0.962291098096,-0.00815771113972541,-0.0405129430802,0.0818222236912,0.959168522643,0.9549269095005286,1.0,1.0,0.204157386785,0.22536545249735712,154.0,154.0,154.0,0.0,0.0,0.0,74.0,74.0,74.0,0.0,0.0,0.0,193.0,94.00000000021761,302.28421522501867,-0.204157386785,0.22536545249735712,0.4295228392823571,29.3,29.3,29.3,0.0,0.0,0.0,39.0,39.0,39.0,0.0,0.0,0.0,0.10088933689809287,-0.019067113206892874
R_1WAqgPTkRSdmI9W,counterfactual,12,160205,feature contribution,0.4698374311094846,insulin: 46.00 -> 259.00 (delta +213.00),insulin: 46.00 -> 424.09 (delta +378.09),0.06809030387722198,0.7207002964217311,1 - sum(abs(model delta - user delta)) / (sum(abs(model delta)) + sum(abs(user delta))),1.0,0.3404515193861099,1.0,0.0,0.0,-4.55950498424e-06,-1.8806226572021245e-05,-0.216319553439,0.284435118814,0.886828478634,0.8390413146744676,1.0,1.0,0.439247710963,0.7796992303491099,100.0,100.0,100.0,0.0,0.0,0.0,74.0,74.0,74.0,0.0,0.0,0.0,46.0,259.0000000001784,424.0917507808911,0.439247710963,0.7796992303491099,0.3404515193861099,20.4,20.4,20.4,0.0,0.0,0.0,28.0,28.0,28.0,0.0,0.0,0.0,0.5526537911751602,-0.2682186723611602
R_1WAqgPTkRSdmI9W,counterfactual,13,160208,feature contribution,0.4698374311094846,insulin: 75.00 -> 249.00 (delta +174.00),insulin: 75.00 -> 255.32 (delta +180.32),0.002607099257885248,0.9821597653630584,1 - sum(abs(model delta - user delta)) / (sum(abs(model delta)) + sum(abs(user delta))),1.0,0.01303549628942624,1.0,0.0,0.0,-0.0113851973567,-0.011329350887207768,-0.0753096119241,0.0900870805017,0.928235585251,0.9256284859933147,1.0,1.0,0.358822073744,0.37185757003342623,126.0,126.0,126.0,0.0,0.0,0.0,74.0,74.0,74.0,0.0,0.0,0.0,75.0,248.99999999994083,255.3211728606094,0.358822073744,0.37185757003342623,0.01303549628942624,25.9,25.9,25.9,0.0,0.0,0.0,39.0,39.0,39.0,0.0,0.0,0.0,0.17052871994493912,-0.08044163944323912
R_1WAqgPTkRSdmI9W,counterfactual,14,160219,feature contribution,0.502916885936552,insulin: 140.00 -> 278.00 (delta +138.00); age: 26.00 -> 37.00 (delta +11.00),insulin: 140.00 -> 337.20 (delta +197.20); age: 26.00 -> 40.91 (delta +14.91),0.04555670682050415,0.8363088014625869,1 - sum(abs(model delta - user delta)) / (sum(abs(model delta)) + sum(abs(user delta))),1.0,0.11389176705126039,1.0,0.0,1.0,0.369433724775,0.87600325486426,0.0295398301546,0.038863565943,0.906060821979,0.9218845041358538,0.0,0.0,0.581880321301,0.8096638554035207,139.0,139.0,139.0,0.0,0.0,0.0,64.0,64.0,64.0,0.0,0.0,0.0,140.0,278.00000000001995,337.2048039785946,0.284583024004,0.40667492365461155,0.12209189965061157,28.6,28.6,28.6,0.0,0.0,0.0,26.0,36.999999999989,40.910590474709636,0.297297297297,0.4029889317489092,0.10569163445190921,0.047949741857769956,-0.009086175914769956
R_1WAqgPTkRSdmI9W,counterfactual,15,160207,feature contribution,0.4698374311094846,insulin: 85.00 -> 278.00 (delta +193.00),insulin: 85.00 -> 251.69 (delta +166.69),0.010850303120165172,0.9268607058908337,1 - sum(abs(model delta - user delta)) / (sum(abs(model delta)) + sum(abs(user delta))),1.0,0.05425151560082586,1.0,1.0,1.0,0.997002284779,0.9994649865241649,0.125893821495,0.204135275223,0.920399241112,0.9312495442321652,1.0,1.0,0.39800379444,0.34375227883917414,89.0,89.0,89.0,0.0,0.0,0.0,74.0,74.0,74.0,0.0,0.0,0.0,85.0,277.9999999998452,251.69235505469268,0.39800379444,0.34375227883917414,0.05425151560082586,30.4,30.4,30.4,0.0,0.0,0.0,38.0,38.0,38.0,0.0,0.0,0.0,0.08534115883711468,0.11879411638588533
R_1WAqgPTkRSdmI9W,counterfactual,16,160206,feature contribution,0.31808013155499826,insulin: 82.00 -> 293.00 (delta +211.00); bmi: 20.40 -> 28.37 (delta +7.97); age: 22.00 -> 41.00 (delta +19.00),blood_pressure: 80.00 -> 90.94 (delta +10.94); insulin: 82.00 -> 332.76 (delta +250.76); age: 22.00 -> 40.65 (delta +18.65),0.12186760823007796,0.7550655191231852,1 - sum(abs(model delta - user delta)) / (sum(abs(model delta)) + sum(abs(user delta))),0.6666666666666666,0.15233451028759745,1.0,1.0,0.0,0.984051937872,3.6734748576350285e-10,0.519291041945,0.558946397893,0.904976258599,0.8551190848614182,0.0,0.0,1.2286368328239998,1.2591225017094054,103.0,103.0,103.0,0.0,0.0,0.0,80.0,80.0,90.94446114365043,0.0,0.2379230683402267,0.2379230683402267,82.0,292.99999999980565,332.75800243554187,0.43512331931,0.5171121059876709,0.0819887866776709,20.4,28.372160000000008,20.4,0.28,0.0,0.28,22.0,41.000000000018005,40.651231113115784,0.513513513514,0.5040873273815079,0.009426186132492131,0.17911671442014915,0.3798296834728509
R_1WAqgPTkRSdmI9W,counterfactual,17,160216,feature contribution,0.502916885936552,insulin: 120.00 -> 259.00 (delta +139.00); age: 28.00 -> 37.00 (delta +9.00),insulin: 120.00 -> 300.09 (delta +180.09); age: 28.00 -> 40.95 (delta +12.95),0.03828501321998976,0.8470070641780753,1 - sum(abs(model delta - user delta)) / (sum(abs(model delta)) + sum(abs(user delta))),1.0,0.0957125330499744,1.0,1.0,1.0,0.941344798852,0.9312041452555476,-0.158045502847,0.034821278767,0.914045540464,0.9523142839865311,0.0,0.0,0.5298884630730001,0.7213135291729489,151.0,151.0,151.0,0.0,0.0,0.0,62.0,62.0,62.0,0.0,0.0,0.0,120.0,258.99999999996385,300.0901898781187,0.28664521983,0.37138123789103006,0.08473601806103004,35.5,35.5,35.5,0.0,0.0,0.0,28.0,36.999999999991005,40.947494777431,0.243243243243,0.3499322912819188,0.10668904803891877,0.08708462677223466,-0.05226334800523466
R_1WAqgPTkRSdmI9W,counterfactual,18,160217,feature contribution,0.502916885936552,insulin: 94.00 -> 312.00 (delta +218.00); age: 26.00 -> 41.00 (delta +15.00),insulin: 94.00 -> 300.33 (delta +206.33); age: 26.00 -> 40.71 (delta +14.71),0.0063747219689315624,0.9810056179324103,1 - sum(abs(model delta - user delta)) / (sum(abs(model delta)) + sum(abs(user delta))),1.0,0.015936804922328907,1.0,1.0,1.0,0.842954069309,0.8417853359551166,-0.11117028792,0.030760691058,0.904696239005,0.9061538047921746,0.0,0.0,0.854964095498,0.8230904856533421,112.0,112.0,112.0,0.0,0.0,0.0,68.0,68.0,68.0,0.0,0.0,0.0,94.0,311.99999999989797,300.3273024941837,0.449558690093,0.4254873020172055,0.024071388075794453,34.1,34.1,34.1,0.0,0.0,0.0,26.0,40.999999999985,40.71131779453705,0.405405405405,0.3976031836361366,0.00780222176886336,0.1421059920435967,-0.1113453009855967
R_1WAqgPTkRSdmI9W,counterfactual,19,160209,feature contribution,0.502916885936552,glucose: 83.00 -> 99.00 (delta +16.00); insulin: 71.00 -> 283.00 (delta +212.00),insulin: 71.00 -> 234.45 (delta +163.45); age: 36.00 -> 46.30 (delta +10.30),0.10290122052425699,0.5671518002536555,1 - sum(abs(model delta - user delta)) / (sum(abs(model delta)) + sum(abs(user delta))),0.5,0.17150203420709498,1.0,1.0,1.0,0.565164383207,0.9998866290269055,0.212759239777,0.215219871146,0.890485272151,0.8973874390217389,1.0,0.0,0.573216802333,0.6154357158541917,83.0,98.99999999999352,83.0,0.136031287196,0.0,0.136031287196,78.0,78.0,78.0,0.0,0.0,0.0,71.0,283.0000000002344,234.45353991811007,0.437185515137,0.33707320778295335,0.10011230735404664,29.3,29.3,29.3,0.0,0.0,0.0,36.0,36.0,46.299412798635814,0.0,0.27836250807123825,0.27836250807123825,0.11354867138564802,0.10167119976035198
R_1WAqgPTkRSdmI9W,counterfactual,20,160215,feature contribution,0.502916885936552,insulin: 106.00 -> 269.00 (delta +163.00); age: 27.00 -> 37.00 (delta +10.00),insulin: 106.00 -> 316.17 (delta +210.17); age: 27.00 -> 41.94 (delta +14.94),0.04617834265144628,0.8400703616202266,1 - sum(abs(model delta - user delta)) / (sum(abs(model delta)) + sum(abs(user delta))),1.0,0.1154458566286157,1.0,1.0,1.0,0.922338141371,0.9223742007510466,-0.0986813133709,0.0606767911965,0.900759786534,0.9005213935110393,0.0,0.0,0.606408189927,0.8372999031842314,117.0,117.0,117.0,0.0,0.0,0.0,60.0,60.0,60.0,0.0,0.0,0.0,106.0,269.00000000007276,316.17046121149326,0.336137919657,0.43341264788314116,0.09727472822614114,33.8,33.8,33.8,0.0,0.0,0.0,27.0,36.99999999999,41.943828446140344,0.27027027027,0.40388725530109026,0.13361698503109026,0.2273673507904415,-0.16669055959394152
R_1hF6UnZQsvvwBCX,counterfactual,1,160201,weighted examples,0.7634608982863001,glucose: 187.00 -> 133.00 (delta -54.00),glucose: 187.00 -> 127.21 (delta -59.79),0.009850932381051492,0.9490889917397519,1 - sum(abs(model delta - user delta)) / (sum(abs(model delta)) + sum(abs(user delta))),1.0,0.04925466190525746,1.0,1.0,1.0,0.803837464726,0.8907937376538941,0.242474220161,0.281142117469,0.924566584438,0.9267715743981586,1.0,1.0,0.459105594287,0.5083602561922574,187.0,132.99999999996305,127.20666666666666,-0.459105594287,-0.5083602561922574,0.04925466190525746,70.0,70.0,70.0,0.0,0.0,0.0,200.0,200.0,200.0,0.0,0.0,0.0,36.4,36.4,36.4,0.0,0.0,0.0,36.0,36.0,36.0,0.0,0.0,0.0,0.0879225592133539,0.19321955825564607
R_1hF6UnZQsvvwBCX,counterfactual,2,160210,weighted examples,0.5047919575266306,glucose: 100.00 -> 126.00 (delta +26.00),glucose: 100.00 -> 127.21 (delta +27.21),0.002051805248458377,0.9773211377029706,1 - sum(abs(model delta - user delta)) / (sum(abs(model delta)) + sum(abs(user delta))),1.0,0.010259026242291885,1.0,1.0,1.0,0.869570915293,0.89828451990706,0.027184566586,0.0664632820126,0.906142448746,0.9081942539944481,1.0,1.0,0.221050841694,0.23130986793629188,100.0,126.00000000004829,127.20666666666666,0.221050841694,0.23130986793629188,0.010259026242291885,74.0,74.0,74.0,0.0,0.0,0.0,215.0,215.0,215.0,0.0,0.0,0.0,39.4,39.4,39.4,0.0,0.0,0.0,43.0,43.0,43.0,0.0,0.0,0.0,0.04525046868537386,0.021212813327226146
R_1hF6UnZQsvvwBCX,counterfactual,3,160212,weighted examples,0.6183279882176133,blood_pressure: 72.00 -> 67.00 (delta -5.00); bmi: 37.10 -> 29.51 (delta -7.59),glucose: 111.00 -> 127.21 (delta +16.21); bmi: 37.10 -> 33.57 (delta -3.53),0.07784386581454135,0.38881851193697803,1 - sum(abs(model delta - user delta)) / (sum(abs(model delta)) + sum(abs(user delta))),0.5,0.12973977635756892,1.0,1.0,0.0,0.718658113089,0.009519182330868833,0.0271192052921,0.0372518432215,0.924952636916,0.9476811595345398,1.0,1.0,0.375236815422,0.2615942023273013,111.0,111.0,127.20666666666666,0.0,0.13778835798900402,0.13778835798900402,72.0,66.99999999999599,72.0,-0.108695652174,0.0,0.108695652174,207.0,207.0,207.0,0.0,0.0,0.0,37.1,29.511040000002936,33.574999999999996,-0.266541163248,-0.12380584433829728,0.1427353189097027,56.0,56.0,56.0,0.0,0.0,0.0,0.1189337659869871,-0.08168192276548711
R_1hF6UnZQsvvwBCX,counterfactual,4,160211,weighted examples,1.0,glucose: 145.00 -> 119.00 (delta -26.00); blood_pressure: 80.00 -> 71.00 (delta -9.00); insulin: 130.00 -> 167.00 (delta +37.00); bmi: 37.90 -> 30.93 (delta -6.97),glucose: 145.00 -> 127.21 (delta -17.79); blood_pressure: 80.00 -> 75.37 (delta -4.63); insulin: 130.00 -> 179.09 (delta +49.09); bmi: 37.90 -> 33.57 (delta -4.33),0.05647281601544916,0.77279628923244,1 - sum(abs(model delta - user delta)) / (sum(abs(model delta)) + sum(abs(user delta))),1.0,0.07059102001931145,1.0,0.0,0.0,-0.00971222587583,0.29729743335106074,-0.0511495456103,0.0747170723186,0.95743602314,0.9489143040558455,1.0,1.0,0.7376432046963,0.5051361457084009,145.0,118.99999999995171,127.20666666666666,-0.221050841694,-0.15127812730261292,0.06977271439138708,80.0,71.000000000002,75.36666666666667,-0.195652173913,-0.10072463768115936,0.09492753623184064,130.0,167.00000000001026,179.0883333333333,0.0763012455663,0.10122975611097337,0.024928510544673377,37.9,30.934640000013133,33.574999999999996,-0.244638943523,-0.1519036246136553,0.0927353189093447,40.0,40.0,40.0,0.0,0.0,0.0,0.012090746510867001,0.062626325807733
R_1hF6UnZQsvvwBCX,counterfactual,5,160214,weighted examples,0.5753455625890833,glucose: 104.00 -> 118.00 (delta +14.00); insulin: 156.00 -> 84.00 (delta -72.00),glucose: 104.00 -> 127.21 (delta +23.21); bmi: 29.90 -> 33.57 (delta +3.67),0.07116538949204099,0.40084540839071514,1 - sum(abs(model delta - user delta)) / (sum(abs(model delta)) + sum(abs(user delta))),0.5,0.11860898248673497,1.0,1.0,0.0,0.755277684103,0.1636289749660099,0.0337236955131,0.0501717968156,0.949491009818,0.9470894025913262,1.0,1.0,0.267505475777,0.3263762242772049,104.0,118.00000000005315,127.20666666666666,0.119027376297,0.19730204613727814,0.07827466984027814,74.0,74.0,74.0,0.0,0.0,0.0,156.0,84.00000000015825,156.0,-0.14847809948,0.0,0.14847809948,29.9,29.9,33.574999999999996,0.0,0.12907417813992678,0.12907417813992678,41.0,41.0,41.0,0.0,0.0,0.0,0.03582911267850841,0.01434268413709159
R_1hF6UnZQsvvwBCX,counterfactual,6,160213,weighted examples,0.3773462464545656,glucose: 117.00 -> 118.00 (delta +1.00); blood_pressure: 88.00 -> 72.00 (delta -16.00),glucose: 117.00 -> 127.21 (delta +10.21); blood_pressure: 88.00 -> 75.37 (delta -12.63),0.030292615127662643,0.7889729150305953,1 - sum(abs(model delta - user delta)) / (sum(abs(model delta)) + sum(abs(user delta))),1.0,0.0757315378191566,1.0,1.0,1.0,0.690467157873,0.5805725232678962,0.0787987325039,0.0929170929375,0.951933771853,0.9694712794883699,1.0,1.0,0.35632804240675003,0.36141430644990363,117.0,117.9999999999996,127.20666666666666,0.00850195544975,0.08677662529048341,0.07827466984073342,88.0,71.999999999978,75.36666666666667,-0.347826086957,-0.2746376811594202,0.07318840579757979,145.0,145.0,145.0,0.0,0.0,0.0,34.5,34.5,34.5,0.0,0.0,0.0,40.0,40.0,40.0,0.0,0.0,0.0,0.010376196184444547,0.08254089675305545
R_1hF6UnZQsvvwBCX,counterfactual,7,160200,weighted examples,0.7542010733266225,glucose: 154.00 -> 120.00 (delta -34.00),glucose: 154.00 -> 127.21 (delta -26.79),0.012254151788321222,0.8814563000322453,1 - sum(abs(model delta - user delta)) / (sum(abs(model delta)) + sum(abs(user delta))),1.0,0.06127075894160611,1.0,0.0,0.0,0.0738874350074,0.1447990954654083,0.0273761368437,0.0980127823706,0.955239050923,0.9599888100347518,1.0,1.0,0.289066485292,0.2277957263503939,154.0,119.99999999995495,127.20666666666666,-0.289066485292,-0.2277957263503939,0.06127075894160611,72.0,72.0,72.0,0.0,0.0,0.0,126.0,126.0,126.0,0.0,0.0,0.0,31.3,31.3,31.3,0.0,0.0,0.0,37.0,37.0,37.0,0.0,0.0,0.0,0.06327390338090982,0.03473887898969018
R_1hF6UnZQsvvwBCX,counterfactual,8,160202,weighted examples,0.4700595058452406,blood_pressure: 70.00 -> 66.00 (delta -4.00),insulin: 115.00 -> 179.09 (delta +64.09),0.04382384304836161,0.0,1 - sum(abs(model delta - user delta)) / (sum(abs(model delta)) + sum(abs(user delta))),0.0,0.10955960762090403,nan,1.0,0.0,0.762828102219,0.02733099674745706,0.0399592019194,0.0569726484831,0.982608695652,0.9735674612994584,1.0,1.0,0.0869565217391,0.13216269350270804,125.0,125.0,125.0,0.0,0.0,0.0,70.0,66.00000000000139,70.0,-0.0869565217391,0.0,0.0869565217391,115.0,115.0,179.0883333333333,0.0,0.13216269350270804,0.13216269350270804,31.1,31.1,31.1,0.0,0.0,0.0,41.0,41.0,41.0,0.0,0.0,0.0,0.08373088488155411,-0.026758236398454115
R_1hF6UnZQsvvwBCX,counterfactual,9,160204,weighted examples,0.52955482372666,blood_pressure: 70.00 -> 67.00 (delta -3.00),bmi: 28.90 -> 33.57 (delta +4.67),0.0458827589576849,0.0,1 - sum(abs(model delta - user delta)) / (sum(abs(model delta)) + sum(abs(user delta))),0.0,0.11470689739421225,nan,1.0,1.0,0.683653002504,0.7756335423274543,0.0269896529948,0.0395820491408,0.986956521739,0.967160719303175,1.0,1.0,0.0652173913043,0.1641964034841245,125.0,125.0,125.0,0.0,0.0,0.0,70.0,67.0000000000022,70.0,-0.0652173913043,0.0,0.0652173913043,122.0,122.0,122.0,0.0,0.0,0.0,28.9,28.9,33.574999999999996,0.0,0.1641964034841245,0.1641964034841245,45.0,45.0,45.0,0.0,0.0,0.0,0.02413806999202245,0.01544397914877755
R_1hF6UnZQsvvwBCX,counterfactual,10,160203,weighted examples,0.4419115213242823,glucose: 161.00 -> 124.00 (delta -37.00),glucose: 161.00 -> 127.21 (delta -33.79),0.005452587428466405,0.9547038327524187,1 - sum(abs(model delta - user delta)) / (sum(abs(model delta)) + sum(abs(user delta))),1.0,0.027262937142332022,1.0,1.0,1.0,0.976192021994,0.9741425100269384,-0.0375393335192,0.0605519329641,0.950785641039,0.9487338357904992,1.0,1.0,0.314572351641,0.287309414498668,161.0,123.99999999998556,127.20666666666666,-0.314572351641,-0.287309414498668,0.027262937142332022,68.0,68.0,68.0,0.0,0.0,0.0,132.0,132.0,132.0,0.0,0.0,0.0,25.5,25.5,25.5,0.0,0.0,0.0,47.0,47.0,47.0,0.0,0.0,0.0,0.081668240588958,-0.021116307624858
R_1hF6UnZQsvvwBCX,counterfactual,11,160205,weighted examples,1.0,glucose: 100.00 -> 123.00 (delta +23.00); blood_pressure: 74.00 -> 67.00 (delta -7.00); insulin: 46.00 -> 114.00 (delta +68.00); bmi: 20.40 -> 25.24 (delta +4.84),glucose: 100.00 -> 140.83 (delta +40.83); blood_pressure: 74.00 -> 76.93 (delta +2.93); insulin: 46.00 -> 112.66 (delta +66.66); bmi: 20.40 -> 31.96 (delta +11.56),0.12125421817273818,0.623972860171379,1 - sum(abs(model delta - user delta)) / (sum(abs(model delta)) + sum(abs(user delta))),1.0,0.15156777271592273,0.75,1.0,1.0,0.550861058127,0.9824900672832791,0.280938700579,0.284435118814,0.968195065621,0.9452924786847612,1.0,1.0,0.6579482045630001,0.9543585324986027,100.0,122.99999999996129,140.83333333333331,0.195544975344,0.3471631808649321,0.15161820552093208,74.0,67.000000000022,76.93333333333332,-0.152173913043,0.06376811594202891,0.2159420289850289,46.0,114.00000000006605,112.66333333333333,0.140229316176,0.13747284775495586,0.002756468421044156,20.4,25.240240000000007,31.958333333333332,0.17,0.4059543879366858,0.2359543879366858,28.0,28.0,28.0,0.0,0.0,0.0,0.07490128827947623,0.2095338305345238
R_1hF6UnZQsvvwBCX,counterfactual,12,160219,weighted examples,0.47531638855837466,glucose: 139.00 -> 122.00 (delta -17.00); blood_pressure: 64.00 -> 62.00 (delta -2.00); insulin: 140.00 -> 162.00 (delta +22.00),blood_pressure: 64.00 -> 76.93 (delta +12.93); insulin: 140.00 -> 112.66 (delta -27.34); bmi: 28.60 -> 31.96 (delta +3.36),0.13777298639882676,0.0,1 - sum(abs(model delta - user delta)) / (sum(abs(model delta)) + sum(abs(user delta))),0.6666666666666666,0.17221623299853345,0.0,0.0,1.0,-0.0447152721487,0.9019719379532882,-0.0788459911388,0.038863565943,0.953324037662,0.9592206731604815,1.0,1.0,0.2333798116901,0.4554851203040337,139.0,121.99999999997748,139.0,-0.144533242646,0.0,0.144533242646,64.0,61.9999999999984,76.93333333333332,-0.0434782608696,0.28115942028985497,0.32463768115945496,140.0,161.99999999997857,112.66333333333333,0.0453683081745,-0.05637355989991466,0.10174186807441465,28.6,28.6,31.958333333333332,0.0,0.11795214011426408,0.11795214011426408,26.0,26.0,26.0,0.0,0.0,0.0,0.05614840034496027,-0.01728483440196027
R_1hF6UnZQsvvwBCX,counterfactual,13,160209,weighted examples,0.3429685170211507,glucose: 83.00 -> 112.00 (delta +29.00); insulin: 71.00 -> 157.00 (delta +86.00),glucose: 83.00 -> 140.83 (delta +57.83); bmi: 29.30 -> 31.96 (delta +2.66),0.10317102777741323,0.48873021230990044,1 - sum(abs(model delta - user delta)) / (sum(abs(model delta)) + sum(abs(user delta))),0.5,0.17195171296235537,1.0,1.0,1.0,0.939924897942,0.9880015781889453,0.161261267093,0.215219871146,0.940765009841,0.9319115949115803,1.0,1.0,0.423905549089,0.5850630058840662,83.0,112.00000000001768,140.83333333333331,0.246556708043,0.49169642351074055,0.24513971546774055,78.0,78.0,78.0,0.0,0.0,0.0,71.0,157.0000000000265,71.0,0.177348841046,0.0,0.177348841046,29.3,29.3,31.958333333333332,0.0,0.09336658237332562,0.09336658237332562,36.0,36.0,36.0,0.0,0.0,0.0,0.12277868062421593,0.09244119052178407
R_1hF6UnZQsvvwBCX,counterfactual,14,160216,weighted examples,1.0,glucose: 151.00 -> 134.00 (delta -17.00); blood_pressure: 62.00 -> 63.00 (delta +1.00); insulin: 120.00 -> 177.00 (delta +57.00); bmi: 35.50 -> 33.50 (delta -2.00),glucose: 151.00 -> 140.83 (delta -10.17); blood_pressure: 62.00 -> 76.93 (delta +14.93); insulin: 120.00 -> 112.66 (delta -7.34); bmi: 35.50 -> 31.96 (delta -3.54),0.10954313276560579,0.3946275931454767,1 - sum(abs(model delta - user delta)) / (sum(abs(model delta)) + sum(abs(user delta))),1.0,0.13692891595700724,0.75,1.0,1.0,0.934767857038,0.9249228280265236,-0.0827834184414,0.034821278767,0.944516105041,0.9452924786847612,1.0,1.0,0.3541631378672,0.5505950863702158,151.0,133.9999999999775,140.83333333333331,-0.144533242646,-0.08643654707249337,0.058096695573506635,62.0,63.0000000000008,76.93333333333332,0.0217391304348,0.32463768115942016,0.30289855072462013,120.0,177.00000000019799,112.66333333333333,0.117545162089,-0.015129643377601781,0.13267480546660176,35.5,33.497119999999626,31.958333333333332,-0.0703456026974,-0.12439121476070047,0.05404561206330047,28.0,28.0,28.0,0.0,0.0,0.0,0.07490128827947623,-0.04008000951247623
R_1hF6UnZQsvvwBCX,counterfactual,15,160215,weighted examples,0.5454304298120423,blood_pressure: 60.00 -> 68.00 (delta +8.00); insulin: 106.00 -> 186.00 (delta +80.00),glucose: 117.00 -> 140.83 (delta +23.83); blood_pressure: 60.00 -> 76.93 (delta +16.93),0.11236170057182182,0.38238001374452846,1 - sum(abs(model delta - user delta)) / (sum(abs(model delta)) + sum(abs(user delta))),0.5,0.18726950095303638,1.0,1.0,1.0,0.72401412293,0.8960243059472003,0.0224018465094,0.0606767911965,0.957722701453,0.9385248042404325,1.0,1.0,0.338888709567,0.570745880248109,117.0,117.0,140.83333333333331,0.0,0.20262993821912362,0.20262993821912362,60.0,67.999999999988,76.93333333333332,0.173913043478,0.3681159420289854,0.1942028985509854,106.0,185.999999999878,106.0,0.164975666089,0.0,0.164975666089,33.8,33.8,33.8,0.0,0.0,0.0,27.0,27.0,27.0,0.0,0.0,0.0,0.0612548690666227,-0.0005780778701226993
R_1hF6UnZQsvvwBCX,counterfactual,16,160208,weighted examples,0.5027626926628107,insulin: 75.00 -> 157.00 (delta +82.00); bmi: 25.90 -> 28.66 (delta +2.76),glucose: 126.00 -> 140.83 (delta +14.83); bmi: 25.90 -> 31.96 (delta +6.06),0.08223335696980814,0.3201858120518448,1 - sum(abs(model delta - user delta)) / (sum(abs(model delta)) + sum(abs(user delta))),0.5,0.13705559494968025,1.0,1.0,1.0,0.929662466071,0.9767614276797855,0.0124839635536,0.0900870805017,0.94681443633,0.9322211024570118,1.0,1.0,0.2659278183479,0.33889448771494074,126.0,126.0,140.83333333333331,0.0,0.12611233917134262,0.12611233917134262,74.0,74.0,74.0,0.0,0.0,0.0,75.0,156.9999999997659,75.0,0.169100057741,0.0,0.169100057741,25.9,28.65687999999966,31.958333333333332,0.0968277606069,0.21278214854359812,0.11595438793669811,39.0,39.0,39.0,0.0,0.0,0.0,0.115112886086834,-0.025025805585133995
R_1hF6UnZQsvvwBCX,counterfactual,17,160218,weighted examples,0.5593599770967714,glucose: 154.00 -> 126.00 (delta -28.00); blood_pressure: 74.00 -> 71.00 (delta -3.00); insulin: 193.00 -> 167.00 (delta -26.00),glucose: 154.00 -> 140.83 (delta -13.17); insulin: 193.00 -> 112.66 (delta -80.34); bmi: 29.30 -> 31.96 (delta +2.66),0.07934983201078315,0.45491618333478956,1 - sum(abs(model delta - user delta)) / (sum(abs(model delta)) + sum(abs(user delta))),0.6666666666666666,0.09918729001347894,1.0,1.0,1.0,0.915638856512,0.9181317692957576,0.0133951437371,0.0818222236912,0.949050134297,0.939644225276028,1.0,1.0,0.3568892353763,0.3709789344791231,154.0,126.00000000001134,140.83333333333331,-0.238054752593,-0.1119424134217537,0.12611233917124628,74.0,71.00000000000219,74.0,-0.0652173913043,0.0,0.0652173913043,193.0,167.00000000000327,112.66333333333333,-0.053617091479,-0.1656699386840438,0.11205284720504381,29.3,29.3,31.958333333333332,0.0,0.09336658237332562,0.09336658237332562,39.0,39.0,39.0,0.0,0.0,0.0,0.07922329908557793,0.002598924605622069
R_1hF6UnZQsvvwBCX,counterfactual,18,160206,weighted examples,0.4411833210849344,blood_pressure: 80.00 -> 64.00 (delta -16.00); insulin: 82.00 -> 148.00 (delta +66.00); bmi: 20.40 -> 24.67 (delta +4.27),glucose: 103.00 -> 140.83 (delta +37.83); blood_pressure: 80.00 -> 76.93 (delta -3.07); bmi: 20.40 -> 31.96 (delta +11.56),0.19897520945333816,0.3034102276735362,1 - sum(abs(model delta - user delta)) / (sum(abs(model delta)) + sum(abs(user delta))),0.6666666666666666,0.2487190118166727,1.0,0.0,0.0,1.74184779789e-06,0.41611734282862234,0.245322631693,0.558946397893,0.967470934157,0.9326457190818026,1.0,1.0,0.6339310114810001,0.7942783691190243,103.0,103.0,140.83333333333331,0.0,0.32165731451567176,0.32165731451567176,80.0,63.999999999978,76.93333333333332,-0.347826086957,-0.06666666666666676,0.28115942029033325,82.0,148.0000000001782,82.0,0.136104924524,0.0,0.136104924524,20.4,24.670800000000003,31.958333333333332,0.15,0.4059543879366858,0.2559543879366858,22.0,22.0,22.0,0.0,0.0,0.0,0.014001475451270201,0.5449449224417299
R_1hF6UnZQsvvwBCX,counterfactual,19,160207,weighted examples,0.3300218300974017,glucose: 89.00 -> 106.00 (delta +17.00); blood_pressure: 74.00 -> 67.00 (delta -7.00); insulin: 85.00 -> 162.00 (delta +77.00),glucose: 89.00 -> 140.83 (delta +51.83); blood_pressure: 74.00 -> 76.93 (delta +2.93); insulin: 85.00 -> 112.66 (delta +27.66),0.12276706904516063,0.39642319795604275,1 - sum(abs(model delta - user delta)) / (sum(abs(model delta)) + sum(abs(user delta))),1.0,0.2046117817419344,0.6666666666666666,0.0,1.0,0.320493781239,0.8401068352633546,0.194493501785,0.204135275223,0.946897571506,0.9279300741311012,1.0,1.0,0.45549623429999997,0.5615000172906945,89.0,106.00000000002252,140.83333333333331,0.144533242646,0.44068469081221995,0.29615144816621997,74.0,67.000000000022,76.93333333333332,-0.152173913043,0.06376811594202891,0.2159420289850289,85.0,162.00000000004627,112.66333333333333,0.158789078611,0.057047210536445736,0.10174186807455426,30.4,30.4,30.4,0.0,0.0,0.0,38.0,38.0,38.0,0.0,0.0,0.0,0.08216782845726922,0.12196744676573079
R_1hF6UnZQsvvwBCX,counterfactual,20,160217,weighted examples,1.0,glucose: 112.00 -> 123.00 (delta +11.00); blood_pressure: 68.00 -> 65.00 (delta -3.00); insulin: 94.00 -> 133.00 (delta +39.00); bmi: 34.10 -> 30.93 (delta -3.17),glucose: 112.00 -> 140.83 (delta +28.83); blood_pressure: 68.00 -> 76.93 (delta +8.93); insulin: 94.00 -> 112.66 (delta +18.66); bmi: 34.10 -> 31.96 (delta -2.14),0.09778621448597735,0.4587813542382885,1 - sum(abs(model delta - user delta)) / (sum(abs(model delta)) + sum(abs(user delta))),1.0,0.12223276810747169,0.75,0.0,1.0,0.176400852792,0.8226176632395963,0.0144696729055,0.030760691058,0.953364410534,0.956103289495572,1.0,1.0,0.3503390256861,0.5530501613988439,112.0,123.00000000000142,140.83333333333331,0.0935215099473,0.24513971546789082,0.1516182055205908,68.0,65.0000000000022,76.93333333333332,-0.0652173913043,0.19420289855072453,0.2594202898550245,94.0,132.9999999999951,112.66333333333333,0.0804256372185,0.03848744810140495,0.04193818911709506,34.1,30.934639999986047,31.958333333333332,-0.111174487216,-0.07522009927882362,0.03595438793717638,26.0,26.0,26.0,0.0,0.0,0.0,0.0717353186699603,-0.0409746276119603
R_1ihbKBZG0EAXF8D,counterfactual,1,160202,feature contribution,0.4476479596002212,glucose: 125.00 -> 116.00 (delta -9.00); bmi: 31.10 -> 27.52 (delta -3.58),glucose: 125.00 -> 118.36 (delta -6.64); bmi: 31.10 -> 29.49 (delta -1.61),0.017883536467560652,0.7163442813468183,1 - sum(abs(model delta - user delta)) / (sum(abs(model delta)) + sum(abs(user delta))),1.0,0.04470884116890163,1.0,1.0,0.0,0.847739747815,0.10647208056436516,0.029916432522,0.0569726484831,0.959534917954,0.9774184544214006,1.0,1.0,0.2023254102308,0.11290772789299675,125.0,115.99999999999775,118.36135101399466,-0.0765175990478,-0.05644149792556813,0.020076101122231876,70.0,70.0,70.0,0.0,0.0,0.0,115.0,115.0,115.0,0.0,0.0,0.0,31.1,27.51799999999762,29.492293500367374,-0.125807811183,-0.056466229967428616,0.06934158121557138,41.0,41.0,41.0,0.0,0.0,0.0,0.027169181700272466,0.029803466782827533
R_1ihbKBZG0EAXF8D,counterfactual,2,160211,feature contribution,0.5630721702057966,glucose: 145.00 -> 126.00 (delta -19.00); bmi: 37.90 -> 30.93 (delta -6.97),blood_pressure: 80.00 -> 65.90 (delta -14.10); bmi: 37.90 -> 31.96 (delta -5.94),0.10085078951321554,0.45268486723744683,1 - sum(abs(model delta - user delta)) / (sum(abs(model delta)) + sum(abs(user delta))),0.5,0.16808464918869256,1.0,0.0,0.0,0.0899775303212,0.07648375778836088,-0.00121497599578,0.0747170723186,0.94206779292,0.9304966496190746,1.0,1.0,0.406176097068,0.5151467704742774,145.0,126.00000000003709,145.0,-0.161537153545,0.0,0.161537153545,80.0,80.0,65.89583371763584,0.0,-0.30661231048617754,0.30661231048617754,130.0,130.0,130.0,0.0,0.0,0.0,37.9,30.934640000013133,31.962606855218812,-0.244638943523,-0.20853445998809983,0.03610448353490017,40.0,40.0,40.0,0.0,0.0,0.0,0.0665574238464095,0.0081596484721905
R_1ihbKBZG0EAXF8D,counterfactual,3,160203,feature contribution,0.4940078145418687,glucose: 161.00 -> 119.00 (delta -42.00); insulin: 132.00 -> 104.00 (delta -28.00),glucose: 161.00 -> 153.23 (delta -7.77); insulin: 132.00 -> 104.05 (delta -27.95),0.05822189308022761,0.4594446522457196,1 - sum(abs(model delta - user delta)) / (sum(abs(model delta)) + sum(abs(user delta))),1.0,0.14555473270056904,1.0,1.0,0.0,0.984225668401,0.06627922345871906,-0.130696087032,0.0605519329641,0.938984172267,0.9752571706759876,1.0,1.0,0.4148236120212,0.12371414662006194,161.0,118.99999999995819,153.2279815880375,-0.35708212889,-0.06607735429316863,0.2910047745968314,68.0,68.0,68.0,0.0,0.0,0.0,132.0,104.00000000001843,104.05076666484284,-0.0577414831312,-0.05763679232689331,0.00010469080430668826,25.5,25.5,25.5,0.0,0.0,0.0,47.0,47.0,47.0,0.0,0.0,0.0,0.03912017781092894,0.021431755153171056
R_1ihbKBZG0EAXF8D,counterfactual,4,160212,feature contribution,0.5743671497047462,insulin: 207.00 -> 167.00 (delta -40.00); bmi: 37.10 -> 30.08 (delta -7.02),insulin: 207.00 -> 60.28 (delta -146.72); bmi: 37.10 -> 27.90 (delta -9.20),0.059329136655487044,0.6892798354322904,1 - sum(abs(model delta - user delta)) / (sum(abs(model delta)) + sum(abs(user delta))),1.0,0.14832284163871762,1.0,1.0,1.0,0.97584049806,0.9854776316207416,-0.0164727147096,0.0372518432215,0.934194200741,0.9272171358016145,1.0,1.0,0.32902899629259996,0.6256746795700352,111.0,111.0,111.0,0.0,0.0,0.0,72.0,72.0,72.0,0.0,0.0,0.0,207.0,167.00000000001248,60.28459218739461,-0.0824878330446,-0.3025559016180093,0.22006806857340933,37.1,30.080480000002936,27.90016215414991,-0.246541163248,-0.3231187779520259,0.07657761470402594,56.0,56.0,56.0,0.0,0.0,0.0,0.44317805799131704,-0.40592621476981705
R_1ihbKBZG0EAXF8D,counterfactual,5,160210,feature contribution,0.5062217351486457,insulin: 215.00 -> 157.00 (delta -58.00); bmi: 39.40 -> 30.08 (delta -9.32),insulin: 215.00 -> 118.06 (delta -96.94); bmi: 39.40 -> 32.96 (delta -6.44),0.03628494858056863,0.7921935524998287,1 - sum(abs(model delta - user delta)) / (sum(abs(model delta)) + sum(abs(user delta))),1.0,0.09071237145142158,1.0,0.0,1.0,0.080080593503,0.997879605880289,0.0381345854297,0.0664632820126,0.980707413818,0.9676411844420122,1.0,1.0,0.44692963945499997,0.42611710709839346,100.0,100.0,100.0,0.0,0.0,0.0,74.0,74.0,74.0,0.0,0.0,0.0,215.0,156.99999999985806,118.05796343081747,-0.119607357915,-0.1999134631881183,0.08030610527311831,39.4,30.08047999999311,32.959529850586634,-0.32732228154,-0.22620364391027514,0.10111863762972484,43.0,43.0,43.0,0.0,0.0,0.0,0.08985633980525395,-0.02339305779265395
R_1ihbKBZG0EAXF8D,counterfactual,6,160200,feature contribution,0.4001378836150801,glucose: 154.00 -> 123.00 (delta -31.00); blood_pressure: 72.00 -> 65.00 (delta -7.00); bmi: 31.30 -> 27.52 (delta -3.78),glucose: 154.00 -> 147.41 (delta -6.59); blood_pressure: 72.00 -> 69.35 (delta -2.65); bmi: 31.30 -> 29.76 (delta -1.54),0.07618839203623859,0.46810050339175,1 - sum(abs(model delta - user delta)) / (sum(abs(model delta)) + sum(abs(user delta))),1.0,0.126980653393731,1.0,1.0,0.0,0.933700787746,0.21661758571274678,0.0141347503389,0.0980127823706,0.93661940488,0.9372333400572282,1.0,1.0,0.548566788237,0.16762482805580703,154.0,123.00000000004195,147.40813271840437,-0.263560618942,-0.05604376195881333,0.20751685698318667,72.0,65.000000000022,69.34791424704707,-0.152173913043,-0.0576540381076725,0.09451987493532749,126.0,126.0,126.0,0.0,0.0,0.0,31.3,27.51799999999305,29.764589659088045,-0.132832256252,-0.0539270279893212,0.07890522826267882,37.0,37.0,37.0,0.0,0.0,0.0,0.03639166871075833,0.06162111365984167
R_1ihbKBZG0EAXF8D,counterfactual,7,160213,feature contribution,0.4211904188170421,blood_pressure: 88.00 -> 76.00 (delta -12.00); bmi: 34.50 -> 29.51 (delta -4.99),blood_pressure: 88.00 -> 73.25 (delta -14.75); bmi: 34.50 -> 30.01 (delta -4.49),0.015455787665522209,0.9155089366501779,1 - sum(abs(model delta - user delta)) / (sum(abs(model delta)) + sum(abs(user delta))),1.0,0.03863946916380552,1.0,0.0,0.0,-0.000867000198718,-0.003963888020380109,-0.0290405923401,0.0929170929375,0.95652479928,0.9639247722701884,1.0,1.0,0.43609294257,0.47854743788833953,117.0,117.0,117.0,0.0,0.0,0.0,88.0,76.00000000001799,73.24613102616114,-0.260869565217,-0.3207362820399753,0.059866716822975286,145.0,145.0,145.0,0.0,0.0,0.0,34.5,29.511040000005377,30.006800770685366,-0.175223377353,-0.15781115584836425,0.017412221504635755,40.0,40.0,40.0,0.0,0.0,0.0,0.1070867820123847,-0.014169689074884695
R_1ihbKBZG0EAXF8D,counterfactual,8,160204,feature contribution,0.4116262396641432,glucose: 125.00 -> 116.00 (delta -9.00); blood_pressure: 70.00 -> 64.00 (delta -6.00),glucose: 125.00 -> 118.36 (delta -6.64); insulin: 122.00 -> 95.48 (delta -26.52),0.04104086662837579,0.3548805172733398,1 - sum(abs(model delta - user delta)) / (sum(abs(model delta)) + sum(abs(user delta))),0.5,0.06840144438062633,1.0,1.0,1.0,0.968367074224,0.9633827656698682,-0.0971792415691,0.0395820491408,0.958609523669,0.977773010532757,1.0,1.0,0.2069523816568,0.11113494733621523,125.0,115.99999999999775,118.36135101399466,-0.0765175990478,-0.05644149792556813,0.020076101122231876,70.0,63.999999999986,70.0,-0.130434782609,0.0,0.130434782609,122.0,122.0,95.47805251178895,0.0,-0.054693449410647105,0.054693449410647105,28.9,28.9,28.9,0.0,0.0,0.0,45.0,45.0,45.0,0.0,0.0,0.0,0.06144488037217197,-0.02186283123137197
R_1ihbKBZG0EAXF8D,counterfactual,9,160201,feature contribution,0.4262046936703733,glucose: 187.00 -> 126.00 (delta -61.00); bmi: 36.40 -> 30.93 (delta -5.47),glucose: 187.00 -> 143.22 (delta -43.78); insulin: 200.00 -> 78.26 (delta -121.74),0.11788460007330041,0.5580987345342463,1 - sum(abs(model delta - user delta)) / (sum(abs(model delta)) + sum(abs(user delta))),0.5,0.1964743334555007,1.0,0.0,0.0,0.370017697002,0.04203801854836019,0.268705242987,0.281142117469,0.939603374027,0.9318750074116705,1.0,1.0,0.710574887942,0.6232592655883452,187.0,125.99999999999528,143.2211800824344,-0.518619282435,-0.37220557658192155,0.14641370585307845,70.0,70.0,70.0,0.0,0.0,0.0,200.0,200.0,78.25904512700478,0.0,-0.25105368900642366,0.25105368900642366,36.4,30.934640000004688,36.4,-0.191955605507,0.0,0.191955605507,36.0,36.0,36.0,0.0,0.0,0.0,0.05232634374046025,0.22881577372853973
R_1ihbKBZG0EAXF8D,counterfactual,10,160214,feature contribution,0.5420438605929536,blood_pressure: 74.00 -> 59.00 (delta -15.00); insulin: 156.00 -> 114.00 (delta -42.00),blood_pressure: 74.00 -> 71.06 (delta -2.94); insulin: 156.00 -> 128.58 (delta -27.42),0.05844832166929855,0.45186550464960595,1 - sum(abs(model delta - user delta)) / (sum(abs(model delta)) + sum(abs(user delta))),1.0,0.14612080417324638,1.0,1.0,1.0,0.995958162369,0.9050142218299535,-0.126784455131,0.0501717968156,0.93074538668,0.9759084854255186,1.0,1.0,0.4126991812189,0.12045757287240721,104.0,104.0,104.0,0.0,0.0,0.0,74.0,58.999999999988,71.06020561004104,-0.326086956522,-0.0639085736947601,0.2621783828272399,156.0,113.99999999997917,128.5782593187753,-0.0866122246969,-0.05654899917764711,0.03006322551925289,29.9,29.9,29.9,0.0,0.0,0.0,41.0,41.0,41.0,0.0,0.0,0.0,0.03086981563504998,0.019301981180550022
R_1ihbKBZG0EAXF8D,counterfactual,11,160217,feature contribution,0.34535802532202253,glucose: 112.00 -> 143.00 (delta +31.00); blood_pressure: 68.00 -> 76.00 (delta +8.00),glucose: 112.00 -> 136.87 (delta +24.87); insulin: 94.00 -> 296.98 (delta +202.98),0.12891804940940368,0.39617291125688725,1 - sum(abs(model delta - user delta)) / (sum(abs(model delta)) + sum(abs(user delta))),0.5,0.21486341568233946,1.0,1.0,0.0,0.806441806391,-0.0263671321975113,-0.0426094029943,0.030760691058,0.929131454433,0.9278102546072925,1.0,1.0,0.43747366241999996,0.6300343362502081,112.0,142.99999999995805,136.87179297295978,0.263560618942,0.21145887581159484,0.052101743130405165,68.0,75.999999999988,68.0,0.173913043478,0.0,0.173913043478,94.0,94.0,296.97561227589273,0.0,0.41857546043861327,0.41857546043861327,34.1,34.1,34.1,0.0,0.0,0.0,26.0,26.0,26.0,0.0,0.0,0.0,0.03856320966698523,-0.007802518608985232
R_1ihbKBZG0EAXF8D,counterfactual,12,160216,feature contribution,0.5222932180681278,blood_pressure: 62.00 -> 77.00 (delta +15.00); insulin: 120.00 -> 143.00 (delta +23.00),blood_pressure: 62.00 -> 70.00 (delta +8.00); insulin: 120.00 -> 221.09 (delta +101.09),0.06262867263765752,0.5857621680896423,1 - sum(abs(model delta - user delta)) / (sum(abs(model delta)) + sum(abs(user delta))),1.0,0.1565716815941438,1.0,1.0,1.0,0.941551446102,0.8719219092810587,-0.100888236006,0.034821278767,0.94624468058,0.9311337094227666,1.0,1.0,0.37351746052269996,0.3824332013088171,151.0,151.0,151.0,0.0,0.0,0.0,62.0,77.000000000012,70.00276468476207,0.326086956522,0.17397314532091473,0.15211381120108525,120.0,143.0000000000195,221.0864503496538,0.0474305040007,0.20846005598790235,0.16102955198720234,35.5,35.5,35.5,0.0,0.0,0.0,28.0,28.0,28.0,0.0,0.0,0.0,0.08163014947147251,-0.04680887070447251
R_1ihbKBZG0EAXF8D,counterfactual,13,160219,feature contribution,0.5504201446790894,insulin: 140.00 -> 201.00 (delta +61.00); bmi: 28.60 -> 35.77 (delta +7.17),blood_pressure: 64.00 -> 80.54 (delta +16.54); bmi: 28.60 -> 36.75 (delta +8.15),0.10396090146715604,0.49227925239341586,1 - sum(abs(model delta - user delta)) / (sum(abs(model delta)) + sum(abs(user delta))),0.5,0.17326816911192675,1.0,1.0,0.0,0.946467782751,0.05250745514095001,-0.138598415943,0.038863565943,0.931605465895,0.947782701063799,1.0,1.0,0.37779169757100006,0.6460083141207802,139.0,139.0,139.0,0.0,0.0,0.0,64.0,64.0,80.54342205051262,0.0,0.35963960979375253,0.35963960979375253,140.0,200.99999999997368,140.0,0.125793945393,0.0,0.125793945393,28.6,35.774880000012026,36.75348974959914,0.251997752178,0.2863687043270277,0.03437095214902769,26.0,26.0,26.0,0.0,0.0,0.0,0.04328985551860942,-0.004426289575609421
R_1ihbKBZG0EAXF8D,counterfactual,14,160209,feature contribution,0.49067081826127923,glucose: 83.00 -> 119.00 (delta +36.00); bmi: 29.30 -> 37.48 (delta +8.18),glucose: 83.00 -> 108.23 (delta +25.23); insulin: 71.00 -> 236.14 (delta +165.14),0.1439048708602495,0.3735327163437099,1 - sum(abs(model delta - user delta)) / (sum(abs(model delta)) + sum(abs(user delta))),0.5,0.23984145143374916,1.0,0.0,1.0,0.000351086054888,0.8004139307244629,0.0947415065319,0.215219871146,0.927626556193,0.916562893654846,1.0,1.0,0.593482590628,0.5550599958289377,83.0,118.99999999998543,108.23056223307616,0.306070396191,0.21450911607784512,0.0915612801131549,78.0,78.0,78.0,0.0,0.0,0.0,71.0,71.0,236.13993260890018,0.0,0.34055087975109266,0.34055087975109266,29.3,37.48320000001028,29.3,0.287412194437,0.0,0.287412194437,36.0,36.0,36.0,0.0,0.0,0.0,0.017221589112253077,0.19799828203374692
R_1ihbKBZG0EAXF8D,counterfactual,15,160218,feature contribution,0.5166106483048906,insulin: 193.00 -> 269.00 (delta +76.00); bmi: 29.30 -> 36.91 (delta +7.61),blood_pressure: 74.00 -> 76.79 (delta +2.79); bmi: 29.30 -> 31.06 (delta +1.76),0.08460204362174961,0.22619951170516095,1 - sum(abs(model delta - user delta)) / (sum(abs(model delta)) + sum(abs(user delta))),0.5,0.14100340603624936,1.0,0.0,0.0,0.421649077723,0.33585109670251845,0.0780130682016,0.0818222236912,0.936954114174,0.9754946670405004,1.0,1.0,0.42413907722199995,0.12252666479749813,154.0,154.0,154.0,0.0,0.0,0.0,74.0,74.0,76.79214953073766,0.0,0.06069890284212309,0.06069890284212309,193.0,269.0000000001023,193.0,0.156726882785,0.0,0.156726882785,29.3,36.91376000001028,31.06036003839344,0.267412194437,0.06182776195537504,0.20558443248162495,39.0,39.0,39.0,0.0,0.0,0.0,0.013101726625130095,0.0687204970660699
R_1ihbKBZG0EAXF8D,counterfactual,16,160207,feature contribution,0.5311728982791988,glucose: 89.00 -> 123.00 (delta +34.00); bmi: 30.40 -> 35.21 (delta +4.81),glucose: 89.00 -> 112.08 (delta +23.08); insulin: 85.00 -> 237.62 (delta +152.62),0.11527558157230614,0.405034738798136,1 - sum(abs(model delta - user delta)) / (sum(abs(model delta)) + sum(abs(user delta))),0.5,0.19212596928717687,1.0,0.0,1.0,0.00668224774941,0.9351415611071917,0.134099210809,0.204135275223,0.955557448201,0.9328776693608689,1.0,1.0,0.45784423185,0.5109146948429875,89.0,123.00000000004506,112.07592771747798,0.289066485292,0.19619050941572844,0.09287597587627158,74.0,74.0,74.0,0.0,0.0,0.0,85.0,85.0,237.61605199738676,0.0,0.314724185427259,0.314724185427259,30.4,35.20543999999938,30.4,0.168777746558,0.0,0.168777746558,38.0,38.0,38.0,0.0,0.0,0.0,0.06492809695494972,0.1392071782680503
R_1ihbKBZG0EAXF8D,counterfactual,17,160208,feature contribution,0.5850063150848885,insulin: 75.00 -> 220.00 (delta +145.00); bmi: 25.90 -> 31.22 (delta +5.32),insulin: 75.00 -> 196.75 (delta +121.75); bmi: 25.90 -> 30.59 (delta +4.69),0.014016889980251208,0.9222672594798287,1 - sum(abs(model delta - user delta)) / (sum(abs(model delta)) + sum(abs(user delta))),1.0,0.03504222495062802,1.0,1.0,1.0,0.561806794661,0.8298642927163228,0.0836962861772,0.0900870805017,0.93316238105,0.9417876431132156,1.0,1.0,0.485846155394,0.41576170549274394,126.0,126.0,126.0,0.0,0.0,0.0,74.0,74.0,74.0,0.0,0.0,0.0,75.0,220.00000000011232,196.7463525993819,0.299018394787,0.25106482017524884,0.04795357461175115,25.9,31.21936000000251,30.589249718759724,0.186827760607,0.1646968853174951,0.022130875289504887,39.0,39.0,39.0,0.0,0.0,0.0,0.0383178866286229,0.0517691938730771
R_1ihbKBZG0EAXF8D,counterfactual,18,160205,feature contribution,0.4202679950273221,insulin: 46.00 -> 235.00 (delta +189.00); bmi: 20.40 -> 35.21 (delta +14.81),insulin: 46.00 -> 332.49 (delta +286.49); bmi: 20.40 -> 32.05 (delta +11.65),0.06240603451390815,0.8365947238491148,1 - sum(abs(model delta - user delta)) / (sum(abs(model delta)) + sum(abs(user delta))),1.0,0.15601508628477037,1.0,0.0,0.0,0.0632713815637,0.00034535146659653293,0.228573216602,0.284435118814,0.93377952387,0.9456125390966257,1.0,1.0,0.909755011136,0.999792709229028,100.0,100.0,100.0,0.0,0.0,0.0,74.0,74.0,74.0,0.0,0.0,0.0,46.0,235.0000000000695,332.48537592091606,0.389755011136,0.5907889464672843,0.20103393533128433,20.4,35.20544000000002,32.04515513335238,0.52,0.4090037627617436,0.11099623723825641,28.0,28.0,28.0,0.0,0.0,0.0,0.161014145028385,0.12342097378561503
R_1ihbKBZG0EAXF8D,counterfactual,19,160215,feature contribution,0.3959079228852933,glucose: 117.00 -> 150.00 (delta +33.00); insulin: 106.00 -> 230.00 (delta +124.00),glucose: 117.00 -> 151.24 (delta +34.24); blood_pressure: 60.00 -> 83.38 (delta +23.38),0.1549030152864078,0.420118686191162,1 - sum(abs(model delta - user delta)) / (sum(abs(model delta)) + sum(abs(user delta))),0.5,0.258171692144013,1.0,1.0,1.0,0.911354477363,0.9146956625377897,-0.0237367917492,0.0606767911965,0.933585001854,0.9471533685937427,1.0,1.0,0.5362768122799999,0.7993673238360388,117.0,150.00000000001603,151.23958478365302,0.280564529842,0.2911034244486737,0.010538894606673732,60.0,60.0,83.3801393718188,0.0,0.5082638993873652,0.5082638993873652,106.0,229.99999999983518,106.0,0.255712282438,0.0,0.255712282438,33.8,33.8,33.8,0.0,0.0,0.0,27.0,27.0,27.0,0.0,0.0,0.0,0.09595154162233965,-0.035274750425839656
R_1ihbKBZG0EAXF8D,counterfactual,20,160206,feature contribution,0.40154820153860843,glucose: 103.00 -> 158.00 (delta +55.00); insulin: 82.00 -> 278.00 (delta +196.00),glucose: 103.00 -> 159.42 (delta +56.42); bmi: 20.40 -> 40.36 (delta +19.96),0.22348198117351484,0.45561907169560345,1 - sum(abs(model delta - user delta)) / (sum(abs(model delta)) + sum(abs(user delta))),0.5,0.37246996862252474,1.0,0.0,0.0,2.32584519422e-08,0.485882597211465,0.349051020566,0.558946397893,0.870810766871,0.8948109148917657,1.0,1.0,0.871797931655,1.1808270736845743,103.0,157.99999999994833,159.4185911817958,0.467607549736,0.4796683487654801,0.012060799029480096,80.0,80.0,80.0,0.0,0.0,0.0,82.0,278.0000000001619,82.0,0.404190381919,0.0,0.404190381919,20.4,20.4,40.36339121589647,0.0,0.7011587249190941,0.7011587249190941,22.0,22.0,22.0,0.0,0.0,0.0,0.0011819812000102292,0.5577644166929898
R_1myAGA2v3gStUIS,attribution,1,160202,feature contribution,0.3988871134136768,blood_pressure: 70.00 -> 62.00 (delta -8.00); age: 41.00 -> 35.00 (delta -6.00),bmi: 31.10 -> 23.83 (delta -7.27),0.11829346209739171,0.0,1 - sum(abs(model delta - user delta)) / (sum(abs(model delta)) + sum(abs(user delta))),0.0,0.19715577016231953,nan,1.0,1.0,0.957110111486,0.9749092108449913,-0.0537814520554,0.0569726484831,0.94790774186,0.9489215790306083,0.0,1.0,0.33607520564,0.25539210484695857,125.0,125.0,125.0,0.0,0.0,0.0,70.0,62.000000000012,70.0,-0.173913043478,0.0,0.173913043478,115.0,115.0,115.0,0.0,0.0,0.0,31.1,31.1,23.828475990797386,0.0,-0.25539210484695857,0.25539210484695857,41.0,35.000000000006004,41.0,-0.162162162162,0.0,0.162162162162,0.1172594120707512,-0.060286763587651206
R_1myAGA2v3gStUIS,attribution,2,160214,feature contribution,0.2889611080261166,blood_pressure: 74.00 -> 60.00 (delta -14.00); age: 41.00 -> 29.00 (delta -12.00),blood_pressure: 74.00 -> 61.89 (delta -12.11); insulin: 156.00 -> 36.00 (delta -120.00),0.1225662363154401,0.46216464370673827,1 - sum(abs(model delta - user delta)) / (sum(abs(model delta)) + sum(abs(user delta))),0.5,0.2042770605257335,1.0,1.0,1.0,0.924521046449,0.9959602435478432,-0.00264865901936,0.0501717968156,0.932705970291,0.9321954590378739,0.0,1.0,0.628672150411,0.510767967101554,104.0,104.0,104.0,0.0,0.0,0.0,74.0,59.999999999997996,61.88799447348687,-0.304347826087,-0.26330446796767676,0.04104335811932325,156.0,156.0,36.0,0.0,-0.24746349913387725,0.24746349913387725,29.9,29.9,29.9,0.0,0.0,0.0,41.0,29.000000000012,41.0,-0.324324324324,0.0,0.324324324324,0.33457125565889634,-0.2843994588432963
R_1myAGA2v3gStUIS,attribution,3,160200,feature contribution,0.3076164349987522,glucose: 154.00 -> 99.00 (delta -55.00); blood_pressure: 72.00 -> 58.00 (delta -14.00),glucose: 154.00 -> 122.57 (delta -31.43),0.10093943781204821,0.5143469954294482,1 - sum(abs(model delta - user delta)) / (sum(abs(model delta)) + sum(abs(user delta))),0.6666666666666666,0.25234859453012054,1.0,1.0,0.0,0.98785806086,0.09345962129336095,-0.0131347779405,0.0980127823706,0.937287459421,0.9596007106292612,1.0,1.0,0.771955375823,0.2672581867627589,154.0,99.00000000005167,122.56509207296429,-0.467607549736,-0.2672581867627589,0.20034936297324107,72.0,57.999999999997996,72.0,-0.304347826087,0.0,0.304347826087,126.0,126.0,126.0,0.0,0.0,0.0,31.3,31.3,31.3,0.0,0.0,0.0,37.0,37.0,37.0,0.0,0.0,0.0,0.07165415349694454,0.026358628873655462
R_1myAGA2v3gStUIS,attribution,4,160210,feature contribution,0.38478136471494917,blood_pressure: 74.00 -> 55.00 (delta -19.00); bmi: 39.40 -> 27.52 (delta -11.88),insulin: 215.00 -> 43.48 (delta -171.52); bmi: 39.40 -> 30.56 (delta -8.84),0.1747216181110041,0.41547280077261317,1 - sum(abs(model delta - user delta)) / (sum(abs(model delta)) + sum(abs(user delta))),0.5,0.2912026968516735,1.0,0.0,1.0,0.0798211960169,0.9979351734957218,0.0451155732514,0.0664632820126,0.932245794666,0.9621433509747549,1.0,1.0,0.830365759801,0.6641893125886739,100.0,100.0,100.0,0.0,0.0,0.0,74.0,54.999999999993996,74.0,-0.413043478261,0.0,0.413043478261,215.0,215.0,43.47612375513,0.0,-0.35371582167134713,0.35371582167134713,39.4,27.5179999999931,30.560198766601857,-0.41732228154,-0.31047349091732673,0.10684879062267327,43.0,43.0,43.0,0.0,0.0,0.0,0.278186308487701,-0.211723026475101
R_1myAGA2v3gStUIS,attribution,5,160213,feature contribution,0.3060569434068879,glucose: 117.00 -> 97.00 (delta -20.00); blood_pressure: 88.00 -> 60.00 (delta -28.00),blood_pressure: 88.00 -> 66.33 (delta -21.67); bmi: 34.50 -> 25.20 (delta -9.30),0.12689343710409423,0.5975279448095279,1 - sum(abs(model delta - user delta)) / (sum(abs(model delta)) + sum(abs(user delta))),0.5,0.21148906184015706,1.0,1.0,1.0,0.992391264247,0.9900676538932734,-0.066017940644,0.0929170929375,0.93645179799,0.9121619908444716,1.0,1.0,0.778734761169,0.7976906759217965,117.0,97.0000000000081,117.0,-0.170039108995,0.0,0.170039108995,88.0,59.999999999996,66.33496021388251,-0.608695652174,-0.47097912578516266,0.13771652638883736,145.0,145.0,145.0,0.0,0.0,0.0,34.5,34.5,25.197868744509748,0.0,-0.3267115501366339,0.3267115501366339,40.0,40.0,40.0,0.0,0.0,0.0,0.13019302385502426,-0.037275930917524264
R_1myAGA2v3gStUIS,attribution,6,160204,feature contribution,0.3147351137113469,glucose: 125.00 -> 92.00 (delta -33.00); blood_pressure: 70.00 -> 59.00 (delta -11.00),blood_pressure: 70.00 -> 57.98 (delta -12.02),0.06053834436017606,0.6124070460268438,1 - sum(abs(model delta - user delta)) / (sum(abs(model delta)) + sum(abs(user delta))),0.6666666666666666,0.15134586090044017,1.0,1.0,1.0,0.968511305543,0.9683444571799951,-0.179653729118,0.0395820491408,0.916327611274,0.9477484746516239,1.0,1.0,0.519694964625,0.26125762674188036,125.0,91.99999999998394,125.0,-0.280564529842,0.0,0.280564529842,70.0,58.999999999982,57.98214916987351,-0.239130434783,-0.26125762674188036,0.022127191958880355,122.0,122.0,122.0,0.0,0.0,0.0,28.9,28.9,28.9,0.0,0.0,0.0,45.0,45.0,45.0,0.0,0.0,0.0,0.13043869020661267,-0.09085664106581268
R_1myAGA2v3gStUIS,attribution,7,160212,feature contribution,0.40186905378075377,blood_pressure: 72.00 -> 57.00 (delta -15.00); age: 56.00 -> 36.00 (delta -20.00),insulin: 207.00 -> 46.61 (delta -160.39); bmi: 37.10 -> 28.75 (delta -8.35),0.2981388919201378,0.0,1 - sum(abs(model delta - user delta)) / (sum(abs(model delta)) + sum(abs(user delta))),0.0,0.37267361490017226,nan,0.0,1.0,0.00964161490238,0.9854776316307401,-0.00310645293241,0.0372518432215,0.889781804675,0.9158533393617112,0.0,1.0,0.8666274970629999,0.624066962537689,111.0,111.0,111.0,0.0,0.0,0.0,72.0,56.999999999988,72.0,-0.326086956522,0.0,0.326086956522,207.0,207.0,46.613476647568014,0.0,-0.33074841902258445,0.33074841902258445,37.1,37.1,28.748634429037935,0.0,-0.29331854351510456,0.29331854351510456,56.0,35.999999999983004,56.0,-0.540540540541,0.0,0.540540540541,0.3190137208158141,-0.2817618775943141
R_1myAGA2v3gStUIS,attribution,8,160201,feature contribution,0.46031694300225784,glucose: 187.00 -> 106.00 (delta -81.00); blood_pressure: 70.00 -> 57.00 (delta -13.00),glucose: 187.00 -> 129.71 (delta -57.29); insulin: 200.00 -> 36.00 (delta -164.00),0.16448532333040428,0.5422081541050139,1 - sum(abs(model delta - user delta)) / (sum(abs(model delta)) + sum(abs(user delta))),0.5,0.2741422055506738,1.0,0.0,1.0,0.131400114132,0.9869947009124914,0.257820455929,0.281142117469,0.88908403493,0.9199728917220014,1.0,1.0,0.9712670870819999,0.8252407013959097,187.0,106.00000000000338,129.7142862849195,-0.68865839143,-0.4870405859129441,0.20161780551705588,70.0,57.000000000008,70.0,-0.282608695652,0.0,0.282608695652,200.0,200.0,36.0,0.0,-0.3382001154829656,0.3382001154829656,36.4,36.4,36.4,0.0,0.0,0.0,36.0,36.0,36.0,0.0,0.0,0.0,0.10228288848664063,0.17885922898235934
R_1myAGA2v3gStUIS,attribution,9,160211,feature contribution,0.4164961430668758,glucose: 145.00 -> 89.00 (delta -56.00); blood_pressure: 80.00 -> 55.00 (delta -25.00),blood_pressure: 80.00 -> 58.58 (delta -21.42); bmi: 37.90 -> 27.48 (delta -10.42),0.18401729797383273,0.5030201559101393,1 - sum(abs(model delta - user delta)) / (sum(abs(model delta)) + sum(abs(user delta))),0.5,0.30669549662305456,1.0,1.0,1.0,0.982619676378,0.9510800530717255,-0.10294761871,0.0747170723186,0.893615359619,0.9612124209441778,1.0,1.0,1.019587766056,0.8317679796768178,145.0,89.00000000002265,145.0,-0.476109505186,0.0,0.476109505186,80.0,54.999999999980005,58.580807115135954,-0.54347826087,-0.46563462793182697,0.07784363293817298,130.0,130.0,130.0,0.0,0.0,0.0,37.9,37.9,27.475451209116606,0.0,-0.3661333517449908,0.3661333517449908,40.0,40.0,40.0,0.0,0.0,0.0,0.11643456058999913,-0.04171748827139912
R_1myAGA2v3gStUIS,attribution,10,160203,feature contribution,0.37234180627106195,glucose: 161.00 -> 98.00 (delta -63.00); blood_pressure: 68.00 -> 58.00 (delta -10.00),glucose: 161.00 -> 130.07 (delta -30.93),0.09800903925428386,0.5176643596983536,1 - sum(abs(model delta - user delta)) / (sum(abs(model delta)) + sum(abs(user delta))),0.6666666666666666,0.24502259813570965,1.0,1.0,1.0,0.984594581534,0.970891797598494,-0.12315129485,0.0605519329641,0.932029300539,0.9474061397178839,1.0,1.0,0.753014497682,0.2629693014105807,161.0,98.0000000000549,130.06955076808748,-0.535623193334,-0.2629693014105807,0.27265389192341927,68.0,57.999999999992,68.0,-0.217391304348,0.0,0.217391304348,132.0,132.0,132.0,0.0,0.0,0.0,25.5,25.5,25.5,0.0,0.0,0.0,47.0,47.0,47.0,0.0,0.0,0.0,0.0762625081986405,-0.015710575234540503
R_1myAGA2v3gStUIS,attribution,11,160209,feature contribution,0.4862641715348403,glucose: 83.00 -> 127.00 (delta +44.00); insulin: 71.00 -> 128.00 (delta +57.00),glucose: 83.00 -> 124.46 (delta +41.46); insulin: 71.00 -> 317.72 (delta +246.72),0.0825676556338527,0.6948541487335467,1 - sum(abs(model delta - user delta)) / (sum(abs(model delta)) + sum(abs(user delta))),1.0,0.20641913908463175,1.0,1.0,0.0,0.761392299335,0.007808862597305066,0.171007439774,0.215219871146,0.934928891039,0.900591300238289,1.0,1.0,0.491631201878,0.8612899551878817,83.0,126.99999999998221,124.46061214300195,0.374086039789,0.35249627735930905,0.021589762429690962,78.0,78.0,78.0,0.0,0.0,0.0,71.0,128.00000000019799,317.72423025263186,0.117545162089,0.5087936778285725,0.39124851573957253,29.3,29.3,29.3,0.0,0.0,0.0,36.0,36.0,36.0,0.0,0.0,0.0,0.20784545671987625,0.007374414426123743
R_1myAGA2v3gStUIS,attribution,12,160205,feature contribution,0.3520973382242104,glucose: 100.00 -> 159.00 (delta +59.00); insulin: 46.00 -> 206.00 (delta +160.00),insulin: 46.00 -> 360.34 (delta +314.34); bmi: 20.40 -> 31.25 (delta +10.85),0.24020610448022,0.3546084668989382,1 - sum(abs(model delta - user delta)) / (sum(abs(model delta)) + sum(abs(user delta))),0.5,0.40034350746703334,1.0,0.0,0.0,-4.43048402454e-06,5.871128727885644e-05,0.0467114553849,0.284435118814,0.914082141388,0.9285533634195399,1.0,1.0,0.831566703714,1.0293664830451,100.0,158.99999999994674,100.0,0.501615371535,0.0,0.501615371535,74.0,74.0,74.0,0.0,0.0,0.0,46.0,206.00000000024102,360.3366717936921,0.329951332179,0.6482237725680349,0.31827244038903485,20.4,20.4,31.251895252703008,0.0,0.38114271047706505,0.38114271047706505,28.0,28.0,28.0,0.0,0.0,0.0,0.2050350291838471,0.07940008963015291
R_1myAGA2v3gStUIS,attribution,13,160219,feature contribution,0.4236757482377821,insulin: 140.00 -> 356.00 (delta +216.00); age: 26.00 -> 40.00 (delta +14.00),blood_pressure: 64.00 -> 84.00 (delta +20.00); bmi: 28.60 -> 39.22 (delta +10.62),0.32631087396068065,0.0,1 - sum(abs(model delta - user delta)) / (sum(abs(model delta)) + sum(abs(user delta))),0.0,0.4078885924508508,nan,1.0,0.0,0.904654660463,-0.02298637641908652,-0.0197548455933,0.038863565943,0.913165971793,0.937956454976192,0.0,1.0,0.823812676819,0.8077416929844032,139.0,139.0,139.0,0.0,0.0,0.0,64.0,64.0,83.99979509046538,0.0,0.4347781541405519,0.4347781541405519,140.0,356.0000000000102,140.0,0.445434298441,0.0,0.445434298441,28.6,28.6,39.219017877962145,0.0,0.3729635388438513,0.3729635388438513,26.0,39.999999999986,26.0,0.378378378378,0.0,0.378378378378,0.08689066037330812,-0.048027094430308115
R_1myAGA2v3gStUIS,attribution,14,160216,feature contribution,0.4351615069122038,blood_pressure: 62.00 -> 81.00 (delta +19.00); insulin: 120.00 -> 293.00 (delta +173.00),blood_pressure: 62.00 -> 74.88 (delta +12.88); insulin: 120.00 -> 273.84 (delta +153.84),0.03452292480930928,0.8737266839197549,1 - sum(abs(model delta - user delta)) / (sum(abs(model delta)) + sum(abs(user delta))),1.0,0.08630731202327321,1.0,0.0,0.0,0.15035433107,0.40594380820645537,0.0128218132132,0.034821278767,0.947738175179,0.966456763172222,1.0,1.0,0.7698033561790001,0.5971887321324536,151.0,151.0,151.0,0.0,0.0,0.0,62.0,81.000000000006,74.87722602775628,0.413043478261,0.27993969625557114,0.13310378200542888,120.0,292.99999999999693,273.84040247741814,0.356759877918,0.31724903587688247,0.039510842041117544,35.5,35.5,35.5,0.0,0.0,0.0,28.0,28.0,28.0,0.0,0.0,0.0,0.001997480085473513,0.03282379868152649
R_1myAGA2v3gStUIS,attribution,15,160208,feature contribution,0.4305237569156498,glucose: 126.00 -> 157.00 (delta +31.00); insulin: 75.00 -> 303.00 (delta +228.00),insulin: 75.00 -> 298.80 (delta +223.80); bmi: 25.90 -> 34.72 (delta +8.82),0.11641562881782916,0.6132673439430725,1 - sum(abs(model delta - user delta)) / (sum(abs(model delta)) + sum(abs(user delta))),0.5,0.19402604802971526,1.0,0.0,0.0,-0.00800309088769,0.004523951921575842,-0.0825523199418,0.0900870805017,0.925647405321,0.9203153803180951,1.0,1.0,0.733741267296,0.7713763765666459,126.0,156.99999999995805,126.0,0.263560618942,0.0,0.263560618942,74.0,74.0,74.0,0.0,0.0,0.0,75.0,302.99999999982214,298.80015711508327,0.470180648354,0.46151974988675,0.008660898467249989,25.9,25.9,34.72223787483001,0.0,0.3098566266798959,0.3098566266798959,39.0,39.0,39.0,0.0,0.0,0.0,0.06870106253669106,0.02138601796500894
R_1myAGA2v3gStUIS,attribution,16,160206,feature contribution,0.2975142986281246,glucose: 103.00 -> 140.00 (delta +37.00); insulin: 82.00 -> 327.00 (delta +245.00),insulin: 82.00 -> 328.13 (delta +246.13); bmi: 20.40 -> 30.13 (delta +9.73),0.13173389880496417,0.6053852020564521,1 - sum(abs(model delta - user delta)) / (sum(abs(model delta)) + sum(abs(user delta))),0.5,0.2195564980082736,1.0,0.0,0.0,2.45512721264e-10,1.5671493125424263e-07,0.216403308001,0.558946397893,0.854436394991,0.8820348823957845,1.0,1.0,0.819810329039,0.8493351197818207,103.0,140.00000000001444,103.0,0.314572351641,0.0,0.314572351641,80.0,80.0,80.0,0.0,0.0,0.0,82.0,326.9999999998387,328.1255782884613,0.505237977398,0.5075591402467641,0.0023211628487640468,20.4,20.4,30.131045689322143,0.0,0.3417759795350567,0.3417759795350567,22.0,22.0,22.0,0.0,0.0,0.0,0.33199676406598794,0.2269496338270121
R_1myAGA2v3gStUIS,attribution,17,160218,feature contribution,0.49469396670752985,insulin: 193.00 -> 400.00 (delta +207.00),bmi: 29.30 -> 36.70 (delta +7.40),0.13734751049212846,0.0,1 - sum(abs(model delta - user delta)) / (sum(abs(model delta)) + sum(abs(user delta))),0.0,0.34336877623032114,nan,0.0,1.0,-0.0179740693548,0.9414981314740348,-0.022201626886,0.0818222236912,0.914625092799,0.9480273967090715,1.0,1.0,0.426874536006,0.25986301645464227,154.0,154.0,154.0,0.0,0.0,0.0,74.0,74.0,74.0,0.0,0.0,0.0,193.0,400.00000000002996,193.0,0.426874536006,0.0,0.426874536006,29.3,29.3,36.69881980449659,0.0,0.25986301645464227,0.25986301645464227,39.0,39.0,39.0,0.0,0.0,0.0,0.055602045118437804,0.026220178572762196
R_1myAGA2v3gStUIS,attribution,18,160215,feature contribution,0.3706436687249145,glucose: 117.00 -> 149.00 (delta +32.00); insulin: 106.00 -> 332.00 (delta +226.00),blood_pressure: 60.00 -> 76.05 (delta +16.05); insulin: 106.00 -> 332.18 (delta +226.18),0.12426979470996775,0.6000229302316125,1 - sum(abs(model delta - user delta)) / (sum(abs(model delta)) + sum(abs(user delta))),0.5,0.2071163245166129,1.0,1.0,0.0,0.916409018166,-0.07751606805340416,-0.0556693277309,0.0606767911965,0.961343759086,0.9318436808571594,1.0,1.0,0.738118831094,0.8153426558598389,117.0,148.99999999998704,117.0,0.272062574392,0.0,0.272062574392,60.0,60.0,76.05033605957662,0.0,0.348920349121231,0.348920349121231,106.0,331.99999999993435,332.17750498368616,0.466056256702,0.46642230673860785,0.00036605003660783453,33.8,33.8,33.8,0.0,0.0,0.0,27.0,27.0,27.0,0.0,0.0,0.0,0.281952397492313,-0.221275606295813
R_1myAGA2v3gStUIS,attribution,19,160207,feature contribution,0.5180092635523049,glucose: 89.00 -> 119.00 (delta +30.00); insulin: 85.00 -> 312.00 (delta +227.00),glucose: 89.00 -> 129.59 (delta +40.59); insulin: 85.00 -> 325.61 (delta +240.61),0.023622836143214365,0.9245020354819162,1 - sum(abs(model delta - user delta)) / (sum(abs(model delta)) + sum(abs(user delta))),1.0,0.05905709035803591,1.0,0.0,0.0,0.0767812752011,0.004412845675775712,0.135978162746,0.204135275223,0.890425185125,0.8911472881885139,1.0,1.0,0.723177116021,0.8412912967370718,89.0,119.00000000004667,129.59074362297858,0.255058663493,0.3451006939549275,0.09004203046192749,74.0,74.0,74.0,0.0,0.0,0.0,85.0,311.99999999987824,325.6127471011179,0.468118452528,0.49619060278214433,0.028072150254144335,30.4,30.4,30.4,0.0,0.0,0.0,38.0,38.0,38.0,0.0,0.0,0.0,0.1572499204182506,0.046885354804749424
R_1myAGA2v3gStUIS,attribution,20,160217,feature contribution,0.3933089998025337,glucose: 112.00 -> 153.00 (delta +41.00); insulin: 94.00 -> 312.00 (delta +218.00),glucose: 112.00 -> 148.31 (delta +36.31); insulin: 94.00 -> 308.17 (delta +214.17),0.009549201106998828,0.9691669180094106,1 - sum(abs(model delta - user delta)) / (sum(abs(model delta)) + sum(abs(user delta))),1.0,0.02387300276749707,1.0,1.0,1.0,0.814445463499,0.735946294228355,-0.0498695073806,0.030760691058,0.935316360956,0.9381823762296432,1.0,1.0,0.798138863533,0.7503928579980058,112.0,153.00000000001282,148.31282408679294,0.34858017344,0.30873001264064714,0.03985016079935283,68.0,68.0,68.0,0.0,0.0,0.0,94.0,311.99999999989797,308.1711469706908,0.449558690093,0.44166284535735867,0.00789584473564131,34.1,34.1,34.1,0.0,0.0,0.0,26.0,26.0,26.0,0.0,0.0,0.0,0.045529146930617936,-0.014768455872617936
R_3ENoszlL5q7JglI,none,1,160203,weighted examples,0.7337753583256976,glucose: 161.00 -> 97.00 (delta -64.00),glucose: 161.00 -> 110.35 (delta -50.65),0.022695007893764253,0.8835885107608304,1 - sum(abs(model delta - user delta)) / (sum(abs(model delta)) + sum(abs(user delta))),1.0,0.11347503946882126,1.0,1.0,1.0,0.984593504464,0.9842970331762317,-0.120615287283,0.0605519329641,0.90487508161,0.9275700895041794,1.0,1.0,0.544125148784,0.4306501093151787,161.0,97.00000000002589,110.34693414234866,-0.544125148784,-0.4306501093151787,0.11347503946882126,68.0,68.0,68.0,0.0,0.0,0.0,132.0,132.0,132.0,0.0,0.0,0.0,25.5,25.5,25.5,0.0,0.0,0.0,47.0,47.0,47.0,0.0,0.0,0.0,0.16362022663805872,-0.10306829367395873
R_3ENoszlL5q7JglI,none,2,160212,weighted examples,0.6955930365332463,glucose: 111.00 -> 97.00 (delta -14.00); insulin: 207.00 -> 99.00 (delta -108.00); bmi: 37.10 -> 24.67 (delta -12.43),glucose: 111.00 -> 156.74 (delta +45.74); insulin: 207.00 -> 36.00 (delta -171.00); bmi: 37.10 -> 23.34 (delta -13.76),0.1369021718491143,0.6582618737629256,1 - sum(abs(model delta - user delta)) / (sum(abs(model delta)) + sum(abs(user delta))),1.0,0.22817028641519052,0.6666666666666666,1.0,1.0,0.985477631627,0.9828378590994216,-0.243779265934,0.0372518432215,0.892859491365,0.9139565150596306,1.0,1.0,0.778285688765,1.2247417954165716,111.0,96.99999999994685,156.74353334017187,-0.119027376297,0.3889094825724523,0.5079368588694523,72.0,72.0,72.0,0.0,0.0,0.0,207.0,99.00000000023738,36.0,-0.22271714922,-0.35263548626577507,0.12991833704577507,37.1,24.67080000000293,23.342419953661366,-0.436541163248,-0.4831968265783443,0.046655663330344266,56.0,56.0,56.0,0.0,0.0,0.0,0.11450577334660085,-0.07725393012510084
R_3ENoszlL5q7JglI,none,3,160210,weighted examples,0.397212828746086,insulin: 215.00 -> 157.00 (delta -58.00); bmi: 39.40 -> 22.96 (delta -16.44),glucose: 100.00 -> 155.00 (delta +55.00); bmi: 39.40 -> 23.49 (delta -15.91),0.1211228934332336,0.6485961310207062,1 - sum(abs(model delta - user delta)) / (sum(abs(model delta)) + sum(abs(user delta))),0.5,0.20187148905538932,1.0,1.0,1.0,0.997934314939,0.9978671628105446,-0.087905064372,0.0664632820126,0.93324295751,0.9267757905528976,1.0,1.0,0.696929639455,1.0264847012159426,100.0,100.0,154.9973199962034,0.0,0.4675847644635553,0.4675847644635553,74.0,74.0,74.0,0.0,0.0,0.0,215.0,156.99999999985806,215.0,-0.119607357915,0.0,0.119607357915,39.4,22.962479999993096,23.487001000786005,-0.57732228154,-0.5588999367523874,0.01842234478761262,43.0,43.0,43.0,0.0,0.0,0.0,0.17855419466591782,-0.11209091265331782
R_3ENoszlL5q7JglI,none,4,160214,weighted examples,0.5208589394167041,glucose: 104.00 -> 102.00 (delta -2.00); insulin: 156.00 -> 104.00 (delta -52.00); bmi: 29.90 -> 26.38 (delta -3.52),glucose: 104.00 -> 155.11 (delta +51.11); blood_pressure: 74.00 -> 60.11 (delta -13.89); insulin: 156.00 -> 36.00 (delta -120.00),0.20349073793064537,0.1740924800773227,1 - sum(abs(model delta - user delta)) / (sum(abs(model delta)) + sum(abs(user delta))),0.6666666666666666,0.25436342241330673,0.5,1.0,1.0,0.99578680175,0.9843998459945928,-0.0965070163166,0.0501717968156,0.950420153074,0.9046276731259235,1.0,1.0,0.2478992346275,0.984022820941727,104.0,102.00000000000081,155.10869659257253,-0.0170039108995,0.43452386152501693,0.4515277724245169,74.0,74.0,60.10636882698969,0.0,-0.30203546028283285,0.30203546028283285,156.0,104.00000000000654,36.0,-0.107234182958,-0.24746349913387725,0.14022931617587725,29.9,26.379119999996554,29.9,-0.12366114077,0.0,0.12366114077,41.0,41.0,41.0,0.0,0.0,0.0,0.08387686609127423,-0.03370506927567423
R_3ENoszlL5q7JglI,none,5,160201,weighted examples,0.6529163672085612,glucose: 187.00 -> 99.00 (delta -88.00); insulin: 200.00 -> 104.00 (delta -96.00); bmi: 36.40 -> 24.39 (delta -12.01),glucose: 187.00 -> 115.36 (delta -71.64); insulin: 200.00 -> 36.00 (delta -164.00); bmi: 36.40 -> 23.81 (delta -12.59),0.05993309656234573,0.8913321322769769,1 - sum(abs(model delta - user delta)) / (sum(abs(model delta)) + sum(abs(user delta))),1.0,0.09988849427057622,1.0,1.0,1.0,0.999985502334,0.9998519586458178,-0.0143808069287,0.281142117469,0.952387069292,0.9517866864093478,1.0,1.0,1.368098484392,1.3895288537603208,187.0,99.00000000003561,115.36300702164243,-0.748172079578,-0.609054522856296,0.139117556721704,70.0,70.0,70.0,0.0,0.0,0.0,200.0,104.00000000004935,36.0,-0.197970799307,-0.3382001154829656,0.14022931617596557,36.4,24.38608000000468,23.807568538531587,-0.421955605507,-0.4422742154210591,0.020318609914059094,36.0,36.0,36.0,0.0,0.0,0.0,0.17466903701684144,0.10647308045215853
R_3ENoszlL5q7JglI,none,6,160200,weighted examples,0.4668099518301201,glucose: 154.00 -> 97.00 (delta -57.00); bmi: 31.30 -> 22.96 (delta -8.34),glucose: 154.00 -> 111.83 (delta -42.17); bmi: 31.30 -> 22.80 (delta -8.50),0.026360511220141027,0.908121276691394,1 - sum(abs(model delta - user delta)) / (sum(abs(model delta)) + sum(abs(user delta))),1.0,0.06590127805035256,1.0,1.0,1.0,0.988212624487,0.9881447872391692,-0.198092049194,0.0980127823706,0.945548998464,0.9719095096844412,1.0,1.0,0.777443716888,0.6570837923591772,154.0,96.99999999999366,111.8296754858162,-0.484611460636,-0.3585302203212361,0.12608124031476392,72.0,72.0,72.0,0.0,0.0,0.0,126.0,126.0,126.0,0.0,0.0,0.0,31.3,22.962479999993047,22.79958269693573,-0.292832256252,-0.2985535720379412,0.005721315785941206,37.0,37.0,37.0,0.0,0.0,0.0,0.172557063316709,-0.074544280946109
R_3ENoszlL5q7JglI,none,7,160204,weighted examples,0.4843106673791349,glucose: 125.00 -> 106.00 (delta -19.00); insulin: 122.00 -> 109.00 (delta -13.00); bmi: 28.90 -> 26.38 (delta -2.52),glucose: 125.00 -> 156.14 (delta +31.14); insulin: 122.00 -> 36.00 (delta -86.00); bmi: 28.90 -> 22.52 (delta -6.38),0.14248818995906679,0.2446041224266412,1 - sum(abs(model delta - user delta)) / (sum(abs(model delta)) + sum(abs(user delta))),1.0,0.23748031659844462,0.6666666666666666,1.0,1.0,0.968474742512,0.9287910222119184,-0.122080825703,0.0395820491408,0.944623077058,0.9116800725557085,1.0,1.0,0.2768846147102,0.6662512574155339,125.0,106.00000000003709,156.13758514313656,-0.161537153545,0.26473036169985176,0.42626751524485174,70.0,70.0,70.0,0.0,0.0,0.0,122.0,109.00000000000163,36.0,-0.0268085457395,-0.17734884104594537,0.15054029530644536,28.9,26.379119999999467,22.517373259443243,-0.0885389154257,-0.22417205466973683,0.13563313924403683,45.0,45.0,45.0,0.0,0.0,0.0,0.08474643237010891,-0.045164383229308915
R_3ENoszlL5q7JglI,none,8,160213,weighted examples,1.0,glucose: 117.00 -> 93.00 (delta -24.00); blood_pressure: 88.00 -> 81.00 (delta -7.00); insulin: 145.00 -> 109.00 (delta -36.00); bmi: 34.50 -> 24.39 (delta -10.11),glucose: 117.00 -> 155.89 (delta +38.89); blood_pressure: 88.00 -> 59.68 (delta -28.32); insulin: 145.00 -> 36.00 (delta -109.00); bmi: 34.50 -> 22.76 (delta -11.74),0.2411282137164436,0.4910574227680716,1 - sum(abs(model delta - user delta)) / (sum(abs(model delta)) + sum(abs(user delta))),1.0,0.3014102671455545,0.75,1.0,1.0,0.99239700755,0.9875127567892195,-0.156538163476,0.0929170929375,0.919060555763,0.8660165551987862,1.0,1.0,0.7856832709302,1.5832304779244177,117.0,93.0000000000097,155.89217020198043,-0.204046930794,0.33065949840146597,0.534706429195466,88.0,81.000000000022,59.68485306389604,-0.152173913043,-0.6155466725239991,0.4633727594809991,145.0,108.99999999998214,36.0,-0.0742390497402,-0.22477934504660518,0.15054029530640517,34.5,24.38608000000537,22.76256144329274,-0.355223377353,-0.4122449619523477,0.0570215845993477,40.0,40.0,40.0,0.0,0.0,0.0,0.22614324190339563,-0.13322614896589563
R_3ENoszlL5q7JglI,none,9,160202,weighted examples,0.644416311543696,glucose: 125.00 -> 99.00 (delta -26.00); insulin: 115.00 -> 99.00 (delta -16.00); bmi: 31.10 -> 23.82 (delta -7.28),glucose: 125.00 -> 156.98 (delta +31.98); insulin: 115.00 -> 36.00 (delta -79.00); bmi: 31.10 -> 22.81 (delta -8.29),0.13164024596308108,0.46739161807718543,1 - sum(abs(model delta - user delta)) / (sum(abs(model delta)) + sum(abs(user delta))),1.0,0.21940040993846846,0.6666666666666666,1.0,1.0,0.977391200543,0.4932138155866643,-0.252575420163,0.0569726484831,0.92376836431,0.89355800952221,1.0,1.0,0.5098537860949,0.7259533325223053,125.0,98.99999999995171,156.98246977925743,-0.221050841694,0.2719135332363325,0.4929643749303325,70.0,70.0,70.0,0.0,0.0,0.0,115.0,98.9999999999759,36.0,-0.0329951332179,-0.16291347026313585,0.12991833704523587,31.1,23.816639999997616,22.811051160061776,-0.255807811183,-0.291126329022837,0.03531851783983703,41.0,41.0,41.0,0.0,0.0,0.0,0.0019383597397188979,0.0550342887433811
R_3ENoszlL5q7JglI,none,10,160211,weighted examples,1.0,glucose: 145.00 -> 98.00 (delta -47.00); blood_pressure: 80.00 -> 75.00 (delta -5.00); insulin: 130.00 -> 89.00 (delta -41.00); bmi: 37.90 -> 25.24 (delta -12.66),glucose: 145.00 -> 109.64 (delta -35.36); blood_pressure: 80.00 -> 59.16 (delta -20.84); insulin: 130.00 -> 36.00 (delta -94.00); bmi: 37.90 -> 23.19 (delta -14.71),0.12495573440862126,0.7502638630367835,1 - sum(abs(model delta - user delta)) / (sum(abs(model delta)) + sum(abs(user delta))),1.0,0.15619466801077658,1.0,1.0,1.0,0.982620884491,0.9826240383070282,-0.171574246393,0.0747170723186,0.957695904499,0.9144536839174009,1.0,1.0,1.0374765307057,1.4642786403336023,145.0,98.00000000004843,109.64300163568657,-0.399591906138,-0.30060362493039794,0.09898828120760206,80.0,74.99999999999599,59.15842412963894,-0.108695652174,-0.453077736312197,0.344382084138197,130.0,89.00000000002007,36.0,-0.0845500288707,-0.19384640765487052,0.10929637878417052,37.9,25.240240000013124,23.18706918847029,-0.444638943523,-0.5167508714361368,0.07211192791313686,40.0,40.0,40.0,0.0,0.0,0.0,0.4573413416719072,-0.3826242693533072
R_3ENoszlL5q7JglI,none,11,160217,weighted examples,0.333720736270588,glucose: 112.00 -> 172.00 (delta +60.00); insulin: 94.00 -> 390.00 (delta +296.00),glucose: 112.00 -> 161.71 (delta +49.71); insulin: 94.00 -> 288.62 (delta +194.62),0.05931813849035652,0.8474691693227655,1 - sum(abs(model delta - user delta)) / (sum(abs(model delta)) + sum(abs(user delta))),1.0,0.1482953462258913,1.0,1.0,1.0,0.844093565816,0.8425212877034459,-0.126448431525,0.030760691058,0.890306394467,0.9335575960302331,1.0,1.0,1.120527291515,0.8239365990632174,112.0,171.99999999997573,161.7063611263059,0.510117326985,0.4226012678652089,0.0875160591197911,68.0,68.0,68.0,0.0,0.0,0.0,94.0,389.9999999998882,288.61552880453866,0.61040996453,0.40133533119800846,0.2090746333319915,34.1,34.1,34.1,0.0,0.0,0.0,26.0,26.0,26.0,0.0,0.0,0.0,0.17965382958046433,-0.14889313852246433
R_3ENoszlL5q7JglI,none,12,160216,weighted examples,1.0,glucose: 151.00 -> 176.00 (delta +25.00); blood_pressure: 62.00 -> 68.00 (delta +6.00); insulin: 120.00 -> 361.00 (delta +241.00); bmi: 35.50 -> 42.04 (delta +6.54),glucose: 151.00 -> 115.89 (delta -35.11); blood_pressure: 62.00 -> 86.27 (delta +24.27); insulin: 120.00 -> 290.00 (delta +170.00); bmi: 35.50 -> 28.97 (delta -6.53),0.3027256677077312,0.388587176810284,1 - sum(abs(model delta - user delta)) / (sum(abs(model delta)) + sum(abs(user delta))),1.0,0.378407084634664,0.5,1.0,0.0,0.942137748158,-0.05717686397998678,-0.238418553689,0.034821278767,0.924703372823,0.9082400125975915,1.0,1.0,1.06962726025,1.4059968698461236,151.0,176.0000000000193,115.89148285585634,0.212548886244,-0.29849104866641424,0.5110399349104142,62.0,68.000000000014,86.27022696666874,0.130434782609,0.5276136297101901,0.3971788471011901,120.0,361.000000000063,289.99506483826764,0.496989194094,0.35056311316973376,0.14642608092426623,35.5,42.038720000011025,28.970542482648497,0.229654397303,-0.2293290782997855,0.4589834756027855,28.0,28.0,28.0,0.0,0.0,0.0,0.1342914918892674,-0.09947021312226739
R_3ENoszlL5q7JglI,none,13,160205,weighted examples,1.0,glucose: 100.00 -> 174.00 (delta +74.00); blood_pressure: 74.00 -> 77.00 (delta +3.00); insulin: 46.00 -> 419.00 (delta +373.00); bmi: 20.40 -> 32.36 (delta +11.96),glucose: 100.00 -> 160.36 (delta +60.36); blood_pressure: 74.00 -> 86.46 (delta +12.46); insulin: 46.00 -> 285.18 (delta +239.18); bmi: 20.40 -> 40.22 (delta +19.82),0.17470296425503368,0.7735093064051833,1 - sum(abs(model delta - user delta)) / (sum(abs(model delta)) + sum(abs(user delta))),1.0,0.2183787053187921,1.0,1.0,1.0,0.999973554523,0.7785960835700056,0.141385205793,0.284435118814,0.89893204942,0.9431650371337635,1.0,1.0,1.8835611377273,1.9731749047604041,100.0,174.00000000002888,160.35868435011287,0.629144703282,0.5131668453503899,0.11597785793161008,74.0,76.9999999999978,86.45828682731073,0.0652173913043,0.27083232233284205,0.20561493102854206,46.0,418.99999999993446,285.1753332565997,0.769199043141,0.493226373951578,0.275972669189422,20.4,32.35824000000001,40.215070266911944,0.42,0.6959493631255943,0.2759493631255943,28.0,28.0,28.0,0.0,0.0,0.0,0.02065826752318542,0.26377685129081463
R_3ENoszlL5q7JglI,none,14,160206,weighted examples,0.6092216141761556,glucose: 103.00 -> 186.00 (delta +83.00); insulin: 82.00 -> 361.00 (delta +279.00); bmi: 20.40 -> 23.53 (delta +3.13),glucose: 103.00 -> 159.25 (delta +56.25); insulin: 82.00 -> 286.37 (delta +204.37); bmi: 20.40 -> 40.41 (delta +20.01),0.19485715677832233,0.6745448089939297,1 - sum(abs(model delta - user delta)) / (sum(abs(model delta)) + sum(abs(user delta))),1.0,0.32476192796387054,1.0,1.0,0.0,0.986987087947,0.014954836810024075,0.496146237889,0.558946397893,0.82842397626,0.9312855991171687,1.0,1.0,1.3910149378160002,1.6025946613421203,103.0,186.00000000005463,159.24698704509814,0.70566230233,0.47820937804028324,0.2274529242897168,80.0,80.0,80.0,0.0,0.0,0.0,82.0,360.9999999998717,286.37076065022393,0.575352635486,0.4214525295929711,0.15390010589302894,20.4,23.531920000000003,40.41390136359885,0.11,0.7029327537088659,0.5929327537088659,22.0,22.0,22.0,0.0,0.0,0.0,0.08891887762002737,0.4700275202729727
R_3ENoszlL5q7JglI,none,15,160215,weighted examples,0.3915053540860653,glucose: 117.00 -> 167.00 (delta +50.00); insulin: 106.00 -> 332.00 (delta +226.00),glucose: 117.00 -> 161.93 (delta +44.93); blood_pressure: 60.00 -> 86.30 (delta +26.30),0.2161914090500594,0.4140968981835458,1 - sum(abs(model delta - user delta)) / (sum(abs(model delta)) + sum(abs(user delta))),0.5,0.36031901508343234,1.0,1.0,1.0,0.921382206722,0.9216616151297734,-0.0631261071754,0.0606767911965,0.930736719467,0.9303550504312303,1.0,1.0,0.89115402919,0.9537876376130003,117.0,167.0000000000386,161.9299355935145,0.425097772488,0.3819923107763517,0.04310546171164831,60.0,60.0,86.30258503448584,0.0,0.5717953268366487,0.5717953268366487,106.0,331.99999999993435,106.0,0.466056256702,0.0,0.466056256702,33.8,33.8,33.8,0.0,0.0,0.0,27.0,27.0,27.0,0.0,0.0,0.0,0.15448242472638618,-0.09380563352988619
R_3ENoszlL5q7JglI,none,16,160218,weighted examples,0.5290332048287456,glucose: 154.00 -> 170.00 (delta +16.00); insulin: 193.00 -> 264.00 (delta +71.00),glucose: 154.00 -> 113.50 (delta -40.50); bmi: 29.30 -> 40.88 (delta +11.58),0.20667884139336273,2.220446049250313e-16,1 - sum(abs(model delta - user delta)) / (sum(abs(model delta)) + sum(abs(user delta))),0.5,0.34446473565560454,0.0,1.0,0.0,0.67930419341,0.278451497222458,0.0650289831079,0.0818222236912,0.94351056183,0.9007028785749903,1.0,1.0,0.28244719085000003,0.7509470161168137,154.0,169.99999999999352,113.4959309359068,0.136031287196,-0.34436379071665696,0.48039507791265695,74.0,74.0,74.0,0.0,0.0,0.0,193.0,263.9999999998978,193.0,0.146415903654,0.0,0.146415903654,29.3,29.3,40.876237593593274,0.0,0.4065832254001567,0.4065832254001567,39.0,39.0,39.0,0.0,0.0,0.0,0.025773982312166377,0.05604824137903362
R_3ENoszlL5q7JglI,none,17,160207,weighted examples,0.4720845451547207,glucose: 89.00 -> 172.00 (delta +83.00); insulin: 85.00 -> 366.00 (delta +281.00),glucose: 89.00 -> 159.26 (delta +70.26); insulin: 85.00 -> 285.54 (delta +200.54),0.05485628447314979,0.8805393064081083,1 - sum(abs(model delta - user delta)) / (sum(abs(model delta)) + sum(abs(user delta))),1.0,0.13714071118287446,1.0,1.0,0.0,0.994730241026,0.28210625416139934,0.133529996005,0.204135275223,0.891089646047,0.9397649742893135,1.0,1.0,1.285139329468,1.0108579071022512,89.0,172.00000000005463,159.25610637114698,0.70566230233,0.5973142864406307,0.10834801588936938,74.0,74.0,74.0,0.0,0.0,0.0,85.0,365.99999999975955,285.53557253123336,0.579477027138,0.4135436206616204,0.16593340647637955,30.4,30.4,30.4,0.0,0.0,0.0,38.0,38.0,38.0,0.0,0.0,0.0,0.01783108124507149,0.18630419397792852
R_3ENoszlL5q7JglI,none,18,160219,weighted examples,0.6219319421503968,glucose: 139.00 -> 177.00 (delta +38.00); insulin: 140.00 -> 249.00 (delta +109.00); bmi: 28.60 -> 30.37 (delta +1.77),blood_pressure: 64.00 -> 85.91 (delta +21.91); insulin: 140.00 -> 286.29 (delta +146.29); bmi: 28.60 -> 40.08 (delta +11.48),0.24349947316501225,0.32023321224843604,1 - sum(abs(model delta - user delta)) / (sum(abs(model delta)) + sum(abs(user delta))),0.6666666666666666,0.3043743414562653,1.0,1.0,0.0,0.702729874559,-0.051201525860710806,0.0122055200124,0.038863565943,0.927532425312,0.9371813237284314,1.0,1.0,0.6098514043155999,1.1812001559586611,139.0,177.00000000004343,139.0,0.323074307091,0.0,0.323074307091,64.0,64.0,85.91210496605527,0.0,0.47635010795772303,0.47635010795772303,140.0,249.00000000019145,286.2932729150263,0.224779345047,0.3016853767941641,0.07690603174716407,28.6,30.36520000000063,40.07890451859929,0.0619977521776,0.4031646712067741,0.34116691902917406,26.0,26.0,26.0,0.0,0.0,0.0,0.1946614006568528,-0.1557978347138528
R_3ENoszlL5q7JglI,none,19,160209,weighted examples,0.44941478768663273,glucose: 83.00 -> 186.00 (delta +103.00); insulin: 71.00 -> 366.00 (delta +295.00),glucose: 83.00 -> 159.17 (delta +76.17); insulin: 71.00 -> 285.90 (delta +214.90),0.07865422654362152,0.8472630984548023,1 - sum(abs(model delta - user delta)) / (sum(abs(model delta)) + sum(abs(user delta))),1.0,0.1966355663590538,1.0,1.0,0.0,0.99998399295,0.2878050673941156,0.0110899177636,0.215219871146,0.878776878058,0.9192822155174998,1.0,1.0,1.4840491800289999,1.0907780473108923,83.0,186.00000000004655,159.17098331211236,0.875701411325,0.6476023066834918,0.22809910464150818,78.0,78.0,78.0,0.0,0.0,0.0,71.0,365.99999999994424,285.9047801450395,0.608347768704,0.44317574062740056,0.16517202807659942,29.3,29.3,29.3,0.0,0.0,0.0,36.0,36.0,36.0,0.0,0.0,0.0,0.018592017788963355,0.19662785335703664
R_3ENoszlL5q7JglI,none,20,160208,weighted examples,0.4918112670118978,glucose: 126.00 -> 165.00 (delta +39.00); insulin: 75.00 -> 341.00 (delta +266.00); bmi: 25.90 -> 26.95 (delta +1.05),glucose: 126.00 -> 159.79 (delta +33.79); insulin: 75.00 -> 284.12 (delta +209.12); bmi: 25.90 -> 40.17 (delta +14.27),0.12521473278972886,0.7070088758427111,1 - sum(abs(model delta - user delta)) / (sum(abs(model delta)) + sum(abs(user delta))),1.0,0.20869122131621476,1.0,0.0,1.0,0.261308520116,0.9485534230824668,0.0674933634111,0.0900870805017,0.903737140445,0.9454186817384289,1.0,1.0,0.9169481128939,1.2198868023253882,126.0,164.9999999999548,159.79221747304663,0.33157626254,0.28729992750422223,0.04427633503577777,74.0,74.0,74.0,0.0,0.0,0.0,75.0,341.0000000001158,284.1231744642354,0.548544089747,0.43125293752419974,0.11729115222280023,25.9,26.948559999999656,40.17397986271924,0.0368277606069,0.5013339372969663,0.4645061766900663,39.0,39.0,39.0,0.0,0.0,0.0,0.11650225310283358,-0.026415172601133574
R_3Qv0QTQ49yAIRot,attribution,1,160201,feature contribution,0.5744470746908492,blood_pressure: 70.00 -> 59.00 (delta -11.00),insulin: 200.00 -> 36.00 (delta -164.00),0.11546611005319311,0.0,1 - sum(abs(model delta - user delta)) / (sum(abs(model delta)) + sum(abs(user delta))),0.0,0.2886652751329828,nan,0.0,0.0,0.000437820557812,0.16036315769732357,0.16536783438,0.281142117469,0.932842705252,0.912941490820801,1.0,1.0,0.239130434783,0.3382001154829656,187.0,187.0,187.0,0.0,0.0,0.0,70.0,58.999999999982,70.0,-0.239130434783,0.0,0.239130434783,200.0,200.0,36.0,0.0,-0.3382001154829656,0.3382001154829656,36.4,36.4,36.4,0.0,0.0,0.0,36.0,36.0,36.0,0.0,0.0,0.0,0.030523157143895252,0.2506189603251047
R_3Qv0QTQ49yAIRot,attribution,2,160203,feature contribution,0.5095953454024054,glucose: 161.00 -> 136.00 (delta -25.00),glucose: 161.00 -> 147.71 (delta -13.29),0.01991591696668386,0.6940890290926329,1 - sum(abs(model delta - user delta)) / (sum(abs(model delta)) + sum(abs(user delta))),1.0,0.0995795848334193,1.0,1.0,1.0,0.964637355484,0.6473880988017884,-0.0166608433112,0.0605519329641,0.957490222751,0.9774061397178838,1.0,1.0,0.212548886244,0.1129693014105807,161.0,135.9999999999807,147.7125507680875,-0.212548886244,-0.1129693014105807,0.0995795848334193,68.0,68.0,68.0,0.0,0.0,0.0,132.0,132.0,132.0,0.0,0.0,0.0,25.5,25.5,25.5,0.0,0.0,0.0,47.0,47.0,47.0,0.0,0.0,0.0,0.011081649893119383,0.049470283070980614
R_3Qv0QTQ49yAIRot,attribution,3,160214,feature contribution,0.6473577571034267,blood_pressure: 74.00 -> 64.00 (delta -10.00),insulin: 156.00 -> 102.17 (delta -53.83),0.06568000240309313,0.0,1 - sum(abs(model delta - user delta)) / (sum(abs(model delta)) + sum(abs(user delta))),0.0,0.16420000600773282,nan,1.0,1.0,0.995194495471,0.9837905588665904,-0.0276970086037,0.0501717968156,0.95652173913,0.9777982584665069,1.0,1.0,0.217391304348,0.11100870766746565,104.0,104.0,104.0,0.0,0.0,0.0,74.0,63.999999999992,74.0,-0.217391304348,0.0,0.217391304348,156.0,156.0,102.16965747789244,0.0,-0.11100870766746565,0.11100870766746565,29.9,29.9,29.9,0.0,0.0,0.0,41.0,41.0,41.0,0.0,0.0,0.0,0.06083691335082381,-0.010665116535223805
R_3Qv0QTQ49yAIRot,attribution,4,160213,feature contribution,0.5972761974323998,blood_pressure: 88.00 -> 71.00 (delta -17.00),blood_pressure: 88.00 -> 71.08 (delta -16.92),0.0003652875323859828,0.9975228160038953,1 - sum(abs(model delta - user delta)) / (sum(abs(model delta)) + sum(abs(user delta))),1.0,0.0018264376619299139,1.0,1.0,1.0,0.888553317692,0.8768993868734078,0.057347971806,0.0929170929375,0.954581206851,0.9542159193181375,1.0,1.0,0.369565217391,0.3677387797290701,117.0,117.0,117.0,0.0,0.0,0.0,88.0,71.000000000014,71.08401613246278,-0.369565217391,-0.3677387797290701,0.0018264376619299139,145.0,145.0,145.0,0.0,0.0,0.0,34.5,34.5,34.5,0.0,0.0,0.0,40.0,40.0,40.0,0.0,0.0,0.0,0.03384085898765915,0.05907623394984085
R_3Qv0QTQ49yAIRot,attribution,5,160212,feature contribution,0.7268090277168529,blood_pressure: 72.00 -> 65.00 (delta -7.00),insulin: 207.00 -> 112.58 (delta -94.42),0.06937875448926177,0.0,1 - sum(abs(model delta - user delta)) / (sum(abs(model delta)) + sum(abs(user delta))),0.0,0.17344688622315443,nan,1.0,1.0,0.695332252362,0.985477620821888,0.0235222164423,0.0372518432215,0.969565217391,0.9610560281193382,1.0,1.0,0.152173913043,0.19471985940330888,111.0,111.0,111.0,0.0,0.0,0.0,72.0,65.000000000022,72.0,-0.152173913043,0.0,0.152173913043,207.0,207.0,112.57644577814726,0.0,-0.19471985940330888,0.19471985940330888,37.1,37.1,37.1,0.0,0.0,0.0,56.0,56.0,56.0,0.0,0.0,0.0,0.2038998161626937,-0.1666479729411937
R_3Qv0QTQ49yAIRot,attribution,6,160200,feature contribution,0.7162990137682345,blood_pressure: 72.00 -> 61.00 (delta -11.00),glucose: 154.00 -> 140.21 (delta -13.79),0.07127772430915177,0.0,1 - sum(abs(model delta - user delta)) / (sum(abs(model delta)) + sum(abs(user delta))),0.0,0.17819431077287945,nan,1.0,0.0,0.932956982809,0.17867681887590356,0.0502196747956,0.0980127823706,0.951534461402,0.9378813021172249,1.0,1.0,0.239130434783,0.1172581867627589,154.0,154.0,140.2080920729643,0.0,-0.1172581867627589,0.1172581867627589,72.0,60.999999999981995,72.0,-0.239130434783,0.0,0.239130434783,126.0,126.0,126.0,0.0,0.0,0.0,31.3,31.3,31.3,0.0,0.0,0.0,37.0,37.0,37.0,0.0,0.0,0.0,0.03622880008342444,0.06178398228717556
R_3Qv0QTQ49yAIRot,attribution,7,160211,feature contribution,0.7418164172416071,blood_pressure: 80.00 -> 66.00 (delta -14.00),blood_pressure: 80.00 -> 62.22 (delta -17.78),0.016415216204936987,0.8811820503357546,1 - sum(abs(model delta - user delta)) / (sum(abs(model delta)) + sum(abs(user delta))),1.0,0.08207608102468494,1.0,0.0,1.0,0.0186647649526,0.67484913350023,0.000409773879597,0.0747170723186,0.937220620267,0.9208054040619216,1.0,1.0,0.304347826087,0.38642390711168495,145.0,145.0,145.0,0.0,0.0,0.0,80.0,65.999999999998,62.22450027286249,-0.304347826087,-0.38642390711168495,0.08207608102468494,130.0,130.0,130.0,0.0,0.0,0.0,37.9,37.9,37.9,0.0,0.0,0.0,40.0,40.0,40.0,0.0,0.0,0.0,0.014355891879891447,0.060361180438708556
R_3Qv0QTQ49yAIRot,attribution,8,160202,feature contribution,0.45000622388633116,blood_pressure: 70.00 -> 57.00 (delta -13.00),insulin: 115.00 -> 62.99 (delta -52.01),0.07797121897328298,0.0,1 - sum(abs(model delta - user delta)) / (sum(abs(model delta)) + sum(abs(user delta))),0.0,0.19492804743320744,nan,1.0,1.0,0.977296888469,0.9559905086305387,-0.0844660550559,0.0569726484831,0.943478260869,0.978550520157117,1.0,1.0,0.282608695652,0.1072473992144149,125.0,125.0,125.0,0.0,0.0,0.0,70.0,57.000000000008,70.0,-0.282608695652,0.0,0.282608695652,115.0,115.0,62.99359117294582,0.0,-0.1072473992144149,0.1072473992144149,31.1,31.1,31.1,0.0,0.0,0.0,41.0,41.0,41.0,0.0,0.0,0.0,0.05027475342999902,0.006697895053100977
R_3Qv0QTQ49yAIRot,attribution,9,160204,feature contribution,0.4671344856873041,blood_pressure: 70.00 -> 61.00 (delta -9.00),insulin: 122.00 -> 69.68 (delta -52.32),0.06070834954827008,0.0,1 - sum(abs(model delta - user delta)) / (sum(abs(model delta)) + sum(abs(user delta))),0.0,0.1517708738706752,nan,1.0,1.0,0.968183283913,0.9652391507885492,-0.079114289859,0.0395820491408,0.960869565217,0.9784220852343299,1.0,1.0,0.195652173913,0.10788957382835039,125.0,125.0,125.0,0.0,0.0,0.0,70.0,61.000000000002004,70.0,-0.195652173913,0.0,0.195652173913,122.0,122.0,69.68218785915622,0.0,-0.10788957382835039,0.10788957382835039,28.9,28.9,28.9,0.0,0.0,0.0,45.0,45.0,45.0,0.0,0.0,0.0,0.07125578080084266,-0.03167373166004266
R_3Qv0QTQ49yAIRot,attribution,10,160210,feature contribution,0.7046548776816502,blood_pressure: 74.00 -> 61.00 (delta -13.00),insulin: 215.00 -> 106.76 (delta -108.24),0.10116578149244108,0.0,1 - sum(abs(model delta - user delta)) / (sum(abs(model delta)) + sum(abs(user delta))),0.0,0.2529144537311027,nan,1.0,1.0,0.980433045215,0.9979351804762348,0.0266676868831,0.0664632820126,0.913038226511,0.9696103620453378,1.0,1.0,0.282608695652,0.22322021181020543,100.0,100.0,100.0,0.0,0.0,0.0,74.0,61.000000000008,74.0,-0.282608695652,0.0,0.282608695652,215.0,215.0,106.75605488899495,0.0,-0.22322021181020543,0.22322021181020543,39.4,39.4,39.4,0.0,0.0,0.0,43.0,43.0,43.0,0.0,0.0,0.0,0.15675693180502193,-0.09029364979242192
R_3Qv0QTQ49yAIRot,attribution,11,160207,feature contribution,0.585572788019919,blood_pressure: 74.00 -> 84.00 (delta +10.00),insulin: 85.00 -> 271.15 (delta +186.15),0.12025287545881924,0.0,1 - sum(abs(model delta - user delta)) / (sum(abs(model delta)) + sum(abs(user delta))),0.0,0.3006321886470481,nan,0.0,1.0,0.00111055554983,0.9979849161851208,0.103440738975,0.204135275223,0.95652173913,0.9232253854107808,1.0,1.0,0.217391304348,0.3838730729460962,89.0,89.0,89.0,0.0,0.0,0.0,74.0,84.000000000008,74.0,0.217391304348,0.0,0.217391304348,85.0,85.0,271.14773053302133,0.0,0.3838730729460962,0.3838730729460962,30.4,30.4,30.4,0.0,0.0,0.0,38.0,38.0,38.0,0.0,0.0,0.0,0.07943952516996877,0.12469575005303124
R_3Qv0QTQ49yAIRot,attribution,12,160219,feature contribution,0.6296020091424974,blood_pressure: 64.00 -> 77.00 (delta +13.00),blood_pressure: 64.00 -> 80.55 (delta +16.55),0.015424417932196932,0.8799356229121642,1 - sum(abs(model delta - user delta)) / (sum(abs(model delta)) + sum(abs(user delta))),1.0,0.07712208966098466,1.0,0.0,0.0,0.374619327685,0.0603572663470171,0.0327012155881,0.038863565943,0.952228997823,0.9628915364123207,1.0,1.0,0.282608695652,0.35973078531298464,139.0,139.0,139.0,0.0,0.0,0.0,64.0,76.999999999992,80.5476161243973,0.282608695652,0.35973078531298464,0.07712208966098466,140.0,140.0,140.0,0.0,0.0,0.0,28.6,28.6,28.6,0.0,0.0,0.0,26.0,26.0,26.0,0.0,0.0,0.0,0.03981782217181634,-0.0009542562288163414
R_3Qv0QTQ49yAIRot,attribution,13,160208,feature contribution,0.7496580836760246,blood_pressure: 74.00 -> 87.00 (delta +13.00),insulin: 75.00 -> 235.42 (delta +160.42),0.1226867759458051,0.0,1 - sum(abs(model delta - user delta)) / (sum(abs(model delta)) + sum(abs(user delta))),0.0,0.30671693986451276,nan,0.0,0.0,0.442860413468,-0.011370341932884775,0.0863132300098,0.0900870805017,0.943478260869,0.9338349631845949,1.0,1.0,0.282608695652,0.33082518407702555,126.0,126.0,126.0,0.0,0.0,0.0,74.0,86.999999999992,74.0,0.282608695652,0.0,0.282608695652,75.0,75.0,235.42374826263153,0.0,0.33082518407702555,0.33082518407702555,25.9,25.9,25.9,0.0,0.0,0.0,39.0,39.0,39.0,0.0,0.0,0.0,0.15165401325496491,-0.061566932753264914
R_3Qv0QTQ49yAIRot,attribution,14,160205,feature contribution,0.7283669958778524,insulin: 46.00 -> 254.00 (delta +208.00),insulin: 46.00 -> 308.11 (delta +262.11),0.022316845663420026,0.8849003631204615,1 - sum(abs(model delta - user delta)) / (sum(abs(model delta)) + sum(abs(user delta))),1.0,0.11158422831710013,1.0,0.0,0.0,-4.55950486056e-06,-1.880622635330731e-05,-0.206334540865,0.284435118814,0.88889067446,0.8665738287965515,1.0,1.0,0.428936731832,0.5405209601491001,100.0,100.0,100.0,0.0,0.0,0.0,74.0,74.0,74.0,0.0,0.0,0.0,46.0,253.99999999997385,308.10942399550214,0.428936731832,0.5405209601491001,0.11158422831710013,20.4,20.4,20.4,0.0,0.0,0.0,28.0,28.0,28.0,0.0,0.0,0.0,0.559376801694683,-0.27494168288068294
R_3Qv0QTQ49yAIRot,attribution,15,160206,feature contribution,0.6869630122520924,insulin: 82.00 -> 249.00 (delta +167.00),insulin: 82.00 -> 269.74 (delta +187.74),0.008554550886845569,0.9415310246267993,1 - sum(abs(model delta - user delta)) / (sum(abs(model delta)) + sum(abs(user delta))),1.0,0.042772754434227844,1.0,0.0,0.0,-2.60449439793e-11,-1.2615131161908266e-10,-0.00355433492654,0.558946397893,0.931122659408,0.9225681085209544,1.0,1.0,0.344386702961,0.38715945739522784,103.0,103.0,103.0,0.0,0.0,0.0,80.0,80.0,80.0,0.0,0.0,0.0,82.0,248.99999999984846,269.7413640800943,0.344386702961,0.38715945739522784,0.042772754434227844,20.4,20.4,20.4,0.0,0.0,0.0,22.0,22.0,22.0,0.0,0.0,0.0,0.5965154554311576,-0.037569057538157535
R_3Qv0QTQ49yAIRot,attribution,16,160218,feature contribution,0.4774675832076914,blood_pressure: 74.00 -> 83.00 (delta +9.00),bmi: 29.30 -> 32.43 (delta +3.13),0.06110303807352847,0.0,1 - sum(abs(model delta - user delta)) / (sum(abs(model delta)) + sum(abs(user delta))),0.0,0.15275759518382118,nan,1.0,1.0,0.576825617286,0.6958534050857853,0.0733864974093,0.0818222236912,0.960869565217,0.9780273967090716,1.0,1.0,0.195652173913,0.10986301645464236,154.0,154.0,154.0,0.0,0.0,0.0,74.0,82.99999999999801,74.0,0.195652173913,0.0,0.195652173913,193.0,193.0,193.0,0.0,0.0,0.0,29.3,29.3,32.428019804496586,0.0,0.10986301645464236,0.10986301645464236,39.0,39.0,39.0,0.0,0.0,0.0,0.021224051780805886,0.060598171910394114
R_3Qv0QTQ49yAIRot,attribution,17,160209,feature contribution,0.645156086672403,insulin: 71.00 -> 254.00 (delta +183.00),insulin: 71.00 -> 264.68 (delta +193.68),0.0044049439976353135,0.9716464352387475,1 - sum(abs(model delta - user delta)) / (sum(abs(model delta)) + sum(abs(user delta))),1.0,0.022024719988176567,1.0,1.0,1.0,0.960612567867,0.9396003433049628,0.18171699525,0.215219871146,0.924523632764,0.9201186887665647,1.0,1.0,0.377381836179,0.3994065561671766,83.0,83.0,83.0,0.0,0.0,0.0,78.0,78.0,78.0,0.0,0.0,0.0,71.0,253.99999999992107,264.6802272165877,0.377381836179,0.3994065561671766,0.022024719988176567,29.3,29.3,29.3,0.0,0.0,0.0,36.0,36.0,36.0,0.0,0.0,0.0,0.029680336440781108,0.1855395347052189
R_3Qv0QTQ49yAIRot,attribution,18,160216,feature contribution,0.44076858501313404,blood_pressure: 62.00 -> 77.00 (delta +15.00),insulin: 120.00 -> 208.78 (delta +88.78),0.10183555607299274,0.0,1 - sum(abs(model delta - user delta)) / (sum(abs(model delta)) + sum(abs(user delta))),0.0,0.2545888901824819,nan,1.0,1.0,0.941757396938,0.9419176738934433,-0.110358997454,0.034821278767,0.93675857978,0.9633818352314073,1.0,1.0,0.326086956522,0.1830908238429637,151.0,151.0,151.0,0.0,0.0,0.0,62.0,77.000000000012,62.0,0.326086956522,0.0,0.326086956522,120.0,120.0,208.78440229793014,0.0,0.1830908238429637,0.1830908238429637,35.5,35.5,35.5,0.0,0.0,0.0,28.0,28.0,28.0,0.0,0.0,0.0,0.1482695480678854,-0.11344826930088539
R_3Qv0QTQ49yAIRot,attribution,19,160217,feature contribution,0.6562467062039475,insulin: 94.00 -> 293.00 (delta +199.00),insulin: 94.00 -> 246.72 (delta +152.72),0.019088617026629486,0.868410786007932,1 - sum(abs(model delta - user delta)) / (sum(abs(model delta)) + sum(abs(user delta))),1.0,0.09544308513314742,1.0,0.0,0.0,-0.109822208291,0.1693067166713087,-0.0536763950845,0.030760691058,0.927028647732,0.9459291914216427,1.0,1.0,0.410376969397,0.3149338842638526,112.0,112.0,112.0,0.0,0.0,0.0,68.0,68.0,68.0,0.0,0.0,0.0,94.0,292.99999999999363,246.71773915722773,0.410376969397,0.3149338842638526,0.09544308513314742,34.1,34.1,34.1,0.0,0.0,0.0,26.0,26.0,26.0,0.0,0.0,0.0,0.02242003734293707,0.008340653715062929
R_3Qv0QTQ49yAIRot,attribution,20,160215,feature contribution,0.43799412189637965,blood_pressure: 60.00 -> 81.00 (delta +21.00),insulin: 106.00 -> 284.82 (delta +178.82),0.1650570195585726,0.0,1 - sum(abs(model delta - user delta)) / (sum(abs(model delta)) + sum(abs(user delta))),0.0,0.4126425488964315,nan,0.0,1.0,-0.0752661496479,0.9137848897757732,-0.110198383974,0.0606767911965,0.964230823871,0.9165900583859842,1.0,1.0,0.45652173913,0.3687633586628629,117.0,117.0,117.0,0.0,0.0,0.0,60.0,80.99999999997999,60.0,0.45652173913,0.0,0.45652173913,106.0,106.0,284.82072788279584,0.0,0.3687633586628629,0.3687633586628629,33.8,33.8,33.8,0.0,0.0,0.0,27.0,27.0,27.0,0.0,0.0,0.0,0.11673743110897178,-0.05606063991247178
R_5ASRudX4WuOaMDD,counterfactual,1,160200,feature contribution,0.4001378836150801,glucose: 154.00 -> 97.00 (delta -57.00); insulin: 126.00 -> 75.00 (delta -51.00); bmi: 31.30 -> 27.52 (delta -3.78),glucose: 154.00 -> 141.53 (delta -12.47); blood_pressure: 72.00 -> 67.05 (delta -4.95); bmi: 31.30 -> 28.34 (delta -2.96),0.12405979043590762,0.40369661337678564,1 - sum(abs(model delta - user delta)) / (sum(abs(model delta)) + sum(abs(user delta))),0.6666666666666666,0.15507473804488453,1.0,1.0,1.0,0.988208714055,0.822181159785472,-0.139353185527,0.0980127823706,0.970307729789,0.9425408481248105,1.0,1.0,0.7226157040200001,0.317624828055807,154.0,96.99999999999366,141.5271327184044,-0.484611460636,-0.10604376195881327,0.37856769867718676,72.0,72.0,67.04791424704706,0.0,-0.10765403810767249,0.10765403810767249,126.0,74.99999999995046,126.0,-0.105171987132,0.0,0.105171987132,31.3,27.51799999999305,28.340989659088045,-0.132832256252,-0.10392702798932124,0.028905228262678773,37.0,37.0,37.0,0.0,0.0,0.0,0.04941033781608384,0.048602444554516164
R_5ASRudX4WuOaMDD,counterfactual,2,160210,feature contribution,0.4257992210306392,bmi: 39.40 -> 26.95 (delta -12.45),bmi: 39.40 -> 24.97 (delta -14.43),0.0138920011950186,0.9264276349762696,1 - sum(abs(model delta - user delta)) / (sum(abs(model delta)) + sum(abs(user delta))),1.0,0.069460005975093,1.0,0.0,1.0,0.14411687148,0.9935369598304395,0.0494064421352,0.0664632820126,0.937321485927,0.923429484732179,1.0,1.0,0.43732228154,0.506782287515093,100.0,100.0,100.0,0.0,0.0,0.0,74.0,74.0,74.0,0.0,0.0,0.0,215.0,215.0,215.0,0.0,0.0,0.0,39.4,26.9485599999931,24.97089470987025,-0.43732228154,-0.506782287515093,0.069460005975093,43.0,43.0,43.0,0.0,0.0,0.0,0.05240316803055989,0.014060113982040115
R_5ASRudX4WuOaMDD,counterfactual,3,160212,feature contribution,0.5743671497047462,insulin: 207.00 -> 128.00 (delta -79.00); bmi: 37.10 -> 28.09 (delta -9.01),insulin: 207.00 -> 36.04 (delta -170.96); bmi: 37.10 -> 26.48 (delta -10.62),0.049244009211807056,0.7956899368503876,1 - sum(abs(model delta - user delta)) / (sum(abs(model delta)) + sum(abs(user delta))),1.0,0.12311002302951764,1.0,1.0,1.0,0.985477303723,0.9854776316316265,-0.117982562675,0.0372518432215,0.904217361779,0.9274518897300106,1.0,1.0,0.47945463351100004,0.7256746795700353,111.0,111.0,111.0,0.0,0.0,0.0,72.0,72.0,72.0,0.0,0.0,0.0,207.0,128.00000000006588,36.03859218739457,-0.162913470263,-0.3525559016180093,0.18964243135500933,37.1,28.087440000002935,26.476562154149907,-0.316541163248,-0.37311877795202597,0.05657761470402595,56.0,56.0,56.0,0.0,0.0,0.0,0.4074090775399173,-0.3701572343184173
R_5ASRudX4WuOaMDD,counterfactual,4,160214,feature contribution,0.5420438605929536,insulin: 156.00 -> 94.00 (delta -62.00); bmi: 29.90 -> 26.95 (delta -2.95),blood_pressure: 74.00 -> 68.76 (delta -5.24); insulin: 156.00 -> 104.33 (delta -51.67),0.04777537130122258,0.47148197751097964,1 - sum(abs(model delta - user delta)) / (sum(abs(model delta)) + sum(abs(user delta))),0.5,0.07962561883537096,1.0,1.0,1.0,0.995747464124,0.9957855025518421,-0.0838133979103,0.0501717968156,0.953696543602,0.9559084854255185,1.0,1.0,0.23151728198899998,0.22045757287240716,104.0,104.0,104.0,0.0,0.0,0.0,74.0,74.0,68.76020561004104,0.0,-0.11390857369476004,0.11390857369476004,156.0,94.0000000000824,104.33225931877524,-0.127856141219,-0.10654899917764712,0.021307142041352867,29.9,26.948559999996554,29.9,-0.10366114077,0.0,0.10366114077,41.0,41.0,41.0,0.0,0.0,0.0,0.11514818482721495,-0.06497638801161496
R_5ASRudX4WuOaMDD,counterfactual,5,160201,feature contribution,0.6551772358123308,glucose: 187.00 -> 106.00 (delta -81.00); insulin: 200.00 -> 114.00 (delta -86.00); bmi: 36.40 -> 28.66 (delta -7.74),glucose: 187.00 -> 147.54 (delta -39.46); insulin: 200.00 -> 80.25 (delta -119.75); bmi: 36.40 -> 29.03 (delta -7.37),0.08719207798020832,0.7797257598271703,1 - sum(abs(model delta - user delta)) / (sum(abs(model delta)) + sum(abs(user delta))),1.0,0.14532012996701388,1.0,1.0,0.0,0.943664682529,0.15174061532825828,0.222555713942,0.281142117469,0.958867773188,0.9084782743794507,1.0,1.0,1.137962837983,0.8412081697525489,187.0,106.00000000000338,147.5381892579092,-0.68865839143,-0.33550255689585784,0.3531558345341421,70.0,70.0,70.0,0.0,0.0,0.0,200.0,113.99999999997351,80.24818072372204,-0.177348841046,-0.24695170188129528,0.0696028608352953,36.4,28.656880000004683,29.03275864670852,-0.271955605507,-0.2587539109753958,0.013201694531604191,36.0,36.0,36.0,0.0,0.0,0.0,0.10069633032718334,0.18044578714181664
R_5ASRudX4WuOaMDD,counterfactual,6,160202,feature contribution,0.48694079382817196,glucose: 125.00 -> 104.00 (delta -21.00); insulin: 115.00 -> 80.00 (delta -35.00); bmi: 31.10 -> 27.80 (delta -3.30),glucose: 125.00 -> 112.48 (delta -12.52); blood_pressure: 70.00 -> 64.86 (delta -5.14); bmi: 31.10 -> 28.07 (delta -3.03),0.05307735895506773,0.6160504475212351,1 - sum(abs(model delta - user delta)) / (sum(abs(model delta)) + sum(abs(user delta))),0.6666666666666666,0.06634669869383467,1.0,1.0,1.0,0.977386582333,0.9767836302848094,-0.117196745194,0.0569726484831,0.95067448859,0.9350646957961336,1.0,1.0,0.366525729542,0.32467652101933214,125.0,103.9999999999791,112.48035101399466,-0.178541064445,-0.10644149792556812,0.07209956651943189,70.0,70.0,64.85863551618857,0.0,-0.11176879312633542,0.11176879312633542,115.0,80.00000000002305,115.0,-0.072176853914,0.0,0.072176853914,31.1,27.80271999999762,28.06869350036737,-0.115807811183,-0.1064662299674286,0.009341581215571396,41.0,41.0,41.0,0.0,0.0,0.0,0.14583611915234124,-0.08886347066924125
R_5ASRudX4WuOaMDD,counterfactual,7,160204,feature contribution,0.4116262396641432,glucose: 125.00 -> 99.00 (delta -26.00); insulin: 122.00 -> 65.00 (delta -57.00),glucose: 125.00 -> 112.48 (delta -12.52); insulin: 122.00 -> 71.23 (delta -50.77),0.02549221128935696,0.7681392030278036,1 - sum(abs(model delta - user delta)) / (sum(abs(model delta)) + sum(abs(user delta))),1.0,0.0637305282233924,1.0,1.0,1.0,0.968511305831,0.9685082504240391,-0.199473708241,0.0395820491408,0.932856941417,0.957773010532757,1.0,1.0,0.338596003783,0.2111349473362152,125.0,98.99999999995171,112.48035101399466,-0.221050841694,-0.10644149792556812,0.11460934376843188,70.0,70.0,70.0,0.0,0.0,0.0,122.0,64.99999999980201,71.23205251178891,-0.117545162089,-0.1046934494106471,0.012851712678352903,28.9,28.9,28.9,0.0,0.0,0.0,45.0,45.0,45.0,0.0,0.0,0.0,0.1550475786655503,-0.11546552952475031
R_5ASRudX4WuOaMDD,counterfactual,8,160211,feature contribution,0.6570930576679779,glucose: 145.00 -> 100.00 (delta -45.00); blood_pressure: 80.00 -> 72.00 (delta -8.00); bmi: 37.90 -> 26.38 (delta -11.52),glucose: 145.00 -> 120.28 (delta -24.72); blood_pressure: 80.00 -> 65.75 (delta -14.25); bmi: 37.90 -> 31.36 (delta -6.54),0.09666395918467525,0.7174606019439964,1 - sum(abs(model delta - user delta)) / (sum(abs(model delta)) + sum(abs(user delta))),1.0,0.16110659864112542,1.0,1.0,1.0,0.981198008651,0.834048003487261,-0.0407958124938,0.0747170723186,0.943641731611,0.9600627264078938,1.0,1.0,0.96113998224,0.7494879841563008,145.0,99.9999999999888,120.28099350856203,-0.382587995239,-0.21015989195237172,0.17242810328662828,80.0,72.000000000012,65.75164064969943,-0.173913043478,-0.3097469423978385,0.13583389891983852,130.0,130.0,130.0,0.0,0.0,0.0,37.9,26.379120000013128,31.36336550272098,-0.404638943523,-0.22958114980609057,0.17505779371690944,40.0,40.0,40.0,0.0,0.0,0.0,0.025265302595143813,0.04945176972345619
R_5ASRudX4WuOaMDD,counterfactual,9,160203,feature contribution,0.4940078145418687,glucose: 161.00 -> 97.00 (delta -64.00); insulin: 132.00 -> 75.00 (delta -57.00),glucose: 161.00 -> 147.35 (delta -13.65); insulin: 132.00 -> 79.80 (delta -52.20),0.08759123285058759,0.5053491615461638,1 - sum(abs(model delta - user delta)) / (sum(abs(model delta)) + sum(abs(user delta))),1.0,0.218978082126469,1.0,1.0,0.0,0.984594604169,0.3954396550585672,-0.238160449371,0.0605519329641,0.907418145481,0.9552571706759876,1.0,1.0,0.661670310873,0.223714146620062,161.0,97.00000000002589,147.3469815880375,-0.544125148784,-0.11607735429316868,0.4280477944908313,68.0,68.0,68.0,0.0,0.0,0.0,132.0,74.999999999802,79.80476666484279,-0.117545162089,-0.10763679232689333,0.00990836976210667,25.5,25.5,25.5,0.0,0.0,0.0,47.0,47.0,47.0,0.0,0.0,0.0,0.0075703203234122884,0.05298161264068771
R_5ASRudX4WuOaMDD,counterfactual,10,160213,feature contribution,0.4211904188170421,blood_pressure: 88.00 -> 73.00 (delta -15.00); bmi: 34.50 -> 28.09 (delta -6.41),blood_pressure: 88.00 -> 70.95 (delta -17.05); bmi: 34.50 -> 28.58 (delta -5.92),0.012412309404522221,0.9450713633400483,1 - sum(abs(model delta - user delta)) / (sum(abs(model delta)) + sum(abs(user delta))),1.0,0.03103077351130555,1.0,0.0,0.0,0.015954594708,0.0194213931161029,0.0317351652086,0.0929170929375,0.950872625367,0.9468255598254545,1.0,1.0,0.551310333875,0.5785474378883395,117.0,117.0,117.0,0.0,0.0,0.0,88.0,72.999999999988,70.94613102616114,-0.326086956522,-0.37073628203997533,0.04464932551797535,145.0,145.0,145.0,0.0,0.0,0.0,34.5,28.087440000005376,28.583200770685366,-0.225223377353,-0.20781115584836424,0.017412221504635755,40.0,40.0,40.0,0.0,0.0,0.0,0.06792139515950327,0.024995697777996734
R_5ASRudX4WuOaMDD,counterfactual,11,160218,feature contribution,0.5166106483048906,blood_pressure: 74.00 -> 82.00 (delta +8.00); bmi: 29.30 -> 35.77 (delta +6.47),blood_pressure: 74.00 -> 79.09 (delta +5.09); bmi: 29.30 -> 32.48 (delta +3.18),0.03575971462350037,0.7133958038116283,1 - sum(abs(model delta - user delta)) / (sum(abs(model delta)) + sum(abs(user delta))),1.0,0.08939928655875092,1.0,1.0,1.0,0.9366139856,0.727850993872827,-0.0136359293979,0.0818222236912,0.936958795434,0.9554946670405003,1.0,1.0,0.40132523791499997,0.22252666479749816,154.0,154.0,154.0,0.0,0.0,0.0,74.0,81.999999999988,79.09214953073766,0.173913043478,0.11069890284212314,0.06321414063587685,193.0,193.0,193.0,0.0,0.0,0.0,29.3,35.77488000001027,32.48396003839344,0.227412194437,0.11182776195537503,0.11558443248162498,39.0,39.0,39.0,0.0,0.0,0.0,0.01968836601985502,0.06213385767134498
R_5ASRudX4WuOaMDD,counterfactual,12,160209,feature contribution,1.0,glucose: 83.00 -> 149.00 (delta +66.00); blood_pressure: 78.00 -> 82.00 (delta +4.00); insulin: 71.00 -> 283.00 (delta +212.00); bmi: 29.30 -> 33.21 (delta +3.91),glucose: 83.00 -> 107.81 (delta +24.81); blood_pressure: 78.00 -> 85.74 (delta +7.74); insulin: 71.00 -> 214.53 (delta +143.53); bmi: 29.30 -> 34.84 (delta +5.54),0.12594361504134294,0.6990378062147209,1 - sum(abs(model delta - user delta)) / (sum(abs(model delta)) + sum(abs(user delta))),1.0,0.1574295188016787,1.0,0.0,1.0,0.017716181921,0.9994490218262817,0.130218749951,0.215219871146,0.913405331542,0.9558460488035447,1.0,1.0,1.2226832909971,0.869666140958416,83.0,149.00000000003212,107.81366220223484,0.561129059684,0.21096465058863145,0.3501644090953685,78.0,81.99999999999861,85.74249756143136,0.0869565217391,0.16831516437894267,0.08135864263984267,71.0,283.0000000002344,214.52774254576107,0.437185515137,0.29598231160966915,0.14120320352733085,29.3,33.21240000001027,34.835071097460755,0.137412194437,0.19440401438117272,0.05699181994417271,36.0,36.0,36.0,0.0,0.0,0.0,0.14473265331168406,0.07048721783431594
R_5ASRudX4WuOaMDD,counterfactual,13,160217,feature contribution,0.7674290321297437,glucose: 112.00 -> 129.00 (delta +17.00); blood_pressure: 68.00 -> 86.00 (delta +18.00); insulin: 94.00 -> 259.00 (delta +165.00),glucose: 112.00 -> 136.91 (delta +24.91); blood_pressure: 68.00 -> 79.61 (delta +11.61); insulin: 94.00 -> 266.20 (delta +172.20),0.044218342864170083,0.869583470900688,1 - sum(abs(model delta - user delta)) / (sum(abs(model delta)) + sum(abs(user delta))),1.0,0.07369723810695014,1.0,0.0,0.0,-0.155802070476,-0.15364221144232304,-0.202546175991,0.030760691058,0.972222507898,0.9339472434347333,1.0,1.0,0.876099901781,0.8191738173385246,112.0,129.0000000000225,136.90701848921293,0.144533242646,0.21175836158147354,0.06722511893547353,68.0,85.99999999999599,79.6055906284395,0.391304347826,0.2522954484443371,0.1390088993816629,94.0,258.9999999999606,266.2047939460816,0.340262311309,0.355120007312714,0.014857696003714005,34.1,34.1,34.1,0.0,0.0,0.0,26.0,26.0,26.0,0.0,0.0,0.0,0.09492118617019252,-0.06416049511219252
R_5ASRudX4WuOaMDD,counterfactual,14,160219,feature contribution,0.6687993913584296,glucose: 139.00 -> 112.00 (delta -27.00),blood_pressure: 64.00 -> 90.45 (delta +26.45),0.16089356300586316,0.0,1 - sum(abs(model delta - user delta)) / (sum(abs(model delta)) + sum(abs(user delta))),0.0,0.40223390751465793,nan,0.0,0.0,-0.0408733141376,-0.051343886535805794,-0.145338400747,0.038863565943,0.954662559044,0.9404083010841866,1.0,1.0,0.229552797143,0.5749150178863158,139.0,112.00000000004033,139.0,-0.229552797143,0.0,0.229552797143,64.0,64.0,90.44609082277053,0.0,0.5749150178863158,0.5749150178863158,140.0,140.0,140.0,0.0,0.0,0.0,28.6,28.6,28.6,0.0,0.0,0.0,26.0,26.0,26.0,0.0,0.0,0.0,0.19739502790252883,-0.15853146195952883
R_5ASRudX4WuOaMDD,counterfactual,15,160206,feature contribution,0.5217657457782342,blood_pressure: 80.00 -> 65.00 (delta -15.00),bmi: 20.40 -> 48.87 (delta +28.47),0.2652173913044,0.0,1 - sum(abs(model delta - user delta)) / (sum(abs(model delta)) + sum(abs(user delta))),0.0,0.663043478261,nan,0.0,0.0,0.000794479116408,0.005629170499964364,0.448858393683,0.558946397893,0.980044421968,0.9276292158456297,1.0,1.0,0.326086956522,1.0,103.0,103.0,103.0,0.0,0.0,0.0,80.0,64.999999999988,80.0,-0.326086956522,0.0,0.326086956522,82.0,82.0,82.0,0.0,0.0,0.0,20.4,20.4,48.872000000000035,0.0,1.0,1.0,22.0,22.0,22.0,0.0,0.0,0.0,0.1225584756803069,0.4363879222126932
R_5ASRudX4WuOaMDD,counterfactual,16,160207,feature contribution,0.6444310830632184,bmi: 30.40 -> 27.80 (delta -2.60),glucose: 89.00 -> 172.92 (delta +83.92),0.1609487542255415,0.0,1 - sum(abs(model delta - user delta)) / (sum(abs(model delta)) + sum(abs(user delta))),0.0,0.4023718855638538,nan,0.0,1.0,1.1643965947e-07,0.9988581379838539,-0.034796661031,0.204135275223,0.981755549311,0.935446656363484,1.0,1.0,0.091222253442,0.7135215176857076,89.0,89.0,172.92440091019296,0.0,0.7135215176857076,0.7135215176857076,74.0,74.0,74.0,0.0,0.0,0.0,85.0,85.0,85.0,0.0,0.0,0.0,30.4,27.80271999999937,30.4,-0.091222253442,0.0,0.091222253442,38.0,38.0,38.0,0.0,0.0,0.0,0.16054543632130308,0.04358983890169693
R_5ASRudX4WuOaMDD,counterfactual,17,160216,feature contribution,0.5222932180681278,glucose: 151.00 -> 113.00 (delta -38.00); bmi: 35.50 -> 28.09 (delta -7.41),blood_pressure: 62.00 -> 72.30 (delta +10.30); insulin: 120.00 -> 245.33 (delta +125.33),0.2131706222193634,0.0,1 - sum(abs(model delta - user delta)) / (sum(abs(model delta)) + sum(abs(user delta))),0.0,0.26646327777420425,nan,0.0,1.0,0.0192451129964,0.7613465521590166,-0.0844275368521,0.034821278767,0.950182564974,0.9511337094227665,1.0,1.0,0.583419909788,0.48243320130881706,151.0,112.99999999995657,151.0,-0.323074307091,0.0,0.323074307091,62.0,62.0,72.30276468476208,0.0,0.22397314532091472,0.22397314532091472,120.0,120.0,245.33245034965384,0.0,0.25846005598790234,0.25846005598790234,35.5,28.087440000011007,35.5,-0.260345602697,0.0,0.260345602697,28.0,28.0,28.0,0.0,0.0,0.0,0.023937658786989613,0.01088361998001039
R_5ASRudX4WuOaMDD,counterfactual,18,160205,feature contribution,0.504332954434109,bmi: 20.40 -> 33.50 (delta +13.10),bmi: 20.40 -> 48.87 (delta +28.47),0.10800000000000001,0.6301369863013698,1 - sum(abs(model delta - user delta)) / (sum(abs(model delta)) + sum(abs(user delta))),1.0,0.54,1.0,0.0,0.0,0.19739413552,5.646621450972056e-05,0.217421637815,0.284435118814,0.946151457466,0.9030469945021783,1.0,1.0,0.46,1.0,100.0,100.0,100.0,0.0,0.0,0.0,74.0,74.0,74.0,0.0,0.0,0.0,46.0,46.0,46.0,0.0,0.0,0.0,20.4,33.49712000000002,48.872000000000035,0.46,1.0,0.54,28.0,28.0,28.0,0.0,0.0,0.0,0.2801740980179731,0.004261020796026915
R_5ASRudX4WuOaMDD,counterfactual,19,160208,feature contribution,0.44427993655904024,blood_pressure: 74.00 -> 80.00 (delta +6.00),bmi: 25.90 -> 40.82 (delta +14.92),0.1308770206773306,0.0,1 - sum(abs(model delta - user delta)) / (sum(abs(model delta)) + sum(abs(user delta))),0.0,0.32719255169332645,nan,0.0,0.0,0.102581409379,-0.011382677730306101,0.0463051859377,0.0900870805017,0.973913043478,0.9322729203236128,1.0,1.0,0.130434782609,0.5239503207776529,126.0,126.0,126.0,0.0,0.0,0.0,74.0,80.000000000014,74.0,0.130434782609,0.0,0.130434782609,75.0,75.0,75.0,0.0,0.0,0.0,25.9,25.9,40.817913533181354,0.0,0.5239503207776529,0.5239503207776529,39.0,39.0,39.0,0.0,0.0,0.0,0.11155147422325828,-0.021464393721558284
R_5ASRudX4WuOaMDD,counterfactual,20,160215,feature contribution,0.3959079228852933,insulin: 106.00 -> 143.00 (delta +37.00); bmi: 33.80 -> 36.91 (delta +3.11),glucose: 117.00 -> 157.12 (delta +40.12); blood_pressure: 60.00 -> 85.68 (delta +25.68),0.21700614995806777,0.0,1 - sum(abs(model delta - user delta)) / (sum(abs(model delta)) + sum(abs(user delta))),0.0,0.2712576874475847,nan,1.0,1.0,0.671771859981,0.9191730644236941,0.0415403817531,0.0606767911965,0.955536860679,0.9412391131866227,1.0,1.0,0.1856634259543,0.8993673238360389,117.0,117.0,157.12058478365302,0.0,0.34110342444867375,0.34110342444867375,60.0,60.0,85.6801393718188,0.0,0.5582638993873652,0.5582638993873652,106.0,143.0000000000103,106.0,0.0763012455663,0.0,0.0763012455663,33.8,36.91376000000714,33.8,0.109362180388,0.0,0.109362180388,27.0,27.0,27.0,0.0,0.0,0.0,0.12080095550259473,-0.060124164306094734
R_5L0xQQar3o8Bvr3,counterfactual,1,160214,feature contribution,0.49792890801866263,glucose: 104.00 -> 113.00 (delta +9.00),insulin: 156.00 -> 152.82 (delta -3.18),0.01661331964508942,0.0,1 - sum(abs(model delta - user delta)) / (sum(abs(model delta)) + sum(abs(user delta))),0.0,0.04153329911272355,nan,0.0,0.0,-0.00314813984479,0.004323533875169474,-0.0601362646412,0.0501717968156,0.98469648019,0.9986902001644706,1.0,1.0,0.0765175990478,0.006548999177647091,104.0,113.00000000000225,104.0,0.0765175990478,0.0,0.0765175990478,74.0,74.0,74.0,0.0,0.0,0.0,156.0,156.0,152.82425931877538,0.0,-0.006548999177647091,0.006548999177647091,29.9,29.9,29.9,0.0,0.0,0.0,41.0,41.0,41.0,0.0,0.0,0.0,0.04362279763770868,0.0065489991778913195
R_5L0xQQar3o8Bvr3,counterfactual,2,160210,feature contribution,0.49792890801866263,insulin: 215.00 -> 351.00 (delta +136.00),insulin: 215.00 -> 86.75 (delta -128.25),0.10898660045490312,0.0,1 - sum(abs(model delta - user delta)) / (sum(abs(model delta)) + sum(abs(user delta))),1.0,0.5449330022745156,0.0,0.0,1.0,-0.00206071574084,0.9979351837755833,-0.207875074319,0.0664632820126,0.877846692651,0.9628080620478818,1.0,1.0,0.280458632352,0.26447436992251555,100.0,100.0,100.0,0.0,0.0,0.0,74.0,74.0,74.0,0.0,0.0,0.0,215.0,351.00000000013216,86.7510885371735,0.280458632352,-0.26447436992251555,0.5449330022745156,39.4,39.4,39.4,0.0,0.0,0.0,43.0,43.0,43.0,0.0,0.0,0.0,0.19801108991702193,-0.13154780790442194
R_5L0xQQar3o8Bvr3,counterfactual,3,160202,feature contribution,0.49792890801866263,insulin: 115.00 -> 215.00 (delta +100.00),insulin: 115.00 -> 112.91 (delta -2.09),0.04210620141412354,0.0,1 - sum(abs(model delta - user delta)) / (sum(abs(model delta)) + sum(abs(user delta))),1.0,0.21053100707061767,0.0,0.0,0.0,0.0313244390706,0.007011496586712351,-0.0096926657244,0.0569726484831,0.958756083477,0.9991377151082764,1.0,1.0,0.206219582612,0.00431142445861768,125.0,125.0,125.0,0.0,0.0,0.0,70.0,70.0,70.0,0.0,0.0,0.0,115.0,215.00000000021126,112.9093040515271,0.206219582612,-0.00431142445861768,0.21053100707061767,31.1,31.1,31.1,0.0,0.0,0.0,41.0,41.0,41.0,0.0,0.0,0.0,0.054031920282050616,0.002940728201049382
R_5L0xQQar3o8Bvr3,counterfactual,4,160203,feature contribution,0.49792890801866263,bmi: 25.50 -> 33.78 (delta +8.28),insulin: 132.00 -> 123.88 (delta -8.12),0.06152412329077221,0.0,1 - sum(abs(model delta - user delta)) / (sum(abs(model delta)) + sum(abs(user delta))),0.0,0.15381030822693054,nan,0.0,0.0,-0.0137918322867,0.0009231352104722996,-0.0913493292434,0.0605519329641,0.941824669851,0.9966512068582278,1.0,1.0,0.290876650745,0.01674396570886108,161.0,161.0,161.0,0.0,0.0,0.0,68.0,68.0,68.0,0.0,0.0,0.0,132.0,132.0,123.88051614845907,0.0,-0.01674396570886108,0.01674396570886108,25.5,33.78184000001165,25.5,0.290876650745,0.0,0.290876650745,47.0,47.0,47.0,0.0,0.0,0.0,0.0667684749213284,-0.0062165419572284
R_5L0xQQar3o8Bvr3,counterfactual,5,160204,feature contribution,0.5253905663928949,blood_pressure: 70.00 -> 77.00 (delta +7.00); insulin: 122.00 -> 196.00 (delta +74.00),blood_pressure: 70.00 -> 69.46 (delta -0.54); insulin: 122.00 -> 119.72 (delta -2.28),0.06424772934259651,0.0,1 - sum(abs(model delta - user delta)) / (sum(abs(model delta)) + sum(abs(user delta))),1.0,0.16061932335649126,0.0,0.0,0.0,-0.0177179322832,0.03853640910842267,-0.0388799006641,0.0395820491408,0.939044719164,0.9967075514926035,1.0,1.0,0.304776404176,0.01646224253698253,125.0,125.0,125.0,0.0,0.0,0.0,70.0,76.999999999978,69.45863551618856,0.152173913043,-0.011768793126335442,0.16394270616933543,122.0,196.0000000002145,119.72405251178901,0.152602491133,-0.004693449410647088,0.1572959405436471,28.9,28.9,28.9,0.0,0.0,0.0,45.0,45.0,45.0,0.0,0.0,0.0,0.0285668496250219,0.011015199515778097
R_5L0xQQar3o8Bvr3,counterfactual,6,160211,feature contribution,0.49792890801866263,insulin: 130.00 -> 181.00 (delta +51.00),insulin: 130.00 -> 36.00 (delta -94.00),0.05980367895737411,0.0,1 - sum(abs(model delta - user delta)) / (sum(abs(model delta)) + sum(abs(user delta))),1.0,0.29901839478687053,0.0,0.0,0.0,0.0256648604417,0.0009242196321270768,-0.0289652903392,0.0747170723186,0.916034579174,0.9004783744606893,1.0,1.0,0.105171987132,0.19384640765487052,145.0,145.0,145.0,0.0,0.0,0.0,80.0,80.0,80.0,0.0,0.0,0.0,130.0,181.00000000004954,36.0,0.105171987132,-0.19384640765487052,0.29901839478687053,37.9,37.9,37.9,0.0,0.0,0.0,40.0,40.0,40.0,0.0,0.0,0.0,0.05844515741962941,0.01627191489897059
R_5L0xQQar3o8Bvr3,counterfactual,7,160200,feature contribution,0.49792890801866263,insulin: 126.00 -> 211.00 (delta +85.00),insulin: 126.00 -> 119.65 (delta -6.35),0.037676069408162434,0.0,1 - sum(abs(model delta - user delta)) / (sum(abs(model delta)) + sum(abs(user delta))),1.0,0.18838034704081216,0.0,1.0,0.0,0.671199237739,-0.004380830588967559,0.0818160060278,0.0980127823706,0.959020741903,0.9379820972243971,1.0,1.0,0.17528664522,0.013093701820812154,154.0,154.0,154.0,0.0,0.0,0.0,72.0,72.0,72.0,0.0,0.0,0.0,126.0,211.0000000000826,119.65060211305176,0.17528664522,-0.013093701820812154,0.18838034704081216,31.3,31.3,31.3,0.0,0.0,0.0,37.0,37.0,37.0,0.0,0.0,0.0,0.11110648419089261,-0.013093701820292611
R_5L0xQQar3o8Bvr3,counterfactual,8,160201,feature contribution,0.5253905663928949,blood_pressure: 70.00 -> 77.00 (delta +7.00); insulin: 200.00 -> 312.00 (delta +112.00),blood_pressure: 70.00 -> 59.56 (delta -10.44); insulin: 200.00 -> 116.32 (delta -83.68),0.15652660672081659,0.0,1 - sum(abs(model delta - user delta)) / (sum(abs(model delta)) + sum(abs(user delta))),1.0,0.3913165168020415,0.0,0.0,1.0,-8.98971193198e-06,0.9736508791481532,0.0302278261562,0.281142117469,0.944873935792,0.9172677212101392,1.0,1.0,0.38313984556799996,0.399493188036083,187.0,187.0,187.0,0.0,0.0,0.0,70.0,76.999999999978,59.56173255557097,0.152173913043,-0.22691885748758756,0.37909277053058754,200.0,312.0000000000232,116.31525563042342,0.230965932525,-0.17257433054849544,0.40354026307349544,36.4,36.4,36.4,0.0,0.0,0.0,36.0,36.0,36.0,0.0,0.0,0.0,0.05181547700771086,0.22932664046128912
R_5L0xQQar3o8Bvr3,counterfactual,9,160213,feature contribution,0.49792890801866263,insulin: 145.00 -> 196.00 (delta +51.00),insulin: 145.00 -> 36.00 (delta -109.00),0.06599026643572103,0.0,1 - sum(abs(model delta - user delta)) / (sum(abs(model delta)) + sum(abs(user delta))),1.0,0.3299513321786052,0.0,0.0,1.0,-0.0057834213773,0.9710319928745776,-0.0661364255247,0.0929170929375,0.978965602573,0.955044130990679,1.0,1.0,0.105171987132,0.22477934504660518,117.0,117.0,117.0,0.0,0.0,0.0,88.0,88.0,88.0,0.0,0.0,0.0,145.0,196.00000000004954,36.0,0.105171987132,-0.22477934504660518,0.3299513321786052,34.5,34.5,34.5,0.0,0.0,0.0,40.0,40.0,40.0,0.0,0.0,0.0,0.06737297431014205,0.025544118627357948
R_5L0xQQar3o8Bvr3,counterfactual,10,160212,feature contribution,0.49792890801866263,insulin: 207.00 -> 337.00 (delta +130.00),insulin: 207.00 -> 36.00 (delta -171.00),0.124144188732155,0.0,1 - sum(abs(model delta - user delta)) / (sum(abs(model delta)) + sum(abs(user delta))),1.0,0.620720943660775,0.0,0.0,1.0,-0.014515139382,0.9854776316318026,-0.24227469525,0.0372518432215,0.946382908521,0.929472902746845,1.0,1.0,0.268085457395,0.35263548626577507,111.0,111.0,111.0,0.0,0.0,0.0,72.0,72.0,72.0,0.0,0.0,0.0,207.0,336.99999999998363,36.0,0.268085457395,-0.35263548626577507,0.620720943660775,37.1,37.1,37.1,0.0,0.0,0.0,56.0,56.0,56.0,0.0,0.0,0.0,0.3169976348679294,-0.27974579164642943
R_5L0xQQar3o8Bvr3,counterfactual,11,160206,feature contribution,0.30913411289409537,insulin: 82.00 -> 220.00 (delta +138.00); bmi: 20.40 -> 29.23 (delta +8.83); age: 22.00 -> 26.00 (delta +4.00),blood_pressure: 80.00 -> 85.46 (delta +5.46); insulin: 82.00 -> 265.94 (delta +183.94); bmi: 20.40 -> 28.16 (delta +7.76),0.07179533153482029,0.756309066507229,1 - sum(abs(model delta - user delta)) / (sum(abs(model delta)) + sum(abs(user delta))),0.6666666666666666,0.08974416441852537,1.0,0.0,0.0,8.8381677088e-05,1.0292080521168145e-09,0.435487101555,0.558946397893,0.936997146397,0.9048838085197579,0.0,1.0,0.702691132112,0.7703905805679276,103.0,103.0,103.0,0.0,0.0,0.0,80.0,80.0,85.45541347956836,0.0,0.11859594520800809,0.11859594520800809,82.0,220.00000000001995,265.9423429420396,0.284583024004,0.37932513186100647,0.09474210785700649,20.4,29.22632000000001,28.157751703621063,0.31,0.2724695034989131,0.03753049650108692,22.0,25.999999999996,22.0,0.108108108108,0.0,0.108108108108,0.2723118808536624,0.2866345170393376
R_5L0xQQar3o8Bvr3,counterfactual,12,160217,feature contribution,0.49792890801866263,age: 26.00 -> 31.00 (delta +5.00),insulin: 94.00 -> 317.08 (delta +223.08),0.11903410857095542,0.0,1 - sum(abs(model delta - user delta)) / (sum(abs(model delta)) + sum(abs(user delta))),0.0,0.29758527142738855,nan,1.0,0.0,0.776411361444,-0.1383443895595755,-0.0410960262648,0.030760691058,0.976460668286,0.9369603353963702,0.0,1.0,0.135135135135,0.46003540771977713,112.0,112.0,112.0,0.0,0.0,0.0,68.0,68.0,68.0,0.0,0.0,0.0,94.0,94.0,317.0803699114748,0.0,0.46003540771977713,0.46003540771977713,34.1,34.1,34.1,0.0,0.0,0.0,26.0,30.999999999995,26.0,0.135135135135,0.0,0.135135135135,0.12074494330190716,-0.08998425224390716
R_5L0xQQar3o8Bvr3,counterfactual,13,160207,feature contribution,0.5253905663928949,blood_pressure: 74.00 -> 81.00 (delta +7.00); insulin: 85.00 -> 245.00 (delta +160.00),blood_pressure: 74.00 -> 79.07 (delta +5.07); insulin: 85.00 -> 203.83 (delta +118.83),0.025371336284843164,0.8485101274241463,1 - sum(abs(model delta - user delta)) / (sum(abs(model delta)) + sum(abs(user delta))),1.0,0.06342834071210791,1.0,1.0,1.0,0.999963845917,0.9999435426543798,0.0846063347781,0.204135275223,0.903574950955,0.9289462872404431,1.0,1.0,0.482125245222,0.35526856379778415,89.0,89.0,89.0,0.0,0.0,0.0,74.0,80.999999999978,79.06956048067283,0.152173913043,0.11020783653636601,0.041966076506633976,85.0,245.00000000024102,203.83484786360714,0.329951332179,0.24506072726141817,0.08489060491758185,30.4,30.4,30.4,0.0,0.0,0.0,38.0,38.0,38.0,0.0,0.0,0.0,0.10116704663440612,0.10296822858859389
R_5L0xQQar3o8Bvr3,counterfactual,14,160205,feature contribution,0.5253905663928949,insulin: 46.00 -> 133.00 (delta +87.00); bmi: 20.40 -> 25.24 (delta +4.84),blood_pressure: 74.00 -> 84.62 (delta +10.62); insulin: 46.00 -> 317.30 (delta +271.30),0.15619873045963198,0.31480709166029497,1 - sum(abs(model delta - user delta)) / (sum(abs(model delta)) + sum(abs(user delta))),0.5,0.26033121743272,1.0,0.0,0.0,6.2371021652e-05,-1.880622657846054e-05,0.103565026735,0.284435118814,0.96490089958,0.862918721760962,1.0,1.0,0.34941103687200004,0.7904046891701598,100.0,100.0,100.0,0.0,0.0,0.0,74.0,74.0,84.62321600760329,0.0,0.23093947842615847,0.23093947842615847,46.0,132.9999999999704,317.2958699939817,0.179411036872,0.5594652107440014,0.38005417387200136,20.4,25.240240000000007,20.4,0.17,0.0,0.17,28.0,28.0,28.0,0.0,0.0,0.0,0.4164445407497206,-0.13200942193572057
R_5L0xQQar3o8Bvr3,counterfactual,15,160219,feature contribution,0.5253905663928949,insulin: 140.00 -> 235.00 (delta +95.00); bmi: 28.60 -> 35.49 (delta +6.89),blood_pressure: 64.00 -> 73.13 (delta +9.13); insulin: 140.00 -> 264.66 (delta +124.66),0.10032087526063013,0.4385580271410524,1 - sum(abs(model delta - user delta)) / (sum(abs(model delta)) + sum(abs(user delta))),0.5,0.1672014587677169,1.0,1.0,1.0,0.9431402022,0.5152208995092517,-0.0698430949854,0.038863565943,0.919582534277,0.9152170890526798,1.0,1.0,0.437906355659,0.4555152276061507,139.0,139.0,139.0,0.0,0.0,0.0,64.0,64.0,73.1286438794655,0.0,0.19844877998838062,0.19844877998838062,140.0,235.0000000000067,264.6566617788093,0.195908603481,0.2570664476177701,0.061157844136770084,28.6,35.490160000012025,28.6,0.241997752178,0.0,0.241997752178,26.0,26.0,26.0,0.0,0.0,0.0,0.005743837973085308,0.03311972796991469
R_5L0xQQar3o8Bvr3,counterfactual,16,160209,feature contribution,0.49792890801866263,insulin: 71.00 -> 201.00 (delta +130.00),insulin: 71.00 -> 257.08 (delta +186.08),0.023130641568181898,0.8225699175199178,1 - sum(abs(model delta - user delta)) / (sum(abs(model delta)) + sum(abs(user delta))),1.0,0.11565320784090949,1.0,1.0,1.0,0.974718628094,0.9560254169333182,0.167580516146,0.215219871146,0.946382908521,0.9232522669528181,1.0,1.0,0.268085457395,0.3837386652359095,83.0,83.0,83.0,0.0,0.0,0.0,78.0,78.0,78.0,0.0,0.0,0.0,71.0,200.9999999999837,257.0825535461976,0.268085457395,0.3837386652359095,0.11565320784090949,29.3,29.3,29.3,0.0,0.0,0.0,36.0,36.0,36.0,0.0,0.0,0.0,0.032399605121357644,0.18282026602464235
R_5L0xQQar3o8Bvr3,counterfactual,17,160208,feature contribution,0.5253905663928949,blood_pressure: 74.00 -> 84.00 (delta +10.00); insulin: 75.00 -> 138.00 (delta +63.00),blood_pressure: 74.00 -> 77.96 (delta +3.96); insulin: 75.00 -> 169.88 (delta +94.88),0.03942246911562129,0.6866167903295809,1 - sum(abs(model delta - user delta)) / (sum(abs(model delta)) + sum(abs(user delta))),1.0,0.09855617278905322,1.0,0.0,0.0,-0.00643853960489,0.07044876451204252,-0.0166691101657,0.0900870805017,0.930538071721,0.9436655617244334,1.0,1.0,0.347309641393,0.2816721913778329,126.0,126.0,126.0,0.0,0.0,0.0,74.0,84.000000000008,77.95675470136271,0.217391304348,0.08601640655136322,0.13137489779663677,75.0,137.99999999986153,169.87740317805185,0.129918337045,0.19565578482646967,0.06573744778146967,25.9,25.9,25.9,0.0,0.0,0.0,39.0,39.0,39.0,0.0,0.0,0.0,0.05236185853309305,0.03772522196860695
R_5L0xQQar3o8Bvr3,counterfactual,18,160218,feature contribution,0.49792890801866263,insulin: 193.00 -> 283.00 (delta +90.00),insulin: 193.00 -> 201.68 (delta +8.68),0.03354027851944326,0.17588965185999927,1 - sum(abs(model delta - user delta)) / (sum(abs(model delta)) + sum(abs(user delta))),1.0,0.16770139259721628,1.0,0.0,0.0,-0.0136300557358,-0.0054370943258885696,-0.0287545303142,0.0818222236912,0.96288047513,0.9964207536494433,1.0,1.0,0.18559762435,0.01789623175278371,154.0,154.0,154.0,0.0,0.0,0.0,74.0,74.0,74.0,0.0,0.0,0.0,193.0,282.9999999998022,201.6782407015599,0.18559762435,0.01789623175278371,0.16770139259721628,29.3,29.3,29.3,0.0,0.0,0.0,39.0,39.0,39.0,0.0,0.0,0.0,0.09389054015390824,-0.012068316462708242
R_5L0xQQar3o8Bvr3,counterfactual,19,160215,feature contribution,0.49792890801866263,insulin: 106.00 -> 172.00 (delta +66.00),insulin: 106.00 -> 378.86 (delta +272.86),0.0853155432068626,0.38954592590086423,1 - sum(abs(model delta - user delta)) / (sum(abs(model delta)) + sum(abs(user delta))),1.0,0.42657771603431305,1.0,1.0,1.0,0.845870205545,0.8267313447577334,-0.00206800108715,0.0606767911965,0.951577196372,0.8910067496167239,1.0,1.0,0.136104924524,0.5626826405583131,117.0,117.0,117.0,0.0,0.0,0.0,60.0,60.0,60.0,0.0,0.0,0.0,106.0,172.0000000001782,378.85606605953774,0.136104924524,0.5626826405583131,0.42657771603431305,33.8,33.8,33.8,0.0,0.0,0.0,27.0,27.0,27.0,0.0,0.0,0.0,0.035507715279957885,0.025169075916542112
R_5L0xQQar3o8Bvr3,counterfactual,20,160216,feature contribution,0.5253905663928949,insulin: 120.00 -> 225.00 (delta +105.00); bmi: 35.50 -> 40.33 (delta +4.83),blood_pressure: 62.00 -> 67.70 (delta +5.70); insulin: 120.00 -> 196.84 (delta +76.84),0.07033960967560247,0.4739926773871921,1 - sum(abs(model delta - user delta)) / (sum(abs(model delta)) + sum(abs(user delta))),0.5,0.1172326827926708,1.0,1.0,1.0,0.942405539908,0.9167746653300433,-0.1532512554,0.034821278767,0.922763008191,0.9435133597382366,1.0,1.0,0.386184959045,0.2824332013088171,151.0,151.0,151.0,0.0,0.0,0.0,62.0,62.0,67.70276468476209,0.0,0.12397314532091475,0.12397314532091475,120.0,224.99999999993085,196.84045034965376,0.216530561742,0.15846005598790236,0.05807050575409764,35.5,40.330400000011025,35.5,0.169654397303,0.0,0.169654397303,28.0,28.0,28.0,0.0,0.0,0.0,0.1628670608519724,-0.1280457820849724
R_5gkJQXcSCkjRBmu,none,1,160201,weighted examples,0.4115644728106581,glucose: 187.00 -> 127.00 (delta -60.00); bmi: 36.40 -> 24.39 (delta -12.01),glucose: 187.00 -> 127.13 (delta -59.87); bmi: 36.40 -> 26.65 (delta -9.75),0.016148838842929003,0.9547246167040921,1 - sum(abs(model delta - user delta)) / (sum(abs(model delta)) + sum(abs(user delta))),1.0,0.04037209710732251,1.0,1.0,1.0,0.999961614241,0.9950476938091753,0.0835175002225,0.281142117469,0.904530571378,0.9095758553372928,1.0,1.0,0.9320729324920001,0.851328738277355,187.0,127.00000000002427,127.12500702164246,-0.510117326985,-0.5090545228562959,0.0010628041287040757,70.0,70.0,70.0,0.0,0.0,0.0,200.0,200.0,200.0,0.0,0.0,0.0,36.4,24.38608000000468,26.65476853853159,-0.421955605507,-0.34227421542105907,0.07968139008594094,36.0,36.0,36.0,0.0,0.0,0.0,0.11900603128939055,0.16213608617960942
R_5gkJQXcSCkjRBmu,none,2,160203,weighted examples,0.7337753583256976,glucose: 161.00 -> 105.00 (delta -56.00),glucose: 161.00 -> 122.11 (delta -38.89),0.02909187917416426,0.8196992099551745,1 - sum(abs(model delta - user delta)) / (sum(abs(model delta)) + sum(abs(user delta))),1.0,0.1454593958708213,1.0,1.0,1.0,0.984560431813,0.9774526531130048,-0.106593334432,0.0605519329641,0.91847821033,0.9475700895041794,1.0,1.0,0.476109505186,0.3306501093151787,161.0,105.00000000002267,122.10893414234867,-0.476109505186,-0.3306501093151787,0.1454593958708213,68.0,68.0,68.0,0.0,0.0,0.0,132.0,132.0,132.0,0.0,0.0,0.0,25.5,25.5,25.5,0.0,0.0,0.0,47.0,47.0,47.0,0.0,0.0,0.0,0.1084742037733547,-0.04792227080925471
R_5gkJQXcSCkjRBmu,none,3,160200,weighted examples,0.4668099518301201,glucose: 154.00 -> 109.00 (delta -45.00); bmi: 31.30 -> 25.24 (delta -6.06),glucose: 154.00 -> 123.59 (delta -30.41); bmi: 31.30 -> 25.65 (delta -5.65),0.02766729182636455,0.8685644393101117,1 - sum(abs(model delta - user delta)) / (sum(abs(model delta)) + sum(abs(user delta))),1.0,0.06916822956591137,1.0,1.0,1.0,0.983346400018,0.7354182547299067,-0.0128807400781,0.0980127823706,0.949953691544,0.953585335007414,1.0,1.0,0.595420251491,0.4570837923591773,154.0,108.9999999999888,123.59167548581621,-0.382587995239,-0.25853022032123607,0.12405777491776393,72.0,72.0,72.0,0.0,0.0,0.0,126.0,126.0,126.0,0.0,0.0,0.0,31.3,25.24023999999305,25.64678269693573,-0.212832256252,-0.1985535720379412,0.014278684214058812,37.0,37.0,37.0,0.0,0.0,0.0,0.024820651712400443,0.07319213065819956
R_5gkJQXcSCkjRBmu,none,4,160212,weighted examples,0.5183803844023851,bmi: 37.10 -> 26.09 (delta -11.01),bmi: 37.10 -> 26.19 (delta -10.91),0.0006688673339311335,0.9956552272151591,1 - sum(abs(model delta - user delta)) / (sum(abs(model delta)) + sum(abs(user delta))),1.0,0.0033443366696556676,1.0,1.0,1.0,0.866460330629,0.8514381647276055,0.0123744790907,0.0372518432215,0.92269176735,0.9233606346843312,1.0,1.0,0.386541163248,0.3831968265783443,111.0,111.0,111.0,0.0,0.0,0.0,72.0,72.0,72.0,0.0,0.0,0.0,207.0,207.0,207.0,0.0,0.0,0.0,37.1,26.094400000002935,26.18961995366137,-0.386541163248,-0.3831968265783443,0.0033443366696556676,56.0,56.0,56.0,0.0,0.0,0.0,0.023186402255416072,0.014065440966083927
R_5gkJQXcSCkjRBmu,none,5,160210,weighted examples,0.397212828746086,insulin: 215.00 -> 128.00 (delta -87.00); bmi: 39.40 -> 27.80 (delta -11.60),glucose: 100.00 -> 143.24 (delta +43.24); bmi: 39.40 -> 26.33 (delta -13.07),0.11971469130958856,0.5764464872125471,1 - sum(abs(model delta - user delta)) / (sum(abs(model delta)) + sum(abs(user delta))),0.5,0.19952448551598093,1.0,1.0,1.0,0.988590824858,0.9949631019788379,0.0174688291137,0.0664632820126,0.956107100049,0.9301674586236455,1.0,1.0,0.586733318412,0.8264847012159429,100.0,100.0,143.2353199962034,0.0,0.3675847644635554,0.3675847644635554,74.0,74.0,74.0,0.0,0.0,0.0,215.0,128.00000000002956,215.0,-0.179411036872,0.0,0.179411036872,39.4,27.8027199999931,26.33420100078601,-0.40732228154,-0.4588999367523874,0.051577655212387385,43.0,43.0,43.0,0.0,0.0,0.0,0.12743626285247078,-0.06097298083987078
R_5gkJQXcSCkjRBmu,none,6,160214,weighted examples,0.7085260447516216,bmi: 29.90 -> 22.11 (delta -7.79),glucose: 104.00 -> 143.35 (delta +39.35),0.12163700045900336,0.0,1 - sum(abs(model delta - user delta)) / (sum(abs(model delta)) + sum(abs(user delta))),0.0,0.3040925011475084,nan,1.0,0.0,0.995959993101,0.31358552666805073,-0.134298944215,0.0501717968156,0.945267771846,0.9515994908420987,1.0,1.0,0.27366114077,0.33452386152501684,104.0,104.0,143.3466965925725,0.0,0.33452386152501684,0.33452386152501684,74.0,74.0,74.0,0.0,0.0,0.0,156.0,156.0,156.0,0.0,0.0,0.0,29.9,22.10831999999655,29.9,-0.27366114077,0.0,0.27366114077,41.0,41.0,41.0,0.0,0.0,0.0,0.014843004624177925,0.03532879219142208
R_5gkJQXcSCkjRBmu,none,7,160213,weighted examples,0.46117132497537555,blood_pressure: 88.00 -> 58.00 (delta -30.00); bmi: 34.50 -> 24.67 (delta -9.83),blood_pressure: 88.00 -> 64.28 (delta -23.72); bmi: 34.50 -> 25.61 (delta -8.89),0.03392113118393063,0.9070750136556328,1 - sum(abs(model delta - user delta)) / (sum(abs(model delta)) + sum(abs(user delta))),1.0,0.08480282795982658,1.0,1.0,1.0,0.986751290005,0.990013784468478,-0.0430617683703,0.0929170929375,0.937612440779,0.9061417991335615,1.0,1.0,0.997397290396,0.8277916344763468,117.0,117.0,117.0,0.0,0.0,0.0,88.0,58.000000000022,64.28485306389604,-0.652173913043,-0.5155466725239991,0.13662724051900088,145.0,145.0,145.0,0.0,0.0,0.0,34.5,24.67080000000537,25.609761443292744,-0.345223377353,-0.31224496195234774,0.03297841540065227,40.0,40.0,40.0,0.0,0.0,0.0,0.157740340021226,-0.064823247083726
R_5gkJQXcSCkjRBmu,none,8,160202,weighted examples,0.5270049402522949,blood_pressure: 70.00 -> 55.00 (delta -15.00); bmi: 31.10 -> 22.11 (delta -8.99),glucose: 125.00 -> 145.22 (delta +20.22); bmi: 31.10 -> 25.66 (delta -5.44),0.12453639438369908,0.38037564499026466,1 - sum(abs(model delta - user delta)) / (sum(abs(model delta)) + sum(abs(user delta))),0.5,0.20756065730616513,1.0,1.0,0.0,0.975108056812,0.3244328956509831,-0.119406520069,0.0569726484831,0.917324907697,0.9273920275481661,1.0,1.0,0.641894767705,0.3630398622591694,125.0,125.0,145.22046977925743,0.0,0.1719135332363324,0.1719135332363324,70.0,54.999999999988,70.0,-0.326086956522,0.0,0.326086956522,115.0,115.0,115.0,0.0,0.0,0.0,31.1,22.108319999997615,25.65825116006178,-0.315807811183,-0.19112632902283702,0.12468148216016298,41.0,41.0,41.0,0.0,0.0,0.0,0.014388433319010352,0.042584215164089646
R_5gkJQXcSCkjRBmu,none,9,160211,weighted examples,0.46938464849817435,glucose: 145.00 -> 109.00 (delta -36.00); blood_pressure: 80.00 -> 53.00 (delta -27.00); bmi: 37.90 -> 24.10 (delta -13.80),glucose: 145.00 -> 121.41 (delta -23.59); blood_pressure: 80.00 -> 63.76 (delta -16.24); bmi: 37.90 -> 26.03 (delta -11.87),0.08144672575485365,0.8265687324596832,1 - sum(abs(model delta - user delta)) / (sum(abs(model delta)) + sum(abs(user delta))),1.0,0.1357445429247561,1.0,1.0,1.0,0.981716597728,0.9800642042085143,-0.0532295462903,0.0747170723186,0.94905433089,0.9195738697171892,1.0,1.0,1.3776658614530002,0.9704322326787318,145.0,109.00000000001457,121.40500163568657,-0.306070396191,-0.20060362493039796,0.10546677126060205,80.0,53.000000000006,63.75842412963894,-0.586956521739,-0.35307773631219697,0.23387878542680307,130.0,130.0,130.0,0.0,0.0,0.0,37.9,24.101360000013123,26.034269188470294,-0.484638943523,-0.41675087143613687,0.06788807208686315,40.0,40.0,40.0,0.0,0.0,0.0,0.15840092054596216,-0.08368384822736216
R_5gkJQXcSCkjRBmu,none,10,160204,weighted examples,0.6378215667088188,glucose: 125.00 -> 99.00 (delta -26.00); bmi: 28.90 -> 24.39 (delta -4.51),glucose: 125.00 -> 144.38 (delta +19.38); insulin: 122.00 -> 40.69 (delta -81.31),0.14239815366910138,0.0,1 - sum(abs(model delta - user delta)) / (sum(abs(model delta)) + sum(abs(user delta))),0.5,0.23733025611516897,0.0,1.0,0.0,0.968508636068,0.16206000315848085,-0.185667937376,0.0395820491408,0.924082048576,0.9335197977548986,1.0,1.0,0.37958975712,0.3324010112255069,125.0,98.99999999995171,144.37558514313656,-0.221050841694,0.16473036169985178,0.3857812033938518,70.0,70.0,70.0,0.0,0.0,0.0,122.0,122.0,40.69314863201916,0.0,-0.1676706495256551,0.1676706495256551,28.9,24.386079999990923,28.9,-0.158538915426,0.0,0.158538915426,45.0,45.0,45.0,0.0,0.0,0.0,0.030712254452688468,0.00886979468811153
R_5gkJQXcSCkjRBmu,none,11,160215,weighted examples,0.6800683504899564,glucose: 117.00 -> 154.00 (delta +37.00),blood_pressure: 60.00 -> 81.70 (delta +21.70),0.15727353569552974,0.0,1 - sum(abs(model delta - user delta)) / (sum(abs(model delta)) + sum(abs(user delta))),0.0,0.39318383923882433,nan,0.0,0.0,-0.0691990165057,-0.0750206266245248,-0.0105174080802,0.0606767911965,0.963082064221,0.9611761063300817,1.0,1.0,0.314572351641,0.47179532683664865,117.0,154.00000000001444,117.0,0.314572351641,0.0,0.314572351641,60.0,60.0,81.70258503448584,0.0,0.47179532683664865,0.47179532683664865,106.0,106.0,106.0,0.0,0.0,0.0,33.8,33.8,33.8,0.0,0.0,0.0,27.0,27.0,27.0,0.0,0.0,0.0,0.1825933042074773,-0.1219165130109773
R_5gkJQXcSCkjRBmu,none,12,160205,weighted examples,0.6716179389279758,glucose: 100.00 -> 144.00 (delta +44.00); insulin: 46.00 -> 172.00 (delta +126.00); bmi: 20.40 -> 34.07 (delta +13.67),glucose: 100.00 -> 148.60 (delta +48.60); insulin: 46.00 -> 236.68 (delta +190.68); bmi: 20.40 -> 37.37 (delta +16.97),0.05768397370951247,0.8853777982111832,1 - sum(abs(model delta - user delta)) / (sum(abs(model delta)) + sum(abs(user delta))),1.0,0.09613995618252079,1.0,1.0,0.0,0.982056671071,0.05397358737910174,0.205139979523,0.284435118814,0.944389376381,0.9580340355508175,1.0,1.0,1.11392271388,1.4023425824275624,100.0,143.9999999999822,148.5966843501129,0.374086039789,0.41316684535039,0.039080805561389986,74.0,74.0,74.0,0.0,0.0,0.0,46.0,172.00000000020796,236.68333325659958,0.259836674091,0.393226373951578,0.13338969986057803,20.4,34.06656000000002,37.36787026691194,0.48,0.5959493631255943,0.11594936312559434,28.0,28.0,28.0,0.0,0.0,0.0,0.04265181191828504,0.24178330689571498
R_5gkJQXcSCkjRBmu,none,13,160208,weighted examples,0.4918112670118978,glucose: 126.00 -> 156.00 (delta +30.00); insulin: 75.00 -> 191.00 (delta +116.00); bmi: 25.90 -> 33.50 (delta +7.60),glucose: 126.00 -> 148.03 (delta +22.03); insulin: 75.00 -> 235.63 (delta +160.63); bmi: 25.90 -> 37.33 (delta +11.43),0.058860626874788734,0.8249225190876437,1 - sum(abs(model delta - user delta)) / (sum(abs(model delta)) + sum(abs(user delta))),1.0,0.09810104479131455,1.0,1.0,0.0,0.939677052916,0.3318546376806468,0.0201689901722,0.0900870805017,0.966291900602,0.9518273744045714,1.0,1.0,0.761101139929,0.9198868023253881,126.0,156.00000000004667,148.03021747304663,0.255058663493,0.18729992750422225,0.06775873598877774,74.0,74.0,74.0,0.0,0.0,0.0,75.0,190.99999999979892,235.63117446423524,0.239214715829,0.3312529375241997,0.0920382216951997,25.9,33.49712000000251,37.326779862719235,0.266827760607,0.4013339372969662,0.13450617668996623,39.0,39.0,39.0,0.0,0.0,0.0,0.01889374441958569,0.07119333608211431
R_5gkJQXcSCkjRBmu,none,14,160209,weighted examples,0.6267776874916036,glucose: 83.00 -> 146.00 (delta +63.00); insulin: 71.00 -> 181.00 (delta +110.00); bmi: 29.30 -> 36.34 (delta +7.04),glucose: 83.00 -> 147.41 (delta +64.41); insulin: 71.00 -> 237.41 (delta +166.41); bmi: 29.30 -> 37.52 (delta +8.22),0.033909887052985484,0.9225555290390043,1 - sum(abs(model delta - user delta)) / (sum(abs(model delta)) + sum(abs(user delta))),1.0,0.05651647842164247,1.0,1.0,0.0,0.75925827021,0.47590572406909426,0.184320100362,0.215219871146,0.954394387542,0.9447849734439755,1.0,1.0,1.009876928644,1.1794263639089273,83.0,145.9999999999451,147.40898331211233,0.535623193334,0.5476023066834919,0.011979113349491866,78.0,78.0,78.0,0.0,0.0,0.0,71.0,181.0000000001354,237.41278014503942,0.226841540873,0.3431757406274005,0.11633419975440051,29.3,36.34432000001028,37.518394870179264,0.247412194437,0.288648316598035,0.04123612216103503,36.0,36.0,36.0,0.0,0.0,0.0,0.0031979931250959437,0.21202187802090405
R_5gkJQXcSCkjRBmu,none,15,160216,weighted examples,0.45622560319148775,blood_pressure: 62.00 -> 73.00 (delta +11.00); insulin: 120.00 -> 249.00 (delta +129.00),blood_pressure: 62.00 -> 81.67 (delta +19.67); insulin: 120.00 -> 241.50 (delta +121.50),0.040788668665291274,0.827653091169672,1 - sum(abs(model delta - user delta)) / (sum(abs(model delta)) + sum(abs(user delta))),1.0,0.10197167166322818,1.0,1.0,1.0,0.705844868579,0.5405244738038687,0.0164208559224,0.034821278767,0.955677808432,0.9346064928582799,1.0,1.0,0.505153696352,0.6781767428799239,151.0,151.0,151.0,0.0,0.0,0.0,62.0,73.000000000018,81.67022696666875,0.239130434783,0.4276136297101901,0.18848319492719012,120.0,249.00000000003973,241.50306483826753,0.266023261569,0.2505631131697338,0.015460148399266238,35.5,35.5,35.5,0.0,0.0,0.0,28.0,28.0,28.0,0.0,0.0,0.0,0.008355013374859,0.026466265392141003
R_5gkJQXcSCkjRBmu,none,16,160219,weighted examples,0.6219319421503968,blood_pressure: 64.00 -> 81.00 (delta +17.00); insulin: 140.00 -> 264.00 (delta +124.00); bmi: 28.60 -> 39.48 (delta +10.88),blood_pressure: 64.00 -> 81.31 (delta +17.31); insulin: 140.00 -> 237.80 (delta +97.80); bmi: 28.60 -> 37.23 (delta +8.63),0.027928975436357,0.9260541722742284,1 - sum(abs(model delta - user delta)) / (sum(abs(model delta)) + sum(abs(user delta))),1.0,0.04654829239392833,1.0,0.0,0.0,-0.0512830365312,-0.05083961830152739,-0.140170144681,0.038863565943,0.928856003826,0.9396632454996312,1.0,1.0,1.007275252007,0.8812001559586611,139.0,139.0,139.0,0.0,0.0,0.0,64.0,80.999999999986,81.31210496605526,0.369565217391,0.37635010795772306,0.006784890566723045,140.0,263.9999999998352,237.80127291502623,0.255712282438,0.20168537679416407,0.054026905643835915,28.6,39.476240000012034,37.23170451859928,0.381997752178,0.303164671206774,0.07883308097122604,26.0,26.0,26.0,0.0,0.0,0.0,0.13477275515643217,-0.09590918921343217
R_5gkJQXcSCkjRBmu,none,17,160218,weighted examples,0.5290332048287456,insulin: 193.00 -> 274.00 (delta +81.00); bmi: 29.30 -> 35.77 (delta +6.47),glucose: 154.00 -> 125.26 (delta -28.74); bmi: 29.30 -> 38.03 (delta +8.73),0.09811453671896272,0.4810935025282761,1 - sum(abs(model delta - user delta)) / (sum(abs(model delta)) + sum(abs(user delta))),0.5,0.1635242278649379,1.0,0.0,0.0,0.224152265706,0.22247197360958326,0.0652335596025,0.0818222236912,0.93675283835,0.9407028785749904,1.0,1.0,0.39445005635200003,0.5509470161168136,154.0,154.0,125.25793093590681,0.0,-0.24436379071665693,0.24436379071665693,74.0,74.0,74.0,0.0,0.0,0.0,193.0,273.99999999982197,193.0,0.167037861915,0.0,0.167037861915,29.3,35.77488000001027,38.02903759359327,0.227412194437,0.3065832254001567,0.0791710309631567,39.0,39.0,39.0,0.0,0.0,0.0,0.03307728008690791,0.04874494360429209
R_5gkJQXcSCkjRBmu,none,18,160206,weighted examples,0.6092216141761556,glucose: 103.00 -> 150.00 (delta +47.00); insulin: 82.00 -> 225.00 (delta +143.00); bmi: 20.40 -> 35.77 (delta +15.37),glucose: 103.00 -> 147.48 (delta +44.48); insulin: 82.00 -> 237.88 (delta +155.88); bmi: 20.40 -> 37.57 (delta +17.17),0.022174761652910713,0.9562986648714621,1 - sum(abs(model delta - user delta)) / (sum(abs(model delta)) + sum(abs(user delta))),1.0,0.03695793608818452,1.0,0.0,0.0,0.0372373976549,0.0022141275499791835,0.499204431656,0.558946397893,0.945610335453,0.9393659382280964,1.0,1.0,1.234485909273,1.3025946613421202,103.0,149.99999999995157,147.48498704509814,0.399591906138,0.3782093780402834,0.021382528097716624,80.0,80.0,80.0,0.0,0.0,0.0,82.0,225.00000000022447,237.87876065022385,0.294894003135,0.3214525295929711,0.026558526457971077,20.4,35.77488000000002,37.56670136359885,0.54,0.6029327537088659,0.06293275370886586,22.0,22.0,22.0,0.0,0.0,0.0,0.12540869902896867,0.4335376988640314
R_5gkJQXcSCkjRBmu,none,19,160207,weighted examples,0.5271283170869325,glucose: 89.00 -> 145.00 (delta +56.00); insulin: 85.00 -> 254.00 (delta +169.00); bmi: 30.40 -> 34.64 (delta +4.24),glucose: 89.00 -> 147.49 (delta +58.49); insulin: 85.00 -> 237.04 (delta +152.04); bmi: 30.40 -> 37.45 (delta +7.05),0.031023298800671943,0.9236623251960364,1 - sum(abs(model delta - user delta)) / (sum(abs(model delta)) + sum(abs(user delta))),1.0,0.051705498001119905,1.0,0.0,0.0,0.00716479407648,0.43310723692750785,0.125425060581,0.204135275223,0.962899736059,0.9458634268390897,1.0,1.0,0.973398346358,1.0585798924566003,89.0,144.99999999997735,147.49410637114698,0.476109505186,0.4973142864406307,0.02120478125463071,74.0,74.0,74.0,0.0,0.0,0.0,85.0,254.00000000022123,237.04357253123325,0.348511094614,0.31354362066162034,0.034967473952379646,30.4,34.63599999999938,37.45314036700904,0.148777746558,0.24772198535434936,0.09894423879634937,38.0,38.0,38.0,0.0,0.0,0.0,0.009922886869795033,0.19421238835320498
R_5gkJQXcSCkjRBmu,none,20,160217,weighted examples,0.7664088576319201,glucose: 112.00 -> 157.00 (delta +45.00); insulin: 94.00 -> 240.00 (delta +146.00); bmi: 34.10 -> 39.19 (delta +5.09),glucose: 112.00 -> 149.94 (delta +37.94); blood_pressure: 68.00 -> 81.75 (delta +13.75); insulin: 94.00 -> 240.12 (delta +146.12),0.10761360768722006,0.6986342172917112,1 - sum(abs(model delta - user delta)) / (sum(abs(model delta)) + sum(abs(user delta))),0.6666666666666666,0.13451700960902507,1.0,1.0,0.0,0.74978411971,0.34307755513080207,-0.0147295313455,0.030760691058,0.92582084655,0.9309014894003017,1.0,1.0,0.8624940986359999,0.922937656756518,112.0,157.0000000000112,149.94436112630586,0.382587995239,0.3226012678652088,0.05998672737379118,68.0,68.0,81.75404865389183,0.0,0.2990010576933006,0.2990010576933006,94.0,240.00000000005627,240.12352880453858,0.301080590613,0.3013353311980085,0.00025474058500846164,34.1,39.191519999986056,34.1,0.178825512784,0.0,0.178825512784,26.0,26.0,26.0,0.0,0.0,0.0,8.806130616589858e-05,0.030672629751834102
R_61hCu6g2tcWoJo7,attribution,1,160210,feature contribution,0.5461422226017221,bmi: 39.40 -> 27.52 (delta -11.88),insulin: 215.00 -> 82.51 (delta -132.49),0.13810849867004107,0.0,1 - sum(abs(model delta - user delta)) / (sum(abs(model delta)) + sum(abs(user delta))),0.0,0.34527124667510267,nan,0.0,1.0,0.020992646919,0.9979351838090621,0.0294064421352,0.0664632820126,0.941321485927,0.9610588936703439,1.0,1.0,0.41732228154,0.2732202118102054,100.0,100.0,100.0,0.0,0.0,0.0,74.0,74.0,74.0,0.0,0.0,0.0,215.0,215.0,82.51005488899492,0.0,-0.2732202118102054,0.2732202118102054,39.4,27.5179999999931,39.4,-0.41732228154,0.0,0.41732228154,43.0,43.0,43.0,0.0,0.0,0.0,0.20675693180502192,-0.14029364979242193
R_61hCu6g2tcWoJo7,attribution,2,160201,feature contribution,0.5453796557720496,glucose: 187.00 -> 131.00 (delta -56.00); bmi: 36.40 -> 26.09 (delta -10.31),glucose: 187.00 -> 141.48 (delta -45.52); insulin: 200.00 -> 36.00 (delta -164.00),0.15784492805260428,0.49515658794330897,1 - sum(abs(model delta - user delta)) / (sum(abs(model delta)) + sum(abs(user delta))),0.5,0.2630748800876738,1.0,1.0,1.0,0.998888721449,0.8578725299793297,0.109509678423,0.281142117469,0.904970076212,0.9174127239825667,1.0,1.0,0.8380651106929999,0.7252407013959097,187.0,131.00000000002268,141.4762862849195,-0.476109505186,-0.3870405859129441,0.08906891927305588,70.0,70.0,70.0,0.0,0.0,0.0,200.0,200.0,36.0,0.0,-0.3382001154829656,0.3382001154829656,36.4,26.09440000000468,36.4,-0.361955605507,0.0,0.361955605507,36.0,36.0,36.0,0.0,0.0,0.0,0.03925692805503997,0.24188518941396
R_61hCu6g2tcWoJo7,attribution,3,160203,feature contribution,0.4578344291609527,glucose: 161.00 -> 143.00 (delta -18.00); insulin: 132.00 -> 89.00 (delta -43.00); bmi: 25.50 -> 23.82 (delta -1.68),glucose: 161.00 -> 141.83 (delta -19.17); blood_pressure: 68.00 -> 60.63 (delta -7.37); insulin: 132.00 -> 54.99 (delta -77.01),0.05988484086198709,0.617517132521572,1 - sum(abs(model delta - user delta)) / (sum(abs(model delta)) + sum(abs(user delta))),0.6666666666666666,0.07485605107748386,1.0,1.0,1.0,0.964747551154,0.9840137563103436,-0.00881379392052,0.0605519329641,0.939833406425,0.9035979052652929,1.0,1.0,0.30083296787439995,0.48201047367353544,161.0,142.9999999999485,141.83155076808748,-0.153035198096,-0.16296930141058075,0.00993410331458075,68.0,68.0,60.62922651806682,0.0,-0.16023420612898215,0.16023420612898215,132.0,88.99999999998676,54.99132598231388,-0.088674420523,-0.15880696613397252,0.07013254561097253,25.5,23.81664000000025,25.5,-0.0591233492554,0.0,0.0591233492554,47.0,47.0,47.0,0.0,0.0,0.0,0.15239024017624028,-0.09183830721214029
R_61hCu6g2tcWoJo7,attribution,4,160202,feature contribution,0.5779019941184852,bmi: 31.10 -> 28.37 (delta -2.73),bmi: 31.10 -> 26.68 (delta -4.42),0.011916858732811713,0.762801299436039,1 - sum(abs(model delta - user delta)) / (sum(abs(model delta)) + sum(abs(user delta))),1.0,0.05958429366405857,1.0,0.0,1.0,0.0644251530666,0.6932690764258783,0.0168745960104,0.0569726484831,0.980838437763,0.9689215790306083,1.0,1.0,0.0958078111829,0.15539210484695856,125.0,125.0,125.0,0.0,0.0,0.0,70.0,70.0,70.0,0.0,0.0,0.0,115.0,115.0,115.0,0.0,0.0,0.0,31.1,28.37216000000047,26.67567599079739,-0.0958078111829,-0.15539210484695856,0.05958429366405857,41.0,41.0,41.0,0.0,0.0,0.0,0.017259412070751212,0.039713236412348786
R_61hCu6g2tcWoJo7,attribution,5,160214,feature contribution,0.44187178839357777,insulin: 156.00 -> 70.00 (delta -86.00),insulin: 156.00 -> 77.92 (delta -78.08),0.00326802667570687,0.9517074956930492,1 - sum(abs(model delta - user delta)) / (sum(abs(model delta)) + sum(abs(user delta))),1.0,0.01634013337853435,1.0,1.0,1.0,0.995903401433,0.9957112548227913,-0.0770052499133,0.0501717968156,0.964530231791,0.9677982584665069,1.0,1.0,0.177348841046,0.16100870766746564,104.0,104.0,104.0,0.0,0.0,0.0,74.0,74.0,74.0,0.0,0.0,0.0,156.0,69.99999999997351,77.92365747789239,-0.177348841046,-0.16100870766746564,0.01634013337853435,29.9,29.9,29.9,0.0,0.0,0.0,41.0,41.0,41.0,0.0,0.0,0.0,0.11083691335082381,-0.06066511653522381
R_61hCu6g2tcWoJo7,attribution,6,160213,feature contribution,0.4150771117943638,blood_pressure: 88.00 -> 73.00 (delta -15.00); bmi: 34.50 -> 25.24 (delta -9.26),blood_pressure: 88.00 -> 70.93 (delta -17.07); bmi: 34.50 -> 28.05 (delta -6.45),0.028680799295905744,0.8851850436030796,1 - sum(abs(model delta - user delta)) / (sum(abs(model delta)) + sum(abs(user delta))),1.0,0.07170199823976436,1.0,1.0,0.0,0.939953698286,0.0512206331718394,0.0529457264423,0.0929170929375,0.941438059254,0.9430940497168381,1.0,1.0,0.6513103338749999,0.5976906759217966,117.0,117.0,117.0,0.0,0.0,0.0,88.0,72.999999999988,70.93496021388252,-0.326086956522,-0.3709791257851626,0.04489216926316264,145.0,145.0,145.0,0.0,0.0,0.0,34.5,25.24024000000537,28.04506874450975,-0.325223377353,-0.2267115501366339,0.09851182721636609,40.0,40.0,40.0,0.0,0.0,0.0,0.04888790109858723,0.04402919183891277
R_61hCu6g2tcWoJo7,attribution,7,160212,feature contribution,0.5265813045952239,insulin: 207.00 -> 109.00 (delta -98.00); bmi: 37.10 -> 25.24 (delta -11.86),insulin: 207.00 -> 95.11 (delta -111.89); bmi: 37.10 -> 31.60 (delta -5.50),0.050375169559295975,0.7584395831953099,1 - sum(abs(model delta - user delta)) / (sum(abs(model delta)) + sum(abs(user delta))),1.0,0.12593792389823993,1.0,1.0,1.0,0.985477622754,0.9854776304934565,-0.204889297232,0.0372518432215,0.916540574972,0.9151866074924622,1.0,1.0,0.618636354207,0.42406696253768905,111.0,111.0,111.0,0.0,0.0,0.0,72.0,72.0,72.0,0.0,0.0,0.0,207.0,109.00000000016152,95.10547664756811,-0.202095190959,-0.23074841902258447,0.028653228063584474,37.1,25.24024000000293,31.595834429037936,-0.416541163248,-0.19331854351510458,0.22322261973289542,56.0,56.0,56.0,0.0,0.0,0.0,0.1880572891344953,-0.1508054459129953
R_61hCu6g2tcWoJo7,attribution,8,160200,feature contribution,0.4892168958249749,glucose: 154.00 -> 125.00 (delta -29.00); blood_pressure: 72.00 -> 63.00 (delta -9.00); bmi: 31.30 -> 26.38 (delta -4.92),glucose: 154.00 -> 135.62 (delta -18.38); blood_pressure: 72.00 -> 64.80 (delta -7.20); bmi: 31.30 -> 26.95 (delta -4.35),0.029882571360501497,0.8617404600419378,1 - sum(abs(model delta - user delta)) / (sum(abs(model delta)) + sum(abs(user delta))),1.0,0.04980428560083583,1.0,1.0,1.0,0.969944553264,0.8967500944339932,-0.0717617469933,0.0980127823706,0.935518459674,0.9324639864907047,1.0,1.0,0.615041138208,0.4656282814054925,154.0,124.99999999998232,135.61908516847572,-0.246556708043,-0.15627371902333176,0.09028298901966825,72.0,63.000000000002004,64.80267390792648,-0.195652173913,-0.1564636106972505,0.03918856321574948,126.0,126.0,126.0,0.0,0.0,0.0,31.3,26.37911999999305,26.946888823627233,-0.172832256252,-0.15289095168491024,0.019941304567089757,37.0,37.0,37.0,0.0,0.0,0.0,0.13562870324596965,-0.03761592087536965
R_61hCu6g2tcWoJo7,attribution,9,160204,feature contribution,0.6422874154704603,blood_pressure: 70.00 -> 63.00 (delta -7.00); insulin: 122.00 -> 104.00 (delta -18.00); bmi: 28.90 -> 24.67 (delta -4.23),glucose: 125.00 -> 106.47 (delta -18.53); blood_pressure: 70.00 -> 62.58 (delta -7.42); bmi: 28.90 -> 24.51 (delta -4.39),0.04190438777117295,0.741633195606485,1 - sum(abs(model delta - user delta)) / (sum(abs(model delta)) + sum(abs(user delta))),0.6666666666666666,0.05238048471396619,1.0,1.0,1.0,0.96840847866,0.9685101016098853,-0.202818227672,0.0395820491408,0.932433529332,0.916911925254875,1.0,1.0,0.3378323533391,0.4731152424547648,125.0,125.0,106.46612636721912,0.0,-0.1575741679372631,0.1575741679372631,70.0,63.000000000022,62.5821491698735,-0.152173913043,-0.16125762674188038,0.009083713698880391,122.0,103.99999999999108,122.0,-0.0371195248701,0.0,0.0371195248701,28.9,24.670799999990923,24.507241674932505,-0.148538915426,-0.15428344777562128,0.005744532349621273,45.0,45.0,45.0,0.0,0.0,0.0,0.2078883029216573,-0.1683062537808573
R_61hCu6g2tcWoJo7,attribution,10,160211,feature contribution,0.7049690958214403,glucose: 145.00 -> 127.00 (delta -18.00); insulin: 130.00 -> 89.00 (delta -41.00); bmi: 37.90 -> 26.38 (delta -11.52),glucose: 145.00 -> 115.35 (delta -29.65); blood_pressure: 80.00 -> 65.83 (delta -14.17); bmi: 37.90 -> 31.20 (delta -6.70),0.13223352881492093,0.54006526545019,1 - sum(abs(model delta - user delta)) / (sum(abs(model delta)) + sum(abs(user delta))),0.6666666666666666,0.16529191101865115,1.0,1.0,1.0,0.871706001483,0.9295787794014425,0.0257093252283,0.0747170723186,0.957667546548,0.9531250893613368,1.0,1.0,0.6422241704897,0.7953007529578928,145.0,126.99999999994847,115.3522001236985,-0.153035198096,-0.25206427373152096,0.09902907563552096,80.0,80.0,65.82772026874963,0.0,-0.3080930376358777,0.3080930376358777,130.0,89.00000000002007,130.0,-0.0845500288707,0.0,0.0845500288707,37.9,26.379120000013128,31.20499593103544,-0.404638943523,-0.23514344159049416,0.16949550193250584,40.0,40.0,40.0,0.0,0.0,0.0,0.04276083427480992,0.03195623804379008
R_61hCu6g2tcWoJo7,attribution,11,160208,feature contribution,0.5763255491206273,glucose: 126.00 -> 183.00 (delta +57.00); insulin: 75.00 -> 346.00 (delta +271.00); bmi: 25.90 -> 39.19 (delta +13.29),glucose: 126.00 -> 149.18 (delta +23.18); insulin: 75.00 -> 242.02 (delta +167.02); bmi: 25.90 -> 31.74 (delta +5.84),0.15275535590700803,0.6615682445047215,1 - sum(abs(model delta - user delta)) / (sum(abs(model delta)) + sum(abs(user delta))),1.0,0.2545922598450134,1.0,1.0,0.0,0.988146082814,0.013617027514705393,-0.135365189427,0.0900870805017,0.928501123059,0.956118279067221,1.0,1.0,1.51029429012,0.7465175105849597,126.0,183.00000000000637,149.17906822462885,0.484611460636,0.19706740541259,0.28754405522341003,74.0,74.0,74.0,0.0,0.0,0.0,75.0,345.9999999998354,242.020843641773,0.558855068877,0.3444296866323779,0.2144253822446221,25.9,39.19152000000252,31.737341356670655,0.466827760607,0.20502041853999192,0.26180734206700806,39.0,39.0,39.0,0.0,0.0,0.0,0.1016984410623964,-0.011611360560696393
R_61hCu6g2tcWoJo7,attribution,12,160217,feature contribution,0.46315173138383164,glucose: 112.00 -> 176.00 (delta +64.00); insulin: 94.00 -> 240.00 (delta +146.00),glucose: 112.00 -> 136.55 (delta +24.55); insulin: 94.00 -> 259.68 (delta +165.68),0.0751954781775423,0.7305977581308101,1 - sum(abs(model delta - user delta)) / (sum(abs(model delta)) + sum(abs(user delta))),1.0,0.18798869544385574,1.0,1.0,0.0,0.843918223277,0.30104175546082934,-0.174505961979,0.030760691058,0.941788361985,0.9260559131153453,1.0,1.0,0.845205739397,0.5503928579980056,112.0,175.9999999999741,136.55082408679291,0.544125148784,0.20873001264064706,0.3353951361433529,68.0,68.0,68.0,0.0,0.0,0.0,94.0,240.00000000005627,259.6791469706907,0.301080590613,0.3416628453573586,0.04058225474435856,34.1,34.1,34.1,0.0,0.0,0.0,26.0,26.0,26.0,0.0,0.0,0.0,0.00630791298783856,0.02445277807016144
R_61hCu6g2tcWoJo7,attribution,13,160206,feature contribution,0.35728430148383367,glucose: 103.00 -> 166.00 (delta +63.00); bmi: 20.40 -> 32.36 (delta +11.96),insulin: 82.00 -> 279.63 (delta +197.63); bmi: 20.40 -> 27.28 (delta +6.88),0.22428127080914145,0.3012863045217413,1 - sum(abs(model delta - user delta)) / (sum(abs(model delta)) + sum(abs(user delta))),0.5,0.3738021180152358,1.0,1.0,0.0,0.99397326998,8.748761715082765e-10,0.38172160255,0.558946397893,0.917430007899,0.8986280082497121,1.0,1.0,0.955623193334,0.6493351197818207,103.0,165.9999999999451,103.0,0.535623193334,0.0,0.535623193334,80.0,80.0,80.0,0.0,0.0,0.0,82.0,82.0,279.6335782884612,0.0,0.407559140246764,0.407559140246764,20.4,32.35824000000001,27.283845689322142,0.42,0.24177597953505664,0.17822402046494334,22.0,22.0,22.0,0.0,0.0,0.0,0.43571315996784665,0.1232332379251534
R_61hCu6g2tcWoJo7,attribution,14,160218,feature contribution,0.5500680896126897,blood_pressure: 74.00 -> 86.00 (delta +12.00); insulin: 193.00 -> 356.00 (delta +163.00),blood_pressure: 74.00 -> 81.37 (delta +7.37); bmi: 29.30 -> 33.85 (delta +4.55),0.11932725903993205,0.3494349223725598,1 - sum(abs(model delta - user delta)) / (sum(abs(model delta)) + sum(abs(user delta))),0.5,0.19887876506655341,1.0,0.0,1.0,-0.0192740729604,0.760798653478933,-0.0640105162487,0.0818222236912,0.880598503025,0.9414336194544524,1.0,1.0,0.597007484874,0.32009722258362444,154.0,154.0,154.0,0.0,0.0,0.0,74.0,85.999999999982,81.37077348193318,0.260869565217,0.1602342061289821,0.1006353590880179,193.0,356.0000000000728,193.0,0.336137919657,0.0,0.336137919657,29.3,29.3,33.851619804496586,0.0,0.15986301645464235,0.15986301645464235,39.0,39.0,39.0,0.0,0.0,0.0,0.027218330750808928,0.05460389294039107
R_61hCu6g2tcWoJo7,attribution,15,160219,feature contribution,0.5177382326489727,glucose: 139.00 -> 174.00 (delta +35.00); bmi: 28.60 -> 37.48 (delta +8.88),blood_pressure: 64.00 -> 79.40 (delta +15.40); bmi: 28.60 -> 36.37 (delta +7.77),0.13427616164314013,0.44847082977906816,1 - sum(abs(model delta - user delta)) / (sum(abs(model delta)) + sum(abs(user delta))),0.5,0.22379360273856688,1.0,1.0,0.0,0.770268342042,0.10361588603916672,0.00669244775616,0.038863565943,0.936459364831,0.9502168521646864,1.0,1.0,0.6095661929189999,0.6077416929844031,139.0,173.99999999995643,139.0,0.297568440741,0.0,0.297568440741,64.0,64.0,79.39979509046539,0.0,0.3347781541405519,0.3347781541405519,140.0,140.0,140.0,0.0,0.0,0.0,28.6,37.48320000001203,36.371817877962144,0.311997752178,0.2729635388438512,0.039034213334148804,26.0,26.0,26.0,0.0,0.0,0.0,0.02953155436602284,0.009332011576977162
R_61hCu6g2tcWoJo7,attribution,16,160205,feature contribution,0.542962609587244,glucose: 100.00 -> 172.00 (delta +72.00),insulin: 46.00 -> 332.36 (delta +286.36),0.24053235050622002,0.0,1 - sum(abs(model delta - user delta)) / (sum(abs(model delta)) + sum(abs(user delta))),0.0,0.60133087626555,nan,1.0,0.0,0.979886468169,-1.8806226518508495e-05,0.163155931717,0.284435118814,0.901514428377,0.8638653838079138,1.0,1.0,0.612140792382,0.5905209601491002,100.0,171.9999999999709,100.0,0.612140792382,0.0,0.612140792382,74.0,74.0,74.0,0.0,0.0,0.0,46.0,46.0,332.35542399550224,0.0,0.5905209601491002,0.5905209601491002,20.4,20.4,20.4,0.0,0.0,0.0,28.0,28.0,28.0,0.0,0.0,0.0,0.542128853540068,-0.257693734726068
R_61hCu6g2tcWoJo7,attribution,17,160215,feature contribution,0.6254122287450504,insulin: 106.00 -> 371.00 (delta +265.00),blood_pressure: 60.00 -> 90.27 (delta +30.27),0.24088457501838717,0.0,1 - sum(abs(model delta - user delta)) / (sum(abs(model delta)) + sum(abs(user delta))),0.0,0.602211437545968,nan,1.0,0.0,0.845474986818,-0.07278301723301539,0.0228457287584,0.0606767911965,0.894246898944,0.9283531290260123,1.0,1.0,0.546481893921,0.657940981170936,117.0,117.0,117.0,0.0,0.0,0.0,60.0,60.0,90.26528513386306,0.0,0.657940981170936,0.657940981170936,106.0,371.0000000001719,106.0,0.546481893921,0.0,0.546481893921,33.8,33.8,33.8,0.0,0.0,0.0,27.0,27.0,27.0,0.0,0.0,0.0,0.11041445000847042,-0.04973765881197042
R_61hCu6g2tcWoJo7,attribution,18,160209,feature contribution,0.4814570946133007,insulin: 71.00 -> 375.00 (delta +304.00),glucose: 83.00 -> 189.52 (delta +106.52),0.30650626605520853,0.0,1 - sum(abs(model delta - user delta)) / (sum(abs(model delta)) + sum(abs(user delta))),0.0,0.7662656651380213,nan,0.0,1.0,0.0315730525349,0.9998614218174843,0.154781452196,0.215219871146,0.874618493772,0.9078088043038993,1.0,1.0,0.626907531139,0.9056237991370426,83.0,83.0,189.519471254499,0.0,0.9056237991370426,0.9056237991370426,78.0,78.0,78.0,0.0,0.0,0.0,71.0,374.99999999992446,71.0,0.626907531139,0.0,0.626907531139,29.3,29.3,29.3,0.0,0.0,0.0,36.0,36.0,36.0,0.0,0.0,0.0,0.15235204368794725,0.06286782745805275
R_61hCu6g2tcWoJo7,attribution,19,160207,feature contribution,0.539944458271234,glucose: 89.00 -> 164.00 (delta +75.00),glucose: 89.00 -> 190.91 (delta +101.91),0.04575493871056835,0.8478960446754159,1 - sum(abs(model delta - user delta)) / (sum(abs(model delta)) + sum(abs(user delta))),1.0,0.22877469355284175,1.0,1.0,1.0,0.998766883747,0.9995735391324123,0.0258223650102,0.204135275223,0.925320364275,0.9300638161691769,1.0,1.0,0.637646658732,0.8664213522848417,89.0,164.00000000005787,190.90847945574313,0.637646658732,0.8664213522848417,0.22877469355284175,74.0,74.0,74.0,0.0,0.0,0.0,85.0,85.0,85.0,0.0,0.0,0.0,30.4,30.4,30.4,0.0,0.0,0.0,38.0,38.0,38.0,0.0,0.0,0.0,0.10759054470494478,0.09654473051805523
R_61hCu6g2tcWoJo7,attribution,20,160216,feature contribution,0.6486965143446094,glucose: 151.00 -> 173.00 (delta +22.00),blood_pressure: 62.00 -> 76.12 (delta +14.12),0.09881558951383901,0.0,1 - sum(abs(model delta - user delta)) / (sum(abs(model delta)) + sum(abs(user delta))),0.0,0.24703897378459752,nan,0.0,1.0,-0.0109124823072,0.9419230427570767,-0.0047320325977,0.034821278767,0.962591396021,0.938593014465161,1.0,1.0,0.187043019895,0.30703492767419505,151.0,173.0000000000499,151.0,0.187043019895,0.0,0.187043019895,62.0,62.0,76.12360667301297,0.0,0.30703492767419505,0.30703492767419505,120.0,120.0,120.0,0.0,0.0,0.0,35.5,35.5,35.5,0.0,0.0,0.0,28.0,28.0,28.0,0.0,0.0,0.0,0.15877771970042487,-0.12395644093342487
R_6DD4Hjc7DAhjrhU,attribution,1,160203,feature contribution,0.44506175086930927,glucose: 161.00 -> 109.00 (delta -52.00); blood_pressure: 68.00 -> 58.00 (delta -10.00),glucose: 161.00 -> 139.94 (delta -21.06); insulin: 132.00 -> 36.00 (delta -96.00),0.1356890438825054,0.3454348582447059,1 - sum(abs(model delta - user delta)) / (sum(abs(model delta)) + sum(abs(user delta))),0.5,0.22614840647084233,1.0,1.0,1.0,0.984592573527,0.9820311244794994,-0.0979497389641,0.0605519329641,0.91332499855,0.9246021266126647,1.0,1.0,0.659492987735,0.3769893669366766,161.0,109.00000000002103,139.94383607540942,-0.442101683387,-0.1790185676295748,0.2630831157574252,68.0,57.999999999992,68.0,-0.217391304348,0.0,0.217391304348,132.0,132.0,36.0,0.0,-0.1979707993071018,0.1979707993071018,25.5,25.5,25.5,0.0,0.0,0.0,47.0,47.0,47.0,0.0,0.0,0.0,0.1246331243693386,-0.0640811914052386
R_6DD4Hjc7DAhjrhU,attribution,2,160214,feature contribution,0.601281774663402,blood_pressure: 74.00 -> 55.00 (delta -19.00); insulin: 156.00 -> 84.00 (delta -72.00),blood_pressure: 74.00 -> 64.83 (delta -9.17); insulin: 156.00 -> 53.83 (delta -102.17),0.05519138129483512,0.7159589429663291,1 - sum(abs(model delta - user delta)) / (sum(abs(model delta)) + sum(abs(user delta))),1.0,0.1379784532370878,1.0,1.0,1.0,0.995959642658,0.9959602411832966,-0.165258115745,0.0501717968156,0.921925505902,0.9451142251804192,1.0,1.0,0.561521577741,0.4100172179390309,104.0,104.0,104.0,0.0,0.0,0.0,74.0,54.999999999993996,64.83160912434532,-0.413043478261,-0.19931284512292768,0.21373063313807233,156.0,84.00000000015825,53.82523553401502,-0.14847809948,-0.2107043728161032,0.06222627333610323,29.9,29.9,29.9,0.0,0.0,0.0,41.0,41.0,41.0,0.0,0.0,0.0,0.29686711739331795,-0.24669532057771795
R_6DD4Hjc7DAhjrhU,attribution,3,160204,feature contribution,0.5916213172393423,glucose: 125.00 -> 85.00 (delta -40.00); blood_pressure: 70.00 -> 56.00 (delta -14.00),glucose: 125.00 -> 102.98 (delta -22.02); blood_pressure: 70.00 -> 53.81 (delta -16.19),0.04008961815407542,0.8306524711788388,1 - sum(abs(model delta - user delta)) / (sum(abs(model delta)) + sum(abs(user delta))),1.0,0.10022404538518855,1.0,1.0,1.0,0.968511305483,0.9685109420553637,-0.172741394926,0.0395820491408,0.916473522132,0.9137925079572254,1.0,1.0,0.644426044077,0.5392232962216676,125.0,85.00000000001619,102.97532581959416,-0.34007821799,-0.18725279867714525,0.15282541931285473,70.0,55.999999999998,53.80935711295197,-0.304347826087,-0.35197049754452236,0.04762267145752236,122.0,122.0,122.0,0.0,0.0,0.0,28.9,28.9,28.9,0.0,0.0,0.0,45.0,45.0,45.0,0.0,0.0,0.0,0.20516996654035555,-0.16558791739955556
R_6DD4Hjc7DAhjrhU,attribution,4,160202,feature contribution,0.3971205891812267,glucose: 125.00 -> 90.00 (delta -35.00); blood_pressure: 70.00 -> 55.00 (delta -15.00),glucose: 125.00 -> 107.22 (delta -17.78); bmi: 31.10 -> 26.69 (delta -4.41),0.12546899193771666,0.32521686398493765,1 - sum(abs(model delta - user delta)) / (sum(abs(model delta)) + sum(abs(user delta))),0.5,0.2091149865628611,1.0,1.0,1.0,0.977390243075,0.9757597364909844,-0.104782801871,0.0569726484831,0.929682568122,0.9387913526854569,1.0,1.0,0.6236553972629999,0.30604323657271565,125.0,90.00000000004357,107.21858042340713,-0.297568440741,-0.15117683707356616,0.1463916036674338,70.0,54.999999999988,70.0,-0.326086956522,0.0,0.326086956522,115.0,115.0,115.0,0.0,0.0,0.0,31.1,31.1,26.69064387346021,0.0,-0.1548663994991495,0.1548663994991495,41.0,41.0,41.0,0.0,0.0,0.0,0.11401310223007691,-0.05704045374697691
R_6DD4Hjc7DAhjrhU,attribution,5,160210,feature contribution,0.574167022963277,blood_pressure: 74.00 -> 53.00 (delta -21.00); insulin: 215.00 -> 114.00 (delta -101.00),insulin: 215.00 -> 36.00 (delta -179.00); bmi: 39.40 -> 29.85 (delta -9.55),0.19053012812956113,0.30423549334307676,1 - sum(abs(model delta - user delta)) / (sum(abs(model delta)) + sum(abs(user delta))),0.5,0.31755021354926855,1.0,1.0,1.0,0.997931648319,0.9979351816141754,-0.108487570282,0.0664632820126,0.878924692351,0.9540990775013285,1.0,1.0,0.664803517568,0.7044106799558058,100.0,100.0,100.0,0.0,0.0,0.0,74.0,53.000000000019995,74.0,-0.45652173913,0.0,0.45652173913,215.0,113.99999999984483,36.0,-0.208281778438,-0.3691330528747002,0.16085127443670022,39.4,39.4,29.85397540174675,0.0,-0.33527762708110553,0.33527762708110553,43.0,43.0,43.0,0.0,0.0,0.0,0.29415354460511917,-0.22769026259251918
R_6DD4Hjc7DAhjrhU,attribution,6,160201,feature contribution,1.0,glucose: 187.00 -> 91.00 (delta -96.00); blood_pressure: 70.00 -> 53.00 (delta -17.00); insulin: 200.00 -> 104.00 (delta -96.00); bmi: 36.40 -> 25.81 (delta -10.59),glucose: 187.00 -> 166.78 (delta -20.22); blood_pressure: 70.00 -> 60.64 (delta -9.36); insulin: 200.00 -> 75.76 (delta -124.24); bmi: 36.40 -> 30.39 (delta -6.01),0.20593316015605093,0.6036950159600138,1 - sum(abs(model delta - user delta)) / (sum(abs(model delta)) + sum(abs(user delta))),1.0,0.25741645019506365,1.0,1.0,1.0,0.999948196739,0.9994613639203381,0.0737029315875,0.281142117469,0.949906633052,0.9115959328189807,1.0,1.0,1.755679345381,0.8424858108673607,187.0,91.00000000003885,166.77650217026638,-0.816187723176,-0.17193927758658079,0.6442484455894192,70.0,53.000000000014,60.64281694630513,-0.369565217391,-0.20341702290641017,0.16614819448458984,200.0,104.00000000004935,75.76013432104573,-0.197970799307,-0.25620693244030773,0.05823613313330772,36.4,25.80968000000468,30.394612361061377,-0.371955605507,-0.210922577934062,0.16103302757293803,36.0,36.0,36.0,0.0,0.0,0.0,0.17044399693460077,0.1106981205343992
R_6DD4Hjc7DAhjrhU,attribution,7,160200,feature contribution,0.6746166944527104,glucose: 154.00 -> 86.00 (delta -68.00); blood_pressure: 72.00 -> 51.00 (delta -21.00); bmi: 31.30 -> 25.24 (delta -6.06),glucose: 154.00 -> 136.14 (delta -17.86); blood_pressure: 72.00 -> 64.78 (delta -7.22); bmi: 31.30 -> 26.89 (delta -4.41),0.15674342007198905,0.5420225147379569,1 - sum(abs(model delta - user delta)) / (sum(abs(model delta)) + sum(abs(user delta))),1.0,0.26123903345331506,1.0,1.0,1.0,0.98811538335,0.9004521984655075,-0.0545039739127,0.0980127823706,0.942114430833,0.9330343836658946,1.0,1.0,1.2474869659649999,0.4637698656050547,154.0,86.00000000002753,136.13915486501395,-0.578132970583,-0.151852109632597,0.42628086095040296,72.0,51.00000000002,64.77982179618971,-0.45652173913,-0.15696039573500636,0.29956134339499363,126.0,126.0,126.0,0.0,0.0,0.0,31.3,25.24023999999305,26.888054039319282,-0.212832256252,-0.15495736023745132,0.05787489601454868,37.0,37.0,37.0,0.0,0.0,0.0,0.15049653125377102,-0.05248374888317102
R_6DD4Hjc7DAhjrhU,attribution,8,160211,feature contribution,0.6244336159604279,glucose: 145.00 -> 82.00 (delta -63.00); blood_pressure: 80.00 -> 53.00 (delta -27.00); bmi: 37.90 -> 26.09 (delta -11.81),glucose: 145.00 -> 122.05 (delta -22.95); blood_pressure: 80.00 -> 61.38 (delta -18.62); bmi: 37.90 -> 27.41 (delta -10.49),0.11375739163615858,0.7729982732286517,1 - sum(abs(model delta - user delta)) / (sum(abs(model delta)) + sum(abs(user delta))),1.0,0.189595652726931,1.0,1.0,1.0,0.982622154696,0.9792449132784207,-0.0936540410415,0.0747170723186,0.941764167392,0.9199739761698941,1.0,1.0,1.537218658596,0.9684317004152072,145.0,82.0000000000549,122.05257643280032,-0.535623193334,-0.1950979728549539,0.3405252204790461,80.0,53.000000000006,61.37883007036651,-0.586956521739,-0.40480804194855413,0.1821484797904459,130.0,130.0,130.0,0.0,0.0,0.0,37.9,26.094400000013124,27.407336679263686,-0.414638943523,-0.3685256856116991,0.04611325791130089,40.0,40.0,40.0,0.0,0.0,0.0,0.10394390305362938,-0.02922683073502938
R_6DD4Hjc7DAhjrhU,attribution,9,160212,feature contribution,0.5444152241547862,blood_pressure: 72.00 -> 54.00 (delta -18.00); insulin: 207.00 -> 128.00 (delta -79.00),insulin: 207.00 -> 36.00 (delta -171.00); bmi: 37.10 -> 27.06 (delta -10.04),0.18670253297326073,0.2587284153780741,1 - sum(abs(model delta - user delta)) / (sum(abs(model delta)) + sum(abs(user delta))),0.5,0.3111708882887679,1.0,1.0,1.0,0.985477600255,0.985477631631585,-0.152807541626,0.0372518432215,0.889156436382,0.923309477417558,1.0,1.0,0.554217818089,0.7051217873033038,111.0,111.0,111.0,0.0,0.0,0.0,72.0,54.000000000004,72.0,-0.391304347826,0.0,0.391304347826,207.0,128.00000000006588,36.0,-0.162913470263,-0.35263548626577507,0.18972201600277508,37.1,37.1,27.06401003685947,0.0,-0.3524863010375287,0.3524863010375287,56.0,56.0,56.0,0.0,0.0,0.0,0.36029404758102357,-0.3230422043595236
R_6DD4Hjc7DAhjrhU,attribution,10,160213,feature contribution,0.42747175366365114,glucose: 117.00 -> 100.00 (delta -17.00); blood_pressure: 88.00 -> 59.00 (delta -29.00),blood_pressure: 88.00 -> 63.97 (delta -24.03); bmi: 34.50 -> 24.37 (delta -10.13),0.12168162528082405,0.6320022639287703,1 - sum(abs(model delta - user delta)) / (sum(abs(model delta)) + sum(abs(user delta))),0.5,0.2028027088013734,1.0,1.0,1.0,0.992382515506,0.9920060417126098,-0.0453352966324,0.0929170929375,0.927002798633,0.9095343134111312,1.0,1.0,0.774968025255,0.8783250979569232,117.0,99.99999999997748,117.0,-0.144533242646,0.0,0.144533242646,88.0,58.999999999986,63.967645073420535,-0.630434782609,-0.5224424984039014,0.10799228420509854,145.0,145.0,145.0,0.0,0.0,0.0,34.5,34.5,24.367310625526354,0.0,-0.3558825995530217,0.3558825995530217,40.0,40.0,40.0,0.0,0.0,0.0,0.2004117896898046,-0.10749469675230461
R_6DD4Hjc7DAhjrhU,attribution,11,160218,feature contribution,0.5482225782647859,insulin: 193.00 -> 283.00 (delta +90.00),bmi: 29.30 -> 33.82 (delta +4.52),0.06889980844004398,0.0,1 - sum(abs(model delta - user delta)) / (sum(abs(model delta)) + sum(abs(user delta))),0.0,0.17224952110010996,nan,0.0,1.0,-0.0136300557358,0.897807840901446,-0.0287545303142,0.0818222236912,0.96288047513,0.968219716429956,1.0,1.0,0.18559762435,0.15890141785021994,154.0,154.0,154.0,0.0,0.0,0.0,74.0,74.0,74.0,0.0,0.0,0.0,193.0,282.9999999998022,193.0,0.18559762435,0.0,0.18559762435,29.3,29.3,33.82424116903147,0.0,0.15890141785021994,0.15890141785021994,39.0,39.0,39.0,0.0,0.0,0.0,0.05114315591431662,0.03067906777688338
R_6DD4Hjc7DAhjrhU,attribution,12,160206,feature contribution,0.6303988709447237,glucose: 103.00 -> 131.00 (delta +28.00); insulin: 82.00 -> 143.00 (delta +61.00); bmi: 20.40 -> 33.78 (delta +13.38),glucose: 103.00 -> 124.45 (delta +21.45); insulin: 82.00 -> 411.63 (delta +329.63); bmi: 20.40 -> 30.42 (delta +10.02),0.14552012726452815,0.6447288964335105,1 - sum(abs(model delta - user delta)) / (sum(abs(model delta)) + sum(abs(user delta))),1.0,0.24253354544088024,1.0,0.0,0.0,0.00676202535321,1.2423322166887907e-05,0.476251861922,0.558946397893,0.957026828482,0.8861235487135979,1.0,1.0,0.833848697986,1.2141665473250196,103.0,130.99999999998866,124.44976429254746,0.238054752593,0.18236494042295065,0.05568981217004934,80.0,80.0,80.0,0.0,0.0,0.0,82.0,142.99999999997368,411.6259160335004,0.125793945393,0.6797531882238302,0.5539592428308302,20.4,33.78184000000002,30.42352257660683,0.47,0.3520484186782388,0.1179515813217612,22.0,22.0,22.0,0.0,0.0,0.0,0.23941400953214692,0.3195323883608531
R_6DD4Hjc7DAhjrhU,attribution,13,160215,feature contribution,0.5660704777372314,glucose: 117.00 -> 127.00 (delta +10.00); blood_pressure: 60.00 -> 65.00 (delta +5.00); insulin: 106.00 -> 254.00 (delta +148.00),glucose: 117.00 -> 137.03 (delta +20.03); blood_pressure: 60.00 -> 72.17 (delta +12.17); insulin: 106.00 -> 359.64 (delta +253.64),0.09181197496694088,0.6849064484809277,1 - sum(abs(model delta - user delta)) / (sum(abs(model delta)) + sum(abs(user delta))),1.0,0.1530199582782348,1.0,1.0,0.0,0.880957975427,-0.07477427221509003,0.00564215343265,0.0606767911965,0.939107612595,0.9236783939726603,1.0,1.0,0.4989201889365,0.9579800637712044,117.0,126.99999999999595,137.03308081139278,0.0850195544975,0.170320360579772,0.08530080608227202,60.0,65.00000000000401,72.17212236520368,0.108695652174,0.2646113557652973,0.1559157035912973,106.0,253.99999999994407,359.6366046338819,0.305204982265,0.523048347426135,0.21784336516113506,33.8,33.8,33.8,0.0,0.0,0.0,27.0,27.0,27.0,0.0,0.0,0.0,0.1263117102753688,-0.06563491907886881
R_6DD4Hjc7DAhjrhU,attribution,14,160217,feature contribution,0.6982982473793681,insulin: 94.00 -> 278.00 (delta +184.00),insulin: 94.00 -> 361.56 (delta +267.56),0.03446391467183407,0.8149504294810078,1 - sum(abs(model delta - user delta)) / (sum(abs(model delta)) + sum(abs(user delta))),1.0,0.17231957335917036,1.0,0.0,0.0,-0.0593547837109,-0.1514448734540491,-0.0325720513715,0.030760691058,0.933027161873,0.9251474271126662,1.0,1.0,0.379444032005,0.5517636053641704,112.0,112.0,112.0,0.0,0.0,0.0,68.0,68.0,68.0,0.0,0.0,0.0,94.0,277.99999999986494,361.561207513194,0.379444032005,0.5517636053641704,0.17231957335917036,34.1,34.1,34.1,0.0,0.0,0.0,26.0,26.0,26.0,0.0,0.0,0.0,0.14270279431013405,-0.11194210325213405
R_6DD4Hjc7DAhjrhU,attribution,15,160209,feature contribution,0.6986145635016746,insulin: 71.00 -> 259.00 (delta +188.00),insulin: 71.00 -> 244.11 (delta +173.11),0.006142918781049933,0.9587541445941652,1 - sum(abs(model delta - user delta)) / (sum(abs(model delta)) + sum(abs(user delta))),1.0,0.030714593905249665,1.0,1.0,1.0,0.952919363129,0.9718831466751416,0.183506535574,0.215219871146,0.922461436938,0.92860435571905,1.0,1.0,0.38769281531,0.35697822140475033,83.0,83.0,83.0,0.0,0.0,0.0,78.0,78.0,78.0,0.0,0.0,0.0,71.0,259.0000000001256,244.10587912359188,0.38769281531,0.35697822140475033,0.030714593905249665,29.3,29.3,29.3,0.0,0.0,0.0,36.0,36.0,36.0,0.0,0.0,0.0,0.037044061551928464,0.17817580959407153
R_6DD4Hjc7DAhjrhU,attribution,16,160205,feature contribution,0.5762930060391612,insulin: 46.00 -> 298.00 (delta +252.00),insulin: 46.00 -> 399.85 (delta +353.85),0.042005176433622005,0.8318949160744299,1 - sum(abs(model delta - user delta)) / (sum(abs(model delta)) + sum(abs(user delta))),1.0,0.21002588216811002,1.0,0.0,0.0,-4.55950578271e-06,-1.8806226565803996e-05,-0.267873435031,0.284435118814,0.87074335119,0.8365409028794426,1.0,1.0,0.519673348181,0.72969923034911,100.0,100.0,100.0,0.0,0.0,0.0,74.0,74.0,74.0,0.0,0.0,0.0,46.0,297.999999999931,399.84575078089114,0.519673348181,0.72969923034911,0.21002588216811002,20.4,20.4,20.4,0.0,0.0,0.0,28.0,28.0,28.0,0.0,0.0,0.0,0.5597941189012702,-0.27535900008727016
R_6DD4Hjc7DAhjrhU,attribution,17,160208,feature contribution,0.6489675184793974,insulin: 75.00 -> 283.00 (delta +208.00),insulin: 75.00 -> 231.08 (delta +156.08),0.02141583235971476,0.8573788299504611,1 - sum(abs(model delta - user delta)) / (sum(abs(model delta)) + sum(abs(user delta))),1.0,0.1070791617985738,1.0,0.0,0.0,-0.0112771007662,-0.01125246479234554,-0.0871868128798,0.0900870805017,0.914212653633,0.9356284859933147,1.0,1.0,0.428936731832,0.3218575700334262,126.0,126.0,126.0,0.0,0.0,0.0,74.0,74.0,74.0,0.0,0.0,0.0,75.0,282.99999999997385,231.07517286060934,0.428936731832,0.3218575700334262,0.1070791617985738,25.9,25.9,25.9,0.0,0.0,0.0,39.0,39.0,39.0,0.0,0.0,0.0,0.1430045117525014,-0.052917431250801394
R_6DD4Hjc7DAhjrhU,attribution,18,160216,feature contribution,0.5915423202069723,blood_pressure: 62.00 -> 69.00 (delta +7.00); insulin: 120.00 -> 254.00 (delta +134.00),blood_pressure: 62.00 -> 72.70 (delta +10.70); insulin: 120.00 -> 326.47 (delta +206.47),0.04595993819212575,0.7885569486559811,1 - sum(abs(model delta - user delta)) / (sum(abs(model delta)) + sum(abs(user delta))),1.0,0.11489984548031437,1.0,1.0,0.0,0.875956858536,0.21669372068774728,-0.0433018129208,0.034821278767,0.94034869991,0.9587007356653908,1.0,1.0,0.42850815374199996,0.6583078447026287,151.0,151.0,151.0,0.0,0.0,0.0,62.0,68.999999999978,72.69629769193675,0.152173913043,0.2325282106942772,0.08035429765127722,120.0,253.99999999975932,326.4690601233302,0.276334240699,0.4257796340083515,0.14944539330935153,35.5,35.5,35.5,0.0,0.0,0.0,28.0,28.0,28.0,0.0,0.0,0.0,0.019811154339509307,0.015010124427490695
R_6DD4Hjc7DAhjrhU,attribution,19,160219,feature contribution,0.5994801469140912,blood_pressure: 64.00 -> 69.00 (delta +5.00); insulin: 140.00 -> 230.00 (delta +90.00),blood_pressure: 64.00 -> 94.00 (delta +30.00); bmi: 28.60 -> 48.87 (delta +20.27),0.2882147274794113,0.1310798310389717,1 - sum(abs(model delta - user delta)) / (sum(abs(model delta)) + sum(abs(user delta))),0.5,0.4803578791323522,1.0,0.0,0.0,0.0669473221731,0.3134749742666857,-0.0313029267354,0.038863565943,0.941141344695,0.9788716974482619,1.0,1.0,0.294293276524,1.3641716652210565,139.0,139.0,139.0,0.0,0.0,0.0,64.0,69.00000000000401,94.0,0.108695652174,0.6521739130434783,0.5434782608694783,140.0,229.99999999980218,140.0,0.18559762435,0.0,0.18559762435,28.6,28.6,48.872000000000035,0.0,0.7119977521775782,0.7119977521775782,26.0,26.0,26.0,0.0,0.0,0.0,0.021852007997972933,0.017011557945027067
R_6DD4Hjc7DAhjrhU,attribution,20,160207,feature contribution,0.7390927811988616,insulin: 85.00 -> 230.00 (delta +145.00),insulin: 85.00 -> 227.45 (delta +142.45),0.0010532231895651555,0.9911160990546122,1 - sum(abs(model delta - user delta)) / (sum(abs(model delta)) + sum(abs(user delta))),1.0,0.005266115947825778,1.0,1.0,1.0,0.999407194476,0.9993129774022713,0.117248536868,0.204135275223,0.940196321042,0.9412495442321651,1.0,1.0,0.299018394787,0.2937522788391742,89.0,89.0,89.0,0.0,0.0,0.0,74.0,74.0,74.0,0.0,0.0,0.0,85.0,230.00000000011235,227.44635505469267,0.299018394787,0.2937522788391742,0.005266115947825778,30.4,30.4,30.4,0.0,0.0,0.0,38.0,38.0,38.0,0.0,0.0,0.0,0.08690123762303348,0.11723403759996653
R_6I5GvkY1dba6Sm6,none,1,160201,feature contribution,0.6101609750079847,glucose: 187.00 -> 176.00 (delta -11.00); insulin: 200.00 -> 114.00 (delta -86.00); bmi: 36.40 -> 29.80 (delta -6.60),glucose: 187.00 -> 148.75 (delta -38.25); insulin: 200.00 -> 36.00 (delta -164.00); bmi: 36.40 -> 25.87 (delta -10.53),0.10609089964632853,0.6546759427908906,1 - sum(abs(model delta - user delta)) / (sum(abs(model delta)) + sum(abs(user delta))),1.0,0.17681816607721423,1.0,0.0,0.0,0.361199327753,0.15274761464206826,0.270622409413,0.281142117469,0.959203473566,0.911393843790521,1.0,1.0,0.5028259565002999,1.0332804547319427,187.0,175.99999999999858,148.75299209665658,-0.0935215099473,-0.3251743572805935,0.2316528473332935,70.0,70.0,70.0,0.0,0.0,0.0,200.0,113.99999999997351,36.0,-0.177348841046,-0.3382001154829656,0.1608512744369656,36.4,29.795760000004684,25.868036881396165,-0.231955605507,-0.36990598196838365,0.13795037646138364,36.0,36.0,36.0,0.0,0.0,0.0,0.05999644409424404,0.22114567337475594
R_6I5GvkY1dba6Sm6,none,2,160213,feature contribution,0.42747175366365114,blood_pressure: 88.00 -> 62.00 (delta -26.00); bmi: 34.50 -> 27.80 (delta -6.70),blood_pressure: 88.00 -> 57.07 (delta -30.93); bmi: 34.50 -> 20.40 (delta -14.10),0.073445021420018,0.8134119875351501,1 - sum(abs(model delta - user delta)) / (sum(abs(model delta)) + sum(abs(user delta))),1.0,0.18361255355004502,1.0,1.0,1.0,0.984173475289,0.9921964196443132,0.0109089508434,0.0929170929375,0.910674119986,0.9116661578510978,1.0,1.0,0.800440768657,1.16766587575709,117.0,117.0,117.0,0.0,0.0,0.0,88.0,62.000000000016,57.06764507342053,-0.565217391304,-0.6724424984039015,0.10722510709990152,145.0,145.0,145.0,0.0,0.0,0.0,34.5,27.802720000005376,20.4,-0.235223377353,-0.4952233773531885,0.2600000000001885,40.0,40.0,40.0,0.0,0.0,0.0,0.23280508673029088,-0.13988799379279088
R_6I5GvkY1dba6Sm6,none,3,160210,feature contribution,0.5303844762834221,blood_pressure: 74.00 -> 68.00 (delta -6.00); insulin: 215.00 -> 99.00 (delta -116.00); bmi: 39.40 -> 33.78 (delta -5.62),blood_pressure: 74.00 -> 53.79 (delta -20.21); insulin: 215.00 -> 36.00 (delta -179.00); bmi: 39.40 -> 26.31 (delta -13.09),0.1402848396579392,0.6178290725995208,1 - sum(abs(model delta - user delta)) / (sum(abs(model delta)) + sum(abs(user delta))),1.0,0.23380806609656532,1.0,1.0,1.0,0.997935169435,0.9979351836885432,-0.176851051103,0.0664632820126,0.95263610074,0.9180674200572214,1.0,1.0,0.566971779978,1.268395978267696,100.0,100.0,100.0,0.0,0.0,0.0,74.0,67.999999999986,53.78520661533075,-0.130434782609,-0.43945203010150546,0.3090172474925055,215.0,99.00000000020108,36.0,-0.239214715829,-0.3691330528747002,0.12991833704570022,39.4,33.78183999999311,26.308264189260672,-0.19732228154,-0.4598108952914902,0.26248861375149024,43.0,43.0,43.0,0.0,0.0,0.0,0.3502817587328732,-0.2838184767202732
R_6I5GvkY1dba6Sm6,none,4,160202,feature contribution,0.4545637167348916,age: 41.00 -> 30.00 (delta -11.00),glucose: 125.00 -> 89.58 (delta -35.42),0.11969482687411323,0.0,1 - sum(abs(model delta - user delta)) / (sum(abs(model delta)) + sum(abs(user delta))),0.0,0.2992370671852831,nan,1.0,1.0,0.781958286118,0.9773905711312306,-0.00365560933899,0.0569726484831,0.970704451613,0.9481234811075646,0.0,1.0,0.297297297297,0.3011768370735662,125.0,125.0,89.57558042340713,0.0,-0.3011768370735662,0.3011768370735662,70.0,70.0,70.0,0.0,0.0,0.0,115.0,115.0,115.0,0.0,0.0,0.0,31.1,31.1,31.1,0.0,0.0,0.0,41.0,30.000000000011,41.0,-0.297297297297,0.0,0.297297297297,0.16857751943235785,-0.11160487094925786
R_6I5GvkY1dba6Sm6,none,5,160211,feature contribution,0.6244336159604279,glucose: 145.00 -> 126.00 (delta -19.00); blood_pressure: 80.00 -> 69.00 (delta -11.00); bmi: 37.90 -> 23.82 (delta -14.08),glucose: 145.00 -> 104.41 (delta -40.59); blood_pressure: 80.00 -> 54.48 (delta -25.52); bmi: 37.90 -> 23.14 (delta -14.76),0.10462503371284144,0.773904773984813,1 - sum(abs(model delta - user delta)) / (sum(abs(model delta)) + sum(abs(user delta))),1.0,0.17437505618806906,1.0,1.0,1.0,0.978871277936,0.9825365518562176,-0.0457954215102,0.0747170723186,0.935536862194,0.9565121937632427,1.0,1.0,0.895306531851,1.4184317004152072,145.0,126.00000000003709,104.4095764328003,-0.161537153545,-0.3450979728549539,0.1835608193099539,80.0,68.999999999982,54.478830070366506,-0.239130434783,-0.5548080419485542,0.31567760716555415,130.0,130.0,130.0,0.0,0.0,0.0,37.9,23.816640000013123,23.13653667926368,-0.494638943523,-0.5185256856116991,0.02388674208869912,40.0,40.0,40.0,0.0,0.0,0.0,0.20143406530140007,-0.12671699298280006
R_6I5GvkY1dba6Sm6,none,6,160214,feature contribution,1.0,glucose: 104.00 -> 84.00 (delta -20.00); blood_pressure: 74.00 -> 65.00 (delta -9.00); insulin: 156.00 -> 128.00 (delta -28.00); bmi: 29.90 -> 26.95 (delta -2.95),glucose: 104.00 -> 74.46 (delta -29.54); blood_pressure: 74.00 -> 58.19 (delta -15.81); insulin: 156.00 -> 36.00 (delta -120.00); bmi: 29.90 -> 20.65 (delta -9.25),0.1280462454931695,0.6221529551177802,1 - sum(abs(model delta - user delta)) / (sum(abs(model delta)) + sum(abs(user delta))),1.0,0.16005780686646187,1.0,1.0,1.0,0.995960212176,0.9959602436408088,-0.186091556928,0.0501717968156,0.913823402529,0.8819769169114064,1.0,1.0,0.5270939068092,1.1673251342750475,104.0,84.00000000000809,74.46,-0.170039108995,-0.25114776398571664,0.08110865499071665,74.0,65.00000000000199,58.190561841566655,-0.195652173913,-0.34368343822681185,0.14803126431381186,156.0,128.00000000001842,36.0,-0.0577414831312,-0.24746349913387725,0.18972201600267724,29.9,26.948559999996554,20.6457335136557,-0.10366114077,-0.3250304329286417,0.2213692921586417,41.0,41.0,41.0,0.0,0.0,0.0,0.590579987985152,-0.540408191169552
R_6I5GvkY1dba6Sm6,none,7,160203,feature contribution,0.6607269471925153,glucose: 161.00 -> 106.00 (delta -55.00); blood_pressure: 68.00 -> 59.00 (delta -9.00); insulin: 132.00 -> 55.00 (delta -77.00),glucose: 161.00 -> 123.03 (delta -37.97); blood_pressure: 68.00 -> 51.18 (delta -16.82); insulin: 132.00 -> 36.00 (delta -96.00),0.07079528653875215,0.7928109734270117,1 - sum(abs(model delta - user delta)) / (sum(abs(model delta)) + sum(abs(user delta))),1.0,0.11799214423125359,1.0,1.0,1.0,0.984594604155,0.9845946015998085,-0.262286117556,0.0605519329641,0.896343461628,0.85765571319585,1.0,1.0,0.82204880226,0.8864221459784788,161.0,106.00000000005166,123.031557662688,-0.467607549736,-0.322806005248359,0.144801544487641,68.0,59.000000000002004,51.180314294541176,-0.195652173913,-0.36564534142301797,0.16999316751001797,132.0,54.999999999953715,36.0,-0.158789078611,-0.1979707993071018,0.03918172069610179,25.5,25.5,25.5,0.0,0.0,0.0,47.0,47.0,47.0,0.0,0.0,0.0,0.30828930617841543,-0.24773737321431544
R_6I5GvkY1dba6Sm6,none,8,160212,feature contribution,1.0,glucose: 111.00 -> 79.00 (delta -32.00); blood_pressure: 72.00 -> 59.00 (delta -13.00); insulin: 207.00 -> 80.00 (delta -127.00); bmi: 37.10 -> 27.80 (delta -9.30),glucose: 111.00 -> 74.46 (delta -36.54); blood_pressure: 72.00 -> 49.66 (delta -22.34); insulin: 207.00 -> 36.00 (delta -171.00); bmi: 37.10 -> 22.79 (delta -14.31),0.10164679426729906,0.8181277979474313,1 - sum(abs(model delta - user delta)) / (sum(abs(model delta)) + sum(abs(user delta))),1.0,0.12705849283412382,1.0,1.0,1.0,0.985477631632,0.9854776316318115,-0.366262895009,0.0372518432215,0.832646141582,0.7979576589937121,1.0,1.0,1.143111303209,1.6513452745454953,111.0,79.00000000001295,74.46,-0.272062574392,-0.31066145213399077,0.03859887774199078,72.0,59.000000000008,49.66414638502277,-0.282608695652,-0.48556203510820073,0.20295333945620075,207.0,79.99999999984809,36.0,-0.261898869917,-0.35263548626577507,0.09073661634877506,37.1,27.802720000002935,22.793210036859467,-0.326541163248,-0.5024863010375287,0.1759451377895287,56.0,56.0,56.0,0.0,0.0,0.0,0.5029548680129978,-0.46570302479149783
R_6I5GvkY1dba6Sm6,none,9,160200,feature contribution,1.0,glucose: 154.00 -> 100.00 (delta -54.00); blood_pressure: 72.00 -> 61.00 (delta -11.00); insulin: 126.00 -> 99.00 (delta -27.00); bmi: 31.30 -> 27.52 (delta -3.78),glucose: 154.00 -> 118.50 (delta -35.50); blood_pressure: 72.00 -> 57.88 (delta -14.12); insulin: 126.00 -> 36.00 (delta -90.00); bmi: 31.30 -> 22.62 (delta -8.68),0.10542537732743373,0.7345939837182742,1 - sum(abs(model delta - user delta)) / (sum(abs(model delta)) + sum(abs(user delta))),1.0,0.13178172165929217,1.0,1.0,1.0,0.988212433235,0.9882120188922203,-0.140628525631,0.0980127823706,0.934254581547,0.9096956613491788,1.0,1.0,0.8867475726271,1.0993674899554629,154.0,99.99999999996305,118.49615486501392,-0.459105594287,-0.301852109632597,0.15725348465440298,72.0,60.999999999981995,57.8798217961897,-0.239130434783,-0.3069603957350064,0.06782996095200639,126.0,99.00000000001086,36.0,-0.0556792873051,-0.18559762435040794,0.12991833704530795,31.3,27.51799999999305,22.617254039319274,-0.132832256252,-0.30495736023745135,0.17212510398545133,37.0,37.0,37.0,0.0,0.0,0.0,0.23484086595899883,-0.13682808358839882
R_6I5GvkY1dba6Sm6,none,10,160204,feature contribution,0.4685979089432423,glucose: 125.00 -> 107.00 (delta -18.00); blood_pressure: 70.00 -> 60.00 (delta -10.00); insulin: 122.00 -> 75.00 (delta -47.00),glucose: 125.00 -> 86.92 (delta -38.08); blood_pressure: 70.00 -> 50.27 (delta -19.73); bmi: 28.90 -> 20.40 (delta -8.50),0.15554652451203957,0.48785724788724305,1 - sum(abs(model delta - user delta)) / (sum(abs(model delta)) + sum(abs(user delta))),0.6666666666666666,0.19443315564004945,1.0,1.0,1.0,0.96851130519,0.9685113010669697,-0.232801550808,0.0395820491408,0.906530058746,0.8941168852907335,1.0,1.0,0.4673497062714,1.0512359211767979,125.0,106.99999999994847,86.91716316139636,-0.153035198096,-0.3237785822020373,0.17074338410603732,70.0,59.999999999992,50.269752516742344,-0.217391304348,-0.4289184235490795,0.2115271192010795,122.0,75.00000000001711,122.0,-0.0969232038274,0.0,0.0969232038274,28.9,28.9,20.4,0.0,-0.298538915425681,0.298538915425681,45.0,45.0,45.0,0.0,0.0,0.0,0.31790538240151467,-0.2783233332607147
R_6I5GvkY1dba6Sm6,none,11,160217,feature contribution,0.5534681836498375,glucose: 112.00 -> 180.00 (delta +68.00); blood_pressure: 68.00 -> 84.00 (delta +16.00); bmi: 34.10 -> 37.20 (delta +3.10),glucose: 112.00 -> 149.74 (delta +37.74); blood_pressure: 68.00 -> 85.69 (delta +17.69); insulin: 94.00 -> 418.98 (delta +324.98),0.21458601471133862,0.5548722045948236,1 - sum(abs(model delta - user delta)) / (sum(abs(model delta)) + sum(abs(user delta))),0.6666666666666666,0.2682325183891733,1.0,1.0,0.0,0.844138122806,-0.15346790751641115,-0.287883010204,0.030760691058,0.918708203777,0.8975643682666428,1.0,1.0,1.034784570324,1.375602030180381,112.0,179.9999999999725,149.7445140019112,0.578132970583,0.32090217651684394,0.257230794066156,68.0,84.000000000022,85.68812494807707,0.347826086957,0.38452445539298,0.03669836843598001,94.0,94.0,418.9814541293592,0.0,0.670175398270557,0.670175398270557,34.1,37.198479999986056,34.1,0.108825512784,0.0,0.108825512784,26.0,26.0,26.0,0.0,0.0,0.0,0.0888906130484527,-0.05812992199045269
R_6I5GvkY1dba6Sm6,none,12,160207,feature contribution,0.4966513062029322,glucose: 89.00 -> 166.00 (delta +77.00); insulin: 85.00 -> 337.00 (delta +252.00); bmi: 30.40 -> 37.20 (delta +6.80),glucose: 89.00 -> 125.39 (delta +36.39); insulin: 85.00 -> 294.36 (delta +209.36); bmi: 30.40 -> 39.88 (delta +9.48),0.10545077987754162,0.7879992327986574,1 - sum(abs(model delta - user delta)) / (sum(abs(model delta)) + sum(abs(user delta))),1.0,0.17575129979590268,1.0,1.0,0.0,0.980683866544,0.2628650693726883,0.148685732081,0.204135275223,0.937146518769,0.9159119526948138,1.0,1.0,1.41310166437,1.0739360305783456,89.0,165.99999999999824,125.38896627295864,0.654650569631,0.3093773701152748,0.3452731995157252,74.0,74.0,74.0,0.0,0.0,0.0,85.0,336.99999999993105,294.3577998944282,0.519673348181,0.43173678110704394,0.08793656707395603,30.4,37.198479999999385,39.8761045490248,0.238777746558,0.33282187935602686,0.09404413279802687,38.0,38.0,38.0,0.0,0.0,0.0,0.022863491166244643,0.18127178405675537
R_6I5GvkY1dba6Sm6,none,13,160205,feature contribution,0.5138065433928447,glucose: 100.00 -> 190.00 (delta +90.00); blood_pressure: 74.00 -> 83.00 (delta +9.00); bmi: 20.40 -> 38.91 (delta +18.51),glucose: 100.00 -> 138.82 (delta +38.82); insulin: 46.00 -> 441.14 (delta +395.14); bmi: 20.40 -> 34.11 (delta +13.71),0.3228303983130829,0.501375969589551,1 - sum(abs(model delta - user delta)) / (sum(abs(model delta)) + sum(abs(user delta))),0.6666666666666666,0.40353799789135364,1.0,1.0,0.0,0.999991921911,2.419028206024354e-05,-0.0194393227802,0.284435118814,0.879669710992,0.9086240628385632,1.0,1.0,1.610828164391,1.626384430911925,100.0,190.0000000000224,138.82040751203985,0.765175990478,0.3300493752086366,0.4351266152693634,74.0,82.99999999999801,74.0,0.195652173913,0.0,0.195652173913,46.0,46.0,441.13906425561476,0.0,0.8148541290431699,0.8148541290431699,20.4,38.90680000000002,34.10872494386692,0.65,0.4814809266601186,0.16851907333988142,28.0,28.0,28.0,0.0,0.0,0.0,0.19810736343994184,0.08632775537405818
R_6I5GvkY1dba6Sm6,none,14,160219,feature contribution,1.0,glucose: 139.00 -> 178.00 (delta +39.00); blood_pressure: 64.00 -> 87.00 (delta +23.00); insulin: 140.00 -> 230.00 (delta +90.00); bmi: 28.60 -> 44.03 (delta +15.43),glucose: 139.00 -> 175.86 (delta +36.86); blood_pressure: 64.00 -> 82.13 (delta +18.13); insulin: 140.00 -> 440.09 (delta +300.09); bmi: 28.60 -> 39.98 (delta +11.38),0.13990635761072823,0.7870733309355344,1 - sum(abs(model delta - user delta)) / (sum(abs(model delta)) + sum(abs(user delta))),1.0,0.17488294701341028,1.0,1.0,1.0,0.893828110913,0.9382992943538447,-0.0244655150612,0.038863565943,0.895948156727,0.9677766737323743,1.0,1.0,1.559171639068,1.726146217671925,139.0,177.9999999999548,175.8591575901312,0.33157626254,0.3133749157467369,0.018201346793263073,64.0,87.0,82.13092650453402,0.5,0.39415057618552196,0.10584942381447804,140.0,229.99999999980218,440.09313365959616,0.18559762435,0.6188508076787832,0.4332531833287832,28.6,44.031760000012035,39.98224910702948,0.541997752178,0.3997699180608832,0.14222783411711676,26.0,26.0,26.0,0.0,0.0,0.0,0.06971377339955298,-0.03085020745655298
R_6I5GvkY1dba6Sm6,none,15,160218,feature contribution,0.3796634123684304,glucose: 154.00 -> 191.00 (delta +37.00); insulin: 193.00 -> 405.00 (delta +212.00),blood_pressure: 74.00 -> 88.07 (delta +14.07); bmi: 29.30 -> 38.10 (delta +8.80),0.2732919228814784,0.0,1 - sum(abs(model delta - user delta)) / (sum(abs(model delta)) + sum(abs(user delta))),0.0,0.341614903601848,nan,1.0,1.0,0.976082951932,0.9727982168501574,-0.126296517518,0.0818222236912,0.855638974042,0.9290661021872012,1.0,1.0,0.751757866778,0.6147017476293919,154.0,191.00000000001444,154.0,0.314572351641,0.0,0.314572351641,74.0,74.0,88.0668151698419,0.0,0.30580032977917193,0.30580032977917193,193.0,405.0000000002344,193.0,0.437185515137,0.0,0.437185515137,29.3,29.3,38.095041169031475,0.0,0.30890141785021996,0.30890141785021996,39.0,39.0,39.0,0.0,0.0,0.0,0.2371998022693685,-0.15537757857816847
R_6I5GvkY1dba6Sm6,none,16,160215,feature contribution,0.6095388087243616,insulin: 106.00 -> 520.92 (delta +414.92); bmi: 33.80 -> 47.45 (delta +13.65),blood_pressure: 60.00 -> 79.09 (delta +19.09); insulin: 106.00 -> 433.02 (delta +327.02),0.21512897227865402,0.5563283837576188,1 - sum(abs(model delta - user delta)) / (sum(abs(model delta)) + sum(abs(user delta))),0.5,0.35854828713109005,1.0,1.0,0.0,0.814497646976,-0.07762183358786279,0.0315305731417,0.0606767911965,0.857182535671,0.8866989271745539,1.0,1.0,1.33500847256,1.0894081951171073,117.0,117.0,117.0,0.0,0.0,0.0,60.0,60.0,79.09102543085868,0.0,0.41502229197518875,0.41502229197518875,106.0,520.920000000001,433.0232121515798,0.855646292172,0.6743859031419185,0.18126038903008146,33.8,47.448400000007155,33.8,0.479362180388,0.0,0.479362180388,27.0,27.0,27.0,0.0,0.0,0.0,0.37752032249055706,-0.31684353129405707
R_6I5GvkY1dba6Sm6,none,17,160209,feature contribution,0.39338564544941346,glucose: 83.00 -> 191.00 (delta +108.00); blood_pressure: 78.00 -> 94.00 (delta +16.00),insulin: 71.00 -> 308.70 (delta +237.70); bmi: 29.30 -> 39.23 (delta +9.93),0.42097327104009497,0.0,1 - sum(abs(model delta - user delta)) / (sum(abs(model delta)) + sum(abs(user delta))),0.0,0.5262165888001187,nan,1.0,1.0,0.999995864401,0.9999918850056964,-0.203706868521,0.215219871146,0.900086639622,0.8701957772069631,1.0,1.0,1.26603727553,0.8388290796704745,83.0,190.9999999999563,83.0,0.918211188573,0.0,0.918211188573,78.0,94.0,78.0,0.347826086957,0.0,0.347826086957,71.0,71.0,308.70070699077996,0.0,0.4901854058211241,0.4901854058211241,29.3,29.3,39.22658268183872,0.0,0.34864367384935036,0.34864367384935036,36.0,36.0,36.0,0.0,0.0,0.0,0.21328391944990185,0.0019359516960981427
R_6I5GvkY1dba6Sm6,none,18,160216,feature contribution,0.5575915043157328,glucose: 151.00 -> 191.00 (delta +40.00); blood_pressure: 62.00 -> 94.00 (delta +32.00); insulin: 120.00 -> 41.00 (delta -79.00),glucose: 151.00 -> 187.28 (delta +36.28); blood_pressure: 62.00 -> 79.59 (delta +17.59); insulin: 120.00 -> 398.94 (delta +278.94),0.21660273770747301,0.5605923532377547,1 - sum(abs(model delta - user delta)) / (sum(abs(model delta)) + sum(abs(user delta))),1.0,0.36100456284578836,0.6666666666666666,1.0,1.0,0.94241374807,0.9424135560601699,-0.440641382996,0.034821278767,0.89883259166,0.9104643840067718,1.0,1.0,1.198643862166,1.2660690223673048,151.0,190.9999999999838,187.28447998910474,0.34007821799,0.3084890323848386,0.031589185605161385,62.0,93.99999999999801,79.58858601820404,0.695652173913,0.38236056561313125,0.3132916082998688,120.0,41.00000000006588,398.9354032651785,-0.162913470263,0.5752194243693349,0.7381328946323349,35.5,35.5,35.5,0.0,0.0,0.0,28.0,28.0,28.0,0.0,0.0,0.0,0.23972944751636627,-0.20490816874936627
R_6I5GvkY1dba6Sm6,none,19,160206,feature contribution,0.5871561259470297,glucose: 103.00 -> 191.00 (delta +88.00); bmi: 20.40 -> 48.59 (delta +28.19),insulin: 82.00 -> 485.38 (delta +403.38); bmi: 20.40 -> 34.72 (delta +14.32),0.4134337222659676,0.32728151291765695,1 - sum(abs(model delta - user delta)) / (sum(abs(model delta)) + sum(abs(user delta))),0.5,0.6890562037766127,1.0,1.0,0.0,0.981654568573,1.1759474316530572e-07,0.427832088581,0.558946397893,0.93541162802,0.8593992747671415,1.0,1.0,1.738172079578,1.334686257191344,103.0,190.99999999996442,103.0,0.748172079578,0.0,0.748172079578,80.0,80.0,80.0,0.0,0.0,0.0,82.0,82.0,485.3765290071647,0.0,0.831841394471591,0.831841394471591,20.4,48.587280000000035,34.71699893135683,0.99,0.502844862719753,0.48715513728024695,22.0,22.0,22.0,0.0,0.0,0.0,0.4367769262495533,0.12216947164344677
R_6I5GvkY1dba6Sm6,none,20,160208,feature contribution,0.47986380740665147,glucose: 126.00 -> 163.00 (delta +37.00); insulin: 75.00 -> 520.92 (delta +445.92); bmi: 25.90 -> 48.59 (delta +22.69),glucose: 126.00 -> 162.10 (delta +36.10); insulin: 75.00 -> 295.70 (delta +220.70); bmi: 25.90 -> 35.78 (delta +9.88),0.184387011545967,0.7063914080181772,1 - sum(abs(model delta - user delta)) / (sum(abs(model delta)) + sum(abs(user delta))),1.0,0.307311685909945,1.0,1.0,1.0,0.986478487892,0.8965064393049154,-0.0582613213672,0.0900870805017,0.855687855724,0.9387316478819554,1.0,1.0,2.0309744750289997,1.1090394172991649,126.0,163.00000000001444,162.0999525630324,0.314572351641,0.3069201884291138,0.00765216321188622,74.0,74.0,74.0,0.0,0.0,0.0,75.0,520.9199999997634,295.70209854454043,0.919574362781,0.45513094643351476,0.46444341634748526,25.9,48.587280000002536,35.779450377533074,0.796827760607,0.34698828243653634,0.44983947817046366,39.0,39.0,39.0,0.0,0.0,0.0,0.0356447297438105,0.0544423507578895
R_6KDvslaxG4W04I9,counterfactual,1,160210,feature contribution,0.5801430952788907,blood_pressure: 74.00 -> 59.00 (delta -15.00); insulin: 215.00 -> 138.00 (delta -77.00); bmi: 39.40 -> 31.50 (delta -7.90),glucose: 100.00 -> 74.46 (delta -25.54); blood_pressure: 74.00 -> 62.14 (delta -11.86); bmi: 39.40 -> 32.12 (delta -7.28),0.09318607060800896,0.6878703398711289,1 - sum(abs(model delta - user delta)) / (sum(abs(model delta)) + sum(abs(user delta))),0.6666666666666666,0.11648258826001119,1.0,1.0,1.0,0.997934333611,0.9969035610318876,-0.0924572512662,0.0664632820126,0.936754777604,0.925670538209139,1.0,1.0,0.762198316673,0.730547848006361,100.0,100.0,74.46,0.0,-0.2171399421867029,0.2171399421867029,74.0,58.999999999988,62.13855268170964,-0.326086956522,-0.25785755039761654,0.06822940612438344,215.0,137.99999999995373,215.0,-0.158789078611,0.0,0.158789078611,39.4,31.50407999999311,32.12397028042362,-0.27732228154,-0.2555503554220416,0.021771926117958418,43.0,43.0,43.0,0.0,0.0,0.0,0.08234041432254185,-0.015877132309941852
R_6KDvslaxG4W04I9,counterfactual,2,160200,feature contribution,0.5212236475670896,glucose: 154.00 -> 110.00 (delta -44.00); blood_pressure: 72.00 -> 60.00 (delta -12.00),glucose: 154.00 -> 120.02 (delta -33.98); blood_pressure: 72.00 -> 58.68 (delta -13.32),0.022767243363676547,0.9061766240605986,1 - sum(abs(model delta - user delta)) / (sum(abs(model delta)) + sum(abs(user delta))),1.0,0.05691810840919137,1.0,1.0,1.0,0.987905503858,0.9867954080621067,-0.0245920196558,0.0980127823706,0.951084284865,0.9378401446943572,1.0,1.0,0.634955605006,0.5783477501398137,154.0,110.0000000000178,120.02381585578732,-0.374086039789,-0.28886400394671546,0.08522203584228455,72.0,60.000000000018,58.68374767511748,-0.260869565217,-0.2894837461930982,0.02861418097609819,126.0,126.0,126.0,0.0,0.0,0.0,31.3,31.3,31.3,0.0,0.0,0.0,37.0,37.0,37.0,0.0,0.0,0.0,0.10552303235906929,-0.007510249988469289
R_6KDvslaxG4W04I9,counterfactual,3,160213,feature contribution,0.6523650672176116,blood_pressure: 88.00 -> 55.00 (delta -33.00),blood_pressure: 88.00 -> 64.45 (delta -23.55),0.041074893982534035,0.8329485030773289,1 - sum(abs(model delta - user delta)) / (sum(abs(model delta)) + sum(abs(user delta))),1.0,0.20537446991267017,1.0,1.0,1.0,0.991823316233,0.9922316481188752,0.003837497799,0.0929170929375,0.909029784823,0.9347865356156924,1.0,1.0,0.717391304348,0.5120168344353299,117.0,117.0,117.0,0.0,0.0,0.0,88.0,54.999999999992,64.44722561597483,-0.717391304348,-0.5120168344353299,0.20537446991267017,145.0,145.0,145.0,0.0,0.0,0.0,34.5,34.5,34.5,0.0,0.0,0.0,40.0,40.0,40.0,0.0,0.0,0.0,0.14824418220121074,-0.055327089263710744
R_6KDvslaxG4W04I9,counterfactual,4,160201,feature contribution,0.5212236475670896,glucose: 187.00 -> 87.00 (delta -100.00); blood_pressure: 70.00 -> 55.00 (delta -15.00),glucose: 187.00 -> 123.47 (delta -63.53); blood_pressure: 70.00 -> 49.71 (delta -20.29),0.08498633592109844,0.8030384536789023,1 - sum(abs(model delta - user delta)) / (sum(abs(model delta)) + sum(abs(user delta))),1.0,0.2124658398027461,1.0,0.0,0.0,0.438848438789,0.003959881674082325,0.276643328432,0.281142117469,0.877700997905,0.9256002532915417,1.0,1.0,1.176282501497,0.9811522239226753,187.0,87.00000000004046,123.4658437017855,-0.850195544975,-0.5401645663850916,0.31003097858990847,70.0,54.999999999988,49.71456775327115,-0.326086956522,-0.44098765753758373,0.11490070101558375,200.0,200.0,200.0,0.0,0.0,0.0,36.4,36.4,36.4,0.0,0.0,0.0,36.0,36.0,36.0,0.0,0.0,0.0,0.050879316474759684,0.2302628009942403
R_6KDvslaxG4W04I9,counterfactual,5,160211,feature contribution,0.5212236475670896,glucose: 145.00 -> 94.00 (delta -51.00); blood_pressure: 80.00 -> 58.00 (delta -22.00),glucose: 145.00 -> 98.77 (delta -46.23); blood_pressure: 80.00 -> 58.45 (delta -21.55),0.010083805840849036,0.9715677168975281,1 - sum(abs(model delta - user delta)) / (sum(abs(model delta)) + sum(abs(user delta))),1.0,0.02520951460212259,1.0,1.0,1.0,0.982623696488,0.9826235815139435,-0.127801572384,0.0747170723186,0.91516079333,0.9090078578087231,1.0,1.0,0.911860597502,0.8614415682977549,145.0,94.00000000005004,98.77441379751623,-0.433599727937,-0.3930078745322543,0.04059185340474575,80.0,58.00000000001,58.45205008678697,-0.478260869565,-0.4684336937655006,0.009827175799499432,130.0,130.0,130.0,0.0,0.0,0.0,37.9,37.9,37.9,0.0,0.0,0.0,40.0,40.0,40.0,0.0,0.0,0.0,0.1976218986874128,-0.12290482636881281
R_6KDvslaxG4W04I9,counterfactual,6,160212,feature contribution,0.5212236475670896,glucose: 111.00 -> 86.00 (delta -25.00); blood_pressure: 72.00 -> 53.00 (delta -19.00),glucose: 111.00 -> 80.60 (delta -30.40); blood_pressure: 72.00 -> 59.64 (delta -12.36),0.038048215289199244,0.8349708824551235,1 - sum(abs(model delta - user delta)) / (sum(abs(model delta)) + sum(abs(user delta))),1.0,0.09512053822299811,1.0,1.0,1.0,0.985407118635,0.9854727537705559,-0.0542665603278,0.0372518432215,0.874881527099,0.8945639146797651,1.0,1.0,0.625592364505,0.5271804266011744,111.0,85.99999999998072,80.59952836231565,-0.212548886244,-0.2584634555150853,0.04591456927108531,72.0,52.999999999993996,59.6390193300399,-0.413043478261,-0.2687169710860891,0.1443265071749109,207.0,207.0,207.0,0.0,0.0,0.0,37.1,37.1,37.1,0.0,0.0,0.0,56.0,56.0,56.0,0.0,0.0,0.0,0.11941663058462898,-0.08216478736312899
R_6KDvslaxG4W04I9,counterfactual,7,160202,feature contribution,0.5212236475670896,glucose: 125.00 -> 87.00 (delta -38.00); blood_pressure: 70.00 -> 53.00 (delta -17.00),glucose: 125.00 -> 94.22 (delta -30.78); blood_pressure: 70.00 -> 57.71 (delta -12.29),0.032755228441769646,0.8659224294079582,1 - sum(abs(model delta - user delta)) / (sum(abs(model delta)) + sum(abs(user delta))),1.0,0.08188807110442411,1.0,1.0,1.0,0.977388891516,0.9773909739081044,-0.0954243031392,0.0569726484831,0.915885742678,0.9419830306901859,1.0,1.0,0.6926395244820001,0.5288633822731518,125.0,86.99999999995657,94.2181216045822,-0.323074307091,-0.2617061587775701,0.061368148313429904,70.0,53.000000000014,57.71076771920325,-0.369565217391,-0.2671572234955817,0.10240799389541833,115.0,115.0,115.0,0.0,0.0,0.0,31.1,31.1,31.1,0.0,0.0,0.0,41.0,41.0,41.0,0.0,0.0,0.0,0.175841577025921,-0.118868928542821
R_6KDvslaxG4W04I9,counterfactual,8,160204,feature contribution,0.5212236475670896,glucose: 125.00 -> 82.00 (delta -43.00); blood_pressure: 70.00 -> 55.00 (delta -15.00),glucose: 125.00 -> 94.22 (delta -30.78); blood_pressure: 70.00 -> 57.71 (delta -12.29),0.03256153171756965,0.8666095314462477,1 - sum(abs(model delta - user delta)) / (sum(abs(model delta)) + sum(abs(user delta))),1.0,0.08140382929392412,1.0,1.0,1.0,0.968511305473,0.9685113029079739,-0.170714207795,0.0395820491408,0.907024522775,0.9247098134566605,1.0,1.0,0.6916710408610001,0.5288633822731518,125.0,82.0000000000468,94.2181216045822,-0.365584084339,-0.2617061587775701,0.10387792556142994,70.0,54.999999999988,57.71076771920325,-0.326086956522,-0.2671572234955817,0.058929733026418296,122.0,122.0,122.0,0.0,0.0,0.0,28.9,28.9,28.9,0.0,0.0,0.0,45.0,45.0,45.0,0.0,0.0,0.0,0.2050755861047823,-0.1654935369639823
R_6KDvslaxG4W04I9,counterfactual,9,160214,feature contribution,0.5212236475670896,glucose: 104.00 -> 86.00 (delta -18.00); blood_pressure: 74.00 -> 59.00 (delta -15.00),glucose: 104.00 -> 74.46 (delta -29.54); blood_pressure: 74.00 -> 61.57 (delta -12.43),0.03078456074702402,0.8461612902387906,1 - sum(abs(model delta - user delta)) / (sum(abs(model delta)) + sum(abs(user delta))),1.0,0.07696140186756005,1.0,1.0,1.0,0.995939308668,0.9959585612221454,-0.0603234328296,0.0501717968156,0.909105435473,0.9022002180011254,1.0,1.0,0.479122154618,0.5214244826623131,104.0,85.99999999994847,74.46,-0.153035198096,-0.25114776398571664,0.09811256588971665,74.0,58.999999999988,61.567270940876554,-0.326086956522,-0.27027671867659653,0.055810237845403454,156.0,156.0,156.0,0.0,0.0,0.0,29.9,29.9,29.9,0.0,0.0,0.0,41.0,41.0,41.0,0.0,0.0,0.0,0.1917609157135846,-0.14158911889798462
R_6KDvslaxG4W04I9,counterfactual,10,160203,feature contribution,0.5212236475670896,glucose: 161.00 -> 97.00 (delta -64.00); blood_pressure: 68.00 -> 55.00 (delta -13.00),glucose: 161.00 -> 129.24 (delta -31.76); blood_pressure: 68.00 -> 55.78 (delta -12.22),0.058218365987107515,0.7863351526481259,1 - sum(abs(model delta - user delta)) / (sum(abs(model delta)) + sum(abs(user delta))),1.0,0.14554591496776878,1.0,1.0,1.0,0.984594582185,0.9798548540900298,-0.132438154538,0.0605519329641,0.938077517716,0.8928715970999075,1.0,1.0,0.826733844436,0.5356420145004623,161.0,97.00000000002589,129.23736137041044,-0.544125148784,-0.27004453859538813,0.27408061018861185,68.0,55.000000000008,55.782516108366586,-0.282608695652,-0.26559747590507427,0.01701121974692571,132.0,132.0,132.0,0.0,0.0,0.0,25.5,25.5,25.5,0.0,0.0,0.0,47.0,47.0,47.0,0.0,0.0,0.0,0.09978088030617366,-0.03922894734207366
R_6KDvslaxG4W04I9,counterfactual,11,160215,feature contribution,0.5212236475670896,glucose: 117.00 -> 102.00 (delta -15.00); blood_pressure: 60.00 -> 54.00 (delta -6.00),glucose: 117.00 -> 166.79 (delta +49.79); blood_pressure: 60.00 -> 83.66 (delta +23.66),0.23912511130272454,0.0,1 - sum(abs(model delta - user delta)) / (sum(abs(model delta)) + sum(abs(user delta))),1.0,0.5978127782568113,0.0,0.0,1.0,-0.0406200167911,0.9223337856261731,-0.00730297718538,0.0606767911965,0.9677916207,0.9219143034907917,1.0,1.0,0.257964114355,0.9376614421586227,117.0,102.00000000003547,166.79420897572692,-0.127529331746,0.423348146367343,0.550877478113343,60.0,53.999999999986,83.65841160639887,-0.130434782609,0.5143132957912797,0.6447480784002797,106.0,106.0,106.0,0.0,0.0,0.0,33.8,33.8,33.8,0.0,0.0,0.0,27.0,27.0,27.0,0.0,0.0,0.0,0.22548035162738883,-0.16480356043088884
R_6KDvslaxG4W04I9,counterfactual,12,160208,feature contribution,0.5212236475670896,glucose: 126.00 -> 110.00 (delta -16.00); blood_pressure: 74.00 -> 59.00 (delta -15.00),glucose: 126.00 -> 170.42 (delta +44.42); blood_pressure: 74.00 -> 91.48 (delta +17.48),0.24396122745683382,2.220446049250313e-16,1 - sum(abs(model delta - user delta)) / (sum(abs(model delta)) + sum(abs(user delta))),1.0,0.6099030686420845,0.0,0.0,1.0,-0.0118446688486,0.9756567925538548,-0.198920994837,0.0900870805017,0.938224145788,0.9182090573895091,1.0,1.0,0.462118243718,0.7576878935661693,126.0,110.00000000000648,170.41647127716868,-0.136031287196,0.3776268600337415,0.5136581472297415,74.0,58.999999999988,91.48280754249167,-0.326086956522,0.3800610335324277,0.7061479900544276,75.0,75.0,75.0,0.0,0.0,0.0,25.9,25.9,25.9,0.0,0.0,0.0,39.0,39.0,39.0,0.0,0.0,0.0,0.1349947939323057,-0.044907713430605706
R_6KDvslaxG4W04I9,counterfactual,13,160218,feature contribution,0.5212236475670896,glucose: 154.00 -> 117.00 (delta -37.00); blood_pressure: 74.00 -> 64.00 (delta -10.00),glucose: 154.00 -> 184.44 (delta +30.44); blood_pressure: 74.00 -> 86.22 (delta +12.22),0.21127625695360655,0.0,1 - sum(abs(model delta - user delta)) / (sum(abs(model delta)) + sum(abs(user delta))),1.0,0.5281906423840164,0.0,1.0,1.0,0.923902445885,0.9760580376571959,0.0383976585575,0.0818222236912,0.925978163899,0.8951164742441934,1.0,1.0,0.531963655989,0.5244176287790329,154.0,116.99999999998556,184.44242638103503,-0.314572351641,0.25882015287395865,0.5733925045149586,74.0,63.999999999992,86.2174838916334,-0.217391304348,0.2655974759050742,0.48298878025307423,193.0,193.0,193.0,0.0,0.0,0.0,29.3,29.3,29.3,0.0,0.0,0.0,39.0,39.0,39.0,0.0,0.0,0.0,0.23524523318537804,-0.15342300949417803
R_6KDvslaxG4W04I9,counterfactual,14,160207,feature contribution,0.6523650672176116,blood_pressure: 74.00 -> 59.00 (delta -15.00),blood_pressure: 74.00 -> 94.00 (delta +20.00),0.15217391304353045,0.0,1 - sum(abs(model delta - user delta)) / (sum(abs(model delta)) + sum(abs(user delta))),1.0,0.7608695652176523,0.0,0.0,0.0,-3.02804846231e-06,0.23675644374808313,-0.0222032143073,0.204135275223,0.934782608695,0.9130434782608695,1.0,1.0,0.326086956522,0.4347826086956522,89.0,89.0,89.0,0.0,0.0,0.0,74.0,58.999999999988,94.0,-0.326086956522,0.4347826086956522,0.7608695652176523,85.0,85.0,85.0,0.0,0.0,0.0,30.4,30.4,30.4,0.0,0.0,0.0,38.0,38.0,38.0,0.0,0.0,0.0,0.0253557538167056,0.1787795214062944
R_6KDvslaxG4W04I9,counterfactual,15,160206,feature contribution,0.6523650672176116,blood_pressure: 80.00 -> 58.00 (delta -22.00),blood_pressure: 80.00 -> 94.00 (delta +14.00),0.1565217391303913,0.0,1 - sum(abs(model delta - user delta)) / (sum(abs(model delta)) + sum(abs(user delta))),1.0,0.7826086956519566,0.0,0.0,0.0,0.00106704882352,-1.2614975730684819e-10,0.447787190599,0.558946397893,0.958305291533,0.9391304347826087,1.0,1.0,0.478260869565,0.30434782608695654,103.0,103.0,103.0,0.0,0.0,0.0,80.0,58.00000000001,94.0,-0.478260869565,0.30434782608695654,0.7826086956519566,82.0,82.0,82.0,0.0,0.0,0.0,20.4,20.4,20.4,0.0,0.0,0.0,22.0,22.0,22.0,0.0,0.0,0.0,0.7262188695855071,-0.16727247169250703
R_6KDvslaxG4W04I9,counterfactual,16,160219,feature contribution,0.5212236475670896,glucose: 139.00 -> 84.00 (delta -55.00); blood_pressure: 64.00 -> 58.00 (delta -6.00),glucose: 139.00 -> 179.28 (delta +40.28); blood_pressure: 64.00 -> 83.59 (delta +19.59),0.273274027326729,0.0,1 - sum(abs(model delta - user delta)) / (sum(abs(model delta)) + sum(abs(user delta))),1.0,0.6831850683168225,0.0,0.0,1.0,-0.0474808074172,0.9486245411935975,-0.0569226716327,0.038863565943,0.944337278009,0.913280977134851,1.0,1.0,0.5980423323449999,0.768327804288645,139.0,84.00000000005166,179.27681302288985,-0.467607549736,0.3424316699786587,0.8100392197146586,64.0,57.999999999986,83.59122217825937,-0.130434782609,0.4258961343099863,0.5563309169189863,140.0,140.0,140.0,0.0,0.0,0.0,28.6,28.6,28.6,0.0,0.0,0.0,26.0,26.0,26.0,0.0,0.0,0.0,0.23737228925729592,-0.19850872331429592
R_6KDvslaxG4W04I9,counterfactual,17,160209,feature contribution,0.6523650672176116,blood_pressure: 78.00 -> 56.00 (delta -22.00),blood_pressure: 78.00 -> 94.00 (delta +16.00),0.16521739130430435,0.0,1 - sum(abs(model delta - user delta)) / (sum(abs(model delta)) + sum(abs(user delta))),1.0,0.8260869565215218,0.0,0.0,0.0,-3.76028703908e-06,0.0009109147642855087,-0.108472344952,0.215219871146,0.925989241697,0.9304347826086956,1.0,1.0,0.478260869565,0.34782608695652173,83.0,83.0,83.0,0.0,0.0,0.0,78.0,56.00000000001,94.0,-0.478260869565,0.34782608695652173,0.8260869565215218,71.0,71.0,71.0,0.0,0.0,0.0,29.3,29.3,29.3,0.0,0.0,0.0,36.0,36.0,36.0,0.0,0.0,0.0,0.14539254257494522,0.06982732857105478
R_6KDvslaxG4W04I9,counterfactual,18,160205,feature contribution,0.6523650672176116,blood_pressure: 74.00 -> 52.00 (delta -22.00),blood_pressure: 74.00 -> 94.00 (delta +20.00),0.18260869565213045,0.0,1 - sum(abs(model delta - user delta)) / (sum(abs(model delta)) + sum(abs(user delta))),1.0,0.9130434782606522,0.0,0.0,0.0,0.000201762544966,-1.8806122988435092e-05,-0.0252530195171,0.284435118814,0.960949224958,0.9191953279078309,1.0,1.0,0.478260869565,0.4347826086956522,100.0,100.0,100.0,0.0,0.0,0.0,74.0,52.00000000001,94.0,-0.478260869565,0.4347826086956522,0.9130434782606522,46.0,46.0,46.0,0.0,0.0,0.0,20.4,20.4,20.4,0.0,0.0,0.0,28.0,28.0,28.0,0.0,0.0,0.0,0.4002503267328939,-0.11581520791889388
R_6KDvslaxG4W04I9,counterfactual,19,160217,feature contribution,0.5212236475670896,blood_pressure: 68.00 -> 59.00 (delta -9.00); bmi: 34.10 -> 23.25 (delta -10.85),glucose: 112.00 -> 157.83 (delta +45.83); blood_pressure: 68.00 -> 86.52 (delta +18.52),0.2738150065266018,0.0,1 - sum(abs(model delta - user delta)) / (sum(abs(model delta)) + sum(abs(user delta))),0.5,0.456358344211003,0.0,0.0,1.0,-0.0342352853254,0.8373934037229618,-0.0371132294657,0.030760691058,0.946436877362,0.9288695114810726,1.0,1.0,0.576826661129,0.792248371504009,112.0,112.0,157.826970080209,0.0,0.3896188580191208,0.3896188580191208,68.0,59.000000000002004,86.52095762030486,-0.195652173913,0.40262951348488824,0.5982816873978882,94.0,94.0,94.0,0.0,0.0,0.0,34.1,23.247199999986034,34.1,-0.381174487216,0.0,0.381174487216,26.0,26.0,26.0,0.0,0.0,0.0,0.11536587681966659,-0.08460518576166659
R_6KDvslaxG4W04I9,counterfactual,20,160216,feature contribution,0.6523650672176116,glucose: 151.00 -> 97.00 (delta -54.00),blood_pressure: 62.00 -> 77.40 (delta +15.40),0.15878616836330123,0.0,1 - sum(abs(model delta - user delta)) / (sum(abs(model delta)) + sum(abs(user delta))),0.0,0.39696542090825304,nan,0.0,1.0,0.0135873666896,0.941657596245486,-0.0301487556955,0.034821278767,0.957707569716,0.9385062379817481,1.0,1.0,0.459105594287,0.33482524752950615,151.0,96.99999999996305,151.0,-0.459105594287,0.0,0.459105594287,62.0,62.0,77.40196138635729,0.0,0.33482524752950615,0.33482524752950615,120.0,120.0,120.0,0.0,0.0,0.0,35.5,35.5,35.5,0.0,0.0,0.0,28.0,28.0,28.0,0.0,0.0,0.0,0.1453373481715492,-0.1105160694045492
R_6upJU84Jtf3Faf5,none,1,160212,weighted examples,0.30299156584138587,bmi: 37.10 -> 33.21 (delta -3.89); age: 56.00 -> 47.00 (delta -9.00),bmi: 37.10 -> 29.43 (delta -7.67); age: 56.00 -> 32.67 (delta -23.33),0.1040233236890294,0.5935590062433578,1 - sum(abs(model delta - user delta)) / (sum(abs(model delta)) + sum(abs(user delta))),1.0,0.2600583092225735,1.0,0.0,0.0,-0.0133579990961,0.4346398947449251,-0.0660768606793,0.0372518432215,0.924043118702,0.9210712463252919,0.0,0.0,0.379784406491,0.899901024936147,111.0,111.0,111.0,0.0,0.0,0.0,72.0,72.0,72.0,0.0,0.0,0.0,207.0,207.0,207.0,0.0,0.0,0.0,37.1,33.212400000002944,29.43333333333333,-0.136541163248,-0.26927039430551636,0.13272923105751636,56.0,47.000000000009,32.666666666666664,-0.243243243243,-0.6306306306306306,0.3873873873876306,0.006436476519793566,0.030815366701706433
R_6upJU84Jtf3Faf5,none,2,160201,weighted examples,0.3248973031863061,glucose: 187.00 -> 149.00 (delta -38.00); bmi: 36.40 -> 31.79 (delta -4.61),glucose: 187.00 -> 130.67 (delta -56.33); bmi: 36.40 -> 29.43 (delta -6.97),0.04771968286053765,0.8025923238634843,1 - sum(abs(model delta - user delta)) / (sum(abs(model delta)) + sum(abs(user delta))),1.0,0.11929920715134412,1.0,0.0,1.0,0.48419942821,0.9133675821088134,0.279888651269,0.281142117469,0.937521010942,0.923071524604552,1.0,1.0,0.485029912598,0.7236283269006882,187.0,148.99999999995657,130.66666666666666,-0.323074307091,-0.4789434903361105,0.1558691832451105,70.0,70.0,70.0,0.0,0.0,0.0,200.0,200.0,200.0,0.0,0.0,0.0,36.4,31.788800000004688,29.43333333333333,-0.161955605507,-0.24468483656457773,0.08272923105757773,36.0,36.0,36.0,0.0,0.0,0.0,0.05898452146347527,0.2221575960055247
R_6upJU84Jtf3Faf5,none,3,160211,weighted examples,0.4569495723198673,glucose: 145.00 -> 119.00 (delta -26.00); bmi: 37.90 -> 29.80 (delta -8.10); age: 40.00 -> 36.00 (delta -4.00),blood_pressure: 80.00 -> 67.67 (delta -12.33); bmi: 37.90 -> 29.43 (delta -8.47); age: 40.00 -> 32.67 (delta -7.33),0.11839722097421161,0.5702398470948666,1 - sum(abs(model delta - user delta)) / (sum(abs(model delta)) + sum(abs(user delta))),0.6666666666666666,0.14799652621776452,1.0,0.0,0.0,0.0881239430978,0.30420873490867417,0.0115476703633,0.0747170723186,0.947931860431,0.9528343887104901,0.0,0.0,0.613797893325,0.763682314808058,145.0,118.99999999995171,145.0,-0.221050841694,0.0,0.221050841694,80.0,80.0,67.66666666666666,0.0,-0.26811594202898553,0.26811594202898553,130.0,130.0,130.0,0.0,0.0,0.0,37.9,29.795760000013132,29.43333333333333,-0.284638943523,-0.2973681745808744,0.01272923105787438,40.0,36.000000000004,32.666666666666664,-0.108108108108,-0.19819819819819817,0.09009009009019817,0.026918058224933372,0.04779901409366663
R_6upJU84Jtf3Faf5,none,4,160214,weighted examples,0.36815154940104655,age: 41.00 -> 32.00 (delta -9.00),glucose: 104.00 -> 130.67 (delta +26.67),0.09399241104728502,0.0,1 - sum(abs(model delta - user delta)) / (sum(abs(model delta)) + sum(abs(user delta))),0.0,0.23498102761821255,nan,0.0,0.0,0.120241955989,0.03794984933242421,0.00295922008077,0.0501717968156,0.951351351351,0.954656237601315,0.0,1.0,0.243243243243,0.22671881199342508,104.0,104.0,130.66666666666666,0.0,0.22671881199342508,0.22671881199342508,74.0,74.0,74.0,0.0,0.0,0.0,156.0,156.0,156.0,0.0,0.0,0.0,29.9,29.9,29.9,0.0,0.0,0.0,41.0,32.000000000009,41.0,-0.243243243243,0.0,0.243243243243,0.09893518690315978,-0.048763390087559776
R_6upJU84Jtf3Faf5,none,5,160210,weighted examples,0.5048440974353005,bmi: 39.40 -> 29.80 (delta -9.60),bmi: 39.40 -> 29.43 (delta -9.97),0.0025458462114342105,0.9814813553182523,1 - sum(abs(model delta - user delta)) / (sum(abs(model delta)) + sum(abs(user delta))),1.0,0.012729231057171053,1.0,0.0,0.0,-0.00199233622519,-0.0019636218308457802,-0.0505935578648,0.0664632820126,0.957321485927,0.9547756397157634,1.0,1.0,0.33732228154,0.35005151259717104,100.0,100.0,100.0,0.0,0.0,0.0,74.0,74.0,74.0,0.0,0.0,0.0,215.0,215.0,215.0,0.0,0.0,0.0,39.4,29.795759999993106,29.43333333333333,-0.33732228154,-0.35005151259717104,0.012729231057171053,43.0,43.0,43.0,0.0,0.0,0.0,0.10432760882037084,-0.03786432680777084
R_6upJU84Jtf3Faf5,none,6,160202,weighted examples,0.24840991124322892,glucose: 125.00 -> 111.00 (delta -14.00); age: 41.00 -> 35.00 (delta -6.00),insulin: 115.00 -> 84.50 (delta -30.50); age: 41.00 -> 32.67 (delta -8.33),0.048997482411350476,0.5696779173846045,1 - sum(abs(model delta - user delta)) / (sum(abs(model delta)) + sum(abs(user delta))),0.5,0.08166247068558413,1.0,0.0,1.0,0.28671173484,0.8293524559316662,0.040926432759,0.0569726484831,0.957494868363,0.9653322642813388,0.0,0.0,0.28118953845899997,0.2881221979217524,125.0,110.99999999994685,125.0,-0.119027376297,0.0,0.119027376297,70.0,70.0,70.0,0.0,0.0,0.0,115.0,115.0,84.5,0.0,-0.06289697269652714,0.06289697269652714,31.1,31.1,31.1,0.0,0.0,0.0,41.0,35.000000000006004,32.666666666666664,-0.162162162162,-0.22522522522522526,0.06306306306322526,0.07057741323552419,-0.01360476475242419
R_6upJU84Jtf3Faf5,none,7,160213,weighted examples,0.7281750866612173,blood_pressure: 88.00 -> 66.00 (delta -22.00),blood_pressure: 88.00 -> 67.67 (delta -20.33),0.007246376811550726,0.9606299212600694,1 - sum(abs(model delta - user delta)) / (sum(abs(model delta)) + sum(abs(user delta))),1.0,0.03623188405775363,1.0,1.0,1.0,0.991670227378,0.9894898926856875,-0.0364892777965,0.0929170929375,0.94153772859,0.9487841054013091,1.0,1.0,0.478260869565,0.4420289855072464,117.0,117.0,117.0,0.0,0.0,0.0,88.0,66.00000000001,67.66666666666666,-0.478260869565,-0.4420289855072464,0.03623188405775363,145.0,145.0,145.0,0.0,0.0,0.0,34.5,34.5,34.5,0.0,0.0,0.0,40.0,40.0,40.0,0.0,0.0,0.0,0.105618660043687,-0.012701567106187
R_6upJU84Jtf3Faf5,none,8,160204,weighted examples,0.27948489639914925,blood_pressure: 70.00 -> 65.00 (delta -5.00); age: 45.00 -> 33.00 (delta -12.00),insulin: 122.00 -> 84.50 (delta -37.50); age: 45.00 -> 32.67 (delta -12.33),0.039007400932534006,0.7688274016544743,1 - sum(abs(model delta - user delta)) / (sum(abs(model delta)) + sum(abs(user delta))),0.5,0.06501233488755669,1.0,1.0,1.0,0.854950038737,0.7934485064012062,-0.0667441719461,0.0395820491408,0.972999348428,0.9653322642813388,0.0,0.0,0.433019976498,0.41066567681267,125.0,125.0,125.0,0.0,0.0,0.0,70.0,64.99999999999599,70.0,-0.108695652174,0.0,0.108695652174,122.0,122.0,84.5,0.0,-0.07733234347933665,0.07733234347933665,28.9,28.9,28.9,0.0,0.0,0.0,45.0,33.000000000012,32.666666666666664,-0.324324324324,-0.33333333333333337,0.00900900900933338,0.06922574816106886,-0.02964369902026886
R_6upJU84Jtf3Faf5,none,9,160200,weighted examples,0.7042311502826196,glucose: 154.00 -> 113.00 (delta -41.00),glucose: 154.00 -> 130.67 (delta -23.33),0.0300402425891506,0.725388601036125,1 - sum(abs(model delta - user delta)) / (sum(abs(model delta)) + sum(abs(user delta))),1.0,0.150201212945753,1.0,0.0,0.0,0.0503445202604,0.2920152184850565,0.0319329718233,0.0980127823706,0.950267524989,0.9541054568635224,1.0,1.0,0.34858017344,0.19837896049424697,154.0,112.99999999998718,130.66666666666666,-0.34858017344,-0.19837896049424697,0.150201212945753,72.0,72.0,72.0,0.0,0.0,0.0,126.0,126.0,126.0,0.0,0.0,0.0,31.3,31.3,31.3,0.0,0.0,0.0,37.0,37.0,37.0,0.0,0.0,0.0,0.03608961785533901,0.06192316451526099
R_6upJU84Jtf3Faf5,none,10,160203,weighted examples,0.44294613177046277,glucose: 161.00 -> 144.00 (delta -17.00); age: 47.00 -> 38.00 (delta -9.00),glucose: 161.00 -> 130.67 (delta -30.33); age: 47.00 -> 32.67 (delta -14.33),0.051500710028181684,0.7507362427153608,1 - sum(abs(model delta - user delta)) / (sum(abs(model delta)) + sum(abs(user delta))),1.0,0.1287517750704542,1.0,1.0,1.0,0.944854850573,0.9179009758914318,-0.0353050307747,0.0605519329641,0.922444702822,0.9502015740942203,0.0,0.0,0.38777648588900004,0.6452800360299085,161.0,143.9999999999775,130.66666666666666,-0.144533242646,-0.25789264864252104,0.11335940599652103,68.0,68.0,68.0,0.0,0.0,0.0,132.0,132.0,132.0,0.0,0.0,0.0,25.5,25.5,25.5,0.0,0.0,0.0,47.0,38.000000000009,32.666666666666664,-0.243243243243,-0.3873873873873874,0.14414414414438742,0.07314301017265433,-0.012591077208554333
R_6upJU84Jtf3Faf5,none,11,160218,weighted examples,0.649604278343668,bmi: 29.30 -> 36.34 (delta +7.04),bmi: 29.30 -> 35.33 (delta +6.03),0.007101620305401374,0.9226935719347089,1 - sum(abs(model delta - user delta)) / (sum(abs(model delta)) + sum(abs(user delta))),1.0,0.03550810152700687,1.0,1.0,1.0,0.940519709833,0.9375808672876182,0.026880310277,0.0818222236912,0.950517561112,0.9576191814180014,1.0,1.0,0.247412194437,0.21190409290999312,154.0,154.0,154.0,0.0,0.0,0.0,74.0,74.0,74.0,0.0,0.0,0.0,193.0,193.0,193.0,0.0,0.0,0.0,29.3,36.34432000001028,35.333333333333336,0.247412194437,0.21190409290999312,0.03550810152700687,39.0,39.0,39.0,0.0,0.0,0.0,0.054351362125875324,0.027470861565324675
R_6upJU84Jtf3Faf5,none,12,160207,weighted examples,0.3958598568228564,glucose: 89.00 -> 104.00 (delta +15.00); insulin: 85.00 -> 172.00 (delta +87.00),glucose: 89.00 -> 139.50 (delta +50.50); insulin: 85.00 -> 203.33 (delta +118.33),0.07328697753697996,0.6262072353335519,1 - sum(abs(model delta - user delta)) / (sum(abs(model delta)) + sum(abs(user delta))),1.0,0.18321744384244992,1.0,1.0,0.0,0.99905561707,0.01833237782221553,0.109849017279,0.204135275223,0.973672534606,0.9579501628406139,1.0,1.0,0.306940368618,0.6733752563028998,89.0,103.99999999996453,139.5,0.127529331746,0.4293487502125487,0.3018194184665487,74.0,74.0,74.0,0.0,0.0,0.0,85.0,171.99999999997044,203.33333333333331,0.179411036872,0.24402650609035112,0.06461546921835112,30.4,30.4,30.4,0.0,0.0,0.0,38.0,38.0,38.0,0.0,0.0,0.0,0.10279975559958493,0.10133551962341508
R_6upJU84Jtf3Faf5,none,13,160208,weighted examples,0.5439021777682296,insulin: 75.00 -> 186.00 (delta +111.00),bmi: 25.90 -> 35.33 (delta +9.43),0.11204467915585312,0.0,1 - sum(abs(model delta - user delta)) / (sum(abs(model delta)) + sum(abs(user delta))),0.0,0.2801116978896328,nan,0.0,0.0,0.00581921071554,-0.006509636360451321,0.0128773389405,0.0900870805017,0.95421925266,0.9628380149184055,1.0,1.0,0.228903736699,0.3313196590802656,126.0,126.0,126.0,0.0,0.0,0.0,74.0,74.0,74.0,0.0,0.0,0.0,75.0,186.0000000000793,75.0,0.228903736699,0.0,0.228903736699,25.9,25.9,35.333333333333336,0.0,0.3313196590802656,0.3313196590802656,39.0,39.0,39.0,0.0,0.0,0.0,0.06253562520482525,0.02755145529687475
R_6upJU84Jtf3Faf5,none,14,160219,weighted examples,0.5360086728043568,age: 26.00 -> 34.00 (delta +8.00),age: 26.00 -> 41.67 (delta +15.67),0.04144144144148467,0.6760563380277216,1 - sum(abs(model delta - user delta)) / (sum(abs(model delta)) + sum(abs(user delta))),1.0,0.20720720720742336,1.0,0.0,0.0,0.162135759632,0.22434613867772701,-0.0159834793366,0.038863565943,0.956756756757,0.9338638622413267,0.0,0.0,0.216216216216,0.4234234234234234,139.0,139.0,139.0,0.0,0.0,0.0,64.0,64.0,64.0,0.0,0.0,0.0,140.0,140.0,140.0,0.0,0.0,0.0,28.6,28.6,28.6,0.0,0.0,0.0,26.0,33.999999999992,41.666666666666664,0.216216216216,0.4234234234234234,0.20720720720742336,0.03800150712366995,0.0008620588193300471
R_6upJU84Jtf3Faf5,none,15,160209,weighted examples,0.35733586626643327,glucose: 83.00 -> 116.00 (delta +33.00); insulin: 71.00 -> 148.00 (delta +77.00),glucose: 83.00 -> 139.50 (delta +56.50); insulin: 71.00 -> 203.33 (delta +132.33),0.06278082442280788,0.7367926064060633,1 - sum(abs(model delta - user delta)) / (sum(abs(model delta)) + sum(abs(user delta))),1.0,0.15695206105701973,1.0,1.0,0.0,0.873957813116,0.029093261409954718,0.138736167528,0.215219871146,0.938076501073,0.9374749372577004,1.0,1.0,0.439353608453,0.7532577305670394,83.0,116.00000000001606,139.5,0.280564529842,0.4803604829110693,0.19979595306906933,78.0,78.0,78.0,0.0,0.0,0.0,71.0,148.00000000004627,203.33333333333331,0.158789078611,0.2728972476559701,0.11410816904497012,29.3,29.3,29.3,0.0,0.0,0.0,36.0,36.0,36.0,0.0,0.0,0.0,0.14487932789967933,0.07034054324632066
R_6upJU84Jtf3Faf5,none,16,160215,weighted examples,0.4708204316202164,insulin: 106.00 -> 172.00 (delta +66.00); age: 27.00 -> 29.00 (delta +2.00),blood_pressure: 60.00 -> 77.67 (delta +17.67); age: 27.00 -> 41.67 (delta +14.67),0.1725010475761578,0.11138122977079523,1 - sum(abs(model delta - user delta)) / (sum(abs(model delta)) + sum(abs(user delta))),0.5,0.287501745960263,1.0,1.0,0.0,0.858933363328,0.06457083303156197,-0.00297956185583,0.0606767911965,0.962388007182,0.9375889295870883,0.0,0.0,0.1901589785781,0.780454367410889,117.0,117.0,117.0,0.0,0.0,0.0,60.0,60.0,77.66666666666666,0.0,0.38405797101449274,0.38405797101449274,106.0,172.0000000001782,106.0,0.136104924524,0.0,0.136104924524,33.8,33.8,33.8,0.0,0.0,0.0,27.0,29.000000000001698,41.666666666666664,0.0540540540541,0.39639639639639634,0.3423423423422963,0.019935616419427038,0.04074117477707296
R_6upJU84Jtf3Faf5,none,17,160216,weighted examples,0.43994976035828176,blood_pressure: 62.00 -> 65.00 (delta +3.00),age: 28.00 -> 41.67 (delta +13.67),0.08691735213473387,0.0,1 - sum(abs(model delta - user delta)) / (sum(abs(model delta)) + sum(abs(user delta))),0.0,0.21729338033683465,nan,0.0,0.0,0.230000544402,0.4197730256942118,0.0219816318828,0.034821278767,0.986956521739,0.9261261261261261,1.0,0.0,0.0652173913043,0.3693693693693693,151.0,151.0,151.0,0.0,0.0,0.0,62.0,64.9999999999978,62.0,0.0652173913043,0.0,0.0652173913043,120.0,120.0,120.0,0.0,0.0,0.0,35.5,35.5,35.5,0.0,0.0,0.0,28.0,28.0,41.666666666666664,0.0,0.3693693693693693,0.3693693693693693,0.0014890121860492989,0.033332266580950703
R_6upJU84Jtf3Faf5,none,18,160217,weighted examples,0.2776517100689295,insulin: 94.00 -> 186.00 (delta +92.00); age: 26.00 -> 41.00 (delta +15.00),glucose: 112.00 -> 139.50 (delta +27.50); age: 26.00 -> 41.67 (delta +15.67),0.0883087617779286,0.6474290892179244,1 - sum(abs(model delta - user delta)) / (sum(abs(model delta)) + sum(abs(user delta))),0.5,0.14718126962988098,1.0,0.0,1.0,0.16528345123,0.7508578003788035,0.0214010591308,0.030760691058,0.946618523044,0.9504734099539636,0.0,0.0,0.595127421408,0.6572271982916429,112.0,112.0,139.5,0.0,0.23380377486821957,0.23380377486821957,68.0,68.0,68.0,0.0,0.0,0.0,94.0,186.00000000017494,94.0,0.189722016003,0.0,0.189722016003,34.1,34.1,34.1,0.0,0.0,0.0,26.0,40.999999999985,41.666666666666664,0.405405405405,0.4234234234234234,0.0180180180184234,0.040045891966259864,-0.009285200908259864
R_6upJU84Jtf3Faf5,none,19,160206,weighted examples,0.5843160230863025,glucose: 103.00 -> 118.00 (delta +15.00); insulin: 82.00 -> 157.00 (delta +75.00); bmi: 20.40 -> 23.82 (delta +3.42); age: 22.00 -> 35.00 (delta +13.00),glucose: 103.00 -> 139.50 (delta +36.50); insulin: 82.00 -> 203.33 (delta +121.33); bmi: 20.40 -> 35.33 (delta +14.93); age: 22.00 -> 41.67 (delta +19.67),0.17260250548671668,0.6358755589889142,1 - sum(abs(model delta - user delta)) / (sum(abs(model delta)) + sum(abs(user delta))),1.0,0.21575313185839584,1.0,0.0,0.0,0.000195916938221,0.4529272834442295,0.395569793542,0.558946397893,0.934683982139,0.9283147517163868,0.0,0.0,0.753545370056,1.6165578974895833,103.0,117.99999999996453,139.5,0.127529331746,0.3103213739160005,0.1827920421700005,80.0,80.0,80.0,0.0,0.0,0.0,82.0,157.00000000015842,203.3333333333333,0.154664686959,0.25021309356869803,0.09554840660969804,20.4,23.816640000000003,35.333333333333336,0.12,0.5244918984733533,0.4044918984733533,22.0,34.999999999987,41.66666666666666,0.351351351351,0.5315315315315314,0.18018018018053145,0.0055762893284303505,0.5533701085645697
R_6upJU84Jtf3Faf5,none,20,160205,weighted examples,0.6566660995228228,glucose: 100.00 -> 113.00 (delta +13.00); insulin: 46.00 -> 162.00 (delta +116.00); bmi: 20.40 -> 33.21 (delta +12.81); age: 28.00 -> 39.00 (delta +11.00),glucose: 100.00 -> 139.50 (delta +39.50); insulin: 46.00 -> 203.33 (delta +157.33); bmi: 20.40 -> 35.33 (delta +14.93); age: 28.00 -> 41.67 (delta +13.67),0.09142064348876894,0.8275848687936671,1 - sum(abs(model delta - user delta)) / (sum(abs(model delta)) + sum(abs(user delta))),1.0,0.11427580436096117,1.0,1.0,0.0,0.993855550504,0.04070194446417863,0.208293534938,0.284435118814,0.948143262542,0.954401708238126,0.0,0.0,1.097037433973,1.5541406514168448,100.0,113.00000000002414,139.5,0.110525420847,0.33582724026526084,0.22530181941826083,74.0,74.0,74.0,0.0,0.0,0.0,46.0,161.99999999979892,203.33333333333331,0.239214715829,0.32445214330886124,0.08523742747986124,20.4,33.21240000000002,35.333333333333336,0.45,0.5244918984733533,0.0744918984733533,28.0,38.999999999989,41.666666666666664,0.297297297297,0.3693693693693693,0.07207207207236932,0.07896280684362722,0.2054723119703728
R_771uyV9h8uinmh3,attribution,1,160213,feature contribution,0.7271188534098019,blood_pressure: 88.00 -> 65.00 (delta -23.00),blood_pressure: 88.00 -> 71.08 (delta -16.92),0.026452244054185982,0.8475794520647963,1 - sum(abs(model delta - user delta)) / (sum(abs(model delta)) + sum(abs(user delta))),1.0,0.1322612202709299,1.0,1.0,1.0,0.992095423218,0.8768993868734078,-0.0512426839312,0.0929170929375,0.937189902503,0.9542159193181375,1.0,1.0,0.5,0.3677387797290701,117.0,117.0,117.0,0.0,0.0,0.0,88.0,65.0,71.08401613246278,-0.5,-0.3677387797290701,0.1322612202709299,145.0,145.0,145.0,0.0,0.0,0.0,34.5,34.5,34.5,0.0,0.0,0.0,40.0,40.0,40.0,0.0,0.0,0.0,0.03384085898765915,0.05907623394984085
R_771uyV9h8uinmh3,attribution,2,160201,feature contribution,0.5821102682858813,glucose: 187.00 -> 139.00 (delta -48.00),glucose: 187.00 -> 84.59 (delta -102.41),0.09252004726527177,0.6382510228620075,1 - sum(abs(model delta - user delta)) / (sum(abs(model delta)) + sum(abs(user delta))),1.0,0.4626002363263588,1.0,0.0,1.0,0.423914042172,0.7116550987053145,0.27027201687,0.281142117469,0.932071361456,0.8965553865791891,1.0,1.0,0.408093861588,0.8706940979143588,187.0,139.00000000001944,84.58896020331308,-0.408093861588,-0.8706940979143588,0.4626002363263588,70.0,70.0,70.0,0.0,0.0,0.0,200.0,200.0,200.0,0.0,0.0,0.0,36.4,36.4,36.4,0.0,0.0,0.0,36.0,36.0,36.0,0.0,0.0,0.0,0.013899419732011364,0.2672426977369886
R_771uyV9h8uinmh3,attribution,3,160210,feature contribution,0.5461422226017221,bmi: 39.40 -> 30.37 (delta -9.03),insulin: 215.00 -> 106.76 (delta -108.24),0.10810849867004109,0.0,1 - sum(abs(model delta - user delta)) / (sum(abs(model delta)) + sum(abs(user delta))),0.0,0.2702712466751027,nan,0.0,1.0,-0.00202099305063,0.9979351804762348,-0.0705935578648,0.0664632820126,0.954785942235,0.9696103620453378,1.0,1.0,0.31732228154,0.22322021181020543,100.0,100.0,100.0,0.0,0.0,0.0,74.0,74.0,74.0,0.0,0.0,0.0,215.0,215.0,106.75605488899495,0.0,-0.22322021181020543,0.22322021181020543,39.4,30.36519999999311,39.4,-0.31732228154,0.0,0.31732228154,43.0,43.0,43.0,0.0,0.0,0.0,0.15675693180502193,-0.09029364979242192
R_771uyV9h8uinmh3,attribution,4,160203,feature contribution,0.7399649541219473,glucose: 161.00 -> 129.00 (delta -32.00),glucose: 161.00 -> 147.71 (delta -13.29),0.03181865459628386,0.5868049297222551,1 - sum(abs(model delta - user delta)) / (sum(abs(model delta)) + sum(abs(user delta))),1.0,0.1590932729814193,1.0,1.0,1.0,0.972208962696,0.6473880988017884,-0.0162531613387,0.0605519329641,0.945684467769,0.9774061397178838,1.0,1.0,0.272062574392,0.1129693014105807,161.0,129.00000000001296,147.7125507680875,-0.272062574392,-0.1129693014105807,0.1590932729814193,68.0,68.0,68.0,0.0,0.0,0.0,132.0,132.0,132.0,0.0,0.0,0.0,25.5,25.5,25.5,0.0,0.0,0.0,47.0,47.0,47.0,0.0,0.0,0.0,0.011081649893119383,0.049470283070980614
R_771uyV9h8uinmh3,attribution,5,160214,feature contribution,0.44187178839357777,blood_pressure: 74.00 -> 60.00 (delta -14.00),insulin: 156.00 -> 102.17 (delta -53.83),0.08307130675089314,0.0,1 - sum(abs(model delta - user delta)) / (sum(abs(model delta)) + sum(abs(user delta))),0.0,0.20767826687723284,nan,1.0,1.0,0.99553174918,0.9837905588665904,-0.0408710150039,0.0501717968156,0.939130434782,0.9777982584665069,1.0,1.0,0.304347826087,0.11100870766746565,104.0,104.0,104.0,0.0,0.0,0.0,74.0,59.999999999997996,74.0,-0.304347826087,0.0,0.304347826087,156.0,156.0,102.16965747789244,0.0,-0.11100870766746565,0.11100870766746565,29.9,29.9,29.9,0.0,0.0,0.0,41.0,41.0,41.0,0.0,0.0,0.0,0.06083691335082381,-0.010665116535223805
R_771uyV9h8uinmh3,attribution,6,160212,feature contribution,0.6214567048223386,blood_pressure: 72.00 -> 62.00 (delta -10.00),insulin: 207.00 -> 112.58 (delta -94.42),0.08242223275026177,0.0,1 - sum(abs(model delta - user delta)) / (sum(abs(model delta)) + sum(abs(user delta))),0.0,0.20605558187565443,nan,1.0,1.0,0.85760211054,0.985477620821888,0.0034771310746,0.0372518432215,0.95652173913,0.9610560281193382,1.0,1.0,0.217391304348,0.19471985940330888,111.0,111.0,111.0,0.0,0.0,0.0,72.0,61.999999999992,72.0,-0.217391304348,0.0,0.217391304348,207.0,207.0,112.57644577814726,0.0,-0.19471985940330888,0.19471985940330888,37.1,37.1,37.1,0.0,0.0,0.0,56.0,56.0,56.0,0.0,0.0,0.0,0.2038998161626937,-0.1666479729411937
R_771uyV9h8uinmh3,attribution,7,160204,feature contribution,0.5474600862150578,blood_pressure: 70.00 -> 58.00 (delta -12.00),blood_pressure: 70.00 -> 64.88 (delta -5.12),0.029922387695023932,0.5979548345081656,1 - sum(abs(model delta - user delta)) / (sum(abs(model delta)) + sum(abs(user delta))),1.0,0.14961193847511967,1.0,1.0,1.0,0.9683441417,0.9526999603010068,-0.0907706213929,0.0395820491408,0.947826086956,0.977748474651624,1.0,1.0,0.260869565217,0.11125762674188033,125.0,125.0,125.0,0.0,0.0,0.0,70.0,58.000000000018005,64.8821491698735,-0.260869565217,-0.11125762674188033,0.14961193847511967,122.0,122.0,122.0,0.0,0.0,0.0,28.9,28.9,28.9,0.0,0.0,0.0,45.0,45.0,45.0,0.0,0.0,0.0,0.06274294708467859,-0.023160897943878593
R_771uyV9h8uinmh3,attribution,8,160202,feature contribution,0.5779019941184852,blood_pressure: 70.00 -> 55.00 (delta -15.00),bmi: 31.10 -> 28.10 (delta -3.00),0.08629581227379171,0.0,1 - sum(abs(model delta - user delta)) / (sum(abs(model delta)) + sum(abs(user delta))),0.0,0.2157395306844793,nan,1.0,0.0,0.977304612591,0.11872687118603714,-0.0770137090257,0.0569726484831,0.934782608695,0.9789215790306083,1.0,1.0,0.326086956522,0.1053921048469586,125.0,125.0,125.0,0.0,0.0,0.0,70.0,54.999999999988,70.0,-0.326086956522,0.0,0.326086956522,115.0,115.0,115.0,0.0,0.0,0.0,31.1,31.1,28.09927599079739,0.0,-0.1053921048469586,0.1053921048469586,41.0,41.0,41.0,0.0,0.0,0.0,0.03274059163465248,0.024232056848447515
R_771uyV9h8uinmh3,attribution,9,160200,feature contribution,0.7413196121732254,blood_pressure: 72.00 -> 58.00 (delta -14.00),glucose: 154.00 -> 140.21 (delta -13.79),0.08432120256995178,0.0,1 - sum(abs(model delta - user delta)) / (sum(abs(model delta)) + sum(abs(user delta))),0.0,0.21080300642487945,nan,1.0,0.0,0.980545312503,0.17867681887590356,0.0345589611537,0.0980127823706,0.964577939663,0.9378813021172249,1.0,1.0,0.304347826087,0.1172581867627589,154.0,154.0,140.2080920729643,0.0,-0.1172581867627589,0.1172581867627589,72.0,57.999999999997996,72.0,-0.304347826087,0.0,0.304347826087,126.0,126.0,126.0,0.0,0.0,0.0,31.3,31.3,31.3,0.0,0.0,0.0,37.0,37.0,37.0,0.0,0.0,0.0,0.03622880008342444,0.06178398228717556
R_771uyV9h8uinmh3,attribution,10,160211,feature contribution,0.5078715888042912,blood_pressure: 80.00 -> 61.00 (delta -19.00),blood_pressure: 80.00 -> 62.22 (delta -17.78),0.005323914229863014,0.9667033682219496,1 - sum(abs(model delta - user delta)) / (sum(abs(model delta)) + sum(abs(user delta))),1.0,0.02661957114931507,1.0,1.0,1.0,0.869939705394,0.67484913350023,0.0384113125944,0.0747170723186,0.915481489832,0.9208054040619216,1.0,1.0,0.413043478261,0.38642390711168495,145.0,145.0,145.0,0.0,0.0,0.0,80.0,60.999999999993996,62.22450027286249,-0.413043478261,-0.38642390711168495,0.02661957114931507,130.0,130.0,130.0,0.0,0.0,0.0,37.9,37.9,37.9,0.0,0.0,0.0,40.0,40.0,40.0,0.0,0.0,0.0,0.014355891879891447,0.060361180438708556
R_771uyV9h8uinmh3,attribution,11,160216,feature contribution,0.6486965143446094,blood_pressure: 62.00 -> 75.00 (delta +13.00),blood_pressure: 62.00 -> 73.82 (delta +11.82),0.005114753595560994,0.9526098949892593,1 - sum(abs(model delta - user delta)) / (sum(abs(model delta)) + sum(abs(user delta))),1.0,0.025573767977804973,1.0,1.0,1.0,0.941567510841,0.94051271260571,-0.132634180908,0.034821278767,0.943478260869,0.948593014465161,1.0,1.0,0.282608695652,0.257034927674195,151.0,151.0,151.0,0.0,0.0,0.0,62.0,74.999999999992,73.82360667301297,0.282608695652,0.257034927674195,0.025573767977804973,120.0,120.0,120.0,0.0,0.0,0.0,35.5,35.5,35.5,0.0,0.0,0.0,28.0,28.0,28.0,0.0,0.0,0.0,0.1434650843671124,-0.10864380560011239
R_771uyV9h8uinmh3,attribution,12,160215,feature contribution,0.6254122287450504,blood_pressure: 60.00 -> 76.00 (delta +16.00),blood_pressure: 60.00 -> 87.97 (delta +27.97),0.05202297884278719,0.7278469797840766,1 - sum(abs(model delta - user delta)) / (sum(abs(model delta)) + sum(abs(user delta))),1.0,0.26011489421393597,1.0,0.0,0.0,-0.0680045499025,-0.072498605318836,-0.0755179854076,0.0606767911965,0.961731042961,0.9339469754632242,1.0,1.0,0.347826086957,0.607940981170936,117.0,117.0,117.0,0.0,0.0,0.0,60.0,76.000000000022,87.96528513386306,0.347826086957,0.607940981170936,0.26011489421393597,106.0,106.0,106.0,0.0,0.0,0.0,33.8,33.8,33.8,0.0,0.0,0.0,27.0,27.0,27.0,0.0,0.0,0.0,0.11752209496774549,-0.05684530377124549
R_771uyV9h8uinmh3,attribution,13,160208,feature contribution,0.6587351531951655,glucose: 126.00 -> 159.00 (delta +33.00),insulin: 75.00 -> 235.42 (delta +160.42),0.1222779427838051,0.0,1 - sum(abs(model delta - user delta)) / (sum(abs(model delta)) + sum(abs(user delta))),0.0,0.30569485695951276,nan,1.0,0.0,0.8862350921,-0.011370341932884775,-0.0133661085582,0.0900870805017,0.943887094031,0.9338349631845949,1.0,1.0,0.280564529842,0.33082518407702555,126.0,159.00000000001606,126.0,0.280564529842,0.0,0.280564529842,74.0,74.0,74.0,0.0,0.0,0.0,75.0,75.0,235.42374826263153,0.0,0.33082518407702555,0.33082518407702555,25.9,25.9,25.9,0.0,0.0,0.0,39.0,39.0,39.0,0.0,0.0,0.0,0.15165401325496491,-0.061566932753264914
R_771uyV9h8uinmh3,attribution,14,160217,feature contribution,0.5036626992750838,glucose: 112.00 -> 144.00 (delta +32.00),insulin: 94.00 -> 246.72 (delta +152.72),0.11739929173117052,0.0,1 - sum(abs(model delta - user delta)) / (sum(abs(model delta)) + sum(abs(user delta))),0.0,0.2934982293279263,nan,1.0,0.0,0.565414733339,0.1693067166713087,0.0112098101955,0.030760691058,0.945587485121,0.9459291914216427,1.0,1.0,0.272062574392,0.3149338842638526,112.0,143.99999999998704,112.0,0.272062574392,0.0,0.272062574392,68.0,68.0,68.0,0.0,0.0,0.0,94.0,94.0,246.71773915722773,0.0,0.3149338842638526,0.3149338842638526,34.1,34.1,34.1,0.0,0.0,0.0,26.0,26.0,26.0,0.0,0.0,0.0,0.02242003734293707,0.008340653715062929
R_771uyV9h8uinmh3,attribution,15,160207,feature contribution,0.539944458271234,glucose: 89.00 -> 126.00 (delta +37.00),glucose: 89.00 -> 185.03 (delta +96.03),0.10036980012876832,0.5562760438879089,1 - sum(abs(model delta - user delta)) / (sum(abs(model delta)) + sum(abs(user delta))),1.0,0.5018490006438416,1.0,1.0,1.0,0.65940551521,0.9993025479780159,0.192679984908,0.204135275223,0.958860200132,0.9355284785604979,1.0,1.0,0.314572351641,0.8164213522848417,89.0,126.00000000001444,185.0274794557431,0.314572351641,0.8164213522848417,0.5018490006438416,74.0,74.0,74.0,0.0,0.0,0.0,85.0,85.0,85.0,0.0,0.0,0.0,30.4,30.4,30.4,0.0,0.0,0.0,38.0,38.0,38.0,0.0,0.0,0.0,0.12652560927857132,0.0776096659444287
R_771uyV9h8uinmh3,attribution,16,160218,feature contribution,0.6289176027512485,bmi: 29.30 -> 37.20 (delta +7.90),bmi: 29.30 -> 32.43 (delta +3.13),0.03350983559647153,0.5673640520481518,1 - sum(abs(model delta - user delta)) / (sum(abs(model delta)) + sum(abs(user delta))),1.0,0.16754917798235763,1.0,1.0,1.0,0.939317018455,0.6958534050857853,0.0225423819148,0.0818222236912,0.944517561112,0.9780273967090716,1.0,1.0,0.277412194437,0.10986301645464236,154.0,154.0,154.0,0.0,0.0,0.0,74.0,74.0,74.0,0.0,0.0,0.0,193.0,193.0,193.0,0.0,0.0,0.0,29.3,37.19848000001028,32.428019804496586,0.277412194437,0.10986301645464236,0.16754917798235763,39.0,39.0,39.0,0.0,0.0,0.0,0.021224051780805886,0.060598171910394114
R_771uyV9h8uinmh3,attribution,17,160206,feature contribution,0.3649030768758805,bmi: 20.40 -> 30.93 (delta +10.53),bmi: 20.40 -> 48.60 (delta +28.20),0.12406796023852813,0.5439817311463101,1 - sum(abs(model delta - user delta)) / (sum(abs(model delta)) + sum(abs(user delta))),1.0,0.6203398011926406,1.0,0.0,0.0,1.60747436193e-05,0.005568626553300038,0.317610907318,0.558946397893,0.94665924485,0.9295612556071016,1.0,1.0,0.37,0.9903398011926406,103.0,103.0,103.0,0.0,0.0,0.0,80.0,80.0,80.0,0.0,0.0,0.0,82.0,82.0,82.0,0.0,0.0,0.0,20.4,30.934640000000012,48.5969548195569,0.37,0.9903398011926406,0.6203398011926406,22.0,22.0,22.0,0.0,0.0,0.0,0.12441197173221263,0.4345344261607874
R_771uyV9h8uinmh3,attribution,18,160209,feature contribution,0.4814570946133007,glucose: 83.00 -> 125.00 (delta +42.00),glucose: 83.00 -> 183.64 (delta +100.64),0.09970833404940851,0.5889014321401705,1 - sum(abs(model delta - user delta)) / (sum(abs(model delta)) + sum(abs(user delta))),1.0,0.49854167024704255,1.0,1.0,1.0,0.915080495357,0.9997164739441251,0.13935456953,0.215219871146,0.939159218451,0.9178088043038993,1.0,1.0,0.35708212889,0.8556237991370426,83.0,125.00000000004182,183.638471254499,0.35708212889,0.8556237991370426,0.49854167024704255,78.0,78.0,78.0,0.0,0.0,0.0,71.0,71.0,71.0,0.0,0.0,0.0,29.3,29.3,29.3,0.0,0.0,0.0,36.0,36.0,36.0,0.0,0.0,0.0,0.1655436726534435,0.0496761984925565
R_771uyV9h8uinmh3,attribution,19,160205,feature contribution,0.542962609587244,bmi: 20.40 -> 31.50 (delta +11.10),insulin: 46.00 -> 308.11 (delta +262.11),0.18610419202982004,0.0,1 - sum(abs(model delta - user delta)) / (sum(abs(model delta)) + sum(abs(user delta))),0.0,0.46526048007455006,nan,0.0,0.0,0.0640092451468,-1.880622635330731e-05,0.103536329033,0.284435118814,0.958803887924,0.8665738287965515,1.0,1.0,0.39,0.5405209601491001,100.0,100.0,100.0,0.0,0.0,0.0,74.0,74.0,74.0,0.0,0.0,0.0,46.0,46.0,308.10942399550214,0.0,0.5405209601491001,0.5405209601491001,20.4,31.504080000000013,20.4,0.39,0.0,0.39,28.0,28.0,28.0,0.0,0.0,0.0,0.559376801694683,-0.27494168288068294
R_771uyV9h8uinmh3,attribution,20,160219,feature contribution,0.6885681806664754,blood_pressure: 64.00 -> 80.00 (delta +16.00),blood_pressure: 64.00 -> 80.55 (delta +16.55),0.0023809396711969243,0.9831749237092533,1 - sum(abs(model delta - user delta)) / (sum(abs(model delta)) + sum(abs(user delta))),1.0,0.011904698355984622,1.0,0.0,0.0,0.101659325777,0.0603572663470171,0.00591630031822,0.038863565943,0.965272476084,0.9628915364123207,1.0,1.0,0.347826086957,0.35973078531298464,139.0,139.0,139.0,0.0,0.0,0.0,64.0,80.000000000022,80.5476161243973,0.347826086957,0.35973078531298464,0.011904698355984622,140.0,140.0,140.0,0.0,0.0,0.0,28.6,28.6,28.6,0.0,0.0,0.0,26.0,26.0,26.0,0.0,0.0,0.0,0.03981782217181634,-0.0009542562288163414
R_7DtIw0Gr58M4CAa,counterfactual,1,160201,feature contribution,0.38425202174482687,glucose: 187.00 -> 114.00 (delta -73.00); insulin: 200.00 -> 148.00 (delta -52.00); bmi: 36.40 -> 26.66 (delta -9.74),glucose: 187.00 -> 152.57 (delta -34.43); blood_pressure: 70.00 -> 60.35 (delta -9.65); bmi: 36.40 -> 31.78 (delta -4.62),0.16490635786228466,0.5246839111219173,1 - sum(abs(model delta - user delta)) / (sum(abs(model delta)) + sum(abs(user delta))),0.6666666666666666,0.20613294732785584,1.0,1.0,0.0,0.943115801983,0.007274075278752274,0.233495599919,0.281142117469,0.925280927779,0.9290627446573926,1.0,1.0,1.069832536297,0.6648695043126823,187.0,114.00000000000014,152.56581439768775,-0.620642747832,-0.29275791193940026,0.32788483589259976,70.0,70.0,60.34991858147657,0.0,-0.20978437866355282,0.20978437866355282,200.0,148.00000000000654,200.0,-0.107234182958,0.0,0.107234182958,36.4,26.663840000004683,31.778219571256578,-0.341955605507,-0.16232721370972925,0.17962839179727075,36.0,36.0,36.0,0.0,0.0,0.0,0.09647728034487144,0.18466483712412854
R_7DtIw0Gr58M4CAa,counterfactual,2,160200,feature contribution,0.6238639527045197,glucose: 154.00 -> 114.00 (delta -40.00); blood_pressure: 72.00 -> 69.00 (delta -3.00); insulin: 126.00 -> 104.00 (delta -22.00); bmi: 31.30 -> 26.09 (delta -5.21),glucose: 154.00 -> 144.27 (delta -9.73); blood_pressure: 72.00 -> 68.17 (delta -3.83); insulin: 126.00 -> 99.29 (delta -26.71); bmi: 31.30 -> 29.46 (delta -1.84),0.08066736949853638,0.5611726013124522,1 - sum(abs(model delta - user delta)) / (sum(abs(model delta)) + sum(abs(user delta))),1.0,0.10083421187317047,1.0,1.0,0.0,0.98243051951,0.16720981781261285,-0.0289452880931,0.0980127823706,0.948485830367,0.9382525183272024,1.0,1.0,0.6334961737208,0.2856279481981785,154.0,114.0000000000162,144.27090763370433,-0.34007821799,-0.08271630986478218,0.2573619081252178,72.0,69.0000000000022,68.17105115739086,-0.0652173913043,-0.08323801831758987,0.018020627013289867,126.0,104.00000000002142,99.28964036844508,-0.0453683081745,-0.05508199214624035,0.009713683971740349,31.3,26.09439999999305,29.46094717129771,-0.182832256252,-0.06459162786956613,0.11824062838243388,37.0,37.0,37.0,0.0,0.0,0.0,0.0553702461395435,0.0426425362310565
R_7DtIw0Gr58M4CAa,counterfactual,3,160203,feature contribution,0.38425202174482687,glucose: 161.00 -> 109.00 (delta -52.00); blood_pressure: 68.00 -> 64.00 (delta -4.00); bmi: 25.50 -> 23.25 (delta -2.25),glucose: 161.00 -> 152.76 (delta -8.24); blood_pressure: 68.00 -> 64.98 (delta -3.02); bmi: 25.50 -> 23.97 (delta -1.53),0.08373899380383164,0.47510130070681367,1 - sum(abs(model delta - user delta)) / (sum(abs(model delta)) + sum(abs(user delta))),1.0,0.13956498967305273,1.0,1.0,1.0,0.984587838858,0.975025230655274,-0.169291027078,0.0605519329641,0.89257208538,0.9621026829275316,1.0,1.0,0.6081815543815,0.1894865853623418,161.0,109.00000000002103,152.76136137041044,-0.442101683387,-0.07004453859538817,0.37205714479161184,68.0,64.00000000000139,64.98251610836658,-0.0869565217391,-0.06559747590507425,0.021359045834025744,132.0,132.0,132.0,0.0,0.0,0.0,25.5,23.247200000000248,23.966937378420567,-0.0791233492554,-0.05384457086187938,0.02527877839352062,47.0,47.0,47.0,0.0,0.0,0.0,0.0656861970155671,-0.005134264051467108
R_7DtIw0Gr58M4CAa,counterfactual,4,160202,feature contribution,0.38425202174482687,glucose: 125.00 -> 102.00 (delta -23.00); blood_pressure: 70.00 -> 63.00 (delta -7.00); bmi: 31.10 -> 27.52 (delta -3.58),glucose: 125.00 -> 117.74 (delta -7.26); blood_pressure: 70.00 -> 66.91 (delta -3.09); bmi: 31.10 -> 29.45 (delta -1.65),0.0573194513722281,0.5660616375339383,1 - sum(abs(model delta - user delta)) / (sum(abs(model delta)) + sum(abs(user delta))),1.0,0.0955324189537135,1.0,1.0,1.0,0.977390369952,0.789998597374882,-0.172152440523,0.0569726484831,0.928757173837,0.9626141114582281,1.0,1.0,0.47352669957,0.18692944270885947,125.0,102.00000000003871,117.7421216045822,-0.195544975344,-0.061706158777570075,0.13383881656642993,70.0,63.000000000022,66.91076771920325,-0.152173913043,-0.06715722349558167,0.08501668954741831,115.0,115.0,115.0,0.0,0.0,0.0,31.1,27.51799999999762,29.44674312727453,-0.125807811183,-0.05806606043570772,0.06774175074729227,41.0,41.0,41.0,0.0,0.0,0.0,0.02216137691666825,0.034811271566431747
R_7DtIw0Gr58M4CAa,counterfactual,5,160213,feature contribution,0.38425202174482687,glucose: 117.00 -> 106.00 (delta -11.00); blood_pressure: 88.00 -> 60.00 (delta -28.00); bmi: 34.50 -> 27.52 (delta -6.98),glucose: 117.00 -> 104.38 (delta -12.62); blood_pressure: 88.00 -> 77.35 (delta -10.65); bmi: 34.50 -> 31.32 (delta -3.18),0.1048793147108101,0.6249192213574719,1 - sum(abs(model delta - user delta)) / (sum(abs(model delta)) + sum(abs(user delta))),1.0,0.1747988578513502,1.0,1.0,0.0,0.991978913675,-0.003460073871155987,-0.0243261249657,0.0929170929375,0.928031318187,0.9649004993206786,1.0,1.0,0.9474405394743001,0.45064916123475274,117.0,105.99999999999856,104.37653846355263,-0.0935215099473,-0.10732410760455163,0.013802597657251628,88.0,59.999999999996,77.35160873662609,-0.608695652174,-0.23148676659508494,0.3772088855789151,145.0,145.0,145.0,0.0,0.0,0.0,34.5,27.518000000005376,31.315740291536166,-0.245223377353,-0.11183828703511617,0.13338509031788384,40.0,40.0,40.0,0.0,0.0,0.0,0.08528808373918037,0.007629009198319631
R_7DtIw0Gr58M4CAa,counterfactual,6,160210,feature contribution,0.38425202174482687,blood_pressure: 74.00 -> 66.00 (delta -8.00); insulin: 215.00 -> 157.00 (delta -58.00); bmi: 39.40 -> 25.81 (delta -13.59),glucose: 100.00 -> 93.85 (delta -6.15); blood_pressure: 74.00 -> 71.34 (delta -2.66); bmi: 39.40 -> 37.82 (delta -1.58),0.14194543454167569,0.24218409131247098,1 - sum(abs(model delta - user delta)) / (sum(abs(model delta)) + sum(abs(user delta))),0.6666666666666666,0.17743179317709462,1.0,1.0,0.0,0.997835414038,0.015312845111667282,-0.0568244474499,0.0664632820126,0.935025904352,0.9230185010071676,1.0,1.0,0.770842682933,0.16570030141469472,100.0,100.0,93.84936843011178,0.0,-0.05229239559503662,0.05229239559503662,74.0,66.000000000012,71.33855268170964,-0.173913043478,-0.05785755039761653,0.11605549308038346,215.0,156.99999999985806,215.0,-0.119607357915,0.0,0.119607357915,39.4,25.8096799999931,37.81837028042363,-0.47732228154,-0.055550355422041564,0.42177192611795844,43.0,43.0,43.0,0.0,0.0,0.0,0.03986574859678804,0.02659753341581196
R_7DtIw0Gr58M4CAa,counterfactual,7,160214,feature contribution,0.3570280697870932,blood_pressure: 74.00 -> 71.00 (delta -3.00); bmi: 29.90 -> 26.66 (delta -3.24),glucose: 104.00 -> 97.31 (delta -6.69); blood_pressure: 74.00 -> 70.77 (delta -3.23),0.03511251440522789,0.426261144526221,1 - sum(abs(model delta - user delta)) / (sum(abs(model delta)) + sum(abs(user delta))),0.5,0.058520857342046484,1.0,1.0,1.0,0.898790598216,0.7594531908655233,0.0123802339713,0.0501717968156,0.964224293585,0.9745762354879122,1.0,1.0,0.1788785320743,0.12711882256043944,104.0,104.0,97.3142317411824,0.0,-0.05684210388384292,0.05684210388384292,74.0,71.00000000000219,70.76727094087656,-0.0652173913043,-0.07027671867659652,0.005059327372296515,156.0,156.0,156.0,0.0,0.0,0.0,29.9,26.663839999996554,29.9,-0.11366114077,0.0,0.11366114077,41.0,41.0,41.0,0.0,0.0,0.0,0.016580967974584943,0.03359082884101506
R_7DtIw0Gr58M4CAa,counterfactual,8,160211,feature contribution,0.38425202174482687,glucose: 145.00 -> 127.00 (delta -18.00); blood_pressure: 80.00 -> 65.00 (delta -15.00); bmi: 37.90 -> 24.96 (delta -12.94),glucose: 145.00 -> 125.23 (delta -19.77); blood_pressure: 80.00 -> 69.40 (delta -10.60); bmi: 37.90 -> 33.76 (delta -4.14),0.08401781017436352,0.7156752136893743,1 - sum(abs(model delta - user delta)) / (sum(abs(model delta)) + sum(abs(user delta))),1.0,0.1400296836239392,1.0,1.0,1.0,0.979637806372,0.6622652227877452,-0.0753245162112,0.0747170723186,0.924445166756,0.9741162434785089,1.0,1.0,0.9337610981410001,0.5437360146603751,145.0,126.99999999994847,125.23193807767242,-0.153035198096,-0.1680671817915964,0.015031983695596413,80.0,64.999999999988,69.4044209424383,-0.326086956522,-0.2303386751643845,0.09574828135761548,130.0,130.0,130.0,0.0,0.0,0.0,37.9,24.955520000013124,33.76215974984048,-0.454638943523,-0.14533015770439428,0.3093087858186057,40.0,40.0,40.0,0.0,0.0,0.0,0.01953878532701253,0.05517828699158747
R_7DtIw0Gr58M4CAa,counterfactual,9,160212,feature contribution,0.38425202174482687,glucose: 111.00 -> 107.00 (delta -4.00); insulin: 207.00 -> 186.00 (delta -21.00); bmi: 37.10 -> 25.81 (delta -11.29),glucose: 111.00 -> 104.12 (delta -6.88); blood_pressure: 72.00 -> 68.84 (delta -3.16); bmi: 37.10 -> 35.32 (delta -1.78),0.09408615908389584,0.29111912208076884,1 - sum(abs(model delta - user delta)) / (sum(abs(model delta)) + sum(abs(user delta))),0.6666666666666666,0.1176076988548698,1.0,1.0,1.0,0.98237413106,0.49173929521520876,-0.0366908769453,0.0372518432215,0.905228980521,0.9620460976839461,1.0,1.0,0.4738550973954,0.1897695115802696,111.0,107.00000000000162,104.12352836231567,-0.034007821799,-0.058463455515085305,0.024455633716085307,72.0,72.0,68.8390193300399,0.0,-0.0687169710860891,0.0687169710860891,207.0,186.00000000001384,207.0,-0.0433061123484,0.0,0.0433061123484,37.1,25.809680000002935,35.3179635724752,-0.396541163248,-0.06258908497909521,0.3339520782689048,56.0,56.0,56.0,0.0,0.0,0.0,0.0002220959612692086,0.03702974726023079
R_7DtIw0Gr58M4CAa,counterfactual,10,160204,feature contribution,0.4934985645239859,glucose: 125.00 -> 113.00 (delta -12.00),blood_pressure: 70.00 -> 66.91 (delta -3.09),0.03383613777851634,0.0,1 - sum(abs(model delta - user delta)) / (sum(abs(model delta)) + sum(abs(user delta))),0.0,0.08459034444629084,nan,1.0,1.0,0.944997057879,0.7116388883158771,-0.00487865064889,0.0395820491408,0.97959530692,0.9865685553008836,1.0,1.0,0.102023465397,0.06715722349558167,125.0,113.00000000000486,125.0,-0.102023465397,0.0,0.102023465397,70.0,70.0,66.91076771920325,0.0,-0.06715722349558167,0.06715722349558167,122.0,122.0,122.0,0.0,0.0,0.0,28.9,28.9,28.9,0.0,0.0,0.0,45.0,45.0,45.0,0.0,0.0,0.0,0.014532228336975817,0.02504982080382418
R_7DtIw0Gr58M4CAa,counterfactual,11,160216,feature contribution,0.3570280697870932,glucose: 151.00 -> 120.00 (delta -31.00); bmi: 35.50 -> 24.67 (delta -10.83),glucose: 151.00 -> 159.83 (delta +8.83); blood_pressure: 62.00 -> 67.33 (delta +5.33),0.16695306842751872,0.0,1 - sum(abs(model delta - user delta)) / (sum(abs(model delta)) + sum(abs(user delta))),0.5,0.2782551140458645,0.0,0.0,1.0,0.262135830621,0.5374448987805683,0.0041598262201,0.034821278767,0.961791961777,0.9618281759002814,1.0,1.0,0.643906221639,0.1908591204985935,151.0,120.00000000004195,159.83088910378717,-0.263560618942,0.07507982574211147,0.3386404446841115,62.0,62.0,67.32584755879817,0.0,0.11577929475648202,0.11577929475648202,120.0,120.0,120.0,0.0,0.0,0.0,35.5,24.670800000011003,35.5,-0.380345602697,0.0,0.380345602697,28.0,28.0,28.0,0.0,0.0,0.0,0.0067216332587421435,0.02809964550825786
R_7DtIw0Gr58M4CAa,counterfactual,12,160219,feature contribution,0.3570280697870932,glucose: 139.00 -> 91.00 (delta -48.00); insulin: 140.00 -> 104.00 (delta -36.00),glucose: 139.00 -> 155.75 (delta +16.75); blood_pressure: 64.00 -> 74.39 (delta +10.39),0.17013214312336902,0.0,1 - sum(abs(model delta - user delta)) / (sum(abs(model delta)) + sum(abs(user delta))),0.5,0.2835535718722817,0.0,0.0,1.0,-0.050491848996,0.8902089685419105,-0.17675683066,0.038863565943,0.953239924433,0.959417338638145,1.0,1.0,0.4823329113282,0.3683278042886451,139.0,91.00000000001941,155.75281302288985,-0.408093861588,0.14243166997865875,0.5505255315666587,64.0,64.0,74.39122217825937,0.0,0.22589613430998634,0.22589613430998634,140.0,103.99999999998215,140.0,-0.0742390497402,0.0,0.0742390497402,28.6,28.6,28.6,0.0,0.0,0.0,26.0,26.0,26.0,0.0,0.0,0.0,0.07175380765745956,-0.03289024171445956
R_7DtIw0Gr58M4CAa,counterfactual,13,160218,feature contribution,0.38425202174482687,glucose: 154.00 -> 90.00 (delta -64.00); blood_pressure: 74.00 -> 64.00 (delta -10.00); insulin: 193.00 -> 104.00 (delta -89.00),glucose: 154.00 -> 160.92 (delta +6.92); blood_pressure: 74.00 -> 77.02 (delta +3.02); bmi: 29.30 -> 31.14 (delta +1.84),0.2268447232991126,0.0,1 - sum(abs(model delta - user delta)) / (sum(abs(model delta)) + sum(abs(user delta))),0.6666666666666666,0.28355590412389076,0.0,0.0,1.0,-0.0239115714119,0.8546704367978861,-0.16221541884,0.0818222236912,0.943978865423,0.9621656530320875,1.0,1.0,0.9450518816560001,0.1891717348395629,154.0,90.0000000000259,160.91842638103503,-0.544125148784,0.05882015287395859,0.6029453016579586,74.0,63.999999999992,77.01748389163342,-0.217391304348,0.06559747590507425,0.2829887802530743,193.0,104.00000000014174,193.0,-0.183535428524,0.0,0.183535428524,29.3,29.3,31.143678907755415,0.0,0.06475410606053006,0.06475410606053006,39.0,39.0,39.0,0.0,0.0,0.0,0.048157132821723625,0.033665090869476375
R_7DtIw0Gr58M4CAa,counterfactual,14,160206,feature contribution,0.4934985645239859,blood_pressure: 80.00 -> 76.00 (delta -4.00),blood_pressure: 80.00 -> 94.00 (delta +14.00),0.0782608695652113,0.0,1 - sum(abs(model delta - user delta)) / (sum(abs(model delta)) + sum(abs(user delta))),1.0,0.39130434782605655,0.0,0.0,0.0,1.76917525074e-09,-1.2614975730684819e-10,0.0506732961872,0.558946397893,0.982608695652,0.9391304347826087,1.0,1.0,0.0869565217391,0.30434782608695654,103.0,103.0,103.0,0.0,0.0,0.0,80.0,76.00000000000139,94.0,-0.0869565217391,0.30434782608695654,0.39130434782605655,82.0,82.0,82.0,0.0,0.0,0.0,20.4,20.4,20.4,0.0,0.0,0.0,22.0,22.0,22.0,0.0,0.0,0.0,0.7262188695855071,-0.16727247169250703
R_7DtIw0Gr58M4CAa,counterfactual,15,160209,feature contribution,0.4934985645239859,blood_pressure: 78.00 -> 71.00 (delta -7.00),blood_pressure: 78.00 -> 94.00 (delta +16.00),0.09999999999990435,0.0,1 - sum(abs(model delta - user delta)) / (sum(abs(model delta)) + sum(abs(user delta))),1.0,0.4999999999995217,0.0,0.0,0.0,-3.98894227482e-06,0.0009109147642855087,-0.0938240864226,0.215219871146,0.969565217391,0.9304347826086956,1.0,1.0,0.152173913043,0.34782608695652173,83.0,83.0,83.0,0.0,0.0,0.0,78.0,71.000000000022,94.0,-0.152173913043,0.34782608695652173,0.4999999999995217,71.0,71.0,71.0,0.0,0.0,0.0,29.3,29.3,29.3,0.0,0.0,0.0,36.0,36.0,36.0,0.0,0.0,0.0,0.14539254257494522,0.06982732857105478
R_7DtIw0Gr58M4CAa,counterfactual,16,160205,feature contribution,0.38425202174482687,glucose: 100.00 -> 83.00 (delta -17.00); insulin: 46.00 -> 70.00 (delta +24.00); bmi: 20.40 -> 21.54 (delta +1.14),glucose: 100.00 -> 136.01 (delta +36.01); blood_pressure: 74.00 -> 84.92 (delta +10.92); bmi: 20.40 -> 29.16 (delta +8.76),0.201069704166851,0.07370904227013408,1 - sum(abs(model delta - user delta)) / (sum(abs(model delta)) + sum(abs(user delta))),0.6666666666666666,0.25133713020856374,0.5,0.0,1.0,-4.55730248206e-06,0.7158310427649031,-0.152647765988,0.284435118814,0.93597791846,0.9531302528391052,1.0,1.0,0.2340259424728,0.8513225783614546,100.0,82.99999999997748,136.01220332037497,-0.144533242646,0.306174148277291,0.45070739092329104,74.0,74.0,84.9179302067609,0.0,0.2373463088426283,0.2373463088426283,46.0,70.00000000001191,46.0,0.0494926998268,0.0,0.0494926998268,20.4,21.53888,29.163741995989007,0.04,0.30780212124153544,0.26780212124153546,28.0,28.0,28.0,0.0,0.0,0.0,0.017678137016280345,0.26675698179771967
R_7DtIw0Gr58M4CAa,counterfactual,17,160215,feature contribution,0.38425202174482687,glucose: 117.00 -> 111.00 (delta -6.00); insulin: 106.00 -> 99.00 (delta -7.00); bmi: 33.80 -> 29.51 (delta -4.29),glucose: 117.00 -> 140.29 (delta +23.29); blood_pressure: 60.00 -> 72.68 (delta +12.68); bmi: 33.80 -> 37.98 (delta +4.18),0.16730003410888322,0.0,1 - sum(abs(model delta - user delta)) / (sum(abs(model delta)) + sum(abs(user delta))),0.6666666666666666,0.20912504263610404,0.0,0.0,1.0,-0.0459337499098,0.6664952768378055,-0.0828311047343,0.0606767911965,0.94935181318,0.9388316212424811,1.0,1.0,0.21608492309330002,0.6204152474511162,117.0,111.00000000000242,140.29083287260215,-0.0510117326985,0.1980176234705165,0.2490293561690165,60.0,60.0,72.68176195632249,0.0,0.2756904773113585,0.2756904773113585,106.0,99.0000000000046,106.0,-0.0144353707828,0.0,0.0144353707828,33.8,29.511040000007128,37.97704587996664,-0.150637819612,0.14670714666924117,0.2973449662812412,27.0,27.0,27.0,0.0,0.0,0.0,0.02859870125224029,0.03207808994425971
R_7DtIw0Gr58M4CAa,counterfactual,18,160208,feature contribution,0.38425202174482687,glucose: 126.00 -> 106.00 (delta -20.00); blood_pressure: 74.00 -> 65.00 (delta -9.00); bmi: 25.90 -> 23.82 (delta -2.08),glucose: 126.00 -> 142.75 (delta +16.75); blood_pressure: 74.00 -> 80.63 (delta +6.63); bmi: 25.90 -> 30.30 (delta +4.40),0.17602029339899278,1.1102230246251565e-16,1 - sum(abs(model delta - user delta)) / (sum(abs(model delta)) + sum(abs(user delta))),1.0,0.29336715566498794,0.0,0.0,1.0,-0.0118458651243,0.9746962610922774,-0.29065869723,0.0900870805017,0.924742782315,0.913890749431684,1.0,1.0,0.43886352230110004,0.4412379446938639,126.0,106.0000000000081,142.7540011759061,-0.170039108995,0.1424417716026704,0.31248088059767043,74.0,65.00000000000199,80.6334242356157,-0.195652173913,0.14420487468729792,0.3398570486002979,75.0,75.0,75.0,0.0,0.0,0.0,25.9,23.81663999999965,30.30152344815572,-0.0731722393931,0.15459129840389557,0.22776353779699557,39.0,39.0,39.0,0.0,0.0,0.0,0.11559630552490255,-0.025509225023202547
R_7DtIw0Gr58M4CAa,counterfactual,19,160217,feature contribution,0.38425202174482687,glucose: 112.00 -> 102.00 (delta -10.00); insulin: 94.00 -> 75.00 (delta -19.00); bmi: 34.10 -> 26.66 (delta -7.44),glucose: 112.00 -> 131.64 (delta +19.64); blood_pressure: 68.00 -> 76.18 (delta +8.18); bmi: 34.10 -> 37.52 (delta +3.42),0.17007454487469484,0.0,1 - sum(abs(model delta - user delta)) / (sum(abs(model delta)) + sum(abs(user delta))),0.6666666666666666,0.21259318109336856,0.0,0.0,0.0,-0.148303905979,-0.11628640858755968,-0.0925962366469,0.030760691058,0.958545445727,0.9433801566860499,1.0,1.0,0.3853757624097,0.46499696196377416,112.0,102.00000000000405,131.636061709966,-0.0850195544975,0.16694492186674004,0.25196447636424,68.0,68.0,76.18076246995086,0.0,0.17784266239023622,0.17784266239023622,94.0,74.99999999999866,94.0,-0.0391817206962,0.0,0.0391817206962,34.1,26.66383999998604,37.522601402067956,-0.261174487216,0.1202093777067979,0.3813838649227979,26.0,26.0,26.0,0.0,0.0,0.0,0.06990304571336498,-0.039142354655364975
R_7DtIw0Gr58M4CAa,counterfactual,20,160207,feature contribution,0.3570280697870932,blood_pressure: 74.00 -> 72.00 (delta -2.00); bmi: 30.40 -> 26.66 (delta -3.74),glucose: 89.00 -> 125.06 (delta +36.06); blood_pressure: 74.00 -> 84.01 (delta +10.01),0.13977521978884688,0.0,1 - sum(abs(model delta - user delta)) / (sum(abs(model delta)) + sum(abs(user delta))),0.5,0.23295869964807814,0.0,0.0,1.0,-2.72169242765e-06,0.9427012773301474,-0.106479701891,0.204135275223,0.965059897137,0.9315850888500752,1.0,1.0,0.1747005143116,0.5241755846326344,89.0,89.0,125.05826562135857,0.0,0.3065657679081667,0.3065657679081667,74.0,71.9999999999984,84.01005156932551,-0.0434782608696,0.21760981672446766,0.26108807759406766,85.0,85.0,85.0,0.0,0.0,0.0,30.4,26.663839999999368,30.4,-0.131222253442,0.0,0.131222253442,38.0,38.0,38.0,0.0,0.0,0.0,0.08837723405713646,0.11575804116586355
R_7IXNpixLXSjItSq,none,1,160211,feature contribution,0.4698374311094846,insulin: 130.00 -> 114.00 (delta -16.00),insulin: 130.00 -> 47.88 (delta -82.12),0.027272510982403863,0.32611488189913085,1 - sum(abs(model delta - user delta)) / (sum(abs(model delta)) + sum(abs(user delta))),1.0,0.13636255491201932,1.0,0.0,0.0,-0.00543200694686,-0.007094093430173027,-0.00238557780719,0.0747170723186,0.932648629348,0.9053761183656795,1.0,1.0,0.0329951332179,0.16935768812991933,145.0,145.0,145.0,0.0,0.0,0.0,80.0,80.0,80.0,0.0,0.0,0.0,130.0,113.9999999999759,47.875069872039354,-0.0329951332179,-0.16935768812991933,0.13636255491201932,37.9,37.9,37.9,0.0,0.0,0.0,40.0,40.0,40.0,0.0,0.0,0.0,0.06277304203140144,0.011944030287198565
R_7IXNpixLXSjItSq,none,2,160210,feature contribution,0.4698374311094846,bmi: 39.40 -> 38.34 (delta -1.06),insulin: 215.00 -> 40.02 (delta -174.98),0.07963173332372368,0.0,1 - sum(abs(model delta - user delta)) / (sum(abs(model delta)) + sum(abs(user delta))),0.0,0.19907933330930921,nan,0.0,1.0,-0.00149049784144,0.9979351838402729,-0.0287573649053,0.0664632820126,0.941402875429,0.9435356590166213,1.0,1.0,0.0373222815398,0.36083638507881843,100.0,100.0,100.0,0.0,0.0,0.0,74.0,74.0,74.0,0.0,0.0,0.0,215.0,215.0,40.023220147579,0.0,-0.36083638507881843,0.36083638507881843,39.4,38.33735999999881,39.4,-0.0373222815398,0.0,0.0373222815398,43.0,43.0,43.0,0.0,0.0,0.0,0.2943731050730219,-0.2279098230604219
R_7IXNpixLXSjItSq,none,3,160200,feature contribution,0.4698374311094846,age: 37.00 -> 34.00 (delta -3.00),insulin: 126.00 -> 122.62 (delta -3.38),0.017608562352327668,0.0,1 - sum(abs(model delta - user delta)) / (sum(abs(model delta)) + sum(abs(user delta))),0.0,0.044021405880819174,nan,0.0,0.0,0.0156155273458,-0.0025779906893276684,-0.0144469226473,0.0980127823706,0.935195432183,0.9392084914524519,0.0,1.0,0.0810810810811,0.006961730680538347,154.0,154.0,154.0,0.0,0.0,0.0,72.0,72.0,72.0,0.0,0.0,0.0,126.0,126.0,122.62411755839334,0.0,-0.006961730680538347,0.006961730680538347,31.3,31.3,31.3,0.0,0.0,0.0,37.0,33.999999999999304,37.0,-0.0810810810811,0.0,0.0810810810811,0.10497451305089261,-0.006961730680292613
R_7IXNpixLXSjItSq,none,4,160204,feature contribution,0.4698374311094846,bmi: 28.90 -> 24.96 (delta -3.94),insulin: 122.00 -> 85.85 (delta -36.15),0.04261838079491383,0.0,1 - sum(abs(model delta - user delta)) / (sum(abs(model delta)) + sum(abs(user delta))),0.0,0.10654595198728456,nan,1.0,1.0,0.959853245131,0.9244271555909522,-0.0736299284144,0.0395820491408,0.972292216915,0.9850894022902862,1.0,1.0,0.138538915426,0.07455298854856912,125.0,125.0,125.0,0.0,0.0,0.0,70.0,70.0,70.0,0.0,0.0,0.0,122.0,122.0,85.84776479302779,0.0,-0.07455298854856912,0.07455298854856912,28.9,24.955519999990923,28.9,-0.138538915426,0.0,0.138538915426,45.0,45.0,45.0,0.0,0.0,0.0,0.03796856152276419,0.0016134876180358068
R_7IXNpixLXSjItSq,none,5,160202,feature contribution,0.4698374311094846,insulin: 115.00 -> 60.00 (delta -55.00),insulin: 115.00 -> 112.04 (delta -2.96),0.021461983589949937,0.10224662456436551,1 - sum(abs(model delta - user delta)) / (sum(abs(model delta)) + sum(abs(user delta))),1.0,0.10730991794974969,1.0,1.0,0.0,0.963781119513,0.010552942044378694,0.000524523830916,0.0569726484831,0.977315845912,0.99877782950275,1.0,1.0,0.113420770436,0.006110852486250318,125.0,125.0,125.0,0.0,0.0,0.0,70.0,70.0,70.0,0.0,0.0,0.0,115.0,60.000000000174765,112.03672541236749,-0.113420770436,-0.006110852486250318,0.10730991794974969,31.1,31.1,31.1,0.0,0.0,0.0,41.0,41.0,41.0,0.0,0.0,0.0,0.051051676140444646,0.005920972342655352
R_7IXNpixLXSjItSq,none,6,160201,feature contribution,0.4698374311094846,bmi: 36.40 -> 32.64 (delta -3.76),insulin: 200.00 -> 128.31 (delta -71.69),0.05595890668360561,0.0,1 - sum(abs(model delta - user delta)) / (sum(abs(model delta)) + sum(abs(user delta))),0.0,0.13989726670901403,nan,0.0,0.0,3.96550942016e-05,0.0012299469070333514,0.0804904080554,0.281142117469,0.948429803194,0.9510137283351885,1.0,1.0,0.131955605507,0.14783892791102804,187.0,187.0,187.0,0.0,0.0,0.0,70.0,70.0,70.0,0.0,0.0,0.0,200.0,200.0,128.30994707738415,0.0,-0.14783892791102804,0.14783892791102804,36.4,32.64296000000469,36.4,-0.131955605507,0.0,0.131955605507,36.0,36.0,36.0,0.0,0.0,0.0,0.11492670980380548,0.1662154076651945
R_7IXNpixLXSjItSq,none,7,160214,feature contribution,0.4698374311094846,bmi: 29.90 -> 28.09 (delta -1.81),insulin: 156.00 -> 118.06 (delta -37.94),0.02838082961142859,0.0,1 - sum(abs(model delta - user delta)) / (sum(abs(model delta)) + sum(abs(user delta))),0.0,0.07095207402857148,nan,0.0,1.0,0.111818218051,0.8936452265230352,0.0246425353615,0.0501717968156,0.987267771846,0.9843513985425514,1.0,1.0,0.0636611407699,0.07824300728724298,104.0,104.0,104.0,0.0,0.0,0.0,74.0,74.0,74.0,0.0,0.0,0.0,156.0,156.0,118.05840090627005,0.0,-0.07824300728724298,0.07824300728724298,29.9,28.087439999999404,29.9,-0.0636611407699,0.0,0.0636611407699,41.0,41.0,41.0,0.0,0.0,0.0,0.028071212969823817,0.022100583845776185
R_7IXNpixLXSjItSq,none,8,160212,feature contribution,0.4698374311094846,insulin: 207.00 -> 148.00 (delta -59.00),insulin: 207.00 -> 36.00 (delta -171.00),0.046193186504955006,0.5130434782614246,1 - sum(abs(model delta - user delta)) / (sum(abs(model delta)) + sum(abs(user delta))),1.0,0.23096593252477501,1.0,1.0,1.0,0.98537006676,0.9854776316318026,-0.0487798591215,0.0372518432215,0.975666089252,0.929472902746845,1.0,1.0,0.121669553741,0.352635486265775,111.0,111.0,111.0,0.0,0.0,0.0,72.0,72.0,72.0,0.0,0.0,0.0,207.0,147.99999999991417,36.00000000000003,-0.121669553741,-0.352635486265775,0.23096593252477501,37.1,37.1,37.1,0.0,0.0,0.0,56.0,56.0,56.0,0.0,0.0,0.0,0.3169976348679294,-0.27974579164642943
R_7IXNpixLXSjItSq,none,9,160203,feature contribution,0.4698374311094846,blood_pressure: 68.00 -> 60.00 (delta -8.00),insulin: 132.00 -> 79.12 (delta -52.88),0.05659357129519389,0.0,1 - sum(abs(model delta - user delta)) / (sum(abs(model delta)) + sum(abs(user delta))),0.0,0.14148392823798472,nan,1.0,0.0,0.612215720178,-0.002269634652599632,0.0436419890022,0.0605519329641,0.965217391304,0.9781890374004061,1.0,1.0,0.173913043478,0.10905481299796946,161.0,161.0,161.0,0.0,0.0,0.0,68.0,60.000000000012,68.0,-0.173913043478,0.0,0.173913043478,132.0,132.0,79.11714008102453,0.0,-0.10905481299796946,0.10905481299796946,25.5,25.5,25.5,0.0,0.0,0.0,47.0,47.0,47.0,0.0,0.0,0.0,0.10446343562349018,-0.043911502659390186
R_7IXNpixLXSjItSq,none,10,160213,feature contribution,0.4698374311094846,blood_pressure: 88.00 -> 56.00 (delta -32.00),insulin: 145.00 -> 46.30 (delta -98.70),0.1798380543989147,0.0,1 - sum(abs(model delta - user delta)) / (sum(abs(model delta)) + sum(abs(user delta))),0.0,0.4495951359972868,nan,1.0,1.0,0.992128607744,0.9632910328606337,-0.000381640463036,0.0929170929375,0.91337761091,0.9592923803836853,1.0,1.0,0.695652173913,0.2035380980815735,117.0,117.0,117.0,0.0,0.0,0.0,88.0,56.000000000002,88.0,-0.695652173913,0.0,0.695652173913,145.0,145.0,46.300305478283185,0.0,-0.2035380980815735,0.2035380980815735,34.5,34.5,34.5,0.0,0.0,0.0,40.0,40.0,40.0,0.0,0.0,0.0,0.06077713248574723,0.03213996045175277
R_7IXNpixLXSjItSq,none,11,160209,feature contribution,0.502916885936552,glucose: 83.00 -> 142.00 (delta +59.00); insulin: 71.00 -> 157.00 (delta +86.00),insulin: 71.00 -> 137.47 (delta +66.47); age: 36.00 -> 38.90 (delta +2.90),0.12405070257385695,0.3065143531994049,1 - sum(abs(model delta - user delta)) / (sum(abs(model delta)) + sum(abs(user delta))),0.5,0.20675117095642825,1.0,0.0,0.0,0.290790190545,0.0005661974419549631,0.184446987478,0.215219871146,0.931139976408,0.9569128568291617,1.0,0.0,0.678964212581,0.21543571585419152,83.0,141.99999999994674,83.0,0.501615371535,0.0,0.501615371535,78.0,78.0,78.0,0.0,0.0,0.0,71.0,157.0000000000265,137.4695399181099,0.177348841046,0.13707320778295334,0.040275633263046645,29.3,29.3,29.3,0.0,0.0,0.0,36.0,36.0,38.899412798635815,0.0,0.07836250807123818,0.07836250807123818,0.0816410554934408,0.1335788156525592
R_7IXNpixLXSjItSq,none,12,160215,feature contribution,0.4698374311094846,glucose: 117.00 -> 164.00 (delta +47.00),insulin: 106.00 -> 307.38 (delta +201.38),0.16297734057897856,0.0,1 - sum(abs(model delta - user delta)) / (sum(abs(model delta)) + sum(abs(user delta))),0.0,0.40744335144744637,nan,0.0,1.0,-0.0753470402905,0.913930049488273,-0.038940399333,0.0606767911965,0.946078153321,0.9117280310251584,1.0,1.0,0.399591906138,0.41529479675689274,117.0,163.99999999995157,117.0,0.399591906138,0.0,0.399591906138,60.0,60.0,60.0,0.0,0.0,0.0,106.0,106.0,307.3847528433528,0.0,0.41529479675689274,0.41529479675689274,33.8,33.8,33.8,0.0,0.0,0.0,27.0,27.0,27.0,0.0,0.0,0.0,0.08890249902580227,-0.028225707829302275
R_7IXNpixLXSjItSq,none,13,160205,feature contribution,0.4698374311094846,insulin: 46.00 -> 317.00 (delta +271.00),insulin: 46.00 -> 327.11 (delta +281.11),0.004168832294421998,0.9816924309308058,1 - sum(abs(model delta - user delta)) / (sum(abs(model delta)) + sum(abs(user delta))),1.0,0.02084416147210999,1.0,0.0,0.0,-4.5595058622e-06,-1.880622650274333e-05,-0.250918954935,0.284435118814,0.863599535419,0.8660297297679118,1.0,1.0,0.558855068877,0.57969923034911,100.0,100.0,100.0,0.0,0.0,0.0,74.0,74.0,74.0,0.0,0.0,0.0,46.0,316.9999999998354,327.10775078089097,0.558855068877,0.57969923034911,0.02084416147210999,20.4,20.4,20.4,0.0,0.0,0.0,28.0,28.0,28.0,0.0,0.0,0.0,0.5274221751052249,-0.2429870562912249
R_7IXNpixLXSjItSq,none,14,160219,feature contribution,0.4698374311094846,age: 26.00 -> 51.00 (delta +25.00),insulin: 140.00 -> 328.03 (delta +188.03),0.21268627575046853,0.0,1 - sum(abs(model delta - user delta)) / (sum(abs(model delta)) + sum(abs(user delta))),0.0,0.5317156893761713,nan,0.0,0.0,0.0509413415578,-0.022230246921801533,-0.00163482118138,0.038863565943,0.931094812856,0.930795766762519,0.0,1.0,0.675675675676,0.38775570307634266,139.0,139.0,139.0,0.0,0.0,0.0,64.0,64.0,64.0,0.0,0.0,0.0,140.0,140.0,328.03049553578046,0.0,0.38775570307634266,0.38775570307634266,28.6,28.6,28.6,0.0,0.0,0.0,26.0,51.000000000012,26.0,0.675675675676,0.0,0.675675675676,0.06346592343828347,-0.024602357495283472
R_7IXNpixLXSjItSq,none,15,160216,feature contribution,0.4698374311094846,bmi: 35.50 -> 46.88 (delta +11.38),insulin: 120.00 -> 267.96 (delta +147.96),0.1409572123088732,0.0,1 - sum(abs(model delta - user delta)) / (sum(abs(model delta)) + sum(abs(user delta))),0.0,0.352393030772183,nan,1.0,1.0,0.771449227004,0.9417251437817656,-0.00629585623376,0.034821278767,0.920069120539,0.9422921077689341,1.0,1.0,0.399654397303,0.305131664241366,151.0,151.0,151.0,0.0,0.0,0.0,62.0,62.0,62.0,0.0,0.0,0.0,120.0,120.0,267.9644466239235,0.0,0.305131664241366,0.305131664241366,35.5,46.878960000011034,35.5,0.399654397303,0.0,0.399654397303,28.0,28.0,28.0,0.0,0.0,0.0,0.1559886619516817,-0.1211673831846817
R_7IXNpixLXSjItSq,none,16,160208,feature contribution,0.4698374311094846,insulin: 75.00 -> 89.00 (delta +14.00),insulin: 75.00 -> 158.34 (delta +83.34),0.028597365693565246,0.2876598855000786,1 - sum(abs(model delta - user delta)) / (sum(abs(model delta)) + sum(abs(user delta))),1.0,0.14298682846782623,1.0,0.0,0.0,0.0351128232886,0.2130624263183576,0.0219762421143,0.0900870805017,0.994225851687,0.9656284859933147,1.0,1.0,0.0288707415656,0.17185757003342622,126.0,126.0,126.0,0.0,0.0,0.0,74.0,74.0,74.0,0.0,0.0,0.0,75.0,88.99999999999079,158.3371728606092,0.0288707415656,0.17185757003342622,0.14298682846782623,25.9,25.9,25.9,0.0,0.0,0.0,39.0,39.0,39.0,0.0,0.0,0.0,0.021710891717276,0.068376188784424
R_7IXNpixLXSjItSq,none,17,160217,feature contribution,0.4698374311094846,age: 26.00 -> 37.00 (delta +11.00),insulin: 94.00 -> 288.82 (delta +194.82),0.13981218053223404,0.0,1 - sum(abs(model delta - user delta)) / (sum(abs(model delta)) + sum(abs(user delta))),0.0,0.34953045133058513,nan,0.0,0.0,-0.153906552501,-0.099576554593646,-0.0735675070032,0.030760691058,0.954839046665,0.9285632472015791,0.0,1.0,0.297297297297,0.40176360536417033,112.0,112.0,112.0,0.0,0.0,0.0,68.0,68.0,68.0,0.0,0.0,0.0,94.0,94.0,288.8232075131939,0.0,0.40176360536417033,0.40176360536417033,34.1,34.1,34.1,0.0,0.0,0.0,26.0,36.999999999989,26.0,0.297297297297,0.0,0.297297297297,0.0784329765135407,-0.0476722854555407
R_7IXNpixLXSjItSq,none,18,160206,feature contribution,0.4698374311094846,insulin: 82.00 -> 157.00 (delta +75.00),insulin: 82.00 -> 373.86 (delta +291.86),0.08944060098307552,0.4088779047302722,1 - sum(abs(model delta - user delta)) / (sum(abs(model delta)) + sum(abs(user delta))),1.0,0.4472030049153776,1.0,0.0,0.0,-2.60405030872e-11,-1.2615131161908266e-10,-0.0306383128972,0.558946397893,0.969067062608,0.8796264616251245,1.0,1.0,0.154664686959,0.6018676918743776,103.0,103.0,103.0,0.0,0.0,0.0,80.0,80.0,80.0,0.0,0.0,0.0,82.0,157.00000000015842,373.85768114372377,0.154664686959,0.6018676918743776,0.4472030049153776,20.4,20.4,20.4,0.0,0.0,0.0,22.0,22.0,22.0,0.0,0.0,0.0,0.650669700495782,-0.09172330260278194
R_7IXNpixLXSjItSq,none,19,160218,feature contribution,0.4698374311094846,blood_pressure: 74.00 -> 73.00 (delta -1.00),insulin: 193.00 -> 205.30 (delta +12.30),0.009420916586431422,0.0,1 - sum(abs(model delta - user delta)) / (sum(abs(model delta)) + sum(abs(user delta))),0.0,0.023552291466078554,nan,0.0,0.0,-0.000324381201473,-0.007671646022547329,0.00128970648547,0.0818222236912,0.995652173913,0.9949269095005285,1.0,1.0,0.0217391304348,0.02536545249735711,154.0,154.0,154.0,0.0,0.0,0.0,74.0,72.9999999999992,74.0,-0.0217391304348,0.0,0.0217391304348,193.0,193.0,205.30021522501843,0.0,0.02536545249735711,0.02536545249735711,29.3,29.3,29.3,0.0,0.0,0.0,39.0,39.0,39.0,0.0,0.0,0.0,0.0977132815817724,-0.015891057890572394
R_7IXNpixLXSjItSq,none,20,160207,feature contribution,0.4698374311094846,bmi: 30.40 -> 31.22 (delta +0.82),insulin: 85.00 -> 154.71 (delta +69.71),0.03450600507943484,0.0,1 - sum(abs(model delta - user delta)) / (sum(abs(model delta)) + sum(abs(user delta))),0.0,0.08626501269858709,nan,0.0,0.0,-6.22625183966e-07,0.10594103690336132,0.0301574185244,0.204135275223,0.994244450688,0.9712495442321651,1.0,1.0,0.028777746558,0.14375227883917419,89.0,89.0,89.0,0.0,0.0,0.0,74.0,74.0,74.0,0.0,0.0,0.0,85.0,85.0,154.7083550546925,0.0,0.14375227883917419,0.14375227883917419,30.4,31.219359999999376,30.4,0.028777746558,0.0,0.028777746558,38.0,38.0,38.0,0.0,0.0,0.0,0.021176612338165174,0.18295866288483484
R_7L78tZJ3cQDgpFH,counterfactual,1,160213,feature contribution,1.0,glucose: 117.00 -> 191.00 (delta +74.00); blood_pressure: 88.00 -> 94.00 (delta +6.00); insulin: 145.00 -> 520.92 (delta +375.92); bmi: 34.50 -> 48.59 (delta +14.09); age: 40.00 -> 58.00 (delta +18.00),glucose: 117.00 -> 110.47 (delta -6.53); blood_pressure: 88.00 -> 79.92 (delta -8.08); insulin: 145.00 -> 135.54 (delta -9.46); bmi: 34.50 -> 32.80 (delta -1.70),0.565320931571043,0.0,1 - sum(abs(model delta - user delta)) / (sum(abs(model delta)) + sum(abs(user delta))),0.8888888888888888,0.565320931571043,0.0,0.0,0.0,-0.00760186778517,0.0017450557245652027,-0.462808362301,0.0929170929375,0.806119273006,0.9405931673381859,0.0,1.0,2.516063249977,0.3105414078782152,117.0,191.00000000002888,110.47341995318455,0.629144703282,-0.0554886927972747,0.6846333960792748,88.0,94.0,79.9189092072665,0.130434782609,-0.1756758867985544,0.3061106694075544,145.0,520.9199999998095,135.53509287898817,0.775220654953,-0.019518491959522877,0.7947391469125229,34.5,48.58728000000541,32.79571344821544,0.494776622647,-0.05985833632286325,0.5546349589698633,40.0,57.999999999982,40.0,0.486486486486,0.0,0.486486486486,0.08836375379386463,0.004553339143635371
R_7L78tZJ3cQDgpFH,counterfactual,2,160212,feature contribution,0.6238639527045197,glucose: 111.00 -> 191.00 (delta +80.00); blood_pressure: 72.00 -> 94.00 (delta +22.00); insulin: 207.00 -> 506.00 (delta +299.00); bmi: 37.10 -> 48.59 (delta +11.49),glucose: 111.00 -> 110.00 (delta -1.00); blood_pressure: 72.00 -> 71.14 (delta -0.86); insulin: 207.00 -> 204.36 (delta -2.64); bmi: 37.10 -> 36.74 (delta -0.36),0.4447359130499082,0.0,1 - sum(abs(model delta - user delta)) / (sum(abs(model delta)) + sum(abs(user delta))),1.0,0.5559198913123853,0.0,0.0,0.0,-0.014522011985,0.04143590979466908,-0.570191448972,0.0372518432215,0.823083676162,0.9909586258112918,1.0,1.0,2.178472694306,0.04520687094354092,111.0,190.99999999996763,110.00452836231567,0.68015643598,-0.008463455515085316,0.6886198914950853,72.0,93.99999999999,71.1390193300399,0.478260869565,-0.01871697108608905,0.4969778406510891,207.0,506.00000000020486,204.36331569756243,0.616596552009,-0.005437359363271388,0.6220339113722714,37.1,48.58728000000296,36.7415635724752,0.403458836752,-0.012589084979095166,0.41604792173109517,56.0,56.0,56.0,0.0,0.0,0.0,0.024167924279831332,0.013083918941668667
R_7L78tZJ3cQDgpFH,counterfactual,3,160201,feature contribution,0.6238639527045197,blood_pressure: 70.00 -> 92.00 (delta +22.00); insulin: 200.00 -> 520.92 (delta +320.92); bmi: 36.40 -> 48.59 (delta +12.19); age: 36.00 -> 58.00 (delta +22.00),glucose: 187.00 -> 159.83 (delta -27.17); blood_pressure: 70.00 -> 63.00 (delta -7.00); insulin: 200.00 -> 177.59 (delta -22.41); bmi: 36.40 -> 33.36 (delta -3.04),0.5397846342571683,3.3306690738754696e-16,1 - sum(abs(model delta - user delta)) / (sum(abs(model delta)) + sum(abs(user delta))),0.75,0.5397846342571683,0.0,0.0,0.0,-7.64447112335e-06,0.008055607651652821,-0.210594372671,0.281142117469,0.804225185192,0.9426388135902576,0.0,1.0,2.16269974317,0.5362234281158418,187.0,187.0,159.82578917690344,0.0,-0.2310339298001748,0.2310339298001748,70.0,91.99999999999,63.004890423935535,0.478260869565,-0.1520675994796622,0.6303284690446622,200.0,520.9199999999843,177.58722904178077,0.661799884517,-0.04621952272172564,0.7080194072387256,36.4,48.58728000000471,33.35627554727424,0.428044394493,-0.10690237611427916,0.5349467706072792,36.0,58.0,36.0,0.594594594595,0.0,0.594594594595,0.08135808380129594,0.19978403366770403
R_7L78tZJ3cQDgpFH,counterfactual,4,160211,feature contribution,1.0,glucose: 145.00 -> 191.00 (delta +46.00); blood_pressure: 80.00 -> 94.00 (delta +14.00); insulin: 130.00 -> 520.92 (delta +390.92); bmi: 37.90 -> 48.59 (delta +10.69); age: 40.00 -> 58.00 (delta +18.00),glucose: 145.00 -> 131.50 (delta -13.50); blood_pressure: 80.00 -> 71.93 (delta -8.07); insulin: 130.00 -> 119.82 (delta -10.18); bmi: 37.90 -> 35.26 (delta -2.64),0.5534618614577351,0.0,1 - sum(abs(model delta - user delta)) / (sum(abs(model delta)) + sum(abs(user delta))),0.8888888888888888,0.5534618614577351,0.0,0.0,0.0,-0.0173754640014,0.4221415365708763,-0.48100838292,0.0747170723186,0.806119273006,0.9672772169496451,0.0,1.0,2.363438912084,0.40387039520467594,145.0,191.0000000000402,131.4962680352441,0.391089950689,-0.11480812756976616,0.5058980782587661,80.0,94.0,71.93340702934088,0.304347826087,-0.17536071675345888,0.4797085428404589,130.0,520.9199999999382,119.81530840259936,0.806153592345,-0.02100282850243468,0.8271564208474347,37.9,48.58728000001315,35.26068197642464,0.375361056477,-0.09269872237901622,0.46805977885601624,40.0,57.999999999982,40.0,0.486486486486,0.0,0.486486486486,0.004552981262973987,0.07016409105562602
R_7L78tZJ3cQDgpFH,counterfactual,5,160200,feature contribution,1.0,glucose: 154.00 -> 191.00 (delta +37.00); blood_pressure: 72.00 -> 94.00 (delta +22.00); insulin: 126.00 -> 429.00 (delta +303.00); bmi: 31.30 -> 42.89 (delta +11.59); age: 37.00 -> 52.00 (delta +15.00),glucose: 154.00 -> 150.15 (delta -3.85); blood_pressure: 72.00 -> 70.47 (delta -1.53); insulin: 126.00 -> 123.54 (delta -2.46); bmi: 31.30 -> 30.88 (delta -0.42),0.46317593077403574,0.0,1 - sum(abs(model delta - user delta)) / (sum(abs(model delta)) + sum(abs(user delta))),0.8888888888888888,0.46317593077403574,0.0,0.0,0.0,-0.0117831296008,0.024560380412318894,-0.401034773047,0.0980127823706,0.859619238442,0.9285283812840182,0.0,1.0,2.230251705672,0.08562794819817846,154.0,191.00000000001444,150.15190763370433,0.314572351641,-0.032716309864782134,0.34728866150578214,72.0,93.99999999999,70.47105115739086,0.478260869565,-0.03323801831758988,0.5114988878825899,126.0,428.99999999998056,123.53564036844512,0.624845335313,-0.0050819921462403606,0.6299273274592404,31.3,42.89287999999307,30.884547171297715,0.407167743748,-0.014591627869566082,0.4217593716175661,37.0,51.999999999985,37.0,0.405405405405,0.0,0.405405405405,0.06665378811394057,0.03135899425665943
R_7L78tZJ3cQDgpFH,counterfactual,6,160202,feature contribution,1.0,glucose: 125.00 -> 191.00 (delta +66.00); blood_pressure: 70.00 -> 94.00 (delta +24.00); insulin: 115.00 -> 520.92 (delta +405.92); bmi: 31.10 -> 48.59 (delta +17.49); age: 41.00 -> 58.00 (delta +17.00),glucose: 125.00 -> 123.62 (delta -1.38); blood_pressure: 70.00 -> 69.21 (delta -0.79); insulin: 115.00 -> 113.78 (delta -1.22); bmi: 31.10 -> 30.87 (delta -0.23),0.6066095614543688,1.1102230246251565e-16,1 - sum(abs(model delta - user delta)) / (sum(abs(model delta)) + sum(abs(user delta))),0.8888888888888888,0.6066095614543688,0.0,0.0,0.0,-0.0226081799157,0.01424710834105233,-0.498752806755,0.0569726484831,0.806119273006,0.9921117121720311,0.0,1.0,2.993606368132,0.03944143913984455,125.0,191.00000000003212,123.62312160458221,0.561129059684,-0.011706158777570086,0.57283521846157,70.0,94.0,69.21076771920325,0.521739130435,-0.017157223495581686,0.5388963539305817,115.0,520.920000000001,113.78188269068673,0.837086529737,-0.0025119964309850418,0.839598526167985,31.1,48.58727999999765,30.87034312727453,0.614192188817,-0.008066060435707734,0.6222582492527078,41.0,57.999999999983004,41.0,0.459459459459,0.0,0.459459459459,0.043005316608205196,0.013967331874894802
R_7L78tZJ3cQDgpFH,counterfactual,7,160210,feature contribution,1.0,glucose: 100.00 -> 176.00 (delta +76.00); blood_pressure: 74.00 -> 93.00 (delta +19.00); insulin: 215.00 -> 520.92 (delta +305.92); bmi: 39.40 -> 48.59 (delta +9.19); age: 43.00 -> 58.00 (delta +15.00),glucose: 100.00 -> 99.75 (delta -0.25); blood_pressure: 74.00 -> 73.66 (delta -0.34); insulin: 215.00 -> 214.00 (delta -1.00); bmi: 39.40 -> 39.25 (delta -0.15),0.4869647970897383,0.0,1 - sum(abs(model delta - user delta)) / (sum(abs(model delta)) + sum(abs(user delta))),0.8888888888888888,0.4869647970897383,0.0,0.0,0.0,-0.00206334936354,0.0008319655324316756,-0.410984492635,0.0664632820126,0.827277313268,0.9334923607663268,0.0,1.0,2.418142163432,0.01668182201669119,100.0,175.99999999996925,99.74880147464826,0.646148614181,-0.0021356786715842346,0.6482842928525843,74.0,93.000000000006,73.6632626016882,0.413043478261,-0.0073203782241694215,0.42036385648516944,215.0,520.9199999998557,214.00356058301668,0.630866947125,-0.002054853206680085,0.6329218003316801,39.4,48.58727999999313,39.25277379597726,0.32267771846,-0.005170911914257448,0.32784863037425743,43.0,57.999999999985,43.0,0.405405405405,0.0,0.405405405405,0.06139523998621865,0.00506804202638135
R_7L78tZJ3cQDgpFH,counterfactual,8,160214,feature contribution,1.0,glucose: 104.00 -> 94.00 (delta -10.00); blood_pressure: 74.00 -> 56.00 (delta -18.00); insulin: 156.00 -> 84.00 (delta -72.00); bmi: 29.90 -> 24.67 (delta -5.23); age: 41.00 -> 29.00 (delta -12.00),glucose: 104.00 -> 103.20 (delta -0.80); blood_pressure: 74.00 -> 73.07 (delta -0.93); insulin: 156.00 -> 154.15 (delta -1.85); bmi: 29.90 -> 29.70 (delta -0.20),0.21893829960575745,0.06507218003948145,1 - sum(abs(model delta - user delta)) / (sum(abs(model delta)) + sum(abs(user delta))),0.8888888888888888,0.21893829960575745,1.0,1.0,0.0,0.99556215513,0.014053537669990089,-0.176193120244,0.0501717968156,0.948423372661,0.9923808062262575,0.0,1.0,1.1327874668975,0.03809596886871269,104.0,94.00000000000405,103.1952317411824,-0.0850195544975,-0.006842103883842904,0.07817745061365709,74.0,56.000000000004,73.06727094087655,-0.391304347826,-0.020276718676596528,0.37102762914940346,156.0,84.00000000015825,154.1496952263596,-0.14847809948,-0.0038156907812430807,0.1446624086987569,29.9,24.67079999999655,29.696099038234394,-0.18366114077,-0.0071614555270301805,0.17649968524296983,41.0,29.000000000012,41.0,-0.324324324324,0.0,0.324324324324,0.033843314674197156,0.016328482141402846
R_7L78tZJ3cQDgpFH,counterfactual,9,160203,feature contribution,0.38425202174482687,glucose: 161.00 -> 85.00 (delta -76.00); blood_pressure: 68.00 -> 51.00 (delta -17.00); age: 47.00 -> 27.00 (delta -20.00),glucose: 161.00 -> 158.64 (delta -2.36); blood_pressure: 68.00 -> 67.28 (delta -0.72); bmi: 25.50 -> 25.39 (delta -0.11),0.30489138569488344,0.044671429073115165,1 - sum(abs(model delta - user delta)) / (sum(abs(model delta)) + sum(abs(user delta))),0.6666666666666666,0.3811142321186043,1.0,0.0,0.0,0.380001436451,0.05903621553002625,0.0540698388021,0.0605519329641,0.927260184156,0.9921026829275317,0.0,1.0,1.556254372113,0.03948658536234176,161.0,85.00000000003075,158.64236137041047,-0.646148614181,-0.02004453859538813,0.6261040755856119,68.0,51.000000000014,67.28251610836658,-0.369565217391,-0.015597475905074265,0.35396774148592575,132.0,132.0,132.0,0.0,0.0,0.0,25.5,25.5,25.39053737842057,0.0,-0.003844570861879365,0.003844570861879365,47.0,26.999999999983004,47.0,-0.540540540541,0.0,0.540540540541,0.041606935081373864,0.018944997882726133
R_7L78tZJ3cQDgpFH,counterfactual,10,160204,feature contribution,0.6238639527045197,glucose: 125.00 -> 85.00 (delta -40.00); blood_pressure: 70.00 -> 54.00 (delta -16.00); bmi: 28.90 -> 24.10 (delta -4.80); age: 45.00 -> 21.00 (delta -24.00),glucose: 125.00 -> 123.62 (delta -1.38); blood_pressure: 70.00 -> 69.21 (delta -0.79); insulin: 122.00 -> 120.67 (delta -1.33); bmi: 28.90 -> 28.72 (delta -0.18),0.29451108940778803,0.04571454696754784,1 - sum(abs(model delta - user delta)) / (sum(abs(model delta)) + sum(abs(user delta))),0.75,0.29451108940778803,1.0,1.0,0.0,0.968506473174,0.12128730822301452,-0.20691393863,0.0395820491408,0.952447906651,0.9923988842460983,0.0,1.0,1.5050918690219999,0.038005578769508275,125.0,85.00000000001619,123.62312160458221,-0.34007821799,-0.011706158777570086,0.3283720592124299,70.0,53.999999999978,69.21076771920325,-0.347826086957,-0.017157223495581686,0.3306688634614183,122.0,122.0,120.67394824555771,0.0,-0.0027345783932242185,0.0027345783932242185,28.9,24.101359999990922,28.717562297367614,-0.168538915426,-0.006407618103132284,0.1621312973228677,45.0,21.0,45.0,-0.648648648649,0.0,0.648648648649,0.0174151607599827,0.022166888380817297
R_7L78tZJ3cQDgpFH,counterfactual,11,160215,feature contribution,0.6238639527045197,glucose: 117.00 -> 74.46 (delta -42.54); insulin: 106.00 -> 36.00 (delta -70.00); bmi: 33.80 -> 28.94 (delta -4.86); age: 27.00 -> 21.00 (delta -6.00),glucose: 117.00 -> 132.52 (delta +15.52); blood_pressure: 60.00 -> 69.25 (delta +9.25); insulin: 106.00 -> 154.54 (delta +48.54); bmi: 33.80 -> 36.25 (delta +2.45),0.27164494471883305,0.0,1 - sum(abs(model delta - user delta)) / (sum(abs(model delta)) + sum(abs(user delta))),0.75,0.27164494471883305,0.0,0.0,1.0,-0.0775821702535,0.8468459028466695,-0.272107795685,0.0606767911965,0.951792879408,0.9673036628718761,0.0,1.0,0.8388268744349999,0.5193978491591653,117.0,74.46,132.5181863495867,-0.361673184833,0.13193492900515819,0.49360811383815817,60.0,60.0,69.2537428621038,0.0,0.20116832308921312,0.20116832308921312,106.0,36.0000000000461,154.53809679165983,-0.144353707828,0.100095060611358,0.244448768439358,33.8,28.941600000007128,36.25427320190224,-0.170637819612,0.08619953645343609,0.2568373560654361,27.0,21.000000000006,27.0,-0.162162162162,0.0,0.162162162162,0.059314025238106166,0.0013627659583938315
R_7L78tZJ3cQDgpFH,counterfactual,12,160218,feature contribution,1.0,glucose: 154.00 -> 74.46 (delta -79.54); blood_pressure: 74.00 -> 53.00 (delta -21.00); insulin: 193.00 -> 99.00 (delta -94.00); bmi: 29.30 -> 25.24 (delta -4.06); age: 39.00 -> 21.00 (delta -18.00),glucose: 154.00 -> 155.04 (delta +1.04); blood_pressure: 74.00 -> 74.72 (delta +0.72); insulin: 193.00 -> 198.06 (delta +5.06); bmi: 29.30 -> 29.72 (delta +0.42),0.4010573442309546,2.220446049250313e-16,1 - sum(abs(model delta - user delta)) / (sum(abs(model delta)) + sum(abs(user delta))),0.8888888888888888,0.4010573442309546,0.0,0.0,0.0,-0.0238936081479,0.026690326998174863,-0.155398096442,0.0818222236912,0.947365050029,0.9900802508304454,0.0,1.0,1.9556879753070002,0.04959874584777324,154.0,74.46000000004571,155.037426381035,-0.676245536473,0.008820152873958653,0.6850656893469587,74.0,53.000000000019995,74.7174838916334,-0.45652173913,0.01559747590507421,0.4721192150350742,193.0,98.99999999993722,198.05626617810137,-0.193846407655,0.010427011008210307,0.2042734186632103,29.3,25.24024000001026,29.720078907755415,-0.142587805563,0.01475410606053007,0.15734191162353006,39.0,21.000000000018,39.0,-0.486486486486,0.0,0.486486486486,0.06499739574496255,0.01682482794623745
R_7L78tZJ3cQDgpFH,counterfactual,13,160219,feature contribution,1.0,glucose: 139.00 -> 74.46 (delta -64.54); blood_pressure: 64.00 -> 51.00 (delta -13.00); insulin: 140.00 -> 70.00 (delta -70.00); bmi: 28.60 -> 23.53 (delta -5.07); age: 26.00 -> 24.00 (delta -2.00),glucose: 139.00 -> 146.56 (delta +7.56); blood_pressure: 64.00 -> 69.63 (delta +5.63); insulin: 140.00 -> 170.70 (delta +30.70); bmi: 28.60 -> 30.87 (delta +2.27),0.30749401919642216,1.1102230246251565e-16,1 - sum(abs(model delta - user delta)) / (sum(abs(model delta)) + sum(abs(user delta))),0.8888888888888888,0.30749401919642216,0.0,0.0,1.0,-0.0489324562493,0.9036715280927691,-0.17803977998,0.038863565943,0.951671075937,0.9495071028146814,0.0,1.0,1.2077349100830999,0.3297351858990111,139.0,74.46000000001023,146.5584389791233,-0.548716204727,0.06426151147018644,0.6129777161971864,64.0,51.000000000008,69.62528153971567,-0.282608695652,0.12228872912425393,0.4048974247762539,140.0,70.0000000000461,170.69987789102245,-0.144353707828,0.06330916004912643,0.20766286787712643,28.6,23.53192000001201,30.874223357793014,-0.178002247822,0.07987578525544431,0.2578780330774443,26.0,23.999999999998302,26.0,-0.0540540540541,0.0,0.0540540540541,0.08199320405109994,-0.043129638108099944
R_7L78tZJ3cQDgpFH,counterfactual,14,160207,feature contribution,0.38425202174482687,blood_pressure: 74.00 -> 51.00 (delta -23.00); bmi: 30.40 -> 22.11 (delta -8.29); age: 38.00 -> 23.00 (delta -15.00),glucose: 89.00 -> 113.20 (delta +24.20); blood_pressure: 74.00 -> 80.18 (delta +6.18); bmi: 30.40 -> 33.82 (delta +3.42),0.3313560402526016,0.0,1 - sum(abs(model delta - user delta)) / (sum(abs(model delta)) + sum(abs(user delta))),0.6666666666666666,0.41419505031575204,0.0,0.0,0.0,0.000287172050487,0.03773018920286286,-0.0621354984498,0.204135275223,0.946622830427,0.9394353334873586,0.0,1.0,1.196627658847,0.4601525424160083,89.0,89.0,113.19982523813408,0.0,0.20574583606643496,0.20574583606643496,74.0,51.0,80.18286304981262,-0.5,0.13441006630027452,0.6344100663002745,85.0,85.0,85.0,0.0,0.0,0.0,30.4,22.108319999999363,33.81654433548364,-0.291222253442,0.11999664004929883,0.4112188934912988,38.0,23.000000000015003,38.0,-0.405405405405,0.0,0.405405405405,0.07655348868347772,0.1275817865395223
R_7L78tZJ3cQDgpFH,counterfactual,15,160208,feature contribution,0.6238639527045197,glucose: 126.00 -> 99.00 (delta -27.00); blood_pressure: 74.00 -> 58.00 (delta -16.00); insulin: 75.00 -> 114.00 (delta +39.00); age: 39.00 -> 21.00 (delta -18.00),glucose: 126.00 -> 135.36 (delta +9.36); blood_pressure: 74.00 -> 77.73 (delta +3.73); insulin: 75.00 -> 110.73 (delta +35.73); bmi: 25.90 -> 28.46 (delta +2.56),0.26424040405922683,0.1003536106199272,1 - sum(abs(model delta - user delta)) / (sum(abs(model delta)) + sum(abs(user delta))),0.75,0.26424040405922683,0.3333333333333333,0.0,1.0,-0.0118439301991,0.8602216143948613,-0.298353297455,0.0900870805017,0.956532481584,0.9351423514463797,0.0,1.0,1.1442910078045,0.3242882427681014,126.0,99.00000000004033,135.35582088647595,-0.229552797143,0.0795427723726913,0.3090955695156913,74.0,57.999999999978,77.72875348007639,-0.347826086957,0.08105985826253015,0.42888594521953016,75.0,113.9999999999951,110.73308325283239,0.0804256372185,0.07368861513823376,0.006737022080266247,25.9,25.9,28.462394498431568,0.0,0.0899969969946462,0.0899969969946462,39.0,21.000000000018,39.0,-0.486486486486,0.0,0.486486486486,0.08415304088819175,0.005934039613508246
R_7L78tZJ3cQDgpFH,counterfactual,16,160206,feature contribution,0.3570280697870932,glucose: 103.00 -> 91.00 (delta -12.00); blood_pressure: 80.00 -> 53.00 (delta -27.00),glucose: 103.00 -> 135.35 (delta +32.35); blood_pressure: 80.00 -> 86.70 (delta +6.70),0.2219136206551188,0.0,1 - sum(abs(model delta - user delta)) / (sum(abs(model delta)) + sum(abs(user delta))),1.0,0.554784051637797,0.0,0.0,0.0,2.3784789058e-05,7.653068345714331e-08,0.237638871505,0.558946397893,0.947661765946,0.9252459080313791,1.0,1.0,0.6889799871360001,0.42058811613959396,103.0,91.00000000000486,135.35066227384314,-0.102023465397,0.2750438894222336,0.3770673548192336,80.0,53.000000000006,86.69503442899858,-0.586956521739,0.14554422671736034,0.7325007484563604,82.0,82.0,82.0,0.0,0.0,0.0,20.4,20.4,20.4,0.0,0.0,0.0,22.0,22.0,22.0,0.0,0.0,0.0,0.4758842559339379,0.08306214195906214
R_7L78tZJ3cQDgpFH,counterfactual,17,160217,feature contribution,0.3570280697870932,blood_pressure: 68.00 -> 51.00 (delta -17.00); bmi: 34.10 -> 20.40 (delta -13.70),glucose: 112.00 -> 128.42 (delta +16.42); blood_pressure: 68.00 -> 75.02 (delta +7.02),0.2285976152222018,0.0,1 - sum(abs(model delta - user delta)) / (sum(abs(model delta)) + sum(abs(user delta))),0.5,0.38099602537033633,0.0,0.0,0.0,-0.152758797006,-0.0607657551506795,-0.242771628524,0.030760691058,0.932749204398,0.9496631006190952,1.0,1.0,0.850739704607,0.2922483715040089,112.0,112.0,128.421970080209,0.0,0.13961885801912077,0.13961885801912077,68.0,51.000000000014,75.02095762030486,-0.369565217391,0.15262951348488812,0.5221947308758881,94.0,94.0,94.0,0.0,0.0,0.0,34.1,20.4,34.1,-0.481174487216,0.0,0.481174487216,26.0,26.0,26.0,0.0,0.0,0.0,0.04123249064420559,-0.010471799586205588
R_7L78tZJ3cQDgpFH,counterfactual,18,160216,feature contribution,0.38425202174482687,glucose: 151.00 -> 91.00 (delta -60.00); blood_pressure: 62.00 -> 61.00 (delta -1.00); bmi: 35.50 -> 24.96 (delta -10.54),glucose: 151.00 -> 153.48 (delta +2.48); blood_pressure: 62.00 -> 64.55 (delta +2.55); bmi: 35.50 -> 36.14 (delta +0.64),0.20021953132993325,0.0,1 - sum(abs(model delta - user delta)) / (sum(abs(model delta)) + sum(abs(user delta))),1.0,0.3336992188832221,0.0,0.0,0.0,-0.0575629887722,0.23430160645194376,-0.220031052925,0.034821278767,0.951561885705,0.9802208806934267,1.0,1.0,0.9022020601168,0.09889559653286639,151.0,91.00000000002427,153.4843193440665,-0.510117326985,0.02112157238621415,0.5312388993712142,62.0,60.999999999999204,64.548289565485,-0.0217391304348,0.055397599249674134,0.07713672968447413,120.0,120.0,120.0,0.0,0.0,0.0,35.5,24.955520000011003,36.13710156966676,-0.370345602697,0.02237642489697811,0.3927220275939781,28.0,28.0,28.0,0.0,0.0,0.0,0.013407987048752373,0.02141329171824763
R_7L78tZJ3cQDgpFH,counterfactual,19,160209,feature contribution,0.38425202174482687,blood_pressure: 78.00 -> 48.00 (delta -30.00); bmi: 29.30 -> 26.38 (delta -2.92); age: 36.00 -> 27.00 (delta -9.00),glucose: 83.00 -> 108.67 (delta +25.67); blood_pressure: 78.00 -> 82.96 (delta +4.96); bmi: 29.30 -> 32.93 (delta +3.63),0.2902916111388539,0.0,1 - sum(abs(model delta - user delta)) / (sum(abs(model delta)) + sum(abs(user delta))),0.6666666666666666,0.36286451392356733,0.0,0.0,1.0,0.276926197627,0.616469549197461,0.182015770013,0.215219871146,0.937926403432,0.9383450390793587,0.0,1.0,0.9980049618489999,0.4534530938452692,83.0,83.0,108.66848500172931,0.0,0.21823231594736692,0.21823231594736692,78.0,48.000000000022,82.95789016696968,-0.652173913043,0.10778022102107998,0.75995413406408,71.0,71.0,71.0,0.0,0.0,0.0,29.3,26.37912000001026,32.92848753539689,-0.102587805563,0.12744055687682232,0.23002836243982233,36.0,27.000000000009003,36.0,-0.243243243243,0.0,0.243243243243,0.01078119985267334,0.20443867129332666
R_7L78tZJ3cQDgpFH,counterfactual,20,160205,feature contribution,0.4934985645239859,blood_pressure: 74.00 -> 59.00 (delta -15.00),blood_pressure: 74.00 -> 94.00 (delta +20.00),0.15217391304353045,0.0,1 - sum(abs(model delta - user delta)) / (sum(abs(model delta)) + sum(abs(user delta))),1.0,0.7608695652176523,0.0,0.0,0.0,0.000112584274715,-1.8806122988435092e-05,0.126347254505,0.284435118814,0.965297051045,0.9191953279078309,1.0,1.0,0.326086956522,0.4347826086956522,100.0,100.0,100.0,0.0,0.0,0.0,74.0,58.999999999988,94.0,-0.326086956522,0.4347826086956522,0.7608695652176523,46.0,46.0,46.0,0.0,0.0,0.0,20.4,20.4,20.4,0.0,0.0,0.0,28.0,28.0,28.0,0.0,0.0,0.0,0.4002503267328939,-0.11581520791889388
R_7PsMTUjq8Wa1btt,counterfactual,1,160212,feature contribution,0.333199172142998,blood_pressure: 72.00 -> 61.00 (delta -11.00); bmi: 37.10 -> 28.94 (delta -8.16); age: 56.00 -> 39.00 (delta -17.00),insulin: 207.00 -> 155.87 (delta -51.13); bmi: 37.10 -> 33.89 (delta -3.21),0.19559586637483523,0.18715602040069745,1 - sum(abs(model delta - user delta)) / (sum(abs(model delta)) + sum(abs(user delta))),0.4,0.24449483296854405,1.0,0.0,1.0,0.00552124576313,0.9845513784871133,0.000164261842036,0.0372518432215,0.917319957743,0.9563947111315266,0.0,1.0,0.9851310574900001,0.21802644434236668,111.0,111.0,111.0,0.0,0.0,0.0,72.0,60.999999999981995,72.0,-0.239130434783,0.0,0.239130434783,207.0,207.0,155.8713156975623,0.0,-0.10543735936327142,0.10543735936327142,37.1,28.941600000002936,33.8943635724752,-0.286541163248,-0.11258908497909526,0.17395207826890474,56.0,39.000000000016996,56.0,-0.459459459459,0.0,0.459459459459,0.06065425005468886,-0.02340240683318886
R_7PsMTUjq8Wa1btt,counterfactual,2,160213,feature contribution,0.3067950791235581,blood_pressure: 88.00 -> 65.00 (delta -23.00); bmi: 34.50 -> 32.36 (delta -2.14),blood_pressure: 88.00 -> 73.39 (delta -14.61); bmi: 34.50 -> 29.54 (delta -4.96),0.05625766708516304,0.7363821383017035,1 - sum(abs(model delta - user delta)) / (sum(abs(model delta)) + sum(abs(user delta))),1.0,0.1406441677129076,1.0,1.0,0.0,0.985306108041,-0.0030033544757018926,0.0163163827005,0.0929170929375,0.941813673225,0.9627732398078707,1.0,1.0,0.5752233773532001,0.4918072616698191,117.0,117.0,117.0,0.0,0.0,0.0,88.0,65.0,73.38820237551151,-0.5,-0.31764777444540193,0.18235222555459807,145.0,145.0,145.0,0.0,0.0,0.0,34.5,32.35823999999968,29.54133107974639,-0.0752233773532,-0.17415948722441715,0.09893610987121715,40.0,40.0,40.0,0.0,0.0,0.0,0.11025811911625594,-0.017341026178755936
R_7PsMTUjq8Wa1btt,counterfactual,3,160200,feature contribution,0.2796545294915918,glucose: 154.00 -> 130.00 (delta -24.00); blood_pressure: 72.00 -> 65.00 (delta -7.00),glucose: 154.00 -> 131.55 (delta -22.45),0.033072880845701945,0.6977311812564297,1 - sum(abs(model delta - user delta)) / (sum(abs(model delta)) + sum(abs(user delta))),0.6666666666666666,0.08268220211425487,1.0,1.0,0.0,0.730018795941,0.32123606636053303,0.051257382975,0.0980127823706,0.942195572663,0.9526009526863711,1.0,1.0,0.356220843837,0.19085643960849025,154.0,130.00000000000972,131.55146557324937,-0.204046930794,-0.19085643960849025,0.013190491185509745,72.0,65.000000000022,72.0,-0.152173913043,0.0,0.152173913043,126.0,126.0,126.0,0.0,0.0,0.0,31.3,31.3,31.3,0.0,0.0,0.0,37.0,37.0,37.0,0.0,0.0,0.0,0.02856709696933904,0.06944568540126096
R_7PsMTUjq8Wa1btt,counterfactual,4,160201,feature contribution,0.28771283752214283,glucose: 187.00 -> 122.00 (delta -65.00); blood_pressure: 70.00 -> 63.00 (delta -7.00); insulin: 200.00 -> 118.00 (delta -82.00),glucose: 187.00 -> 132.13 (delta -54.87); insulin: 200.00 -> 115.95 (delta -84.05); bmi: 36.40 -> 28.72 (delta -7.68),0.10241853138196233,0.7128509119939662,1 - sum(abs(model delta - user delta)) / (sum(abs(model delta)) + sum(abs(user delta))),0.6666666666666666,0.1280231642274529,1.0,1.0,1.0,0.990477441165,0.6164339947965815,0.167150417816,0.281142117469,0.938415274613,0.9469317208111837,1.0,1.0,0.873901075018,0.9094674896039123,187.0,121.9999999999969,132.12581265894778,-0.552627104234,-0.46653789611505025,0.08608920811894971,70.0,63.000000000022,70.0,-0.152173913043,0.0,0.152173913043,200.0,118.00000000023411,115.94988989799201,-0.169100057741,-0.1733277862369212,0.004227728495921179,36.4,36.4,28.72389734392273,0.0,-0.26960180725194083,0.26960180725194083,36.0,36.0,36.0,0.0,0.0,0.0,0.022451494621009094,0.2586906228479909
R_7PsMTUjq8Wa1btt,counterfactual,5,160204,feature contribution,0.39014737508478137,glucose: 125.00 -> 110.00 (delta -15.00); blood_pressure: 70.00 -> 60.00 (delta -10.00); bmi: 28.90 -> 26.38 (delta -2.52); age: 45.00 -> 39.00 (delta -6.00),glucose: 125.00 -> 111.86 (delta -13.14); blood_pressure: 70.00 -> 64.61 (delta -5.39); insulin: 122.00 -> 72.18 (delta -49.82),0.09389858196035447,0.49365514689723267,1 - sum(abs(model delta - user delta)) / (sum(abs(model delta)) + sum(abs(user delta))),0.5714285714285714,0.09389858196035447,1.0,1.0,1.0,0.968375932517,0.9685112846279363,-0.15969319632,0.0395820491408,0.944121260032,0.9336804078667248,0.0,1.0,0.5956217136817,0.33159796066637603,125.0,110.00000000003547,111.8611216045822,-0.127529331746,-0.11170615877757012,0.01582317296842989,70.0,59.999999999992,64.61076771920324,-0.217391304348,-0.11715722349558166,0.10023408085241833,122.0,122.0,72.1819482455576,0.0,-0.10273457839322422,0.10273457839322422,28.9,26.379119999999467,28.9,-0.0885389154257,0.0,0.0885389154257,45.0,39.000000000006004,45.0,-0.162162162162,0.0,0.162162162162,0.24516130665181793,-0.20557925751101794
R_7PsMTUjq8Wa1btt,counterfactual,6,160203,feature contribution,0.3760871982937377,glucose: 161.00 -> 114.00 (delta -47.00); blood_pressure: 68.00 -> 63.00 (delta -5.00); age: 47.00 -> 38.00 (delta -9.00),glucose: 161.00 -> 146.88 (delta -14.12); insulin: 132.00 -> 82.03 (delta -49.97),0.14690776311692127,0.24633922235396988,1 - sum(abs(model delta - user delta)) / (sum(abs(model delta)) + sum(abs(user delta))),0.4,0.1836347038961516,1.0,1.0,0.0,0.984229898286,0.38209527037140384,-0.162253337548,0.0605519329641,0.920921750503,0.9553805817559234,0.0,1.0,0.751530801555,0.22309709122038257,161.0,114.00000000004843,146.88036137041047,-0.399591906138,-0.1200445385953881,0.2795473675426119,68.0,62.999999999996,68.0,-0.108695652174,0.0,0.108695652174,132.0,132.0,82.02775618108757,0.0,-0.10305255262499448,0.10305255262499448,25.5,25.5,25.5,0.0,0.0,0.0,47.0,38.000000000009,47.0,-0.243243243243,0.0,0.243243243243,0.008697167008746426,0.05185476595535357
R_7PsMTUjq8Wa1btt,counterfactual,7,160211,feature contribution,0.4435118448969309,glucose: 145.00 -> 130.00 (delta -15.00); blood_pressure: 80.00 -> 65.00 (delta -15.00),blood_pressure: 80.00 -> 63.97 (delta -16.03); bmi: 37.90 -> 31.31 (delta -6.59),0.07624757315625094,0.6310881358303926,1 - sum(abs(model delta - user delta)) / (sum(abs(model delta)) + sum(abs(user delta))),0.5,0.12707928859375156,1.0,1.0,0.0,0.733403353214,0.1908008300285724,0.0525790714283,0.0747170723186,0.93797396745,0.939260586661757,1.0,1.0,0.453616288268,0.5797954905572547,145.0,130.00000000003547,145.0,-0.127529331746,0.0,0.127529331746,80.0,64.999999999988,63.97098394172526,-0.326086956522,-0.3484568708320596,0.022369914310059635,130.0,130.0,130.0,0.0,0.0,0.0,37.9,37.9,31.313326819184237,0.0,-0.23133861972519504,0.23133861972519504,40.0,40.0,40.0,0.0,0.0,0.0,0.04555485734363318,0.02916221497496682
R_7PsMTUjq8Wa1btt,counterfactual,8,160202,feature contribution,0.45580944431793136,glucose: 125.00 -> 106.00 (delta -19.00); blood_pressure: 70.00 -> 63.00 (delta -7.00); bmi: 31.10 -> 29.80 (delta -1.30); age: 41.00 -> 39.00 (delta -2.00),blood_pressure: 70.00 -> 64.61 (delta -5.39); insulin: 115.00 -> 65.29 (delta -49.71); bmi: 31.10 -> 28.02 (delta -3.08),0.08307562856606222,0.4396687693439778,1 - sum(abs(model delta - user delta)) / (sum(abs(model delta)) + sum(abs(user delta))),0.5714285714285714,0.08307562856606222,1.0,1.0,1.0,0.977361485632,0.976295617474917,-0.0991722321791,0.0569726484831,0.96202849503,0.9344529439275451,0.0,1.0,0.413572931825,0.3277352803622744,125.0,106.00000000003709,125.0,-0.161537153545,0.0,0.161537153545,70.0,63.000000000022,64.61076771920324,-0.152173913043,-0.11715722349558166,0.03501668954741832,115.0,115.0,65.28988269068664,0.0,-0.10251199643098503,0.10251199643098503,31.1,29.79576000000047,28.02314312727453,-0.0458078111829,-0.10806606043570771,0.062258249252807714,41.0,38.9999999999983,41.0,-0.0540540540541,0.0,0.0540540540541,0.12815133961583652,-0.07117869113273653
R_7PsMTUjq8Wa1btt,counterfactual,9,160214,feature contribution,0.2501220346620042,blood_pressure: 74.00 -> 67.00 (delta -7.00); age: 41.00 -> 38.00 (delta -3.00),blood_pressure: 74.00 -> 68.47 (delta -5.53); insulin: 156.00 -> 105.66 (delta -50.34),0.043358793245749316,0.5259752990159805,1 - sum(abs(model delta - user delta)) / (sum(abs(model delta)) + sum(abs(user delta))),0.5,0.0722646554095822,1.0,1.0,1.0,0.903501782933,0.9957885406524792,0.0153525903536,0.0501717968156,0.953349001175,0.9551815181084321,0.0,1.0,0.2332549941241,0.22409240945783962,104.0,104.0,104.0,0.0,0.0,0.0,74.0,67.000000000022,68.46727094087656,-0.152173913043,-0.1202767186765965,0.03189719436640348,156.0,156.0,105.65769522635948,0.0,-0.10381569078124311,0.10381569078124311,29.9,29.9,29.9,0.0,0.0,0.0,41.0,37.999999999999304,41.0,-0.0810810810811,0.0,0.0810810810811,0.11713475571785009,-0.0669629589022501
R_7PsMTUjq8Wa1btt,counterfactual,10,160210,feature contribution,0.319736634893594,blood_pressure: 74.00 -> 65.00 (delta -9.00); bmi: 39.40 -> 31.22 (delta -8.18); age: 43.00 -> 38.00 (delta -5.00),blood_pressure: 74.00 -> 69.01 (delta -4.99); insulin: 215.00 -> 165.37 (delta -49.63); bmi: 39.40 -> 36.38 (delta -3.02),0.10123497559500798,0.45848823416262297,1 - sum(abs(model delta - user delta)) / (sum(abs(model delta)) + sum(abs(user delta))),0.6666666666666666,0.12654371949375998,1.0,0.0,1.0,0.329396593147,0.997398471335269,0.0561132753761,0.0664632820126,0.960710645353,0.9380543790513612,0.0,1.0,0.618109590588,0.31663441666788444,100.0,100.0,100.0,0.0,0.0,0.0,74.0,65.00000000000199,69.01491990981499,-0.195652173913,-0.10837130630836961,0.08728086760463039,215.0,215.0,165.36850975484293,0.0,-0.10234985202746216,0.10234985202746216,39.4,31.21935999999311,36.38443770876979,-0.28732228154,-0.10591325833205267,0.18140902320794733,43.0,38.000000000005,43.0,-0.135135135135,0.0,0.135135135135,0.08559605128532155,-0.019132769272721548
R_7PsMTUjq8Wa1btt,counterfactual,11,160217,feature contribution,0.44668801830453786,glucose: 112.00 -> 140.00 (delta +28.00); blood_pressure: 68.00 -> 73.00 (delta +5.00),glucose: 112.00 -> 140.18 (delta +28.18); blood_pressure: 68.00 -> 79.62 (delta +11.62),0.02909959334740177,0.8265814315204545,1 - sum(abs(model delta - user delta)) / (sum(abs(model delta)) + sum(abs(user delta))),1.0,0.07274898336850442,1.0,1.0,1.0,0.795205453065,0.6035737461670898,-0.046033262612,0.030760691058,0.936558370446,0.9496631006190952,1.0,1.0,0.346750404767,0.49224837150400885,112.0,139.9999999999887,140.183970080209,0.238054752593,0.23961885801912075,0.0015641054261207599,68.0,73.000000000004,79.62095762030485,0.108695652174,0.2526295134848881,0.1439338613108881,94.0,94.0,94.0,0.0,0.0,0.0,34.1,34.1,34.1,0.0,0.0,0.0,26.0,26.0,26.0,0.0,0.0,0.0,0.025678951248954807,0.005081739809045194
R_7PsMTUjq8Wa1btt,counterfactual,12,160209,feature contribution,0.6786743953114074,glucose: 83.00 -> 129.00 (delta +46.00),glucose: 83.00 -> 148.93 (delta +65.93),0.03389403092032537,0.8219196714834692,1 - sum(abs(model delta - user delta)) / (sum(abs(model delta)) + sum(abs(user delta))),1.0,0.16947015460162684,1.0,1.0,1.0,0.944656668336,0.9944742174950346,0.109122051117,0.215219871146,0.935758436271,0.9074591549503624,1.0,1.0,0.391089950689,0.5605601052906268,83.0,129.0000000000402,148.93307958428355,0.391089950689,0.5605601052906268,0.16947015460162684,78.0,78.0,78.0,0.0,0.0,0.0,71.0,71.0,71.0,0.0,0.0,0.0,29.3,29.3,29.3,0.0,0.0,0.0,36.0,36.0,36.0,0.0,0.0,0.0,0.1678516742739207,0.0473681968720793
R_7PsMTUjq8Wa1btt,counterfactual,13,160219,feature contribution,0.4299738601140704,blood_pressure: 64.00 -> 70.00 (delta +6.00); insulin: 140.00 -> 235.00 (delta +95.00),blood_pressure: 64.00 -> 76.74 (delta +12.74); bmi: 28.60 -> 34.74 (delta +6.14),0.11159817576021283,0.3185763424321991,1 - sum(abs(model delta - user delta)) / (sum(abs(model delta)) + sum(abs(user delta))),0.5,0.1859969596003547,1.0,0.0,1.0,0.107736444269,0.8253951144672439,-0.0275377827737,0.038863565943,0.934731322782,0.950127605914238,1.0,1.0,0.32634338609,0.49251705792906414,139.0,139.0,139.0,0.0,0.0,0.0,64.0,70.000000000014,76.739365165391,0.130434782609,0.2769427209867612,0.14650793837776122,140.0,235.0000000000067,140.0,0.195908603481,0.0,0.195908603481,28.6,28.6,34.737832521421254,0.0,0.21557433694230294,0.21557433694230294,26.0,26.0,26.0,0.0,0.0,0.0,0.033180818036132154,0.005682747906867847
R_7PsMTUjq8Wa1btt,counterfactual,14,160208,feature contribution,0.3257010690856003,glucose: 126.00 -> 140.00 (delta +14.00); insulin: 75.00 -> 162.00 (delta +87.00),insulin: 75.00 -> 218.34 (delta +143.34); bmi: 25.90 -> 35.55 (delta +9.65),0.11481555065630242,0.38463087177117383,1 - sum(abs(model delta - user delta)) / (sum(abs(model delta)) + sum(abs(user delta))),0.5,0.19135925109383736,1.0,0.0,0.0,0.184070172464,0.2593981137330875,0.057874228763,0.0900870805017,0.940312317366,0.9440006467813712,1.0,1.0,0.298438413169,0.6344614138565121,126.0,140.00000000005315,126.0,0.119027376297,0.0,0.119027376297,74.0,74.0,74.0,0.0,0.0,0.0,75.0,161.9999999999704,218.3362912555755,0.179411036872,0.29558750155814406,0.11617646468614407,25.9,25.9,35.54841803095915,0.0,0.33887391229836805,0.33887391229836805,39.0,39.0,39.0,0.0,0.0,0.0,0.018465974730716372,0.07162110577098363
R_7PsMTUjq8Wa1btt,counterfactual,15,160216,feature contribution,0.32673642961739935,blood_pressure: 62.00 -> 69.00 (delta +7.00); insulin: 120.00 -> 177.00 (delta +57.00),blood_pressure: 62.00 -> 69.80 (delta +7.80); insulin: 120.00 -> 185.72 (delta +65.72),0.007072997321930366,0.9384746109737646,1 - sum(abs(model delta - user delta)) / (sum(abs(model delta)) + sum(abs(user delta))),1.0,0.017682493304825915,1.0,1.0,1.0,0.91274871481,0.9093066064342672,-0.125131552295,0.034821278767,0.946056184974,0.9411320398677627,1.0,1.0,0.269719075132,0.3050840617416518,151.0,151.0,151.0,0.0,0.0,0.0,62.0,68.999999999978,69.79948028561098,0.152173913043,0.1695539192524126,0.017380006209412602,120.0,177.00000000019799,185.721276695882,0.117545162089,0.13553014248923922,0.01798498040023923,35.5,35.5,35.5,0.0,0.0,0.0,28.0,28.0,28.0,0.0,0.0,0.0,0.1294153639233232,-0.0945940851563232
R_7PsMTUjq8Wa1btt,counterfactual,16,160215,feature contribution,0.3776502796539006,glucose: 117.00 -> 140.00 (delta +23.00); blood_pressure: 60.00 -> 68.00 (delta +8.00); insulin: 106.00 -> 225.00 (delta +119.00); age: 27.00 -> 30.00 (delta +3.00),glucose: 117.00 -> 146.60 (delta +29.60); blood_pressure: 60.00 -> 75.24 (delta +15.24); insulin: 106.00 -> 210.30 (delta +104.30),0.06498525271527447,0.7825142181344384,1 - sum(abs(model delta - user delta)) / (sum(abs(model delta)) + sum(abs(user delta))),0.8571428571428571,0.0812315658940931,1.0,1.0,1.0,0.88423359614,0.8773316826201721,0.00026115215543,0.0606767911965,0.958222958694,0.9472257420916399,0.0,1.0,0.6959404032111001,0.7980711169407096,117.0,139.9999999999613,146.6040833630604,0.195544975344,0.25169259788352655,0.05614762253952654,60.0,67.999999999988,75.23951984120737,0.173913043478,0.3312939095914645,0.1573808661134645,106.0,225.0000000001156,210.2988288221165,0.245401303308,0.21508460946571864,0.03031669384228136,33.8,33.8,33.8,0.0,0.0,0.0,27.0,30.000000000000703,27.0,0.0810810810811,0.0,0.0810810810811,0.04770045272543111,0.01297633847106889
R_7PsMTUjq8Wa1btt,counterfactual,17,160218,feature contribution,0.5640731852790869,insulin: 193.00 -> 259.00 (delta +66.00),bmi: 29.30 -> 32.57 (delta +3.27),0.05017180611690601,0.0,1 - sum(abs(model delta - user delta)) / (sum(abs(model delta)) + sum(abs(user delta))),0.0,0.12542951529226504,nan,0.0,1.0,-0.0187549740857,0.7307908610074865,-0.0364431230648,0.0818222236912,0.972779015095,0.977049178787894,1.0,1.0,0.136104924524,0.11475410606053005,154.0,154.0,154.0,0.0,0.0,0.0,74.0,74.0,74.0,0.0,0.0,0.0,193.0,259.0000000001782,193.0,0.136104924524,0.0,0.136104924524,29.3,29.3,32.567278907755416,0.0,0.11475410606053005,0.11475410606053005,39.0,39.0,39.0,0.0,0.0,0.0,0.025286526143601717,0.05653569754759828
R_7PsMTUjq8Wa1btt,counterfactual,18,160206,feature contribution,0.43464996212465873,glucose: 103.00 -> 140.00 (delta +37.00); insulin: 82.00 -> 264.00 (delta +182.00),glucose: 103.00 -> 144.93 (delta +41.93); bmi: 20.40 -> 30.84 (delta +10.44),0.15681067356955528,0.44519216105286097,1 - sum(abs(model delta - user delta)) / (sum(abs(model delta)) + sum(abs(user delta))),0.5,0.26135112261592547,1.0,0.0,0.0,9.41313693659e-12,0.45620919323978726,0.181891736346,0.558946397893,0.8804200624,0.9362184041169525,1.0,1.0,0.689891991994,0.7233060791357764,103.0,140.00000000001444,144.9305405434522,0.314572351641,0.3564915876845108,0.04191923604351078,80.0,80.0,80.0,0.0,0.0,0.0,82.0,263.99999999997715,82.0,0.375319640353,0.0,0.375319640353,20.4,20.4,30.843942200600445,0.0,0.36681449145126555,0.36681449145126555,22.0,22.0,22.0,0.0,0.0,0.0,0.007665394876405579,0.5512810030165944
R_7PsMTUjq8Wa1btt,counterfactual,19,160207,feature contribution,0.2889307955773159,glucose: 89.00 -> 140.00 (delta +51.00); insulin: 85.00 -> 211.00 (delta +126.00),glucose: 89.00 -> 143.02 (delta +54.02); insulin: 85.00 -> 234.63 (delta +149.63),0.014871358944709468,0.9491135446574228,1 - sum(abs(model delta - user delta)) / (sum(abs(model delta)) + sum(abs(user delta))),1.0,0.03717839736177367,1.0,0.0,0.0,0.0130556447357,0.006590749578892163,0.0635206412036,0.204135275223,0.955638324785,0.9515010536790457,1.0,1.0,0.6934364020279999,0.7677931967515473,89.0,139.99999999994998,143.01534510532076,0.433599727937,0.45923605768849474,0.025636329751494713,74.0,74.0,74.0,0.0,0.0,0.0,85.0,211.000000000208,234.62552787445577,0.259836674091,0.3085571390630526,0.048720464972052624,30.4,30.4,30.4,0.0,0.0,0.0,38.0,38.0,38.0,0.0,0.0,0.0,0.17828446680651439,0.025850808416485627
R_7PsMTUjq8Wa1btt,counterfactual,20,160205,feature contribution,0.4889410000857414,glucose: 100.00 -> 133.00 (delta +33.00); insulin: 46.00 -> 249.00 (delta +203.00),glucose: 100.00 -> 158.08 (delta +58.08); bmi: 20.40 -> 34.53 (delta +14.13),0.22562322107935256,0.3321773957288031,1 - sum(abs(model delta - user delta)) / (sum(abs(model delta)) + sum(abs(user delta))),0.5,0.3760387017989209,1.0,0.0,1.0,-4.55948516964e-06,0.5097805894619192,-0.0652631670641,0.284435118814,0.871759218518,0.9130347291999787,1.0,1.0,0.699190282543,0.9900548825377626,100.0,133.00000000001606,158.0779599222087,0.280564529842,0.4937762278711841,0.2132116980291841,74.0,74.0,74.0,0.0,0.0,0.0,46.0,248.99999999976933,46.0,0.418625752701,0.0,0.418625752701,20.4,20.4,34.53004585566684,0.0,0.4962786546665786,0.4962786546665786,28.0,28.0,28.0,0.0,0.0,0.0,0.001180873859152328,0.2832542449548477
R_7xWlSJ5Zdqog9gt,none,1,160211,feature contribution,0.6244336159604279,glucose: 145.00 -> 136.00 (delta -9.00); blood_pressure: 80.00 -> 52.00 (delta -28.00); bmi: 37.90 -> 20.68 (delta -17.22),glucose: 145.00 -> 133.81 (delta -11.19); blood_pressure: 80.00 -> 65.98 (delta -14.02); bmi: 37.90 -> 30.25 (delta -7.65),0.1317162483887801,0.6636947055676576,1 - sum(abs(model delta - user delta)) / (sum(abs(model delta)) + sum(abs(user delta))),1.0,0.21952708064796686,1.0,1.0,0.0,0.958645840855,0.3177925950865323,-0.0423559914329,0.0747170723186,0.878046856764,0.9499975217138481,1.0,1.0,1.2898521947448,0.6684317004152072,145.0,135.99999999999775,133.81457643280032,-0.0765175990478,-0.09509797285495392,0.01858037380715391,80.0,51.999999999996,65.97883007036651,-0.608695652174,-0.30480804194855415,0.30388761022544586,130.0,130.0,130.0,0.0,0.0,0.0,37.9,20.684720000013122,30.25453667926369,-0.604638943523,-0.26852568561169915,0.3361132579113008,40.0,40.0,40.0,0.0,0.0,0.0,0.022439803989577123,0.05227726832902288
R_7xWlSJ5Zdqog9gt,none,2,160202,feature contribution,0.7492932622012496,glucose: 125.00 -> 90.00 (delta -35.00); blood_pressure: 70.00 -> 58.00 (delta -12.00); bmi: 31.10 -> 23.53 (delta -7.57),glucose: 125.00 -> 118.98 (delta -6.02); blood_pressure: 70.00 -> 67.41 (delta -2.59); bmi: 31.10 -> 29.54 (delta -1.56),0.13236444356223903,0.3292361080994567,1 - sum(abs(model delta - user delta)) / (sum(abs(model delta)) + sum(abs(user delta))),1.0,0.22060740593706504,1.0,1.0,1.0,0.977391315107,0.5426259085485831,-0.287274163682,0.0569726484831,0.962086076679,0.967515280134039,1.0,1.0,0.824245817141,0.16242359932980488,125.0,90.00000000004357,118.98058042340713,-0.297568440741,-0.051176837073566184,0.2463916036674338,70.0,58.000000000018005,67.4065033131739,-0.260869565217,-0.056380362757089186,0.2044892024599108,115.0,115.0,115.0,0.0,0.0,0.0,31.1,23.531919999997616,29.537843873460215,-0.265807811183,-0.05486639949914951,0.2109414116838505,41.0,41.0,41.0,0.0,0.0,0.0,0.003964377243830475,0.053008271239269524
R_7xWlSJ5Zdqog9gt,none,3,160204,feature contribution,0.4685979089432423,glucose: 125.00 -> 112.00 (delta -13.00); blood_pressure: 70.00 -> 53.00 (delta -17.00); bmi: 28.90 -> 21.25 (delta -7.65),glucose: 125.00 -> 116.32 (delta -8.68); blood_pressure: 70.00 -> 61.77 (delta -8.23); bmi: 28.90 -> 25.25 (delta -3.65),0.0735642979337941,0.6743321774323852,1 - sum(abs(model delta - user delta)) / (sum(abs(model delta)) + sum(abs(user delta))),1.0,0.12260716322299016,1.0,1.0,1.0,0.968482539966,0.9684718301261122,-0.162707499347,0.0395820491408,0.900225643915,0.9238383872009941,1.0,1.0,0.748629553664,0.38080806399502953,125.0,111.99999999997586,116.32216316139636,-0.110525420847,-0.07377858220203731,0.036746838644962684,70.0,53.000000000014,61.769752516742344,-0.369565217391,-0.17891842354907955,0.19064679384192046,122.0,122.0,122.0,0.0,0.0,0.0,28.9,21.254159999990918,25.252421949679313,-0.268538915426,-0.12811105824391267,0.14042785718208733,45.0,45.0,45.0,0.0,0.0,0.0,0.17766125821114118,-0.13807920907034119
R_7xWlSJ5Zdqog9gt,none,4,160200,feature contribution,1.0,glucose: 154.00 -> 143.00 (delta -11.00); blood_pressure: 72.00 -> 49.00 (delta -23.00); insulin: 126.00 -> 118.00 (delta -8.00); bmi: 31.30 -> 20.40 (delta -10.90),glucose: 154.00 -> 147.90 (delta -6.10); blood_pressure: 72.00 -> 69.38 (delta -2.62); insulin: 126.00 -> 98.38 (delta -27.62); bmi: 31.30 -> 29.74 (delta -1.56),0.17060961293317672,0.29708300585368985,1 - sum(abs(model delta - user delta)) / (sum(abs(model delta)) + sum(abs(user delta))),1.0,0.21326201616647092,1.0,1.0,0.0,0.968089414407,0.061673487607505934,-0.0269750342579,0.0980127823706,0.886173062366,0.9250700014309701,1.0,1.0,0.9928513328082,0.22073159628559308,154.0,142.99999999999858,147.90115486501395,-0.0935215099473,-0.05185210963259701,0.041669400314702995,72.0,49.0,69.3798217961897,-0.5,-0.056960395735006386,0.4430396042649936,126.0,118.0000000000122,98.37811755839328,-0.0164975666089,-0.056961730680538336,0.04046416407163833,31.3,20.4,29.735254039319287,-0.382832256252,-0.05495736023745135,0.32787489601454867,37.0,37.0,37.0,0.0,0.0,0.0,0.09478686160156477,0.0032259207690352315
R_7xWlSJ5Zdqog9gt,none,5,160203,feature contribution,1.0,glucose: 161.00 -> 96.00 (delta -65.00); blood_pressure: 68.00 -> 52.00 (delta -16.00); insulin: 132.00 -> 89.00 (delta -43.00); bmi: 25.50 -> 21.82 (delta -3.68),glucose: 161.00 -> 152.64 (delta -8.36); blood_pressure: 68.00 -> 62.91 (delta -5.09); insulin: 132.00 -> 70.13 (delta -61.87); bmi: 25.50 -> 23.39 (delta -2.11),0.16251886294591059,0.4589006664546984,1 - sum(abs(model delta - user delta)) / (sum(abs(model delta)) + sum(abs(user delta))),1.0,0.20314857868238823,1.0,1.0,1.0,0.984594603788,0.9726133015244185,-0.24952207226,0.0605519329641,0.908436920317,0.9233007870650201,1.0,1.0,1.118250960969,0.3834960646748995,161.0,95.9999999999969,152.642364495967,-0.552627104234,-0.07105624472056604,0.4815708595134339,68.0,51.999999999978,62.9119956782913,-0.347826086957,-0.11060878960236303,0.23721729735463698,132.0,88.99999999998676,70.12705460612692,-0.088674420523,-0.1275941297407262,0.03891970921772621,25.5,21.823600000011638,23.386326965796652,-0.129123349255,-0.07423690061124424,0.05488644864375575,47.0,47.0,47.0,0.0,0.0,0.0,0.09132210597090169,-0.030770173006801696
R_7xWlSJ5Zdqog9gt,none,6,160213,feature contribution,1.0,glucose: 117.00 -> 93.00 (delta -24.00); blood_pressure: 88.00 -> 57.00 (delta -31.00); insulin: 145.00 -> 84.00 (delta -61.00); bmi: 34.50 -> 23.25 (delta -11.25),glucose: 117.00 -> 109.52 (delta -7.48); blood_pressure: 88.00 -> 78.38 (delta -9.62); insulin: 145.00 -> 64.69 (delta -80.31); bmi: 34.50 -> 30.57 (delta -3.93),0.180483162853443,0.5431221402688218,1 - sum(abs(model delta - user delta)) / (sum(abs(model delta)) + sum(abs(user delta))),1.0,0.22560395356680377,1.0,1.0,1.0,0.992397634258,0.9856879887647928,-0.245696864526,0.0929170929375,0.96215486732,0.9366878641731875,1.0,1.0,1.3989772970179999,0.5762022724148159,117.0,93.0000000000097,109.52139186681447,-0.204046930794,-0.06358279317450705,0.14046413761949295,88.0,57.000000000012,78.38269745641523,-0.673913043478,-0.20907179442575596,0.464841249052244,145.0,84.00000000002632,64.69029413808533,-0.125793945393,-0.16561434022501548,0.039820394832015465,34.5,23.247200000005368,30.572761812846686,-0.395223377353,-0.13793334458953738,0.25729003276346263,40.0,40.0,40.0,0.0,0.0,0.0,0.09381533955902227,-0.0008982466215222695
R_7xWlSJ5Zdqog9gt,none,7,160210,feature contribution,1.0,glucose: 100.00 -> 109.00 (delta +9.00); blood_pressure: 74.00 -> 53.00 (delta -21.00); insulin: 215.00 -> 51.00 (delta -164.00); bmi: 39.40 -> 22.68 (delta -16.72),glucose: 100.00 -> 92.83 (delta -7.17); blood_pressure: 74.00 -> 65.30 (delta -8.70); insulin: 215.00 -> 66.86 (delta -148.14); bmi: 39.40 -> 33.44 (delta -5.96),0.16308745356903762,0.6332862392496171,1 - sum(abs(model delta - user delta)) / (sum(abs(model delta)) + sum(abs(user delta))),1.0,0.20385931696129703,0.75,1.0,1.0,0.99793516912,0.9979351838316802,-0.256239237969,0.0664632820126,0.902628595578,0.9755807407245322,1.0,1.0,1.4585617352008,0.7650724861510552,100.0,109.00000000000225,92.82823701463998,0.0765175990478,-0.06097400939772163,0.13749160844552163,74.0,53.000000000019995,65.29945137579406,-0.45652173913,-0.18914236139578106,0.26737937773421894,215.0,50.9999999999833,66.85689253076555,-0.338200115483,-0.3055000978908565,0.03270001759214347,39.4,22.677759999993096,33.43636827068822,-0.58732228154,-0.20945601746669595,0.37786626407330404,43.0,43.0,43.0,0.0,0.0,0.0,0.338775114062281,-0.272311832049681
R_7xWlSJ5Zdqog9gt,none,8,160201,feature contribution,1.0,glucose: 187.00 -> 106.00 (delta -81.00); blood_pressure: 70.00 -> 52.00 (delta -18.00); insulin: 200.00 -> 75.00 (delta -125.00); bmi: 36.40 -> 24.67 (delta -11.73),glucose: 187.00 -> 178.54 (delta -8.46); blood_pressure: 70.00 -> 65.24 (delta -4.76); insulin: 200.00 -> 124.25 (delta -75.75); bmi: 36.40 -> 33.24 (delta -3.16),0.2614414024319278,0.40369503107627114,1 - sum(abs(model delta - user delta)) / (sum(abs(model delta)) + sum(abs(user delta))),1.0,0.32680175303990977,1.0,1.0,1.0,0.999880096159,0.7508614173456952,0.0782121080192,0.281142117469,0.932685888131,0.9636596403567579,1.0,1.0,1.749692823027,0.44248581086736083,187.0,106.00000000000338,178.53850217026636,-0.68865839143,-0.07193927758658092,0.616719113843419,70.0,52.000000000004,65.24281694630514,-0.391304347826,-0.10341702290641014,0.28788732491958985,200.0,75.00000000022087,124.25213432104583,-0.257774478264,-0.15620693244030773,0.10156754582369229,36.4,24.67080000000468,33.24181236106138,-0.411955605507,-0.11092257793406202,0.301033027572938,36.0,36.0,36.0,0.0,0.0,0.0,0.01778483271160894,0.26335728475739106
R_7xWlSJ5Zdqog9gt,none,9,160212,feature contribution,0.45147740290981636,blood_pressure: 72.00 -> 54.00 (delta -18.00); insulin: 207.00 -> 89.00 (delta -118.00); bmi: 37.10 -> 23.82 (delta -13.28),blood_pressure: 72.00 -> 61.16 (delta -10.84); insulin: 207.00 -> 36.00 (delta -171.00); bmi: 37.10 -> 29.91 (delta -7.19),0.09581871074240912,0.7532821773068494,1 - sum(abs(model delta - user delta)) / (sum(abs(model delta)) + sum(abs(user delta))),1.0,0.15969785123734853,1.0,1.0,1.0,0.98547763161,0.9854776316318086,-0.291362141738,0.0372518432215,0.856978057493,0.8600942940706553,1.0,1.0,1.1011846185560001,0.8406838224115045,111.0,111.0,111.0,0.0,0.0,0.0,72.0,54.000000000004,61.16414638502277,-0.391304347826,-0.23556203510820073,0.15574231271779926,207.0,88.99999999982832,36.0,-0.243339107482,-0.35263548626577507,0.10929637878377507,37.1,23.81664000000293,29.911210036859476,-0.466541163248,-0.2524863010375287,0.21405486221047126,56.0,56.0,56.0,0.0,0.0,0.0,0.42457675080400864,-0.38732490758250865
R_7xWlSJ5Zdqog9gt,none,10,160214,feature contribution,0.5385058846362412,blood_pressure: 74.00 -> 52.00 (delta -22.00); insulin: 156.00 -> 60.00 (delta -96.00); bmi: 29.90 -> 20.97 (delta -8.93),glucose: 104.00 -> 97.59 (delta -6.41); blood_pressure: 74.00 -> 69.44 (delta -4.56); insulin: 156.00 -> 102.44 (delta -53.56),0.16696301350641543,0.33424092830917485,1 - sum(abs(model delta - user delta)) / (sum(abs(model delta)) + sum(abs(user delta))),0.6666666666666666,0.20870376688301928,1.0,1.0,1.0,0.99596020293,0.995948913880977,-0.304384580202,0.0501717968156,0.909305488238,0.947192623582295,1.0,1.0,0.9898928096420001,0.2640368820885252,104.0,104.0,97.59211297785839,0.0,-0.05447956998930109,0.05447956998930109,74.0,52.00000000001,69.44109169653012,-0.478260869565,-0.09910670224934504,0.379154167315655,156.0,60.000000000049354,102.44029027159652,-0.197970799307,-0.11045060984987909,0.08752018945712092,29.9,20.969439999996546,29.9,-0.31366114077,0.0,0.31366114077,41.0,41.0,41.0,0.0,0.0,0.0,0.16497432621864916,-0.11480252940304916
R_7xWlSJ5Zdqog9gt,none,11,160219,feature contribution,0.5125258304879649,glucose: 139.00 -> 90.00 (delta -49.00); blood_pressure: 64.00 -> 53.00 (delta -11.00); insulin: 140.00 -> 60.00 (delta -80.00),blood_pressure: 64.00 -> 70.64 (delta +6.64); insulin: 140.00 -> 319.25 (delta +179.25); bmi: 28.60 -> 32.87 (delta +4.27),0.2969535840081915,1.1102230246251565e-16,1 - sum(abs(model delta - user delta)) / (sum(abs(model delta)) + sum(abs(user delta))),0.6666666666666666,0.37119198001023934,0.0,0.0,0.0,0.0161884305255,0.06194279248607626,-0.0585710716829,0.038863565943,0.963286931085,0.9250970269462483,1.0,1.0,0.8207019179100001,0.6640660021309575,139.0,89.99999999999042,139.0,-0.416595817038,0.0,0.416595817038,64.0,52.999999999982,70.64186169418979,-0.239130434783,0.14438829769977796,0.38351873248277796,140.0,60.00000000012196,319.25352765008034,-0.164975666089,0.3696558765365009,0.5346315426255008,28.6,28.6,32.871421483817294,0.0,0.1500218278946785,0.1500218278946785,26.0,26.0,26.0,0.0,0.0,0.0,0.03783058599758815,0.0010329799454118493
R_7xWlSJ5Zdqog9gt,none,12,160208,feature contribution,0.47986380740665147,glucose: 126.00 -> 98.00 (delta -28.00); blood_pressure: 74.00 -> 55.00 (delta -19.00); bmi: 25.90 -> 23.53 (delta -2.37),glucose: 126.00 -> 132.69 (delta +6.69); insulin: 75.00 -> 174.47 (delta +99.47); bmi: 25.90 -> 28.66 (delta +2.76),0.21866197750925295,2.220446049250313e-16,1 - sum(abs(model delta - user delta)) / (sum(abs(model delta)) + sum(abs(user delta))),0.6666666666666666,0.2733274718865662,0.0,0.0,0.0,-0.0118458311085,0.4028169627036884,-0.224493937221,0.0900870805017,0.967548711328,0.9516459982108301,1.0,1.0,0.7342704702471,0.3590394172991649,126.0,98.00000000001134,132.69495256303236,-0.238054752593,0.05692018842911384,0.29497494102211386,74.0,54.999999999993996,74.0,-0.413043478261,0.0,0.413043478261,75.0,75.0,174.47209854454016,0.0,0.2051309464335147,0.2051309464335147,25.9,23.53191999999965,28.661450377533065,-0.0831722393931,0.09698828243653634,0.18016052182963635,39.0,39.0,39.0,0.0,0.0,0.0,0.008572269633912055,0.08151481086778795
R_7xWlSJ5Zdqog9gt,none,13,160209,feature contribution,0.6986145635016746,blood_pressure: 78.00 -> 50.00 (delta -28.00),insulin: 71.00 -> 195.61 (delta +124.61),0.17313477471575006,0.0,1 - sum(abs(model delta - user delta)) / (sum(abs(model delta)) + sum(abs(user delta))),0.0,0.4328369367893752,nan,0.0,1.0,1.17602980104e-05,0.9517090868178147,0.0389140992507,0.215219871146,0.91849096807,0.94860435571905,1.0,1.0,0.608695652174,0.2569782214047503,83.0,83.0,83.0,0.0,0.0,0.0,78.0,49.999999999996,78.0,-0.608695652174,0.0,0.608695652174,71.0,71.0,195.61387912359177,0.0,0.2569782214047503,0.2569782214047503,29.3,29.3,29.3,0.0,0.0,0.0,36.0,36.0,36.0,0.0,0.0,0.0,0.04175835261484112,0.17346151853115888
R_7xWlSJ5Zdqog9gt,none,14,160206,feature contribution,0.5871561259470297,blood_pressure: 80.00 -> 55.00 (delta -25.00); insulin: 82.00 -> 89.00 (delta +7.00),insulin: 82.00 -> 364.15 (delta +282.15); bmi: 20.40 -> 27.60 (delta +7.20),0.2727458294557088,0.020731540909114,1 - sum(abs(model delta - user delta)) / (sum(abs(model delta)) + sum(abs(user delta))),0.5,0.4545763824261813,1.0,0.0,0.0,0.000162146598696,9.954679303092462e-10,0.368705226988,0.558946397893,0.943184686859,0.8615577807678074,1.0,1.0,0.5579136316528,0.834686257191344,103.0,103.0,103.0,0.0,0.0,0.0,80.0,54.999999999980005,80.0,-0.54347826087,0.0,0.54347826087,82.0,88.99999999999538,364.1465290071645,0.0144353707828,0.581841394471591,0.567406023688791,20.4,20.4,27.598998931356817,0.0,0.2528448627197531,0.2528448627197531,22.0,22.0,22.0,0.0,0.0,0.0,0.43495850494544375,0.1239878929475563
R_7xWlSJ5Zdqog9gt,none,15,160205,feature contribution,0.6083274543107796,blood_pressure: 74.00 -> 57.00 (delta -17.00); insulin: 46.00 -> 75.00 (delta +29.00),insulin: 46.00 -> 320.86 (delta +274.86); bmi: 20.40 -> 27.01 (delta +6.61),0.22174842803008582,0.09737241567094168,1 - sum(abs(model delta - user delta)) / (sum(abs(model delta)) + sum(abs(user delta))),0.5,0.36958071338347637,1.0,0.0,0.0,1.09007564361e-05,-1.755673038639216e-05,0.0244472640458,0.284435118814,0.964506602419,0.9116246419865939,1.0,1.0,0.42936889634840003,0.7989806017168292,100.0,100.0,100.0,0.0,0.0,0.0,74.0,57.000000000014,74.0,-0.369565217391,0.0,0.369565217391,46.0,75.00000000002245,320.85759487885406,0.0598036789574,0.5668101849353574,0.5070065059779574,20.4,20.4,27.01035610660207,0.0,0.23217041678147177,0.23217041678147177,28.0,28.0,28.0,0.0,0.0,0.0,0.3267803484874197,-0.04234522967341969
R_7xWlSJ5Zdqog9gt,none,16,160215,feature contribution,1.0,glucose: 117.00 -> 120.00 (delta +3.00); blood_pressure: 60.00 -> 55.00 (delta -5.00); insulin: 106.00 -> 133.00 (delta +27.00); bmi: 33.80 -> 25.24 (delta -8.56),glucose: 117.00 -> 125.12 (delta +8.12); blood_pressure: 60.00 -> 67.24 (delta +7.24); insulin: 106.00 -> 299.91 (delta +193.91); bmi: 33.80 -> 37.35 (delta +3.55),0.2158599662019014,0.13076766711061516,1 - sum(abs(model delta - user delta)) / (sum(abs(model delta)) + sum(abs(user delta))),1.0,0.26982495775237675,0.5,0.0,0.0,-0.0748548592489,-0.0477056938111553,-0.157028321252,0.0606767911965,0.954218708302,0.926184392847667,1.0,1.0,0.4905186254404,0.7511515128779069,117.0,120.00000000000466,125.122616238318,0.0255058663493,0.06905812139362355,0.04355225504432355,60.0,54.999999999996,67.24463410940204,-0.108695652174,0.15749204585656618,0.2661876980305662,106.0,132.99999999998914,299.9077318140283,0.0556792873051,0.3998757151984408,0.34419642789334076,33.8,25.240240000007123,37.35118814958236,-0.300637819612,0.12472563042927648,0.42536345004127646,27.0,27.0,27.0,0.0,0.0,0.0,0.06192271105771052,-0.0012459198612105246
R_7xWlSJ5Zdqog9gt,none,17,160216,feature contribution,1.0,glucose: 151.00 -> 126.00 (delta -25.00); blood_pressure: 62.00 -> 50.00 (delta -12.00); insulin: 120.00 -> 133.00 (delta +13.00); bmi: 35.50 -> 21.82 (delta -13.68),glucose: 151.00 -> 157.82 (delta +6.82); blood_pressure: 62.00 -> 67.87 (delta +5.87); insulin: 120.00 -> 270.02 (delta +150.02); bmi: 35.50 -> 38.37 (delta +2.87),0.30456470493110643,0.03401148824144751,1 - sum(abs(model delta - user delta)) / (sum(abs(model delta)) + sum(abs(user delta))),1.0,0.38070588116388304,0.25,0.0,1.0,-0.0387737200969,0.9204936405656641,-0.155670091919,0.034821278767,0.920960349931,0.9102741515864461,1.0,1.0,0.9805725998975,0.595868016237032,151.0,125.9999999999807,157.82201872960326,-0.212548886244,0.05800049931647033,0.27054938556047037,62.0,50.000000000018,67.87055768843159,-0.260869565217,0.12762081931373026,0.38849038453073026,120.0,132.99999999999835,270.0249835395815,0.0268085457395,0.3093808948683931,0.2825723491288931,35.5,21.823600000010998,38.37185113556882,-0.480345602697,0.10086580273843837,0.5812114054354384,28.0,28.0,28.0,0.0,0.0,0.0,0.11505587989081176,-0.08023460112381176
R_7xWlSJ5Zdqog9gt,none,18,160207,feature contribution,0.4966513062029322,glucose: 89.00 -> 114.00 (delta +25.00); blood_pressure: 74.00 -> 53.00 (delta -21.00); bmi: 30.40 -> 23.53 (delta -6.87),glucose: 89.00 -> 95.98 (delta +6.98); insulin: 85.00 -> 173.13 (delta +88.13); bmi: 30.40 -> 32.76 (delta +2.36),0.22309483383275924,0.09621775938535115,1 - sum(abs(model delta - user delta)) / (sum(abs(model delta)) + sum(abs(user delta))),0.6666666666666666,0.27886854229094904,0.5,0.0,1.0,0.000270155067302,0.9970945376904596,-0.00372255421339,0.204135275223,0.930365787962,0.9430126175613865,1.0,1.0,0.910292878816,0.3239360305783457,89.0,114.0000000000193,95.98396627295861,0.212548886244,0.05937737011527475,0.15317151612872526,74.0,53.000000000019995,74.0,-0.45652173913,0.0,0.45652173913,85.0,85.0,173.12779989442794,0.0,0.18173678110704397,0.18173678110704397,30.4,23.531919999999367,32.7581045490248,-0.241222253442,0.08282187935602697,0.32404413279802696,38.0,38.0,38.0,0.0,0.0,0.0,0.05510139800231778,0.14903387722068223
R_7xWlSJ5Zdqog9gt,none,19,160218,feature contribution,1.0,glucose: 154.00 -> 122.00 (delta -32.00); blood_pressure: 74.00 -> 57.00 (delta -17.00); insulin: 193.00 -> 104.00 (delta -89.00); bmi: 29.30 -> 23.82 (delta -5.48),glucose: 154.00 -> 159.99 (delta +5.99); blood_pressure: 74.00 -> 76.57 (delta +2.57); insulin: 193.00 -> 229.55 (delta +36.55); bmi: 29.30 -> 30.98 (delta +1.68),0.2517409857445077,0.0,1 - sum(abs(model delta - user delta)) / (sum(abs(model delta)) + sum(abs(user delta))),1.0,0.3146762321806346,0.0,0.0,0.0,-0.0235090990733,0.4157217949794483,-0.113284401283,0.0818222236912,0.940700060961,0.9518092194294923,1.0,1.0,1.01775102587,0.24095390285253843,154.0,122.00000000001296,159.98529397460737,-0.272062574392,0.050886702725789434,0.3229492771177894,74.0,57.000000000014,76.5668151698419,-0.369565217391,0.05580032977917193,0.42536554717017194,193.0,104.00000000014174,229.5462152250185,-0.183535428524,0.0753654524973571,0.2589008810213571,29.3,23.81664000001026,30.977041169031466,-0.192587805563,0.05890141785021996,0.25148922341322,39.0,39.0,39.0,0.0,0.0,0.0,0.005765937548708799,0.0760562861424912
R_7xWlSJ5Zdqog9gt,none,20,160217,feature contribution,0.4660926627827086,blood_pressure: 68.00 -> 50.00 (delta -18.00); bmi: 34.10 -> 21.54 (delta -12.56),blood_pressure: 68.00 -> 74.20 (delta +6.20); insulin: 94.00 -> 298.44 (delta +204.44),0.2777825114079405,0.0,1 - sum(abs(model delta - user delta)) / (sum(abs(model delta)) + sum(abs(user delta))),0.5,0.4629708523465675,0.0,0.0,0.0,-0.153787711041,-0.15442144490916987,-0.248033514504,0.030760691058,0.938681335166,0.9370839008195915,1.0,1.0,0.832478835042,0.5564337219977025,112.0,112.0,112.0,0.0,0.0,0.0,68.0,50.000000000004,74.20295120472184,-0.391304347826,0.13484676532003997,0.5261511131460399,94.0,94.0,298.43594703213256,0.0,0.42158695667766255,0.42158695667766255,34.1,21.538879999986033,34.1,-0.441174487216,0.0,0.441174487216,26.0,26.0,26.0,0.0,0.0,0.0,0.23255807307184895,-0.20179738201384895
