fold,trial_order,instance_id,target,observed_subset,predicted_subset,observed_delta,predicted_delta,conditional_delta,observed_subset_probability,decay,distance,selection_spread,edit_blend,age_actionable,margin,feature_scores,base_delta,participant,xai,variant
0,1,130200,-1,insulin,bmi,0/0/0.148478/0/0,0/0/0/0.190489/0,0/0/0.13547/0/0,0.23030375331122274,0.0,0.0,0.05,0.0,1,0.05,0.002896/0.0634306/0.0854704/0.140489/0.0461183,-0.002896/-0.0634306/0.0854704/0.140489/-0.0461183,R_19vxEDR7cSM6KtE,none,base_exemplar
1,2,130201,-1,insulin,bmi,0/0/0.0618659/0/0,0/0/0/0.296684/0,0/0/0.144746/0/0,0.11640418582858916,0.0,0.0,0.05,0.0,1,0.1,0.00181/0.148005/0.0447463/0.196684/0.0327291,-0.00181/0.148005/0.0447463/0.196684/-0.0327291,R_19vxEDR7cSM6KtE,none,base_exemplar
2,3,130202,-1,bmi,insulin,0/0/0/-0.15415/0,0/0/-0.208083/0/0,0/0/0/0.124951/0,0.12423386305927218,0.0,2.0,0.05,0.0,1,0.1,0.000599158/0.0614335/0.108083/0.0249511/0.0234942,-0.000599158/0.0614335/-0.108083/0.0249511/-0.0234942,R_19vxEDR7cSM6KtE,none,base_exemplar
3,4,130203,-1,bmi,blood_pressure,0/0/0/-0.337322/0,0/-0.240292/0/0/0,0/0/0/-0.20805/0,0.30445626417867194,0.0,0.0,0.05,0.0,1,0.05,0.00376481/0.190292/0.0804427/0.15805/0.0252907,-0.00376481/-0.190292/-0.0804427/-0.15805/0.0252907,R_19vxEDR7cSM6KtE,none,base_exemplar
4,5,130204,-1,blood_pressure,bmi,0/-0.195652/0/0/0,0/0/0/0.246684/0,0/0.0711435/0/0/0,0.10479273494217829,0.0,0.0,0.05,0.0,0,0.05,0.002896/0.0211435/0.0548016/0.196684/0,-0.002896/0.0211435/-0.0548016/0.196684/-0.0193399,R_19vxEDR7cSM6KtE,none,base_exemplar
0,6,130205,-1,bmi,insulin,0/0/0/-0.386344/0,0/0/-0.255632/0/0,0/0/0/-0.229123/0,0.307655840679247,0.0,0.0,0.05,0.0,1,0.05,0.00876041/0.0634306/0.205632/0.179123/0.0565321,-0.00876041/-0.0634306/-0.205632/-0.179123/0.0565321,R_19vxEDR7cSM6KtE,none,base_exemplar
1,7,130206,-1,bmi,bmi,0/0/0/-0.361079/0,0/0/0/-0.331807/0,0/0/0/-0.331807/0,0.34341180677441674,0.0,0.0,0.05,0.0,1,0.1,0.0024616/0.148005/0.173957/0.231807/0.0342168,-0.0024616/-0.148005/-0.173957/-0.231807/0.0342168,R_19vxEDR7cSM6KtE,none,base_exemplar
2,8,130207,-1,bmi,insulin,0/0/0/-0.327322/0,0/0/-0.523183/0/0,0/0/0/-0.253281/0,0.22505430902573134,0.0,2.0,0.05,0.0,1,0.1,0.00350322/0.0250796/0.423183/0.153281/0.0197727,-0.00350322/0.0250796/-0.423183/-0.153281/0.0197727,R_19vxEDR7cSM6KtE,none,base_exemplar
3,9,130208,-1,bmi,age,0/0/0/-0.256541/0,0/0/0/0/-0.145212,0/0/0/-0.127269/0,0.22016329007606397,0.0,0.0,0.05,0.0,1,0.05,0.00644361/0.0634306/0.0759178/0.0772689/0.0952119,0.00644361/0.0634306/-0.0759178/-0.0772689/-0.0952119,R_19vxEDR7cSM6KtE,none,base_exemplar
4,10,130209,-1,bmi,bmi,0/0/0/-0.66/0,0/0/0/-0.540728/0,0/0/0/-0.540728/0,0.4532446709195854,0.0,0.0,0.05,0.0,0,0.05,0.00405441/0.317153/0.0955257/0.490728/0,0.00405441/-0.317153/-0.0955257/-0.490728/0.0163646,R_19vxEDR7cSM6KtE,none,base_exemplar
0,11,130300,1,bmi,bmi,0/0/0/0.210733/0,0/0/0/0.287075/0,0/0/0/0.287075/0,0.4220000131479655,0.0,0.0,0.05,0.0,1,0.05,0.0101722/0.0563827/0.110357/0.237075/0.0632267,-0.0101722/-0.0563827/0.110357/0.237075/0.0632267,R_19vxEDR7cSM6KtE,none,base_exemplar
1,12,130301,1,bmi,bmi,0/0/0/0.356339/0,0/0/0/0.410832/0,0/0/0/0.410832/0,0.4065555776028721,0.0,0.0,0.05,0.0,1,0.1,0.00604541/0.112765/0.200855/0.310832/0.0230591,-0.00604541/0.112765/0.200855/0.310832/0.0230591,R_19vxEDR7cSM6KtE,none,base_exemplar
2,13,130302,1,bmi,blood_pressure,0/0/0/0.350388/0,0/0.534991/0/0/0,0/0/0/0.422005/0,0.3145925406299579,0.0,2.0,0.05,0.0,1,0.1,0.00107312/0.434991/0.132693/0.322005/0.00363482,-0.00107312/0.434991/0.132693/0.322005/0.00363482,R_19vxEDR7cSM6KtE,none,base_exemplar
3,14,130303,1,bmi,bmi,0/0/0/0.421467/0,0/0/0/0.497808/0,0/0/0/0.497808/0,0.4599054893483172,0.0,0.0,0.05,0.0,1,0.05,0.0011222/0.112765/0.185772/0.447808/0.066202,0.0011222/0.112765/0.185772/0.447808/-0.066202,R_19vxEDR7cSM6KtE,none,base_exemplar
4,15,130304,1,bmi,bmi,0/0/0/0.280728/0,0/0/0/0.185221/0,0/0/0/0.185221/0,0.3860816287978356,0.0,0.0,0.05,0.0,0,0.05,0.001267/0.112765/0.0525392/0.135221/0,-0.001267/0.112765/-0.0525392/0.135221/0.0275222,R_19vxEDR7cSM6KtE,none,base_exemplar
0,16,130305,1,age,bmi,0/0/0/0/0.405405,0/0/0/-0.405507/0,0/0/0/0/0.113227,0.09936527759431421,0.0,0.0,0.05,0.0,1,0.05,0.00394581/0.310105/0.0274008/0.355507/0.0632267,0.00394581/-0.310105/0.0274008/-0.355507/0.0632267,R_19vxEDR7cSM6KtE,none,base_exemplar
1,17,130306,1,insulin,insulin,0/0/-0.0824878/0/0,0/0/0.331021/0/0,0/0/0.331021/0/0,0.4637659692987774,0.0,0.0,0.05,0.0,1,0.1,0.00524901/0.140957/0.231021/0.0122928/0.0260345,0.00524901/-0.140957/0.231021/-0.0122928/-0.0260345,R_19vxEDR7cSM6KtE,none,base_exemplar
2,18,130307,1,insulin,bmi,0/0/-0.255712/0/0,0/0/0/0.176727/0,0/0/0.176546/0/0,0.306289896103918,0.0,2.0,0.05,0.0,1,0.1,0.0084405/0.0217146/0.076546/0.0767273/0.037582,0.0084405/0.0217146/0.076546/0.0767273/-0.037582,R_19vxEDR7cSM6KtE,none,base_exemplar
3,19,130308,1,bmi,blood_pressure,0/0/0/0.364484/0,0/-0.360105/0/0/0,0/0/0/0.258977/0,0.25455162268731657,0.0,0.0,0.05,0.0,1,0.05,0.0017738/0.310105/0.178231/0.208977/0.0394237,0.0017738/-0.310105/0.178231/0.208977/-0.0394237,R_19vxEDR7cSM6KtE,none,base_exemplar
4,20,130309,1,age,bmi,0/0/0/0/0.486486,0/0/0/-0.178196/0,0/0/0/0/0.113227,0.03254553137887291,0.0,0.0,0.05,0.0,0,0.05,0.000398201/0.0986698/0.0781803/0.128196/0,-0.000398201/-0.0986698/-0.0781803/-0.128196/0.0632267,R_19vxEDR7cSM6KtE,none,base_exemplar
0,1,130200,-1,insulin,bmi,0/0/0.148478/0/0,0/0/0/0.190489/0,0/0/0.13547/0/0,0.23030375331122274,0.0,0.0,0.05,0.0,1,0.05,0.002896/0.0634306/0.0854704/0.140489/0.0461183,-0.002896/-0.0634306/0.0854704/0.140489/-0.0461183,R_19vxEDR7cSM6KtE,none,base_prototype
1,2,130201,-1,insulin,bmi,0/0/0.0618659/0/0,0/0/0/0.296684/0,0/0/0.144746/0/0,0.11640418582858916,0.0,0.0,0.05,0.0,1,0.1,0.00181/0.148005/0.0447463/0.196684/0.0327291,-0.00181/0.148005/0.0447463/0.196684/-0.0327291,R_19vxEDR7cSM6KtE,none,base_prototype
2,3,130202,-1,bmi,insulin,0/0/0/-0.15415/0,0/0/-0.207592/0/0,0/0/0/0.135122/0,0.15257330761072016,0.0,0.0,0.05,0.0,1,0.1,0.000724001/0.0634306/0.107592/0.0351222/0.023803,-0.000724001/0.0634306/-0.107592/0.0351222/-0.023803,R_19vxEDR7cSM6KtE,none,base_prototype
3,4,130203,-1,bmi,blood_pressure,0/0/0/-0.337322/0,0/-0.240292/0/0/0,0/0/0/-0.20805/0,0.30445626417867194,0.0,0.0,0.05,0.0,1,0.05,0.00376481/0.190292/0.0804427/0.15805/0.0252907,-0.00376481/-0.190292/-0.0804427/-0.15805/0.0252907,R_19vxEDR7cSM6KtE,none,base_prototype
4,5,130204,-1,blood_pressure,bmi,0/-0.195652/0/0/0,0/0/0/0.246684/0,0/0.0711435/0/0/0,0.10479273494217829,0.0,0.0,0.05,0.0,0,0.05,0.002896/0.0211435/0.0548016/0.196684/0,-0.002896/0.0211435/-0.0548016/0.196684/-0.0193399,R_19vxEDR7cSM6KtE,none,base_prototype
0,6,130205,-1,bmi,insulin,0/0/0/-0.386344/0,0/0/-0.255632/0/0,0/0/0/-0.229123/0,0.307655840679247,0.0,0.0,0.05,0.0,1,0.05,0.00876041/0.0634306/0.205632/0.179123/0.0565321,-0.00876041/-0.0634306/-0.205632/-0.179123/0.0565321,R_19vxEDR7cSM6KtE,none,base_prototype
1,7,130206,-1,bmi,bmi,0/0/0/-0.361079/0,0/0/0/-0.331807/0,0/0/0/-0.331807/0,0.34341180677441674,0.0,0.0,0.05,0.0,1,0.1,0.0024616/0.148005/0.173957/0.231807/0.0342168,-0.0024616/-0.148005/-0.173957/-0.231807/0.0342168,R_19vxEDR7cSM6KtE,none,base_prototype
2,8,130207,-1,bmi,insulin,0/0/0/-0.327322/0,0/0/-0.527352/0/0,0/0/0/-0.25805/0,0.2288205266976077,0.0,0.0,0.05,0.0,1,0.1,0.0035476/0.0211435/0.427352/0.15805/0.0208276,-0.0035476/0.0211435/-0.427352/-0.15805/0.0208276,R_19vxEDR7cSM6KtE,none,base_prototype
3,9,130208,-1,bmi,age,0/0/0/-0.256541/0,0/0/0/0/-0.145212,0/0/0/-0.127269/0,0.22016329007606397,0.0,0.0,0.05,0.0,1,0.05,0.00644361/0.0634306/0.0759178/0.0772689/0.0952119,0.00644361/0.0634306/-0.0759178/-0.0772689/-0.0952119,R_19vxEDR7cSM6KtE,none,base_prototype
4,10,130209,-1,bmi,bmi,0/0/0/-0.66/0,0/0/0/-0.540728/0,0/0/0/-0.540728/0,0.4532446709195854,0.0,0.0,0.05,0.0,0,0.05,0.00405441/0.317153/0.0955257/0.490728/0,0.00405441/-0.317153/-0.0955257/-0.490728/0.0163646,R_19vxEDR7cSM6KtE,none,base_prototype
0,11,130300,1,bmi,bmi,0/0/0/0.210733/0,0/0/0/0.287075/0,0/0/0/0.287075/0,0.4220000131479655,0.0,0.0,0.05,0.0,1,0.05,0.0101722/0.0563827/0.110357/0.237075/0.0632267,-0.0101722/-0.0563827/0.110357/0.237075/0.0632267,R_19vxEDR7cSM6KtE,none,base_prototype
1,12,130301,1,bmi,bmi,0/0/0/0.356339/0,0/0/0/0.410832/0,0/0/0/0.410832/0,0.4065555776028721,0.0,0.0,0.05,0.0,1,0.1,0.00604541/0.112765/0.200855/0.310832/0.0230591,-0.00604541/0.112765/0.200855/0.310832/0.0230591,R_19vxEDR7cSM6KtE,none,base_prototype
2,13,130302,1,bmi,blood_pressure,0/0/0/0.350388/0,0/0.551062/0/0/0,0/0/0/0.424881/0,0.29839311461043355,0.0,0.0,0.05,0.0,1,0.1,0.000615401/0.451062/0.178231/0.324881/0.00371922,-0.000615401/0.451062/0.178231/0.324881/-0.00371922,R_19vxEDR7cSM6KtE,none,base_prototype
3,14,130303,1,bmi,bmi,0/0/0/0.421467/0,0/0/0/0.497808/0,0/0/0/0.497808/0,0.4599054893483172,0.0,0.0,0.05,0.0,1,0.05,0.0011222/0.112765/0.185772/0.447808/0.066202,0.0011222/0.112765/0.185772/0.447808/-0.066202,R_19vxEDR7cSM6KtE,none,base_prototype
4,15,130304,1,bmi,bmi,0/0/0/0.280728/0,0/0/0/0.185221/0,0/0/0/0.185221/0,0.3860816287978356,0.0,0.0,0.05,0.0,0,0.05,0.001267/0.112765/0.0525392/0.135221/0,-0.001267/0.112765/-0.0525392/0.135221/0.0275222,R_19vxEDR7cSM6KtE,none,base_prototype
0,16,130305,1,age,bmi,0/0/0/0/0.405405,0/0/0/-0.405507/0,0/0/0/0/0.113227,0.09936527759431421,0.0,0.0,0.05,0.0,1,0.05,0.00394581/0.310105/0.0274008/0.355507/0.0632267,0.00394581/-0.310105/0.0274008/-0.355507/0.0632267,R_19vxEDR7cSM6KtE,none,base_prototype
1,17,130306,1,insulin,insulin,0/0/-0.0824878/0/0,0/0/0.331021/0/0,0/0/0.331021/0/0,0.4637659692987774,0.0,0.0,0.05,0.0,1,0.1,0.00524901/0.140957/0.231021/0.0122928/0.0260345,0.00524901/-0.140957/0.231021/-0.0122928/-0.0260345,R_19vxEDR7cSM6KtE,none,base_prototype
2,18,130307,1,insulin,insulin,0/0/-0.255712/0/0,0/0/0.211866/0/0,0/0/0.211866/0/0,0.3622620163665931,0.0,0.0,0.05,0.0,1,0.1,0.00894141/0.0281914/0.111866/0.0755128/0.0438868,0.00894141/0.0281914/0.111866/0.0755128/-0.0438868,R_19vxEDR7cSM6KtE,none,base_prototype
3,19,130308,1,bmi,blood_pressure,0/0/0/0.364484/0,0/-0.360105/0/0/0,0/0/0/0.258977/0,0.25455162268731657,0.0,0.0,0.05,0.0,1,0.05,0.0017738/0.310105/0.178231/0.208977/0.0394237,0.0017738/-0.310105/0.178231/0.208977/-0.0394237,R_19vxEDR7cSM6KtE,none,base_prototype
4,20,130309,1,age,bmi,0/0/0/0/0.486486,0/0/0/-0.178196/0,0/0/0/0/0.113227,0.03254553137887291,0.0,0.0,0.05,0.0,0,0.05,0.000398201/0.0986698/0.0781803/0.128196/0,-0.000398201/-0.0986698/-0.0781803/-0.128196/0.0632267,R_19vxEDR7cSM6KtE,none,base_prototype
0,1,130200,-1,bmi,blood_pressure,0/0/0/-0.298783/0,0/-0.427615/0/0/0,0/0/0/0.507116/0,0.09814066441933503,0.5,24.0,0.025,0.0,0,0.4,0/0.05523/0/0/0,-0/-0.027615/0/0.107116/-0.258147,R_1EuK2V9UeTSvnUv,attribution,additive_exemplar
1,2,130201,-1,bmi,bmi,0/0/0/-0.272588/0,0/0/0/0.510674/0,0/0/0/0.510674/0,0.4039656161889587,0.25,24.0,0.025,0.0,0,0.4,0/0.0941223/0.00622647/0.111057/0,-0/0.0470612/-0.000187864/0.110674/-0,R_1EuK2V9UeTSvnUv,attribution,additive_exemplar
2,3,130202,-1,bmi,blood_pressure,0/0/0/-0.38415/0,0/0.433205/0/0/0,0/0/0/-0.421673/0,0.09814066441933503,0.25,24.0,0.025,0.0,0,0.4,0/0.0664093/0/0/0,0/0.0332046/-0/-0.0216733/-0.160241,R_1EuK2V9UeTSvnUv,attribution,additive_exemplar
3,4,130203,-1,bmi,blood_pressure,0/0/0/-0.557322/0,0/-0.372152/0/0/0,0/0/0/-0.346048/0,0.09814066441933503,0.25,24.0,0.025,0.0,0,0.3,0/0.144304/0/0/0,-0/-0.072152/-0/-0.0460482/0.0943554,R_1EuK2V9UeTSvnUv,attribution,additive_exemplar
4,5,130204,-1,bmi,blood_pressure,0/0/0/-0.202588/0,0/0.407903/0/0/0,0/0/0/0.521958/0,0.09814066441933503,0.25,24.0,0.025,0.0,0,0.4,0/0.0158069/0/0/0,-0/0.00790347/-0/0.121958/-0.137639,R_1EuK2V9UeTSvnUv,attribution,additive_exemplar
0,6,130205,-1,bmi,blood_pressure,0/0/0/-0.561956/0,0/-0.407934/0/0/0,0/0/0/-0.481097/0,0.09814066441933503,0.5,24.0,0.025,0.0,0,0.4,0/0.0158678/0/0/0,-0/-0.00793391/-0/-0.0810967/0.262759,R_1EuK2V9UeTSvnUv,attribution,additive_exemplar
1,7,130206,-1,bmi,blood_pressure,0/0/0/-0.711079/0,0/-0.448466/0/0/0,0/0/0/-0.452944/0,0.09814066441933503,0.25,24.0,0.025,0.0,0,0.4,0/0.0969325/0/0/0,-0/-0.0484662/-0/-0.0529442/0.121125,R_1EuK2V9UeTSvnUv,attribution,additive_exemplar
2,8,130207,-1,bmi,blood_pressure,0/0/0/-0.457322/0,0/0.42763/0/0/0,0/0/0/-0.519084/0,0.09814066441933503,0.25,24.0,0.025,0.0,0,0.4,0/0.0552595/0/0/0,-0.12026/0.0276297/-0/-0.119084/0,R_1EuK2V9UeTSvnUv,attribution,additive_exemplar
3,9,130208,-1,bmi,blood_pressure,0/0/0/-0.556541/0,0/0.335172/0/0/0,0/0/0/-0.380523/0,0.09814066441933503,0.25,24.0,0.025,0.0,0,0.3,0/0.0703438/0/0/0,0/0.0351719/-0/-0.0805229/-0.549932,R_1EuK2V9UeTSvnUv,attribution,additive_exemplar
4,10,130209,-1,bmi,blood_pressure,0/0/0/-0.88/0,0/-0.531988/0/0/0,0/0/0/-0.631499/0,0.09814066441933503,0.25,24.0,0.025,0.0,0,0.4,0/0.263976/0/0/0,0/-0.131988/-0/-0.231499/0.00859022,R_1EuK2V9UeTSvnUv,attribution,additive_exemplar
0,11,130300,1,age,blood_pressure,0/0/0/0/0.405405,0/-0.424659/0/0/0,0/0/0/0/0.4,0.09814066441933503,0.5,24.0,0.025,0.0,0,0.4,0/0.0493173/0/0/0,-0.472802/-0.0246587/-0.0012663/0/0,R_1EuK2V9UeTSvnUv,attribution,additive_exemplar
1,12,130301,1,bmi,bmi,0/0/0/0.296339/0,0/0/0/0.401083/0,0/0/0/0.401083/0,0.5673272050169743,0.25,24.0,0.025,0.0,0,0.4,0/0.0242087/0/0.27926/0,-0.273669/0.0121043/0.0105482/0.0010828/0.295418,R_1EuK2V9UeTSvnUv,attribution,additive_exemplar
2,13,130302,1,bmi,blood_pressure,0/0/0/0.370388/0,0/0.556428/0/0/0,0/0/0/0.400533/0,0.3529131915680668,0.25,24.0,0.025,0.0,0,0.4,0/0.312856/0.0413885/0.280446/0,-0.0680252/0.156428/-0.011116/0.000533488/0.15035,R_1EuK2V9UeTSvnUv,attribution,additive_exemplar
3,14,130303,1,bmi,bmi,0/0/0/0.386344/0,0/0/0/0.302621/0,0/0/0/0.302621/0,0.5745913325830719,0.25,24.0,0.025,0.0,0,0.3,0/0.0257738/0/0.423335/0,-0.00453744/0.0128869/-0.0079906/0.00262076/-0.235354,R_1EuK2V9UeTSvnUv,attribution,additive_exemplar
4,15,130304,1,age,blood_pressure,0/0/0/0/0.27027,0/0.434783/0/0/0,0/0/0/0/0.4,0.09814066441933503,0.25,24.0,0.025,0.0,0,0.4,0/0.0947506/0/0/0,-0.0790113/0.0473753/-0.156408/0/0,R_1EuK2V9UeTSvnUv,attribution,additive_exemplar
0,16,130305,1,age,blood_pressure,0/0/0/0/0.27027,0/-0.550267/0/0/0,0/0/0/0/0.4,0.09814066441933503,0.5,24.0,0.025,0.0,0,0.4,0/0.300534/0/0/0,0.0316416/-0.150267/-0.0758362/-0/0,R_1EuK2V9UeTSvnUv,attribution,additive_exemplar
1,17,130306,1,insulin,blood_pressure,0/0/0.468118/0/0,0/-0.474236/0/0/0,0/0/0.4/0/0,0.09814066441933503,0.25,24.0,0.025,0.0,0,0.4,0/0.148472/0/0/0,0/-0.0742359/0/-0/-0.00198431,R_1EuK2V9UeTSvnUv,attribution,additive_exemplar
2,18,130307,1,bmi,blood_pressure,0/0/0/0.16102/0,0/0.347826/0/0/0,0/0/0/0.4/0,0.09814066441933503,0.25,24.0,0.025,0.0,0,0.4,0/0.0188657/0/0/0,0.251776/0.00943285/-0.0420302/0/-0,R_1EuK2V9UeTSvnUv,attribution,additive_exemplar
3,19,130308,1,bmi,blood_pressure,0/0/0/0.204484/0,0/-0.462005/0/0/0,0/0/0/0.3/0,0.09814066441933503,0.25,24.0,0.025,0.0,0,0.3,0/0.32401/0/0/0,0.0188002/-0.162005/0.026536/0/-0.0963088,R_1EuK2V9UeTSvnUv,attribution,additive_exemplar
4,20,130309,1,age,blood_pressure,0/0/0/0/0.540541,0/-0.429657/0/0/0,0/0/0/0/0.4,0.09814066441933503,0.25,24.0,0.025,0.0,0,0.4,0/0.0593137/0/0/0,-0/-0.0296569/0/-0/0,R_1EuK2V9UeTSvnUv,attribution,additive_exemplar
0,1,130200,-1,bmi,blood_pressure,0/0/0/-0.298783/0,0/-0.332609/0/0/0,0/0/0/0.440489/0,0.09814066441933503,0.0,0.0,0.025,0.0,0,0.3,0/0.0652174/0/0/0,-0/-0.0326087/0.116858/0.140489/-0.279279,R_1EuK2V9UeTSvnUv,attribution,additive_prototype
1,2,130201,-1,bmi,blood_pressure,0/0/0/-0.272588/0,0/0.376087/0/0/0,0/0/0/0.496684/0,0.09814066441933503,0.0,0.0,0.025,0.0,0,0.3,0/0.152174/0/0/0,-0/0.076087/0.0611785/0.196684/-0.198198,R_1EuK2V9UeTSvnUv,attribution,additive_prototype
2,3,130202,-1,bmi,blood_pressure,0/0/0/-0.38415/0,0/0.432609/0/0/0,0/0/0/0.435122/0,0.09814066441933503,0.0,0.0,0.025,0.0,0,0.4,0/0.0652174/0/0/0,-0/0.0326087/-0.147103/0.0351222/-0.144144,R_1EuK2V9UeTSvnUv,attribution,additive_prototype
3,4,130203,-1,bmi,blood_pressure,0/0/0/-0.557322/0,0/-0.397826/0/0/0,0/0/0/-0.45805/0,0.09814066441933503,0.0,0.0,0.025,0.0,0,0.3,0/0.195652/0/0/0,-0/-0.0978261/-0.109984/-0.15805/0.153153,R_1EuK2V9UeTSvnUv,attribution,additive_prototype
4,5,130204,-1,bmi,blood_pressure,0/0/0/-0.202588/0,0/0.31087/0/0/0,0/0/0/0.496684/0,0.09814066441933503,0.0,0.0,0.025,0.0,0,0.3,0/0.0217391/0/0/0,-0/0.0108696/-0.0749264/0.196684/-0.117117,R_1EuK2V9UeTSvnUv,attribution,additive_prototype
0,6,130205,-1,bmi,blood_pressure,0/0/0/-0.561956/0,0/-0.332609/0/0/0,0/0/0/-0.479123/0,0.09814066441933503,0.0,0.0,0.025,0.0,0,0.3,0/0.0652174/0/0/0,-0/-0.0326087/-0.281146/-0.179123/0.342342,R_1EuK2V9UeTSvnUv,attribution,additive_prototype
1,7,130206,-1,bmi,blood_pressure,0/0/0/-0.711079/0,0/-0.376087/0/0/0,0/0/0/-0.531807/0,0.09814066441933503,0.0,0.0,0.025,0.0,0,0.3,0/0.152174/0/0/0,-0/-0.076087/-0.23784/-0.231807/0.207207,R_1EuK2V9UeTSvnUv,attribution,additive_prototype
2,8,130207,-1,bmi,blood_pressure,0/0/0/-0.457322/0,0/0.41087/0/0/0,0/0/0/-0.55805/0,0.09814066441933503,0.0,0.0,0.025,0.0,0,0.4,0/0.0217391/0/0/0,-0/0.0108696/-0.584289/-0.15805/0.126126,R_1EuK2V9UeTSvnUv,attribution,additive_prototype
3,9,130208,-1,bmi,blood_pressure,0/0/0/-0.556541/0,0/0.332609/0/0/0,0/0/0/-0.377269/0,0.09814066441933503,0.0,0.0,0.025,0.0,0,0.3,0/0.0652174/0/0/0,0/0.0326087/-0.103797/-0.0772689/-0.576577,R_1EuK2V9UeTSvnUv,attribution,additive_prototype
4,10,130209,-1,bmi,blood_pressure,0/0/0/-0.88/0,0/-0.463043/0/0/0,0/0/0/-0.790728/0,0.09814066441933503,0.0,0.0,0.025,0.0,0,0.3,0/0.326087/0/0/0,0/-0.163043/-0.130606/-0.490728/0.0990991,R_1EuK2V9UeTSvnUv,attribution,additive_prototype
0,11,130300,1,age,blood_pressure,0/0/0/0/0.405405,0/-0.328986/0/0/0,0/0/0/0/0.3,0.09814066441933503,0.0,0.0,0.025,0.0,0,0.3,0/0.057971/0/0/0,-0.398175/-0.0289855/0/0/0,R_1EuK2V9UeTSvnUv,attribution,additive_prototype
1,12,130301,1,bmi,blood_pressure,0/0/0/0.296339/0,0/0.357971/0/0/0,0/0/0/0.3/0,0.09814066441933503,0.0,0.0,0.025,0.0,0,0.3,0/0.115942/0/0/0,-0.236638/0.057971/0/0/0,R_1EuK2V9UeTSvnUv,attribution,additive_prototype
2,13,130302,1,bmi,blood_pressure,0/0/0/0.370388/0,0/0.631884/0/0/0,0/0/0/0.4/0,0.09814066441933503,0.0,0.0,0.025,0.0,0,0.4,0/0.463768/0/0/0,-0.0240889/0.231884/0/0/-0,R_1EuK2V9UeTSvnUv,attribution,additive_prototype
3,14,130303,1,bmi,blood_pressure,0/0/0/0.386344/0,0/0.357971/0/0/0,0/0/0/0.3/0,0.09814066441933503,0.0,0.0,0.025,0.0,0,0.3,0/0.115942/0/0/0,0.0439268/0.057971/0/0/-0,R_1EuK2V9UeTSvnUv,attribution,additive_prototype
4,15,130304,1,age,blood_pressure,0/0/0/0/0.27027,0/0.357971/0/0/0,0/0/0/0/0.3,0.09814066441933503,0.0,0.0,0.025,0.0,0,0.3,0/0.115942/0/0/0,-0.0495947/0.057971/-0/0/0,R_1EuK2V9UeTSvnUv,attribution,additive_prototype
0,16,130305,1,age,blood_pressure,0/0/0/0/0.27027,0/-0.45942/0/0/0,0/0/0/0/0.3,0.09814066441933503,0.0,0.0,0.025,0.0,0,0.3,0/0.318841/0/0/0,0.154452/-0.15942/0/-0/0,R_1EuK2V9UeTSvnUv,attribution,additive_prototype
1,17,130306,1,insulin,blood_pressure,0/0/0.468118/0/0,0/-0.372464/0/0/0,0/0/0.3/0/0,0.09814066441933503,0.0,0.0,0.025,0.0,0,0.3,0/0.144928/0/0/0,0.205464/-0.0724638/0/-0/-0,R_1EuK2V9UeTSvnUv,attribution,additive_prototype
2,18,130307,1,bmi,blood_pressure,0/0/0/0.16102/0,0/0.347826/0/0/0,0/0/0/0.4/0,0.09814066441933503,0.0,0.0,0.025,0.0,0,0.4,0/0.0289855/0/0/0,0.349997/0.0144928/0/0/-0,R_1EuK2V9UeTSvnUv,attribution,additive_prototype
3,19,130308,1,bmi,blood_pressure,0/0/0/0.204484/0,0/-0.45942/0/0/0,0/0/0/0.3/0,0.09814066441933503,0.0,0.0,0.025,0.0,0,0.3,0/0.318841/0/0/0,0.0694326/-0.15942/0/0/-0,R_1EuK2V9UeTSvnUv,attribution,additive_prototype
4,20,130309,1,age,blood_pressure,0/0/0/0/0.540541,0/-0.350725/0/0/0,0/0/0/0/0.3,0.09814066441933503,0.0,0.0,0.025,0.0,0,0.3,0/0.101449/0/0/0,-0.0155869/-0.0507246/-0/-0/0,R_1EuK2V9UeTSvnUv,attribution,additive_prototype
0,1,130200,-1,bmi,bmi,0/0/0/-0.298783/0,0/0/0/0.396585/0,0/0/0/0.396585/0,0.29711154496103226,0.0,12.0,0.05,0.0,1,0.3,0.00250812/0.077069/0.0703667/0.0965851/0.0416342,-0.00250812/-0.077069/0.0703667/0.0965851/-0.0416342,R_1EuK2V9UeTSvnUv,attribution,base_exemplar
1,2,130201,-1,bmi,bmi,0/0/0/-0.272588/0,0/0/0/0.430421/0,0/0/0/0.430421/0,0.40652530869784265,0.0,12.0,0.05,0.0,1,0.3,0.00161878/0.107764/0.0106758/0.130421/0.0237713,-0.00161878/0.107764/0.0106758/0.130421/-0.0237713,R_1EuK2V9UeTSvnUv,attribution,base_exemplar
2,3,130202,-1,bmi,insulin,0/0/0/-0.38415/0,0/0/-0.395942/0/0,0/0/0/0.308289/0,0.07190859868127125,0.0,6.0,0.05,0.0,1,0.3,0.000380131/0.0582773/0.108477/0.00828901/0.0231112,-0.000380131/0.0582773/-0.108477/0.00828901/-0.0231112,R_1EuK2V9UeTSvnUv,attribution,base_exemplar
3,4,130203,-1,bmi,blood_pressure,0/0/0/-0.557322/0,0/-0.457886/0/0/0,0/0/0/-0.393528/0,0.25202161228134373,0.0,12.0,0.05,0.0,1,0.3,0.00391594/0.157886/0.0597847/0.0935281/0.0189909,-0.00391594/-0.157886/-0.0597847/-0.0935281/0.0189909,R_1EuK2V9UeTSvnUv,attribution,base_exemplar
4,5,130204,-1,bmi,bmi,0/0/0/-0.202588/0,0/0/0/0.441671/0,0/0/0/0.441671/0,0.5125840648533168,0.0,12.0,0.05,0.0,1,0.3,0.00180801/0.0118806/0.0501721/0.141671/0.0197931,-0.00180801/0.0118806/-0.0501721/0.141671/-0.0197931,R_1EuK2V9UeTSvnUv,attribution,base_exemplar
0,6,130205,-1,bmi,insulin,0/0/0/-0.561956/0,0/0/-0.475053/0/0,0/0/0/-0.41687/0,0.2745728989431519,0.0,12.0,0.05,0.0,1,0.3,0.00873566/0.0302893/0.175053/0.11687/0.0478276,-0.00873566/-0.0302893/-0.175053/-0.11687/0.0478276,R_1EuK2V9UeTSvnUv,attribution,base_exemplar
1,7,130206,-1,bmi,insulin,0/0/0/-0.711079/0,0/0/-0.442396/0/0,0/0/0/-0.433579/0,0.2871515887478278,0.0,12.0,0.05,0.0,1,0.3,0.00286909/0.110191/0.142396/0.133579/0.0243781,-0.00286909/-0.110191/-0.142396/-0.133579/0.0243781,R_1EuK2V9UeTSvnUv,attribution,base_exemplar
2,8,130207,-1,bmi,insulin,0/0/0/-0.457322/0,0/0/-0.715214/0/0,0/0/0/-0.444192/0,0.21776454033137801,0.0,6.0,0.05,0.0,1,0.3,0.0034256/0.0322864/0.415214/0.144192/0.0177464,-0.0034256/0.0322864/-0.415214/-0.144192/0.0177464,R_1EuK2V9UeTSvnUv,attribution,base_exemplar
3,9,130208,-1,bmi,age,0/0/0/-0.556541/0,0/0/0/0/-0.392437,0/0/0/-0.384769/0,0.23036522615341384,0.0,12.0,0.05,0.0,1,0.3,0.00633784/0.0630539/0.0846124/0.0847691/0.0924371,0.00633784/0.0630539/-0.0846124/-0.0847691/-0.0924371,R_1EuK2V9UeTSvnUv,attribution,base_exemplar
4,10,130209,-1,bmi,bmi,0/0/0/-0.88/0,0/0/0/-0.631842/0,0/0/0/-0.631842/0,0.415347242006318,0.0,12.0,0.05,0.0,1,0.3,0.00282578/0.272222/0.0676874/0.331842/0.00597159,0.00282578/-0.272222/-0.0676874/-0.331842/0.00597159,R_1EuK2V9UeTSvnUv,attribution,base_exemplar
0,11,130300,1,age,bmi,0/0/0/0/0.405405,0/0/0/0.532366/0,0/0/0/0/0.372961,0.17228894983856813,0.0,12.0,0.05,0.0,1,0.3,0.0110057/0.0513618/0.0487819/0.232366/0.0729612,-0.0110057/-0.0513618/0.0487819/0.232366/0.0729612,R_1EuK2V9UeTSvnUv,attribution,base_exemplar
1,12,130301,1,bmi,bmi,0/0/0/0.296339/0,0/0/0/0.594171/0,0/0/0/0.594171/0,0.5308353956520738,0.0,12.0,0.05,0.0,1,0.3,0.00720179/0.054696/0.0459572/0.294171/0.045696,-0.00720179/0.054696/0.0459572/0.294171/0.045696,R_1EuK2V9UeTSvnUv,attribution,base_exemplar
2,13,130302,1,bmi,blood_pressure,0/0/0/0.370388/0,0/0.702983/0/0/0,0/0/0/0.614275/0,0.34133423146708475,0.0,6.0,0.05,0.0,1,0.3,0.00166109/0.402983/0.0624292/0.314275/0.014259,-0.00166109/0.402983/0.0624292/0.314275/0.014259,R_1EuK2V9UeTSvnUv,attribution,base_exemplar
3,14,130303,1,bmi,bmi,0/0/0/0.386344/0,0/0/0/0.738139/0,0/0/0/0.738139/0,0.6089988941644184,0.0,12.0,0.05,0.0,1,0.3,0.000355624/0.0546905/0.0238231/0.438139/0.0407969,-0.000355624/0.0546905/0.0238231/0.438139/-0.0407969,R_1EuK2V9UeTSvnUv,attribution,base_exemplar
4,15,130304,1,age,bmi,0/0/0/0/0.27027,0/0/0/0.418821/0,0/0/0/0/0.331377,0.10085146650599874,0.0,12.0,0.05,0.0,1,0.3,0.00150773/0.100532/0.0864952/0.118821/0.0313766,-0.00150773/0.100532/-0.0864952/0.118821/0.0313766,R_1EuK2V9UeTSvnUv,attribution,base_exemplar
0,16,130305,1,age,bmi,0/0/0/0/0.27027,0/0/0/-0.626311/0,0/0/0/0/0.372733,0.11588585707966619,0.0,12.0,0.05,0.0,1,0.3,0.00255071/0.291157/0.002736/0.326311/0.0727334,0.00255071/-0.291157/0.002736/-0.326311/0.0727334,R_1EuK2V9UeTSvnUv,attribution,base_exemplar
1,17,130306,1,insulin,blood_pressure,0/0/0.468118/0/0,0/-0.453536/0/0/0,0/0/0.397401/0/0,0.3208927845128567,0.0,12.0,0.05,0.0,1,0.3,0.00348868/0.153536/0.0974009/0.00424443/0.00292462,0.00348868/-0.153536/0.0974009/-0.00424443/-0.00292462,R_1EuK2V9UeTSvnUv,attribution,base_exemplar
2,18,130307,1,bmi,bmi,0/0/0/0.16102/0,0/0/0/0.378605/0,0/0/0/0.378605/0,0.43946490532454785,0.0,6.0,0.05,0.0,1,0.3,0.00765476/0.0132119/0.0232001/0.0786053/0.0281471,0.00765476/0.0132119/0.0232001/0.0786053/-0.0281471,R_1EuK2V9UeTSvnUv,attribution,base_exemplar
3,19,130308,1,bmi,blood_pressure,0/0/0/0.204484/0,0/-0.621931/0/0/0,0/0/0/0.509505/0,0.3019303806715471,0.0,12.0,0.05,0.0,1,0.3,0.000489677/0.321931/0.0554094/0.209505/0.019422,0.000489677/-0.321931/0.0554094/0.209505/-0.019422,R_1EuK2V9UeTSvnUv,attribution,base_exemplar
4,20,130309,1,age,bmi,0/0/0/0/0.540541,0/0/0/-0.407564/0,0/0/0/0/0.353802,0.21371086338981066,0.0,12.0,0.05,0.0,1,0.3,0.000255565/0.0653502/0.00594426/0.107564/0.053802,-0.000255565/-0.0653502/-0.00594426/-0.107564/0.053802,R_1EuK2V9UeTSvnUv,attribution,base_exemplar
0,1,130200,-1,bmi,bmi,0/0/0/-0.298783/0,0/0/0/0.240489/0,0/0/0/0.240489/0,0.360996663463311,0.0,0.0,0.05,0.0,1,0.1,0.002896/0.0634306/0.0854704/0.140489/0.0461183,-0.002896/-0.0634306/0.0854704/0.140489/-0.0461183,R_1EuK2V9UeTSvnUv,attribution,base_prototype
1,2,130201,-1,bmi,bmi,0/0/0/-0.272588/0,0/0/0/0.396684/0,0/0/0/0.396684/0,0.39791810241312914,0.0,0.0,0.05,0.0,1,0.2,0.00181/0.148005/0.0447463/0.196684/0.0327291,-0.00181/0.148005/0.0447463/0.196684/-0.0327291,R_1EuK2V9UeTSvnUv,attribution,base_prototype
2,3,130202,-1,bmi,insulin,0/0/0/-0.38415/0,0/0/-0.307592/0/0,0/0/0/0.235122/0,0.15257330761072016,0.0,0.0,0.05,0.0,1,0.2,0.000724001/0.0634306/0.107592/0.0351222/0.023803,-0.000724001/0.0634306/-0.107592/0.0351222/-0.023803,R_1EuK2V9UeTSvnUv,attribution,base_prototype
3,4,130203,-1,bmi,blood_pressure,0/0/0/-0.557322/0,0/-0.390292/0/0/0,0/0/0/-0.35805/0,0.30445626417867194,0.0,0.0,0.05,0.0,1,0.2,0.00376481/0.190292/0.0804427/0.15805/0.0252907,-0.00376481/-0.190292/-0.0804427/-0.15805/0.0252907,R_1EuK2V9UeTSvnUv,attribution,base_prototype
4,5,130204,-1,bmi,bmi,0/0/0/-0.202588/0,0/0/0/0.296684/0,0/0/0/0.296684/0,0.5371879312234966,0.0,0.0,0.05,0.0,1,0.1,0.002896/0.0211435/0.0548016/0.196684/0.0193399,-0.002896/0.0211435/-0.0548016/0.196684/-0.0193399,R_1EuK2V9UeTSvnUv,attribution,base_prototype
0,6,130205,-1,bmi,insulin,0/0/0/-0.561956/0,0/0/-0.305632/0/0,0/0/0/-0.279123/0,0.307655840679247,0.0,0.0,0.05,0.0,1,0.1,0.00876041/0.0634306/0.205632/0.179123/0.0565321,-0.00876041/-0.0634306/-0.205632/-0.179123/0.0565321,R_1EuK2V9UeTSvnUv,attribution,base_prototype
1,7,130206,-1,bmi,bmi,0/0/0/-0.711079/0,0/0/0/-0.431807/0,0/0/0/-0.431807/0,0.34341180677441674,0.0,0.0,0.05,0.0,1,0.2,0.0024616/0.148005/0.173957/0.231807/0.0342168,-0.0024616/-0.148005/-0.173957/-0.231807/0.0342168,R_1EuK2V9UeTSvnUv,attribution,base_prototype
2,8,130207,-1,bmi,insulin,0/0/0/-0.457322/0,0/0/-0.627352/0/0,0/0/0/-0.35805/0,0.2288205266976077,0.0,0.0,0.05,0.0,1,0.2,0.0035476/0.0211435/0.427352/0.15805/0.0208276,-0.0035476/0.0211435/-0.427352/-0.15805/0.0208276,R_1EuK2V9UeTSvnUv,attribution,base_prototype
3,9,130208,-1,bmi,age,0/0/0/-0.556541/0,0/0/0/0/-0.295212,0/0/0/-0.277269/0,0.22016329007606397,0.0,0.0,0.05,0.0,1,0.2,0.00644361/0.0634306/0.0759178/0.0772689/0.0952119,0.00644361/0.0634306/-0.0759178/-0.0772689/-0.0952119,R_1EuK2V9UeTSvnUv,attribution,base_prototype
4,10,130209,-1,bmi,bmi,0/0/0/-0.88/0,0/0/0/-0.590728/0,0/0/0/-0.590728/0,0.44653259935338824,0.0,0.0,0.05,0.0,1,0.1,0.00405441/0.317153/0.0955257/0.490728/0.0163646,0.00405441/-0.317153/-0.0955257/-0.490728/0.0163646,R_1EuK2V9UeTSvnUv,attribution,base_prototype
0,11,130300,1,age,bmi,0/0/0/0/0.405405,0/0/0/0.337075/0,0/0/0/0/0.163227,0.1383224356812275,0.0,0.0,0.05,0.0,1,0.1,0.0101722/0.0563827/0.110357/0.237075/0.0632267,-0.0101722/-0.0563827/0.110357/0.237075/0.0632267,R_1EuK2V9UeTSvnUv,attribution,base_prototype
1,12,130301,1,bmi,bmi,0/0/0/0.296339/0,0/0/0/0.510832/0,0/0/0/0.510832/0,0.4065555776028721,0.0,0.0,0.05,0.0,1,0.2,0.00604541/0.112765/0.200855/0.310832/0.0230591,-0.00604541/0.112765/0.200855/0.310832/0.0230591,R_1EuK2V9UeTSvnUv,attribution,base_prototype
2,13,130302,1,bmi,blood_pressure,0/0/0/0.370388/0,0/0.651062/0/0/0,0/0/0/0.524881/0,0.29839311461043355,0.0,0.0,0.05,0.0,1,0.2,0.000615401/0.451062/0.178231/0.324881/0.00371922,-0.000615401/0.451062/0.178231/0.324881/-0.00371922,R_1EuK2V9UeTSvnUv,attribution,base_prototype
3,14,130303,1,bmi,bmi,0/0/0/0.386344/0,0/0/0/0.647808/0,0/0/0/0.647808/0,0.4599054893483172,0.0,0.0,0.05,0.0,1,0.2,0.0011222/0.112765/0.185772/0.447808/0.066202,0.0011222/0.112765/0.185772/0.447808/-0.066202,R_1EuK2V9UeTSvnUv,attribution,base_prototype
4,15,130304,1,age,bmi,0/0/0/0/0.27027,0/0/0/0.235221/0,0/0/0/0/0.127522,0.09688365369941443,0.0,0.0,0.05,0.0,1,0.1,0.001267/0.112765/0.0525392/0.135221/0.0275222,-0.001267/0.112765/-0.0525392/0.135221/0.0275222,R_1EuK2V9UeTSvnUv,attribution,base_prototype
0,16,130305,1,age,bmi,0/0/0/0/0.27027,0/0/0/-0.455507/0,0/0/0/0/0.163227,0.09936527759431421,0.0,0.0,0.05,0.0,1,0.1,0.00394581/0.310105/0.0274008/0.355507/0.0632267,0.00394581/-0.310105/0.0274008/-0.355507/0.0632267,R_1EuK2V9UeTSvnUv,attribution,base_prototype
1,17,130306,1,insulin,insulin,0/0/0.468118/0/0,0/0/0.431021/0/0,0/0/0.431021/0/0,0.4637659692987774,0.0,0.0,0.05,0.0,1,0.2,0.00524901/0.140957/0.231021/0.0122928/0.0260345,0.00524901/-0.140957/0.231021/-0.0122928/-0.0260345,R_1EuK2V9UeTSvnUv,attribution,base_prototype
2,18,130307,1,bmi,insulin,0/0/0/0.16102/0,0/0/0.311866/0/0,0/0/0/0.275513/0,0.2532533826162096,0.0,0.0,0.05,0.0,1,0.2,0.00894141/0.0281914/0.111866/0.0755128/0.0438868,0.00894141/0.0281914/0.111866/0.0755128/-0.0438868,R_1EuK2V9UeTSvnUv,attribution,base_prototype
3,19,130308,1,bmi,blood_pressure,0/0/0/0.204484/0,0/-0.510105/0/0/0,0/0/0/0.408977/0,0.25455162268731657,0.0,0.0,0.05,0.0,1,0.2,0.0017738/0.310105/0.178231/0.208977/0.0394237,0.0017738/-0.310105/0.178231/0.208977/-0.0394237,R_1EuK2V9UeTSvnUv,attribution,base_prototype
4,20,130309,1,age,bmi,0/0/0/0/0.540541,0/0/0/-0.228196/0,0/0/0/0/0.163227,0.16380109991178385,0.0,0.0,0.05,0.0,1,0.1,0.000398201/0.0986698/0.0781803/0.128196/0.0632267,-0.000398201/-0.0986698/-0.0781803/-0.128196/0.0632267,R_1EuK2V9UeTSvnUv,attribution,base_prototype
0,1,130200,-1,bmi,glucose,0/0/0/-0.198783/0,-0.23096/0/0/0/0,0/0/0/0.282838/0,0.06929290990308919,0.0,12.0,0.025,0.0,0,0.1,0.0981764/0.0792401/0/0/0,-0.13096/-0.0455115/0.105748/0.182838/-0.173033,R_1PS5HhdXTd7lZpJ,counterfactual,additive_exemplar
1,2,130201,-1,bmi,glucose,0/0/0/-0.182588/0,-0.189665/0/0/0/0,0/0/0/0.317614/0,0.09814066441933503,0.0,12.0,0.025,0.0,0,0.1,0.0633644/0/0/0/0,-0.089665/0.127768/0.019504/0.217614/-0.0718787,R_1PS5HhdXTd7lZpJ,counterfactual,additive_exemplar
2,3,130202,-1,bmi,insulin,0/0/0/-0.16415/0,0/0/-0.16995/0/0,0/0/0/0.128983/0,0.09790301131127115,0.25,12.0,0.025,0.0,0,0.05,0.000665219/0/0.139953/0/0,-0.0421922/0.0895264/-0.11995/0.0789835/-0.0688593,R_1PS5HhdXTd7lZpJ,counterfactual,additive_exemplar
3,4,130203,-1,bmi,blood_pressure,0/0/0/-0.227322/0,0/-0.169261/0/0/0,0/0/0/-0.10133/0,0.18526983772353833,1.0,12.0,0.025,0.0,0,0.05,0.142298/0.150337/0.0787679/0.0875492/0,-0.178703/-0.119261/-0.0248509/-0.05133/0.185558,R_1PS5HhdXTd7lZpJ,counterfactual,additive_exemplar
4,5,130204,-1,insulin,glucose,0/0/-0.113421/0/0,-0.193237/0/0/0/0,0/0/-0.09971/0/0,0.37790567242373696,2.0,24.0,0.025,0.0,0,0.05,0.0585393/0/0.0548284/0/0,-0.143237/0.0782554/-0.04971/0.259483/-0.0385571,R_1PS5HhdXTd7lZpJ,counterfactual,additive_exemplar
0,6,130205,-1,bmi,glucose,0/0/0/-0.351222/0,-0.45422/0/0/0/0,0/0/0/-0.173842/0,0.16746782709128646,0.0,12.0,0.025,0.0,0,0.1,0.341943/0.0311425/0.239337/0.11687/0,-0.35422/0.00737841/-0.152034/-0.073842/0.338594,R_1PS5HhdXTd7lZpJ,counterfactual,additive_exemplar
1,7,130206,-1,bmi,insulin,0/0/0/-0.351079/0,0/0/-0.211717/0/0,0/0/0/-0.202014/0,0.22198505662043305,0.0,12.0,0.025,0.0,0,0.1,0.112306/0.113295/0.194688/0.133579/0,-0.122506/-0.0751376/-0.111717/-0.102014/0.209212,R_1PS5HhdXTd7lZpJ,counterfactual,additive_exemplar
2,8,130207,-1,bmi,insulin,0/0/0/-0.287322/0,0/0/-0.388555/0/0,0/0/0/-0.126172/0,0.17233206484644462,0.25,12.0,0.025,0.0,0,0.05,0.129142/0/0.551705/0.130534/0,-0.0917814/0.101385/-0.338555/-0.076172/0.0289282,R_1PS5HhdXTd7lZpJ,counterfactual,additive_exemplar
3,9,130208,-1,bmi,insulin,0/0/0/-0.266541/0,0/0/-0.136437/0/0,0/0/0/-0.0502463/0,0.2793187035090655,1.0,12.0,0.025,0.0,0,0.05,0/0/0.104383/0.0543702/0,0.205851/0.0985826/-0.0864366/-0.000246308/-0.487345,R_1PS5HhdXTd7lZpJ,counterfactual,additive_exemplar
4,10,130209,-1,bmi,blood_pressure,0/0/0/-0.69/0,0/-0.291378/0/0/0,0/0/0/-0.339696/0,0.3442427664763852,2.0,24.0,0.025,0.0,0,0.05,0/0.264659/0.0838757/0.253947/0,0.0428349/-0.241378/-0.0734129/-0.289696/0.158063,R_1PS5HhdXTd7lZpJ,counterfactual,additive_exemplar
0,11,130300,1,bmi,bmi,0/0/0/0.210733/0,0/0/0/0.25057/0,0/0/0/0.25057/0,0.5164931473840789,0.0,12.0,0.025,0.0,0,0.1,0/0/0.0666962/0.232366/0,-0.392107/-0.0958389/0.0195991/0.15057/0.376119,R_1PS5HhdXTd7lZpJ,counterfactual,additive_exemplar
1,12,130301,1,bmi,bmi,0/0/0/0.256339/0,0/0/0/0.305894/0,0/0/0/0.305894/0,0.4905587064261464,0.0,12.0,0.025,0.0,0,0.1,0/0.0562368/0.0628341/0.294171/0,-0.245755/0.0287795/0.055106/0.205894/0.199808,R_1PS5HhdXTd7lZpJ,counterfactual,additive_exemplar
2,13,130302,1,bmi,blood_pressure,0/0/0/0.300388/0,0/0.403506/0/0/0,0/0/0/0.264473/0,0.34844263665523617,0.25,12.0,0.025,0.0,0,0.05,0/0.371339/0.00788663/0.301115/0,-0.0445929/0.353506/0.0024069/0.214473/0.0559757,R_1PS5HhdXTd7lZpJ,counterfactual,additive_exemplar
3,14,130303,1,bmi,bmi,0/0/0/0.386344/0,0/0/0/0.406464/0,0/0/0/0.406464/0,0.5336075134556423,1.0,12.0,0.025,0.0,0,0.05,0/0.0570676/0.0372383/0.437752/0,0.0190875/0.0340663/0.0299644/0.356464/-0.331297,R_1PS5HhdXTd7lZpJ,counterfactual,additive_exemplar
4,15,130304,1,bmi,bmi,0/0/0/0.180728/0,0/0/0/0.0902871/0,0/0/0/0.0902871/0,0.40713354934762197,2.0,24.0,0.025,0.0,0,0.05,0/0.106865/0/0.121199/0,-0.0383362/0.0799683/-0.173556/0.0402871/0.133127,R_1PS5HhdXTd7lZpJ,counterfactual,additive_exemplar
0,16,130305,1,age,glucose,0/0/0/0/0.216216,0.204702/0/0/0/0,0/0/0/0/0.457694,0.09629736651784877,0.0,12.0,0.025,0.0,0,0.1,0.0998434/0/0.00374075/0/0,0.104702/-0.333569/-0.0622769/-0.334314/0.357694,R_1PS5HhdXTd7lZpJ,counterfactual,additive_exemplar
1,17,130306,1,insulin,glucose,0/0/0.0474305/0/0,0.252518/0/0/0/0,0/0/0.210212/0/0,0.3856591326787322,0.0,12.0,0.025,0.0,0,0.1,0.136559/0/0.133169/0/0,0.152518/-0.192482/0.110212/-0.0585396/-0.0960493,R_1PS5HhdXTd7lZpJ,counterfactual,additive_exemplar
2,18,130307,1,blood_pressure,glucose,0/0.108696/0/0/0,0.356815/0/0/0/0,0/0.0350989/0/0/0,0.10106102640470228,0.25,12.0,0.025,0.0,0,0.05,0.270605/0.0113577/0/0.080446/0,0.306815/-0.0149011/-0.0374925/0.0227002/-0.218374,R_1PS5HhdXTd7lZpJ,counterfactual,additive_exemplar
3,19,130308,1,bmi,bmi,0/0/0/0.204484/0,0/0/0/0.186439/0,0/0/0/0.186439/0,0.48039665318259944,1.0,12.0,0.025,0.0,0,0.05,0.0139748/0/0.0820274/0.211334/0,0.0446704/-0.366183/0.0537196/0.136439/-0.192472,R_1PS5HhdXTd7lZpJ,counterfactual,additive_exemplar
4,20,130309,1,blood_pressure,insulin,0/0.130435/0/0/0,0/0/-0.0760334/0/0,0/-0.150054/0/0/0,0.09814066441933503,2.0,24.0,0.025,0.0,0,0.05,0/0/0.0101706/0/0,-0.0495005/-0.100054/-0.126033/-0.0859249/0.287242,R_1PS5HhdXTd7lZpJ,counterfactual,additive_exemplar
0,1,130200,-1,bmi,glucose,0/0/0/-0.198783/0,-0.211234/0/0/0/0,0/0/0/0.308099/0,0.07573177887158991,0.0,0.0,0.025,0.0,0,0.1,0.113359/0.0652174/0/0/0,-0.111234/-0.0181159/0.221514/0.208099/-0.259009,R_1PS5HhdXTd7lZpJ,counterfactual,additive_prototype
1,2,130201,-1,bmi,glucose,0/0/0/-0.182588/0,-0.168724/0/0/0/0,0/0/0/0.364295/0,0.09814066441933503,0.0,0.0,0.025,0.0,0,0.1,0.0708496/0/0/0/0,-0.0687241/0.199275/0.165835/0.264295/-0.177928,R_1PS5HhdXTd7lZpJ,counterfactual,additive_prototype
2,3,130202,-1,bmi,insulin,0/0/0/-0.16415/0,0/0/-0.0924469/0/0,0/0/0/0.152733/0,0.08933109935037223,0.0,0.0,0.025,0.0,0,0.05,0.0283399/0/0.147103/0/0,-0.0262144/0.112319/-0.0424469/0.102733/-0.123874,R_1PS5HhdXTd7lZpJ,counterfactual,additive_prototype
3,4,130203,-1,bmi,blood_pressure,0/0/0/-0.227322/0,0/-0.198551/0/0/0,0/0/0/-0.14044/0,0.23494400399790388,0.0,0.0,0.025,0.0,0,0.05,0.147367/0.195652/0.109984/0.15805/0,-0.145242/-0.148551/-0.00532734/-0.0904397/0.173423,R_1PS5HhdXTd7lZpJ,counterfactual,additive_prototype
4,5,130204,-1,insulin,glucose,0/0/-0.113421/0/0,-0.161234/0/0/0/0,0/0/-0.02027/0/0,0.31597279251747323,0.0,0.0,0.025,0.0,0,0.05,0.113359/0/0.0749264/0/0,-0.111234/0.0688406/0.02973/0.264295/-0.0968468,R_1PS5HhdXTd7lZpJ,counterfactual,additive_prototype
0,6,130205,-1,bmi,glucose,0/0/0/-0.351222/0,-0.440787/0/0/0/0,0/0/0/-0.211513/0,0.19738776378745163,0.0,0.0,0.025,0.0,0,0.1,0.342912/0.0652174/0.281146/0.179123/0,-0.340787/-0.0181159/-0.17649/-0.111513/0.362613,R_1PS5HhdXTd7lZpJ,counterfactual,additive_prototype
1,7,130206,-1,bmi,insulin,0/0/0/-0.351079/0,0/0/-0.233183/0/0,0/0/0/-0.264196/0,0.28176964392967346,0.0,0.0,0.025,0.0,0,0.1,0.0963555/0.152174/0.23784/0.231807/0,-0.09423/-0.105072/-0.133183/-0.164196/0.227477,R_1PS5HhdXTd7lZpJ,counterfactual,additive_prototype
2,8,130207,-1,bmi,insulin,0/0/0/-0.287322/0,0/0/-0.529632/0/0,0/0/0/-0.14044/0,0.1828904055363686,0.0,0.0,0.025,0.0,0,0.05,0.138865/0/0.584289/0.15805/0,-0.13674/0.0688406/-0.479632/-0.0904397/0.146396,R_1PS5HhdXTd7lZpJ,counterfactual,additive_prototype
3,9,130208,-1,bmi,insulin,0/0/0/-0.266541/0,0/0/-0.0491408/0/0,0/0/0/-0.0596586/0,0.3360347687735414,0.0,0.0,0.025,0.0,0,0.05,0/0/0.103797/0.0772689/0,0.25435/0.112319/0.000859248/-0.00965861/-0.556306,R_1PS5HhdXTd7lZpJ,counterfactual,additive_prototype
4,10,130209,-1,bmi,bmi,0/0/0/-0.69/0,0/0/0/-0.473117/0,0/0/0/-0.473117/0,0.4001065419332183,0.0,0.0,0.025,0.0,0,0.05,0/0.326087/0.130606/0.490728/0,0.160829/-0.278986/-0.0259493/-0.423117/0.119369,R_1PS5HhdXTd7lZpJ,counterfactual,additive_prototype
0,11,130300,1,bmi,bmi,0/0/0/0.210733/0,0/0/0/0.269465/0,0/0/0/0.269465/0,0.4462763419988549,0.0,0.0,0.025,0.0,0,0.1,0/0/0.150884/0.237075/0,-0.4003/-0.105072/0.0462276/0.169465/0.362613,R_1PS5HhdXTd7lZpJ,counterfactual,additive_prototype
1,12,130301,1,bmi,bmi,0/0/0/0.256339/0,0/0/0/0.343221/0,0/0/0/0.343221/0,0.35869065063901195,0.0,0.0,0.025,0.0,0,0.1,0/0.115942/0.274616/0.310832/0,-0.238763/0.0688406/0.169959/0.243221/0.119369,R_1PS5HhdXTd7lZpJ,counterfactual,additive_prototype
2,13,130302,1,bmi,blood_pressure,0/0/0/0.300388/0,0/0.466667/0/0/0,0/0/0/0.30727/0,0.2709232877626899,0.0,0.0,0.025,0.0,0,0.05,0/0.463768/0.243683/0.324881/0,-0.0262144/0.416667/0.139026/0.25727/-0.0427928,R_1PS5HhdXTd7lZpJ,counterfactual,additive_prototype
3,14,130303,1,bmi,bmi,0/0/0/0.386344/0,0/0/0/0.430198/0,0/0/0/0.430198/0,0.40101807479756885,0.0,0.0,0.025,0.0,0,0.05,0.0439268/0.115942/0.253994/0.447808/0,0.0418013/0.0688406/0.149337/0.380198/-0.421171,R_1PS5HhdXTd7lZpJ,counterfactual,additive_prototype
4,15,130304,1,bmi,bmi,0/0/0/0.180728/0,0/0/0/0.11761/0,0/0/0/0.11761/0,0.4107119786336358,0.0,0.0,0.025,0.0,0,0.05,0/0.115942/0/0.135221/0,-0.0517202/0.0688406/-0.17649/0.0676103/0.146396,R_1PS5HhdXTd7lZpJ,counterfactual,additive_prototype
0,16,130305,1,age,glucose,0/0/0/0/0.216216,0.252327/0/0/0/0,0/0/0/0/0.462613,0.08729523677914236,0.0,0.0,0.025,0.0,0,0.1,0.154452/0/0.0374632/0/0,0.152327/-0.365942/-0.0671932/-0.423117/0.362613,R_1PS5HhdXTd7lZpJ,counterfactual,additive_prototype
1,17,130306,1,insulin,insulin,0/0/0.0474305/0/0,0/0/0.311203/0/0,0/0/0.311203/0/0,0.4438388864955979,0.0,0.0,0.025,0.0,0,0.1,0.205464/0/0.31586/0/0,0.203338/-0.192029/0.211203/-0.0799031/-0.177928,R_1PS5HhdXTd7lZpJ,counterfactual,additive_prototype
2,18,130307,1,blood_pressure,glucose,0/0.108696/0/0/0,0.397872/0/0/0/0,0/0.0318841/0/0/0,0.1005135933218615,0.0,0.0,0.025,0.0,0,0.05,0.349997/0.0289855/0.152946/0.0755128/0,0.347872/-0.0181159/0.0482898/0.0079025/-0.286036,R_1PS5HhdXTd7lZpJ,counterfactual,additive_prototype
3,19,130308,1,bmi,insulin,0/0/0/0.204484/0,0/0/0.189026/0/0,0/0/0/0.191367/0,0.3275041767891711,0.0,0.0,0.025,0.0,0,0.05,0.0694326/0/0.243683/0.208977/0,0.0673071/-0.365942/0.139026/0.141367/-0.259009,R_1PS5HhdXTd7lZpJ,counterfactual,additive_prototype
4,20,130309,1,blood_pressure,bmi,0/0.130435/0/0/0,0/0/0/-0.245806/0,0/-0.198551/0/0/0,0.255446887150109,0.0,0.0,0.025,0.0,0,0.05,0.0155869/0.101449/0.10689/0.128196/0,-0.0177124/-0.148551/-0.211547/-0.195806/0.362613,R_1PS5HhdXTd7lZpJ,counterfactual,additive_prototype
0,1,130200,-1,bmi,bmi,0/0/0/-0.198783/0,0/0/0/0.140489/0,0/0/0/0.140489/0,0.4217379207836945,0.0,0.0,0.1,0.0,0,0.0,0.002896/0.0634306/0.0854704/0.140489/0,-0.002896/-0.0634306/0.0854704/0.140489/-0.0461183,R_1PS5HhdXTd7lZpJ,counterfactual,base_exemplar
1,2,130201,-1,bmi,bmi,0/0/0/-0.182588/0,0/0/0/0.246684/0,0/0/0/0.246684/0,0.4262785988648806,0.0,0.0,0.05,0.0,0,0.05,0.00181/0.148005/0.0447463/0.196684/0,-0.00181/0.148005/0.0447463/0.196684/-0.0327291,R_1PS5HhdXTd7lZpJ,counterfactual,base_exemplar
2,3,130202,-1,bmi,insulin,0/0/0/-0.16415/0,0/0/-0.108477/0/0,0/0/0/0.00828901/0,0.07956053869106365,0.0,6.0,0.05,0.0,0,0.0,0.000380131/0.0582773/0.108477/0.00828901/0,-0.000380131/0.0582773/-0.108477/0.00828901/-0.0231112,R_1PS5HhdXTd7lZpJ,counterfactual,base_exemplar
3,4,130203,-1,bmi,blood_pressure,0/0/0/-0.227322/0,0/-0.190292/0/0/0,0/0/0/-0.15805/0,0.3201103039596939,0.0,0.0,0.05,0.0,0,0.0,0.00376481/0.190292/0.0804427/0.15805/0,-0.00376481/-0.190292/-0.0804427/-0.15805/0.0252907,R_1PS5HhdXTd7lZpJ,counterfactual,base_exemplar
4,5,130204,-1,insulin,bmi,0/0/-0.113421/0/0,0/0/0/0.196684/0,0/0/-0.0548016/0/0,0.1917149516217591,0.0,0.0,0.05,0.0,0,0.0,0.002896/0.0211435/0.0548016/0.196684/0,-0.002896/0.0211435/-0.0548016/0.196684/-0.0193399,R_1PS5HhdXTd7lZpJ,counterfactual,base_exemplar
0,6,130205,-1,bmi,insulin,0/0/0/-0.351222/0,0/0/-0.205632/0/0,0/0/0/-0.179123/0,0.3440179777355748,0.0,0.0,0.1,0.0,0,0.0,0.00876041/0.0634306/0.205632/0.179123/0,-0.00876041/-0.0634306/-0.205632/-0.179123/0.0565321,R_1PS5HhdXTd7lZpJ,counterfactual,base_exemplar
1,7,130206,-1,bmi,bmi,0/0/0/-0.351079/0,0/0/0/-0.281807/0,0/0/0/-0.281807/0,0.3622327420339493,0.0,0.0,0.05,0.0,0,0.05,0.0024616/0.148005/0.173957/0.231807/0,-0.0024616/-0.148005/-0.173957/-0.231807/0.0342168,R_1PS5HhdXTd7lZpJ,counterfactual,base_exemplar
2,8,130207,-1,bmi,insulin,0/0/0/-0.287322/0,0/0/-0.415214/0/0,0/0/0/-0.144192/0,0.2228103209952485,0.0,6.0,0.05,0.0,0,0.0,0.0034256/0.0322864/0.415214/0.144192/0,-0.0034256/0.0322864/-0.415214/-0.144192/0.0177464,R_1PS5HhdXTd7lZpJ,counterfactual,base_exemplar
3,9,130208,-1,bmi,bmi,0/0/0/-0.266541/0,0/0/0/-0.0772689/0,0/0/0/-0.0772689/0,0.30634661847584227,0.0,0.0,0.05,0.0,0,0.0,0.00644361/0.0634306/0.0759178/0.0772689/0,0.00644361/0.0634306/-0.0759178/-0.0772689/-0.0952119,R_1PS5HhdXTd7lZpJ,counterfactual,base_exemplar
4,10,130209,-1,bmi,bmi,0/0/0/-0.69/0,0/0/0/-0.490728/0,0/0/0/-0.490728/0,0.4532446709195854,0.0,0.0,0.05,0.0,0,0.0,0.00405441/0.317153/0.0955257/0.490728/0,0.00405441/-0.317153/-0.0955257/-0.490728/0.0163646,R_1PS5HhdXTd7lZpJ,counterfactual,base_exemplar
0,11,130300,1,bmi,bmi,0/0/0/0.210733/0,0/0/0/0.237075/0,0/0/0/0.237075/0,0.5008363540125783,0.0,0.0,0.1,0.0,0,0.0,0.0101722/0.0563827/0.110357/0.237075/0,-0.0101722/-0.0563827/0.110357/0.237075/0.0632267,R_1PS5HhdXTd7lZpJ,counterfactual,base_exemplar
1,12,130301,1,bmi,bmi,0/0/0/0.256339/0,0/0/0/0.360832/0,0/0/0/0.360832/0,0.41925650764145317,0.0,0.0,0.05,0.0,0,0.05,0.00604541/0.112765/0.200855/0.310832/0,-0.00604541/0.112765/0.200855/0.310832/0.0230591,R_1PS5HhdXTd7lZpJ,counterfactual,base_exemplar
2,13,130302,1,bmi,blood_pressure,0/0/0/0.300388/0,0/0.402983/0/0/0,0/0/0/0.314275/0,0.34659013750081136,0.0,6.0,0.05,0.0,0,0.0,0.00166109/0.402983/0.0624292/0.314275/0,-0.00166109/0.402983/0.0624292/0.314275/0.014259,R_1PS5HhdXTd7lZpJ,counterfactual,base_exemplar
3,14,130303,1,bmi,bmi,0/0/0/0.386344/0,0/0/0/0.447808/0,0/0/0/0.447808/0,0.493039892392481,0.0,0.0,0.05,0.0,0,0.0,0.0011222/0.112765/0.185772/0.447808/0,0.0011222/0.112765/0.185772/0.447808/-0.066202,R_1PS5HhdXTd7lZpJ,counterfactual,base_exemplar
4,15,130304,1,bmi,bmi,0/0/0/0.180728/0,0/0/0/0.135221/0,0/0/0/0.135221/0,0.3860816287978356,0.0,0.0,0.05,0.0,0,0.0,0.001267/0.112765/0.0525392/0.135221/0,-0.001267/0.112765/-0.0525392/0.135221/0.0275222,R_1PS5HhdXTd7lZpJ,counterfactual,base_exemplar
0,16,130305,1,age,bmi,0/0/0/0/0.216216,0/0/0/-0.355507/0,0/0/0/0/0.0632267,0.02041287667508619,0.0,0.0,0.1,0.0,0,0.0,0.00394581/0.310105/0.0274008/0.355507/0,0.00394581/-0.310105/0.0274008/-0.355507/0.0632267,R_1PS5HhdXTd7lZpJ,counterfactual,base_exemplar
1,17,130306,1,insulin,insulin,0/0/0.0474305/0/0,0/0/0.281021/0/0,0/0/0.281021/0/0,0.48902785085635464,0.0,0.0,0.05,0.0,0,0.05,0.00524901/0.140957/0.231021/0.0122928/0,0.00524901/-0.140957/0.231021/-0.0122928/-0.0260345,R_1PS5HhdXTd7lZpJ,counterfactual,base_exemplar
2,18,130307,1,blood_pressure,bmi,0/0.108696/0/0/0,0/0/0/0.0786053/0,0/0.0132119/0/0/0,0.124490600866796,0.0,6.0,0.05,0.0,0,0.0,0.00765476/0.0132119/0.0232001/0.0786053/0,0.00765476/0.0132119/0.0232001/0.0786053/-0.0281471,R_1PS5HhdXTd7lZpJ,counterfactual,base_exemplar
3,19,130308,1,bmi,blood_pressure,0/0/0/0.204484/0,0/-0.310105/0/0/0,0/0/0/0.208977/0,0.2671485150954686,0.0,0.0,0.05,0.0,0,0.0,0.0017738/0.310105/0.178231/0.208977/0,0.0017738/-0.310105/0.178231/0.208977/-0.0394237,R_1PS5HhdXTd7lZpJ,counterfactual,base_exemplar
4,20,130309,1,blood_pressure,bmi,0/0.130435/0/0/0,0/0/0/-0.128196/0,0/-0.0986698/0/0/0,0.2865904527656056,0.0,0.0,0.05,0.0,0,0.0,0.000398201/0.0986698/0.0781803/0.128196/0,-0.000398201/-0.0986698/-0.0781803/-0.128196/0.0632267,R_1PS5HhdXTd7lZpJ,counterfactual,base_exemplar
0,1,130200,-1,bmi,bmi,0/0/0/-0.198783/0,0/0/0/0.140489/0,0/0/0/0.140489/0,0.4217379207836945,0.0,0.0,0.1,0.0,0,0.0,0.002896/0.0634306/0.0854704/0.140489/0,-0.002896/-0.0634306/0.0854704/0.140489/-0.0461183,R_1PS5HhdXTd7lZpJ,counterfactual,base_prototype
1,2,130201,-1,bmi,bmi,0/0/0/-0.182588/0,0/0/0/0.246684/0,0/0/0/0.246684/0,0.4262785988648806,0.0,0.0,0.05,0.0,0,0.05,0.00181/0.148005/0.0447463/0.196684/0,-0.00181/0.148005/0.0447463/0.196684/-0.0327291,R_1PS5HhdXTd7lZpJ,counterfactual,base_prototype
2,3,130202,-1,bmi,insulin,0/0/0/-0.16415/0,0/0/-0.107592/0/0,0/0/0/0.0351222/0,0.1674227320708712,0.0,0.0,0.05,0.0,0,0.0,0.000724001/0.0634306/0.107592/0.0351222/0,-0.000724001/0.0634306/-0.107592/0.0351222/-0.023803,R_1PS5HhdXTd7lZpJ,counterfactual,base_prototype
3,4,130203,-1,bmi,blood_pressure,0/0/0/-0.227322/0,0/-0.190292/0/0/0,0/0/0/-0.15805/0,0.3201103039596939,0.0,0.0,0.05,0.0,0,0.0,0.00376481/0.190292/0.0804427/0.15805/0,-0.00376481/-0.190292/-0.0804427/-0.15805/0.0252907,R_1PS5HhdXTd7lZpJ,counterfactual,base_prototype
4,5,130204,-1,insulin,bmi,0/0/-0.113421/0/0,0/0/0/0.196684/0,0/0/-0.0548016/0/0,0.1917149516217591,0.0,0.0,0.05,0.0,0,0.0,0.002896/0.0211435/0.0548016/0.196684/0,-0.002896/0.0211435/-0.0548016/0.196684/-0.0193399,R_1PS5HhdXTd7lZpJ,counterfactual,base_prototype
0,6,130205,-1,bmi,insulin,0/0/0/-0.351222/0,0/0/-0.205632/0/0,0/0/0/-0.179123/0,0.3440179777355748,0.0,0.0,0.1,0.0,0,0.0,0.00876041/0.0634306/0.205632/0.179123/0,-0.00876041/-0.0634306/-0.205632/-0.179123/0.0565321,R_1PS5HhdXTd7lZpJ,counterfactual,base_prototype
1,7,130206,-1,bmi,bmi,0/0/0/-0.351079/0,0/0/0/-0.281807/0,0/0/0/-0.281807/0,0.3622327420339493,0.0,0.0,0.05,0.0,0,0.05,0.0024616/0.148005/0.173957/0.231807/0,-0.0024616/-0.148005/-0.173957/-0.231807/0.0342168,R_1PS5HhdXTd7lZpJ,counterfactual,base_prototype
2,8,130207,-1,bmi,insulin,0/0/0/-0.287322/0,0/0/-0.427352/0/0,0/0/0/-0.15805/0,0.23488411021104189,0.0,0.0,0.05,0.0,0,0.0,0.0035476/0.0211435/0.427352/0.15805/0,-0.0035476/0.0211435/-0.427352/-0.15805/0.0208276,R_1PS5HhdXTd7lZpJ,counterfactual,base_prototype
3,9,130208,-1,bmi,bmi,0/0/0/-0.266541/0,0/0/0/-0.0772689/0,0/0/0/-0.0772689/0,0.30634661847584227,0.0,0.0,0.05,0.0,0,0.0,0.00644361/0.0634306/0.0759178/0.0772689/0,0.00644361/0.0634306/-0.0759178/-0.0772689/-0.0952119,R_1PS5HhdXTd7lZpJ,counterfactual,base_prototype
4,10,130209,-1,bmi,bmi,0/0/0/-0.69/0,0/0/0/-0.490728/0,0/0/0/-0.490728/0,0.4532446709195854,0.0,0.0,0.05,0.0,0,0.0,0.00405441/0.317153/0.0955257/0.490728/0,0.00405441/-0.317153/-0.0955257/-0.490728/0.0163646,R_1PS5HhdXTd7lZpJ,counterfactual,base_prototype
0,11,130300,1,bmi,bmi,0/0/0/0.210733/0,0/0/0/0.237075/0,0/0/0/0.237075/0,0.5008363540125783,0.0,0.0,0.1,0.0,0,0.0,0.0101722/0.0563827/0.110357/0.237075/0,-0.0101722/-0.0563827/0.110357/0.237075/0.0632267,R_1PS5HhdXTd7lZpJ,counterfactual,base_prototype
1,12,130301,1,bmi,bmi,0/0/0/0.256339/0,0/0/0/0.360832/0,0/0/0/0.360832/0,0.41925650764145317,0.0,0.0,0.05,0.0,0,0.05,0.00604541/0.112765/0.200855/0.310832/0,-0.00604541/0.112765/0.200855/0.310832/0.0230591,R_1PS5HhdXTd7lZpJ,counterfactual,base_prototype
2,13,130302,1,bmi,blood_pressure,0/0/0/0.300388/0,0/0.451062/0/0/0,0/0/0/0.324881/0,0.2993948112728429,0.0,0.0,0.05,0.0,0,0.0,0.000615401/0.451062/0.178231/0.324881/0,-0.000615401/0.451062/0.178231/0.324881/-0.00371922,R_1PS5HhdXTd7lZpJ,counterfactual,base_prototype
3,14,130303,1,bmi,bmi,0/0/0/0.386344/0,0/0/0/0.447808/0,0/0/0/0.447808/0,0.493039892392481,0.0,0.0,0.05,0.0,0,0.0,0.0011222/0.112765/0.185772/0.447808/0,0.0011222/0.112765/0.185772/0.447808/-0.066202,R_1PS5HhdXTd7lZpJ,counterfactual,base_prototype
4,15,130304,1,bmi,bmi,0/0/0/0.180728/0,0/0/0/0.135221/0,0/0/0/0.135221/0,0.3860816287978356,0.0,0.0,0.05,0.0,0,0.0,0.001267/0.112765/0.0525392/0.135221/0,-0.001267/0.112765/-0.0525392/0.135221/0.0275222,R_1PS5HhdXTd7lZpJ,counterfactual,base_prototype
0,16,130305,1,age,bmi,0/0/0/0/0.216216,0/0/0/-0.355507/0,0/0/0/0/0.0632267,0.02041287667508619,0.0,0.0,0.1,0.0,0,0.0,0.00394581/0.310105/0.0274008/0.355507/0,0.00394581/-0.310105/0.0274008/-0.355507/0.0632267,R_1PS5HhdXTd7lZpJ,counterfactual,base_prototype
1,17,130306,1,insulin,insulin,0/0/0.0474305/0/0,0/0/0.281021/0/0,0/0/0.281021/0/0,0.48902785085635464,0.0,0.0,0.05,0.0,0,0.05,0.00524901/0.140957/0.231021/0.0122928/0,0.00524901/-0.140957/0.231021/-0.0122928/-0.0260345,R_1PS5HhdXTd7lZpJ,counterfactual,base_prototype
2,18,130307,1,blood_pressure,insulin,0/0.108696/0/0/0,0/0/0.111866/0/0,0/0.0281914/0/0/0,0.1330825729228822,0.0,0.0,0.05,0.0,0,0.0,0.00894141/0.0281914/0.111866/0.0755128/0,0.00894141/0.0281914/0.111866/0.0755128/-0.0438868,R_1PS5HhdXTd7lZpJ,counterfactual,base_prototype
3,19,130308,1,bmi,blood_pressure,0/0/0/0.204484/0,0/-0.310105/0/0/0,0/0/0/0.208977/0,0.2671485150954686,0.0,0.0,0.05,0.0,0,0.0,0.0017738/0.310105/0.178231/0.208977/0,0.0017738/-0.310105/0.178231/0.208977/-0.0394237,R_1PS5HhdXTd7lZpJ,counterfactual,base_prototype
4,20,130309,1,blood_pressure,bmi,0/0.130435/0/0/0,0/0/0/-0.128196/0,0/-0.0986698/0/0/0,0.2865904527656056,0.0,0.0,0.05,0.0,0,0.0,0.000398201/0.0986698/0.0781803/0.128196/0,-0.000398201/-0.0986698/-0.0781803/-0.128196/0.0632267,R_1PS5HhdXTd7lZpJ,counterfactual,base_prototype
0,1,130200,-1,bmi,glucose,0/0/0/-0.198783/0,-0.285029/0/0/0/0,0/0/0/-0.19607/0,0.2649436146553373,0.0,24.0,0.05,0.75,0,0.1,0.15787/0.0206659/0.0145731/0.0819686/0,-0.185029/-0.140794/-0.0992843/-0.0960699/0,R_1PS5HhdXTd7lZpJ,counterfactual,counterfactual_exemplar
1,2,130201,-1,bmi,glucose,0/0/0/-0.182588/0,-0.27945/0/0/0/0,0/0/0/-0.18165/0,0.24341001816989458,0.0,12.0,0.025,0.75,0,0.1,0.152921/0.0123735/0.0134309/0.0695797/0,-0.17945/-0.0836986/-0.0908512/-0.0816504/0,R_1PS5HhdXTd7lZpJ,counterfactual,counterfactual_exemplar
2,3,130202,-1,bmi,glucose,0/0/0/-0.16415/0,-0.267239/0/0/0/0,0/0/0/-0.224035/0,0.2607306294834667,0.0,24.0,0.025,0.75,0,0.1,0.113869/0.0343557/0.0514796/0.0844524/0,-0.167239/-0.107657/-0.161316/-0.124035/0,R_1PS5HhdXTd7lZpJ,counterfactual,counterfactual_exemplar
3,4,130203,-1,bmi,blood_pressure,0/0/0/-0.227322/0,0/-0.272537/0/0/0,0/0/0/-0.259245/0,0.16635784334128575,0.0,24.0,0.025,0.75,0,0.1,0.0690174/0.113202/0.0965316/0.0547637/0,-0.200693/-0.172537/-0.147129/-0.159245/0,R_1PS5HhdXTd7lZpJ,counterfactual,counterfactual_exemplar
4,5,130204,-1,insulin,glucose,0/0/-0.113421/0/0,-0.290526/0/0/0/0,0/0/-0.223069/0/0,0.1749230393067818,0.0,12.0,0.025,0.75,0,0.1,0.1221/0.0416901/0.0441999/0.0499325/0,-0.190526/-0.116081/-0.123069/-0.0779156/0,R_1PS5HhdXTd7lZpJ,counterfactual,counterfactual_exemplar
0,6,130205,-1,bmi,insulin,0/0/0/-0.351222/0,0/0/-0.247243/0/0,0/0/0/-0.261064/0,0.14437442422845356,0.0,24.0,0.05,0.75,0,0.1,0.075619/0.0955459/0.103344/0.0480191/0,-0.253638/-0.136132/-0.147243/-0.161064/0,R_1PS5HhdXTd7lZpJ,counterfactual,counterfactual_exemplar
1,7,130206,-1,bmi,blood_pressure,0/0/0/-0.351079/0,0/-0.255608/0/0/0,0/0/0/-0.268704/0,0.21516306299975616,0.0,12.0,0.025,0.75,0,0.1,0.085092/0.088693/0.0663714/0.0725467/0,-0.197878/-0.155608/-0.116446/-0.168704/0,R_1PS5HhdXTd7lZpJ,counterfactual,counterfactual_exemplar
2,8,130207,-1,bmi,insulin,0/0/0/-0.287322/0,0/0/-0.247287/0/0,0/0/0/-0.263654/0,0.09202612909358218,0.0,24.0,0.025,0.75,0,0.1,0.0123794/0.10024/0.138092/0.010216/0,-0.198312/-0.106914/-0.147287/-0.163654/0,R_1PS5HhdXTd7lZpJ,counterfactual,counterfactual_exemplar
3,9,130208,-1,bmi,bmi,0/0/0/-0.266541/0,0/0/0/-0.250036/0,0/0/0/-0.250036/0,0.3424103264746122,0.0,24.0,0.025,0.75,0,0.1,0.0699721/0.0321396/0.0462233/0.105557/0,-0.0994565/-0.108413/-0.15592/-0.150036/0,R_1PS5HhdXTd7lZpJ,counterfactual,counterfactual_exemplar
4,10,130209,-1,bmi,bmi,0/0/0/-0.69/0,0/0/0/-0.329974/0,0/0/0/-0.329974/0,0.3071029944383335,0.0,12.0,0.025,0.75,0,0.1,0.0738922/0.0930313/0.0532196/0.123697/0,-0.137379/-0.201311/-0.115162/-0.229974/0,R_1PS5HhdXTd7lZpJ,counterfactual,counterfactual_exemplar
0,11,130300,1,bmi,insulin,0/0/0/0.210733/0,0/0/0.245221/0/0,0/0/0/0.253126/0,0.2587874029587863,0.0,24.0,0.05,0.75,0,0.1,0.0392187/0.0667501/0.0752042/0.073828/0,0.0813432/0.128896/0.145221/0.153126/0,R_1PS5HhdXTd7lZpJ,counterfactual,counterfactual_exemplar
1,12,130301,1,bmi,bmi,0/0/0/0.256339/0,0/0/0/0.270495/0,0/0/0/0.270495/0,0.3170192053908985,0.0,12.0,0.025,0.75,0,0.1,0.0700759/0.0580831/0.0582654/0.111867/0,0.106801/0.168912/0.169442/0.170495/0,R_1PS5HhdXTd7lZpJ,counterfactual,counterfactual_exemplar
2,13,130302,1,bmi,bmi,0/0/0/0.300388/0,0/0/0/0.273433/0,0/0/0/0.273433/0,0.36211253672765864,0.0,24.0,0.025,0.75,0,0.1,0.135415/0.0314846/0.0196433/0.15205/0,0.154458/0.255368/0.159325/0.173433/0,R_1PS5HhdXTd7lZpJ,counterfactual,counterfactual_exemplar
3,14,130303,1,bmi,bmi,0/0/0/0.386344/0,0/0/0/0.302809/0,0/0/0/0.302809/0,0.34420903259532204,0.0,24.0,0.025,0.75,0,0.1,0.135798/0.0400908/0.0383017/0.154297/0,0.178494/0.167603/0.160123/0.202809/0,R_1PS5HhdXTd7lZpJ,counterfactual,counterfactual_exemplar
4,15,130304,1,bmi,glucose,0/0/0/0.180728/0,0.259795/0/0/0/0,0/0/0/0.228691/0,0.22638707517095877,0.0,12.0,0.025,0.75,0,0.1,0.0837714/0.0809118/0.0410514/0.0674652/0,0.159795/0.17007/0.0862866/0.128691/0,R_1PS5HhdXTd7lZpJ,counterfactual,counterfactual_exemplar
0,16,130305,1,age,insulin,0/0/0/0/0.216216,0/0/0.233231/0/0,0/0/0/0/0,0.046135294703670324,0.0,24.0,0.05,0.75,0,0.1,0.010759/0.0617933/0.126794/0.000300436/0,0.222698/0.0649302/0.133231/0.00621868/0,R_1PS5HhdXTd7lZpJ,counterfactual,counterfactual_exemplar
1,17,130306,1,insulin,insulin,0/0/0.0474305/0/0,0/0/0.282616/0/0,0/0/0.282616/0/0,0.35769386688325244,0.0,12.0,0.025,0.75,0,0.1,0.0612344/0.0726802/0.127891/0.027894/0,0.204338/0.10378/0.182616/0.0930818/0,R_1PS5HhdXTd7lZpJ,counterfactual,counterfactual_exemplar
2,18,130307,1,blood_pressure,blood_pressure,0/0.108696/0/0/0,0/0.248022/0/0/0,0/0.248022/0/0/0,0.34800401214099197,0.0,24.0,0.025,0.75,0,0.1,0.0349371/0.127625/0.121988/0.0157069/0,0.253538/0.148022/0.141484/0.113985/0,R_1PS5HhdXTd7lZpJ,counterfactual,counterfactual_exemplar
3,19,130308,1,bmi,insulin,0/0/0/0.204484/0,0/0/0.262388/0/0,0/0/0/0.246503/0,0.20567194621367133,0.0,24.0,0.025,0.75,0,0.1,0.0694381/0.0371726/0.0988101/0.0573585/0,0.177356/0.0610907/0.162388/0.146503/0,R_1PS5HhdXTd7lZpJ,counterfactual,counterfactual_exemplar
4,20,130309,1,blood_pressure,blood_pressure,0/0.130435/0/0/0,0/0.217391/0/0/0,0/0.217391/0/0/0,0.34612597183829513,0.0,12.0,0.025,0.75,0,0.1,0.0401748/0.0904514/0.0690605/0.0146945/0,0.172067/0.118003/0.0900966/0.0629359/0,R_1PS5HhdXTd7lZpJ,counterfactual,counterfactual_exemplar
0,1,130200,-1,bmi,glucose,0/0/0/-0.198783/0,-0.296253/0/0/0/0,0/0/0/-0.184879/0,0.19540815372208264,0.0,0.0,0.025,0.75,0,0.1,0.0981267/0.0652174/0.00386662/0.0424394/0,-0.196253/-0.130435/-0.00773323/-0.0848787/0,R_1PS5HhdXTd7lZpJ,counterfactual,counterfactual_prototype
1,2,130201,-1,bmi,glucose,0/0/0/-0.182588/0,-0.285626/0/0/0/0,0/0/0/-0.17083/0,0.1942262287858205,0.0,0.0,0.025,0.75,0,0.1,0.092813/0.0380435/0.0108265/0.0354149/0,-0.185626/-0.076087/-0.0216531/-0.0708298/0,R_1PS5HhdXTd7lZpJ,counterfactual,counterfactual_prototype
2,3,130202,-1,bmi,glucose,0/0/0/-0.16415/0,-0.274999/0/0/0/0,0/0/0/-0.21122/0,0.22307627508549932,0.0,0.0,0.025,0.75,0,0.1,0.0874993/0.048913/0.0368618/0.0556102/0,-0.174999/-0.0978261/-0.0737235/-0.11122/0,R_1PS5HhdXTd7lZpJ,counterfactual,counterfactual_prototype
3,4,130203,-1,bmi,glucose,0/0/0/-0.227322/0,-0.304755/0/0/0/0,0/0/0/-0.259513/0,0.2425251424413932,0.0,0.0,0.025,0.75,0,0.1,0.102378/0.0815217/0.0322218/0.0797567/0,-0.204755/-0.163043/-0.0644436/-0.159513/0,R_1PS5HhdXTd7lZpJ,counterfactual,counterfactual_prototype
4,5,130204,-1,insulin,glucose,0/0/-0.113421/0/0,-0.296253/0/0/0/0,0/0/-0.155679/0/0,0.14627633315610628,0.0,0.0,0.025,0.75,0,0.1,0.0981267/0.0543478/0.0278396/0.0354149/0,-0.196253/-0.108696/-0.0556793/-0.0708298/0,R_1PS5HhdXTd7lZpJ,counterfactual,counterfactual_prototype
0,6,130205,-1,bmi,glucose,0/0/0/-0.351222/0,-0.353642/0/0/0/0,0/0/0/-0.264782/0,0.22880147062705267,0.0,0.0,0.025,0.75,0,0.1,0.126821/0.0652174/0.0536171/0.0823909/0,-0.253642/-0.130435/-0.107234/-0.164782/0,R_1PS5HhdXTd7lZpJ,counterfactual,counterfactual_prototype
1,7,130206,-1,bmi,glucose,0/0/0/-0.351079/0,-0.292002/0/0/0/0,0/0/0/-0.277953/0,0.2566004264685453,0.0,0.0,0.025,0.75,0,0.1,0.0960012/0.076087/0.0482038/0.0889763/0,-0.192002/-0.152174/-0.0964077/-0.177953/0,R_1PS5HhdXTd7lZpJ,counterfactual,counterfactual_prototype
2,8,130207,-1,bmi,glucose,0/0/0/-0.287322/0,-0.30263/0/0/0/0,0/0/0/-0.259513/0,0.22416218734082763,0.0,0.0,0.025,0.75,0,0.1,0.101315/0.0543478/0.0915099/0.0797567/0,-0.20263/-0.108696/-0.18302/-0.159513/0,R_1PS5HhdXTd7lZpJ,counterfactual,counterfactual_prototype
3,9,130208,-1,bmi,bmi,0/0/0/-0.266541/0,0/0/0/-0.239318/0,0/0/0/-0.239318/0,0.2966957797962211,0.0,0.0,0.025,0.75,0,0.1,0.0524287/0.048913/0.0314485/0.0696591/0,-0.104857/-0.0978261/-0.062897/-0.139318/0,R_1PS5HhdXTd7lZpJ,counterfactual,counterfactual_prototype
4,10,130209,-1,bmi,bmi,0/0/0/-0.69/0,0/0/0/-0.342683/0,0/0/0/-0.342683/0,0.3211393488002823,0.0,0.0,0.025,0.75,0,0.1,0.0641189/0.0978261/0.0347996/0.121341/0,-0.128238/-0.195652/-0.0695991/-0.242683/0,R_1PS5HhdXTd7lZpJ,counterfactual,counterfactual_prototype
0,11,130300,1,bmi,bmi,0/0/0/0.210733/0,0/0/0/0.254538/0,0/0/0/0.254538/0,0.2778831910348867,0.0,0.0,0.025,0.75,0,0.1,0.0308196/0.0634058/0.0725206/0.0772689/0,0.0616392/0.126812/0.145041/0.154538/0,R_1PS5HhdXTd7lZpJ,counterfactual,counterfactual_prototype
1,12,130301,1,bmi,insulin,0/0/0/0.256339/0,0/0/0.275974/0/0,0/0/0/0.272977/0,0.2502265817233214,0.0,0.0,0.025,0.75,0,0.1,0.0510117/0.0851449/0.087987/0.0864885/0,0.102023/0.17029/0.175974/0.172977/0,R_1PS5HhdXTd7lZpJ,counterfactual,counterfactual_prototype
2,13,130302,1,bmi,blood_pressure,0/0/0/0.300388/0,0/0.357246/0/0/0,0/0/0/0.276489/0,0.21617930112906708,0.0,0.0,0.025,0.75,0,0.1,0.0775803/0.128623/0.0841204/0.0882446/0,0.155161/0.257246/0.168241/0.176489/0,R_1PS5HhdXTd7lZpJ,counterfactual,counterfactual_prototype
3,14,130303,1,bmi,bmi,0/0/0/0.386344/0,0/0/0/0.307221/0,0/0/0/0.307221/0,0.2570805126601903,0.0,0.0,0.025,0.75,0,0.1,0.0860823/0.0851449/0.0854093/0.103611/0,0.172165/0.17029/0.170819/0.207221/0,R_1PS5HhdXTd7lZpJ,counterfactual,counterfactual_prototype
4,15,130304,1,bmi,blood_pressure,0/0/0/0.180728/0,0/0.27029/0/0/0,0/0/0/0.229074/0,0.22132646628657693,0.0,0.0,0.025,0.75,0,0.1,0.0743921/0.0851449/0.0446809/0.0645371/0,0.148784/0.17029/0.0893618/0.129074/0,R_1PS5HhdXTd7lZpJ,counterfactual,counterfactual_prototype
0,16,130305,1,age,glucose,0/0/0/0/0.216216,0.299796/0/0/0/0,0/0/0/0/0,0.06642485806043777,0.0,0.0,0.025,0.75,0,0.1,0.099898/0.0307971/0.058343/0.00319612/0,0.199796/0.0615942/0.116686/0.00639225/0,R_1PS5HhdXTd7lZpJ,counterfactual,counterfactual_prototype
1,17,130306,1,insulin,glucose,0/0/0.0474305/0/0,0.312549/0/0/0/0,0/0/0.286285/0/0,0.2732189524670441,0.0,0.0,0.025,0.75,0,0.1,0.106274/0.0525362/0.0931425/0.0460979/0,0.212549/0.105072/0.186285/0.0921958/0,R_1PS5HhdXTd7lZpJ,counterfactual,counterfactual_prototype
2,18,130307,1,blood_pressure,glucose,0/0.108696/0/0/0,0.348682/0/0/0/0,0/0.248551/0/0/0,0.2112203499183174,0.0,0.0,0.025,0.75,0,0.1,0.124341/0.0742754/0.0727783/0.0570736/0,0.248682/0.148551/0.145557/0.114147/0,R_1PS5HhdXTd7lZpJ,counterfactual,counterfactual_prototype
3,19,130308,1,bmi,glucose,0/0/0/0.204484/0,0.278541/0/0/0/0,0/0/0/0.247513/0,0.23987294152221914,0.0,0.0,0.025,0.75,0,0.1,0.0892705/0.0307971/0.0841204/0.0737567/0,0.178541/0.0615942/0.168241/0.147513/0,R_1PS5HhdXTd7lZpJ,counterfactual,counterfactual_prototype
4,20,130309,1,blood_pressure,glucose,0/0.130435/0/0/0,0.257286/0/0/0/0,0/0.215942/0/0/0,0.2479129647678214,0.0,0.0,0.025,0.75,0,0.1,0.0786431/0.057971/0.0402987/0.03161/0,0.157286/0.115942/0.0805975/0.06322/0,R_1PS5HhdXTd7lZpJ,counterfactual,counterfactual_prototype
0,1,130200,-1,blood_pressure,blood_pressure,0/-0.282609/0/0/0,0/-0.343426/0/0/0,0/-0.343426/0/0/0,0.399310387063507,0.0,24.0,0.025,0.0,0,0.3,0/0.0868525/0/0.0813214/0,-0/-0.0434263/0/0.08089/-0,R_1R2ijkLW5InLFPz,attribution,additive_exemplar
1,2,130201,-1,bmi,blood_pressure,0/0/0/-0.182588/0,0/0.360889/0/0/0,0/0/0/0.439176/0,0.09551613903626707,1.0,24.0,0.025,0.0,0,0.3,0/0.121778/0.00654807/0/0,-0/0.0608891/7.01721e-05/0.139176/-0.136025,R_1R2ijkLW5InLFPz,attribution,additive_exemplar
2,3,130202,-1,bmi,blood_pressure,0/0/0/-0.29415/0,0/0.33872/0/0/0,0/0/0/-0.315086/0,0.09814066441933503,0.5,24.0,0.025,0.0,0,0.3,0/0.0774409/0/0/0,0/0.0387205/-0/-0.0150864/-0.17554,R_1R2ijkLW5InLFPz,attribution,additive_exemplar
3,4,130203,-1,bmi,blood_pressure,0/0/0/-0.527322/0,0/-0.371528/0/0/0,0/0/0/-0.353874/0,0.09814066441933503,0.5,24.0,0.025,0.0,0,0.3,0/0.143055/0/0/0,-0/-0.0715277/-0/-0.0538737/0.0945137,R_1R2ijkLW5InLFPz,attribution,additive_exemplar
4,5,130204,-1,blood_pressure,blood_pressure,0/-0.217391/0/0/0,0/0.312343/0/0/0,0/0.312343/0/0/0,0.5924694022790992,0.5,24.0,0.025,0.0,0,0.3,0/0.0246854/0/0/0,-0/0.0123427/-0/0.129529/-0.145852,R_1R2ijkLW5InLFPz,attribution,additive_exemplar
0,6,130205,-1,bmi,blood_pressure,0/0/0/-0.3161/0,0/-0.308219/0/0/0,0/0/0/-0.363659/0,0.09814066441933503,0.0,24.0,0.025,0.0,0,0.3,0/0.0164373/0/0/0,-0/-0.00821865/-0/-0.0636587/0.262977,R_1R2ijkLW5InLFPz,attribution,additive_exemplar
1,7,130206,-1,bmi,blood_pressure,0/0/0/-0.511079/0,0/-0.348723/0/0/0,0/0/0/-0.386699/0,0.09814066441933503,1.0,24.0,0.025,0.0,0,0.3,0/0.0974451/0/0/0,-0/-0.0487226/-0/-0.0866992/0.123659,R_1R2ijkLW5InLFPz,attribution,additive_exemplar
2,8,130207,-1,bmi,blood_pressure,0/0/0/-0.507322/0,0/0.327974/0/0/0,0/0/0/-0.424588/0,0.09814066441933503,0.5,24.0,0.025,0.0,0,0.3,0/0.0559472/0/0/0,-0.114559/0.0279736/-0/-0.124588/0,R_1R2ijkLW5InLFPz,attribution,additive_exemplar
3,9,130208,-1,bmi,blood_pressure,0/0/0/-0.316541/0,0/0.337346/0/0/0,0/0/0/-0.372549/0,0.09814066441933503,0.5,24.0,0.025,0.0,0,0.3,0/0.074693/0/0/0,0/0.0373465/-0/-0.0725494/-0.556568,R_1R2ijkLW5InLFPz,attribution,additive_exemplar
4,10,130209,-1,bmi,blood_pressure,0/0/0/-0.75/0,0/-0.432061/0/0/0,0/0/0/-0.534025/0,0.09814066441933503,0.5,24.0,0.025,0.0,0,0.3,0/0.264122/0/0/0,0/-0.132061/-0/-0.234025/0.00948733,R_1R2ijkLW5InLFPz,attribution,additive_exemplar
0,11,130300,1,bmi,blood_pressure,0/0/0/0.210733/0,0/-0.323877/0/0/0,0/0/0/0.3/0,0.09814066441933503,0.0,24.0,0.025,0.0,0,0.3,0/0.0477546/0/0/0,-0.455869/-0.0238773/0.0142178/0/0,R_1R2ijkLW5InLFPz,attribution,additive_exemplar
1,12,130301,1,bmi,bmi,0/0/0/0.276339/0,0/0/0/0.301356/0,0/0/0/0.301356/0,0.568713398866335,1.0,24.0,0.025,0.0,0,0.3,0/0.0229219/0/0.280511/0,-0.275516/0.0114609/0.00887711/0.00135551/0.298628,R_1R2ijkLW5InLFPz,attribution,additive_exemplar
2,13,130302,1,bmi,blood_pressure,0/0/0/0.390388/0,0/0.456296/0/0/0,0/0/0/0.300443/0,0.3531652697927124,0.5,24.0,0.025,0.0,0,0.3,0/0.312592/0.0415393/0.280703/0,-0.0684782/0.156296/-0.0223135/0.000442863/0.150929,R_1R2ijkLW5InLFPz,attribution,additive_exemplar
3,14,130303,1,bmi,bmi,0/0/0/0.456589/0,0/0/0/0.302435/0,0/0/0/0.302435/0,0.574481456725416,0.5,24.0,0.025,0.0,0,0.3,0/0.025929/0/0.423204/0,-0.00469649/0.0129645/-0.00775652/0.00243483/-0.235636,R_1R2ijkLW5InLFPz,attribution,additive_exemplar
4,15,130304,1,bmi,blood_pressure,0/0/0/0.310728/0,0/0.347873/0/0/0,0/0/0/0.3/0,0.09814066441933503,0.5,24.0,0.025,0.0,0,0.3,0/0.0957464/0/0/0,-0.0833415/0.0478732/-0.156873/0/0,R_1R2ijkLW5InLFPz,attribution,additive_exemplar
0,16,130305,1,age,blood_pressure,0/0/0/0/0.27027,0/-0.448884/0/0/0,0/0/0/0/0.3,0.09814066441933503,0.0,24.0,0.025,0.0,0,0.3,0/0.297769/0/0/0,0/-0.148884/-0/-0/0,R_1R2ijkLW5InLFPz,attribution,additive_exemplar
1,17,130306,1,bmi,blood_pressure,0/0/0/0.233214/0,0/-0.374309/0/0/0,0/0/0/-0.3/0,0.07223729980802246,1.0,24.0,0.025,0.0,0,0.3,0/0.148618/0.103461/0/0,0/-0.0743088/0.0396201/-0/0,R_1R2ijkLW5InLFPz,attribution,additive_exemplar
2,18,130307,1,insulin,blood_pressure,0/0/-0.305205/0/0,0/0.310315/0/0/0,0/0/-0.305205/0/0,0.09814066441933503,0.5,24.0,0.025,0.0,0,0.3,0/0.0206308/0/0/0,0.246529/0.0103154/-0.038091/0/-0,R_1R2ijkLW5InLFPz,attribution,additive_exemplar
3,19,130308,1,bmi,blood_pressure,0/0/0/0.464484/0,0/-0.461803/0/0/0,0/0/0/0.3/0,0.09814066441933503,0.5,24.0,0.025,0.0,0,0.3,0/0.323605/0/0/0,0.0169593/-0.161803/0.0269271/0/-0,R_1R2ijkLW5InLFPz,attribution,additive_exemplar
4,20,130309,1,age,blood_pressure,0/0/0/0/0.324324,0/-0.330133/0/0/0,0/0/0/0/0.3,0.09814066441933503,0.5,24.0,0.025,0.0,0,0.3,0/0.0602669/0/0/0,-0/-0.0301335/0/-0/0,R_1R2ijkLW5InLFPz,attribution,additive_exemplar
0,1,130200,-1,blood_pressure,blood_pressure,0/-0.282609/0/0/0,0/-0.332609/0/0/0,0/-0.332609/0/0/0,0.5924694022790992,0.0,0.0,0.025,0.0,0,0.3,0/0.0652174/0/0/0,-0/-0.0326087/0.116858/0.140489/-0.279279,R_1R2ijkLW5InLFPz,attribution,additive_prototype
1,2,130201,-1,bmi,blood_pressure,0/0/0/-0.182588/0,0/0.376087/0/0/0,0/0/0/0.496684/0,0.09814066441933503,0.0,0.0,0.025,0.0,0,0.3,0/0.152174/0/0/0,-0/0.076087/0.0611785/0.196684/-0.198198,R_1R2ijkLW5InLFPz,attribution,additive_prototype
2,3,130202,-1,bmi,blood_pressure,0/0/0/-0.29415/0,0/0.332609/0/0/0,0/0/0/0.335122/0,0.09814066441933503,0.0,0.0,0.025,0.0,0,0.3,0/0.0652174/0/0/0,-0/0.0326087/-0.147103/0.0351222/-0.144144,R_1R2ijkLW5InLFPz,attribution,additive_prototype
3,4,130203,-1,bmi,blood_pressure,0/0/0/-0.527322/0,0/-0.297826/0/0/0,0/0/0/-0.35805/0,0.09814066441933503,0.0,0.0,0.025,0.0,0,0.2,0/0.195652/0/0/0,-0/-0.0978261/-0.109984/-0.15805/0.153153,R_1R2ijkLW5InLFPz,attribution,additive_prototype
4,5,130204,-1,blood_pressure,blood_pressure,0/-0.217391/0/0/0,0/0.31087/0/0/0,0/0.31087/0/0/0,0.5924694022790992,0.0,0.0,0.025,0.0,0,0.3,0/0.0217391/0/0/0,-0/0.0108696/-0.0749264/0.196684/-0.117117,R_1R2ijkLW5InLFPz,attribution,additive_prototype
0,6,130205,-1,bmi,blood_pressure,0/0/0/-0.3161/0,0/-0.332609/0/0/0,0/0/0/-0.479123/0,0.09814066441933503,0.0,0.0,0.025,0.0,0,0.3,0/0.0652174/0/0/0,-0/-0.0326087/-0.281146/-0.179123/0.342342,R_1R2ijkLW5InLFPz,attribution,additive_prototype
1,7,130206,-1,bmi,blood_pressure,0/0/0/-0.511079/0,0/-0.376087/0/0/0,0/0/0/-0.531807/0,0.09814066441933503,0.0,0.0,0.025,0.0,0,0.3,0/0.152174/0/0/0,-0/-0.076087/-0.23784/-0.231807/0.207207,R_1R2ijkLW5InLFPz,attribution,additive_prototype
2,8,130207,-1,bmi,blood_pressure,0/0/0/-0.507322/0,0/0.31087/0/0/0,0/0/0/-0.45805/0,0.09814066441933503,0.0,0.0,0.025,0.0,0,0.3,0/0.0217391/0/0/0,-0/0.0108696/-0.584289/-0.15805/0.126126,R_1R2ijkLW5InLFPz,attribution,additive_prototype
3,9,130208,-1,bmi,blood_pressure,0/0/0/-0.316541/0,0/0.232609/0/0/0,0/0/0/-0.277269/0,0.09814066441933503,0.0,0.0,0.025,0.0,0,0.2,0/0.0652174/0/0/0,0/0.0326087/-0.103797/-0.0772689/-0.576577,R_1R2ijkLW5InLFPz,attribution,additive_prototype
4,10,130209,-1,bmi,blood_pressure,0/0/0/-0.75/0,0/-0.463043/0/0/0,0/0/0/-0.790728/0,0.09814066441933503,0.0,0.0,0.025,0.0,0,0.3,0/0.326087/0/0/0,0/-0.163043/-0.130606/-0.490728/0.0990991,R_1R2ijkLW5InLFPz,attribution,additive_prototype
0,11,130300,1,bmi,blood_pressure,0/0/0/0.210733/0,0/-0.328986/0/0/0,0/0/0/0.3/0,0.09814066441933503,0.0,0.0,0.025,0.0,0,0.3,0/0.057971/0/0/0,-0.398175/-0.0289855/0/0/0,R_1R2ijkLW5InLFPz,attribution,additive_prototype
1,12,130301,1,bmi,blood_pressure,0/0/0/0.276339/0,0/0.357971/0/0/0,0/0/0/0.3/0,0.09814066441933503,0.0,0.0,0.025,0.0,0,0.3,0/0.115942/0/0/0,-0.236638/0.057971/0/0/0,R_1R2ijkLW5InLFPz,attribution,additive_prototype
2,13,130302,1,bmi,blood_pressure,0/0/0/0.390388/0,0/0.531884/0/0/0,0/0/0/0.3/0,0.09814066441933503,0.0,0.0,0.025,0.0,0,0.3,0/0.463768/0/0/0,-0.0240889/0.231884/0/0/-0,R_1R2ijkLW5InLFPz,attribution,additive_prototype
3,14,130303,1,bmi,blood_pressure,0/0/0/0.456589/0,0/0.257971/0/0/0,0/0/0/0.2/0,0.09814066441933503,0.0,0.0,0.025,0.0,0,0.2,0/0.115942/0/0/0,0.0439268/0.057971/0/0/-0,R_1R2ijkLW5InLFPz,attribution,additive_prototype
4,15,130304,1,bmi,blood_pressure,0/0/0/0.310728/0,0/0.357971/0/0/0,0/0/0/0.3/0,0.09814066441933503,0.0,0.0,0.025,0.0,0,0.3,0/0.115942/0/0/0,-0.0495947/0.057971/-0/0/0,R_1R2ijkLW5InLFPz,attribution,additive_prototype
0,16,130305,1,age,blood_pressure,0/0/0/0/0.27027,0/-0.45942/0/0/0,0/0/0/0/0.3,0.09814066441933503,0.0,0.0,0.025,0.0,0,0.3,0/0.318841/0/0/0,0.154452/-0.15942/0/-0/0,R_1R2ijkLW5InLFPz,attribution,additive_prototype
1,17,130306,1,bmi,blood_pressure,0/0/0/0.233214/0,0/-0.372464/0/0/0,0/0/0/-0.3/0,0.09814066441933503,0.0,0.0,0.025,0.0,0,0.3,0/0.144928/0/0/0,0.205464/-0.0724638/0/-0/-0,R_1R2ijkLW5InLFPz,attribution,additive_prototype
2,18,130307,1,insulin,blood_pressure,0/0/-0.305205/0/0,0/0.314493/0/0/0,0/0/0.3/0/0,0.09814066441933503,0.0,0.0,0.025,0.0,0,0.3,0/0.0289855/0/0/0,0.349997/0.0144928/0/0/-0,R_1R2ijkLW5InLFPz,attribution,additive_prototype
3,19,130308,1,bmi,blood_pressure,0/0/0/0.464484/0,0/-0.35942/0/0/0,0/0/0/0.2/0,0.09814066441933503,0.0,0.0,0.025,0.0,0,0.2,0/0.318841/0/0/0,0.0694326/-0.15942/0/0/-0,R_1R2ijkLW5InLFPz,attribution,additive_prototype
4,20,130309,1,age,blood_pressure,0/0/0/0/0.324324,0/-0.350725/0/0/0,0/0/0/0/0.3,0.09814066441933503,0.0,0.0,0.025,0.0,0,0.3,0/0.101449/0/0/0,-0.0155869/-0.0507246/-0/-0/0,R_1R2ijkLW5InLFPz,attribution,additive_prototype
0,1,130200,-1,blood_pressure,bmi,0/-0.282609/0/0/0,0/0/0/0.240489/0,0/-0.163431/0/0/0,0.18463564451765208,0.0,0.0,0.025,0.0,1,0.1,0.002896/0.0634306/0.0854704/0.140489/0.0461183,-0.002896/-0.0634306/0.0854704/0.140489/-0.0461183,R_1R2ijkLW5InLFPz,attribution,base_exemplar
1,2,130201,-1,bmi,bmi,0/0/0/-0.182588/0,0/0/0/0.396684/0,0/0/0/0.396684/0,0.39791810241312914,0.0,0.0,0.05,0.0,1,0.2,0.00181/0.148005/0.0447463/0.196684/0.0327291,-0.00181/0.148005/0.0447463/0.196684/-0.0327291,R_1R2ijkLW5InLFPz,attribution,base_exemplar
2,3,130202,-1,bmi,insulin,0/0/0/-0.29415/0,0/0/-0.307942/0/0,0/0/0/-0.209123/0,0.09833276590709418,0.0,12.0,0.025,0.0,1,0.2,0.000117993/0.0552614/0.107942/0.00912295/0.0229925,-0.000117993/0.0552614/-0.107942/-0.00912295/-0.0229925,R_1R2ijkLW5InLFPz,attribution,base_exemplar
3,4,130203,-1,bmi,blood_pressure,0/0/0/-0.527322/0,0/-0.290292/0/0/0,0/0/0/-0.25805/0,0.2934415473601369,0.0,0.0,0.025,0.0,1,0.1,0.00376481/0.190292/0.0804427/0.15805/0.0252907,-0.00376481/-0.190292/-0.0804427/-0.15805/0.0252907,R_1R2ijkLW5InLFPz,attribution,base_exemplar
4,5,130204,-1,blood_pressure,bmi,0/-0.217391/0/0/0,0/0/0/0.296684/0,0/0.121144/0/0/0,0.12498378539903761,0.0,0.0,0.025,0.0,0,0.1,0.002896/0.0211435/0.0548016/0.196684/0,-0.002896/0.0211435/-0.0548016/0.196684/-0.0193399,R_1R2ijkLW5InLFPz,attribution,base_exemplar
0,6,130205,-1,bmi,insulin,0/0/0/-0.3161/0,0/0/-0.305632/0/0,0/0/0/-0.279123/0,0.29684477246411783,0.0,0.0,0.025,0.0,1,0.1,0.00876041/0.0634306/0.205632/0.179123/0.0565321,-0.00876041/-0.0634306/-0.205632/-0.179123/0.0565321,R_1R2ijkLW5InLFPz,attribution,base_exemplar
1,7,130206,-1,bmi,bmi,0/0/0/-0.511079/0,0/0/0/-0.431807/0,0/0/0/-0.431807/0,0.34341180677441674,0.0,0.0,0.05,0.0,1,0.2,0.0024616/0.148005/0.173957/0.231807/0.0342168,-0.0024616/-0.148005/-0.173957/-0.231807/0.0342168,R_1R2ijkLW5InLFPz,attribution,base_exemplar
2,8,130207,-1,bmi,insulin,0/0/0/-0.507322/0,0/0/-0.604422/0/0,0/0/0/-0.33202/0,0.20763379646484847,0.0,12.0,0.025,0.0,1,0.2,0.00333454/0.0412774/0.404422/0.13202/0.0149782,-0.00333454/0.0412774/-0.404422/-0.13202/0.0149782,R_1R2ijkLW5InLFPz,attribution,base_exemplar
3,9,130208,-1,bmi,age,0/0/0/-0.316541/0,0/0/0/0/-0.195212,0/0/0/-0.177269/0,0.2232978536310605,0.0,0.0,0.025,0.0,1,0.1,0.00644361/0.0634306/0.0759178/0.0772689/0.0952119,0.00644361/0.0634306/-0.0759178/-0.0772689/-0.0952119,R_1R2ijkLW5InLFPz,attribution,base_exemplar
4,10,130209,-1,bmi,bmi,0/0/0/-0.75/0,0/0/0/-0.590728/0,0/0/0/-0.590728/0,0.41193297426422704,0.0,0.0,0.025,0.0,0,0.1,0.00405441/0.317153/0.0955257/0.490728/0,0.00405441/-0.317153/-0.0955257/-0.490728/0.0163646,R_1R2ijkLW5InLFPz,attribution,base_exemplar
0,11,130300,1,bmi,bmi,0/0/0/0.210733/0,0/0/0/0.337075/0,0/0/0/0.337075/0,0.3888026309175041,0.0,0.0,0.025,0.0,1,0.1,0.0101722/0.0563827/0.110357/0.237075/0.0632267,-0.0101722/-0.0563827/0.110357/0.237075/0.0632267,R_1R2ijkLW5InLFPz,attribution,base_exemplar
1,12,130301,1,bmi,bmi,0/0/0/0.276339/0,0/0/0/0.510832/0,0/0/0/0.510832/0,0.4065555776028721,0.0,0.0,0.05,0.0,1,0.2,0.00604541/0.112765/0.200855/0.310832/0.0230591,-0.00604541/0.112765/0.200855/0.310832/0.0230591,R_1R2ijkLW5InLFPz,attribution,base_exemplar
2,13,130302,1,bmi,blood_pressure,0/0/0/0.390388/0,0/0.561173/0/0/0,0/0/0/0.500616/0,0.34573156071602484,0.0,12.0,0.025,0.0,1,0.2,0.00189355/0.361173/0.00563462/0.300616/0.0215432,-0.00189355/0.361173/0.00563462/0.300616/0.0215432,R_1R2ijkLW5InLFPz,attribution,base_exemplar
3,14,130303,1,bmi,bmi,0/0/0/0.456589/0,0/0/0/0.547808/0,0/0/0/0.547808/0,0.41679730756089517,0.0,0.0,0.025,0.0,1,0.1,0.0011222/0.112765/0.185772/0.447808/0.066202,0.0011222/0.112765/0.185772/0.447808/-0.066202,R_1R2ijkLW5InLFPz,attribution,base_exemplar
4,15,130304,1,bmi,bmi,0/0/0/0.310728/0,0/0/0/0.235221/0,0/0/0/0.235221/0,0.36153098635632636,0.0,0.0,0.025,0.0,0,0.1,0.001267/0.112765/0.0525392/0.135221/0,-0.001267/0.112765/-0.0525392/0.135221/0.0275222,R_1R2ijkLW5InLFPz,attribution,base_exemplar
0,16,130305,1,age,bmi,0/0/0/0/0.27027,0/0/0/-0.455507/0,0/0/0/0/0.163227,0.11648624785865573,0.0,0.0,0.025,0.0,1,0.1,0.00394581/0.310105/0.0274008/0.355507/0.0632267,0.00394581/-0.310105/0.0274008/-0.355507/0.0632267,R_1R2ijkLW5InLFPz,attribution,base_exemplar
1,17,130306,1,bmi,insulin,0/0/0/0.233214/0,0/0/0.431021/0/0,0/0/0/-0.212293/0,0.06335874943726529,0.0,0.0,0.05,0.0,1,0.2,0.00524901/0.140957/0.231021/0.0122928/0.0260345,0.00524901/-0.140957/0.231021/-0.0122928/-0.0260345,R_1R2ijkLW5InLFPz,attribution,base_exemplar
2,18,130307,1,insulin,bmi,0/0/-0.305205/0/0,0/0/0/0.279614/0,0/0/-0.217995/0/0,0.1534250947979877,0.0,12.0,0.025,0.0,1,0.2,0.00698808/0.00972622/0.0179948/0.0796135/0.0210756,0.00698808/0.00972622/-0.0179948/0.0796135/-0.0210756,R_1R2ijkLW5InLFPz,attribution,base_exemplar
3,19,130308,1,bmi,blood_pressure,0/0/0/0.464484/0,0/-0.410105/0/0/0,0/0/0/0.308977/0,0.2502846992168237,0.0,0.0,0.025,0.0,1,0.1,0.0017738/0.310105/0.178231/0.208977/0.0394237,0.0017738/-0.310105/0.178231/0.208977/-0.0394237,R_1R2ijkLW5InLFPz,attribution,base_exemplar
4,20,130309,1,age,bmi,0/0/0/0/0.324324,0/0/0/-0.228196/0,0/0/0/0/0.163227,0.0571143082351545,0.0,0.0,0.025,0.0,0,0.1,0.000398201/0.0986698/0.0781803/0.128196/0,-0.000398201/-0.0986698/-0.0781803/-0.128196/0.0632267,R_1R2ijkLW5InLFPz,attribution,base_exemplar
0,1,130200,-1,blood_pressure,bmi,0/-0.282609/0/0/0,0/0/0/0.240489/0,0/-0.163431/0/0/0,0.18463564451765208,0.0,0.0,0.025,0.0,1,0.1,0.002896/0.0634306/0.0854704/0.140489/0.0461183,-0.002896/-0.0634306/0.0854704/0.140489/-0.0461183,R_1R2ijkLW5InLFPz,attribution,base_prototype
1,2,130201,-1,bmi,bmi,0/0/0/-0.182588/0,0/0/0/0.396684/0,0/0/0/0.396684/0,0.39791810241312914,0.0,0.0,0.05,0.0,1,0.2,0.00181/0.148005/0.0447463/0.196684/0.0327291,-0.00181/0.148005/0.0447463/0.196684/-0.0327291,R_1R2ijkLW5InLFPz,attribution,base_prototype
2,3,130202,-1,bmi,insulin,0/0/0/-0.29415/0,0/0/-0.307592/0/0,0/0/0/0.235122/0,0.16210793330673196,0.0,0.0,0.025,0.0,1,0.2,0.000724001/0.0634306/0.107592/0.0351222/0.023803,-0.000724001/0.0634306/-0.107592/0.0351222/-0.023803,R_1R2ijkLW5InLFPz,attribution,base_prototype
3,4,130203,-1,bmi,blood_pressure,0/0/0/-0.527322/0,0/-0.290292/0/0/0,0/0/0/-0.25805/0,0.2934415473601369,0.0,0.0,0.025,0.0,1,0.1,0.00376481/0.190292/0.0804427/0.15805/0.0252907,-0.00376481/-0.190292/-0.0804427/-0.15805/0.0252907,R_1R2ijkLW5InLFPz,attribution,base_prototype
4,5,130204,-1,blood_pressure,bmi,0/-0.217391/0/0/0,0/0/0/0.296684/0,0/0.121144/0/0/0,0.12498378539903761,0.0,0.0,0.025,0.0,0,0.1,0.002896/0.0211435/0.0548016/0.196684/0,-0.002896/0.0211435/-0.0548016/0.196684/-0.0193399,R_1R2ijkLW5InLFPz,attribution,base_prototype
0,6,130205,-1,bmi,insulin,0/0/0/-0.3161/0,0/0/-0.305632/0/0,0/0/0/-0.279123/0,0.29684477246411783,0.0,0.0,0.025,0.0,1,0.1,0.00876041/0.0634306/0.205632/0.179123/0.0565321,-0.00876041/-0.0634306/-0.205632/-0.179123/0.0565321,R_1R2ijkLW5InLFPz,attribution,base_prototype
1,7,130206,-1,bmi,bmi,0/0/0/-0.511079/0,0/0/0/-0.431807/0,0/0/0/-0.431807/0,0.34341180677441674,0.0,0.0,0.05,0.0,1,0.2,0.0024616/0.148005/0.173957/0.231807/0.0342168,-0.0024616/-0.148005/-0.173957/-0.231807/0.0342168,R_1R2ijkLW5InLFPz,attribution,base_prototype
2,8,130207,-1,bmi,insulin,0/0/0/-0.507322/0,0/0/-0.627352/0/0,0/0/0/-0.35805/0,0.22458200376205129,0.0,0.0,0.025,0.0,1,0.2,0.0035476/0.0211435/0.427352/0.15805/0.0208276,-0.0035476/0.0211435/-0.427352/-0.15805/0.0208276,R_1R2ijkLW5InLFPz,attribution,base_prototype
3,9,130208,-1,bmi,age,0/0/0/-0.316541/0,0/0/0/0/-0.195212,0/0/0/-0.177269/0,0.2232978536310605,0.0,0.0,0.025,0.0,1,0.1,0.00644361/0.0634306/0.0759178/0.0772689/0.0952119,0.00644361/0.0634306/-0.0759178/-0.0772689/-0.0952119,R_1R2ijkLW5InLFPz,attribution,base_prototype
4,10,130209,-1,bmi,bmi,0/0/0/-0.75/0,0/0/0/-0.590728/0,0/0/0/-0.590728/0,0.41193297426422704,0.0,0.0,0.025,0.0,0,0.1,0.00405441/0.317153/0.0955257/0.490728/0,0.00405441/-0.317153/-0.0955257/-0.490728/0.0163646,R_1R2ijkLW5InLFPz,attribution,base_prototype
0,11,130300,1,bmi,bmi,0/0/0/0.210733/0,0/0/0/0.337075/0,0/0/0/0.337075/0,0.3888026309175041,0.0,0.0,0.025,0.0,1,0.1,0.0101722/0.0563827/0.110357/0.237075/0.0632267,-0.0101722/-0.0563827/0.110357/0.237075/0.0632267,R_1R2ijkLW5InLFPz,attribution,base_prototype
1,12,130301,1,bmi,bmi,0/0/0/0.276339/0,0/0/0/0.510832/0,0/0/0/0.510832/0,0.4065555776028721,0.0,0.0,0.05,0.0,1,0.2,0.00604541/0.112765/0.200855/0.310832/0.0230591,-0.00604541/0.112765/0.200855/0.310832/0.0230591,R_1R2ijkLW5InLFPz,attribution,base_prototype
2,13,130302,1,bmi,blood_pressure,0/0/0/0.390388/0,0/0.651062/0/0/0,0/0/0/0.524881/0,0.2862066691746654,0.0,0.0,0.025,0.0,1,0.2,0.000615401/0.451062/0.178231/0.324881/0.00371922,-0.000615401/0.451062/0.178231/0.324881/-0.00371922,R_1R2ijkLW5InLFPz,attribution,base_prototype
3,14,130303,1,bmi,bmi,0/0/0/0.456589/0,0/0/0/0.547808/0,0/0/0/0.547808/0,0.41679730756089517,0.0,0.0,0.025,0.0,1,0.1,0.0011222/0.112765/0.185772/0.447808/0.066202,0.0011222/0.112765/0.185772/0.447808/-0.066202,R_1R2ijkLW5InLFPz,attribution,base_prototype
4,15,130304,1,bmi,bmi,0/0/0/0.310728/0,0/0/0/0.235221/0,0/0/0/0.235221/0,0.36153098635632636,0.0,0.0,0.025,0.0,0,0.1,0.001267/0.112765/0.0525392/0.135221/0,-0.001267/0.112765/-0.0525392/0.135221/0.0275222,R_1R2ijkLW5InLFPz,attribution,base_prototype
0,16,130305,1,age,bmi,0/0/0/0/0.27027,0/0/0/-0.455507/0,0/0/0/0/0.163227,0.11648624785865573,0.0,0.0,0.025,0.0,1,0.1,0.00394581/0.310105/0.0274008/0.355507/0.0632267,0.00394581/-0.310105/0.0274008/-0.355507/0.0632267,R_1R2ijkLW5InLFPz,attribution,base_prototype
1,17,130306,1,bmi,insulin,0/0/0/0.233214/0,0/0/0.431021/0/0,0/0/0/-0.212293/0,0.06335874943726529,0.0,0.0,0.05,0.0,1,0.2,0.00524901/0.140957/0.231021/0.0122928/0.0260345,0.00524901/-0.140957/0.231021/-0.0122928/-0.0260345,R_1R2ijkLW5InLFPz,attribution,base_prototype
2,18,130307,1,insulin,insulin,0/0/-0.305205/0/0,0/0/0.311866/0/0,0/0/0.311866/0/0,0.34303610913533583,0.0,0.0,0.025,0.0,1,0.2,0.00894141/0.0281914/0.111866/0.0755128/0.0438868,0.00894141/0.0281914/0.111866/0.0755128/-0.0438868,R_1R2ijkLW5InLFPz,attribution,base_prototype
3,19,130308,1,bmi,blood_pressure,0/0/0/0.464484/0,0/-0.410105/0/0/0,0/0/0/0.308977/0,0.2502846992168237,0.0,0.0,0.025,0.0,1,0.1,0.0017738/0.310105/0.178231/0.208977/0.0394237,0.0017738/-0.310105/0.178231/0.208977/-0.0394237,R_1R2ijkLW5InLFPz,attribution,base_prototype
4,20,130309,1,age,bmi,0/0/0/0/0.324324,0/0/0/-0.228196/0,0/0/0/0/0.163227,0.0571143082351545,0.0,0.0,0.025,0.0,0,0.1,0.000398201/0.0986698/0.0781803/0.128196/0,-0.000398201/-0.0986698/-0.0781803/-0.128196/0.0632267,R_1R2ijkLW5InLFPz,attribution,base_prototype
0,1,130200,-1,bmi,glucose,0/0/0/-0.158783/0,-0.15596/0/0/0/0,0/0/0/0.207838/0,0.06929290990308919,0.0,12.0,0.025,0.0,0,0.025,0.0981764/0.0792401/0/0/0,-0.13096/-0.0455115/0.105748/0.182838/-0.173033,R_1WCsP4MTfRGSZ0t,counterfactual,additive_exemplar
1,2,130201,-1,bmi,glucose,0/0/0/-0.152588/0,-0.0871646/0/0/0/0,0/0/0/0.237292/0,0.09814066441933503,0.0,6.0,0.025,0.0,0,0.0,0.0651527/0/0/0/0,-0.0871646/0.16051/0.0684641/0.237292/-0.104547,R_1WCsP4MTfRGSZ0t,counterfactual,additive_exemplar
2,3,130202,-1,bmi,insulin,0/0/0/-0.15415/0,0/0/-0.0959045/0/0,0/0/0/0.0854924/0,0.09335199116777654,0.0,6.0,0.025,0.0,0,0.0,0.0148796/0/0.148314/0/0,-0.0369602/0.095857/-0.0959045/0.0854924/-0.0844752,R_1WCsP4MTfRGSZ0t,counterfactual,additive_exemplar
3,4,130203,-1,bmi,blood_pressure,0/0/0/-0.157322/0,0/-0.111353/0/0/0,0/0/0/-0.0603786/0,0.18987527829296938,2.0,6.0,0.025,0.0,0,0.0,0.139031/0.147286/0.085114/0.0913153/0,-0.140344/-0.111353/0.0432954/-0.0603786/0.128314,R_1WCsP4MTfRGSZ0t,counterfactual,additive_exemplar
4,5,130204,-1,bmi,glucose,0/0/0/-0.152588/0,-0.145263/0/0/0/0,0/0/0/0.270631/0,0.06937745381052503,0.0,6.0,0.025,0.0,0,0.025,0.0903992/0/0.0726634/0/0,-0.120263/0.0538861/-0.0271984/0.245631/-0.0543799,R_1WCsP4MTfRGSZ0t,counterfactual,additive_exemplar
0,6,130205,-1,bmi,glucose,0/0/0/-0.140489/0,-0.37922/0/0/0/0,0/0/0/-0.098842/0,0.16746782709128646,0.0,12.0,0.025,0.0,0,0.025,0.341943/0.0311425/0.239337/0.11687/0,-0.35422/0.00737841/-0.152034/-0.073842/0.338594,R_1WCsP4MTfRGSZ0t,counterfactual,additive_exemplar
1,7,130206,-1,bmi,insulin,0/0/0/-0.161079/0,0/0/-0.118527/0/0,0/0/0/-0.133307/0,0.26130140664459695,0.0,6.0,0.025,0.0,0,0.0,0.0998486/0.129651/0.211986/0.184879/0,-0.106196/-0.086921/-0.118527/-0.133307/0.215584,R_1WCsP4MTfRGSZ0t,counterfactual,additive_exemplar
2,8,130207,-1,bmi,insulin,0/0/0/-0.157322/0,0/0/-0.415743/0/0,0/0/0/-0.0840077/0,0.17776914761802196,0.0,6.0,0.025,0.0,0,0.0,0.13409/0/0.567694/0.144192/0,-0.116658/0.0844368/-0.415743/-0.0840077/0.0926465,R_1WCsP4MTfRGSZ0t,counterfactual,additive_exemplar
3,9,130208,-1,bmi,insulin,0/0/0/-0.156541/0,0/0/-0.0415898/0/0,0/0/0/0.0129664/0,0.2209120762146558,2.0,6.0,0.025,0.0,0,0.0,0/0/0.101298/0.032993/0,0.216217/0.116458/-0.0415898/0.0129664/-0.52074,R_1WCsP4MTfRGSZ0t,counterfactual,additive_exemplar
4,10,130209,-1,bmi,bmi,0/0/0/-0.12/0,0/0/0/-0.401984/0,0/0/0/-0.401984/0,0.3932438504099048,0.0,6.0,0.025,0.0,0,0.025,0/0.300022/0.108231/0.416558/0,0.130371/-0.261856/-0.0389651/-0.376984/0.13054,R_1WCsP4MTfRGSZ0t,counterfactual,additive_exemplar
0,11,130300,1,bmi,bmi,0/0/0/0.140489/0,0/0/0/0.17557/0,0/0/0/0.17557/0,0.5164931473840789,0.0,12.0,0.025,0.0,0,0.025,0/0/0.0666962/0.232366/0,-0.392107/-0.0958389/0.0195991/0.15057/0.376119,R_1WCsP4MTfRGSZ0t,counterfactual,additive_exemplar
1,12,130301,1,bmi,bmi,0/0/0/0.156339/0,0/0/0/0.221723/0,0/0/0/0.221723/0,0.4318111258001014,0.0,6.0,0.025,0.0,0,0.0,0/0.0819172/0.136997/0.30318/0,-0.247846/0.0462111/0.0963265/0.221723/0.173481,R_1WCsP4MTfRGSZ0t,counterfactual,additive_exemplar
2,13,130302,1,blood_pressure,blood_pressure,0/0.152174/0/0/0,0/0.382014/0/0/0,0/0.382014/0/0/0,0.3953796624702463,0.0,6.0,0.025,0.0,0,0.0,0/0.414335/0.0853552/0.314275/0,-0.0416703/0.382014/0.0496311/0.231493/0.0242393,R_1WCsP4MTfRGSZ0t,counterfactual,additive_exemplar
3,14,130303,1,bmi,bmi,0/0/0/0.140489/0,0/0/0/0.381107/0,0/0/0/0.381107/0,0.4755260277823476,2.0,6.0,0.025,0.0,0,0.0,0/0.0858172/0.127116/0.444799/0,0.0157708/0.0581368/0.0807995/0.381107/-0.366824,R_1WCsP4MTfRGSZ0t,counterfactual,additive_exemplar
4,15,130304,1,bmi,bmi,0/0/0/0.150728/0,0/0/0/0.0793538/0,0/0/0/0.0793538/0,0.40912917930433884,0.0,6.0,0.025,0.0,0,0.025,0/0.109382/0/0.125997/0,-0.0438189/0.0681869/-0.181088/0.0543538/0.145486,R_1WCsP4MTfRGSZ0t,counterfactual,additive_exemplar
0,16,130305,1,insulin,glucose,0/0/0.148478/0/0,0.129702/0/0/0/0,0/0/-0.0372769/0/0,0.11425448877861757,0.0,12.0,0.025,0.0,0,0.025,0.0998434/0/0.00374075/0/0,0.104702/-0.333569/-0.0622769/-0.334314/0.357694,R_1WCsP4MTfRGSZ0t,counterfactual,additive_exemplar
1,17,130306,1,insulin,insulin,0/0/0.148478/0/0,0/0/0.144649/0/0,0/0/0.144649/0/0,0.41767559546355193,0.0,6.0,0.025,0.0,0,0.0,0.15727/0/0.19385/0/0,0.170338/-0.195148/0.144649/-0.0671924/-0.123572,R_1WCsP4MTfRGSZ0t,counterfactual,additive_exemplar
2,18,130307,1,blood_pressure,glucose,0/0.152174/0/0/0,0.321945/0/0/0/0,0/-0.0199823/0/0/0,0.09922530415472373,0.0,6.0,0.025,0.0,0,0.0,0.299633/0.0135841/0.0317198/0.0786053/0,0.321945/-0.0199823/-0.0115103/0.0153706/-0.238962,R_1WCsP4MTfRGSZ0t,counterfactual,additive_exemplar
3,19,130308,1,bmi,bmi,0/0/0/0.154484/0,0/0/0/0.148101/0,0/0/0/0.148101/0,0.3960937231556817,2.0,6.0,0.025,0.0,0,0.0,0.0344088/0/0.16624/0.209152/0,0.0491359/-0.360527/0.0986326/0.148101/-0.226188,R_1WCsP4MTfRGSZ0t,counterfactual,additive_exemplar
4,20,130309,1,blood_pressure,bmi,0/0.152174/0/0/0,0/0/0/-0.186433/0,0/-0.150223/0/0/0,0.2650540726347454,0.0,6.0,0.025,0.0,0,0.025,0.0121356/0.0789898/0.0503361/0.11654/0,-0.0199939/-0.125223/-0.169909/-0.161433/0.328458,R_1WCsP4MTfRGSZ0t,counterfactual,additive_exemplar
0,1,130200,-1,bmi,glucose,0/0/0/-0.158783/0,-0.111234/0/0/0/0,0/0/0/0.208099/0,0.07573177887158991,0.0,0.0,0.025,0.0,0,0.0,0.113359/0.0652174/0/0/0,-0.111234/-0.0181159/0.221514/0.208099/-0.259009,R_1WCsP4MTfRGSZ0t,counterfactual,additive_prototype
1,2,130201,-1,bmi,glucose,0/0/0/-0.152588/0,-0.0687241/0/0/0/0,0/0/0/0.264295/0,0.09814066441933503,0.0,0.0,0.025,0.0,0,0.0,0.0708496/0/0/0/0,-0.0687241/0.199275/0.165835/0.264295/-0.177928,R_1WCsP4MTfRGSZ0t,counterfactual,additive_prototype
2,3,130202,-1,bmi,insulin,0/0/0/-0.15415/0,0/0/-0.0424469/0/0,0/0/0/0.102733/0,0.08933109935037223,0.0,0.0,0.025,0.0,0,0.0,0.0283399/0/0.147103/0/0,-0.0262144/0.112319/-0.0424469/0.102733/-0.123874,R_1WCsP4MTfRGSZ0t,counterfactual,additive_prototype
3,4,130203,-1,bmi,blood_pressure,0/0/0/-0.157322/0,0/-0.129886/0/0/0,0/0/0/-0.0763469/0,0.20692698827314504,1.0,0.0,0.025,0.0,0,0.0,0.154279/0.174726/0.105168/0.122898/0,-0.134233/-0.129886/0.0405757/-0.0763469/0.134515,R_1WCsP4MTfRGSZ0t,counterfactual,additive_prototype
4,5,130204,-1,bmi,glucose,0/0/0/-0.152588/0,-0.111234/0/0/0/0,0/0/0/0.264295/0,0.07322233990202195,0.0,0.0,0.025,0.0,0,0.0,0.113359/0/0.0749264/0/0,-0.111234/0.0688406/0.02973/0.264295/-0.0968468,R_1WCsP4MTfRGSZ0t,counterfactual,additive_prototype
0,6,130205,-1,bmi,glucose,0/0/0/-0.140489/0,-0.340787/0/0/0/0,0/0/0/-0.111513/0,0.19738776378745163,0.0,0.0,0.025,0.0,0,0.0,0.342912/0.0652174/0.281146/0.179123/0,-0.340787/-0.0181159/-0.17649/-0.111513/0.362613,R_1WCsP4MTfRGSZ0t,counterfactual,additive_prototype
1,7,130206,-1,bmi,insulin,0/0/0/-0.161079/0,0/0/-0.133183/0/0,0/0/0/-0.164196/0,0.28176964392967346,0.0,0.0,0.025,0.0,0,0.0,0.0963555/0.152174/0.23784/0.231807/0,-0.09423/-0.105072/-0.133183/-0.164196/0.227477,R_1WCsP4MTfRGSZ0t,counterfactual,additive_prototype
2,8,130207,-1,bmi,insulin,0/0/0/-0.157322/0,0/0/-0.479632/0/0,0/0/0/-0.0904397/0,0.1828904055363686,0.0,0.0,0.025,0.0,0,0.0,0.138865/0/0.584289/0.15805/0,-0.13674/0.0688406/-0.479632/-0.0904397/0.146396,R_1WCsP4MTfRGSZ0t,counterfactual,additive_prototype
3,9,130208,-1,bmi,insulin,0/0/0/-0.156541/0,0/0/0.0308922/0/0,0/0/0/-0.000548599/0,0.28402239650683275,1.0,0.0,0.025,0.0,0,0.0,0/0/0.101636/0.0546824/0,0.260247/0.123802/0.0308922/-0.000548599/-0.581231,R_1WCsP4MTfRGSZ0t,counterfactual,additive_prototype
4,10,130209,-1,bmi,bmi,0/0/0/-0.12/0,0/0/0/-0.423117/0,0/0/0/-0.423117/0,0.4001065419332183,0.0,0.0,0.025,0.0,0,0.0,0/0.326087/0.130606/0.490728/0,0.160829/-0.278986/-0.0259493/-0.423117/0.119369,R_1WCsP4MTfRGSZ0t,counterfactual,additive_prototype
0,11,130300,1,bmi,bmi,0/0/0/0.140489/0,0/0/0/0.169465/0,0/0/0/0.169465/0,0.4462763419988549,0.0,0.0,0.025,0.0,0,0.0,0/0/0.150884/0.237075/0,-0.4003/-0.105072/0.0462276/0.169465/0.362613,R_1WCsP4MTfRGSZ0t,counterfactual,additive_prototype
1,12,130301,1,bmi,bmi,0/0/0/0.156339/0,0/0/0/0.243221/0,0/0/0/0.243221/0,0.35869065063901195,0.0,0.0,0.025,0.0,0,0.0,0/0.115942/0.274616/0.310832/0,-0.238763/0.0688406/0.169959/0.243221/0.119369,R_1WCsP4MTfRGSZ0t,counterfactual,additive_prototype
2,13,130302,1,blood_pressure,blood_pressure,0/0.152174/0/0/0,0/0.416667/0/0/0,0/0.416667/0/0/0,0.3622154081310192,0.0,0.0,0.025,0.0,0,0.0,0/0.463768/0.243683/0.324881/0,-0.0262144/0.416667/0.139026/0.25727/-0.0427928,R_1WCsP4MTfRGSZ0t,counterfactual,additive_prototype
3,14,130303,1,bmi,bmi,0/0/0/0.140489/0,0/0/0/0.386865/0,0/0/0/0.386865/0,0.3804549024155075,1.0,0.0,0.025,0.0,0,0.0,0.0573909/0.123859/0.297481/0.444615/0,0.045862/0.0771649/0.171756/0.386865/-0.439614,R_1WCsP4MTfRGSZ0t,counterfactual,additive_prototype
4,15,130304,1,bmi,bmi,0/0/0/0.150728/0,0/0/0/0.0676103/0,0/0/0/0.0676103/0,0.4107119786336358,0.0,0.0,0.025,0.0,0,0.0,0/0.115942/0/0.135221/0,-0.0517202/0.0688406/-0.17649/0.0676103/0.146396,R_1WCsP4MTfRGSZ0t,counterfactual,additive_prototype
0,16,130305,1,insulin,glucose,0/0/0.148478/0/0,0.152327/0/0/0/0,0/0/-0.0671932/0/0,0.1929497107240378,0.0,0.0,0.025,0.0,0,0.0,0.154452/0/0.0374632/0/0,0.152327/-0.365942/-0.0671932/-0.423117/0.362613,R_1WCsP4MTfRGSZ0t,counterfactual,additive_prototype
1,17,130306,1,insulin,insulin,0/0/0.148478/0/0,0/0/0.211203/0/0,0/0/0.211203/0/0,0.4438388864955979,0.0,0.0,0.025,0.0,0,0.0,0.205464/0/0.31586/0/0,0.203338/-0.192029/0.211203/-0.0799031/-0.177928,R_1WCsP4MTfRGSZ0t,counterfactual,additive_prototype
2,18,130307,1,blood_pressure,glucose,0/0.152174/0/0/0,0.347872/0/0/0/0,0/-0.0181159/0/0/0,0.1005135933218615,0.0,0.0,0.025,0.0,0,0.0,0.349997/0.0289855/0.152946/0.0755128/0,0.347872/-0.0181159/0.0482898/0.0079025/-0.286036,R_1WCsP4MTfRGSZ0t,counterfactual,additive_prototype
3,19,130308,1,bmi,insulin,0/0/0/0.154484/0,0/0/0.156932/0/0,0/0/0/0.146617/0,0.302453901131853,1.0,0.0,0.025,0.0,0,0.0,0.0800682/0/0.278523/0.206457/0,0.0704083/-0.359409/0.156932/0.146617/-0.273667,R_1WCsP4MTfRGSZ0t,counterfactual,additive_prototype
4,20,130309,1,blood_pressure,bmi,0/0.152174/0/0/0,0/0/0/-0.195806/0,0/-0.148551/0/0/0,0.255446887150109,0.0,0.0,0.025,0.0,0,0.0,0.0155869/0.101449/0.10689/0.128196/0,-0.0177124/-0.148551/-0.211547/-0.195806/0.362613,R_1WCsP4MTfRGSZ0t,counterfactual,additive_prototype
0,1,130200,-1,bmi,bmi,0/0/0/-0.158783/0,0/0/0/0.140489/0,0/0/0/0.140489/0,0.4217379207836945,0.0,0.0,0.1,0.0,0,0.0,0.002896/0.0634306/0.0854704/0.140489/0,-0.002896/-0.0634306/0.0854704/0.140489/-0.0461183,R_1WCsP4MTfRGSZ0t,counterfactual,base_exemplar
1,2,130201,-1,bmi,bmi,0/0/0/-0.152588/0,0/0/0/0.196684/0,0/0/0/0.196684/0,0.4262785988648806,0.0,0.0,0.05,0.0,0,0.0,0.00181/0.148005/0.0447463/0.196684/0,-0.00181/0.148005/0.0447463/0.196684/-0.0327291,R_1WCsP4MTfRGSZ0t,counterfactual,base_exemplar
2,3,130202,-1,bmi,insulin,0/0/0/-0.15415/0,0/0/-0.108083/0/0,0/0/0/0.0249511/0,0.12498368580252894,0.0,2.0,0.1,0.0,0,0.0,0.000599158/0.0614335/0.108083/0.0249511/0,-0.000599158/0.0614335/-0.108083/0.0249511/-0.0234942,R_1WCsP4MTfRGSZ0t,counterfactual,base_exemplar
3,4,130203,-1,bmi,blood_pressure,0/0/0/-0.157322/0,0/-0.190292/0/0/0,0/0/0/-0.15805/0,0.3201103039596939,0.0,0.0,0.05,0.0,0,0.0,0.00376481/0.190292/0.0804427/0.15805/0,-0.00376481/-0.190292/-0.0804427/-0.15805/0.0252907,R_1WCsP4MTfRGSZ0t,counterfactual,base_exemplar
4,5,130204,-1,bmi,bmi,0/0/0/-0.152588/0,0/0/0/0.196684/0,0/0/0/0.196684/0,0.5663285857362816,0.0,0.0,0.05,0.0,0,0.0,0.002896/0.0211435/0.0548016/0.196684/0,-0.002896/0.0211435/-0.0548016/0.196684/-0.0193399,R_1WCsP4MTfRGSZ0t,counterfactual,base_exemplar
0,6,130205,-1,bmi,insulin,0/0/0/-0.140489/0,0/0/-0.205632/0/0,0/0/0/-0.179123/0,0.3440179777355748,0.0,0.0,0.1,0.0,0,0.0,0.00876041/0.0634306/0.205632/0.179123/0,-0.00876041/-0.0634306/-0.205632/-0.179123/0.0565321,R_1WCsP4MTfRGSZ0t,counterfactual,base_exemplar
1,7,130206,-1,bmi,bmi,0/0/0/-0.161079/0,0/0/0/-0.231807/0,0/0/0/-0.231807/0,0.3622327420339493,0.0,0.0,0.05,0.0,0,0.0,0.0024616/0.148005/0.173957/0.231807/0,-0.0024616/-0.148005/-0.173957/-0.231807/0.0342168,R_1WCsP4MTfRGSZ0t,counterfactual,base_exemplar
2,8,130207,-1,bmi,insulin,0/0/0/-0.157322/0,0/0/-0.423183/0/0,0/0/0/-0.153281/0,0.23010907740657438,0.0,2.0,0.1,0.0,0,0.0,0.00350322/0.0250796/0.423183/0.153281/0,-0.00350322/0.0250796/-0.423183/-0.153281/0.0197727,R_1WCsP4MTfRGSZ0t,counterfactual,base_exemplar
3,9,130208,-1,bmi,bmi,0/0/0/-0.156541/0,0/0/0/-0.0772689/0,0/0/0/-0.0772689/0,0.30634661847584227,0.0,0.0,0.05,0.0,0,0.0,0.00644361/0.0634306/0.0759178/0.0772689/0,0.00644361/0.0634306/-0.0759178/-0.0772689/-0.0952119,R_1WCsP4MTfRGSZ0t,counterfactual,base_exemplar
4,10,130209,-1,bmi,bmi,0/0/0/-0.12/0,0/0/0/-0.490728/0,0/0/0/-0.490728/0,0.4532446709195854,0.0,0.0,0.05,0.0,0,0.0,0.00405441/0.317153/0.0955257/0.490728/0,0.00405441/-0.317153/-0.0955257/-0.490728/0.0163646,R_1WCsP4MTfRGSZ0t,counterfactual,base_exemplar
0,11,130300,1,bmi,bmi,0/0/0/0.140489/0,0/0/0/0.237075/0,0/0/0/0.237075/0,0.5008363540125783,0.0,0.0,0.1,0.0,0,0.0,0.0101722/0.0563827/0.110357/0.237075/0,-0.0101722/-0.0563827/0.110357/0.237075/0.0632267,R_1WCsP4MTfRGSZ0t,counterfactual,base_exemplar
1,12,130301,1,bmi,bmi,0/0/0/0.156339/0,0/0/0/0.310832/0,0/0/0/0.310832/0,0.41925650764145317,0.0,0.0,0.05,0.0,0,0.0,0.00604541/0.112765/0.200855/0.310832/0,-0.00604541/0.112765/0.200855/0.310832/0.0230591,R_1WCsP4MTfRGSZ0t,counterfactual,base_exemplar
2,13,130302,1,blood_pressure,blood_pressure,0/0.152174/0/0/0,0/0.434991/0/0/0,0/0.434991/0/0/0,0.4284665451746507,0.0,2.0,0.1,0.0,0,0.0,0.00107312/0.434991/0.132693/0.322005/0,-0.00107312/0.434991/0.132693/0.322005/0.00363482,R_1WCsP4MTfRGSZ0t,counterfactual,base_exemplar
3,14,130303,1,bmi,bmi,0/0/0/0.140489/0,0/0/0/0.447808/0,0/0/0/0.447808/0,0.493039892392481,0.0,0.0,0.05,0.0,0,0.0,0.0011222/0.112765/0.185772/0.447808/0,0.0011222/0.112765/0.185772/0.447808/-0.066202,R_1WCsP4MTfRGSZ0t,counterfactual,base_exemplar
4,15,130304,1,bmi,bmi,0/0/0/0.150728/0,0/0/0/0.135221/0,0/0/0/0.135221/0,0.3860816287978356,0.0,0.0,0.05,0.0,0,0.0,0.001267/0.112765/0.0525392/0.135221/0,-0.001267/0.112765/-0.0525392/0.135221/0.0275222,R_1WCsP4MTfRGSZ0t,counterfactual,base_exemplar
0,16,130305,1,insulin,bmi,0/0/0.148478/0/0,0/0/0/-0.355507/0,0/0/0.0274008/0/0,0.05184104845949491,0.0,0.0,0.1,0.0,0,0.0,0.00394581/0.310105/0.0274008/0.355507/0,0.00394581/-0.310105/0.0274008/-0.355507/0.0632267,R_1WCsP4MTfRGSZ0t,counterfactual,base_exemplar
1,17,130306,1,insulin,insulin,0/0/0.148478/0/0,0/0/0.231021/0/0,0/0/0.231021/0/0,0.48902785085635464,0.0,0.0,0.05,0.0,0,0.0,0.00524901/0.140957/0.231021/0.0122928/0,0.00524901/-0.140957/0.231021/-0.0122928/-0.0260345,R_1WCsP4MTfRGSZ0t,counterfactual,base_exemplar
2,18,130307,1,blood_pressure,bmi,0/0.152174/0/0/0,0/0/0/0.0767273/0,0/0.0217146/0/0/0,0.1121711098715061,0.0,2.0,0.1,0.0,0,0.0,0.0084405/0.0217146/0.076546/0.0767273/0,0.0084405/0.0217146/0.076546/0.0767273/-0.037582,R_1WCsP4MTfRGSZ0t,counterfactual,base_exemplar
3,19,130308,1,bmi,blood_pressure,0/0/0/0.154484/0,0/-0.310105/0/0/0,0/0/0/0.208977/0,0.2671485150954686,0.0,0.0,0.05,0.0,0,0.0,0.0017738/0.310105/0.178231/0.208977/0,0.0017738/-0.310105/0.178231/0.208977/-0.0394237,R_1WCsP4MTfRGSZ0t,counterfactual,base_exemplar
4,20,130309,1,blood_pressure,bmi,0/0.152174/0/0/0,0/0/0/-0.128196/0,0/-0.0986698/0/0/0,0.2865904527656056,0.0,0.0,0.05,0.0,0,0.0,0.000398201/0.0986698/0.0781803/0.128196/0,-0.000398201/-0.0986698/-0.0781803/-0.128196/0.0632267,R_1WCsP4MTfRGSZ0t,counterfactual,base_exemplar
0,1,130200,-1,bmi,bmi,0/0/0/-0.158783/0,0/0/0/0.140489/0,0/0/0/0.140489/0,0.4217379207836945,0.0,0.0,0.1,0.0,0,0.0,0.002896/0.0634306/0.0854704/0.140489/0,-0.002896/-0.0634306/0.0854704/0.140489/-0.0461183,R_1WCsP4MTfRGSZ0t,counterfactual,base_prototype
1,2,130201,-1,bmi,bmi,0/0/0/-0.152588/0,0/0/0/0.196684/0,0/0/0/0.196684/0,0.4262785988648806,0.0,0.0,0.05,0.0,0,0.0,0.00181/0.148005/0.0447463/0.196684/0,-0.00181/0.148005/0.0447463/0.196684/-0.0327291,R_1WCsP4MTfRGSZ0t,counterfactual,base_prototype
2,3,130202,-1,bmi,insulin,0/0/0/-0.15415/0,0/0/-0.107592/0/0,0/0/0/0.0351222/0,0.1581750082340014,0.0,0.0,0.1,0.0,0,0.0,0.000724001/0.0634306/0.107592/0.0351222/0,-0.000724001/0.0634306/-0.107592/0.0351222/-0.023803,R_1WCsP4MTfRGSZ0t,counterfactual,base_prototype
3,4,130203,-1,bmi,blood_pressure,0/0/0/-0.157322/0,0/-0.190292/0/0/0,0/0/0/-0.15805/0,0.3201103039596939,0.0,0.0,0.05,0.0,0,0.0,0.00376481/0.190292/0.0804427/0.15805/0,-0.00376481/-0.190292/-0.0804427/-0.15805/0.0252907,R_1WCsP4MTfRGSZ0t,counterfactual,base_prototype
4,5,130204,-1,bmi,bmi,0/0/0/-0.152588/0,0/0/0/0.196684/0,0/0/0/0.196684/0,0.5663285857362816,0.0,0.0,0.05,0.0,0,0.0,0.002896/0.0211435/0.0548016/0.196684/0,-0.002896/0.0211435/-0.0548016/0.196684/-0.0193399,R_1WCsP4MTfRGSZ0t,counterfactual,base_prototype
0,6,130205,-1,bmi,insulin,0/0/0/-0.140489/0,0/0/-0.205632/0/0,0/0/0/-0.179123/0,0.3440179777355748,0.0,0.0,0.1,0.0,0,0.0,0.00876041/0.0634306/0.205632/0.179123/0,-0.00876041/-0.0634306/-0.205632/-0.179123/0.0565321,R_1WCsP4MTfRGSZ0t,counterfactual,base_prototype
1,7,130206,-1,bmi,bmi,0/0/0/-0.161079/0,0/0/0/-0.231807/0,0/0/0/-0.231807/0,0.3622327420339493,0.0,0.0,0.05,0.0,0,0.0,0.0024616/0.148005/0.173957/0.231807/0,-0.0024616/-0.148005/-0.173957/-0.231807/0.0342168,R_1WCsP4MTfRGSZ0t,counterfactual,base_prototype
2,8,130207,-1,bmi,insulin,0/0/0/-0.157322/0,0/0/-0.427352/0/0,0/0/0/-0.15805/0,0.2347762706249214,0.0,0.0,0.1,0.0,0,0.0,0.0035476/0.0211435/0.427352/0.15805/0,-0.0035476/0.0211435/-0.427352/-0.15805/0.0208276,R_1WCsP4MTfRGSZ0t,counterfactual,base_prototype
3,9,130208,-1,bmi,bmi,0/0/0/-0.156541/0,0/0/0/-0.0772689/0,0/0/0/-0.0772689/0,0.30634661847584227,0.0,0.0,0.05,0.0,0,0.0,0.00644361/0.0634306/0.0759178/0.0772689/0,0.00644361/0.0634306/-0.0759178/-0.0772689/-0.0952119,R_1WCsP4MTfRGSZ0t,counterfactual,base_prototype
4,10,130209,-1,bmi,bmi,0/0/0/-0.12/0,0/0/0/-0.490728/0,0/0/0/-0.490728/0,0.4532446709195854,0.0,0.0,0.05,0.0,0,0.0,0.00405441/0.317153/0.0955257/0.490728/0,0.00405441/-0.317153/-0.0955257/-0.490728/0.0163646,R_1WCsP4MTfRGSZ0t,counterfactual,base_prototype
0,11,130300,1,bmi,bmi,0/0/0/0.140489/0,0/0/0/0.237075/0,0/0/0/0.237075/0,0.5008363540125783,0.0,0.0,0.1,0.0,0,0.0,0.0101722/0.0563827/0.110357/0.237075/0,-0.0101722/-0.0563827/0.110357/0.237075/0.0632267,R_1WCsP4MTfRGSZ0t,counterfactual,base_prototype
1,12,130301,1,bmi,bmi,0/0/0/0.156339/0,0/0/0/0.310832/0,0/0/0/0.310832/0,0.41925650764145317,0.0,0.0,0.05,0.0,0,0.0,0.00604541/0.112765/0.200855/0.310832/0,-0.00604541/0.112765/0.200855/0.310832/0.0230591,R_1WCsP4MTfRGSZ0t,counterfactual,base_prototype
2,13,130302,1,blood_pressure,blood_pressure,0/0.152174/0/0/0,0/0.451062/0/0/0,0/0.451062/0/0/0,0.41450684752513206,0.0,0.0,0.1,0.0,0,0.0,0.000615401/0.451062/0.178231/0.324881/0,-0.000615401/0.451062/0.178231/0.324881/-0.00371922,R_1WCsP4MTfRGSZ0t,counterfactual,base_prototype
3,14,130303,1,bmi,bmi,0/0/0/0.140489/0,0/0/0/0.447808/0,0/0/0/0.447808/0,0.493039892392481,0.0,0.0,0.05,0.0,0,0.0,0.0011222/0.112765/0.185772/0.447808/0,0.0011222/0.112765/0.185772/0.447808/-0.066202,R_1WCsP4MTfRGSZ0t,counterfactual,base_prototype
4,15,130304,1,bmi,bmi,0/0/0/0.150728/0,0/0/0/0.135221/0,0/0/0/0.135221/0,0.3860816287978356,0.0,0.0,0.05,0.0,0,0.0,0.001267/0.112765/0.0525392/0.135221/0,-0.001267/0.112765/-0.0525392/0.135221/0.0275222,R_1WCsP4MTfRGSZ0t,counterfactual,base_prototype
0,16,130305,1,insulin,bmi,0/0/0.148478/0/0,0/0/0/-0.355507/0,0/0/0.0274008/0/0,0.05184104845949491,0.0,0.0,0.1,0.0,0,0.0,0.00394581/0.310105/0.0274008/0.355507/0,0.00394581/-0.310105/0.0274008/-0.355507/0.0632267,R_1WCsP4MTfRGSZ0t,counterfactual,base_prototype
1,17,130306,1,insulin,insulin,0/0/0.148478/0/0,0/0/0.231021/0/0,0/0/0.231021/0/0,0.48902785085635464,0.0,0.0,0.05,0.0,0,0.0,0.00524901/0.140957/0.231021/0.0122928/0,0.00524901/-0.140957/0.231021/-0.0122928/-0.0260345,R_1WCsP4MTfRGSZ0t,counterfactual,base_prototype
2,18,130307,1,blood_pressure,insulin,0/0.152174/0/0/0,0/0/0.111866/0/0,0/0.0281914/0/0/0,0.12121866661292906,0.0,0.0,0.1,0.0,0,0.0,0.00894141/0.0281914/0.111866/0.0755128/0,0.00894141/0.0281914/0.111866/0.0755128/-0.0438868,R_1WCsP4MTfRGSZ0t,counterfactual,base_prototype
3,19,130308,1,bmi,blood_pressure,0/0/0/0.154484/0,0/-0.310105/0/0/0,0/0/0/0.208977/0,0.2671485150954686,0.0,0.0,0.05,0.0,0,0.0,0.0017738/0.310105/0.178231/0.208977/0,0.0017738/-0.310105/0.178231/0.208977/-0.0394237,R_1WCsP4MTfRGSZ0t,counterfactual,base_prototype
4,20,130309,1,blood_pressure,bmi,0/0.152174/0/0/0,0/0/0/-0.128196/0,0/-0.0986698/0/0/0,0.2865904527656056,0.0,0.0,0.05,0.0,0,0.0,0.000398201/0.0986698/0.0781803/0.128196/0,-0.000398201/-0.0986698/-0.0781803/-0.128196/0.0632267,R_1WCsP4MTfRGSZ0t,counterfactual,base_prototype
0,1,130200,-1,bmi,glucose,0/0/0/-0.158783/0,-0.272739/0/0/0/0,0/0/0/0.0503453/0,0.12557372899052316,0.0,6.0,0.05,0.25,0,0.0,0.184023/0.0322354/0.055937/0.033969/0,-0.272739/-0.0991006/0.171966/0.0503453/0,R_1WCsP4MTfRGSZ0t,counterfactual,counterfactual_exemplar
1,2,130201,-1,bmi,glucose,0/0/0/-0.152588/0,-0.181585/0/0/0/0,0/0/0/-0.0772465/0,0.22655426980615212,0.0,6.0,0.05,0.75,0,0.0,0.131236/0.0222245/0.0166384/0.0558279/0,-0.181585/-0.0801528/-0.0600065/-0.0772465/0,R_1WCsP4MTfRGSZ0t,counterfactual,counterfactual_exemplar
2,3,130202,-1,bmi,bmi,0/0/0/-0.15415/0,0/0/0/-0.157115/0,0/0/0/-0.157115/0,0.3061018114685802,0.0,24.0,0.05,1.0,0,0.0,0.104198/0.048562/0.0493471/0.106976/0,-0.153035/-0.152174/-0.154634/-0.157115/0,R_1WCsP4MTfRGSZ0t,counterfactual,counterfactual_exemplar
3,4,130203,-1,bmi,glucose,0/0/0/-0.157322/0,-0.203331/0/0/0/0,0/0/0/-0.158047/0,0.20584432263833946,0.0,12.0,0.05,0.75,0,0.0,0.0929587/0.0917651/0.0630233/0.0722559/0,-0.203331/-0.169052/-0.116104/-0.158047/0,R_1WCsP4MTfRGSZ0t,counterfactual,counterfactual_exemplar
4,5,130204,-1,bmi,glucose,0/0/0/-0.152588/0,-0.190526/0/0/0/0,0/0/0/-0.0779156/0,0.18476340656046455,0.0,12.0,0.05,0.75,0,0.0,0.1221/0.0416901/0.0441999/0.0499325/0,-0.190526/-0.116081/-0.123069/-0.0779156/0,R_1WCsP4MTfRGSZ0t,counterfactual,counterfactual_exemplar
0,6,130205,-1,bmi,glucose,0/0/0/-0.140489/0,-0.455567/0/0/0/0,0/0/0/-0.17532/0,0.2063568123660073,0.0,6.0,0.05,0.25,0,0.0,0.204666/0.0506996/0.0234748/0.0787636/0,-0.455567/-0.0920566/-0.0426239/-0.17532/0,R_1WCsP4MTfRGSZ0t,counterfactual,counterfactual_exemplar
1,7,130206,-1,bmi,glucose,0/0/0/-0.161079/0,-0.194902/0/0/0/0,0/0/0/-0.173037/0,0.23142223876537849,0.0,6.0,0.05,0.75,0,0.0,0.0897168/0.0831357/0.0576888/0.0796519/0,-0.194902/-0.154046/-0.106894/-0.173037/0,R_1WCsP4MTfRGSZ0t,counterfactual,counterfactual_exemplar
2,8,130207,-1,bmi,insulin,0/0/0/-0.157322/0,0/0/-0.156921/0/0,0/0/0/-0.158071/0,0.06058517123948291,0.0,24.0,0.05,1.0,0,0.0,0.00955307/0.142675/0.147125/0.00986741/0,-0.153035/-0.152174/-0.156921/-0.158071/0,R_1WCsP4MTfRGSZ0t,counterfactual,counterfactual_exemplar
3,9,130208,-1,bmi,bmi,0/0/0/-0.156541/0,0/0/0/-0.145582/0,0/0/0/-0.145582/0,0.35156413254571656,0.0,12.0,0.05,0.75,0,0.0,0.0688342/0.0340194/0.0436691/0.0989092/0,-0.101315/-0.106114/-0.136213/-0.145582/0,R_1WCsP4MTfRGSZ0t,counterfactual,counterfactual_exemplar
4,10,130209,-1,bmi,bmi,0/0/0/-0.12/0,0/0/0/-0.229974/0,0/0/0/-0.229974/0,0.3172012491795522,0.0,12.0,0.05,0.75,0,0.0,0.0738922/0.0930313/0.0532196/0.123697/0,-0.137379/-0.201311/-0.115162/-0.229974/0,R_1WCsP4MTfRGSZ0t,counterfactual,counterfactual_exemplar
0,11,130300,1,bmi,bmi,0/0/0/0.140489/0,0/0/0/0.151674/0,0/0/0/0.151674/0,0.30123670763467736,0.0,6.0,0.05,0.25,0,0.0,0.0515087/0.038324/0.058438/0.0764432/0,-0.1022/0.0772659/0.117818/0.151674/0,R_1WCsP4MTfRGSZ0t,counterfactual,counterfactual_exemplar
1,12,130301,1,bmi,bmi,0/0/0/0.156339/0,0/0/0/0.171775/0,0/0/0/0.171775/0,0.29443307005469704,0.0,6.0,0.05,0.75,0,0.0,0.0611251/0.0701793/0.0712589/0.100647/0,0.104323/0.169484/0.172091/0.171775/0,R_1WCsP4MTfRGSZ0t,counterfactual,counterfactual_exemplar
2,13,130302,1,blood_pressure,glucose,0/0.152174/0/0/0,0.153035/0/0/0/0,0/0.152174/0/0/0,0.08106854367383688,0.0,24.0,0.05,1.0,0,0.0,0.134167/0.0187617/0.019231/0.133757/0,0.153035/0.152174/0.15598/0.152568/0,R_1WCsP4MTfRGSZ0t,counterfactual,counterfactual_exemplar
3,14,130303,1,bmi,bmi,0/0/0/0.140489/0,0/0/0/0.205093/0,0/0/0/0.205093/0,0.3243947276021123,0.0,12.0,0.05,0.75,0,0.0,0.113915/0.0585489/0.0567405/0.133849/0,0.174549/0.168546/0.163341/0.205093/0,R_1WCsP4MTfRGSZ0t,counterfactual,counterfactual_exemplar
4,15,130304,1,bmi,glucose,0/0/0/0.150728/0,0.159795/0/0/0/0,0/0/0/0.128691/0,0.22383720383355704,0.0,12.0,0.05,0.75,0,0.0,0.0837714/0.0809118/0.0410514/0.0674652/0,0.159795/0.17007/0.0862866/0.128691/0,R_1WCsP4MTfRGSZ0t,counterfactual,counterfactual_exemplar
0,16,130305,1,insulin,glucose,0/0/0.148478/0/0,0.314598/0/0/0/0,0/0/0.0463635/0/0,0.1053732278751649,0.0,6.0,0.05,0.25,0,0.0,0.10538/0.0769927/0.0308332/0.0978139/0,0.314598/-0.115773/0.0463635/-0.292009/0,R_1WCsP4MTfRGSZ0t,counterfactual,counterfactual_exemplar
1,17,130306,1,insulin,insulin,0/0/0.148478/0/0,0/0/0.184503/0/0,0/0/0.184503/0/0,0.3337310369303847,0.0,6.0,0.05,0.75,0,0.0,0.0822102/0.0632367/0.111709/0.0365373/0,0.20837/0.104444/0.184503/0.0926076/0,R_1WCsP4MTfRGSZ0t,counterfactual,counterfactual_exemplar
2,18,130307,1,blood_pressure,insulin,0/0.152174/0/0/0,0/0/0.15699/0/0,0/0.152174/0/0/0,0.3676781813621985,0.0,24.0,0.05,1.0,0,0.0,0.021088/0.131205/0.135357/0.0213663/0,0.153035/0.152174/0.15699/0.155055/0,R_1WCsP4MTfRGSZ0t,counterfactual,counterfactual_exemplar
3,19,130308,1,bmi,insulin,0/0/0/0.154484/0,0/0/0.163415/0/0,0/0/0/0.14704/0,0.2295438987241496,0.0,12.0,0.05,0.75,0,0.0,0.0830934/0.0324478/0.0870062/0.0687524/0,0.177711/0.0609435/0.163415/0.14704/0,R_1WCsP4MTfRGSZ0t,counterfactual,counterfactual_exemplar
4,20,130309,1,blood_pressure,blood_pressure,0/0.152174/0/0/0,0/0.118003/0/0/0,0/0.118003/0/0/0,0.36621229533182553,0.0,12.0,0.05,0.75,0,0.0,0.0401748/0.0904514/0.0690605/0.0146945/0,0.172067/0.118003/0.0900966/0.0629359/0,R_1WCsP4MTfRGSZ0t,counterfactual,counterfactual_exemplar
0,1,130200,-1,bmi,glucose,0/0/0/-0.158783/0,-0.196253/0/0/0/0,0/0/0/-0.0848787/0,0.19152850877570626,0.0,0.0,0.05,0.75,0,0.0,0.0981267/0.0652174/0.00386662/0.0424394/0,-0.196253/-0.130435/-0.00773323/-0.0848787/0,R_1WCsP4MTfRGSZ0t,counterfactual,counterfactual_prototype
1,2,130201,-1,bmi,glucose,0/0/0/-0.152588/0,-0.185626/0/0/0/0,0/0/0/-0.0708298/0,0.19050453647096355,0.0,0.0,0.05,0.75,0,0.0,0.092813/0.0380435/0.0108265/0.0354149/0,-0.185626/-0.076087/-0.0216531/-0.0708298/0,R_1WCsP4MTfRGSZ0t,counterfactual,counterfactual_prototype
2,3,130202,-1,bmi,glucose,0/0/0/-0.15415/0,-0.174999/0/0/0/0,0/0/0/-0.11122/0,0.22223058388948752,0.0,0.0,0.05,0.75,0,0.0,0.0874993/0.048913/0.0368618/0.0556102/0,-0.174999/-0.0978261/-0.0737235/-0.11122/0,R_1WCsP4MTfRGSZ0t,counterfactual,counterfactual_prototype
3,4,130203,-1,bmi,glucose,0/0/0/-0.157322/0,-0.204755/0/0/0/0,0/0/0/-0.159513/0,0.24325103103299314,0.0,0.0,0.05,0.75,0,0.0,0.102378/0.0815217/0.0322218/0.0797567/0,-0.204755/-0.163043/-0.0644436/-0.159513/0,R_1WCsP4MTfRGSZ0t,counterfactual,counterfactual_prototype
4,5,130204,-1,bmi,glucose,0/0/0/-0.152588/0,-0.196253/0/0/0/0,0/0/0/-0.0708298/0,0.161471964722753,0.0,0.0,0.05,0.75,0,0.0,0.0981267/0.0543478/0.0278396/0.0354149/0,-0.196253/-0.108696/-0.0556793/-0.0708298/0,R_1WCsP4MTfRGSZ0t,counterfactual,counterfactual_prototype
0,6,130205,-1,bmi,glucose,0/0/0/-0.140489/0,-0.253642/0/0/0/0,0/0/0/-0.164782/0,0.2288770794037403,0.0,0.0,0.05,0.75,0,0.0,0.126821/0.0652174/0.0536171/0.0823909/0,-0.253642/-0.130435/-0.107234/-0.164782/0,R_1WCsP4MTfRGSZ0t,counterfactual,counterfactual_prototype
1,7,130206,-1,bmi,glucose,0/0/0/-0.161079/0,-0.192002/0/0/0/0,0/0/0/-0.177953/0,0.2575944964885972,0.0,0.0,0.05,0.75,0,0.0,0.0960012/0.076087/0.0482038/0.0889763/0,-0.192002/-0.152174/-0.0964077/-0.177953/0,R_1WCsP4MTfRGSZ0t,counterfactual,counterfactual_prototype
2,8,130207,-1,bmi,glucose,0/0/0/-0.157322/0,-0.20263/0/0/0/0,0/0/0/-0.159513/0,0.22147438017833285,0.0,0.0,0.05,0.75,0,0.0,0.101315/0.0543478/0.0915099/0.0797567/0,-0.20263/-0.108696/-0.18302/-0.159513/0,R_1WCsP4MTfRGSZ0t,counterfactual,counterfactual_prototype
3,9,130208,-1,bmi,bmi,0/0/0/-0.156541/0,0/0/0/-0.139318/0,0/0/0/-0.139318/0,0.30444048084243347,0.0,0.0,0.05,0.75,0,0.0,0.0524287/0.048913/0.0314485/0.0696591/0,-0.104857/-0.0978261/-0.062897/-0.139318/0,R_1WCsP4MTfRGSZ0t,counterfactual,counterfactual_prototype
4,10,130209,-1,bmi,bmi,0/0/0/-0.12/0,0/0/0/-0.242683/0,0/0/0/-0.242683/0,0.3346168904903737,0.0,0.0,0.05,0.75,0,0.0,0.0641189/0.0978261/0.0347996/0.121341/0,-0.128238/-0.195652/-0.0695991/-0.242683/0,R_1WCsP4MTfRGSZ0t,counterfactual,counterfactual_prototype
0,11,130300,1,bmi,bmi,0/0/0/0.140489/0,0/0/0/0.154538/0,0/0/0/0.154538/0,0.28169548156220764,0.0,0.0,0.05,0.75,0,0.0,0.0308196/0.0634058/0.0725206/0.0772689/0,0.0616392/0.126812/0.145041/0.154538/0,R_1WCsP4MTfRGSZ0t,counterfactual,counterfactual_prototype
1,12,130301,1,bmi,insulin,0/0/0/0.156339/0,0/0/0.175974/0/0,0/0/0/0.172977/0,0.2492348689079673,0.0,0.0,0.05,0.75,0,0.0,0.0510117/0.0851449/0.087987/0.0864885/0,0.102023/0.17029/0.175974/0.172977/0,R_1WCsP4MTfRGSZ0t,counterfactual,counterfactual_prototype
2,13,130302,1,blood_pressure,blood_pressure,0/0.152174/0/0/0,0/0.257246/0/0/0,0/0.257246/0/0/0,0.30089230040192677,0.0,0.0,0.05,0.75,0,0.0,0.0775803/0.128623/0.0841204/0.0882446/0,0.155161/0.257246/0.168241/0.176489/0,R_1WCsP4MTfRGSZ0t,counterfactual,counterfactual_prototype
3,14,130303,1,bmi,bmi,0/0/0/0.140489/0,0/0/0/0.207221/0,0/0/0/0.207221/0,0.25701471565884276,0.0,0.0,0.05,0.75,0,0.0,0.0860823/0.0851449/0.0854093/0.103611/0,0.172165/0.17029/0.170819/0.207221/0,R_1WCsP4MTfRGSZ0t,counterfactual,counterfactual_prototype
4,15,130304,1,bmi,blood_pressure,0/0/0/0.150728/0,0/0.17029/0/0/0,0/0/0/0.129074/0,0.21853468378325913,0.0,0.0,0.05,0.75,0,0.0,0.0743921/0.0851449/0.0446809/0.0645371/0,0.148784/0.17029/0.0893618/0.129074/0,R_1WCsP4MTfRGSZ0t,counterfactual,counterfactual_prototype
0,16,130305,1,insulin,glucose,0/0/0.148478/0/0,0.199796/0/0/0/0,0/0/0.116686/0/0,0.26991004950772773,0.0,0.0,0.05,0.75,0,0.0,0.099898/0.0307971/0.058343/0.00319612/0,0.199796/0.0615942/0.116686/0.00639225/0,R_1WCsP4MTfRGSZ0t,counterfactual,counterfactual_prototype
1,17,130306,1,insulin,glucose,0/0/0.148478/0/0,0.212549/0/0/0/0,0/0/0.186285/0/0,0.2784429109564486,0.0,0.0,0.05,0.75,0,0.0,0.106274/0.0525362/0.0931425/0.0460979/0,0.212549/0.105072/0.186285/0.0921958/0,R_1WCsP4MTfRGSZ0t,counterfactual,counterfactual_prototype
2,18,130307,1,blood_pressure,glucose,0/0.152174/0/0/0,0.248682/0/0/0/0,0/0.148551/0/0/0,0.20863513745193263,0.0,0.0,0.05,0.75,0,0.0,0.124341/0.0742754/0.0727783/0.0570736/0,0.248682/0.148551/0.145557/0.114147/0,R_1WCsP4MTfRGSZ0t,counterfactual,counterfactual_prototype
3,19,130308,1,bmi,glucose,0/0/0/0.154484/0,0.178541/0/0/0/0,0/0/0/0.147513/0,0.23937327888125376,0.0,0.0,0.05,0.75,0,0.0,0.0892705/0.0307971/0.0841204/0.0737567/0,0.178541/0.0615942/0.168241/0.147513/0,R_1WCsP4MTfRGSZ0t,counterfactual,counterfactual_prototype
4,20,130309,1,blood_pressure,glucose,0/0.152174/0/0/0,0.157286/0/0/0/0,0/0.115942/0/0/0,0.2504396428150559,0.0,0.0,0.05,0.75,0,0.0,0.0786431/0.057971/0.0402987/0.03161/0,0.157286/0.115942/0.0805975/0.06322/0,R_1WCsP4MTfRGSZ0t,counterfactual,counterfactual_prototype
0,1,130200,-1,blood_pressure,insulin,0/-0.195652/0/0/0,0/0/0.246303/0/0,0/-0.100558/0/0/0,0.032176860614835684,4.0,2.0,0.1,0.0,0,0.1,0.00613104/0.000557908/0.146303/0.0385735/0,-0.00613104/-0.000557908/0.146303/0.0385735/-0.144025,R_1uYq1TbMDjqBOoN,none,base_exemplar
1,2,130201,-1,bmi,blood_pressure,0/0/0/-0.142588/0,0/0.381855/0/0/0,0/0/0/0.241895/0,0.14113657455600945,4.0,2.0,0.05,0.0,0,0.2,0.00345988/0.181855/0.0879092/0.0418954/0,-0.00345988/0.181855/0.0879092/0.0418954/-0.0994231,R_1uYq1TbMDjqBOoN,none,base_exemplar
2,3,130202,-1,insulin,insulin,0/0/-0.146416/0/0,0/0/-0.322468/0/0,0/0/-0.322468/0/0,0.4324354871609509,4.0,2.0,0.05,0.0,0,0.2,0.0018583/0.102372/0.122468/0.0128258/0,0.0018583/0.102372/-0.122468/0.0128258/-0.0722565,R_1uYq1TbMDjqBOoN,none,base_exemplar
3,4,130203,-1,blood_pressure,blood_pressure,0/-0.434783/0/0/0,0/-0.211533/0/0/0,0/-0.211533/0/0/0,0.3875864100445169,4.0,2.0,0.05,0.0,0,0.1,0.0356919/0.111533/0.0856843/0.0149065/0,-0.0356919/-0.111533/-0.0856843/-0.0149065/0.0419397,R_1uYq1TbMDjqBOoN,none,base_exemplar
4,5,130204,-1,insulin,blood_pressure,0/0/-0.204157/0/0,0/0.159663/0/0/0,0/0/-0.156022/0/0,0.26625132613261276,4.0,0.0,0.05,0.0,0,0.1,0.0312723/0.0596629/0.0560219/0.0410238/0,-0.0312723/0.0596629/-0.0560219/0.0410238/-0.0536894,R_1uYq1TbMDjqBOoN,none,base_exemplar
0,6,130205,-1,insulin,insulin,0/0/-0.329951/0/0,0/0/-0.360019/0/0,0/0/-0.360019/0/0,0.5722399743952449,4.0,2.0,0.1,0.0,0,0.1,0.105178/0.0104218/0.260019/0.0189733/0,-0.105178/-0.0104218/-0.260019/-0.0189733/0.10542,R_1uYq1TbMDjqBOoN,none,base_exemplar
1,7,130206,-1,insulin,insulin,0/0/-0.156727/0/0,0/0/-0.417984/0/0,0/0/-0.417984/0/0,0.49674251032557565,4.0,2.0,0.05,0.0,0,0.2,0.0297125/0.0821901/0.217984/0.0306166/0,-0.0297125/-0.0821901/-0.217984/-0.0306166/0.0572672,R_1uYq1TbMDjqBOoN,none,base_exemplar
2,8,130207,-1,insulin,insulin,0/0/-0.682587/0/0,0/0/-0.766959/0/0,0/0/-0.766959/0/0,0.632375260880686,4.0,2.0,0.05,0.0,0,0.2,0.044867/0.0549831/0.566959/0.0193033/0,-0.044867/0.0549831/-0.566959/-0.0193033/0.0306251,R_1uYq1TbMDjqBOoN,none,base_exemplar
3,9,130208,-1,insulin,insulin,0/0/-0.0721769/0/0,0/0/-0.192897/0/0,0/0/-0.192897/0/0,0.31270486222040283,4.0,2.0,0.05,0.0,0,0.1,0.0796336/0.0871403/0.0928974/0.0026035/0,0.0796336/0.0871403/-0.0928974/-0.0026035/-0.181009,R_1uYq1TbMDjqBOoN,none,base_exemplar
4,10,130209,-1,blood_pressure,blood_pressure,0/-0.413043/0/0/0,0/-0.336431/0/0/0,0/-0.336431/0/0/0,0.3937272826600272,4.0,0.0,0.05,0.0,0,0.1,0.0492336/0.236431/0.120012/0.110236/0,0.0492336/-0.236431/-0.120012/-0.110236/0.0230658,R_1uYq1TbMDjqBOoN,none,base_exemplar
0,11,130300,1,insulin,insulin,0/0/0.521736/0/0,0/0/0.420508/0/0,0/0/0.420508/0/0,0.545387877960044,4.0,2.0,0.1,0.0,0,0.1,0.110909/0.018268/0.320508/0.0621986/0,-0.110909/-0.018268/0.320508/0.0621986/0.069229,R_1uYq1TbMDjqBOoN,none,base_exemplar
1,12,130301,1,insulin,insulin,0/0/0.255712/0/0,0/0/0.586695/0/0,0/0/0.586695/0/0,0.4848364993128743,4.0,2.0,0.05,0.0,0,0.2,0.06507/0.116115/0.386695/0.0910397/0,-0.06507/0.116115/0.386695/0.0910397/0.0134359,R_1uYq1TbMDjqBOoN,none,base_exemplar
2,13,130302,1,insulin,blood_pressure,0/0/0.435123/0/0,0/0.60789/0/0/0,0/0/0.523601/0/0,0.3355604192561408,4.0,2.0,0.05,0.0,0,0.2,0.00141577/0.40789/0.323601/0.103831/0,-0.00141577/0.40789/0.323601/0.103831/-0.0217425,R_1uYq1TbMDjqBOoN,none,base_exemplar
3,14,130303,1,insulin,insulin,0/0/0.486678/0/0,0/0/0.418249/0/0,0/0/0.418249/0/0,0.44450138063458833,4.0,2.0,0.05,0.0,0,0.1,0.0174491/0.110864/0.318249/0.155828/0,0.0174491/0.110864/0.318249/0.155828/-0.10937,R_1uYq1TbMDjqBOoN,none,base_exemplar
4,15,130304,1,blood_pressure,blood_pressure,0/0.326087/0/0/0,0/0.228206/0/0/0,0/0.228206/0/0/0,0.4131556496323276,4.0,0.0,0.05,0.0,0,0.1,0.00155617/0.128206/0.0886602/0.0461343/0,0.00155617/0.128206/0.0886602/0.0461343/0.00926265,R_1uYq1TbMDjqBOoN,none,base_exemplar
0,16,130305,1,insulin,blood_pressure,0/0/0.48874/0/0,0/-0.355876/0/0/0,0/0/0.270433/0/0,0.23811506620026426,4.0,2.0,0.1,0.0,0,0.1,0.058522/0.255876/0.170433/0.145754/0,0.058522/-0.255876/0.170433/-0.145754/0.0626385,R_1uYq1TbMDjqBOoN,none,base_exemplar
1,17,130306,1,blood_pressure,insulin,0/-0.391304/0/0/0,0/0/0.575578/0/0,0/-0.316884/0/0/0,0.19711816397531806,4.0,2.0,0.05,0.0,0,0.2,0.0647457/0.116884/0.375578/0.00770675/0,0.0647457/-0.116884/0.375578/-0.00770675/-0.0426989,R_1uYq1TbMDjqBOoN,none,base_exemplar
2,18,130307,1,insulin,insulin,0/0/0.604223/0/0,0/0/0.410665/0/0,0/0/0.410665/0/0,0.45549041330052414,4.0,2.0,0.05,0.0,0,0.2,0.105943/0.0393633/0.210665/0.0312826/0,0.105943/0.0393633/0.210665/0.0312826/-0.0620534,R_1uYq1TbMDjqBOoN,none,base_exemplar
3,19,130308,1,insulin,insulin,0/0/0.515549/0/0,0/0/0.405675/0/0,0/0/0.405675/0/0,0.37714925366905855,4.0,2.0,0.05,0.0,0,0.1,0.0240956/0.277224/0.305675/0.0937161/0,0.0240956/-0.277224/0.305675/0.0937161/-0.055143,R_1uYq1TbMDjqBOoN,none,base_exemplar
4,20,130309,1,insulin,blood_pressure,0/0/-0.424812/0/0,0/-0.17044/0/0/0,0/0/0.125092/0/0,0.14666652466185667,4.0,0.0,0.05,0.0,0,0.1,0.00812752/0.07044/0.0250915/0.067077/0,0.00812752/-0.07044/0.0250915/-0.067077/0.051473,R_1uYq1TbMDjqBOoN,none,base_exemplar
0,1,130200,-1,blood_pressure,insulin,0/-0.195652/0/0/0,0/0/0.246534/0/0,0/-0.100529/0/0/0,0.031942983629067355,4.0,0.0,0.1,0.0,0,0.1,0.00637937/0.00052914/0.146534/0.0391775/0,-0.00637937/-0.00052914/0.146534/0.0391775/-0.144239,R_1uYq1TbMDjqBOoN,none,base_prototype
1,2,130201,-1,bmi,blood_pressure,0/0/0/-0.142588/0,0/0.282181/0/0/0,0/0/0/0.142698/0,0.1421148867708418,4.0,0.0,0.05,0.0,0,0.1,0.00382868/0.182181/0.0889769/0.0426976/0,-0.00382868/0.182181/0.0889769/0.0426976/-0.100203,R_1uYq1TbMDjqBOoN,none,base_prototype
2,3,130202,-1,insulin,insulin,0/0/-0.146416/0/0,0/0/-0.222407/0/0,0/0/-0.222407/0/0,0.4324792244814177,4.0,0.0,0.05,0.0,0,0.1,0.0013716/0.102348/0.122407/0.0132495/0,0.0013716/0.102348/-0.122407/0.0132495/-0.0723636,R_1uYq1TbMDjqBOoN,none,base_prototype
3,4,130203,-1,blood_pressure,blood_pressure,0/-0.434783/0/0/0,0/-0.21283/0/0/0,0/-0.21283/0/0/0,0.3846469173288593,4.0,0.0,0.05,0.0,0,0.1,0.0366511/0.11283/0.0883718/0.0150419/0,-0.0366511/-0.11283/-0.0883718/-0.0150419/0.0434531,R_1uYq1TbMDjqBOoN,none,base_prototype
4,5,130204,-1,insulin,blood_pressure,0/0/-0.204157/0/0,0/0.159663/0/0/0,0/0/-0.156022/0/0,0.26625132613261276,4.0,0.0,0.05,0.0,0,0.1,0.0312723/0.0596629/0.0560219/0.0410238/0,-0.0312723/0.0596629/-0.0560219/0.0410238/-0.0536894,R_1uYq1TbMDjqBOoN,none,base_prototype
0,6,130205,-1,insulin,insulin,0/0/-0.329951/0/0,0/0/-0.364531/0/0,0/0/-0.364531/0/0,0.5703791534299714,4.0,0.0,0.1,0.0,0,0.1,0.106632/0.0124141/0.264531/0.019262/0,-0.106632/-0.0124141/-0.264531/-0.019262/0.107592,R_1uYq1TbMDjqBOoN,none,base_prototype
1,7,130206,-1,insulin,insulin,0/0/-0.156727/0/0,0/0/-0.323143/0/0,0/0/-0.323143/0/0,0.49560610304788044,4.0,0.0,0.05,0.0,0,0.1,0.031125/0.0845875/0.223143/0.0312263/0,-0.031125/-0.0845875/-0.223143/-0.0312263/0.0596586,R_1uYq1TbMDjqBOoN,none,base_prototype
2,8,130207,-1,insulin,insulin,0/0/-0.682587/0/0,0/0/-0.671198/0/0,0/0/-0.671198/0/0,0.6330308169627756,4.0,0.0,0.05,0.0,0,0.1,0.046331/0.0533236/0.571198/0.019418/0,-0.046331/0.0533236/-0.571198/-0.019418/0.0323815,R_1uYq1TbMDjqBOoN,none,base_prototype
3,9,130208,-1,insulin,insulin,0/0/-0.0721769/0/0,0/0/-0.192059/0/0,0/0/-0.192059/0/0,0.3095889399305319,4.0,0.0,0.05,0.0,0,0.1,0.0803337/0.0873157/0.0920589/0.00303849/0,0.0803337/0.0873157/-0.0920589/-0.00303849/-0.18131,R_1uYq1TbMDjqBOoN,none,base_prototype
4,10,130209,-1,blood_pressure,blood_pressure,0/-0.413043/0/0/0,0/-0.336431/0/0/0,0/-0.336431/0/0/0,0.3937272826600272,4.0,0.0,0.05,0.0,0,0.1,0.0492336/0.236431/0.120012/0.110236/0,0.0492336/-0.236431/-0.120012/-0.110236/0.0230658,R_1uYq1TbMDjqBOoN,none,base_prototype
0,11,130300,1,insulin,insulin,0/0/0.521736/0/0,0/0/0.443976/0/0,0/0/0.443976/0/0,0.5637841322369564,4.0,0.0,0.1,0.0,0,0.1,0.107127/0.0170924/0.343976/0.0621615/0,-0.107127/-0.0170924/0.343976/0.0621615/0.0638252,R_1uYq1TbMDjqBOoN,none,base_prototype
1,12,130301,1,insulin,insulin,0/0/0.255712/0/0,0/0/0.558471/0/0,0/0/0.558471/0/0,0.5107692114439669,4.0,0.0,0.05,0.0,0,0.1,0.0555695/0.127897/0.458471/0.0904897/0,-0.0555695/0.127897/0.458471/0.0904897/-0.0016411,R_1uYq1TbMDjqBOoN,none,base_prototype
2,13,130302,1,insulin,blood_pressure,0/0/0.435123/0/0,0/0.525017/0/0/0,0/0/0.519082/0/0,0.377648214387157,4.0,0.0,0.05,0.0,0,0.1,0.01167/0.425017/0.419082/0.102605/0,0.01167/0.425017/0.419082/0.102605/-0.0411003,R_1uYq1TbMDjqBOoN,none,base_prototype
3,14,130303,1,insulin,insulin,0/0/0.486678/0/0,0/0/0.521632/0/0,0/0/0.521632/0/0,0.47560793437237175,4.0,0.0,0.05,0.0,0,0.1,0.0320134/0.128021/0.421632/0.153875/0,0.0320134/0.128021/0.421632/0.153875/-0.129873,R_1uYq1TbMDjqBOoN,none,base_prototype
4,15,130304,1,blood_pressure,blood_pressure,0/0.326087/0/0/0,0/0.228206/0/0/0,0/0.228206/0/0/0,0.4131556496323276,4.0,0.0,0.05,0.0,0,0.1,0.00155617/0.128206/0.0886602/0.0461343/0,0.00155617/0.128206/0.0886602/0.0461343/0.00926265,R_1uYq1TbMDjqBOoN,none,base_prototype
0,16,130305,1,insulin,blood_pressure,0/0/0.48874/0/0,0/-0.355848/0/0/0,0/0/0.291363/0/0,0.2547988439602358,4.0,0.0,0.1,0.0,0,0.1,0.0635562/0.255848/0.191363/0.147375/0,0.0635562/-0.255848/0.191363/-0.147375/0.0580993,R_1uYq1TbMDjqBOoN,none,base_prototype
1,17,130306,1,blood_pressure,insulin,0/-0.391304/0/0/0,0/0/0.563659/0/0,0/-0.204347/0/0/0,0.16322843118563712,4.0,0.0,0.05,0.0,0,0.1,0.0774598/0.104347/0.463659/0.0102111/0,0.0774598/-0.104347/0.463659/-0.0102111/-0.0582333,R_1uYq1TbMDjqBOoN,none,base_prototype
2,18,130307,1,insulin,insulin,0/0/0.604223/0/0,0/0/0.395088/0/0,0/0/0.395088/0/0,0.4926112481954408,4.0,0.0,0.05,0.0,0,0.1,0.118993/0.0505247/0.295088/0.0284736/0,0.118993/0.0505247/0.295088/0.0284736/-0.0765857,R_1uYq1TbMDjqBOoN,none,base_prototype
3,19,130308,1,insulin,insulin,0/0/0.515549/0/0,0/0/0.480565/0/0,0/0/0.480565/0/0,0.4185359390668377,4.0,0.0,0.05,0.0,0,0.1,0.0338852/0.26708/0.380565/0.0919752/0,0.0338852/-0.26708/0.380565/0.0919752/-0.0670399,R_1uYq1TbMDjqBOoN,none,base_prototype
4,20,130309,1,insulin,blood_pressure,0/0/-0.424812/0/0,0/-0.17044/0/0/0,0/0/0.125092/0/0,0.14666652466185667,4.0,0.0,0.05,0.0,0,0.1,0.00812752/0.07044/0.0250915/0.067077/0,0.00812752/-0.07044/0.0250915/-0.067077/0.051473,R_1uYq1TbMDjqBOoN,none,base_prototype
0,1,130200,-1,bmi,glucose,0/0/0/-0.0387834/0,-0.130873/0/0/0/0,0/0/0/0.190333/0,0.023753582512931307,0.25,12.0,0.1,0.0,1,0.0,0.0972196/0.0658372/0/0/0,-0.130873/-0.0385236/0.108994/0.190333/-0.176972,R_1y8SUpfid4hFd78,counterfactual,additive_exemplar
1,2,130201,-1,bmi,glucose,0/0/0/-0.0825878/0,-0.140276/0/0/0/0,0/0/0/0.279208/0,0.06469500464579635,0.5,12.0,0.05,0.0,1,0.05,0.0623278/0/0/0/0,-0.0902759/0.138983/0.0257936/0.229208/-0.0775656,R_1y8SUpfid4hFd78,counterfactual,additive_exemplar
2,3,130202,-1,insulin,insulin,0/0/-0.136105/0/0,0/0/-0.111565/0/0,0/0/-0.111565/0/0,0.5924694022790992,0.5,12.0,0.025,0.0,1,0.0,0/0/0.132981/0/0,-0.0421089/0.0963782/-0.111565/0.0852037/-0.0754421,R_1y8SUpfid4hFd78,counterfactual,additive_exemplar
3,4,130203,-1,bmi,blood_pressure,0/0/0/-0.187322/0,0/-0.144261/0/0/0,0/0/0/-0.07633/0,0.18526983772353833,1.0,12.0,0.025,0.0,1,0.025,0.142298/0.150337/0.0787679/0.0875492/0,-0.178703/-0.119261/-0.0248509/-0.05133/0.185558,R_1y8SUpfid4hFd78,counterfactual,additive_exemplar
4,5,130204,-1,insulin,glucose,0/0/-0.0433061/0/0,-0.143237/0/0/0/0,0/0/-0.04971/0/0,0.37790567242373696,2.0,24.0,0.025,0.0,0,0.0,0.0585393/0/0.0548284/0/0,-0.143237/0.0782554/-0.04971/0.259483/-0.0385571,R_1y8SUpfid4hFd78,counterfactual,additive_exemplar
0,6,130205,-1,insulin,glucose,0/0/-0.220655/0/0,-0.353932/0/0/0/0,0/0/-0.151169/0/0,0.29112460066020196,0.25,12.0,0.1,0.0,1,0.0,0.340399/0.0291658/0.239315/0.116084/0,-0.353932/0.00872254/-0.151169/-0.0740238/0.338037,R_1y8SUpfid4hFd78,counterfactual,additive_exemplar
1,7,130206,-1,bmi,insulin,0/0/0/-0.321079/0,0/0/-0.160261/0/0,0/0/0/-0.15457/0,0.2252082576991537,0.5,12.0,0.05,0.0,1,0.05,0.108444/0.110744/0.195738/0.136261/0,-0.121405/-0.0735196/-0.110261/-0.10457/0.208058,R_1y8SUpfid4hFd78,counterfactual,additive_exemplar
2,8,130207,-1,insulin,insulin,0/0/-0.412439/0/0,0/0/-0.324521/0/0,0/0/-0.324521/0/0,0.4779223354579461,0.5,12.0,0.025,0.0,1,0.0,0.127703/0/0.550592/0.129218/0,-0.085519/0.104706/-0.324521/-0.0761137/0.0173875,R_1y8SUpfid4hFd78,counterfactual,additive_exemplar
3,9,130208,-1,bmi,insulin,0/0/0/-0.236541/0,0/0/-0.111437/0/0,0/0/0/-0.0252463/0,0.2793187035090655,1.0,12.0,0.025,0.0,1,0.025,0/0/0.104383/0.0543702/0,0.205851/0.0985826/-0.0864366/-0.000246308/-0.487345,R_1y8SUpfid4hFd78,counterfactual,additive_exemplar
4,10,130209,-1,bmi,blood_pressure,0/0/0/-0.58/0,0/-0.241378/0/0/0,0/0/0/-0.289696/0,0.3442427664763852,2.0,24.0,0.025,0.0,0,0.0,0/0.264659/0.0838757/0.253947/0,0.0428349/-0.241378/-0.0734129/-0.289696/0.158063,R_1y8SUpfid4hFd78,counterfactual,additive_exemplar
0,11,130300,1,bmi,bmi,0/0/0/0.351222/0,0/0/0/0.154163/0,0/0/0/0.154163/0,0.6764746637994467,0.25,12.0,0.1,0.0,1,0.0,0/0/0.0617844/0.233669/0,-0.395966/-0.0944582/0.0163589/0.154163/0.379511,R_1y8SUpfid4hFd78,counterfactual,additive_exemplar
1,12,130301,1,bmi,bmi,0/0/0/0.166339/0,0/0/0/0.260233/0,0/0/0/0.260233/0,0.5666694637076347,0.5,12.0,0.05,0.0,1,0.05,0/0.0558502/0.0621256/0.295119/0,-0.249364/0.0308579/0.0539966/0.210233/0.201841,R_1y8SUpfid4hFd78,counterfactual,additive_exemplar
2,13,130302,1,bmi,blood_pressure,0/0/0/0.190388/0,0/0.354956/0/0/0,0/0/0/0.216792/0,0.34867897090021566,0.5,12.0,0.025,0.0,1,0.0,0/0.371345/0.00807044/0.301622/0,-0.0460232/0.354956/0.00300707/0.216792/0.055804,R_1y8SUpfid4hFd78,counterfactual,additive_exemplar
3,14,130303,1,bmi,bmi,0/0/0/0.351222/0,0/0/0/0.381464/0,0/0/0/0.381464/0,0.5336075134556423,1.0,12.0,0.025,0.0,1,0.025,0/0.0570676/0.0372383/0.437752/0,0.0190875/0.0340663/0.0299644/0.356464/-0.331297,R_1y8SUpfid4hFd78,counterfactual,additive_exemplar
4,15,130304,1,bmi,bmi,0/0/0/0.110728/0,0/0/0/0.0402871/0,0/0/0/0.0402871/0,0.40713354934762197,2.0,24.0,0.025,0.0,0,0.0,0/0.106865/0/0.121199/0,-0.0383362/0.0799683/-0.173556/0.0402871/0.133127,R_1y8SUpfid4hFd78,counterfactual,additive_exemplar
0,16,130305,1,age,glucose,0/0/0/0/0.216216,0.101478/0/0/0/0,0/0/0/0/0.362027,0.037890895009862785,0.25,12.0,0.1,0.0,1,0.0,0.0939014/0/0/0/0,0.101478/-0.333797/-0.0667542/-0.334003/0.362027,R_1y8SUpfid4hFd78,counterfactual,additive_exemplar
1,17,130306,1,insulin,insulin,0/0/0.0680525/0/0,0/0/0.161996/0/0,0/0/0.161996/0/0,0.42848232314247403,0.5,12.0,0.05,0.0,1,0.05,0.132337/0/0.135427/0/0,0.149455/-0.190862/0.111996/-0.0545105/-0.0961832,R_1y8SUpfid4hFd78,counterfactual,additive_exemplar
2,18,130307,1,bmi,glucose,0/0/0/0.11102/0,0.30502/0/0/0/0,0/0/0/0.0254194/0,0.20923108752407904,0.5,12.0,0.025,0.0,1,0.0,0.267658/0.0127175/0/0.081249/0,0.30502/-0.0132056/-0.0352956/0.0254194/-0.219674,R_1y8SUpfid4hFd78,counterfactual,additive_exemplar
3,19,130308,1,bmi,bmi,0/0/0/0.134484/0,0/0/0/0.161439/0,0/0/0/0.161439/0,0.48039665318259944,1.0,12.0,0.025,0.0,1,0.025,0.0139748/0/0.0820274/0.211334/0,0.0446704/-0.366183/0.0537196/0.136439/-0.192472,R_1y8SUpfid4hFd78,counterfactual,additive_exemplar
4,20,130309,1,age,insulin,0/0/0/0/0.216216,0/0/-0.126033/0/0,0/0/0/0/0.287242,0.09814066441933503,2.0,24.0,0.025,0.0,0,0.0,0/0/0.0101706/0/0,-0.0495005/-0.100054/-0.126033/-0.0859249/0.287242,R_1y8SUpfid4hFd78,counterfactual,additive_exemplar
0,1,130200,-1,bmi,glucose,0/0/0/-0.0387834/0,-0.136234/0/0/0/0,0/0/0/0.233099/0,0.04611825261536932,0.0,0.0,0.05,0.0,1,0.025,0.113359/0.0652174/0/0/0,-0.111234/-0.0181159/0.221514/0.208099/-0.259009,R_1y8SUpfid4hFd78,counterfactual,additive_prototype
1,2,130201,-1,bmi,glucose,0/0/0/-0.0825878/0,-0.118724/0/0/0/0,0/0/0/0.314295/0,0.09814066441933503,0.0,0.0,0.025,0.0,1,0.05,0.0708496/0/0/0/0,-0.0687241/0.199275/0.165835/0.264295/-0.177928,R_1y8SUpfid4hFd78,counterfactual,additive_prototype
2,3,130202,-1,insulin,insulin,0/0/-0.136105/0/0,0/0/-0.0424469/0/0,0/0/-0.0424469/0/0,0.539286577589368,0.0,0.0,0.025,0.0,1,0.0,0.0283399/0/0.147103/0/0,-0.0262144/0.112319/-0.0424469/0.102733/-0.123874,R_1y8SUpfid4hFd78,counterfactual,additive_prototype
3,4,130203,-1,bmi,blood_pressure,0/0/0/-0.187322/0,0/-0.148551/0/0/0,0/0/0/-0.0904397/0,0.23494400399790388,0.0,0.0,0.025,0.0,1,0.0,0.147367/0.195652/0.109984/0.15805/0,-0.145242/-0.148551/-0.00532734/-0.0904397/0.173423,R_1y8SUpfid4hFd78,counterfactual,additive_prototype
4,5,130204,-1,insulin,glucose,0/0/-0.0433061/0/0,-0.111234/0/0/0/0,0/0/0.02973/0/0,0.31597279251747323,0.0,0.0,0.025,0.0,0,0.0,0.113359/0/0.0749264/0/0,-0.111234/0.0688406/0.02973/0.264295/-0.0968468,R_1y8SUpfid4hFd78,counterfactual,additive_prototype
0,6,130205,-1,insulin,glucose,0/0/-0.220655/0/0,-0.365787/0/0/0/0,0/0/-0.20149/0/0,0.28742482461953694,0.0,0.0,0.05,0.0,1,0.025,0.342912/0.0652174/0.281146/0.179123/0,-0.340787/-0.0181159/-0.17649/-0.111513/0.362613,R_1y8SUpfid4hFd78,counterfactual,additive_prototype
1,7,130206,-1,bmi,insulin,0/0/0/-0.321079/0,0/0/-0.183183/0/0,0/0/0/-0.214196/0,0.28176964392967346,0.0,0.0,0.025,0.0,1,0.05,0.0963555/0.152174/0.23784/0.231807/0,-0.09423/-0.105072/-0.133183/-0.164196/0.227477,R_1y8SUpfid4hFd78,counterfactual,additive_prototype
2,8,130207,-1,insulin,insulin,0/0/-0.412439/0/0,0/0/-0.479632/0/0,0/0/-0.479632/0/0,0.4697858150592845,0.0,0.0,0.025,0.0,1,0.0,0.138865/0/0.584289/0.15805/0,-0.13674/0.0688406/-0.479632/-0.0904397/0.146396,R_1y8SUpfid4hFd78,counterfactual,additive_prototype
3,9,130208,-1,bmi,insulin,0/0/0/-0.236541/0,0/0/0.000859248/0/0,0/0/0/-0.00965861/0,0.3360347687735414,0.0,0.0,0.025,0.0,1,0.0,0/0/0.103797/0.0772689/0,0.25435/0.112319/0.000859248/-0.00965861/-0.556306,R_1y8SUpfid4hFd78,counterfactual,additive_prototype
4,10,130209,-1,bmi,bmi,0/0/0/-0.58/0,0/0/0/-0.423117/0,0/0/0/-0.423117/0,0.4001065419332183,0.0,0.0,0.025,0.0,0,0.0,0/0.326087/0.130606/0.490728/0,0.160829/-0.278986/-0.0259493/-0.423117/0.119369,R_1y8SUpfid4hFd78,counterfactual,additive_prototype
0,11,130300,1,bmi,bmi,0/0/0/0.351222/0,0/0/0/0.194465/0,0/0/0/0.194465/0,0.5010008450946505,0.0,0.0,0.05,0.0,1,0.025,0/0/0.150884/0.237075/0,-0.4003/-0.105072/0.0462276/0.169465/0.362613,R_1y8SUpfid4hFd78,counterfactual,additive_prototype
1,12,130301,1,bmi,bmi,0/0/0/0.166339/0,0/0/0/0.293221/0,0/0/0/0.293221/0,0.35869065063901195,0.0,0.0,0.025,0.0,1,0.05,0/0.115942/0.274616/0.310832/0,-0.238763/0.0688406/0.169959/0.243221/0.119369,R_1y8SUpfid4hFd78,counterfactual,additive_prototype
2,13,130302,1,bmi,blood_pressure,0/0/0/0.190388/0,0/0.416667/0/0/0,0/0/0/0.25727/0,0.2709232877626899,0.0,0.0,0.025,0.0,1,0.0,0/0.463768/0.243683/0.324881/0,-0.0262144/0.416667/0.139026/0.25727/-0.0427928,R_1y8SUpfid4hFd78,counterfactual,additive_prototype
3,14,130303,1,bmi,bmi,0/0/0/0.351222/0,0/0/0/0.380198/0,0/0/0/0.380198/0,0.40101807479756885,0.0,0.0,0.025,0.0,1,0.0,0.0439268/0.115942/0.253994/0.447808/0,0.0418013/0.0688406/0.149337/0.380198/-0.421171,R_1y8SUpfid4hFd78,counterfactual,additive_prototype
4,15,130304,1,bmi,bmi,0/0/0/0.110728/0,0/0/0/0.0676103/0,0/0/0/0.0676103/0,0.4107119786336358,0.0,0.0,0.025,0.0,0,0.0,0/0.115942/0/0.135221/0,-0.0517202/0.0688406/-0.17649/0.0676103/0.146396,R_1y8SUpfid4hFd78,counterfactual,additive_prototype
0,16,130305,1,age,glucose,0/0/0/0/0.216216,0.177327/0/0/0/0,0/0/0/0/0.387613,0.0553692745342467,0.0,0.0,0.05,0.0,1,0.025,0.154452/0/0.0374632/0/0,0.152327/-0.365942/-0.0671932/-0.423117/0.362613,R_1y8SUpfid4hFd78,counterfactual,additive_prototype
1,17,130306,1,insulin,insulin,0/0/0.0680525/0/0,0/0/0.261203/0/0,0/0/0.261203/0/0,0.4438388864955979,0.0,0.0,0.025,0.0,1,0.05,0.205464/0/0.31586/0/0,0.203338/-0.192029/0.211203/-0.0799031/-0.177928,R_1y8SUpfid4hFd78,counterfactual,additive_prototype
2,18,130307,1,bmi,glucose,0/0/0/0.11102/0,0.347872/0/0/0/0,0/0/0/0.0079025/0,0.14775140120269625,0.0,0.0,0.025,0.0,1,0.0,0.349997/0.0289855/0.152946/0.0755128/0,0.347872/-0.0181159/0.0482898/0.0079025/-0.286036,R_1y8SUpfid4hFd78,counterfactual,additive_prototype
3,19,130308,1,bmi,insulin,0/0/0/0.134484/0,0/0/0.139026/0/0,0/0/0/0.141367/0,0.3275041767891711,0.0,0.0,0.025,0.0,1,0.0,0.0694326/0/0.243683/0.208977/0,0.0673071/-0.365942/0.139026/0.141367/-0.259009,R_1y8SUpfid4hFd78,counterfactual,additive_prototype
4,20,130309,1,age,bmi,0/0/0/0/0.216216,0/0/0/-0.195806/0,0/0/0/0/0.362613,0.051338686850885225,0.0,0.0,0.025,0.0,0,0.0,0.0155869/0.101449/0.10689/0.128196/0,-0.0177124/-0.148551/-0.211547/-0.195806/0.362613,R_1y8SUpfid4hFd78,counterfactual,additive_prototype
0,1,130200,-1,bmi,bmi,0/0/0/-0.0387834/0,0/0/0/0.0965851/0,0/0/0/0.0965851/0,0.2900777841253898,0.0,12.0,0.1,0.0,1,0.0,0.00250812/0.077069/0.0703667/0.0965851/0.0416342,-0.00250812/-0.077069/0.0703667/0.0965851/-0.0416342,R_1y8SUpfid4hFd78,counterfactual,base_exemplar
1,2,130201,-1,bmi,bmi,0/0/0/-0.0825878/0,0/0/0/0.155421/0,0/0/0/0.155421/0,0.4172657694552359,0.0,12.0,0.1,0.0,1,0.025,0.00161878/0.107764/0.0106758/0.130421/0.0237713,-0.00161878/0.107764/0.0106758/0.130421/-0.0237713,R_1y8SUpfid4hFd78,counterfactual,base_exemplar
2,3,130202,-1,insulin,insulin,0/0/-0.136105/0/0,0/0/-0.132942/0/0,0/0/-0.132942/0/0,0.48360994540497654,0.0,12.0,0.1,0.0,1,0.025,0.000117993/0.0552614/0.107942/0.00912295/0.0229925,-0.000117993/0.0552614/-0.107942/-0.00912295/-0.0229925,R_1y8SUpfid4hFd78,counterfactual,base_exemplar
3,4,130203,-1,bmi,blood_pressure,0/0/0/-0.187322/0,0/-0.182886/0/0/0,0/0/0/-0.118528/0,0.24858506427769814,0.0,12.0,0.1,0.0,1,0.025,0.00391594/0.157886/0.0597847/0.0935281/0.0189909,-0.00391594/-0.157886/-0.0597847/-0.0935281/0.0189909,R_1y8SUpfid4hFd78,counterfactual,base_exemplar
4,5,130204,-1,insulin,bmi,0/0/-0.0433061/0/0,0/0/0/0.166671/0,0/0/-0.0751721/0/0,0.22414398016703263,0.0,12.0,0.05,0.0,0,0.025,0.00180801/0.0118806/0.0501721/0.141671/0,-0.00180801/0.0118806/-0.0501721/0.141671/-0.0197931,R_1y8SUpfid4hFd78,counterfactual,base_exemplar
0,6,130205,-1,insulin,insulin,0/0/-0.220655/0/0,0/0/-0.175053/0/0,0/0/-0.175053/0/0,0.4054435761306893,0.0,12.0,0.1,0.0,1,0.0,0.00873566/0.0302893/0.175053/0.11687/0.0478276,-0.00873566/-0.0302893/-0.175053/-0.11687/0.0478276,R_1y8SUpfid4hFd78,counterfactual,base_exemplar
1,7,130206,-1,bmi,insulin,0/0/0/-0.321079/0,0/0/-0.167396/0/0,0/0/0/-0.158579/0,0.2802319059421444,0.0,12.0,0.1,0.0,1,0.025,0.00286909/0.110191/0.142396/0.133579/0.0243781,-0.00286909/-0.110191/-0.142396/-0.133579/0.0243781,R_1y8SUpfid4hFd78,counterfactual,base_exemplar
2,8,130207,-1,insulin,insulin,0/0/-0.412439/0/0,0/0/-0.429422/0/0,0/0/-0.429422/0/0,0.5880654561247954,0.0,12.0,0.1,0.0,1,0.025,0.00333454/0.0412774/0.404422/0.13202/0.0149782,-0.00333454/0.0412774/-0.404422/-0.13202/0.0149782,R_1y8SUpfid4hFd78,counterfactual,base_exemplar
3,9,130208,-1,bmi,age,0/0/0/-0.236541/0,0/0/0/0/-0.117437,0/0/0/-0.109769/0,0.21749204218795454,0.0,12.0,0.1,0.0,1,0.025,0.00633784/0.0630539/0.0846124/0.0847691/0.0924371,0.00633784/0.0630539/-0.0846124/-0.0847691/-0.0924371,R_1y8SUpfid4hFd78,counterfactual,base_exemplar
4,10,130209,-1,bmi,bmi,0/0/0/-0.58/0,0/0/0/-0.356842/0,0/0/0/-0.356842/0,0.4184852883302396,0.0,12.0,0.05,0.0,0,0.025,0.00282578/0.272222/0.0676874/0.331842/0,0.00282578/-0.272222/-0.0676874/-0.331842/0.00597159,R_1y8SUpfid4hFd78,counterfactual,base_exemplar
0,11,130300,1,bmi,bmi,0/0/0/0.351222/0,0/0/0/0.232366/0,0/0/0/0.232366/0,0.48837475804514485,0.0,12.0,0.1,0.0,1,0.0,0.0110057/0.0513618/0.0487819/0.232366/0.0729612,-0.0110057/-0.0513618/0.0487819/0.232366/0.0729612,R_1y8SUpfid4hFd78,counterfactual,base_exemplar
1,12,130301,1,bmi,bmi,0/0/0/0.166339/0,0/0/0/0.319171/0,0/0/0/0.319171/0,0.5706742712580073,0.0,12.0,0.1,0.0,1,0.025,0.00720179/0.054696/0.0459572/0.294171/0.045696,-0.00720179/0.054696/0.0459572/0.294171/0.045696,R_1y8SUpfid4hFd78,counterfactual,base_exemplar
2,13,130302,1,bmi,blood_pressure,0/0/0/0.190388/0,0/0.386173/0/0/0,0/0/0/0.325616/0,0.3819667917827113,0.0,12.0,0.1,0.0,1,0.025,0.00189355/0.361173/0.00563462/0.300616/0.0215432,-0.00189355/0.361173/0.00563462/0.300616/0.0215432,R_1y8SUpfid4hFd78,counterfactual,base_exemplar
3,14,130303,1,bmi,bmi,0/0/0/0.351222/0,0/0/0/0.463139/0,0/0/0/0.463139/0,0.6723049606942331,0.0,12.0,0.1,0.0,1,0.025,0.000355624/0.0546905/0.0238231/0.438139/0.0407969,-0.000355624/0.0546905/0.0238231/0.438139/-0.0407969,R_1y8SUpfid4hFd78,counterfactual,base_exemplar
4,15,130304,1,bmi,bmi,0/0/0/0.110728/0,0/0/0/0.143821/0,0/0/0/0.143821/0,0.3386781183638417,0.0,12.0,0.05,0.0,0,0.025,0.00150773/0.100532/0.0864952/0.118821/0,-0.00150773/0.100532/-0.0864952/0.118821/0.0313766,R_1y8SUpfid4hFd78,counterfactual,base_exemplar
0,16,130305,1,age,bmi,0/0/0/0/0.216216,0/0/0/-0.326311/0,0/0/0/0/0.0727334,0.10301839765215628,0.0,12.0,0.1,0.0,1,0.0,0.00255071/0.291157/0.002736/0.326311/0.0727334,0.00255071/-0.291157/0.002736/-0.326311/0.0727334,R_1y8SUpfid4hFd78,counterfactual,base_exemplar
1,17,130306,1,insulin,blood_pressure,0/0/0.0680525/0/0,0/-0.178536/0/0/0,0/0/0.122401/0/0,0.328247346552572,0.0,12.0,0.1,0.0,1,0.025,0.00348868/0.153536/0.0974009/0.00424443/0.00292462,0.00348868/-0.153536/0.0974009/-0.00424443/-0.00292462,R_1y8SUpfid4hFd78,counterfactual,base_exemplar
2,18,130307,1,bmi,bmi,0/0/0/0.11102/0,0/0/0/0.104614/0,0/0/0/0.104614/0,0.5137089683998258,0.0,12.0,0.1,0.0,1,0.025,0.00698808/0.00972622/0.0179948/0.0796135/0.0210756,0.00698808/0.00972622/-0.0179948/0.0796135/-0.0210756,R_1y8SUpfid4hFd78,counterfactual,base_exemplar
3,19,130308,1,bmi,blood_pressure,0/0/0/0.134484/0,0/-0.346931/0/0/0,0/0/0/0.234505/0,0.30503802672466507,0.0,12.0,0.1,0.0,1,0.025,0.000489677/0.321931/0.0554094/0.209505/0.019422,0.000489677/-0.321931/0.0554094/0.209505/-0.019422,R_1y8SUpfid4hFd78,counterfactual,base_exemplar
4,20,130309,1,age,bmi,0/0/0/0/0.216216,0/0/0/-0.132564/0,0/0/0/0/0.078802,0.044106894487326555,0.0,12.0,0.05,0.0,0,0.025,0.000255565/0.0653502/0.00594426/0.107564/0,-0.000255565/-0.0653502/-0.00594426/-0.107564/0.053802,R_1y8SUpfid4hFd78,counterfactual,base_exemplar
0,1,130200,-1,bmi,bmi,0/0/0/-0.0387834/0,0/0/0/0.140489/0,0/0/0/0.140489/0,0.36346642885049946,0.0,0.0,0.1,0.0,1,0.0,0.002896/0.0634306/0.0854704/0.140489/0.0461183,-0.002896/-0.0634306/0.0854704/0.140489/-0.0461183,R_1y8SUpfid4hFd78,counterfactual,base_prototype
1,2,130201,-1,bmi,bmi,0/0/0/-0.0825878/0,0/0/0/0.221684/0,0/0/0/0.221684/0,0.39791810241312914,0.0,0.0,0.05,0.0,1,0.025,0.00181/0.148005/0.0447463/0.196684/0.0327291,-0.00181/0.148005/0.0447463/0.196684/-0.0327291,R_1y8SUpfid4hFd78,counterfactual,base_prototype
2,3,130202,-1,insulin,insulin,0/0/-0.136105/0/0,0/0/-0.107592/0/0,0/0/-0.107592/0/0,0.39978608272363847,0.0,0.0,0.05,0.0,1,0.0,0.000724001/0.0634306/0.107592/0.0351222/0.023803,-0.000724001/0.0634306/-0.107592/0.0351222/-0.023803,R_1y8SUpfid4hFd78,counterfactual,base_prototype
3,4,130203,-1,bmi,blood_pressure,0/0/0/-0.187322/0,0/-0.190292/0/0/0,0/0/0/-0.15805/0,0.3026179765428108,0.0,0.0,0.1,0.0,1,0.0,0.00376481/0.190292/0.0804427/0.15805/0.0252907,-0.00376481/-0.190292/-0.0804427/-0.15805/0.0252907,R_1y8SUpfid4hFd78,counterfactual,base_prototype
4,5,130204,-1,insulin,bmi,0/0/-0.0433061/0/0,0/0/0/0.196684/0,0/0/-0.0548016/0/0,0.1917149516217591,0.0,0.0,0.05,0.0,0,0.0,0.002896/0.0211435/0.0548016/0.196684/0,-0.002896/0.0211435/-0.0548016/0.196684/-0.0193399,R_1y8SUpfid4hFd78,counterfactual,base_prototype
0,6,130205,-1,insulin,insulin,0/0/-0.220655/0/0,0/0/-0.205632/0/0,0/0/-0.205632/0/0,0.35018596176555805,0.0,0.0,0.1,0.0,1,0.0,0.00876041/0.0634306/0.205632/0.179123/0.0565321,-0.00876041/-0.0634306/-0.205632/-0.179123/0.0565321,R_1y8SUpfid4hFd78,counterfactual,base_prototype
1,7,130206,-1,bmi,bmi,0/0/0/-0.321079/0,0/0/0/-0.256807/0,0/0/0/-0.256807/0,0.34341180677441674,0.0,0.0,0.05,0.0,1,0.025,0.0024616/0.148005/0.173957/0.231807/0.0342168,-0.0024616/-0.148005/-0.173957/-0.231807/0.0342168,R_1y8SUpfid4hFd78,counterfactual,base_prototype
2,8,130207,-1,insulin,insulin,0/0/-0.412439/0/0,0/0/-0.427352/0/0,0/0/-0.427352/0/0,0.5436976055849015,0.0,0.0,0.05,0.0,1,0.0,0.0035476/0.0211435/0.427352/0.15805/0.0208276,-0.0035476/0.0211435/-0.427352/-0.15805/0.0208276,R_1y8SUpfid4hFd78,counterfactual,base_prototype
3,9,130208,-1,bmi,age,0/0/0/-0.236541/0,0/0/0/0/-0.0952119,0/0/0/-0.0772689/0,0.20825728219136325,0.0,0.0,0.1,0.0,1,0.0,0.00644361/0.0634306/0.0759178/0.0772689/0.0952119,0.00644361/0.0634306/-0.0759178/-0.0772689/-0.0952119,R_1y8SUpfid4hFd78,counterfactual,base_prototype
4,10,130209,-1,bmi,bmi,0/0/0/-0.58/0,0/0/0/-0.490728/0,0/0/0/-0.490728/0,0.4532446709195854,0.0,0.0,0.05,0.0,0,0.0,0.00405441/0.317153/0.0955257/0.490728/0,0.00405441/-0.317153/-0.0955257/-0.490728/0.0163646,R_1y8SUpfid4hFd78,counterfactual,base_prototype
0,11,130300,1,bmi,bmi,0/0/0/0.351222/0,0/0/0/0.237075/0,0/0/0/0.237075/0,0.43582747360147933,0.0,0.0,0.1,0.0,1,0.0,0.0101722/0.0563827/0.110357/0.237075/0.0632267,-0.0101722/-0.0563827/0.110357/0.237075/0.0632267,R_1y8SUpfid4hFd78,counterfactual,base_prototype
1,12,130301,1,bmi,bmi,0/0/0/0.166339/0,0/0/0/0.335832/0,0/0/0/0.335832/0,0.4065555776028721,0.0,0.0,0.05,0.0,1,0.025,0.00604541/0.112765/0.200855/0.310832/0.0230591,-0.00604541/0.112765/0.200855/0.310832/0.0230591,R_1y8SUpfid4hFd78,counterfactual,base_prototype
2,13,130302,1,bmi,blood_pressure,0/0/0/0.190388/0,0/0.451062/0/0/0,0/0/0/0.324881/0,0.29839311461043355,0.0,0.0,0.05,0.0,1,0.0,0.000615401/0.451062/0.178231/0.324881/0.00371922,-0.000615401/0.451062/0.178231/0.324881/-0.00371922,R_1y8SUpfid4hFd78,counterfactual,base_prototype
3,14,130303,1,bmi,bmi,0/0/0/0.351222/0,0/0/0/0.447808/0,0/0/0/0.447808/0,0.4819415522603535,0.0,0.0,0.1,0.0,1,0.0,0.0011222/0.112765/0.185772/0.447808/0.066202,0.0011222/0.112765/0.185772/0.447808/-0.066202,R_1y8SUpfid4hFd78,counterfactual,base_prototype
4,15,130304,1,bmi,bmi,0/0/0/0.110728/0,0/0/0/0.135221/0,0/0/0/0.135221/0,0.3860816287978356,0.0,0.0,0.05,0.0,0,0.0,0.001267/0.112765/0.0525392/0.135221/0,-0.001267/0.112765/-0.0525392/0.135221/0.0275222,R_1y8SUpfid4hFd78,counterfactual,base_prototype
0,16,130305,1,age,bmi,0/0/0/0/0.216216,0/0/0/-0.355507/0,0/0/0/0/0.0632267,0.0855635207410019,0.0,0.0,0.1,0.0,1,0.0,0.00394581/0.310105/0.0274008/0.355507/0.0632267,0.00394581/-0.310105/0.0274008/-0.355507/0.0632267,R_1y8SUpfid4hFd78,counterfactual,base_prototype
1,17,130306,1,insulin,insulin,0/0/0.0680525/0/0,0/0/0.256021/0/0,0/0/0.256021/0/0,0.4637659692987774,0.0,0.0,0.05,0.0,1,0.025,0.00524901/0.140957/0.231021/0.0122928/0.0260345,0.00524901/-0.140957/0.231021/-0.0122928/-0.0260345,R_1y8SUpfid4hFd78,counterfactual,base_prototype
2,18,130307,1,bmi,insulin,0/0/0/0.11102/0,0/0/0.111866/0/0,0/0/0/0.0755128/0,0.2532533826162096,0.0,0.0,0.05,0.0,1,0.0,0.00894141/0.0281914/0.111866/0.0755128/0.0438868,0.00894141/0.0281914/0.111866/0.0755128/-0.0438868,R_1y8SUpfid4hFd78,counterfactual,base_prototype
3,19,130308,1,bmi,blood_pressure,0/0/0/0.134484/0,0/-0.310105/0/0/0,0/0/0/0.208977/0,0.24946355277475105,0.0,0.0,0.1,0.0,1,0.0,0.0017738/0.310105/0.178231/0.208977/0.0394237,0.0017738/-0.310105/0.178231/0.208977/-0.0394237,R_1y8SUpfid4hFd78,counterfactual,base_prototype
4,20,130309,1,age,bmi,0/0/0/0/0.216216,0/0/0/-0.128196/0,0/0/0/0/0.0632267,0.03254553137887291,0.0,0.0,0.05,0.0,0,0.0,0.000398201/0.0986698/0.0781803/0.128196/0,-0.000398201/-0.0986698/-0.0781803/-0.128196/0.0632267,R_1y8SUpfid4hFd78,counterfactual,base_prototype
0,1,130200,-1,bmi,glucose,0/0/0/-0.0387834/0,-0.185029/0/0/0/0,0/0/0/-0.0960699/0,0.25550684580051514,0.0,24.0,0.025,0.75,0,0.0,0.15787/0.0206659/0.0145731/0.0819686/0,-0.185029/-0.140794/-0.0992843/-0.0960699/0,R_1y8SUpfid4hFd78,counterfactual,counterfactual_exemplar
1,2,130201,-1,bmi,glucose,0/0/0/-0.0825878/0,-0.229777/0/0/0/0,0/0/0/-0.0398104/0,0.12750867363384313,0.0,24.0,0.025,0.5,0,0.025,0.196383/0.000849975/0.00294671/0.0142033/0,-0.204777/-0.0207352/-0.0718851/-0.0148104/0,R_1y8SUpfid4hFd78,counterfactual,counterfactual_exemplar
2,3,130202,-1,insulin,glucose,0/0/-0.136105/0/0,-0.167239/0/0/0/0,0/0/-0.161316/0/0,0.1800342335394674,0.0,24.0,0.025,0.75,0,0.0,0.113869/0.0343557/0.0514796/0.0844524/0,-0.167239/-0.107657/-0.161316/-0.124035/0,R_1y8SUpfid4hFd78,counterfactual,counterfactual_exemplar
3,4,130203,-1,bmi,blood_pressure,0/0/0/-0.187322/0,0/-0.172537/0/0/0,0/0/0/-0.159245/0,0.16635784334128575,0.0,24.0,0.025,0.75,0,0.0,0.0690174/0.113202/0.0965316/0.0547637/0,-0.200693/-0.172537/-0.147129/-0.159245/0,R_1y8SUpfid4hFd78,counterfactual,counterfactual_exemplar
4,5,130204,-1,insulin,glucose,0/0/-0.0433061/0/0,-0.212062/0/0/0/0,0/0/-0.171639/0/0,0.19356281948570503,0.0,24.0,0.025,0.75,0,0.025,0.118661/0.0435043/0.0536196/0.0522968/0,-0.187062/-0.118976/-0.146639/-0.0824424/0,R_1y8SUpfid4hFd78,counterfactual,counterfactual_exemplar
0,6,130205,-1,insulin,insulin,0/0/-0.220655/0/0,0/0/-0.147243/0/0,0/0/-0.147243/0/0,0.2805103022932871,0.0,24.0,0.025,0.75,0,0.0,0.075619/0.0955459/0.103344/0.0480191/0,-0.253638/-0.136132/-0.147243/-0.161064/0,R_1y8SUpfid4hFd78,counterfactual,counterfactual_exemplar
1,7,130206,-1,bmi,blood_pressure,0/0/0/-0.321079/0,0/-0.188407/0/0/0,0/0/0/-0.193723/0,0.18886192870644986,0.0,24.0,0.025,0.5,0,0.025,0.0969688/0.100872/0.0665259/0.0645695/0,-0.253383/-0.163407/-0.107769/-0.168723/0,R_1y8SUpfid4hFd78,counterfactual,counterfactual_exemplar
2,8,130207,-1,insulin,insulin,0/0/-0.412439/0/0,0/0/-0.147287/0/0,0/0/-0.147287/0/0,0.40599730822704083,0.0,24.0,0.025,0.75,0,0.0,0.0123794/0.10024/0.138092/0.010216/0,-0.198312/-0.106914/-0.147287/-0.163654/0,R_1y8SUpfid4hFd78,counterfactual,counterfactual_exemplar
3,9,130208,-1,bmi,bmi,0/0/0/-0.236541/0,0/0/0/-0.150036/0,0/0/0/-0.150036/0,0.3424103264746122,0.0,24.0,0.025,0.75,0,0.0,0.0699721/0.0321396/0.0462233/0.105557/0,-0.0994565/-0.108413/-0.15592/-0.150036/0,R_1y8SUpfid4hFd78,counterfactual,counterfactual_exemplar
4,10,130209,-1,bmi,bmi,0/0/0/-0.58/0,0/0/0/-0.246038/0,0/0/0/-0.246038/0,0.2960040757356083,0.0,24.0,0.025,0.75,0,0.025,0.0809994/0.0905113/0.0646216/0.123307/0,-0.145198/-0.204709/-0.146154/-0.221038/0,R_1y8SUpfid4hFd78,counterfactual,counterfactual_exemplar
0,11,130300,1,bmi,insulin,0/0/0/0.351222/0,0/0/0.145221/0/0,0/0/0/0.153126/0,0.25834715049583107,0.0,24.0,0.025,0.75,0,0.0,0.0392187/0.0667501/0.0752042/0.073828/0,0.0813432/0.128896/0.145221/0.153126/0,R_1y8SUpfid4hFd78,counterfactual,counterfactual_exemplar
1,12,130301,1,bmi,bmi,0/0/0/0.166339/0,0/0/0/0.208324/0,0/0/0/0.208324/0,0.3945241433205815,0.0,24.0,0.025,0.5,0,0.025,0.0541834/0.0422657/0.0407187/0.141308/0,0.0702943/0.184412/0.177662/0.183324/0,R_1y8SUpfid4hFd78,counterfactual,counterfactual_exemplar
2,13,130302,1,bmi,bmi,0/0/0/0.190388/0,0/0/0/0.173433/0,0/0/0/0.173433/0,0.36211253672765864,0.0,24.0,0.025,0.75,0,0.0,0.135415/0.0314846/0.0196433/0.15205/0,0.154458/0.255368/0.159325/0.173433/0,R_1y8SUpfid4hFd78,counterfactual,counterfactual_exemplar
3,14,130303,1,bmi,bmi,0/0/0/0.351222/0,0/0/0/0.202809/0,0/0/0/0.202809/0,0.34420903259532204,0.0,24.0,0.025,0.75,0,0.0,0.135798/0.0400908/0.0383017/0.154297/0,0.178494/0.167603/0.160123/0.202809/0,R_1y8SUpfid4hFd78,counterfactual,counterfactual_exemplar
4,15,130304,1,bmi,glucose,0/0/0/0.110728/0,0.193382/0/0/0/0,0/0/0/0.153676/0,0.23766635498050728,0.0,24.0,0.025,0.75,0,0.025,0.0960475/0.073177/0.0366722/0.0733985/0,0.168382/0.170343/0.0853665/0.128676/0,R_1y8SUpfid4hFd78,counterfactual,counterfactual_exemplar
0,16,130305,1,age,insulin,0/0/0/0/0.216216,0/0/0.133231/0/0,0/0/0/0/0,0.07575403973621038,0.0,24.0,0.025,0.75,0,0.0,0.010759/0.0617933/0.126794/0.000300436/0,0.222698/0.0649302/0.133231/0.00621868/0,R_1y8SUpfid4hFd78,counterfactual,counterfactual_exemplar
1,17,130306,1,insulin,insulin,0/0/0.0680525/0/0,0/0/0.224428/0/0,0/0/0.224428/0/0,0.4671620333287319,0.0,24.0,0.025,0.5,0,0.025,0.0378941/0.0443998/0.168087/0.00542363/0,0.241122/0.0526786/0.199428/0.0345108/0,R_1y8SUpfid4hFd78,counterfactual,counterfactual_exemplar
2,18,130307,1,bmi,blood_pressure,0/0/0/0.11102/0,0/0.148022/0/0/0,0/0/0/0.113985/0,0.0929940116251148,0.0,24.0,0.025,0.75,0,0.0,0.0349371/0.127625/0.121988/0.0157069/0,0.253538/0.148022/0.141484/0.113985/0,R_1y8SUpfid4hFd78,counterfactual,counterfactual_exemplar
3,19,130308,1,bmi,insulin,0/0/0/0.134484/0,0/0/0.162388/0/0,0/0/0/0.146503/0,0.20567194621367133,0.0,24.0,0.025,0.75,0,0.0,0.0694381/0.0371726/0.0988101/0.0573585/0,0.177356/0.0610907/0.162388/0.146503/0,R_1y8SUpfid4hFd78,counterfactual,counterfactual_exemplar
4,20,130309,1,age,blood_pressure,0/0/0/0/0.216216,0/0.144105/0/0/0,0/0/0/0/0,0.06467803524834809,0.0,24.0,0.025,0.75,0,0.025,0.0157193/0.108757/0.0876276/0.00547635/0,0.180922/0.119105/0.0959655/0.0630306/0,R_1y8SUpfid4hFd78,counterfactual,counterfactual_exemplar
0,1,130200,-1,bmi,insulin,0/0/0/-0.0387834/0,0/0/0.312504/0/0,0/0/0/0.0841224/0,0.11194494428303194,0.0,0.0,0.025,0.25,0,0.025,0.141345/0.0434783/0.143752/0.0295612/0,-0.28269/-0.0869565/0.287504/0.0591224/0,R_1y8SUpfid4hFd78,counterfactual,counterfactual_prototype
1,2,130201,-1,bmi,glucose,0/0/0/-0.0825878/0,-0.235626/0/0/0/0,0/0/0/-0.12083/0,0.1942262287858205,0.0,0.0,0.025,0.75,0,0.05,0.092813/0.0380435/0.0108265/0.0354149/0,-0.185626/-0.076087/-0.0216531/-0.0708298/0,R_1y8SUpfid4hFd78,counterfactual,counterfactual_prototype
2,3,130202,-1,insulin,glucose,0/0/-0.136105/0/0,-0.199999/0/0/0/0,0/0/-0.0987235/0/0,0.16553283155321344,0.0,0.0,0.025,0.75,0,0.025,0.0874993/0.048913/0.0368618/0.0556102/0,-0.174999/-0.0978261/-0.0737235/-0.11122/0,R_1y8SUpfid4hFd78,counterfactual,counterfactual_prototype
3,4,130203,-1,bmi,bmi,0/0/0/-0.187322/0,0/0/0/-0.156879/0,0/0/0/-0.156879/0,0.23186737125472995,0.0,0.0,0.025,1.0,0,0.0,0.0765176/0.076087/0.077676/0.0784396/0,-0.153035/-0.152174/-0.155352/-0.156879/0,R_1y8SUpfid4hFd78,counterfactual,counterfactual_prototype
4,5,130204,-1,insulin,glucose,0/0/-0.0433061/0/0,-0.221253/0/0/0/0,0/0/-0.0806793/0/0,0.14627633315610628,0.0,0.0,0.025,0.75,0,0.025,0.0981267/0.0543478/0.0278396/0.0354149/0,-0.196253/-0.108696/-0.0556793/-0.0708298/0,R_1y8SUpfid4hFd78,counterfactual,counterfactual_prototype
0,6,130205,-1,insulin,glucose,0/0/-0.220655/0/0,-0.479855/0/0/0/0,0/0/-0.0359984/0/0,0.08360502768141331,0.0,0.0,0.025,0.25,0,0.025,0.227427/0.0434783/0.00549919/0.0902934/0,-0.454855/-0.0869565/-0.0109984/-0.180587/0,R_1y8SUpfid4hFd78,counterfactual,counterfactual_prototype
1,7,130206,-1,bmi,glucose,0/0/0/-0.321079/0,-0.242002/0/0/0/0,0/0/0/-0.227953/0,0.2566004264685453,0.0,0.0,0.025,0.75,0,0.05,0.0960012/0.076087/0.0482038/0.0889763/0,-0.192002/-0.152174/-0.0964077/-0.177953/0,R_1y8SUpfid4hFd78,counterfactual,counterfactual_prototype
2,8,130207,-1,insulin,glucose,0/0/-0.412439/0/0,-0.22763/0/0/0/0,0/0/-0.20802/0/0,0.2508243025745567,0.0,0.0,0.025,0.75,0,0.025,0.101315/0.0543478/0.0915099/0.0797567/0,-0.20263/-0.108696/-0.18302/-0.159513/0,R_1y8SUpfid4hFd78,counterfactual,counterfactual_prototype
3,9,130208,-1,bmi,bmi,0/0/0/-0.236541/0,0/0/0/-0.156879/0,0/0/0/-0.156879/0,0.23186737125472995,0.0,0.0,0.025,1.0,0,0.0,0.0765176/0.076087/0.077676/0.0784396/0,-0.153035/-0.152174/-0.155352/-0.156879/0,R_1y8SUpfid4hFd78,counterfactual,counterfactual_prototype
4,10,130209,-1,bmi,bmi,0/0/0/-0.58/0,0/0/0/-0.267683/0,0/0/0/-0.267683/0,0.3211393488002823,0.0,0.0,0.025,0.75,0,0.025,0.0641189/0.0978261/0.0347996/0.121341/0,-0.128238/-0.195652/-0.0695991/-0.242683/0,R_1y8SUpfid4hFd78,counterfactual,counterfactual_prototype
0,11,130300,1,bmi,bmi,0/0/0/0.351222/0,0/0/0/0.179538/0,0/0/0/0.179538/0,0.28663770109126824,0.0,0.0,0.025,0.25,0,0.025,0.0605764/0.0380435/0.0587726/0.0772689/0,-0.121153/0.076087/0.117545/0.154538/0,R_1y8SUpfid4hFd78,counterfactual,counterfactual_prototype
1,12,130301,1,bmi,insulin,0/0/0/0.166339/0,0/0/0.225974/0/0,0/0/0/0.222977/0,0.2502265817233214,0.0,0.0,0.025,0.75,0,0.05,0.0510117/0.0851449/0.087987/0.0864885/0,0.102023/0.17029/0.175974/0.172977/0,R_1y8SUpfid4hFd78,counterfactual,counterfactual_prototype
2,13,130302,1,bmi,blood_pressure,0/0/0/0.190388/0,0/0.282246/0/0/0,0/0/0/0.201489/0,0.21617930112906708,0.0,0.0,0.025,0.75,0,0.025,0.0775803/0.128623/0.0841204/0.0882446/0,0.155161/0.257246/0.168241/0.176489/0,R_1y8SUpfid4hFd78,counterfactual,counterfactual_prototype
3,14,130303,1,bmi,insulin,0/0/0/0.351222/0,0/0/0.158789/0/0,0/0/0/0.154538/0,0.22861151103417782,0.0,0.0,0.025,1.0,0,0.0,0.0765176/0.076087/0.0793945/0.0772689/0,0.153035/0.152174/0.158789/0.154538/0,R_1y8SUpfid4hFd78,counterfactual,counterfactual_prototype
4,15,130304,1,bmi,blood_pressure,0/0/0/0.110728/0,0/0.19529/0/0/0,0/0/0/0.154074/0,0.22132646628657693,0.0,0.0,0.025,0.75,0,0.025,0.0743921/0.0851449/0.0446809/0.0645371/0,0.148784/0.17029/0.0893618/0.129074/0,R_1y8SUpfid4hFd78,counterfactual,counterfactual_prototype
0,16,130305,1,age,glucose,0/0/0/0/0.216216,0.318317/0/0/0/0,0/0/0/0/0,0.05501180016433063,0.0,0.0,0.025,0.25,0,0.025,0.146659/0.0597826/0.0162398/0.144949/0,0.293317/-0.119565/0.0324796/-0.289899/0,R_1y8SUpfid4hFd78,counterfactual,counterfactual_prototype
1,17,130306,1,insulin,glucose,0/0/0.0680525/0/0,0.262549/0/0/0/0,0/0/0.236285/0/0,0.2732189524670441,0.0,0.0,0.025,0.75,0,0.05,0.106274/0.0525362/0.0931425/0.0460979/0,0.212549/0.105072/0.186285/0.0921958/0,R_1y8SUpfid4hFd78,counterfactual,counterfactual_prototype
2,18,130307,1,bmi,glucose,0/0/0/0.11102/0,0.273682/0/0/0/0,0/0/0/0.139147/0,0.17434266481718058,0.0,0.0,0.025,0.75,0,0.025,0.124341/0.0742754/0.0727783/0.0570736/0,0.248682/0.148551/0.145557/0.114147/0,R_1y8SUpfid4hFd78,counterfactual,counterfactual_prototype
3,19,130308,1,bmi,insulin,0/0/0/0.134484/0,0/0/0.158789/0/0,0/0/0/0.154538/0,0.22861151103417782,0.0,0.0,0.025,1.0,0,0.0,0.0765176/0.076087/0.0793945/0.0772689/0,0.153035/0.152174/0.158789/0.154538/0,R_1y8SUpfid4hFd78,counterfactual,counterfactual_prototype
4,20,130309,1,age,glucose,0/0/0/0/0.216216,0.182286/0/0/0/0,0/0/0/0/0,0.05273807026732676,0.0,0.0,0.025,0.75,0,0.025,0.0786431/0.057971/0.0402987/0.03161/0,0.157286/0.115942/0.0805975/0.06322/0,R_1y8SUpfid4hFd78,counterfactual,counterfactual_prototype
0,1,130200,-1,age,blood_pressure,0/0/0/0/-0.432432,0/-0.317763/0/0/0,0/0/0/0/-0.568044,0.09814066441933503,1.0,24.0,0.025,0.0,0,0.3,0/0.0355267/0/0/0,-0/-0.0177634/0.106558/0.126994/-0.268044,R_30cGYmvQmqK1yBb,attribution,additive_exemplar
1,2,130201,-1,age,blood_pressure,0/0/0/0/-0.432432,0/0.460889/0/0/0,0/0/0/0/-0.536025,0.0955161390362671,1.0,24.0,0.025,0.0,0,0.4,0/0.121778/0.00654807/0/0,-0/0.0608891/7.01721e-05/0.139176/-0.136025,R_30cGYmvQmqK1yBb,attribution,additive_exemplar
2,3,130202,-1,bmi,blood_pressure,0/0/0/-0.36415/0,0/0.362209/0/0/0,0/0/0/0.383286/0,0.09814066441933503,4.0,0.0,0.025,0.0,1,0.3,0/0.124419/0/0/0,0.00521539/0.0622093/-0.122407/0.0832856/-0.185281,R_30cGYmvQmqK1yBb,attribution,additive_exemplar
3,4,130203,-1,bmi,blood_pressure,0/0/0/-0.447322/0,0/-0.369852/0/0/0,0/0/0/-0.399111/0,0.09814066441933503,4.0,0.0,0.025,0.0,1,0.3,0/0.139704/0/0/0,-0.127649/-0.0698521/-0.0883718/-0.0991114/0.116352,R_30cGYmvQmqK1yBb,attribution,additive_exemplar
4,5,130204,-1,age,blood_pressure,0/0/0/0/-0.351351,0/0.319937/0/0/0,0/0/0/0/-0.448769,0.09814066441933503,1.0,24.0,0.025,0.0,0,0.3,0/0.0398738/0/0/0,-0/0.0199369/-0/0.150324/-0.148769,R_30cGYmvQmqK1yBb,attribution,additive_exemplar
0,6,130205,-1,bmi,blood_pressure,0/0/0/-0.456589/0,0/-0.307584/0/0/0,0/0/0/-0.398864/0,0.09814066441933503,1.0,24.0,0.025,0.0,0,0.3,0/0.0151679/0/0/0,-0/-0.00758395/-0/-0.098864/0.260391,R_30cGYmvQmqK1yBb,attribution,additive_exemplar
1,7,130206,-1,bmi,blood_pressure,0/0/0/-0.521079/0,0/-0.448723/0/0/0,0/0/0/-0.486699/0,0.09814066441933503,1.0,24.0,0.025,0.0,0,0.4,0/0.0974451/0/0/0,-0/-0.0487226/-0/-0.0866992/0.123659,R_30cGYmvQmqK1yBb,attribution,additive_exemplar
2,8,130207,-1,insulin,blood_pressure,0/0/-0.534109/0/0,0/0.332965/0/0/0,0/0/-0.833127/0/0,0.09814066441933503,4.0,0.0,0.025,0.0,1,0.3,0/0.0659306/0/0/0,-0.142591/0.0329653/-0.571198/-0.0923896/0.102391,R_30cGYmvQmqK1yBb,attribution,additive_exemplar
3,9,130208,-1,age,blood_pressure,0/0/0/0/-0.675676,0/0.353482/0/0/0,0/0/0/0/-0.898124,0.09814066441933503,4.0,0.0,0.025,0.0,1,0.3,0/0.106965/0/0/0,0.24619/0.0534823/-0.0920589/-0.0130236/-0.598124,R_30cGYmvQmqK1yBb,attribution,additive_exemplar
4,10,130209,-1,bmi,blood_pressure,0/0/0/-0.77/0,0/-0.43222/0/0/0,0/0/0/-0.539701/0,0.09814066441933503,1.0,24.0,0.025,0.0,0,0.3,0/0.264439/0/0/0,0/-0.13222/-0/-0.239701/0.011504,R_30cGYmvQmqK1yBb,attribution,additive_exemplar
0,11,130300,1,age,blood_pressure,0/0/0/0/0.513514,0/-0.325033/0/0/0,0/0/0/0/0.3,0.09814066441933503,1.0,24.0,0.025,0.0,0,0.3,0/0.050066/0/0/0,-0.487213/-0.025033/-0.0109136/0/0,R_30cGYmvQmqK1yBb,attribution,additive_exemplar
1,12,130301,1,bmi,bmi,0/0/0/0.286339/0,0/0/0/0.401356/0,0/0/0/0.401356/0,0.568713398866335,1.0,24.0,0.025,0.0,0,0.4,0/0.0229219/0/0.280511/0,-0.275516/0.0114609/0.00887711/0.00135551/0.298628,R_30cGYmvQmqK1yBb,attribution,additive_exemplar
2,13,130302,1,bmi,blood_pressure,0/0/0/0.300388/0,0/0.548785/0/0/0,0/0/0/0.3/0,0.09814066441933503,4.0,0.0,0.025,0.0,1,0.3,0/0.49757/0/0/0,0/0.248785/0/0/-0,R_30cGYmvQmqK1yBb,attribution,additive_exemplar
3,14,130303,1,bmi,blood_pressure,0/0/0/0.456589/0,0/0.37407/0/0/0,0/0/0/0.3/0,0.09814066441933503,4.0,0.0,0.025,0.0,1,0.3,0/0.14814/0/0/0,0/0.0740701/0/0/-0,R_30cGYmvQmqK1yBb,attribution,additive_exemplar
4,15,130304,1,age,blood_pressure,0/0/0/0/0.405405,0/0.348912/0/0/0,0/0/0/0/0.3,0.09814066441933503,1.0,24.0,0.025,0.0,0,0.3,0/0.0978246/0/0/0,-0.0920982/0.0489123/-0.157727/0/0,R_30cGYmvQmqK1yBb,attribution,additive_exemplar
0,16,130305,1,age,blood_pressure,0/0/0/0/0.459459,0/-0.451221/0/0/0,0/0/0/0/0.3,0.09814066441933503,1.0,24.0,0.025,0.0,0,0.3,0/0.302443/0/0/0,0.0169942/-0.151221/-0.0947703/-0/0,R_30cGYmvQmqK1yBb,attribution,additive_exemplar
1,17,130306,1,age,blood_pressure,0/0/0/0/0.324324,0/-0.474309/0/0/0,0/0/0/0/0.4,0.07223729980802246,1.0,24.0,0.025,0.0,0,0.4,0/0.148618/0.103461/0/0,0/-0.0743088/0.0396201/-0/0,R_30cGYmvQmqK1yBb,attribution,additive_exemplar
2,18,130307,1,bmi,blood_pressure,0/0/0/0.22102/0,0/0.327984/0/0/0,0/0/0/0.3/0,0.09814066441933503,4.0,0.0,0.025,0.0,1,0.3,0/0.0559687/0/0/0,0/0.0279844/0/0/-0,R_30cGYmvQmqK1yBb,attribution,additive_exemplar
3,19,130308,1,bmi,blood_pressure,0/0/0/0.194484/0,0/-0.446461/0/0/0,0/0/0/0.3/0,0.09814066441933503,4.0,0.0,0.025,0.0,1,0.3,0/0.292922/0/0/0,0/-0.146461/0/0/-0,R_30cGYmvQmqK1yBb,attribution,additive_exemplar
4,20,130309,1,age,blood_pressure,0/0/0/0/0.405405,0/-0.331108/0/0/0,0/0/0/0/0.3,0.09814066441933503,1.0,24.0,0.025,0.0,0,0.3,0/0.0622165/0/0/0,-0/-0.0311083/0/-0/0,R_30cGYmvQmqK1yBb,attribution,additive_exemplar
0,1,130200,-1,age,age,0/0/0/0/-0.432432,0/0/0/0/-0.519663,0/0/0/0/-0.519663,0.5919171984756992,4.0,0.0,0.025,0.0,1,0.3,0/0.000594703/0/0/0.325546,-0/-0.000297351/0.146534/0.135109/-0.219663,R_30cGYmvQmqK1yBb,attribution,additive_prototype
1,2,130201,-1,age,age,0/0/0/0/-0.432432,0/0/0/0/-0.52028,0/0/0/0/-0.52028,0.40712291440832465,4.0,0.0,0.025,0.0,1,0.3,0/0.214464/0/0/0.243212,-0/0.107232/0.0889769/0.224409/-0.22028,R_30cGYmvQmqK1yBb,attribution,additive_prototype
2,3,130202,-1,bmi,blood_pressure,0/0/0/-0.36415/0,0/0.362209/0/0/0,0/0/0/0.383286/0,0.09814066441933503,4.0,0.0,0.025,0.0,1,0.3,0/0.124419/0/0/0,0.00521539/0.0622093/-0.122407/0.0832856/-0.185281,R_30cGYmvQmqK1yBb,attribution,additive_prototype
3,4,130203,-1,bmi,blood_pressure,0/0/0/-0.447322/0,0/-0.369852/0/0/0,0/0/0/-0.399111/0,0.09814066441933503,4.0,0.0,0.025,0.0,1,0.3,0/0.139704/0/0/0,-0.127649/-0.0698521/-0.0883718/-0.0991114/0.116352,R_30cGYmvQmqK1yBb,attribution,additive_prototype
4,5,130204,-1,age,blood_pressure,0/0/0/0/-0.351351,0/0.337244/0/0/0,0/0/0/0/-0.449909,0.09814066441933503,4.0,0.0,0.025,0.0,1,0.3,0/0.0744888/0/0/0,-0.102957/0.0372444/-0.0560219/0.260842/-0.149909,R_30cGYmvQmqK1yBb,attribution,additive_prototype
0,6,130205,-1,bmi,blood_pressure,0/0/0/-0.456589/0,0/-0.307758/0/0/0,0/0/0/-0.412901/0,0.09814066441933503,4.0,0.0,0.025,0.0,1,0.3,0/0.0155169/0/0/0,-0.338925/-0.00775846/-0.264531/-0.112901/0.31305,R_30cGYmvQmqK1yBb,attribution,additive_prototype
1,7,130206,-1,bmi,blood_pressure,0/0/0/-0.521079/0,0/-0.352666/0/0/0,0/0/0/-0.465337/0,0.09814066441933503,4.0,0.0,0.025,0.0,1,0.3,0/0.105331/0/0/0,-0.0968726/-0.0526656/-0.223143/-0.165337/0.180914,R_30cGYmvQmqK1yBb,attribution,additive_prototype
2,8,130207,-1,insulin,blood_pressure,0/0/-0.534109/0/0,0/0.332965/0/0/0,0/0/-0.833127/0/0,0.09814066441933503,4.0,0.0,0.025,0.0,1,0.3,0/0.0659306/0/0/0,-0.142591/0.0329653/-0.571198/-0.0923896/0.102391,R_30cGYmvQmqK1yBb,attribution,additive_prototype
3,9,130208,-1,age,blood_pressure,0/0/0/0/-0.675676,0/0.353482/0/0/0,0/0/0/0/-0.898124,0.09814066441933503,4.0,0.0,0.025,0.0,1,0.3,0/0.106965/0/0/0,0.24619/0.0534823/-0.0920589/-0.0130236/-0.598124,R_30cGYmvQmqK1yBb,attribution,additive_prototype
4,10,130209,-1,bmi,blood_pressure,0/0/0/-0.77/0,0/-0.443293/0/0/0,0/0/0/-0.728232/0,0.09814066441933503,4.0,0.0,0.025,0.0,1,0.3,0/0.286586/0/0/0,0.151001/-0.143293/-0.120012/-0.428232/0.0794287,R_30cGYmvQmqK1yBb,attribution,additive_prototype
0,11,130300,1,age,blood_pressure,0/0/0/0/0.513514,0/-0.310242/0/0/0,0/0/0/0/0.3,0.09814066441933503,4.0,0.0,0.025,0.0,1,0.3,0/0.0204847/0/0/0,-0/-0.0102424/0/0/0,R_30cGYmvQmqK1yBb,attribution,additive_prototype
1,12,130301,1,bmi,blood_pressure,0/0/0/0.286339/0,0/0.37575/0/0/0,0/0/0/0.3/0,0.09814066441933503,4.0,0.0,0.025,0.0,1,0.3,0/0.1515/0/0/0,-0/0.0757502/0/0/-0,R_30cGYmvQmqK1yBb,attribution,additive_prototype
2,13,130302,1,bmi,blood_pressure,0/0/0/0.300388/0,0/0.548785/0/0/0,0/0/0/0.3/0,0.09814066441933503,4.0,0.0,0.025,0.0,1,0.3,0/0.49757/0/0/0,0/0.248785/0/0/-0,R_30cGYmvQmqK1yBb,attribution,additive_prototype
3,14,130303,1,bmi,blood_pressure,0/0/0/0.456589/0,0/0.37407/0/0/0,0/0/0/0.3/0,0.09814066441933503,4.0,0.0,0.025,0.0,1,0.3,0/0.14814/0/0/0,0/0.0740701/0/0/-0,R_30cGYmvQmqK1yBb,attribution,additive_prototype
4,15,130304,1,age,blood_pressure,0/0/0/0/0.405405,0/0.373335/0/0/0,0/0/0/0/0.3,0.09814066441933503,4.0,0.0,0.025,0.0,1,0.3,0/0.14667/0/0/0,0/0.0733351/0/0/0,R_30cGYmvQmqK1yBb,attribution,additive_prototype
0,16,130305,1,age,blood_pressure,0/0/0/0/0.459459,0/-0.444732/0/0/0,0/0/0/0/0.3,0.09814066441933503,4.0,0.0,0.025,0.0,1,0.3,0/0.289463/0/0/0,0/-0.144732/0/-0/0,R_30cGYmvQmqK1yBb,attribution,additive_prototype
1,17,130306,1,age,blood_pressure,0/0/0/0/0.324324,0/-0.358397/0/0/0,0/0/0/0/-0.3,0.09814066441933503,4.0,0.0,0.025,0.0,1,0.3,0/0.116795/0/0/0,0/-0.0583973/0/-0/-0,R_30cGYmvQmqK1yBb,attribution,additive_prototype
2,18,130307,1,bmi,blood_pressure,0/0/0/0.22102/0,0/0.327984/0/0/0,0/0/0/0.3/0,0.09814066441933503,4.0,0.0,0.025,0.0,1,0.3,0/0.0559687/0/0/0,0/0.0279844/0/0/-0,R_30cGYmvQmqK1yBb,attribution,additive_prototype
3,19,130308,1,bmi,blood_pressure,0/0/0/0.194484/0,0/-0.446461/0/0/0,0/0/0/0.3/0,0.09814066441933503,4.0,0.0,0.025,0.0,1,0.3,0/0.292922/0/0/0,0/-0.146461/0/0/-0,R_30cGYmvQmqK1yBb,attribution,additive_prototype
4,20,130309,1,age,blood_pressure,0/0/0/0/0.405405,0/-0.33826/0/0/0,0/0/0/0/0.3,0.09814066441933503,4.0,0.0,0.025,0.0,1,0.3,0/0.0765192/0/0/0,0/-0.0382596/0/-0/0,R_30cGYmvQmqK1yBb,attribution,additive_prototype
0,1,130200,-1,age,bmi,0/0/0/0/-0.432432,0/0/0/0.396585/0,0/0/0/0/-0.341634,0.1519554013337006,0.0,12.0,0.025,0.0,1,0.3,0.00250812/0.077069/0.0703667/0.0965851/0.0416342,-0.00250812/-0.077069/0.0703667/0.0965851/-0.0416342,R_30cGYmvQmqK1yBb,attribution,base_exemplar
1,2,130201,-1,age,bmi,0/0/0/0/-0.432432,0/0/0/0.530421/0,0/0/0/0/-0.423771,0.11924707694485455,0.0,12.0,0.025,0.0,1,0.4,0.00161878/0.107764/0.0106758/0.130421/0.0237713,-0.00161878/0.107764/0.0106758/0.130421/-0.0237713,R_30cGYmvQmqK1yBb,attribution,base_exemplar
2,3,130202,-1,bmi,insulin,0/0/0/-0.36415/0,0/0/-0.395942/0/0,0/0/0/-0.409123/0,0.09833276590709418,0.0,12.0,0.025,0.0,1,0.4,0.000117993/0.0552614/0.107942/0.00912295/0.0229925,-0.000117993/0.0552614/-0.107942/-0.00912295/-0.0229925,R_30cGYmvQmqK1yBb,attribution,base_exemplar
3,4,130203,-1,bmi,blood_pressure,0/0/0/-0.447322/0,0/-0.557886/0/0/0,0/0/0/-0.493528/0,0.2468362323307059,0.0,12.0,0.025,0.0,1,0.4,0.00391594/0.157886/0.0597847/0.0935281/0.0189909,-0.00391594/-0.157886/-0.0597847/-0.0935281/0.0189909,R_30cGYmvQmqK1yBb,attribution,base_exemplar
4,5,130204,-1,age,bmi,0/0/0/0/-0.351351,0/0/0/0.541671/0,0/0/0/0/-0.419793,0.12768555872284,0.0,12.0,0.025,0.0,1,0.4,0.00180801/0.0118806/0.0501721/0.141671/0.0197931,-0.00180801/0.0118806/-0.0501721/0.141671/-0.0197931,R_30cGYmvQmqK1yBb,attribution,base_exemplar
0,6,130205,-1,bmi,insulin,0/0/0/-0.456589/0,0/0/-0.475053/0/0,0/0/0/-0.41687/0,0.2662610402174119,0.0,12.0,0.025,0.0,1,0.3,0.00873566/0.0302893/0.175053/0.11687/0.0478276,-0.00873566/-0.0302893/-0.175053/-0.11687/0.0478276,R_30cGYmvQmqK1yBb,attribution,base_exemplar
1,7,130206,-1,bmi,insulin,0/0/0/-0.521079/0,0/0/-0.486678/0/0,0/0/0/-0.533579/0,0.2814188462521543,0.0,12.0,0.025,0.0,1,0.4,0.00286909/0.110191/0.142396/0.133579/0.0243781,-0.00286909/-0.110191/-0.142396/-0.133579/0.0243781,R_30cGYmvQmqK1yBb,attribution,base_exemplar
2,8,130207,-1,insulin,insulin,0/0/-0.534109/0/0,0/0/-0.804422/0/0,0/0/-0.804422/0/0,0.476500227067678,0.0,12.0,0.025,0.0,1,0.4,0.00333454/0.0412774/0.404422/0.13202/0.0149782,-0.00333454/0.0412774/-0.404422/-0.13202/0.0149782,R_30cGYmvQmqK1yBb,attribution,base_exemplar
3,9,130208,-1,age,age,0/0/0/0/-0.675676,0/0/0/0/-0.492437,0/0/0/0/-0.492437,0.2507982425443547,0.0,12.0,0.025,0.0,1,0.4,0.00633784/0.0630539/0.0846124/0.0847691/0.0924371,0.00633784/0.0630539/-0.0846124/-0.0847691/-0.0924371,R_30cGYmvQmqK1yBb,attribution,base_exemplar
4,10,130209,-1,bmi,bmi,0/0/0/-0.77/0,0/0/0/-0.731842/0,0/0/0/-0.731842/0,0.3838043804655417,0.0,12.0,0.025,0.0,1,0.4,0.00282578/0.272222/0.0676874/0.331842/0.00597159,0.00282578/-0.272222/-0.0676874/-0.331842/0.00597159,R_30cGYmvQmqK1yBb,attribution,base_exemplar
0,11,130300,1,age,bmi,0/0/0/0/0.513514,0/0/0/0.532366/0,0/0/0/0/0.372961,0.1789266464092352,0.0,12.0,0.025,0.0,1,0.3,0.0110057/0.0513618/0.0487819/0.232366/0.0729612,-0.0110057/-0.0513618/0.0487819/0.232366/0.0729612,R_30cGYmvQmqK1yBb,attribution,base_exemplar
1,12,130301,1,bmi,bmi,0/0/0/0.286339/0,0/0/0/0.666339/0,0/0/0/0.666339/0,0.4671387664769676,0.0,12.0,0.025,0.0,1,0.4,0.00720179/0.054696/0.0459572/0.294171/0.045696,-0.00720179/0.054696/0.0459572/0.294171/0.045696,R_30cGYmvQmqK1yBb,attribution,base_exemplar
2,13,130302,1,bmi,blood_pressure,0/0/0/0.300388/0,0/0.761173/0/0/0,0/0/0/0.680388/0,0.34573156071602484,0.0,12.0,0.025,0.0,1,0.4,0.00189355/0.361173/0.00563462/0.300616/0.0215432,-0.00189355/0.361173/0.00563462/0.300616/0.0215432,R_30cGYmvQmqK1yBb,attribution,base_exemplar
3,14,130303,1,bmi,bmi,0/0/0/0.456589/0,0/0/0/0.803316/0,0/0/0/0.803316/0,0.5197327400956299,0.0,12.0,0.025,0.0,1,0.4,0.000355624/0.0546905/0.0238231/0.438139/0.0407969,-0.000355624/0.0546905/0.0238231/0.438139/-0.0407969,R_30cGYmvQmqK1yBb,attribution,base_exemplar
4,15,130304,1,age,bmi,0/0/0/0/0.405405,0/0/0/0.490728/0,0/0/0/0/0.431377,0.11564227779268779,0.0,12.0,0.025,0.0,1,0.4,0.00150773/0.100532/0.0864952/0.118821/0.0313766,-0.00150773/0.100532/-0.0864952/0.118821/0.0313766,R_30cGYmvQmqK1yBb,attribution,base_exemplar
0,16,130305,1,age,bmi,0/0/0/0/0.459459,0/0/0/-0.626311/0,0/0/0/0/0.372733,0.13069122588248436,0.0,12.0,0.025,0.0,1,0.3,0.00255071/0.291157/0.002736/0.326311/0.0727334,0.00255071/-0.291157/0.002736/-0.326311/0.0727334,R_30cGYmvQmqK1yBb,attribution,base_exemplar
1,17,130306,1,age,blood_pressure,0/0/0/0/0.324324,0/-0.553536/0/0/0,0/0/0/0/-0.402925,0.07885368794093837,0.0,12.0,0.025,0.0,1,0.4,0.00348868/0.153536/0.0974009/0.00424443/0.00292462,0.00348868/-0.153536/0.0974009/-0.00424443/-0.00292462,R_30cGYmvQmqK1yBb,attribution,base_exemplar
2,18,130307,1,bmi,bmi,0/0/0/0.22102/0,0/0/0/0.43102/0,0/0/0/0.43102/0,0.4353334990164572,0.0,12.0,0.025,0.0,1,0.4,0.00698808/0.00972622/0.0179948/0.0796135/0.0210756,0.00698808/0.00972622/-0.0179948/0.0796135/-0.0210756,R_30cGYmvQmqK1yBb,attribution,base_exemplar
3,19,130308,1,bmi,blood_pressure,0/0/0/0.194484/0,0/-0.721931/0/0/0,0/0/0/0.564484/0,0.28723506251029807,0.0,12.0,0.025,0.0,1,0.4,0.000489677/0.321931/0.0554094/0.209505/0.019422,0.000489677/-0.321931/0.0554094/0.209505/-0.019422,R_30cGYmvQmqK1yBb,attribution,base_exemplar
4,20,130309,1,age,bmi,0/0/0/0/0.405405,0/0/0/-0.507564/0,0/0/0/0/0.453802,0.21440693381689446,0.0,12.0,0.025,0.0,1,0.4,0.000255565/0.0653502/0.00594426/0.107564/0.053802,-0.000255565/-0.0653502/-0.00594426/-0.107564/0.053802,R_30cGYmvQmqK1yBb,attribution,base_exemplar
0,1,130200,-1,age,bmi,0/0/0/0/-0.432432,0/0/0/0.340489/0,0/0/0/0/-0.246118,0.14956449417629503,0.0,0.0,0.025,0.0,1,0.2,0.002896/0.0634306/0.0854704/0.140489/0.0461183,-0.002896/-0.0634306/0.0854704/0.140489/-0.0461183,R_30cGYmvQmqK1yBb,attribution,base_prototype
1,2,130201,-1,age,bmi,0/0/0/0/-0.432432,0/0/0/0.496684/0,0/0/0/0/-0.332729,0.11231344461673529,0.0,0.0,0.025,0.0,1,0.3,0.00181/0.148005/0.0447463/0.196684/0.0327291,-0.00181/0.148005/0.0447463/0.196684/-0.0327291,R_30cGYmvQmqK1yBb,attribution,base_prototype
2,3,130202,-1,bmi,insulin,0/0/0/-0.36415/0,0/0/-0.395942/0/0,0/0/0/0.335122/0,0.16210793330673196,0.0,0.0,0.025,0.0,1,0.3,0.000724001/0.0634306/0.107592/0.0351222/0.023803,-0.000724001/0.0634306/-0.107592/0.0351222/-0.023803,R_30cGYmvQmqK1yBb,attribution,base_prototype
3,4,130203,-1,bmi,blood_pressure,0/0/0/-0.447322/0,0/-0.490292/0/0/0,0/0/0/-0.45805/0,0.2934415473601369,0.0,0.0,0.025,0.0,1,0.3,0.00376481/0.190292/0.0804427/0.15805/0.0252907,-0.00376481/-0.190292/-0.0804427/-0.15805/0.0252907,R_30cGYmvQmqK1yBb,attribution,base_prototype
4,5,130204,-1,age,bmi,0/0/0/0/-0.351351,0/0/0/0.396684/0,0/0/0/0/-0.21934,0.11636055914017987,0.0,0.0,0.025,0.0,1,0.2,0.002896/0.0211435/0.0548016/0.196684/0.0193399,-0.002896/0.0211435/-0.0548016/0.196684/-0.0193399,R_30cGYmvQmqK1yBb,attribution,base_prototype
0,6,130205,-1,bmi,insulin,0/0/0/-0.456589/0,0/0/-0.405632/0/0,0/0/0/-0.379123/0,0.29684477246411783,0.0,0.0,0.025,0.0,1,0.2,0.00876041/0.0634306/0.205632/0.179123/0.0565321,-0.00876041/-0.0634306/-0.205632/-0.179123/0.0565321,R_30cGYmvQmqK1yBb,attribution,base_prototype
1,7,130206,-1,bmi,bmi,0/0/0/-0.521079/0,0/0/0/-0.531807/0,0/0/0/-0.531807/0,0.3281556624244002,0.0,0.0,0.025,0.0,1,0.3,0.0024616/0.148005/0.173957/0.231807/0.0342168,-0.0024616/-0.148005/-0.173957/-0.231807/0.0342168,R_30cGYmvQmqK1yBb,attribution,base_prototype
2,8,130207,-1,insulin,insulin,0/0/-0.534109/0/0,0/0/-0.727352/0/0,0/0/-0.727352/0/0,0.4759938142233466,0.0,0.0,0.025,0.0,1,0.3,0.0035476/0.0211435/0.427352/0.15805/0.0208276,-0.0035476/0.0211435/-0.427352/-0.15805/0.0208276,R_30cGYmvQmqK1yBb,attribution,base_prototype
3,9,130208,-1,age,age,0/0/0/0/-0.675676,0/0/0/0/-0.395212,0/0/0/0/-0.395212,0.26545779877831366,0.0,0.0,0.025,0.0,1,0.3,0.00644361/0.0634306/0.0759178/0.0772689/0.0952119,0.00644361/0.0634306/-0.0759178/-0.0772689/-0.0952119,R_30cGYmvQmqK1yBb,attribution,base_prototype
4,10,130209,-1,bmi,bmi,0/0/0/-0.77/0,0/0/0/-0.690728/0,0/0/0/-0.690728/0,0.407008931808438,0.0,0.0,0.025,0.0,1,0.2,0.00405441/0.317153/0.0955257/0.490728/0.0163646,0.00405441/-0.317153/-0.0955257/-0.490728/0.0163646,R_30cGYmvQmqK1yBb,attribution,base_prototype
0,11,130300,1,age,bmi,0/0/0/0/0.513514,0/0/0/0.437075/0,0/0/0/0/0.263227,0.15013591092610262,0.0,0.0,0.025,0.0,1,0.2,0.0101722/0.0563827/0.110357/0.237075/0.0632267,-0.0101722/-0.0563827/0.110357/0.237075/0.0632267,R_30cGYmvQmqK1yBb,attribution,base_prototype
1,12,130301,1,bmi,bmi,0/0/0/0.286339/0,0/0/0/0.610832/0,0/0/0/0.610832/0,0.37716637219052157,0.0,0.0,0.025,0.0,1,0.3,0.00604541/0.112765/0.200855/0.310832/0.0230591,-0.00604541/0.112765/0.200855/0.310832/0.0230591,R_30cGYmvQmqK1yBb,attribution,base_prototype
2,13,130302,1,bmi,blood_pressure,0/0/0/0.300388/0,0/0.751062/0/0/0,0/0/0/0.624881/0,0.2862066691746654,0.0,0.0,0.025,0.0,1,0.3,0.000615401/0.451062/0.178231/0.324881/0.00371922,-0.000615401/0.451062/0.178231/0.324881/-0.00371922,R_30cGYmvQmqK1yBb,attribution,base_prototype
3,14,130303,1,bmi,bmi,0/0/0/0.456589/0,0/0/0/0.747808/0,0/0/0/0.747808/0,0.41679730756089517,0.0,0.0,0.025,0.0,1,0.3,0.0011222/0.112765/0.185772/0.447808/0.066202,0.0011222/0.112765/0.185772/0.447808/-0.066202,R_30cGYmvQmqK1yBb,attribution,base_prototype
4,15,130304,1,age,bmi,0/0/0/0/0.405405,0/0/0/0.335221/0,0/0/0/0/0.227522,0.11325304078814065,0.0,0.0,0.025,0.0,1,0.2,0.001267/0.112765/0.0525392/0.135221/0.0275222,-0.001267/0.112765/-0.0525392/0.135221/0.0275222,R_30cGYmvQmqK1yBb,attribution,base_prototype
0,16,130305,1,age,bmi,0/0/0/0/0.459459,0/0/0/-0.555507/0,0/0/0/0/0.263227,0.11648624785865573,0.0,0.0,0.025,0.0,1,0.2,0.00394581/0.310105/0.0274008/0.355507/0.0632267,0.00394581/-0.310105/0.0274008/-0.355507/0.0632267,R_30cGYmvQmqK1yBb,attribution,base_prototype
1,17,130306,1,age,insulin,0/0/0/0/0.324324,0/0/0.531021/0/0,0/0/0/0/-0.326035,0.1085277133093675,0.0,0.0,0.025,0.0,1,0.3,0.00524901/0.140957/0.231021/0.0122928/0.0260345,0.00524901/-0.140957/0.231021/-0.0122928/-0.0260345,R_30cGYmvQmqK1yBb,attribution,base_prototype
2,18,130307,1,bmi,insulin,0/0/0/0.22102/0,0/0/0.411866/0/0,0/0/0/0.375513/0,0.24924772216152882,0.0,0.0,0.025,0.0,1,0.3,0.00894141/0.0281914/0.111866/0.0755128/0.0438868,0.00894141/0.0281914/0.111866/0.0755128/-0.0438868,R_30cGYmvQmqK1yBb,attribution,base_prototype
3,19,130308,1,bmi,blood_pressure,0/0/0/0.194484/0,0/-0.610105/0/0/0,0/0/0/0.508977/0,0.2502846992168237,0.0,0.0,0.025,0.0,1,0.3,0.0017738/0.310105/0.178231/0.208977/0.0394237,0.0017738/-0.310105/0.178231/0.208977/-0.0394237,R_30cGYmvQmqK1yBb,attribution,base_prototype
4,20,130309,1,age,bmi,0/0/0/0/0.405405,0/0/0/-0.328196/0,0/0/0/0/0.263227,0.17187584229982827,0.0,0.0,0.025,0.0,1,0.2,0.000398201/0.0986698/0.0781803/0.128196/0.0632267,-0.000398201/-0.0986698/-0.0781803/-0.128196/0.0632267,R_30cGYmvQmqK1yBb,attribution,base_prototype
0,1,130200,-1,bmi,bmi,0/0/0/-0.168783/0,0/0/0/0.240489/0,0/0/0/0.240489/0,0.34204409054856033,0.0,0.0,0.025,0.0,1,0.1,0.002896/0.0634306/0.0854704/0.140489/0.0461183,-0.002896/-0.0634306/0.0854704/0.140489/-0.0461183,R_3AbQNpoJALUO8Vz,none,base_exemplar
1,2,130201,-1,age,bmi,0/0/0/0/-0.27027,0/0/0/0.221684/0,0/0/0/0/-0.0577291,0.11231344461673529,0.0,0.0,0.025,0.0,1,0.025,0.00181/0.148005/0.0447463/0.196684/0.0327291,-0.00181/0.148005/0.0447463/0.196684/-0.0327291,R_3AbQNpoJALUO8Vz,none,base_exemplar
2,3,130202,-1,bmi,insulin,0/0/0/-0.18415/0,0/0/-0.307592/0/0,0/0/0/0.235122/0,0.16210793330673196,0.0,0.0,0.025,0.0,1,0.2,0.000724001/0.0634306/0.107592/0.0351222/0.023803,-0.000724001/0.0634306/-0.107592/0.0351222/-0.023803,R_3AbQNpoJALUO8Vz,none,base_exemplar
3,4,130203,-1,bmi,blood_pressure,0/0/0/-0.337322/0,0/-0.215292/0/0/0,0/0/0/-0.18305/0,0.2934415473601369,0.0,0.0,0.025,0.0,1,0.025,0.00376481/0.190292/0.0804427/0.15805/0.0252907,-0.00376481/-0.190292/-0.0804427/-0.15805/0.0252907,R_3AbQNpoJALUO8Vz,none,base_exemplar
4,5,130204,-1,insulin,bmi,0/0/-0.0639281/0/0,0/0/0/0.396684/0,0/0/-0.254802/0/0,0.18674603434469234,0.0,0.0,0.025,0.0,1,0.2,0.002896/0.0211435/0.0548016/0.196684/0.0193399,-0.002896/0.0211435/-0.0548016/0.196684/-0.0193399,R_3AbQNpoJALUO8Vz,none,base_exemplar
0,6,130205,-1,bmi,insulin,0/0/0/-0.351222/0,0/0/-0.305632/0/0,0/0/0/-0.279123/0,0.29684477246411783,0.0,0.0,0.025,0.0,1,0.1,0.00876041/0.0634306/0.205632/0.179123/0.0565321,-0.00876041/-0.0634306/-0.205632/-0.179123/0.0565321,R_3AbQNpoJALUO8Vz,none,base_exemplar
1,7,130206,-1,bmi,bmi,0/0/0/-0.381079/0,0/0/0/-0.256807/0,0/0/0/-0.256807/0,0.3281556624244002,0.0,0.0,0.025,0.0,1,0.025,0.0024616/0.148005/0.173957/0.231807/0.0342168,-0.0024616/-0.148005/-0.173957/-0.231807/0.0342168,R_3AbQNpoJALUO8Vz,none,base_exemplar
2,8,130207,-1,bmi,insulin,0/0/0/-0.367322/0,0/0/-0.627352/0/0,0/0/0/-0.35805/0,0.22458200376205129,0.0,0.0,0.025,0.0,1,0.2,0.0035476/0.0211435/0.427352/0.15805/0.0208276,-0.0035476/0.0211435/-0.427352/-0.15805/0.0208276,R_3AbQNpoJALUO8Vz,none,base_exemplar
3,9,130208,-1,age,age,0/0/0/0/-0.405405,0/0/0/0/-0.120212,0/0/0/0/-0.120212,0.26545779877831366,0.0,0.0,0.025,0.0,1,0.025,0.00644361/0.0634306/0.0759178/0.0772689/0.0952119,0.00644361/0.0634306/-0.0759178/-0.0772689/-0.0952119,R_3AbQNpoJALUO8Vz,none,base_exemplar
4,10,130209,-1,bmi,bmi,0/0/0/-0.47/0,0/0/0/-0.690728/0,0/0/0/-0.690728/0,0.407008931808438,0.0,0.0,0.025,0.0,1,0.2,0.00405441/0.317153/0.0955257/0.490728/0.0163646,0.00405441/-0.317153/-0.0955257/-0.490728/0.0163646,R_3AbQNpoJALUO8Vz,none,base_exemplar
0,11,130300,1,insulin,bmi,0/0/0.0927988/0/0,0/0/0/0.337075/0,0/0/0.210357/0/0,0.21441171195720501,0.0,0.0,0.025,0.0,1,0.1,0.0101722/0.0563827/0.110357/0.237075/0.0632267,-0.0101722/-0.0563827/0.110357/0.237075/0.0632267,R_3AbQNpoJALUO8Vz,none,base_exemplar
1,12,130301,1,blood_pressure,bmi,0/0.347826/0/0/0,0/0/0/0.335832/0,0/0.137765/0/0/0,0.17574249918513524,0.0,0.0,0.025,0.0,1,0.025,0.00604541/0.112765/0.200855/0.310832/0.0230591,-0.00604541/0.112765/0.200855/0.310832/0.0230591,R_3AbQNpoJALUO8Vz,none,base_exemplar
2,13,130302,1,insulin,blood_pressure,0/0/0.185598/0/0,0/0.651062/0/0/0,0/0/0.378231/0/0,0.18451143306870885,0.0,0.0,0.025,0.0,1,0.2,0.000615401/0.451062/0.178231/0.324881/0.00371922,-0.000615401/0.451062/0.178231/0.324881/-0.00371922,R_3AbQNpoJALUO8Vz,none,base_exemplar
3,14,130303,1,blood_pressure,bmi,0/0.326087/0/0/0,0/0/0/0.472808/0,0/0.137765/0/0/0,0.15580280444860742,0.0,0.0,0.025,0.0,1,0.025,0.0011222/0.112765/0.185772/0.447808/0.066202,0.0011222/0.112765/0.185772/0.447808/-0.066202,R_3AbQNpoJALUO8Vz,none,base_exemplar
4,15,130304,1,age,bmi,0/0/0/0/0.27027,0/0/0/0.335221/0,0/0/0/0/0.227522,0.11325304078814065,0.0,0.0,0.025,0.0,1,0.2,0.001267/0.112765/0.0525392/0.135221/0.0275222,-0.001267/0.112765/-0.0525392/0.135221/0.0275222,R_3AbQNpoJALUO8Vz,none,base_exemplar
0,16,130305,1,insulin,bmi,0/0/0.249526/0/0,0/0/0/-0.455507/0,0/0/0.127401/0/0,0.08543592842656532,0.0,0.0,0.025,0.0,1,0.1,0.00394581/0.310105/0.0274008/0.355507/0.0632267,0.00394581/-0.310105/0.0274008/-0.355507/0.0632267,R_3AbQNpoJALUO8Vz,none,base_exemplar
1,17,130306,1,insulin,insulin,0/0/0.278396/0/0,0/0/0.256021/0/0,0/0/0.256021/0/0,0.4196032752094355,0.0,0.0,0.025,0.0,1,0.025,0.00524901/0.140957/0.231021/0.0122928/0.0260345,0.00524901/-0.140957/0.231021/-0.0122928/-0.0260345,R_3AbQNpoJALUO8Vz,none,base_exemplar
2,18,130307,1,insulin,insulin,0/0/0.115483/0/0,0/0/0.311866/0/0,0/0/0.311866/0/0,0.34303610913533583,0.0,0.0,0.025,0.0,1,0.2,0.00894141/0.0281914/0.111866/0.0755128/0.0438868,0.00894141/0.0281914/0.111866/0.0755128/-0.0438868,R_3AbQNpoJALUO8Vz,none,base_exemplar
3,19,130308,1,insulin,blood_pressure,0/0/0.245401/0/0,0/-0.335105/0/0/0,0/0/0.203231/0/0,0.2216644526155845,0.0,0.0,0.025,0.0,1,0.025,0.0017738/0.310105/0.178231/0.208977/0.0394237,0.0017738/-0.310105/0.178231/0.208977/-0.0394237,R_3AbQNpoJALUO8Vz,none,base_exemplar
4,20,130309,1,blood_pressure,bmi,0/0.173913/0/0/0,0/0/0/-0.328196/0,0/-0.29867/0/0/0,0.24110346439246652,0.0,0.0,0.025,0.0,1,0.2,0.000398201/0.0986698/0.0781803/0.128196/0.0632267,-0.000398201/-0.0986698/-0.0781803/-0.128196/0.0632267,R_3AbQNpoJALUO8Vz,none,base_exemplar
0,1,130200,-1,bmi,bmi,0/0/0/-0.168783/0,0/0/0/0.240489/0,0/0/0/0.240489/0,0.34204409054856033,0.0,0.0,0.025,0.0,1,0.1,0.002896/0.0634306/0.0854704/0.140489/0.0461183,-0.002896/-0.0634306/0.0854704/0.140489/-0.0461183,R_3AbQNpoJALUO8Vz,none,base_prototype
1,2,130201,-1,age,bmi,0/0/0/0/-0.27027,0/0/0/0.221684/0,0/0/0/0/-0.0577291,0.11231344461673529,0.0,0.0,0.025,0.0,1,0.025,0.00181/0.148005/0.0447463/0.196684/0.0327291,-0.00181/0.148005/0.0447463/0.196684/-0.0327291,R_3AbQNpoJALUO8Vz,none,base_prototype
2,3,130202,-1,bmi,insulin,0/0/0/-0.18415/0,0/0/-0.307592/0/0,0/0/0/0.235122/0,0.16210793330673196,0.0,0.0,0.025,0.0,1,0.2,0.000724001/0.0634306/0.107592/0.0351222/0.023803,-0.000724001/0.0634306/-0.107592/0.0351222/-0.023803,R_3AbQNpoJALUO8Vz,none,base_prototype
3,4,130203,-1,bmi,blood_pressure,0/0/0/-0.337322/0,0/-0.215292/0/0/0,0/0/0/-0.18305/0,0.2934415473601369,0.0,0.0,0.025,0.0,1,0.025,0.00376481/0.190292/0.0804427/0.15805/0.0252907,-0.00376481/-0.190292/-0.0804427/-0.15805/0.0252907,R_3AbQNpoJALUO8Vz,none,base_prototype
4,5,130204,-1,insulin,bmi,0/0/-0.0639281/0/0,0/0/0/0.396684/0,0/0/-0.254802/0/0,0.18674603434469234,0.0,0.0,0.025,0.0,1,0.2,0.002896/0.0211435/0.0548016/0.196684/0.0193399,-0.002896/0.0211435/-0.0548016/0.196684/-0.0193399,R_3AbQNpoJALUO8Vz,none,base_prototype
0,6,130205,-1,bmi,insulin,0/0/0/-0.351222/0,0/0/-0.305632/0/0,0/0/0/-0.279123/0,0.29684477246411783,0.0,0.0,0.025,0.0,1,0.1,0.00876041/0.0634306/0.205632/0.179123/0.0565321,-0.00876041/-0.0634306/-0.205632/-0.179123/0.0565321,R_3AbQNpoJALUO8Vz,none,base_prototype
1,7,130206,-1,bmi,bmi,0/0/0/-0.381079/0,0/0/0/-0.256807/0,0/0/0/-0.256807/0,0.3281556624244002,0.0,0.0,0.025,0.0,1,0.025,0.0024616/0.148005/0.173957/0.231807/0.0342168,-0.0024616/-0.148005/-0.173957/-0.231807/0.0342168,R_3AbQNpoJALUO8Vz,none,base_prototype
2,8,130207,-1,bmi,insulin,0/0/0/-0.367322/0,0/0/-0.627352/0/0,0/0/0/-0.35805/0,0.22458200376205129,0.0,0.0,0.025,0.0,1,0.2,0.0035476/0.0211435/0.427352/0.15805/0.0208276,-0.0035476/0.0211435/-0.427352/-0.15805/0.0208276,R_3AbQNpoJALUO8Vz,none,base_prototype
3,9,130208,-1,age,age,0/0/0/0/-0.405405,0/0/0/0/-0.120212,0/0/0/0/-0.120212,0.26545779877831366,0.0,0.0,0.025,0.0,1,0.025,0.00644361/0.0634306/0.0759178/0.0772689/0.0952119,0.00644361/0.0634306/-0.0759178/-0.0772689/-0.0952119,R_3AbQNpoJALUO8Vz,none,base_prototype
4,10,130209,-1,bmi,bmi,0/0/0/-0.47/0,0/0/0/-0.690728/0,0/0/0/-0.690728/0,0.407008931808438,0.0,0.0,0.025,0.0,1,0.2,0.00405441/0.317153/0.0955257/0.490728/0.0163646,0.00405441/-0.317153/-0.0955257/-0.490728/0.0163646,R_3AbQNpoJALUO8Vz,none,base_prototype
0,11,130300,1,insulin,bmi,0/0/0.0927988/0/0,0/0/0/0.337075/0,0/0/0.210357/0/0,0.21441171195720501,0.0,0.0,0.025,0.0,1,0.1,0.0101722/0.0563827/0.110357/0.237075/0.0632267,-0.0101722/-0.0563827/0.110357/0.237075/0.0632267,R_3AbQNpoJALUO8Vz,none,base_prototype
1,12,130301,1,blood_pressure,bmi,0/0.347826/0/0/0,0/0/0/0.335832/0,0/0.137765/0/0/0,0.17574249918513524,0.0,0.0,0.025,0.0,1,0.025,0.00604541/0.112765/0.200855/0.310832/0.0230591,-0.00604541/0.112765/0.200855/0.310832/0.0230591,R_3AbQNpoJALUO8Vz,none,base_prototype
2,13,130302,1,insulin,blood_pressure,0/0/0.185598/0/0,0/0.651062/0/0/0,0/0/0.378231/0/0,0.18451143306870885,0.0,0.0,0.025,0.0,1,0.2,0.000615401/0.451062/0.178231/0.324881/0.00371922,-0.000615401/0.451062/0.178231/0.324881/-0.00371922,R_3AbQNpoJALUO8Vz,none,base_prototype
3,14,130303,1,blood_pressure,bmi,0/0.326087/0/0/0,0/0/0/0.472808/0,0/0.137765/0/0/0,0.15580280444860742,0.0,0.0,0.025,0.0,1,0.025,0.0011222/0.112765/0.185772/0.447808/0.066202,0.0011222/0.112765/0.185772/0.447808/-0.066202,R_3AbQNpoJALUO8Vz,none,base_prototype
4,15,130304,1,age,bmi,0/0/0/0/0.27027,0/0/0/0.335221/0,0/0/0/0/0.227522,0.11325304078814065,0.0,0.0,0.025,0.0,1,0.2,0.001267/0.112765/0.0525392/0.135221/0.0275222,-0.001267/0.112765/-0.0525392/0.135221/0.0275222,R_3AbQNpoJALUO8Vz,none,base_prototype
0,16,130305,1,insulin,bmi,0/0/0.249526/0/0,0/0/0/-0.455507/0,0/0/0.127401/0/0,0.08543592842656532,0.0,0.0,0.025,0.0,1,0.1,0.00394581/0.310105/0.0274008/0.355507/0.0632267,0.00394581/-0.310105/0.0274008/-0.355507/0.0632267,R_3AbQNpoJALUO8Vz,none,base_prototype
1,17,130306,1,insulin,insulin,0/0/0.278396/0/0,0/0/0.256021/0/0,0/0/0.256021/0/0,0.4196032752094355,0.0,0.0,0.025,0.0,1,0.025,0.00524901/0.140957/0.231021/0.0122928/0.0260345,0.00524901/-0.140957/0.231021/-0.0122928/-0.0260345,R_3AbQNpoJALUO8Vz,none,base_prototype
2,18,130307,1,insulin,insulin,0/0/0.115483/0/0,0/0/0.311866/0/0,0/0/0.311866/0/0,0.34303610913533583,0.0,0.0,0.025,0.0,1,0.2,0.00894141/0.0281914/0.111866/0.0755128/0.0438868,0.00894141/0.0281914/0.111866/0.0755128/-0.0438868,R_3AbQNpoJALUO8Vz,none,base_prototype
3,19,130308,1,insulin,blood_pressure,0/0/0.245401/0/0,0/-0.335105/0/0/0,0/0/0.203231/0/0,0.2216644526155845,0.0,0.0,0.025,0.0,1,0.025,0.0017738/0.310105/0.178231/0.208977/0.0394237,0.0017738/-0.310105/0.178231/0.208977/-0.0394237,R_3AbQNpoJALUO8Vz,none,base_prototype
4,20,130309,1,blood_pressure,bmi,0/0.173913/0/0/0,0/0/0/-0.328196/0,0/-0.29867/0/0/0,0.24110346439246652,0.0,0.0,0.025,0.0,1,0.2,0.000398201/0.0986698/0.0781803/0.128196/0.0632267,-0.000398201/-0.0986698/-0.0781803/-0.128196/0.0632267,R_3AbQNpoJALUO8Vz,none,base_prototype
0,1,130200,-1,bmi,blood_pressure,0/0/0/0.0212166/0,0/-0.0177634/0/0/0,0/0/0/0.126994/0,0.09814066441933503,1.0,24.0,0.025,0.0,0,0.0,0/0.0355267/0/0/0,-0/-0.0177634/0.106558/0.126994/-0.268044,R_3GWkluTOGFc2gV5,attribution,additive_exemplar
1,2,130201,-1,insulin,bmi,0/0/0.152602/0/0,0/0/0/0.110674/0,0/0/-0.000187864/0/0,0.08559264000081786,0.25,24.0,0.025,0.0,0,0.0,0/0.0941223/0.00622647/0.111057/0,-0/0.0470612/-0.000187864/0.110674/-0,R_3GWkluTOGFc2gV5,attribution,additive_exemplar
2,3,130202,-1,bmi,blood_pressure,0/0/0/0.17585/0,0/0.045512/0/0/0,0/0/0/0.00672505/0,0.09814066441933503,1.0,24.0,0.025,0.0,0,0.0,0/0.0910239/0/0/0,0/0.045512/-0/0.00672505/-0.178376,R_3GWkluTOGFc2gV5,attribution,additive_exemplar
3,4,130203,-1,bmi,blood_pressure,0/0/0/0.172678/0,0/-0.0659043/0/0/0,0/0/0/-0.0978905/0,0.09814066441933503,4.0,24.0,0.025,0.0,0,0.0,0/0.131809/0/0/0,-0/-0.0659043/-0.0740675/-0.0978905/0.0896274,R_3GWkluTOGFc2gV5,attribution,additive_exemplar
4,5,130204,-1,bmi,blood_pressure,0/0/0/0.167412/0,0/0.0199369/0/0/0,0/0/0/0.150324/0,0.09814066441933503,1.0,24.0,0.025,0.0,0,0.0,0/0.0398738/0/0/0,-0/0.0199369/-0/0.150324/-0.148769,R_3GWkluTOGFc2gV5,attribution,additive_exemplar
0,6,130205,-1,bmi,blood_pressure,0/0/0/0.140489/0,0/-0.00758395/0/0/0,0/0/0/-0.098864/0,0.09814066441933503,1.0,24.0,0.025,0.0,0,0.0,0/0.0151679/0/0/0,-0/-0.00758395/-0/-0.098864/0.260391,R_3GWkluTOGFc2gV5,attribution,additive_exemplar
1,7,130206,-1,insulin,blood_pressure,0/0/0.152602/0/0,0/-0.0484662/0/0/0,0/0/0/0/0,0.09814066441933503,0.25,24.0,0.025,0.0,0,0.0,0/0.0969325/0/0/0,-0/-0.0484662/-0/-0.0529442/0.121125,R_3GWkluTOGFc2gV5,attribution,additive_exemplar
2,8,130207,-1,bmi,blood_pressure,0/0/0/0.122678/0,0/0.0287814/0/0/0,0/0/0/-0.134224/0,0.09814066441933503,1.0,24.0,0.025,0.0,0,0.0,0/0.0575627/0/0/0,-0.103688/0.0287814/-0/-0.134224/0,R_3GWkluTOGFc2gV5,attribution,additive_exemplar
3,9,130208,-1,insulin,blood_pressure,0/0/0.268085/0/0,0/0.0521806/0/0/0,0/0/0/0/0,0.09814066441933503,4.0,24.0,0.025,0.0,0,0.0,0/0.104361/0/0/0,0/0.0521806/-0/0.00748431/-0.586609,R_3GWkluTOGFc2gV5,attribution,additive_exemplar
4,10,130209,-1,insulin,blood_pressure,0/0/0.181473/0/0,0/-0.13222/0/0/0,0/0/0/0/0,0.09814066441933503,1.0,24.0,0.025,0.0,0,0.0,0/0.264439/0/0/0,0/-0.13222/-0/-0.239701/0.011504,R_3GWkluTOGFc2gV5,attribution,additive_exemplar
0,11,130300,1,insulin,blood_pressure,0/0/0.142292/0/0,0/-0.025033/0/0/0,0/0/-0.0109136/0/0,0.09814066441933503,1.0,24.0,0.025,0.0,0,0.0,0/0.050066/0/0/0,-0.487213/-0.025033/-0.0109136/0/0,R_3GWkluTOGFc2gV5,attribution,additive_exemplar
1,12,130301,1,insulin,bmi,0/0/0.107234/0/0,0/0/0/0.0010828/0,0/0/0.0105482/0/0,0.09397593973519927,0.25,24.0,0.025,0.0,0,0.0,0/0.0242087/0/0.27926/0,-0.273669/0.0121043/0.0105482/0.0010828/0.295418,R_3GWkluTOGFc2gV5,attribution,additive_exemplar
2,13,130302,1,insulin,blood_pressure,0/0/0.164976/0/0,0/0.156056/0/0/0,0/0/-0.0322247/0/0,0.10655634145090954,1.0,24.0,0.025,0.0,0,0.0,0/0.312113/0.0417806/0.281267/0,-0.0694206/0.156056/-0.0322247/0.000106567/0.152113,R_3GWkluTOGFc2gV5,attribution,additive_exemplar
3,14,130303,1,bmi,blood_pressure,0/0/0/0.105367/0,0/0.0165726/0/0/0,0/0/0/0/0,0.09289437412229286,4.0,24.0,0.025,0.0,0,0.0,0/0.0331452/0.00366057/0/0,-0.0307196/0.0165726/0.00341537/0/-0,R_3GWkluTOGFc2gV5,attribution,additive_exemplar
4,15,130304,1,bmi,blood_pressure,0/0/0/0.160728/0,0/0.0489123/0/0/0,0/0/0/0/0,0.09814066441933503,1.0,24.0,0.025,0.0,0,0.0,0/0.0978246/0/0/0,-0.0920982/0.0489123/-0.157727/0/0,R_3GWkluTOGFc2gV5,attribution,additive_exemplar
0,16,130305,1,insulin,blood_pressure,0/0/0.119607/0/0,0/-0.151221/0/0/0,0/0/-0.0947703/0/0,0.09814066441933503,1.0,24.0,0.025,0.0,0,0.0,0/0.302443/0/0/0,0.0169942/-0.151221/-0.0947703/-0/0,R_3GWkluTOGFc2gV5,attribution,additive_exemplar
1,17,130306,1,insulin,blood_pressure,0/0/0.117545/0/0,0/-0.0742359/0/0/0,0/0/0/0/0,0.09814066441933503,0.25,24.0,0.025,0.0,0,0.0,0/0.148472/0/0/0,0/-0.0742359/0/-0/-0.00198431,R_3GWkluTOGFc2gV5,attribution,additive_exemplar
2,18,130307,1,insulin,blood_pressure,0/0/0.144354/0/0,0/0.0119926/0/0/0,0/0/-0.0304154/0/0,0.09814066441933503,1.0,24.0,0.025,0.0,0,0.0,0/0.0239852/0/0/0,0.236422/0.0119926/-0.0304154/0/-0,R_3GWkluTOGFc2gV5,attribution,additive_exemplar
3,19,130308,1,insulin,blood_pressure,0/0/0.125794/0/0,0/-0.162323/0/0/0,0/0/0.0341992/0/0,0.09814066441933503,4.0,24.0,0.025,0.0,0,0.0,0/0.324647/0/0/0,-0.0220046/-0.162323/0.0341992/0/-0,R_3GWkluTOGFc2gV5,attribution,additive_exemplar
4,20,130309,1,bmi,blood_pressure,0/0/0/0.107311/0,0/-0.0311083/0/0/0,0/0/0/0/0,0.09814066441933503,1.0,24.0,0.025,0.0,0,0.0,0/0.0622165/0/0/0,-0/-0.0311083/0/-0/0,R_3GWkluTOGFc2gV5,attribution,additive_exemplar
0,1,130200,-1,bmi,blood_pressure,0/0/0/0.0212166/0,0/-0.132609/0/0/0,0/0/0/0.240489/0,0.09814066441933503,0.0,0.0,0.025,0.0,0,0.1,0/0.0652174/0/0/0,-0/-0.0326087/0.116858/0.140489/-0.279279,R_3GWkluTOGFc2gV5,attribution,additive_prototype
1,2,130201,-1,insulin,blood_pressure,0/0/0.152602/0/0,0/0.076087/0/0/0,0/0/0.0611785/0/0,0.09814066441933503,0.0,0.0,0.025,0.0,0,0.0,0/0.152174/0/0/0,-0/0.076087/0.0611785/0.196684/-0.198198,R_3GWkluTOGFc2gV5,attribution,additive_prototype
2,3,130202,-1,bmi,blood_pressure,0/0/0/0.17585/0,0/0.0326087/0/0/0,0/0/0/0.0351222/0,0.09814066441933503,0.0,0.0,0.025,0.0,0,0.0,0/0.0652174/0/0/0,-0/0.0326087/-0.147103/0.0351222/-0.144144,R_3GWkluTOGFc2gV5,attribution,additive_prototype
3,4,130203,-1,bmi,blood_pressure,0/0/0/0.172678/0,0/-0.197826/0/0/0,0/0/0/-0.25805/0,0.09814066441933503,0.0,0.0,0.025,0.0,0,0.1,0/0.195652/0/0/0,-0/-0.0978261/-0.109984/-0.15805/0.153153,R_3GWkluTOGFc2gV5,attribution,additive_prototype
4,5,130204,-1,bmi,blood_pressure,0/0/0/0.167412/0,0/0.11087/0/0/0,0/0/0/0.296684/0,0.09814066441933503,0.0,0.0,0.025,0.0,0,0.1,0/0.0217391/0/0/0,-0/0.0108696/-0.0749264/0.196684/-0.117117,R_3GWkluTOGFc2gV5,attribution,additive_prototype
0,6,130205,-1,bmi,blood_pressure,0/0/0/0.140489/0,0/-0.132609/0/0/0,0/0/0/-0.279123/0,0.09814066441933503,0.0,0.0,0.025,0.0,0,0.1,0/0.0652174/0/0/0,-0/-0.0326087/-0.281146/-0.179123/0.342342,R_3GWkluTOGFc2gV5,attribution,additive_prototype
1,7,130206,-1,insulin,blood_pressure,0/0/0.152602/0/0,0/-0.076087/0/0/0,0/0/-0.23784/0/0,0.09814066441933503,0.0,0.0,0.025,0.0,0,0.0,0/0.152174/0/0/0,-0/-0.076087/-0.23784/-0.231807/0.207207,R_3GWkluTOGFc2gV5,attribution,additive_prototype
2,8,130207,-1,bmi,blood_pressure,0/0/0/0.122678/0,0/0.0108696/0/0/0,0/0/0/-0.15805/0,0.09814066441933503,0.0,0.0,0.025,0.0,0,0.0,0/0.0217391/0/0/0,-0/0.0108696/-0.584289/-0.15805/0.126126,R_3GWkluTOGFc2gV5,attribution,additive_prototype
3,9,130208,-1,insulin,blood_pressure,0/0/0.268085/0/0,0/0.132609/0/0/0,0/0/-0.203797/0/0,0.09814066441933503,0.0,0.0,0.025,0.0,0,0.1,0/0.0652174/0/0/0,0/0.0326087/-0.103797/-0.0772689/-0.576577,R_3GWkluTOGFc2gV5,attribution,additive_prototype
4,10,130209,-1,insulin,blood_pressure,0/0/0.181473/0/0,0/-0.263043/0/0/0,0/0/-0.230606/0/0,0.09814066441933503,0.0,0.0,0.025,0.0,0,0.1,0/0.326087/0/0/0,0/-0.163043/-0.130606/-0.490728/0.0990991,R_3GWkluTOGFc2gV5,attribution,additive_prototype
0,11,130300,1,insulin,blood_pressure,0/0/0.142292/0/0,0/-0.128986/0/0/0,0/0/0.1/0/0,0.09814066441933503,0.0,0.0,0.025,0.0,0,0.1,0/0.057971/0/0/0,-0.398175/-0.0289855/0/0/0,R_3GWkluTOGFc2gV5,attribution,additive_prototype
1,12,130301,1,insulin,blood_pressure,0/0/0.107234/0/0,0/0.057971/0/0/0,0/0/0/0/0,0.09814066441933503,0.0,0.0,0.025,0.0,0,0.0,0/0.115942/0/0/0,-0.236638/0.057971/0/0/0,R_3GWkluTOGFc2gV5,attribution,additive_prototype
2,13,130302,1,insulin,blood_pressure,0/0/0.164976/0/0,0/0.231884/0/0/0,0/0/0/0/0,0.09814066441933503,0.0,0.0,0.025,0.0,0,0.0,0/0.463768/0/0/0,-0.0240889/0.231884/0/0/-0,R_3GWkluTOGFc2gV5,attribution,additive_prototype
3,14,130303,1,bmi,blood_pressure,0/0/0/0.105367/0,0/0.157971/0/0/0,0/0/0/0.1/0,0.09814066441933503,0.0,0.0,0.025,0.0,0,0.1,0/0.115942/0/0/0,0.0439268/0.057971/0/0/-0,R_3GWkluTOGFc2gV5,attribution,additive_prototype
4,15,130304,1,bmi,blood_pressure,0/0/0/0.160728/0,0/0.157971/0/0/0,0/0/0/0.1/0,0.09814066441933503,0.0,0.0,0.025,0.0,0,0.1,0/0.115942/0/0/0,-0.0495947/0.057971/-0/0/0,R_3GWkluTOGFc2gV5,attribution,additive_prototype
0,16,130305,1,insulin,blood_pressure,0/0/0.119607/0/0,0/-0.25942/0/0/0,0/0/0.1/0/0,0.09814066441933503,0.0,0.0,0.025,0.0,0,0.1,0/0.318841/0/0/0,0.154452/-0.15942/0/-0/0,R_3GWkluTOGFc2gV5,attribution,additive_prototype
1,17,130306,1,insulin,blood_pressure,0/0/0.117545/0/0,0/-0.0724638/0/0/0,0/0/0/0/0,0.09814066441933503,0.0,0.0,0.025,0.0,0,0.0,0/0.144928/0/0/0,0.205464/-0.0724638/0/-0/-0,R_3GWkluTOGFc2gV5,attribution,additive_prototype
2,18,130307,1,insulin,blood_pressure,0/0/0.144354/0/0,0/0.0144928/0/0/0,0/0/0/0/0,0.09814066441933503,0.0,0.0,0.025,0.0,0,0.0,0/0.0289855/0/0/0,0.349997/0.0144928/0/0/-0,R_3GWkluTOGFc2gV5,attribution,additive_prototype
3,19,130308,1,insulin,blood_pressure,0/0/0.125794/0/0,0/-0.25942/0/0/0,0/0/0.1/0/0,0.09814066441933503,0.0,0.0,0.025,0.0,0,0.1,0/0.318841/0/0/0,0.0694326/-0.15942/0/0/-0,R_3GWkluTOGFc2gV5,attribution,additive_prototype
4,20,130309,1,bmi,blood_pressure,0/0/0/0.107311/0,0/-0.150725/0/0/0,0/0/0/-0.1/0,0.09814066441933503,0.0,0.0,0.025,0.0,0,0.1,0/0.101449/0/0/0,-0.0155869/-0.0507246/-0/-0/0,R_3GWkluTOGFc2gV5,attribution,additive_prototype
0,1,130200,-1,bmi,insulin,0/0/0/0.0212166/0,0/0/0.130026/0/0,0/0/0/0.0847564/0,0.2901599234084445,1.0,0.0,0.05,0.0,0,0.0,0.0209021/0.0216716/0.130026/0.0847564/0,-0.0209021/-0.0216716/0.130026/0.0847564/-0.0396717,R_3GWkluTOGFc2gV5,attribution,base_exemplar
1,2,130201,-1,insulin,bmi,0/0/0.152602/0/0,0/0/0/0.196684/0,0/0/0.0447463/0/0,0.12470056761956695,0.0,0.0,0.05,0.0,0,0.0,0.00181/0.148005/0.0447463/0.196684/0,-0.00181/0.148005/0.0447463/0.196684/-0.0327291,R_3GWkluTOGFc2gV5,attribution,base_exemplar
2,3,130202,-1,bmi,insulin,0/0/0/0.17585/0,0/0/-0.140909/0/0,0/0/0/0.0435984/0,0.15779612985707642,1.0,0.0,0.05,0.0,0,0.0,0.00813477/0.0841664/0.140909/0.0435984/0,-0.00813477/0.0841664/-0.140909/0.0435984/-0.0146618,R_3GWkluTOGFc2gV5,attribution,base_exemplar
3,4,130203,-1,bmi,blood_pressure,0/0/0/0.172678/0,0/-0.170537/0/0/0,0/0/0/-0.0796113/0,0.19184122284157828,1.0,0.0,0.05,0.0,0,0.0,0.0357503/0.170537/0.105168/0.0796113/0,-0.0357503/-0.170537/-0.105168/-0.0796113/0.0107525,R_3GWkluTOGFc2gV5,attribution,base_exemplar
4,5,130204,-1,bmi,bmi,0/0/0/0.167412/0,0/0/0/0.182939/0,0/0/0/0.182939/0,0.5091722872002037,0.5,0.0,0.05,0.0,0,0.0,0.0153461/0.0309835/0.0641296/0.182939/0,-0.0153461/0.0309835/-0.0641296/0.182939/-0.00660398,R_3GWkluTOGFc2gV5,attribution,base_exemplar
0,6,130205,-1,bmi,insulin,0/0/0/0.140489/0,0/0/-0.269713/0/0,0/0/0/-0.108819/0,0.20413095919693294,1.0,0.0,0.05,0.0,0,0.0,0.0725421/0.0489168/0.269713/0.108819/0,-0.0725421/-0.0489168/-0.269713/-0.108819/0.013309,R_3GWkluTOGFc2gV5,attribution,base_exemplar
1,7,130206,-1,insulin,bmi,0/0/0.152602/0/0,0/0/0/-0.231807/0,0/0/-0.173957/0/0,0.27837094880044444,0.0,0.0,0.05,0.0,0,0.0,0.0024616/0.148005/0.173957/0.231807/0,-0.0024616/-0.148005/-0.173957/-0.231807/0.0342168,R_3GWkluTOGFc2gV5,attribution,base_exemplar
2,8,130207,-1,bmi,insulin,0/0/0/0.122678/0,0/0/-0.544486/0/0,0/0/0/-0.102694/0,0.15425360777663555,1.0,0.0,0.05,0.0,0,0.0,0.0267193/0.0351201/0.544486/0.102694/0,-0.0267193/0.0351201/-0.544486/-0.102694/0.00149147,R_3GWkluTOGFc2gV5,attribution,base_exemplar
3,9,130208,-1,insulin,insulin,0/0/0.268085/0/0,0/0/-0.0937564/0/0,0/0/-0.0937564/0/0,0.32143691007867226,1.0,0.0,0.05,0.0,0,0.0,0.0426406/0.0775037/0.0937564/0.0429679/0,0.0426406/0.0775037/-0.0937564/-0.0429679/-0.000681649,R_3GWkluTOGFc2gV5,attribution,base_exemplar
4,10,130209,-1,insulin,bmi,0/0/0.181473/0/0,0/0/0/-0.438159/0,0/0/-0.108057/0/0,0.13072212636806066,0.5,0.0,0.05,0.0,0,0.0,0.0151883/0.320404/0.108057/0.438159/0,0.0151883/-0.320404/-0.108057/-0.438159/0.00856958,R_3GWkluTOGFc2gV5,attribution,base_exemplar
0,11,130300,1,insulin,bmi,0/0/0.142292/0/0,0/0/0/0.190056/0,0/0/0.182029/0/0,0.33198061717461747,1.0,0.0,0.05,0.0,0,0.0,0.0600278/0.048599/0.182029/0.190056/0,-0.0600278/-0.048599/0.182029/0.190056/0.00598713,R_3GWkluTOGFc2gV5,attribution,base_exemplar
1,12,130301,1,insulin,bmi,0/0/0.107234/0/0,0/0/0/0.310832/0,0/0/0.200855/0/0,0.2819976061552096,0.0,0.0,0.05,0.0,0,0.0,0.00604541/0.112765/0.200855/0.310832/0,-0.00604541/0.112765/0.200855/0.310832/0.0230591,R_3GWkluTOGFc2gV5,attribution,base_exemplar
2,13,130302,1,insulin,blood_pressure,0/0/0.164976/0/0,0/0.472117/0/0/0,0/0/0.256079/0/0,0.23359477712899834,1.0,0.0,0.05,0.0,0,0.0,0.00141936/0.472117/0.256079/0.26928/0,-0.00141936/0.472117/0.256079/0.26928/-0.00188882,R_3GWkluTOGFc2gV5,attribution,base_exemplar
3,14,130303,1,bmi,bmi,0/0/0/0.105367/0,0/0/0/0.376691/0,0/0/0/0.376691/0,0.4166835825426907,1.0,0.0,0.05,0.0,0,0.0,0.00792934/0.123859/0.261142/0.376691/0,0.00792934/0.123859/0.261142/0.376691/-0.0168925,R_3GWkluTOGFc2gV5,attribution,base_exemplar
4,15,130304,1,bmi,bmi,0/0/0/0.160728/0,0/0/0/0.12587/0,0/0/0/0.12587/0,0.3747557413546229,0.5,0.0,0.05,0.0,0,0.0,0.00350297/0.119648/0.0416151/0.12587/0,-0.00350297/0.119648/-0.0416151/0.12587/0.0160548,R_3GWkluTOGFc2gV5,attribution,base_exemplar
0,16,130305,1,insulin,blood_pressure,0/0/0.119607/0/0,0/-0.311667/0/0/0,0/0/0.0667061/0/0,0.10643021369900978,1.0,0.0,0.05,0.0,0,0.0,0.0213769/0.311667/0.0667061/0.309615/0,0.0213769/-0.311667/0.0667061/-0.309615/0.0176185,R_3GWkluTOGFc2gV5,attribution,base_exemplar
1,17,130306,1,insulin,insulin,0/0/0.117545/0/0,0/0/0.231021/0/0,0/0/0.231021/0/0,0.48902785085635464,0.0,0.0,0.05,0.0,0,0.0,0.00524901/0.140957/0.231021/0.0122928/0,0.00524901/-0.140957/0.231021/-0.0122928/-0.0260345,R_3GWkluTOGFc2gV5,attribution,base_exemplar
2,18,130307,1,insulin,insulin,0/0/0.144354/0/0,0/0/0.16205/0/0,0/0/0.16205/0/0,0.44673004623735457,1.0,0.0,0.05,0.0,0,0.0,0.0433383/0.0355432/0.16205/0.0639727/0,0.0433383/0.0355432/0.16205/0.0639727/-0.0174898,R_3GWkluTOGFc2gV5,attribution,base_exemplar
3,19,130308,1,insulin,blood_pressure,0/0/0.125794/0/0,0/-0.312553/0/0/0,0/0/0.237337/0/0,0.28413587449931793,1.0,0.0,0.05,0.0,0,0.0,0.00931672/0.312553/0.237337/0.182476/0,0.00931672/-0.312553/0.237337/0.182476/-0.016926,R_3GWkluTOGFc2gV5,attribution,base_exemplar
4,20,130309,1,bmi,bmi,0/0/0/0.107311/0,0/0/0/-0.123986/0,0/0/0/-0.123986/0,0.3645020987004259,0.5,0.0,0.05,0.0,0,0.0,0.000743801/0.0984703/0.0722221/0.123986/0,-0.000743801/-0.0984703/-0.0722221/-0.123986/0.0437357,R_3GWkluTOGFc2gV5,attribution,base_exemplar
0,1,130200,-1,bmi,insulin,0/0/0/0.0212166/0,0/0/0.130026/0/0,0/0/0/0.0847564/0,0.2901599234084445,1.0,0.0,0.05,0.0,0,0.0,0.0209021/0.0216716/0.130026/0.0847564/0,-0.0209021/-0.0216716/0.130026/0.0847564/-0.0396717,R_3GWkluTOGFc2gV5,attribution,base_prototype
1,2,130201,-1,insulin,bmi,0/0/0.152602/0/0,0/0/0/0.196684/0,0/0/0.0447463/0/0,0.12470056761956695,0.0,0.0,0.05,0.0,0,0.0,0.00181/0.148005/0.0447463/0.196684/0,-0.00181/0.148005/0.0447463/0.196684/-0.0327291,R_3GWkluTOGFc2gV5,attribution,base_prototype
2,3,130202,-1,bmi,insulin,0/0/0/0.17585/0,0/0/-0.140909/0/0,0/0/0/0.0435984/0,0.15779612985707642,1.0,0.0,0.05,0.0,0,0.0,0.00813477/0.0841664/0.140909/0.0435984/0,-0.00813477/0.0841664/-0.140909/0.0435984/-0.0146618,R_3GWkluTOGFc2gV5,attribution,base_prototype
3,4,130203,-1,bmi,blood_pressure,0/0/0/0.172678/0,0/-0.170537/0/0/0,0/0/0/-0.0796113/0,0.19184122284157828,1.0,0.0,0.05,0.0,0,0.0,0.0357503/0.170537/0.105168/0.0796113/0,-0.0357503/-0.170537/-0.105168/-0.0796113/0.0107525,R_3GWkluTOGFc2gV5,attribution,base_prototype
4,5,130204,-1,bmi,bmi,0/0/0/0.167412/0,0/0/0/0.182939/0,0/0/0/0.182939/0,0.5091722872002037,0.5,0.0,0.05,0.0,0,0.0,0.0153461/0.0309835/0.0641296/0.182939/0,-0.0153461/0.0309835/-0.0641296/0.182939/-0.00660398,R_3GWkluTOGFc2gV5,attribution,base_prototype
0,6,130205,-1,bmi,insulin,0/0/0/0.140489/0,0/0/-0.269713/0/0,0/0/0/-0.108819/0,0.20413095919693294,1.0,0.0,0.05,0.0,0,0.0,0.0725421/0.0489168/0.269713/0.108819/0,-0.0725421/-0.0489168/-0.269713/-0.108819/0.013309,R_3GWkluTOGFc2gV5,attribution,base_prototype
1,7,130206,-1,insulin,bmi,0/0/0.152602/0/0,0/0/0/-0.231807/0,0/0/-0.173957/0/0,0.27837094880044444,0.0,0.0,0.05,0.0,0,0.0,0.0024616/0.148005/0.173957/0.231807/0,-0.0024616/-0.148005/-0.173957/-0.231807/0.0342168,R_3GWkluTOGFc2gV5,attribution,base_prototype
2,8,130207,-1,bmi,insulin,0/0/0/0.122678/0,0/0/-0.544486/0/0,0/0/0/-0.102694/0,0.15425360777663555,1.0,0.0,0.05,0.0,0,0.0,0.0267193/0.0351201/0.544486/0.102694/0,-0.0267193/0.0351201/-0.544486/-0.102694/0.00149147,R_3GWkluTOGFc2gV5,attribution,base_prototype
3,9,130208,-1,insulin,insulin,0/0/0.268085/0/0,0/0/-0.0937564/0/0,0/0/-0.0937564/0/0,0.32143691007867226,1.0,0.0,0.05,0.0,0,0.0,0.0426406/0.0775037/0.0937564/0.0429679/0,0.0426406/0.0775037/-0.0937564/-0.0429679/-0.000681649,R_3GWkluTOGFc2gV5,attribution,base_prototype
4,10,130209,-1,insulin,bmi,0/0/0.181473/0/0,0/0/0/-0.438159/0,0/0/-0.108057/0/0,0.13072212636806066,0.5,0.0,0.05,0.0,0,0.0,0.0151883/0.320404/0.108057/0.438159/0,0.0151883/-0.320404/-0.108057/-0.438159/0.00856958,R_3GWkluTOGFc2gV5,attribution,base_prototype
0,11,130300,1,insulin,bmi,0/0/0.142292/0/0,0/0/0/0.190056/0,0/0/0.182029/0/0,0.33198061717461747,1.0,0.0,0.05,0.0,0,0.0,0.0600278/0.048599/0.182029/0.190056/0,-0.0600278/-0.048599/0.182029/0.190056/0.00598713,R_3GWkluTOGFc2gV5,attribution,base_prototype
1,12,130301,1,insulin,bmi,0/0/0.107234/0/0,0/0/0/0.310832/0,0/0/0.200855/0/0,0.2819976061552096,0.0,0.0,0.05,0.0,0,0.0,0.00604541/0.112765/0.200855/0.310832/0,-0.00604541/0.112765/0.200855/0.310832/0.0230591,R_3GWkluTOGFc2gV5,attribution,base_prototype
2,13,130302,1,insulin,blood_pressure,0/0/0.164976/0/0,0/0.472117/0/0/0,0/0/0.256079/0/0,0.23359477712899834,1.0,0.0,0.05,0.0,0,0.0,0.00141936/0.472117/0.256079/0.26928/0,-0.00141936/0.472117/0.256079/0.26928/-0.00188882,R_3GWkluTOGFc2gV5,attribution,base_prototype
3,14,130303,1,bmi,bmi,0/0/0/0.105367/0,0/0/0/0.376691/0,0/0/0/0.376691/0,0.4166835825426907,1.0,0.0,0.05,0.0,0,0.0,0.00792934/0.123859/0.261142/0.376691/0,0.00792934/0.123859/0.261142/0.376691/-0.0168925,R_3GWkluTOGFc2gV5,attribution,base_prototype
4,15,130304,1,bmi,bmi,0/0/0/0.160728/0,0/0/0/0.12587/0,0/0/0/0.12587/0,0.3747557413546229,0.5,0.0,0.05,0.0,0,0.0,0.00350297/0.119648/0.0416151/0.12587/0,-0.00350297/0.119648/-0.0416151/0.12587/0.0160548,R_3GWkluTOGFc2gV5,attribution,base_prototype
0,16,130305,1,insulin,blood_pressure,0/0/0.119607/0/0,0/-0.311667/0/0/0,0/0/0.0667061/0/0,0.10643021369900978,1.0,0.0,0.05,0.0,0,0.0,0.0213769/0.311667/0.0667061/0.309615/0,0.0213769/-0.311667/0.0667061/-0.309615/0.0176185,R_3GWkluTOGFc2gV5,attribution,base_prototype
1,17,130306,1,insulin,insulin,0/0/0.117545/0/0,0/0/0.231021/0/0,0/0/0.231021/0/0,0.48902785085635464,0.0,0.0,0.05,0.0,0,0.0,0.00524901/0.140957/0.231021/0.0122928/0,0.00524901/-0.140957/0.231021/-0.0122928/-0.0260345,R_3GWkluTOGFc2gV5,attribution,base_prototype
2,18,130307,1,insulin,insulin,0/0/0.144354/0/0,0/0/0.16205/0/0,0/0/0.16205/0/0,0.44673004623735457,1.0,0.0,0.05,0.0,0,0.0,0.0433383/0.0355432/0.16205/0.0639727/0,0.0433383/0.0355432/0.16205/0.0639727/-0.0174898,R_3GWkluTOGFc2gV5,attribution,base_prototype
3,19,130308,1,insulin,blood_pressure,0/0/0.125794/0/0,0/-0.312553/0/0/0,0/0/0.237337/0/0,0.28413587449931793,1.0,0.0,0.05,0.0,0,0.0,0.00931672/0.312553/0.237337/0.182476/0,0.00931672/-0.312553/0.237337/0.182476/-0.016926,R_3GWkluTOGFc2gV5,attribution,base_prototype
4,20,130309,1,bmi,bmi,0/0/0/0.107311/0,0/0/0/-0.123986/0,0/0/0/-0.123986/0,0.3645020987004259,0.5,0.0,0.05,0.0,0,0.0,0.000743801/0.0984703/0.0722221/0.123986/0,-0.000743801/-0.0984703/-0.0722221/-0.123986/0.0437357,R_3GWkluTOGFc2gV5,attribution,base_prototype
0,1,130200,-1,blood_pressure,bmi,0/-0.23913/0/0/0,0/0/0/0.190489/0,0/-0.113431/0/0/0,0.20303915234895545,0.0,0.0,0.05,0.0,0,0.05,0.002896/0.0634306/0.0854704/0.140489/0,-0.002896/-0.0634306/0.0854704/0.140489/-0.0461183,R_3NlZuMtyMx8GIVO,none,base_exemplar
1,2,130201,-1,blood_pressure,bmi,0/-0.130435/0/0/0,0/0/0/0.246684/0,0/0.198005/0/0/0,0.32839749328398754,0.0,0.0,0.05,0.0,0,0.05,0.00181/0.148005/0.0447463/0.196684/0,-0.00181/0.148005/0.0447463/0.196684/-0.0327291,R_3NlZuMtyMx8GIVO,none,base_exemplar
2,3,130202,-1,blood_pressure,insulin,0/-0.0869565/0/0/0,0/0/-0.157592/0/0,0/0.113431/0/0/0,0.2723132087881168,0.0,0.0,0.05,0.0,0,0.05,0.000724001/0.0634306/0.107592/0.0351222/0,-0.000724001/0.0634306/-0.107592/0.0351222/-0.023803,R_3NlZuMtyMx8GIVO,none,base_exemplar
3,4,130203,-1,blood_pressure,blood_pressure,0/-0.326087/0/0/0,0/-0.193055/0/0/0,0/-0.193055/0/0/0,0.4411900970528339,0.5,24.0,0.05,0.0,0,0.05,0.0216388/0.143055/0.0633062/0.0452027/0,-0.0216388/-0.143055/-0.0633062/-0.0452027/0.00421859,R_3NlZuMtyMx8GIVO,none,base_exemplar
4,5,130204,-1,blood_pressure,bmi,0/-0.152174/0/0/0,0/0/0/0.284506/0,0/0.11902/0/0/0,0.10188385758456248,0.0,2.0,0.05,0.0,0,0.1,0.00269184/0.0190197/0.0544721/0.184506/0,-0.00269184/0.0190197/-0.0544721/0.184506/-0.019229,R_3NlZuMtyMx8GIVO,none,base_exemplar
0,6,130205,-1,bmi,insulin,0/0/0/-0.245856/0,0/0/-0.255632/0/0,0/0/0/-0.229123/0,0.3410647032563689,0.0,0.0,0.05,0.0,0,0.05,0.00876041/0.0634306/0.205632/0.179123/0,-0.00876041/-0.0634306/-0.205632/-0.179123/0.0565321,R_3NlZuMtyMx8GIVO,none,base_exemplar
1,7,130206,-1,blood_pressure,bmi,0/-0.326087/0/0/0,0/0/0/-0.281807/0,0/-0.198005/0/0/0,0.2410834464495095,0.0,0.0,0.05,0.0,0,0.05,0.0024616/0.148005/0.173957/0.231807/0,-0.0024616/-0.148005/-0.173957/-0.231807/0.0342168,R_3NlZuMtyMx8GIVO,none,base_exemplar
2,8,130207,-1,insulin,insulin,0/0/-0.233028/0/0,0/0/-0.477352/0/0,0/0/-0.477352/0/0,0.5581052109037854,0.0,0.0,0.05,0.0,0,0.05,0.0035476/0.0211435/0.427352/0.15805/0,-0.0035476/0.0211435/-0.427352/-0.15805/0.0208276,R_3NlZuMtyMx8GIVO,none,base_exemplar
3,9,130208,-1,bmi,insulin,0/0/0/-0.156541/0,0/0/-0.14841/0/0,0/0/0/-0.115648/0,0.22699926946955734,0.5,24.0,0.05,0.0,0,0.05,0.0248457/0.074693/0.09841/0.0656485/0,0.0248457/0.074693/-0.09841/-0.0656485/-0.0462609,R_3NlZuMtyMx8GIVO,none,base_exemplar
4,10,130209,-1,bmi,bmi,0/0/0/-0.38/0,0/0/0/-0.568929/0,0/0/0/-0.568929/0,0.45154560358988144,0.0,2.0,0.05,0.0,0,0.1,0.00394584/0.308472/0.0897203/0.468929/0,0.00394584/-0.308472/-0.0897203/-0.468929/0.014521,R_3NlZuMtyMx8GIVO,none,base_exemplar
0,11,130300,1,bmi,bmi,0/0/0/0.280978/0,0/0/0/0.287075/0,0/0/0/0.287075/0,0.4752256108519797,0.0,0.0,0.05,0.0,0,0.05,0.0101722/0.0563827/0.110357/0.237075/0,-0.0101722/-0.0563827/0.110357/0.237075/0.0632267,R_3NlZuMtyMx8GIVO,none,base_exemplar
1,12,130301,1,bmi,bmi,0/0/0/0.336339/0,0/0/0/0.360832/0,0/0/0/0.360832/0,0.41925650764145317,0.0,0.0,0.05,0.0,0,0.05,0.00604541/0.112765/0.200855/0.310832/0,-0.00604541/0.112765/0.200855/0.310832/0.0230591,R_3NlZuMtyMx8GIVO,none,base_exemplar
2,13,130302,1,insulin,blood_pressure,0/0/0.325827/0/0,0/0.501062/0/0/0,0/0/0.228231/0/0,0.17937774358732442,0.0,0.0,0.05,0.0,0,0.05,0.000615401/0.451062/0.178231/0.324881/0,-0.000615401/0.451062/0.178231/0.324881/-0.00371922,R_3NlZuMtyMx8GIVO,none,base_exemplar
3,14,130303,1,insulin,bmi,0/0/0.35676/0/0,0/0/0/0.446412/0,0/0/-0.0563281/0/0,0.07093395387097588,0.5,24.0,0.05,0.0,0,0.05,0.000392422/0.025929/0.0063281/0.396412/0,-0.000392422/0.025929/-0.0063281/0.396412/-0.024414,R_3NlZuMtyMx8GIVO,none,base_exemplar
4,15,130304,1,insulin,bmi,0/0/0.200033/0/0,0/0/0/0.231933/0,0/0/-0.158449/0/0,0.1838308141708554,0.0,2.0,0.05,0.0,0,0.1,0.0012922/0.1106/0.0584488/0.131933/0,-0.0012922/0.1106/-0.0584488/0.131933/0.0281277,R_3NlZuMtyMx8GIVO,none,base_exemplar
0,16,130305,1,insulin,bmi,0/0/0.1691/0/0,0/0/0/-0.405507/0,0/0/0.0774008/0/0,0.06813911354279772,0.0,0.0,0.05,0.0,0,0.05,0.00394581/0.310105/0.0274008/0.355507/0,0.00394581/-0.310105/0.0274008/-0.355507/0.0632267,R_3NlZuMtyMx8GIVO,none,base_exemplar
1,17,130306,1,insulin,insulin,0/0/0.387693/0/0,0/0/0.281021/0/0,0/0/0.281021/0/0,0.48902785085635464,0.0,0.0,0.05,0.0,0,0.05,0.00524901/0.140957/0.231021/0.0122928/0,0.00524901/-0.140957/0.231021/-0.0122928/-0.0260345,R_3NlZuMtyMx8GIVO,none,base_exemplar
2,18,130307,1,bmi,insulin,0/0/0/0.20102/0,0/0/0.161866/0/0,0/0/0/0.125513/0,0.29576257779029214,0.0,0.0,0.05,0.0,0,0.05,0.00894141/0.0281914/0.111866/0.0755128/0,0.00894141/0.0281914/0.111866/0.0755128/-0.0438868,R_3NlZuMtyMx8GIVO,none,base_exemplar
3,19,130308,1,bmi,blood_pressure,0/0/0/0.264484/0,0/-0.373605/0/0/0,0/0/0/0.248957/0,0.31497082702071694,0.5,24.0,0.05,0.0,0,0.05,0.00122295/0.323605/0.0216135/0.198957/0,0.00122295/-0.323605/0.0216135/0.198957/-0.0110641,R_3NlZuMtyMx8GIVO,none,base_exemplar
4,20,130309,1,insulin,bmi,0/0/0.105172/0/0,0/0/0/-0.223978/0,0/0/-0.163029/0/0,0.21064907833352814,0.0,2.0,0.05,0.0,0,0.1,0.000362594/0.0899366/0.0630295/0.123978/0,-0.000362594/-0.0899366/-0.0630295/-0.123978/0.061275,R_3NlZuMtyMx8GIVO,none,base_exemplar
0,1,130200,-1,blood_pressure,bmi,0/-0.23913/0/0/0,0/0/0/0.190489/0,0/-0.113431/0/0/0,0.20303915234895545,0.0,0.0,0.05,0.0,0,0.05,0.002896/0.0634306/0.0854704/0.140489/0,-0.002896/-0.0634306/0.0854704/0.140489/-0.0461183,R_3NlZuMtyMx8GIVO,none,base_prototype
1,2,130201,-1,blood_pressure,bmi,0/-0.130435/0/0/0,0/0/0/0.246684/0,0/0.198005/0/0/0,0.32839749328398754,0.0,0.0,0.05,0.0,0,0.05,0.00181/0.148005/0.0447463/0.196684/0,-0.00181/0.148005/0.0447463/0.196684/-0.0327291,R_3NlZuMtyMx8GIVO,none,base_prototype
2,3,130202,-1,blood_pressure,insulin,0/-0.0869565/0/0/0,0/0/-0.157592/0/0,0/0.113431/0/0/0,0.2723132087881168,0.0,0.0,0.05,0.0,0,0.05,0.000724001/0.0634306/0.107592/0.0351222/0,-0.000724001/0.0634306/-0.107592/0.0351222/-0.023803,R_3NlZuMtyMx8GIVO,none,base_prototype
3,4,130203,-1,blood_pressure,blood_pressure,0/-0.326087/0/0/0,0/-0.215292/0/0/0,0/-0.215292/0/0/0,0.3799497395828067,0.0,0.0,0.05,0.0,0,0.025,0.00376481/0.190292/0.0804427/0.15805/0,-0.00376481/-0.190292/-0.0804427/-0.15805/0.0252907,R_3NlZuMtyMx8GIVO,none,base_prototype
4,5,130204,-1,blood_pressure,bmi,0/-0.152174/0/0/0,0/0/0/0.296684/0,0/0.121144/0/0/0,0.10479273494217829,0.0,0.0,0.05,0.0,0,0.1,0.002896/0.0211435/0.0548016/0.196684/0,-0.002896/0.0211435/-0.0548016/0.196684/-0.0193399,R_3NlZuMtyMx8GIVO,none,base_prototype
0,6,130205,-1,bmi,insulin,0/0/0/-0.245856/0,0/0/-0.255632/0/0,0/0/0/-0.229123/0,0.3410647032563689,0.0,0.0,0.05,0.0,0,0.05,0.00876041/0.0634306/0.205632/0.179123/0,-0.00876041/-0.0634306/-0.205632/-0.179123/0.0565321,R_3NlZuMtyMx8GIVO,none,base_prototype
1,7,130206,-1,blood_pressure,bmi,0/-0.326087/0/0/0,0/0/0/-0.281807/0,0/-0.198005/0/0/0,0.2410834464495095,0.0,0.0,0.05,0.0,0,0.05,0.0024616/0.148005/0.173957/0.231807/0,-0.0024616/-0.148005/-0.173957/-0.231807/0.0342168,R_3NlZuMtyMx8GIVO,none,base_prototype
2,8,130207,-1,insulin,insulin,0/0/-0.233028/0/0,0/0/-0.477352/0/0,0/0/-0.477352/0/0,0.5581052109037854,0.0,0.0,0.05,0.0,0,0.05,0.0035476/0.0211435/0.427352/0.15805/0,-0.0035476/0.0211435/-0.427352/-0.15805/0.0208276,R_3NlZuMtyMx8GIVO,none,base_prototype
3,9,130208,-1,bmi,bmi,0/0/0/-0.156541/0,0/0/0/-0.102269/0,0/0/0/-0.102269/0,0.30634661847584227,0.0,0.0,0.05,0.0,0,0.025,0.00644361/0.0634306/0.0759178/0.0772689/0,0.00644361/0.0634306/-0.0759178/-0.0772689/-0.0952119,R_3NlZuMtyMx8GIVO,none,base_prototype
4,10,130209,-1,bmi,bmi,0/0/0/-0.38/0,0/0/0/-0.590728/0,0/0/0/-0.590728/0,0.4532446709195854,0.0,0.0,0.05,0.0,0,0.1,0.00405441/0.317153/0.0955257/0.490728/0,0.00405441/-0.317153/-0.0955257/-0.490728/0.0163646,R_3NlZuMtyMx8GIVO,none,base_prototype
0,11,130300,1,bmi,bmi,0/0/0/0.280978/0,0/0/0/0.287075/0,0/0/0/0.287075/0,0.4752256108519797,0.0,0.0,0.05,0.0,0,0.05,0.0101722/0.0563827/0.110357/0.237075/0,-0.0101722/-0.0563827/0.110357/0.237075/0.0632267,R_3NlZuMtyMx8GIVO,none,base_prototype
1,12,130301,1,bmi,bmi,0/0/0/0.336339/0,0/0/0/0.360832/0,0/0/0/0.360832/0,0.41925650764145317,0.0,0.0,0.05,0.0,0,0.05,0.00604541/0.112765/0.200855/0.310832/0,-0.00604541/0.112765/0.200855/0.310832/0.0230591,R_3NlZuMtyMx8GIVO,none,base_prototype
2,13,130302,1,insulin,blood_pressure,0/0/0.325827/0/0,0/0.501062/0/0/0,0/0/0.228231/0/0,0.17937774358732442,0.0,0.0,0.05,0.0,0,0.05,0.000615401/0.451062/0.178231/0.324881/0,-0.000615401/0.451062/0.178231/0.324881/-0.00371922,R_3NlZuMtyMx8GIVO,none,base_prototype
3,14,130303,1,insulin,bmi,0/0/0.35676/0/0,0/0/0/0.472808/0,0/0/0.210772/0/0,0.2276026910168428,0.0,0.0,0.05,0.0,0,0.025,0.0011222/0.112765/0.185772/0.447808/0,0.0011222/0.112765/0.185772/0.447808/-0.066202,R_3NlZuMtyMx8GIVO,none,base_prototype
4,15,130304,1,insulin,bmi,0/0/0.200033/0/0,0/0/0/0.235221/0,0/0/-0.152539/0/0,0.16902448434927392,0.0,0.0,0.05,0.0,0,0.1,0.001267/0.112765/0.0525392/0.135221/0,-0.001267/0.112765/-0.0525392/0.135221/0.0275222,R_3NlZuMtyMx8GIVO,none,base_prototype
0,16,130305,1,insulin,bmi,0/0/0.1691/0/0,0/0/0/-0.405507/0,0/0/0.0774008/0/0,0.06813911354279772,0.0,0.0,0.05,0.0,0,0.05,0.00394581/0.310105/0.0274008/0.355507/0,0.00394581/-0.310105/0.0274008/-0.355507/0.0632267,R_3NlZuMtyMx8GIVO,none,base_prototype
1,17,130306,1,insulin,insulin,0/0/0.387693/0/0,0/0/0.281021/0/0,0/0/0.281021/0/0,0.48902785085635464,0.0,0.0,0.05,0.0,0,0.05,0.00524901/0.140957/0.231021/0.0122928/0,0.00524901/-0.140957/0.231021/-0.0122928/-0.0260345,R_3NlZuMtyMx8GIVO,none,base_prototype
2,18,130307,1,bmi,insulin,0/0/0/0.20102/0,0/0/0.161866/0/0,0/0/0/0.125513/0,0.29576257779029214,0.0,0.0,0.05,0.0,0,0.05,0.00894141/0.0281914/0.111866/0.0755128/0,0.00894141/0.0281914/0.111866/0.0755128/-0.0438868,R_3NlZuMtyMx8GIVO,none,base_prototype
3,19,130308,1,bmi,blood_pressure,0/0/0/0.264484/0,0/-0.335105/0/0/0,0/0/0/0.233977/0,0.2671485150954686,0.0,0.0,0.05,0.0,0,0.025,0.0017738/0.310105/0.178231/0.208977/0,0.0017738/-0.310105/0.178231/0.208977/-0.0394237,R_3NlZuMtyMx8GIVO,none,base_prototype
4,20,130309,1,insulin,bmi,0/0/0.105172/0/0,0/0/0/-0.228196/0,0/0/-0.17818/0/0,0.23303722757165593,0.0,0.0,0.05,0.0,0,0.1,0.000398201/0.0986698/0.0781803/0.128196/0,-0.000398201/-0.0986698/-0.0781803/-0.128196/0.0632267,R_3NlZuMtyMx8GIVO,none,base_prototype
0,1,130200,-1,insulin,glucose,0/0/0.138167/0/0,-0.133085/0/0/0/0,0/0/0.115217/0/0,0.08296665861030218,1.0,12.0,0.025,0.0,1,0.0,0.0896949/0.031982/0/0/0,-0.133085/-0.022838/0.115217/0.208407/-0.183848,R_3Y6DxLHpTdEq7Kh,counterfactual,additive_exemplar
1,2,130201,-1,blood_pressure,glucose,0/0.195652/0/0/0,-0.0947937/0/0/0/0,0/0.152321/0/0/0,0.09814066441933503,1.0,12.0,0.025,0.0,1,0.0,0.0658024/0/0/0/0,-0.0947937/0.152321/0.0317259/0.24367/-0.0826187,R_3Y6DxLHpTdEq7Kh,counterfactual,additive_exemplar
2,3,130202,-1,blood_pressure,insulin,0/0.0869565/0/0/0,0/0/-0.106279/0/0,0/0.107387/0/0/0,0.0977797956394822,1.0,12.0,0.025,0.0,1,0.0,0.000944352/0/0.130681/0/0,-0.0493808/0.107387/-0.106279/0.0987317/-0.0787579,R_3Y6DxLHpTdEq7Kh,counterfactual,additive_exemplar
3,4,130203,-1,insulin,blood_pressure,0/0/0.0721769/0/0,0/-0.119261/0/0/0,0/0/-0.0248509/0/0,0.17134002659584843,1.0,12.0,0.025,0.0,1,0.0,0.142298/0.150337/0.0787679/0.0875492/0,-0.178703/-0.119261/-0.0248509/-0.05133/0.185558,R_3Y6DxLHpTdEq7Kh,counterfactual,additive_exemplar
4,5,130204,-1,insulin,glucose,0/0/0.0866122/0/0,-0.159892/0/0/0/0,0/0/-0.034066/0/0,0.3565660891439339,4.0,24.0,0.025,0.0,0,0.0,0.0630085/0/0.0526385/0/0,-0.159892/0.0951948/-0.034066/0.274663/-0.0458503,R_3Y6DxLHpTdEq7Kh,counterfactual,additive_exemplar
0,6,130205,-1,insulin,glucose,0/0/0.119607/0/0,-0.345579/0/0/0/0,0/0/-0.135508/0/0,0.28373273421451484,1.0,12.0,0.025,0.0,1,0.0,0.333733/0.0233963/0.238367/0.115763/0,-0.345579/0.0142745/-0.135508/-0.076772/0.324593,R_3Y6DxLHpTdEq7Kh,counterfactual,additive_exemplar
1,7,130206,-1,insulin,insulin,0/0/0.0329951/0/0,0/0/-0.103949/0/0,0/0/-0.103949/0/0,0.3059320951138667,1.0,12.0,0.025,0.0,1,0.0,0.102918/0.108156/0.196066/0.140577/0,-0.117169/-0.0714387/-0.103949/-0.108544/0.202208,R_3Y6DxLHpTdEq7Kh,counterfactual,additive_exemplar
2,8,130207,-1,blood_pressure,insulin,0/0.0652174/0/0/0,0/0/-0.300369/0/0,0/0.110786/0/0/0,0.07945579193538083,1.0,12.0,0.025,0.0,1,0.0,0.124642/0/0.548416/0.126468/0,-0.0738977/0.110786/-0.300369/-0.076153/-0.00290861,R_3Y6DxLHpTdEq7Kh,counterfactual,additive_exemplar
3,9,130208,-1,insulin,insulin,0/0/0.0474305/0/0,0/0/-0.0864366/0/0,0/0/-0.0864366/0/0,0.46735151838587524,1.0,12.0,0.025,0.0,1,0.0,0/0/0.104383/0.0543702/0,0.205851/0.0985826/-0.0864366/-0.000246308/-0.487345,R_3Y6DxLHpTdEq7Kh,counterfactual,additive_exemplar
4,10,130209,-1,insulin,bmi,0/0/0.111359/0/0,0/0/0/-0.310978/0,0/0/-0.0654126/0/0,0.15095284729582512,4.0,24.0,0.025,0.0,0,0.0,0/0.263997/0.0860907/0.279916/0,0.0484655/-0.240815/-0.0654126/-0.310978/0.147258,R_3Y6DxLHpTdEq7Kh,counterfactual,additive_exemplar
0,11,130300,1,age,bmi,0/0/0/0/0.459459,0/0/0/0.164855/0,0/0/0/0/0.388884,0.08894637413230565,1.0,12.0,0.025,0.0,1,0.0,0/0/0.047977/0.237612/0,-0.407296/-0.0901756/0.00753924/0.164855/0.388884,R_3Y6DxLHpTdEq7Kh,counterfactual,additive_exemplar
1,12,130301,1,insulin,bmi,0/0/0.136105/0/0,0/0/0/0.214758/0,0/0/0.0531188/0/0,0.16601624344012025,1.0,12.0,0.025,0.0,1,0.0,0/0.0555015/0.0614083/0.29611/0,-0.252965/0.0331595/0.0531188/0.214758/0.203653,R_3Y6DxLHpTdEq7Kh,counterfactual,additive_exemplar
2,13,130302,1,bmi,blood_pressure,0/0/0/0.170388/0,0/0.358127/0/0/0,0/0/0/0.221762/0,0.34912722665256646,1.0,12.0,0.025,0.0,1,0.0,0/0.371407/0.00847286/0.302657/0,-0.0488003/0.358127/0.00439431/0.221762/0.0552253,R_3Y6DxLHpTdEq7Kh,counterfactual,additive_exemplar
3,14,130303,1,bmi,bmi,0/0/0/0.3161/0,0/0/0/0.356464/0,0/0/0/0.356464/0,0.5336075134556423,1.0,12.0,0.025,0.0,1,0.0,0/0.0570676/0.0372383/0.437752/0,0.0190875/0.0340663/0.0299644/0.356464/-0.331297,R_3Y6DxLHpTdEq7Kh,counterfactual,additive_exemplar
4,15,130304,1,age,bmi,0/0/0/0/0.243243,0/0/0/0.058366/0,0/0/0/0/0.111228,0.06487856781935014,4.0,24.0,0.025,0.0,0,0.0,0/0.125237/0/0.126289/0,-0.0404618/0.0946594/-0.144478/0.058366/0.111228,R_3Y6DxLHpTdEq7Kh,counterfactual,additive_exemplar
0,16,130305,1,age,glucose,0/0/0/0/0.324324,0.0922824/0/0/0/0,0/0/0/0/0.374057,0.09814066441933503,1.0,12.0,0.025,0.0,1,0.0,0.0765102/0/0/0/0,0.0922824/-0.334382/-0.0790989/-0.333612/0.374057,R_3Y6DxLHpTdEq7Kh,counterfactual,additive_exemplar
1,17,130306,1,insulin,insulin,0/0/0.0969232/0/0,0/0/0.113823/0/0,0/0/0.113823/0/0,0.3999984109984135,1.0,12.0,0.025,0.0,1,0.0,0.128193/0/0.137629/0/0,0.1466/-0.18925/0.113823/-0.0506164/-0.0964414,R_3Y6DxLHpTdEq7Kh,counterfactual,additive_exemplar
2,18,130307,1,bmi,glucose,0/0/0/0.10102/0,0.301428/0/0/0/0,0/0/0/0.0308666/0,0.21224395920503286,1.0,12.0,0.025,0.0,1,0.0,0.26177/0.0154226/0/0.0827472/0,0.301428/-0.00988645/-0.0309327/0.0308666/-0.222362,R_3Y6DxLHpTdEq7Kh,counterfactual,additive_exemplar
3,19,130308,1,age,bmi,0/0/0/0/0.108108,0/0/0/0.136439/0,0/0/0/0/-0.192472,0.0795761714390704,1.0,12.0,0.025,0.0,1,0.0,0.0139748/0/0.0820274/0.211334/0,0.0446704/-0.366183/0.0537196/0.136439/-0.192472,R_3Y6DxLHpTdEq7Kh,counterfactual,additive_exemplar
4,20,130309,1,age,insulin,0/0/0/0/0.27027,0/0/-0.049586/0/0,0/0/0/0/0.217926,0.08359844788997542,4.0,24.0,0.025,0.0,0,0.0,0.0540696/0/0.159399/0/0,0.00315633/-0.0924495/-0.049586/-0.116104/0.217926,R_3Y6DxLHpTdEq7Kh,counterfactual,additive_exemplar
0,1,130200,-1,insulin,glucose,0/0/0.138167/0/0,-0.0846281/0/0/0/0,0/0/0.290942/0/0,0.08677410033564106,1.0,0.0,0.025,0.0,1,0.0,0.104768/0.0267888/0/0/0,-0.0846281/0.0132249/0.290942/0.224506/-0.320335,R_3Y6DxLHpTdEq7Kh,counterfactual,additive_prototype
1,2,130201,-1,blood_pressure,glucose,0/0.195652/0/0/0,-0.0687241/0/0/0/0,0/0.199275/0/0/0,0.09814066441933503,0.0,0.0,0.025,0.0,1,0.0,0.0708496/0/0/0/0,-0.0687241/0.199275/0.165835/0.264295/-0.177928,R_3Y6DxLHpTdEq7Kh,counterfactual,additive_prototype
2,3,130202,-1,blood_pressure,insulin,0/0.0869565/0/0/0,0/0/0.00906845/0/0,0/0.133743/0/0/0,0.0873076268266023,1.0,0.0,0.025,0.0,1,0.0,0.0341344/0/0.140909/0/0,-0.0127432/0.133743/0.00906845/0.118335/-0.167918,R_3Y6DxLHpTdEq7Kh,counterfactual,additive_prototype
3,4,130203,-1,insulin,blood_pressure,0/0/0.0721769/0/0,0/-0.148551/0/0/0,0/0/-0.00532734/0/0,0.177216525343108,0.0,0.0,0.025,0.0,1,0.0,0.147367/0.195652/0.109984/0.15805/0,-0.145242/-0.148551/-0.00532734/-0.0904397/0.173423,R_3Y6DxLHpTdEq7Kh,counterfactual,additive_prototype
4,5,130204,-1,insulin,glucose,0/0/0.0866122/0/0,-0.0529365/0/0/0/0,0/0/0.175098/0/0,0.28568184819210457,4.0,0.0,0.025,0.0,0,0.0,0.102957/0/0.0560219/0/0,-0.0529365/0.122366/0.175098/0.282722/-0.222592,R_3Y6DxLHpTdEq7Kh,counterfactual,additive_prototype
0,6,130205,-1,insulin,glucose,0/0/0.119607/0/0,-0.332646/0/0/0/0,0/0/-0.138662/0/0,0.28661594846881133,1.0,0.0,0.025,0.0,1,0.0,0.350129/0.0489168/0.277875/0.150268/0,-0.332646/-0.0032122/-0.138662/-0.0998941/0.330909,R_3Y6DxLHpTdEq7Kh,counterfactual,additive_prototype
1,7,130206,-1,insulin,insulin,0/0/0.0329951/0/0,0/0/-0.133183/0/0,0/0/-0.133183/0/0,0.2879375726713657,0.0,0.0,0.025,0.0,1,0.0,0.0963555/0.152174/0.23784/0.231807/0,-0.09423/-0.105072/-0.133183/-0.164196/0.227477,R_3Y6DxLHpTdEq7Kh,counterfactual,additive_prototype
2,8,130207,-1,blood_pressure,insulin,0/0.0652174/0/0/0,0/0/-0.447395/0/0,0/0.0812716/0/0/0,0.07872260150906946,1.0,0.0,0.025,0.0,1,0.0,0.145684/0/0.581846/0.133689/0,-0.13025/0.0812716/-0.447395/-0.0806169/0.11957,R_3Y6DxLHpTdEq7Kh,counterfactual,additive_prototype
3,9,130208,-1,insulin,insulin,0/0/0.0474305/0/0,0/0/0.000859248/0/0,0/0/0.000859248/0/0,0.428184552542257,0.0,0.0,0.025,0.0,1,0.0,0/0/0.103797/0.0772689/0,0.25435/0.112319/0.000859248/-0.00965861/-0.556306,R_3Y6DxLHpTdEq7Kh,counterfactual,additive_prototype
4,10,130209,-1,insulin,bmi,0/0/0.111359/0/0,0/0/0/-0.400753/0,0/0/0.080954/0/0,0.15795059549064186,4.0,0.0,0.025,0.0,0,0.0,0/0.286586/0.120012/0.428232/0,0.193257/-0.23943/0.080954/-0.400753/0.0287231,R_3Y6DxLHpTdEq7Kh,counterfactual,additive_prototype
0,11,130300,1,age,bmi,0/0/0/0/0.459459,0/0/0/0.177414/0,0/0/0/0/0.340769,0.06782408407475035,1.0,0.0,0.025,0.0,1,0.0,0/0/0.202/0.233269/0,-0.395309/-0.0951049/0.0726599/0.177414/0.340769,R_3Y6DxLHpTdEq7Kh,counterfactual,additive_prototype
1,12,130301,1,insulin,bmi,0/0/0.136105/0/0,0/0/0/0.243221/0,0/0/0.169959/0/0,0.3234388866842518,0.0,0.0,0.025,0.0,1,0.0,0/0.115942/0.274616/0.310832/0,-0.238763/0.0688406/0.169959/0.243221/0.119369,R_3Y6DxLHpTdEq7Kh,counterfactual,additive_prototype
2,13,130302,1,bmi,blood_pressure,0/0/0/0.170388/0,0/0.425475/0/0/0,0/0/0/0.264317/0,0.2593034094964922,1.0,0.0,0.025,0.0,1,0.0,0/0.472117/0.289445/0.321507/0,-0.021885/0.425475/0.162639/0.264317/-0.0622433,R_3Y6DxLHpTdEq7Kh,counterfactual,additive_prototype
3,14,130303,1,bmi,bmi,0/0/0/0.3161/0,0/0/0/0.380198/0,0/0/0/0.380198/0,0.40101807479756885,0.0,0.0,0.025,0.0,1,0.0,0.0439268/0.115942/0.253994/0.447808/0,0.0418013/0.0688406/0.149337/0.380198/-0.421171,R_3Y6DxLHpTdEq7Kh,counterfactual,additive_prototype
4,15,130304,1,age,blood_pressure,0/0/0/0/0.243243,0/0.0995835/0/0/0,0/0/0/0/0.0762791,0.055602640467342625,4.0,0.0,0.025,0.0,0,0.0,0.00498875/0.14667/0.0886602/0.122093/0,-0.0299786/0.0995835/-0.0928061/0.0874345/0.0762791,R_3Y6DxLHpTdEq7Kh,counterfactual,additive_prototype
0,16,130305,1,age,glucose,0/0/0/0/0.324324,0.15594/0/0/0/0,0/0/0/0/0.345898,0.079311199350179,1.0,0.0,0.025,0.0,1,0.0,0.166621/0/0.0770205/0/0,0.15594/-0.358441/-0.0468297/-0.417099/0.345898,R_3Y6DxLHpTdEq7Kh,counterfactual,additive_prototype
1,17,130306,1,insulin,insulin,0/0/0.0969232/0/0,0/0/0.211203/0/0,0/0/0.211203/0/0,0.4438388864955979,0.0,0.0,0.025,0.0,1,0.0,0.205464/0/0.31586/0/0,0.203338/-0.192029/0.211203/-0.0799031/-0.177928,R_3Y6DxLHpTdEq7Kh,counterfactual,additive_prototype
2,18,130307,1,bmi,glucose,0/0/0/0.10102/0,0.351127/0/0/0/0,0/0/0/0.0133862/0,0.13816935885631695,1.0,0.0,0.025,0.0,1,0.0,0.361099/0.0355432/0.189228/0.0728819/0,0.351127/-0.0112892/0.0669457/0.0133862/-0.30132,R_3Y6DxLHpTdEq7Kh,counterfactual,additive_prototype
3,19,130308,1,age,insulin,0/0/0/0/0.108108,0/0/0.139026/0/0,0/0/0/0/-0.259009,0.06165433723734099,0.0,0.0,0.025,0.0,1,0.0,0.0694326/0/0.243683/0.208977/0,0.0673071/-0.365942/0.139026/0.141367/-0.259009,R_3Y6DxLHpTdEq7Kh,counterfactual,additive_prototype
4,20,130309,1,age,glucose,0/0/0/0/0.27027,-0.00160724/0/0/0/0,0/0/0/0/0.305691,0.0670551137120757,4.0,0.0,0.025,0.0,0,0.0,0.0279496/0/0.0250915/0/0,-0.00160724/-0.123615/-0.143091/-0.178734/0.305691,R_3Y6DxLHpTdEq7Kh,counterfactual,additive_prototype
0,1,130200,-1,insulin,insulin,0/0/0.138167/0/0,0/0/0.145319/0/0,0/0/0.145319/0/0,0.35631892834476,4.0,12.0,0.025,0.0,1,0.0,0.00530843/0.000725434/0.145319/0.0364445/0.143146,-0.00530843/-0.000725434/0.145319/0.0364445/-0.143146,R_3Y6DxLHpTdEq7Kh,counterfactual,base_exemplar
1,2,130201,-1,blood_pressure,blood_pressure,0/0.195652/0/0/0,0/0.174292/0/0/0,0/0.174292/0/0/0,0.37135185349817695,4.0,24.0,0.025,0.0,1,0.0,0.0046371/0.174292/0.070816/0.036814/0.0880708,-0.0046371/0.174292/0.070816/0.036814/-0.0880708,R_3Y6DxLHpTdEq7Kh,counterfactual,base_exemplar
2,3,130202,-1,blood_pressure,insulin,0/0.0869565/0/0/0,0/0/-0.122647/0/0,0/0.102497/0/0/0,0.2829981228188074,4.0,12.0,0.025,0.0,1,0.0,0.00414127/0.102497/0.122647/0.0108656/0.0718212,0.00414127/0.102497/-0.122647/0.0108656/-0.0718212,R_3Y6DxLHpTdEq7Kh,counterfactual,base_exemplar
3,4,130203,-1,insulin,blood_pressure,0/0/0.0721769/0/0,0/-0.107891/0/0/0,0/0/-0.0775811/0/0,0.25382922804460706,4.0,12.0,0.025,0.0,1,0.0,0.0326049/0.107891/0.0775811/0.0146765/0.0373182,-0.0326049/-0.107891/-0.0775811/-0.0146765/0.0373182,R_3Y6DxLHpTdEq7Kh,counterfactual,base_exemplar
4,5,130204,-1,insulin,blood_pressure,0/0/0.0866122/0/0,0/0.0618051/0/0/0,0/0/-0.0541312/0/0,0.2160317522419004,4.0,12.0,0.025,0.0,1,0.0,0.0246371/0.0618051/0.0541312/0.0372367/0.0541725,-0.0246371/0.0618051/-0.0541312/0.0372367/-0.0541725,R_3Y6DxLHpTdEq7Kh,counterfactual,base_exemplar
0,6,130205,-1,insulin,insulin,0/0/0.119607/0/0,0/0/-0.243751/0/0,0/0/-0.243751/0/0,0.40293629300502454,4.0,12.0,0.025,0.0,1,0.0,0.0999046/0.00531698/0.243751/0.0188354/0.0979339,-0.0999046/-0.00531698/-0.243751/-0.0188354/0.0979339,R_3Y6DxLHpTdEq7Kh,counterfactual,base_exemplar
1,7,130206,-1,insulin,insulin,0/0/0.0329951/0/0,0/0/-0.186884/0/0,0/0/-0.186884/0/0,0.40302236645792733,4.0,24.0,0.025,0.0,1,0.0,0.0221293/0.0746402/0.186884/0.0293781/0.0439401,-0.0221293/-0.0746402/-0.186884/-0.0293781/0.0439401,R_3Y6DxLHpTdEq7Kh,counterfactual,base_exemplar
2,8,130207,-1,blood_pressure,insulin,0/0.0652174/0/0/0,0/0/-0.547429/0/0,0/0.0598534/0/0/0,0.13387767498251707,4.0,12.0,0.025,0.0,1,0.0,0.038179/0.0598534/0.547429/0.0203104/0.0230648,-0.038179/0.0598534/-0.547429/-0.0203104/0.0230648,R_3Y6DxLHpTdEq7Kh,counterfactual,base_exemplar
3,9,130208,-1,insulin,age,0/0/0.0474305/0/0,0/0/0/0/-0.17953,0/0/-0.0969026/0/0,0.20736178851643758,4.0,12.0,0.025,0.0,1,0.0,0.0762064/0.0862521/0.0969026/0.000520674/0.17953,0.0762064/0.0862521/-0.0969026/-0.000520674/-0.17953,R_3Y6DxLHpTdEq7Kh,counterfactual,base_exemplar
4,10,130209,-1,insulin,blood_pressure,0/0/0.111359/0/0,0/-0.223035/0/0/0,0/0/-0.0973664/0/0,0.20026048174756267,4.0,12.0,0.025,0.0,1,0.0,0.0420476/0.223035/0.0973664/0.0899257/0.0120344,0.0420476/-0.223035/-0.0973664/-0.0899257/0.0120344,R_3Y6DxLHpTdEq7Kh,counterfactual,base_exemplar
0,11,130300,1,age,insulin,0/0/0/0/0.459459,0/0/0.197017/0/0,0/0/0/0/0.0976581,0.18551003967080898,4.0,12.0,0.025,0.0,1,0.0,0.132535/0.024672/0.197017/0.06337/0.0976581,-0.132535/-0.024672/0.197017/0.06337/0.0976581,R_3Y6DxLHpTdEq7Kh,counterfactual,base_exemplar
1,12,130301,1,insulin,glucose,0/0/0.136105/0/0,-0.0908849/0/0/0/0,0/0/0.0224103/0/0,0.09606156672396754,4.0,24.0,0.025,0.0,1,0.0,0.0908849/0.0333141/0.0224103/0.0871769/0.0778794,-0.0908849/0.0333141/0.0224103/0.0871769/0.0778794,R_3Y6DxLHpTdEq7Kh,counterfactual,base_exemplar
2,13,130302,1,bmi,blood_pressure,0/0/0/0.170388/0,0/0.33246/0/0/0,0/0/0/0.101945/0,0.1909053008931572,4.0,12.0,0.025,0.0,1,0.0,0.0300844/0.33246/0.0304588/0.101945/0.0322331,-0.0300844/0.33246/0.0304588/0.101945/0.0322331,R_3Y6DxLHpTdEq7Kh,counterfactual,base_exemplar
3,14,130303,1,bmi,bmi,0/0/0/0.3161/0,0/0/0/0.158545/0,0/0/0/0.158545/0,0.3789677001767326,4.0,12.0,0.025,0.0,1,0.0,0.0136292/0.0546237/0.046326/0.158545/0.0579758,-0.0136292/0.0546237/0.046326/0.158545/-0.0579758,R_3Y6DxLHpTdEq7Kh,counterfactual,base_exemplar
4,15,130304,1,age,blood_pressure,0/0/0/0/0.243243,0/0.117497/0/0/0,0/0/0/0/0.0250292,0.14556996157232735,4.0,12.0,0.025,0.0,1,0.0,0.0135561/0.117497/0.00363185/0.046795/0.0250292,-0.0135561/0.117497/0.00363185/0.046795/0.0250292,R_3Y6DxLHpTdEq7Kh,counterfactual,base_exemplar
0,16,130305,1,age,blood_pressure,0/0/0/0/0.324324,0/-0.259469/0/0/0,0/0/0/0/0.0879414,0.16347620490539544,4.0,12.0,0.025,0.0,1,0.0,0.0305331/0.259469/0.0515799/0.138748/0.0879414,0.0305331/-0.259469/0.0515799/-0.138748/0.0879414,R_3Y6DxLHpTdEq7Kh,counterfactual,base_exemplar
1,17,130306,1,insulin,blood_pressure,0/0/0.0969232/0/0,0/-0.1375/0/0/0,0/0/0.116181/0/0,0.3290737178778994,4.0,24.0,0.025,0.0,1,0.0,0.028862/0.1375/0.116181/0.00193972/0.00311311,0.028862/-0.1375/0.116181/0.00193972/0.00311311,R_3Y6DxLHpTdEq7Kh,counterfactual,base_exemplar
2,18,130307,1,bmi,glucose,0/0/0/0.10102/0,0.067565/0/0/0/0,0/0/0/0.0400998/0,0.2357848957594118,4.0,12.0,0.025,0.0,1,0.0,0.067565/0.0209912/0.000124156/0.0400998/0.0239985,0.067565/0.0209912/-0.000124156/0.0400998/-0.0239985,R_3Y6DxLHpTdEq7Kh,counterfactual,base_exemplar
3,19,130308,1,age,blood_pressure,0/0/0/0/0.108108,0/-0.30135/0/0/0,0/0/0/0/-0.0193265,0.0959492218601103,4.0,12.0,0.025,0.0,1,0.0,0.00486011/0.30135/0.0788232/0.101465/0.0193265,-0.00486011/-0.30135/0.0788232/0.101465/-0.0193265,R_3Y6DxLHpTdEq7Kh,counterfactual,base_exemplar
4,20,130309,1,age,insulin,0/0/0/0/0.27027,0/0/0.110867/0/0,0/0/0/0/0.0400617,0.15525753539908055,4.0,12.0,0.025,0.0,1,0.0,0.0130991/0.0481852/0.110867/0.0635094/0.0400617,0.0130991/-0.0481852/0.110867/-0.0635094/0.0400617,R_3Y6DxLHpTdEq7Kh,counterfactual,base_exemplar
0,1,130200,-1,insulin,bmi,0/0/0.138167/0/0,0/0/0/0.12949/0,0/0/0.122741/0/0,0.32238861965946264,0.5,0.0,0.025,0.0,1,0.0,0.0193712/0.0445198/0.122741/0.12949/0.00184555,-0.0193712/-0.0445198/0.122741/0.12949/-0.00184555,R_3Y6DxLHpTdEq7Kh,counterfactual,base_prototype
1,2,130201,-1,blood_pressure,bmi,0/0.195652/0/0/0,0/0/0/0.196684/0,0/0.148005/0/0/0,0.29335541996850784,0.0,0.0,0.025,0.0,1,0.0,0.00181/0.148005/0.0447463/0.196684/0.0327291,-0.00181/0.148005/0.0447463/0.196684/-0.0327291,R_3Y6DxLHpTdEq7Kh,counterfactual,base_prototype
2,3,130202,-1,blood_pressure,insulin,0/0.0869565/0/0/0,0/0/-0.122407/0/0,0/0.102348/0/0/0,0.28285618130003287,4.0,0.0,0.025,0.0,1,0.0,0.0013716/0.102348/0.122407/0.0132495/0.0723636,0.0013716/0.102348/-0.122407/0.0132495/-0.0723636,R_3Y6DxLHpTdEq7Kh,counterfactual,base_prototype
3,4,130203,-1,insulin,blood_pressure,0/0/0.0721769/0/0,0/-0.11283/0/0/0,0/0/-0.0883718/0/0,0.26210773195976994,4.0,0.0,0.025,0.0,1,0.0,0.0366511/0.11283/0.0883718/0.0150419/0.0434531,-0.0366511/-0.11283/-0.0883718/-0.0150419/0.0434531,R_3Y6DxLHpTdEq7Kh,counterfactual,base_prototype
4,5,130204,-1,insulin,bmi,0/0/0.0866122/0/0,0/0/0/0.182939/0,0/0/-0.0641296/0/0,0.2031290529388209,0.5,0.0,0.025,0.0,1,0.0,0.0153461/0.0309835/0.0641296/0.182939/0.00660398,-0.0153461/0.0309835/-0.0641296/0.182939/-0.00660398,R_3Y6DxLHpTdEq7Kh,counterfactual,base_prototype
0,6,130205,-1,insulin,insulin,0/0/0.119607/0/0,0/0/-0.241582/0/0,0/0/-0.241582/0/0,0.378472946682601,0.5,0.0,0.025,0.0,1,0.0,0.0422255/0.0570158/0.241582/0.143114/0.0215163,-0.0422255/-0.0570158/-0.241582/-0.143114/0.0215163,R_3Y6DxLHpTdEq7Kh,counterfactual,base_prototype
1,7,130206,-1,insulin,bmi,0/0/0.0329951/0/0,0/0/0/-0.231807/0,0/0/-0.173957/0/0,0.25919143054173654,0.0,0.0,0.025,0.0,1,0.0,0.0024616/0.148005/0.173957/0.231807/0.0342168,-0.0024616/-0.148005/-0.173957/-0.231807/0.0342168,R_3Y6DxLHpTdEq7Kh,counterfactual,base_prototype
2,8,130207,-1,blood_pressure,insulin,0/0.0652174/0/0/0,0/0/-0.571198/0/0,0/0.0533236/0/0/0,0.12657654817468092,4.0,0.0,0.025,0.0,1,0.0,0.046331/0.0533236/0.571198/0.019418/0.0323815,-0.046331/0.0533236/-0.571198/-0.019418/0.0323815,R_3Y6DxLHpTdEq7Kh,counterfactual,base_prototype
3,9,130208,-1,insulin,age,0/0/0.0474305/0/0,0/0/0/0/-0.18131,0/0/-0.0920589/0/0,0.19823206801558937,4.0,0.0,0.025,0.0,1,0.0,0.0803337/0.0873157/0.0920589/0.00303849/0.18131,0.0803337/0.0873157/-0.0920589/-0.00303849/-0.18131,R_3Y6DxLHpTdEq7Kh,counterfactual,base_prototype
4,10,130209,-1,insulin,bmi,0/0/0.111359/0/0,0/0/0/-0.438159/0,0/0/-0.108057/0/0,0.14272196665518452,0.5,0.0,0.025,0.0,1,0.0,0.0151883/0.320404/0.108057/0.438159/0.00856958,0.0151883/-0.320404/-0.108057/-0.438159/0.00856958,R_3Y6DxLHpTdEq7Kh,counterfactual,base_prototype
0,11,130300,1,age,bmi,0/0/0/0/0.459459,0/0/0/0.216392/0,0/0/0/0/0.0336424,0.105826699716169,0.5,0.0,0.025,0.0,1,0.0,0.0365595/0.0533658/0.145967/0.216392/0.0336424,-0.0365595/-0.0533658/0.145967/0.216392/0.0336424,R_3Y6DxLHpTdEq7Kh,counterfactual,base_prototype
1,12,130301,1,insulin,bmi,0/0/0.136105/0/0,0/0/0/0.310832/0,0/0/0.200855/0/0,0.2649337602062343,0.0,0.0,0.025,0.0,1,0.0,0.00604541/0.112765/0.200855/0.310832/0.0230591,-0.00604541/0.112765/0.200855/0.310832/0.0230591,R_3Y6DxLHpTdEq7Kh,counterfactual,base_prototype
2,13,130302,1,bmi,blood_pressure,0/0/0/0.170388/0,0/0.425017/0/0/0,0/0/0/0.102605/0,0.12712682607696985,4.0,0.0,0.025,0.0,1,0.0,0.01167/0.425017/0.419082/0.102605/0.0411003,0.01167/0.425017/0.419082/0.102605/-0.0411003,R_3Y6DxLHpTdEq7Kh,counterfactual,base_prototype
3,14,130303,1,bmi,insulin,0/0/0/0.3161/0,0/0/0.421632/0/0,0/0/0/0.153875/0,0.17942079861407073,4.0,0.0,0.025,0.0,1,0.0,0.0320134/0.128021/0.421632/0.153875/0.129873,0.0320134/0.128021/0.421632/0.153875/-0.129873,R_3Y6DxLHpTdEq7Kh,counterfactual,base_prototype
4,15,130304,1,age,bmi,0/0/0/0/0.243243,0/0/0/0.12587/0,0/0/0/0/0.0160548,0.09188804377287586,0.5,0.0,0.025,0.0,1,0.0,0.00350297/0.119648/0.0416151/0.12587/0.0160548,-0.00350297/0.119648/-0.0416151/0.12587/0.0160548,R_3Y6DxLHpTdEq7Kh,counterfactual,base_prototype
0,16,130305,1,age,bmi,0/0/0/0/0.324324,0/0/0/-0.337373/0,0/0/0/0/0.0401839,0.09553785518381769,0.5,0.0,0.025,0.0,1,0.0,0.012569/0.315307/0.0462873/0.337373/0.0401839,0.012569/-0.315307/0.0462873/-0.337373/0.0401839,R_3Y6DxLHpTdEq7Kh,counterfactual,base_prototype
1,17,130306,1,insulin,insulin,0/0/0.0969232/0/0,0/0/0.231021/0/0,0/0/0.231021/0/0,0.4196032752094355,0.0,0.0,0.025,0.0,1,0.0,0.00524901/0.140957/0.231021/0.0122928/0.0260345,0.00524901/-0.140957/0.231021/-0.0122928/-0.0260345,R_3Y6DxLHpTdEq7Kh,counterfactual,base_prototype
2,18,130307,1,bmi,insulin,0/0/0/0.10102/0,0/0/0.295088/0/0,0/0/0/0.0284736/0,0.0981340647611371,4.0,0.0,0.025,0.0,1,0.0,0.118993/0.0505247/0.295088/0.0284736/0.0765857,0.118993/0.0505247/0.295088/0.0284736/-0.0765857,R_3Y6DxLHpTdEq7Kh,counterfactual,base_prototype
3,19,130308,1,age,insulin,0/0/0/0/0.108108,0/0/0.380565/0/0,0/0/0/0/-0.0670399,0.11332657493079243,4.0,0.0,0.025,0.0,1,0.0,0.0338852/0.26708/0.380565/0.0919752/0.0670399,0.0338852/-0.26708/0.380565/0.0919752/-0.0670399,R_3Y6DxLHpTdEq7Kh,counterfactual,base_prototype
4,20,130309,1,age,bmi,0/0/0/0/0.27027,0/0/0/-0.123986/0,0/0/0/0/0.0437357,0.14227372116016634,0.5,0.0,0.025,0.0,1,0.0,0.000743801/0.0984703/0.0722221/0.123986/0.0437357,-0.000743801/-0.0984703/-0.0722221/-0.123986/0.0437357,R_3Y6DxLHpTdEq7Kh,counterfactual,base_prototype
0,1,130200,-1,insulin,insulin,0/0/0.138167/0/0,0/0/-0.131981/0/0,0/0/-0.131981/0/0,0.3833482721346654,4.0,0.0,0.025,1.0,0,0.0,0.00510229/0.1471/0.149284/0.00519369/0,-0.153035/-0.152174/-0.154433/-0.155777/0,R_3Y6DxLHpTdEq7Kh,counterfactual,counterfactual_exemplar
1,2,130201,-1,blood_pressure,insulin,0/0.195652/0/0/0,0/0/-0.154623/0/0,0/-0.152174/0/0/0,0.3733555485299415,4.0,0.0,0.025,1.0,0,0.0,0.00788902/0.144329/0.146652/0.00803436/0,-0.153035/-0.152174/-0.154623/-0.155855/0,R_3Y6DxLHpTdEq7Kh,counterfactual,counterfactual_exemplar
2,3,130202,-1,blood_pressure,insulin,0/0.0869565/0/0/0,0/0/0.262826/0/0,0/0.0812295/0/0/0,0.20826912798251007,4.0,0.0,0.025,0.0,0,0.0,0.0174667/0.0754716/0.244196/0.00153704/0,-0.24641/0.0812295/0.262826/0.0216838/0,R_3Y6DxLHpTdEq7Kh,counterfactual,counterfactual_exemplar
3,4,130203,-1,insulin,insulin,0/0/0.0721769/0/0,0/0/-0.154847/0/0,0/0/-0.154847/0/0,0.36752685164126336,4.0,0.0,0.025,1.0,0,0.0,0.0138332/0.138419/0.14085/0.0140996/0,-0.153035/-0.152174/-0.154847/-0.155982/0,R_3Y6DxLHpTdEq7Kh,counterfactual,counterfactual_exemplar
4,5,130204,-1,insulin,insulin,0/0/0.0866122/0/0,0/0/-0.154917/0/0,0/0/-0.154917/0/0,0.36203199412546,4.0,0.0,0.025,1.0,0,0.0,0.0167534/0.135515/0.137957/0.0170818/0,-0.153035/-0.152174/-0.154917/-0.156035/0,R_3Y6DxLHpTdEq7Kh,counterfactual,counterfactual_exemplar
0,6,130205,-1,insulin,insulin,0/0/0.119607/0/0,0/0/-0.154971/0/0,0/0/-0.154971/0/0,0.3566792438448689,4.0,0.0,0.025,1.0,0,0.0,0.0195548/0.132729/0.135169/0.0199442/0,-0.153035/-0.152174/-0.154971/-0.156082/0,R_3Y6DxLHpTdEq7Kh,counterfactual,counterfactual_exemplar
1,7,130206,-1,insulin,insulin,0/0/0.0329951/0/0,0/0/-0.155013/0/0,0/0/-0.155013/0/0,0.35153569419387637,4.0,0.0,0.025,1.0,0,0.0,0.0222092/0.13009/0.132517/0.0226575/0,-0.153035/-0.152174/-0.155013/-0.156124/0,R_3Y6DxLHpTdEq7Kh,counterfactual,counterfactual_exemplar
2,8,130207,-1,blood_pressure,insulin,0/0.0652174/0/0/0,0/0/-0.208266/0/0,0/0.03129/0/0/0,0.12928948160796094,4.0,0.0,0.025,0.0,0,0.0,0.0574481/0.0262388/0.174645/0.0274294/0,-0.355869/0.03129/-0.208266/-0.169915/0,R_3Y6DxLHpTdEq7Kh,counterfactual,counterfactual_exemplar
3,9,130208,-1,insulin,insulin,0/0/0.0474305/0/0,0/0/-0.155076/0/0,0/0/-0.155076/0/0,0.34199899124872,4.0,0.0,0.025,1.0,0,0.0,0.027039/0.125287/0.127676/0.0275977/0,-0.153035/-0.152174/-0.155076/-0.156197/0,R_3Y6DxLHpTdEq7Kh,counterfactual,counterfactual_exemplar
4,10,130209,-1,insulin,insulin,0/0/0.111359/0/0,0/0/-0.1551/0/0,0/0/-0.1551/0/0,0.33762372310741146,4.0,0.0,0.025,1.0,0,0.0,0.0292169/0.123121/0.125489/0.0298265/0,-0.153035/-0.152174/-0.1551/-0.156228/0,R_3Y6DxLHpTdEq7Kh,counterfactual,counterfactual_exemplar
0,11,130300,1,age,insulin,0/0/0/0/0.459459,0/0/0.158422/0/0,0/0/0/0/0,0.05797075935014752,4.0,0.0,0.025,1.0,0,0.0,0.0247045/0.127608/0.132848/0.0249831/0,0.153035/0.152174/0.158422/0.154761/0,R_3Y6DxLHpTdEq7Kh,counterfactual,counterfactual_exemplar
1,12,130301,1,insulin,insulin,0/0/0.136105/0/0,0/0/0.15846/0/0,0/0/0.15846/0/0,0.3453768415725,4.0,0.0,0.025,1.0,0,0.0,0.027039/0.125287/0.130462/0.0273422/0,0.153035/0.152174/0.15846/0.154751/0,R_3Y6DxLHpTdEq7Kh,counterfactual,counterfactual_exemplar
2,13,130302,1,bmi,blood_pressure,0/0/0/0.170388/0,0/0.576327/0/0/0,0/0/0/0.246861/0,0.1166496482828996,4.0,0.0,0.025,0.0,0,0.0,0.027325/0.466297/0.165881/0.0471297/0,0.143126/0.576327/0.205023/0.246861/0,R_3Y6DxLHpTdEq7Kh,counterfactual,counterfactual_exemplar
3,14,130303,1,bmi,insulin,0/0/0/0.3161/0,0/0/0.158517/0/0,0/0/0/0.154734/0,0.1255743489070586,4.0,0.0,0.025,1.0,0,0.0,0.0312456/0.121104/0.126152/0.0315923/0,0.153035/0.152174/0.158517/0.154734/0,R_3Y6DxLHpTdEq7Kh,counterfactual,counterfactual_exemplar
4,15,130304,1,age,insulin,0/0/0/0/0.243243,0/0/0.158539/0/0,0/0/0/0/0,0.05518220819681657,4.0,0.0,0.025,1.0,0,0.0,0.0331343/0.119226/0.124213/0.0335004/0,0.153035/0.152174/0.158539/0.154726/0,R_3Y6DxLHpTdEq7Kh,counterfactual,counterfactual_exemplar
0,16,130305,1,age,insulin,0/0/0/0/0.324324,0/0/0.158558/0/0,0/0/0/0/0,0.05458510814701254,4.0,0.0,0.025,1.0,0,0.0,0.0348931/0.117477/0.122405/0.035277/0,0.153035/0.152174/0.158558/0.154719/0,R_3Y6DxLHpTdEq7Kh,counterfactual,counterfactual_exemplar
1,17,130306,1,insulin,insulin,0/0/0.0969232/0/0,0/0/0.158574/0/0,0/0/0.158574/0/0,0.3261393817118508,4.0,0.0,0.025,1.0,0,0.0,0.0365318/0.115848/0.12072/0.0369321/0,0.153035/0.152174/0.158574/0.154712/0,R_3Y6DxLHpTdEq7Kh,counterfactual,counterfactual_exemplar
2,18,130307,1,bmi,glucose,0/0/0/0.10102/0,0.521018/0/0/0/0,0/0/0/-0.00341896/0,0.05738855307336382,4.0,0.0,0.025,0.0,0,0.0,0.129577/0.105622/0.0843487/0.000850297/0,0.521018/0.140586/0.11227/-0.00341896/0,R_3Y6DxLHpTdEq7Kh,counterfactual,counterfactual_exemplar
3,19,130308,1,age,insulin,0/0/0/0/0.108108,0/0/0.158601/0/0,0/0/0/0/0,0.05300014126355058,4.0,0.0,0.025,1.0,0,0.0,0.0394867/0.112909/0.117678/0.0399163/0,0.153035/0.152174/0.158601/0.1547/0,R_3Y6DxLHpTdEq7Kh,counterfactual,counterfactual_exemplar
4,20,130309,1,age,insulin,0/0/0/0/0.27027,0/0/0.158612/0/0,0/0/0/0/0,0.05253297683296366,4.0,0.0,0.025,1.0,0,0.0,0.0408204/0.111583/0.116304/0.0412631/0,0.153035/0.152174/0.158612/0.154695/0,R_3Y6DxLHpTdEq7Kh,counterfactual,counterfactual_exemplar
0,1,130200,-1,insulin,insulin,0/0/0.138167/0/0,0/0/-0.131981/0/0,0/0/-0.131981/0/0,0.3833482721346654,4.0,0.0,0.025,1.0,0,0.0,0.00510229/0.1471/0.149284/0.00519369/0,-0.153035/-0.152174/-0.154433/-0.155777/0,R_3Y6DxLHpTdEq7Kh,counterfactual,counterfactual_prototype
1,2,130201,-1,blood_pressure,insulin,0/0.195652/0/0/0,0/0/-0.154623/0/0,0/-0.152174/0/0/0,0.3733555485299415,4.0,0.0,0.025,1.0,0,0.0,0.00788902/0.144329/0.146652/0.00803436/0,-0.153035/-0.152174/-0.154623/-0.155855/0,R_3Y6DxLHpTdEq7Kh,counterfactual,counterfactual_prototype
2,3,130202,-1,blood_pressure,insulin,0/0.0869565/0/0/0,0/0/0.262826/0/0,0/0.0812295/0/0/0,0.20826912798251007,4.0,0.0,0.025,0.0,0,0.0,0.0174667/0.0754716/0.244196/0.00153704/0,-0.24641/0.0812295/0.262826/0.0216838/0,R_3Y6DxLHpTdEq7Kh,counterfactual,counterfactual_prototype
3,4,130203,-1,insulin,insulin,0/0/0.0721769/0/0,0/0/-0.154847/0/0,0/0/-0.154847/0/0,0.36752685164126336,4.0,0.0,0.025,1.0,0,0.0,0.0138332/0.138419/0.14085/0.0140996/0,-0.153035/-0.152174/-0.154847/-0.155982/0,R_3Y6DxLHpTdEq7Kh,counterfactual,counterfactual_prototype
4,5,130204,-1,insulin,insulin,0/0/0.0866122/0/0,0/0/-0.154917/0/0,0/0/-0.154917/0/0,0.36203199412546,4.0,0.0,0.025,1.0,0,0.0,0.0167534/0.135515/0.137957/0.0170818/0,-0.153035/-0.152174/-0.154917/-0.156035/0,R_3Y6DxLHpTdEq7Kh,counterfactual,counterfactual_prototype
0,6,130205,-1,insulin,insulin,0/0/0.119607/0/0,0/0/-0.154971/0/0,0/0/-0.154971/0/0,0.3566792438448689,4.0,0.0,0.025,1.0,0,0.0,0.0195548/0.132729/0.135169/0.0199442/0,-0.153035/-0.152174/-0.154971/-0.156082/0,R_3Y6DxLHpTdEq7Kh,counterfactual,counterfactual_prototype
1,7,130206,-1,insulin,insulin,0/0/0.0329951/0/0,0/0/-0.155013/0/0,0/0/-0.155013/0/0,0.35153569419387637,4.0,0.0,0.025,1.0,0,0.0,0.0222092/0.13009/0.132517/0.0226575/0,-0.153035/-0.152174/-0.155013/-0.156124/0,R_3Y6DxLHpTdEq7Kh,counterfactual,counterfactual_prototype
2,8,130207,-1,blood_pressure,insulin,0/0.0652174/0/0/0,0/0/-0.208266/0/0,0/0.03129/0/0/0,0.12928948160796094,4.0,0.0,0.025,0.0,0,0.0,0.0574481/0.0262388/0.174645/0.0274294/0,-0.355869/0.03129/-0.208266/-0.169915/0,R_3Y6DxLHpTdEq7Kh,counterfactual,counterfactual_prototype
3,9,130208,-1,insulin,insulin,0/0/0.0474305/0/0,0/0/-0.155076/0/0,0/0/-0.155076/0/0,0.34199899124872,4.0,0.0,0.025,1.0,0,0.0,0.027039/0.125287/0.127676/0.0275977/0,-0.153035/-0.152174/-0.155076/-0.156197/0,R_3Y6DxLHpTdEq7Kh,counterfactual,counterfactual_prototype
4,10,130209,-1,insulin,insulin,0/0/0.111359/0/0,0/0/-0.1551/0/0,0/0/-0.1551/0/0,0.33762372310741146,4.0,0.0,0.025,1.0,0,0.0,0.0292169/0.123121/0.125489/0.0298265/0,-0.153035/-0.152174/-0.1551/-0.156228/0,R_3Y6DxLHpTdEq7Kh,counterfactual,counterfactual_prototype
0,11,130300,1,age,insulin,0/0/0/0/0.459459,0/0/0.158422/0/0,0/0/0/0/0,0.05797075935014752,4.0,0.0,0.025,1.0,0,0.0,0.0247045/0.127608/0.132848/0.0249831/0,0.153035/0.152174/0.158422/0.154761/0,R_3Y6DxLHpTdEq7Kh,counterfactual,counterfactual_prototype
1,12,130301,1,insulin,insulin,0/0/0.136105/0/0,0/0/0.15846/0/0,0/0/0.15846/0/0,0.3453768415725,4.0,0.0,0.025,1.0,0,0.0,0.027039/0.125287/0.130462/0.0273422/0,0.153035/0.152174/0.15846/0.154751/0,R_3Y6DxLHpTdEq7Kh,counterfactual,counterfactual_prototype
2,13,130302,1,bmi,blood_pressure,0/0/0/0.170388/0,0/0.576327/0/0/0,0/0/0/0.246861/0,0.1166496482828996,4.0,0.0,0.025,0.0,0,0.0,0.027325/0.466297/0.165881/0.0471297/0,0.143126/0.576327/0.205023/0.246861/0,R_3Y6DxLHpTdEq7Kh,counterfactual,counterfactual_prototype
3,14,130303,1,bmi,insulin,0/0/0/0.3161/0,0/0/0.158517/0/0,0/0/0/0.154734/0,0.1255743489070586,4.0,0.0,0.025,1.0,0,0.0,0.0312456/0.121104/0.126152/0.0315923/0,0.153035/0.152174/0.158517/0.154734/0,R_3Y6DxLHpTdEq7Kh,counterfactual,counterfactual_prototype
4,15,130304,1,age,insulin,0/0/0/0/0.243243,0/0/0.158539/0/0,0/0/0/0/0,0.05518220819681657,4.0,0.0,0.025,1.0,0,0.0,0.0331343/0.119226/0.124213/0.0335004/0,0.153035/0.152174/0.158539/0.154726/0,R_3Y6DxLHpTdEq7Kh,counterfactual,counterfactual_prototype
0,16,130305,1,age,insulin,0/0/0/0/0.324324,0/0/0.158558/0/0,0/0/0/0/0,0.05458510814701254,4.0,0.0,0.025,1.0,0,0.0,0.0348931/0.117477/0.122405/0.035277/0,0.153035/0.152174/0.158558/0.154719/0,R_3Y6DxLHpTdEq7Kh,counterfactual,counterfactual_prototype
1,17,130306,1,insulin,insulin,0/0/0.0969232/0/0,0/0/0.158574/0/0,0/0/0.158574/0/0,0.3261393817118508,4.0,0.0,0.025,1.0,0,0.0,0.0365318/0.115848/0.12072/0.0369321/0,0.153035/0.152174/0.158574/0.154712/0,R_3Y6DxLHpTdEq7Kh,counterfactual,counterfactual_prototype
2,18,130307,1,bmi,glucose,0/0/0/0.10102/0,0.521018/0/0/0/0,0/0/0/-0.00341896/0,0.05738855307336382,4.0,0.0,0.025,0.0,0,0.0,0.129577/0.105622/0.0843487/0.000850297/0,0.521018/0.140586/0.11227/-0.00341896/0,R_3Y6DxLHpTdEq7Kh,counterfactual,counterfactual_prototype
3,19,130308,1,age,insulin,0/0/0/0/0.108108,0/0/0.158601/0/0,0/0/0/0/0,0.05300014126355058,4.0,0.0,0.025,1.0,0,0.0,0.0394867/0.112909/0.117678/0.0399163/0,0.153035/0.152174/0.158601/0.1547/0,R_3Y6DxLHpTdEq7Kh,counterfactual,counterfactual_prototype
4,20,130309,1,age,insulin,0/0/0/0/0.27027,0/0/0.158612/0/0,0/0/0/0/0,0.05253297683296366,4.0,0.0,0.025,1.0,0,0.0,0.0408204/0.111583/0.116304/0.0412631/0,0.153035/0.152174/0.158612/0.154695/0,R_3Y6DxLHpTdEq7Kh,counterfactual,counterfactual_prototype
0,1,130200,-1,age,blood_pressure,0/0/0/0/-0.459459,0/-0.417763/0/0/0,0/0/0/0/-0.648649,0.09814066441933503,1.0,24.0,0.025,0.0,0,0.4,0/0.0355267/0/0/0,-0/-0.0177634/0.106558/0.126994/-0.268044,R_3akpeiY5qAXqHJo,attribution,additive_exemplar
1,2,130201,-1,age,blood_pressure,0/0/0/0/-0.432432,0/0.460889/0/0/0,0/0/0/0/-0.536025,0.0955161390362671,1.0,24.0,0.025,0.0,0,0.4,0/0.121778/0.00654807/0/0,-0/0.0608891/7.01721e-05/0.139176/-0.136025,R_3akpeiY5qAXqHJo,attribution,additive_exemplar
2,3,130202,-1,age,blood_pressure,0/0/0/0/-0.378378,0/0.462209/0/0/0,0/0/0/0/-0.513514,0.09814066441933503,4.0,0.0,0.025,0.0,1,0.4,0/0.124419/0/0/0,0.00521539/0.0622093/-0.122407/0.0832856/-0.185281,R_3akpeiY5qAXqHJo,attribution,additive_exemplar
3,4,130203,-1,bmi,blood_pressure,0/0/0/-0.397322/0,0/-0.469852/0/0/0,0/0/0/-0.499111/0,0.09814066441933503,4.0,0.0,0.025,0.0,1,0.4,0/0.139704/0/0/0,-0.127649/-0.0698521/-0.0883718/-0.0991114/0.116352,R_3akpeiY5qAXqHJo,attribution,additive_exemplar
4,5,130204,-1,age,blood_pressure,0/0/0/0/-0.297297,0/0.337244/0/0/0,0/0/0/0/-0.449909,0.09814066441933503,4.0,0.0,0.025,0.0,1,0.3,0/0.0744888/0/0/0,-0.102957/0.0372444/-0.0560219/0.260842/-0.149909,R_3akpeiY5qAXqHJo,attribution,additive_exemplar
0,6,130205,-1,bmi,blood_pressure,0/0/0/-0.491711/0,0/-0.407584/0/0/0,0/0/0/-0.498864/0,0.09814066441933503,1.0,24.0,0.025,0.0,0,0.4,0/0.0151679/0/0/0,-0/-0.00758395/-0/-0.098864/0.260391,R_3akpeiY5qAXqHJo,attribution,additive_exemplar
1,7,130206,-1,bmi,blood_pressure,0/0/0/-0.551079/0,0/-0.448723/0/0/0,0/0/0/-0.486699/0,0.09814066441933503,1.0,24.0,0.025,0.0,0,0.4,0/0.0974451/0/0/0,-0/-0.0487226/-0/-0.0866992/0.123659,R_3akpeiY5qAXqHJo,attribution,additive_exemplar
2,8,130207,-1,bmi,blood_pressure,0/0/0/-0.397322/0,0/0.432965/0/0/0,0/0/0/-0.49239/0,0.09814066441933503,4.0,0.0,0.025,0.0,1,0.4,0/0.0659306/0/0/0,-0.142591/0.0329653/-0.571198/-0.0923896/0.102391,R_3akpeiY5qAXqHJo,attribution,additive_exemplar
3,9,130208,-1,age,blood_pressure,0/0/0/0/-0.810811,0/0.453482/0/0/0,0/0/0/0/-0.945946,0.09814066441933503,4.0,0.0,0.025,0.0,1,0.4,0/0.106965/0/0/0,0.24619/0.0534823/-0.0920589/-0.0130236/-0.598124,R_3akpeiY5qAXqHJo,attribution,additive_exemplar
4,10,130209,-1,bmi,blood_pressure,0/0/0/-0.78/0,0/-0.443293/0/0/0,0/0/0/-0.728232/0,0.09814066441933503,4.0,0.0,0.025,0.0,1,0.3,0/0.286586/0/0/0,0.151001/-0.143293/-0.120012/-0.428232/0.0794287,R_3akpeiY5qAXqHJo,attribution,additive_exemplar
0,11,130300,1,age,blood_pressure,0/0/0/0/0.864865,0/-0.425033/0/0/0,0/0/0/0/0.4,0.09814066441933503,1.0,24.0,0.025,0.0,0,0.4,0/0.050066/0/0/0,-0.487213/-0.025033/-0.0109136/0/0,R_3akpeiY5qAXqHJo,attribution,additive_exemplar
1,12,130301,1,age,bmi,0/0/0/0/0.72973,0/0/0/0.401356/0,0/0/0/0/0.698628,0.09420555831949566,1.0,24.0,0.025,0.0,0,0.4,0/0.0229219/0/0.280511/0,-0.275516/0.0114609/0.00887711/0.00135551/0.298628,R_3akpeiY5qAXqHJo,attribution,additive_exemplar
2,13,130302,1,bmi,blood_pressure,0/0/0/0.520388/0,0/0.648785/0/0/0,0/0/0/0.4/0,0.09814066441933503,4.0,0.0,0.025,0.0,1,0.4,0/0.49757/0/0/0,0/0.248785/0/0/-0,R_3akpeiY5qAXqHJo,attribution,additive_exemplar
3,14,130303,1,bmi,blood_pressure,0/0/0/0.6322/0,0/0.434783/0/0/0,0/0/0/0.4/0,0.09814066441933503,4.0,0.0,0.025,0.0,1,0.4,0/0.14814/0/0/0,0/0.0740701/0/0/-0,R_3akpeiY5qAXqHJo,attribution,additive_exemplar
4,15,130304,1,age,blood_pressure,0/0/0/0/0.486486,0/0.373335/0/0/0,0/0/0/0/0.3,0.09814066441933503,4.0,0.0,0.025,0.0,1,0.3,0/0.14667/0/0/0,0/0.0733351/0/0/0,R_3akpeiY5qAXqHJo,attribution,additive_exemplar
0,16,130305,1,age,blood_pressure,0/0/0/0/0.783784,0/-0.551221/0/0/0,0/0/0/0/0.4,0.09814066441933503,1.0,24.0,0.025,0.0,0,0.4,0/0.302443/0/0/0,0.0169942/-0.151221/-0.0947703/-0/0,R_3akpeiY5qAXqHJo,attribution,additive_exemplar
1,17,130306,1,bmi,blood_pressure,0/0/0/0.193214/0,0/-0.474309/0/0/0,0/0/0/-0.4/0,0.07223729980802246,1.0,24.0,0.025,0.0,0,0.4,0/0.148618/0.103461/0/0,0/-0.0743088/0.0396201/-0/0,R_3akpeiY5qAXqHJo,attribution,additive_exemplar
2,18,130307,1,bmi,blood_pressure,0/0/0/0.34102/0,0/0.347826/0/0/0,0/0/0/0.4/0,0.09814066441933503,4.0,0.0,0.025,0.0,1,0.4,0/0.0559687/0/0/0,0/0.0279844/0/0/-0,R_3akpeiY5qAXqHJo,attribution,additive_exemplar
3,19,130308,1,bmi,blood_pressure,0/0/0/0.314484/0,0/-0.546461/0/0/0,0/0/0/0.4/0,0.09814066441933503,4.0,0.0,0.025,0.0,1,0.4,0/0.292922/0/0/0,0/-0.146461/0/0/-0,R_3akpeiY5qAXqHJo,attribution,additive_exemplar
4,20,130309,1,age,blood_pressure,0/0/0/0/0.621622,0/-0.33826/0/0/0,0/0/0/0/0.3,0.09814066441933503,4.0,0.0,0.025,0.0,1,0.3,0/0.0765192/0/0/0,0/-0.0382596/0/-0/0,R_3akpeiY5qAXqHJo,attribution,additive_exemplar
0,1,130200,-1,age,age,0/0/0/0/-0.459459,0/0/0/0/-0.519663,0/0/0/0/-0.519663,0.5919171984756992,4.0,0.0,0.025,0.0,1,0.3,0/0.000594703/0/0/0.325546,-0/-0.000297351/0.146534/0.135109/-0.219663,R_3akpeiY5qAXqHJo,attribution,additive_prototype
1,2,130201,-1,age,age,0/0/0/0/-0.432432,0/0/0/0/-0.567568,0/0/0/0/-0.567568,0.40712291440832465,4.0,0.0,0.025,0.0,1,0.4,0/0.214464/0/0/0.243212,-0/0.107232/0.0889769/0.224409/-0.22028,R_3akpeiY5qAXqHJo,attribution,additive_prototype
2,3,130202,-1,age,blood_pressure,0/0/0/0/-0.378378,0/0.462209/0/0/0,0/0/0/0/-0.513514,0.09814066441933503,4.0,0.0,0.025,0.0,1,0.4,0/0.124419/0/0/0,0.00521539/0.0622093/-0.122407/0.0832856/-0.185281,R_3akpeiY5qAXqHJo,attribution,additive_prototype
3,4,130203,-1,bmi,blood_pressure,0/0/0/-0.397322/0,0/-0.469852/0/0/0,0/0/0/-0.499111/0,0.09814066441933503,4.0,0.0,0.025,0.0,1,0.4,0/0.139704/0/0/0,-0.127649/-0.0698521/-0.0883718/-0.0991114/0.116352,R_3akpeiY5qAXqHJo,attribution,additive_prototype
4,5,130204,-1,age,blood_pressure,0/0/0/0/-0.297297,0/0.337244/0/0/0,0/0/0/0/-0.449909,0.09814066441933503,4.0,0.0,0.025,0.0,1,0.3,0/0.0744888/0/0/0,-0.102957/0.0372444/-0.0560219/0.260842/-0.149909,R_3akpeiY5qAXqHJo,attribution,additive_prototype
0,6,130205,-1,bmi,blood_pressure,0/0/0/-0.491711/0,0/-0.307758/0/0/0,0/0/0/-0.412901/0,0.09814066441933503,4.0,0.0,0.025,0.0,1,0.3,0/0.0155169/0/0/0,-0.338925/-0.00775846/-0.264531/-0.112901/0.31305,R_3akpeiY5qAXqHJo,attribution,additive_prototype
1,7,130206,-1,bmi,blood_pressure,0/0/0/-0.551079/0,0/-0.452666/0/0/0,0/0/0/-0.565337/0,0.09814066441933503,4.0,0.0,0.025,0.0,1,0.4,0/0.105331/0/0/0,-0.0968726/-0.0526656/-0.223143/-0.165337/0.180914,R_3akpeiY5qAXqHJo,attribution,additive_prototype
2,8,130207,-1,bmi,blood_pressure,0/0/0/-0.397322/0,0/0.432965/0/0/0,0/0/0/-0.49239/0,0.09814066441933503,4.0,0.0,0.025,0.0,1,0.4,0/0.0659306/0/0/0,-0.142591/0.0329653/-0.571198/-0.0923896/0.102391,R_3akpeiY5qAXqHJo,attribution,additive_prototype
3,9,130208,-1,age,blood_pressure,0/0/0/0/-0.810811,0/0.453482/0/0/0,0/0/0/0/-0.945946,0.09814066441933503,4.0,0.0,0.025,0.0,1,0.4,0/0.106965/0/0/0,0.24619/0.0534823/-0.0920589/-0.0130236/-0.598124,R_3akpeiY5qAXqHJo,attribution,additive_prototype
4,10,130209,-1,bmi,blood_pressure,0/0/0/-0.78/0,0/-0.443293/0/0/0,0/0/0/-0.728232/0,0.09814066441933503,4.0,0.0,0.025,0.0,1,0.3,0/0.286586/0/0/0,0.151001/-0.143293/-0.120012/-0.428232/0.0794287,R_3akpeiY5qAXqHJo,attribution,additive_prototype
0,11,130300,1,age,blood_pressure,0/0/0/0/0.864865,0/-0.310242/0/0/0,0/0/0/0/0.3,0.09814066441933503,4.0,0.0,0.025,0.0,1,0.3,0/0.0204847/0/0/0,-0/-0.0102424/0/0/0,R_3akpeiY5qAXqHJo,attribution,additive_prototype
1,12,130301,1,age,blood_pressure,0/0/0/0/0.72973,0/0.434783/0/0/0,0/0/0/0/-0.27027,0.09814066441933503,4.0,0.0,0.025,0.0,1,0.4,0/0.1515/0/0/0,-0/0.0757502/0/0/-0,R_3akpeiY5qAXqHJo,attribution,additive_prototype
2,13,130302,1,bmi,blood_pressure,0/0/0/0.520388/0,0/0.648785/0/0/0,0/0/0/0.4/0,0.09814066441933503,4.0,0.0,0.025,0.0,1,0.4,0/0.49757/0/0/0,0/0.248785/0/0/-0,R_3akpeiY5qAXqHJo,attribution,additive_prototype
3,14,130303,1,bmi,blood_pressure,0/0/0/0.6322/0,0/0.434783/0/0/0,0/0/0/0.4/0,0.09814066441933503,4.0,0.0,0.025,0.0,1,0.4,0/0.14814/0/0/0,0/0.0740701/0/0/-0,R_3akpeiY5qAXqHJo,attribution,additive_prototype
4,15,130304,1,age,blood_pressure,0/0/0/0/0.486486,0/0.373335/0/0/0,0/0/0/0/0.3,0.09814066441933503,4.0,0.0,0.025,0.0,1,0.3,0/0.14667/0/0/0,0/0.0733351/0/0/0,R_3akpeiY5qAXqHJo,attribution,additive_prototype
0,16,130305,1,age,blood_pressure,0/0/0/0/0.783784,0/-0.444732/0/0/0,0/0/0/0/0.3,0.09814066441933503,4.0,0.0,0.025,0.0,1,0.3,0/0.289463/0/0/0,0/-0.144732/0/-0/0,R_3akpeiY5qAXqHJo,attribution,additive_prototype
1,17,130306,1,bmi,blood_pressure,0/0/0/0.193214/0,0/-0.458397/0/0/0,0/0/0/-0.4/0,0.09814066441933503,4.0,0.0,0.025,0.0,1,0.4,0/0.116795/0/0/0,0/-0.0583973/0/-0/-0,R_3akpeiY5qAXqHJo,attribution,additive_prototype
2,18,130307,1,bmi,blood_pressure,0/0/0/0.34102/0,0/0.347826/0/0/0,0/0/0/0.4/0,0.09814066441933503,4.0,0.0,0.025,0.0,1,0.4,0/0.0559687/0/0/0,0/0.0279844/0/0/-0,R_3akpeiY5qAXqHJo,attribution,additive_prototype
3,19,130308,1,bmi,blood_pressure,0/0/0/0.314484/0,0/-0.546461/0/0/0,0/0/0/0.4/0,0.09814066441933503,4.0,0.0,0.025,0.0,1,0.4,0/0.292922/0/0/0,0/-0.146461/0/0/-0,R_3akpeiY5qAXqHJo,attribution,additive_prototype
4,20,130309,1,age,blood_pressure,0/0/0/0/0.621622,0/-0.33826/0/0/0,0/0/0/0/0.3,0.09814066441933503,4.0,0.0,0.025,0.0,1,0.3,0/0.0765192/0/0/0,0/-0.0382596/0/-0/0,R_3akpeiY5qAXqHJo,attribution,additive_prototype
0,1,130200,-1,age,bmi,0/0/0/0/-0.459459,0/0/0/0.496585/0,0/0/0/0/-0.441634,0.1519554013337006,0.0,12.0,0.025,0.0,1,0.4,0.00250812/0.077069/0.0703667/0.0965851/0.0416342,-0.00250812/-0.077069/0.0703667/0.0965851/-0.0416342,R_3akpeiY5qAXqHJo,attribution,base_exemplar
1,2,130201,-1,age,bmi,0/0/0/0/-0.432432,0/0/0/0.530421/0,0/0/0/0/-0.423771,0.11924707694485455,0.0,12.0,0.025,0.0,1,0.4,0.00161878/0.107764/0.0106758/0.130421/0.0237713,-0.00161878/0.107764/0.0106758/0.130421/-0.0237713,R_3akpeiY5qAXqHJo,attribution,base_exemplar
2,3,130202,-1,age,insulin,0/0/0/0/-0.378378,0/0/-0.395942/0/0,0/0/0/0/-0.422993,0.1427331369188127,0.0,12.0,0.025,0.0,1,0.4,0.000117993/0.0552614/0.107942/0.00912295/0.0229925,-0.000117993/0.0552614/-0.107942/-0.00912295/-0.0229925,R_3akpeiY5qAXqHJo,attribution,base_exemplar
3,4,130203,-1,bmi,blood_pressure,0/0/0/-0.397322/0,0/-0.557886/0/0/0,0/0/0/-0.493528/0,0.2468362323307059,0.0,12.0,0.025,0.0,1,0.4,0.00391594/0.157886/0.0597847/0.0935281/0.0189909,-0.00391594/-0.157886/-0.0597847/-0.0935281/0.0189909,R_3akpeiY5qAXqHJo,attribution,base_exemplar
4,5,130204,-1,age,bmi,0/0/0/0/-0.297297,0/0/0/0.541671/0,0/0/0/0/-0.419793,0.12768555872284,0.0,12.0,0.025,0.0,1,0.4,0.00180801/0.0118806/0.0501721/0.141671/0.0197931,-0.00180801/0.0118806/-0.0501721/0.141671/-0.0197931,R_3akpeiY5qAXqHJo,attribution,base_exemplar
0,6,130205,-1,bmi,insulin,0/0/0/-0.491711/0,0/0/-0.529984/0/0,0/0/0/-0.51687/0,0.2662610402174119,0.0,12.0,0.025,0.0,1,0.4,0.00873566/0.0302893/0.175053/0.11687/0.0478276,-0.00873566/-0.0302893/-0.175053/-0.11687/0.0478276,R_3akpeiY5qAXqHJo,attribution,base_exemplar
1,7,130206,-1,bmi,insulin,0/0/0/-0.551079/0,0/0/-0.486678/0/0,0/0/0/-0.533579/0,0.2814188462521543,0.0,12.0,0.025,0.0,1,0.4,0.00286909/0.110191/0.142396/0.133579/0.0243781,-0.00286909/-0.110191/-0.142396/-0.133579/0.0243781,R_3akpeiY5qAXqHJo,attribution,base_exemplar
2,8,130207,-1,bmi,insulin,0/0/0/-0.397322/0,0/0/-0.804422/0/0,0/0/0/-0.53202/0,0.20763379646484847,0.0,12.0,0.025,0.0,1,0.4,0.00333454/0.0412774/0.404422/0.13202/0.0149782,-0.00333454/0.0412774/-0.404422/-0.13202/0.0149782,R_3akpeiY5qAXqHJo,attribution,base_exemplar
3,9,130208,-1,age,age,0/0/0/0/-0.810811,0/0/0/0/-0.492437,0/0/0/0/-0.492437,0.2507982425443547,0.0,12.0,0.025,0.0,1,0.4,0.00633784/0.0630539/0.0846124/0.0847691/0.0924371,0.00633784/0.0630539/-0.0846124/-0.0847691/-0.0924371,R_3akpeiY5qAXqHJo,attribution,base_exemplar
4,10,130209,-1,bmi,bmi,0/0/0/-0.78/0,0/0/0/-0.731842/0,0/0/0/-0.731842/0,0.3838043804655417,0.0,12.0,0.025,0.0,1,0.4,0.00282578/0.272222/0.0676874/0.331842/0.00597159,0.00282578/-0.272222/-0.0676874/-0.331842/0.00597159,R_3akpeiY5qAXqHJo,attribution,base_exemplar
0,11,130300,1,age,bmi,0/0/0/0/0.864865,0/0/0/0.592582/0,0/0/0/0/0.472961,0.1789266464092352,0.0,12.0,0.025,0.0,1,0.4,0.0110057/0.0513618/0.0487819/0.232366/0.0729612,-0.0110057/-0.0513618/0.0487819/0.232366/0.0729612,R_3akpeiY5qAXqHJo,attribution,base_exemplar
1,12,130301,1,age,bmi,0/0/0/0/0.72973,0/0/0/0.666339/0,0/0/0/0/0.445696,0.13729345782691899,0.0,12.0,0.025,0.0,1,0.4,0.00720179/0.054696/0.0459572/0.294171/0.045696,-0.00720179/0.054696/0.0459572/0.294171/0.045696,R_3akpeiY5qAXqHJo,attribution,base_exemplar
2,13,130302,1,bmi,blood_pressure,0/0/0/0.520388/0,0/0.761173/0/0/0,0/0/0/0.680388/0,0.34573156071602484,0.0,12.0,0.025,0.0,1,0.4,0.00189355/0.361173/0.00563462/0.300616/0.0215432,-0.00189355/0.361173/0.00563462/0.300616/0.0215432,R_3akpeiY5qAXqHJo,attribution,base_exemplar
3,14,130303,1,bmi,bmi,0/0/0/0.6322/0,0/0/0/0.803316/0,0/0/0/0.803316/0,0.5197327400956299,0.0,12.0,0.025,0.0,1,0.4,0.000355624/0.0546905/0.0238231/0.438139/0.0407969,-0.000355624/0.0546905/0.0238231/0.438139/-0.0407969,R_3akpeiY5qAXqHJo,attribution,base_exemplar
4,15,130304,1,age,bmi,0/0/0/0/0.486486,0/0/0/0.490728/0,0/0/0/0/0.431377,0.11564227779268779,0.0,12.0,0.025,0.0,1,0.4,0.00150773/0.100532/0.0864952/0.118821/0.0313766,-0.00150773/0.100532/-0.0864952/0.118821/0.0313766,R_3akpeiY5qAXqHJo,attribution,base_exemplar
0,16,130305,1,age,bmi,0/0/0/0/0.783784,0/0/0/-0.726311/0,0/0/0/0/0.472733,0.13069122588248436,0.0,12.0,0.025,0.0,1,0.4,0.00255071/0.291157/0.002736/0.326311/0.0727334,0.00255071/-0.291157/0.002736/-0.326311/0.0727334,R_3akpeiY5qAXqHJo,attribution,base_exemplar
1,17,130306,1,bmi,blood_pressure,0/0/0/0.193214/0,0/-0.553536/0/0/0,0/0/0/-0.404244/0,0.08193566448524159,0.0,12.0,0.025,0.0,1,0.4,0.00348868/0.153536/0.0974009/0.00424443/0.00292462,0.00348868/-0.153536/0.0974009/-0.00424443/-0.00292462,R_3akpeiY5qAXqHJo,attribution,base_exemplar
2,18,130307,1,bmi,bmi,0/0/0/0.34102/0,0/0/0/0.43102/0,0/0/0/0.43102/0,0.4353334990164572,0.0,12.0,0.025,0.0,1,0.4,0.00698808/0.00972622/0.0179948/0.0796135/0.0210756,0.00698808/0.00972622/-0.0179948/0.0796135/-0.0210756,R_3akpeiY5qAXqHJo,attribution,base_exemplar
3,19,130308,1,bmi,blood_pressure,0/0/0/0.314484/0,0/-0.721931/0/0/0,0/0/0/0.564484/0,0.28723506251029807,0.0,12.0,0.025,0.0,1,0.4,0.000489677/0.321931/0.0554094/0.209505/0.019422,0.000489677/-0.321931/0.0554094/0.209505/-0.019422,R_3akpeiY5qAXqHJo,attribution,base_exemplar
4,20,130309,1,age,bmi,0/0/0/0/0.621622,0/0/0/-0.507564/0,0/0/0/0/0.453802,0.21440693381689446,0.0,12.0,0.025,0.0,1,0.4,0.000255565/0.0653502/0.00594426/0.107564/0.053802,-0.000255565/-0.0653502/-0.00594426/-0.107564/0.053802,R_3akpeiY5qAXqHJo,attribution,base_exemplar
0,1,130200,-1,age,bmi,0/0/0/0/-0.459459,0/0/0/0.440489/0,0/0/0/0/-0.346118,0.14956449417629503,0.0,0.0,0.025,0.0,1,0.3,0.002896/0.0634306/0.0854704/0.140489/0.0461183,-0.002896/-0.0634306/0.0854704/0.140489/-0.0461183,R_3akpeiY5qAXqHJo,attribution,base_prototype
1,2,130201,-1,age,bmi,0/0/0/0/-0.432432,0/0/0/0.496684/0,0/0/0/0/-0.332729,0.11231344461673529,0.0,0.0,0.025,0.0,1,0.3,0.00181/0.148005/0.0447463/0.196684/0.0327291,-0.00181/0.148005/0.0447463/0.196684/-0.0327291,R_3akpeiY5qAXqHJo,attribution,base_prototype
2,3,130202,-1,age,insulin,0/0/0/0/-0.378378,0/0/-0.395942/0/0,0/0/0/0/-0.423803,0.1296353517627628,0.0,0.0,0.025,0.0,1,0.4,0.000724001/0.0634306/0.107592/0.0351222/0.023803,-0.000724001/0.0634306/-0.107592/0.0351222/-0.023803,R_3akpeiY5qAXqHJo,attribution,base_prototype
3,4,130203,-1,bmi,blood_pressure,0/0/0/-0.397322/0,0/-0.590292/0/0/0,0/0/0/-0.55805/0,0.2934415473601369,0.0,0.0,0.025,0.0,1,0.4,0.00376481/0.190292/0.0804427/0.15805/0.0252907,-0.00376481/-0.190292/-0.0804427/-0.15805/0.0252907,R_3akpeiY5qAXqHJo,attribution,base_prototype
4,5,130204,-1,age,bmi,0/0/0/0/-0.297297,0/0/0/0.496684/0,0/0/0/0/-0.31934,0.11636055914017987,0.0,0.0,0.025,0.0,1,0.3,0.002896/0.0211435/0.0548016/0.196684/0.0193399,-0.002896/0.0211435/-0.0548016/0.196684/-0.0193399,R_3akpeiY5qAXqHJo,attribution,base_prototype
0,6,130205,-1,bmi,insulin,0/0/0/-0.491711/0,0/0/-0.505632/0/0,0/0/0/-0.479123/0,0.29684477246411783,0.0,0.0,0.025,0.0,1,0.3,0.00876041/0.0634306/0.205632/0.179123/0.0565321,-0.00876041/-0.0634306/-0.205632/-0.179123/0.0565321,R_3akpeiY5qAXqHJo,attribution,base_prototype
1,7,130206,-1,bmi,bmi,0/0/0/-0.551079/0,0/0/0/-0.531807/0,0/0/0/-0.531807/0,0.3281556624244002,0.0,0.0,0.025,0.0,1,0.3,0.0024616/0.148005/0.173957/0.231807/0.0342168,-0.0024616/-0.148005/-0.173957/-0.231807/0.0342168,R_3akpeiY5qAXqHJo,attribution,base_prototype
2,8,130207,-1,bmi,insulin,0/0/0/-0.397322/0,0/0/-0.827352/0/0,0/0/0/-0.55805/0,0.22458200376205129,0.0,0.0,0.025,0.0,1,0.4,0.0035476/0.0211435/0.427352/0.15805/0.0208276,-0.0035476/0.0211435/-0.427352/-0.15805/0.0208276,R_3akpeiY5qAXqHJo,attribution,base_prototype
3,9,130208,-1,age,age,0/0/0/0/-0.810811,0/0/0/0/-0.495212,0/0/0/0/-0.495212,0.26545779877831366,0.0,0.0,0.025,0.0,1,0.4,0.00644361/0.0634306/0.0759178/0.0772689/0.0952119,0.00644361/0.0634306/-0.0759178/-0.0772689/-0.0952119,R_3akpeiY5qAXqHJo,attribution,base_prototype
4,10,130209,-1,bmi,bmi,0/0/0/-0.78/0,0/0/0/-0.790728/0,0/0/0/-0.790728/0,0.407008931808438,0.0,0.0,0.025,0.0,1,0.3,0.00405441/0.317153/0.0955257/0.490728/0.0163646,0.00405441/-0.317153/-0.0955257/-0.490728/0.0163646,R_3akpeiY5qAXqHJo,attribution,base_prototype
0,11,130300,1,age,bmi,0/0/0/0/0.864865,0/0/0/0.537075/0,0/0/0/0/0.363227,0.15013591092610262,0.0,0.0,0.025,0.0,1,0.3,0.0101722/0.0563827/0.110357/0.237075/0.0632267,-0.0101722/-0.0563827/0.110357/0.237075/0.0632267,R_3akpeiY5qAXqHJo,attribution,base_prototype
1,12,130301,1,age,bmi,0/0/0/0/0.72973,0/0/0/0.610832/0,0/0/0/0/0.323059,0.08555528413733807,0.0,0.0,0.025,0.0,1,0.3,0.00604541/0.112765/0.200855/0.310832/0.0230591,-0.00604541/0.112765/0.200855/0.310832/0.0230591,R_3akpeiY5qAXqHJo,attribution,base_prototype
2,13,130302,1,bmi,blood_pressure,0/0/0/0.520388/0,0/0.782609/0/0/0,0/0/0/0.680388/0,0.2862066691746654,0.0,0.0,0.025,0.0,1,0.4,0.000615401/0.451062/0.178231/0.324881/0.00371922,-0.000615401/0.451062/0.178231/0.324881/-0.00371922,R_3akpeiY5qAXqHJo,attribution,base_prototype
3,14,130303,1,bmi,bmi,0/0/0/0.6322/0,0/0/0/0.803316/0,0/0/0/0.803316/0,0.41679730756089517,0.0,0.0,0.025,0.0,1,0.4,0.0011222/0.112765/0.185772/0.447808/0.066202,0.0011222/0.112765/0.185772/0.447808/-0.066202,R_3akpeiY5qAXqHJo,attribution,base_prototype
4,15,130304,1,age,bmi,0/0/0/0/0.486486,0/0/0/0.435221/0,0/0/0/0/0.327522,0.11325304078814065,0.0,0.0,0.025,0.0,1,0.3,0.001267/0.112765/0.0525392/0.135221/0.0275222,-0.001267/0.112765/-0.0525392/0.135221/0.0275222,R_3akpeiY5qAXqHJo,attribution,base_prototype
0,16,130305,1,age,bmi,0/0/0/0/0.783784,0/0/0/-0.655507/0,0/0/0/0/0.363227,0.11648624785865573,0.0,0.0,0.025,0.0,1,0.3,0.00394581/0.310105/0.0274008/0.355507/0.0632267,0.00394581/-0.310105/0.0274008/-0.355507/0.0632267,R_3akpeiY5qAXqHJo,attribution,base_prototype
1,17,130306,1,bmi,insulin,0/0/0/0.193214/0,0/0/0.531021/0/0,0/0/0/-0.312293/0,0.08791738449032872,0.0,0.0,0.025,0.0,1,0.3,0.00524901/0.140957/0.231021/0.0122928/0.0260345,0.00524901/-0.140957/0.231021/-0.0122928/-0.0260345,R_3akpeiY5qAXqHJo,attribution,base_prototype
2,18,130307,1,bmi,insulin,0/0/0/0.34102/0,0/0/0.511866/0/0,0/0/0/0.43102/0,0.24924772216152882,0.0,0.0,0.025,0.0,1,0.4,0.00894141/0.0281914/0.111866/0.0755128/0.0438868,0.00894141/0.0281914/0.111866/0.0755128/-0.0438868,R_3akpeiY5qAXqHJo,attribution,base_prototype
3,19,130308,1,bmi,blood_pressure,0/0/0/0.314484/0,0/-0.710105/0/0/0,0/0/0/0.564484/0,0.2502846992168237,0.0,0.0,0.025,0.0,1,0.4,0.0017738/0.310105/0.178231/0.208977/0.0394237,0.0017738/-0.310105/0.178231/0.208977/-0.0394237,R_3akpeiY5qAXqHJo,attribution,base_prototype
4,20,130309,1,age,bmi,0/0/0/0/0.621622,0/0/0/-0.428196/0,0/0/0/0/0.363227,0.17187584229982827,0.0,0.0,0.025,0.0,1,0.3,0.000398201/0.0986698/0.0781803/0.128196/0.0632267,-0.000398201/-0.0986698/-0.0781803/-0.128196/0.0632267,R_3akpeiY5qAXqHJo,attribution,base_prototype
0,1,130200,-1,blood_pressure,bmi,0/-0.391304/0/0/0,0/0/0/0.240489/0,0/-0.163431/0/0/0,0.19604606859759938,0.0,0.0,0.1,0.0,0,0.1,0.002896/0.0634306/0.0854704/0.140489/0,-0.002896/-0.0634306/0.0854704/0.140489/-0.0461183,R_3dnoIyf6ByhM7Jf,none,base_exemplar
1,2,130201,-1,insulin,bmi,0/0/-0.0371195/0/0,0/0/0/0.296684/0,0/0/0.144746/0/0,0.12470056761956695,0.0,0.0,0.05,0.0,0,0.1,0.00181/0.148005/0.0447463/0.196684/0,-0.00181/0.148005/0.0447463/0.196684/-0.0327291,R_3dnoIyf6ByhM7Jf,none,base_exemplar
2,3,130202,-1,insulin,insulin,0/0/-0.23509/0/0,0/0/-0.307592/0/0,0/0/-0.307592/0/0,0.43869585880826756,0.0,0.0,0.05,0.0,0,0.2,0.000724001/0.0634306/0.107592/0.0351222/0,-0.000724001/0.0634306/-0.107592/0.0351222/-0.023803,R_3dnoIyf6ByhM7Jf,none,base_exemplar
3,4,130203,-1,bmi,blood_pressure,0/0/0/-0.297322/0,0/-0.290292/0/0/0,0/0/0/-0.25805/0,0.3201103039596939,0.0,0.0,0.05,0.0,0,0.1,0.00376481/0.190292/0.0804427/0.15805/0,-0.00376481/-0.190292/-0.0804427/-0.15805/0.0252907,R_3dnoIyf6ByhM7Jf,none,base_exemplar
4,5,130204,-1,insulin,bmi,0/0/-0.123732/0/0,0/0/0/0.396684/0,0/0/-0.254802/0/0,0.1917149516217591,0.0,0.0,0.05,0.0,0,0.2,0.002896/0.0211435/0.0548016/0.196684/0,-0.002896/0.0211435/-0.0548016/0.196684/-0.0193399,R_3dnoIyf6ByhM7Jf,none,base_exemplar
0,6,130205,-1,bmi,insulin,0/0/0/-0.421467/0,0/0/-0.305632/0/0,0/0/0/-0.279123/0,0.3440179777355748,0.0,0.0,0.1,0.0,0,0.1,0.00876041/0.0634306/0.205632/0.179123/0,-0.00876041/-0.0634306/-0.205632/-0.179123/0.0565321,R_3dnoIyf6ByhM7Jf,none,base_exemplar
1,7,130206,-1,bmi,bmi,0/0/0/-0.431079/0,0/0/0/-0.331807/0,0/0/0/-0.331807/0,0.3622327420339493,0.0,0.0,0.05,0.0,0,0.1,0.0024616/0.148005/0.173957/0.231807/0,-0.0024616/-0.148005/-0.173957/-0.231807/0.0342168,R_3dnoIyf6ByhM7Jf,none,base_exemplar
2,8,130207,-1,insulin,insulin,0/0/-0.443372/0/0,0/0/-0.627352/0/0,0/0/-0.627352/0/0,0.5581052109037854,0.0,0.0,0.05,0.0,0,0.2,0.0035476/0.0211435/0.427352/0.15805/0,-0.0035476/0.0211435/-0.427352/-0.15805/0.0208276,R_3dnoIyf6ByhM7Jf,none,base_exemplar
3,9,130208,-1,bmi,bmi,0/0/0/-0.306541/0,0/0/0/-0.177269/0,0/0/0/-0.177269/0,0.30634661847584227,0.0,0.0,0.05,0.0,0,0.1,0.00644361/0.0634306/0.0759178/0.0772689/0,0.00644361/0.0634306/-0.0759178/-0.0772689/-0.0952119,R_3dnoIyf6ByhM7Jf,none,base_exemplar
4,10,130209,-1,bmi,bmi,0/0/0/-0.7/0,0/0/0/-0.690728/0,0/0/0/-0.690728/0,0.4532446709195854,0.0,0.0,0.05,0.0,0,0.2,0.00405441/0.317153/0.0955257/0.490728/0,0.00405441/-0.317153/-0.0955257/-0.490728/0.0163646,R_3dnoIyf6ByhM7Jf,none,base_exemplar
0,11,130300,1,bmi,bmi,0/0/0/0.386344/0,0/0/0/0.337075/0,0/0/0/0.337075/0,0.5008363540125783,0.0,0.0,0.1,0.0,0,0.1,0.0101722/0.0563827/0.110357/0.237075/0,-0.0101722/-0.0563827/0.110357/0.237075/0.0632267,R_3dnoIyf6ByhM7Jf,none,base_exemplar
1,12,130301,1,bmi,bmi,0/0/0/0.406339/0,0/0/0/0.410832/0,0/0/0/0.410832/0,0.41925650764145317,0.0,0.0,0.05,0.0,0,0.1,0.00604541/0.112765/0.200855/0.310832/0,-0.00604541/0.112765/0.200855/0.310832/0.0230591,R_3dnoIyf6ByhM7Jf,none,base_exemplar
2,13,130302,1,bmi,blood_pressure,0/0/0/0.370388/0,0/0.651062/0/0/0,0/0/0/0.524881/0,0.2993948112728429,0.0,0.0,0.05,0.0,0,0.2,0.000615401/0.451062/0.178231/0.324881/0,-0.000615401/0.451062/0.178231/0.324881/-0.00371922,R_3dnoIyf6ByhM7Jf,none,base_exemplar
3,14,130303,1,insulin,bmi,0/0/0.315516/0/0,0/0/0/0.547808/0,0/0/0.285772/0/0,0.2276026910168428,0.0,0.0,0.05,0.0,0,0.1,0.0011222/0.112765/0.185772/0.447808/0,0.0011222/0.112765/0.185772/0.447808/-0.066202,R_3dnoIyf6ByhM7Jf,none,base_exemplar
4,15,130304,1,bmi,bmi,0/0/0/0.210728/0,0/0/0/0.335221/0,0/0/0/0.335221/0,0.3860816287978356,0.0,0.0,0.05,0.0,0,0.2,0.001267/0.112765/0.0525392/0.135221/0,-0.001267/0.112765/-0.0525392/0.135221/0.0275222,R_3dnoIyf6ByhM7Jf,none,base_exemplar
0,16,130305,1,insulin,bmi,0/0/0.329951/0/0,0/0/0/-0.455507/0,0/0/0.127401/0/0,0.05184104845949491,0.0,0.0,0.1,0.0,0,0.1,0.00394581/0.310105/0.0274008/0.355507/0,0.00394581/-0.310105/0.0274008/-0.355507/0.0632267,R_3dnoIyf6ByhM7Jf,none,base_exemplar
1,17,130306,1,insulin,insulin,0/0/0.496989/0/0,0/0/0.331021/0/0,0/0/0.331021/0/0,0.48902785085635464,0.0,0.0,0.05,0.0,0,0.1,0.00524901/0.140957/0.231021/0.0122928/0,0.00524901/-0.140957/0.231021/-0.0122928/-0.0260345,R_3dnoIyf6ByhM7Jf,none,base_exemplar
2,18,130307,1,insulin,insulin,0/0/0.334076/0/0,0/0/0.311866/0/0,0/0/0.311866/0/0,0.4230685753898191,0.0,0.0,0.05,0.0,0,0.2,0.00894141/0.0281914/0.111866/0.0755128/0,0.00894141/0.0281914/0.111866/0.0755128/-0.0438868,R_3dnoIyf6ByhM7Jf,none,base_exemplar
3,19,130308,1,bmi,blood_pressure,0/0/0/0.254484/0,0/-0.410105/0/0/0,0/0/0/0.308977/0,0.2671485150954686,0.0,0.0,0.05,0.0,0,0.1,0.0017738/0.310105/0.178231/0.208977/0,0.0017738/-0.310105/0.178231/0.208977/-0.0394237,R_3dnoIyf6ByhM7Jf,none,base_exemplar
4,20,130309,1,insulin,bmi,0/0/0.144354/0/0,0/0/0/-0.328196/0,0/0/-0.27818/0/0,0.23303722757165593,0.0,0.0,0.05,0.0,0,0.2,0.000398201/0.0986698/0.0781803/0.128196/0,-0.000398201/-0.0986698/-0.0781803/-0.128196/0.0632267,R_3dnoIyf6ByhM7Jf,none,base_exemplar
0,1,130200,-1,blood_pressure,bmi,0/-0.391304/0/0/0,0/0/0/0.240489/0,0/-0.163431/0/0/0,0.19604606859759938,0.0,0.0,0.1,0.0,0,0.1,0.002896/0.0634306/0.0854704/0.140489/0,-0.002896/-0.0634306/0.0854704/0.140489/-0.0461183,R_3dnoIyf6ByhM7Jf,none,base_prototype
1,2,130201,-1,insulin,bmi,0/0/-0.0371195/0/0,0/0/0/0.296684/0,0/0/0.144746/0/0,0.12470056761956695,0.0,0.0,0.05,0.0,0,0.1,0.00181/0.148005/0.0447463/0.196684/0,-0.00181/0.148005/0.0447463/0.196684/-0.0327291,R_3dnoIyf6ByhM7Jf,none,base_prototype
2,3,130202,-1,insulin,insulin,0/0/-0.23509/0/0,0/0/-0.307592/0/0,0/0/-0.307592/0/0,0.43869585880826756,0.0,0.0,0.05,0.0,0,0.2,0.000724001/0.0634306/0.107592/0.0351222/0,-0.000724001/0.0634306/-0.107592/0.0351222/-0.023803,R_3dnoIyf6ByhM7Jf,none,base_prototype
3,4,130203,-1,bmi,blood_pressure,0/0/0/-0.297322/0,0/-0.290292/0/0/0,0/0/0/-0.25805/0,0.3201103039596939,0.0,0.0,0.05,0.0,0,0.1,0.00376481/0.190292/0.0804427/0.15805/0,-0.00376481/-0.190292/-0.0804427/-0.15805/0.0252907,R_3dnoIyf6ByhM7Jf,none,base_prototype
4,5,130204,-1,insulin,bmi,0/0/-0.123732/0/0,0/0/0/0.396684/0,0/0/-0.254802/0/0,0.1917149516217591,0.0,0.0,0.05,0.0,0,0.2,0.002896/0.0211435/0.0548016/0.196684/0,-0.002896/0.0211435/-0.0548016/0.196684/-0.0193399,R_3dnoIyf6ByhM7Jf,none,base_prototype
0,6,130205,-1,bmi,insulin,0/0/0/-0.421467/0,0/0/-0.305632/0/0,0/0/0/-0.279123/0,0.3440179777355748,0.0,0.0,0.1,0.0,0,0.1,0.00876041/0.0634306/0.205632/0.179123/0,-0.00876041/-0.0634306/-0.205632/-0.179123/0.0565321,R_3dnoIyf6ByhM7Jf,none,base_prototype
1,7,130206,-1,bmi,bmi,0/0/0/-0.431079/0,0/0/0/-0.331807/0,0/0/0/-0.331807/0,0.3622327420339493,0.0,0.0,0.05,0.0,0,0.1,0.0024616/0.148005/0.173957/0.231807/0,-0.0024616/-0.148005/-0.173957/-0.231807/0.0342168,R_3dnoIyf6ByhM7Jf,none,base_prototype
2,8,130207,-1,insulin,insulin,0/0/-0.443372/0/0,0/0/-0.627352/0/0,0/0/-0.627352/0/0,0.5581052109037854,0.0,0.0,0.05,0.0,0,0.2,0.0035476/0.0211435/0.427352/0.15805/0,-0.0035476/0.0211435/-0.427352/-0.15805/0.0208276,R_3dnoIyf6ByhM7Jf,none,base_prototype
3,9,130208,-1,bmi,bmi,0/0/0/-0.306541/0,0/0/0/-0.177269/0,0/0/0/-0.177269/0,0.30634661847584227,0.0,0.0,0.05,0.0,0,0.1,0.00644361/0.0634306/0.0759178/0.0772689/0,0.00644361/0.0634306/-0.0759178/-0.0772689/-0.0952119,R_3dnoIyf6ByhM7Jf,none,base_prototype
4,10,130209,-1,bmi,bmi,0/0/0/-0.7/0,0/0/0/-0.690728/0,0/0/0/-0.690728/0,0.4532446709195854,0.0,0.0,0.05,0.0,0,0.2,0.00405441/0.317153/0.0955257/0.490728/0,0.00405441/-0.317153/-0.0955257/-0.490728/0.0163646,R_3dnoIyf6ByhM7Jf,none,base_prototype
0,11,130300,1,bmi,bmi,0/0/0/0.386344/0,0/0/0/0.337075/0,0/0/0/0.337075/0,0.5008363540125783,0.0,0.0,0.1,0.0,0,0.1,0.0101722/0.0563827/0.110357/0.237075/0,-0.0101722/-0.0563827/0.110357/0.237075/0.0632267,R_3dnoIyf6ByhM7Jf,none,base_prototype
1,12,130301,1,bmi,bmi,0/0/0/0.406339/0,0/0/0/0.410832/0,0/0/0/0.410832/0,0.41925650764145317,0.0,0.0,0.05,0.0,0,0.1,0.00604541/0.112765/0.200855/0.310832/0,-0.00604541/0.112765/0.200855/0.310832/0.0230591,R_3dnoIyf6ByhM7Jf,none,base_prototype
2,13,130302,1,bmi,blood_pressure,0/0/0/0.370388/0,0/0.651062/0/0/0,0/0/0/0.524881/0,0.2993948112728429,0.0,0.0,0.05,0.0,0,0.2,0.000615401/0.451062/0.178231/0.324881/0,-0.000615401/0.451062/0.178231/0.324881/-0.00371922,R_3dnoIyf6ByhM7Jf,none,base_prototype
3,14,130303,1,insulin,bmi,0/0/0.315516/0/0,0/0/0/0.547808/0,0/0/0.285772/0/0,0.2276026910168428,0.0,0.0,0.05,0.0,0,0.1,0.0011222/0.112765/0.185772/0.447808/0,0.0011222/0.112765/0.185772/0.447808/-0.066202,R_3dnoIyf6ByhM7Jf,none,base_prototype
4,15,130304,1,bmi,bmi,0/0/0/0.210728/0,0/0/0/0.335221/0,0/0/0/0.335221/0,0.3860816287978356,0.0,0.0,0.05,0.0,0,0.2,0.001267/0.112765/0.0525392/0.135221/0,-0.001267/0.112765/-0.0525392/0.135221/0.0275222,R_3dnoIyf6ByhM7Jf,none,base_prototype
0,16,130305,1,insulin,bmi,0/0/0.329951/0/0,0/0/0/-0.455507/0,0/0/0.127401/0/0,0.05184104845949491,0.0,0.0,0.1,0.0,0,0.1,0.00394581/0.310105/0.0274008/0.355507/0,0.00394581/-0.310105/0.0274008/-0.355507/0.0632267,R_3dnoIyf6ByhM7Jf,none,base_prototype
1,17,130306,1,insulin,insulin,0/0/0.496989/0/0,0/0/0.331021/0/0,0/0/0.331021/0/0,0.48902785085635464,0.0,0.0,0.05,0.0,0,0.1,0.00524901/0.140957/0.231021/0.0122928/0,0.00524901/-0.140957/0.231021/-0.0122928/-0.0260345,R_3dnoIyf6ByhM7Jf,none,base_prototype
2,18,130307,1,insulin,insulin,0/0/0.334076/0/0,0/0/0.311866/0/0,0/0/0.311866/0/0,0.4230685753898191,0.0,0.0,0.05,0.0,0,0.2,0.00894141/0.0281914/0.111866/0.0755128/0,0.00894141/0.0281914/0.111866/0.0755128/-0.0438868,R_3dnoIyf6ByhM7Jf,none,base_prototype
3,19,130308,1,bmi,blood_pressure,0/0/0/0.254484/0,0/-0.410105/0/0/0,0/0/0/0.308977/0,0.2671485150954686,0.0,0.0,0.05,0.0,0,0.1,0.0017738/0.310105/0.178231/0.208977/0,0.0017738/-0.310105/0.178231/0.208977/-0.0394237,R_3dnoIyf6ByhM7Jf,none,base_prototype
4,20,130309,1,insulin,bmi,0/0/0.144354/0/0,0/0/0/-0.328196/0,0/0/-0.27818/0/0,0.23303722757165593,0.0,0.0,0.05,0.0,0,0.2,0.000398201/0.0986698/0.0781803/0.128196/0,-0.000398201/-0.0986698/-0.0781803/-0.128196/0.0632267,R_3dnoIyf6ByhM7Jf,none,base_prototype
0,1,130200,-1,blood_pressure,glucose,0/-0.23913/0/0/0,-0.23096/0/0/0/0,0/-0.145511/0/0/0,0.3503232601135384,0.0,12.0,0.025,0.0,0,0.1,0.0981764/0.0792401/0/0/0,-0.13096/-0.0455115/0.105748/0.182838/-0.173033,R_3iWRB9ySGSqtvml,counterfactual,additive_exemplar
1,2,130201,-1,age,glucose,0/0/0/0/-0.243243,-0.289665/0/0/0/0,0/0/0/0/-0.271879,0.09814066441933503,0.0,12.0,0.025,0.0,0,0.2,0.0633644/0/0/0/0,-0.089665/0.127768/0.019504/0.217614/-0.0718787,R_3iWRB9ySGSqtvml,counterfactual,additive_exemplar
2,3,130202,-1,bmi,insulin,0/0/0/-0.18415/0,0/0/-0.328539/0/0,0/0/0/-0.126748/0,0.12251255279436865,0.0,12.0,0.025,0.0,0,0.2,0.00461864/0/0.147582/0.00912295/0,-0.0426606/0.082708/-0.128539/0.0732524/-0.0621878,R_3iWRB9ySGSqtvml,counterfactual,additive_exemplar
3,4,130203,-1,blood_pressure,blood_pressure,0/-0.326087/0/0/0,0/-0.326676/0/0/0,0/-0.326676/0/0/0,0.2876108128372982,0.0,12.0,0.025,0.0,0,0.2,0.153283/0.162333/0.0817395/0.0935281/0,-0.18051/-0.126676/-0.0341646/-0.0529803/0.193285,R_3iWRB9ySGSqtvml,counterfactual,additive_exemplar
4,5,130204,-1,blood_pressure,insulin,0/-0.26087/0/0/0,0/0/-0.270563/0/0,0/0.235182/0/0/0,0.07263795999483258,0.0,24.0,0.025,0.0,0,0.2,0.0410032/0/0.0601458/0/0,-0.114211/0.0351823/-0.0705629/0.215467/-0.0290931,R_3iWRB9ySGSqtvml,counterfactual,additive_exemplar
0,6,130205,-1,bmi,glucose,0/0/0/-0.280978/0,-0.45422/0/0/0/0,0/0/0/-0.173842/0,0.16746782709128646,0.0,12.0,0.025,0.0,0,0.1,0.341943/0.0311425/0.239337/0.11687/0,-0.35422/0.00737841/-0.152034/-0.073842/0.338594,R_3iWRB9ySGSqtvml,counterfactual,additive_exemplar
1,7,130206,-1,blood_pressure,insulin,0/-0.391304/0/0/0,0/0/-0.311717/0/0,0/-0.275138/0/0/0,0.1956760103541203,0.0,12.0,0.025,0.0,0,0.2,0.112306/0.113295/0.194688/0.133579/0,-0.122506/-0.0751376/-0.111717/-0.102014/0.209212,R_3iWRB9ySGSqtvml,counterfactual,additive_exemplar
2,8,130207,-1,insulin,insulin,0/0/-0.383568/0/0,0/0/-0.553748/0/0,0/0/-0.553748/0/0,0.4762962127323319,0.0,12.0,0.025,0.0,0,0.2,0.130525/0/0.552938/0.13202/0,-0.0982503/0.0978765/-0.353748/-0.0763855/0.0413256,R_3iWRB9ySGSqtvml,counterfactual,additive_exemplar
3,9,130208,-1,bmi,insulin,0/0/0/-0.266541/0,0/0/-0.304202/0/0,0/0/0/-0.217776/0,0.33330494515285686,0.0,12.0,0.025,0.0,0,0.2,0/0/0.115685/0.0847691/0,0.215791/0.0832625/-0.104202/-0.0177759/-0.47519,R_3iWRB9ySGSqtvml,counterfactual,additive_exemplar
4,10,130209,-1,blood_pressure,blood_pressure,0/-0.434783/0/0/0,0/-0.440276/0/0/0,0/-0.440276/0/0/0,0.3682407092560246,0.0,24.0,0.025,0.0,0,0.2,0/0.263841/0.0808547/0.229186/0,0.0481103/-0.240276/-0.0758203/-0.266294/0.163718,R_3iWRB9ySGSqtvml,counterfactual,additive_exemplar
0,11,130300,1,bmi,bmi,0/0/0/0.421467/0,0/0/0/0.25057/0,0/0/0/0.25057/0,0.5164931473840789,0.0,12.0,0.025,0.0,0,0.1,0/0/0.0666962/0.232366/0,-0.392107/-0.0958389/0.0195991/0.15057/0.376119,R_3iWRB9ySGSqtvml,counterfactual,additive_exemplar
1,12,130301,1,blood_pressure,bmi,0/-0.0652174/0/0/0,0/0/0/0.405894/0,0/0.22878/0/0/0,0.15872424303557695,0.0,12.0,0.025,0.0,0,0.2,0/0.0562368/0.0628341/0.294171/0,-0.245755/0.0287795/0.055106/0.205894/0.199808,R_3iWRB9ySGSqtvml,counterfactual,additive_exemplar
2,13,130302,1,blood_pressure,blood_pressure,0/0.434783/0/0/0,0/0.552154/0/0/0,0/0.552154/0/0/0,0.41478307638740974,0.0,12.0,0.025,0.0,0,0.2,0/0.371347/0.00770383/0.300616/0,-0.0431441/0.352154/0.0018632/0.212275/0.0560762,R_3iWRB9ySGSqtvml,counterfactual,additive_exemplar
3,14,130303,1,bmi,bmi,0/0/0/0.386344/0,0/0/0/0.546968/0,0/0/0/0.546968/0,0.5367716853440638,0.0,12.0,0.025,0.0,0,0.2,0/0.0562311/0.0325717/0.438139/0,0.0244963/0.0274232/0.0260476/0.346968/-0.328171,R_3iWRB9ySGSqtvml,counterfactual,additive_exemplar
4,15,130304,1,bmi,bmi,0/0/0/0.220728/0,0/0/0/0.227327/0,0/0/0/0.227327/0,0.4119645481389636,0.0,24.0,0.025,0.0,0,0.2,0/0.0937848/0/0.110462/0,-0.0278655/0.0681335/-0.184604/0.0273269/0.137276,R_3iWRB9ySGSqtvml,counterfactual,additive_exemplar
0,16,130305,1,age,glucose,0/0/0/0/0.594595,0.204702/0/0/0/0,0/0/0/0/0.457694,0.09629736651784877,0.0,12.0,0.025,0.0,0,0.1,0.0998434/0/0.00374075/0/0,0.104702/-0.333569/-0.0622769/-0.334314/0.357694,R_3iWRB9ySGSqtvml,counterfactual,additive_exemplar
1,17,130306,1,blood_pressure,glucose,0/-0.23913/0/0/0,0.352518/0/0/0/0,0/-0.392482/0/0/0,0.06525075713448913,0.0,12.0,0.025,0.0,0,0.2,0.136559/0/0.133169/0/0,0.152518/-0.192482/0.110212/-0.0585396/-0.0960493,R_3iWRB9ySGSqtvml,counterfactual,additive_exemplar
2,18,130307,1,bmi,glucose,0/0/0/0.20102/0,0.508602/0/0/0/0,0/0/0/0.219996/0,0.20613011408708953,0.0,12.0,0.025,0.0,0,0.2,0.273537/0.0100002/0/0.0796135/0,0.308602/-0.016613/-0.0396919/0.0199964/-0.217108,R_3iWRB9ySGSqtvml,counterfactual,additive_exemplar
3,19,130308,1,bmi,bmi,0/0/0/0.254484/0,0/0/0/0.327517/0,0/0/0/0.327517/0,0.4806330201617928,0.0,12.0,0.025,0.0,0,0.2,0.0191676/0/0.0757575/0.209505/0,0.048768/-0.37232/0.0488055/0.127517/-0.189612,R_3iWRB9ySGSqtvml,counterfactual,additive_exemplar
4,20,130309,1,blood_pressure,insulin,0/0.130435/0/0/0,0/0/0.0956741/0/0,0/-0.297648/0/0/0,0.09814066441933503,0.0,24.0,0.025,0.0,0,0.2,0/0/0.0532206/0/0,-0.0479368/-0.0976476/-0.104326/-0.0667347/0.26902,R_3iWRB9ySGSqtvml,counterfactual,additive_exemplar
0,1,130200,-1,blood_pressure,glucose,0/-0.23913/0/0/0,-0.161234/0/0/0/0,0/-0.0681159/0/0/0,0.2940356662595022,0.0,0.0,0.025,0.0,0,0.05,0.113359/0.0652174/0/0/0,-0.111234/-0.0181159/0.221514/0.208099/-0.259009,R_3iWRB9ySGSqtvml,counterfactual,additive_prototype
1,2,130201,-1,age,glucose,0/0/0/0/-0.243243,-0.168724/0/0/0/0,0/0/0/0/-0.277928,0.09814066441933503,0.0,0.0,0.025,0.0,0,0.1,0.0708496/0/0/0/0,-0.0687241/0.199275/0.165835/0.264295/-0.177928,R_3iWRB9ySGSqtvml,counterfactual,additive_prototype
2,3,130202,-1,bmi,insulin,0/0/0/-0.18415/0,0/0/-0.142447/0/0,0/0/0/0.202733/0,0.08933109935037223,0.0,0.0,0.025,0.0,0,0.1,0.0283399/0/0.147103/0/0,-0.0262144/0.112319/-0.0424469/0.102733/-0.123874,R_3iWRB9ySGSqtvml,counterfactual,additive_prototype
3,4,130203,-1,blood_pressure,blood_pressure,0/-0.326087/0/0/0,0/-0.248551/0/0/0,0/-0.248551/0/0/0,0.2803494183623849,0.0,0.0,0.025,0.0,0,0.1,0.147367/0.195652/0.109984/0.15805/0,-0.145242/-0.148551/-0.00532734/-0.0904397/0.173423,R_3iWRB9ySGSqtvml,counterfactual,additive_prototype
4,5,130204,-1,blood_pressure,glucose,0/-0.26087/0/0/0,-0.211234/0/0/0/0,0/0.168841/0/0/0,0.07322233990202195,0.0,0.0,0.025,0.0,0,0.1,0.113359/0/0.0749264/0/0,-0.111234/0.0688406/0.02973/0.264295/-0.0968468,R_3iWRB9ySGSqtvml,counterfactual,additive_prototype
0,6,130205,-1,bmi,glucose,0/0/0/-0.280978/0,-0.390787/0/0/0/0,0/0/0/-0.161513/0,0.19738776378745163,0.0,0.0,0.025,0.0,0,0.05,0.342912/0.0652174/0.281146/0.179123/0,-0.340787/-0.0181159/-0.17649/-0.111513/0.362613,R_3iWRB9ySGSqtvml,counterfactual,additive_prototype
1,7,130206,-1,blood_pressure,insulin,0/-0.391304/0/0/0,0/0/-0.233183/0/0,0/-0.205072/0/0/0,0.20072072787711606,0.0,0.0,0.025,0.0,0,0.1,0.0963555/0.152174/0.23784/0.231807/0,-0.09423/-0.105072/-0.133183/-0.164196/0.227477,R_3iWRB9ySGSqtvml,counterfactual,additive_prototype
2,8,130207,-1,insulin,insulin,0/0/-0.383568/0/0,0/0/-0.579632/0/0,0/0/-0.579632/0/0,0.4697858150592845,0.0,0.0,0.025,0.0,0,0.1,0.138865/0/0.584289/0.15805/0,-0.13674/0.0688406/-0.479632/-0.0904397/0.146396,R_3iWRB9ySGSqtvml,counterfactual,additive_prototype
3,9,130208,-1,bmi,insulin,0/0/0/-0.266541/0,0/0/-0.0991408/0/0,0/0/0/-0.109659/0,0.3360347687735414,0.0,0.0,0.025,0.0,0,0.1,0/0/0.103797/0.0772689/0,0.25435/0.112319/0.000859248/-0.00965861/-0.556306,R_3iWRB9ySGSqtvml,counterfactual,additive_prototype
4,10,130209,-1,blood_pressure,bmi,0/-0.434783/0/0/0,0/0/0/-0.523117/0,0/-0.378986/0/0/0,0.2871833526741537,0.0,0.0,0.025,0.0,0,0.1,0/0.326087/0.130606/0.490728/0,0.160829/-0.278986/-0.0259493/-0.423117/0.119369,R_3iWRB9ySGSqtvml,counterfactual,additive_prototype
0,11,130300,1,bmi,bmi,0/0/0/0.421467/0,0/0/0/0.219465/0,0/0/0/0.219465/0,0.4462763419988549,0.0,0.0,0.025,0.0,0,0.05,0/0/0.150884/0.237075/0,-0.4003/-0.105072/0.0462276/0.169465/0.362613,R_3iWRB9ySGSqtvml,counterfactual,additive_prototype
1,12,130301,1,blood_pressure,bmi,0/-0.0652174/0/0/0,0/0/0/0.343221/0,0/0.168841/0/0/0,0.1701820698865545,0.0,0.0,0.025,0.0,0,0.1,0/0.115942/0.274616/0.310832/0,-0.238763/0.0688406/0.169959/0.243221/0.119369,R_3iWRB9ySGSqtvml,counterfactual,additive_prototype
2,13,130302,1,blood_pressure,blood_pressure,0/0.434783/0/0/0,0/0.516667/0/0/0,0/0.516667/0/0/0,0.3622154081310192,0.0,0.0,0.025,0.0,0,0.1,0/0.463768/0.243683/0.324881/0,-0.0262144/0.416667/0.139026/0.25727/-0.0427928,R_3iWRB9ySGSqtvml,counterfactual,additive_prototype
3,14,130303,1,bmi,bmi,0/0/0/0.386344/0,0/0/0/0.480198/0,0/0/0/0.480198/0,0.40101807479756885,0.0,0.0,0.025,0.0,0,0.1,0.0439268/0.115942/0.253994/0.447808/0,0.0418013/0.0688406/0.149337/0.380198/-0.421171,R_3iWRB9ySGSqtvml,counterfactual,additive_prototype
4,15,130304,1,bmi,bmi,0/0/0/0.220728/0,0/0/0/0.16761/0,0/0/0/0.16761/0,0.4107119786336358,0.0,0.0,0.025,0.0,0,0.1,0/0.115942/0/0.135221/0,-0.0517202/0.0688406/-0.17649/0.0676103/0.146396,R_3iWRB9ySGSqtvml,counterfactual,additive_prototype
0,16,130305,1,age,glucose,0/0/0/0/0.594595,0.202327/0/0/0/0,0/0/0/0/0.412613,0.08729523677914236,0.0,0.0,0.025,0.0,0,0.05,0.154452/0/0.0374632/0/0,0.152327/-0.365942/-0.0671932/-0.423117/0.362613,R_3iWRB9ySGSqtvml,counterfactual,additive_prototype
1,17,130306,1,blood_pressure,insulin,0/-0.23913/0/0/0,0/0/0.311203/0/0,0/-0.292029/0/0/0,0.07352049413565545,0.0,0.0,0.025,0.0,0,0.1,0.205464/0/0.31586/0/0,0.203338/-0.192029/0.211203/-0.0799031/-0.177928,R_3iWRB9ySGSqtvml,counterfactual,additive_prototype
2,18,130307,1,bmi,glucose,0/0/0/0.20102/0,0.447872/0/0/0/0,0/0/0/0.107903/0,0.14775140120269625,0.0,0.0,0.025,0.0,0,0.1,0.349997/0.0289855/0.152946/0.0755128/0,0.347872/-0.0181159/0.0482898/0.0079025/-0.286036,R_3iWRB9ySGSqtvml,counterfactual,additive_prototype
3,19,130308,1,bmi,insulin,0/0/0/0.254484/0,0/0/0.239026/0/0,0/0/0/0.241367/0,0.3275041767891711,0.0,0.0,0.025,0.0,0,0.1,0.0694326/0/0.243683/0.208977/0,0.0673071/-0.365942/0.139026/0.141367/-0.259009,R_3iWRB9ySGSqtvml,counterfactual,additive_prototype
4,20,130309,1,blood_pressure,bmi,0/0.130435/0/0/0,0/0/0/-0.295806/0,0/-0.248551/0/0/0,0.255446887150109,0.0,0.0,0.025,0.0,0,0.1,0.0155869/0.101449/0.10689/0.128196/0,-0.0177124/-0.148551/-0.211547/-0.195806/0.362613,R_3iWRB9ySGSqtvml,counterfactual,additive_prototype
0,1,130200,-1,blood_pressure,blood_pressure,0/-0.23913/0/0/0,0/-0.184473/0/0/0,0/-0.184473/0/0/0,0.31317470610874415,0.0,24.0,0.025,0.0,0,0.1,0.00231423/0.0844729/0.0607785/0.0813214/0,-0.00231423/-0.0844729/0.0607785/0.0813214/-0.0392493,R_3iWRB9ySGSqtvml,counterfactual,base_exemplar
1,2,130201,-1,age,bmi,0/0/0/0/-0.243243,0/0/0/0.207026/0,0/0/0/0/-0.119778,0.039886743712716256,0.0,24.0,0.05,0.0,0,0.1,0.00144043/0.0855338/0.00737662/0.107026/0,-0.00144043/0.0855338/-0.00737662/0.107026/-0.0197776,R_3iWRB9ySGSqtvml,counterfactual,base_exemplar
2,3,130202,-1,bmi,insulin,0/0/0/-0.18415/0,0/0/-0.207942/0/0,0/0/0/-0.109123/0,0.07588871951021994,0.0,12.0,0.05,0.0,1,0.1,0.000117993/0.0552614/0.107942/0.00912295/0.0229925,-0.000117993/0.0552614/-0.107942/-0.00912295/-0.0229925,R_3iWRB9ySGSqtvml,counterfactual,base_exemplar
3,4,130203,-1,blood_pressure,blood_pressure,0/-0.326087/0/0/0,0/-0.241563/0/0/0,0/-0.241563/0/0/0,0.42237618069214333,0.0,24.0,0.025,0.0,1,0.1,0.00430486/0.141563/0.0518254/0.0388311/0.0155939,-0.00430486/-0.141563/-0.0518254/-0.0388311/0.0155939,R_3iWRB9ySGSqtvml,counterfactual,base_exemplar
4,5,130204,-1,blood_pressure,bmi,0/-0.26087/0/0/0,0/0/0/0.315651/0,0/0.207136/0/0/0,0.07228408461436807,0.0,24.0,0.05,0.0,1,0.2,0.00104751/0.00713649/0.0439909/0.115651/0.0212771,-0.00104751/0.00713649/-0.0439909/0.115651/-0.0212771,R_3iWRB9ySGSqtvml,counterfactual,base_exemplar
0,6,130205,-1,bmi,insulin,0/0/0/-0.280978/0,0/0/-0.262824/0/0,0/0/0/-0.163659/0,0.22649149595976178,0.0,24.0,0.025,0.0,0,0.1,0.00908806/0.015987/0.162824/0.0636587/0,-0.00908806/-0.015987/-0.162824/-0.0636587/0.0434262,R_3iWRB9ySGSqtvml,counterfactual,base_exemplar
1,7,130206,-1,blood_pressure,insulin,0/-0.391304/0/0/0,0/0/-0.233232/0/0,0/-0.194029/0/0/0,0.30113997052664676,0.0,24.0,0.05,0.0,0,0.1,0.00377883/0.0940294/0.133232/0.0432073/0,-0.00377883/-0.0940294/-0.133232/-0.0432073/0.0198358,R_3iWRB9ySGSqtvml,counterfactual,base_exemplar
2,8,130207,-1,insulin,insulin,0/0/-0.383568/0/0,0/0/-0.504422/0/0,0/0/-0.504422/0/0,0.5444362781828281,0.0,12.0,0.05,0.0,1,0.1,0.00333454/0.0412774/0.404422/0.13202/0.0149782,-0.00333454/0.0412774/-0.404422/-0.13202/0.0149782,R_3iWRB9ySGSqtvml,counterfactual,base_exemplar
3,9,130208,-1,bmi,insulin,0/0/0/-0.266541/0,0/0/-0.192617/0/0,0/0/0/-0.18767/0,0.23442297645371432,0.0,24.0,0.025,0.0,1,0.1,0.0061647/0.0642898/0.092617/0.0876699/0.0897884,0.0061647/0.0642898/-0.092617/-0.0876699/-0.0897884,R_3iWRB9ySGSqtvml,counterfactual,base_exemplar
4,10,130209,-1,blood_pressure,blood_pressure,0/-0.434783/0/0/0,0/-0.456612/0/0/0,0/-0.456612/0/0/0,0.40119607079018327,0.0,24.0,0.05,0.0,1,0.2,0.00171877/0.256612/0.0591376/0.229186/0.00128283,0.00171877/-0.256612/-0.0591376/-0.229186/0.00128283,R_3iWRB9ySGSqtvml,counterfactual,base_exemplar
0,11,130300,1,bmi,bmi,0/0/0/0.421467/0,0/0/0/0.330115/0,0/0/0/0.330115/0,0.5140472805955674,0.0,24.0,0.025,0.0,0,0.1,0.0116461/0.0464462/0.010399/0.230115/0,-0.0116461/-0.0464462/0.010399/0.230115/0.0785657,R_3iWRB9ySGSqtvml,counterfactual,base_exemplar
1,12,130301,1,blood_pressure,bmi,0/-0.0652174/0/0/0,0/0/0/0.378894/0,0/0.124009/0/0/0,0.10956098756152897,0.0,24.0,0.05,0.0,0,0.1,0.00697665/0.0240086/0.00821038/0.278894/0,-0.00697665/0.0240086/0.00821038/0.278894/0.0486057,R_3iWRB9ySGSqtvml,counterfactual,base_exemplar
2,13,130302,1,blood_pressure,blood_pressure,0/0.434783/0/0/0,0/0.461173/0/0/0,0/0.461173/0/0/0,0.4406078157761458,0.0,12.0,0.05,0.0,1,0.1,0.00189355/0.361173/0.00563462/0.300616/0.0215432,-0.00189355/0.361173/0.00563462/0.300616/0.0215432,R_3iWRB9ySGSqtvml,counterfactual,base_exemplar
3,14,130303,1,bmi,bmi,0/0/0/0.386344/0,0/0/0/0.523472/0,0/0/0/0.523472/0,0.546342247010768,0.0,24.0,0.025,0.0,1,0.1,0.000111996/0.0249348/0.00600359/0.423472/0.038819,-0.000111996/0.0249348/-0.00600359/0.423472/-0.038819,R_3iWRB9ySGSqtvml,counterfactual,base_exemplar
4,15,130304,1,bmi,insulin,0/0/0/0.220728/0,0/0/-0.314056/0/0,0/0/0/0.310462/0,0.2787043771647528,0.0,24.0,0.05,0.0,1,0.2,0.00190943/0.0912153/0.114056/0.110462/0.0352912,-0.00190943/0.0912153/-0.114056/0.110462/0.0352912,R_3iWRB9ySGSqtvml,counterfactual,base_exemplar
0,16,130305,1,age,bmi,0/0/0/0/0.594595,0/0/0/-0.407363/0,0/0/0/0/0.183369,0.06341994496641382,0.0,24.0,0.025,0.0,0,0.1,0.00129732/0.289611/0.0343062/0.307363/0,0.00129732/-0.289611/-0.0343062/-0.307363/0.0833693,R_3iWRB9ySGSqtvml,counterfactual,base_exemplar
1,17,130306,1,blood_pressure,blood_pressure,0/-0.23913/0/0/0,0/-0.244311/0/0/0,0/-0.244311/0/0/0,0.5149799430190509,0.0,24.0,0.05,0.0,0,0.1,0.00347829/0.144311/0.0732292/0.00717192/0,0.00347829/-0.144311/0.0732292/-0.00717192/-0.000728571,R_3iWRB9ySGSqtvml,counterfactual,base_exemplar
2,18,130307,1,bmi,bmi,0/0/0/0.20102/0,0/0/0/0.179614/0,0/0/0/0.179614/0,0.4855986511735196,0.0,12.0,0.05,0.0,1,0.1,0.00698808/0.00972622/0.0179948/0.0796135/0.0210756,0.00698808/0.00972622/-0.0179948/0.0796135/-0.0210756,R_3iWRB9ySGSqtvml,counterfactual,base_exemplar
3,19,130308,1,bmi,blood_pressure,0/0/0/0.254484/0,0/-0.415521/0/0/0,0/0/0/0.306502/0,0.30109206761248875,0.0,24.0,0.025,0.0,1,0.1,0.000527183/0.315521/0.0191442/0.206502/0.0160939,0.000527183/-0.315521/0.0191442/0.206502/-0.0160939,R_3iWRB9ySGSqtvml,counterfactual,base_exemplar
4,20,130309,1,blood_pressure,bmi,0/0.130435/0/0/0,0/0/0/-0.294621/0,0/-0.256782/0/0/0,0.21911700053673794,0.0,24.0,0.05,0.0,1,0.2,0.000135822/0.0567823/0.0389258/0.0946211/0.0473253,-0.000135822/-0.0567823/0.0389258/-0.0946211/0.0473253,R_3iWRB9ySGSqtvml,counterfactual,base_exemplar
0,1,130200,-1,blood_pressure,bmi,0/-0.23913/0/0/0,0/0/0/0.190489/0,0/-0.113431/0/0/0,0.20511010523973633,0.0,0.0,0.025,0.0,0,0.05,0.002896/0.0634306/0.0854704/0.140489/0,-0.002896/-0.0634306/0.0854704/0.140489/-0.0461183,R_3iWRB9ySGSqtvml,counterfactual,base_prototype
1,2,130201,-1,age,bmi,0/0/0/0/-0.243243,0/0/0/0.296684/0,0/0/0/0/-0.132729,0.03806037661285182,0.0,0.0,0.05,0.0,0,0.1,0.00181/0.148005/0.0447463/0.196684/0,-0.00181/0.148005/0.0447463/0.196684/-0.0327291,R_3iWRB9ySGSqtvml,counterfactual,base_prototype
2,3,130202,-1,bmi,insulin,0/0/0/-0.18415/0,0/0/-0.207592/0/0,0/0/0/0.135122/0,0.16210793330673196,0.0,0.0,0.025,0.0,1,0.1,0.000724001/0.0634306/0.107592/0.0351222/0.023803,-0.000724001/0.0634306/-0.107592/0.0351222/-0.023803,R_3iWRB9ySGSqtvml,counterfactual,base_prototype
3,4,130203,-1,blood_pressure,blood_pressure,0/-0.326087/0/0/0,0/-0.290292/0/0/0,0/-0.290292/0/0/0,0.34233503848121655,0.0,0.0,0.025,0.0,1,0.1,0.00376481/0.190292/0.0804427/0.15805/0.0252907,-0.00376481/-0.190292/-0.0804427/-0.15805/0.0252907,R_3iWRB9ySGSqtvml,counterfactual,base_prototype
4,5,130204,-1,blood_pressure,bmi,0/-0.26087/0/0/0,0/0/0/0.296684/0,0/0.121144/0/0/0,0.09940058458757499,0.0,0.0,0.05,0.0,1,0.1,0.002896/0.0211435/0.0548016/0.196684/0.0193399,-0.002896/0.0211435/-0.0548016/0.196684/-0.0193399,R_3iWRB9ySGSqtvml,counterfactual,base_prototype
0,6,130205,-1,bmi,insulin,0/0/0/-0.280978/0,0/0/-0.255632/0/0,0/0/0/-0.229123/0,0.3232317679686746,0.0,0.0,0.025,0.0,0,0.05,0.00876041/0.0634306/0.205632/0.179123/0,-0.00876041/-0.0634306/-0.205632/-0.179123/0.0565321,R_3iWRB9ySGSqtvml,counterfactual,base_prototype
1,7,130206,-1,blood_pressure,bmi,0/-0.391304/0/0/0,0/0/0/-0.331807/0,0/-0.248005/0/0/0,0.2410834464495095,0.0,0.0,0.05,0.0,0,0.1,0.0024616/0.148005/0.173957/0.231807/0,-0.0024616/-0.148005/-0.173957/-0.231807/0.0342168,R_3iWRB9ySGSqtvml,counterfactual,base_prototype
2,8,130207,-1,insulin,insulin,0/0/-0.383568/0/0,0/0/-0.527352/0/0,0/0/-0.527352/0/0,0.4759938142233466,0.0,0.0,0.025,0.0,1,0.1,0.0035476/0.0211435/0.427352/0.15805/0.0208276,-0.0035476/0.0211435/-0.427352/-0.15805/0.0208276,R_3iWRB9ySGSqtvml,counterfactual,base_prototype
3,9,130208,-1,bmi,age,0/0/0/-0.266541/0,0/0/0/0/-0.195212,0/0/0/-0.177269/0,0.2232978536310605,0.0,0.0,0.025,0.0,1,0.1,0.00644361/0.0634306/0.0759178/0.0772689/0.0952119,0.00644361/0.0634306/-0.0759178/-0.0772689/-0.0952119,R_3iWRB9ySGSqtvml,counterfactual,base_prototype
4,10,130209,-1,blood_pressure,bmi,0/-0.434783/0/0/0,0/0/0/-0.590728/0,0/-0.417153/0/0/0,0.30038632972424395,0.0,0.0,0.05,0.0,1,0.1,0.00405441/0.317153/0.0955257/0.490728/0.0163646,0.00405441/-0.317153/-0.0955257/-0.490728/0.0163646,R_3iWRB9ySGSqtvml,counterfactual,base_prototype
0,11,130300,1,bmi,bmi,0/0/0/0.421467/0,0/0/0/0.287075/0,0/0/0/0.287075/0,0.4278909519348401,0.0,0.0,0.025,0.0,0,0.05,0.0101722/0.0563827/0.110357/0.237075/0,-0.0101722/-0.0563827/0.110357/0.237075/0.0632267,R_3iWRB9ySGSqtvml,counterfactual,base_prototype
1,12,130301,1,blood_pressure,bmi,0/-0.0652174/0/0/0,0/0/0/0.410832/0,0/0.212765/0/0/0,0.17377460545841875,0.0,0.0,0.05,0.0,0,0.1,0.00604541/0.112765/0.200855/0.310832/0,-0.00604541/0.112765/0.200855/0.310832/0.0230591,R_3iWRB9ySGSqtvml,counterfactual,base_prototype
2,13,130302,1,blood_pressure,blood_pressure,0/0.434783/0/0/0,0/0.551062/0/0/0,0/0.551062/0/0/0,0.37436508822414183,0.0,0.0,0.025,0.0,1,0.1,0.000615401/0.451062/0.178231/0.324881/0.00371922,-0.000615401/0.451062/0.178231/0.324881/-0.00371922,R_3iWRB9ySGSqtvml,counterfactual,base_prototype
3,14,130303,1,bmi,bmi,0/0/0/0.386344/0,0/0/0/0.547808/0,0/0/0/0.547808/0,0.41679730756089517,0.0,0.0,0.025,0.0,1,0.1,0.0011222/0.112765/0.185772/0.447808/0.066202,0.0011222/0.112765/0.185772/0.447808/-0.066202,R_3iWRB9ySGSqtvml,counterfactual,base_prototype
4,15,130304,1,bmi,bmi,0/0/0/0.220728/0,0/0/0/0.235221/0,0/0/0/0.235221/0,0.3574870316994243,0.0,0.0,0.05,0.0,1,0.1,0.001267/0.112765/0.0525392/0.135221/0.0275222,-0.001267/0.112765/-0.0525392/0.135221/0.0275222,R_3iWRB9ySGSqtvml,counterfactual,base_prototype
0,16,130305,1,age,bmi,0/0/0/0/0.594595,0/0/0/-0.405507/0,0/0/0/0/0.113227,0.0655862228397488,0.0,0.0,0.025,0.0,0,0.05,0.00394581/0.310105/0.0274008/0.355507/0,0.00394581/-0.310105/0.0274008/-0.355507/0.0632267,R_3iWRB9ySGSqtvml,counterfactual,base_prototype
1,17,130306,1,blood_pressure,insulin,0/-0.23913/0/0/0,0/0/0.331021/0/0,0/-0.240957/0/0/0,0.31277478894867244,0.0,0.0,0.05,0.0,0,0.1,0.00524901/0.140957/0.231021/0.0122928/0,0.00524901/-0.140957/0.231021/-0.0122928/-0.0260345,R_3iWRB9ySGSqtvml,counterfactual,base_prototype
2,18,130307,1,bmi,insulin,0/0/0/0.20102/0,0/0/0.211866/0/0,0/0/0/0.175513/0,0.24924772216152882,0.0,0.0,0.025,0.0,1,0.1,0.00894141/0.0281914/0.111866/0.0755128/0.0438868,0.00894141/0.0281914/0.111866/0.0755128/-0.0438868,R_3iWRB9ySGSqtvml,counterfactual,base_prototype
3,19,130308,1,bmi,blood_pressure,0/0/0/0.254484/0,0/-0.410105/0/0/0,0/0/0/0.308977/0,0.2502846992168237,0.0,0.0,0.025,0.0,1,0.1,0.0017738/0.310105/0.178231/0.208977/0.0394237,0.0017738/-0.310105/0.178231/0.208977/-0.0394237,R_3iWRB9ySGSqtvml,counterfactual,base_prototype
4,20,130309,1,blood_pressure,bmi,0/0.130435/0/0/0,0/0/0/-0.228196/0,0/-0.19867/0/0/0,0.24170492416528822,0.0,0.0,0.05,0.0,1,0.1,0.000398201/0.0986698/0.0781803/0.128196/0.0632267,-0.000398201/-0.0986698/-0.0781803/-0.128196/0.0632267,R_3iWRB9ySGSqtvml,counterfactual,base_prototype
0,1,130200,-1,blood_pressure,insulin,0/-0.23913/0/0/0,0/0/0.277633/0/0,0/-0.200688/0/0/0,0.2817425165584907,4.0,2.0,0.025,0.5,0,0.1,0.0139357/0.0948755/0.167378/0.000923741/0,-0.241388/-0.100688/0.177633/-0.0160007/0,R_3iWRB9ySGSqtvml,counterfactual,counterfactual_exemplar
1,2,130201,-1,age,glucose,0/0/0/0/-0.243243,-0.316294/0/0/0/0,0/0/0/0/0,0.0741883326738661,1.0,2.0,0.025,0.5,0,0.1,0.0953672/0.000536506/0.0544719/0.00481785/0,-0.216294/-0.000959615/0.0974307/0.0109269/0,R_3iWRB9ySGSqtvml,counterfactual,counterfactual_exemplar
2,3,130202,-1,bmi,blood_pressure,0/0/0/-0.18415/0,0/-0.195756/0/0/0,0/0/0/-0.211241/0,0.14597760997340947,2.0,0.0,0.025,0.75,0,0.1,0.0386202/0.074721/0.0476287/0.0244366/0,-0.175808/-0.095756/-0.0610369/-0.111241/0,R_3iWRB9ySGSqtvml,counterfactual,counterfactual_exemplar
3,4,130203,-1,blood_pressure,blood_pressure,0/-0.326087/0/0/0,0/-0.259513/0/0/0,0/-0.259513/0/0/0,0.4712211245963462,4.0,0.0,0.025,0.75,0,0.1,0.0186276/0.145094/0.039586/0.0144401/0,-0.206076/-0.159513/-0.0435199/-0.15975/0,R_3iWRB9ySGSqtvml,counterfactual,counterfactual_exemplar
4,5,130204,-1,blood_pressure,glucose,0/-0.26087/0/0/0,-0.338643/0/0/0/0,0/-0.166445/0/0/0,0.21728570181942408,1.0,2.0,0.025,0.5,0,0.1,0.101106/0.0382943/0.0163426/0.00564197/0,-0.238643/-0.0664452/0.0283564/0.0133169/0,R_3iWRB9ySGSqtvml,counterfactual,counterfactual_exemplar
0,6,130205,-1,bmi,blood_pressure,0/0/0/-0.280978/0,0/-0.202743/0/0/0,0/0/0/-0.273356/0,0.13845686080152014,4.0,2.0,0.025,0.5,0,0.1,0.0392905/0.0914038/0.0210477/0.0191319/0,-0.356015/-0.102743/-0.0236587/-0.173356/0,R_3iWRB9ySGSqtvml,counterfactual,counterfactual_exemplar
1,7,130206,-1,blood_pressure,blood_pressure,0/-0.391304/0/0/0,0/-0.252415/0/0/0,0/-0.252415/0/0/0,0.28813530435738793,1.0,2.0,0.025,0.5,0,0.1,0.089847/0.0937187/0.02372/0.0754592/0,-0.233303/-0.152415/-0.0385759/-0.195943/0,R_3iWRB9ySGSqtvml,counterfactual,counterfactual_exemplar
2,8,130207,-1,insulin,insulin,0/0/-0.383568/0/0,0/0/-0.275386/0/0,0/0/-0.275386/0/0,0.3303087255011504,2.0,0.0,0.025,0.75,0,0.1,0.0622023/0.0745923/0.121711/0.0488097/0,-0.203249/-0.107488/-0.175386/-0.159488/0,R_3iWRB9ySGSqtvml,counterfactual,counterfactual_exemplar
3,9,130208,-1,bmi,blood_pressure,0/0/0/-0.266541/0,0/-0.195618/0/0/0,0/0/0/-0.239384/0,0.16207982570944202,4.0,0.0,0.025,0.75,0,0.1,0.0187159/0.0787239/0.040556/0.024627/0,-0.105928/-0.0956183/-0.0492595/-0.139384/0,R_3iWRB9ySGSqtvml,counterfactual,counterfactual_exemplar
4,10,130209,-1,blood_pressure,bmi,0/-0.434783/0/0/0,0/0/0/-0.423719/0,0/-0.340712/0/0/0,0.3486306106795757,1.0,2.0,0.025,0.5,0,0.1,0.0458871/0.137836/0.00121531/0.138352/0,-0.107368/-0.240712/0.00212238/-0.323719/0,R_3iWRB9ySGSqtvml,counterfactual,counterfactual_exemplar
0,11,130300,1,bmi,insulin,0/0/0/0.421467/0,0/0/0.237105/0/0,0/0/0/0.255899/0,0.12822059688724396,4.0,2.0,0.025,0.5,0,0.1,0.00476944/0.088887/0.116892/0.0229836/0,-0.0323513/0.104257/0.137105/0.155899/0,R_3iWRB9ySGSqtvml,counterfactual,counterfactual_exemplar
1,12,130301,1,blood_pressure,insulin,0/-0.0652174/0/0/0,0/0/0.291957/0/0,0/0.288354/0/0/0,0.2895539650271821,1.0,2.0,0.025,0.5,0,0.1,0.0216226/0.106985/0.109032/0.082663/0,0.0500526/0.188354/0.191957/0.19135/0,R_3iWRB9ySGSqtvml,counterfactual,counterfactual_exemplar
2,13,130302,1,blood_pressure,blood_pressure,0/0.434783/0/0/0,0/0.357746/0/0/0,0/0.357746/0/0/0,0.35592722741074734,2.0,0.0,0.025,0.75,0,0.1,0.0501047/0.173281/0.113787/0.0580475/0,0.152895/0.257746/0.169252/0.177133/0,R_3iWRB9ySGSqtvml,counterfactual,counterfactual_exemplar
3,14,130303,1,bmi,insulin,0/0/0/0.386344/0,0/0/0.272597/0/0,0/0/0/0.308443/0,0.13830596682660662,4.0,0.0,0.025,0.75,0,0.1,0.034258/0.136242/0.137357/0.0425583/0,0.16779/0.171196/0.172597/0.208443/0,R_3iWRB9ySGSqtvml,counterfactual,counterfactual_exemplar
4,15,130304,1,bmi,blood_pressure,0/0/0/0.220728/0,0/0.288756/0/0/0,0/0/0/0.203634/0,0.1899301630788319,1.0,2.0,0.025,0.5,0,0.1,0.0623383/0.108712/0.0115659/0.0439472/0,0.147002/0.188756/0.0200819/0.103634/0,R_3iWRB9ySGSqtvml,counterfactual,counterfactual_exemplar
0,16,130305,1,age,insulin,0/0/0/0/0.594595,0/0/0.180164/0/0,0/0/0/0/0,0.05429690717882611,4.0,2.0,0.025,0.5,0,0.1,0.0494233/0.0213901/0.0639485/0.0283687/0,0.244334/-0.026814/0.0801638/-0.140246/0,R_3iWRB9ySGSqtvml,counterfactual,counterfactual_exemplar
1,17,130306,1,blood_pressure,insulin,0/-0.23913/0/0/0,0/0/0.313671/0/0,0/0.157984/0/0/0,0.143431897694392,1.0,2.0,0.025,0.5,0,0.1,0.105325/0.035112/0.129387/0.0121379/0,0.267012/0.0579843/0.213671/0.0307713/0,R_3iWRB9ySGSqtvml,counterfactual,counterfactual_exemplar
2,18,130307,1,bmi,blood_pressure,0/0/0/0.20102/0,0/0.248922/0/0/0,0/0/0/0.214662/0,0.14024799438895774,2.0,0.0,0.025,0.75,0,0.1,0.090255/0.094479/0.092828/0.0419184/0,0.246881/0.148922/0.14632/0.114662/0,R_3iWRB9ySGSqtvml,counterfactual,counterfactual_exemplar
3,19,130308,1,bmi,insulin,0/0/0/0.254484/0,0/0/0.269629/0/0,0/0/0/0.248502/0,0.1613423200317972,4.0,0.0,0.025,0.75,0,0.1,0.0451631/0.0462146/0.125861/0.0383169/0,0.175035/0.0622859/0.169629/0.148502/0,R_3iWRB9ySGSqtvml,counterfactual,counterfactual_exemplar
4,20,130309,1,blood_pressure,glucose,0/0.130435/0/0/0,0.265341/0/0/0/0,0/0.18073/0/0/0,0.31280312193007076,1.0,2.0,0.025,0.5,0,0.1,0.0648093/0.0490858/0.00343346/0.0110525/0,0.165341/0.0807298/0.00564689/-0.028197/0,R_3iWRB9ySGSqtvml,counterfactual,counterfactual_exemplar
0,1,130200,-1,blood_pressure,blood_pressure,0/-0.23913/0/0/0,0/-0.225007/0/0/0,0/-0.225007/0/0/0,0.5233412212263764,4.0,0.0,0.025,0.75,0,0.1,0.00659347/0.12084/0.0217168/0.00284629/0,-0.197761/-0.125007/0.0224658/-0.08537/0,R_3iWRB9ySGSqtvml,counterfactual,counterfactual_prototype
1,2,130201,-1,age,glucose,0/0/0/0/-0.243243,-0.285867/0/0/0/0,0/0/0/0/0,0.06264704022938461,0.5,0.0,0.025,0.75,0,0.1,0.0767489/0.0443106/0.010448/0.0292393/0,-0.185867/-0.0754767/-0.0177966/-0.0708105/0,R_3iWRB9ySGSqtvml,counterfactual,counterfactual_prototype
2,3,130202,-1,bmi,blood_pressure,0/0/0/-0.18415/0,0/-0.195756/0/0/0,0/0/0/-0.211241/0,0.14597760997340947,2.0,0.0,0.025,0.75,0,0.1,0.0386202/0.074721/0.0476287/0.0244366/0,-0.175808/-0.095756/-0.0610369/-0.111241/0,R_3iWRB9ySGSqtvml,counterfactual,counterfactual_prototype
3,4,130203,-1,blood_pressure,blood_pressure,0/-0.326087/0/0/0,0/-0.259513/0/0/0,0/-0.259513/0/0/0,0.4712211245963462,4.0,0.0,0.025,0.75,0,0.1,0.0186276/0.145094/0.039586/0.0144401/0,-0.206076/-0.159513/-0.0435199/-0.15975/0,R_3iWRB9ySGSqtvml,counterfactual,counterfactual_prototype
4,5,130204,-1,blood_pressure,glucose,0/-0.26087/0/0/0,-0.29645/0/0/0/0,0/-0.208291/0/0/0,0.25830570623031746,0.5,0.0,0.025,0.75,0,0.1,0.0856525/0.0610761/0.0299407/0.0308731/0,-0.19645/-0.108291/-0.0530864/-0.0708096/0,R_3iWRB9ySGSqtvml,counterfactual,counterfactual_prototype
0,6,130205,-1,bmi,blood_pressure,0/0/0/-0.280978/0,0/-0.227584/0/0/0,0/0/0/-0.264928/0,0.11813330208700944,4.0,0.0,0.025,0.75,0,0.1,0.0325649/0.111281/0.078475/0.0210744/0,-0.254852/-0.127584/-0.0899715/-0.164928/0,R_3iWRB9ySGSqtvml,counterfactual,counterfactual_prototype
1,7,130206,-1,blood_pressure,glucose,0/-0.391304/0/0/0,-0.292178/0/0/0/0,0/-0.251844/0/0/0,0.25094136575761483,0.5,0.0,0.025,0.75,0,0.1,0.0856152/0.0841972/0.0522774/0.0792691/0,-0.192178/-0.151844/-0.0942785/-0.177933/0,R_3iWRB9ySGSqtvml,counterfactual,counterfactual_prototype
2,8,130207,-1,insulin,insulin,0/0/-0.383568/0/0,0/0/-0.275386/0/0,0/0/-0.275386/0/0,0.3303087255011504,2.0,0.0,0.025,0.75,0,0.1,0.0622023/0.0745923/0.121711/0.0488097/0,-0.203249/-0.107488/-0.175386/-0.159488/0,R_3iWRB9ySGSqtvml,counterfactual,counterfactual_prototype
3,9,130208,-1,bmi,blood_pressure,0/0/0/-0.266541/0,0/-0.195618/0/0/0,0/0/0/-0.239384/0,0.16207982570944202,4.0,0.0,0.025,0.75,0,0.1,0.0187159/0.0787239/0.040556/0.024627/0,-0.105928/-0.0956183/-0.0492595/-0.139384/0,R_3iWRB9ySGSqtvml,counterfactual,counterfactual_prototype
4,10,130209,-1,blood_pressure,bmi,0/-0.434783/0/0/0,0/0/0/-0.342664/0,0/-0.295393/0/0/0,0.29368261627633924,0.5,0.0,0.025,0.75,0,0.1,0.0584644/0.106417/0.0369911/0.110502/0,-0.128388/-0.195393/-0.0679199/-0.242664/0,R_3iWRB9ySGSqtvml,counterfactual,counterfactual_prototype
0,11,130300,1,bmi,insulin,0/0/0/0.421467/0,0/0/0.247173/0/0,0/0/0/0.255961/0,0.12419593990934687,4.0,0.0,0.025,0.75,0,0.1,0.00912113/0.107273/0.123415/0.0251769/0,0.0565019/0.127923/0.147173/0.155961/0,R_3iWRB9ySGSqtvml,counterfactual,counterfactual_prototype
1,12,130301,1,blood_pressure,insulin,0/-0.0652174/0/0/0,0/0/0.276258/0/0,0/0.270427/0/0/0,0.2636823693729546,0.5,0.0,0.025,0.75,0,0.1,0.0459005/0.093307/0.0964998/0.0783505/0,0.101435/0.170427/0.176258/0.173147/0,R_3iWRB9ySGSqtvml,counterfactual,counterfactual_prototype
2,13,130302,1,blood_pressure,blood_pressure,0/0.434783/0/0/0,0/0.357746/0/0/0,0/0.357746/0/0/0,0.35592722741074734,2.0,0.0,0.025,0.75,0,0.1,0.0501047/0.173281/0.113787/0.0580475/0,0.152895/0.257746/0.169252/0.177133/0,R_3iWRB9ySGSqtvml,counterfactual,counterfactual_prototype
3,14,130303,1,bmi,insulin,0/0/0/0.386344/0,0/0/0.272597/0/0,0/0/0/0.308443/0,0.13830596682660662,4.0,0.0,0.025,0.75,0,0.1,0.034258/0.136242/0.137357/0.0425583/0,0.16779/0.171196/0.172597/0.208443/0,R_3iWRB9ySGSqtvml,counterfactual,counterfactual_prototype
4,15,130304,1,bmi,blood_pressure,0/0/0/0.220728/0,0/0.270401/0/0/0,0/0/0/0.229221/0,0.20803695223760943,0.5,0.0,0.025,0.75,0,0.1,0.0682318/0.0919891/0.0483667/0.0594625/0,0.148278/0.170401/0.0895948/0.129221/0,R_3iWRB9ySGSqtvml,counterfactual,counterfactual_prototype
0,16,130305,1,age,insulin,0/0/0/0/0.594595,0/0/0.218285/0/0,0/0/0/0/0,0.06391415530213837,4.0,0.0,0.025,0.75,0,0.1,0.0446473/0.0481727/0.0913154/0.00171201/0,0.195815/0.0624005/0.118285/0.00750856/0,R_3iWRB9ySGSqtvml,counterfactual,counterfactual_prototype
1,17,130306,1,blood_pressure,insulin,0/-0.23913/0/0/0,0/0/0.286493/0/0,0/0.173913/0/0/0,0.184492013101545,0.5,0.0,0.025,0.75,0,0.1,0.0984111/0.0563703/0.099957/0.0428428/0,0.212085/0.105172/0.186493/0.0923301/0,R_3iWRB9ySGSqtvml,counterfactual,counterfactual_prototype
2,18,130307,1,bmi,blood_pressure,0/0/0/0.20102/0,0/0.248922/0/0/0,0/0/0/0.214662/0,0.14024799438895774,2.0,0.0,0.025,0.75,0,0.1,0.090255/0.094479/0.092828/0.0419184/0,0.246881/0.148922/0.14632/0.114662/0,R_3iWRB9ySGSqtvml,counterfactual,counterfactual_prototype
3,19,130308,1,bmi,insulin,0/0/0/0.254484/0,0/0/0.269629/0/0,0/0/0/0.248502/0,0.1613423200317972,4.0,0.0,0.025,0.75,0,0.1,0.0451631/0.0462146/0.125861/0.0383169/0,0.175035/0.0622859/0.169629/0.148502/0,R_3iWRB9ySGSqtvml,counterfactual,counterfactual_prototype
4,20,130309,1,blood_pressure,glucose,0/0.130435/0/0/0,0.256874/0/0/0/0,0/0.216027/0/0/0,0.26197843511036834,0.5,0.0,0.025,0.75,0,0.1,0.0735069/0.0616603/0.042927/0.029679/0,0.156874/0.116027/0.0807766/0.0633393/0,R_3iWRB9ySGSqtvml,counterfactual,counterfactual_prototype
0,1,130200,-1,bmi,glucose,0/0/0/-0.238783/0,-0.104941/0/0/0/0,0/0/0/0.283512/0,0.09710297652446932,4.0,2.0,0.025,0.0,0,0.1,0.0299717/0.000627036/0/0/0,-0.00494113/0.0465406/0.387667/0.183512/-0.405217,R_3j0utxuxkNQAl6B,counterfactual,additive_exemplar
1,2,130201,-1,bmi,glucose,0/0/0/0.357412/0,-0.0900589/0/0/0/0,0/0/0/0.359352/0,0.09814066441933503,4.0,2.0,0.025,0.0,0,0.1,0.014965/0/0/0/0,0.00994108/0.2573/0.308387/0.259352/-0.303802,R_3j0utxuxkNQAl6B,counterfactual,additive_exemplar
2,3,130202,-1,bmi,insulin,0/0/0/0.12585/0,0/0/-0.00454991/0/0,0/0/0/0.210929/0,0.09814066441933503,4.0,2.0,0.025,0.0,0,0.1,0/0/0.122468/0/0,0.0380776/0.168427/0.0954501/0.110929/-0.244884,R_3j0utxuxkNQAl6B,counterfactual,additive_exemplar
3,4,130203,-1,blood_pressure,blood_pressure,0/0.0652174/0/0/0,0/-0.191391/0/0/0,0/-0.191391/0/0/0,0.2711785537056415,4.0,0.0,0.025,0.0,0,0.1,0.127649/0.139704/0.0883718/0.0991114/0,-0.077052/-0.0913914/0.150678/-0.0762542/0.0377776,R_3j0utxuxkNQAl6B,counterfactual,additive_exemplar
4,5,130204,-1,bmi,glucose,0/0/0/0.367412/0,-0.102937/0/0/0/0,0/0/0/0.332722/0,0.0766873915783998,4.0,0.0,0.025,0.0,0,0.05,0.102957/0/0.0560219/0/0,-0.0529365/0.122366/0.175098/0.282722/-0.222592,R_3j0utxuxkNQAl6B,counterfactual,additive_exemplar
0,6,130205,-1,bmi,glucose,0/0/0/-0.210733/0,-0.384973/0/0/0/0,0/0/0/-0.190553/0,0.16373509966077146,4.0,2.0,0.025,0.0,0,0.1,0.334304/0.0130267/0.260019/0.111208/0,-0.284973/0.0351414/-0.0319071/-0.0905529/0.237189,R_3j0utxuxkNQAl6B,counterfactual,additive_exemplar
1,7,130206,-1,bmi,insulin,0/0/0/0.248921/0,0/0/-0.104523/0/0,0/0/0/-0.23909/0,0.2506682305862321,4.0,2.0,0.025,0.0,0,0.1,0.0924761/0.102346/0.217984/0.162109/0,-0.0505789/-0.0559594/-0.00452256/-0.13909/0.116481,R_3j0utxuxkNQAl6B,counterfactual,additive_exemplar
2,8,130207,-1,blood_pressure,insulin,0/0.434783/0/0/0,0/0/-0.430975/0/0,0/0.218802/0/0/0,0.0812323640444632,4.0,2.0,0.025,0.0,0,0.1,0.138086/0/0.566959/0.0918439/0,-0.0823695/0.118802/-0.330975/-0.068696/0.0191734,R_3j0utxuxkNQAl6B,counterfactual,additive_exemplar
3,9,130208,-1,bmi,insulin,0/0/0/0.193459/0,0/0/0.0138957/0/0,0/0/0/-0.0870892/0,0.1560399361966127,4.0,0.0,0.025,0.0,0,0.1,0/0/0.0920589/0.0130236/0,0.290116/0.154171/0.113896/0.0129108/-0.65246,R_3j0utxuxkNQAl6B,counterfactual,additive_exemplar
4,10,130209,-1,insulin,bmi,0/0/0.200033/0/0,0/0/0/-0.450753/0,0/0/0.030954/0/0,0.15795059549064186,4.0,0.0,0.025,0.0,0,0.05,0/0.286586/0.120012/0.428232/0,0.193257/-0.23943/0.080954/-0.400753/0.0287231,R_3j0utxuxkNQAl6B,counterfactual,additive_exemplar
0,11,130300,1,insulin,insulin,0/0/0.173224/0/0,0/0/0.238214/0/0,0/0/0.238214/0/0,0.43740522971662477,4.0,2.0,0.025,0.0,0,0.1,0/0/0.320508/0.220608/0,-0.372868/-0.0665801/0.138214/0.191184/0.283466,R_3j0utxuxkNQAl6B,counterfactual,additive_exemplar
1,12,130301,1,age,insulin,0/0/0/0/0.243243,0/0/0.329523/0/0,0/0/0/0/0.167922,0.06203558513772213,4.0,2.0,0.025,0.0,0,0.1,0/0.137544/0.386695/0.297054/0,-0.224355/0.0970319/0.229523/0.261912/0.0679217,R_3j0utxuxkNQAl6B,counterfactual,additive_exemplar
2,13,130302,1,bmi,blood_pressure,0/0/0/0.350388/0,0/0.539151/0/0/0,0/0/0/0.375899/0,0.24907539201292334,4.0,2.0,0.025,0.0,0,0.1,0/0.477521/0.323601/0.313923/0,-0.0207734/0.439151/0.180904/0.275899/-0.0790276,R_3j0utxuxkNQAl6B,counterfactual,additive_exemplar
3,14,130303,1,bmi,bmi,0/0/0/0.456589/0,0/0/0/0.500602/0,0/0/0/0.500602/0,0.3282077987731602,4.0,0.0,0.025,0.0,0,0.1,0.10139/0.14814/0.421632/0.433954/0,0.0651249/0.101051/0.236869/0.400602/-0.494656,R_3j0utxuxkNQAl6B,counterfactual,additive_exemplar
4,15,130304,1,insulin,blood_pressure,0/0/0.420688/0/0,0/0.149584/0/0/0,0/0/-0.0428061/0/0,0.22407040541696657,4.0,0.0,0.025,0.0,0,0.05,0.00498875/0.14667/0.0886602/0.122093/0,-0.0299786/0.0995835/-0.0928061/0.0874345/0.0762791,R_3j0utxuxkNQAl6B,counterfactual,additive_exemplar
0,16,130305,1,insulin,glucose,0/0/0.389755/0/0,0.263725/0/0/0/0,0/0/0.10584/0/0,0.36966520978759315,4.0,2.0,0.025,0.0,0,0.1,0.190069/0/0.170433/0/0,0.163725/-0.334062/0.00583985/-0.394815/0.301034,R_3j0utxuxkNQAl6B,counterfactual,additive_exemplar
1,17,130306,1,insulin,insulin,0/0/0.307267/0/0,0/0/0.34179/0/0,0/0/0.34179/0/0,0.4586007636705843,4.0,2.0,0.025,0.0,0,0.1,0.213182/0/0.375578/0/0,0.198544/-0.17097/0.24179/-0.0565286/-0.202757,R_3j0utxuxkNQAl6B,counterfactual,additive_exemplar
2,18,130307,1,insulin,glucose,0/0/0.315516/0/0,0.443493/0/0/0/0,0/0/0.180362/0/0,0.2652381281623893,4.0,2.0,0.025,0.0,0,0.1,0.353809/0.0436046/0.210665/0.0705063/0,0.343493/0.00425509/0.0803623/0.0321245/-0.312523,R_3j0utxuxkNQAl6B,counterfactual,additive_exemplar
3,19,130308,1,insulin,insulin,0/0/0.785532/0/0,0/0/0.310085/0/0,0/0/0.310085/0/0,0.41598486019716363,4.0,0.0,0.025,0.0,0,0.1,0.114819/0/0.380565/0.198134/0,0.0843098/-0.340015/0.210085/0.158955/-0.318172,R_3j0utxuxkNQAl6B,counterfactual,additive_exemplar
4,20,130309,1,insulin,glucose,0/0/0.105172/0/0,0.0483928/0/0/0/0,0/0/-0.0930915/0/0,0.3698857273331817,4.0,0.0,0.025,0.0,0,0.05,0.0279496/0/0.0250915/0/0,-0.00160724/-0.123615/-0.143091/-0.178734/0.305691,R_3j0utxuxkNQAl6B,counterfactual,additive_exemplar
0,1,130200,-1,bmi,glucose,0/0/0/-0.238783/0,-0.0382139/0/0/0/0,0/0/0/0.231609/0,0.09719393081789049,4.0,0.0,0.025,0.0,0,0.05,0.0311857/0.000594703/0/0/0,0.0117861/0.0512753/0.416199/0.181609/-0.429878,R_3j0utxuxkNQAl6B,counterfactual,additive_prototype
1,2,130201,-1,bmi,glucose,0/0/0/0.357412/0,-0.0692622/0/0/0/0,0/0/0/0.358077/0,0.09814066441933503,4.0,0.0,0.025,0.0,0,0.1,0.0165601/0/0/0/0,0.0307378/0.264512/0.346803/0.258077/-0.336696,R_3j0utxuxkNQAl6B,counterfactual,additive_prototype
2,3,130202,-1,bmi,insulin,0/0/0/0.12585/0,0/0/0.0754469/0/0,0/0/0/0.159456/0,0.09814066441933503,4.0,0.0,0.025,0.0,0,0.05,0/0/0.122407/0/0,0.0551842/0.173402/0.125447/0.109456/-0.270602,R_3j0utxuxkNQAl6B,counterfactual,additive_prototype
3,4,130203,-1,blood_pressure,blood_pressure,0/0.0652174/0/0/0,0/-0.191391/0/0/0,0/-0.191391/0/0/0,0.2711785537056415,4.0,0.0,0.025,0.0,0,0.1,0.127649/0.139704/0.0883718/0.0991114/0,-0.077052/-0.0913914/0.150678/-0.0762542/0.0377776,R_3j0utxuxkNQAl6B,counterfactual,additive_prototype
4,5,130204,-1,bmi,glucose,0/0/0/0.367412/0,-0.102937/0/0/0/0,0/0/0/0.332722/0,0.0766873915783998,4.0,0.0,0.025,0.0,0,0.05,0.102957/0/0.0560219/0/0,-0.0529365/0.122366/0.175098/0.282722/-0.222592,R_3j0utxuxkNQAl6B,counterfactual,additive_prototype
0,6,130205,-1,bmi,glucose,0/0/0/-0.210733/0,-0.340117/0/0/0/0,0/0/0/-0.140734/0,0.1633392572406629,4.0,0.0,0.025,0.0,0,0.05,0.338925/0.0155169/0.264531/0.112901/0,-0.290117/0.0320758/-0.0406064/-0.0907343/0.245639,R_3j0utxuxkNQAl6B,counterfactual,additive_prototype
1,7,130206,-1,bmi,insulin,0/0/0/0.248921/0,0/0/-0.105766/0/0,0/0/0/-0.242206/0,0.2492438360284037,4.0,0.0,0.025,0.0,0,0.1,0.0968726/0.105331/0.223143/0.165337/0,-0.0495921/-0.057925/-0.00576588/-0.142206/0.118273,R_3j0utxuxkNQAl6B,counterfactual,additive_prototype
2,8,130207,-1,blood_pressure,insulin,0/0.434783/0/0/0,0/0/-0.409792/0/0,0/0.163215/0/0/0,0.0810305269477701,4.0,0.0,0.025,0.0,0,0.05,0.142591/0/0.571198/0.0923896/0,-0.0969723/0.113215/-0.359792/-0.0679406/0.0440919,R_3j0utxuxkNQAl6B,counterfactual,additive_prototype
3,9,130208,-1,bmi,insulin,0/0/0/0.193459/0,0/0/0.0138957/0/0,0/0/0/-0.0870892/0,0.1560399361966127,4.0,0.0,0.025,0.0,0,0.1,0/0/0.0920589/0.0130236/0,0.290116/0.154171/0.113896/0.0129108/-0.65246,R_3j0utxuxkNQAl6B,counterfactual,additive_prototype
4,10,130209,-1,insulin,bmi,0/0/0.200033/0/0,0/0/0/-0.450753/0,0/0/0.030954/0/0,0.15795059549064186,4.0,0.0,0.025,0.0,0,0.05,0/0.286586/0.120012/0.428232/0,0.193257/-0.23943/0.080954/-0.400753/0.0287231,R_3j0utxuxkNQAl6B,counterfactual,additive_prototype
0,11,130300,1,insulin,insulin,0/0/0.173224/0/0,0/0/0.197582/0/0,0/0/0.197582/0/0,0.44548868944318765,4.0,0.0,0.025,0.0,0,0.05,0/0/0.343976/0.220477/0,-0.37069/-0.0676091/0.147582/0.191454/0.276918,R_3j0utxuxkNQAl6B,counterfactual,additive_prototype
1,12,130301,1,age,insulin,0/0/0/0/0.243243,0/0/0.366276/0/0,0/0/0/0/-0.061855,0.06526661877406702,4.0,0.0,0.025,0.0,0,0.1,0/0.1515/0.458471/0.295259/0,-0.211559/0.104395/0.266276/0.264732/0.038145,R_3j0utxuxkNQAl6B,counterfactual,additive_prototype
2,13,130302,1,bmi,blood_pressure,0/0/0/0.350388/0,0/0.500476/0/0/0,0/0/0/0.328243/0,0.22479075536870363,4.0,0.0,0.025,0.0,0,0.05,0.036558/0.49757/0.419082/0.310216/0,-0.00108579/0.450476/0.230754/0.278243/-0.119965,R_3j0utxuxkNQAl6B,counterfactual,additive_prototype
3,14,130303,1,bmi,bmi,0/0/0/0.456589/0,0/0/0/0.500602/0,0/0/0/0.500602/0,0.3282077987731602,4.0,0.0,0.025,0.0,0,0.1,0.10139/0.14814/0.421632/0.433954/0,0.0651249/0.101051/0.236869/0.400602/-0.494656,R_3j0utxuxkNQAl6B,counterfactual,additive_prototype
4,15,130304,1,insulin,blood_pressure,0/0/0.420688/0/0,0/0.149584/0/0/0,0/0/-0.0428061/0/0,0.22407040541696657,4.0,0.0,0.025,0.0,0,0.05,0.00498875/0.14667/0.0886602/0.122093/0,-0.0299786/0.0995835/-0.0928061/0.0874345/0.0762791,R_3j0utxuxkNQAl6B,counterfactual,additive_prototype
0,16,130305,1,insulin,glucose,0/0/0.389755/0/0,0.222672/0/0/0/0,0/0/0.0629509/0/0,0.37595551216779016,4.0,0.0,0.025,0.0,0,0.05,0.206419/0/0.191363/0/0,0.172672/-0.33655/0.0129509/-0.403871/0.295581,R_3j0utxuxkNQAl6B,counterfactual,additive_prototype
1,17,130306,1,insulin,insulin,0/0/0.307267/0/0,0/0/0.388082/0/0,0/0/0.388082/0/0,0.4618478338880177,4.0,0.0,0.025,0.0,0,0.1,0.255044/0/0.463659/0/0,0.222444/-0.163883/0.288082/-0.0612257/-0.242124,R_3j0utxuxkNQAl6B,counterfactual,additive_prototype
2,18,130307,1,insulin,glucose,0/0/0.315516/0/0,0.415869/0/0/0/0,0/0/0.172149/0/0,0.30121221466147485,4.0,0.0,0.025,0.0,0,0.05,0.397392/0.0559687/0.295088/0.0641751/0,0.365869/0.00887837/0.122149/0.0260261/-0.347617,R_3j0utxuxkNQAl6B,counterfactual,additive_prototype
3,19,130308,1,insulin,insulin,0/0/0.785532/0/0,0/0/0.310085/0/0,0/0/0.310085/0/0,0.41598486019716363,4.0,0.0,0.025,0.0,0,0.1,0.114819/0/0.380565/0.198134/0,0.0843098/-0.340015/0.210085/0.158955/-0.318172,R_3j0utxuxkNQAl6B,counterfactual,additive_prototype
4,20,130309,1,insulin,glucose,0/0/0.105172/0/0,0.0483928/0/0/0/0,0/0/-0.0930915/0/0,0.3698857273331817,4.0,0.0,0.025,0.0,0,0.05,0.0279496/0/0.0250915/0/0,-0.00160724/-0.123615/-0.143091/-0.178734/0.305691,R_3j0utxuxkNQAl6B,counterfactual,additive_prototype
0,1,130200,-1,bmi,bmi,0/0/0/-0.238783/0,0/0/0/0.190489/0,0/0/0/0.190489/0,0.3799737563801652,0.0,0.0,0.025,0.0,0,0.05,0.002896/0.0634306/0.0854704/0.140489/0,-0.002896/-0.0634306/0.0854704/0.140489/-0.0461183,R_3j0utxuxkNQAl6B,counterfactual,base_exemplar
1,2,130201,-1,bmi,bmi,0/0/0/0.357412/0,0/0/0/0.221684/0,0/0/0/0.221684/0,0.3919996668080147,0.0,0.0,0.025,0.0,0,0.025,0.00181/0.148005/0.0447463/0.196684/0,-0.00181/0.148005/0.0447463/0.196684/-0.0327291,R_3j0utxuxkNQAl6B,counterfactual,base_exemplar
2,3,130202,-1,bmi,insulin,0/0/0/0.12585/0,0/0/-0.132592/0/0,0/0/0/0.0601222/0,0.1748335625089688,0.0,0.0,0.025,0.0,0,0.025,0.000724001/0.0634306/0.107592/0.0351222/0,-0.000724001/0.0634306/-0.107592/0.0351222/-0.023803,R_3j0utxuxkNQAl6B,counterfactual,base_exemplar
3,4,130203,-1,blood_pressure,blood_pressure,0/0.0652174/0/0/0,0/-0.240292/0/0/0,0/-0.240292/0/0/0,0.35680142931201847,0.0,0.0,0.025,0.0,0,0.05,0.00376481/0.190292/0.0804427/0.15805/0,-0.00376481/-0.190292/-0.0804427/-0.15805/0.0252907,R_3j0utxuxkNQAl6B,counterfactual,base_exemplar
4,5,130204,-1,bmi,bmi,0/0/0/0.367412/0,0/0/0/0.246684/0,0/0/0/0.246684/0,0.49138070001178374,0.0,0.0,0.025,0.0,0,0.05,0.002896/0.0211435/0.0548016/0.196684/0,-0.002896/0.0211435/-0.0548016/0.196684/-0.0193399,R_3j0utxuxkNQAl6B,counterfactual,base_exemplar
0,6,130205,-1,bmi,insulin,0/0/0/-0.210733/0,0/0/-0.255632/0/0,0/0/0/-0.229123/0,0.3232317679686746,0.0,0.0,0.025,0.0,0,0.05,0.00876041/0.0634306/0.205632/0.179123/0,-0.00876041/-0.0634306/-0.205632/-0.179123/0.0565321,R_3j0utxuxkNQAl6B,counterfactual,base_exemplar
1,7,130206,-1,bmi,bmi,0/0/0/0.248921/0,0/0/0/-0.256807/0,0/0/0/-0.256807/0,0.34301119792937046,0.0,0.0,0.025,0.0,0,0.025,0.0024616/0.148005/0.173957/0.231807/0,-0.0024616/-0.148005/-0.173957/-0.231807/0.0342168,R_3j0utxuxkNQAl6B,counterfactual,base_exemplar
2,8,130207,-1,blood_pressure,insulin,0/0.434783/0/0/0,0/0/-0.452352/0/0,0/0.0461435/0/0/0,0.1002938076091888,0.0,0.0,0.025,0.0,0,0.025,0.0035476/0.0211435/0.427352/0.15805/0,-0.0035476/0.0211435/-0.427352/-0.15805/0.0208276,R_3j0utxuxkNQAl6B,counterfactual,base_exemplar
3,9,130208,-1,bmi,bmi,0/0/0/0.193459/0,0/0/0/-0.127269/0,0/0/0/-0.127269/0,0.2982548572104607,0.0,0.0,0.025,0.0,0,0.05,0.00644361/0.0634306/0.0759178/0.0772689/0,0.00644361/0.0634306/-0.0759178/-0.0772689/-0.0952119,R_3j0utxuxkNQAl6B,counterfactual,base_exemplar
4,10,130209,-1,insulin,bmi,0/0/0.200033/0/0,0/0/0/-0.540728/0,0/0/-0.145526/0/0,0.13447503857397589,0.0,0.0,0.025,0.0,0,0.05,0.00405441/0.317153/0.0955257/0.490728/0,0.00405441/-0.317153/-0.0955257/-0.490728/0.0163646,R_3j0utxuxkNQAl6B,counterfactual,base_exemplar
0,11,130300,1,insulin,bmi,0/0/0.173224/0/0,0/0/0/0.287075/0,0/0/0.160357/0/0,0.2359676201749096,0.0,0.0,0.025,0.0,0,0.05,0.0101722/0.0563827/0.110357/0.237075/0,-0.0101722/-0.0563827/0.110357/0.237075/0.0632267,R_3j0utxuxkNQAl6B,counterfactual,base_exemplar
1,12,130301,1,age,bmi,0/0/0/0/0.243243,0/0/0/0.335832/0,0/0/0/0/0.0480591,0.06406290704142731,0.0,0.0,0.025,0.0,0,0.025,0.00604541/0.112765/0.200855/0.310832/0,-0.00604541/0.112765/0.200855/0.310832/0.0230591,R_3j0utxuxkNQAl6B,counterfactual,base_exemplar
2,13,130302,1,bmi,blood_pressure,0/0/0/0.350388/0,0/0.476062/0/0/0,0/0/0/0.349881/0,0.28699183838664505,0.0,0.0,0.025,0.0,0,0.025,0.000615401/0.451062/0.178231/0.324881/0,-0.000615401/0.451062/0.178231/0.324881/-0.00371922,R_3j0utxuxkNQAl6B,counterfactual,base_exemplar
3,14,130303,1,bmi,bmi,0/0/0/0.456589/0,0/0/0/0.497808/0,0/0/0/0.497808/0,0.4406360072912437,0.0,0.0,0.025,0.0,0,0.05,0.0011222/0.112765/0.185772/0.447808/0,0.0011222/0.112765/0.185772/0.447808/-0.066202,R_3j0utxuxkNQAl6B,counterfactual,base_exemplar
4,15,130304,1,insulin,bmi,0/0/0.420688/0/0,0/0/0/0.185221/0,0/0/-0.102539/0/0,0.17620279403479894,0.0,0.0,0.025,0.0,0,0.05,0.001267/0.112765/0.0525392/0.135221/0,-0.001267/0.112765/-0.0525392/0.135221/0.0275222,R_3j0utxuxkNQAl6B,counterfactual,base_exemplar
0,16,130305,1,insulin,bmi,0/0/0.389755/0/0,0/0/0/-0.405507/0,0/0/0.0774008/0/0,0.09075858393627224,0.0,0.0,0.025,0.0,0,0.05,0.00394581/0.310105/0.0274008/0.355507/0,0.00394581/-0.310105/0.0274008/-0.355507/0.0632267,R_3j0utxuxkNQAl6B,counterfactual,base_exemplar
1,17,130306,1,insulin,insulin,0/0/0.307267/0/0,0/0/0.256021/0/0,0/0/0.256021/0/0,0.4377786182646428,0.0,0.0,0.025,0.0,0,0.025,0.00524901/0.140957/0.231021/0.0122928/0,0.00524901/-0.140957/0.231021/-0.0122928/-0.0260345,R_3j0utxuxkNQAl6B,counterfactual,base_exemplar
2,18,130307,1,insulin,insulin,0/0/0.315516/0/0,0/0/0.136866/0/0,0/0/0.136866/0/0,0.38960108127703114,0.0,0.0,0.025,0.0,0,0.025,0.00894141/0.0281914/0.111866/0.0755128/0,0.00894141/0.0281914/0.111866/0.0755128/-0.0438868,R_3j0utxuxkNQAl6B,counterfactual,base_exemplar
3,19,130308,1,insulin,blood_pressure,0/0/0.785532/0/0,0/-0.360105/0/0/0,0/0/0.228231/0/0,0.230673274860553,0.0,0.0,0.025,0.0,0,0.05,0.0017738/0.310105/0.178231/0.208977/0,0.0017738/-0.310105/0.178231/0.208977/-0.0394237,R_3j0utxuxkNQAl6B,counterfactual,base_exemplar
4,20,130309,1,insulin,bmi,0/0/0.105172/0/0,0/0/0/-0.178196/0,0/0/-0.12818/0/0,0.23170886248241598,0.0,0.0,0.025,0.0,0,0.05,0.000398201/0.0986698/0.0781803/0.128196/0,-0.000398201/-0.0986698/-0.0781803/-0.128196/0.0632267,R_3j0utxuxkNQAl6B,counterfactual,base_exemplar
0,1,130200,-1,bmi,bmi,0/0/0/-0.238783/0,0/0/0/0.190489/0,0/0/0/0.190489/0,0.3799737563801652,0.0,0.0,0.025,0.0,0,0.05,0.002896/0.0634306/0.0854704/0.140489/0,-0.002896/-0.0634306/0.0854704/0.140489/-0.0461183,R_3j0utxuxkNQAl6B,counterfactual,base_prototype
1,2,130201,-1,bmi,bmi,0/0/0/0.357412/0,0/0/0/0.221684/0,0/0/0/0.221684/0,0.3919996668080147,0.0,0.0,0.025,0.0,0,0.025,0.00181/0.148005/0.0447463/0.196684/0,-0.00181/0.148005/0.0447463/0.196684/-0.0327291,R_3j0utxuxkNQAl6B,counterfactual,base_prototype
2,3,130202,-1,bmi,insulin,0/0/0/0.12585/0,0/0/-0.132592/0/0,0/0/0/0.0601222/0,0.1748335625089688,0.0,0.0,0.025,0.0,0,0.025,0.000724001/0.0634306/0.107592/0.0351222/0,-0.000724001/0.0634306/-0.107592/0.0351222/-0.023803,R_3j0utxuxkNQAl6B,counterfactual,base_prototype
3,4,130203,-1,blood_pressure,blood_pressure,0/0.0652174/0/0/0,0/-0.240292/0/0/0,0/-0.240292/0/0/0,0.35680142931201847,0.0,0.0,0.025,0.0,0,0.05,0.00376481/0.190292/0.0804427/0.15805/0,-0.00376481/-0.190292/-0.0804427/-0.15805/0.0252907,R_3j0utxuxkNQAl6B,counterfactual,base_prototype
4,5,130204,-1,bmi,bmi,0/0/0/0.367412/0,0/0/0/0.246684/0,0/0/0/0.246684/0,0.49138070001178374,0.0,0.0,0.025,0.0,0,0.05,0.002896/0.0211435/0.0548016/0.196684/0,-0.002896/0.0211435/-0.0548016/0.196684/-0.0193399,R_3j0utxuxkNQAl6B,counterfactual,base_prototype
0,6,130205,-1,bmi,insulin,0/0/0/-0.210733/0,0/0/-0.255632/0/0,0/0/0/-0.229123/0,0.3232317679686746,0.0,0.0,0.025,0.0,0,0.05,0.00876041/0.0634306/0.205632/0.179123/0,-0.00876041/-0.0634306/-0.205632/-0.179123/0.0565321,R_3j0utxuxkNQAl6B,counterfactual,base_prototype
1,7,130206,-1,bmi,bmi,0/0/0/0.248921/0,0/0/0/-0.256807/0,0/0/0/-0.256807/0,0.34301119792937046,0.0,0.0,0.025,0.0,0,0.025,0.0024616/0.148005/0.173957/0.231807/0,-0.0024616/-0.148005/-0.173957/-0.231807/0.0342168,R_3j0utxuxkNQAl6B,counterfactual,base_prototype
2,8,130207,-1,blood_pressure,insulin,0/0.434783/0/0/0,0/0/-0.452352/0/0,0/0.0461435/0/0/0,0.1002938076091888,0.0,0.0,0.025,0.0,0,0.025,0.0035476/0.0211435/0.427352/0.15805/0,-0.0035476/0.0211435/-0.427352/-0.15805/0.0208276,R_3j0utxuxkNQAl6B,counterfactual,base_prototype
3,9,130208,-1,bmi,bmi,0/0/0/0.193459/0,0/0/0/-0.127269/0,0/0/0/-0.127269/0,0.2982548572104607,0.0,0.0,0.025,0.0,0,0.05,0.00644361/0.0634306/0.0759178/0.0772689/0,0.00644361/0.0634306/-0.0759178/-0.0772689/-0.0952119,R_3j0utxuxkNQAl6B,counterfactual,base_prototype
4,10,130209,-1,insulin,bmi,0/0/0.200033/0/0,0/0/0/-0.540728/0,0/0/-0.145526/0/0,0.13447503857397589,0.0,0.0,0.025,0.0,0,0.05,0.00405441/0.317153/0.0955257/0.490728/0,0.00405441/-0.317153/-0.0955257/-0.490728/0.0163646,R_3j0utxuxkNQAl6B,counterfactual,base_prototype
0,11,130300,1,insulin,bmi,0/0/0.173224/0/0,0/0/0/0.287075/0,0/0/0.160357/0/0,0.2359676201749096,0.0,0.0,0.025,0.0,0,0.05,0.0101722/0.0563827/0.110357/0.237075/0,-0.0101722/-0.0563827/0.110357/0.237075/0.0632267,R_3j0utxuxkNQAl6B,counterfactual,base_prototype
1,12,130301,1,age,bmi,0/0/0/0/0.243243,0/0/0/0.335832/0,0/0/0/0/0.0480591,0.06406290704142731,0.0,0.0,0.025,0.0,0,0.025,0.00604541/0.112765/0.200855/0.310832/0,-0.00604541/0.112765/0.200855/0.310832/0.0230591,R_3j0utxuxkNQAl6B,counterfactual,base_prototype
2,13,130302,1,bmi,blood_pressure,0/0/0/0.350388/0,0/0.476062/0/0/0,0/0/0/0.349881/0,0.28699183838664505,0.0,0.0,0.025,0.0,0,0.025,0.000615401/0.451062/0.178231/0.324881/0,-0.000615401/0.451062/0.178231/0.324881/-0.00371922,R_3j0utxuxkNQAl6B,counterfactual,base_prototype
3,14,130303,1,bmi,bmi,0/0/0/0.456589/0,0/0/0/0.497808/0,0/0/0/0.497808/0,0.4406360072912437,0.0,0.0,0.025,0.0,0,0.05,0.0011222/0.112765/0.185772/0.447808/0,0.0011222/0.112765/0.185772/0.447808/-0.066202,R_3j0utxuxkNQAl6B,counterfactual,base_prototype
4,15,130304,1,insulin,bmi,0/0/0.420688/0/0,0/0/0/0.185221/0,0/0/-0.102539/0/0,0.17620279403479894,0.0,0.0,0.025,0.0,0,0.05,0.001267/0.112765/0.0525392/0.135221/0,-0.001267/0.112765/-0.0525392/0.135221/0.0275222,R_3j0utxuxkNQAl6B,counterfactual,base_prototype
0,16,130305,1,insulin,bmi,0/0/0.389755/0/0,0/0/0/-0.405507/0,0/0/0.0774008/0/0,0.09075858393627224,0.0,0.0,0.025,0.0,0,0.05,0.00394581/0.310105/0.0274008/0.355507/0,0.00394581/-0.310105/0.0274008/-0.355507/0.0632267,R_3j0utxuxkNQAl6B,counterfactual,base_prototype
1,17,130306,1,insulin,insulin,0/0/0.307267/0/0,0/0/0.256021/0/0,0/0/0.256021/0/0,0.4377786182646428,0.0,0.0,0.025,0.0,0,0.025,0.00524901/0.140957/0.231021/0.0122928/0,0.00524901/-0.140957/0.231021/-0.0122928/-0.0260345,R_3j0utxuxkNQAl6B,counterfactual,base_prototype
2,18,130307,1,insulin,insulin,0/0/0.315516/0/0,0/0/0.136866/0/0,0/0/0.136866/0/0,0.38960108127703114,0.0,0.0,0.025,0.0,0,0.025,0.00894141/0.0281914/0.111866/0.0755128/0,0.00894141/0.0281914/0.111866/0.0755128/-0.0438868,R_3j0utxuxkNQAl6B,counterfactual,base_prototype
3,19,130308,1,insulin,blood_pressure,0/0/0.785532/0/0,0/-0.360105/0/0/0,0/0/0.228231/0/0,0.230673274860553,0.0,0.0,0.025,0.0,0,0.05,0.0017738/0.310105/0.178231/0.208977/0,0.0017738/-0.310105/0.178231/0.208977/-0.0394237,R_3j0utxuxkNQAl6B,counterfactual,base_prototype
4,20,130309,1,insulin,bmi,0/0/0.105172/0/0,0/0/0/-0.178196/0,0/0/-0.12818/0/0,0.23170886248241598,0.0,0.0,0.025,0.0,0,0.05,0.000398201/0.0986698/0.0781803/0.128196/0,-0.000398201/-0.0986698/-0.0781803/-0.128196/0.0632267,R_3j0utxuxkNQAl6B,counterfactual,base_prototype
0,1,130200,-1,bmi,bmi,0/0/0/-0.238783/0,0/0/0/-0.159825/0,0/0/0/-0.159825/0,0.35514533656053854,0.0,24.0,0.025,1.0,0,0.0,0.130572/0.0223363/0.0226997/0.136365/0,-0.153035/-0.152174/-0.15465/-0.159825/0,R_3j0utxuxkNQAl6B,counterfactual,counterfactual_exemplar
1,2,130201,-1,bmi,bmi,0/0/0/0.357412/0,0/0/0/-0.180924/0,0/0/0/-0.180924/0,0.41332330810431694,0.25,24.0,0.05,1.0,0,0.025,0.146976/0.0060253/0.0061236/0.149751/0,-0.153035/-0.152174/-0.154656/-0.155924/0,R_3j0utxuxkNQAl6B,counterfactual,counterfactual_exemplar
2,3,130202,-1,bmi,bmi,0/0/0/0.12585/0,0/0/0/-0.181898/0,0/0/0/-0.181898/0,0.27249987812290327,0.5,24.0,0.025,1.0,0,0.025,0.0930493/0.0596483/0.0606213/0.0953981/0,-0.153035/-0.152174/-0.154656/-0.156898/0,R_3j0utxuxkNQAl6B,counterfactual,counterfactual_exemplar
3,4,130203,-1,blood_pressure,insulin,0/0.0652174/0/0/0,0/0/-0.179738/0/0,0/-0.177174/0/0/0,0.2914830234237006,0.5,24.0,0.025,1.0,0,0.025,0.0485362/0.103911/0.105662/0.0504089/0,-0.153035/-0.152174/-0.154738/-0.15894/0,R_3j0utxuxkNQAl6B,counterfactual,counterfactual_exemplar
4,5,130204,-1,bmi,bmi,0/0/0/0.367412/0,0/0/0/-0.208423/0,0/0/0/-0.208423/0,0.283291105294395,0.0,24.0,0.025,1.0,0,0.05,0.0970768/0.0556435/0.0565478/0.100495/0,-0.153035/-0.152174/-0.154647/-0.158423/0,R_3j0utxuxkNQAl6B,counterfactual,counterfactual_exemplar
0,6,130205,-1,bmi,insulin,0/0/0/-0.210733/0,0/0/-0.155715/0/0,0/0/0/-0.1582/0,0.1586272657568887,0.0,24.0,0.025,1.0,0,0.0,0.0456255/0.106805/0.109291/0.0471652/0,-0.153035/-0.152174/-0.155715/-0.1582/0,R_3j0utxuxkNQAl6B,counterfactual,counterfactual_exemplar
1,7,130206,-1,bmi,insulin,0/0/0/0.248921/0,0/0/-0.180868/0/0,0/0/0/-0.180608/0,0.17691072680813857,0.25,24.0,0.05,1.0,0,0.025,0.0573706/0.0951262/0.0974355/0.0583353/0,-0.153035/-0.152174/-0.155868/-0.155608/0,R_3j0utxuxkNQAl6B,counterfactual,counterfactual_exemplar
2,8,130207,-1,blood_pressure,insulin,0/0.434783/0/0/0,0/0/-0.181894/0/0,0/-0.177174/0/0/0,0.3752646538386136,0.5,24.0,0.025,1.0,0,0.025,0.00532534/0.146879/0.151435/0.00549031/0,-0.153035/-0.152174/-0.156894/-0.157776/0,R_3j0utxuxkNQAl6B,counterfactual,counterfactual_exemplar
3,9,130208,-1,bmi,bmi,0/0/0/0.193459/0,0/0/0/-0.181291/0,0/0/0/-0.181291/0,0.2728871800205297,0.5,24.0,0.025,1.0,0,0.025,0.0934684/0.0592316/0.0602044/0.0954568/0,-0.153035/-0.152174/-0.154673/-0.156291/0,R_3j0utxuxkNQAl6B,counterfactual,counterfactual_exemplar
4,10,130209,-1,insulin,bmi,0/0/0.200033/0/0,0/0/0/-0.204107/0,0/0/-0.204991/0/0,0.20842060577971805,0.0,24.0,0.025,1.0,0,0.05,0.0853712/0.0672832/0.0685285/0.0859694/0,-0.153035/-0.152174/-0.154991/-0.154107/0,R_3j0utxuxkNQAl6B,counterfactual,counterfactual_exemplar
0,11,130300,1,insulin,insulin,0/0/0.173224/0/0,0/0/0.15564/0/0,0/0/0.15564/0/0,0.23739078275122347,0.0,24.0,0.025,1.0,0,0.0,0.0737842/0.0788049/0.0805997/0.0752974/0,0.153035/0.152174/0.15564/0.156174/0,R_3j0utxuxkNQAl6B,counterfactual,counterfactual_exemplar
1,12,130301,1,age,glucose,0/0/0/0/0.243243,0.178035/0/0/0/0,0/0/0/0/0,0.02937880284856793,0.25,24.0,0.05,1.0,0,0.025,0.114706/0.0381133/0.0390808/0.11441/0,0.153035/0.152174/0.156037/0.15264/0,R_3j0utxuxkNQAl6B,counterfactual,counterfactual_exemplar
2,13,130302,1,bmi,glucose,0/0/0/0.350388/0,0.178035/0/0/0/0,0/0/0/0.177609/0,0.34459147786589434,0.5,24.0,0.025,1.0,0,0.025,0.128758/0.0241409/0.0247475/0.128399/0,0.153035/0.152174/0.155997/0.152609/0,R_3j0utxuxkNQAl6B,counterfactual,counterfactual_exemplar
3,14,130303,1,bmi,glucose,0/0/0/0.456589/0,0.178035/0/0/0/0,0/0/0/0.177648/0,0.30095901751775533,0.5,24.0,0.025,1.0,0,0.025,0.107698/0.0450822/0.0462553/0.107425/0,0.153035/0.152174/0.156134/0.152648/0,R_3j0utxuxkNQAl6B,counterfactual,counterfactual_exemplar
4,15,130304,1,insulin,bmi,0/0/0.420688/0/0,0/0/0/0.206784/0,0/0/0.206128/0/0,0.20390588795394837,0.0,24.0,0.025,1.0,0,0.05,0.0872935/0.0653717/0.0670701/0.0894317/0,0.153035/0.152174/0.156128/0.156784/0,R_3j0utxuxkNQAl6B,counterfactual,counterfactual_exemplar
0,16,130305,1,insulin,insulin,0/0/0.389755/0/0,0/0/0.164237/0/0,0/0/0.164237/0/0,0.3875329580299225,0.0,24.0,0.025,1.0,0,0.0,0.00739341/0.144822/0.156302/0.00760149/0,0.153035/0.152174/0.164237/0.157342/0,R_3j0utxuxkNQAl6B,counterfactual,counterfactual_exemplar
1,17,130306,1,insulin,insulin,0/0/0.307267/0/0,0/0/0.183129/0/0,0/0/0.183129/0/0,0.37519369646863,0.25,24.0,0.05,1.0,0,0.025,0.0230238/0.12928/0.134339/0.0231363/0,0.153035/0.152174/0.158129/0.153783/0,R_3j0utxuxkNQAl6B,counterfactual,counterfactual_exemplar
2,18,130307,1,insulin,insulin,0/0/0.315516/0/0,0/0/0.182225/0/0,0/0/0.182225/0/0,0.3611837387059207,0.5,24.0,0.025,1.0,0,0.025,0.0183429/0.133934/0.13838/0.0186018/0,0.153035/0.152174/0.157225/0.155196/0,R_3j0utxuxkNQAl6B,counterfactual,counterfactual_exemplar
3,19,130308,1,insulin,insulin,0/0/0.785532/0/0,0/0/0.180859/0/0,0/0/0.180859/0/0,0.2896861975201887,0.5,24.0,0.025,1.0,0,0.025,0.0522339/0.100234/0.102661/0.0524886/0,0.153035/0.152174/0.155859/0.153781/0,R_3j0utxuxkNQAl6B,counterfactual,counterfactual_exemplar
4,20,130309,1,insulin,insulin,0/0/0.105172/0/0,0/0/0.213748/0/0,0/0/0.213748/0/0,0.37627470664622353,0.0,24.0,0.025,1.0,0,0.05,0.0132963/0.138952/0.149521/0.0136778/0,0.153035/0.152174/0.163748/0.157426/0,R_3j0utxuxkNQAl6B,counterfactual,counterfactual_exemplar
0,1,130200,-1,bmi,bmi,0/0/0/-0.238783/0,0/0/0/-0.156879/0,0/0/0/-0.156879/0,0.23186737125472995,0.0,0.0,0.025,1.0,0,0.0,0.0765176/0.076087/0.077676/0.0784396/0,-0.153035/-0.152174/-0.155352/-0.156879/0,R_3j0utxuxkNQAl6B,counterfactual,counterfactual_prototype
1,2,130201,-1,bmi,bmi,0/0/0/0.357412/0,0/0/0/-0.181879/0,0/0/0/-0.181879/0,0.23186737125472995,0.0,0.0,0.025,1.0,0,0.025,0.0765176/0.076087/0.077676/0.0784396/0,-0.153035/-0.152174/-0.155352/-0.156879/0,R_3j0utxuxkNQAl6B,counterfactual,counterfactual_prototype
2,3,130202,-1,bmi,bmi,0/0/0/0.12585/0,0/0/0/-0.181879/0,0/0/0/-0.181879/0,0.23186737125472995,0.0,0.0,0.025,1.0,0,0.025,0.0765176/0.076087/0.077676/0.0784396/0,-0.153035/-0.152174/-0.155352/-0.156879/0,R_3j0utxuxkNQAl6B,counterfactual,counterfactual_prototype
3,4,130203,-1,blood_pressure,bmi,0/0.0652174/0/0/0,0/0/0/-0.181879/0,0/-0.177174/0/0/0,0.22599494106282164,0.0,0.0,0.025,1.0,0,0.025,0.0765176/0.076087/0.077676/0.0784396/0,-0.153035/-0.152174/-0.155352/-0.156879/0,R_3j0utxuxkNQAl6B,counterfactual,counterfactual_prototype
4,5,130204,-1,bmi,glucose,0/0/0/0.367412/0,-0.246353/0/0/0/0,0/0/0/-0.120818/0,0.16401799912725543,0.25,0.0,0.025,0.75,0,0.05,0.0918756/0.0577283/0.0289334/0.0331365/0,-0.196353/-0.108493/-0.0543769/-0.0708182/0,R_3j0utxuxkNQAl6B,counterfactual,counterfactual_prototype
0,6,130205,-1,bmi,bmi,0/0/0/-0.210733/0,0/0/0/-0.156879/0,0/0/0/-0.156879/0,0.23186737125472995,0.0,0.0,0.025,1.0,0,0.0,0.0765176/0.076087/0.077676/0.0784396/0,-0.153035/-0.152174/-0.155352/-0.156879/0,R_3j0utxuxkNQAl6B,counterfactual,counterfactual_prototype
1,7,130206,-1,bmi,bmi,0/0/0/0.248921/0,0/0/0/-0.181879/0,0/0/0/-0.181879/0,0.23186737125472995,0.0,0.0,0.025,1.0,0,0.025,0.0765176/0.076087/0.077676/0.0784396/0,-0.153035/-0.152174/-0.155352/-0.156879/0,R_3j0utxuxkNQAl6B,counterfactual,counterfactual_prototype
2,8,130207,-1,blood_pressure,bmi,0/0.434783/0/0/0,0/0/0/-0.181879/0,0/-0.177174/0/0/0,0.22599494106282164,0.0,0.0,0.025,1.0,0,0.025,0.0765176/0.076087/0.077676/0.0784396/0,-0.153035/-0.152174/-0.155352/-0.156879/0,R_3j0utxuxkNQAl6B,counterfactual,counterfactual_prototype
3,9,130208,-1,bmi,bmi,0/0/0/0.193459/0,0/0/0/-0.181879/0,0/0/0/-0.181879/0,0.23186737125472995,0.0,0.0,0.025,1.0,0,0.025,0.0765176/0.076087/0.077676/0.0784396/0,-0.153035/-0.152174/-0.155352/-0.156879/0,R_3j0utxuxkNQAl6B,counterfactual,counterfactual_prototype
4,10,130209,-1,insulin,bmi,0/0/0.200033/0/0,0/0/0/-0.292673/0,0/0/-0.118757/0/0,0.13177191725791682,0.25,0.0,0.025,0.75,0,0.05,0.0612897/0.10213/0.0359149/0.115914/0,-0.128314/-0.195523/-0.068757/-0.242673/0,R_3j0utxuxkNQAl6B,counterfactual,counterfactual_prototype
0,11,130300,1,insulin,insulin,0/0/0.173224/0/0,0/0/0.158789/0/0,0/0/0.158789/0/0,0.23389958447986817,0.0,0.0,0.025,1.0,0,0.0,0.0765176/0.076087/0.0793945/0.0772689/0,0.153035/0.152174/0.158789/0.154538/0,R_3j0utxuxkNQAl6B,counterfactual,counterfactual_prototype
1,12,130301,1,age,insulin,0/0/0/0/0.243243,0/0/0.183789/0/0,0/0/0/0/0,0.038744719203991945,0.0,0.0,0.025,1.0,0,0.025,0.0765176/0.076087/0.0793945/0.0772689/0,0.153035/0.152174/0.158789/0.154538/0,R_3j0utxuxkNQAl6B,counterfactual,counterfactual_prototype
2,13,130302,1,bmi,insulin,0/0/0/0.350388/0,0/0/0.183789/0/0,0/0/0/0.179538/0,0.22861151103417782,0.0,0.0,0.025,1.0,0,0.025,0.0765176/0.076087/0.0793945/0.0772689/0,0.153035/0.152174/0.158789/0.154538/0,R_3j0utxuxkNQAl6B,counterfactual,counterfactual_prototype
3,14,130303,1,bmi,insulin,0/0/0/0.456589/0,0/0/0.183789/0/0,0/0/0/0.179538/0,0.22861151103417782,0.0,0.0,0.025,1.0,0,0.025,0.0765176/0.076087/0.0793945/0.0772689/0,0.153035/0.152174/0.158789/0.154538/0,R_3j0utxuxkNQAl6B,counterfactual,counterfactual_prototype
4,15,130304,1,insulin,blood_pressure,0/0/0.420688/0/0,0/0.220346/0/0/0,0/0/0.139479/0/0,0.17266341498660728,0.25,0.0,0.025,0.75,0,0.05,0.0713039/0.0885697/0.0465238/0.0619984/0,0.148531/0.170346/0.0894791/0.129147/0,R_3j0utxuxkNQAl6B,counterfactual,counterfactual_prototype
0,16,130305,1,insulin,insulin,0/0/0.389755/0/0,0/0/0.158789/0/0,0/0/0.158789/0/0,0.23389958447986817,0.0,0.0,0.025,1.0,0,0.0,0.0765176/0.076087/0.0793945/0.0772689/0,0.153035/0.152174/0.158789/0.154538/0,R_3j0utxuxkNQAl6B,counterfactual,counterfactual_prototype
1,17,130306,1,insulin,insulin,0/0/0.307267/0/0,0/0/0.183789/0/0,0/0/0.183789/0/0,0.23389958447986817,0.0,0.0,0.025,1.0,0,0.025,0.0765176/0.076087/0.0793945/0.0772689/0,0.153035/0.152174/0.158789/0.154538/0,R_3j0utxuxkNQAl6B,counterfactual,counterfactual_prototype
2,18,130307,1,insulin,insulin,0/0/0.315516/0/0,0/0/0.183789/0/0,0/0/0.183789/0/0,0.23389958447986817,0.0,0.0,0.025,1.0,0,0.025,0.0765176/0.076087/0.0793945/0.0772689/0,0.153035/0.152174/0.158789/0.154538/0,R_3j0utxuxkNQAl6B,counterfactual,counterfactual_prototype
3,19,130308,1,insulin,insulin,0/0/0.785532/0/0,0/0/0.183789/0/0,0/0/0.183789/0/0,0.23389958447986817,0.0,0.0,0.025,1.0,0,0.025,0.0765176/0.076087/0.0793945/0.0772689/0,0.153035/0.152174/0.158789/0.154538/0,R_3j0utxuxkNQAl6B,counterfactual,counterfactual_prototype
4,20,130309,1,insulin,glucose,0/0/0.105172/0/0,0.207081/0/0/0/0,0/0/0.130687/0/0,0.19256719041298287,0.25,0.0,0.025,0.75,0,0.05,0.0760702/0.0598163/0.0416126/0.0306447/0,0.157081/0.115985/0.0806875/0.0632797/0,R_3j0utxuxkNQAl6B,counterfactual,counterfactual_prototype
0,1,130200,-1,blood_pressure,bmi,0/-0.26087/0/0/0,0/0/0/0.240489/0,0/-0.163431/0/0/0,0.20303915234895545,0.0,0.0,0.05,0.0,0,0.1,0.002896/0.0634306/0.0854704/0.140489/0,-0.002896/-0.0634306/0.0854704/0.140489/-0.0461183,R_3qfLJqm5RZmyABk,none,base_exemplar
1,2,130201,-1,bmi,bmi,0/0/0/-0.142588/0,0/0/0/0.396684/0,0/0/0/0.396684/0,0.4262785988648806,0.0,0.0,0.05,0.0,0,0.2,0.00181/0.148005/0.0447463/0.196684/0,-0.00181/0.148005/0.0447463/0.196684/-0.0327291,R_3qfLJqm5RZmyABk,none,base_exemplar
2,3,130202,-1,insulin,insulin,0/0/-0.125794/0/0,0/0/-0.307592/0/0,0/0/-0.307592/0/0,0.43869585880826756,0.0,0.0,0.05,0.0,0,0.2,0.000724001/0.0634306/0.107592/0.0351222/0,-0.000724001/0.0634306/-0.107592/0.0351222/-0.023803,R_3qfLJqm5RZmyABk,none,base_exemplar
3,4,130203,-1,bmi,blood_pressure,0/0/0/-0.267322/0,0/-0.240292/0/0/0,0/0/0/-0.20805/0,0.3201103039596939,0.0,0.0,0.05,0.0,0,0.05,0.00376481/0.190292/0.0804427/0.15805/0,-0.00376481/-0.190292/-0.0804427/-0.15805/0.0252907,R_3qfLJqm5RZmyABk,none,base_exemplar
4,5,130204,-1,blood_pressure,bmi,0/-0.173913/0/0/0,0/0/0/0.496684/0,0/0.321144/0/0/0,0.10479273494217829,0.0,0.0,0.05,0.0,0,0.3,0.002896/0.0211435/0.0548016/0.196684/0,-0.002896/0.0211435/-0.0548016/0.196684/-0.0193399,R_3qfLJqm5RZmyABk,none,base_exemplar
0,6,130205,-1,bmi,insulin,0/0/0/-0.245856/0,0/0/-0.305632/0/0,0/0/0/-0.279123/0,0.3410647032563689,0.0,0.0,0.05,0.0,0,0.1,0.00876041/0.0634306/0.205632/0.179123/0,-0.00876041/-0.0634306/-0.205632/-0.179123/0.0565321,R_3qfLJqm5RZmyABk,none,base_exemplar
1,7,130206,-1,bmi,bmi,0/0/0/-0.301079/0,0/0/0/-0.431807/0,0/0/0/-0.431807/0,0.3622327420339493,0.0,0.0,0.05,0.0,0,0.2,0.0024616/0.148005/0.173957/0.231807/0,-0.0024616/-0.148005/-0.173957/-0.231807/0.0342168,R_3qfLJqm5RZmyABk,none,base_exemplar
2,8,130207,-1,insulin,insulin,0/0/-0.443372/0/0,0/0/-0.627352/0/0,0/0/-0.627352/0/0,0.5581052109037854,0.0,0.0,0.05,0.0,0,0.2,0.0035476/0.0211435/0.427352/0.15805/0,-0.0035476/0.0211435/-0.427352/-0.15805/0.0208276,R_3qfLJqm5RZmyABk,none,base_exemplar
3,9,130208,-1,bmi,bmi,0/0/0/-0.276541/0,0/0/0/-0.127269/0,0/0/0/-0.127269/0,0.30634661847584227,0.0,0.0,0.05,0.0,0,0.05,0.00644361/0.0634306/0.0759178/0.0772689/0,0.00644361/0.0634306/-0.0759178/-0.0772689/-0.0952119,R_3qfLJqm5RZmyABk,none,base_exemplar
4,10,130209,-1,bmi,bmi,0/0/0/-0.51/0,0/0/0/-0.790728/0,0/0/0/-0.790728/0,0.4532446709195854,0.0,0.0,0.05,0.0,0,0.3,0.00405441/0.317153/0.0955257/0.490728/0,0.00405441/-0.317153/-0.0955257/-0.490728/0.0163646,R_3qfLJqm5RZmyABk,none,base_exemplar
0,11,130300,1,insulin,bmi,0/0/0.583601/0/0,0/0/0/0.337075/0,0/0/0.210357/0/0,0.24123204671249251,0.0,0.0,0.05,0.0,0,0.1,0.0101722/0.0563827/0.110357/0.237075/0,-0.0101722/-0.0563827/0.110357/0.237075/0.0632267,R_3qfLJqm5RZmyABk,none,base_exemplar
1,12,130301,1,insulin,bmi,0/0/0.585664/0/0,0/0/0/0.510832/0,0/0/0.400855/0/0,0.2819976061552096,0.0,0.0,0.05,0.0,0,0.2,0.00604541/0.112765/0.200855/0.310832/0,-0.00604541/0.112765/0.200855/0.310832/0.0230591,R_3qfLJqm5RZmyABk,none,base_exemplar
2,13,130302,1,insulin,blood_pressure,0/0/0.515549/0/0,0/0.651062/0/0/0,0/0/0.378231/0/0,0.17937774358732442,0.0,0.0,0.05,0.0,0,0.2,0.000615401/0.451062/0.178231/0.324881/0,-0.000615401/0.451062/0.178231/0.324881/-0.00371922,R_3qfLJqm5RZmyABk,none,base_exemplar
3,14,130303,1,insulin,bmi,0/0/0.595975/0/0,0/0/0/0.497808/0,0/0/0.235772/0/0,0.2276026910168428,0.0,0.0,0.05,0.0,0,0.05,0.0011222/0.112765/0.185772/0.447808/0,0.0011222/0.112765/0.185772/0.447808/-0.066202,R_3qfLJqm5RZmyABk,none,base_exemplar
4,15,130304,1,insulin,bmi,0/0/0.389755/0/0,0/0/0/0.435221/0,0/0/-0.352539/0/0,0.16902448434927392,0.0,0.0,0.05,0.0,0,0.3,0.001267/0.112765/0.0525392/0.135221/0,-0.001267/0.112765/-0.0525392/0.135221/0.0275222,R_3qfLJqm5RZmyABk,none,base_exemplar
0,16,130305,1,insulin,bmi,0/0/0.569166/0/0,0/0/0/-0.455507/0,0/0/0.127401/0/0,0.06813911354279772,0.0,0.0,0.05,0.0,0,0.1,0.00394581/0.310105/0.0274008/0.355507/0,0.00394581/-0.310105/0.0274008/-0.355507/0.0632267,R_3qfLJqm5RZmyABk,none,base_exemplar
1,17,130306,1,insulin,insulin,0/0/0.748577/0/0,0/0/0.431021/0/0,0/0/0.431021/0/0,0.48902785085635464,0.0,0.0,0.05,0.0,0,0.2,0.00524901/0.140957/0.231021/0.0122928/0,0.00524901/-0.140957/0.231021/-0.0122928/-0.0260345,R_3qfLJqm5RZmyABk,none,base_exemplar
2,18,130307,1,insulin,insulin,0/0/0.635156/0/0,0/0/0.311866/0/0,0/0/0.311866/0/0,0.4230685753898191,0.0,0.0,0.05,0.0,0,0.2,0.00894141/0.0281914/0.111866/0.0755128/0,0.00894141/0.0281914/0.111866/0.0755128/-0.0438868,R_3qfLJqm5RZmyABk,none,base_exemplar
3,19,130308,1,insulin,blood_pressure,0/0/0.754764/0/0,0/-0.360105/0/0/0,0/0/0.228231/0/0,0.2323816265204771,0.0,0.0,0.05,0.0,0,0.05,0.0017738/0.310105/0.178231/0.208977/0,0.0017738/-0.310105/0.178231/0.208977/-0.0394237,R_3qfLJqm5RZmyABk,none,base_exemplar
4,20,130309,1,insulin,bmi,0/0/0.414501/0/0,0/0/0/-0.428196/0,0/0/-0.37818/0/0,0.23303722757165593,0.0,0.0,0.05,0.0,0,0.3,0.000398201/0.0986698/0.0781803/0.128196/0,-0.000398201/-0.0986698/-0.0781803/-0.128196/0.0632267,R_3qfLJqm5RZmyABk,none,base_exemplar
0,1,130200,-1,blood_pressure,bmi,0/-0.26087/0/0/0,0/0/0/0.240489/0,0/-0.163431/0/0/0,0.20303915234895545,0.0,0.0,0.05,0.0,0,0.1,0.002896/0.0634306/0.0854704/0.140489/0,-0.002896/-0.0634306/0.0854704/0.140489/-0.0461183,R_3qfLJqm5RZmyABk,none,base_prototype
1,2,130201,-1,bmi,bmi,0/0/0/-0.142588/0,0/0/0/0.396684/0,0/0/0/0.396684/0,0.4262785988648806,0.0,0.0,0.05,0.0,0,0.2,0.00181/0.148005/0.0447463/0.196684/0,-0.00181/0.148005/0.0447463/0.196684/-0.0327291,R_3qfLJqm5RZmyABk,none,base_prototype
2,3,130202,-1,insulin,insulin,0/0/-0.125794/0/0,0/0/-0.307592/0/0,0/0/-0.307592/0/0,0.43869585880826756,0.0,0.0,0.05,0.0,0,0.2,0.000724001/0.0634306/0.107592/0.0351222/0,-0.000724001/0.0634306/-0.107592/0.0351222/-0.023803,R_3qfLJqm5RZmyABk,none,base_prototype
3,4,130203,-1,bmi,blood_pressure,0/0/0/-0.267322/0,0/-0.240292/0/0/0,0/0/0/-0.20805/0,0.3201103039596939,0.0,0.0,0.05,0.0,0,0.05,0.00376481/0.190292/0.0804427/0.15805/0,-0.00376481/-0.190292/-0.0804427/-0.15805/0.0252907,R_3qfLJqm5RZmyABk,none,base_prototype
4,5,130204,-1,blood_pressure,bmi,0/-0.173913/0/0/0,0/0/0/0.496684/0,0/0.321144/0/0/0,0.10479273494217829,0.0,0.0,0.05,0.0,0,0.3,0.002896/0.0211435/0.0548016/0.196684/0,-0.002896/0.0211435/-0.0548016/0.196684/-0.0193399,R_3qfLJqm5RZmyABk,none,base_prototype
0,6,130205,-1,bmi,insulin,0/0/0/-0.245856/0,0/0/-0.305632/0/0,0/0/0/-0.279123/0,0.3410647032563689,0.0,0.0,0.05,0.0,0,0.1,0.00876041/0.0634306/0.205632/0.179123/0,-0.00876041/-0.0634306/-0.205632/-0.179123/0.0565321,R_3qfLJqm5RZmyABk,none,base_prototype
1,7,130206,-1,bmi,bmi,0/0/0/-0.301079/0,0/0/0/-0.431807/0,0/0/0/-0.431807/0,0.3622327420339493,0.0,0.0,0.05,0.0,0,0.2,0.0024616/0.148005/0.173957/0.231807/0,-0.0024616/-0.148005/-0.173957/-0.231807/0.0342168,R_3qfLJqm5RZmyABk,none,base_prototype
2,8,130207,-1,insulin,insulin,0/0/-0.443372/0/0,0/0/-0.627352/0/0,0/0/-0.627352/0/0,0.5581052109037854,0.0,0.0,0.05,0.0,0,0.2,0.0035476/0.0211435/0.427352/0.15805/0,-0.0035476/0.0211435/-0.427352/-0.15805/0.0208276,R_3qfLJqm5RZmyABk,none,base_prototype
3,9,130208,-1,bmi,bmi,0/0/0/-0.276541/0,0/0/0/-0.127269/0,0/0/0/-0.127269/0,0.30634661847584227,0.0,0.0,0.05,0.0,0,0.05,0.00644361/0.0634306/0.0759178/0.0772689/0,0.00644361/0.0634306/-0.0759178/-0.0772689/-0.0952119,R_3qfLJqm5RZmyABk,none,base_prototype
4,10,130209,-1,bmi,bmi,0/0/0/-0.51/0,0/0/0/-0.790728/0,0/0/0/-0.790728/0,0.4532446709195854,0.0,0.0,0.05,0.0,0,0.3,0.00405441/0.317153/0.0955257/0.490728/0,0.00405441/-0.317153/-0.0955257/-0.490728/0.0163646,R_3qfLJqm5RZmyABk,none,base_prototype
0,11,130300,1,insulin,bmi,0/0/0.583601/0/0,0/0/0/0.337075/0,0/0/0.210357/0/0,0.24123204671249251,0.0,0.0,0.05,0.0,0,0.1,0.0101722/0.0563827/0.110357/0.237075/0,-0.0101722/-0.0563827/0.110357/0.237075/0.0632267,R_3qfLJqm5RZmyABk,none,base_prototype
1,12,130301,1,insulin,bmi,0/0/0.585664/0/0,0/0/0/0.510832/0,0/0/0.400855/0/0,0.2819976061552096,0.0,0.0,0.05,0.0,0,0.2,0.00604541/0.112765/0.200855/0.310832/0,-0.00604541/0.112765/0.200855/0.310832/0.0230591,R_3qfLJqm5RZmyABk,none,base_prototype
2,13,130302,1,insulin,blood_pressure,0/0/0.515549/0/0,0/0.651062/0/0/0,0/0/0.378231/0/0,0.17937774358732442,0.0,0.0,0.05,0.0,0,0.2,0.000615401/0.451062/0.178231/0.324881/0,-0.000615401/0.451062/0.178231/0.324881/-0.00371922,R_3qfLJqm5RZmyABk,none,base_prototype
3,14,130303,1,insulin,bmi,0/0/0.595975/0/0,0/0/0/0.497808/0,0/0/0.235772/0/0,0.2276026910168428,0.0,0.0,0.05,0.0,0,0.05,0.0011222/0.112765/0.185772/0.447808/0,0.0011222/0.112765/0.185772/0.447808/-0.066202,R_3qfLJqm5RZmyABk,none,base_prototype
4,15,130304,1,insulin,bmi,0/0/0.389755/0/0,0/0/0/0.435221/0,0/0/-0.352539/0/0,0.16902448434927392,0.0,0.0,0.05,0.0,0,0.3,0.001267/0.112765/0.0525392/0.135221/0,-0.001267/0.112765/-0.0525392/0.135221/0.0275222,R_3qfLJqm5RZmyABk,none,base_prototype
0,16,130305,1,insulin,bmi,0/0/0.569166/0/0,0/0/0/-0.455507/0,0/0/0.127401/0/0,0.06813911354279772,0.0,0.0,0.05,0.0,0,0.1,0.00394581/0.310105/0.0274008/0.355507/0,0.00394581/-0.310105/0.0274008/-0.355507/0.0632267,R_3qfLJqm5RZmyABk,none,base_prototype
1,17,130306,1,insulin,insulin,0/0/0.748577/0/0,0/0/0.431021/0/0,0/0/0.431021/0/0,0.48902785085635464,0.0,0.0,0.05,0.0,0,0.2,0.00524901/0.140957/0.231021/0.0122928/0,0.00524901/-0.140957/0.231021/-0.0122928/-0.0260345,R_3qfLJqm5RZmyABk,none,base_prototype
2,18,130307,1,insulin,insulin,0/0/0.635156/0/0,0/0/0.311866/0/0,0/0/0.311866/0/0,0.4230685753898191,0.0,0.0,0.05,0.0,0,0.2,0.00894141/0.0281914/0.111866/0.0755128/0,0.00894141/0.0281914/0.111866/0.0755128/-0.0438868,R_3qfLJqm5RZmyABk,none,base_prototype
3,19,130308,1,insulin,blood_pressure,0/0/0.754764/0/0,0/-0.360105/0/0/0,0/0/0.228231/0/0,0.2323816265204771,0.0,0.0,0.05,0.0,0,0.05,0.0017738/0.310105/0.178231/0.208977/0,0.0017738/-0.310105/0.178231/0.208977/-0.0394237,R_3qfLJqm5RZmyABk,none,base_prototype
4,20,130309,1,insulin,bmi,0/0/0.414501/0/0,0/0/0/-0.428196/0,0/0/-0.37818/0/0,0.23303722757165593,0.0,0.0,0.05,0.0,0,0.3,0.000398201/0.0986698/0.0781803/0.128196/0,-0.000398201/-0.0986698/-0.0781803/-0.128196/0.0632267,R_3qfLJqm5RZmyABk,none,base_prototype
0,1,130200,-1,insulin,glucose,0/0/0.218593/0/0,-0.0549411/0/0/0/0,0/0/0.437667/0/0,0.06377362161137205,4.0,2.0,0.05,0.0,0,0.05,0.0299717/0.000627036/0/0/0,-0.00494113/0.0465406/0.387667/0.183512/-0.405217,R_3rONzvm8h505G8I,counterfactual,additive_exemplar
1,2,130201,-1,blood_pressure,glucose,0/0.326087/0/0/0,-0.0900589/0/0/0/0,0/0.3573/0/0/0,0.06469500464579635,4.0,2.0,0.05,0.0,0,0.1,0.014965/0/0/0/0,0.00994108/0.2573/0.308387/0.259352/-0.303802,R_3rONzvm8h505G8I,counterfactual,additive_exemplar
2,3,130202,-1,insulin,insulin,0/0/-0.146416/0/0,0/0/-0.00454991/0/0,0/0/-0.00454991/0/0,0.5924694022790992,4.0,2.0,0.025,0.0,0,0.1,0/0/0.122468/0/0,0.0380776/0.168427/0.0954501/0.110929/-0.244884,R_3rONzvm8h505G8I,counterfactual,additive_exemplar
3,4,130203,-1,bmi,blood_pressure,0/0/0/-0.267322/0,0/-0.141391/0/0/0,0/0/0/-0.126254/0,0.1999885040986877,4.0,0.0,0.05,0.0,0,0.05,0.127649/0.139704/0.0883718/0.0991114/0,-0.077052/-0.0913914/0.150678/-0.0762542/0.0377776,R_3rONzvm8h505G8I,counterfactual,additive_exemplar
4,5,130204,-1,insulin,glucose,0/0/0.156727/0/0,-0.102937/0/0/0/0,0/0/0.125098/0/0,0.28568184819210457,4.0,0.0,0.025,0.0,0,0.05,0.102957/0/0.0560219/0/0,-0.0529365/0.122366/0.175098/0.282722/-0.222592,R_3rONzvm8h505G8I,counterfactual,additive_exemplar
0,6,130205,-1,bmi,glucose,0/0/0/-0.456589/0,-0.334973/0/0/0/0,0/0/0/-0.140553/0,0.15447904927342948,4.0,2.0,0.05,0.0,0,0.05,0.334304/0.0130267/0.260019/0.111208/0,-0.284973/0.0351414/-0.0319071/-0.0905529/0.237189,R_3rONzvm8h505G8I,counterfactual,additive_exemplar
1,7,130206,-1,bmi,insulin,0/0/0/-0.291079/0,0/0/-0.104523/0/0,0/0/0/-0.23909/0,0.25365670735883805,4.0,2.0,0.05,0.0,0,0.1,0.0924761/0.102346/0.217984/0.162109/0,-0.0505789/-0.0559594/-0.00452256/-0.13909/0.116481,R_3rONzvm8h505G8I,counterfactual,additive_exemplar
2,8,130207,-1,insulin,insulin,0/0/-0.134043/0/0,0/0/-0.430975/0/0,0/0/-0.430975/0/0,0.49039499025094746,4.0,2.0,0.025,0.0,0,0.1,0.138086/0/0.566959/0.0918439/0,-0.0823695/0.118802/-0.330975/-0.068696/0.0191734,R_3rONzvm8h505G8I,counterfactual,additive_exemplar
3,9,130208,-1,age,insulin,0/0/0/0/-0.378378,0/0/0.0638957/0/0,0/0/0/0/-0.70246,0.05892133233200146,4.0,0.0,0.05,0.0,0,0.05,0/0/0.0920589/0.0130236/0,0.290116/0.154171/0.113896/0.0129108/-0.65246,R_3rONzvm8h505G8I,counterfactual,additive_exemplar
4,10,130209,-1,blood_pressure,bmi,0/-0.23913/0/0/0,0/0/0/-0.450753/0,0/-0.28943/0/0/0,0.28686239505779304,4.0,0.0,0.025,0.0,0,0.05,0/0.286586/0.120012/0.428232/0,0.193257/-0.23943/0.080954/-0.400753/0.0287231,R_3rONzvm8h505G8I,counterfactual,additive_exemplar
0,11,130300,1,insulin,insulin,0/0/0.321703/0/0,0/0/0.188214/0/0,0/0/0.188214/0/0,0.488505647537802,4.0,2.0,0.05,0.0,0,0.05,0/0/0.320508/0.220608/0,-0.372868/-0.0665801/0.138214/0.191184/0.283466,R_3rONzvm8h505G8I,counterfactual,additive_exemplar
1,12,130301,1,insulin,insulin,0/0/0.315516/0/0,0/0/0.329523/0/0,0/0/0.329523/0/0,0.40304963571466806,4.0,2.0,0.05,0.0,0,0.1,0/0.137544/0.386695/0.297054/0,-0.224355/0.0970319/0.229523/0.261912/0.0679217,R_3rONzvm8h505G8I,counterfactual,additive_exemplar
2,13,130302,1,blood_pressure,blood_pressure,0/0.456522/0/0/0,0/0.539151/0/0/0,0/0.539151/0/0/0,0.3499111858060328,4.0,2.0,0.025,0.0,0,0.1,0/0.477521/0.323601/0.313923/0,-0.0207734/0.439151/0.180904/0.275899/-0.0790276,R_3rONzvm8h505G8I,counterfactual,additive_exemplar
3,14,130303,1,bmi,bmi,0/0/0/0.526833/0,0/0/0/0.450602/0,0/0/0/0.450602/0,0.343478373141413,4.0,0.0,0.05,0.0,0,0.05,0.10139/0.14814/0.421632/0.433954/0,0.0651249/0.101051/0.236869/0.400602/-0.494656,R_3rONzvm8h505G8I,counterfactual,additive_exemplar
4,15,130304,1,insulin,blood_pressure,0/0/-0.140229/0/0,0/0.149584/0/0/0,0/0/-0.0428061/0/0,0.22407040541696657,4.0,0.0,0.025,0.0,0,0.05,0.00498875/0.14667/0.0886602/0.122093/0,-0.0299786/0.0995835/-0.0928061/0.0874345/0.0762791,R_3rONzvm8h505G8I,counterfactual,additive_exemplar
0,16,130305,1,insulin,glucose,0/0/0.288707/0/0,0.213725/0/0/0/0,0/0/0.0558398/0/0,0.4010706773482454,4.0,2.0,0.05,0.0,0,0.05,0.190069/0/0.170433/0/0,0.163725/-0.334062/0.00583985/-0.394815/0.301034,R_3rONzvm8h505G8I,counterfactual,additive_exemplar
1,17,130306,1,insulin,insulin,0/0/0.148478/0/0,0/0/0.34179/0/0,0/0/0.34179/0/0,0.5185498902329088,4.0,2.0,0.05,0.0,0,0.1,0.213182/0/0.375578/0/0,0.198544/-0.17097/0.24179/-0.0565286/-0.202757,R_3rONzvm8h505G8I,counterfactual,additive_exemplar
2,18,130307,1,insulin,glucose,0/0/0.185598/0/0,0.443493/0/0/0/0,0/0/0.180362/0/0,0.2652381281623893,4.0,2.0,0.025,0.0,0,0.1,0.353809/0.0436046/0.210665/0.0705063/0,0.343493/0.00425509/0.0803623/0.0321245/-0.312523,R_3rONzvm8h505G8I,counterfactual,additive_exemplar
3,19,130308,1,insulin,insulin,0/0/0.224779/0/0,0/0/0.260085/0/0,0/0/0.260085/0/0,0.45879167788304237,4.0,0.0,0.05,0.0,0,0.05,0.114819/0/0.380565/0.198134/0,0.0843098/-0.340015/0.210085/0.158955/-0.318172,R_3rONzvm8h505G8I,counterfactual,additive_exemplar
4,20,130309,1,insulin,glucose,0/0/0.305205/0/0,0.0483928/0/0/0/0,0/0/-0.0930915/0/0,0.3698857273331817,4.0,0.0,0.025,0.0,0,0.05,0.0279496/0/0.0250915/0/0,-0.00160724/-0.123615/-0.143091/-0.178734/0.305691,R_3rONzvm8h505G8I,counterfactual,additive_exemplar
0,1,130200,-1,insulin,glucose,0/0/0.218593/0/0,-0.0132139/0/0/0/0,0/0/0.441199/0/0,0.06385412741808023,4.0,0.0,0.05,0.0,0,0.025,0.0311857/0.000594703/0/0/0,0.0117861/0.0512753/0.416199/0.181609/-0.429878,R_3rONzvm8h505G8I,counterfactual,additive_prototype
1,2,130201,-1,blood_pressure,glucose,0/0.326087/0/0/0,0.00573777/0/0/0/0,0/0.289512/0/0/0,0.06469500464579635,4.0,0.0,0.05,0.0,0,0.025,0.0165601/0/0/0/0,0.0307378/0.264512/0.346803/0.258077/-0.336696,R_3rONzvm8h505G8I,counterfactual,additive_prototype
2,3,130202,-1,insulin,insulin,0/0/-0.146416/0/0,0/0/0.0754469/0/0,0/0/0.0754469/0/0,0.5924694022790992,4.0,0.0,0.025,0.0,0,0.05,0/0/0.122407/0/0,0.0551842/0.173402/0.125447/0.109456/-0.270602,R_3rONzvm8h505G8I,counterfactual,additive_prototype
3,4,130203,-1,bmi,blood_pressure,0/0/0/-0.267322/0,0/-0.141391/0/0/0,0/0/0/-0.126254/0,0.1999885040986877,4.0,0.0,0.05,0.0,0,0.05,0.127649/0.139704/0.0883718/0.0991114/0,-0.077052/-0.0913914/0.150678/-0.0762542/0.0377776,R_3rONzvm8h505G8I,counterfactual,additive_prototype
4,5,130204,-1,insulin,glucose,0/0/0.156727/0/0,-0.102937/0/0/0/0,0/0/0.125098/0/0,0.28568184819210457,4.0,0.0,0.025,0.0,0,0.05,0.102957/0/0.0560219/0/0,-0.0529365/0.122366/0.175098/0.282722/-0.222592,R_3rONzvm8h505G8I,counterfactual,additive_prototype
0,6,130205,-1,bmi,glucose,0/0/0/-0.456589/0,-0.315117/0/0/0/0,0/0/0/-0.115734/0,0.1540252169229294,4.0,0.0,0.05,0.0,0,0.025,0.338925/0.0155169/0.264531/0.112901/0,-0.290117/0.0320758/-0.0406064/-0.0907343/0.245639,R_3rONzvm8h505G8I,counterfactual,additive_prototype
1,7,130206,-1,bmi,insulin,0/0/0/-0.291079/0,0/0/-0.0307659/0/0,0/0/0/-0.167206/0,0.2519810614577304,4.0,0.0,0.05,0.0,0,0.025,0.0968726/0.105331/0.223143/0.165337/0,-0.0495921/-0.057925/-0.00576588/-0.142206/0.118273,R_3rONzvm8h505G8I,counterfactual,additive_prototype
2,8,130207,-1,insulin,insulin,0/0/-0.134043/0/0,0/0/-0.409792/0/0,0/0/-0.409792/0/0,0.48917651160355846,4.0,0.0,0.025,0.0,0,0.05,0.142591/0/0.571198/0.0923896/0,-0.0969723/0.113215/-0.359792/-0.0679406/0.0440919,R_3rONzvm8h505G8I,counterfactual,additive_prototype
3,9,130208,-1,age,insulin,0/0/0/0/-0.378378,0/0/0.0638957/0/0,0/0/0/0/-0.70246,0.05892133233200146,4.0,0.0,0.05,0.0,0,0.05,0/0/0.0920589/0.0130236/0,0.290116/0.154171/0.113896/0.0129108/-0.65246,R_3rONzvm8h505G8I,counterfactual,additive_prototype
4,10,130209,-1,blood_pressure,bmi,0/-0.23913/0/0/0,0/0/0/-0.450753/0,0/-0.28943/0/0/0,0.28686239505779304,4.0,0.0,0.025,0.0,0,0.05,0/0.286586/0.120012/0.428232/0,0.193257/-0.23943/0.080954/-0.400753/0.0287231,R_3rONzvm8h505G8I,counterfactual,additive_prototype
0,11,130300,1,insulin,insulin,0/0/0.321703/0/0,0/0/0.172582/0/0,0/0/0.172582/0/0,0.49988682061108597,4.0,0.0,0.05,0.0,0,0.025,0/0/0.343976/0.220477/0,-0.37069/-0.0676091/0.147582/0.191454/0.276918,R_3rONzvm8h505G8I,counterfactual,additive_prototype
1,12,130301,1,insulin,insulin,0/0/0.315516/0/0,0/0/0.291276/0/0,0/0/0.291276/0/0,0.4289739038520435,4.0,0.0,0.05,0.0,0,0.025,0/0.1515/0.458471/0.295259/0,-0.211559/0.104395/0.266276/0.264732/0.038145,R_3rONzvm8h505G8I,counterfactual,additive_prototype
2,13,130302,1,blood_pressure,blood_pressure,0/0.456522/0/0/0,0/0.500476/0/0/0,0/0.500476/0/0/0,0.32892597761779324,4.0,0.0,0.025,0.0,0,0.05,0.036558/0.49757/0.419082/0.310216/0,-0.00108579/0.450476/0.230754/0.278243/-0.119965,R_3rONzvm8h505G8I,counterfactual,additive_prototype
3,14,130303,1,bmi,bmi,0/0/0/0.526833/0,0/0/0/0.450602/0,0/0/0/0.450602/0,0.343478373141413,4.0,0.0,0.05,0.0,0,0.05,0.10139/0.14814/0.421632/0.433954/0,0.0651249/0.101051/0.236869/0.400602/-0.494656,R_3rONzvm8h505G8I,counterfactual,additive_prototype
4,15,130304,1,insulin,blood_pressure,0/0/-0.140229/0/0,0/0.149584/0/0/0,0/0/-0.0428061/0/0,0.22407040541696657,4.0,0.0,0.025,0.0,0,0.05,0.00498875/0.14667/0.0886602/0.122093/0,-0.0299786/0.0995835/-0.0928061/0.0874345/0.0762791,R_3rONzvm8h505G8I,counterfactual,additive_prototype
0,16,130305,1,insulin,glucose,0/0/0.288707/0/0,0.197672/0/0/0/0,0/0/0.0379509/0/0,0.4081149219187597,4.0,0.0,0.05,0.0,0,0.025,0.206419/0/0.191363/0/0,0.172672/-0.33655/0.0129509/-0.403871/0.295581,R_3rONzvm8h505G8I,counterfactual,additive_prototype
1,17,130306,1,insulin,insulin,0/0/0.148478/0/0,0/0/0.313082/0/0,0/0/0.313082/0/0,0.5232106593038258,4.0,0.0,0.05,0.0,0,0.025,0.255044/0/0.463659/0/0,0.222444/-0.163883/0.288082/-0.0612257/-0.242124,R_3rONzvm8h505G8I,counterfactual,additive_prototype
2,18,130307,1,insulin,glucose,0/0/0.185598/0/0,0.415869/0/0/0/0,0/0/0.172149/0/0,0.30121221466147485,4.0,0.0,0.025,0.0,0,0.05,0.397392/0.0559687/0.295088/0.0641751/0,0.365869/0.00887837/0.122149/0.0260261/-0.347617,R_3rONzvm8h505G8I,counterfactual,additive_prototype
3,19,130308,1,insulin,insulin,0/0/0.224779/0/0,0/0/0.260085/0/0,0/0/0.260085/0/0,0.45879167788304237,4.0,0.0,0.05,0.0,0,0.05,0.114819/0/0.380565/0.198134/0,0.0843098/-0.340015/0.210085/0.158955/-0.318172,R_3rONzvm8h505G8I,counterfactual,additive_prototype
4,20,130309,1,insulin,glucose,0/0/0.305205/0/0,0.0483928/0/0/0/0,0/0/-0.0930915/0/0,0.3698857273331817,4.0,0.0,0.025,0.0,0,0.05,0.0279496/0/0.0250915/0/0,-0.00160724/-0.123615/-0.143091/-0.178734/0.305691,R_3rONzvm8h505G8I,counterfactual,additive_prototype
0,1,130200,-1,insulin,bmi,0/0/0.218593/0/0,0/0/0/0.190489/0,0/0/0.13547/0/0,0.23030375331122274,0.0,0.0,0.05,0.0,1,0.05,0.002896/0.0634306/0.0854704/0.140489/0.0461183,-0.002896/-0.0634306/0.0854704/0.140489/-0.0461183,R_3rONzvm8h505G8I,counterfactual,base_exemplar
1,2,130201,-1,blood_pressure,blood_pressure,0/0.326087/0/0/0,0/0.206855/0/0/0,0/0.206855/0/0/0,0.37900394540412086,4.0,2.0,0.05,0.0,1,0.025,0.00345988/0.181855/0.0879092/0.0418954/0.0994231,-0.00345988/0.181855/0.0879092/0.0418954/-0.0994231,R_3rONzvm8h505G8I,counterfactual,base_exemplar
2,3,130202,-1,insulin,insulin,0/0/-0.146416/0/0,0/0/-0.231869/0/0,0/0/-0.231869/0/0,0.42156607490177067,0.5,0.0,0.05,0.0,1,0.1,0.00502676/0.0777244/0.131869/0.0462393/0.00490624,-0.00502676/0.0777244/-0.131869/0.0462393/-0.00490624,R_3rONzvm8h505G8I,counterfactual,base_exemplar
3,4,130203,-1,bmi,blood_pressure,0/0/0/-0.267322/0,0/-0.136533/0/0/0,0/0/0/-0.0399065/0,0.06622758944751087,4.0,2.0,0.1,0.0,0,0.025,0.0356919/0.111533/0.0856843/0.0149065/0,-0.0356919/-0.111533/-0.0856843/-0.0149065/0.0419397,R_3rONzvm8h505G8I,counterfactual,base_exemplar
4,5,130204,-1,insulin,bmi,0/0/0.156727/0/0,0/0/0/0.282939/0,0/0/-0.16413/0/0,0.2017665445605801,0.5,0.0,0.05,0.0,1,0.1,0.0153461/0.0309835/0.0641296/0.182939/0.00660398,-0.0153461/0.0309835/-0.0641296/0.182939/-0.00660398,R_3rONzvm8h505G8I,counterfactual,base_exemplar
0,6,130205,-1,bmi,insulin,0/0/0/-0.456589/0,0/0/-0.255632/0/0,0/0/0/-0.229123/0,0.307655840679247,0.0,0.0,0.05,0.0,1,0.05,0.00876041/0.0634306/0.205632/0.179123/0.0565321,-0.00876041/-0.0634306/-0.205632/-0.179123/0.0565321,R_3rONzvm8h505G8I,counterfactual,base_exemplar
1,7,130206,-1,bmi,insulin,0/0/0/-0.291079/0,0/0/-0.242984/0/0,0/0/0/-0.0556166/0,0.09435220417316557,4.0,2.0,0.05,0.0,1,0.025,0.0297125/0.0821901/0.217984/0.0306166/0.0572672,-0.0297125/-0.0821901/-0.217984/-0.0306166/0.0572672,R_3rONzvm8h505G8I,counterfactual,base_exemplar
2,8,130207,-1,insulin,insulin,0/0/-0.134043/0/0,0/0/-0.593203/0/0,0/0/-0.593203/0/0,0.5752628822501227,0.5,0.0,0.05,0.0,1,0.1,0.0154284/0.0284468/0.493203/0.130315/0.00958176,-0.0154284/0.0284468/-0.493203/-0.130315/0.00958176,R_3rONzvm8h505G8I,counterfactual,base_exemplar
3,9,130208,-1,age,insulin,0/0/0/0/-0.378378,0/0/-0.117897/0/0,0/0/0/0/-0.206009,0.014042472243931249,4.0,2.0,0.1,0.0,0,0.025,0.0796336/0.0871403/0.0928974/0.0026035/0,0.0796336/0.0871403/-0.0928974/-0.0026035/-0.181009,R_3rONzvm8h505G8I,counterfactual,base_exemplar
4,10,130209,-1,blood_pressure,bmi,0/-0.23913/0/0/0,0/0/0/-0.538159/0,0/-0.420404/0/0/0,0.31429473500933763,0.5,0.0,0.05,0.0,1,0.1,0.0151883/0.320404/0.108057/0.438159/0.00856958,0.0151883/-0.320404/-0.108057/-0.438159/0.00856958,R_3rONzvm8h505G8I,counterfactual,base_exemplar
0,11,130300,1,insulin,bmi,0/0/0.321703/0/0,0/0/0/0.287075/0,0/0/0.160357/0/0,0.21421389032858856,0.0,0.0,0.05,0.0,1,0.05,0.0101722/0.0563827/0.110357/0.237075/0.0632267,-0.0101722/-0.0563827/0.110357/0.237075/0.0632267,R_3rONzvm8h505G8I,counterfactual,base_exemplar
1,12,130301,1,insulin,insulin,0/0/0.315516/0/0,0/0/0.411695/0/0,0/0/0.411695/0/0,0.4769040064889619,4.0,2.0,0.05,0.0,1,0.025,0.06507/0.116115/0.386695/0.0910397/0.0134359,-0.06507/0.116115/0.386695/0.0910397/0.0134359,R_3rONzvm8h505G8I,counterfactual,base_exemplar
2,13,130302,1,blood_pressure,blood_pressure,0/0.456522/0/0/0,0/0.567875/0/0/0,0/0.567875/0/0/0,0.4033331207564576,0.5,0.0,0.05,0.0,1,0.1,0.0014838/0.467875/0.218333/0.301163/0.00403982,-0.0014838/0.467875/0.218333/0.301163/-0.00403982,R_3rONzvm8h505G8I,counterfactual,base_exemplar
3,14,130303,1,bmi,insulin,0/0/0/0.526833/0,0/0/0.343249/0/0,0/0/0/0.180828/0,0.23207409709292012,4.0,2.0,0.1,0.0,0,0.025,0.0174491/0.110864/0.318249/0.155828/0,0.0174491/0.110864/0.318249/0.155828/-0.10937,R_3rONzvm8h505G8I,counterfactual,base_exemplar
4,15,130304,1,insulin,bmi,0/0/-0.140229/0/0,0/0/0/0.22587/0,0/0/-0.141615/0/0,0.13772170317640442,0.5,0.0,0.05,0.0,1,0.1,0.00350297/0.119648/0.0416151/0.12587/0.0160548,-0.00350297/0.119648/-0.0416151/0.12587/0.0160548,R_3rONzvm8h505G8I,counterfactual,base_exemplar
0,16,130305,1,insulin,bmi,0/0/0.288707/0/0,0/0/0/-0.405507/0,0/0/0.0774008/0/0,0.06326568349693974,0.0,0.0,0.05,0.0,1,0.05,0.00394581/0.310105/0.0274008/0.355507/0.0632267,0.00394581/-0.310105/0.0274008/-0.355507/0.0632267,R_3rONzvm8h505G8I,counterfactual,base_exemplar
1,17,130306,1,insulin,insulin,0/0/0.148478/0/0,0/0/0.400578/0/0,0/0/0.400578/0/0,0.5056306978729276,4.0,2.0,0.05,0.0,1,0.025,0.0647457/0.116884/0.375578/0.00770675/0.0426989,0.0647457/-0.116884/0.375578/-0.00770675/-0.0426989,R_3rONzvm8h505G8I,counterfactual,base_exemplar
2,18,130307,1,insulin,insulin,0/0/0.185598/0/0,0/0/0.237638/0/0,0/0/0.237638/0/0,0.39549975260842607,0.5,0.0,0.05,0.0,1,0.1,0.0263093/0.0322179/0.137638/0.0706826/0.0319368,0.0263093/0.0322179/0.137638/0.0706826/-0.0319368,R_3rONzvm8h505G8I,counterfactual,base_exemplar
3,19,130308,1,insulin,insulin,0/0/0.224779/0/0,0/0/0.330675/0/0,0/0/0.330675/0/0,0.382415176847509,4.0,2.0,0.1,0.0,0,0.025,0.0240956/0.277224/0.305675/0.0937161/0,0.0240956/-0.277224/0.305675/0.0937161/-0.055143,R_3rONzvm8h505G8I,counterfactual,base_exemplar
4,20,130309,1,insulin,bmi,0/0/0.305205/0/0,0/0/0/-0.223986/0,0/0/-0.172222/0/0,0.19773926100878852,0.5,0.0,0.05,0.0,1,0.1,0.000743801/0.0984703/0.0722221/0.123986/0.0437357,-0.000743801/-0.0984703/-0.0722221/-0.123986/0.0437357,R_3rONzvm8h505G8I,counterfactual,base_exemplar
0,1,130200,-1,insulin,bmi,0/0/0.218593/0/0,0/0/0/0.190489/0,0/0/0.13547/0/0,0.23030375331122274,0.0,0.0,0.05,0.0,1,0.05,0.002896/0.0634306/0.0854704/0.140489/0.0461183,-0.002896/-0.0634306/0.0854704/0.140489/-0.0461183,R_3rONzvm8h505G8I,counterfactual,base_prototype
1,2,130201,-1,blood_pressure,bmi,0/0.326087/0/0/0,0/0/0/0.225199/0,0/0.217539/0/0/0,0.3474877544343664,0.5,0.0,0.05,0.0,1,0.05,0.0123281/0.167539/0.0613302/0.175199/0.00397306,-0.0123281/0.167539/0.0613302/0.175199/-0.00397306,R_3rONzvm8h505G8I,counterfactual,base_prototype
2,3,130202,-1,insulin,insulin,0/0/-0.146416/0/0,0/0/-0.231869/0/0,0/0/-0.231869/0/0,0.42156607490177067,0.5,0.0,0.05,0.0,1,0.1,0.00502676/0.0777244/0.131869/0.0462393/0.00490624,-0.00502676/0.0777244/-0.131869/0.0462393/-0.00490624,R_3rONzvm8h505G8I,counterfactual,base_prototype
3,4,130203,-1,bmi,blood_pressure,0/0/0/-0.267322/0,0/-0.13783/0/0/0,0/0/0/-0.0400419/0,0.06552309078548765,4.0,0.0,0.1,0.0,0,0.025,0.0366511/0.11283/0.0883718/0.0150419/0,-0.0366511/-0.11283/-0.0883718/-0.0150419/0.0434531,R_3rONzvm8h505G8I,counterfactual,base_prototype
4,5,130204,-1,insulin,bmi,0/0/0.156727/0/0,0/0/0/0.282939/0,0/0/-0.16413/0/0,0.2017665445605801,0.5,0.0,0.05,0.0,1,0.1,0.0153461/0.0309835/0.0641296/0.182939/0.00660398,-0.0153461/0.0309835/-0.0641296/0.182939/-0.00660398,R_3rONzvm8h505G8I,counterfactual,base_prototype
0,6,130205,-1,bmi,insulin,0/0/0/-0.456589/0,0/0/-0.255632/0/0,0/0/0/-0.229123/0,0.307655840679247,0.0,0.0,0.05,0.0,1,0.05,0.00876041/0.0634306/0.205632/0.179123/0.0565321,-0.00876041/-0.0634306/-0.205632/-0.179123/0.0565321,R_3rONzvm8h505G8I,counterfactual,base_prototype
1,7,130206,-1,bmi,insulin,0/0/0/-0.291079/0,0/0/-0.252015/0/0,0/0/0/-0.243015/0,0.3019177168709545,0.5,0.0,0.05,0.0,1,0.05,0.0114882/0.144797/0.202015/0.193015/0.0145024,-0.0114882/-0.144797/-0.202015/-0.193015/0.0145024,R_3rONzvm8h505G8I,counterfactual,base_prototype
2,8,130207,-1,insulin,insulin,0/0/-0.134043/0/0,0/0/-0.593203/0/0,0/0/-0.593203/0/0,0.5752628822501227,0.5,0.0,0.05,0.0,1,0.1,0.0154284/0.0284468/0.493203/0.130315/0.00958176,-0.0154284/0.0284468/-0.493203/-0.130315/0.00958176,R_3rONzvm8h505G8I,counterfactual,base_prototype
3,9,130208,-1,age,insulin,0/0/0/0/-0.378378,0/0/-0.117059/0/0,0/0/0/0/-0.20631,0.013880667143737724,4.0,0.0,0.1,0.0,0,0.025,0.0803337/0.0873157/0.0920589/0.00303849/0,0.0803337/0.0873157/-0.0920589/-0.00303849/-0.18131,R_3rONzvm8h505G8I,counterfactual,base_prototype
4,10,130209,-1,blood_pressure,bmi,0/-0.23913/0/0/0,0/0/0/-0.538159/0,0/-0.420404/0/0/0,0.31429473500933763,0.5,0.0,0.05,0.0,1,0.1,0.0151883/0.320404/0.108057/0.438159/0.00856958,0.0151883/-0.320404/-0.108057/-0.438159/0.00856958,R_3rONzvm8h505G8I,counterfactual,base_prototype
0,11,130300,1,insulin,bmi,0/0/0.321703/0/0,0/0/0/0.287075/0,0/0/0.160357/0/0,0.21421389032858856,0.0,0.0,0.05,0.0,1,0.05,0.0101722/0.0563827/0.110357/0.237075/0.0632267,-0.0101722/-0.0563827/0.110357/0.237075/0.0632267,R_3rONzvm8h505G8I,counterfactual,base_prototype
1,12,130301,1,insulin,bmi,0/0/0.315516/0/0,0/0/0/0.336269/0,0/0/0.295892/0/0,0.3155903359862492,0.5,0.0,0.05,0.0,1,0.05,0.020616/0.120284/0.245892/0.286269/0.0116911,-0.020616/0.120284/0.245892/0.286269/0.0116911,R_3rONzvm8h505G8I,counterfactual,base_prototype
2,13,130302,1,blood_pressure,blood_pressure,0/0.456522/0/0/0,0/0.567875/0/0/0,0/0.567875/0/0/0,0.4033331207564576,0.5,0.0,0.05,0.0,1,0.1,0.0014838/0.467875/0.218333/0.301163/0.00403982,-0.0014838/0.467875/0.218333/0.301163/-0.00403982,R_3rONzvm8h505G8I,counterfactual,base_prototype
3,14,130303,1,bmi,insulin,0/0/0/0.526833/0,0/0/0.446632/0/0,0/0/0/0.178875/0,0.19201830852429785,4.0,0.0,0.1,0.0,0,0.025,0.0320134/0.128021/0.421632/0.153875/0,0.0320134/0.128021/0.421632/0.153875/-0.129873,R_3rONzvm8h505G8I,counterfactual,base_prototype
4,15,130304,1,insulin,bmi,0/0/-0.140229/0/0,0/0/0/0.22587/0,0/0/-0.141615/0/0,0.13772170317640442,0.5,0.0,0.05,0.0,1,0.1,0.00350297/0.119648/0.0416151/0.12587/0.0160548,-0.00350297/0.119648/-0.0416151/0.12587/0.0160548,R_3rONzvm8h505G8I,counterfactual,base_prototype
0,16,130305,1,insulin,bmi,0/0/0.288707/0/0,0/0/0/-0.405507/0,0/0/0.0774008/0/0,0.06326568349693974,0.0,0.0,0.05,0.0,1,0.05,0.00394581/0.310105/0.0274008/0.355507/0.0632267,0.00394581/-0.310105/0.0274008/-0.355507/0.0632267,R_3rONzvm8h505G8I,counterfactual,base_prototype
1,17,130306,1,insulin,insulin,0/0/0.148478/0/0,0/0/0.320177/0/0,0/0/0.320177/0/0,0.4851530268041729,0.5,0.0,0.05,0.0,1,0.05,0.0160672/0.141551/0.270177/0.0129453/0.0192705,0.0160672/-0.141551/0.270177/-0.0129453/-0.0192705,R_3rONzvm8h505G8I,counterfactual,base_prototype
2,18,130307,1,insulin,insulin,0/0/0.185598/0/0,0/0/0.237638/0/0,0/0/0.237638/0/0,0.39549975260842607,0.5,0.0,0.05,0.0,1,0.1,0.0263093/0.0322179/0.137638/0.0706826/0.0319368,0.0263093/0.0322179/0.137638/0.0706826/-0.0319368,R_3rONzvm8h505G8I,counterfactual,base_prototype
3,19,130308,1,insulin,insulin,0/0/0.224779/0/0,0/0/0.405565/0/0,0/0/0.405565/0/0,0.43166331739935315,4.0,0.0,0.1,0.0,0,0.025,0.0338852/0.26708/0.380565/0.0919752/0,0.0338852/-0.26708/0.380565/0.0919752/-0.0670399,R_3rONzvm8h505G8I,counterfactual,base_prototype
4,20,130309,1,insulin,bmi,0/0/0.305205/0/0,0/0/0/-0.223986/0,0/0/-0.172222/0/0,0.19773926100878852,0.5,0.0,0.05,0.0,1,0.1,0.000743801/0.0984703/0.0722221/0.123986/0.0437357,-0.000743801/-0.0984703/-0.0722221/-0.123986/0.0437357,R_3rONzvm8h505G8I,counterfactual,base_prototype
0,1,130200,-1,insulin,insulin,0/0/0.218593/0/0,0/0/0.578161/0/0,0/0/0.578161/0/0,0.6745451860203742,4.0,0.0,0.05,0.0,0,0.025,0.011067/0.0420573/0.534718/0.00419591/0,-0.331938/-0.0435079/0.553161/0.12585/0,R_3rONzvm8h505G8I,counterfactual,counterfactual_exemplar
1,2,130201,-1,blood_pressure,insulin,0/0.326087/0/0/0,0/0/0.348467/0/0,0/0.114929/0/0/0,0.19978301763880688,4.0,0.0,0.025,0.25,0,0.025,0.0131524/0.085293/0.306792/0.00505556/0,-0.255137/0.0899289/0.323467/0.0980703/0,R_3rONzvm8h505G8I,counterfactual,counterfactual_exemplar
2,3,130202,-1,insulin,insulin,0/0/-0.146416/0/0,0/0/0.258431/0/0,0/0/0.258431/0/0,0.5221721544241391,4.0,0.0,0.025,0.25,0,0.1,0.015812/0.0212569/0.147201/0.00161034/0,-0.223067/0.0228787/0.158431/-0.0227178/0,R_3rONzvm8h505G8I,counterfactual,counterfactual_exemplar
3,4,130203,-1,bmi,insulin,0/0/0/-0.267322/0,0/0/0.179134/0/0,0/0/0/-0.167285/0,0.05104044667220942,4.0,0.0,0.1,0.25,0,0.0,0.0282165/0.158446/0.162942/0.0151213/0,-0.312157/-0.174191/0.179134/-0.167285/0,R_3rONzvm8h505G8I,counterfactual,counterfactual_exemplar
4,5,130204,-1,insulin,insulin,0/0/0.156727/0/0,0/0/0.256346/0/0,0/0/0.256346/0/0,0.46550615228564435,4.0,2.0,0.025,0.25,0,0.1,0.0415121/0.0151545/0.133513/0.0141722/0,-0.284243/-0.0177462/0.156346/0.0970402/0,R_3rONzvm8h505G8I,counterfactual,counterfactual_exemplar
0,6,130205,-1,bmi,insulin,0/0/0/-0.456589/0,0/0/0.130026/0/0,0/0/0/-0.216464/0,0.11212940258491613,4.0,0.0,0.05,0.0,0,0.025,0.0715953/0.046938/0.0916058/0.0244652/0,-0.560302/-0.0538144/0.105026/-0.191464/0,R_3rONzvm8h505G8I,counterfactual,counterfactual_exemplar
1,7,130206,-1,bmi,blood_pressure,0/0/0/-0.291079/0,0/-0.169377/0/0/0,0/0/0/-0.246949/0,0.14611843463631596,4.0,0.0,0.025,0.25,0,0.025,0.0396797/0.123424/0.0584653/0.0322103/0,-0.273418/-0.144377/0.0683905/-0.221949/0,R_3rONzvm8h505G8I,counterfactual,counterfactual_exemplar
2,8,130207,-1,insulin,insulin,0/0/-0.134043/0/0,0/0/-0.294961/0/0,0/0/-0.294961/0/0,0.4636423552498174,4.0,0.0,0.025,0.25,0,0.1,0.0492622/0.012223/0.163488/0.0268744/0,-0.305161/-0.014576/-0.194961/-0.166477/0,R_3rONzvm8h505G8I,counterfactual,counterfactual_exemplar
3,9,130208,-1,age,insulin,0/0/0/0/-0.378378,0/0/0.162374/0/0,0/0/0/0/0,0.030895709342268218,4.0,0.0,0.1,0.25,0,0.0,0.00206952/0.0144022/0.133685/0.0186857/0,-0.011713/0.017493/0.162374/-0.105757/0,R_3rONzvm8h505G8I,counterfactual,counterfactual_exemplar
4,10,130209,-1,blood_pressure,blood_pressure,0/-0.23913/0/0/0,0/-0.380864/0/0/0,0/-0.380864/0/0/0,0.41498814376688714,4.0,2.0,0.025,0.25,0,0.1,0.017423/0.223006/0.0828166/0.0846097/0,-0.0845784/-0.280864/0.104303/-0.410729/0,R_3rONzvm8h505G8I,counterfactual,counterfactual_exemplar
0,11,130300,1,insulin,insulin,0/0/0.321703/0/0,0/0/0.138424/0/0,0/0/0.138424/0/0,0.39835390156060846,4.0,0.0,0.05,0.0,0,0.025,0.0376291/0.0462654/0.0951138/0.0257583/0,-0.233098/0.0551719/0.113424/0.159563/0,R_3rONzvm8h505G8I,counterfactual,counterfactual_exemplar
1,12,130301,1,insulin,insulin,0/0/0.315516/0/0,0/0/0.242003/0/0,0/0/0.242003/0/0,0.36627701226293,4.0,0.0,0.025,0.25,0,0.025,0.00257368/0.172586/0.178662/0.0377182/0,-0.0145665/0.209623/0.217003/0.213477/0,R_3rONzvm8h505G8I,counterfactual,counterfactual_exemplar
2,13,130302,1,blood_pressure,blood_pressure,0/0.456522/0/0/0,0/0.570289/0/0/0,0/0.570289/0/0/0,0.45333241798528107,4.0,0.0,0.025,0.25,0,0.1,0.027798/0.380503/0.156469/0.042733/0,0.145603/0.470289/0.19339/0.223831/0,R_3rONzvm8h505G8I,counterfactual,counterfactual_exemplar
3,14,130303,1,bmi,blood_pressure,0/0/0/0.526833/0,0/0.20924/0/0/0,0/0/0/0.315862/0,0.13629192238259244,4.0,0.0,0.1,0.25,0,0.0,0.0402828/0.166519/0.159768/0.0644903/0,0.197298/0.20924/0.200757/0.315862/0,R_3rONzvm8h505G8I,counterfactual,counterfactual_exemplar
4,15,130304,1,insulin,blood_pressure,0/0/-0.140229/0/0,0/0.309495/0/0/0,0/0/-0.143232/0/0,0.15895256885230924,4.0,2.0,0.025,0.25,0,0.1,0.0298962/0.164457/0.0339377/0.0171147/0,0.139063/0.209495/-0.0432318/0.0796095/0,R_3rONzvm8h505G8I,counterfactual,counterfactual_exemplar
0,16,130305,1,insulin,blood_pressure,0/0/0.288707/0/0,0/-0.23192/0/0/0,0/0/-0.027532/0/0,0.04085465326886649,4.0,0.0,0.05,0.0,0,0.025,0.0739097/0.159741/0.00195469/0.0989829/0,0.324155/-0.20692/-0.002532/-0.434122/0,R_3rONzvm8h505G8I,counterfactual,counterfactual_exemplar
1,17,130306,1,insulin,insulin,0/0/0.148478/0/0,0/0/0.271274/0/0,0/0/0.271274/0/0,0.47159798301891814,4.0,0.0,0.025,0.25,0,0.025,0.0764244/0.01002/0.187485/0.00707229/0,0.320149/0.0131619/0.246274/-0.0296265/0,R_3rONzvm8h505G8I,counterfactual,counterfactual_exemplar
2,18,130307,1,insulin,blood_pressure,0/0/0.185598/0/0,0/0.243483/0/0/0,0/0/0.22385/0/0,0.26036831391938386,4.0,0.0,0.025,0.25,0,0.1,0.106698/0.107798/0.0930483/0.00898115/0,0.429022/0.143483/0.12385/0.0361123/0,R_3rONzvm8h505G8I,counterfactual,counterfactual_exemplar
3,19,130308,1,insulin,insulin,0/0/0.224779/0/0,0/0/0.191685/0/0,0/0/0.191685/0/0,0.38846033994426304,4.0,0.0,0.1,0.25,0,0.0,0.0565159/0.087175/0.142226/0.0351181/0,0.219034/-0.11749/0.191685/0.136104/0,R_3rONzvm8h505G8I,counterfactual,counterfactual_exemplar
4,20,130309,1,insulin,insulin,0/0/0.305205/0/0,0/0/-0.168419/0/0,0/0/-0.168419/0/0,0.28952198848412036,4.0,2.0,0.025,0.25,0,0.1,0.0402133/0.0352719/0.0519956/0.0284328/0,0.167523/0.0464132/-0.0684195/-0.118447/0,R_3rONzvm8h505G8I,counterfactual,counterfactual_exemplar
0,1,130200,-1,insulin,insulin,0/0/0.218593/0/0,0/0/0.578161/0/0,0/0/0.578161/0/0,0.6745451860203742,4.0,0.0,0.05,0.0,0,0.025,0.011067/0.0420573/0.534718/0.00419591/0,-0.331938/-0.0435079/0.553161/0.12585/0,R_3rONzvm8h505G8I,counterfactual,counterfactual_prototype
1,2,130201,-1,blood_pressure,insulin,0/0.326087/0/0/0,0/0/0.348467/0/0,0/0.114929/0/0/0,0.19978301763880688,4.0,0.0,0.025,0.25,0,0.025,0.0131524/0.085293/0.306792/0.00505556/0,-0.255137/0.0899289/0.323467/0.0980703/0,R_3rONzvm8h505G8I,counterfactual,counterfactual_prototype
2,3,130202,-1,insulin,insulin,0/0/-0.146416/0/0,0/0/0.258431/0/0,0/0/0.258431/0/0,0.5221721544241391,4.0,0.0,0.025,0.25,0,0.1,0.015812/0.0212569/0.147201/0.00161034/0,-0.223067/0.0228787/0.158431/-0.0227178/0,R_3rONzvm8h505G8I,counterfactual,counterfactual_prototype
3,4,130203,-1,bmi,insulin,0/0/0/-0.267322/0,0/0/0.179134/0/0,0/0/0/-0.167285/0,0.05104044667220942,4.0,0.0,0.1,0.25,0,0.0,0.0282165/0.158446/0.162942/0.0151213/0,-0.312157/-0.174191/0.179134/-0.167285/0,R_3rONzvm8h505G8I,counterfactual,counterfactual_prototype
4,5,130204,-1,insulin,insulin,0/0/0.156727/0/0,0/0/0.299569/0/0,0/0/0.299569/0/0,0.5137431863772209,4.0,0.0,0.025,0.25,0,0.1,0.0313622/0.0109298/0.177721/0.0108404/0,-0.286481/-0.0122735/0.199569/0.0990225/0,R_3rONzvm8h505G8I,counterfactual,counterfactual_prototype
0,6,130205,-1,bmi,insulin,0/0/0/-0.456589/0,0/0/0.130026/0/0,0/0/0/-0.216464/0,0.11212940258491613,4.0,0.0,0.05,0.0,0,0.025,0.0715953/0.046938/0.0916058/0.0244652/0,-0.560302/-0.0538144/0.105026/-0.191464/0,R_3rONzvm8h505G8I,counterfactual,counterfactual_prototype
1,7,130206,-1,bmi,blood_pressure,0/0/0/-0.291079/0,0/-0.169377/0/0/0,0/0/0/-0.246949/0,0.14611843463631596,4.0,0.0,0.025,0.25,0,0.025,0.0396797/0.123424/0.0584653/0.0322103/0,-0.273418/-0.144377/0.0683905/-0.221949/0,R_3rONzvm8h505G8I,counterfactual,counterfactual_prototype
2,8,130207,-1,insulin,insulin,0/0/-0.134043/0/0,0/0/-0.294961/0/0,0/0/-0.294961/0/0,0.4636423552498174,4.0,0.0,0.025,0.25,0,0.1,0.0492622/0.012223/0.163488/0.0268744/0,-0.305161/-0.014576/-0.194961/-0.166477/0,R_3rONzvm8h505G8I,counterfactual,counterfactual_prototype
3,9,130208,-1,age,insulin,0/0/0/0/-0.378378,0/0/0.162374/0/0,0/0/0/0/0,0.030895709342268218,4.0,0.0,0.1,0.25,0,0.0,0.00206952/0.0144022/0.133685/0.0186857/0,-0.011713/0.017493/0.162374/-0.105757/0,R_3rONzvm8h505G8I,counterfactual,counterfactual_prototype
4,10,130209,-1,blood_pressure,blood_pressure,0/-0.23913/0/0/0,0/-0.37645/0/0/0,0/-0.37645/0/0/0,0.400241885706451,4.0,0.0,0.025,0.25,0,0.1,0.0156041/0.223671/0.112968/0.0793705/0,-0.0817326/-0.27645/0.139624/-0.415735/0,R_3rONzvm8h505G8I,counterfactual,counterfactual_prototype
0,11,130300,1,insulin,insulin,0/0/0.321703/0/0,0/0/0.138424/0/0,0/0/0.138424/0/0,0.39835390156060846,4.0,0.0,0.05,0.0,0,0.025,0.0376291/0.0462654/0.0951138/0.0257583/0,-0.233098/0.0551719/0.113424/0.159563/0,R_3rONzvm8h505G8I,counterfactual,counterfactual_prototype
1,12,130301,1,insulin,insulin,0/0/0.315516/0/0,0/0/0.242003/0/0,0/0/0.242003/0/0,0.36627701226293,4.0,0.0,0.025,0.25,0,0.025,0.00257368/0.172586/0.178662/0.0377182/0,-0.0145665/0.209623/0.217003/0.213477/0,R_3rONzvm8h505G8I,counterfactual,counterfactual_prototype
2,13,130302,1,blood_pressure,blood_pressure,0/0.456522/0/0/0,0/0.570289/0/0/0,0/0.570289/0/0/0,0.45333241798528107,4.0,0.0,0.025,0.25,0,0.1,0.027798/0.380503/0.156469/0.042733/0,0.145603/0.470289/0.19339/0.223831/0,R_3rONzvm8h505G8I,counterfactual,counterfactual_prototype
3,14,130303,1,bmi,blood_pressure,0/0/0/0.526833/0,0/0.20924/0/0/0,0/0/0/0.315862/0,0.13629192238259244,4.0,0.0,0.1,0.25,0,0.0,0.0402828/0.166519/0.159768/0.0644903/0,0.197298/0.20924/0.200757/0.315862/0,R_3rONzvm8h505G8I,counterfactual,counterfactual_prototype
4,15,130304,1,insulin,blood_pressure,0/0/-0.140229/0/0,0/0.309082/0/0/0,0/0/-0.143939/0/0,0.1608198321352573,4.0,0.0,0.025,0.25,0,0.1,0.0276654/0.163812/0.0344258/0.0175963/0,0.127776/0.209082/-0.0439392/0.0812709/0,R_3rONzvm8h505G8I,counterfactual,counterfactual_prototype
0,16,130305,1,insulin,blood_pressure,0/0/0.288707/0/0,0/-0.23192/0/0/0,0/0/-0.027532/0/0,0.04085465326886649,4.0,0.0,0.05,0.0,0,0.025,0.0739097/0.159741/0.00195469/0.0989829/0,0.324155/-0.20692/-0.002532/-0.434122/0,R_3rONzvm8h505G8I,counterfactual,counterfactual_prototype
1,17,130306,1,insulin,insulin,0/0/0.148478/0/0,0/0/0.271274/0/0,0/0/0.271274/0/0,0.47159798301891814,4.0,0.0,0.025,0.25,0,0.025,0.0764244/0.01002/0.187485/0.00707229/0,0.320149/0.0131619/0.246274/-0.0296265/0,R_3rONzvm8h505G8I,counterfactual,counterfactual_prototype
2,18,130307,1,insulin,blood_pressure,0/0/0.185598/0/0,0/0.243483/0/0/0,0/0/0.22385/0/0,0.26036831391938386,4.0,0.0,0.025,0.25,0,0.1,0.106698/0.107798/0.0930483/0.00898115/0,0.429022/0.143483/0.12385/0.0361123/0,R_3rONzvm8h505G8I,counterfactual,counterfactual_prototype
3,19,130308,1,insulin,insulin,0/0/0.224779/0/0,0/0/0.191685/0/0,0/0/0.191685/0/0,0.38846033994426304,4.0,0.0,0.1,0.25,0,0.0,0.0565159/0.087175/0.142226/0.0351181/0,0.219034/-0.11749/0.191685/0.136104/0,R_3rONzvm8h505G8I,counterfactual,counterfactual_prototype
4,20,130309,1,insulin,insulin,0/0/0.305205/0/0,0/0/-0.171444/0/0,0/0/-0.171444/0/0,0.2876034431652757,4.0,0.0,0.025,0.25,0,0.1,0.0415236/0.0333335/0.0523868/0.0311749/0,0.155672/0.0454593/-0.0714436/-0.116874/0,R_3rONzvm8h505G8I,counterfactual,counterfactual_prototype
0,1,130200,-1,insulin,insulin,0/0/0.758888/0/0,0/0/0.140923/0/0,0/0/0.140923/0/0,0.5901478468389177,4.0,24.0,0.025,0.0,0,0.0,0/0.00111153/0.144306/0/0,-0/-0.000555764/0.140923/0.12136/-0.298588,R_3sYj8jBAufTm73T,attribution,additive_exemplar
1,2,130201,-1,insulin,blood_pressure,0/0/0.682587/0/0,0/0.152589/0/0/0,0/0/0.0587765/0/0,0.22716433463541408,4.0,24.0,0.025,0.0,0,0.05,0/0.205178/0.070816/0/0,-0/0.102589/0.00877651/0.193486/-0.213764,R_3sYj8jBAufTm73T,attribution,additive_exemplar
2,3,130202,-1,bmi,blood_pressure,0/0/0/0.40585/0,0/0.112385/0/0/0,0/0/0/0.10567/0,0.09814066441933503,4.0,24.0,0.025,0.0,0,0.05,0/0.12477/0/0/0,0/0.0623849/-0/0.0556698/-0.183072,R_3sYj8jBAufTm73T,attribution,additive_exemplar
3,4,130203,-1,insulin,blood_pressure,0/0/0.61041/0/0,0/-0.266794/0/0/0,0/0/-0.277581/0/0,0.09814066441933503,4.0,12.0,0.025,0.0,0,0.2,0/0.133588/0/0/0,-0/-0.066794/-0.0775811/-0.0967038/0.0975712,R_3sYj8jBAufTm73T,attribution,additive_exemplar
4,5,130204,-1,insulin,blood_pressure,0/0/0.536171/0/0,0/0.139543/0/0/0,0/0/-0.1/0/0,0.09814066441933503,4.0,24.0,0.025,0.0,0,0.1,0/0.0790866/0/0/0,-0/0.0395433/-0/0.216746/-0.152554,R_3sYj8jBAufTm73T,attribution,additive_exemplar
0,6,130205,-1,insulin,blood_pressure,0/0/-0.529984/0/0,0/-0.00315778/0/0/0,0/0/-0.229492/0/0,0.09814066441933503,4.0,24.0,0.025,0.0,0,0.0,0/0.00631555/0/0/0,-0.303254/-0.00315778/-0.229492/-0.121513/0.230235,R_3sYj8jBAufTm73T,attribution,additive_exemplar
1,7,130206,-1,bmi,blood_pressure,0/0/0/-0.571079/0,0/-0.0964723/0/0/0,0/0/0/-0.205551/0,0.09814066441933503,4.0,24.0,0.025,0.0,0,0.05,0/0.0929445/0/0/0,-0/-0.0464723/-0.186884/-0.155551/0.127079,R_3sYj8jBAufTm73T,attribution,additive_exemplar
2,8,130207,-1,insulin,blood_pressure,0/0/-0.672276/0/0,0/0.086956/0/0/0,0/0/-0.572675/0/0,0.09814066441933503,4.0,24.0,0.025,0.0,0,0.05,0/0.073912/0/0/0,-0.0928553/0.036956/-0.522675/-0.118943/0,R_3sYj8jBAufTm73T,attribution,additive_exemplar
3,9,130208,-1,insulin,blood_pressure,0/0/0.598037/0/0,0/0.252831/0/0/0,0/0/-0.296903/0/0,0.09814066441933503,4.0,12.0,0.025,0.0,0,0.2,0/0.105662/0/0/0,0/0.0528308/-0.0969026/-0.00223171/-0.592252,R_3sYj8jBAufTm73T,attribution,additive_exemplar
4,10,130209,-1,bmi,blood_pressure,0/0/0/-0.53/0,0/-0.231999/0/0/0,0/0/0/-0.379916/0,0.09814066441933503,4.0,24.0,0.025,0.0,0,0.1,0/0.263997/0/0/0,0/-0.131999/-0/-0.279916/0.01881,R_3sYj8jBAufTm73T,attribution,additive_exemplar
0,11,130300,1,blood_pressure,blood_pressure,0/-0.347826/0/0/0,0/-0.0185654/0/0/0,0/-0.0185654/0/0/0,0.5924694022790992,4.0,24.0,0.025,0.0,0,0.0,0/0.0371307/0/0/0,-0.475889/-0.0185654/0/0/0.00863459,R_3sYj8jBAufTm73T,attribution,additive_exemplar
1,12,130301,1,blood_pressure,blood_pressure,0/-0.173913/0/0/0,0/0.0697312/0/0/0,0/0.0697312/0/0/0,0.5924694022790992,4.0,24.0,0.025,0.0,0,0.05,0/0.0394623/0/0/0,-0.282054/0.0197312/0.0224103/0/0,R_3sYj8jBAufTm73T,attribution,additive_exemplar
2,13,130302,1,bmi,blood_pressure,0/0/0/-0.149612/0,0/0.216756/0/0/0,0/0/0/0.05/0,0.09389646795095477,4.0,24.0,0.025,0.0,0,0.05,0/0.333513/0.0294878/0/0,-0.0760834/0.166756/-0.0286901/0/0,R_3sYj8jBAufTm73T,attribution,additive_exemplar
3,14,130303,1,insulin,blood_pressure,0/0/0.0350573/0/0,0/0.231604/0/0/0,0/0/0.2/0/0,0.09814066441933503,4.0,12.0,0.025,0.0,0,0.2,0/0.063208/0/0/0,-0.0431654/0.031604/0/0/-0,R_3sYj8jBAufTm73T,attribution,additive_exemplar
4,15,130304,1,bmi,blood_pressure,0/0/0/-0.119272/0,0/0.162619/0/0/0,0/0/0/0.1/0,0.09814066441933503,4.0,24.0,0.025,0.0,0,0.1,0/0.125237/0/0/0,-0.0948792/0.0626186/-0.077655/0/0,R_3sYj8jBAufTm73T,attribution,additive_exemplar
0,16,130305,1,insulin,blood_pressure,0/0/0.379444/0/0,0/-0.150009/0/0/0,0/0/-0.0477399/0/0,0.09814066441933503,4.0,24.0,0.025,0.0,0,0.0,0/0.300018/0/0/0,0.0203298/-0.150009/-0.0477399/-0/0,R_3sYj8jBAufTm73T,attribution,additive_exemplar
1,17,130306,1,bmi,blood_pressure,0/0/0/-0.206786/0,0/-0.126951/0/0/0,0/0/0/0.05/0,0.07064910914837952,4.0,24.0,0.025,0.0,0,0.05,0/0.153902/0.116181/0/0,0/-0.0769512/0.109294/0/0,R_3sYj8jBAufTm73T,attribution,additive_exemplar
2,18,130307,1,blood_pressure,blood_pressure,0/-0.152174/0/0/0,0/0.0665095/0/0/0,0/0.0665095/0/0/0,0.5924694022790992,4.0,24.0,0.025,0.0,0,0.05,0/0.033019/0/0/0,0.196286/0.0165095/-0.00561739/0/-0,R_3sYj8jBAufTm73T,attribution,additive_exemplar
3,19,130308,1,blood_pressure,blood_pressure,0/-0.652174/0/0/0,0/-0.365254/0/0/0,0/-0.365254/0/0/0,0.5924694022790992,4.0,12.0,0.025,0.0,0,0.2,0/0.330508/0/0/0,-0.0164684/-0.165254/0/0/-0,R_3sYj8jBAufTm73T,attribution,additive_exemplar
4,20,130309,1,bmi,blood_pressure,0/0/0/-0.082689/0,0/-0.122926/0/0/0,0/0/0/-0.1/0,0.09814066441933503,4.0,24.0,0.025,0.0,0,0.1,0/0.0458526/0/0/0,0/-0.0229263/0/-0/0,R_3sYj8jBAufTm73T,attribution,additive_exemplar
0,1,130200,-1,insulin,blood_pressure,0/0/0.758888/0/0,0/-0.0576087/0/0/0,0/0/0.141858/0/0,0.09814066441933503,0.0,0.0,0.025,0.0,0,0.025,0/0.0652174/0/0/0,-0/-0.0326087/0.116858/0.140489/-0.279279,R_3sYj8jBAufTm73T,attribution,additive_prototype
1,2,130201,-1,insulin,blood_pressure,0/0/0.682587/0/0,0/0.126087/0/0/0,0/0/0.111178/0/0,0.09814066441933503,0.0,0.0,0.025,0.0,0,0.05,0/0.152174/0/0/0,-0/0.076087/0.0611785/0.196684/-0.198198,R_3sYj8jBAufTm73T,attribution,additive_prototype
2,3,130202,-1,bmi,blood_pressure,0/0/0/0.40585/0,0/0.132609/0/0/0,0/0/0/0.135122/0,0.09814066441933503,0.0,0.0,0.025,0.0,0,0.1,0/0.0652174/0/0/0,-0/0.0326087/-0.147103/0.0351222/-0.144144,R_3sYj8jBAufTm73T,attribution,additive_prototype
3,4,130203,-1,insulin,blood_pressure,0/0/0.61041/0/0,0/-0.197826/0/0/0,0/0/-0.209984/0/0,0.09814066441933503,0.0,0.0,0.025,0.0,0,0.1,0/0.195652/0/0/0,-0/-0.0978261/-0.109984/-0.15805/0.153153,R_3sYj8jBAufTm73T,attribution,additive_prototype
4,5,130204,-1,insulin,blood_pressure,0/0/0.536171/0/0,0/0.31087/0/0/0,0/0/-0.323765/0/0,0.09814066441933503,0.0,0.0,0.025,0.0,0,0.3,0/0.0217391/0/0/0,-0/0.0108696/-0.0749264/0.196684/-0.117117,R_3sYj8jBAufTm73T,attribution,additive_prototype
0,6,130205,-1,insulin,blood_pressure,0/0/-0.529984/0/0,0/-0.0576087/0/0/0,0/0/-0.306146/0/0,0.09814066441933503,0.0,0.0,0.025,0.0,0,0.025,0/0.0652174/0/0/0,-0/-0.0326087/-0.281146/-0.179123/0.342342,R_3sYj8jBAufTm73T,attribution,additive_prototype
1,7,130206,-1,bmi,blood_pressure,0/0/0/-0.571079/0,0/-0.126087/0/0/0,0/0/0/-0.281807/0,0.09814066441933503,0.0,0.0,0.025,0.0,0,0.05,0/0.152174/0/0/0,-0/-0.076087/-0.23784/-0.231807/0.207207,R_3sYj8jBAufTm73T,attribution,additive_prototype
2,8,130207,-1,insulin,blood_pressure,0/0/-0.672276/0/0,0/0.11087/0/0/0,0/0/-0.684289/0/0,0.09814066441933503,0.0,0.0,0.025,0.0,0,0.1,0/0.0217391/0/0/0,-0/0.0108696/-0.584289/-0.15805/0.126126,R_3sYj8jBAufTm73T,attribution,additive_prototype
3,9,130208,-1,insulin,blood_pressure,0/0/0.598037/0/0,0/0.132609/0/0/0,0/0/-0.203797/0/0,0.09814066441933503,0.0,0.0,0.025,0.0,0,0.1,0/0.0652174/0/0/0,0/0.0326087/-0.103797/-0.0772689/-0.576577,R_3sYj8jBAufTm73T,attribution,additive_prototype
4,10,130209,-1,bmi,blood_pressure,0/0/0/-0.53/0,0/-0.463043/0/0/0,0/0/0/-0.790728/0,0.09814066441933503,0.0,0.0,0.025,0.0,0,0.3,0/0.326087/0/0/0,0/-0.163043/-0.130606/-0.490728/0.0990991,R_3sYj8jBAufTm73T,attribution,additive_prototype
0,11,130300,1,blood_pressure,blood_pressure,0/-0.347826/0/0/0,0/-0.0539855/0/0/0,0/-0.0539855/0/0/0,0.5924694022790992,0.0,0.0,0.025,0.0,0,0.025,0/0.057971/0/0/0,-0.398175/-0.0289855/0/0/0,R_3sYj8jBAufTm73T,attribution,additive_prototype
1,12,130301,1,blood_pressure,blood_pressure,0/-0.173913/0/0/0,0/0.107971/0/0/0,0/0.107971/0/0/0,0.5924694022790992,0.0,0.0,0.025,0.0,0,0.05,0/0.115942/0/0/0,-0.236638/0.057971/0/0/0,R_3sYj8jBAufTm73T,attribution,additive_prototype
2,13,130302,1,bmi,blood_pressure,0/0/0/-0.149612/0,0/0.331884/0/0/0,0/0/0/0.1/0,0.09814066441933503,0.0,0.0,0.025,0.0,0,0.1,0/0.463768/0/0/0,-0.0240889/0.231884/0/0/-0,R_3sYj8jBAufTm73T,attribution,additive_prototype
3,14,130303,1,insulin,blood_pressure,0/0/0.0350573/0/0,0/0.157971/0/0/0,0/0/0.1/0/0,0.09814066441933503,0.0,0.0,0.025,0.0,0,0.1,0/0.115942/0/0/0,0.0439268/0.057971/0/0/-0,R_3sYj8jBAufTm73T,attribution,additive_prototype
4,15,130304,1,bmi,blood_pressure,0/0/0/-0.119272/0,0/0.357971/0/0/0,0/0/0/0.3/0,0.09814066441933503,0.0,0.0,0.025,0.0,0,0.3,0/0.115942/0/0/0,-0.0495947/0.057971/-0/0/0,R_3sYj8jBAufTm73T,attribution,additive_prototype
0,16,130305,1,insulin,blood_pressure,0/0/0.379444/0/0,0/-0.18442/0/0/0,0/0/0.025/0/0,0.09814066441933503,0.0,0.0,0.025,0.0,0,0.025,0/0.318841/0/0/0,0.154452/-0.15942/0/-0/0,R_3sYj8jBAufTm73T,attribution,additive_prototype
1,17,130306,1,bmi,blood_pressure,0/0/0/-0.206786/0,0/-0.122464/0/0/0,0/0/0/-0.05/0,0.09814066441933503,0.0,0.0,0.025,0.0,0,0.05,0/0.144928/0/0/0,0.205464/-0.0724638/0/-0/-0,R_3sYj8jBAufTm73T,attribution,additive_prototype
2,18,130307,1,blood_pressure,blood_pressure,0/-0.152174/0/0/0,0/0.114493/0/0/0,0/0.114493/0/0/0,0.5924694022790992,0.0,0.0,0.025,0.0,0,0.1,0/0.0289855/0/0/0,0.349997/0.0144928/0/0/-0,R_3sYj8jBAufTm73T,attribution,additive_prototype
3,19,130308,1,blood_pressure,blood_pressure,0/-0.652174/0/0/0,0/-0.25942/0/0/0,0/-0.25942/0/0/0,0.5924694022790992,0.0,0.0,0.025,0.0,0,0.1,0/0.318841/0/0/0,0.0694326/-0.15942/0/0/-0,R_3sYj8jBAufTm73T,attribution,additive_prototype
4,20,130309,1,bmi,blood_pressure,0/0/0/-0.082689/0,0/-0.350725/0/0/0,0/0/0/-0.3/0,0.09814066441933503,0.0,0.0,0.025,0.0,0,0.3,0/0.101449/0/0/0,-0.0155869/-0.0507246/-0/-0/0,R_3sYj8jBAufTm73T,attribution,additive_prototype
0,1,130200,-1,insulin,insulin,0/0/0.758888/0/0,0/0/0.130026/0/0,0/0/0.130026/0/0,0.39335148099757716,1.0,0.0,0.025,0.0,0,0.0,0.0209021/0.0216716/0.130026/0.0847564/0,-0.0209021/-0.0216716/0.130026/0.0847564/-0.0396717,R_3sYj8jBAufTm73T,attribution,base_exemplar
1,2,130201,-1,insulin,blood_pressure,0/0/0.682587/0/0,0/0.154714/0/0/0,0/0/0.0792108/0/0,0.22991193976220237,2.0,0.0,0.05,0.0,0,0.0,0.0144607/0.154714/0.0792108/0.0664738/0,-0.0144607/0.154714/0.0792108/0.0664738/-0.062646,R_3sYj8jBAufTm73T,attribution,base_exemplar
2,3,130202,-1,bmi,insulin,0/0/0/0.40585/0,0/0/-0.333209/0/0,0/0/0/0.226811/0,0.13407656082736583,2.0,0.0,0.025,0.0,0,0.2,0.00737035/0.0862067/0.133209/0.0268113/0,-0.00737035/0.0862067/-0.133209/0.0268113/-0.0425399,R_3sYj8jBAufTm73T,attribution,base_exemplar
3,4,130203,-1,insulin,blood_pressure,0/0/0.61041/0/0,0/-0.370537/0/0/0,0/0/-0.305168/0/0,0.24028720047672983,1.0,0.0,0.025,0.0,0,0.2,0.0357503/0.170537/0.105168/0.0796113/0,-0.0357503/-0.170537/-0.105168/-0.0796113/0.0107525,R_3sYj8jBAufTm73T,attribution,base_exemplar
4,5,130204,-1,insulin,bmi,0/0/0.536171/0/0,0/0/0/0.39321/0,0/0/-0.323765/0/0,0.24363567145754156,2.0,0.0,0.025,0.0,0,0.3,0.0352043/0.047507/0.065803/0.0932101/0,-0.0352043/0.047507/-0.065803/0.0932101/-0.0284632,R_3sYj8jBAufTm73T,attribution,base_exemplar
0,6,130205,-1,insulin,insulin,0/0/-0.529984/0/0,0/0/-0.269713/0/0,0/0/-0.269713/0/0,0.41124879337151404,1.0,0.0,0.025,0.0,0,0.0,0.0725421/0.0489168/0.269713/0.108819/0,-0.0725421/-0.0489168/-0.269713/-0.108819/0.013309,R_3sYj8jBAufTm73T,attribution,base_exemplar
1,7,130206,-1,bmi,insulin,0/0/0/-0.571079/0,0/0/-0.231252/0/0,0/0/0/-0.0846581/0,0.1788904093030418,2.0,0.0,0.05,0.0,0,0.0,0.0300246/0.111237/0.231252/0.0846581/0,-0.0300246/-0.111237/-0.231252/-0.0846581/0.0344031,R_3sYj8jBAufTm73T,attribution,base_exemplar
2,8,130207,-1,insulin,insulin,0/0/-0.672276/0/0,0/0/-0.778549/0/0,0/0/-0.778549/0/0,0.5264649836468767,2.0,0.0,0.025,0.0,0,0.2,0.0412938/0.0436339/0.578549/0.0566786/0,-0.0412938/0.0436339/-0.578549/-0.0566786/0.018477,R_3sYj8jBAufTm73T,attribution,base_exemplar
3,9,130208,-1,insulin,insulin,0/0/0.598037/0/0,0/0/-0.293756/0/0,0/0/-0.293756/0/0,0.31053425406914054,1.0,0.0,0.025,0.0,0,0.2,0.0426406/0.0775037/0.0937564/0.0429679/0,0.0426406/0.0775037/-0.0937564/-0.0429679/-0.000681649,R_3sYj8jBAufTm73T,attribution,base_exemplar
4,10,130209,-1,bmi,blood_pressure,0/0/0/-0.53/0,0/-0.589461/0/0/0,0/0/0/-0.557188/0,0.30507738248070315,2.0,0.0,0.025,0.0,0,0.3,0.0394114/0.289461/0.126086/0.257188/0,0.0394114/-0.289461/-0.126086/-0.257188/0.0118631,R_3sYj8jBAufTm73T,attribution,base_exemplar
0,11,130300,1,blood_pressure,bmi,0/-0.347826/0/0/0,0/0/0/0.190056/0,0/-0.048599/0/0/0,0.12437909950112773,1.0,0.0,0.025,0.0,0,0.0,0.0600278/0.048599/0.182029/0.190056/0,-0.0600278/-0.048599/0.182029/0.190056/0.00598713,R_3sYj8jBAufTm73T,attribution,base_exemplar
1,12,130301,1,blood_pressure,insulin,0/-0.173913/0/0/0,0/0/0.37093/0/0,0/0.131591/0/0/0,0.1720904532006812,2.0,0.0,0.05,0.0,0,0.0,0.0514172/0.131591/0.37093/0.191485/0,-0.0514172/0.131591/0.37093/0.191485/0.00680621,R_3sYj8jBAufTm73T,attribution,base_exemplar
2,13,130302,1,bmi,blood_pressure,0/0/0/-0.149612/0,0/0.6787/0/0/0,0/0/0/0.409387/0,0.19670438342663157,2.0,0.0,0.025,0.0,0,0.2,0.00130714/0.4787/0.335051/0.209387/0,0.00130714/0.4787/0.335051/0.209387/-0.00894303,R_3sYj8jBAufTm73T,attribution,base_exemplar
3,14,130303,1,insulin,bmi,0/0/0.0350573/0/0,0/0/0/0.576691/0,0/0/0.461142/0/0,0.2854785284777349,1.0,0.0,0.025,0.0,0,0.2,0.00792934/0.123859/0.261142/0.376691/0,0.00792934/0.123859/0.261142/0.376691/-0.0168925,R_3sYj8jBAufTm73T,attribution,base_exemplar
4,15,130304,1,bmi,blood_pressure,0/0/0/-0.119272/0,0/0.431301/0/0/0,0/0/0/0.389601/0,0.30680118439354714,2.0,0.0,0.025,0.0,0,0.3,0.00525307/0.131301/0.010808/0.0896009/0,-0.00525307/0.131301/0.010808/0.0896009/0.00739523,R_3sYj8jBAufTm73T,attribution,base_exemplar
0,16,130305,1,insulin,blood_pressure,0/0/0.379444/0/0,0/-0.311667/0/0/0,0/0/0.0667061/0/0,0.12208736581696013,1.0,0.0,0.025,0.0,0,0.0,0.0213769/0.311667/0.0667061/0.309615/0,0.0213769/-0.311667/0.0667061/-0.309615/0.0176185,R_3sYj8jBAufTm73T,attribution,base_exemplar
1,17,130306,1,bmi,insulin,0/0/0/-0.206786/0,0/0/0.376653/0/0,0/0/0/-0.0129979/0,0.06405143986644075,2.0,0.0,0.05,0.0,0,0.0,0.0484908/0.130946/0.376653/0.0129979/0,0.0484908/-0.130946/0.376653/-0.0129979/-0.0116274,R_3sYj8jBAufTm73T,attribution,base_exemplar
2,18,130307,1,blood_pressure,insulin,0/-0.152174/0/0/0,0/0/0.41507/0/0,0/0.242366/0/0/0,0.138181261601101,2.0,0.0,0.025,0.0,0,0.2,0.0762394/0.0423656/0.21507/0.0515187/0,0.0762394/0.0423656/0.21507/0.0515187/-0.0145542,R_3sYj8jBAufTm73T,attribution,base_exemplar
3,19,130308,1,blood_pressure,blood_pressure,0/-0.652174/0/0/0,0/-0.512553/0/0/0,0/-0.512553/0/0/0,0.34582176608361564,1.0,0.0,0.025,0.0,0,0.2,0.00931672/0.312553/0.237337/0.182476/0,0.00931672/-0.312553/0.237337/0.182476/-0.016926,R_3sYj8jBAufTm73T,attribution,base_exemplar
4,20,130309,1,bmi,bmi,0/0/0/-0.082689/0,0/0/0/-0.400827/0,0/0/0/-0.400827/0,0.3578288176089615,2.0,0.0,0.025,0.0,0,0.3,0.00104316/0.089131/0.0372752/0.100827/0,0.00104316/-0.089131/-0.0372752/-0.100827/0.00989125,R_3sYj8jBAufTm73T,attribution,base_exemplar
0,1,130200,-1,insulin,insulin,0/0/0.758888/0/0,0/0/0.130026/0/0,0/0/0.130026/0/0,0.39335148099757716,1.0,0.0,0.025,0.0,0,0.0,0.0209021/0.0216716/0.130026/0.0847564/0,-0.0209021/-0.0216716/0.130026/0.0847564/-0.0396717,R_3sYj8jBAufTm73T,attribution,base_prototype
1,2,130201,-1,insulin,blood_pressure,0/0/0.682587/0/0,0/0.154714/0/0/0,0/0/0.0792108/0/0,0.22991193976220237,2.0,0.0,0.05,0.0,0,0.0,0.0144607/0.154714/0.0792108/0.0664738/0,-0.0144607/0.154714/0.0792108/0.0664738/-0.062646,R_3sYj8jBAufTm73T,attribution,base_prototype
2,3,130202,-1,bmi,insulin,0/0/0/0.40585/0,0/0/-0.333209/0/0,0/0/0/0.226811/0,0.13407656082736583,2.0,0.0,0.025,0.0,0,0.2,0.00737035/0.0862067/0.133209/0.0268113/0,-0.00737035/0.0862067/-0.133209/0.0268113/-0.0425399,R_3sYj8jBAufTm73T,attribution,base_prototype
3,4,130203,-1,insulin,blood_pressure,0/0/0.61041/0/0,0/-0.370537/0/0/0,0/0/-0.305168/0/0,0.24028720047672983,1.0,0.0,0.025,0.0,0,0.2,0.0357503/0.170537/0.105168/0.0796113/0,-0.0357503/-0.170537/-0.105168/-0.0796113/0.0107525,R_3sYj8jBAufTm73T,attribution,base_prototype
4,5,130204,-1,insulin,bmi,0/0/0.536171/0/0,0/0/0/0.39321/0,0/0/-0.323765/0/0,0.24363567145754156,2.0,0.0,0.025,0.0,0,0.3,0.0352043/0.047507/0.065803/0.0932101/0,-0.0352043/0.047507/-0.065803/0.0932101/-0.0284632,R_3sYj8jBAufTm73T,attribution,base_prototype
0,6,130205,-1,insulin,insulin,0/0/-0.529984/0/0,0/0/-0.269713/0/0,0/0/-0.269713/0/0,0.41124879337151404,1.0,0.0,0.025,0.0,0,0.0,0.0725421/0.0489168/0.269713/0.108819/0,-0.0725421/-0.0489168/-0.269713/-0.108819/0.013309,R_3sYj8jBAufTm73T,attribution,base_prototype
1,7,130206,-1,bmi,insulin,0/0/0/-0.571079/0,0/0/-0.231252/0/0,0/0/0/-0.0846581/0,0.1788904093030418,2.0,0.0,0.05,0.0,0,0.0,0.0300246/0.111237/0.231252/0.0846581/0,-0.0300246/-0.111237/-0.231252/-0.0846581/0.0344031,R_3sYj8jBAufTm73T,attribution,base_prototype
2,8,130207,-1,insulin,insulin,0/0/-0.672276/0/0,0/0/-0.778549/0/0,0/0/-0.778549/0/0,0.5264649836468767,2.0,0.0,0.025,0.0,0,0.2,0.0412938/0.0436339/0.578549/0.0566786/0,-0.0412938/0.0436339/-0.578549/-0.0566786/0.018477,R_3sYj8jBAufTm73T,attribution,base_prototype
3,9,130208,-1,insulin,insulin,0/0/0.598037/0/0,0/0/-0.293756/0/0,0/0/-0.293756/0/0,0.31053425406914054,1.0,0.0,0.025,0.0,0,0.2,0.0426406/0.0775037/0.0937564/0.0429679/0,0.0426406/0.0775037/-0.0937564/-0.0429679/-0.000681649,R_3sYj8jBAufTm73T,attribution,base_prototype
4,10,130209,-1,bmi,blood_pressure,0/0/0/-0.53/0,0/-0.589461/0/0/0,0/0/0/-0.557188/0,0.30507738248070315,2.0,0.0,0.025,0.0,0,0.3,0.0394114/0.289461/0.126086/0.257188/0,0.0394114/-0.289461/-0.126086/-0.257188/0.0118631,R_3sYj8jBAufTm73T,attribution,base_prototype
0,11,130300,1,blood_pressure,bmi,0/-0.347826/0/0/0,0/0/0/0.190056/0,0/-0.048599/0/0/0,0.12437909950112773,1.0,0.0,0.025,0.0,0,0.0,0.0600278/0.048599/0.182029/0.190056/0,-0.0600278/-0.048599/0.182029/0.190056/0.00598713,R_3sYj8jBAufTm73T,attribution,base_prototype
1,12,130301,1,blood_pressure,insulin,0/-0.173913/0/0/0,0/0/0.37093/0/0,0/0.131591/0/0/0,0.1720904532006812,2.0,0.0,0.05,0.0,0,0.0,0.0514172/0.131591/0.37093/0.191485/0,-0.0514172/0.131591/0.37093/0.191485/0.00680621,R_3sYj8jBAufTm73T,attribution,base_prototype
2,13,130302,1,bmi,blood_pressure,0/0/0/-0.149612/0,0/0.6787/0/0/0,0/0/0/0.409387/0,0.19670438342663157,2.0,0.0,0.025,0.0,0,0.2,0.00130714/0.4787/0.335051/0.209387/0,0.00130714/0.4787/0.335051/0.209387/-0.00894303,R_3sYj8jBAufTm73T,attribution,base_prototype
3,14,130303,1,insulin,bmi,0/0/0.0350573/0/0,0/0/0/0.576691/0,0/0/0.461142/0/0,0.2854785284777349,1.0,0.0,0.025,0.0,0,0.2,0.00792934/0.123859/0.261142/0.376691/0,0.00792934/0.123859/0.261142/0.376691/-0.0168925,R_3sYj8jBAufTm73T,attribution,base_prototype
4,15,130304,1,bmi,blood_pressure,0/0/0/-0.119272/0,0/0.431301/0/0/0,0/0/0/0.389601/0,0.30680118439354714,2.0,0.0,0.025,0.0,0,0.3,0.00525307/0.131301/0.010808/0.0896009/0,-0.00525307/0.131301/0.010808/0.0896009/0.00739523,R_3sYj8jBAufTm73T,attribution,base_prototype
0,16,130305,1,insulin,blood_pressure,0/0/0.379444/0/0,0/-0.311667/0/0/0,0/0/0.0667061/0/0,0.12208736581696013,1.0,0.0,0.025,0.0,0,0.0,0.0213769/0.311667/0.0667061/0.309615/0,0.0213769/-0.311667/0.0667061/-0.309615/0.0176185,R_3sYj8jBAufTm73T,attribution,base_prototype
1,17,130306,1,bmi,insulin,0/0/0/-0.206786/0,0/0/0.376653/0/0,0/0/0/-0.0129979/0,0.06405143986644075,2.0,0.0,0.05,0.0,0,0.0,0.0484908/0.130946/0.376653/0.0129979/0,0.0484908/-0.130946/0.376653/-0.0129979/-0.0116274,R_3sYj8jBAufTm73T,attribution,base_prototype
2,18,130307,1,blood_pressure,insulin,0/-0.152174/0/0/0,0/0/0.41507/0/0,0/0.242366/0/0/0,0.138181261601101,2.0,0.0,0.025,0.0,0,0.2,0.0762394/0.0423656/0.21507/0.0515187/0,0.0762394/0.0423656/0.21507/0.0515187/-0.0145542,R_3sYj8jBAufTm73T,attribution,base_prototype
3,19,130308,1,blood_pressure,blood_pressure,0/-0.652174/0/0/0,0/-0.512553/0/0/0,0/-0.512553/0/0/0,0.34582176608361564,1.0,0.0,0.025,0.0,0,0.2,0.00931672/0.312553/0.237337/0.182476/0,0.00931672/-0.312553/0.237337/0.182476/-0.016926,R_3sYj8jBAufTm73T,attribution,base_prototype
4,20,130309,1,bmi,bmi,0/0/0/-0.082689/0,0/0/0/-0.400827/0,0/0/0/-0.400827/0,0.3578288176089615,2.0,0.0,0.025,0.0,0,0.3,0.00104316/0.089131/0.0372752/0.100827/0,0.00104316/-0.089131/-0.0372752/-0.100827/0.00989125,R_3sYj8jBAufTm73T,attribution,base_prototype
0,1,130200,-1,age,bmi,0/0/0/0/-0.324324,0/0/0/0.121585/0,0/0/0/0/-0.0666342,0.1519554013337006,0.0,12.0,0.025,0.0,1,0.025,0.00250812/0.077069/0.0703667/0.0965851/0.0416342,-0.00250812/-0.077069/0.0703667/0.0965851/-0.0416342,R_50DGG380VPVbOcp,none,base_exemplar
1,2,130201,-1,age,bmi,0/0/0/0/-0.324324,0/0/0/0.230421/0,0/0/0/0/-0.123771,0.10241847717382255,0.0,12.0,0.05,0.0,1,0.1,0.00161878/0.107764/0.0106758/0.130421/0.0237713,-0.00161878/0.107764/0.0106758/0.130421/-0.0237713,R_50DGG380VPVbOcp,none,base_exemplar
2,3,130202,-1,age,insulin,0/0/0/0/-0.189189,0/0/-0.222602/0/0,0/0/0/0/-0.171501,0.2132858773791088,4.0,24.0,0.025,0.0,1,0.1,0.00654414/0.102636/0.122602/0.00885627/0.0715006,0.00654414/0.102636/-0.122602/0.00885627/-0.0715006,R_50DGG380VPVbOcp,none,base_exemplar
3,4,130203,-1,blood_pressure,blood_pressure,0/-0.0869565/0/0/0,0/-0.257886/0/0/0,0/-0.257886/0/0/0,0.375470208886957,0.0,12.0,0.025,0.0,1,0.1,0.00391594/0.157886/0.0597847/0.0935281/0.0189909,-0.00391594/-0.157886/-0.0597847/-0.0935281/0.0189909,R_50DGG380VPVbOcp,none,base_exemplar
4,5,130204,-1,age,blood_pressure,0/0/0/0/-0.27027,0/0.163346/0/0/0,0/0/0/0/-0.154637,0.2242699138438345,4.0,24.0,0.025,0.0,1,0.1,0.0191382/0.0633456/0.0526385/0.0340886/0.0546368,-0.0191382/0.0633456/-0.0526385/0.0340886/-0.0546368,R_50DGG380VPVbOcp,none,base_exemplar
0,6,130205,-1,bmi,insulin,0/0/0/-0.175611/0,0/0/-0.200053/0/0,0/0/0/-0.14187/0,0.2662610402174119,0.0,12.0,0.025,0.0,1,0.025,0.00873566/0.0302893/0.175053/0.11687/0.0478276,-0.00873566/-0.0302893/-0.175053/-0.11687/0.0478276,R_50DGG380VPVbOcp,none,base_exemplar
1,7,130206,-1,age,insulin,0/0/0/0/-0.135135,0/0/-0.242396/0/0,0/0/0/0/0.124378,0.0737522011011202,0.0,12.0,0.05,0.0,1,0.1,0.00286909/0.110191/0.142396/0.133579/0.0243781,-0.00286909/-0.110191/-0.142396/-0.133579/0.0243781,R_50DGG380VPVbOcp,none,base_exemplar
2,8,130207,-1,insulin,insulin,0/0/-0.303143/0/0,0/0/-0.622675/0/0,0/0/-0.622675/0/0,0.5255171576747002,4.0,24.0,0.025,0.0,1,0.1,0.0301707/0.0597788/0.522675/0.0249989/0.0150467,-0.0301707/0.0597788/-0.522675/-0.0249989/0.0150467,R_50DGG380VPVbOcp,none,base_exemplar
3,9,130208,-1,age,age,0/0/0/0/-0.108108,0/0/0/0/-0.192437,0/0/0/0/-0.192437,0.2507982425443547,0.0,12.0,0.025,0.0,1,0.1,0.00633784/0.0630539/0.0846124/0.0847691/0.0924371,0.00633784/0.0630539/-0.0846124/-0.0847691/-0.0924371,R_50DGG380VPVbOcp,none,base_exemplar
4,10,130209,-1,bmi,blood_pressure,0/0/0/-0.38/0,0/-0.317796/0/0/0,0/0/0/-0.172056/0,0.1778793443443341,4.0,24.0,0.025,0.0,1,0.1,0.031891/0.217796/0.0860907/0.0720561/0.00546237,0.031891/-0.217796/-0.0860907/-0.0720561/0.00546237,R_50DGG380VPVbOcp,none,base_exemplar
0,11,130300,1,age,bmi,0/0/0/0/0.243243,0/0/0/0.257366/0,0/0/0/0/0.0979612,0.1789266464092352,0.0,12.0,0.025,0.0,1,0.025,0.0110057/0.0513618/0.0487819/0.232366/0.0729612,-0.0110057/-0.0513618/0.0487819/0.232366/0.0729612,R_50DGG380VPVbOcp,none,base_exemplar
1,12,130301,1,bmi,bmi,0/0/0/0.0163389/0,0/0/0/0.394171/0,0/0/0/0.394171/0,0.5308353956520738,0.0,12.0,0.05,0.0,1,0.1,0.00720179/0.054696/0.0459572/0.294171/0.045696,-0.00720179/0.054696/0.0459572/0.294171/0.045696,R_50DGG380VPVbOcp,none,base_exemplar
2,13,130302,1,bmi,blood_pressure,0/0/0/0.110388/0,0/0.384881/0/0/0,0/0/0/0.19512/0,0.19581149964326575,4.0,24.0,0.025,0.0,1,0.1,0.0242873/0.284881/0.0294878/0.0951195/0.0376765,-0.0242873/0.284881/-0.0294878/0.0951195/0.0376765,R_50DGG380VPVbOcp,none,base_exemplar
3,14,130303,1,bmi,bmi,0/0/0/0.456589/0,0/0/0/0.538139/0,0/0/0/0.538139/0,0.5197327400956299,0.0,12.0,0.025,0.0,1,0.1,0.000355624/0.0546905/0.0238231/0.438139/0.0407969,-0.000355624/0.0546905/0.0238231/0.438139/-0.0407969,R_50DGG380VPVbOcp,none,base_exemplar
4,15,130304,1,blood_pressure,blood_pressure,0/0.304348/0/0/0,0/0.209471/0/0/0,0/0.209471/0/0/0,0.3064853883926754,4.0,24.0,0.025,0.0,1,0.1,0.0295963/0.109471/0.077655/0.04772/0.0406502,-0.0295963/0.109471/-0.077655/0.04772/0.0406502,R_50DGG380VPVbOcp,none,base_exemplar
0,16,130305,1,age,bmi,0/0/0/0/0.216216,0/0/0/-0.351311/0,0/0/0/0/0.0977334,0.13069122588248436,0.0,12.0,0.025,0.0,1,0.025,0.00255071/0.291157/0.002736/0.326311/0.0727334,0.00255071/-0.291157/0.002736/-0.326311/0.0727334,R_50DGG380VPVbOcp,none,base_exemplar
1,17,130306,1,bmi,blood_pressure,0/0/0/0.0532144/0,0/-0.253536/0/0/0,0/0/0/-0.104244/0,0.05520920066700675,0.0,12.0,0.05,0.0,1,0.1,0.00348868/0.153536/0.0974009/0.00424443/0.00292462,0.00348868/-0.153536/0.0974009/-0.00424443/-0.00292462,R_50DGG380VPVbOcp,none,base_exemplar
2,18,130307,1,bmi,glucose,0/0/0/0.30102/0,0.158775/0/0/0/0,0/0/0/0.142022/0,0.2403609076732255,4.0,24.0,0.025,0.0,1,0.1,0.0587749/0.0298073/0.00561739/0.0420218/0.021012,0.0587749/0.0298073/-0.00561739/0.0420218/-0.021012,R_50DGG380VPVbOcp,none,base_exemplar
3,19,130308,1,insulin,blood_pressure,0/0/0.154665/0/0,0/-0.421931/0/0/0,0/0/0.155409/0/0,0.12517342813557525,0.0,12.0,0.025,0.0,1,0.1,0.000489677/0.321931/0.0554094/0.209505/0.019422,0.000489677/-0.321931/0.0554094/0.209505/-0.019422,R_50DGG380VPVbOcp,none,base_exemplar
4,20,130309,1,age,insulin,0/0/0/0/0.216216,0/0/0.259399/0/0,0/0/0/0/0.133287,0.13423820191210173,4.0,24.0,0.025,0.0,1,0.1,0.015723/0.0422097/0.159399/0.0607194/0.0332866,0.015723/-0.0422097/0.159399/-0.0607194/0.0332866,R_50DGG380VPVbOcp,none,base_exemplar
0,1,130200,-1,age,bmi,0/0/0/0/-0.324324,0/0/0/0.140489/0,0/0/0/0/-0.0461183,0.14956449417629503,0.0,0.0,0.025,0.0,1,0.0,0.002896/0.0634306/0.0854704/0.140489/0.0461183,-0.002896/-0.0634306/0.0854704/0.140489/-0.0461183,R_50DGG380VPVbOcp,none,base_prototype
1,2,130201,-1,age,bmi,0/0/0/0/-0.324324,0/0/0/0.221684/0,0/0/0/0/-0.0577291,0.11231344461673529,0.0,0.0,0.025,0.0,1,0.025,0.00181/0.148005/0.0447463/0.196684/0.0327291,-0.00181/0.148005/0.0447463/0.196684/-0.0327291,R_50DGG380VPVbOcp,none,base_prototype
2,3,130202,-1,age,insulin,0/0/0/0/-0.189189,0/0/-0.107592/0/0,0/0/0/0/-0.023803,0.1296353517627628,0.0,0.0,0.025,0.0,1,0.0,0.000724001/0.0634306/0.107592/0.0351222/0.023803,-0.000724001/0.0634306/-0.107592/0.0351222/-0.023803,R_50DGG380VPVbOcp,none,base_prototype
3,4,130203,-1,blood_pressure,blood_pressure,0/-0.0869565/0/0/0,0/-0.290292/0/0/0,0/-0.290292/0/0/0,0.34233503848121655,0.0,0.0,0.025,0.0,1,0.1,0.00376481/0.190292/0.0804427/0.15805/0.0252907,-0.00376481/-0.190292/-0.0804427/-0.15805/0.0252907,R_50DGG380VPVbOcp,none,base_prototype
4,5,130204,-1,age,bmi,0/0/0/0/-0.27027,0/0/0/0.196684/0,0/0/0/0/-0.0193399,0.11636055914017987,0.0,0.0,0.025,0.0,1,0.0,0.002896/0.0211435/0.0548016/0.196684/0.0193399,-0.002896/0.0211435/-0.0548016/0.196684/-0.0193399,R_50DGG380VPVbOcp,none,base_prototype
0,6,130205,-1,bmi,insulin,0/0/0/-0.175611/0,0/0/-0.205632/0/0,0/0/0/-0.179123/0,0.29684477246411783,0.0,0.0,0.025,0.0,1,0.0,0.00876041/0.0634306/0.205632/0.179123/0.0565321,-0.00876041/-0.0634306/-0.205632/-0.179123/0.0565321,R_50DGG380VPVbOcp,none,base_prototype
1,7,130206,-1,age,bmi,0/0/0/0/-0.135135,0/0/0/-0.256807/0,0/0/0/0/0.0592168,0.09434798174201835,0.0,0.0,0.025,0.0,1,0.025,0.0024616/0.148005/0.173957/0.231807/0.0342168,-0.0024616/-0.148005/-0.173957/-0.231807/0.0342168,R_50DGG380VPVbOcp,none,base_prototype
2,8,130207,-1,insulin,insulin,0/0/-0.303143/0/0,0/0/-0.427352/0/0,0/0/-0.427352/0/0,0.4759938142233466,0.0,0.0,0.025,0.0,1,0.0,0.0035476/0.0211435/0.427352/0.15805/0.0208276,-0.0035476/0.0211435/-0.427352/-0.15805/0.0208276,R_50DGG380VPVbOcp,none,base_prototype
3,9,130208,-1,age,age,0/0/0/0/-0.108108,0/0/0/0/-0.195212,0/0/0/0/-0.195212,0.26545779877831366,0.0,0.0,0.025,0.0,1,0.1,0.00644361/0.0634306/0.0759178/0.0772689/0.0952119,0.00644361/0.0634306/-0.0759178/-0.0772689/-0.0952119,R_50DGG380VPVbOcp,none,base_prototype
4,10,130209,-1,bmi,bmi,0/0/0/-0.38/0,0/0/0/-0.490728/0,0/0/0/-0.490728/0,0.407008931808438,0.0,0.0,0.025,0.0,1,0.0,0.00405441/0.317153/0.0955257/0.490728/0.0163646,0.00405441/-0.317153/-0.0955257/-0.490728/0.0163646,R_50DGG380VPVbOcp,none,base_prototype
0,11,130300,1,age,bmi,0/0/0/0/0.243243,0/0/0/0.237075/0,0/0/0/0/0.0632267,0.15013591092610262,0.0,0.0,0.025,0.0,1,0.0,0.0101722/0.0563827/0.110357/0.237075/0.0632267,-0.0101722/-0.0563827/0.110357/0.237075/0.0632267,R_50DGG380VPVbOcp,none,base_prototype
1,12,130301,1,bmi,bmi,0/0/0/0.0163389/0,0/0/0/0.335832/0,0/0/0/0.335832/0,0.37716637219052157,0.0,0.0,0.025,0.0,1,0.025,0.00604541/0.112765/0.200855/0.310832/0.0230591,-0.00604541/0.112765/0.200855/0.310832/0.0230591,R_50DGG380VPVbOcp,none,base_prototype
2,13,130302,1,bmi,blood_pressure,0/0/0/0.110388/0,0/0.451062/0/0/0,0/0/0/0.324881/0,0.2862066691746654,0.0,0.0,0.025,0.0,1,0.0,0.000615401/0.451062/0.178231/0.324881/0.00371922,-0.000615401/0.451062/0.178231/0.324881/-0.00371922,R_50DGG380VPVbOcp,none,base_prototype
3,14,130303,1,bmi,bmi,0/0/0/0.456589/0,0/0/0/0.547808/0,0/0/0/0.547808/0,0.41679730756089517,0.0,0.0,0.025,0.0,1,0.1,0.0011222/0.112765/0.185772/0.447808/0.066202,0.0011222/0.112765/0.185772/0.447808/-0.066202,R_50DGG380VPVbOcp,none,base_prototype
4,15,130304,1,blood_pressure,bmi,0/0.304348/0/0/0,0/0/0/0.135221/0,0/0.112765/0/0/0,0.29178997153869873,0.0,0.0,0.025,0.0,1,0.0,0.001267/0.112765/0.0525392/0.135221/0.0275222,-0.001267/0.112765/-0.0525392/0.135221/0.0275222,R_50DGG380VPVbOcp,none,base_prototype
0,16,130305,1,age,bmi,0/0/0/0/0.216216,0/0/0/-0.355507/0,0/0/0/0/0.0632267,0.11648624785865573,0.0,0.0,0.025,0.0,1,0.0,0.00394581/0.310105/0.0274008/0.355507/0.0632267,0.00394581/-0.310105/0.0274008/-0.355507/0.0632267,R_50DGG380VPVbOcp,none,base_prototype
1,17,130306,1,bmi,insulin,0/0/0/0.0532144/0,0/0/0.256021/0/0,0/0/0/-0.0372928/0,0.08791738449032872,0.0,0.0,0.025,0.0,1,0.025,0.00524901/0.140957/0.231021/0.0122928/0.0260345,0.00524901/-0.140957/0.231021/-0.0122928/-0.0260345,R_50DGG380VPVbOcp,none,base_prototype
2,18,130307,1,bmi,insulin,0/0/0/0.30102/0,0/0/0.111866/0/0,0/0/0/0.0755128/0,0.24924772216152882,0.0,0.0,0.025,0.0,1,0.0,0.00894141/0.0281914/0.111866/0.0755128/0.0438868,0.00894141/0.0281914/0.111866/0.0755128/-0.0438868,R_50DGG380VPVbOcp,none,base_prototype
3,19,130308,1,insulin,blood_pressure,0/0/0.154665/0/0,0/-0.410105/0/0/0,0/0/0.278231/0/0,0.2216644526155845,0.0,0.0,0.025,0.0,1,0.1,0.0017738/0.310105/0.178231/0.208977/0.0394237,0.0017738/-0.310105/0.178231/0.208977/-0.0394237,R_50DGG380VPVbOcp,none,base_prototype
4,20,130309,1,age,bmi,0/0/0/0/0.216216,0/0/0/-0.128196/0,0/0/0/0/0.0632267,0.17187584229982827,0.0,0.0,0.025,0.0,1,0.0,0.000398201/0.0986698/0.0781803/0.128196/0.0632267,-0.000398201/-0.0986698/-0.0781803/-0.128196/0.0632267,R_50DGG380VPVbOcp,none,base_prototype
0,1,130200,-1,age,bmi,0/0/0/0/-0.351351,0/0/0/0.340489/0,0/0/0/0/-0.246118,0.13836672170744344,0.0,0.0,0.05,0.0,1,0.2,0.002896/0.0634306/0.0854704/0.140489/0.0461183,-0.002896/-0.0634306/0.0854704/0.140489/-0.0461183,R_5MWWICk2p3HwIcJ,none,base_exemplar
1,2,130201,-1,bmi,blood_pressure,0/0/0/-0.182588/0,0/0.482181/0/0/0,0/0/0/0.342698/0,0.12737630403382974,4.0,0.0,0.025,0.0,1,0.3,0.00382868/0.182181/0.0889769/0.0426976/0.100203,-0.00382868/0.182181/0.0889769/0.0426976/-0.100203,R_5MWWICk2p3HwIcJ,none,base_exemplar
2,3,130202,-1,insulin,insulin,0/0/-0.175287/0/0,0/0/-0.395942/0/0,0/0/-0.395942/0/0,0.3720245491419346,0.0,0.0,0.025,0.0,1,0.3,0.000724001/0.0634306/0.107592/0.0351222/0.023803,-0.000724001/0.0634306/-0.107592/0.0351222/-0.023803,R_5MWWICk2p3HwIcJ,none,base_exemplar
3,4,130203,-1,bmi,blood_pressure,0/0/0/-0.407322/0,0/-0.490292/0/0/0,0/0/0/-0.45805/0,0.2934415473601369,0.0,0.0,0.025,0.0,1,0.3,0.00376481/0.190292/0.0804427/0.15805/0.0252907,-0.00376481/-0.190292/-0.0804427/-0.15805/0.0252907,R_5MWWICk2p3HwIcJ,none,base_exemplar
4,5,130204,-1,blood_pressure,bmi,0/-0.304348/0/0/0,0/0/0/0.496684/0,0/0.321144/0/0/0,0.11993281734704316,0.0,0.0,0.025,0.0,1,0.3,0.002896/0.0211435/0.0548016/0.196684/0.0193399,-0.002896/0.0211435/-0.0548016/0.196684/-0.0193399,R_5MWWICk2p3HwIcJ,none,base_exemplar
0,6,130205,-1,bmi,insulin,0/0/0/-0.491711/0,0/0/-0.405632/0/0,0/0/0/-0.379123/0,0.307655840679247,0.0,0.0,0.05,0.0,1,0.2,0.00876041/0.0634306/0.205632/0.179123/0.0565321,-0.00876041/-0.0634306/-0.205632/-0.179123/0.0565321,R_5MWWICk2p3HwIcJ,none,base_exemplar
1,7,130206,-1,bmi,insulin,0/0/0/-0.551079/0,0/0/-0.486678/0/0,0/0/0/-0.331226/0,0.11268640011245742,4.0,0.0,0.025,0.0,1,0.3,0.031125/0.0845875/0.223143/0.0312263/0.0596586,-0.031125/-0.0845875/-0.223143/-0.0312263/0.0596586,R_5MWWICk2p3HwIcJ,none,base_exemplar
2,8,130207,-1,insulin,insulin,0/0/-0.734142/0/0,0/0/-0.727352/0/0,0/0/-0.727352/0/0,0.4759938142233466,0.0,0.0,0.025,0.0,1,0.3,0.0035476/0.0211435/0.427352/0.15805/0.0208276,-0.0035476/0.0211435/-0.427352/-0.15805/0.0208276,R_5MWWICk2p3HwIcJ,none,base_exemplar
3,9,130208,-1,age,age,0/0/0/0/-0.459459,0/0/0/0/-0.395212,0/0/0/0/-0.395212,0.26545779877831366,0.0,0.0,0.025,0.0,1,0.3,0.00644361/0.0634306/0.0759178/0.0772689/0.0952119,0.00644361/0.0634306/-0.0759178/-0.0772689/-0.0952119,R_5MWWICk2p3HwIcJ,none,base_exemplar
4,10,130209,-1,bmi,bmi,0/0/0/-0.89/0,0/0/0/-0.790728/0,0/0/0/-0.790728/0,0.407008931808438,0.0,0.0,0.025,0.0,1,0.3,0.00405441/0.317153/0.0955257/0.490728/0.0163646,0.00405441/-0.317153/-0.0955257/-0.490728/0.0163646,R_5MWWICk2p3HwIcJ,none,base_exemplar
0,11,130300,1,insulin,bmi,0/0/0.362946/0/0,0/0/0/0.437075/0,0/0/0.310357/0/0,0.21421389032858856,0.0,0.0,0.05,0.0,1,0.2,0.0101722/0.0563827/0.110357/0.237075/0.0632267,-0.0101722/-0.0563827/0.110357/0.237075/0.0632267,R_5MWWICk2p3HwIcJ,none,base_exemplar
1,12,130301,1,bmi,insulin,0/0/0/0.516339/0,0/0/0.758471/0/0,0/0/0/0.39049/0,0.14873944598288988,4.0,0.0,0.025,0.0,1,0.3,0.0555695/0.127897/0.458471/0.0904897/0.0016411,-0.0555695/0.127897/0.458471/0.0904897/-0.0016411,R_5MWWICk2p3HwIcJ,none,base_exemplar
2,13,130302,1,age,blood_pressure,0/0/0/0/-0.162162,0/0.751062/0/0/0,0/0/0/0/-0.303719,0.06455639980469126,0.0,0.0,0.025,0.0,1,0.3,0.000615401/0.451062/0.178231/0.324881/0.00371922,-0.000615401/0.451062/0.178231/0.324881/-0.00371922,R_5MWWICk2p3HwIcJ,none,base_exemplar
3,14,130303,1,insulin,bmi,0/0/0.795843/0/0,0/0/0/0.747808/0,0/0/0.485772/0/0,0.2122633598242643,0.0,0.0,0.025,0.0,1,0.3,0.0011222/0.112765/0.185772/0.447808/0.066202,0.0011222/0.112765/0.185772/0.447808/-0.066202,R_5MWWICk2p3HwIcJ,none,base_exemplar
4,15,130304,1,bmi,bmi,0/0/0/0.320728/0,0/0/0/0.435221/0,0/0/0/0.435221/0,0.33928620057832093,0.0,0.0,0.025,0.0,1,0.3,0.001267/0.112765/0.0525392/0.135221/0.0275222,-0.001267/0.112765/-0.0525392/0.135221/0.0275222,R_5MWWICk2p3HwIcJ,none,base_exemplar
0,16,130305,1,insulin,bmi,0/0/0.478429/0/0,0/0/0/-0.555507/0,0/0/0.227401/0/0,0.06326568349693974,0.0,0.0,0.05,0.0,1,0.2,0.00394581/0.310105/0.0274008/0.355507/0.0632267,0.00394581/-0.310105/0.0274008/-0.355507/0.0632267,R_5MWWICk2p3HwIcJ,none,base_exemplar
1,17,130306,1,insulin,insulin,0/0/0.486678/0/0,0/0/0.763659/0/0,0/0/0.763659/0/0,0.4637797510816734,4.0,0.0,0.025,0.0,1,0.3,0.0774598/0.104347/0.463659/0.0102111/0.0582333,0.0774598/-0.104347/0.463659/-0.0102111/-0.0582333,R_5MWWICk2p3HwIcJ,none,base_exemplar
2,18,130307,1,insulin,insulin,0/0/0.284583/0/0,0/0/0.411866/0/0,0/0/0.411866/0/0,0.34303610913533583,0.0,0.0,0.025,0.0,1,0.3,0.00894141/0.0281914/0.111866/0.0755128/0.0438868,0.00894141/0.0281914/0.111866/0.0755128/-0.0438868,R_5MWWICk2p3HwIcJ,none,base_exemplar
3,19,130308,1,blood_pressure,blood_pressure,0/-0.586957/0/0/0,0/-0.610105/0/0/0,0/-0.610105/0/0/0,0.34491633463008364,0.0,0.0,0.025,0.0,1,0.3,0.0017738/0.310105/0.178231/0.208977/0.0394237,0.0017738/-0.310105/0.178231/0.208977/-0.0394237,R_5MWWICk2p3HwIcJ,none,base_exemplar
4,20,130309,1,age,bmi,0/0/0/0/0.891892,0/0/0/-0.428196/0,0/0/0/0/0.363227,0.17187584229982827,0.0,0.0,0.025,0.0,1,0.3,0.000398201/0.0986698/0.0781803/0.128196/0.0632267,-0.000398201/-0.0986698/-0.0781803/-0.128196/0.0632267,R_5MWWICk2p3HwIcJ,none,base_exemplar
0,1,130200,-1,age,bmi,0/0/0/0/-0.351351,0/0/0/0.340489/0,0/0/0/0/-0.246118,0.13836672170744344,0.0,0.0,0.05,0.0,1,0.2,0.002896/0.0634306/0.0854704/0.140489/0.0461183,-0.002896/-0.0634306/0.0854704/0.140489/-0.0461183,R_5MWWICk2p3HwIcJ,none,base_prototype
1,2,130201,-1,bmi,blood_pressure,0/0/0/-0.182588/0,0/0.482181/0/0/0,0/0/0/0.342698/0,0.12737630403382974,4.0,0.0,0.025,0.0,1,0.3,0.00382868/0.182181/0.0889769/0.0426976/0.100203,-0.00382868/0.182181/0.0889769/0.0426976/-0.100203,R_5MWWICk2p3HwIcJ,none,base_prototype
2,3,130202,-1,insulin,insulin,0/0/-0.175287/0/0,0/0/-0.395942/0/0,0/0/-0.395942/0/0,0.3720245491419346,0.0,0.0,0.025,0.0,1,0.3,0.000724001/0.0634306/0.107592/0.0351222/0.023803,-0.000724001/0.0634306/-0.107592/0.0351222/-0.023803,R_5MWWICk2p3HwIcJ,none,base_prototype
3,4,130203,-1,bmi,blood_pressure,0/0/0/-0.407322/0,0/-0.490292/0/0/0,0/0/0/-0.45805/0,0.2934415473601369,0.0,0.0,0.025,0.0,1,0.3,0.00376481/0.190292/0.0804427/0.15805/0.0252907,-0.00376481/-0.190292/-0.0804427/-0.15805/0.0252907,R_5MWWICk2p3HwIcJ,none,base_prototype
4,5,130204,-1,blood_pressure,bmi,0/-0.304348/0/0/0,0/0/0/0.496684/0,0/0.321144/0/0/0,0.11993281734704316,0.0,0.0,0.025,0.0,1,0.3,0.002896/0.0211435/0.0548016/0.196684/0.0193399,-0.002896/0.0211435/-0.0548016/0.196684/-0.0193399,R_5MWWICk2p3HwIcJ,none,base_prototype
0,6,130205,-1,bmi,insulin,0/0/0/-0.491711/0,0/0/-0.405632/0/0,0/0/0/-0.379123/0,0.307655840679247,0.0,0.0,0.05,0.0,1,0.2,0.00876041/0.0634306/0.205632/0.179123/0.0565321,-0.00876041/-0.0634306/-0.205632/-0.179123/0.0565321,R_5MWWICk2p3HwIcJ,none,base_prototype
1,7,130206,-1,bmi,insulin,0/0/0/-0.551079/0,0/0/-0.486678/0/0,0/0/0/-0.331226/0,0.11268640011245742,4.0,0.0,0.025,0.0,1,0.3,0.031125/0.0845875/0.223143/0.0312263/0.0596586,-0.031125/-0.0845875/-0.223143/-0.0312263/0.0596586,R_5MWWICk2p3HwIcJ,none,base_prototype
2,8,130207,-1,insulin,insulin,0/0/-0.734142/0/0,0/0/-0.727352/0/0,0/0/-0.727352/0/0,0.4759938142233466,0.0,0.0,0.025,0.0,1,0.3,0.0035476/0.0211435/0.427352/0.15805/0.0208276,-0.0035476/0.0211435/-0.427352/-0.15805/0.0208276,R_5MWWICk2p3HwIcJ,none,base_prototype
3,9,130208,-1,age,age,0/0/0/0/-0.459459,0/0/0/0/-0.395212,0/0/0/0/-0.395212,0.26545779877831366,0.0,0.0,0.025,0.0,1,0.3,0.00644361/0.0634306/0.0759178/0.0772689/0.0952119,0.00644361/0.0634306/-0.0759178/-0.0772689/-0.0952119,R_5MWWICk2p3HwIcJ,none,base_prototype
4,10,130209,-1,bmi,bmi,0/0/0/-0.89/0,0/0/0/-0.790728/0,0/0/0/-0.790728/0,0.407008931808438,0.0,0.0,0.025,0.0,1,0.3,0.00405441/0.317153/0.0955257/0.490728/0.0163646,0.00405441/-0.317153/-0.0955257/-0.490728/0.0163646,R_5MWWICk2p3HwIcJ,none,base_prototype
0,11,130300,1,insulin,bmi,0/0/0.362946/0/0,0/0/0/0.437075/0,0/0/0.310357/0/0,0.21421389032858856,0.0,0.0,0.05,0.0,1,0.2,0.0101722/0.0563827/0.110357/0.237075/0.0632267,-0.0101722/-0.0563827/0.110357/0.237075/0.0632267,R_5MWWICk2p3HwIcJ,none,base_prototype
1,12,130301,1,bmi,insulin,0/0/0/0.516339/0,0/0/0.758471/0/0,0/0/0/0.39049/0,0.14873944598288988,4.0,0.0,0.025,0.0,1,0.3,0.0555695/0.127897/0.458471/0.0904897/0.0016411,-0.0555695/0.127897/0.458471/0.0904897/-0.0016411,R_5MWWICk2p3HwIcJ,none,base_prototype
2,13,130302,1,age,blood_pressure,0/0/0/0/-0.162162,0/0.751062/0/0/0,0/0/0/0/-0.303719,0.06455639980469126,0.0,0.0,0.025,0.0,1,0.3,0.000615401/0.451062/0.178231/0.324881/0.00371922,-0.000615401/0.451062/0.178231/0.324881/-0.00371922,R_5MWWICk2p3HwIcJ,none,base_prototype
3,14,130303,1,insulin,bmi,0/0/0.795843/0/0,0/0/0/0.747808/0,0/0/0.485772/0/0,0.2122633598242643,0.0,0.0,0.025,0.0,1,0.3,0.0011222/0.112765/0.185772/0.447808/0.066202,0.0011222/0.112765/0.185772/0.447808/-0.066202,R_5MWWICk2p3HwIcJ,none,base_prototype
4,15,130304,1,bmi,bmi,0/0/0/0.320728/0,0/0/0/0.435221/0,0/0/0/0.435221/0,0.33928620057832093,0.0,0.0,0.025,0.0,1,0.3,0.001267/0.112765/0.0525392/0.135221/0.0275222,-0.001267/0.112765/-0.0525392/0.135221/0.0275222,R_5MWWICk2p3HwIcJ,none,base_prototype
0,16,130305,1,insulin,bmi,0/0/0.478429/0/0,0/0/0/-0.555507/0,0/0/0.227401/0/0,0.06326568349693974,0.0,0.0,0.05,0.0,1,0.2,0.00394581/0.310105/0.0274008/0.355507/0.0632267,0.00394581/-0.310105/0.0274008/-0.355507/0.0632267,R_5MWWICk2p3HwIcJ,none,base_prototype
1,17,130306,1,insulin,insulin,0/0/0.486678/0/0,0/0/0.763659/0/0,0/0/0.763659/0/0,0.4637797510816734,4.0,0.0,0.025,0.0,1,0.3,0.0774598/0.104347/0.463659/0.0102111/0.0582333,0.0774598/-0.104347/0.463659/-0.0102111/-0.0582333,R_5MWWICk2p3HwIcJ,none,base_prototype
2,18,130307,1,insulin,insulin,0/0/0.284583/0/0,0/0/0.411866/0/0,0/0/0.411866/0/0,0.34303610913533583,0.0,0.0,0.025,0.0,1,0.3,0.00894141/0.0281914/0.111866/0.0755128/0.0438868,0.00894141/0.0281914/0.111866/0.0755128/-0.0438868,R_5MWWICk2p3HwIcJ,none,base_prototype
3,19,130308,1,blood_pressure,blood_pressure,0/-0.586957/0/0/0,0/-0.610105/0/0/0,0/-0.610105/0/0/0,0.34491633463008364,0.0,0.0,0.025,0.0,1,0.3,0.0017738/0.310105/0.178231/0.208977/0.0394237,0.0017738/-0.310105/0.178231/0.208977/-0.0394237,R_5MWWICk2p3HwIcJ,none,base_prototype
4,20,130309,1,age,bmi,0/0/0/0/0.891892,0/0/0/-0.428196/0,0/0/0/0/0.363227,0.17187584229982827,0.0,0.0,0.025,0.0,1,0.3,0.000398201/0.0986698/0.0781803/0.128196/0.0632267,-0.000398201/-0.0986698/-0.0781803/-0.128196/0.0632267,R_5MWWICk2p3HwIcJ,none,base_prototype
0,1,130200,-1,age,blood_pressure,0/0/0/0/-0.0540541,0/-0.0434263/0/0/0,0/0/0/0/0,0.06614449040778235,0.0,24.0,0.025,0.0,0,0.0,0/0.0868525/0/0.0813214/0,-0/-0.0434263/0/0.08089/-0,R_5dyiDVxpY3uvP1p,attribution,additive_exemplar
1,2,130201,-1,insulin,blood_pressure,0/0/-0.0185598/0/0,0/0.102589/0/0/0,0/0/0.00877651/0/0,0.22716433463541408,4.0,24.0,0.025,0.0,1,0.0,0/0.205178/0.070816/0/0,-0/0.102589/0.00877651/0.193486/-0.213764,R_5dyiDVxpY3uvP1p,attribution,additive_exemplar
2,3,130202,-1,bmi,blood_pressure,0/0/0/-0.00415004/0,0/0.0623849/0/0/0,0/0/0/0.0556698/0,0.09814066441933503,4.0,24.0,0.025,0.0,1,0.0,0/0.12477/0/0/0,0/0.0623849/-0/0.0556698/-0.183072,R_5dyiDVxpY3uvP1p,attribution,additive_exemplar
3,4,130203,-1,bmi,blood_pressure,0/0/0/-0.0373223/0,0/-0.0659043/0/0/0,0/0/0/-0.0978905/0,0.07165636460976901,4.0,24.0,0.025,0.0,1,0.0,0/0.131809/0/0/0.0945531,-0/-0.0659043/-0.0740675/-0.0978905/0.0896274,R_5dyiDVxpY3uvP1p,attribution,additive_exemplar
4,5,130204,-1,age,blood_pressure,0/0/0/0/-0.0540541,0/0.0395433/0/0/0,0/0/0/0/-0.152554,0.09814066441933503,4.0,24.0,0.025,0.0,1,0.0,0/0.0790866/0/0/0,-0/0.0395433/-0/0.216746/-0.152554,R_5dyiDVxpY3uvP1p,attribution,additive_exemplar
0,6,130205,-1,age,blood_pressure,0/0/0/0/-0.027027,0/-0.00821865/0/0/0,0/0/0/0/0.262977,0.09814066441933503,0.0,24.0,0.025,0.0,0,0.0,0/0.0164373/0/0/0,-0/-0.00821865/-0/-0.0636587/0.262977,R_5dyiDVxpY3uvP1p,attribution,additive_exemplar
1,7,130206,-1,bmi,age,0/0/0/-0.031079/0,0/0/0/0/0.127079,0/0/0/-0.155551/0,0.0721993570920976,4.0,24.0,0.025,0.0,1,0.0,0/0.0929445/0/0/0.133248,-0/-0.0464723/-0.186884/-0.155551/0.127079,R_5dyiDVxpY3uvP1p,attribution,additive_exemplar
2,8,130207,-1,bmi,blood_pressure,0/0/0/-0.0173223/0,0/0.036956/0/0/0,0/0/0/-0.118943/0,0.09814066441933503,4.0,24.0,0.025,0.0,1,0.0,0/0.073912/0/0/0,-0.0928553/0.036956/-0.522675/-0.118943/0,R_5dyiDVxpY3uvP1p,attribution,additive_exemplar
3,9,130208,-1,age,blood_pressure,0/0/0/0/-0.0810811,0/0.0521806/0/0/0,0/0/0/0/-0.586609,0.09814066441933503,4.0,24.0,0.025,0.0,1,0.0,0/0.104361/0/0/0,0/0.0521806/-0/0.00748431/-0.586609,R_5dyiDVxpY3uvP1p,attribution,additive_exemplar
4,10,130209,-1,bmi,blood_pressure,0/0/0/-0.01/0,0/-0.131999/0/0/0,0/0/0/-0.279916/0,0.09814066441933503,4.0,24.0,0.025,0.0,1,0.0,0/0.263997/0/0/0,0/-0.131999/-0/-0.279916/0.01881,R_5dyiDVxpY3uvP1p,attribution,additive_exemplar
0,11,130300,1,age,blood_pressure,0/0/0/0/0.0540541,0/-0.0238773/0/0/0,0/0/0/0/0,0.09814066441933503,0.0,24.0,0.025,0.0,0,0.0,0/0.0477546/0/0/0,-0.455869/-0.0238773/0.0142178/0/0,R_5dyiDVxpY3uvP1p,attribution,additive_exemplar
1,12,130301,1,bmi,blood_pressure,0/0/0/0.0163389/0,0/0.0197312/0/0/0,0/0/0/0/0,0.09814066441933503,4.0,24.0,0.025,0.0,1,0.0,0/0.0394623/0/0/0,-0.282054/0.0197312/0.0224103/0/0,R_5dyiDVxpY3uvP1p,attribution,additive_exemplar
2,13,130302,1,bmi,blood_pressure,0/0/0/0.0703877/0,0/0.166756/0/0/0,0/0/0/0/0,0.09389646795095477,4.0,24.0,0.025,0.0,1,0.0,0/0.333513/0.0294878/0/0,-0.0760834/0.166756/-0.0286901/0/0,R_5dyiDVxpY3uvP1p,attribution,additive_exemplar
3,14,130303,1,age,blood_pressure,0/0/0/0/0.0540541,0/0.0165726/0/0/0,0/0/0/0/0,0.09289437412229287,4.0,24.0,0.025,0.0,1,0.0,0/0.0331452/0.00366057/0/0,-0.0307196/0.0165726/0.00341537/0/-0,R_5dyiDVxpY3uvP1p,attribution,additive_exemplar
4,15,130304,1,bmi,blood_pressure,0/0/0/0.0107277/0,0/0.0626186/0/0/0,0/0/0/0/0,0.09814066441933503,4.0,24.0,0.025,0.0,1,0.0,0/0.125237/0/0/0,-0.0948792/0.0626186/-0.077655/0/0,R_5dyiDVxpY3uvP1p,attribution,additive_exemplar
0,16,130305,1,age,blood_pressure,0/0/0/0/0.0810811,0/-0.148884/0/0/0,0/0/0/0/0,0.09814066441933503,0.0,24.0,0.025,0.0,0,0.0,0/0.297769/0/0/0,0/-0.148884/-0/-0/0,R_5dyiDVxpY3uvP1p,attribution,additive_exemplar
1,17,130306,1,age,blood_pressure,0/0/0/0/0.0540541,0/-0.0769512/0/0/0,0/0/0/0/0,0.07064910914837952,4.0,24.0,0.025,0.0,1,0.0,0/0.153902/0.116181/0/0,0/-0.0769512/0.109294/0/0,R_5dyiDVxpY3uvP1p,attribution,additive_exemplar
2,18,130307,1,age,blood_pressure,0/0/0/0/0.0540541,0/0.0165095/0/0/0,0/0/0/0/0,0.09814066441933503,4.0,24.0,0.025,0.0,1,0.0,0/0.033019/0/0/0,0.196286/0.0165095/-0.00561739/0/-0,R_5dyiDVxpY3uvP1p,attribution,additive_exemplar
3,19,130308,1,bmi,blood_pressure,0/0/0/0.0244844/0,0/-0.162323/0/0/0,0/0/0/0/0,0.09814066441933503,4.0,24.0,0.025,0.0,1,0.0,0/0.324647/0/0/0,-0.0220046/-0.162323/0.0341992/0/-0,R_5dyiDVxpY3uvP1p,attribution,additive_exemplar
4,20,130309,1,age,blood_pressure,0/0/0/0/0.108108,0/-0.0229263/0/0/0,0/0/0/0/0,0.09814066441933503,4.0,24.0,0.025,0.0,1,0.0,0/0.0458526/0/0/0,0/-0.0229263/0/-0/0,R_5dyiDVxpY3uvP1p,attribution,additive_exemplar
0,1,130200,-1,age,blood_pressure,0/0/0/0/-0.0540541,0/-0.0326087/0/0/0,0/0/0/0/-0.279279,0.09814066441933503,0.0,0.0,0.025,0.0,0,0.0,0/0.0652174/0/0/0,-0/-0.0326087/0.116858/0.140489/-0.279279,R_5dyiDVxpY3uvP1p,attribution,additive_prototype
1,2,130201,-1,insulin,age,0/0/-0.0185598/0/0,0/0/0/0/-0.22028,0/0/0.0889769/0/0,0.06743861061291902,4.0,0.0,0.025,0.0,1,0.0,0/0.214464/0/0/0.243212,-0/0.107232/0.0889769/0.224409/-0.22028,R_5dyiDVxpY3uvP1p,attribution,additive_prototype
2,3,130202,-1,bmi,blood_pressure,0/0/0/-0.00415004/0,0/0.0622093/0/0/0,0/0/0/0.0832856/0,0.09814066441933503,4.0,0.0,0.025,0.0,1,0.0,0/0.124419/0/0/0,0.00521539/0.0622093/-0.122407/0.0832856/-0.185281,R_5dyiDVxpY3uvP1p,attribution,additive_prototype
3,4,130203,-1,bmi,blood_pressure,0/0/0/-0.0373223/0,0/-0.0698521/0/0/0,0/0/0/-0.0991114/0,0.09814066441933503,4.0,0.0,0.025,0.0,1,0.0,0/0.139704/0/0/0,-0.127649/-0.0698521/-0.0883718/-0.0991114/0.116352,R_5dyiDVxpY3uvP1p,attribution,additive_prototype
4,5,130204,-1,age,blood_pressure,0/0/0/0/-0.0540541,0/0.0372444/0/0/0,0/0/0/0/-0.149909,0.09814066441933503,4.0,0.0,0.025,0.0,1,0.0,0/0.0744888/0/0/0,-0.102957/0.0372444/-0.0560219/0.260842/-0.149909,R_5dyiDVxpY3uvP1p,attribution,additive_prototype
0,6,130205,-1,age,blood_pressure,0/0/0/0/-0.027027,0/-0.0326087/0/0/0,0/0/0/0/0.342342,0.09814066441933503,0.0,0.0,0.025,0.0,0,0.0,0/0.0652174/0/0/0,-0/-0.0326087/-0.281146/-0.179123/0.342342,R_5dyiDVxpY3uvP1p,attribution,additive_prototype
1,7,130206,-1,bmi,blood_pressure,0/0/0/-0.031079/0,0/-0.0526656/0/0/0,0/0/0/-0.165337/0,0.09814066441933503,4.0,0.0,0.025,0.0,1,0.0,0/0.105331/0/0/0,-0.0968726/-0.0526656/-0.223143/-0.165337/0.180914,R_5dyiDVxpY3uvP1p,attribution,additive_prototype
2,8,130207,-1,bmi,blood_pressure,0/0/0/-0.0173223/0,0/0.0329653/0/0/0,0/0/0/-0.0923896/0,0.09814066441933503,4.0,0.0,0.025,0.0,1,0.0,0/0.0659306/0/0/0,-0.142591/0.0329653/-0.571198/-0.0923896/0.102391,R_5dyiDVxpY3uvP1p,attribution,additive_prototype
3,9,130208,-1,age,blood_pressure,0/0/0/0/-0.0810811,0/0.0534823/0/0/0,0/0/0/0/-0.598124,0.09814066441933503,4.0,0.0,0.025,0.0,1,0.0,0/0.106965/0/0/0,0.24619/0.0534823/-0.0920589/-0.0130236/-0.598124,R_5dyiDVxpY3uvP1p,attribution,additive_prototype
4,10,130209,-1,bmi,blood_pressure,0/0/0/-0.01/0,0/-0.143293/0/0/0,0/0/0/-0.428232/0,0.09814066441933503,4.0,0.0,0.025,0.0,1,0.0,0/0.286586/0/0/0,0.151001/-0.143293/-0.120012/-0.428232/0.0794287,R_5dyiDVxpY3uvP1p,attribution,additive_prototype
0,11,130300,1,age,blood_pressure,0/0/0/0/0.0540541,0/-0.0289855/0/0/0,0/0/0/0/0,0.09814066441933503,0.0,0.0,0.025,0.0,0,0.0,0/0.057971/0/0/0,-0.398175/-0.0289855/0/0/0,R_5dyiDVxpY3uvP1p,attribution,additive_prototype
1,12,130301,1,bmi,blood_pressure,0/0/0/0.0163389/0,0/0.0757502/0/0/0,0/0/0/0/0,0.09814066441933503,4.0,0.0,0.025,0.0,1,0.0,0/0.1515/0/0/0,-0/0.0757502/0/0/-0,R_5dyiDVxpY3uvP1p,attribution,additive_prototype
2,13,130302,1,bmi,blood_pressure,0/0/0/0.0703877/0,0/0.248785/0/0/0,0/0/0/0/0,0.09814066441933503,4.0,0.0,0.025,0.0,1,0.0,0/0.49757/0/0/0,0/0.248785/0/0/-0,R_5dyiDVxpY3uvP1p,attribution,additive_prototype
3,14,130303,1,age,blood_pressure,0/0/0/0/0.0540541,0/0.0740701/0/0/0,0/0/0/0/0,0.09814066441933503,4.0,0.0,0.025,0.0,1,0.0,0/0.14814/0/0/0,0/0.0740701/0/0/-0,R_5dyiDVxpY3uvP1p,attribution,additive_prototype
4,15,130304,1,bmi,blood_pressure,0/0/0/0.0107277/0,0/0.0733351/0/0/0,0/0/0/0/0,0.09814066441933503,4.0,0.0,0.025,0.0,1,0.0,0/0.14667/0/0/0,0/0.0733351/0/0/0,R_5dyiDVxpY3uvP1p,attribution,additive_prototype
0,16,130305,1,age,blood_pressure,0/0/0/0/0.0810811,0/-0.15942/0/0/0,0/0/0/0/0,0.09814066441933503,0.0,0.0,0.025,0.0,0,0.0,0/0.318841/0/0/0,0.154452/-0.15942/0/-0/0,R_5dyiDVxpY3uvP1p,attribution,additive_prototype
1,17,130306,1,age,blood_pressure,0/0/0/0/0.0540541,0/-0.0583973/0/0/0,0/0/0/0/0,0.09814066441933503,4.0,0.0,0.025,0.0,1,0.0,0/0.116795/0/0/0,0/-0.0583973/0/-0/-0,R_5dyiDVxpY3uvP1p,attribution,additive_prototype
2,18,130307,1,age,blood_pressure,0/0/0/0/0.0540541,0/0.0279844/0/0/0,0/0/0/0/0,0.09814066441933503,4.0,0.0,0.025,0.0,1,0.0,0/0.0559687/0/0/0,0/0.0279844/0/0/-0,R_5dyiDVxpY3uvP1p,attribution,additive_prototype
3,19,130308,1,bmi,blood_pressure,0/0/0/0.0244844/0,0/-0.146461/0/0/0,0/0/0/0/0,0.09814066441933503,4.0,0.0,0.025,0.0,1,0.0,0/0.292922/0/0/0,0/-0.146461/0/0/-0,R_5dyiDVxpY3uvP1p,attribution,additive_prototype
4,20,130309,1,age,blood_pressure,0/0/0/0/0.108108,0/-0.0382596/0/0/0,0/0/0/0/0,0.09814066441933503,4.0,0.0,0.025,0.0,1,0.0,0/0.0765192/0/0/0,0/-0.0382596/0/-0/0,R_5dyiDVxpY3uvP1p,attribution,additive_prototype
0,1,130200,-1,age,bmi,0/0/0/0/-0.0540541,0/0/0/0.140489/0,0/0/0/0/-0.0461183,0.14956449417629503,0.0,0.0,0.025,0.0,1,0.0,0.002896/0.0634306/0.0854704/0.140489/0.0461183,-0.002896/-0.0634306/0.0854704/0.140489/-0.0461183,R_5dyiDVxpY3uvP1p,attribution,base_exemplar
1,2,130201,-1,insulin,bmi,0/0/-0.0185598/0/0,0/0/0/0.130421/0,0/0/0.0106758/0/0,0.0879385542783653,0.0,12.0,0.025,0.0,1,0.0,0.00161878/0.107764/0.0106758/0.130421/0.0237713,-0.00161878/0.107764/0.0106758/0.130421/-0.0237713,R_5dyiDVxpY3uvP1p,attribution,base_exemplar
2,3,130202,-1,bmi,insulin,0/0/0/-0.00415004/0,0/0/-0.108083/0/0,0/0/0/0.0249511/0,0.13814234817972126,0.0,2.0,0.025,0.0,1,0.0,0.000599158/0.0614335/0.108083/0.0249511/0.0234942,-0.000599158/0.0614335/-0.108083/0.0249511/-0.0234942,R_5dyiDVxpY3uvP1p,attribution,base_exemplar
3,4,130203,-1,bmi,blood_pressure,0/0/0/-0.0373223/0,0/-0.190292/0/0/0,0/0/0/-0.15805/0,0.2934415473601369,0.0,0.0,0.025,0.0,1,0.0,0.00376481/0.190292/0.0804427/0.15805/0.0252907,-0.00376481/-0.190292/-0.0804427/-0.15805/0.0252907,R_5dyiDVxpY3uvP1p,attribution,base_exemplar
4,5,130204,-1,age,bmi,0/0/0/0/-0.0540541,0/0/0/0.196684/0,0/0/0/0/-0.0193399,0.11636055914017987,0.0,0.0,0.025,0.0,1,0.0,0.002896/0.0211435/0.0548016/0.196684/0.0193399,-0.002896/0.0211435/-0.0548016/0.196684/-0.0193399,R_5dyiDVxpY3uvP1p,attribution,base_exemplar
0,6,130205,-1,age,insulin,0/0/0/0/-0.027027,0/0/-0.205632/0/0,0/0/0/0/0.0565321,0.13088132363173496,0.0,0.0,0.025,0.0,1,0.0,0.00876041/0.0634306/0.205632/0.179123/0.0565321,-0.00876041/-0.0634306/-0.205632/-0.179123/0.0565321,R_5dyiDVxpY3uvP1p,attribution,base_exemplar
1,7,130206,-1,bmi,insulin,0/0/0/-0.031079/0,0/0/-0.142396/0/0,0/0/0/-0.133579/0,0.2814188462521543,0.0,12.0,0.025,0.0,1,0.0,0.00286909/0.110191/0.142396/0.133579/0.0243781,-0.00286909/-0.110191/-0.142396/-0.133579/0.0243781,R_5dyiDVxpY3uvP1p,attribution,base_exemplar
2,8,130207,-1,bmi,insulin,0/0/0/-0.0173223/0,0/0/-0.423183/0/0,0/0/0/-0.153281/0,0.22155152355775262,0.0,2.0,0.025,0.0,1,0.0,0.00350322/0.0250796/0.423183/0.153281/0.0197727,-0.00350322/0.0250796/-0.423183/-0.153281/0.0197727,R_5dyiDVxpY3uvP1p,attribution,base_exemplar
3,9,130208,-1,age,age,0/0/0/0/-0.0810811,0/0/0/0/-0.0952119,0/0/0/0/-0.0952119,0.26545779877831366,0.0,0.0,0.025,0.0,1,0.0,0.00644361/0.0634306/0.0759178/0.0772689/0.0952119,0.00644361/0.0634306/-0.0759178/-0.0772689/-0.0952119,R_5dyiDVxpY3uvP1p,attribution,base_exemplar
4,10,130209,-1,bmi,bmi,0/0/0/-0.01/0,0/0/0/-0.490728/0,0/0/0/-0.490728/0,0.407008931808438,0.0,0.0,0.025,0.0,1,0.0,0.00405441/0.317153/0.0955257/0.490728/0.0163646,0.00405441/-0.317153/-0.0955257/-0.490728/0.0163646,R_5dyiDVxpY3uvP1p,attribution,base_exemplar
0,11,130300,1,age,bmi,0/0/0/0/0.0540541,0/0/0/0.237075/0,0/0/0/0/0.0632267,0.15013591092610262,0.0,0.0,0.025,0.0,1,0.0,0.0101722/0.0563827/0.110357/0.237075/0.0632267,-0.0101722/-0.0563827/0.110357/0.237075/0.0632267,R_5dyiDVxpY3uvP1p,attribution,base_exemplar
1,12,130301,1,bmi,bmi,0/0/0/0.0163389/0,0/0/0/0.294171/0,0/0/0/0.294171/0,0.4671387664769676,0.0,12.0,0.025,0.0,1,0.0,0.00720179/0.054696/0.0459572/0.294171/0.045696,-0.00720179/0.054696/0.0459572/0.294171/0.045696,R_5dyiDVxpY3uvP1p,attribution,base_exemplar
2,13,130302,1,bmi,blood_pressure,0/0/0/0.0703877/0,0/0.434991/0/0/0,0/0/0/0.322005/0,0.29932429398293087,0.0,2.0,0.025,0.0,1,0.0,0.00107312/0.434991/0.132693/0.322005/0.00363482,-0.00107312/0.434991/0.132693/0.322005/0.00363482,R_5dyiDVxpY3uvP1p,attribution,base_exemplar
3,14,130303,1,age,bmi,0/0/0/0/0.0540541,0/0/0/0.447808/0,0/0/0/0/-0.066202,0.11991141152194619,0.0,0.0,0.025,0.0,1,0.0,0.0011222/0.112765/0.185772/0.447808/0.066202,0.0011222/0.112765/0.185772/0.447808/-0.066202,R_5dyiDVxpY3uvP1p,attribution,base_exemplar
4,15,130304,1,bmi,bmi,0/0/0/0.0107277/0,0/0/0/0.135221/0,0/0/0/0.135221/0,0.33928620057832093,0.0,0.0,0.025,0.0,1,0.0,0.001267/0.112765/0.0525392/0.135221/0.0275222,-0.001267/0.112765/-0.0525392/0.135221/0.0275222,R_5dyiDVxpY3uvP1p,attribution,base_exemplar
0,16,130305,1,age,bmi,0/0/0/0/0.0810811,0/0/0/-0.355507/0,0/0/0/0/0.0632267,0.11648624785865573,0.0,0.0,0.025,0.0,1,0.0,0.00394581/0.310105/0.0274008/0.355507/0.0632267,0.00394581/-0.310105/0.0274008/-0.355507/0.0632267,R_5dyiDVxpY3uvP1p,attribution,base_exemplar
1,17,130306,1,age,blood_pressure,0/0/0/0/0.0540541,0/-0.153536/0/0/0,0/0/0/0/-0.00292462,0.07885368794093837,0.0,12.0,0.025,0.0,1,0.0,0.00348868/0.153536/0.0974009/0.00424443/0.00292462,0.00348868/-0.153536/0.0974009/-0.00424443/-0.00292462,R_5dyiDVxpY3uvP1p,attribution,base_exemplar
2,18,130307,1,age,bmi,0/0/0/0/0.0540541,0/0/0/0.0767273/0,0/0/0/0/-0.037582,0.1708167188286467,0.0,2.0,0.025,0.0,1,0.0,0.0084405/0.0217146/0.076546/0.0767273/0.037582,0.0084405/0.0217146/0.076546/0.0767273/-0.037582,R_5dyiDVxpY3uvP1p,attribution,base_exemplar
3,19,130308,1,bmi,blood_pressure,0/0/0/0.0244844/0,0/-0.310105/0/0/0,0/0/0/0.208977/0,0.2502846992168237,0.0,0.0,0.025,0.0,1,0.0,0.0017738/0.310105/0.178231/0.208977/0.0394237,0.0017738/-0.310105/0.178231/0.208977/-0.0394237,R_5dyiDVxpY3uvP1p,attribution,base_exemplar
4,20,130309,1,age,bmi,0/0/0/0/0.108108,0/0/0/-0.128196/0,0/0/0/0/0.0632267,0.17187584229982827,0.0,0.0,0.025,0.0,1,0.0,0.000398201/0.0986698/0.0781803/0.128196/0.0632267,-0.000398201/-0.0986698/-0.0781803/-0.128196/0.0632267,R_5dyiDVxpY3uvP1p,attribution,base_exemplar
0,1,130200,-1,age,bmi,0/0/0/0/-0.0540541,0/0/0/0.140489/0,0/0/0/0/-0.0461183,0.14956449417629503,0.0,0.0,0.025,0.0,1,0.0,0.002896/0.0634306/0.0854704/0.140489/0.0461183,-0.002896/-0.0634306/0.0854704/0.140489/-0.0461183,R_5dyiDVxpY3uvP1p,attribution,base_prototype
1,2,130201,-1,insulin,bmi,0/0/-0.0185598/0/0,0/0/0/0.196684/0,0/0/0.0447463/0/0,0.13106421942047733,0.0,0.0,0.025,0.0,1,0.0,0.00181/0.148005/0.0447463/0.196684/0.0327291,-0.00181/0.148005/0.0447463/0.196684/-0.0327291,R_5dyiDVxpY3uvP1p,attribution,base_prototype
2,3,130202,-1,bmi,insulin,0/0/0/-0.00415004/0,0/0/-0.107592/0/0,0/0/0/0.0351222/0,0.16210793330673196,0.0,0.0,0.025,0.0,1,0.0,0.000724001/0.0634306/0.107592/0.0351222/0.023803,-0.000724001/0.0634306/-0.107592/0.0351222/-0.023803,R_5dyiDVxpY3uvP1p,attribution,base_prototype
3,4,130203,-1,bmi,blood_pressure,0/0/0/-0.0373223/0,0/-0.190292/0/0/0,0/0/0/-0.15805/0,0.2934415473601369,0.0,0.0,0.025,0.0,1,0.0,0.00376481/0.190292/0.0804427/0.15805/0.0252907,-0.00376481/-0.190292/-0.0804427/-0.15805/0.0252907,R_5dyiDVxpY3uvP1p,attribution,base_prototype
4,5,130204,-1,age,bmi,0/0/0/0/-0.0540541,0/0/0/0.196684/0,0/0/0/0/-0.0193399,0.11636055914017987,0.0,0.0,0.025,0.0,1,0.0,0.002896/0.0211435/0.0548016/0.196684/0.0193399,-0.002896/0.0211435/-0.0548016/0.196684/-0.0193399,R_5dyiDVxpY3uvP1p,attribution,base_prototype
0,6,130205,-1,age,insulin,0/0/0/0/-0.027027,0/0/-0.205632/0/0,0/0/0/0/0.0565321,0.13088132363173496,0.0,0.0,0.025,0.0,1,0.0,0.00876041/0.0634306/0.205632/0.179123/0.0565321,-0.00876041/-0.0634306/-0.205632/-0.179123/0.0565321,R_5dyiDVxpY3uvP1p,attribution,base_prototype
1,7,130206,-1,bmi,bmi,0/0/0/-0.031079/0,0/0/0/-0.231807/0,0/0/0/-0.231807/0,0.3281556624244002,0.0,0.0,0.025,0.0,1,0.0,0.0024616/0.148005/0.173957/0.231807/0.0342168,-0.0024616/-0.148005/-0.173957/-0.231807/0.0342168,R_5dyiDVxpY3uvP1p,attribution,base_prototype
2,8,130207,-1,bmi,insulin,0/0/0/-0.0173223/0,0/0/-0.427352/0/0,0/0/0/-0.15805/0,0.22458200376205129,0.0,0.0,0.025,0.0,1,0.0,0.0035476/0.0211435/0.427352/0.15805/0.0208276,-0.0035476/0.0211435/-0.427352/-0.15805/0.0208276,R_5dyiDVxpY3uvP1p,attribution,base_prototype
3,9,130208,-1,age,age,0/0/0/0/-0.0810811,0/0/0/0/-0.0952119,0/0/0/0/-0.0952119,0.26545779877831366,0.0,0.0,0.025,0.0,1,0.0,0.00644361/0.0634306/0.0759178/0.0772689/0.0952119,0.00644361/0.0634306/-0.0759178/-0.0772689/-0.0952119,R_5dyiDVxpY3uvP1p,attribution,base_prototype
4,10,130209,-1,bmi,bmi,0/0/0/-0.01/0,0/0/0/-0.490728/0,0/0/0/-0.490728/0,0.407008931808438,0.0,0.0,0.025,0.0,1,0.0,0.00405441/0.317153/0.0955257/0.490728/0.0163646,0.00405441/-0.317153/-0.0955257/-0.490728/0.0163646,R_5dyiDVxpY3uvP1p,attribution,base_prototype
0,11,130300,1,age,bmi,0/0/0/0/0.0540541,0/0/0/0.237075/0,0/0/0/0/0.0632267,0.15013591092610262,0.0,0.0,0.025,0.0,1,0.0,0.0101722/0.0563827/0.110357/0.237075/0.0632267,-0.0101722/-0.0563827/0.110357/0.237075/0.0632267,R_5dyiDVxpY3uvP1p,attribution,base_prototype
1,12,130301,1,bmi,bmi,0/0/0/0.0163389/0,0/0/0/0.310832/0,0/0/0/0.310832/0,0.37716637219052157,0.0,0.0,0.025,0.0,1,0.0,0.00604541/0.112765/0.200855/0.310832/0.0230591,-0.00604541/0.112765/0.200855/0.310832/0.0230591,R_5dyiDVxpY3uvP1p,attribution,base_prototype
2,13,130302,1,bmi,blood_pressure,0/0/0/0.0703877/0,0/0.451062/0/0/0,0/0/0/0.324881/0,0.2862066691746654,0.0,0.0,0.025,0.0,1,0.0,0.000615401/0.451062/0.178231/0.324881/0.00371922,-0.000615401/0.451062/0.178231/0.324881/-0.00371922,R_5dyiDVxpY3uvP1p,attribution,base_prototype
3,14,130303,1,age,bmi,0/0/0/0/0.0540541,0/0/0/0.447808/0,0/0/0/0/-0.066202,0.11991141152194619,0.0,0.0,0.025,0.0,1,0.0,0.0011222/0.112765/0.185772/0.447808/0.066202,0.0011222/0.112765/0.185772/0.447808/-0.066202,R_5dyiDVxpY3uvP1p,attribution,base_prototype
4,15,130304,1,bmi,bmi,0/0/0/0.0107277/0,0/0/0/0.135221/0,0/0/0/0.135221/0,0.33928620057832093,0.0,0.0,0.025,0.0,1,0.0,0.001267/0.112765/0.0525392/0.135221/0.0275222,-0.001267/0.112765/-0.0525392/0.135221/0.0275222,R_5dyiDVxpY3uvP1p,attribution,base_prototype
0,16,130305,1,age,bmi,0/0/0/0/0.0810811,0/0/0/-0.355507/0,0/0/0/0/0.0632267,0.11648624785865573,0.0,0.0,0.025,0.0,1,0.0,0.00394581/0.310105/0.0274008/0.355507/0.0632267,0.00394581/-0.310105/0.0274008/-0.355507/0.0632267,R_5dyiDVxpY3uvP1p,attribution,base_prototype
1,17,130306,1,age,insulin,0/0/0/0/0.0540541,0/0/0.231021/0/0,0/0/0/0/-0.0260345,0.1085277133093675,0.0,0.0,0.025,0.0,1,0.0,0.00524901/0.140957/0.231021/0.0122928/0.0260345,0.00524901/-0.140957/0.231021/-0.0122928/-0.0260345,R_5dyiDVxpY3uvP1p,attribution,base_prototype
2,18,130307,1,age,insulin,0/0/0/0/0.0540541,0/0/0.111866/0/0,0/0/0/0/-0.0438868,0.1682655399818352,0.0,0.0,0.025,0.0,1,0.0,0.00894141/0.0281914/0.111866/0.0755128/0.0438868,0.00894141/0.0281914/0.111866/0.0755128/-0.0438868,R_5dyiDVxpY3uvP1p,attribution,base_prototype
3,19,130308,1,bmi,blood_pressure,0/0/0/0.0244844/0,0/-0.310105/0/0/0,0/0/0/0.208977/0,0.2502846992168237,0.0,0.0,0.025,0.0,1,0.0,0.0017738/0.310105/0.178231/0.208977/0.0394237,0.0017738/-0.310105/0.178231/0.208977/-0.0394237,R_5dyiDVxpY3uvP1p,attribution,base_prototype
4,20,130309,1,age,bmi,0/0/0/0/0.108108,0/0/0/-0.128196/0,0/0/0/0/0.0632267,0.17187584229982827,0.0,0.0,0.025,0.0,1,0.0,0.000398201/0.0986698/0.0781803/0.128196/0.0632267,-0.000398201/-0.0986698/-0.0781803/-0.128196/0.0632267,R_5dyiDVxpY3uvP1p,attribution,base_prototype
0,1,130200,-1,age,glucose,0/0/0/0/-0.135135,-0.13096/0/0/0/0,0/0/0/0/-0.173033,0.06929290990308919,0.0,12.0,0.025,0.0,1,0.0,0.0981764/0.0792401/0/0/0,-0.13096/-0.0455115/0.105748/0.182838/-0.173033,R_5meYpVpIaQ4Mrnr,counterfactual,additive_exemplar
1,2,130201,-1,age,glucose,0/0/0/0/-0.135135,-0.0947937/0/0/0/0,0/0/0/0/-0.0826187,0.09814066441933503,1.0,12.0,0.025,0.0,1,0.0,0.0658024/0/0/0/0,-0.0947937/0.152321/0.0317259/0.24367/-0.0826187,R_5meYpVpIaQ4Mrnr,counterfactual,additive_exemplar
2,3,130202,-1,bmi,insulin,0/0/0/-0.16415/0,0/0/-0.106279/0/0,0/0/0/0.0987317/0,0.0977797956394822,1.0,12.0,0.025,0.0,1,0.0,0.000944352/0/0.130681/0/0,-0.0493808/0.107387/-0.106279/0.0987317/-0.0787579,R_5meYpVpIaQ4Mrnr,counterfactual,additive_exemplar
3,4,130203,-1,bmi,blood_pressure,0/0/0/-0.167322/0,0/-0.119261/0/0/0,0/0/0/-0.05133/0,0.18526983772353833,1.0,12.0,0.025,0.0,1,0.0,0.142298/0.150337/0.0787679/0.0875492/0,-0.178703/-0.119261/-0.0248509/-0.05133/0.185558,R_5meYpVpIaQ4Mrnr,counterfactual,additive_exemplar
4,5,130204,-1,bmi,glucose,0/0/0/-0.162588/0,-0.159892/0/0/0/0,0/0/0/0.274663/0,0.06857877814923045,4.0,24.0,0.025,0.0,0,0.0,0.0630085/0/0.0526385/0/0,-0.159892/0.0951948/-0.034066/0.274663/-0.0458503,R_5meYpVpIaQ4Mrnr,counterfactual,additive_exemplar
0,6,130205,-1,bmi,glucose,0/0/0/-0.140489/0,-0.35422/0/0/0/0,0/0/0/-0.073842/0,0.16746782709128646,0.0,12.0,0.025,0.0,1,0.0,0.341943/0.0311425/0.239337/0.11687/0,-0.35422/0.00737841/-0.152034/-0.073842/0.338594,R_5meYpVpIaQ4Mrnr,counterfactual,additive_exemplar
1,7,130206,-1,bmi,insulin,0/0/0/-0.171079/0,0/0/-0.103949/0/0,0/0/0/-0.108544/0,0.23304948238150075,1.0,12.0,0.025,0.0,1,0.0,0.102918/0.108156/0.196066/0.140577/0,-0.117169/-0.0714387/-0.103949/-0.108544/0.202208,R_5meYpVpIaQ4Mrnr,counterfactual,additive_exemplar
2,8,130207,-1,bmi,insulin,0/0/0/-0.167322/0,0/0/-0.300369/0/0,0/0/0/-0.076153/0,0.17087115890602306,1.0,12.0,0.025,0.0,1,0.0,0.124642/0/0.548416/0.126468/0,-0.0738977/0.110786/-0.300369/-0.076153/-0.00290861,R_5meYpVpIaQ4Mrnr,counterfactual,additive_exemplar
3,9,130208,-1,age,insulin,0/0/0/0/-0.135135,0/0/-0.0864366/0/0,0/0/0/0/-0.487345,0.07741528652000887,1.0,12.0,0.025,0.0,1,0.0,0/0/0.104383/0.0543702/0,0.205851/0.0985826/-0.0864366/-0.000246308/-0.487345,R_5meYpVpIaQ4Mrnr,counterfactual,additive_exemplar
4,10,130209,-1,bmi,bmi,0/0/0/-0.14/0,0/0/0/-0.310978/0,0/0/0/-0.310978/0,0.3593563640480364,4.0,24.0,0.025,0.0,0,0.0,0/0.263997/0.0860907/0.279916/0,0.0484655/-0.240815/-0.0654126/-0.310978/0.147258,R_5meYpVpIaQ4Mrnr,counterfactual,additive_exemplar
0,11,130300,1,blood_pressure,bmi,0/-0.0434783/0/0/0,0/0/0/0.15057/0,0/-0.0958389/0/0/0,0.08555544042834567,0.0,12.0,0.025,0.0,1,0.0,0/0/0.0666962/0.232366/0,-0.392107/-0.0958389/0.0195991/0.15057/0.376119,R_5meYpVpIaQ4Mrnr,counterfactual,additive_exemplar
1,12,130301,1,bmi,bmi,0/0/0/0.0263389/0,0/0/0/0.214758/0,0/0/0/0.214758/0,0.492651606345884,1.0,12.0,0.025,0.0,1,0.0,0/0.0555015/0.0614083/0.29611/0,-0.252965/0.0331595/0.0531188/0.214758/0.203653,R_5meYpVpIaQ4Mrnr,counterfactual,additive_exemplar
2,13,130302,1,bmi,blood_pressure,0/0/0/0.0203877/0,0/0.358127/0/0/0,0/0/0/0.221762/0,0.34912722665256646,1.0,12.0,0.025,0.0,1,0.0,0/0.371407/0.00847286/0.302657/0,-0.0488003/0.358127/0.00439431/0.221762/0.0552253,R_5meYpVpIaQ4Mrnr,counterfactual,additive_exemplar
3,14,130303,1,age,bmi,0/0/0/0/0.0810811,0/0/0/0.356464/0,0/0/0/0/-0.331297,0.08839038051287636,1.0,12.0,0.025,0.0,1,0.0,0/0.0570676/0.0372383/0.437752/0,0.0190875/0.0340663/0.0299644/0.356464/-0.331297,R_5meYpVpIaQ4Mrnr,counterfactual,additive_exemplar
4,15,130304,1,bmi,bmi,0/0/0/0.0507277/0,0/0/0/0.058366/0,0/0/0/0.058366/0,0.3916680870674996,4.0,24.0,0.025,0.0,0,0.0,0/0.125237/0/0.126289/0,-0.0404618/0.0946594/-0.144478/0.058366/0.111228,R_5meYpVpIaQ4Mrnr,counterfactual,additive_exemplar
0,16,130305,1,age,glucose,0/0/0/0/0.0540541,0.104702/0/0/0/0,0/0/0/0/0.357694,0.09629736651784877,0.0,12.0,0.025,0.0,1,0.0,0.0998434/0/0.00374075/0/0,0.104702/-0.333569/-0.0622769/-0.334314/0.357694,R_5meYpVpIaQ4Mrnr,counterfactual,additive_exemplar
1,17,130306,1,age,insulin,0/0/0/0/0.108108,0/0/0.113823/0/0,0/0/0/0/-0.0964414,0.06625845937537525,1.0,12.0,0.025,0.0,1,0.0,0.128193/0/0.137629/0/0,0.1466/-0.18925/0.113823/-0.0506164/-0.0964414,R_5meYpVpIaQ4Mrnr,counterfactual,additive_exemplar
2,18,130307,1,age,glucose,0/0/0/0/0.0540541,0.301428/0/0/0/0,0/0/0/0/-0.222362,0.08230474033247634,1.0,12.0,0.025,0.0,1,0.0,0.26177/0.0154226/0/0.0827472/0,0.301428/-0.00988645/-0.0309327/0.0308666/-0.222362,R_5meYpVpIaQ4Mrnr,counterfactual,additive_exemplar
3,19,130308,1,age,bmi,0/0/0/0/0.0540541,0/0/0/0.136439/0,0/0/0/0/-0.192472,0.0795761714390704,1.0,12.0,0.025,0.0,1,0.0,0.0139748/0/0.0820274/0.211334/0,0.0446704/-0.366183/0.0537196/0.136439/-0.192472,R_5meYpVpIaQ4Mrnr,counterfactual,additive_exemplar
4,20,130309,1,age,insulin,0/0/0/0/0.0810811,0/0/-0.049586/0/0,0/0/0/0/0.217926,0.08359844788997542,4.0,24.0,0.025,0.0,0,0.0,0.0540696/0/0.159399/0/0,0.00315633/-0.0924495/-0.049586/-0.116104/0.217926,R_5meYpVpIaQ4Mrnr,counterfactual,additive_exemplar
0,1,130200,-1,age,glucose,0/0/0/0/-0.135135,-0.111234/0/0/0/0,0/0/0/0/-0.259009,0.07573177887158992,0.0,0.0,0.025,0.0,1,0.0,0.113359/0.0652174/0/0/0,-0.111234/-0.0181159/0.221514/0.208099/-0.259009,R_5meYpVpIaQ4Mrnr,counterfactual,additive_prototype
1,2,130201,-1,age,glucose,0/0/0/0/-0.135135,-0.0687241/0/0/0/0,0/0/0/0/-0.177928,0.09814066441933503,0.0,0.0,0.025,0.0,1,0.0,0.0708496/0/0/0/0,-0.0687241/0.199275/0.165835/0.264295/-0.177928,R_5meYpVpIaQ4Mrnr,counterfactual,additive_prototype
2,3,130202,-1,bmi,insulin,0/0/0/-0.16415/0,0/0/-0.0424469/0/0,0/0/0/0.102733/0,0.08933109935037223,0.0,0.0,0.025,0.0,1,0.0,0.0283399/0/0.147103/0/0,-0.0262144/0.112319/-0.0424469/0.102733/-0.123874,R_5meYpVpIaQ4Mrnr,counterfactual,additive_prototype
3,4,130203,-1,bmi,blood_pressure,0/0/0/-0.167322/0,0/-0.148551/0/0/0,0/0/0/-0.0904397/0,0.23494400399790388,0.0,0.0,0.025,0.0,1,0.0,0.147367/0.195652/0.109984/0.15805/0,-0.145242/-0.148551/-0.00532734/-0.0904397/0.173423,R_5meYpVpIaQ4Mrnr,counterfactual,additive_prototype
4,5,130204,-1,bmi,glucose,0/0/0/-0.162588/0,-0.111234/0/0/0/0,0/0/0/0.264295/0,0.07322233990202195,0.0,0.0,0.025,0.0,0,0.0,0.113359/0/0.0749264/0/0,-0.111234/0.0688406/0.02973/0.264295/-0.0968468,R_5meYpVpIaQ4Mrnr,counterfactual,additive_prototype
0,6,130205,-1,bmi,glucose,0/0/0/-0.140489/0,-0.340787/0/0/0/0,0/0/0/-0.111513/0,0.19738776378745163,0.0,0.0,0.025,0.0,1,0.0,0.342912/0.0652174/0.281146/0.179123/0,-0.340787/-0.0181159/-0.17649/-0.111513/0.362613,R_5meYpVpIaQ4Mrnr,counterfactual,additive_prototype
1,7,130206,-1,bmi,insulin,0/0/0/-0.171079/0,0/0/-0.133183/0/0,0/0/0/-0.164196/0,0.28176964392967346,0.0,0.0,0.025,0.0,1,0.0,0.0963555/0.152174/0.23784/0.231807/0,-0.09423/-0.105072/-0.133183/-0.164196/0.227477,R_5meYpVpIaQ4Mrnr,counterfactual,additive_prototype
2,8,130207,-1,bmi,insulin,0/0/0/-0.167322/0,0/0/-0.479632/0/0,0/0/0/-0.0904397/0,0.1828904055363686,0.0,0.0,0.025,0.0,1,0.0,0.138865/0/0.584289/0.15805/0,-0.13674/0.0688406/-0.479632/-0.0904397/0.146396,R_5meYpVpIaQ4Mrnr,counterfactual,additive_prototype
3,9,130208,-1,age,insulin,0/0/0/0/-0.135135,0/0/0.000859248/0/0,0/0/0/0/-0.556306,0.07092740370885346,0.0,0.0,0.025,0.0,1,0.0,0/0/0.103797/0.0772689/0,0.25435/0.112319/0.000859248/-0.00965861/-0.556306,R_5meYpVpIaQ4Mrnr,counterfactual,additive_prototype
4,10,130209,-1,bmi,bmi,0/0/0/-0.14/0,0/0/0/-0.423117/0,0/0/0/-0.423117/0,0.4001065419332183,0.0,0.0,0.025,0.0,0,0.0,0/0.326087/0.130606/0.490728/0,0.160829/-0.278986/-0.0259493/-0.423117/0.119369,R_5meYpVpIaQ4Mrnr,counterfactual,additive_prototype
0,11,130300,1,blood_pressure,bmi,0/-0.0434783/0/0/0,0/0/0/0.169465/0,0/-0.105072/0/0/0,0.07392425085568523,0.0,0.0,0.025,0.0,1,0.0,0/0/0.150884/0.237075/0,-0.4003/-0.105072/0.0462276/0.169465/0.362613,R_5meYpVpIaQ4Mrnr,counterfactual,additive_prototype
1,12,130301,1,bmi,bmi,0/0/0/0.0263389/0,0/0/0/0.243221/0,0/0/0/0.243221/0,0.35869065063901195,0.0,0.0,0.025,0.0,1,0.0,0/0.115942/0.274616/0.310832/0,-0.238763/0.0688406/0.169959/0.243221/0.119369,R_5meYpVpIaQ4Mrnr,counterfactual,additive_prototype
2,13,130302,1,bmi,blood_pressure,0/0/0/0.0203877/0,0/0.416667/0/0/0,0/0/0/0.25727/0,0.2709232877626899,0.0,0.0,0.025,0.0,1,0.0,0/0.463768/0.243683/0.324881/0,-0.0262144/0.416667/0.139026/0.25727/-0.0427928,R_5meYpVpIaQ4Mrnr,counterfactual,additive_prototype
3,14,130303,1,age,bmi,0/0/0/0/0.0810811,0/0/0/0.380198/0,0/0/0/0/-0.421171,0.06642736342737947,0.0,0.0,0.025,0.0,1,0.0,0.0439268/0.115942/0.253994/0.447808/0,0.0418013/0.0688406/0.149337/0.380198/-0.421171,R_5meYpVpIaQ4Mrnr,counterfactual,additive_prototype
4,15,130304,1,bmi,bmi,0/0/0/0.0507277/0,0/0/0/0.0676103/0,0/0/0/0.0676103/0,0.4107119786336358,0.0,0.0,0.025,0.0,0,0.0,0/0.115942/0/0.135221/0,-0.0517202/0.0688406/-0.17649/0.0676103/0.146396,R_5meYpVpIaQ4Mrnr,counterfactual,additive_prototype
0,16,130305,1,age,glucose,0/0/0/0/0.0540541,0.152327/0/0/0/0,0/0/0/0/0.362613,0.08729523677914236,0.0,0.0,0.025,0.0,1,0.0,0.154452/0/0.0374632/0/0,0.152327/-0.365942/-0.0671932/-0.423117/0.362613,R_5meYpVpIaQ4Mrnr,counterfactual,additive_prototype
1,17,130306,1,age,insulin,0/0/0/0/0.108108,0/0/0.211203/0/0,0/0/0/0/-0.177928,0.07352049413565545,0.0,0.0,0.025,0.0,1,0.0,0.205464/0/0.31586/0/0,0.203338/-0.192029/0.211203/-0.0799031/-0.177928,R_5meYpVpIaQ4Mrnr,counterfactual,additive_prototype
2,18,130307,1,age,glucose,0/0/0/0/0.0540541,0.347872/0/0/0/0,0/0/0/0/-0.286036,0.071163909246354,0.0,0.0,0.025,0.0,1,0.0,0.349997/0.0289855/0.152946/0.0755128/0,0.347872/-0.0181159/0.0482898/0.0079025/-0.286036,R_5meYpVpIaQ4Mrnr,counterfactual,additive_prototype
3,19,130308,1,age,insulin,0/0/0/0/0.0540541,0/0/0.139026/0/0,0/0/0/0/-0.259009,0.06165433723734099,0.0,0.0,0.025,0.0,1,0.0,0.0694326/0/0.243683/0.208977/0,0.0673071/-0.365942/0.139026/0.141367/-0.259009,R_5meYpVpIaQ4Mrnr,counterfactual,additive_prototype
4,20,130309,1,age,bmi,0/0/0/0/0.0810811,0/0/0/-0.195806/0,0/0/0/0/0.362613,0.051338686850885225,0.0,0.0,0.025,0.0,0,0.0,0.0155869/0.101449/0.10689/0.128196/0,-0.0177124/-0.148551/-0.211547/-0.195806/0.362613,R_5meYpVpIaQ4Mrnr,counterfactual,additive_prototype
0,1,130200,-1,age,bmi,0/0/0/0/-0.135135,0/0/0/0.140489/0,0/0/0/0/-0.0461183,0.14956449417629503,0.0,0.0,0.025,0.0,1,0.0,0.002896/0.0634306/0.0854704/0.140489/0.0461183,-0.002896/-0.0634306/0.0854704/0.140489/-0.0461183,R_5meYpVpIaQ4Mrnr,counterfactual,base_exemplar
1,2,130201,-1,age,bmi,0/0/0/0/-0.135135,0/0/0/0.196684/0,0/0/0/0/-0.0327291,0.11231344461673529,0.0,0.0,0.025,0.0,1,0.0,0.00181/0.148005/0.0447463/0.196684/0.0327291,-0.00181/0.148005/0.0447463/0.196684/-0.0327291,R_5meYpVpIaQ4Mrnr,counterfactual,base_exemplar
2,3,130202,-1,bmi,insulin,0/0/0/-0.16415/0,0/0/-0.107592/0/0,0/0/0/0.0351222/0,0.16210793330673196,0.0,0.0,0.025,0.0,1,0.0,0.000724001/0.0634306/0.107592/0.0351222/0.023803,-0.000724001/0.0634306/-0.107592/0.0351222/-0.023803,R_5meYpVpIaQ4Mrnr,counterfactual,base_exemplar
3,4,130203,-1,bmi,blood_pressure,0/0/0/-0.167322/0,0/-0.190292/0/0/0,0/0/0/-0.15805/0,0.2934415473601369,0.0,0.0,0.025,0.0,1,0.0,0.00376481/0.190292/0.0804427/0.15805/0.0252907,-0.00376481/-0.190292/-0.0804427/-0.15805/0.0252907,R_5meYpVpIaQ4Mrnr,counterfactual,base_exemplar
4,5,130204,-1,bmi,bmi,0/0/0/-0.162588/0,0/0/0/0.196684/0,0/0/0/0.196684/0,0.471522538337435,0.0,0.0,0.025,0.0,1,0.0,0.002896/0.0211435/0.0548016/0.196684/0.0193399,-0.002896/0.0211435/-0.0548016/0.196684/-0.0193399,R_5meYpVpIaQ4Mrnr,counterfactual,base_exemplar
0,6,130205,-1,bmi,insulin,0/0/0/-0.140489/0,0/0/-0.205632/0/0,0/0/0/-0.179123/0,0.29684477246411783,0.0,0.0,0.025,0.0,1,0.0,0.00876041/0.0634306/0.205632/0.179123/0.0565321,-0.00876041/-0.0634306/-0.205632/-0.179123/0.0565321,R_5meYpVpIaQ4Mrnr,counterfactual,base_exemplar
1,7,130206,-1,bmi,bmi,0/0/0/-0.171079/0,0/0/0/-0.231807/0,0/0/0/-0.231807/0,0.3281556624244002,0.0,0.0,0.025,0.0,1,0.0,0.0024616/0.148005/0.173957/0.231807/0.0342168,-0.0024616/-0.148005/-0.173957/-0.231807/0.0342168,R_5meYpVpIaQ4Mrnr,counterfactual,base_exemplar
2,8,130207,-1,bmi,insulin,0/0/0/-0.167322/0,0/0/-0.427352/0/0,0/0/0/-0.15805/0,0.22458200376205129,0.0,0.0,0.025,0.0,1,0.0,0.0035476/0.0211435/0.427352/0.15805/0.0208276,-0.0035476/0.0211435/-0.427352/-0.15805/0.0208276,R_5meYpVpIaQ4Mrnr,counterfactual,base_exemplar
3,9,130208,-1,age,age,0/0/0/0/-0.135135,0/0/0/0/-0.0952119,0/0/0/0/-0.0952119,0.26545779877831366,0.0,0.0,0.025,0.0,1,0.0,0.00644361/0.0634306/0.0759178/0.0772689/0.0952119,0.00644361/0.0634306/-0.0759178/-0.0772689/-0.0952119,R_5meYpVpIaQ4Mrnr,counterfactual,base_exemplar
4,10,130209,-1,bmi,bmi,0/0/0/-0.14/0,0/0/0/-0.490728/0,0/0/0/-0.490728/0,0.407008931808438,0.0,0.0,0.025,0.0,1,0.0,0.00405441/0.317153/0.0955257/0.490728/0.0163646,0.00405441/-0.317153/-0.0955257/-0.490728/0.0163646,R_5meYpVpIaQ4Mrnr,counterfactual,base_exemplar
0,11,130300,1,blood_pressure,bmi,0/-0.0434783/0/0/0,0/0/0/0.237075/0,0/-0.0563827/0/0/0,0.1408285382170368,0.0,0.0,0.025,0.0,1,0.0,0.0101722/0.0563827/0.110357/0.237075/0.0632267,-0.0101722/-0.0563827/0.110357/0.237075/0.0632267,R_5meYpVpIaQ4Mrnr,counterfactual,base_exemplar
1,12,130301,1,bmi,bmi,0/0/0/0.0263389/0,0/0/0/0.310832/0,0/0/0/0.310832/0,0.37716637219052157,0.0,0.0,0.025,0.0,1,0.0,0.00604541/0.112765/0.200855/0.310832/0.0230591,-0.00604541/0.112765/0.200855/0.310832/0.0230591,R_5meYpVpIaQ4Mrnr,counterfactual,base_exemplar
2,13,130302,1,bmi,blood_pressure,0/0/0/0.0203877/0,0/0.451062/0/0/0,0/0/0/0.324881/0,0.2862066691746654,0.0,0.0,0.025,0.0,1,0.0,0.000615401/0.451062/0.178231/0.324881/0.00371922,-0.000615401/0.451062/0.178231/0.324881/-0.00371922,R_5meYpVpIaQ4Mrnr,counterfactual,base_exemplar
3,14,130303,1,age,bmi,0/0/0/0/0.0810811,0/0/0/0.447808/0,0/0/0/0/-0.066202,0.11991141152194619,0.0,0.0,0.025,0.0,1,0.0,0.0011222/0.112765/0.185772/0.447808/0.066202,0.0011222/0.112765/0.185772/0.447808/-0.066202,R_5meYpVpIaQ4Mrnr,counterfactual,base_exemplar
4,15,130304,1,bmi,bmi,0/0/0/0.0507277/0,0/0/0/0.135221/0,0/0/0/0.135221/0,0.33928620057832093,0.0,0.0,0.025,0.0,1,0.0,0.001267/0.112765/0.0525392/0.135221/0.0275222,-0.001267/0.112765/-0.0525392/0.135221/0.0275222,R_5meYpVpIaQ4Mrnr,counterfactual,base_exemplar
0,16,130305,1,age,bmi,0/0/0/0/0.0540541,0/0/0/-0.355507/0,0/0/0/0/0.0632267,0.11648624785865573,0.0,0.0,0.025,0.0,1,0.0,0.00394581/0.310105/0.0274008/0.355507/0.0632267,0.00394581/-0.310105/0.0274008/-0.355507/0.0632267,R_5meYpVpIaQ4Mrnr,counterfactual,base_exemplar
1,17,130306,1,age,insulin,0/0/0/0/0.108108,0/0/0.231021/0/0,0/0/0/0/-0.0260345,0.1085277133093675,0.0,0.0,0.025,0.0,1,0.0,0.00524901/0.140957/0.231021/0.0122928/0.0260345,0.00524901/-0.140957/0.231021/-0.0122928/-0.0260345,R_5meYpVpIaQ4Mrnr,counterfactual,base_exemplar
2,18,130307,1,age,insulin,0/0/0/0/0.0540541,0/0/0.111866/0/0,0/0/0/0/-0.0438868,0.1682655399818352,0.0,0.0,0.025,0.0,1,0.0,0.00894141/0.0281914/0.111866/0.0755128/0.0438868,0.00894141/0.0281914/0.111866/0.0755128/-0.0438868,R_5meYpVpIaQ4Mrnr,counterfactual,base_exemplar
3,19,130308,1,age,blood_pressure,0/0/0/0/0.0540541,0/-0.310105/0/0/0,0/0/0/0/-0.0394237,0.09332615057926617,0.0,0.0,0.025,0.0,1,0.0,0.0017738/0.310105/0.178231/0.208977/0.0394237,0.0017738/-0.310105/0.178231/0.208977/-0.0394237,R_5meYpVpIaQ4Mrnr,counterfactual,base_exemplar
4,20,130309,1,age,bmi,0/0/0/0/0.0810811,0/0/0/-0.128196/0,0/0/0/0/0.0632267,0.17187584229982827,0.0,0.0,0.025,0.0,1,0.0,0.000398201/0.0986698/0.0781803/0.128196/0.0632267,-0.000398201/-0.0986698/-0.0781803/-0.128196/0.0632267,R_5meYpVpIaQ4Mrnr,counterfactual,base_exemplar
0,1,130200,-1,age,bmi,0/0/0/0/-0.135135,0/0/0/0.140489/0,0/0/0/0/-0.0461183,0.14956449417629503,0.0,0.0,0.025,0.0,1,0.0,0.002896/0.0634306/0.0854704/0.140489/0.0461183,-0.002896/-0.0634306/0.0854704/0.140489/-0.0461183,R_5meYpVpIaQ4Mrnr,counterfactual,base_prototype
1,2,130201,-1,age,bmi,0/0/0/0/-0.135135,0/0/0/0.196684/0,0/0/0/0/-0.0327291,0.11231344461673529,0.0,0.0,0.025,0.0,1,0.0,0.00181/0.148005/0.0447463/0.196684/0.0327291,-0.00181/0.148005/0.0447463/0.196684/-0.0327291,R_5meYpVpIaQ4Mrnr,counterfactual,base_prototype
2,3,130202,-1,bmi,insulin,0/0/0/-0.16415/0,0/0/-0.107592/0/0,0/0/0/0.0351222/0,0.16210793330673196,0.0,0.0,0.025,0.0,1,0.0,0.000724001/0.0634306/0.107592/0.0351222/0.023803,-0.000724001/0.0634306/-0.107592/0.0351222/-0.023803,R_5meYpVpIaQ4Mrnr,counterfactual,base_prototype
3,4,130203,-1,bmi,blood_pressure,0/0/0/-0.167322/0,0/-0.190292/0/0/0,0/0/0/-0.15805/0,0.2934415473601369,0.0,0.0,0.025,0.0,1,0.0,0.00376481/0.190292/0.0804427/0.15805/0.0252907,-0.00376481/-0.190292/-0.0804427/-0.15805/0.0252907,R_5meYpVpIaQ4Mrnr,counterfactual,base_prototype
4,5,130204,-1,bmi,bmi,0/0/0/-0.162588/0,0/0/0/0.196684/0,0/0/0/0.196684/0,0.471522538337435,0.0,0.0,0.025,0.0,1,0.0,0.002896/0.0211435/0.0548016/0.196684/0.0193399,-0.002896/0.0211435/-0.0548016/0.196684/-0.0193399,R_5meYpVpIaQ4Mrnr,counterfactual,base_prototype
0,6,130205,-1,bmi,insulin,0/0/0/-0.140489/0,0/0/-0.205632/0/0,0/0/0/-0.179123/0,0.29684477246411783,0.0,0.0,0.025,0.0,1,0.0,0.00876041/0.0634306/0.205632/0.179123/0.0565321,-0.00876041/-0.0634306/-0.205632/-0.179123/0.0565321,R_5meYpVpIaQ4Mrnr,counterfactual,base_prototype
1,7,130206,-1,bmi,bmi,0/0/0/-0.171079/0,0/0/0/-0.231807/0,0/0/0/-0.231807/0,0.3281556624244002,0.0,0.0,0.025,0.0,1,0.0,0.0024616/0.148005/0.173957/0.231807/0.0342168,-0.0024616/-0.148005/-0.173957/-0.231807/0.0342168,R_5meYpVpIaQ4Mrnr,counterfactual,base_prototype
2,8,130207,-1,bmi,insulin,0/0/0/-0.167322/0,0/0/-0.427352/0/0,0/0/0/-0.15805/0,0.22458200376205129,0.0,0.0,0.025,0.0,1,0.0,0.0035476/0.0211435/0.427352/0.15805/0.0208276,-0.0035476/0.0211435/-0.427352/-0.15805/0.0208276,R_5meYpVpIaQ4Mrnr,counterfactual,base_prototype
3,9,130208,-1,age,age,0/0/0/0/-0.135135,0/0/0/0/-0.0952119,0/0/0/0/-0.0952119,0.26545779877831366,0.0,0.0,0.025,0.0,1,0.0,0.00644361/0.0634306/0.0759178/0.0772689/0.0952119,0.00644361/0.0634306/-0.0759178/-0.0772689/-0.0952119,R_5meYpVpIaQ4Mrnr,counterfactual,base_prototype
4,10,130209,-1,bmi,bmi,0/0/0/-0.14/0,0/0/0/-0.490728/0,0/0/0/-0.490728/0,0.407008931808438,0.0,0.0,0.025,0.0,1,0.0,0.00405441/0.317153/0.0955257/0.490728/0.0163646,0.00405441/-0.317153/-0.0955257/-0.490728/0.0163646,R_5meYpVpIaQ4Mrnr,counterfactual,base_prototype
0,11,130300,1,blood_pressure,bmi,0/-0.0434783/0/0/0,0/0/0/0.237075/0,0/-0.0563827/0/0/0,0.1408285382170368,0.0,0.0,0.025,0.0,1,0.0,0.0101722/0.0563827/0.110357/0.237075/0.0632267,-0.0101722/-0.0563827/0.110357/0.237075/0.0632267,R_5meYpVpIaQ4Mrnr,counterfactual,base_prototype
1,12,130301,1,bmi,bmi,0/0/0/0.0263389/0,0/0/0/0.310832/0,0/0/0/0.310832/0,0.37716637219052157,0.0,0.0,0.025,0.0,1,0.0,0.00604541/0.112765/0.200855/0.310832/0.0230591,-0.00604541/0.112765/0.200855/0.310832/0.0230591,R_5meYpVpIaQ4Mrnr,counterfactual,base_prototype
2,13,130302,1,bmi,blood_pressure,0/0/0/0.0203877/0,0/0.451062/0/0/0,0/0/0/0.324881/0,0.2862066691746654,0.0,0.0,0.025,0.0,1,0.0,0.000615401/0.451062/0.178231/0.324881/0.00371922,-0.000615401/0.451062/0.178231/0.324881/-0.00371922,R_5meYpVpIaQ4Mrnr,counterfactual,base_prototype
3,14,130303,1,age,bmi,0/0/0/0/0.0810811,0/0/0/0.447808/0,0/0/0/0/-0.066202,0.11991141152194619,0.0,0.0,0.025,0.0,1,0.0,0.0011222/0.112765/0.185772/0.447808/0.066202,0.0011222/0.112765/0.185772/0.447808/-0.066202,R_5meYpVpIaQ4Mrnr,counterfactual,base_prototype
4,15,130304,1,bmi,bmi,0/0/0/0.0507277/0,0/0/0/0.135221/0,0/0/0/0.135221/0,0.33928620057832093,0.0,0.0,0.025,0.0,1,0.0,0.001267/0.112765/0.0525392/0.135221/0.0275222,-0.001267/0.112765/-0.0525392/0.135221/0.0275222,R_5meYpVpIaQ4Mrnr,counterfactual,base_prototype
0,16,130305,1,age,bmi,0/0/0/0/0.0540541,0/0/0/-0.355507/0,0/0/0/0/0.0632267,0.11648624785865573,0.0,0.0,0.025,0.0,1,0.0,0.00394581/0.310105/0.0274008/0.355507/0.0632267,0.00394581/-0.310105/0.0274008/-0.355507/0.0632267,R_5meYpVpIaQ4Mrnr,counterfactual,base_prototype
1,17,130306,1,age,insulin,0/0/0/0/0.108108,0/0/0.231021/0/0,0/0/0/0/-0.0260345,0.1085277133093675,0.0,0.0,0.025,0.0,1,0.0,0.00524901/0.140957/0.231021/0.0122928/0.0260345,0.00524901/-0.140957/0.231021/-0.0122928/-0.0260345,R_5meYpVpIaQ4Mrnr,counterfactual,base_prototype
2,18,130307,1,age,insulin,0/0/0/0/0.0540541,0/0/0.111866/0/0,0/0/0/0/-0.0438868,0.1682655399818352,0.0,0.0,0.025,0.0,1,0.0,0.00894141/0.0281914/0.111866/0.0755128/0.0438868,0.00894141/0.0281914/0.111866/0.0755128/-0.0438868,R_5meYpVpIaQ4Mrnr,counterfactual,base_prototype
3,19,130308,1,age,blood_pressure,0/0/0/0/0.0540541,0/-0.310105/0/0/0,0/0/0/0/-0.0394237,0.09332615057926617,0.0,0.0,0.025,0.0,1,0.0,0.0017738/0.310105/0.178231/0.208977/0.0394237,0.0017738/-0.310105/0.178231/0.208977/-0.0394237,R_5meYpVpIaQ4Mrnr,counterfactual,base_prototype
4,20,130309,1,age,bmi,0/0/0/0/0.0810811,0/0/0/-0.128196/0,0/0/0/0/0.0632267,0.17187584229982827,0.0,0.0,0.025,0.0,1,0.0,0.000398201/0.0986698/0.0781803/0.128196/0.0632267,-0.000398201/-0.0986698/-0.0781803/-0.128196/0.0632267,R_5meYpVpIaQ4Mrnr,counterfactual,base_prototype
0,1,130200,-1,age,glucose,0/0/0/0/-0.135135,-0.272739/0/0/0/0,0/0/0/0/0,0.0731434690965034,0.0,6.0,0.025,0.25,0,0.0,0.184023/0.0322354/0.055937/0.033969/0,-0.272739/-0.0991006/0.171966/0.0503453/0,R_5meYpVpIaQ4Mrnr,counterfactual,counterfactual_exemplar
1,2,130201,-1,age,glucose,0/0/0/0/-0.135135,-0.215112/0/0/0/0,0/0/0/0/0,0.0833361580316711,0.0,2.0,0.025,0.5,0,0.0,0.125635/0.00105161/0.036219/0.00624696/0,-0.215112/-0.00252817/0.0870744/0.010696/0,R_5meYpVpIaQ4Mrnr,counterfactual,counterfactual_exemplar
2,3,130202,-1,bmi,glucose,0/0/0/-0.16415/0,-0.181443/0/0/0/0,0/0/0/-0.0909539/0,0.21956350311690778,0.0,24.0,0.025,0.5,0,0.0,0.123541/0.0201494/0.053612/0.0619286/0,-0.181443/-0.0631402/-0.167999/-0.0909539/0,R_5meYpVpIaQ4Mrnr,counterfactual,counterfactual_exemplar
3,4,130203,-1,bmi,blood_pressure,0/0/0/-0.167322/0,0/-0.172537/0/0/0,0/0/0/-0.159245/0,0.16635784334128575,0.0,24.0,0.025,0.75,0,0.0,0.0690174/0.113202/0.0965316/0.0547637/0,-0.200693/-0.172537/-0.147129/-0.159245/0,R_5meYpVpIaQ4Mrnr,counterfactual,counterfactual_exemplar
4,5,130204,-1,bmi,glucose,0/0/0/-0.162588/0,-0.221088/0/0/0/0,0/0/0/-0.00646152/0,0.08541420029353333,0.0,24.0,0.025,0.5,0,0.0,0.140246/0.0313651/0.0506913/0.00409882/0,-0.221088/-0.0857774/-0.138631/-0.00646152/0,R_5meYpVpIaQ4Mrnr,counterfactual,counterfactual_exemplar
0,6,130205,-1,bmi,glucose,0/0/0/-0.140489/0,-0.455567/0/0/0/0,0/0/0/-0.17532/0,0.20714623167030777,0.0,6.0,0.025,0.25,0,0.0,0.204666/0.0506996/0.0234748/0.0787636/0,-0.455567/-0.0920566/-0.0426239/-0.17532/0,R_5meYpVpIaQ4Mrnr,counterfactual,counterfactual_exemplar
1,7,130206,-1,bmi,glucose,0/0/0/-0.171079/0,-0.232838/0/0/0/0,0/0/0/-0.195655/0,0.2686026807074877,0.0,2.0,0.025,0.5,0,0.0,0.113035/0.0789709/0.0228843/0.0949838/0,-0.232838/-0.153481/-0.0444759/-0.195655/0,R_5meYpVpIaQ4Mrnr,counterfactual,counterfactual_exemplar
2,8,130207,-1,bmi,insulin,0/0/0/-0.167322/0,0/0/-0.137652/0/0,0/0/0/-0.169238/0,0.10360783644917504,0.0,24.0,0.025,0.5,0,0.0,0.0152058/0.0578049/0.129059/0.0105645/0,-0.243589/-0.0616536/-0.137652/-0.169238/0,R_5meYpVpIaQ4Mrnr,counterfactual,counterfactual_exemplar
3,9,130208,-1,age,bmi,0/0/0/0/-0.135135,0/0/0/-0.150036/0,0/0/0/0/0,0.0567191770832236,0.0,24.0,0.025,0.75,0,0.0,0.0699721/0.0321396/0.0462233/0.105557/0,-0.0994565/-0.108413/-0.15592/-0.150036/0,R_5meYpVpIaQ4Mrnr,counterfactual,counterfactual_exemplar
4,10,130209,-1,bmi,bmi,0/0/0/-0.14/0,0/0/0/-0.287968/0,0/0/0/-0.287968/0,0.3266360133946258,0.0,24.0,0.025,0.5,0,0.0,0.0766275/0.11374/0.0607146/0.160644/0,-0.137361/-0.257244/-0.137318/-0.287968/0,R_5meYpVpIaQ4Mrnr,counterfactual,counterfactual_exemplar
0,11,130300,1,blood_pressure,bmi,0/-0.0434783/0/0/0,0/0/0/0.151674/0,0/0.0772659/0/0/0,0.17095869564036328,0.0,6.0,0.025,0.25,0,0.0,0.0515087/0.038324/0.058438/0.0764432/0,-0.1022/0.0772659/0.117818/0.151674/0,R_5meYpVpIaQ4Mrnr,counterfactual,counterfactual_exemplar
1,12,130301,1,bmi,bmi,0/0/0/0.0263389/0,0/0/0/0.190786/0,0/0/0/0.190786/0,0.2871989691909419,0.0,2.0,0.025,0.5,0,0.0,0.0278587/0.0881315/0.0895151/0.101262/0,0.0524878/0.187819/0.190768/0.190786/0,R_5meYpVpIaQ4Mrnr,counterfactual,counterfactual_exemplar
2,13,130302,1,bmi,bmi,0/0/0/0.0203877/0,0/0/0/0.194298/0,0/0/0/0.194298/0,0.3677064736682142,0.0,24.0,0.025,0.5,0,0.0,0.136663/0.0442075/0.0200557/0.170343/0,0.155882/0.358561/0.162669/0.194298/0,R_5meYpVpIaQ4Mrnr,counterfactual,counterfactual_exemplar
3,14,130303,1,age,bmi,0/0/0/0/0.0810811,0/0/0/0.202809/0,0/0/0/0/0,0.05701712700789909,0.0,24.0,0.025,0.75,0,0.0,0.135798/0.0400908/0.0383017/0.154297/0,0.178494/0.167603/0.160123/0.202809/0,R_5meYpVpIaQ4Mrnr,counterfactual,counterfactual_exemplar
4,15,130304,1,bmi,glucose,0/0/0/0.0507277/0,0.183728/0/0/0/0,0/0/0/0.100568/0,0.21387625563000748,0.0,24.0,0.025,0.5,0,0.0,0.104801/0.0809823/0.00627423/0.0573653/0,0.183728/0.188513/0.0146053/0.100568/0,R_5meYpVpIaQ4Mrnr,counterfactual,counterfactual_exemplar
0,16,130305,1,age,glucose,0/0/0/0/0.0540541,0.314598/0/0/0/0,0/0/0/0/0,0.04855908464541194,0.0,6.0,0.025,0.25,0,0.0,0.10538/0.0769927/0.0308332/0.0978139/0,0.314598/-0.115773/0.0463635/-0.292009/0,R_5meYpVpIaQ4Mrnr,counterfactual,counterfactual_exemplar
1,17,130306,1,age,glucose,0/0/0/0/0.108108,0.26926/0/0/0/0,0/0/0/0/0,0.05914127446190172,0.0,2.0,0.025,0.5,0,0.0,0.124966/0.0308468/0.113971/0.0140212/0,0.26926/0.0575618/0.212675/0.0302109/0,R_5meYpVpIaQ4Mrnr,counterfactual,counterfactual_exemplar
2,18,130307,1,age,blood_pressure,0/0/0/0/0.0540541,0/0.14387/0/0/0,0/0/0/0/0,0.05769434826271945,0.0,24.0,0.025,0.5,0,0.0,0.0487862/0.124045/0.108618/0.0100475/0,0.35404/0.14387/0.125978/0.0729145/0,R_5meYpVpIaQ4Mrnr,counterfactual,counterfactual_exemplar
3,19,130308,1,age,insulin,0/0/0/0/0.0540541,0/0/0.162388/0/0,0/0/0/0/0,0.052618790905438695,0.0,24.0,0.025,0.75,0,0.0,0.0694381/0.0371726/0.0988101/0.0573585/0,0.177356/0.0610907/0.162388/0.146503/0,R_5meYpVpIaQ4Mrnr,counterfactual,counterfactual_exemplar
4,20,130309,1,age,blood_pressure,0/0/0/0/0.0810811,0/0.0860363/0/0/0,0/0/0/0/0,0.07519415983544839,0.0,24.0,0.025,0.5,0,0.0,0.0181422/0.0785612/0.0257341/0.00272506/0,0.20881/0.0860363/0.0281827/-0.0313644/0,R_5meYpVpIaQ4Mrnr,counterfactual,counterfactual_exemplar
0,1,130200,-1,age,glucose,0/0/0/0/-0.135135,-0.239472/0/0/0/0,0/0/0/0/0,0.06270243468773155,0.0,0.0,0.025,0.5,0,0.0,0.119736/0.0543478/0.0699428/0.00643907/0,-0.239472/-0.108696/0.139886/-0.0128781/0,R_5meYpVpIaQ4Mrnr,counterfactual,counterfactual_prototype
1,2,130201,-1,age,glucose,0/0/0/0/-0.135135,-0.218217/0/0/0/0,0/0/0/0/0,0.07549347503651746,0.0,0.0,0.025,0.5,0,0.0,0.109108/2.08167e-17/0.056023/0.00760982/0,-0.218217/4.16334e-17/0.112046/0.0152196/0,R_5meYpVpIaQ4Mrnr,counterfactual,counterfactual_prototype
2,3,130202,-1,bmi,glucose,0/0/0/-0.16415/0,-0.196962/0/0/0/0,0/0/0/-0.0655615/0,0.2001823136950954,0.0,0.0,0.025,0.5,0,0.0,0.098481/0.0217391/0.00395254/0.0327807/0,-0.196962/-0.0434783/0.00790508/-0.0655615/0,R_5meYpVpIaQ4Mrnr,counterfactual,counterfactual_prototype
3,4,130203,-1,bmi,glucose,0/0/0/-0.167322/0,-0.256476/0/0/0/0,0/0/0/-0.162148/0,0.23592172300783154,0.0,0.0,0.025,0.5,0,0.0,0.128238/0.0869565/0.0132324/0.0810738/0,-0.256476/-0.173913/0.0264648/-0.162148/0,R_5meYpVpIaQ4Mrnr,counterfactual,counterfactual_prototype
4,5,130204,-1,bmi,glucose,0/0/0/-0.162588/0,-0.239472/0/0/0/0,0/0/0/0.0152196/0,0.10196399018262925,0.0,0.0,0.025,0.5,0,0.0,0.119736/0.0326087/0.0219968/0.00760982/0,-0.239472/-0.0652174/0.0439935/0.0152196/0,R_5meYpVpIaQ4Mrnr,counterfactual,counterfactual_prototype
0,6,130205,-1,bmi,glucose,0/0/0/-0.140489/0,-0.354248/0/0/0/0,0/0/0/-0.172684/0,0.22554323146540473,0.0,0.0,0.025,0.5,0,0.0,0.177124/0.0543478/0.0295581/0.0863421/0,-0.354248/-0.108696/-0.0591163/-0.172684/0,R_5meYpVpIaQ4Mrnr,counterfactual,counterfactual_prototype
1,7,130206,-1,bmi,glucose,0/0/0/-0.171079/0,-0.23097/0/0/0/0,0/0/0/-0.199026/0,0.27875577372447646,0.0,0.0,0.025,0.5,0,0.0,0.115485/0.076087/0.0187316/0.099513/0,-0.23097/-0.152174/-0.0374632/-0.199026/0,R_5meYpVpIaQ4Mrnr,counterfactual,counterfactual_prototype
2,8,130207,-1,bmi,glucose,0/0/0/-0.167322/0,-0.252225/0/0/0/0,0/0/0/-0.162148/0,0.21744860894426388,0.0,0.0,0.025,0.5,0,0.0,0.126112/0.0326087/0.105344/0.0810738/0,-0.252225/-0.0652174/-0.210688/-0.162148/0,R_5meYpVpIaQ4Mrnr,counterfactual,counterfactual_prototype
3,9,130208,-1,age,bmi,0/0/0/0/-0.135135,0/0/0/-0.121757/0,0/0/0/0/0,0.0632630115529259,0.0,0.0,0.025,0.5,0,0.0,0.0283399/0.0217391/0.0147791/0.0608785/0,-0.0566797/-0.0434783/0.0295581/-0.121757/0,R_5meYpVpIaQ4Mrnr,counterfactual,counterfactual_prototype
4,10,130209,-1,bmi,bmi,0/0/0/-0.14/0,0/0/0/-0.328486/0,0/0/0/-0.328486/0,0.3785016107539965,0.0,0.0,0.025,0.5,0,0.0,0.0517202/0.119565/0.00807693/0.164243/0,-0.10344/-0.23913/0.0161539/-0.328486/0,R_5meYpVpIaQ4Mrnr,counterfactual,counterfactual_prototype
0,11,130300,1,blood_pressure,bmi,0/-0.0434783/0/0/0,0/0/0/0.154538/0,0/0.101449/0/0/0,0.22337038205653756,0.0,0.0,0.025,0.5,0,0.0,0.0148784/0.0507246/0.0656466/0.0772689/0,-0.0297568/0.101449/0.131293/0.154538/0,R_5meYpVpIaQ4Mrnr,counterfactual,counterfactual_prototype
1,12,130301,1,bmi,insulin,0/0/0/0.0263389/0,0/0/0.193159/0/0,0/0/0/0.191416/0,0.2708027727956004,0.0,0.0,0.025,0.5,0,0.0,0.0255059/0.0942029/0.0965795/0.0957081/0,0.0510117/0.188406/0.193159/0.191416/0,R_5meYpVpIaQ4Mrnr,counterfactual,counterfactual_prototype
2,13,130302,1,bmi,blood_pressure,0/0/0/0.0203877/0,0/0.362319/0/0/0,0/0/0/0.198441/0,0.20805261508779552,0.0,0.0,0.025,0.5,0,0.0,0.0786431/0.181159/0.0888463/0.0992203/0,0.157286/0.362319/0.177693/0.198441/0,R_5meYpVpIaQ4Mrnr,counterfactual,counterfactual_prototype
3,14,130303,1,age,bmi,0/0/0/0/0.0810811,0/0/0/0.259904/0,0/0/0/0/0,0.045955490362342866,0.0,0.0,0.025,0.5,0,0.0,0.095647/0.0942029/0.091424/0.129952/0,0.191294/0.188406/0.182848/0.259904/0,R_5meYpVpIaQ4Mrnr,counterfactual,counterfactual_prototype
4,15,130304,1,bmi,blood_pressure,0/0/0/0.0507277/0,0/0.188406/0/0/0,0/0/0/0.103611/0,0.21181491089763627,0.0,0.0,0.025,0.5,0,0.0,0.0722666/0.0942029/0.00996728/0.0518053/0,0.144533/0.188406/0.0199346/0.103611/0,R_5meYpVpIaQ4Mrnr,counterfactual,counterfactual_prototype
0,16,130305,1,age,glucose,0/0/0/0/0.0540541,0.246557/0/0/0/0,0/0/0/0/0,0.06480335396600415,0.0,0.0,0.025,0.5,0,0.0,0.123278/0.0144928/0.0372914/0.0708767/0,0.246557/-0.0289855/0.0745827/-0.141753/0,R_5meYpVpIaQ4Mrnr,counterfactual,counterfactual_prototype
1,17,130306,1,age,glucose,0/0/0/0/0.108108,0.272063/0/0/0/0,0/0/0/0/0,0.062351918591972075,0.0,0.0,0.025,0.5,0,0.0,0.136031/0.0289855/0.10689/0.0149269/0,0.272063/0.057971/0.213781/0.0298539/0,R_5meYpVpIaQ4Mrnr,counterfactual,counterfactual_prototype
2,18,130307,1,age,glucose,0/0/0/0/0.0540541,0.344329/0/0/0/0,0/0/0/0/0,0.06426096256727304,0.0,0.0,0.025,0.5,0,0.0,0.172165/0.0724638/0.0661621/0.0368783/0,0.344329/0.144928/0.132324/0.0737567/0,R_5meYpVpIaQ4Mrnr,counterfactual,counterfactual_prototype
3,19,130308,1,age,glucose,0/0/0/0/0.0540541,0.204047/0/0/0/0,0/0/0/0/0,0.051996033529549596,0.0,0.0,0.025,0.5,0,0.0,0.102023/0.0144928/0.0888463/0.0702445/0,0.204047/-0.0289855/0.177693/0.140489/0,R_5meYpVpIaQ4Mrnr,counterfactual,counterfactual_prototype
4,20,130309,1,age,glucose,0/0/0/0/0.0810811,0.161537/0/0/0/0,0/0/0/0/0,0.07262225212203796,0.0,0.0,0.025,0.5,0,0.0,0.0807686/0.0398551/0.00120295/0.0140489/0,0.161537/0.0797101/0.0024059/-0.0280978/0,R_5meYpVpIaQ4Mrnr,counterfactual,counterfactual_prototype
0,1,130200,-1,age,blood_pressure,0/0/0/0/-0.297297,0/-0.217763/0/0/0,0/0/0/0/-0.468044,0.09814066441933503,1.0,24.0,0.025,0.0,0,0.2,0/0.0355267/0/0/0,-0/-0.0177634/0.106558/0.126994/-0.268044,R_60AvEj9fZiC8nae,attribution,additive_exemplar
1,2,130201,-1,age,blood_pressure,0/0/0/0/-0.135135,0/0.260889/0/0/0,0/0/0/0/-0.336025,0.0955161390362671,1.0,24.0,0.025,0.0,0,0.2,0/0.121778/0.00654807/0/0,-0/0.0608891/7.01721e-05/0.139176/-0.136025,R_60AvEj9fZiC8nae,attribution,additive_exemplar
2,3,130202,-1,insulin,blood_pressure,0/0/-0.245401/0/0,0/0.245512/0/0/0,0/0/-0.2/0/0,0.09814066441933503,1.0,24.0,0.025,0.0,0,0.2,0/0.0910239/0/0/0,0/0.045512/-0/0.00672505/-0.178376,R_60AvEj9fZiC8nae,attribution,additive_exemplar
3,4,130203,-1,bmi,blood_pressure,0/0/0/-0.297322/0,0/-0.269852/0/0/0,0/0/0/-0.299111/0,0.09814066441933503,4.0,0.0,0.025,0.0,1,0.2,0/0.139704/0/0/0,-0.127649/-0.0698521/-0.0883718/-0.0991114/0.116352,R_60AvEj9fZiC8nae,attribution,additive_exemplar
4,5,130204,-1,blood_pressure,blood_pressure,0/-0.195652/0/0/0,0/0.219937/0/0/0,0/0.219937/0/0/0,0.5924694022790992,1.0,24.0,0.025,0.0,0,0.2,0/0.0398738/0/0/0,-0/0.0199369/-0/0.150324/-0.148769,R_60AvEj9fZiC8nae,attribution,additive_exemplar
0,6,130205,-1,bmi,blood_pressure,0/0/0/-0.351222/0,0/-0.207584/0/0/0,0/0/0/-0.298864/0,0.09814066441933503,1.0,24.0,0.025,0.0,0,0.2,0/0.0151679/0/0/0,-0/-0.00758395/-0/-0.098864/0.260391,R_60AvEj9fZiC8nae,attribution,additive_exemplar
1,7,130206,-1,bmi,blood_pressure,0/0/0/-0.301079/0,0/-0.248723/0/0/0,0/0/0/-0.286699/0,0.09814066441933503,1.0,24.0,0.025,0.0,0,0.2,0/0.0974451/0/0/0,-0/-0.0487226/-0/-0.0866992/0.123659,R_60AvEj9fZiC8nae,attribution,additive_exemplar
2,8,130207,-1,insulin,blood_pressure,0/0/-0.583601/0/0,0/0.228781/0/0/0,0/0/-0.2/0/0,0.09814066441933503,1.0,24.0,0.025,0.0,0,0.2,0/0.0575627/0/0/0,-0.103688/0.0287814/-0/-0.134224/0,R_60AvEj9fZiC8nae,attribution,additive_exemplar
3,9,130208,-1,age,blood_pressure,0/0/0/0/-0.486486,0/0.253482/0/0/0,0/0/0/0/-0.798124,0.09814066441933503,4.0,0.0,0.025,0.0,1,0.2,0/0.106965/0/0/0,0.24619/0.0534823/-0.0920589/-0.0130236/-0.598124,R_60AvEj9fZiC8nae,attribution,additive_exemplar
4,10,130209,-1,bmi,blood_pressure,0/0/0/-0.6/0,0/-0.33222/0/0/0,0/0/0/-0.439701/0,0.09814066441933503,1.0,24.0,0.025,0.0,0,0.2,0/0.264439/0/0/0,0/-0.13222/-0/-0.239701/0.011504,R_60AvEj9fZiC8nae,attribution,additive_exemplar
0,11,130300,1,bmi,blood_pressure,0/0/0/0.175611/0,0/-0.225033/0/0/0,0/0/0/0.2/0,0.09814066441933503,1.0,24.0,0.025,0.0,0,0.2,0/0.050066/0/0/0,-0.487213/-0.025033/-0.0109136/0/0,R_60AvEj9fZiC8nae,attribution,additive_exemplar
1,12,130301,1,bmi,bmi,0/0/0/0.306339/0,0/0/0/0.201356/0,0/0/0/0.201356/0,0.568713398866335,1.0,24.0,0.025,0.0,0,0.2,0/0.0229219/0/0.280511/0,-0.275516/0.0114609/0.00887711/0.00135551/0.298628,R_60AvEj9fZiC8nae,attribution,additive_exemplar
2,13,130302,1,insulin,blood_pressure,0/0/0.585664/0/0,0/0.356056/0/0/0,0/0/-0.214468/0/0,0.10655634145090954,1.0,24.0,0.025,0.0,0,0.2,0/0.312113/0.0417806/0.281267/0,-0.0694206/0.156056/-0.0322247/0.000106567/0.152113,R_60AvEj9fZiC8nae,attribution,additive_exemplar
3,14,130303,1,bmi,blood_pressure,0/0/0/0.526833/0,0/0.27407/0/0/0,0/0/0/0.2/0,0.09814066441933503,4.0,0.0,0.025,0.0,1,0.2,0/0.14814/0/0/0,0/0.0740701/0/0/-0,R_60AvEj9fZiC8nae,attribution,additive_exemplar
4,15,130304,1,bmi,blood_pressure,0/0/0/0.130728/0,0/0.248912/0/0/0,0/0/0/0.2/0,0.09814066441933503,1.0,24.0,0.025,0.0,0,0.2,0/0.0978246/0/0/0,-0.0920982/0.0489123/-0.157727/0/0,R_60AvEj9fZiC8nae,attribution,additive_exemplar
0,16,130305,1,age,blood_pressure,0/0/0/0/0.459459,0/-0.351221/0/0/0,0/0/0/0/0.2,0.09814066441933503,1.0,24.0,0.025,0.0,0,0.2,0/0.302443/0/0/0,0.0169942/-0.151221/-0.0947703/-0/0,R_60AvEj9fZiC8nae,attribution,additive_exemplar
1,17,130306,1,insulin,blood_pressure,0/0/0.327889/0/0,0/-0.274309/0/0/0,0/0/0.23962/0/0,0.3245838602394953,1.0,24.0,0.025,0.0,0,0.2,0/0.148618/0.103461/0/0,0/-0.0743088/0.0396201/-0/0,R_60AvEj9fZiC8nae,attribution,additive_exemplar
2,18,130307,1,insulin,blood_pressure,0/0/0.263961/0/0,0/0.211993/0/0/0,0/0/-0.230415/0/0,0.09814066441933503,1.0,24.0,0.025,0.0,0,0.2,0/0.0239852/0/0/0,0.236422/0.0119926/-0.0304154/0/-0,R_60AvEj9fZiC8nae,attribution,additive_exemplar
3,19,130308,1,bmi,blood_pressure,0/0/0/0.214484/0,0/-0.346461/0/0/0,0/0/0/0.2/0,0.09814066441933503,4.0,0.0,0.025,0.0,1,0.2,0/0.292922/0/0/0,0/-0.146461/0/0/-0,R_60AvEj9fZiC8nae,attribution,additive_exemplar
4,20,130309,1,age,blood_pressure,0/0/0/0/0.27027,0/-0.231108/0/0/0,0/0/0/0/0.2,0.09814066441933503,1.0,24.0,0.025,0.0,0,0.2,0/0.0622165/0/0/0,-0/-0.0311083/0/-0/0,R_60AvEj9fZiC8nae,attribution,additive_exemplar
0,1,130200,-1,age,age,0/0/0/0/-0.297297,0/0/0/0/-0.419663,0/0/0/0/-0.419663,0.5919171984756992,4.0,0.0,0.025,0.0,1,0.2,0/0.000594703/0/0/0.325546,-0/-0.000297351/0.146534/0.135109/-0.219663,R_60AvEj9fZiC8nae,attribution,additive_prototype
1,2,130201,-1,age,age,0/0/0/0/-0.135135,0/0/0/0/-0.42028,0/0/0/0/-0.42028,0.40712291440832465,4.0,0.0,0.025,0.0,1,0.2,0/0.214464/0/0/0.243212,-0/0.107232/0.0889769/0.224409/-0.22028,R_60AvEj9fZiC8nae,attribution,additive_prototype
2,3,130202,-1,insulin,blood_pressure,0/0/-0.245401/0/0,0/0.262209/0/0/0,0/0/-0.322407/0/0,0.09814066441933503,4.0,0.0,0.025,0.0,1,0.2,0/0.124419/0/0/0,0.00521539/0.0622093/-0.122407/0.0832856/-0.185281,R_60AvEj9fZiC8nae,attribution,additive_prototype
3,4,130203,-1,bmi,blood_pressure,0/0/0/-0.297322/0,0/-0.269852/0/0/0,0/0/0/-0.299111/0,0.09814066441933503,4.0,0.0,0.025,0.0,1,0.2,0/0.139704/0/0/0,-0.127649/-0.0698521/-0.0883718/-0.0991114/0.116352,R_60AvEj9fZiC8nae,attribution,additive_prototype
4,5,130204,-1,blood_pressure,blood_pressure,0/-0.195652/0/0/0,0/0.237244/0/0/0,0/0.237244/0/0/0,0.5924694022790992,4.0,0.0,0.025,0.0,1,0.2,0/0.0744888/0/0/0,-0.102957/0.0372444/-0.0560219/0.260842/-0.149909,R_60AvEj9fZiC8nae,attribution,additive_prototype
0,6,130205,-1,bmi,blood_pressure,0/0/0/-0.351222/0,0/-0.207758/0/0/0,0/0/0/-0.312901/0,0.09814066441933503,4.0,0.0,0.025,0.0,1,0.2,0/0.0155169/0/0/0,-0.338925/-0.00775846/-0.264531/-0.112901/0.31305,R_60AvEj9fZiC8nae,attribution,additive_prototype
1,7,130206,-1,bmi,blood_pressure,0/0/0/-0.301079/0,0/-0.252666/0/0/0,0/0/0/-0.365337/0,0.09814066441933503,4.0,0.0,0.025,0.0,1,0.2,0/0.105331/0/0/0,-0.0968726/-0.0526656/-0.223143/-0.165337/0.180914,R_60AvEj9fZiC8nae,attribution,additive_prototype
2,8,130207,-1,insulin,blood_pressure,0/0/-0.583601/0/0,0/0.232965/0/0/0,0/0/-0.771198/0/0,0.09814066441933503,4.0,0.0,0.025,0.0,1,0.2,0/0.0659306/0/0/0,-0.142591/0.0329653/-0.571198/-0.0923896/0.102391,R_60AvEj9fZiC8nae,attribution,additive_prototype
3,9,130208,-1,age,blood_pressure,0/0/0/0/-0.486486,0/0.253482/0/0/0,0/0/0/0/-0.798124,0.09814066441933503,4.0,0.0,0.025,0.0,1,0.2,0/0.106965/0/0/0,0.24619/0.0534823/-0.0920589/-0.0130236/-0.598124,R_60AvEj9fZiC8nae,attribution,additive_prototype
4,10,130209,-1,bmi,blood_pressure,0/0/0/-0.6/0,0/-0.343293/0/0/0,0/0/0/-0.628232/0,0.09814066441933503,4.0,0.0,0.025,0.0,1,0.2,0/0.286586/0/0/0,0.151001/-0.143293/-0.120012/-0.428232/0.0794287,R_60AvEj9fZiC8nae,attribution,additive_prototype
0,11,130300,1,bmi,blood_pressure,0/0/0/0.175611/0,0/-0.210242/0/0/0,0/0/0/0.2/0,0.09814066441933503,4.0,0.0,0.025,0.0,1,0.2,0/0.0204847/0/0/0,-0/-0.0102424/0/0/0,R_60AvEj9fZiC8nae,attribution,additive_prototype
1,12,130301,1,bmi,blood_pressure,0/0/0/0.306339/0,0/0.27575/0/0/0,0/0/0/0.2/0,0.09814066441933503,4.0,0.0,0.025,0.0,1,0.2,0/0.1515/0/0/0,-0/0.0757502/0/0/-0,R_60AvEj9fZiC8nae,attribution,additive_prototype
2,13,130302,1,insulin,blood_pressure,0/0/0.585664/0/0,0/0.448785/0/0/0,0/0/0.2/0/0,0.09814066441933503,4.0,0.0,0.025,0.0,1,0.2,0/0.49757/0/0/0,0/0.248785/0/0/-0,R_60AvEj9fZiC8nae,attribution,additive_prototype
3,14,130303,1,bmi,blood_pressure,0/0/0/0.526833/0,0/0.27407/0/0/0,0/0/0/0.2/0,0.09814066441933503,4.0,0.0,0.025,0.0,1,0.2,0/0.14814/0/0/0,0/0.0740701/0/0/-0,R_60AvEj9fZiC8nae,attribution,additive_prototype
4,15,130304,1,bmi,blood_pressure,0/0/0/0.130728/0,0/0.273335/0/0/0,0/0/0/0.2/0,0.09814066441933503,4.0,0.0,0.025,0.0,1,0.2,0/0.14667/0/0/0,0/0.0733351/0/0/0,R_60AvEj9fZiC8nae,attribution,additive_prototype
0,16,130305,1,age,blood_pressure,0/0/0/0/0.459459,0/-0.344732/0/0/0,0/0/0/0/0.2,0.09814066441933503,4.0,0.0,0.025,0.0,1,0.2,0/0.289463/0/0/0,0/-0.144732/0/-0/0,R_60AvEj9fZiC8nae,attribution,additive_prototype
1,17,130306,1,insulin,blood_pressure,0/0/0.327889/0/0,0/-0.258397/0/0/0,0/0/0.2/0/0,0.09814066441933503,4.0,0.0,0.025,0.0,1,0.2,0/0.116795/0/0/0,0/-0.0583973/0/-0/-0,R_60AvEj9fZiC8nae,attribution,additive_prototype
2,18,130307,1,insulin,blood_pressure,0/0/0.263961/0/0,0/0.227984/0/0/0,0/0/0.2/0/0,0.09814066441933503,4.0,0.0,0.025,0.0,1,0.2,0/0.0559687/0/0/0,0/0.0279844/0/0/-0,R_60AvEj9fZiC8nae,attribution,additive_prototype
3,19,130308,1,bmi,blood_pressure,0/0/0/0.214484/0,0/-0.346461/0/0/0,0/0/0/0.2/0,0.09814066441933503,4.0,0.0,0.025,0.0,1,0.2,0/0.292922/0/0/0,0/-0.146461/0/0/-0,R_60AvEj9fZiC8nae,attribution,additive_prototype
4,20,130309,1,age,blood_pressure,0/0/0/0/0.27027,0/-0.23826/0/0/0,0/0/0/0/0.2,0.09814066441933503,4.0,0.0,0.025,0.0,1,0.2,0/0.0765192/0/0/0,0/-0.0382596/0/-0/0,R_60AvEj9fZiC8nae,attribution,additive_prototype
0,1,130200,-1,age,bmi,0/0/0/0/-0.297297,0/0/0/0.240489/0,0/0/0/0/-0.146118,0.13836672170744344,0.0,0.0,0.05,0.0,1,0.1,0.002896/0.0634306/0.0854704/0.140489/0.0461183,-0.002896/-0.0634306/0.0854704/0.140489/-0.0461183,R_60AvEj9fZiC8nae,attribution,base_exemplar
1,2,130201,-1,age,bmi,0/0/0/0/-0.135135,0/0/0/0.296684/0,0/0/0/0/-0.132729,0.09459441833101521,0.0,0.0,0.05,0.0,1,0.1,0.00181/0.148005/0.0447463/0.196684/0.0327291,-0.00181/0.148005/0.0447463/0.196684/-0.0327291,R_60AvEj9fZiC8nae,attribution,base_exemplar
2,3,130202,-1,insulin,insulin,0/0/-0.245401/0/0,0/0/-0.208477/0/0,0/0/-0.208477/0/0,0.4571550828658544,0.0,6.0,0.05,0.0,1,0.1,0.000380131/0.0582773/0.108477/0.00828901/0.0231112,-0.000380131/0.0582773/-0.108477/0.00828901/-0.0231112,R_60AvEj9fZiC8nae,attribution,base_exemplar
3,4,130203,-1,bmi,blood_pressure,0/0/0/-0.297322/0,0/-0.290292/0/0/0,0/0/0/-0.25805/0,0.30445626417867194,0.0,0.0,0.05,0.0,1,0.1,0.00376481/0.190292/0.0804427/0.15805/0.0252907,-0.00376481/-0.190292/-0.0804427/-0.15805/0.0252907,R_60AvEj9fZiC8nae,attribution,base_exemplar
4,5,130204,-1,blood_pressure,bmi,0/-0.195652/0/0/0,0/0/0/0.296684/0,0/0.121144/0/0/0,0.09940058458757499,0.0,0.0,0.05,0.0,1,0.1,0.002896/0.0211435/0.0548016/0.196684/0.0193399,-0.002896/0.0211435/-0.0548016/0.196684/-0.0193399,R_60AvEj9fZiC8nae,attribution,base_exemplar
0,6,130205,-1,bmi,insulin,0/0/0/-0.351222/0,0/0/-0.305632/0/0,0/0/0/-0.279123/0,0.307655840679247,0.0,0.0,0.05,0.0,1,0.1,0.00876041/0.0634306/0.205632/0.179123/0.0565321,-0.00876041/-0.0634306/-0.205632/-0.179123/0.0565321,R_60AvEj9fZiC8nae,attribution,base_exemplar
1,7,130206,-1,bmi,bmi,0/0/0/-0.301079/0,0/0/0/-0.331807/0,0/0/0/-0.331807/0,0.34341180677441674,0.0,0.0,0.05,0.0,1,0.1,0.0024616/0.148005/0.173957/0.231807/0.0342168,-0.0024616/-0.148005/-0.173957/-0.231807/0.0342168,R_60AvEj9fZiC8nae,attribution,base_exemplar
2,8,130207,-1,insulin,insulin,0/0/-0.583601/0/0,0/0/-0.515214/0/0,0/0/-0.515214/0/0,0.5437919913792045,0.0,6.0,0.05,0.0,1,0.1,0.0034256/0.0322864/0.415214/0.144192/0.0177464,-0.0034256/0.0322864/-0.415214/-0.144192/0.0177464,R_60AvEj9fZiC8nae,attribution,base_exemplar
3,9,130208,-1,age,age,0/0/0/0/-0.486486,0/0/0/0/-0.195212,0/0/0/0/-0.195212,0.2668940909989429,0.0,0.0,0.05,0.0,1,0.1,0.00644361/0.0634306/0.0759178/0.0772689/0.0952119,0.00644361/0.0634306/-0.0759178/-0.0772689/-0.0952119,R_60AvEj9fZiC8nae,attribution,base_exemplar
4,10,130209,-1,bmi,bmi,0/0/0/-0.6/0,0/0/0/-0.590728/0,0/0/0/-0.590728/0,0.44653259935338824,0.0,0.0,0.05,0.0,1,0.1,0.00405441/0.317153/0.0955257/0.490728/0.0163646,0.00405441/-0.317153/-0.0955257/-0.490728/0.0163646,R_60AvEj9fZiC8nae,attribution,base_exemplar
0,11,130300,1,bmi,bmi,0/0/0/0.175611/0,0/0/0/0.337075/0,0/0/0/0.337075/0,0.4220000131479655,0.0,0.0,0.05,0.0,1,0.1,0.0101722/0.0563827/0.110357/0.237075/0.0632267,-0.0101722/-0.0563827/0.110357/0.237075/0.0632267,R_60AvEj9fZiC8nae,attribution,base_exemplar
1,12,130301,1,bmi,bmi,0/0/0/0.306339/0,0/0/0/0.410832/0,0/0/0/0.410832/0,0.4065555776028721,0.0,0.0,0.05,0.0,1,0.1,0.00604541/0.112765/0.200855/0.310832/0.0230591,-0.00604541/0.112765/0.200855/0.310832/0.0230591,R_60AvEj9fZiC8nae,attribution,base_exemplar
2,13,130302,1,insulin,blood_pressure,0/0/0.585664/0/0,0/0.502983/0/0/0,0/0/0.162429/0/0,0.09757221745747088,0.0,6.0,0.05,0.0,1,0.1,0.00166109/0.402983/0.0624292/0.314275/0.014259,-0.00166109/0.402983/0.0624292/0.314275/0.014259,R_60AvEj9fZiC8nae,attribution,base_exemplar
3,14,130303,1,bmi,bmi,0/0/0/0.526833/0,0/0/0/0.547808/0,0/0/0/0.547808/0,0.4599054893483172,0.0,0.0,0.05,0.0,1,0.1,0.0011222/0.112765/0.185772/0.447808/0.066202,0.0011222/0.112765/0.185772/0.447808/-0.066202,R_60AvEj9fZiC8nae,attribution,base_exemplar
4,15,130304,1,bmi,bmi,0/0/0/0.130728/0,0/0/0/0.235221/0,0/0/0/0.235221/0,0.3574870316994243,0.0,0.0,0.05,0.0,1,0.1,0.001267/0.112765/0.0525392/0.135221/0.0275222,-0.001267/0.112765/-0.0525392/0.135221/0.0275222,R_60AvEj9fZiC8nae,attribution,base_exemplar
0,16,130305,1,age,bmi,0/0/0/0/0.459459,0/0/0/-0.455507/0,0/0/0/0/0.163227,0.09936527759431421,0.0,0.0,0.05,0.0,1,0.1,0.00394581/0.310105/0.0274008/0.355507/0.0632267,0.00394581/-0.310105/0.0274008/-0.355507/0.0632267,R_60AvEj9fZiC8nae,attribution,base_exemplar
1,17,130306,1,insulin,insulin,0/0/0.327889/0/0,0/0/0.331021/0/0,0/0/0.331021/0/0,0.4637659692987774,0.0,0.0,0.05,0.0,1,0.1,0.00524901/0.140957/0.231021/0.0122928/0.0260345,0.00524901/-0.140957/0.231021/-0.0122928/-0.0260345,R_60AvEj9fZiC8nae,attribution,base_exemplar
2,18,130307,1,insulin,bmi,0/0/0.263961/0/0,0/0/0/0.178605/0,0/0/0.1232/0/0,0.15531017795425667,0.0,6.0,0.05,0.0,1,0.1,0.00765476/0.0132119/0.0232001/0.0786053/0.0281471,0.00765476/0.0132119/0.0232001/0.0786053/-0.0281471,R_60AvEj9fZiC8nae,attribution,base_exemplar
3,19,130308,1,bmi,blood_pressure,0/0/0/0.214484/0,0/-0.410105/0/0/0,0/0/0/0.308977/0,0.25455162268731657,0.0,0.0,0.05,0.0,1,0.1,0.0017738/0.310105/0.178231/0.208977/0.0394237,0.0017738/-0.310105/0.178231/0.208977/-0.0394237,R_60AvEj9fZiC8nae,attribution,base_exemplar
4,20,130309,1,age,bmi,0/0/0/0/0.27027,0/0/0/-0.228196/0,0/0/0/0/0.163227,0.16380109991178385,0.0,0.0,0.05,0.0,1,0.1,0.000398201/0.0986698/0.0781803/0.128196/0.0632267,-0.000398201/-0.0986698/-0.0781803/-0.128196/0.0632267,R_60AvEj9fZiC8nae,attribution,base_exemplar
0,1,130200,-1,age,bmi,0/0/0/0/-0.297297,0/0/0/0.240489/0,0/0/0/0/-0.146118,0.13836672170744344,0.0,0.0,0.05,0.0,1,0.1,0.002896/0.0634306/0.0854704/0.140489/0.0461183,-0.002896/-0.0634306/0.0854704/0.140489/-0.0461183,R_60AvEj9fZiC8nae,attribution,base_prototype
1,2,130201,-1,age,bmi,0/0/0/0/-0.135135,0/0/0/0.296684/0,0/0/0/0/-0.132729,0.09459441833101521,0.0,0.0,0.05,0.0,1,0.1,0.00181/0.148005/0.0447463/0.196684/0.0327291,-0.00181/0.148005/0.0447463/0.196684/-0.0327291,R_60AvEj9fZiC8nae,attribution,base_prototype
2,3,130202,-1,insulin,insulin,0/0/-0.245401/0/0,0/0/-0.207592/0/0,0/0/-0.207592/0/0,0.3720245491419346,0.0,0.0,0.025,0.0,1,0.1,0.000724001/0.0634306/0.107592/0.0351222/0.023803,-0.000724001/0.0634306/-0.107592/0.0351222/-0.023803,R_60AvEj9fZiC8nae,attribution,base_prototype
3,4,130203,-1,bmi,blood_pressure,0/0/0/-0.297322/0,0/-0.290292/0/0/0,0/0/0/-0.25805/0,0.30445626417867194,0.0,0.0,0.05,0.0,1,0.1,0.00376481/0.190292/0.0804427/0.15805/0.0252907,-0.00376481/-0.190292/-0.0804427/-0.15805/0.0252907,R_60AvEj9fZiC8nae,attribution,base_prototype
4,5,130204,-1,blood_pressure,bmi,0/-0.195652/0/0/0,0/0/0/0.296684/0,0/0.121144/0/0/0,0.09940058458757499,0.0,0.0,0.05,0.0,1,0.1,0.002896/0.0211435/0.0548016/0.196684/0.0193399,-0.002896/0.0211435/-0.0548016/0.196684/-0.0193399,R_60AvEj9fZiC8nae,attribution,base_prototype
0,6,130205,-1,bmi,insulin,0/0/0/-0.351222/0,0/0/-0.305632/0/0,0/0/0/-0.279123/0,0.307655840679247,0.0,0.0,0.05,0.0,1,0.1,0.00876041/0.0634306/0.205632/0.179123/0.0565321,-0.00876041/-0.0634306/-0.205632/-0.179123/0.0565321,R_60AvEj9fZiC8nae,attribution,base_prototype
1,7,130206,-1,bmi,bmi,0/0/0/-0.301079/0,0/0/0/-0.331807/0,0/0/0/-0.331807/0,0.34341180677441674,0.0,0.0,0.05,0.0,1,0.1,0.0024616/0.148005/0.173957/0.231807/0.0342168,-0.0024616/-0.148005/-0.173957/-0.231807/0.0342168,R_60AvEj9fZiC8nae,attribution,base_prototype
2,8,130207,-1,insulin,insulin,0/0/-0.583601/0/0,0/0/-0.527352/0/0,0/0/-0.527352/0/0,0.4759938142233466,0.0,0.0,0.025,0.0,1,0.1,0.0035476/0.0211435/0.427352/0.15805/0.0208276,-0.0035476/0.0211435/-0.427352/-0.15805/0.0208276,R_60AvEj9fZiC8nae,attribution,base_prototype
3,9,130208,-1,age,age,0/0/0/0/-0.486486,0/0/0/0/-0.195212,0/0/0/0/-0.195212,0.2668940909989429,0.0,0.0,0.05,0.0,1,0.1,0.00644361/0.0634306/0.0759178/0.0772689/0.0952119,0.00644361/0.0634306/-0.0759178/-0.0772689/-0.0952119,R_60AvEj9fZiC8nae,attribution,base_prototype
4,10,130209,-1,bmi,bmi,0/0/0/-0.6/0,0/0/0/-0.590728/0,0/0/0/-0.590728/0,0.44653259935338824,0.0,0.0,0.05,0.0,1,0.1,0.00405441/0.317153/0.0955257/0.490728/0.0163646,0.00405441/-0.317153/-0.0955257/-0.490728/0.0163646,R_60AvEj9fZiC8nae,attribution,base_prototype
0,11,130300,1,bmi,bmi,0/0/0/0.175611/0,0/0/0/0.337075/0,0/0/0/0.337075/0,0.4220000131479655,0.0,0.0,0.05,0.0,1,0.1,0.0101722/0.0563827/0.110357/0.237075/0.0632267,-0.0101722/-0.0563827/0.110357/0.237075/0.0632267,R_60AvEj9fZiC8nae,attribution,base_prototype
1,12,130301,1,bmi,bmi,0/0/0/0.306339/0,0/0/0/0.410832/0,0/0/0/0.410832/0,0.4065555776028721,0.0,0.0,0.05,0.0,1,0.1,0.00604541/0.112765/0.200855/0.310832/0.0230591,-0.00604541/0.112765/0.200855/0.310832/0.0230591,R_60AvEj9fZiC8nae,attribution,base_prototype
2,13,130302,1,insulin,blood_pressure,0/0/0.585664/0/0,0/0.551062/0/0/0,0/0/0.278231/0/0,0.18451143306870885,0.0,0.0,0.025,0.0,1,0.1,0.000615401/0.451062/0.178231/0.324881/0.00371922,-0.000615401/0.451062/0.178231/0.324881/-0.00371922,R_60AvEj9fZiC8nae,attribution,base_prototype
3,14,130303,1,bmi,bmi,0/0/0/0.526833/0,0/0/0/0.547808/0,0/0/0/0.547808/0,0.4599054893483172,0.0,0.0,0.05,0.0,1,0.1,0.0011222/0.112765/0.185772/0.447808/0.066202,0.0011222/0.112765/0.185772/0.447808/-0.066202,R_60AvEj9fZiC8nae,attribution,base_prototype
4,15,130304,1,bmi,bmi,0/0/0/0.130728/0,0/0/0/0.235221/0,0/0/0/0.235221/0,0.3574870316994243,0.0,0.0,0.05,0.0,1,0.1,0.001267/0.112765/0.0525392/0.135221/0.0275222,-0.001267/0.112765/-0.0525392/0.135221/0.0275222,R_60AvEj9fZiC8nae,attribution,base_prototype
0,16,130305,1,age,bmi,0/0/0/0/0.459459,0/0/0/-0.455507/0,0/0/0/0/0.163227,0.09936527759431421,0.0,0.0,0.05,0.0,1,0.1,0.00394581/0.310105/0.0274008/0.355507/0.0632267,0.00394581/-0.310105/0.0274008/-0.355507/0.0632267,R_60AvEj9fZiC8nae,attribution,base_prototype
1,17,130306,1,insulin,insulin,0/0/0.327889/0/0,0/0/0.331021/0/0,0/0/0.331021/0/0,0.4637659692987774,0.0,0.0,0.05,0.0,1,0.1,0.00524901/0.140957/0.231021/0.0122928/0.0260345,0.00524901/-0.140957/0.231021/-0.0122928/-0.0260345,R_60AvEj9fZiC8nae,attribution,base_prototype
2,18,130307,1,insulin,insulin,0/0/0.263961/0/0,0/0/0.211866/0/0,0/0/0.211866/0/0,0.34303610913533583,0.0,0.0,0.025,0.0,1,0.1,0.00894141/0.0281914/0.111866/0.0755128/0.0438868,0.00894141/0.0281914/0.111866/0.0755128/-0.0438868,R_60AvEj9fZiC8nae,attribution,base_prototype
3,19,130308,1,bmi,blood_pressure,0/0/0/0.214484/0,0/-0.410105/0/0/0,0/0/0/0.308977/0,0.25455162268731657,0.0,0.0,0.05,0.0,1,0.1,0.0017738/0.310105/0.178231/0.208977/0.0394237,0.0017738/-0.310105/0.178231/0.208977/-0.0394237,R_60AvEj9fZiC8nae,attribution,base_prototype
4,20,130309,1,age,bmi,0/0/0/0/0.27027,0/0/0/-0.228196/0,0/0/0/0/0.163227,0.16380109991178385,0.0,0.0,0.05,0.0,1,0.1,0.000398201/0.0986698/0.0781803/0.128196/0.0632267,-0.000398201/-0.0986698/-0.0781803/-0.128196/0.0632267,R_60AvEj9fZiC8nae,attribution,base_prototype
0,1,130200,-1,blood_pressure,glucose,0/-0.195652/0/0/0,-0.227457/0/0/0/0,0/-0.109324/0/0/0,0.16448293916325893,2.0,12.0,0.025,0.0,0,0.1,0.0606107/0.00992702/0/0/0,-0.127457/-0.00932389/0.135176/0.210371/-0.199352,R_61LUcA8btLtAme9,counterfactual,additive_exemplar
1,2,130201,-1,blood_pressure,glucose,0/-0.173913/0/0/0,-0.182646/0/0/0/0,0/0.186754/0/0/0,0.08990957464650354,0.0,24.0,0.025,0.0,0,0.1,0.0563833/0/0.0100855/0/0,-0.0826456/0.0867544/-0.0148459/0.195666/-0.0514327,R_61LUcA8btLtAme9,counterfactual,additive_exemplar
2,3,130202,-1,blood_pressure,insulin,0/-0.173913/0/0/0,0/0/-0.0924469/0/0,0/0.162319/0/0/0,0.08933109935037223,0.0,0.0,0.025,0.0,0,0.05,0.0283399/0/0.147103/0/0,-0.0262144/0.112319/-0.0424469/0.102733/-0.123874,R_61LUcA8btLtAme9,counterfactual,additive_exemplar
3,4,130203,-1,blood_pressure,blood_pressure,0/-0.217391/0/0/0,0/-0.173551/0/0/0,0/-0.173551/0/0/0,0.2803494183623849,0.0,0.0,0.025,0.0,0,0.025,0.147367/0.195652/0.109984/0.15805/0,-0.145242/-0.148551/-0.00532734/-0.0904397/0.173423,R_61LUcA8btLtAme9,counterfactual,additive_exemplar
4,5,130204,-1,blood_pressure,glucose,0/-0.152174/0/0/0,-0.165118/0/0/0/0,0/0.113288/0/0/0,0.07194396521332277,0.0,2.0,0.025,0.0,0,0.05,0.105368/0/0.0744759/0/0,-0.115118/0.0632878/0.00748053/0.257424/-0.0798829,R_61LUcA8btLtAme9,counterfactual,additive_exemplar
0,6,130205,-1,bmi,glucose,0/0/0/-0.210733/0,-0.409229/0/0/0/0,0/0/0/-0.184037/0,0.17048276599168527,2.0,12.0,0.025,0.0,0,0.1,0.325223/0.0162278/0.236778/0.114073/0,-0.309229/0.0275435/-0.069192/-0.0840369/0.266632,R_61LUcA8btLtAme9,counterfactual,additive_exemplar
1,7,130206,-1,bmi,insulin,0/0/0/-0.191079/0,0/0/-0.212418/0/0,0/0/0/-0.150495/0,0.11755622663694867,0.0,24.0,0.025,0.0,0,0.1,0.147916/0.0966782/0.182159/0.0432073/0,-0.156669/-0.0648326/-0.112418/-0.0504953/0.208094,R_61LUcA8btLtAme9,counterfactual,additive_exemplar
2,8,130207,-1,insulin,insulin,0/0/-0.243339/0/0,0/0/-0.529632/0/0,0/0/-0.529632/0/0,0.4697858150592845,0.0,0.0,0.025,0.0,0,0.05,0.138865/0/0.584289/0.15805/0,-0.13674/0.0688406/-0.479632/-0.0904397/0.146396,R_61LUcA8btLtAme9,counterfactual,additive_exemplar
3,9,130208,-1,bmi,insulin,0/0/0/0.173459/0,0/0/-0.0241408/0/0,0/0/0/-0.0346586/0,0.3360347687735414,0.0,0.0,0.025,0.0,0,0.025,0/0/0.103797/0.0772689/0,0.25435/0.112319/0.000859248/-0.00965861/-0.556306,R_61LUcA8btLtAme9,counterfactual,additive_exemplar
4,10,130209,-1,bmi,bmi,0/0/0/-0.31/0,0/0/0/-0.459102/0,0/0/0/-0.459102/0,0.3990778261512174,0.0,2.0,0.025,0.0,0,0.05,0/0.317162/0.122668/0.468929/0,0.151688/-0.272946/-0.0298551/-0.409102/0.122898,R_61LUcA8btLtAme9,counterfactual,additive_exemplar
0,11,130300,1,bmi,bmi,0/0/0/0.210733/0,0/0/0/0.275233/0,0/0/0/0.275233/0,0.49404537312536895,2.0,12.0,0.025,0.0,0,0.1,0/0/0.0909623/0.234291/0,-0.404578/-0.0804411/0.0303258/0.175233/0.369528,R_61LUcA8btLtAme9,counterfactual,additive_exemplar
1,12,130301,1,insulin,bmi,0/0/0.455745/0/0,0/0/0/0.284944/0,0/0/0.122113/0/0,0.1105230758659214,0.0,24.0,0.025,0.0,0,0.1,0/0.0246849/0.0112255/0.278894/0,-0.229146/0.00550982/0.0221134/0.184944/0.215633,R_61LUcA8btLtAme9,counterfactual,additive_exemplar
2,13,130302,1,blood_pressure,blood_pressure,0/0.630435/0/0/0,0/0.466667/0/0/0,0/0.466667/0/0/0,0.3622154081310192,0.0,0.0,0.025,0.0,0,0.05,0/0.463768/0.243683/0.324881/0,-0.0262144/0.416667/0.139026/0.25727/-0.0427928,R_61LUcA8btLtAme9,counterfactual,additive_exemplar
3,14,130303,1,blood_pressure,bmi,0/0.26087/0/0/0,0/0/0/0.405198/0,0/0.0938406/0/0/0,0.15226345723756543,0.0,0.0,0.025,0.0,0,0.025,0.0439268/0.115942/0.253994/0.447808/0,0.0418013/0.0688406/0.149337/0.380198/-0.421171,R_61LUcA8btLtAme9,counterfactual,additive_exemplar
4,15,130304,1,bmi,bmi,0/0/0/0.180728/0,0/0/0/0.112974/0,0/0/0/0.112974/0,0.4100466506384272,0.0,2.0,0.025,0.0,0,0.05,0/0.113715/0/0.131933/0,-0.0489905/0.0685561/-0.178247/0.0629744/0.146253,R_61LUcA8btLtAme9,counterfactual,additive_exemplar
0,16,130305,1,insulin,glucose,0/0/0.148478/0/0,0.192179/0/0/0/0,0/0/-0.175203/0/0,0.09814066441933503,2.0,12.0,0.025,0.0,0,0.1,0.0738065/0/0/0/0,0.0921787/-0.33329/-0.0752034/-0.338048/0.370245,R_61LUcA8btLtAme9,counterfactual,additive_exemplar
1,17,130306,1,bmi,glucose,0/0/0/0.173214/0,0.241271/0/0/0/0,0/0/0/-0.151334/0,0.07116970710113991,0.0,24.0,0.025,0.0,0,0.1,0.136152/0/0.100121/0/0,0.141271/-0.182989/0.0878289/-0.0513335/-0.079671,R_61LUcA8btLtAme9,counterfactual,additive_exemplar
2,18,130307,1,blood_pressure,glucose,0/0.195652/0/0/0,0.397872/0/0/0/0,0/0.0318841/0/0/0,0.1005135933218615,0.0,0.0,0.025,0.0,0,0.05,0.349997/0.0289855/0.152946/0.0755128/0,0.347872/-0.0181159/0.0482898/0.0079025/-0.286036,R_61LUcA8btLtAme9,counterfactual,additive_exemplar
3,19,130308,1,bmi,insulin,0/0/0/0.204484/0,0/0/0.164026/0/0,0/0/0/0.166367/0,0.3275041767891711,0.0,0.0,0.025,0.0,0,0.025,0.0694326/0/0.243683/0.208977/0,0.0673071/-0.365942/0.139026/0.141367/-0.259009,R_61LUcA8btLtAme9,counterfactual,additive_exemplar
4,20,130309,1,insulin,bmi,0/0/0.204157/0/0,0/0/0/-0.23501/0,0/0/-0.246335/0/0,0.24336061940481182,0.0,2.0,0.025,0.0,0,0.05,0.0141932/0.0924701/0.0861758/0.123978/0,-0.0176085/-0.139773/-0.196335/-0.18501/0.350469,R_61LUcA8btLtAme9,counterfactual,additive_exemplar
0,1,130200,-1,blood_pressure,glucose,0/-0.195652/0/0/0,-0.111234/0/0/0/0,0/-0.0181159/0/0/0,0.2940356662595022,0.0,0.0,0.025,0.0,0,0.0,0.113359/0.0652174/0/0/0,-0.111234/-0.0181159/0.221514/0.208099/-0.259009,R_61LUcA8btLtAme9,counterfactual,additive_prototype
1,2,130201,-1,blood_pressure,glucose,0/-0.173913/0/0/0,-0.118724/0/0/0/0,0/0.249275/0/0/0,0.09814066441933503,0.0,0.0,0.025,0.0,0,0.05,0.0708496/0/0/0/0,-0.0687241/0.199275/0.165835/0.264295/-0.177928,R_61LUcA8btLtAme9,counterfactual,additive_prototype
2,3,130202,-1,blood_pressure,insulin,0/-0.173913/0/0/0,0/0/-0.0924469/0/0,0/0.162319/0/0/0,0.08933109935037223,0.0,0.0,0.025,0.0,0,0.05,0.0283399/0/0.147103/0/0,-0.0262144/0.112319/-0.0424469/0.102733/-0.123874,R_61LUcA8btLtAme9,counterfactual,additive_prototype
3,4,130203,-1,blood_pressure,blood_pressure,0/-0.217391/0/0/0,0/-0.173551/0/0/0,0/-0.173551/0/0/0,0.2803494183623849,0.0,0.0,0.025,0.0,0,0.025,0.147367/0.195652/0.109984/0.15805/0,-0.145242/-0.148551/-0.00532734/-0.0904397/0.173423,R_61LUcA8btLtAme9,counterfactual,additive_prototype
4,5,130204,-1,blood_pressure,glucose,0/-0.152174/0/0/0,-0.161234/0/0/0/0,0/0.118841/0/0/0,0.07322233990202195,0.0,0.0,0.025,0.0,0,0.05,0.113359/0/0.0749264/0/0,-0.111234/0.0688406/0.02973/0.264295/-0.0968468,R_61LUcA8btLtAme9,counterfactual,additive_prototype
0,6,130205,-1,bmi,glucose,0/0/0/-0.210733/0,-0.340787/0/0/0/0,0/0/0/-0.111513/0,0.19738776378745163,0.0,0.0,0.025,0.0,0,0.0,0.342912/0.0652174/0.281146/0.179123/0,-0.340787/-0.0181159/-0.17649/-0.111513/0.362613,R_61LUcA8btLtAme9,counterfactual,additive_prototype
1,7,130206,-1,bmi,insulin,0/0/0/-0.191079/0,0/0/-0.183183/0/0,0/0/0/-0.214196/0,0.28176964392967346,0.0,0.0,0.025,0.0,0,0.05,0.0963555/0.152174/0.23784/0.231807/0,-0.09423/-0.105072/-0.133183/-0.164196/0.227477,R_61LUcA8btLtAme9,counterfactual,additive_prototype
2,8,130207,-1,insulin,insulin,0/0/-0.243339/0/0,0/0/-0.529632/0/0,0/0/-0.529632/0/0,0.4697858150592845,0.0,0.0,0.025,0.0,0,0.05,0.138865/0/0.584289/0.15805/0,-0.13674/0.0688406/-0.479632/-0.0904397/0.146396,R_61LUcA8btLtAme9,counterfactual,additive_prototype
3,9,130208,-1,bmi,insulin,0/0/0/0.173459/0,0/0/-0.0241408/0/0,0/0/0/-0.0346586/0,0.3360347687735414,0.0,0.0,0.025,0.0,0,0.025,0/0/0.103797/0.0772689/0,0.25435/0.112319/0.000859248/-0.00965861/-0.556306,R_61LUcA8btLtAme9,counterfactual,additive_prototype
4,10,130209,-1,bmi,bmi,0/0/0/-0.31/0,0/0/0/-0.473117/0,0/0/0/-0.473117/0,0.4001065419332183,0.0,0.0,0.025,0.0,0,0.05,0/0.326087/0.130606/0.490728/0,0.160829/-0.278986/-0.0259493/-0.423117/0.119369,R_61LUcA8btLtAme9,counterfactual,additive_prototype
0,11,130300,1,bmi,bmi,0/0/0/0.210733/0,0/0/0/0.169465/0,0/0/0/0.169465/0,0.4462763419988549,0.0,0.0,0.025,0.0,0,0.0,0/0/0.150884/0.237075/0,-0.4003/-0.105072/0.0462276/0.169465/0.362613,R_61LUcA8btLtAme9,counterfactual,additive_prototype
1,12,130301,1,insulin,bmi,0/0/0.455745/0/0,0/0/0/0.293221/0,0/0/0.219959/0/0,0.3234388866842518,0.0,0.0,0.025,0.0,0,0.05,0/0.115942/0.274616/0.310832/0,-0.238763/0.0688406/0.169959/0.243221/0.119369,R_61LUcA8btLtAme9,counterfactual,additive_prototype
2,13,130302,1,blood_pressure,blood_pressure,0/0.630435/0/0/0,0/0.466667/0/0/0,0/0.466667/0/0/0,0.3622154081310192,0.0,0.0,0.025,0.0,0,0.05,0/0.463768/0.243683/0.324881/0,-0.0262144/0.416667/0.139026/0.25727/-0.0427928,R_61LUcA8btLtAme9,counterfactual,additive_prototype
3,14,130303,1,blood_pressure,bmi,0/0.26087/0/0/0,0/0/0/0.405198/0,0/0.0938406/0/0/0,0.15226345723756543,0.0,0.0,0.025,0.0,0,0.025,0.0439268/0.115942/0.253994/0.447808/0,0.0418013/0.0688406/0.149337/0.380198/-0.421171,R_61LUcA8btLtAme9,counterfactual,additive_prototype
4,15,130304,1,bmi,bmi,0/0/0/0.180728/0,0/0/0/0.11761/0,0/0/0/0.11761/0,0.4107119786336358,0.0,0.0,0.025,0.0,0,0.05,0/0.115942/0/0.135221/0,-0.0517202/0.0688406/-0.17649/0.0676103/0.146396,R_61LUcA8btLtAme9,counterfactual,additive_prototype
0,16,130305,1,insulin,glucose,0/0/0.148478/0/0,0.152327/0/0/0/0,0/0/-0.0671932/0/0,0.1929497107240378,0.0,0.0,0.025,0.0,0,0.0,0.154452/0/0.0374632/0/0,0.152327/-0.365942/-0.0671932/-0.423117/0.362613,R_61LUcA8btLtAme9,counterfactual,additive_prototype
1,17,130306,1,bmi,insulin,0/0/0/0.173214/0,0/0/0.261203/0/0,0/0/0/-0.129903/0,0.07352049413565545,0.0,0.0,0.025,0.0,0,0.05,0.205464/0/0.31586/0/0,0.203338/-0.192029/0.211203/-0.0799031/-0.177928,R_61LUcA8btLtAme9,counterfactual,additive_prototype
2,18,130307,1,blood_pressure,glucose,0/0.195652/0/0/0,0.397872/0/0/0/0,0/0.0318841/0/0/0,0.1005135933218615,0.0,0.0,0.025,0.0,0,0.05,0.349997/0.0289855/0.152946/0.0755128/0,0.347872/-0.0181159/0.0482898/0.0079025/-0.286036,R_61LUcA8btLtAme9,counterfactual,additive_prototype
3,19,130308,1,bmi,insulin,0/0/0/0.204484/0,0/0/0.164026/0/0,0/0/0/0.166367/0,0.3275041767891711,0.0,0.0,0.025,0.0,0,0.025,0.0694326/0/0.243683/0.208977/0,0.0673071/-0.365942/0.139026/0.141367/-0.259009,R_61LUcA8btLtAme9,counterfactual,additive_prototype
4,20,130309,1,insulin,bmi,0/0/0.204157/0/0,0/0/0/-0.245806/0,0/0/-0.261547/0/0,0.26650752782449927,0.0,0.0,0.025,0.0,0,0.05,0.0155869/0.101449/0.10689/0.128196/0,-0.0177124/-0.148551/-0.211547/-0.195806/0.362613,R_61LUcA8btLtAme9,counterfactual,additive_prototype
0,1,130200,-1,blood_pressure,bmi,0/-0.195652/0/0/0,0/0/0/0.140489/0,0/-0.0634306/0/0/0,0.20303915234895545,0.0,0.0,0.05,0.0,0,0.0,0.002896/0.0634306/0.0854704/0.140489/0,-0.002896/-0.0634306/0.0854704/0.140489/-0.0461183,R_61LUcA8btLtAme9,counterfactual,base_exemplar
1,2,130201,-1,blood_pressure,bmi,0/-0.173913/0/0/0,0/0/0/0.196684/0,0/0.148005/0/0/0,0.32839749328398754,0.0,0.0,0.05,0.0,0,0.0,0.00181/0.148005/0.0447463/0.196684/0,-0.00181/0.148005/0.0447463/0.196684/-0.0327291,R_61LUcA8btLtAme9,counterfactual,base_exemplar
2,3,130202,-1,blood_pressure,insulin,0/-0.173913/0/0/0,0/0/-0.107592/0/0,0/0.0634306/0/0/0,0.2628196796368992,0.0,0.0,0.025,0.0,0,0.0,0.000724001/0.0634306/0.107592/0.0351222/0,-0.000724001/0.0634306/-0.107592/0.0351222/-0.023803,R_61LUcA8btLtAme9,counterfactual,base_exemplar
3,4,130203,-1,blood_pressure,blood_pressure,0/-0.217391/0/0/0,0/-0.190292/0/0/0,0/-0.190292/0/0/0,0.35680142931201847,0.0,0.0,0.025,0.0,0,0.0,0.00376481/0.190292/0.0804427/0.15805/0,-0.00376481/-0.190292/-0.0804427/-0.15805/0.0252907,R_61LUcA8btLtAme9,counterfactual,base_exemplar
4,5,130204,-1,blood_pressure,bmi,0/-0.152174/0/0/0,0/0/0/0.196684/0,0/0.0211435/0/0/0,0.12498378539903761,0.0,0.0,0.025,0.0,0,0.0,0.002896/0.0211435/0.0548016/0.196684/0,-0.002896/0.0211435/-0.0548016/0.196684/-0.0193399,R_61LUcA8btLtAme9,counterfactual,base_exemplar
0,6,130205,-1,bmi,insulin,0/0/0/-0.210733/0,0/0/-0.205632/0/0,0/0/0/-0.179123/0,0.3410647032563689,0.0,0.0,0.05,0.0,0,0.0,0.00876041/0.0634306/0.205632/0.179123/0,-0.00876041/-0.0634306/-0.205632/-0.179123/0.0565321,R_61LUcA8btLtAme9,counterfactual,base_exemplar
1,7,130206,-1,bmi,bmi,0/0/0/-0.191079/0,0/0/0/-0.231807/0,0/0/0/-0.231807/0,0.3622327420339493,0.0,0.0,0.05,0.0,0,0.0,0.0024616/0.148005/0.173957/0.231807/0,-0.0024616/-0.148005/-0.173957/-0.231807/0.0342168,R_61LUcA8btLtAme9,counterfactual,base_exemplar
2,8,130207,-1,insulin,insulin,0/0/-0.243339/0/0,0/0/-0.427352/0/0,0/0/-0.427352/0/0,0.4858177303603685,0.0,0.0,0.025,0.0,0,0.0,0.0035476/0.0211435/0.427352/0.15805/0,-0.0035476/0.0211435/-0.427352/-0.15805/0.0208276,R_61LUcA8btLtAme9,counterfactual,base_exemplar
3,9,130208,-1,bmi,bmi,0/0/0/0.173459/0,0/0/0/-0.0772689/0,0/0/0/-0.0772689/0,0.2982548572104607,0.0,0.0,0.025,0.0,0,0.0,0.00644361/0.0634306/0.0759178/0.0772689/0,0.00644361/0.0634306/-0.0759178/-0.0772689/-0.0952119,R_61LUcA8btLtAme9,counterfactual,base_exemplar
4,10,130209,-1,bmi,bmi,0/0/0/-0.31/0,0/0/0/-0.490728/0,0/0/0/-0.490728/0,0.41193297426422704,0.0,0.0,0.025,0.0,0,0.0,0.00405441/0.317153/0.0955257/0.490728/0,0.00405441/-0.317153/-0.0955257/-0.490728/0.0163646,R_61LUcA8btLtAme9,counterfactual,base_exemplar
0,11,130300,1,bmi,bmi,0/0/0/0.210733/0,0/0/0/0.237075/0,0/0/0/0.237075/0,0.4752256108519797,0.0,0.0,0.05,0.0,0,0.0,0.0101722/0.0563827/0.110357/0.237075/0,-0.0101722/-0.0563827/0.110357/0.237075/0.0632267,R_61LUcA8btLtAme9,counterfactual,base_exemplar
1,12,130301,1,insulin,bmi,0/0/0.455745/0/0,0/0/0/0.310832/0,0/0/0.200855/0/0,0.2819976061552096,0.0,0.0,0.05,0.0,0,0.0,0.00604541/0.112765/0.200855/0.310832/0,-0.00604541/0.112765/0.200855/0.310832/0.0230591,R_61LUcA8btLtAme9,counterfactual,base_exemplar
2,13,130302,1,blood_pressure,blood_pressure,0/0.630435/0/0/0,0/0.451062/0/0/0,0/0.451062/0/0/0,0.37539210811211743,0.0,0.0,0.025,0.0,0,0.0,0.000615401/0.451062/0.178231/0.324881/0,-0.000615401/0.451062/0.178231/0.324881/-0.00371922,R_61LUcA8btLtAme9,counterfactual,base_exemplar
3,14,130303,1,blood_pressure,bmi,0/0.26087/0/0/0,0/0/0/0.447808/0,0/0.112765/0/0/0,0.1647139375222152,0.0,0.0,0.025,0.0,0,0.0,0.0011222/0.112765/0.185772/0.447808/0,0.0011222/0.112765/0.185772/0.447808/-0.066202,R_61LUcA8btLtAme9,counterfactual,base_exemplar
4,15,130304,1,bmi,bmi,0/0/0/0.180728/0,0/0/0/0.135221/0,0/0/0/0.135221/0,0.36153098635632636,0.0,0.0,0.025,0.0,0,0.0,0.001267/0.112765/0.0525392/0.135221/0,-0.001267/0.112765/-0.0525392/0.135221/0.0275222,R_61LUcA8btLtAme9,counterfactual,base_exemplar
0,16,130305,1,insulin,bmi,0/0/0.148478/0/0,0/0/0/-0.355507/0,0/0/0.0274008/0/0,0.06813911354279772,0.0,0.0,0.05,0.0,0,0.0,0.00394581/0.310105/0.0274008/0.355507/0,0.00394581/-0.310105/0.0274008/-0.355507/0.0632267,R_61LUcA8btLtAme9,counterfactual,base_exemplar
1,17,130306,1,bmi,insulin,0/0/0/0.173214/0,0/0/0.231021/0/0,0/0/0/-0.0122928/0,0.06680997555103228,0.0,0.0,0.05,0.0,0,0.0,0.00524901/0.140957/0.231021/0.0122928/0,0.00524901/-0.140957/0.231021/-0.0122928/-0.0260345,R_61LUcA8btLtAme9,counterfactual,base_exemplar
2,18,130307,1,blood_pressure,insulin,0/0.195652/0/0/0,0/0/0.111866/0/0,0/0.0281914/0/0/0,0.14569944999681336,0.0,0.0,0.025,0.0,0,0.0,0.00894141/0.0281914/0.111866/0.0755128/0,0.00894141/0.0281914/0.111866/0.0755128/-0.0438868,R_61LUcA8btLtAme9,counterfactual,base_exemplar
3,19,130308,1,bmi,blood_pressure,0/0/0/0.204484/0,0/-0.310105/0/0/0,0/0/0/0.208977/0,0.2604566972042053,0.0,0.0,0.025,0.0,0,0.0,0.0017738/0.310105/0.178231/0.208977/0,0.0017738/-0.310105/0.178231/0.208977/-0.0394237,R_61LUcA8btLtAme9,counterfactual,base_exemplar
4,20,130309,1,insulin,bmi,0/0/0.204157/0/0,0/0/0/-0.128196/0,0/0/-0.0781803/0/0,0.23170886248241598,0.0,0.0,0.025,0.0,0,0.0,0.000398201/0.0986698/0.0781803/0.128196/0,-0.000398201/-0.0986698/-0.0781803/-0.128196/0.0632267,R_61LUcA8btLtAme9,counterfactual,base_exemplar
0,1,130200,-1,blood_pressure,bmi,0/-0.195652/0/0/0,0/0/0/0.140489/0,0/-0.0634306/0/0/0,0.20303915234895545,0.0,0.0,0.05,0.0,0,0.0,0.002896/0.0634306/0.0854704/0.140489/0,-0.002896/-0.0634306/0.0854704/0.140489/-0.0461183,R_61LUcA8btLtAme9,counterfactual,base_prototype
1,2,130201,-1,blood_pressure,bmi,0/-0.173913/0/0/0,0/0/0/0.196684/0,0/0.148005/0/0/0,0.32839749328398754,0.0,0.0,0.05,0.0,0,0.0,0.00181/0.148005/0.0447463/0.196684/0,-0.00181/0.148005/0.0447463/0.196684/-0.0327291,R_61LUcA8btLtAme9,counterfactual,base_prototype
2,3,130202,-1,blood_pressure,insulin,0/-0.173913/0/0/0,0/0/-0.107592/0/0,0/0.0634306/0/0/0,0.2628196796368992,0.0,0.0,0.025,0.0,0,0.0,0.000724001/0.0634306/0.107592/0.0351222/0,-0.000724001/0.0634306/-0.107592/0.0351222/-0.023803,R_61LUcA8btLtAme9,counterfactual,base_prototype
3,4,130203,-1,blood_pressure,blood_pressure,0/-0.217391/0/0/0,0/-0.190292/0/0/0,0/-0.190292/0/0/0,0.35680142931201847,0.0,0.0,0.025,0.0,0,0.0,0.00376481/0.190292/0.0804427/0.15805/0,-0.00376481/-0.190292/-0.0804427/-0.15805/0.0252907,R_61LUcA8btLtAme9,counterfactual,base_prototype
4,5,130204,-1,blood_pressure,bmi,0/-0.152174/0/0/0,0/0/0/0.196684/0,0/0.0211435/0/0/0,0.12498378539903761,0.0,0.0,0.025,0.0,0,0.0,0.002896/0.0211435/0.0548016/0.196684/0,-0.002896/0.0211435/-0.0548016/0.196684/-0.0193399,R_61LUcA8btLtAme9,counterfactual,base_prototype
0,6,130205,-1,bmi,insulin,0/0/0/-0.210733/0,0/0/-0.205632/0/0,0/0/0/-0.179123/0,0.3410647032563689,0.0,0.0,0.05,0.0,0,0.0,0.00876041/0.0634306/0.205632/0.179123/0,-0.00876041/-0.0634306/-0.205632/-0.179123/0.0565321,R_61LUcA8btLtAme9,counterfactual,base_prototype
1,7,130206,-1,bmi,bmi,0/0/0/-0.191079/0,0/0/0/-0.231807/0,0/0/0/-0.231807/0,0.3622327420339493,0.0,0.0,0.05,0.0,0,0.0,0.0024616/0.148005/0.173957/0.231807/0,-0.0024616/-0.148005/-0.173957/-0.231807/0.0342168,R_61LUcA8btLtAme9,counterfactual,base_prototype
2,8,130207,-1,insulin,insulin,0/0/-0.243339/0/0,0/0/-0.427352/0/0,0/0/-0.427352/0/0,0.4858177303603685,0.0,0.0,0.025,0.0,0,0.0,0.0035476/0.0211435/0.427352/0.15805/0,-0.0035476/0.0211435/-0.427352/-0.15805/0.0208276,R_61LUcA8btLtAme9,counterfactual,base_prototype
3,9,130208,-1,bmi,bmi,0/0/0/0.173459/0,0/0/0/-0.0772689/0,0/0/0/-0.0772689/0,0.2982548572104607,0.0,0.0,0.025,0.0,0,0.0,0.00644361/0.0634306/0.0759178/0.0772689/0,0.00644361/0.0634306/-0.0759178/-0.0772689/-0.0952119,R_61LUcA8btLtAme9,counterfactual,base_prototype
4,10,130209,-1,bmi,bmi,0/0/0/-0.31/0,0/0/0/-0.490728/0,0/0/0/-0.490728/0,0.41193297426422704,0.0,0.0,0.025,0.0,0,0.0,0.00405441/0.317153/0.0955257/0.490728/0,0.00405441/-0.317153/-0.0955257/-0.490728/0.0163646,R_61LUcA8btLtAme9,counterfactual,base_prototype
0,11,130300,1,bmi,bmi,0/0/0/0.210733/0,0/0/0/0.237075/0,0/0/0/0.237075/0,0.4752256108519797,0.0,0.0,0.05,0.0,0,0.0,0.0101722/0.0563827/0.110357/0.237075/0,-0.0101722/-0.0563827/0.110357/0.237075/0.0632267,R_61LUcA8btLtAme9,counterfactual,base_prototype
1,12,130301,1,insulin,bmi,0/0/0.455745/0/0,0/0/0/0.310832/0,0/0/0.200855/0/0,0.2819976061552096,0.0,0.0,0.05,0.0,0,0.0,0.00604541/0.112765/0.200855/0.310832/0,-0.00604541/0.112765/0.200855/0.310832/0.0230591,R_61LUcA8btLtAme9,counterfactual,base_prototype
2,13,130302,1,blood_pressure,blood_pressure,0/0.630435/0/0/0,0/0.451062/0/0/0,0/0.451062/0/0/0,0.37539210811211743,0.0,0.0,0.025,0.0,0,0.0,0.000615401/0.451062/0.178231/0.324881/0,-0.000615401/0.451062/0.178231/0.324881/-0.00371922,R_61LUcA8btLtAme9,counterfactual,base_prototype
3,14,130303,1,blood_pressure,bmi,0/0.26087/0/0/0,0/0/0/0.447808/0,0/0.112765/0/0/0,0.1647139375222152,0.0,0.0,0.025,0.0,0,0.0,0.0011222/0.112765/0.185772/0.447808/0,0.0011222/0.112765/0.185772/0.447808/-0.066202,R_61LUcA8btLtAme9,counterfactual,base_prototype
4,15,130304,1,bmi,bmi,0/0/0/0.180728/0,0/0/0/0.135221/0,0/0/0/0.135221/0,0.36153098635632636,0.0,0.0,0.025,0.0,0,0.0,0.001267/0.112765/0.0525392/0.135221/0,-0.001267/0.112765/-0.0525392/0.135221/0.0275222,R_61LUcA8btLtAme9,counterfactual,base_prototype
0,16,130305,1,insulin,bmi,0/0/0.148478/0/0,0/0/0/-0.355507/0,0/0/0.0274008/0/0,0.06813911354279772,0.0,0.0,0.05,0.0,0,0.0,0.00394581/0.310105/0.0274008/0.355507/0,0.00394581/-0.310105/0.0274008/-0.355507/0.0632267,R_61LUcA8btLtAme9,counterfactual,base_prototype
1,17,130306,1,bmi,insulin,0/0/0/0.173214/0,0/0/0.231021/0/0,0/0/0/-0.0122928/0,0.06680997555103228,0.0,0.0,0.05,0.0,0,0.0,0.00524901/0.140957/0.231021/0.0122928/0,0.00524901/-0.140957/0.231021/-0.0122928/-0.0260345,R_61LUcA8btLtAme9,counterfactual,base_prototype
2,18,130307,1,blood_pressure,insulin,0/0.195652/0/0/0,0/0/0.111866/0/0,0/0.0281914/0/0/0,0.14569944999681336,0.0,0.0,0.025,0.0,0,0.0,0.00894141/0.0281914/0.111866/0.0755128/0,0.00894141/0.0281914/0.111866/0.0755128/-0.0438868,R_61LUcA8btLtAme9,counterfactual,base_prototype
3,19,130308,1,bmi,blood_pressure,0/0/0/0.204484/0,0/-0.310105/0/0/0,0/0/0/0.208977/0,0.2604566972042053,0.0,0.0,0.025,0.0,0,0.0,0.0017738/0.310105/0.178231/0.208977/0,0.0017738/-0.310105/0.178231/0.208977/-0.0394237,R_61LUcA8btLtAme9,counterfactual,base_prototype
4,20,130309,1,insulin,bmi,0/0/0.204157/0/0,0/0/0/-0.128196/0,0/0/-0.0781803/0/0,0.23170886248241598,0.0,0.0,0.025,0.0,0,0.0,0.000398201/0.0986698/0.0781803/0.128196/0,-0.000398201/-0.0986698/-0.0781803/-0.128196/0.0632267,R_61LUcA8btLtAme9,counterfactual,base_prototype
0,1,130200,-1,blood_pressure,blood_pressure,0/-0.195652/0/0/0,0/-0.175007/0/0/0,0/-0.175007/0/0/0,0.6145225206959397,4.0,0.0,0.05,0.75,0,0.05,0.00659347/0.12084/0.0217168/0.00284629/0,-0.197761/-0.125007/0.0224658/-0.08537/0,R_61LUcA8btLtAme9,counterfactual,counterfactual_exemplar
1,2,130201,-1,blood_pressure,blood_pressure,0/-0.173913/0/0/0,0/-0.123672/0/0/0,0/-0.123672/0/0/0,0.4368467562681385,2.0,0.0,0.05,0.75,0,0.05,0.0360413/0.059434/0.00567732/0.0136966/0,-0.186488/-0.0736721/-0.0070374/-0.0708699/0,R_61LUcA8btLtAme9,counterfactual,counterfactual_exemplar
2,3,130202,-1,blood_pressure,blood_pressure,0/-0.173913/0/0/0,0/-0.145756/0/0/0,0/-0.145756/0/0/0,0.35157251347257523,2.0,0.0,0.05,0.75,0,0.05,0.0386202/0.074721/0.0476287/0.0244366/0,-0.175808/-0.095756/-0.0610369/-0.111241/0,R_61LUcA8btLtAme9,counterfactual,counterfactual_exemplar
3,4,130203,-1,blood_pressure,blood_pressure,0/-0.217391/0/0/0,0/-0.211232/0/0/0,0/-0.211232/0/0/0,0.4148127677527045,2.0,0.0,0.05,0.75,0,0.05,0.0497798/0.122179/0.0403431/0.038638/0,-0.205518/-0.161232/-0.0532382/-0.159519/0,R_61LUcA8btLtAme9,counterfactual,counterfactual_exemplar
4,5,130204,-1,blood_pressure,blood_pressure,0/-0.152174/0/0/0,0/-0.157085/0/0/0,0/-0.157085/0/0/0,0.3742841331454548,2.0,0.0,0.05,0.75,0,0.05,0.05153/0.0790711/0.033705/0.0185282/0,-0.196975/-0.107085/-0.0456465/-0.0708244/0,R_61LUcA8btLtAme9,counterfactual,counterfactual_exemplar
0,6,130205,-1,bmi,blood_pressure,0/0/0/-0.210733/0,0/-0.177584/0/0/0,0/0/0/-0.214928/0,0.10149909173521968,4.0,0.0,0.05,0.75,0,0.05,0.0325649/0.111281/0.078475/0.0210744/0,-0.254852/-0.127584/-0.0899715/-0.164928/0,R_61LUcA8btLtAme9,counterfactual,counterfactual_exemplar
1,7,130206,-1,bmi,blood_pressure,0/0/0/-0.191079/0,0/-0.200856/0/0/0,0/0/0/-0.227932/0,0.17818391329076988,2.0,0.0,0.05,0.75,0,0.05,0.0564686/0.106639/0.0622857/0.052154/0,-0.192652/-0.150856/-0.0881125/-0.177932/0,R_61LUcA8btLtAme9,counterfactual,counterfactual_exemplar
2,8,130207,-1,insulin,insulin,0/0/-0.243339/0/0,0/0/-0.225386/0/0,0/0/-0.225386/0/0,0.34612119554174514,2.0,0.0,0.05,0.75,0,0.05,0.0622023/0.0745923/0.121711/0.0488097/0,-0.203249/-0.107488/-0.175386/-0.159488/0,R_61LUcA8btLtAme9,counterfactual,counterfactual_exemplar
3,9,130208,-1,bmi,blood_pressure,0/0/0/0.173459/0,0/-0.146711/0/0/0,0/0/0/-0.189289/0,0.22213270796440815,2.0,0.0,0.05,0.75,0,0.05,0.0334792/0.066006/0.0381024/0.0442235/0,-0.105448/-0.0967113/-0.0558273/-0.139289/0,R_61LUcA8btLtAme9,counterfactual,counterfactual_exemplar
4,10,130209,-1,bmi,blood_pressure,0/0/0/-0.31/0,0/-0.244617/0/0/0,0/0/0/-0.292651/0,0.24395373385496924,2.0,0.0,0.05,0.75,0,0.05,0.0422094/0.13084/0.0423652/0.079518/0,-0.128803/-0.194617/-0.0630159/-0.242651/0,R_61LUcA8btLtAme9,counterfactual,counterfactual_exemplar
0,11,130300,1,bmi,insulin,0/0/0/0.210733/0,0/0/0.197173/0/0,0/0/0/0.205961/0,0.10837809286739046,4.0,0.0,0.05,0.75,0,0.05,0.00912113/0.107273/0.123415/0.0251769/0,0.0565019/0.127923/0.147173/0.155961/0,R_61LUcA8btLtAme9,counterfactual,counterfactual_exemplar
1,12,130301,1,insulin,insulin,0/0/0.455745/0/0,0/0/0.227055/0/0,0/0/0.227055/0/0,0.3276535552439122,2.0,0.0,0.05,0.75,0,0.05,0.0316336/0.11659/0.120841/0.0551344/0,0.0996351/0.170826/0.177055/0.173655/0,R_61LUcA8btLtAme9,counterfactual,counterfactual_exemplar
2,13,130302,1,blood_pressure,blood_pressure,0/0.630435/0/0/0,0/0.307746/0/0/0,0/0.307746/0/0/0,0.3788171334311032,2.0,0.0,0.05,0.75,0,0.05,0.0501047/0.173281/0.113787/0.0580475/0,0.152895/0.257746/0.169252/0.177133/0,R_61LUcA8btLtAme9,counterfactual,counterfactual_exemplar
3,14,130303,1,blood_pressure,insulin,0/0.26087/0/0/0,0/0/0.221768/0/0,0/0.220757/0/0/0,0.2840856629204392,2.0,0.0,0.05,0.75,0,0.05,0.0572697/0.113236/0.113906/0.0700111/0,0.17001/0.170757/0.171768/0.207834/0,R_61LUcA8btLtAme9,counterfactual,counterfactual_exemplar
4,15,130304,1,bmi,blood_pressure,0/0/0/0.180728/0,0/0.220729/0/0/0,0/0/0/0.17966/0,0.1634836882691102,2.0,0.0,0.05,0.75,0,0.05,0.0506382/0.111808/0.0591082/0.0447469/0,0.146731/0.170729/0.0902567/0.12966/0,R_61LUcA8btLtAme9,counterfactual,counterfactual_exemplar
0,16,130305,1,insulin,insulin,0/0/0.148478/0/0,0/0/0.168285/0/0,0/0/0.168285/0/0,0.4180601370076344,4.0,0.0,0.05,0.75,0,0.05,0.0446473/0.0481727/0.0913154/0.00171201/0,0.195815/0.0624005/0.118285/0.00750856/0,R_61LUcA8btLtAme9,counterfactual,counterfactual_exemplar
1,17,130306,1,bmi,insulin,0/0/0/0.173214/0,0/0/0.237088/0/0,0/0/0/0.142732/0,0.11917195859877677,2.0,0.0,0.05,0.75,0,0.05,0.07571/0.0675627/0.119853/0.0333258/0,0.210671/0.105464/0.187088/0.0927324/0,R_61LUcA8btLtAme9,counterfactual,counterfactual_exemplar
2,18,130307,1,blood_pressure,blood_pressure,0/0.195652/0/0/0,0/0.198922/0/0/0,0/0.198922/0/0/0,0.263975086299188,2.0,0.0,0.05,0.75,0,0.05,0.090255/0.094479/0.092828/0.0419184/0,0.246881/0.148922/0.14632/0.114662/0,R_61LUcA8btLtAme9,counterfactual,counterfactual_exemplar
3,19,130308,1,bmi,insulin,0/0/0/0.204484/0,0/0/0.218968/0/0,0/0/0/0.198009/0,0.19359839628586978,2.0,0.0,0.05,0.75,0,0.05,0.0656444/0.0389483/0.106235/0.0549511/0,0.176811/0.0619475/0.168968/0.148009/0,R_61LUcA8btLtAme9,counterfactual,counterfactual_exemplar
4,20,130309,1,insulin,blood_pressure,0/0/0.204157/0/0,0/0.166279/0/0/0,0/0/0.131292/0/0,0.22444375838408565,2.0,0.0,0.05,0.75,0,0.05,0.0585917/0.0724997/0.0506856/0.023982/0,0.155621/0.116279/0.0812923/0.063697/0,R_61LUcA8btLtAme9,counterfactual,counterfactual_exemplar
0,1,130200,-1,blood_pressure,blood_pressure,0/-0.195652/0/0/0,0/-0.175007/0/0/0,0/-0.175007/0/0/0,0.6145225206959397,4.0,0.0,0.05,0.75,0,0.05,0.00659347/0.12084/0.0217168/0.00284629/0,-0.197761/-0.125007/0.0224658/-0.08537/0,R_61LUcA8btLtAme9,counterfactual,counterfactual_prototype
1,2,130201,-1,blood_pressure,blood_pressure,0/-0.173913/0/0/0,0/-0.123672/0/0/0,0/-0.123672/0/0/0,0.4368467562681385,2.0,0.0,0.05,0.75,0,0.05,0.0360413/0.059434/0.00567732/0.0136966/0,-0.186488/-0.0736721/-0.0070374/-0.0708699/0,R_61LUcA8btLtAme9,counterfactual,counterfactual_prototype
2,3,130202,-1,blood_pressure,blood_pressure,0/-0.173913/0/0/0,0/-0.145756/0/0/0,0/-0.145756/0/0/0,0.35157251347257523,2.0,0.0,0.05,0.75,0,0.05,0.0386202/0.074721/0.0476287/0.0244366/0,-0.175808/-0.095756/-0.0610369/-0.111241/0,R_61LUcA8btLtAme9,counterfactual,counterfactual_prototype
3,4,130203,-1,blood_pressure,blood_pressure,0/-0.217391/0/0/0,0/-0.211232/0/0/0,0/-0.211232/0/0/0,0.4148127677527045,2.0,0.0,0.05,0.75,0,0.05,0.0497798/0.122179/0.0403431/0.038638/0,-0.205518/-0.161232/-0.0532382/-0.159519/0,R_61LUcA8btLtAme9,counterfactual,counterfactual_prototype
4,5,130204,-1,blood_pressure,blood_pressure,0/-0.152174/0/0/0,0/-0.157085/0/0/0,0/-0.157085/0/0/0,0.3742841331454548,2.0,0.0,0.05,0.75,0,0.05,0.05153/0.0790711/0.033705/0.0185282/0,-0.196975/-0.107085/-0.0456465/-0.0708244/0,R_61LUcA8btLtAme9,counterfactual,counterfactual_prototype
0,6,130205,-1,bmi,blood_pressure,0/0/0/-0.210733/0,0/-0.177584/0/0/0,0/0/0/-0.214928/0,0.10149909173521968,4.0,0.0,0.05,0.75,0,0.05,0.0325649/0.111281/0.078475/0.0210744/0,-0.254852/-0.127584/-0.0899715/-0.164928/0,R_61LUcA8btLtAme9,counterfactual,counterfactual_prototype
1,7,130206,-1,bmi,blood_pressure,0/0/0/-0.191079/0,0/-0.200856/0/0/0,0/0/0/-0.227932/0,0.17818391329076988,2.0,0.0,0.05,0.75,0,0.05,0.0564686/0.106639/0.0622857/0.052154/0,-0.192652/-0.150856/-0.0881125/-0.177932/0,R_61LUcA8btLtAme9,counterfactual,counterfactual_prototype
2,8,130207,-1,insulin,insulin,0/0/-0.243339/0/0,0/0/-0.225386/0/0,0/0/-0.225386/0/0,0.34612119554174514,2.0,0.0,0.05,0.75,0,0.05,0.0622023/0.0745923/0.121711/0.0488097/0,-0.203249/-0.107488/-0.175386/-0.159488/0,R_61LUcA8btLtAme9,counterfactual,counterfactual_prototype
3,9,130208,-1,bmi,blood_pressure,0/0/0/0.173459/0,0/-0.146711/0/0/0,0/0/0/-0.189289/0,0.22213270796440815,2.0,0.0,0.05,0.75,0,0.05,0.0334792/0.066006/0.0381024/0.0442235/0,-0.105448/-0.0967113/-0.0558273/-0.139289/0,R_61LUcA8btLtAme9,counterfactual,counterfactual_prototype
4,10,130209,-1,bmi,blood_pressure,0/0/0/-0.31/0,0/-0.244617/0/0/0,0/0/0/-0.292651/0,0.24395373385496924,2.0,0.0,0.05,0.75,0,0.05,0.0422094/0.13084/0.0423652/0.079518/0,-0.128803/-0.194617/-0.0630159/-0.242651/0,R_61LUcA8btLtAme9,counterfactual,counterfactual_prototype
0,11,130300,1,bmi,insulin,0/0/0/0.210733/0,0/0/0.197173/0/0,0/0/0/0.205961/0,0.10837809286739046,4.0,0.0,0.05,0.75,0,0.05,0.00912113/0.107273/0.123415/0.0251769/0,0.0565019/0.127923/0.147173/0.155961/0,R_61LUcA8btLtAme9,counterfactual,counterfactual_prototype
1,12,130301,1,insulin,insulin,0/0/0.455745/0/0,0/0/0.227055/0/0,0/0/0.227055/0/0,0.3276535552439122,2.0,0.0,0.05,0.75,0,0.05,0.0316336/0.11659/0.120841/0.0551344/0,0.0996351/0.170826/0.177055/0.173655/0,R_61LUcA8btLtAme9,counterfactual,counterfactual_prototype
2,13,130302,1,blood_pressure,blood_pressure,0/0.630435/0/0/0,0/0.307746/0/0/0,0/0.307746/0/0/0,0.3788171334311032,2.0,0.0,0.05,0.75,0,0.05,0.0501047/0.173281/0.113787/0.0580475/0,0.152895/0.257746/0.169252/0.177133/0,R_61LUcA8btLtAme9,counterfactual,counterfactual_prototype
3,14,130303,1,blood_pressure,insulin,0/0.26087/0/0/0,0/0/0.221768/0/0,0/0.220757/0/0/0,0.2840856629204392,2.0,0.0,0.05,0.75,0,0.05,0.0572697/0.113236/0.113906/0.0700111/0,0.17001/0.170757/0.171768/0.207834/0,R_61LUcA8btLtAme9,counterfactual,counterfactual_prototype
4,15,130304,1,bmi,blood_pressure,0/0/0/0.180728/0,0/0.220729/0/0/0,0/0/0/0.17966/0,0.1634836882691102,2.0,0.0,0.05,0.75,0,0.05,0.0506382/0.111808/0.0591082/0.0447469/0,0.146731/0.170729/0.0902567/0.12966/0,R_61LUcA8btLtAme9,counterfactual,counterfactual_prototype
0,16,130305,1,insulin,insulin,0/0/0.148478/0/0,0/0/0.168285/0/0,0/0/0.168285/0/0,0.4180601370076344,4.0,0.0,0.05,0.75,0,0.05,0.0446473/0.0481727/0.0913154/0.00171201/0,0.195815/0.0624005/0.118285/0.00750856/0,R_61LUcA8btLtAme9,counterfactual,counterfactual_prototype
1,17,130306,1,bmi,insulin,0/0/0/0.173214/0,0/0/0.237088/0/0,0/0/0/0.142732/0,0.11917195859877677,2.0,0.0,0.05,0.75,0,0.05,0.07571/0.0675627/0.119853/0.0333258/0,0.210671/0.105464/0.187088/0.0927324/0,R_61LUcA8btLtAme9,counterfactual,counterfactual_prototype
2,18,130307,1,blood_pressure,blood_pressure,0/0.195652/0/0/0,0/0.198922/0/0/0,0/0.198922/0/0/0,0.263975086299188,2.0,0.0,0.05,0.75,0,0.05,0.090255/0.094479/0.092828/0.0419184/0,0.246881/0.148922/0.14632/0.114662/0,R_61LUcA8btLtAme9,counterfactual,counterfactual_prototype
3,19,130308,1,bmi,insulin,0/0/0/0.204484/0,0/0/0.218968/0/0,0/0/0/0.198009/0,0.19359839628586978,2.0,0.0,0.05,0.75,0,0.05,0.0656444/0.0389483/0.106235/0.0549511/0,0.176811/0.0619475/0.168968/0.148009/0,R_61LUcA8btLtAme9,counterfactual,counterfactual_prototype
4,20,130309,1,insulin,blood_pressure,0/0/0.204157/0/0,0/0.166279/0/0/0,0/0/0.131292/0/0,0.22444375838408565,2.0,0.0,0.05,0.75,0,0.05,0.0585917/0.0724997/0.0506856/0.023982/0,0.155621/0.116279/0.0812923/0.063697/0,R_61LUcA8btLtAme9,counterfactual,counterfactual_prototype
0,1,130200,-1,insulin,bmi,0/0/0.247463/0/0,0/0/0/0.140489/0,0/0/0.0854704/0/0,0.2617360410068852,0.0,0.0,0.05,0.0,0,0.0,0.002896/0.0634306/0.0854704/0.140489/0,-0.002896/-0.0634306/0.0854704/0.140489/-0.0461183,R_68hRmSDsu9B7qfv,none,base_exemplar
1,2,130201,-1,insulin,bmi,0/0/0.222717/0/0,0/0/0/0.196684/0,0/0/0.0447463/0/0,0.12470056761956695,0.0,0.0,0.05,0.0,0,0.0,0.00181/0.148005/0.0447463/0.196684/0,-0.00181/0.148005/0.0447463/0.196684/-0.0327291,R_68hRmSDsu9B7qfv,none,base_exemplar
2,3,130202,-1,blood_pressure,insulin,0/-0.195652/0/0/0,0/0/-0.108083/0/0,0/0.0614335/0/0/0,0.27813704179629734,0.0,2.0,0.05,0.0,0,0.0,0.000599158/0.0614335/0.108083/0.0249511/0,-0.000599158/0.0614335/-0.108083/0.0249511/-0.0234942,R_68hRmSDsu9B7qfv,none,base_exemplar
3,4,130203,-1,bmi,blood_pressure,0/0/0/-0.307322/0,0/-0.190292/0/0/0,0/0/0/-0.15805/0,0.3201103039596939,0.0,0.0,0.05,0.0,0,0.0,0.00376481/0.190292/0.0804427/0.15805/0,-0.00376481/-0.190292/-0.0804427/-0.15805/0.0252907,R_68hRmSDsu9B7qfv,none,base_exemplar
4,5,130204,-1,blood_pressure,bmi,0/-0.152174/0/0/0,0/0/0/0.196684/0,0/0.0211435/0/0/0,0.10479273494217829,0.0,0.0,0.05,0.0,0,0.0,0.002896/0.0211435/0.0548016/0.196684/0,-0.002896/0.0211435/-0.0548016/0.196684/-0.0193399,R_68hRmSDsu9B7qfv,none,base_exemplar
0,6,130205,-1,bmi,insulin,0/0/0/-0.210733/0,0/0/-0.205632/0/0,0/0/0/-0.179123/0,0.3410647032563689,0.0,0.0,0.05,0.0,0,0.0,0.00876041/0.0634306/0.205632/0.179123/0,-0.00876041/-0.0634306/-0.205632/-0.179123/0.0565321,R_68hRmSDsu9B7qfv,none,base_exemplar
1,7,130206,-1,bmi,bmi,0/0/0/-0.201079/0,0/0/0/-0.231807/0,0/0/0/-0.231807/0,0.3622327420339493,0.0,0.0,0.05,0.0,0,0.0,0.0024616/0.148005/0.173957/0.231807/0,-0.0024616/-0.148005/-0.173957/-0.231807/0.0342168,R_68hRmSDsu9B7qfv,none,base_exemplar
2,8,130207,-1,bmi,insulin,0/0/0/-0.217322/0,0/0/-0.423183/0/0,0/0/0/-0.153281/0,0.23076547658741606,0.0,2.0,0.05,0.0,0,0.0,0.00350322/0.0250796/0.423183/0.153281/0,-0.00350322/0.0250796/-0.423183/-0.153281/0.0197727,R_68hRmSDsu9B7qfv,none,base_exemplar
3,9,130208,-1,blood_pressure,bmi,0/-0.195652/0/0/0,0/0/0/-0.0772689/0,0/0.0634306/0/0/0,0.25536045657902084,0.0,0.0,0.05,0.0,0,0.0,0.00644361/0.0634306/0.0759178/0.0772689/0,0.00644361/0.0634306/-0.0759178/-0.0772689/-0.0952119,R_68hRmSDsu9B7qfv,none,base_exemplar
4,10,130209,-1,bmi,bmi,0/0/0/-0.38/0,0/0/0/-0.490728/0,0/0/0/-0.490728/0,0.4532446709195854,0.0,0.0,0.05,0.0,0,0.0,0.00405441/0.317153/0.0955257/0.490728/0,0.00405441/-0.317153/-0.0955257/-0.490728/0.0163646,R_68hRmSDsu9B7qfv,none,base_exemplar
0,11,130300,1,blood_pressure,bmi,0/-0.26087/0/0/0,0/0/0/0.237075/0,0/-0.0563827/0/0/0,0.14342805639527945,0.0,0.0,0.05,0.0,0,0.0,0.0101722/0.0563827/0.110357/0.237075/0,-0.0101722/-0.0563827/0.110357/0.237075/0.0632267,R_68hRmSDsu9B7qfv,none,base_exemplar
1,12,130301,1,bmi,bmi,0/0/0/0.286339/0,0/0/0/0.310832/0,0/0/0/0.310832/0,0.41925650764145317,0.0,0.0,0.05,0.0,0,0.0,0.00604541/0.112765/0.200855/0.310832/0,-0.00604541/0.112765/0.200855/0.310832/0.0230591,R_68hRmSDsu9B7qfv,none,base_exemplar
2,13,130302,1,insulin,blood_pressure,0/0/0.216531/0/0,0/0.434991/0/0/0,0/0/0.132693/0/0,0.15068598951596918,0.0,2.0,0.05,0.0,0,0.0,0.00107312/0.434991/0.132693/0.322005/0,-0.00107312/0.434991/0.132693/0.322005/0.00363482,R_68hRmSDsu9B7qfv,none,base_exemplar
3,14,130303,1,bmi,bmi,0/0/0/0.3161/0,0/0/0/0.447808/0,0/0/0/0.447808/0,0.493039892392481,0.0,0.0,0.05,0.0,0,0.0,0.0011222/0.112765/0.185772/0.447808/0,0.0011222/0.112765/0.185772/0.447808/-0.066202,R_68hRmSDsu9B7qfv,none,base_exemplar
4,15,130304,1,bmi,bmi,0/0/0/-0.0792723/0,0/0/0/0.135221/0,0/0/0/0.135221/0,0.3860816287978356,0.0,0.0,0.05,0.0,0,0.0,0.001267/0.112765/0.0525392/0.135221/0,-0.001267/0.112765/-0.0525392/0.135221/0.0275222,R_68hRmSDsu9B7qfv,none,base_exemplar
0,16,130305,1,bmi,bmi,0/0/0/-0.33/0,0/0/0/-0.355507/0,0/0/0/-0.355507/0,0.4315689224421856,0.0,0.0,0.05,0.0,0,0.0,0.00394581/0.310105/0.0274008/0.355507/0,0.00394581/-0.310105/0.0274008/-0.355507/0.0632267,R_68hRmSDsu9B7qfv,none,base_exemplar
1,17,130306,1,insulin,insulin,0/0/0.18766/0/0,0/0/0.231021/0/0,0/0/0.231021/0/0,0.48902785085635464,0.0,0.0,0.05,0.0,0,0.0,0.00524901/0.140957/0.231021/0.0122928/0,0.00524901/-0.140957/0.231021/-0.0122928/-0.0260345,R_68hRmSDsu9B7qfv,none,base_exemplar
2,18,130307,1,blood_pressure,bmi,0/0.0652174/0/0/0,0/0/0/0.0767273/0,0/0.0217146/0/0/0,0.12446396035032857,0.0,2.0,0.05,0.0,0,0.0,0.0084405/0.0217146/0.076546/0.0767273/0,0.0084405/0.0217146/0.076546/0.0767273/-0.037582,R_68hRmSDsu9B7qfv,none,base_exemplar
3,19,130308,1,blood_pressure,blood_pressure,0/-0.23913/0/0/0,0/-0.310105/0/0/0,0/-0.310105/0/0/0,0.3827107832774916,0.0,0.0,0.05,0.0,0,0.0,0.0017738/0.310105/0.178231/0.208977/0,0.0017738/-0.310105/0.178231/0.208977/-0.0394237,R_68hRmSDsu9B7qfv,none,base_exemplar
4,20,130309,1,bmi,bmi,0/0/0/-0.122689/0,0/0/0/-0.128196/0,0/0/0/-0.128196/0,0.36451198727272466,0.0,0.0,0.05,0.0,0,0.0,0.000398201/0.0986698/0.0781803/0.128196/0,-0.000398201/-0.0986698/-0.0781803/-0.128196/0.0632267,R_68hRmSDsu9B7qfv,none,base_exemplar
0,1,130200,-1,insulin,bmi,0/0/0.247463/0/0,0/0/0/0.140489/0,0/0/0.0854704/0/0,0.2617360410068852,0.0,0.0,0.05,0.0,0,0.0,0.002896/0.0634306/0.0854704/0.140489/0,-0.002896/-0.0634306/0.0854704/0.140489/-0.0461183,R_68hRmSDsu9B7qfv,none,base_prototype
1,2,130201,-1,insulin,bmi,0/0/0.222717/0/0,0/0/0/0.196684/0,0/0/0.0447463/0/0,0.12470056761956695,0.0,0.0,0.05,0.0,0,0.0,0.00181/0.148005/0.0447463/0.196684/0,-0.00181/0.148005/0.0447463/0.196684/-0.0327291,R_68hRmSDsu9B7qfv,none,base_prototype
2,3,130202,-1,blood_pressure,insulin,0/-0.195652/0/0/0,0/0/-0.107592/0/0,0/0.0634306/0/0/0,0.2723132087881168,0.0,0.0,0.05,0.0,0,0.0,0.000724001/0.0634306/0.107592/0.0351222/0,-0.000724001/0.0634306/-0.107592/0.0351222/-0.023803,R_68hRmSDsu9B7qfv,none,base_prototype
3,4,130203,-1,bmi,blood_pressure,0/0/0/-0.307322/0,0/-0.190292/0/0/0,0/0/0/-0.15805/0,0.3201103039596939,0.0,0.0,0.05,0.0,0,0.0,0.00376481/0.190292/0.0804427/0.15805/0,-0.00376481/-0.190292/-0.0804427/-0.15805/0.0252907,R_68hRmSDsu9B7qfv,none,base_prototype
4,5,130204,-1,blood_pressure,bmi,0/-0.152174/0/0/0,0/0/0/0.196684/0,0/0.0211435/0/0/0,0.10479273494217829,0.0,0.0,0.05,0.0,0,0.0,0.002896/0.0211435/0.0548016/0.196684/0,-0.002896/0.0211435/-0.0548016/0.196684/-0.0193399,R_68hRmSDsu9B7qfv,none,base_prototype
0,6,130205,-1,bmi,insulin,0/0/0/-0.210733/0,0/0/-0.205632/0/0,0/0/0/-0.179123/0,0.3410647032563689,0.0,0.0,0.05,0.0,0,0.0,0.00876041/0.0634306/0.205632/0.179123/0,-0.00876041/-0.0634306/-0.205632/-0.179123/0.0565321,R_68hRmSDsu9B7qfv,none,base_prototype
1,7,130206,-1,bmi,bmi,0/0/0/-0.201079/0,0/0/0/-0.231807/0,0/0/0/-0.231807/0,0.3622327420339493,0.0,0.0,0.05,0.0,0,0.0,0.0024616/0.148005/0.173957/0.231807/0,-0.0024616/-0.148005/-0.173957/-0.231807/0.0342168,R_68hRmSDsu9B7qfv,none,base_prototype
2,8,130207,-1,bmi,insulin,0/0/0/-0.217322/0,0/0/-0.427352/0/0,0/0/0/-0.15805/0,0.23488411021104189,0.0,0.0,0.05,0.0,0,0.0,0.0035476/0.0211435/0.427352/0.15805/0,-0.0035476/0.0211435/-0.427352/-0.15805/0.0208276,R_68hRmSDsu9B7qfv,none,base_prototype
3,9,130208,-1,blood_pressure,bmi,0/-0.195652/0/0/0,0/0/0/-0.0772689/0,0/0.0634306/0/0/0,0.25536045657902084,0.0,0.0,0.05,0.0,0,0.0,0.00644361/0.0634306/0.0759178/0.0772689/0,0.00644361/0.0634306/-0.0759178/-0.0772689/-0.0952119,R_68hRmSDsu9B7qfv,none,base_prototype
4,10,130209,-1,bmi,bmi,0/0/0/-0.38/0,0/0/0/-0.490728/0,0/0/0/-0.490728/0,0.4532446709195854,0.0,0.0,0.05,0.0,0,0.0,0.00405441/0.317153/0.0955257/0.490728/0,0.00405441/-0.317153/-0.0955257/-0.490728/0.0163646,R_68hRmSDsu9B7qfv,none,base_prototype
0,11,130300,1,blood_pressure,bmi,0/-0.26087/0/0/0,0/0/0/0.237075/0,0/-0.0563827/0/0/0,0.14342805639527945,0.0,0.0,0.05,0.0,0,0.0,0.0101722/0.0563827/0.110357/0.237075/0,-0.0101722/-0.0563827/0.110357/0.237075/0.0632267,R_68hRmSDsu9B7qfv,none,base_prototype
1,12,130301,1,bmi,bmi,0/0/0/0.286339/0,0/0/0/0.310832/0,0/0/0/0.310832/0,0.41925650764145317,0.0,0.0,0.05,0.0,0,0.0,0.00604541/0.112765/0.200855/0.310832/0,-0.00604541/0.112765/0.200855/0.310832/0.0230591,R_68hRmSDsu9B7qfv,none,base_prototype
2,13,130302,1,insulin,blood_pressure,0/0/0.216531/0/0,0/0.451062/0/0/0,0/0/0.178231/0/0,0.17937774358732442,0.0,0.0,0.05,0.0,0,0.0,0.000615401/0.451062/0.178231/0.324881/0,-0.000615401/0.451062/0.178231/0.324881/-0.00371922,R_68hRmSDsu9B7qfv,none,base_prototype
3,14,130303,1,bmi,bmi,0/0/0/0.3161/0,0/0/0/0.447808/0,0/0/0/0.447808/0,0.493039892392481,0.0,0.0,0.05,0.0,0,0.0,0.0011222/0.112765/0.185772/0.447808/0,0.0011222/0.112765/0.185772/0.447808/-0.066202,R_68hRmSDsu9B7qfv,none,base_prototype
4,15,130304,1,bmi,bmi,0/0/0/-0.0792723/0,0/0/0/0.135221/0,0/0/0/0.135221/0,0.3860816287978356,0.0,0.0,0.05,0.0,0,0.0,0.001267/0.112765/0.0525392/0.135221/0,-0.001267/0.112765/-0.0525392/0.135221/0.0275222,R_68hRmSDsu9B7qfv,none,base_prototype
0,16,130305,1,bmi,bmi,0/0/0/-0.33/0,0/0/0/-0.355507/0,0/0/0/-0.355507/0,0.4315689224421856,0.0,0.0,0.05,0.0,0,0.0,0.00394581/0.310105/0.0274008/0.355507/0,0.00394581/-0.310105/0.0274008/-0.355507/0.0632267,R_68hRmSDsu9B7qfv,none,base_prototype
1,17,130306,1,insulin,insulin,0/0/0.18766/0/0,0/0/0.231021/0/0,0/0/0.231021/0/0,0.48902785085635464,0.0,0.0,0.05,0.0,0,0.0,0.00524901/0.140957/0.231021/0.0122928/0,0.00524901/-0.140957/0.231021/-0.0122928/-0.0260345,R_68hRmSDsu9B7qfv,none,base_prototype
2,18,130307,1,blood_pressure,insulin,0/0.0652174/0/0/0,0/0/0.111866/0/0,0/0.0281914/0/0/0,0.1330825729228822,0.0,0.0,0.05,0.0,0,0.0,0.00894141/0.0281914/0.111866/0.0755128/0,0.00894141/0.0281914/0.111866/0.0755128/-0.0438868,R_68hRmSDsu9B7qfv,none,base_prototype
3,19,130308,1,blood_pressure,blood_pressure,0/-0.23913/0/0/0,0/-0.310105/0/0/0,0/-0.310105/0/0/0,0.3827107832774916,0.0,0.0,0.05,0.0,0,0.0,0.0017738/0.310105/0.178231/0.208977/0,0.0017738/-0.310105/0.178231/0.208977/-0.0394237,R_68hRmSDsu9B7qfv,none,base_prototype
4,20,130309,1,bmi,bmi,0/0/0/-0.122689/0,0/0/0/-0.128196/0,0/0/0/-0.128196/0,0.36451198727272466,0.0,0.0,0.05,0.0,0,0.0,0.000398201/0.0986698/0.0781803/0.128196/0,-0.000398201/-0.0986698/-0.0781803/-0.128196/0.0632267,R_68hRmSDsu9B7qfv,none,base_prototype
0,1,130200,-1,blood_pressure,bmi,0/-0.152174/0/0/0,0/0/0/0.129715/0,0/-0.0664035/0/0/0,0.19080899634818424,0.0,2.0,0.05,0.0,1,0.0,0.00280369/0.0664035/0.0824986/0.129715/0.04517,-0.00280369/-0.0664035/0.0824986/0.129715/-0.04517,R_6AFu63hQCRQWzlx,none,base_exemplar
1,2,130201,-1,bmi,bmi,0/0/0/-0.102588/0,0/0/0/0.157026/0,0/0/0/0.157026/0,0.4071552867265122,0.0,24.0,0.025,0.0,0,0.05,0.00144043/0.0855338/0.00737662/0.107026/0,-0.00144043/0.0855338/-0.00737662/0.107026/-0.0197776,R_6AFu63hQCRQWzlx,none,base_exemplar
2,3,130202,-1,bmi,insulin,0/0/0/-0.18415/0,0/0/-0.108083/0/0,0/0/0/0.0249511/0,0.12423386305927218,0.0,2.0,0.05,0.0,1,0.0,0.000599158/0.0614335/0.108083/0.0249511/0.0234942,-0.000599158/0.0614335/-0.108083/0.0249511/-0.0234942,R_6AFu63hQCRQWzlx,none,base_exemplar
3,4,130203,-1,blood_pressure,blood_pressure,0/-0.130435/0/0/0,0/-0.191563/0/0/0,0/-0.191563/0/0/0,0.467587677469596,0.0,24.0,0.05,0.0,1,0.05,0.00430486/0.141563/0.0518254/0.0388311/0.0155939,-0.00430486/-0.141563/-0.0518254/-0.0388311/0.0155939,R_6AFu63hQCRQWzlx,none,base_exemplar
4,5,130204,-1,insulin,bmi,0/0/-0.0433061/0/0,0/0/0/0.140651/0,0/0/-0.0689909/0/0,0.23717574652594306,0.0,24.0,0.05,0.0,0,0.025,0.00104751/0.00713649/0.0439909/0.115651/0,-0.00104751/0.00713649/-0.0439909/0.115651/-0.0212771,R_6AFu63hQCRQWzlx,none,base_exemplar
0,6,130205,-1,bmi,insulin,0/0/0/-0.421467/0,0/0/-0.199186/0/0,0/0/0/-0.16854/0,0.3049185130006641,0.0,2.0,0.05,0.0,1,0.0,0.00872044/0.0563944/0.199186/0.16854/0.0547942,-0.00872044/-0.0563944/-0.199186/-0.16854/0.0547942,R_6AFu63hQCRQWzlx,none,base_exemplar
1,7,130206,-1,insulin,insulin,0/0/-0.226842/0/0,0/0/-0.183232/0/0,0/0/-0.183232/0/0,0.38281584700015353,0.0,24.0,0.025,0.0,0,0.05,0.00377883/0.0940294/0.133232/0.0432073/0,-0.00377883/-0.0940294/-0.133232/-0.0432073/0.0198358,R_6AFu63hQCRQWzlx,none,base_exemplar
2,8,130207,-1,bmi,insulin,0/0/0/-0.377322/0,0/0/-0.423183/0/0,0/0/0/-0.153281/0,0.22505430902573134,0.0,2.0,0.05,0.0,1,0.0,0.00350322/0.0250796/0.423183/0.153281/0.0197727,-0.00350322/0.0250796/-0.423183/-0.153281/0.0197727,R_6AFu63hQCRQWzlx,none,base_exemplar
3,9,130208,-1,bmi,insulin,0/0/0/-0.346541/0,0/0/-0.142617/0/0,0/0/0/-0.13767/0,0.23135352897885525,0.0,24.0,0.05,0.0,1,0.05,0.0061647/0.0642898/0.092617/0.0876699/0.0897884,0.0061647/0.0642898/-0.092617/-0.0876699/-0.0897884,R_6AFu63hQCRQWzlx,none,base_exemplar
4,10,130209,-1,bmi,blood_pressure,0/0/0/-0.3/0,0/-0.281612/0/0/0,0/0/0/-0.254186/0,0.3620081788580947,0.0,24.0,0.05,0.0,0,0.025,0.00171877/0.256612/0.0591376/0.229186/0,0.00171877/-0.256612/-0.0591376/-0.229186/0.00128283,R_6AFu63hQCRQWzlx,none,base_exemplar
0,11,130300,1,bmi,bmi,0/0/0/0.245856/0,0/0/0/0.236047/0,0/0/0/0.236047/0,0.4290437618148301,0.0,2.0,0.05,0.0,1,0.0,0.010316/0.0557461/0.0987405/0.236047/0.0651187,-0.010316/-0.0557461/0.0987405/0.236047/0.0651187,R_6AFu63hQCRQWzlx,none,base_exemplar
1,12,130301,1,bmi,bmi,0/0/0/0.146339/0,0/0/0/0.328894/0,0/0/0/0.328894/0,0.5527309808809392,0.0,24.0,0.025,0.0,0,0.05,0.00697665/0.0240086/0.00821038/0.278894/0,-0.00697665/0.0240086/0.00821038/0.278894/0.0486057,R_6AFu63hQCRQWzlx,none,base_exemplar
2,13,130302,1,bmi,blood_pressure,0/0/0/0.180388/0,0/0.434991/0/0/0,0/0/0/0.322005/0,0.3145925406299579,0.0,2.0,0.05,0.0,1,0.0,0.00107312/0.434991/0.132693/0.322005/0.00363482,-0.00107312/0.434991/0.132693/0.322005/0.00363482,R_6AFu63hQCRQWzlx,none,base_exemplar
3,14,130303,1,insulin,bmi,0/0/0.0763012/0/0,0/0/0/0.473472/0,0/0/-0.0560036/0/0,0.0662484715673488,0.0,24.0,0.05,0.0,1,0.05,0.000111996/0.0249348/0.00600359/0.423472/0.038819,-0.000111996/0.0249348/-0.00600359/0.423472/-0.038819,R_6AFu63hQCRQWzlx,none,base_exemplar
4,15,130304,1,blood_pressure,insulin,0/0.195652/0/0/0,0/0/-0.139056/0/0,0/0.116215/0/0/0,0.2577567271322204,0.0,24.0,0.05,0.0,0,0.025,0.00190943/0.0912153/0.114056/0.110462/0,-0.00190943/0.0912153/-0.114056/0.110462/0.0352912,R_6AFu63hQCRQWzlx,none,base_exemplar
0,16,130305,1,insulin,bmi,0/0/0.0391817/0/0,0/0/0/-0.350056/0,0/0/0.0259341/0/0,0.06216538617090265,0.0,2.0,0.05,0.0,1,0.0,0.00373557/0.304879/0.0259341/0.350056/0.064372,0.00373557/-0.304879/0.0259341/-0.350056/0.064372,R_6AFu63hQCRQWzlx,none,base_exemplar
1,17,130306,1,insulin,blood_pressure,0/0/0.0886744/0/0,0/-0.194311/0/0/0,0/0/0.123229/0/0,0.26748415109865775,0.0,24.0,0.025,0.0,0,0.05,0.00347829/0.144311/0.0732292/0.00717192/0,0.00347829/-0.144311/0.0732292/-0.00717192/-0.000728571,R_6AFu63hQCRQWzlx,none,base_exemplar
2,18,130307,1,bmi,bmi,0/0/0/0.12102/0,0/0/0/0.0767273/0,0/0/0/0.0767273/0,0.30696711884485434,0.0,2.0,0.05,0.0,1,0.0,0.0084405/0.0217146/0.076546/0.0767273/0.037582,0.0084405/0.0217146/0.076546/0.0767273/-0.037582,R_6AFu63hQCRQWzlx,none,base_exemplar
3,19,130308,1,bmi,blood_pressure,0/0/0/0.174484/0,0/-0.365521/0/0/0,0/0/0/0.256502/0,0.32001158115254824,0.0,24.0,0.05,0.0,1,0.05,0.000527183/0.315521/0.0191442/0.206502/0.0160939,0.000527183/-0.315521/0.0191442/0.206502/-0.0160939,R_6AFu63hQCRQWzlx,none,base_exemplar
4,20,130309,1,age,bmi,0/0/0/0/0.27027,0/0/0/-0.119621/0,0/0/0/0/0.0723253,0.03767873637263038,0.0,24.0,0.05,0.0,0,0.025,0.000135822/0.0567823/0.0389258/0.0946211/0,-0.000135822/-0.0567823/0.0389258/-0.0946211/0.0473253,R_6AFu63hQCRQWzlx,none,base_exemplar
0,1,130200,-1,blood_pressure,bmi,0/-0.152174/0/0/0,0/0/0/0.140489/0,0/-0.0634306/0/0/0,0.17865586518084273,0.0,0.0,0.05,0.0,1,0.0,0.002896/0.0634306/0.0854704/0.140489/0.0461183,-0.002896/-0.0634306/0.0854704/0.140489/-0.0461183,R_6AFu63hQCRQWzlx,none,base_prototype
1,2,130201,-1,bmi,bmi,0/0/0/-0.102588/0,0/0/0/0.196684/0,0/0/0/0.196684/0,0.3919996668080147,0.0,0.0,0.025,0.0,0,0.0,0.00181/0.148005/0.0447463/0.196684/0,-0.00181/0.148005/0.0447463/0.196684/-0.0327291,R_6AFu63hQCRQWzlx,none,base_prototype
2,3,130202,-1,bmi,insulin,0/0/0/-0.18415/0,0/0/-0.107592/0/0,0/0/0/0.0351222/0,0.15257330761072016,0.0,0.0,0.05,0.0,1,0.0,0.000724001/0.0634306/0.107592/0.0351222/0.023803,-0.000724001/0.0634306/-0.107592/0.0351222/-0.023803,R_6AFu63hQCRQWzlx,none,base_prototype
3,4,130203,-1,blood_pressure,blood_pressure,0/-0.130435/0/0/0,0/-0.190292/0/0/0,0/-0.190292/0/0/0,0.36136943065602156,0.0,0.0,0.05,0.0,1,0.0,0.00376481/0.190292/0.0804427/0.15805/0.0252907,-0.00376481/-0.190292/-0.0804427/-0.15805/0.0252907,R_6AFu63hQCRQWzlx,none,base_prototype
4,5,130204,-1,insulin,bmi,0/0/-0.0433061/0/0,0/0/0/0.196684/0,0/0/-0.0548016/0/0,0.1917149516217591,0.0,0.0,0.05,0.0,0,0.0,0.002896/0.0211435/0.0548016/0.196684/0,-0.002896/0.0211435/-0.0548016/0.196684/-0.0193399,R_6AFu63hQCRQWzlx,none,base_prototype
0,6,130205,-1,bmi,insulin,0/0/0/-0.421467/0,0/0/-0.205632/0/0,0/0/0/-0.179123/0,0.307655840679247,0.0,0.0,0.05,0.0,1,0.0,0.00876041/0.0634306/0.205632/0.179123/0.0565321,-0.00876041/-0.0634306/-0.205632/-0.179123/0.0565321,R_6AFu63hQCRQWzlx,none,base_prototype
1,7,130206,-1,insulin,bmi,0/0/-0.226842/0/0,0/0/0/-0.231807/0,0/0/-0.173957/0/0,0.270924970260509,0.0,0.0,0.025,0.0,0,0.0,0.0024616/0.148005/0.173957/0.231807/0,-0.0024616/-0.148005/-0.173957/-0.231807/0.0342168,R_6AFu63hQCRQWzlx,none,base_prototype
2,8,130207,-1,bmi,insulin,0/0/0/-0.377322/0,0/0/-0.427352/0/0,0/0/0/-0.15805/0,0.2288205266976077,0.0,0.0,0.05,0.0,1,0.0,0.0035476/0.0211435/0.427352/0.15805/0.0208276,-0.0035476/0.0211435/-0.427352/-0.15805/0.0208276,R_6AFu63hQCRQWzlx,none,base_prototype
3,9,130208,-1,bmi,age,0/0/0/-0.346541/0,0/0/0/0/-0.0952119,0/0/0/-0.0772689/0,0.22016329007606397,0.0,0.0,0.05,0.0,1,0.0,0.00644361/0.0634306/0.0759178/0.0772689/0.0952119,0.00644361/0.0634306/-0.0759178/-0.0772689/-0.0952119,R_6AFu63hQCRQWzlx,none,base_prototype
4,10,130209,-1,bmi,bmi,0/0/0/-0.3/0,0/0/0/-0.490728/0,0/0/0/-0.490728/0,0.4532446709195854,0.0,0.0,0.05,0.0,0,0.0,0.00405441/0.317153/0.0955257/0.490728/0,0.00405441/-0.317153/-0.0955257/-0.490728/0.0163646,R_6AFu63hQCRQWzlx,none,base_prototype
0,11,130300,1,bmi,bmi,0/0/0/0.245856/0,0/0/0/0.237075/0,0/0/0/0.237075/0,0.4220000131479655,0.0,0.0,0.05,0.0,1,0.0,0.0101722/0.0563827/0.110357/0.237075/0.0632267,-0.0101722/-0.0563827/0.110357/0.237075/0.0632267,R_6AFu63hQCRQWzlx,none,base_prototype
1,12,130301,1,bmi,bmi,0/0/0/0.146339/0,0/0/0/0.310832/0,0/0/0/0.310832/0,0.3867439910628751,0.0,0.0,0.025,0.0,0,0.0,0.00604541/0.112765/0.200855/0.310832/0,-0.00604541/0.112765/0.200855/0.310832/0.0230591,R_6AFu63hQCRQWzlx,none,base_prototype
2,13,130302,1,bmi,blood_pressure,0/0/0/0.180388/0,0/0.451062/0/0/0,0/0/0/0.324881/0,0.29839311461043355,0.0,0.0,0.05,0.0,1,0.0,0.000615401/0.451062/0.178231/0.324881/0.00371922,-0.000615401/0.451062/0.178231/0.324881/-0.00371922,R_6AFu63hQCRQWzlx,none,base_prototype
3,14,130303,1,insulin,bmi,0/0/0.0763012/0/0,0/0/0/0.447808/0,0/0/0.185772/0/0,0.2123068104715724,0.0,0.0,0.05,0.0,1,0.0,0.0011222/0.112765/0.185772/0.447808/0.066202,0.0011222/0.112765/0.185772/0.447808/-0.066202,R_6AFu63hQCRQWzlx,none,base_prototype
4,15,130304,1,blood_pressure,bmi,0/0.195652/0/0/0,0/0/0/0.135221/0,0/0.112765/0/0/0,0.3264808722778052,0.0,0.0,0.05,0.0,0,0.0,0.001267/0.112765/0.0525392/0.135221/0,-0.001267/0.112765/-0.0525392/0.135221/0.0275222,R_6AFu63hQCRQWzlx,none,base_prototype
0,16,130305,1,insulin,bmi,0/0/0.0391817/0/0,0/0/0/-0.355507/0,0/0/0.0274008/0/0,0.06326568349693974,0.0,0.0,0.05,0.0,1,0.0,0.00394581/0.310105/0.0274008/0.355507/0.0632267,0.00394581/-0.310105/0.0274008/-0.355507/0.0632267,R_6AFu63hQCRQWzlx,none,base_prototype
1,17,130306,1,insulin,insulin,0/0/0.0886744/0/0,0/0/0.231021/0/0,0/0/0.231021/0/0,0.4377786182646428,0.0,0.0,0.025,0.0,0,0.0,0.00524901/0.140957/0.231021/0.0122928/0,0.00524901/-0.140957/0.231021/-0.0122928/-0.0260345,R_6AFu63hQCRQWzlx,none,base_prototype
2,18,130307,1,bmi,insulin,0/0/0/0.12102/0,0/0/0.111866/0/0,0/0/0/0.0755128/0,0.2532533826162096,0.0,0.0,0.05,0.0,1,0.0,0.00894141/0.0281914/0.111866/0.0755128/0.0438868,0.00894141/0.0281914/0.111866/0.0755128/-0.0438868,R_6AFu63hQCRQWzlx,none,base_prototype
3,19,130308,1,bmi,blood_pressure,0/0/0/0.174484/0,0/-0.310105/0/0/0,0/0/0/0.208977/0,0.25455162268731657,0.0,0.0,0.05,0.0,1,0.0,0.0017738/0.310105/0.178231/0.208977/0.0394237,0.0017738/-0.310105/0.178231/0.208977/-0.0394237,R_6AFu63hQCRQWzlx,none,base_prototype
4,20,130309,1,age,bmi,0/0/0/0/0.27027,0/0/0/-0.128196/0,0/0/0/0/0.0632267,0.03254553137887291,0.0,0.0,0.05,0.0,0,0.0,0.000398201/0.0986698/0.0781803/0.128196/0,-0.000398201/-0.0986698/-0.0781803/-0.128196/0.0632267,R_6AFu63hQCRQWzlx,none,base_prototype
0,1,130200,-1,age,blood_pressure,0/0/0/0/-0.243243,0/-0.217763/0/0/0,0/0/0/0/-0.468044,0.09814066441933503,1.0,24.0,0.025,0.0,0,0.2,0/0.0355267/0/0/0,-0/-0.0177634/0.106558/0.126994/-0.268044,R_6ikddGkEAp6v5rs,attribution,additive_exemplar
1,2,130201,-1,age,blood_pressure,0/0/0/0/-0.243243,0/0.260889/0/0/0,0/0/0/0/-0.336025,0.0955161390362671,1.0,24.0,0.025,0.0,0,0.2,0/0.121778/0.00654807/0/0,-0/0.0608891/7.01721e-05/0.139176/-0.136025,R_6ikddGkEAp6v5rs,attribution,additive_exemplar
2,3,130202,-1,age,blood_pressure,0/0/0/0/-0.216216,0/0.262209/0/0/0,0/0/0/0/-0.385281,0.09814066441933503,4.0,0.0,0.025,0.0,1,0.2,0/0.124419/0/0/0,0.00521539/0.0622093/-0.122407/0.0832856/-0.185281,R_6ikddGkEAp6v5rs,attribution,additive_exemplar
3,4,130203,-1,bmi,blood_pressure,0/0/0/-0.217322/0,0/-0.269852/0/0/0,0/0/0/-0.299111/0,0.09814066441933503,4.0,0.0,0.025,0.0,1,0.2,0/0.139704/0/0/0,-0.127649/-0.0698521/-0.0883718/-0.0991114/0.116352,R_6ikddGkEAp6v5rs,attribution,additive_exemplar
4,5,130204,-1,age,blood_pressure,0/0/0/0/-0.216216,0/0.219937/0/0/0,0/0/0/0/-0.348769,0.09814066441933503,1.0,24.0,0.025,0.0,0,0.2,0/0.0398738/0/0/0,-0/0.0199369/-0/0.150324/-0.148769,R_6ikddGkEAp6v5rs,attribution,additive_exemplar
0,6,130205,-1,bmi,blood_pressure,0/0/0/-0.3161/0,0/-0.207584/0/0/0,0/0/0/-0.298864/0,0.09814066441933503,1.0,24.0,0.025,0.0,0,0.2,0/0.0151679/0/0/0,-0/-0.00758395/-0/-0.098864/0.260391,R_6ikddGkEAp6v5rs,attribution,additive_exemplar
1,7,130206,-1,bmi,blood_pressure,0/0/0/-0.421079/0,0/-0.248723/0/0/0,0/0/0/-0.286699/0,0.09814066441933503,1.0,24.0,0.025,0.0,0,0.2,0/0.0974451/0/0/0,-0/-0.0487226/-0/-0.0866992/0.123659,R_6ikddGkEAp6v5rs,attribution,additive_exemplar
2,8,130207,-1,bmi,blood_pressure,0/0/0/-0.257322/0,0/0.232965/0/0/0,0/0/0/-0.29239/0,0.09814066441933503,4.0,0.0,0.025,0.0,1,0.2,0/0.0659306/0/0/0,-0.142591/0.0329653/-0.571198/-0.0923896/0.102391,R_6ikddGkEAp6v5rs,attribution,additive_exemplar
3,9,130208,-1,age,blood_pressure,0/0/0/0/-0.675676,0/0.253482/0/0/0,0/0/0/0/-0.798124,0.09814066441933503,4.0,0.0,0.025,0.0,1,0.2,0/0.106965/0/0/0,0.24619/0.0534823/-0.0920589/-0.0130236/-0.598124,R_6ikddGkEAp6v5rs,attribution,additive_exemplar
4,10,130209,-1,bmi,blood_pressure,0/0/0/-0.53/0,0/-0.33222/0/0/0,0/0/0/-0.439701/0,0.09814066441933503,1.0,24.0,0.025,0.0,0,0.2,0/0.264439/0/0/0,0/-0.13222/-0/-0.239701/0.011504,R_6ikddGkEAp6v5rs,attribution,additive_exemplar
0,11,130300,1,age,blood_pressure,0/0/0/0/0.459459,0/-0.225033/0/0/0,0/0/0/0/0.2,0.09814066441933503,1.0,24.0,0.025,0.0,0,0.2,0/0.050066/0/0/0,-0.487213/-0.025033/-0.0109136/0/0,R_6ikddGkEAp6v5rs,attribution,additive_exemplar
1,12,130301,1,bmi,bmi,0/0/0/0.326339/0,0/0/0/0.201356/0,0/0/0/0.201356/0,0.568713398866335,1.0,24.0,0.025,0.0,0,0.2,0/0.0229219/0/0.280511/0,-0.275516/0.0114609/0.00887711/0.00135551/0.298628,R_6ikddGkEAp6v5rs,attribution,additive_exemplar
2,13,130302,1,bmi,blood_pressure,0/0/0/0.380388/0,0/0.448785/0/0/0,0/0/0/0.2/0,0.09814066441933503,4.0,0.0,0.025,0.0,1,0.2,0/0.49757/0/0/0,0/0.248785/0/0/-0,R_6ikddGkEAp6v5rs,attribution,additive_exemplar
3,14,130303,1,bmi,blood_pressure,0/0/0/0.491711/0,0/0.27407/0/0/0,0/0/0/0.2/0,0.09814066441933503,4.0,0.0,0.025,0.0,1,0.2,0/0.14814/0/0/0,0/0.0740701/0/0/-0,R_6ikddGkEAp6v5rs,attribution,additive_exemplar
4,15,130304,1,bmi,blood_pressure,0/0/0/0.200728/0,0/0.248912/0/0/0,0/0/0/0.2/0,0.09814066441933503,1.0,24.0,0.025,0.0,0,0.2,0/0.0978246/0/0/0,-0.0920982/0.0489123/-0.157727/0/0,R_6ikddGkEAp6v5rs,attribution,additive_exemplar
0,16,130305,1,bmi,blood_pressure,0/0/0/-0.44/0,0/-0.351221/0/0/0,0/0/0/-0.2/0,0.09814066441933503,1.0,24.0,0.025,0.0,0,0.2,0/0.302443/0/0/0,0.0169942/-0.151221/-0.0947703/-0/0,R_6ikddGkEAp6v5rs,attribution,additive_exemplar
1,17,130306,1,age,blood_pressure,0/0/0/0/-0.162162,0/-0.274309/0/0/0,0/0/0/0/0.2,0.07223729980802246,1.0,24.0,0.025,0.0,0,0.2,0/0.148618/0.103461/0/0,0/-0.0743088/0.0396201/-0/0,R_6ikddGkEAp6v5rs,attribution,additive_exemplar
2,18,130307,1,bmi,blood_pressure,0/0/0/0.24102/0,0/0.227984/0/0/0,0/0/0/0.2/0,0.09814066441933503,4.0,0.0,0.025,0.0,1,0.2,0/0.0559687/0/0/0,0/0.0279844/0/0/-0,R_6ikddGkEAp6v5rs,attribution,additive_exemplar
3,19,130308,1,bmi,blood_pressure,0/0/0/0.314484/0,0/-0.346461/0/0/0,0/0/0/0.2/0,0.09814066441933503,4.0,0.0,0.025,0.0,1,0.2,0/0.292922/0/0/0,0/-0.146461/0/0/-0,R_6ikddGkEAp6v5rs,attribution,additive_exemplar
4,20,130309,1,age,blood_pressure,0/0/0/0/0.675676,0/-0.231108/0/0/0,0/0/0/0/0.2,0.09814066441933503,1.0,24.0,0.025,0.0,0,0.2,0/0.0622165/0/0/0,-0/-0.0311083/0/-0/0,R_6ikddGkEAp6v5rs,attribution,additive_exemplar
0,1,130200,-1,age,age,0/0/0/0/-0.243243,0/0/0/0/-0.419663,0/0/0/0/-0.419663,0.5919171984756992,4.0,0.0,0.025,0.0,1,0.2,0/0.000594703/0/0/0.325546,-0/-0.000297351/0.146534/0.135109/-0.219663,R_6ikddGkEAp6v5rs,attribution,additive_prototype
1,2,130201,-1,age,age,0/0/0/0/-0.243243,0/0/0/0/-0.42028,0/0/0/0/-0.42028,0.40712291440832465,4.0,0.0,0.025,0.0,1,0.2,0/0.214464/0/0/0.243212,-0/0.107232/0.0889769/0.224409/-0.22028,R_6ikddGkEAp6v5rs,attribution,additive_prototype
2,3,130202,-1,age,blood_pressure,0/0/0/0/-0.216216,0/0.262209/0/0/0,0/0/0/0/-0.385281,0.09814066441933503,4.0,0.0,0.025,0.0,1,0.2,0/0.124419/0/0/0,0.00521539/0.0622093/-0.122407/0.0832856/-0.185281,R_6ikddGkEAp6v5rs,attribution,additive_prototype
3,4,130203,-1,bmi,blood_pressure,0/0/0/-0.217322/0,0/-0.269852/0/0/0,0/0/0/-0.299111/0,0.09814066441933503,4.0,0.0,0.025,0.0,1,0.2,0/0.139704/0/0/0,-0.127649/-0.0698521/-0.0883718/-0.0991114/0.116352,R_6ikddGkEAp6v5rs,attribution,additive_prototype
4,5,130204,-1,age,blood_pressure,0/0/0/0/-0.216216,0/0.237244/0/0/0,0/0/0/0/-0.349909,0.09814066441933503,4.0,0.0,0.025,0.0,1,0.2,0/0.0744888/0/0/0,-0.102957/0.0372444/-0.0560219/0.260842/-0.149909,R_6ikddGkEAp6v5rs,attribution,additive_prototype
0,6,130205,-1,bmi,blood_pressure,0/0/0/-0.3161/0,0/-0.207758/0/0/0,0/0/0/-0.312901/0,0.09814066441933503,4.0,0.0,0.025,0.0,1,0.2,0/0.0155169/0/0/0,-0.338925/-0.00775846/-0.264531/-0.112901/0.31305,R_6ikddGkEAp6v5rs,attribution,additive_prototype
1,7,130206,-1,bmi,blood_pressure,0/0/0/-0.421079/0,0/-0.252666/0/0/0,0/0/0/-0.365337/0,0.09814066441933503,4.0,0.0,0.025,0.0,1,0.2,0/0.105331/0/0/0,-0.0968726/-0.0526656/-0.223143/-0.165337/0.180914,R_6ikddGkEAp6v5rs,attribution,additive_prototype
2,8,130207,-1,bmi,blood_pressure,0/0/0/-0.257322/0,0/0.232965/0/0/0,0/0/0/-0.29239/0,0.09814066441933503,4.0,0.0,0.025,0.0,1,0.2,0/0.0659306/0/0/0,-0.142591/0.0329653/-0.571198/-0.0923896/0.102391,R_6ikddGkEAp6v5rs,attribution,additive_prototype
3,9,130208,-1,age,blood_pressure,0/0/0/0/-0.675676,0/0.253482/0/0/0,0/0/0/0/-0.798124,0.09814066441933503,4.0,0.0,0.025,0.0,1,0.2,0/0.106965/0/0/0,0.24619/0.0534823/-0.0920589/-0.0130236/-0.598124,R_6ikddGkEAp6v5rs,attribution,additive_prototype
4,10,130209,-1,bmi,blood_pressure,0/0/0/-0.53/0,0/-0.343293/0/0/0,0/0/0/-0.628232/0,0.09814066441933503,4.0,0.0,0.025,0.0,1,0.2,0/0.286586/0/0/0,0.151001/-0.143293/-0.120012/-0.428232/0.0794287,R_6ikddGkEAp6v5rs,attribution,additive_prototype
0,11,130300,1,age,blood_pressure,0/0/0/0/0.459459,0/-0.210242/0/0/0,0/0/0/0/0.2,0.09814066441933503,4.0,0.0,0.025,0.0,1,0.2,0/0.0204847/0/0/0,-0/-0.0102424/0/0/0,R_6ikddGkEAp6v5rs,attribution,additive_prototype
1,12,130301,1,bmi,blood_pressure,0/0/0/0.326339/0,0/0.27575/0/0/0,0/0/0/0.2/0,0.09814066441933503,4.0,0.0,0.025,0.0,1,0.2,0/0.1515/0/0/0,-0/0.0757502/0/0/-0,R_6ikddGkEAp6v5rs,attribution,additive_prototype
2,13,130302,1,bmi,blood_pressure,0/0/0/0.380388/0,0/0.448785/0/0/0,0/0/0/0.2/0,0.09814066441933503,4.0,0.0,0.025,0.0,1,0.2,0/0.49757/0/0/0,0/0.248785/0/0/-0,R_6ikddGkEAp6v5rs,attribution,additive_prototype
3,14,130303,1,bmi,blood_pressure,0/0/0/0.491711/0,0/0.27407/0/0/0,0/0/0/0.2/0,0.09814066441933503,4.0,0.0,0.025,0.0,1,0.2,0/0.14814/0/0/0,0/0.0740701/0/0/-0,R_6ikddGkEAp6v5rs,attribution,additive_prototype
4,15,130304,1,bmi,blood_pressure,0/0/0/0.200728/0,0/0.273335/0/0/0,0/0/0/0.2/0,0.09814066441933503,4.0,0.0,0.025,0.0,1,0.2,0/0.14667/0/0/0,0/0.0733351/0/0/0,R_6ikddGkEAp6v5rs,attribution,additive_prototype
0,16,130305,1,bmi,blood_pressure,0/0/0/-0.44/0,0/-0.344732/0/0/0,0/0/0/-0.2/0,0.09814066441933503,4.0,0.0,0.025,0.0,1,0.2,0/0.289463/0/0/0,0/-0.144732/0/-0/0,R_6ikddGkEAp6v5rs,attribution,additive_prototype
1,17,130306,1,age,blood_pressure,0/0/0/0/-0.162162,0/-0.258397/0/0/0,0/0/0/0/-0.2,0.09814066441933503,4.0,0.0,0.025,0.0,1,0.2,0/0.116795/0/0/0,0/-0.0583973/0/-0/-0,R_6ikddGkEAp6v5rs,attribution,additive_prototype
2,18,130307,1,bmi,blood_pressure,0/0/0/0.24102/0,0/0.227984/0/0/0,0/0/0/0.2/0,0.09814066441933503,4.0,0.0,0.025,0.0,1,0.2,0/0.0559687/0/0/0,0/0.0279844/0/0/-0,R_6ikddGkEAp6v5rs,attribution,additive_prototype
3,19,130308,1,bmi,blood_pressure,0/0/0/0.314484/0,0/-0.346461/0/0/0,0/0/0/0.2/0,0.09814066441933503,4.0,0.0,0.025,0.0,1,0.2,0/0.292922/0/0/0,0/-0.146461/0/0/-0,R_6ikddGkEAp6v5rs,attribution,additive_prototype
4,20,130309,1,age,blood_pressure,0/0/0/0/0.675676,0/-0.23826/0/0/0,0/0/0/0/0.2,0.09814066441933503,4.0,0.0,0.025,0.0,1,0.2,0/0.0765192/0/0/0,0/-0.0382596/0/-0/0,R_6ikddGkEAp6v5rs,attribution,additive_prototype
0,1,130200,-1,age,bmi,0/0/0/0/-0.243243,0/0/0/0.296585/0,0/0/0/0/-0.241634,0.1519554013337006,0.0,12.0,0.025,0.0,1,0.2,0.00250812/0.077069/0.0703667/0.0965851/0.0416342,-0.00250812/-0.077069/0.0703667/0.0965851/-0.0416342,R_6ikddGkEAp6v5rs,attribution,base_exemplar
1,2,130201,-1,age,bmi,0/0/0/0/-0.243243,0/0/0/0.330421/0,0/0/0/0/-0.223771,0.10241847717382255,0.0,12.0,0.05,0.0,1,0.2,0.00161878/0.107764/0.0106758/0.130421/0.0237713,-0.00161878/0.107764/0.0106758/0.130421/-0.0237713,R_6ikddGkEAp6v5rs,attribution,base_exemplar
2,3,130202,-1,age,insulin,0/0/0/0/-0.216216,0/0/-0.307942/0/0,0/0/0/0/-0.222993,0.1427331369188127,0.0,12.0,0.025,0.0,1,0.2,0.000117993/0.0552614/0.107942/0.00912295/0.0229925,-0.000117993/0.0552614/-0.107942/-0.00912295/-0.0229925,R_6ikddGkEAp6v5rs,attribution,base_exemplar
3,4,130203,-1,bmi,blood_pressure,0/0/0/-0.217322/0,0/-0.357886/0/0/0,0/0/0/-0.293528/0,0.2468362323307059,0.0,12.0,0.025,0.0,1,0.2,0.00391594/0.157886/0.0597847/0.0935281/0.0189909,-0.00391594/-0.157886/-0.0597847/-0.0935281/0.0189909,R_6ikddGkEAp6v5rs,attribution,base_exemplar
4,5,130204,-1,age,bmi,0/0/0/0/-0.216216,0/0/0/0.341671/0,0/0/0/0/-0.219793,0.12768555872284,0.0,12.0,0.025,0.0,1,0.2,0.00180801/0.0118806/0.0501721/0.141671/0.0197931,-0.00180801/0.0118806/-0.0501721/0.141671/-0.0197931,R_6ikddGkEAp6v5rs,attribution,base_exemplar
0,6,130205,-1,bmi,insulin,0/0/0/-0.3161/0,0/0/-0.375053/0/0,0/0/0/-0.31687/0,0.2662610402174119,0.0,12.0,0.025,0.0,1,0.2,0.00873566/0.0302893/0.175053/0.11687/0.0478276,-0.00873566/-0.0302893/-0.175053/-0.11687/0.0478276,R_6ikddGkEAp6v5rs,attribution,base_exemplar
1,7,130206,-1,bmi,insulin,0/0/0/-0.421079/0,0/0/-0.342396/0/0,0/0/0/-0.333579/0,0.2871515887478278,0.0,12.0,0.05,0.0,1,0.2,0.00286909/0.110191/0.142396/0.133579/0.0243781,-0.00286909/-0.110191/-0.142396/-0.133579/0.0243781,R_6ikddGkEAp6v5rs,attribution,base_exemplar
2,8,130207,-1,bmi,insulin,0/0/0/-0.257322/0,0/0/-0.604422/0/0,0/0/0/-0.33202/0,0.20763379646484847,0.0,12.0,0.025,0.0,1,0.2,0.00333454/0.0412774/0.404422/0.13202/0.0149782,-0.00333454/0.0412774/-0.404422/-0.13202/0.0149782,R_6ikddGkEAp6v5rs,attribution,base_exemplar
3,9,130208,-1,age,age,0/0/0/0/-0.675676,0/0/0/0/-0.292437,0/0/0/0/-0.292437,0.2507982425443547,0.0,12.0,0.025,0.0,1,0.2,0.00633784/0.0630539/0.0846124/0.0847691/0.0924371,0.00633784/0.0630539/-0.0846124/-0.0847691/-0.0924371,R_6ikddGkEAp6v5rs,attribution,base_exemplar
4,10,130209,-1,bmi,bmi,0/0/0/-0.53/0,0/0/0/-0.531842/0,0/0/0/-0.531842/0,0.3838043804655417,0.0,12.0,0.025,0.0,1,0.2,0.00282578/0.272222/0.0676874/0.331842/0.00597159,0.00282578/-0.272222/-0.0676874/-0.331842/0.00597159,R_6ikddGkEAp6v5rs,attribution,base_exemplar
0,11,130300,1,age,bmi,0/0/0/0/0.459459,0/0/0/0.432366/0,0/0/0/0/0.272961,0.1789266464092352,0.0,12.0,0.025,0.0,1,0.2,0.0110057/0.0513618/0.0487819/0.232366/0.0729612,-0.0110057/-0.0513618/0.0487819/0.232366/0.0729612,R_6ikddGkEAp6v5rs,attribution,base_exemplar
1,12,130301,1,bmi,bmi,0/0/0/0.326339/0,0/0/0/0.494171/0,0/0/0/0.494171/0,0.5308353956520738,0.0,12.0,0.05,0.0,1,0.2,0.00720179/0.054696/0.0459572/0.294171/0.045696,-0.00720179/0.054696/0.0459572/0.294171/0.045696,R_6ikddGkEAp6v5rs,attribution,base_exemplar
2,13,130302,1,bmi,blood_pressure,0/0/0/0.380388/0,0/0.561173/0/0/0,0/0/0/0.500616/0,0.34573156071602484,0.0,12.0,0.025,0.0,1,0.2,0.00189355/0.361173/0.00563462/0.300616/0.0215432,-0.00189355/0.361173/0.00563462/0.300616/0.0215432,R_6ikddGkEAp6v5rs,attribution,base_exemplar
3,14,130303,1,bmi,bmi,0/0/0/0.491711/0,0/0/0/0.638139/0,0/0/0/0.638139/0,0.5197327400956299,0.0,12.0,0.025,0.0,1,0.2,0.000355624/0.0546905/0.0238231/0.438139/0.0407969,-0.000355624/0.0546905/0.0238231/0.438139/-0.0407969,R_6ikddGkEAp6v5rs,attribution,base_exemplar
4,15,130304,1,bmi,bmi,0/0/0/0.200728/0,0/0/0/0.318821/0,0/0/0/0.318821/0,0.30117630012482616,0.0,12.0,0.025,0.0,1,0.2,0.00150773/0.100532/0.0864952/0.118821/0.0313766,-0.00150773/0.100532/-0.0864952/0.118821/0.0313766,R_6ikddGkEAp6v5rs,attribution,base_exemplar
0,16,130305,1,bmi,bmi,0/0/0/-0.44/0,0/0/0/-0.526311/0,0/0/0/-0.526311/0,0.373577446965122,0.0,12.0,0.025,0.0,1,0.2,0.00255071/0.291157/0.002736/0.326311/0.0727334,0.00255071/-0.291157/0.002736/-0.326311/0.0727334,R_6ikddGkEAp6v5rs,attribution,base_exemplar
1,17,130306,1,age,blood_pressure,0/0/0/0/-0.162162,0/-0.353536/0/0/0,0/0/0/0/-0.202925,0.05150209221510309,0.0,12.0,0.05,0.0,1,0.2,0.00348868/0.153536/0.0974009/0.00424443/0.00292462,0.00348868/-0.153536/0.0974009/-0.00424443/-0.00292462,R_6ikddGkEAp6v5rs,attribution,base_exemplar
2,18,130307,1,bmi,bmi,0/0/0/0.24102/0,0/0/0/0.279614/0,0/0/0/0.279614/0,0.4353334990164572,0.0,12.0,0.025,0.0,1,0.2,0.00698808/0.00972622/0.0179948/0.0796135/0.0210756,0.00698808/0.00972622/-0.0179948/0.0796135/-0.0210756,R_6ikddGkEAp6v5rs,attribution,base_exemplar
3,19,130308,1,bmi,blood_pressure,0/0/0/0.314484/0,0/-0.521931/0/0/0,0/0/0/0.409505/0,0.28723506251029807,0.0,12.0,0.025,0.0,1,0.2,0.000489677/0.321931/0.0554094/0.209505/0.019422,0.000489677/-0.321931/0.0554094/0.209505/-0.019422,R_6ikddGkEAp6v5rs,attribution,base_exemplar
4,20,130309,1,age,bmi,0/0/0/0/0.675676,0/0/0/-0.307564/0,0/0/0/0/0.253802,0.21440693381689446,0.0,12.0,0.025,0.0,1,0.2,0.000255565/0.0653502/0.00594426/0.107564/0.053802,-0.000255565/-0.0653502/-0.00594426/-0.107564/0.053802,R_6ikddGkEAp6v5rs,attribution,base_exemplar
0,1,130200,-1,age,bmi,0/0/0/0/-0.243243,0/0/0/0.240489/0,0/0/0/0/-0.146118,0.14956449417629503,0.0,0.0,0.025,0.0,1,0.1,0.002896/0.0634306/0.0854704/0.140489/0.0461183,-0.002896/-0.0634306/0.0854704/0.140489/-0.0461183,R_6ikddGkEAp6v5rs,attribution,base_prototype
1,2,130201,-1,age,bmi,0/0/0/0/-0.243243,0/0/0/0.296684/0,0/0/0/0/-0.132729,0.11231344461673529,0.0,0.0,0.025,0.0,1,0.1,0.00181/0.148005/0.0447463/0.196684/0.0327291,-0.00181/0.148005/0.0447463/0.196684/-0.0327291,R_6ikddGkEAp6v5rs,attribution,base_prototype
2,3,130202,-1,age,insulin,0/0/0/0/-0.216216,0/0/-0.207592/0/0,0/0/0/0/-0.123803,0.1296353517627628,0.0,0.0,0.025,0.0,1,0.1,0.000724001/0.0634306/0.107592/0.0351222/0.023803,-0.000724001/0.0634306/-0.107592/0.0351222/-0.023803,R_6ikddGkEAp6v5rs,attribution,base_prototype
3,4,130203,-1,bmi,blood_pressure,0/0/0/-0.217322/0,0/-0.390292/0/0/0,0/0/0/-0.35805/0,0.2934415473601369,0.0,0.0,0.025,0.0,1,0.2,0.00376481/0.190292/0.0804427/0.15805/0.0252907,-0.00376481/-0.190292/-0.0804427/-0.15805/0.0252907,R_6ikddGkEAp6v5rs,attribution,base_prototype
4,5,130204,-1,age,bmi,0/0/0/0/-0.216216,0/0/0/0.296684/0,0/0/0/0/-0.11934,0.11636055914017987,0.0,0.0,0.025,0.0,1,0.1,0.002896/0.0211435/0.0548016/0.196684/0.0193399,-0.002896/0.0211435/-0.0548016/0.196684/-0.0193399,R_6ikddGkEAp6v5rs,attribution,base_prototype
0,6,130205,-1,bmi,insulin,0/0/0/-0.3161/0,0/0/-0.305632/0/0,0/0/0/-0.279123/0,0.29684477246411783,0.0,0.0,0.025,0.0,1,0.1,0.00876041/0.0634306/0.205632/0.179123/0.0565321,-0.00876041/-0.0634306/-0.205632/-0.179123/0.0565321,R_6ikddGkEAp6v5rs,attribution,base_prototype
1,7,130206,-1,bmi,bmi,0/0/0/-0.421079/0,0/0/0/-0.331807/0,0/0/0/-0.331807/0,0.3281556624244002,0.0,0.0,0.025,0.0,1,0.1,0.0024616/0.148005/0.173957/0.231807/0.0342168,-0.0024616/-0.148005/-0.173957/-0.231807/0.0342168,R_6ikddGkEAp6v5rs,attribution,base_prototype
2,8,130207,-1,bmi,insulin,0/0/0/-0.257322/0,0/0/-0.527352/0/0,0/0/0/-0.25805/0,0.22458200376205129,0.0,0.0,0.025,0.0,1,0.1,0.0035476/0.0211435/0.427352/0.15805/0.0208276,-0.0035476/0.0211435/-0.427352/-0.15805/0.0208276,R_6ikddGkEAp6v5rs,attribution,base_prototype
3,9,130208,-1,age,age,0/0/0/0/-0.675676,0/0/0/0/-0.295212,0/0/0/0/-0.295212,0.26545779877831366,0.0,0.0,0.025,0.0,1,0.2,0.00644361/0.0634306/0.0759178/0.0772689/0.0952119,0.00644361/0.0634306/-0.0759178/-0.0772689/-0.0952119,R_6ikddGkEAp6v5rs,attribution,base_prototype
4,10,130209,-1,bmi,bmi,0/0/0/-0.53/0,0/0/0/-0.590728/0,0/0/0/-0.590728/0,0.407008931808438,0.0,0.0,0.025,0.0,1,0.1,0.00405441/0.317153/0.0955257/0.490728/0.0163646,0.00405441/-0.317153/-0.0955257/-0.490728/0.0163646,R_6ikddGkEAp6v5rs,attribution,base_prototype
0,11,130300,1,age,bmi,0/0/0/0/0.459459,0/0/0/0.337075/0,0/0/0/0/0.163227,0.15013591092610262,0.0,0.0,0.025,0.0,1,0.1,0.0101722/0.0563827/0.110357/0.237075/0.0632267,-0.0101722/-0.0563827/0.110357/0.237075/0.0632267,R_6ikddGkEAp6v5rs,attribution,base_prototype
1,12,130301,1,bmi,bmi,0/0/0/0.326339/0,0/0/0/0.410832/0,0/0/0/0.410832/0,0.37716637219052157,0.0,0.0,0.025,0.0,1,0.1,0.00604541/0.112765/0.200855/0.310832/0.0230591,-0.00604541/0.112765/0.200855/0.310832/0.0230591,R_6ikddGkEAp6v5rs,attribution,base_prototype
2,13,130302,1,bmi,blood_pressure,0/0/0/0.380388/0,0/0.551062/0/0/0,0/0/0/0.424881/0,0.2862066691746654,0.0,0.0,0.025,0.0,1,0.1,0.000615401/0.451062/0.178231/0.324881/0.00371922,-0.000615401/0.451062/0.178231/0.324881/-0.00371922,R_6ikddGkEAp6v5rs,attribution,base_prototype
3,14,130303,1,bmi,bmi,0/0/0/0.491711/0,0/0/0/0.647808/0,0/0/0/0.647808/0,0.41679730756089517,0.0,0.0,0.025,0.0,1,0.2,0.0011222/0.112765/0.185772/0.447808/0.066202,0.0011222/0.112765/0.185772/0.447808/-0.066202,R_6ikddGkEAp6v5rs,attribution,base_prototype
4,15,130304,1,bmi,bmi,0/0/0/0.200728/0,0/0/0/0.235221/0,0/0/0/0.235221/0,0.33928620057832093,0.0,0.0,0.025,0.0,1,0.1,0.001267/0.112765/0.0525392/0.135221/0.0275222,-0.001267/0.112765/-0.0525392/0.135221/0.0275222,R_6ikddGkEAp6v5rs,attribution,base_prototype
0,16,130305,1,bmi,bmi,0/0/0/-0.44/0,0/0/0/-0.455507/0,0/0/0/-0.455507/0,0.3727197317483312,0.0,0.0,0.025,0.0,1,0.1,0.00394581/0.310105/0.0274008/0.355507/0.0632267,0.00394581/-0.310105/0.0274008/-0.355507/0.0632267,R_6ikddGkEAp6v5rs,attribution,base_prototype
1,17,130306,1,age,insulin,0/0/0/0/-0.162162,0/0/0.331021/0/0,0/0/0/0/-0.126035,0.1085277133093675,0.0,0.0,0.025,0.0,1,0.1,0.00524901/0.140957/0.231021/0.0122928/0.0260345,0.00524901/-0.140957/0.231021/-0.0122928/-0.0260345,R_6ikddGkEAp6v5rs,attribution,base_prototype
2,18,130307,1,bmi,insulin,0/0/0/0.24102/0,0/0/0.211866/0/0,0/0/0/0.175513/0,0.24924772216152882,0.0,0.0,0.025,0.0,1,0.1,0.00894141/0.0281914/0.111866/0.0755128/0.0438868,0.00894141/0.0281914/0.111866/0.0755128/-0.0438868,R_6ikddGkEAp6v5rs,attribution,base_prototype
3,19,130308,1,bmi,blood_pressure,0/0/0/0.314484/0,0/-0.510105/0/0/0,0/0/0/0.408977/0,0.2502846992168237,0.0,0.0,0.025,0.0,1,0.2,0.0017738/0.310105/0.178231/0.208977/0.0394237,0.0017738/-0.310105/0.178231/0.208977/-0.0394237,R_6ikddGkEAp6v5rs,attribution,base_prototype
4,20,130309,1,age,bmi,0/0/0/0/0.675676,0/0/0/-0.228196/0,0/0/0/0/0.163227,0.17187584229982827,0.0,0.0,0.025,0.0,1,0.1,0.000398201/0.0986698/0.0781803/0.128196/0.0632267,-0.000398201/-0.0986698/-0.0781803/-0.128196/0.0632267,R_6ikddGkEAp6v5rs,attribution,base_prototype
0,1,130200,-1,insulin,glucose,0/0/0.428937/0/0,-0.23096/0/0/0/0,0/0/0.205748/0/0,0.06929290990308919,0.0,12.0,0.025,0.0,1,0.1,0.0981764/0.0792401/0/0/0,-0.13096/-0.0455115/0.105748/0.182838/-0.173033,R_6odNeloeBdVKGdj,counterfactual,additive_exemplar
1,2,130201,-1,insulin,glucose,0/0/0.131981/0/0,-0.190276/0/0/0/0,0/0/0.125794/0/0,0.09814066441933503,0.5,12.0,0.025,0.0,1,0.1,0.0623278/0/0/0/0,-0.0902759/0.138983/0.0257936/0.229208/-0.0775656,R_6odNeloeBdVKGdj,counterfactual,additive_exemplar
2,3,130202,-1,insulin,insulin,0/0/0.214468/0/0,0/0/-0.31995/0/0,0/0/-0.31995/0/0,0.5910347044836699,0.25,12.0,0.025,0.0,1,0.2,0.000665219/0/0.139953/0/0,-0.0421922/0.0895264/-0.11995/0.0789835/-0.0688593,R_6odNeloeBdVKGdj,counterfactual,additive_exemplar
3,4,130203,-1,blood_pressure,blood_pressure,0/-0.26087/0/0/0,0/-0.219261/0/0/0,0/-0.219261/0/0/0,0.2854597538721678,1.0,12.0,0.025,0.0,1,0.1,0.142298/0.150337/0.0787679/0.0875492/0,-0.178703/-0.119261/-0.0248509/-0.05133/0.185558,R_6odNeloeBdVKGdj,counterfactual,additive_exemplar
4,5,130204,-1,insulin,glucose,0/0/0.195909/0/0,-0.243237/0/0/0/0,0/0/-0.14971/0/0,0.37790567242373696,2.0,24.0,0.025,0.0,0,0.1,0.0585393/0/0.0548284/0/0,-0.143237/0.0782554/-0.04971/0.259483/-0.0385571,R_6odNeloeBdVKGdj,counterfactual,additive_exemplar
0,6,130205,-1,bmi,glucose,0/0/0/-0.175611/0,-0.45422/0/0/0/0,0/0/0/-0.173842/0,0.16746782709128646,0.0,12.0,0.025,0.0,1,0.1,0.341943/0.0311425/0.239337/0.11687/0,-0.35422/0.00737841/-0.152034/-0.073842/0.338594,R_6odNeloeBdVKGdj,counterfactual,additive_exemplar
1,7,130206,-1,bmi,insulin,0/0/0/-0.281079/0,0/0/-0.210261/0/0,0/0/0/-0.20457/0,0.2263019780399104,0.5,12.0,0.025,0.0,1,0.1,0.108444/0.110744/0.195738/0.136261/0,-0.121405/-0.0735196/-0.110261/-0.10457/0.208058,R_6odNeloeBdVKGdj,counterfactual,additive_exemplar
2,8,130207,-1,insulin,insulin,0/0/-0.123732/0/0,0/0/-0.538555/0/0,0/0/-0.538555/0/0,0.477116568084203,0.25,12.0,0.025,0.0,1,0.2,0.129142/0/0.551705/0.130534/0,-0.0917814/0.101385/-0.338555/-0.076172/0.0289282,R_6odNeloeBdVKGdj,counterfactual,additive_exemplar
3,9,130208,-1,bmi,insulin,0/0/0/-0.146541/0,0/0/-0.186437/0/0,0/0/0/-0.100246/0,0.2793187035090655,1.0,12.0,0.025,0.0,1,0.1,0/0/0.104383/0.0543702/0,0.205851/0.0985826/-0.0864366/-0.000246308/-0.487345,R_6odNeloeBdVKGdj,counterfactual,additive_exemplar
4,10,130209,-1,bmi,blood_pressure,0/0/0/-0.57/0,0/-0.341378/0/0/0,0/0/0/-0.389696/0,0.3442427664763852,2.0,24.0,0.025,0.0,0,0.1,0/0.264659/0.0838757/0.253947/0,0.0428349/-0.241378/-0.0734129/-0.289696/0.158063,R_6odNeloeBdVKGdj,counterfactual,additive_exemplar
0,11,130300,1,bmi,bmi,0/0/0/0.526833/0,0/0/0/0.25057/0,0/0/0/0.25057/0,0.5164931473840789,0.0,12.0,0.025,0.0,1,0.1,0/0/0.0666962/0.232366/0,-0.392107/-0.0958389/0.0195991/0.15057/0.376119,R_6odNeloeBdVKGdj,counterfactual,additive_exemplar
1,12,130301,1,bmi,bmi,0/0/0/0.176339/0,0/0/0/0.310233/0,0/0/0/0.310233/0,0.49161069814047825,0.5,12.0,0.025,0.0,1,0.1,0/0.0558502/0.0621256/0.295119/0,-0.249364/0.0308579/0.0539966/0.210233/0.201841,R_6odNeloeBdVKGdj,counterfactual,additive_exemplar
2,13,130302,1,bmi,blood_pressure,0/0/0/0.190388/0,0/0.553506/0/0/0,0/0/0/0.414473/0,0.34844263665523617,0.25,12.0,0.025,0.0,1,0.2,0/0.371339/0.00788663/0.301115/0,-0.0445929/0.353506/0.0024069/0.214473/0.0559757,R_6odNeloeBdVKGdj,counterfactual,additive_exemplar
3,14,130303,1,bmi,bmi,0/0/0/0.351222/0,0/0/0/0.456464/0,0/0/0/0.456464/0,0.5336075134556423,1.0,12.0,0.025,0.0,1,0.1,0/0.0570676/0.0372383/0.437752/0,0.0190875/0.0340663/0.0299644/0.356464/-0.331297,R_6odNeloeBdVKGdj,counterfactual,additive_exemplar
4,15,130304,1,age,bmi,0/0/0/0/0.405405,0/0/0/0.140287/0,0/0/0/0/0.233127,0.06744037225665064,2.0,24.0,0.025,0.0,0,0.1,0/0.106865/0/0.121199/0,-0.0383362/0.0799683/-0.173556/0.0402871/0.133127,R_6odNeloeBdVKGdj,counterfactual,additive_exemplar
0,16,130305,1,blood_pressure,glucose,0/-0.586957/0/0/0,0.204702/0/0/0/0,0/-0.433569/0/0/0,0.09629736651784876,0.0,12.0,0.025,0.0,1,0.1,0.0998434/0/0.00374075/0/0,0.104702/-0.333569/-0.0622769/-0.334314/0.357694,R_6odNeloeBdVKGdj,counterfactual,additive_exemplar
1,17,130306,1,blood_pressure,insulin,0/-0.717391/0/0/0,0/0/0.211996/0/0,0/-0.290862/0/0/0,0.06520530073411214,0.5,12.0,0.025,0.0,1,0.1,0.132337/0/0.135427/0/0,0.149455/-0.190862/0.111996/-0.0545105/-0.0961832,R_6odNeloeBdVKGdj,counterfactual,additive_exemplar
2,18,130307,1,blood_pressure,glucose,0/-0.26087/0/0/0,0.506815/0/0/0/0,0/0.185099/0/0/0,0.10106102640470228,0.25,12.0,0.025,0.0,1,0.2,0.270605/0.0113577/0/0.080446/0,0.306815/-0.0149011/-0.0374925/0.0227002/-0.218374,R_6odNeloeBdVKGdj,counterfactual,additive_exemplar
3,19,130308,1,blood_pressure,bmi,0/-0.586957/0/0/0,0/0/0/0.236439/0,0/-0.466183/0/0/0,0.0795761714390704,1.0,12.0,0.025,0.0,1,0.1,0.0139748/0/0.0820274/0.211334/0,0.0446704/-0.366183/0.0537196/0.136439/-0.192472,R_6odNeloeBdVKGdj,counterfactual,additive_exemplar
4,20,130309,1,age,insulin,0/0/0/0/0.675676,0/0/-0.0260334/0/0,0/0/0/0/0.387242,0.09814066441933503,2.0,24.0,0.025,0.0,0,0.1,0/0/0.0101706/0/0,-0.0495005/-0.100054/-0.126033/-0.0859249/0.287242,R_6odNeloeBdVKGdj,counterfactual,additive_exemplar
0,1,130200,-1,insulin,glucose,0/0/0.428937/0/0,-0.161234/0/0/0/0,0/0/0.271514/0/0,0.07573177887158992,0.0,0.0,0.025,0.0,1,0.05,0.113359/0.0652174/0/0/0,-0.111234/-0.0181159/0.221514/0.208099/-0.259009,R_6odNeloeBdVKGdj,counterfactual,additive_prototype
1,2,130201,-1,insulin,glucose,0/0/0.131981/0/0,-0.168724/0/0/0/0,0/0/0.265835/0/0,0.09814066441933503,0.0,0.0,0.025,0.0,1,0.1,0.0708496/0/0/0/0,-0.0687241/0.199275/0.165835/0.264295/-0.177928,R_6odNeloeBdVKGdj,counterfactual,additive_prototype
2,3,130202,-1,insulin,insulin,0/0/0.214468/0/0,0/0/-0.242447/0/0,0/0/-0.242447/0/0,0.539286577589368,0.0,0.0,0.025,0.0,1,0.2,0.0283399/0/0.147103/0/0,-0.0262144/0.112319/-0.0424469/0.102733/-0.123874,R_6odNeloeBdVKGdj,counterfactual,additive_prototype
3,4,130203,-1,blood_pressure,blood_pressure,0/-0.26087/0/0/0,0/-0.248551/0/0/0,0/-0.248551/0/0/0,0.2803494183623849,0.0,0.0,0.025,0.0,1,0.1,0.147367/0.195652/0.109984/0.15805/0,-0.145242/-0.148551/-0.00532734/-0.0904397/0.173423,R_6odNeloeBdVKGdj,counterfactual,additive_prototype
4,5,130204,-1,insulin,glucose,0/0/0.195909/0/0,-0.211234/0/0/0/0,0/0/-0.07027/0/0,0.31597279251747323,0.0,0.0,0.025,0.0,0,0.1,0.113359/0/0.0749264/0/0,-0.111234/0.0688406/0.02973/0.264295/-0.0968468,R_6odNeloeBdVKGdj,counterfactual,additive_prototype
0,6,130205,-1,bmi,glucose,0/0/0/-0.175611/0,-0.390787/0/0/0/0,0/0/0/-0.161513/0,0.19738776378745163,0.0,0.0,0.025,0.0,1,0.05,0.342912/0.0652174/0.281146/0.179123/0,-0.340787/-0.0181159/-0.17649/-0.111513/0.362613,R_6odNeloeBdVKGdj,counterfactual,additive_prototype
1,7,130206,-1,bmi,insulin,0/0/0/-0.281079/0,0/0/-0.233183/0/0,0/0/0/-0.264196/0,0.28176964392967346,0.0,0.0,0.025,0.0,1,0.1,0.0963555/0.152174/0.23784/0.231807/0,-0.09423/-0.105072/-0.133183/-0.164196/0.227477,R_6odNeloeBdVKGdj,counterfactual,additive_prototype
2,8,130207,-1,insulin,insulin,0/0/-0.123732/0/0,0/0/-0.679632/0/0,0/0/-0.679632/0/0,0.4697858150592845,0.0,0.0,0.025,0.0,1,0.2,0.138865/0/0.584289/0.15805/0,-0.13674/0.0688406/-0.479632/-0.0904397/0.146396,R_6odNeloeBdVKGdj,counterfactual,additive_prototype
3,9,130208,-1,bmi,insulin,0/0/0/-0.146541/0,0/0/-0.0991408/0/0,0/0/0/-0.109659/0,0.3360347687735414,0.0,0.0,0.025,0.0,1,0.1,0/0/0.103797/0.0772689/0,0.25435/0.112319/0.000859248/-0.00965861/-0.556306,R_6odNeloeBdVKGdj,counterfactual,additive_prototype
4,10,130209,-1,bmi,bmi,0/0/0/-0.57/0,0/0/0/-0.523117/0,0/0/0/-0.523117/0,0.4001065419332183,0.0,0.0,0.025,0.0,0,0.1,0/0.326087/0.130606/0.490728/0,0.160829/-0.278986/-0.0259493/-0.423117/0.119369,R_6odNeloeBdVKGdj,counterfactual,additive_prototype
0,11,130300,1,bmi,bmi,0/0/0/0.526833/0,0/0/0/0.219465/0,0/0/0/0.219465/0,0.4462763419988549,0.0,0.0,0.025,0.0,1,0.05,0/0/0.150884/0.237075/0,-0.4003/-0.105072/0.0462276/0.169465/0.362613,R_6odNeloeBdVKGdj,counterfactual,additive_prototype
1,12,130301,1,bmi,bmi,0/0/0/0.176339/0,0/0/0/0.343221/0,0/0/0/0.343221/0,0.35869065063901195,0.0,0.0,0.025,0.0,1,0.1,0/0.115942/0.274616/0.310832/0,-0.238763/0.0688406/0.169959/0.243221/0.119369,R_6odNeloeBdVKGdj,counterfactual,additive_prototype
2,13,130302,1,bmi,blood_pressure,0/0/0/0.190388/0,0/0.616667/0/0/0,0/0/0/0.45727/0,0.2709232877626899,0.0,0.0,0.025,0.0,1,0.2,0/0.463768/0.243683/0.324881/0,-0.0262144/0.416667/0.139026/0.25727/-0.0427928,R_6odNeloeBdVKGdj,counterfactual,additive_prototype
3,14,130303,1,bmi,bmi,0/0/0/0.351222/0,0/0/0/0.480198/0,0/0/0/0.480198/0,0.40101807479756885,0.0,0.0,0.025,0.0,1,0.1,0.0439268/0.115942/0.253994/0.447808/0,0.0418013/0.0688406/0.149337/0.380198/-0.421171,R_6odNeloeBdVKGdj,counterfactual,additive_prototype
4,15,130304,1,age,bmi,0/0/0/0/0.405405,0/0/0/0.16761/0,0/0/0/0/0.246396,0.06803312764006125,0.0,0.0,0.025,0.0,0,0.1,0/0.115942/0/0.135221/0,-0.0517202/0.0688406/-0.17649/0.0676103/0.146396,R_6odNeloeBdVKGdj,counterfactual,additive_prototype
0,16,130305,1,blood_pressure,glucose,0/-0.586957/0/0/0,0.202327/0/0/0/0,0/-0.415942/0/0/0,0.08729523677914236,0.0,0.0,0.025,0.0,1,0.05,0.154452/0/0.0374632/0/0,0.152327/-0.365942/-0.0671932/-0.423117/0.362613,R_6odNeloeBdVKGdj,counterfactual,additive_prototype
1,17,130306,1,blood_pressure,insulin,0/-0.717391/0/0/0,0/0/0.311203/0/0,0/-0.292029/0/0/0,0.07352049413565545,0.0,0.0,0.025,0.0,1,0.1,0.205464/0/0.31586/0/0,0.203338/-0.192029/0.211203/-0.0799031/-0.177928,R_6odNeloeBdVKGdj,counterfactual,additive_prototype
2,18,130307,1,blood_pressure,glucose,0/-0.26087/0/0/0,0.547872/0/0/0/0,0/0.181884/0/0/0,0.1005135933218615,0.0,0.0,0.025,0.0,1,0.2,0.349997/0.0289855/0.152946/0.0755128/0,0.347872/-0.0181159/0.0482898/0.0079025/-0.286036,R_6odNeloeBdVKGdj,counterfactual,additive_prototype
3,19,130308,1,blood_pressure,insulin,0/-0.586957/0/0/0,0/0/0.239026/0/0,0/-0.465942/0/0/0,0.061654337237340984,0.0,0.0,0.025,0.0,1,0.1,0.0694326/0/0.243683/0.208977/0,0.0673071/-0.365942/0.139026/0.141367/-0.259009,R_6odNeloeBdVKGdj,counterfactual,additive_prototype
4,20,130309,1,age,bmi,0/0/0/0/0.675676,0/0/0/-0.295806/0,0/0/0/0/0.462613,0.051338686850885225,0.0,0.0,0.025,0.0,0,0.1,0.0155869/0.101449/0.10689/0.128196/0,-0.0177124/-0.148551/-0.211547/-0.195806/0.362613,R_6odNeloeBdVKGdj,counterfactual,additive_prototype
0,1,130200,-1,insulin,bmi,0/0/0.428937/0/0,0/0/0/0.196585/0,0/0/0.170367/0/0,0.2223313948809028,0.0,12.0,0.05,0.0,1,0.1,0.00250812/0.077069/0.0703667/0.0965851/0.0416342,-0.00250812/-0.077069/0.0703667/0.0965851/-0.0416342,R_6odNeloeBdVKGdj,counterfactual,base_exemplar
1,2,130201,-1,insulin,bmi,0/0/0.131981/0/0,0/0/0/0.230421/0,0/0/0.110676/0/0,0.06591860355959829,0.0,12.0,0.05,0.0,1,0.1,0.00161878/0.107764/0.0106758/0.130421/0.0237713,-0.00161878/0.107764/0.0106758/0.130421/-0.0237713,R_6odNeloeBdVKGdj,counterfactual,base_exemplar
2,3,130202,-1,insulin,insulin,0/0/0.214468/0/0,0/0/-0.307942/0/0,0/0/-0.307942/0/0,0.4612615507520077,0.0,12.0,0.05,0.0,1,0.2,0.000117993/0.0552614/0.107942/0.00912295/0.0229925,-0.000117993/0.0552614/-0.107942/-0.00912295/-0.0229925,R_6odNeloeBdVKGdj,counterfactual,base_exemplar
3,4,130203,-1,blood_pressure,blood_pressure,0/-0.26087/0/0/0,0/-0.271943/0/0/0,0/-0.271943/0/0/0,0.3797454432669211,0.0,6.0,0.05,0.0,1,0.1,0.00379147/0.171943/0.0681635/0.125447/0.0217322,-0.00379147/-0.171943/-0.0681635/-0.125447/0.0217322,R_6odNeloeBdVKGdj,counterfactual,base_exemplar
4,5,130204,-1,insulin,bmi,0/0/0.195909/0/0,0/0/0/0.264061/0,0/0/-0.153146/0/0,0.2079491125953039,0.0,6.0,0.1,0.0,0,0.1,0.00230944/0.0155623/0.0531464/0.164061/0,-0.00230944/0.0155623/-0.0531464/0.164061/-0.0192758,R_6odNeloeBdVKGdj,counterfactual,base_exemplar
0,6,130205,-1,bmi,insulin,0/0/0/-0.175611/0,0/0/-0.275053/0/0,0/0/0/-0.21687/0,0.2745728989431519,0.0,12.0,0.05,0.0,1,0.1,0.00873566/0.0302893/0.175053/0.11687/0.0478276,-0.00873566/-0.0302893/-0.175053/-0.11687/0.0478276,R_6odNeloeBdVKGdj,counterfactual,base_exemplar
1,7,130206,-1,bmi,insulin,0/0/0/-0.281079/0,0/0/-0.242396/0/0,0/0/0/-0.233579/0,0.2871515887478278,0.0,12.0,0.05,0.0,1,0.1,0.00286909/0.110191/0.142396/0.133579/0.0243781,-0.00286909/-0.110191/-0.142396/-0.133579/0.0243781,R_6odNeloeBdVKGdj,counterfactual,base_exemplar
2,8,130207,-1,insulin,insulin,0/0/-0.123732/0/0,0/0/-0.604422/0/0,0/0/-0.604422/0/0,0.5444362781828281,0.0,12.0,0.05,0.0,1,0.2,0.00333454/0.0412774/0.404422/0.13202/0.0149782,-0.00333454/0.0412774/-0.404422/-0.13202/0.0149782,R_6odNeloeBdVKGdj,counterfactual,base_exemplar
3,9,130208,-1,bmi,age,0/0/0/-0.146541/0,0/0/0/0/-0.193816,0/0/0/-0.181607/0,0.2265730655623758,0.0,6.0,0.05,0.0,1,0.1,0.0063996/0.0630266/0.0803264/0.0816069/0.0938157,0.0063996/0.0630266/-0.0803264/-0.0816069/-0.0938157,R_6odNeloeBdVKGdj,counterfactual,base_exemplar
4,10,130209,-1,bmi,bmi,0/0/0/-0.57/0,0/0/0/-0.516558/0,0/0/0/-0.516558/0,0.4615951890760314,0.0,6.0,0.1,0.0,0,0.1,0.00358426/0.291802/0.079161/0.416558/0,0.00358426/-0.291802/-0.079161/-0.416558/0.0108023,R_6odNeloeBdVKGdj,counterfactual,base_exemplar
0,11,130300,1,bmi,bmi,0/0/0/0.526833/0,0/0/0/0.332366/0,0/0/0/0.332366/0,0.46513707043141045,0.0,12.0,0.05,0.0,1,0.1,0.0110057/0.0513618/0.0487819/0.232366/0.0729612,-0.0110057/-0.0513618/0.0487819/0.232366/0.0729612,R_6odNeloeBdVKGdj,counterfactual,base_exemplar
1,12,130301,1,bmi,bmi,0/0/0/0.176339/0,0/0/0/0.394171/0,0/0/0/0.394171/0,0.5308353956520738,0.0,12.0,0.05,0.0,1,0.1,0.00720179/0.054696/0.0459572/0.294171/0.045696,-0.00720179/0.054696/0.0459572/0.294171/0.045696,R_6odNeloeBdVKGdj,counterfactual,base_exemplar
2,13,130302,1,bmi,blood_pressure,0/0/0/0.190388/0,0/0.561173/0/0/0,0/0/0/0.500616/0,0.37193540976844597,0.0,12.0,0.05,0.0,1,0.2,0.00189355/0.361173/0.00563462/0.300616/0.0215432,-0.00189355/0.361173/0.00563462/0.300616/0.0215432,R_6odNeloeBdVKGdj,counterfactual,base_exemplar
3,14,130303,1,bmi,bmi,0/0/0/0.351222/0,0/0/0/0.54456/0,0/0/0/0.54456/0,0.551824873388354,0.0,6.0,0.05,0.0,1,0.1,5.55019e-05/0.0779448/0.073667/0.44456/0.0477398,-5.55019e-05/0.0779448/0.073667/0.44456/-0.0477398,R_6odNeloeBdVKGdj,counterfactual,base_exemplar
4,15,130304,1,age,bmi,0/0/0/0/0.405405,0/0/0/0.225997/0,0/0/0/0/0.129395,0.016566968463982125,0.0,6.0,0.1,0.0,0,0.1,0.00136143/0.106385/0.070058/0.125997/0,-0.00136143/0.106385/-0.070058/0.125997/0.0293948,R_6odNeloeBdVKGdj,counterfactual,base_exemplar
0,16,130305,1,blood_pressure,bmi,0/-0.586957/0/0/0,0/0/0/-0.426311/0,0/-0.391157/0/0/0,0.36153030490528926,0.0,12.0,0.05,0.0,1,0.1,0.00255071/0.291157/0.002736/0.326311/0.0727334,0.00255071/-0.291157/0.002736/-0.326311/0.0727334,R_6odNeloeBdVKGdj,counterfactual,base_exemplar
1,17,130306,1,blood_pressure,blood_pressure,0/-0.717391/0/0/0,0/-0.253536/0/0/0,0/-0.253536/0/0/0,0.48488442899254564,0.0,12.0,0.05,0.0,1,0.1,0.00348868/0.153536/0.0974009/0.00424443/0.00292462,0.00348868/-0.153536/0.0974009/-0.00424443/-0.00292462,R_6odNeloeBdVKGdj,counterfactual,base_exemplar
2,18,130307,1,blood_pressure,bmi,0/-0.26087/0/0/0,0/0/0/0.279614/0,0/0.209726/0/0/0,0.09621833869613247,0.0,12.0,0.05,0.0,1,0.2,0.00698808/0.00972622/0.0179948/0.0796135/0.0210756,0.00698808/0.00972622/-0.0179948/0.0796135/-0.0210756,R_6odNeloeBdVKGdj,counterfactual,base_exemplar
3,19,130308,1,blood_pressure,blood_pressure,0/-0.586957/0/0/0,0/-0.419867/0/0/0,0/-0.419867/0/0/0,0.4149836197633067,0.0,6.0,0.05,0.0,1,0.1,0.000908111/0.319867/0.100582/0.208983/0.026315,0.000908111/-0.319867/0.100582/0.208983/-0.026315,R_6odNeloeBdVKGdj,counterfactual,base_exemplar
4,20,130309,1,age,bmi,0/0/0/0/0.675676,0/0/0/-0.21654/0,0/0/0/0/0.157886,0.020235521015458353,0.0,6.0,0.1,0.0,0,0.1,0.000310029/0.0768256/0.0368161/0.11654/0,-0.000310029/-0.0768256/-0.0368161/-0.11654/0.0578862,R_6odNeloeBdVKGdj,counterfactual,base_exemplar
0,1,130200,-1,insulin,bmi,0/0/0.428937/0/0,0/0/0/0.190489/0,0/0/0.13547/0/0,0.23030375331122274,0.0,0.0,0.05,0.0,1,0.05,0.002896/0.0634306/0.0854704/0.140489/0.0461183,-0.002896/-0.0634306/0.0854704/0.140489/-0.0461183,R_6odNeloeBdVKGdj,counterfactual,base_prototype
1,2,130201,-1,insulin,bmi,0/0/0.131981/0/0,0/0/0/0.246684/0,0/0/0.0947463/0/0,0.11640418582858916,0.0,0.0,0.05,0.0,1,0.05,0.00181/0.148005/0.0447463/0.196684/0.0327291,-0.00181/0.148005/0.0447463/0.196684/-0.0327291,R_6odNeloeBdVKGdj,counterfactual,base_prototype
2,3,130202,-1,insulin,insulin,0/0/0.214468/0/0,0/0/-0.207592/0/0,0/0/-0.207592/0/0,0.39978608272363847,0.0,0.0,0.05,0.0,1,0.1,0.000724001/0.0634306/0.107592/0.0351222/0.023803,-0.000724001/0.0634306/-0.107592/0.0351222/-0.023803,R_6odNeloeBdVKGdj,counterfactual,base_prototype
3,4,130203,-1,blood_pressure,blood_pressure,0/-0.26087/0/0/0,0/-0.240292/0/0/0,0/-0.240292/0/0/0,0.36136943065602156,0.0,0.0,0.05,0.0,1,0.05,0.00376481/0.190292/0.0804427/0.15805/0.0252907,-0.00376481/-0.190292/-0.0804427/-0.15805/0.0252907,R_6odNeloeBdVKGdj,counterfactual,base_prototype
4,5,130204,-1,insulin,bmi,0/0/0.195909/0/0,0/0/0/0.246684/0,0/0/-0.104802/0/0,0.1862009321894622,0.0,0.0,0.1,0.0,0,0.05,0.002896/0.0211435/0.0548016/0.196684/0,-0.002896/0.0211435/-0.0548016/0.196684/-0.0193399,R_6odNeloeBdVKGdj,counterfactual,base_prototype
0,6,130205,-1,bmi,insulin,0/0/0/-0.175611/0,0/0/-0.255632/0/0,0/0/0/-0.229123/0,0.307655840679247,0.0,0.0,0.05,0.0,1,0.05,0.00876041/0.0634306/0.205632/0.179123/0.0565321,-0.00876041/-0.0634306/-0.205632/-0.179123/0.0565321,R_6odNeloeBdVKGdj,counterfactual,base_prototype
1,7,130206,-1,bmi,bmi,0/0/0/-0.281079/0,0/0/0/-0.281807/0,0/0/0/-0.281807/0,0.34341180677441674,0.0,0.0,0.05,0.0,1,0.05,0.0024616/0.148005/0.173957/0.231807/0.0342168,-0.0024616/-0.148005/-0.173957/-0.231807/0.0342168,R_6odNeloeBdVKGdj,counterfactual,base_prototype
2,8,130207,-1,insulin,insulin,0/0/-0.123732/0/0,0/0/-0.527352/0/0,0/0/-0.527352/0/0,0.5436976055849015,0.0,0.0,0.05,0.0,1,0.1,0.0035476/0.0211435/0.427352/0.15805/0.0208276,-0.0035476/0.0211435/-0.427352/-0.15805/0.0208276,R_6odNeloeBdVKGdj,counterfactual,base_prototype
3,9,130208,-1,bmi,age,0/0/0/-0.146541/0,0/0/0/0/-0.145212,0/0/0/-0.127269/0,0.22016329007606397,0.0,0.0,0.05,0.0,1,0.05,0.00644361/0.0634306/0.0759178/0.0772689/0.0952119,0.00644361/0.0634306/-0.0759178/-0.0772689/-0.0952119,R_6odNeloeBdVKGdj,counterfactual,base_prototype
4,10,130209,-1,bmi,bmi,0/0/0/-0.57/0,0/0/0/-0.540728/0,0/0/0/-0.540728/0,0.4737794953673923,0.0,0.0,0.1,0.0,0,0.05,0.00405441/0.317153/0.0955257/0.490728/0,0.00405441/-0.317153/-0.0955257/-0.490728/0.0163646,R_6odNeloeBdVKGdj,counterfactual,base_prototype
0,11,130300,1,bmi,bmi,0/0/0/0.526833/0,0/0/0/0.287075/0,0/0/0/0.287075/0,0.4220000131479655,0.0,0.0,0.05,0.0,1,0.05,0.0101722/0.0563827/0.110357/0.237075/0.0632267,-0.0101722/-0.0563827/0.110357/0.237075/0.0632267,R_6odNeloeBdVKGdj,counterfactual,base_prototype
1,12,130301,1,bmi,bmi,0/0/0/0.176339/0,0/0/0/0.360832/0,0/0/0/0.360832/0,0.4065555776028721,0.0,0.0,0.05,0.0,1,0.05,0.00604541/0.112765/0.200855/0.310832/0.0230591,-0.00604541/0.112765/0.200855/0.310832/0.0230591,R_6odNeloeBdVKGdj,counterfactual,base_prototype
2,13,130302,1,bmi,blood_pressure,0/0/0/0.190388/0,0/0.551062/0/0/0,0/0/0/0.424881/0,0.29839311461043355,0.0,0.0,0.05,0.0,1,0.1,0.000615401/0.451062/0.178231/0.324881/0.00371922,-0.000615401/0.451062/0.178231/0.324881/-0.00371922,R_6odNeloeBdVKGdj,counterfactual,base_prototype
3,14,130303,1,bmi,bmi,0/0/0/0.351222/0,0/0/0/0.497808/0,0/0/0/0.497808/0,0.4599054893483172,0.0,0.0,0.05,0.0,1,0.05,0.0011222/0.112765/0.185772/0.447808/0.066202,0.0011222/0.112765/0.185772/0.447808/-0.066202,R_6odNeloeBdVKGdj,counterfactual,base_prototype
4,15,130304,1,age,bmi,0/0/0/0/0.405405,0/0/0/0.185221/0,0/0/0/0/0.0775222,0.01792895394809239,0.0,0.0,0.1,0.0,0,0.05,0.001267/0.112765/0.0525392/0.135221/0,-0.001267/0.112765/-0.0525392/0.135221/0.0275222,R_6odNeloeBdVKGdj,counterfactual,base_prototype
0,16,130305,1,blood_pressure,bmi,0/-0.586957/0/0/0,0/0/0/-0.405507/0,0/-0.360105/0/0/0,0.35308536646319333,0.0,0.0,0.05,0.0,1,0.05,0.00394581/0.310105/0.0274008/0.355507/0.0632267,0.00394581/-0.310105/0.0274008/-0.355507/0.0632267,R_6odNeloeBdVKGdj,counterfactual,base_prototype
1,17,130306,1,blood_pressure,insulin,0/-0.717391/0/0/0,0/0/0.281021/0/0,0/-0.190957/0/0/0,0.29661767303230624,0.0,0.0,0.05,0.0,1,0.05,0.00524901/0.140957/0.231021/0.0122928/0.0260345,0.00524901/-0.140957/0.231021/-0.0122928/-0.0260345,R_6odNeloeBdVKGdj,counterfactual,base_prototype
2,18,130307,1,blood_pressure,insulin,0/-0.26087/0/0/0,0/0/0.211866/0/0,0/0.128191/0/0/0,0.11395495674873901,0.0,0.0,0.05,0.0,1,0.1,0.00894141/0.0281914/0.111866/0.0755128/0.0438868,0.00894141/0.0281914/0.111866/0.0755128/-0.0438868,R_6odNeloeBdVKGdj,counterfactual,base_prototype
3,19,130308,1,blood_pressure,blood_pressure,0/-0.586957/0/0/0,0/-0.360105/0/0/0,0/-0.360105/0/0/0,0.3646647665939875,0.0,0.0,0.05,0.0,1,0.05,0.0017738/0.310105/0.178231/0.208977/0.0394237,0.0017738/-0.310105/0.178231/0.208977/-0.0394237,R_6odNeloeBdVKGdj,counterfactual,base_prototype
4,20,130309,1,age,bmi,0/0/0/0/0.675676,0/0/0/-0.178196/0,0/0/0/0/0.113227,0.016771204527576893,0.0,0.0,0.1,0.0,0,0.05,0.000398201/0.0986698/0.0781803/0.128196/0,-0.000398201/-0.0986698/-0.0781803/-0.128196/0.0632267,R_6odNeloeBdVKGdj,counterfactual,base_prototype
0,1,130200,-1,insulin,glucose,0/0/0.428937/0/0,-0.281011/0/0/0/0,0/0/0.0668112/0/0,0.09615152361569246,0.0,24.0,0.025,0.0,0,0.0,0.239764/0.0156547/0.00980663/0.0812214/0,-0.281011/-0.106653/0.0668112/0.0951941/0,R_6odNeloeBdVKGdj,counterfactual,counterfactual_exemplar
1,2,130201,-1,insulin,glucose,0/0/0.131981/0/0,-0.281519/0/0/0/0,0/0/0.0358798/0/0,0.07838339343843759,0.0,24.0,0.025,0.0,0,0.025,0.246004/0.00453795/0.000445983/0.121077/0,-0.256519/0.110704/0.0108798/0.126252/0,R_6odNeloeBdVKGdj,counterfactual,counterfactual_exemplar
2,3,130202,-1,insulin,glucose,0/0/0.214468/0/0,-0.289207/0/0/0/0,0/0/0.19944/0/0,0.32637850559578013,1.0,2.0,0.025,0.0,0,0.05,0.093989/0.0388842/0.0907223/0.00810806/0,-0.239207/0.0640513/0.14944/0.0206354/0,R_6odNeloeBdVKGdj,counterfactual,counterfactual_exemplar
3,4,130203,-1,blood_pressure,insulin,0/-0.26087/0/0/0,0/0/0.252428/0/0,0/-0.188406/0/0/0,0.2680913119048924,2.0,0.0,0.025,0.0,0,0.0,0.0879165/0.142771/0.191286/0.0408992/0,-0.362968/-0.188406/0.252428/-0.168854/0,R_6odNeloeBdVKGdj,counterfactual,counterfactual_exemplar
4,5,130204,-1,insulin,glucose,0/0/0.195909/0/0,-0.314141/0/0/0/0,0/0/-0.147614/0/0,0.154999937736746,0.0,24.0,0.025,0.0,0,0.025,0.183415/0.00708675/0.0448348/0.0922971/0,-0.289141/-0.0193809/-0.122614/0.1455/0,R_6odNeloeBdVKGdj,counterfactual,counterfactual_exemplar
0,6,130205,-1,bmi,glucose,0/0/0/-0.175611/0,-0.555447/0/0/0/0,0/0/0/-0.169655/0,0.15305157752639037,0.0,24.0,0.025,0.0,0,0.0,0.165599/0.061768/0.0855046/0.0505805/0,-0.555447/-0.0880058/-0.121825/-0.169655/0,R_6odNeloeBdVKGdj,counterfactual,counterfactual_exemplar
1,7,130206,-1,bmi,glucose,0/0/0/-0.281079/0,-0.378731/0/0/0/0,0/0/0/-0.206866/0,0.19230930325107382,0.0,24.0,0.025,0.0,0,0.025,0.135372/0.107806/0.0367541/0.0695994/0,-0.353731/-0.17464/-0.0595398/-0.181866/0,R_6odNeloeBdVKGdj,counterfactual,counterfactual_exemplar
2,8,130207,-1,insulin,insulin,0/0/-0.123732/0/0,0/0/-0.275401/0/0,0/0/-0.275401/0/0,0.3530704353428268,1.0,2.0,0.025,0.0,0,0.05,0.119611/0.0174531/0.148764/0.0572749/0,-0.351798/0.0264441/-0.225401/-0.168455/0,R_6odNeloeBdVKGdj,counterfactual,counterfactual_exemplar
3,9,130208,-1,bmi,insulin,0/0/0/-0.146541/0,0/0/0.242369/0/0,0/0/0/-0.0875782/0,0.14192155660877367,2.0,0.0,0.025,0.0,0,0.0,0.0118465/0.0475547/0.165418/0.0278056/0,0.0373125/0.0696766/0.242369/-0.0875782/0,R_6odNeloeBdVKGdj,counterfactual,counterfactual_exemplar
4,10,130209,-1,bmi,bmi,0/0/0/-0.57/0,0/0/0/-0.446829/0,0/0/0/-0.446829/0,0.3659729907358934,0.0,24.0,0.025,0.0,0,0.025,0.0678839/0.160196/0.0529007/0.235319/0,-0.121688/-0.362314/-0.119645/-0.421829/0,R_6odNeloeBdVKGdj,counterfactual,counterfactual_exemplar
0,11,130300,1,bmi,bmi,0/0/0/0.526833/0,0/0/0/0.143983/0,0/0/0/0.143983/0,0.27362394993597017,0.0,24.0,0.025,0.0,0,0.0,0.0644777/0.0305856/0.0590175/0.06942/0,-0.133733/0.0590613/0.113964/0.143983/0,R_6odNeloeBdVKGdj,counterfactual,counterfactual_exemplar
1,12,130301,1,bmi,bmi,0/0/0/0.176339/0,0/0/0/0.238937/0,0/0/0/0.238937/0,0.4463018728842928,0.0,24.0,0.025,0.0,0,0.025,0.00959388/0.0496543/0.0456769/0.164904/0,-0.0124465/0.216649/0.199295/0.213937/0,R_6odNeloeBdVKGdj,counterfactual,counterfactual_exemplar
2,13,130302,1,bmi,blood_pressure,0/0/0/0.190388/0,0/0.622516/0/0/0,0/0/0/0.29339/0,0.18244871642340887,1.0,2.0,0.025,0.0,0,0.05,0.0689989/0.315652/0.107622/0.109199/0,0.15379/0.572516/0.195199/0.24339/0,R_6odNeloeBdVKGdj,counterfactual,counterfactual_exemplar
3,14,130303,1,bmi,blood_pressure,0/0/0/0.351222/0,0/0.226506/0/0/0,0/0/0/0.367413/0,0.2311997417627313,2.0,0.0,0.025,0.0,0,0.0,0.0744243/0.150205/0.139964/0.123767/0,0.220935/0.226506/0.211062/0.367413/0,R_6odNeloeBdVKGdj,counterfactual,counterfactual_exemplar
4,15,130304,1,age,glucose,0/0/0/0/0.405405,0.239422/0/0/0/0,0/0/0/0/0,0.05608316539450658,0.0,24.0,0.025,0.0,0,0.025,0.122309/0.096593/0.0545217/0.0252989/0,0.214422/0.224852/-0.126917/0.0443518/0,R_6odNeloeBdVKGdj,counterfactual,counterfactual_exemplar
0,16,130305,1,blood_pressure,blood_pressure,0/-0.586957/0/0/0,0/-0.196801/0/0/0,0/-0.196801/0/0/0,0.4851146348769919,0.0,24.0,0.025,0.0,0,0.0,0.0208556/0.187293/0.038271/0.0216027/0,0.431688/-0.196801/0.0402138/-0.447152/0,R_6odNeloeBdVKGdj,counterfactual,counterfactual_exemplar
1,17,130306,1,blood_pressure,insulin,0/-0.717391/0/0/0,0/0/0.265782/0/0,0/-0.0718167/0/0/0,0.15284475180265641,0.0,24.0,0.025,0.0,0,0.025,0.0517376/0.0394591/0.202941/0.0133184/0,0.329209/-0.0468167/0.240782/-0.0847456/0,R_6odNeloeBdVKGdj,counterfactual,counterfactual_exemplar
2,18,130307,1,blood_pressure,glucose,0/-0.26087/0/0/0,0.584299/0/0/0/0,0/0.188435/0/0/0,0.21444273142502981,1.0,2.0,0.025,0.0,0,0.05,0.210271/0.0839543/0.0650123/0.00251498/0,0.534299/0.138435/0.107201/-0.00639057/0,R_6odNeloeBdVKGdj,counterfactual,counterfactual_exemplar
3,19,130308,1,blood_pressure,blood_pressure,0/-0.586957/0/0/0,0/-0.208732/0/0/0,0/-0.208732/0/0/0,0.287787321024309,2.0,0.0,0.025,0.0,0,0.0,0.0921258/0.131236/0.125594/0.0475843/0,0.248137/-0.208732/0.199758/0.128167/0,R_6odNeloeBdVKGdj,counterfactual,counterfactual_exemplar
4,20,130309,1,age,insulin,0/0/0/0/0.675676,0/0/-0.132383/0/0,0/0/0/0/0,0.07455316646840732,0.0,24.0,0.025,0.0,0,0.025,0.0229881/0.0181699/0.0980529/0.0191279/0,0.264584/0.0198987/-0.107383/-0.220154/0,R_6odNeloeBdVKGdj,counterfactual,counterfactual_exemplar
0,1,130200,-1,insulin,insulin,0/0/0.428937/0/0,0/0/0.363369/0/0,0/0/0.363369/0/0,0.4858277548930557,2.0,0.0,0.025,0.25,0,0.025,0.0462797/0.0655764/0.28351/0.00936148/0,-0.28545/-0.0782655/0.338369/0.0577409/0,R_6odNeloeBdVKGdj,counterfactual,counterfactual_prototype
1,2,130201,-1,insulin,insulin,0/0/0.131981/0/0,0/0/0.338945/0/0,0/0/0.338945/0/0,0.45606853919679924,2.0,0.0,0.025,0.25,0,0.05,0.0489716/0.0672265/0.233102/0.0193378/0,-0.253392/0.0833315/0.288945/0.100059/0,R_6odNeloeBdVKGdj,counterfactual,counterfactual_prototype
2,3,130202,-1,insulin,glucose,0/0/0.214468/0/0,-0.270228/0/0/0/0,0/0/0.158929/0/0,0.34985431940972284,1.0,0.0,0.025,0.25,0,0.05,0.0765877/0.00912894/0.0710473/0.00707755/0,-0.220228/0.0139964/0.108929/-0.0203515/0,R_6odNeloeBdVKGdj,counterfactual,counterfactual_prototype
3,4,130203,-1,blood_pressure,insulin,0/-0.26087/0/0/0,0/0/0.252428/0/0,0/-0.188406/0/0/0,0.2680913119048924,2.0,0.0,0.025,0.0,0,0.0,0.0879165/0.142771/0.191286/0.0408992/0,-0.362968/-0.188406/0.252428/-0.168854/0,R_6odNeloeBdVKGdj,counterfactual,counterfactual_prototype
4,5,130204,-1,insulin,insulin,0/0/0.195909/0/0,0/0/0.223375/0/0,0/0/0.223375/0/0,0.40668243221773037,2.0,0.0,0.025,0.25,0,0.05,0.0745198/0.0124851/0.128019/0.0262656/0,-0.284854/-0.0169085/0.173375/0.100401/0,R_6odNeloeBdVKGdj,counterfactual,counterfactual_prototype
0,6,130205,-1,bmi,glucose,0/0/0/-0.175611/0,-0.481906/0/0/0/0,0/0/0/-0.206377/0,0.19606976747702626,2.0,0.0,0.025,0.25,0,0.025,0.127212/0.0596088/0.0114757/0.0504993/0,-0.456906/-0.0826088/0.0159036/-0.181377/0,R_6odNeloeBdVKGdj,counterfactual,counterfactual_prototype
1,7,130206,-1,bmi,blood_pressure,0/0/0/-0.281079/0,0/-0.198221/0/0/0,0/0/0/-0.270824/0,0.2137621463651931,2.0,0.0,0.025,0.25,0,0.05,0.079693/0.104776/0.0325593/0.0647261/0,-0.271886/-0.148221/0.04606/-0.220824/0,R_6odNeloeBdVKGdj,counterfactual,counterfactual_prototype
2,8,130207,-1,insulin,insulin,0/0/-0.123732/0/0,0/0/-0.276845/0/0,0/0/-0.276845/0/0,0.336849307788196,1.0,0.0,0.025,0.25,0,0.05,0.120929/0.0119664/0.136248/0.0659254/0,-0.302794/-0.0199233/-0.226845/-0.16507/0,R_6odNeloeBdVKGdj,counterfactual,counterfactual_prototype
3,9,130208,-1,bmi,insulin,0/0/0/-0.146541/0,0/0/0.242369/0/0,0/0/0/-0.0875782/0,0.14192155660877367,2.0,0.0,0.025,0.0,0,0.0,0.0118465/0.0475547/0.165418/0.0278056/0,0.0373125/0.0696766/0.242369/-0.0875782/0,R_6odNeloeBdVKGdj,counterfactual,counterfactual_prototype
4,10,130209,-1,bmi,blood_pressure,0/0/0/-0.57/0,0/-0.329503/0/0/0,0/0/0/-0.464866/0,0.2715994863464564,2.0,0.0,0.025,0.25,0,0.05,0.0263273/0.187908/0.0816335/0.135954/0,-0.0803383/-0.279503/0.121425/-0.414866/0,R_6odNeloeBdVKGdj,counterfactual,counterfactual_prototype
0,11,130300,1,bmi,insulin,0/0/0/0.526833/0,0/0/0.146344/0/0,0/0/0/0.181446/0,0.2014540654456109,2.0,0.0,0.025,0.25,0,0.025,0.0393964/0.0540062/0.0842081/0.0478786/0,-0.12873/0.0778232/0.121344/0.156446/0,R_6odNeloeBdVKGdj,counterfactual,counterfactual_prototype
1,12,130301,1,bmi,insulin,0/0/0/0.176339/0,0/0/0.263872/0/0,0/0/0/0.261662/0,0.18489026443572762,2.0,0.0,0.025,0.25,0,0.05,0.00227491/0.14205/0.145969/0.0672014/0,-0.0071652/0.20813/0.213872/0.211662/0,R_6odNeloeBdVKGdj,counterfactual,counterfactual_prototype
2,13,130302,1,bmi,blood_pressure,0/0/0/0.190388/0,0/0.518151/0/0/0,0/0/0/0.271247/0,0.1734119065236211,1.0,0.0,0.025,0.25,0,0.05,0.064188/0.27558/0.111156/0.0910084/0,0.156045/0.468151/0.18883/0.221247/0,R_6odNeloeBdVKGdj,counterfactual,counterfactual_prototype
3,14,130303,1,bmi,blood_pressure,0/0/0/0.351222/0,0/0.226506/0/0/0,0/0/0/0.367413/0,0.2311997417627313,2.0,0.0,0.025,0.0,0,0.0,0.0744243/0.150205/0.139964/0.123767/0,0.220935/0.226506/0.211062/0.367413/0,R_6odNeloeBdVKGdj,counterfactual,counterfactual_prototype
4,15,130304,1,age,blood_pressure,0/0/0/0/0.405405,0/0.257838/0/0/0,0/0/0/0/0,0.07034772049636825,2.0,0.0,0.025,0.25,0,0.05,0.0462866/0.136111/0.0305099/0.0275069/0,0.134121/0.207838/-0.0465878/0.0797047/0,R_6odNeloeBdVKGdj,counterfactual,counterfactual_prototype
0,16,130305,1,blood_pressure,bmi,0/-0.586957/0/0/0,0/0/0/-0.313409/0,0/-0.143324/0/0/0,0.2308581491397936,2.0,0.0,0.025,0.25,0,0.025,0.101343/0.0766052/0.0228039/0.101688/0,0.287431/-0.118324/0.0352228/-0.288409/0,R_6odNeloeBdVKGdj,counterfactual,counterfactual_prototype
1,17,130306,1,blood_pressure,insulin,0/-0.717391/0/0/0,0/0/0.293875/0/0,0/0.0620438/0/0/0,0.08435623491447057,2.0,0.0,0.025,0.25,0,0.05,0.117136/0.00771553/0.156232/0.0111627/0,0.325942/0.0120438/0.243875/-0.0310612/0,R_6odNeloeBdVKGdj,counterfactual,counterfactual_prototype
2,18,130307,1,blood_pressure,glucose,0/-0.26087/0/0/0,0.487295/0/0/0/0,0/0.191867/0/0/0,0.21261551672248746,1.0,0.0,0.025,0.25,0,0.05,0.188748/0.0806334/0.068402/0.0146966/0,0.437295/0.141867/0.120347/0.0340493/0,R_6odNeloeBdVKGdj,counterfactual,counterfactual_prototype
3,19,130308,1,blood_pressure,blood_pressure,0/-0.586957/0/0/0,0/-0.208732/0/0/0,0/-0.208732/0/0/0,0.287787321024309,2.0,0.0,0.025,0.0,0,0.0,0.0921258/0.131236/0.125594/0.0475843/0,0.248137/-0.208732/0.199758/0.128167/0,R_6odNeloeBdVKGdj,counterfactual,counterfactual_prototype
4,20,130309,1,age,glucose,0/0/0/0/0.675676,0.210794/0/0/0/0,0/0/0/0/0,0.04857192431039182,2.0,0.0,0.025,0.25,0,0.05,0.0605391/0.0277387/0.0458535/0.0444831/0,0.160794/0.0444888/-0.0735422/-0.118148/0,R_6odNeloeBdVKGdj,counterfactual,counterfactual_prototype
0,1,130200,-1,blood_pressure,blood_pressure,0/-0.347826/0/0/0,0/-0.217763/0/0/0,0/-0.217763/0/0/0,0.5924694022790992,1.0,24.0,0.025,0.0,0,0.2,0/0.0355267/0/0/0,-0/-0.0177634/0.106558/0.126994/-0.268044,R_6wXGfWyjo5t4lnH,attribution,additive_exemplar
1,2,130201,-1,insulin,blood_pressure,0/0/0.511425/0/0,0/0.360889/0/0/0,0/0/0.30007/0/0,0.12108385825421947,1.0,24.0,0.025,0.0,0,0.3,0/0.121778/0.00654807/0/0,-0/0.0608891/7.01721e-05/0.139176/-0.136025,R_6wXGfWyjo5t4lnH,attribution,additive_exemplar
2,3,130202,-1,insulin,blood_pressure,0/0/0.294894/0/0,0/0.345512/0/0/0,0/0/-0.3/0/0,0.09814066441933503,1.0,24.0,0.025,0.0,0,0.3,0/0.0910239/0/0/0,0/0.045512/-0/0.00672505/-0.178376,R_6wXGfWyjo5t4lnH,attribution,additive_exemplar
3,4,130203,-1,blood_pressure,blood_pressure,0/-0.26087/0/0/0,0/-0.370131/0/0/0,0/-0.370131/0/0/0,0.5924694022790992,1.0,24.0,0.025,0.0,0,0.3,0/0.140262/0/0/0,-0/-0.0701308/-0/-0.0665659/0.0910953,R_6wXGfWyjo5t4lnH,attribution,additive_exemplar
4,5,130204,-1,blood_pressure,blood_pressure,0/-0.130435/0/0/0,0/0.319937/0/0/0,0/0.319937/0/0/0,0.5924694022790992,1.0,24.0,0.025,0.0,0,0.3,0/0.0398738/0/0/0,-0/0.0199369/-0/0.150324/-0.148769,R_6wXGfWyjo5t4lnH,attribution,additive_exemplar
0,6,130205,-1,blood_pressure,blood_pressure,0/-0.326087/0/0/0,0/-0.207584/0/0/0,0/-0.207584/0/0/0,0.5924694022790992,1.0,24.0,0.025,0.0,0,0.2,0/0.0151679/0/0/0,-0/-0.00758395/-0/-0.098864/0.260391,R_6wXGfWyjo5t4lnH,attribution,additive_exemplar
1,7,130206,-1,blood_pressure,blood_pressure,0/-0.456522/0/0/0,0/-0.348723/0/0/0,0/-0.348723/0/0/0,0.5924694022790992,1.0,24.0,0.025,0.0,0,0.3,0/0.0974451/0/0/0,-0/-0.0487226/-0/-0.0866992/0.123659,R_6wXGfWyjo5t4lnH,attribution,additive_exemplar
2,8,130207,-1,insulin,blood_pressure,0/0/0.166873/0/0,0/0.328781/0/0/0,0/0/-0.3/0/0,0.09814066441933503,1.0,24.0,0.025,0.0,0,0.3,0/0.0575627/0/0/0,-0.103688/0.0287814/-0/-0.134224/0,R_6wXGfWyjo5t4lnH,attribution,additive_exemplar
3,9,130208,-1,bmi,blood_pressure,0/0/0/-0.246541/0,0/0.341727/0/0/0,0/0/0/-0.354173/0,0.09814066441933503,1.0,24.0,0.025,0.0,0,0.3,0/0.0834535/0/0/0,0/0.0417268/-0/-0.0541725/-0.570607,R_6wXGfWyjo5t4lnH,attribution,additive_exemplar
4,10,130209,-1,bmi,blood_pressure,0/0/0/-0.49/0,0/-0.43222/0/0/0,0/0/0/-0.539701/0,0.09814066441933503,1.0,24.0,0.025,0.0,0,0.3,0/0.264439/0/0/0,0/-0.13222/-0/-0.239701/0.011504,R_6wXGfWyjo5t4lnH,attribution,additive_exemplar
0,11,130300,1,insulin,blood_pressure,0/0/0.692733/0/0,0/-0.225033/0/0/0,0/0/-0.210914/0/0,0.09814066441933503,1.0,24.0,0.025,0.0,0,0.2,0/0.050066/0/0/0,-0.487213/-0.025033/-0.0109136/0/0,R_6wXGfWyjo5t4lnH,attribution,additive_exemplar
1,12,130301,1,insulin,bmi,0/0/-0.0144354/0/0,0/0/0/0.301356/0,0/0/0.308877/0/0,0.09420555831949567,1.0,24.0,0.025,0.0,0,0.3,0/0.0229219/0/0.280511/0,-0.275516/0.0114609/0.00887711/0.00135551/0.298628,R_6wXGfWyjo5t4lnH,attribution,additive_exemplar
2,13,130302,1,bmi,blood_pressure,0/0/0/0.420388/0,0/0.456056/0/0/0,0/0/0/0.300107/0,0.35369950674166695,1.0,24.0,0.025,0.0,0,0.3,0/0.312113/0.0417806/0.281267/0,-0.0694206/0.156056/-0.0322247/0.000106567/0.152113,R_6wXGfWyjo5t4lnH,attribution,additive_exemplar
3,14,130303,1,bmi,bmi,0/0/0/0.421467/0,0/0/0/0.301621/0,0/0/0/0.301621/0,0.5742246548085008,1.0,24.0,0.025,0.0,0,0.3,0/0.0262956/0/0.422963/0,-0.00504181/0.0131478/-0.00722993/0.00162083/-0.236215,R_6wXGfWyjo5t4lnH,attribution,additive_exemplar
4,15,130304,1,age,blood_pressure,0/0/0/0/0.540541,0/0.348912/0/0/0,0/0/0/0/0.3,0.09814066441933503,1.0,24.0,0.025,0.0,0,0.3,0/0.0978246/0/0/0,-0.0920982/0.0489123/-0.157727/0/0,R_6wXGfWyjo5t4lnH,attribution,additive_exemplar
0,16,130305,1,blood_pressure,blood_pressure,0/-0.5/0/0/0,0/-0.351221/0/0/0,0/-0.351221/0/0/0,0.5924694022790992,1.0,24.0,0.025,0.0,0,0.2,0/0.302443/0/0/0,0.0169942/-0.151221/-0.0947703/-0/0,R_6wXGfWyjo5t4lnH,attribution,additive_exemplar
1,17,130306,1,insulin,blood_pressure,0/0/-0.142292/0/0,0/-0.374309/0/0/0,0/0/0.33962/0/0,0.3245838602394953,1.0,24.0,0.025,0.0,0,0.3,0/0.148618/0.103461/0/0,0/-0.0743088/0.0396201/-0/0,R_6wXGfWyjo5t4lnH,attribution,additive_exemplar
2,18,130307,1,bmi,blood_pressure,0/0/0/0.35102/0,0/0.311993/0/0/0,0/0/0/0.3/0,0.09814066441933503,1.0,24.0,0.025,0.0,0,0.3,0/0.0239852/0/0/0,0.236422/0.0119926/-0.0304154/0/-0,R_6wXGfWyjo5t4lnH,attribution,additive_exemplar
3,19,130308,1,blood_pressure,blood_pressure,0/-0.304348/0/0/0,0/-0.46139/0/0/0,0/-0.46139/0/0/0,0.5924694022790992,1.0,24.0,0.025,0.0,0,0.3,0/0.32278/0/0/0,0.0132692/-0.16139/0.0278063/0/-0,R_6wXGfWyjo5t4lnH,attribution,additive_exemplar
4,20,130309,1,bmi,blood_pressure,0/0/0/-0.442689/0,0/-0.331108/0/0/0,0/0/0/-0.3/0,0.09814066441933503,1.0,24.0,0.025,0.0,0,0.3,0/0.0622165/0/0/0,-0/-0.0311083/0/-0/0,R_6wXGfWyjo5t4lnH,attribution,additive_exemplar
0,1,130200,-1,blood_pressure,blood_pressure,0/-0.347826/0/0/0,0/-0.232609/0/0/0,0/-0.232609/0/0/0,0.5924694022790992,0.0,0.0,0.025,0.0,0,0.2,0/0.0652174/0/0/0,-0/-0.0326087/0.116858/0.140489/-0.279279,R_6wXGfWyjo5t4lnH,attribution,additive_prototype
1,2,130201,-1,insulin,blood_pressure,0/0/0.511425/0/0,0/0.376087/0/0/0,0/0/0.361178/0/0,0.09814066441933503,0.0,0.0,0.025,0.0,0,0.3,0/0.152174/0/0/0,-0/0.076087/0.0611785/0.196684/-0.198198,R_6wXGfWyjo5t4lnH,attribution,additive_prototype
2,3,130202,-1,insulin,blood_pressure,0/0/0.294894/0/0,0/0.332609/0/0/0,0/0/-0.395942/0/0,0.09814066441933503,0.0,0.0,0.025,0.0,0,0.3,0/0.0652174/0/0/0,-0/0.0326087/-0.147103/0.0351222/-0.144144,R_6wXGfWyjo5t4lnH,attribution,additive_prototype
3,4,130203,-1,blood_pressure,blood_pressure,0/-0.26087/0/0/0,0/-0.397826/0/0/0,0/-0.397826/0/0/0,0.5924694022790992,0.0,0.0,0.025,0.0,0,0.3,0/0.195652/0/0/0,-0/-0.0978261/-0.109984/-0.15805/0.153153,R_6wXGfWyjo5t4lnH,attribution,additive_prototype
4,5,130204,-1,blood_pressure,blood_pressure,0/-0.130435/0/0/0,0/0.31087/0/0/0,0/0.31087/0/0/0,0.5924694022790992,0.0,0.0,0.025,0.0,0,0.3,0/0.0217391/0/0/0,-0/0.0108696/-0.0749264/0.196684/-0.117117,R_6wXGfWyjo5t4lnH,attribution,additive_prototype
0,6,130205,-1,blood_pressure,blood_pressure,0/-0.326087/0/0/0,0/-0.232609/0/0/0,0/-0.232609/0/0/0,0.5924694022790992,0.0,0.0,0.025,0.0,0,0.2,0/0.0652174/0/0/0,-0/-0.0326087/-0.281146/-0.179123/0.342342,R_6wXGfWyjo5t4lnH,attribution,additive_prototype
1,7,130206,-1,blood_pressure,blood_pressure,0/-0.456522/0/0/0,0/-0.376087/0/0/0,0/-0.376087/0/0/0,0.5924694022790992,0.0,0.0,0.025,0.0,0,0.3,0/0.152174/0/0/0,-0/-0.076087/-0.23784/-0.231807/0.207207,R_6wXGfWyjo5t4lnH,attribution,additive_prototype
2,8,130207,-1,insulin,blood_pressure,0/0/0.166873/0/0,0/0.31087/0/0/0,0/0/-0.833127/0/0,0.09814066441933503,0.0,0.0,0.025,0.0,0,0.3,0/0.0217391/0/0/0,-0/0.0108696/-0.584289/-0.15805/0.126126,R_6wXGfWyjo5t4lnH,attribution,additive_prototype
3,9,130208,-1,bmi,blood_pressure,0/0/0/-0.246541/0,0/0.332609/0/0/0,0/0/0/-0.377269/0,0.09814066441933503,0.0,0.0,0.025,0.0,0,0.3,0/0.0652174/0/0/0,0/0.0326087/-0.103797/-0.0772689/-0.576577,R_6wXGfWyjo5t4lnH,attribution,additive_prototype
4,10,130209,-1,bmi,blood_pressure,0/0/0/-0.49/0,0/-0.463043/0/0/0,0/0/0/-0.790728/0,0.09814066441933503,0.0,0.0,0.025,0.0,0,0.3,0/0.326087/0/0/0,0/-0.163043/-0.130606/-0.490728/0.0990991,R_6wXGfWyjo5t4lnH,attribution,additive_prototype
0,11,130300,1,insulin,blood_pressure,0/0/0.692733/0/0,0/-0.228986/0/0/0,0/0/0.2/0/0,0.09814066441933503,0.0,0.0,0.025,0.0,0,0.2,0/0.057971/0/0/0,-0.398175/-0.0289855/0/0/0,R_6wXGfWyjo5t4lnH,attribution,additive_prototype
1,12,130301,1,insulin,blood_pressure,0/0/-0.0144354/0/0,0/0.357971/0/0/0,0/0/0.3/0/0,0.09814066441933503,0.0,0.0,0.025,0.0,0,0.3,0/0.115942/0/0/0,-0.236638/0.057971/0/0/0,R_6wXGfWyjo5t4lnH,attribution,additive_prototype
2,13,130302,1,bmi,blood_pressure,0/0/0/0.420388/0,0/0.531884/0/0/0,0/0/0/0.3/0,0.09814066441933503,0.0,0.0,0.025,0.0,0,0.3,0/0.463768/0/0/0,-0.0240889/0.231884/0/0/-0,R_6wXGfWyjo5t4lnH,attribution,additive_prototype
3,14,130303,1,bmi,blood_pressure,0/0/0/0.421467/0,0/0.357971/0/0/0,0/0/0/0.3/0,0.09814066441933503,0.0,0.0,0.025,0.0,0,0.3,0/0.115942/0/0/0,0.0439268/0.057971/0/0/-0,R_6wXGfWyjo5t4lnH,attribution,additive_prototype
4,15,130304,1,age,blood_pressure,0/0/0/0/0.540541,0/0.357971/0/0/0,0/0/0/0/0.3,0.09814066441933503,0.0,0.0,0.025,0.0,0,0.3,0/0.115942/0/0/0,-0.0495947/0.057971/-0/0/0,R_6wXGfWyjo5t4lnH,attribution,additive_prototype
0,16,130305,1,blood_pressure,blood_pressure,0/-0.5/0/0/0,0/-0.35942/0/0/0,0/-0.35942/0/0/0,0.5924694022790992,0.0,0.0,0.025,0.0,0,0.2,0/0.318841/0/0/0,0.154452/-0.15942/0/-0/0,R_6wXGfWyjo5t4lnH,attribution,additive_prototype
1,17,130306,1,insulin,blood_pressure,0/0/-0.142292/0/0,0/-0.372464/0/0/0,0/0/0.3/0/0,0.09814066441933503,0.0,0.0,0.025,0.0,0,0.3,0/0.144928/0/0/0,0.205464/-0.0724638/0/-0/-0,R_6wXGfWyjo5t4lnH,attribution,additive_prototype
2,18,130307,1,bmi,blood_pressure,0/0/0/0.35102/0,0/0.314493/0/0/0,0/0/0/0.3/0,0.09814066441933503,0.0,0.0,0.025,0.0,0,0.3,0/0.0289855/0/0/0,0.349997/0.0144928/0/0/-0,R_6wXGfWyjo5t4lnH,attribution,additive_prototype
3,19,130308,1,blood_pressure,blood_pressure,0/-0.304348/0/0/0,0/-0.45942/0/0/0,0/-0.45942/0/0/0,0.5924694022790992,0.0,0.0,0.025,0.0,0,0.3,0/0.318841/0/0/0,0.0694326/-0.15942/0/0/-0,R_6wXGfWyjo5t4lnH,attribution,additive_prototype
4,20,130309,1,bmi,blood_pressure,0/0/0/-0.442689/0,0/-0.350725/0/0/0,0/0/0/-0.3/0,0.09814066441933503,0.0,0.0,0.025,0.0,0,0.3,0/0.101449/0/0/0,-0.0155869/-0.0507246/-0/-0/0,R_6wXGfWyjo5t4lnH,attribution,additive_prototype
0,1,130200,-1,blood_pressure,insulin,0/-0.347826/0/0/0,0/0/0.214145/0/0,0/-0.148833/0/0/0,0.16211413943688946,0.5,6.0,0.05,0.0,1,0.1,0.0174103/0.048833/0.114145/0.109499/0.00176594,-0.0174103/-0.048833/0.114145/0.109499/-0.00176594,R_6wXGfWyjo5t4lnH,attribution,base_exemplar
1,2,130201,-1,insulin,bmi,0/0/0.511425/0/0,0/0/0/0.330421/0,0/0/0.210676/0/0,0.07120359135220505,0.0,12.0,0.05,0.0,0,0.2,0.00161878/0.107764/0.0106758/0.130421/0,-0.00161878/0.107764/0.0106758/0.130421/-0.0237713,R_6wXGfWyjo5t4lnH,attribution,base_exemplar
2,3,130202,-1,insulin,insulin,0/0/0.294894/0/0,0/0/-0.307592/0/0,0/0/-0.307592/0/0,0.40122883526130493,0.0,0.0,0.025,0.0,0,0.2,0.000724001/0.0634306/0.107592/0.0351222/0,-0.000724001/0.0634306/-0.107592/0.0351222/-0.023803,R_6wXGfWyjo5t4lnH,attribution,base_exemplar
3,4,130203,-1,blood_pressure,blood_pressure,0/-0.26087/0/0/0,0/-0.383768/0/0/0,0/-0.383768/0/0/0,0.3611311741734768,0.0,2.0,0.025,0.0,0,0.2,0.00376074/0.183768/0.0759327/0.147315/0,-0.00376074/-0.183768/-0.0759327/-0.147315/0.0240232,R_6wXGfWyjo5t4lnH,attribution,base_exemplar
4,5,130204,-1,blood_pressure,bmi,0/-0.130435/0/0/0,0/0/0/0.264061/0,0/0.115562/0/0/0,0.07976982932629684,0.0,6.0,0.1,0.0,0,0.1,0.00230944/0.0155623/0.0531464/0.164061/0,-0.00230944/0.0155623/-0.0531464/0.164061/-0.0192758,R_6wXGfWyjo5t4lnH,attribution,base_exemplar
0,6,130205,-1,blood_pressure,insulin,0/-0.326087/0/0/0,0/0/-0.321339/0/0,0/-0.139076/0/0/0,0.10488903963968697,0.5,6.0,0.05,0.0,1,0.1,0.0414378/0.0390758/0.221339/0.120317/0.0196924,-0.0414378/-0.0390758/-0.221339/-0.120317/0.0196924,R_6wXGfWyjo5t4lnH,attribution,base_exemplar
1,7,130206,-1,blood_pressure,insulin,0/-0.456522/0/0/0,0/0/-0.342396/0/0,0/-0.310191/0/0/0,0.25461389036587884,0.0,12.0,0.05,0.0,0,0.2,0.00286909/0.110191/0.142396/0.133579/0,-0.00286909/-0.110191/-0.142396/-0.133579/0.0243781,R_6wXGfWyjo5t4lnH,attribution,base_exemplar
2,8,130207,-1,insulin,insulin,0/0/0.166873/0/0,0/0/-0.627352/0/0,0/0/-0.627352/0/0,0.4858177303603685,0.0,0.0,0.025,0.0,0,0.2,0.0035476/0.0211435/0.427352/0.15805/0,-0.0035476/0.0211435/-0.427352/-0.15805/0.0208276,R_6wXGfWyjo5t4lnH,attribution,base_exemplar
3,9,130208,-1,bmi,bmi,0/0/0/-0.246541/0,0/0/0/-0.278845/0,0/0/0/-0.278845/0,0.29998595823008734,0.0,2.0,0.025,0.0,0,0.2,0.00643093/0.0632473/0.0773975/0.0788446/0,0.00643093/0.0632473/-0.0773975/-0.0788446/-0.0947455,R_6wXGfWyjo5t4lnH,attribution,base_exemplar
4,10,130209,-1,bmi,bmi,0/0/0/-0.49/0,0/0/0/-0.516558/0,0/0/0/-0.516558/0,0.4615951890760314,0.0,6.0,0.1,0.0,0,0.1,0.00358426/0.291802/0.079161/0.416558/0,0.00358426/-0.291802/-0.079161/-0.416558/0.0108023,R_6wXGfWyjo5t4lnH,attribution,base_exemplar
0,11,130300,1,insulin,bmi,0/0/0.692733/0/0,0/0/0/0.315954/0,0/0/0.190314/0/0,0.19474508164817778,0.5,6.0,0.05,0.0,1,0.1,0.0391674/0.0543693/0.0903143/0.215954/0.0384333,-0.0391674/-0.0543693/0.0903143/0.215954/0.0384333,R_6wXGfWyjo5t4lnH,attribution,base_exemplar
1,12,130301,1,insulin,bmi,0/0/-0.0144354/0/0,0/0/0/0.494171/0,0/0/0.245957/0/0,0.13194967811791855,0.0,12.0,0.05,0.0,0,0.2,0.00720179/0.054696/0.0459572/0.294171/0,-0.00720179/0.054696/0.0459572/0.294171/0.045696,R_6wXGfWyjo5t4lnH,attribution,base_exemplar
2,13,130302,1,bmi,blood_pressure,0/0/0/0.420388/0,0/0.651062/0/0/0,0/0/0/0.524881/0,0.28699183838664505,0.0,0.0,0.025,0.0,0,0.2,0.000615401/0.451062/0.178231/0.324881/0,-0.000615401/0.451062/0.178231/0.324881/-0.00371922,R_6wXGfWyjo5t4lnH,attribution,base_exemplar
3,14,130303,1,bmi,bmi,0/0/0/0.421467/0,0/0/0/0.64713/0,0/0/0/0.64713/0,0.46399477250599797,0.0,2.0,0.025,0.0,0,0.2,0.000611362/0.0999142/0.140295/0.44713/0,0.000611362/0.0999142/0.140295/0.44713/-0.0585036,R_6wXGfWyjo5t4lnH,attribution,base_exemplar
4,15,130304,1,age,bmi,0/0/0/0/0.540541,0/0/0/0.225997/0,0/0/0/0/0.129395,0.016566968463982125,0.0,6.0,0.1,0.0,0,0.1,0.00136143/0.106385/0.070058/0.125997/0,-0.00136143/0.106385/-0.070058/0.125997/0.0293948,R_6wXGfWyjo5t4lnH,attribution,base_exemplar
0,16,130305,1,blood_pressure,bmi,0/-0.5/0/0/0,0/0/0/-0.421569/0,0/-0.405379/0/0/0,0.374913324994169,0.5,6.0,0.05,0.0,1,0.1,0.00975787/0.305379/0.0209913/0.321569/0.0447309,0.00975787/-0.305379/0.0209913/-0.321569/0.0447309,R_6wXGfWyjo5t4lnH,attribution,base_exemplar
1,17,130306,1,insulin,blood_pressure,0/0/-0.142292/0/0,0/-0.353536/0/0/0,0/0/0.297401/0/0,0.3238421723269039,0.0,12.0,0.05,0.0,0,0.2,0.00348868/0.153536/0.0974009/0.00424443/0,0.00348868/-0.153536/0.0974009/-0.00424443/-0.00292462,R_6wXGfWyjo5t4lnH,attribution,base_exemplar
2,18,130307,1,bmi,insulin,0/0/0/0.35102/0,0/0/0.311866/0/0,0/0/0/0.275513/0,0.2830815167089526,0.0,0.0,0.025,0.0,0,0.2,0.00894141/0.0281914/0.111866/0.0755128/0,0.00894141/0.0281914/0.111866/0.0755128/-0.0438868,R_6wXGfWyjo5t4lnH,attribution,base_exemplar
3,19,130308,1,blood_pressure,blood_pressure,0/-0.304348/0/0/0,0/-0.514347/0/0/0,0/-0.514347/0/0/0,0.37242308797894547,0.0,2.0,0.025,0.0,0,0.2,0.00143648/0.314347/0.148439/0.208705/0,0.00143648/-0.314347/0.148439/0.208705/-0.0343089,R_6wXGfWyjo5t4lnH,attribution,base_exemplar
4,20,130309,1,bmi,bmi,0/0/0/-0.442689/0,0/0/0/-0.21654/0,0/0/0/-0.21654/0,0.44351060322261676,0.0,6.0,0.1,0.0,0,0.1,0.000310029/0.0768256/0.0368161/0.11654/0,-0.000310029/-0.0768256/-0.0368161/-0.11654/0.0578862,R_6wXGfWyjo5t4lnH,attribution,base_exemplar
0,1,130200,-1,blood_pressure,bmi,0/-0.347826/0/0/0,0/0/0/0.140489/0,0/-0.0634306/0/0/0,0.20303915234895545,0.0,0.0,0.05,0.0,0,0.0,0.002896/0.0634306/0.0854704/0.140489/0,-0.002896/-0.0634306/0.0854704/0.140489/-0.0461183,R_6wXGfWyjo5t4lnH,attribution,base_prototype
1,2,130201,-1,insulin,bmi,0/0/0.511425/0/0,0/0/0/0.296684/0,0/0/0.144746/0/0,0.12470056761956695,0.0,0.0,0.05,0.0,0,0.1,0.00181/0.148005/0.0447463/0.196684/0,-0.00181/0.148005/0.0447463/0.196684/-0.0327291,R_6wXGfWyjo5t4lnH,attribution,base_prototype
2,3,130202,-1,insulin,insulin,0/0/0.294894/0/0,0/0/-0.307592/0/0,0/0/-0.307592/0/0,0.40122883526130493,0.0,0.0,0.025,0.0,0,0.2,0.000724001/0.0634306/0.107592/0.0351222/0,-0.000724001/0.0634306/-0.107592/0.0351222/-0.023803,R_6wXGfWyjo5t4lnH,attribution,base_prototype
3,4,130203,-1,blood_pressure,blood_pressure,0/-0.26087/0/0/0,0/-0.390292/0/0/0,0/-0.390292/0/0/0,0.35680142931201847,0.0,0.0,0.025,0.0,0,0.2,0.00376481/0.190292/0.0804427/0.15805/0,-0.00376481/-0.190292/-0.0804427/-0.15805/0.0252907,R_6wXGfWyjo5t4lnH,attribution,base_prototype
4,5,130204,-1,blood_pressure,bmi,0/-0.130435/0/0/0,0/0/0/0.296684/0,0/0.121144/0/0/0,0.08859455307997026,0.0,0.0,0.1,0.0,0,0.1,0.002896/0.0211435/0.0548016/0.196684/0,-0.002896/0.0211435/-0.0548016/0.196684/-0.0193399,R_6wXGfWyjo5t4lnH,attribution,base_prototype
0,6,130205,-1,blood_pressure,insulin,0/-0.326087/0/0/0,0/0/-0.205632/0/0,0/-0.0634306/0/0/0,0.14161830889082325,0.0,0.0,0.05,0.0,0,0.0,0.00876041/0.0634306/0.205632/0.179123/0,-0.00876041/-0.0634306/-0.205632/-0.179123/0.0565321,R_6wXGfWyjo5t4lnH,attribution,base_prototype
1,7,130206,-1,blood_pressure,bmi,0/-0.456522/0/0/0,0/0/0/-0.331807/0,0/-0.248005/0/0/0,0.2410834464495095,0.0,0.0,0.05,0.0,0,0.1,0.0024616/0.148005/0.173957/0.231807/0,-0.0024616/-0.148005/-0.173957/-0.231807/0.0342168,R_6wXGfWyjo5t4lnH,attribution,base_prototype
2,8,130207,-1,insulin,insulin,0/0/0.166873/0/0,0/0/-0.627352/0/0,0/0/-0.627352/0/0,0.4858177303603685,0.0,0.0,0.025,0.0,0,0.2,0.0035476/0.0211435/0.427352/0.15805/0,-0.0035476/0.0211435/-0.427352/-0.15805/0.0208276,R_6wXGfWyjo5t4lnH,attribution,base_prototype
3,9,130208,-1,bmi,bmi,0/0/0/-0.246541/0,0/0/0/-0.277269/0,0/0/0/-0.277269/0,0.2982548572104607,0.0,0.0,0.025,0.0,0,0.2,0.00644361/0.0634306/0.0759178/0.0772689/0,0.00644361/0.0634306/-0.0759178/-0.0772689/-0.0952119,R_6wXGfWyjo5t4lnH,attribution,base_prototype
4,10,130209,-1,bmi,bmi,0/0/0/-0.49/0,0/0/0/-0.590728/0,0/0/0/-0.590728/0,0.4737794953673923,0.0,0.0,0.1,0.0,0,0.1,0.00405441/0.317153/0.0955257/0.490728/0,0.00405441/-0.317153/-0.0955257/-0.490728/0.0163646,R_6wXGfWyjo5t4lnH,attribution,base_prototype
0,11,130300,1,insulin,bmi,0/0/0.692733/0/0,0/0/0/0.237075/0,0/0/0.110357/0/0,0.24123204671249251,0.0,0.0,0.05,0.0,0,0.0,0.0101722/0.0563827/0.110357/0.237075/0,-0.0101722/-0.0563827/0.110357/0.237075/0.0632267,R_6wXGfWyjo5t4lnH,attribution,base_prototype
1,12,130301,1,insulin,bmi,0/0/-0.0144354/0/0,0/0/0/0.410832/0,0/0/0.300855/0/0,0.2819976061552096,0.0,0.0,0.05,0.0,0,0.1,0.00604541/0.112765/0.200855/0.310832/0,-0.00604541/0.112765/0.200855/0.310832/0.0230591,R_6wXGfWyjo5t4lnH,attribution,base_prototype
2,13,130302,1,bmi,blood_pressure,0/0/0/0.420388/0,0/0.651062/0/0/0,0/0/0/0.524881/0,0.28699183838664505,0.0,0.0,0.025,0.0,0,0.2,0.000615401/0.451062/0.178231/0.324881/0,-0.000615401/0.451062/0.178231/0.324881/-0.00371922,R_6wXGfWyjo5t4lnH,attribution,base_prototype
3,14,130303,1,bmi,bmi,0/0/0/0.421467/0,0/0/0/0.647808/0,0/0/0/0.647808/0,0.4406360072912437,0.0,0.0,0.025,0.0,0,0.2,0.0011222/0.112765/0.185772/0.447808/0,0.0011222/0.112765/0.185772/0.447808/-0.066202,R_6wXGfWyjo5t4lnH,attribution,base_prototype
4,15,130304,1,age,bmi,0/0/0/0/0.540541,0/0/0/0.235221/0,0/0/0/0/0.127522,0.01792895394809239,0.0,0.0,0.1,0.0,0,0.1,0.001267/0.112765/0.0525392/0.135221/0,-0.001267/0.112765/-0.0525392/0.135221/0.0275222,R_6wXGfWyjo5t4lnH,attribution,base_prototype
0,16,130305,1,blood_pressure,bmi,0/-0.5/0/0/0,0/0/0/-0.355507/0,0/-0.310105/0/0/0,0.380283947724988,0.0,0.0,0.05,0.0,0,0.0,0.00394581/0.310105/0.0274008/0.355507/0,0.00394581/-0.310105/0.0274008/-0.355507/0.0632267,R_6wXGfWyjo5t4lnH,attribution,base_prototype
1,17,130306,1,insulin,insulin,0/0/-0.142292/0/0,0/0/0.331021/0/0,0/0/0.331021/0/0,0.48902785085635464,0.0,0.0,0.05,0.0,0,0.1,0.00524901/0.140957/0.231021/0.0122928/0,0.00524901/-0.140957/0.231021/-0.0122928/-0.0260345,R_6wXGfWyjo5t4lnH,attribution,base_prototype
2,18,130307,1,bmi,insulin,0/0/0/0.35102/0,0/0/0.311866/0/0,0/0/0/0.275513/0,0.2830815167089526,0.0,0.0,0.025,0.0,0,0.2,0.00894141/0.0281914/0.111866/0.0755128/0,0.00894141/0.0281914/0.111866/0.0755128/-0.0438868,R_6wXGfWyjo5t4lnH,attribution,base_prototype
3,19,130308,1,blood_pressure,blood_pressure,0/-0.304348/0/0/0,0/-0.510105/0/0/0,0/-0.510105/0/0/0,0.35893432403435327,0.0,0.0,0.025,0.0,0,0.2,0.0017738/0.310105/0.178231/0.208977/0,0.0017738/-0.310105/0.178231/0.208977/-0.0394237,R_6wXGfWyjo5t4lnH,attribution,base_prototype
4,20,130309,1,bmi,bmi,0/0/0/-0.442689/0,0/0/0/-0.228196/0,0/0/0/-0.228196/0,0.3675816911812303,0.0,0.0,0.1,0.0,0,0.1,0.000398201/0.0986698/0.0781803/0.128196/0,-0.000398201/-0.0986698/-0.0781803/-0.128196/0.0632267,R_6wXGfWyjo5t4lnH,attribution,base_prototype
0,1,130200,-1,blood_pressure,insulin,0/-0.195652/0/0/0,0/0/0.145319/0/0,0/-0.000725434/0/0/0,0.056438683151586025,4.0,12.0,0.05,0.0,0,0.0,0.00530843/0.000725434/0.145319/0.0364445/0,-0.00530843/-0.000725434/0.145319/0.0364445/-0.143146,R_71RY4LPSIYx8Hst,none,base_exemplar
1,2,130201,-1,insulin,bmi,0/0/-0.0783634/0/0,0/0/0/0.107026/0,0/0/-0.00737662/0/0,0.09058937225134504,0.0,24.0,0.025,0.0,0,0.0,0.00144043/0.0855338/0.00737662/0.107026/0,-0.00144043/0.0855338/-0.00737662/0.107026/-0.0197776,R_71RY4LPSIYx8Hst,none,base_exemplar
2,3,130202,-1,insulin,insulin,0/0/0.0639281/0/0,0/0/-0.154665/0/0,0/0/-0.154665/0/0,0.42439331440430444,0.0,24.0,0.025,0.0,0,0.05,0.000246692/0.0530409/0.104665/0.0271123/0,0.000246692/0.0530409/-0.104665/-0.0271123/-0.0236648,R_71RY4LPSIYx8Hst,none,base_exemplar
3,4,130203,-1,blood_pressure,blood_pressure,0/-0.195652/0/0/0,0/-0.109618/0/0/0,0/-0.109618/0/0/0,0.36644691402325175,4.0,6.0,0.025,0.0,0,0.0,0.0341674/0.109618/0.0815426/0.0147425/0,-0.0341674/-0.109618/-0.0815426/-0.0147425/0.0395875,R_71RY4LPSIYx8Hst,none,base_exemplar
4,5,130204,-1,insulin,bmi,0/0/0.125794/0/0,0/0/0/0.165651/0,0/0/-0.0939909/0/0,0.2311736408158071,0.0,24.0,0.025,0.0,0,0.05,0.00104751/0.00713649/0.0439909/0.115651/0,-0.00104751/0.00713649/-0.0439909/0.115651/-0.0212771,R_71RY4LPSIYx8Hst,none,base_exemplar
0,6,130205,-1,blood_pressure,insulin,0/-0.282609/0/0/0,0/0/-0.243751/0/0,0/-0.00531698/0/0/0,0.05808078191474935,4.0,12.0,0.05,0.0,0,0.0,0.0999046/0.00531698/0.243751/0.0188354/0,-0.0999046/-0.00531698/-0.243751/-0.0188354/0.0979339,R_71RY4LPSIYx8Hst,none,base_exemplar
1,7,130206,-1,blood_pressure,insulin,0/-0.195652/0/0/0,0/0/-0.133232/0/0,0/-0.0940294/0/0/0,0.2880111808470477,0.0,24.0,0.025,0.0,0,0.0,0.00377883/0.0940294/0.133232/0.0432073/0,-0.00377883/-0.0940294/-0.133232/-0.0432073/0.0198358,R_71RY4LPSIYx8Hst,none,base_exemplar
2,8,130207,-1,insulin,insulin,0/0/-0.204157/0/0,0/0/-0.437439/0/0,0/0/-0.437439/0/0,0.4835994151135687,0.0,24.0,0.025,0.0,0,0.05,0.00321967/0.053055/0.387439/0.113597/0,-0.00321967/0.053055/-0.387439/-0.113597/0.0105484,R_71RY4LPSIYx8Hst,none,base_exemplar
3,9,130208,-1,blood_pressure,insulin,0/-0.173913/0/0/0,0/0/-0.0945362/0/0,0/0.0867866/0/0/0,0.2870888221559931,4.0,6.0,0.025,0.0,0,0.0,0.0782468/0.0867866/0.0945362/0.0017512/0,0.0782468/0.0867866/-0.0945362/-0.0017512/-0.180411,R_71RY4LPSIYx8Hst,none,base_exemplar
4,10,130209,-1,blood_pressure,blood_pressure,0/-0.23913/0/0/0,0/-0.306612/0/0/0,0/-0.306612/0/0/0,0.37371293942615863,0.0,24.0,0.025,0.0,0,0.05,0.00171877/0.256612/0.0591376/0.229186/0,0.00171877/-0.256612/-0.0591376/-0.229186/0.00128283,R_71RY4LPSIYx8Hst,none,base_exemplar
0,11,130300,1,blood_pressure,insulin,0/0.173913/0/0/0,0/0/0.197017/0/0,0/-0.024672/0/0/0,0.08110491422653114,4.0,12.0,0.05,0.0,0,0.0,0.132535/0.024672/0.197017/0.06337/0,-0.132535/-0.024672/0.197017/0.06337/0.0976581,R_71RY4LPSIYx8Hst,none,base_exemplar
1,12,130301,1,insulin,bmi,0/0/-0.144354/0/0,0/0/0/0.278894/0,0/0/0.00821038/0/0,0.10497221816657683,0.0,24.0,0.025,0.0,0,0.0,0.00697665/0.0240086/0.00821038/0.278894/0,-0.00697665/0.0240086/0.00821038/0.278894/0.0486057,R_71RY4LPSIYx8Hst,none,base_exemplar
2,13,130302,1,blood_pressure,blood_pressure,0/0.26087/0/0/0,0/0.354559/0/0/0,0/0.354559/0/0/0,0.3872403476175433,0.0,24.0,0.025,0.0,0,0.05,0.0017265/0.304559/0.030147/0.280206/0,-0.0017265/0.304559/-0.030147/0.280206/0.0247332,R_71RY4LPSIYx8Hst,none,base_exemplar
3,14,130303,1,age,bmi,0/0/0/0/0.108108,0/0/0/0.158373/0,0/0/0/0/-0.076711,0.055410421690691186,4.0,6.0,0.025,0.0,0,0.0,0.00427505/0.0802298/0.150283/0.158373/0,-0.00427505/0.0802298/0.150283/0.158373/-0.076711,R_71RY4LPSIYx8Hst,none,base_exemplar
4,15,130304,1,blood_pressure,insulin,0/0.217391/0/0/0,0/0/-0.164056/0/0,0/0.141215/0/0/0,0.2549115290056004,0.0,24.0,0.025,0.0,0,0.05,0.00190943/0.0912153/0.114056/0.110462/0,-0.00190943/0.0912153/-0.114056/0.110462/0.0352912,R_71RY4LPSIYx8Hst,none,base_exemplar
0,16,130305,1,insulin,blood_pressure,0/0/-0.251588/0/0,0/-0.259469/0/0/0,0/0/0.0515799/0/0,0.12079644391175494,4.0,12.0,0.05,0.0,0,0.0,0.0305331/0.259469/0.0515799/0.138748/0,0.0305331/-0.259469/0.0515799/-0.138748/0.0879414,R_71RY4LPSIYx8Hst,none,base_exemplar
1,17,130306,1,blood_pressure,blood_pressure,0/-0.23913/0/0/0,0/-0.144311/0/0/0,0/-0.144311/0/0/0,0.4561071756658092,0.0,24.0,0.025,0.0,0,0.0,0.00347829/0.144311/0.0732292/0.00717192/0,0.00347829/-0.144311/0.0732292/-0.00717192/-0.000728571,R_71RY4LPSIYx8Hst,none,base_exemplar
2,18,130307,1,blood_pressure,bmi,0/0.152174/0/0/0,0/0/0/0.127839/0,0/0.066591/0/0/0,0.14714494735750208,0.0,24.0,0.025,0.0,0,0.05,0.0065681/0.016591/0.0336453/0.0778386/0,0.0065681/0.016591/-0.0336453/0.0778386/-0.0189155,R_71RY4LPSIYx8Hst,none,base_exemplar
3,19,130308,1,bmi,blood_pressure,0/0/0/0.264484/0,0/-0.292855/0/0/0,0/0/0/0.0974734/0,0.17405980670671353,4.0,6.0,0.025,0.0,0,0.0,0.00751927/0.292855/0.179044/0.0974734/0,0.00751927/-0.292855/0.179044/0.0974734/-0.03503,R_71RY4LPSIYx8Hst,none,base_exemplar
4,20,130309,1,bmi,bmi,0/0/0/0.067311/0,0/0/0/-0.144621/0,0/0/0/-0.144621/0,0.3888042007658436,0.0,24.0,0.025,0.0,0,0.05,0.000135822/0.0567823/0.0389258/0.0946211/0,-0.000135822/-0.0567823/0.0389258/-0.0946211/0.0473253,R_71RY4LPSIYx8Hst,none,base_exemplar
0,1,130200,-1,blood_pressure,insulin,0/-0.195652/0/0/0,0/0/0.141053/0/0,0/-0.00565223/0/0/0,0.06687416440338156,2.0,0.0,0.05,0.0,0,0.0,0.0131344/0.00565223/0.141053/0.0525527/0,-0.0131344/-0.00565223/0.141053/0.0525527/-0.0950832,R_71RY4LPSIYx8Hst,none,base_prototype
1,2,130201,-1,insulin,bmi,0/0/-0.0783634/0/0,0/0/0/0.196684/0,0/0/0.0447463/0/0,0.13863235995877976,0.0,0.0,0.025,0.0,0,0.0,0.00181/0.148005/0.0447463/0.196684/0,-0.00181/0.148005/0.0447463/0.196684/-0.0327291,R_71RY4LPSIYx8Hst,none,base_prototype
2,3,130202,-1,insulin,insulin,0/0/0.0639281/0/0,0/0/-0.107592/0/0,0/0/-0.107592/0/0,0.40122883526130493,0.0,0.0,0.025,0.0,0,0.0,0.000724001/0.0634306/0.107592/0.0351222/0,-0.000724001/0.0634306/-0.107592/0.0351222/-0.023803,R_71RY4LPSIYx8Hst,none,base_prototype
3,4,130203,-1,blood_pressure,blood_pressure,0/-0.195652/0/0/0,0/-0.129794/0/0/0,0/-0.129794/0/0/0,0.3472985174270689,2.0,0.0,0.025,0.0,0,0.0,0.044155/0.129794/0.0988881/0.0333705/0,-0.044155/-0.129794/-0.0988881/-0.0333705/0.0308144,R_71RY4LPSIYx8Hst,none,base_prototype
4,5,130204,-1,insulin,bmi,0/0/0.125794/0/0,0/0/0/0.196684/0,0/0/-0.0548016/0/0,0.1946108396096456,0.0,0.0,0.025,0.0,0,0.0,0.002896/0.0211435/0.0548016/0.196684/0,-0.002896/0.0211435/-0.0548016/0.196684/-0.0193399,R_71RY4LPSIYx8Hst,none,base_prototype
0,6,130205,-1,blood_pressure,insulin,0/-0.282609/0/0/0,0/0/-0.273467/0/0,0/-0.0300522/0/0/0,0.0918519918746843,2.0,0.0,0.05,0.0,0,0.0,0.101965/0.0300522/0.273467/0.053636/0,-0.101965/-0.0300522/-0.273467/-0.053636/0.0636047,R_71RY4LPSIYx8Hst,none,base_prototype
1,7,130206,-1,blood_pressure,bmi,0/-0.195652/0/0/0,0/0/0/-0.231807/0,0/-0.148005/0/0/0,0.23872950268842305,0.0,0.0,0.025,0.0,0,0.0,0.0024616/0.148005/0.173957/0.231807/0,-0.0024616/-0.148005/-0.173957/-0.231807/0.0342168,R_71RY4LPSIYx8Hst,none,base_prototype
2,8,130207,-1,insulin,insulin,0/0/-0.204157/0/0,0/0/-0.427352/0/0,0/0/-0.427352/0/0,0.4858177303603685,0.0,0.0,0.025,0.0,0,0.0,0.0035476/0.0211435/0.427352/0.15805/0,-0.0035476/0.0211435/-0.427352/-0.15805/0.0208276,R_71RY4LPSIYx8Hst,none,base_prototype
3,9,130208,-1,blood_pressure,insulin,0/-0.173913/0/0/0,0/0/-0.0987314/0/0,0/0.0833588/0/0/0,0.27244167866336827,2.0,0.0,0.025,0.0,0,0.0,0.0658665/0.0833588/0.0987314/0.0190775/0,0.0658665/0.0833588/-0.0987314/-0.0190775/-0.0854819,R_71RY4LPSIYx8Hst,none,base_prototype
4,10,130209,-1,blood_pressure,bmi,0/-0.23913/0/0/0,0/0/0/-0.490728/0,0/-0.317153/0/0/0,0.2893906913054955,0.0,0.0,0.025,0.0,0,0.0,0.00405441/0.317153/0.0955257/0.490728/0,0.00405441/-0.317153/-0.0955257/-0.490728/0.0163646,R_71RY4LPSIYx8Hst,none,base_prototype
0,11,130300,1,blood_pressure,insulin,0/0.173913/0/0/0,0/0/0.252703/0/0,0/-0.0376323/0/0/0,0.09166126053495859,2.0,0.0,0.05,0.0,0,0.0,0.0938713/0.0376323/0.252703/0.13783/0,-0.0938713/-0.0376323/0.252703/0.13783/0.035919,R_71RY4LPSIYx8Hst,none,base_prototype
1,12,130301,1,insulin,bmi,0/0/-0.144354/0/0,0/0/0/0.310832/0,0/0/0.200855/0/0,0.27166138697459596,0.0,0.0,0.025,0.0,0,0.0,0.00604541/0.112765/0.200855/0.310832/0,-0.00604541/0.112765/0.200855/0.310832/0.0230591,R_71RY4LPSIYx8Hst,none,base_prototype
2,13,130302,1,blood_pressure,blood_pressure,0/0.26087/0/0/0,0/0.451062/0/0/0,0/0.451062/0/0/0,0.37539210811211743,0.0,0.0,0.025,0.0,0,0.0,0.000615401/0.451062/0.178231/0.324881/0,-0.000615401/0.451062/0.178231/0.324881/-0.00371922,R_71RY4LPSIYx8Hst,none,base_prototype
3,14,130303,1,age,insulin,0/0/0/0/0.108108,0/0/0.338226/0/0,0/0/0/0/-0.0391705,0.05812199156353265,2.0,0.0,0.025,0.0,0,0.0,0.0168989/0.132094/0.338226/0.299571/0,0.0168989/0.132094/0.338226/0.299571/-0.0391705,R_71RY4LPSIYx8Hst,none,base_prototype
4,15,130304,1,blood_pressure,bmi,0/0.217391/0/0/0,0/0/0/0.135221/0,0/0.112765/0/0/0,0.31092073900871353,0.0,0.0,0.025,0.0,0,0.0,0.001267/0.112765/0.0525392/0.135221/0,-0.001267/0.112765/-0.0525392/0.135221/0.0275222,R_71RY4LPSIYx8Hst,none,base_prototype
0,16,130305,1,insulin,blood_pressure,0/0/-0.251588/0/0,0/-0.304202/0/0/0,0/0/0.113235/0/0,0.1564198418857398,2.0,0.0,0.05,0.0,0,0.0,0.0392899/0.304202/0.113235/0.256455/0,0.0392899/-0.304202/0.113235/-0.256455/0.0201361,R_71RY4LPSIYx8Hst,none,base_prototype
1,17,130306,1,blood_pressure,insulin,0/-0.23913/0/0/0,0/0/0.231021/0/0,0/-0.140957/0/0/0,0.29430379156066006,0.0,0.0,0.025,0.0,0,0.0,0.00524901/0.140957/0.231021/0.0122928/0,0.00524901/-0.140957/0.231021/-0.0122928/-0.0260345,R_71RY4LPSIYx8Hst,none,base_prototype
2,18,130307,1,blood_pressure,insulin,0/0.152174/0/0/0,0/0/0.111866/0/0,0/0.0281914/0/0/0,0.14569944999681336,0.0,0.0,0.025,0.0,0,0.0,0.00894141/0.0281914/0.111866/0.0755128/0,0.00894141/0.0281914/0.111866/0.0755128/-0.0438868,R_71RY4LPSIYx8Hst,none,base_prototype
3,19,130308,1,bmi,blood_pressure,0/0/0/0.264484/0,0/-0.306013/0/0/0,0/0/0/0.152125/0,0.19087771315095256,2.0,0.0,0.025,0.0,0,0.0,0.0180898/0.306013/0.296385/0.152125/0,0.0180898/-0.306013/0.296385/0.152125/-0.0109267,R_71RY4LPSIYx8Hst,none,base_prototype
4,20,130309,1,bmi,bmi,0/0/0/0.067311/0,0/0/0/-0.128196/0,0/0/0/-0.128196/0,0.3447957099320349,0.0,0.0,0.025,0.0,0,0.0,0.000398201/0.0986698/0.0781803/0.128196/0,-0.000398201/-0.0986698/-0.0781803/-0.128196/0.0632267,R_71RY4LPSIYx8Hst,none,base_prototype
0,1,130200,-1,age,blood_pressure,0/0/0/0/-0.162162,0/-0.217763/0/0/0,0/0/0/0/-0.468044,0.09814066441933503,1.0,24.0,0.025,0.0,0,0.2,0/0.0355267/0/0/0,-0/-0.0177634/0.106558/0.126994/-0.268044,R_7HbIET5CgcoCLFJ,attribution,additive_exemplar
1,2,130201,-1,age,blood_pressure,0/0/0/0/-0.216216,0/0.260889/0/0/0,0/0/0/0/-0.336025,0.0955161390362671,1.0,24.0,0.025,0.0,0,0.2,0/0.121778/0.00654807/0/0,-0/0.0608891/7.01721e-05/0.139176/-0.136025,R_7HbIET5CgcoCLFJ,attribution,additive_exemplar
2,3,130202,-1,insulin,blood_pressure,0/0/0.224779/0/0,0/0.162209/0/0/0,0/0/-0.222407/0/0,0.09814066441933503,4.0,0.0,0.025,0.0,1,0.1,0/0.124419/0/0/0,0.00521539/0.0622093/-0.122407/0.0832856/-0.185281,R_7HbIET5CgcoCLFJ,attribution,additive_exemplar
3,4,130203,-1,blood_pressure,blood_pressure,0/-0.326087/0/0/0,0/-0.169852/0/0/0,0/-0.169852/0/0/0,0.5924694022790992,4.0,0.0,0.025,0.0,1,0.1,0/0.139704/0/0/0,-0.127649/-0.0698521/-0.0883718/-0.0991114/0.116352,R_7HbIET5CgcoCLFJ,attribution,additive_exemplar
4,5,130204,-1,blood_pressure,blood_pressure,0/-0.108696/0/0/0,0/0.219937/0/0/0,0/0.219937/0/0/0,0.5924694022790992,1.0,24.0,0.025,0.0,0,0.2,0/0.0398738/0/0/0,-0/0.0199369/-0/0.150324/-0.148769,R_7HbIET5CgcoCLFJ,attribution,additive_exemplar
0,6,130205,-1,bmi,blood_pressure,0/0/0/-0.245856/0,0/-0.207584/0/0/0,0/0/0/-0.298864/0,0.09814066441933503,1.0,24.0,0.025,0.0,0,0.2,0/0.0151679/0/0/0,-0/-0.00758395/-0/-0.098864/0.260391,R_7HbIET5CgcoCLFJ,attribution,additive_exemplar
1,7,130206,-1,bmi,blood_pressure,0/0/0/-0.221079/0,0/-0.248723/0/0/0,0/0/0/-0.286699/0,0.09814066441933503,1.0,24.0,0.025,0.0,0,0.2,0/0.0974451/0/0/0,-0/-0.0487226/-0/-0.0866992/0.123659,R_7HbIET5CgcoCLFJ,attribution,additive_exemplar
2,8,130207,-1,bmi,blood_pressure,0/0/0/-0.207322/0,0/0.132965/0/0/0,0/0/0/-0.19239/0,0.09814066441933503,4.0,0.0,0.025,0.0,1,0.1,0/0.0659306/0/0/0,-0.142591/0.0329653/-0.571198/-0.0923896/0.102391,R_7HbIET5CgcoCLFJ,attribution,additive_exemplar
3,9,130208,-1,age,blood_pressure,0/0/0/0/-0.486486,0/0.153482/0/0/0,0/0/0/0/-0.698124,0.09814066441933503,4.0,0.0,0.025,0.0,1,0.1,0/0.106965/0/0/0,0.24619/0.0534823/-0.0920589/-0.0130236/-0.598124,R_7HbIET5CgcoCLFJ,attribution,additive_exemplar
4,10,130209,-1,bmi,blood_pressure,0/0/0/-0.43/0,0/-0.33222/0/0/0,0/0/0/-0.439701/0,0.09814066441933503,1.0,24.0,0.025,0.0,0,0.2,0/0.264439/0/0/0,0/-0.13222/-0/-0.239701/0.011504,R_7HbIET5CgcoCLFJ,attribution,additive_exemplar
0,11,130300,1,age,blood_pressure,0/0/0/0/0.567568,0/-0.225033/0/0/0,0/0/0/0/0.2,0.09814066441933503,1.0,24.0,0.025,0.0,0,0.2,0/0.050066/0/0/0,-0.487213/-0.025033/-0.0109136/0/0,R_7HbIET5CgcoCLFJ,attribution,additive_exemplar
1,12,130301,1,bmi,bmi,0/0/0/0.446339/0,0/0/0/0.201356/0,0/0/0/0.201356/0,0.568713398866335,1.0,24.0,0.025,0.0,0,0.2,0/0.0229219/0/0.280511/0,-0.275516/0.0114609/0.00887711/0.00135551/0.298628,R_7HbIET5CgcoCLFJ,attribution,additive_exemplar
2,13,130302,1,bmi,blood_pressure,0/0/0/0.500388/0,0/0.348785/0/0/0,0/0/0/0.1/0,0.09814066441933503,4.0,0.0,0.025,0.0,1,0.1,0/0.49757/0/0/0,0/0.248785/0/0/-0,R_7HbIET5CgcoCLFJ,attribution,additive_exemplar
3,14,130303,1,bmi,blood_pressure,0/0/0/0.456589/0,0/0.17407/0/0/0,0/0/0/0.1/0,0.09814066441933503,4.0,0.0,0.025,0.0,1,0.1,0/0.14814/0/0/0,0/0.0740701/0/0/-0,R_7HbIET5CgcoCLFJ,attribution,additive_exemplar
4,15,130304,1,age,blood_pressure,0/0/0/0/0.486486,0/0.248912/0/0/0,0/0/0/0/0.2,0.09814066441933503,1.0,24.0,0.025,0.0,0,0.2,0/0.0978246/0/0/0,-0.0920982/0.0489123/-0.157727/0/0,R_7HbIET5CgcoCLFJ,attribution,additive_exemplar
0,16,130305,1,age,blood_pressure,0/0/0/0/0.405405,0/-0.351221/0/0/0,0/0/0/0/0.2,0.09814066441933503,1.0,24.0,0.025,0.0,0,0.2,0/0.302443/0/0/0,0.0169942/-0.151221/-0.0947703/-0/0,R_7HbIET5CgcoCLFJ,attribution,additive_exemplar
1,17,130306,1,age,blood_pressure,0/0/0/0/0.351351,0/-0.274309/0/0/0,0/0/0/0/0.2,0.07223729980802246,1.0,24.0,0.025,0.0,0,0.2,0/0.148618/0.103461/0/0,0/-0.0743088/0.0396201/-0/0,R_7HbIET5CgcoCLFJ,attribution,additive_exemplar
2,18,130307,1,bmi,blood_pressure,0/0/0/0.28102/0,0/0.127984/0/0/0,0/0/0/0.1/0,0.09814066441933503,4.0,0.0,0.025,0.0,1,0.1,0/0.0559687/0/0/0,0/0.0279844/0/0/-0,R_7HbIET5CgcoCLFJ,attribution,additive_exemplar
3,19,130308,1,age,blood_pressure,0/0/0/0/0.351351,0/-0.246461/0/0/0,0/0/0/0/-0.1,0.09814066441933503,4.0,0.0,0.025,0.0,1,0.1,0/0.292922/0/0/0,0/-0.146461/0/0/-0,R_7HbIET5CgcoCLFJ,attribution,additive_exemplar
4,20,130309,1,age,blood_pressure,0/0/0/0/0.621622,0/-0.231108/0/0/0,0/0/0/0/0.2,0.09814066441933503,1.0,24.0,0.025,0.0,0,0.2,0/0.0622165/0/0/0,-0/-0.0311083/0/-0/0,R_7HbIET5CgcoCLFJ,attribution,additive_exemplar
0,1,130200,-1,age,age,0/0/0/0/-0.162162,0/0/0/0/-0.319663,0/0/0/0/-0.319663,0.5919171984756992,4.0,0.0,0.025,0.0,1,0.1,0/0.000594703/0/0/0.325546,-0/-0.000297351/0.146534/0.135109/-0.219663,R_7HbIET5CgcoCLFJ,attribution,additive_prototype
1,2,130201,-1,age,age,0/0/0/0/-0.216216,0/0/0/0/-0.42028,0/0/0/0/-0.42028,0.40712291440832465,4.0,0.0,0.025,0.0,1,0.2,0/0.214464/0/0/0.243212,-0/0.107232/0.0889769/0.224409/-0.22028,R_7HbIET5CgcoCLFJ,attribution,additive_prototype
2,3,130202,-1,insulin,blood_pressure,0/0/0.224779/0/0,0/0.162209/0/0/0,0/0/-0.222407/0/0,0.09814066441933503,4.0,0.0,0.025,0.0,1,0.1,0/0.124419/0/0/0,0.00521539/0.0622093/-0.122407/0.0832856/-0.185281,R_7HbIET5CgcoCLFJ,attribution,additive_prototype
3,4,130203,-1,blood_pressure,blood_pressure,0/-0.326087/0/0/0,0/-0.169852/0/0/0,0/-0.169852/0/0/0,0.5924694022790992,4.0,0.0,0.025,0.0,1,0.1,0/0.139704/0/0/0,-0.127649/-0.0698521/-0.0883718/-0.0991114/0.116352,R_7HbIET5CgcoCLFJ,attribution,additive_prototype
4,5,130204,-1,blood_pressure,blood_pressure,0/-0.108696/0/0/0,0/0.137244/0/0/0,0/0.137244/0/0/0,0.5924694022790992,4.0,0.0,0.025,0.0,1,0.1,0/0.0744888/0/0/0,-0.102957/0.0372444/-0.0560219/0.260842/-0.149909,R_7HbIET5CgcoCLFJ,attribution,additive_prototype
0,6,130205,-1,bmi,blood_pressure,0/0/0/-0.245856/0,0/-0.107758/0/0/0,0/0/0/-0.212901/0,0.09814066441933503,4.0,0.0,0.025,0.0,1,0.1,0/0.0155169/0/0/0,-0.338925/-0.00775846/-0.264531/-0.112901/0.31305,R_7HbIET5CgcoCLFJ,attribution,additive_prototype
1,7,130206,-1,bmi,blood_pressure,0/0/0/-0.221079/0,0/-0.252666/0/0/0,0/0/0/-0.365337/0,0.09814066441933503,4.0,0.0,0.025,0.0,1,0.2,0/0.105331/0/0/0,-0.0968726/-0.0526656/-0.223143/-0.165337/0.180914,R_7HbIET5CgcoCLFJ,attribution,additive_prototype
2,8,130207,-1,bmi,blood_pressure,0/0/0/-0.207322/0,0/0.132965/0/0/0,0/0/0/-0.19239/0,0.09814066441933503,4.0,0.0,0.025,0.0,1,0.1,0/0.0659306/0/0/0,-0.142591/0.0329653/-0.571198/-0.0923896/0.102391,R_7HbIET5CgcoCLFJ,attribution,additive_prototype
3,9,130208,-1,age,blood_pressure,0/0/0/0/-0.486486,0/0.153482/0/0/0,0/0/0/0/-0.698124,0.09814066441933503,4.0,0.0,0.025,0.0,1,0.1,0/0.106965/0/0/0,0.24619/0.0534823/-0.0920589/-0.0130236/-0.598124,R_7HbIET5CgcoCLFJ,attribution,additive_prototype
4,10,130209,-1,bmi,blood_pressure,0/0/0/-0.43/0,0/-0.243293/0/0/0,0/0/0/-0.528232/0,0.09814066441933503,4.0,0.0,0.025,0.0,1,0.1,0/0.286586/0/0/0,0.151001/-0.143293/-0.120012/-0.428232/0.0794287,R_7HbIET5CgcoCLFJ,attribution,additive_prototype
0,11,130300,1,age,blood_pressure,0/0/0/0/0.567568,0/-0.110242/0/0/0,0/0/0/0/0.1,0.09814066441933503,4.0,0.0,0.025,0.0,1,0.1,0/0.0204847/0/0/0,-0/-0.0102424/0/0/0,R_7HbIET5CgcoCLFJ,attribution,additive_prototype
1,12,130301,1,bmi,blood_pressure,0/0/0/0.446339/0,0/0.27575/0/0/0,0/0/0/0.2/0,0.09814066441933503,4.0,0.0,0.025,0.0,1,0.2,0/0.1515/0/0/0,-0/0.0757502/0/0/-0,R_7HbIET5CgcoCLFJ,attribution,additive_prototype
2,13,130302,1,bmi,blood_pressure,0/0/0/0.500388/0,0/0.348785/0/0/0,0/0/0/0.1/0,0.09814066441933503,4.0,0.0,0.025,0.0,1,0.1,0/0.49757/0/0/0,0/0.248785/0/0/-0,R_7HbIET5CgcoCLFJ,attribution,additive_prototype
3,14,130303,1,bmi,blood_pressure,0/0/0/0.456589/0,0/0.17407/0/0/0,0/0/0/0.1/0,0.09814066441933503,4.0,0.0,0.025,0.0,1,0.1,0/0.14814/0/0/0,0/0.0740701/0/0/-0,R_7HbIET5CgcoCLFJ,attribution,additive_prototype
4,15,130304,1,age,blood_pressure,0/0/0/0/0.486486,0/0.173335/0/0/0,0/0/0/0/0.1,0.09814066441933503,4.0,0.0,0.025,0.0,1,0.1,0/0.14667/0/0/0,0/0.0733351/0/0/0,R_7HbIET5CgcoCLFJ,attribution,additive_prototype
0,16,130305,1,age,blood_pressure,0/0/0/0/0.405405,0/-0.244732/0/0/0,0/0/0/0/0.1,0.09814066441933503,4.0,0.0,0.025,0.0,1,0.1,0/0.289463/0/0/0,0/-0.144732/0/-0/0,R_7HbIET5CgcoCLFJ,attribution,additive_prototype
1,17,130306,1,age,blood_pressure,0/0/0/0/0.351351,0/-0.258397/0/0/0,0/0/0/0/-0.2,0.09814066441933503,4.0,0.0,0.025,0.0,1,0.2,0/0.116795/0/0/0,0/-0.0583973/0/-0/-0,R_7HbIET5CgcoCLFJ,attribution,additive_prototype
2,18,130307,1,bmi,blood_pressure,0/0/0/0.28102/0,0/0.127984/0/0/0,0/0/0/0.1/0,0.09814066441933503,4.0,0.0,0.025,0.0,1,0.1,0/0.0559687/0/0/0,0/0.0279844/0/0/-0,R_7HbIET5CgcoCLFJ,attribution,additive_prototype
3,19,130308,1,age,blood_pressure,0/0/0/0/0.351351,0/-0.246461/0/0/0,0/0/0/0/-0.1,0.09814066441933503,4.0,0.0,0.025,0.0,1,0.1,0/0.292922/0/0/0,0/-0.146461/0/0/-0,R_7HbIET5CgcoCLFJ,attribution,additive_prototype
4,20,130309,1,age,blood_pressure,0/0/0/0/0.621622,0/-0.13826/0/0/0,0/0/0/0/0.1,0.09814066441933503,4.0,0.0,0.025,0.0,1,0.1,0/0.0765192/0/0/0,0/-0.0382596/0/-0/0,R_7HbIET5CgcoCLFJ,attribution,additive_prototype
0,1,130200,-1,age,bmi,0/0/0/0/-0.162162,0/0/0/0.196585/0,0/0/0/0/-0.141634,0.1519554013337006,0.0,12.0,0.025,0.0,1,0.1,0.00250812/0.077069/0.0703667/0.0965851/0.0416342,-0.00250812/-0.077069/0.0703667/0.0965851/-0.0416342,R_7HbIET5CgcoCLFJ,attribution,base_exemplar
1,2,130201,-1,age,bmi,0/0/0/0/-0.216216,0/0/0/0.330421/0,0/0/0/0/-0.223771,0.11924707694485455,0.0,12.0,0.025,0.0,1,0.2,0.00161878/0.107764/0.0106758/0.130421/0.0237713,-0.00161878/0.107764/0.0106758/0.130421/-0.0237713,R_7HbIET5CgcoCLFJ,attribution,base_exemplar
2,3,130202,-1,insulin,insulin,0/0/0.224779/0/0,0/0/-0.207942/0/0,0/0/-0.207942/0/0,0.4177837553112152,0.0,12.0,0.025,0.0,1,0.1,0.000117993/0.0552614/0.107942/0.00912295/0.0229925,-0.000117993/0.0552614/-0.107942/-0.00912295/-0.0229925,R_7HbIET5CgcoCLFJ,attribution,base_exemplar
3,4,130203,-1,blood_pressure,blood_pressure,0/-0.326087/0/0/0,0/-0.257886/0/0/0,0/-0.257886/0/0/0,0.375470208886957,0.0,12.0,0.025,0.0,1,0.1,0.00391594/0.157886/0.0597847/0.0935281/0.0189909,-0.00391594/-0.157886/-0.0597847/-0.0935281/0.0189909,R_7HbIET5CgcoCLFJ,attribution,base_exemplar
4,5,130204,-1,blood_pressure,bmi,0/-0.108696/0/0/0,0/0/0/0.241671/0,0/0.111881/0/0/0,0.1067120010335068,0.0,12.0,0.025,0.0,1,0.1,0.00180801/0.0118806/0.0501721/0.141671/0.0197931,-0.00180801/0.0118806/-0.0501721/0.141671/-0.0197931,R_7HbIET5CgcoCLFJ,attribution,base_exemplar
0,6,130205,-1,bmi,insulin,0/0/0/-0.245856/0,0/0/-0.275053/0/0,0/0/0/-0.21687/0,0.2662610402174119,0.0,12.0,0.025,0.0,1,0.1,0.00873566/0.0302893/0.175053/0.11687/0.0478276,-0.00873566/-0.0302893/-0.175053/-0.11687/0.0478276,R_7HbIET5CgcoCLFJ,attribution,base_exemplar
1,7,130206,-1,bmi,insulin,0/0/0/-0.221079/0,0/0/-0.342396/0/0,0/0/0/-0.333579/0,0.2814188462521543,0.0,12.0,0.025,0.0,1,0.2,0.00286909/0.110191/0.142396/0.133579/0.0243781,-0.00286909/-0.110191/-0.142396/-0.133579/0.0243781,R_7HbIET5CgcoCLFJ,attribution,base_exemplar
2,8,130207,-1,bmi,insulin,0/0/0/-0.207322/0,0/0/-0.504422/0/0,0/0/0/-0.23202/0,0.20763379646484847,0.0,12.0,0.025,0.0,1,0.1,0.00333454/0.0412774/0.404422/0.13202/0.0149782,-0.00333454/0.0412774/-0.404422/-0.13202/0.0149782,R_7HbIET5CgcoCLFJ,attribution,base_exemplar
3,9,130208,-1,age,age,0/0/0/0/-0.486486,0/0/0/0/-0.192437,0/0/0/0/-0.192437,0.2507982425443547,0.0,12.0,0.025,0.0,1,0.1,0.00633784/0.0630539/0.0846124/0.0847691/0.0924371,0.00633784/0.0630539/-0.0846124/-0.0847691/-0.0924371,R_7HbIET5CgcoCLFJ,attribution,base_exemplar
4,10,130209,-1,bmi,bmi,0/0/0/-0.43/0,0/0/0/-0.431842/0,0/0/0/-0.431842/0,0.3838043804655417,0.0,12.0,0.025,0.0,1,0.1,0.00282578/0.272222/0.0676874/0.331842/0.00597159,0.00282578/-0.272222/-0.0676874/-0.331842/0.00597159,R_7HbIET5CgcoCLFJ,attribution,base_exemplar
0,11,130300,1,age,bmi,0/0/0/0/0.567568,0/0/0/0.332366/0,0/0/0/0/0.172961,0.1789266464092352,0.0,12.0,0.025,0.0,1,0.1,0.0110057/0.0513618/0.0487819/0.232366/0.0729612,-0.0110057/-0.0513618/0.0487819/0.232366/0.0729612,R_7HbIET5CgcoCLFJ,attribution,base_exemplar
1,12,130301,1,bmi,bmi,0/0/0/0.446339/0,0/0/0/0.494171/0,0/0/0/0.494171/0,0.4671387664769676,0.0,12.0,0.025,0.0,1,0.2,0.00720179/0.054696/0.0459572/0.294171/0.045696,-0.00720179/0.054696/0.0459572/0.294171/0.045696,R_7HbIET5CgcoCLFJ,attribution,base_exemplar
2,13,130302,1,bmi,blood_pressure,0/0/0/0.500388/0,0/0.461173/0/0/0,0/0/0/0.400616/0,0.34573156071602484,0.0,12.0,0.025,0.0,1,0.1,0.00189355/0.361173/0.00563462/0.300616/0.0215432,-0.00189355/0.361173/0.00563462/0.300616/0.0215432,R_7HbIET5CgcoCLFJ,attribution,base_exemplar
3,14,130303,1,bmi,bmi,0/0/0/0.456589/0,0/0/0/0.538139/0,0/0/0/0.538139/0,0.5197327400956299,0.0,12.0,0.025,0.0,1,0.1,0.000355624/0.0546905/0.0238231/0.438139/0.0407969,-0.000355624/0.0546905/0.0238231/0.438139/-0.0407969,R_7HbIET5CgcoCLFJ,attribution,base_exemplar
4,15,130304,1,age,bmi,0/0/0/0/0.486486,0/0/0/0.218821/0,0/0/0/0/0.131377,0.11564227779268779,0.0,12.0,0.025,0.0,1,0.1,0.00150773/0.100532/0.0864952/0.118821/0.0313766,-0.00150773/0.100532/-0.0864952/0.118821/0.0313766,R_7HbIET5CgcoCLFJ,attribution,base_exemplar
0,16,130305,1,age,bmi,0/0/0/0/0.405405,0/0/0/-0.426311/0,0/0/0/0/0.172733,0.13069122588248436,0.0,12.0,0.025,0.0,1,0.1,0.00255071/0.291157/0.002736/0.326311/0.0727334,0.00255071/-0.291157/0.002736/-0.326311/0.0727334,R_7HbIET5CgcoCLFJ,attribution,base_exemplar
1,17,130306,1,age,blood_pressure,0/0/0/0/0.351351,0/-0.353536/0/0/0,0/0/0/0/-0.202925,0.07885368794093837,0.0,12.0,0.025,0.0,1,0.2,0.00348868/0.153536/0.0974009/0.00424443/0.00292462,0.00348868/-0.153536/0.0974009/-0.00424443/-0.00292462,R_7HbIET5CgcoCLFJ,attribution,base_exemplar
2,18,130307,1,bmi,bmi,0/0/0/0.28102/0,0/0/0/0.179614/0,0/0/0/0.179614/0,0.4353334990164572,0.0,12.0,0.025,0.0,1,0.1,0.00698808/0.00972622/0.0179948/0.0796135/0.0210756,0.00698808/0.00972622/-0.0179948/0.0796135/-0.0210756,R_7HbIET5CgcoCLFJ,attribution,base_exemplar
3,19,130308,1,age,blood_pressure,0/0/0/0/0.351351,0/-0.421931/0/0/0,0/0/0/0/-0.119422,0.08760125687072184,0.0,12.0,0.025,0.0,1,0.1,0.000489677/0.321931/0.0554094/0.209505/0.019422,0.000489677/-0.321931/0.0554094/0.209505/-0.019422,R_7HbIET5CgcoCLFJ,attribution,base_exemplar
4,20,130309,1,age,bmi,0/0/0/0/0.621622,0/0/0/-0.207564/0,0/0/0/0/0.153802,0.21440693381689446,0.0,12.0,0.025,0.0,1,0.1,0.000255565/0.0653502/0.00594426/0.107564/0.053802,-0.000255565/-0.0653502/-0.00594426/-0.107564/0.053802,R_7HbIET5CgcoCLFJ,attribution,base_exemplar
0,1,130200,-1,age,bmi,0/0/0/0/-0.162162,0/0/0/0.240489/0,0/0/0/0/-0.146118,0.14956449417629503,0.0,0.0,0.025,0.0,1,0.1,0.002896/0.0634306/0.0854704/0.140489/0.0461183,-0.002896/-0.0634306/0.0854704/0.140489/-0.0461183,R_7HbIET5CgcoCLFJ,attribution,base_prototype
1,2,130201,-1,age,bmi,0/0/0/0/-0.216216,0/0/0/0.296684/0,0/0/0/0/-0.132729,0.11231344461673529,0.0,0.0,0.025,0.0,1,0.1,0.00181/0.148005/0.0447463/0.196684/0.0327291,-0.00181/0.148005/0.0447463/0.196684/-0.0327291,R_7HbIET5CgcoCLFJ,attribution,base_prototype
2,3,130202,-1,insulin,insulin,0/0/0.224779/0/0,0/0/-0.207592/0/0,0/0/-0.207592/0/0,0.3720245491419346,0.0,0.0,0.025,0.0,1,0.1,0.000724001/0.0634306/0.107592/0.0351222/0.023803,-0.000724001/0.0634306/-0.107592/0.0351222/-0.023803,R_7HbIET5CgcoCLFJ,attribution,base_prototype
3,4,130203,-1,blood_pressure,blood_pressure,0/-0.326087/0/0/0,0/-0.290292/0/0/0,0/-0.290292/0/0/0,0.34233503848121655,0.0,0.0,0.025,0.0,1,0.1,0.00376481/0.190292/0.0804427/0.15805/0.0252907,-0.00376481/-0.190292/-0.0804427/-0.15805/0.0252907,R_7HbIET5CgcoCLFJ,attribution,base_prototype
4,5,130204,-1,blood_pressure,bmi,0/-0.108696/0/0/0,0/0/0/0.296684/0,0/0.121144/0/0/0,0.11993281734704316,0.0,0.0,0.025,0.0,1,0.1,0.002896/0.0211435/0.0548016/0.196684/0.0193399,-0.002896/0.0211435/-0.0548016/0.196684/-0.0193399,R_7HbIET5CgcoCLFJ,attribution,base_prototype
0,6,130205,-1,bmi,insulin,0/0/0/-0.245856/0,0/0/-0.305632/0/0,0/0/0/-0.279123/0,0.29684477246411783,0.0,0.0,0.025,0.0,1,0.1,0.00876041/0.0634306/0.205632/0.179123/0.0565321,-0.00876041/-0.0634306/-0.205632/-0.179123/0.0565321,R_7HbIET5CgcoCLFJ,attribution,base_prototype
1,7,130206,-1,bmi,bmi,0/0/0/-0.221079/0,0/0/0/-0.331807/0,0/0/0/-0.331807/0,0.3281556624244002,0.0,0.0,0.025,0.0,1,0.1,0.0024616/0.148005/0.173957/0.231807/0.0342168,-0.0024616/-0.148005/-0.173957/-0.231807/0.0342168,R_7HbIET5CgcoCLFJ,attribution,base_prototype
2,8,130207,-1,bmi,insulin,0/0/0/-0.207322/0,0/0/-0.527352/0/0,0/0/0/-0.25805/0,0.22458200376205129,0.0,0.0,0.025,0.0,1,0.1,0.0035476/0.0211435/0.427352/0.15805/0.0208276,-0.0035476/0.0211435/-0.427352/-0.15805/0.0208276,R_7HbIET5CgcoCLFJ,attribution,base_prototype
3,9,130208,-1,age,age,0/0/0/0/-0.486486,0/0/0/0/-0.195212,0/0/0/0/-0.195212,0.26545779877831366,0.0,0.0,0.025,0.0,1,0.1,0.00644361/0.0634306/0.0759178/0.0772689/0.0952119,0.00644361/0.0634306/-0.0759178/-0.0772689/-0.0952119,R_7HbIET5CgcoCLFJ,attribution,base_prototype
4,10,130209,-1,bmi,bmi,0/0/0/-0.43/0,0/0/0/-0.590728/0,0/0/0/-0.590728/0,0.407008931808438,0.0,0.0,0.025,0.0,1,0.1,0.00405441/0.317153/0.0955257/0.490728/0.0163646,0.00405441/-0.317153/-0.0955257/-0.490728/0.0163646,R_7HbIET5CgcoCLFJ,attribution,base_prototype
0,11,130300,1,age,bmi,0/0/0/0/0.567568,0/0/0/0.337075/0,0/0/0/0/0.163227,0.15013591092610262,0.0,0.0,0.025,0.0,1,0.1,0.0101722/0.0563827/0.110357/0.237075/0.0632267,-0.0101722/-0.0563827/0.110357/0.237075/0.0632267,R_7HbIET5CgcoCLFJ,attribution,base_prototype
1,12,130301,1,bmi,bmi,0/0/0/0.446339/0,0/0/0/0.410832/0,0/0/0/0.410832/0,0.37716637219052157,0.0,0.0,0.025,0.0,1,0.1,0.00604541/0.112765/0.200855/0.310832/0.0230591,-0.00604541/0.112765/0.200855/0.310832/0.0230591,R_7HbIET5CgcoCLFJ,attribution,base_prototype
2,13,130302,1,bmi,blood_pressure,0/0/0/0.500388/0,0/0.551062/0/0/0,0/0/0/0.424881/0,0.2862066691746654,0.0,0.0,0.025,0.0,1,0.1,0.000615401/0.451062/0.178231/0.324881/0.00371922,-0.000615401/0.451062/0.178231/0.324881/-0.00371922,R_7HbIET5CgcoCLFJ,attribution,base_prototype
3,14,130303,1,bmi,bmi,0/0/0/0.456589/0,0/0/0/0.547808/0,0/0/0/0.547808/0,0.41679730756089517,0.0,0.0,0.025,0.0,1,0.1,0.0011222/0.112765/0.185772/0.447808/0.066202,0.0011222/0.112765/0.185772/0.447808/-0.066202,R_7HbIET5CgcoCLFJ,attribution,base_prototype
4,15,130304,1,age,bmi,0/0/0/0/0.486486,0/0/0/0.235221/0,0/0/0/0/0.127522,0.11325304078814065,0.0,0.0,0.025,0.0,1,0.1,0.001267/0.112765/0.0525392/0.135221/0.0275222,-0.001267/0.112765/-0.0525392/0.135221/0.0275222,R_7HbIET5CgcoCLFJ,attribution,base_prototype
0,16,130305,1,age,bmi,0/0/0/0/0.405405,0/0/0/-0.455507/0,0/0/0/0/0.163227,0.11648624785865573,0.0,0.0,0.025,0.0,1,0.1,0.00394581/0.310105/0.0274008/0.355507/0.0632267,0.00394581/-0.310105/0.0274008/-0.355507/0.0632267,R_7HbIET5CgcoCLFJ,attribution,base_prototype
1,17,130306,1,age,insulin,0/0/0/0/0.351351,0/0/0.331021/0/0,0/0/0/0/-0.126035,0.1085277133093675,0.0,0.0,0.025,0.0,1,0.1,0.00524901/0.140957/0.231021/0.0122928/0.0260345,0.00524901/-0.140957/0.231021/-0.0122928/-0.0260345,R_7HbIET5CgcoCLFJ,attribution,base_prototype
2,18,130307,1,bmi,insulin,0/0/0/0.28102/0,0/0/0.211866/0/0,0/0/0/0.175513/0,0.24924772216152882,0.0,0.0,0.025,0.0,1,0.1,0.00894141/0.0281914/0.111866/0.0755128/0.0438868,0.00894141/0.0281914/0.111866/0.0755128/-0.0438868,R_7HbIET5CgcoCLFJ,attribution,base_prototype
3,19,130308,1,age,blood_pressure,0/0/0/0/0.351351,0/-0.410105/0/0/0,0/0/0/0/-0.139424,0.09332615057926617,0.0,0.0,0.025,0.0,1,0.1,0.0017738/0.310105/0.178231/0.208977/0.0394237,0.0017738/-0.310105/0.178231/0.208977/-0.0394237,R_7HbIET5CgcoCLFJ,attribution,base_prototype
4,20,130309,1,age,bmi,0/0/0/0/0.621622,0/0/0/-0.228196/0,0/0/0/0/0.163227,0.17187584229982827,0.0,0.0,0.025,0.0,1,0.1,0.000398201/0.0986698/0.0781803/0.128196/0.0632267,-0.000398201/-0.0986698/-0.0781803/-0.128196/0.0632267,R_7HbIET5CgcoCLFJ,attribution,base_prototype
0,1,130200,-1,bmi,glucose,0/0/0/-0.168783/0,-0.311234/0/0/0/0,0/0/0/0.408099/0,0.07573177887158991,0.0,0.0,0.025,0.0,0,0.2,0.113359/0.0652174/0/0/0,-0.111234/-0.0181159/0.221514/0.208099/-0.259009,R_7KJVcP40lic0MLg,counterfactual,additive_exemplar
1,2,130201,-1,insulin,glucose,0/0/0.212406/0/0,-0.251118/0/0/0/0,0/0/0.424744/0/0,0.06469500464579635,1.0,0.0,0.05,0.0,0,0.2,0.073373/0/0/0/0,-0.0511176/0.224552/0.224744/0.281313/-0.228927,R_7KJVcP40lic0MLg,counterfactual,additive_exemplar
2,3,130202,-1,insulin,insulin,0/0/-0.105172/0/0,0/0/-0.190932/0/0,0/0/-0.190932/0/0,0.5270709933177583,1.0,0.0,0.025,0.0,0,0.2,0.0341344/0/0.140909/0/0,-0.0127432/0.133743/0.00906845/0.118335/-0.167918,R_7KJVcP40lic0MLg,counterfactual,additive_exemplar
3,4,130203,-1,bmi,blood_pressure,0/0/0/-0.387322/0,0/-0.329886/0/0/0,0/0/0/-0.276347/0,0.20692698827314504,1.0,0.0,0.025,0.0,0,0.2,0.154279/0.174726/0.105168/0.122898/0,-0.134233/-0.129886/0.0405757/-0.0763469/0.134515,R_7KJVcP40lic0MLg,counterfactual,additive_exemplar
4,5,130204,-1,insulin,glucose,0/0/-0.162913/0/0,-0.301886/0/0/0/0,0/0/-0.128814/0/0,0.29761544596851613,1.0,0.0,0.025,0.0,0,0.2,0.120592/0/0.0710181/0/0,-0.101886/0.0854052/0.0711857/0.277053/-0.131763,R_7KJVcP40lic0MLg,counterfactual,additive_exemplar
0,6,130205,-1,bmi,glucose,0/0/0/-0.456589/0,-0.540787/0/0/0/0,0/0/0/-0.311513/0,0.19738776378745163,0.0,0.0,0.025,0.0,0,0.2,0.342912/0.0652174/0.281146/0.179123/0,-0.340787/-0.0181159/-0.17649/-0.111513/0.362613,R_7KJVcP40lic0MLg,counterfactual,additive_exemplar
1,7,130206,-1,bmi,insulin,0/0/0/-0.321079/0,0/0/-0.298381/0/0,0/0/0/-0.353546/0,0.2693458357296202,1.0,0.0,0.05,0.0,0,0.2,0.103406/0.13748/0.235038/0.20538/0,-0.0870114/-0.0915194/-0.0983809/-0.153546/0.198423,R_7KJVcP40lic0MLg,counterfactual,additive_exemplar
2,8,130207,-1,bmi,insulin,0/0/0/-0.387322/0,0/0/-0.647395/0/0,0/0/0/-0.280617/0,0.16896383715450183,1.0,0.0,0.025,0.0,0,0.2,0.145684/0/0.581846/0.133689/0,-0.13025/0.0812716/-0.447395/-0.0806169/0.11957,R_7KJVcP40lic0MLg,counterfactual,additive_exemplar
3,9,130208,-1,bmi,insulin,0/0/0/-0.336541/0,0/0/-0.169108/0/0,0/0/0/-0.200549/0,0.28402239650683275,1.0,0.0,0.025,0.0,0,0.2,0/0/0.101636/0.0546824/0,0.260247/0.123802/0.0308922/-0.000548599/-0.581231,R_7KJVcP40lic0MLg,counterfactual,additive_exemplar
4,10,130209,-1,bmi,bmi,0/0/0/-0.84/0,0/0/0/-0.614626/0,0/0/0/-0.614626/0,0.3982225694230813,1.0,0.0,0.025,0.0,0,0.2,0/0.314728/0.128671/0.469679/0,0.166235/-0.268314/0.00216642/-0.414626/0.0960889,R_7KJVcP40lic0MLg,counterfactual,additive_exemplar
0,11,130300,1,insulin,bmi,0/0/0.212406/0/0,0/0/0/0.369465/0,0/0/0.246228/0/0,0.3098367958269401,0.0,0.0,0.025,0.0,0,0.2,0/0/0.150884/0.237075/0,-0.4003/-0.105072/0.0462276/0.169465/0.362613,R_7KJVcP40lic0MLg,counterfactual,additive_exemplar
1,12,130301,1,blood_pressure,insulin,0/0.304348/0/0/0,0/0/0.394901/0/0,0/0.278192/0/0/0,0.1615594928839396,1.0,0.0,0.05,0.0,0,0.2,0/0.124773/0.322906/0.307255/0,-0.234127/0.0781923/0.194901/0.250692/0.0987928,R_7KJVcP40lic0MLg,counterfactual,additive_exemplar
2,13,130302,1,insulin,blood_pressure,0/0/0.294894/0/0,0/0.625475/0/0/0,0/0/0.362639/0/0,0.23914751092374326,1.0,0.0,0.025,0.0,0,0.2,0/0.472117/0.289445/0.321507/0,-0.021885/0.425475/0.162639/0.264317/-0.0622433,R_7KJVcP40lic0MLg,counterfactual,additive_exemplar
3,14,130303,1,insulin,bmi,0/0/0.164976/0/0,0/0/0/0.586865/0,0/0/0.371756/0/0,0.27453720721077624,1.0,0.0,0.025,0.0,0,0.2,0.0573909/0.123859/0.297481/0.444615/0,0.045862/0.0771649/0.171756/0.386865/-0.439614,R_7KJVcP40lic0MLg,counterfactual,additive_exemplar
4,15,130304,1,blood_pressure,bmi,0/0.304348/0/0/0,0/0/0/0.273937/0,0/0.276732/0/0/0,0.37738012277056965,1.0,0.0,0.025,0.0,0,0.2,0/0.123469/0/0.13219/0,-0.0478965/0.0767318/-0.155148/0.0739365/0.128861,R_7KJVcP40lic0MLg,counterfactual,additive_exemplar
0,16,130305,1,insulin,glucose,0/0/0.109296/0/0,0.352327/0/0/0/0,0/0/0.132807/0/0,0.1929497107240378,0.0,0.0,0.025,0.0,0,0.2,0.154452/0/0.0374632/0/0,0.152327/-0.365942/-0.0671932/-0.423117/0.362613,R_7KJVcP40lic0MLg,counterfactual,additive_exemplar
1,17,130306,1,bmi,insulin,0/0/0/0.173214/0,0/0/0.430675/0/0,0/0/0/-0.274164/0,0.045238074762483156,1.0,0.0,0.05,0.0,0,0.2,0.217075/0/0.353708/0/0,0.206763/-0.184881/0.230675/-0.0741645/-0.193895,R_7KJVcP40lic0MLg,counterfactual,additive_exemplar
2,18,130307,1,bmi,glucose,0/0/0/0.22102/0,0.551127/0/0/0/0,0/0/0/0.213386/0,0.13816935885631695,1.0,0.0,0.025,0.0,0,0.2,0.361099/0.0355432/0.189228/0.0728819/0,0.351127/-0.0112892/0.0669457/0.0133862/-0.30132,R_7KJVcP40lic0MLg,counterfactual,additive_exemplar
3,19,130308,1,bmi,insulin,0/0/0/0.254484/0,0/0/0.356932/0/0,0/0/0/0.346617/0,0.302453901131853,1.0,0.0,0.025,0.0,0,0.2,0.0800682/0/0.278523/0.206457/0,0.0704083/-0.359409/0.156932/0.146617/-0.273667,R_7KJVcP40lic0MLg,counterfactual,additive_exemplar
4,20,130309,1,blood_pressure,bmi,0/0.173913/0/0/0,0/0/0/-0.39077/0,0/-0.342287/0/0/0,0.2706442854005175,1.0,0.0,0.025,0.0,0,0.2,0.00537991/0.0954102/0.0733815/0.130615/0,-0.0147509/-0.142287/-0.194333/-0.19077/0.348531,R_7KJVcP40lic0MLg,counterfactual,additive_exemplar
0,1,130200,-1,bmi,glucose,0/0/0/-0.168783/0,-0.311234/0/0/0/0,0/0/0/0.408099/0,0.07573177887158991,0.0,0.0,0.025,0.0,0,0.2,0.113359/0.0652174/0/0/0,-0.111234/-0.0181159/0.221514/0.208099/-0.259009,R_7KJVcP40lic0MLg,counterfactual,additive_prototype
1,2,130201,-1,insulin,glucose,0/0/0.212406/0/0,-0.251118/0/0/0/0,0/0/0.424744/0/0,0.06469500464579635,1.0,0.0,0.05,0.0,0,0.2,0.073373/0/0/0/0,-0.0511176/0.224552/0.224744/0.281313/-0.228927,R_7KJVcP40lic0MLg,counterfactual,additive_prototype
2,3,130202,-1,insulin,insulin,0/0/-0.105172/0/0,0/0/-0.190932/0/0,0/0/-0.190932/0/0,0.5270709933177583,1.0,0.0,0.025,0.0,0,0.2,0.0341344/0/0.140909/0/0,-0.0127432/0.133743/0.00906845/0.118335/-0.167918,R_7KJVcP40lic0MLg,counterfactual,additive_prototype
3,4,130203,-1,bmi,blood_pressure,0/0/0/-0.387322/0,0/-0.329886/0/0/0,0/0/0/-0.276347/0,0.20692698827314504,1.0,0.0,0.025,0.0,0,0.2,0.154279/0.174726/0.105168/0.122898/0,-0.134233/-0.129886/0.0405757/-0.0763469/0.134515,R_7KJVcP40lic0MLg,counterfactual,additive_prototype
4,5,130204,-1,insulin,glucose,0/0/-0.162913/0/0,-0.301886/0/0/0/0,0/0/-0.128814/0/0,0.29761544596851613,1.0,0.0,0.025,0.0,0,0.2,0.120592/0/0.0710181/0/0,-0.101886/0.0854052/0.0711857/0.277053/-0.131763,R_7KJVcP40lic0MLg,counterfactual,additive_prototype
0,6,130205,-1,bmi,glucose,0/0/0/-0.456589/0,-0.540787/0/0/0/0,0/0/0/-0.311513/0,0.19738776378745163,0.0,0.0,0.025,0.0,0,0.2,0.342912/0.0652174/0.281146/0.179123/0,-0.340787/-0.0181159/-0.17649/-0.111513/0.362613,R_7KJVcP40lic0MLg,counterfactual,additive_prototype
1,7,130206,-1,bmi,insulin,0/0/0/-0.321079/0,0/0/-0.298381/0/0,0/0/0/-0.353546/0,0.2693458357296202,1.0,0.0,0.05,0.0,0,0.2,0.103406/0.13748/0.235038/0.20538/0,-0.0870114/-0.0915194/-0.0983809/-0.153546/0.198423,R_7KJVcP40lic0MLg,counterfactual,additive_prototype
2,8,130207,-1,bmi,insulin,0/0/0/-0.387322/0,0/0/-0.647395/0/0,0/0/0/-0.280617/0,0.16896383715450183,1.0,0.0,0.025,0.0,0,0.2,0.145684/0/0.581846/0.133689/0,-0.13025/0.0812716/-0.447395/-0.0806169/0.11957,R_7KJVcP40lic0MLg,counterfactual,additive_prototype
3,9,130208,-1,bmi,insulin,0/0/0/-0.336541/0,0/0/-0.169108/0/0,0/0/0/-0.200549/0,0.28402239650683275,1.0,0.0,0.025,0.0,0,0.2,0/0/0.101636/0.0546824/0,0.260247/0.123802/0.0308922/-0.000548599/-0.581231,R_7KJVcP40lic0MLg,counterfactual,additive_prototype
4,10,130209,-1,bmi,bmi,0/0/0/-0.84/0,0/0/0/-0.614626/0,0/0/0/-0.614626/0,0.3982225694230813,1.0,0.0,0.025,0.0,0,0.2,0/0.314728/0.128671/0.469679/0,0.166235/-0.268314/0.00216642/-0.414626/0.0960889,R_7KJVcP40lic0MLg,counterfactual,additive_prototype
0,11,130300,1,insulin,bmi,0/0/0.212406/0/0,0/0/0/0.369465/0,0/0/0.246228/0/0,0.3098367958269401,0.0,0.0,0.025,0.0,0,0.2,0/0/0.150884/0.237075/0,-0.4003/-0.105072/0.0462276/0.169465/0.362613,R_7KJVcP40lic0MLg,counterfactual,additive_prototype
1,12,130301,1,blood_pressure,insulin,0/0.304348/0/0/0,0/0/0.394901/0/0,0/0.278192/0/0/0,0.1615594928839396,1.0,0.0,0.05,0.0,0,0.2,0/0.124773/0.322906/0.307255/0,-0.234127/0.0781923/0.194901/0.250692/0.0987928,R_7KJVcP40lic0MLg,counterfactual,additive_prototype
2,13,130302,1,insulin,blood_pressure,0/0/0.294894/0/0,0/0.625475/0/0/0,0/0/0.362639/0/0,0.23914751092374326,1.0,0.0,0.025,0.0,0,0.2,0/0.472117/0.289445/0.321507/0,-0.021885/0.425475/0.162639/0.264317/-0.0622433,R_7KJVcP40lic0MLg,counterfactual,additive_prototype
3,14,130303,1,insulin,bmi,0/0/0.164976/0/0,0/0/0/0.586865/0,0/0/0.371756/0/0,0.27453720721077624,1.0,0.0,0.025,0.0,0,0.2,0.0573909/0.123859/0.297481/0.444615/0,0.045862/0.0771649/0.171756/0.386865/-0.439614,R_7KJVcP40lic0MLg,counterfactual,additive_prototype
4,15,130304,1,blood_pressure,bmi,0/0.304348/0/0/0,0/0/0/0.273937/0,0/0.276732/0/0/0,0.37738012277056965,1.0,0.0,0.025,0.0,0,0.2,0/0.123469/0/0.13219/0,-0.0478965/0.0767318/-0.155148/0.0739365/0.128861,R_7KJVcP40lic0MLg,counterfactual,additive_prototype
0,16,130305,1,insulin,glucose,0/0/0.109296/0/0,0.352327/0/0/0/0,0/0/0.132807/0/0,0.1929497107240378,0.0,0.0,0.025,0.0,0,0.2,0.154452/0/0.0374632/0/0,0.152327/-0.365942/-0.0671932/-0.423117/0.362613,R_7KJVcP40lic0MLg,counterfactual,additive_prototype
1,17,130306,1,bmi,insulin,0/0/0/0.173214/0,0/0/0.430675/0/0,0/0/0/-0.274164/0,0.045238074762483156,1.0,0.0,0.05,0.0,0,0.2,0.217075/0/0.353708/0/0,0.206763/-0.184881/0.230675/-0.0741645/-0.193895,R_7KJVcP40lic0MLg,counterfactual,additive_prototype
2,18,130307,1,bmi,glucose,0/0/0/0.22102/0,0.551127/0/0/0/0,0/0/0/0.213386/0,0.13816935885631695,1.0,0.0,0.025,0.0,0,0.2,0.361099/0.0355432/0.189228/0.0728819/0,0.351127/-0.0112892/0.0669457/0.0133862/-0.30132,R_7KJVcP40lic0MLg,counterfactual,additive_prototype
3,19,130308,1,bmi,insulin,0/0/0/0.254484/0,0/0/0.356932/0/0,0/0/0/0.346617/0,0.302453901131853,1.0,0.0,0.025,0.0,0,0.2,0.0800682/0/0.278523/0.206457/0,0.0704083/-0.359409/0.156932/0.146617/-0.273667,R_7KJVcP40lic0MLg,counterfactual,additive_prototype
4,20,130309,1,blood_pressure,bmi,0/0.173913/0/0/0,0/0/0/-0.39077/0,0/-0.342287/0/0/0,0.2706442854005175,1.0,0.0,0.025,0.0,0,0.2,0.00537991/0.0954102/0.0733815/0.130615/0,-0.0147509/-0.142287/-0.194333/-0.19077/0.348531,R_7KJVcP40lic0MLg,counterfactual,additive_prototype
0,1,130200,-1,bmi,bmi,0/0/0/-0.168783/0,0/0/0/0.240489/0,0/0/0/0.240489/0,0.3799737563801652,0.0,0.0,0.025,0.0,0,0.1,0.002896/0.0634306/0.0854704/0.140489/0,-0.002896/-0.0634306/0.0854704/0.140489/-0.0461183,R_7KJVcP40lic0MLg,counterfactual,base_exemplar
1,2,130201,-1,insulin,bmi,0/0/0.212406/0/0,0/0/0/0.296684/0,0/0/0.144746/0/0,0.12470056761956695,0.0,0.0,0.05,0.0,0,0.1,0.00181/0.148005/0.0447463/0.196684/0,-0.00181/0.148005/0.0447463/0.196684/-0.0327291,R_7KJVcP40lic0MLg,counterfactual,base_exemplar
2,3,130202,-1,insulin,insulin,0/0/-0.105172/0/0,0/0/-0.207592/0/0,0/0/-0.207592/0/0,0.40122883526130493,0.0,0.0,0.025,0.0,0,0.1,0.000724001/0.0634306/0.107592/0.0351222/0,-0.000724001/0.0634306/-0.107592/0.0351222/-0.023803,R_7KJVcP40lic0MLg,counterfactual,base_exemplar
3,4,130203,-1,bmi,blood_pressure,0/0/0/-0.387322/0,0/-0.290292/0/0/0,0/0/0/-0.25805/0,0.30584179750379825,0.0,0.0,0.025,0.0,0,0.1,0.00376481/0.190292/0.0804427/0.15805/0,-0.00376481/-0.190292/-0.0804427/-0.15805/0.0252907,R_7KJVcP40lic0MLg,counterfactual,base_exemplar
4,5,130204,-1,insulin,bmi,0/0/-0.162913/0/0,0/0/0/0.296684/0,0/0/-0.154802/0/0,0.1946108396096456,0.0,0.0,0.025,0.0,0,0.1,0.002896/0.0211435/0.0548016/0.196684/0,-0.002896/0.0211435/-0.0548016/0.196684/-0.0193399,R_7KJVcP40lic0MLg,counterfactual,base_exemplar
0,6,130205,-1,bmi,insulin,0/0/0/-0.456589/0,0/0/-0.305632/0/0,0/0/0/-0.279123/0,0.3232317679686746,0.0,0.0,0.025,0.0,0,0.1,0.00876041/0.0634306/0.205632/0.179123/0,-0.00876041/-0.0634306/-0.205632/-0.179123/0.0565321,R_7KJVcP40lic0MLg,counterfactual,base_exemplar
1,7,130206,-1,bmi,bmi,0/0/0/-0.321079/0,0/0/0/-0.331807/0,0/0/0/-0.331807/0,0.3622327420339493,0.0,0.0,0.05,0.0,0,0.1,0.0024616/0.148005/0.173957/0.231807/0,-0.0024616/-0.148005/-0.173957/-0.231807/0.0342168,R_7KJVcP40lic0MLg,counterfactual,base_exemplar
2,8,130207,-1,bmi,insulin,0/0/0/-0.387322/0,0/0/-0.527352/0/0,0/0/0/-0.25805/0,0.22921709502776993,0.0,0.0,0.025,0.0,0,0.1,0.0035476/0.0211435/0.427352/0.15805/0,-0.0035476/0.0211435/-0.427352/-0.15805/0.0208276,R_7KJVcP40lic0MLg,counterfactual,base_exemplar
3,9,130208,-1,bmi,bmi,0/0/0/-0.336541/0,0/0/0/-0.177269/0,0/0/0/-0.177269/0,0.2982548572104607,0.0,0.0,0.025,0.0,0,0.1,0.00644361/0.0634306/0.0759178/0.0772689/0,0.00644361/0.0634306/-0.0759178/-0.0772689/-0.0952119,R_7KJVcP40lic0MLg,counterfactual,base_exemplar
4,10,130209,-1,bmi,bmi,0/0/0/-0.84/0,0/0/0/-0.590728/0,0/0/0/-0.590728/0,0.41193297426422704,0.0,0.0,0.025,0.0,0,0.1,0.00405441/0.317153/0.0955257/0.490728/0,0.00405441/-0.317153/-0.0955257/-0.490728/0.0163646,R_7KJVcP40lic0MLg,counterfactual,base_exemplar
0,11,130300,1,insulin,bmi,0/0/0.212406/0/0,0/0/0/0.337075/0,0/0/0.210357/0/0,0.2359676201749096,0.0,0.0,0.025,0.0,0,0.1,0.0101722/0.0563827/0.110357/0.237075/0,-0.0101722/-0.0563827/0.110357/0.237075/0.0632267,R_7KJVcP40lic0MLg,counterfactual,base_exemplar
1,12,130301,1,blood_pressure,bmi,0/0.304348/0/0/0,0/0/0/0.410832/0,0/0.212765/0/0/0,0.17377460545841875,0.0,0.0,0.05,0.0,0,0.1,0.00604541/0.112765/0.200855/0.310832/0,-0.00604541/0.112765/0.200855/0.310832/0.0230591,R_7KJVcP40lic0MLg,counterfactual,base_exemplar
2,13,130302,1,insulin,blood_pressure,0/0/0.294894/0/0,0/0.551062/0/0/0,0/0/0.278231/0/0,0.1850176151815211,0.0,0.0,0.025,0.0,0,0.1,0.000615401/0.451062/0.178231/0.324881/0,-0.000615401/0.451062/0.178231/0.324881/-0.00371922,R_7KJVcP40lic0MLg,counterfactual,base_exemplar
3,14,130303,1,insulin,bmi,0/0/0.164976/0/0,0/0/0/0.547808/0,0/0/0.285772/0/0,0.2244037513450667,0.0,0.0,0.025,0.0,0,0.1,0.0011222/0.112765/0.185772/0.447808/0,0.0011222/0.112765/0.185772/0.447808/-0.066202,R_7KJVcP40lic0MLg,counterfactual,base_exemplar
4,15,130304,1,blood_pressure,bmi,0/0.304348/0/0/0,0/0/0/0.235221/0,0/0.212765/0/0/0,0.31092073900871353,0.0,0.0,0.025,0.0,0,0.1,0.001267/0.112765/0.0525392/0.135221/0,-0.001267/0.112765/-0.0525392/0.135221/0.0275222,R_7KJVcP40lic0MLg,counterfactual,base_exemplar
0,16,130305,1,insulin,bmi,0/0/0.109296/0/0,0/0/0/-0.455507/0,0/0/0.127401/0/0,0.09075858393627224,0.0,0.0,0.025,0.0,0,0.1,0.00394581/0.310105/0.0274008/0.355507/0,0.00394581/-0.310105/0.0274008/-0.355507/0.0632267,R_7KJVcP40lic0MLg,counterfactual,base_exemplar
1,17,130306,1,bmi,insulin,0/0/0/0.173214/0,0/0/0.331021/0/0,0/0/0/-0.112293/0,0.06680997555103228,0.0,0.0,0.05,0.0,0,0.1,0.00524901/0.140957/0.231021/0.0122928/0,0.00524901/-0.140957/0.231021/-0.0122928/-0.0260345,R_7KJVcP40lic0MLg,counterfactual,base_exemplar
2,18,130307,1,bmi,insulin,0/0/0/0.22102/0,0/0/0.211866/0/0,0/0/0/0.175513/0,0.2830815167089526,0.0,0.0,0.025,0.0,0,0.1,0.00894141/0.0281914/0.111866/0.0755128/0,0.00894141/0.0281914/0.111866/0.0755128/-0.0438868,R_7KJVcP40lic0MLg,counterfactual,base_exemplar
3,19,130308,1,bmi,blood_pressure,0/0/0/0.254484/0,0/-0.410105/0/0/0,0/0/0/0.308977/0,0.2604566972042053,0.0,0.0,0.025,0.0,0,0.1,0.0017738/0.310105/0.178231/0.208977/0,0.0017738/-0.310105/0.178231/0.208977/-0.0394237,R_7KJVcP40lic0MLg,counterfactual,base_exemplar
4,20,130309,1,blood_pressure,bmi,0/0.173913/0/0/0,0/0/0/-0.228196/0,0/-0.19867/0/0/0,0.2779040321353096,0.0,0.0,0.025,0.0,0,0.1,0.000398201/0.0986698/0.0781803/0.128196/0,-0.000398201/-0.0986698/-0.0781803/-0.128196/0.0632267,R_7KJVcP40lic0MLg,counterfactual,base_exemplar
0,1,130200,-1,bmi,bmi,0/0/0/-0.168783/0,0/0/0/0.240489/0,0/0/0/0.240489/0,0.3799737563801652,0.0,0.0,0.025,0.0,0,0.1,0.002896/0.0634306/0.0854704/0.140489/0,-0.002896/-0.0634306/0.0854704/0.140489/-0.0461183,R_7KJVcP40lic0MLg,counterfactual,base_prototype
1,2,130201,-1,insulin,bmi,0/0/0.212406/0/0,0/0/0/0.296684/0,0/0/0.144746/0/0,0.12470056761956695,0.0,0.0,0.05,0.0,0,0.1,0.00181/0.148005/0.0447463/0.196684/0,-0.00181/0.148005/0.0447463/0.196684/-0.0327291,R_7KJVcP40lic0MLg,counterfactual,base_prototype
2,3,130202,-1,insulin,insulin,0/0/-0.105172/0/0,0/0/-0.207592/0/0,0/0/-0.207592/0/0,0.40122883526130493,0.0,0.0,0.025,0.0,0,0.1,0.000724001/0.0634306/0.107592/0.0351222/0,-0.000724001/0.0634306/-0.107592/0.0351222/-0.023803,R_7KJVcP40lic0MLg,counterfactual,base_prototype
3,4,130203,-1,bmi,blood_pressure,0/0/0/-0.387322/0,0/-0.290292/0/0/0,0/0/0/-0.25805/0,0.30584179750379825,0.0,0.0,0.025,0.0,0,0.1,0.00376481/0.190292/0.0804427/0.15805/0,-0.00376481/-0.190292/-0.0804427/-0.15805/0.0252907,R_7KJVcP40lic0MLg,counterfactual,base_prototype
4,5,130204,-1,insulin,bmi,0/0/-0.162913/0/0,0/0/0/0.296684/0,0/0/-0.154802/0/0,0.1946108396096456,0.0,0.0,0.025,0.0,0,0.1,0.002896/0.0211435/0.0548016/0.196684/0,-0.002896/0.0211435/-0.0548016/0.196684/-0.0193399,R_7KJVcP40lic0MLg,counterfactual,base_prototype
0,6,130205,-1,bmi,insulin,0/0/0/-0.456589/0,0/0/-0.305632/0/0,0/0/0/-0.279123/0,0.3232317679686746,0.0,0.0,0.025,0.0,0,0.1,0.00876041/0.0634306/0.205632/0.179123/0,-0.00876041/-0.0634306/-0.205632/-0.179123/0.0565321,R_7KJVcP40lic0MLg,counterfactual,base_prototype
1,7,130206,-1,bmi,bmi,0/0/0/-0.321079/0,0/0/0/-0.331807/0,0/0/0/-0.331807/0,0.3622327420339493,0.0,0.0,0.05,0.0,0,0.1,0.0024616/0.148005/0.173957/0.231807/0,-0.0024616/-0.148005/-0.173957/-0.231807/0.0342168,R_7KJVcP40lic0MLg,counterfactual,base_prototype
2,8,130207,-1,bmi,insulin,0/0/0/-0.387322/0,0/0/-0.527352/0/0,0/0/0/-0.25805/0,0.22921709502776993,0.0,0.0,0.025,0.0,0,0.1,0.0035476/0.0211435/0.427352/0.15805/0,-0.0035476/0.0211435/-0.427352/-0.15805/0.0208276,R_7KJVcP40lic0MLg,counterfactual,base_prototype
3,9,130208,-1,bmi,bmi,0/0/0/-0.336541/0,0/0/0/-0.177269/0,0/0/0/-0.177269/0,0.2982548572104607,0.0,0.0,0.025,0.0,0,0.1,0.00644361/0.0634306/0.0759178/0.0772689/0,0.00644361/0.0634306/-0.0759178/-0.0772689/-0.0952119,R_7KJVcP40lic0MLg,counterfactual,base_prototype
4,10,130209,-1,bmi,bmi,0/0/0/-0.84/0,0/0/0/-0.590728/0,0/0/0/-0.590728/0,0.41193297426422704,0.0,0.0,0.025,0.0,0,0.1,0.00405441/0.317153/0.0955257/0.490728/0,0.00405441/-0.317153/-0.0955257/-0.490728/0.0163646,R_7KJVcP40lic0MLg,counterfactual,base_prototype
0,11,130300,1,insulin,bmi,0/0/0.212406/0/0,0/0/0/0.337075/0,0/0/0.210357/0/0,0.2359676201749096,0.0,0.0,0.025,0.0,0,0.1,0.0101722/0.0563827/0.110357/0.237075/0,-0.0101722/-0.0563827/0.110357/0.237075/0.0632267,R_7KJVcP40lic0MLg,counterfactual,base_prototype
1,12,130301,1,blood_pressure,bmi,0/0.304348/0/0/0,0/0/0/0.410832/0,0/0.212765/0/0/0,0.17377460545841875,0.0,0.0,0.05,0.0,0,0.1,0.00604541/0.112765/0.200855/0.310832/0,-0.00604541/0.112765/0.200855/0.310832/0.0230591,R_7KJVcP40lic0MLg,counterfactual,base_prototype
2,13,130302,1,insulin,blood_pressure,0/0/0.294894/0/0,0/0.551062/0/0/0,0/0/0.278231/0/0,0.1850176151815211,0.0,0.0,0.025,0.0,0,0.1,0.000615401/0.451062/0.178231/0.324881/0,-0.000615401/0.451062/0.178231/0.324881/-0.00371922,R_7KJVcP40lic0MLg,counterfactual,base_prototype
3,14,130303,1,insulin,bmi,0/0/0.164976/0/0,0/0/0/0.547808/0,0/0/0.285772/0/0,0.2244037513450667,0.0,0.0,0.025,0.0,0,0.1,0.0011222/0.112765/0.185772/0.447808/0,0.0011222/0.112765/0.185772/0.447808/-0.066202,R_7KJVcP40lic0MLg,counterfactual,base_prototype
4,15,130304,1,blood_pressure,bmi,0/0.304348/0/0/0,0/0/0/0.235221/0,0/0.212765/0/0/0,0.31092073900871353,0.0,0.0,0.025,0.0,0,0.1,0.001267/0.112765/0.0525392/0.135221/0,-0.001267/0.112765/-0.0525392/0.135221/0.0275222,R_7KJVcP40lic0MLg,counterfactual,base_prototype
0,16,130305,1,insulin,bmi,0/0/0.109296/0/0,0/0/0/-0.455507/0,0/0/0.127401/0/0,0.09075858393627224,0.0,0.0,0.025,0.0,0,0.1,0.00394581/0.310105/0.0274008/0.355507/0,0.00394581/-0.310105/0.0274008/-0.355507/0.0632267,R_7KJVcP40lic0MLg,counterfactual,base_prototype
1,17,130306,1,bmi,insulin,0/0/0/0.173214/0,0/0/0.331021/0/0,0/0/0/-0.112293/0,0.06680997555103228,0.0,0.0,0.05,0.0,0,0.1,0.00524901/0.140957/0.231021/0.0122928/0,0.00524901/-0.140957/0.231021/-0.0122928/-0.0260345,R_7KJVcP40lic0MLg,counterfactual,base_prototype
2,18,130307,1,bmi,insulin,0/0/0/0.22102/0,0/0/0.211866/0/0,0/0/0/0.175513/0,0.2830815167089526,0.0,0.0,0.025,0.0,0,0.1,0.00894141/0.0281914/0.111866/0.0755128/0,0.00894141/0.0281914/0.111866/0.0755128/-0.0438868,R_7KJVcP40lic0MLg,counterfactual,base_prototype
3,19,130308,1,bmi,blood_pressure,0/0/0/0.254484/0,0/-0.410105/0/0/0,0/0/0/0.308977/0,0.2604566972042053,0.0,0.0,0.025,0.0,0,0.1,0.0017738/0.310105/0.178231/0.208977/0,0.0017738/-0.310105/0.178231/0.208977/-0.0394237,R_7KJVcP40lic0MLg,counterfactual,base_prototype
4,20,130309,1,blood_pressure,bmi,0/0.173913/0/0/0,0/0/0/-0.228196/0,0/-0.19867/0/0/0,0.2779040321353096,0.0,0.0,0.025,0.0,0,0.1,0.000398201/0.0986698/0.0781803/0.128196/0,-0.000398201/-0.0986698/-0.0781803/-0.128196/0.0632267,R_7KJVcP40lic0MLg,counterfactual,base_prototype
0,1,130200,-1,bmi,insulin,0/0/0/-0.168783/0,0/0/0.273932/0/0,0/0/0/-0.113602/0,0.07268776689797873,2.0,0.0,0.025,0.5,0,0.1,0.0391236/0.0862183/0.145733/0.00220534/0,-0.241312/-0.102902/0.173932/-0.0136024/0,R_7KJVcP40lic0MLg,counterfactual,counterfactual_exemplar
1,2,130201,-1,insulin,bmi,0/0/0.212406/0/0,0/0/0/-0.256879/0,0/0/-0.18766/0/0,0.22996091770719213,0.0,0.0,0.025,1.0,0,0.1,0.0765176/0.076087/0.077676/0.0784396/0,-0.153035/-0.152174/-0.155352/-0.156879/0,R_7KJVcP40lic0MLg,counterfactual,counterfactual_exemplar
2,3,130202,-1,insulin,glucose,0/0/-0.105172/0/0,-0.298581/0/0/0/0,0/0/0.133012/0/0,0.21027574773815763,2.0,0.0,0.025,0.5,0,0.1,0.0436228/0.0306966/0.0257604/0.0145221/0,-0.198581/-0.039338/0.0330123/-0.066108/0,R_7KJVcP40lic0MLg,counterfactual,counterfactual_exemplar
3,4,130203,-1,bmi,insulin,0/0/0/-0.387322/0,0/0/-0.255302/0/0,0/0/0/-0.256757/0,0.20499911190267453,0.5,0.0,0.025,1.0,0,0.1,0.0657818/0.0867623/0.0885458/0.0673818/0,-0.153035/-0.152174/-0.155302/-0.156757/0,R_7KJVcP40lic0MLg,counterfactual,counterfactual_exemplar
4,5,130204,-1,insulin,bmi,0/0/-0.162913/0/0,0/0/0/-0.256879/0,0/0/-0.255352/0/0,0.22996091770719213,0.0,0.0,0.025,1.0,0,0.1,0.0765176/0.076087/0.077676/0.0784396/0,-0.153035/-0.152174/-0.155352/-0.156879/0,R_7KJVcP40lic0MLg,counterfactual,counterfactual_exemplar
0,6,130205,-1,bmi,glucose,0/0/0/-0.456589/0,-0.455616/0/0/0/0,0/0/0/-0.273073/0,0.18620196650105333,2.0,0.0,0.025,0.5,0,0.1,0.0990108/0.0763411/0.0296745/0.048187/0,-0.355616/-0.105797/-0.0411244/-0.173073/0,R_7KJVcP40lic0MLg,counterfactual,counterfactual_exemplar
1,7,130206,-1,bmi,bmi,0/0/0/-0.321079/0,0/0/0/-0.256879/0,0/0/0/-0.256879/0,0.23186737125472995,0.0,0.0,0.025,1.0,0,0.1,0.0765176/0.076087/0.077676/0.0784396/0,-0.153035/-0.152174/-0.155352/-0.156879/0,R_7KJVcP40lic0MLg,counterfactual,counterfactual_exemplar
2,8,130207,-1,bmi,insulin,0/0/0/-0.387322/0,0/0/-0.295559/0/0,0/0/0/-0.262469/0,0.16806538263388882,2.0,0.0,0.025,0.5,0,0.1,0.0775697/0.0435821/0.13571/0.049722/0,-0.253463/-0.062802/-0.195559/-0.162469/0,R_7KJVcP40lic0MLg,counterfactual,counterfactual_exemplar
3,9,130208,-1,bmi,insulin,0/0/0/-0.336541/0,0/0/-0.255323/0/0,0/0/0/-0.256789/0,0.21353899273063326,0.5,0.0,0.025,1.0,0,0.1,0.0692499/0.0833137/0.0850379/0.0709484/0,-0.153035/-0.152174/-0.155323/-0.156789/0,R_7KJVcP40lic0MLg,counterfactual,counterfactual_exemplar
4,10,130209,-1,bmi,bmi,0/0/0/-0.84/0,0/0/0/-0.256879/0,0/0/0/-0.256879/0,0.23186737125472995,0.0,0.0,0.025,1.0,0,0.1,0.0765176/0.076087/0.077676/0.0784396/0,-0.153035/-0.152174/-0.155352/-0.156879/0,R_7KJVcP40lic0MLg,counterfactual,counterfactual_exemplar
0,11,130300,1,insulin,insulin,0/0/0.212406/0/0,0/0/0.233773/0/0,0/0/0.233773/0/0,0.34343023737180245,2.0,0.0,0.025,0.5,0,0.1,0.0106526/0.071205/0.0928334/0.0476962/0,-0.034808/0.102607/0.133773/0.155849/0,R_7KJVcP40lic0MLg,counterfactual,counterfactual_exemplar
1,12,130301,1,blood_pressure,insulin,0/0.304348/0/0/0,0/0/0.258789/0/0,0/0.252174/0/0/0,0.22567265471934558,0.0,0.0,0.025,1.0,0,0.1,0.0765176/0.076087/0.0793945/0.0772689/0,0.153035/0.152174/0.158789/0.154538/0,R_7KJVcP40lic0MLg,counterfactual,counterfactual_exemplar
2,13,130302,1,insulin,blood_pressure,0/0/0.294894/0/0,0/0.463317/0/0/0,0/0/0.279844/0/0,0.22750874117296296,2.0,0.0,0.025,0.5,0,0.1,0.0500588/0.244256/0.120908/0.0654166/0,0.152755/0.363317/0.179844/0.19962/0,R_7KJVcP40lic0MLg,counterfactual,counterfactual_exemplar
3,14,130303,1,insulin,insulin,0/0/0.164976/0/0,0/0/0.258763/0/0,0/0/0.258763/0/0,0.2501074810390609,0.5,0.0,0.025,1.0,0,0.1,0.0700755/0.0824928/0.0860646/0.0707758/0,0.153035/0.152174/0.158763/0.154565/0,R_7KJVcP40lic0MLg,counterfactual,counterfactual_exemplar
4,15,130304,1,blood_pressure,insulin,0/0.304348/0/0/0,0/0/0.258789/0/0,0/0.252174/0/0/0,0.22567265471934558,0.0,0.0,0.025,1.0,0,0.1,0.0765176/0.076087/0.0793945/0.0772689/0,0.153035/0.152174/0.158789/0.154538/0,R_7KJVcP40lic0MLg,counterfactual,counterfactual_exemplar
0,16,130305,1,insulin,glucose,0/0/0.109296/0/0,0.342633/0/0/0/0,0/0/0.176377/0/0,0.22332035892404223,2.0,0.0,0.025,0.5,0,0.1,0.0855477/0.01823/0.0494482/0.0496183/0,0.242633/-0.028158/0.0763775/-0.140729/0,R_7KJVcP40lic0MLg,counterfactual,counterfactual_exemplar
1,17,130306,1,bmi,insulin,0/0/0/0.173214/0,0/0/0.258789/0/0,0/0/0/0.254538/0,0.22861151103417782,0.0,0.0,0.025,1.0,0,0.1,0.0765176/0.076087/0.0793945/0.0772689/0,0.153035/0.152174/0.158789/0.154538/0,R_7KJVcP40lic0MLg,counterfactual,counterfactual_exemplar
2,18,130307,1,bmi,glucose,0/0/0/0.22102/0,0.440727/0/0/0/0,0/0/0/0.174699/0,0.11067279724746741,2.0,0.0,0.025,0.5,0,0.1,0.124563/0.0924159/0.084974/0.0273085/0,0.340727/0.14567/0.13394/0.0746989/0,R_7KJVcP40lic0MLg,counterfactual,counterfactual_exemplar
3,19,130308,1,bmi,insulin,0/0/0/0.254484/0,0/0/0.25877/0/0,0/0/0/0.25456/0,0.2161399046651731,0.5,0.0,0.025,1.0,0,0.1,0.0714962/0.0810801/0.0845946/0.0722084/0,0.153035/0.152174/0.15877/0.15456/0,R_7KJVcP40lic0MLg,counterfactual,counterfactual_exemplar
4,20,130309,1,blood_pressure,insulin,0/0.173913/0/0/0,0/0/0.258789/0/0,0/0.217391/0/0/0,0.22567265471934558,0.0,0.0,0.025,1.0,0,0.1,0.0765176/0.076087/0.0793945/0.0772689/0,0.153035/0.152174/0.158789/0.154538/0,R_7KJVcP40lic0MLg,counterfactual,counterfactual_exemplar
0,1,130200,-1,bmi,insulin,0/0/0/-0.168783/0,0/0/0.273932/0/0,0/0/0/-0.113602/0,0.07268776689797873,2.0,0.0,0.025,0.5,0,0.1,0.0391236/0.0862183/0.145733/0.00220534/0,-0.241312/-0.102902/0.173932/-0.0136024/0,R_7KJVcP40lic0MLg,counterfactual,counterfactual_prototype
1,2,130201,-1,insulin,bmi,0/0/0.212406/0/0,0/0/0/-0.256879/0,0/0/-0.18766/0/0,0.22996091770719213,0.0,0.0,0.025,1.0,0,0.1,0.0765176/0.076087/0.077676/0.0784396/0,-0.153035/-0.152174/-0.155352/-0.156879/0,R_7KJVcP40lic0MLg,counterfactual,counterfactual_prototype
2,3,130202,-1,insulin,glucose,0/0/-0.105172/0/0,-0.298581/0/0/0/0,0/0/0.133012/0/0,0.21027574773815763,2.0,0.0,0.025,0.5,0,0.1,0.0436228/0.0306966/0.0257604/0.0145221/0,-0.198581/-0.039338/0.0330123/-0.066108/0,R_7KJVcP40lic0MLg,counterfactual,counterfactual_prototype
3,4,130203,-1,bmi,insulin,0/0/0/-0.387322/0,0/0/-0.255302/0/0,0/0/0/-0.256757/0,0.20499911190267453,0.5,0.0,0.025,1.0,0,0.1,0.0657818/0.0867623/0.0885458/0.0673818/0,-0.153035/-0.152174/-0.155302/-0.156757/0,R_7KJVcP40lic0MLg,counterfactual,counterfactual_prototype
4,5,130204,-1,insulin,bmi,0/0/-0.162913/0/0,0/0/0/-0.256879/0,0/0/-0.255352/0/0,0.22996091770719213,0.0,0.0,0.025,1.0,0,0.1,0.0765176/0.076087/0.077676/0.0784396/0,-0.153035/-0.152174/-0.155352/-0.156879/0,R_7KJVcP40lic0MLg,counterfactual,counterfactual_prototype
0,6,130205,-1,bmi,glucose,0/0/0/-0.456589/0,-0.455616/0/0/0/0,0/0/0/-0.273073/0,0.18620196650105333,2.0,0.0,0.025,0.5,0,0.1,0.0990108/0.0763411/0.0296745/0.048187/0,-0.355616/-0.105797/-0.0411244/-0.173073/0,R_7KJVcP40lic0MLg,counterfactual,counterfactual_prototype
1,7,130206,-1,bmi,bmi,0/0/0/-0.321079/0,0/0/0/-0.256879/0,0/0/0/-0.256879/0,0.23186737125472995,0.0,0.0,0.025,1.0,0,0.1,0.0765176/0.076087/0.077676/0.0784396/0,-0.153035/-0.152174/-0.155352/-0.156879/0,R_7KJVcP40lic0MLg,counterfactual,counterfactual_prototype
2,8,130207,-1,bmi,insulin,0/0/0/-0.387322/0,0/0/-0.295559/0/0,0/0/0/-0.262469/0,0.16806538263388882,2.0,0.0,0.025,0.5,0,0.1,0.0775697/0.0435821/0.13571/0.049722/0,-0.253463/-0.062802/-0.195559/-0.162469/0,R_7KJVcP40lic0MLg,counterfactual,counterfactual_prototype
3,9,130208,-1,bmi,insulin,0/0/0/-0.336541/0,0/0/-0.255323/0/0,0/0/0/-0.256789/0,0.21353899273063326,0.5,0.0,0.025,1.0,0,0.1,0.0692499/0.0833137/0.0850379/0.0709484/0,-0.153035/-0.152174/-0.155323/-0.156789/0,R_7KJVcP40lic0MLg,counterfactual,counterfactual_prototype
4,10,130209,-1,bmi,bmi,0/0/0/-0.84/0,0/0/0/-0.256879/0,0/0/0/-0.256879/0,0.23186737125472995,0.0,0.0,0.025,1.0,0,0.1,0.0765176/0.076087/0.077676/0.0784396/0,-0.153035/-0.152174/-0.155352/-0.156879/0,R_7KJVcP40lic0MLg,counterfactual,counterfactual_prototype
0,11,130300,1,insulin,insulin,0/0/0.212406/0/0,0/0/0.233773/0/0,0/0/0.233773/0/0,0.34343023737180245,2.0,0.0,0.025,0.5,0,0.1,0.0106526/0.071205/0.0928334/0.0476962/0,-0.034808/0.102607/0.133773/0.155849/0,R_7KJVcP40lic0MLg,counterfactual,counterfactual_prototype
1,12,130301,1,blood_pressure,insulin,0/0.304348/0/0/0,0/0/0.258789/0/0,0/0.252174/0/0/0,0.22567265471934558,0.0,0.0,0.025,1.0,0,0.1,0.0765176/0.076087/0.0793945/0.0772689/0,0.153035/0.152174/0.158789/0.154538/0,R_7KJVcP40lic0MLg,counterfactual,counterfactual_prototype
2,13,130302,1,insulin,blood_pressure,0/0/0.294894/0/0,0/0.463317/0/0/0,0/0/0.279844/0/0,0.22750874117296296,2.0,0.0,0.025,0.5,0,0.1,0.0500588/0.244256/0.120908/0.0654166/0,0.152755/0.363317/0.179844/0.19962/0,R_7KJVcP40lic0MLg,counterfactual,counterfactual_prototype
3,14,130303,1,insulin,insulin,0/0/0.164976/0/0,0/0/0.258763/0/0,0/0/0.258763/0/0,0.2501074810390609,0.5,0.0,0.025,1.0,0,0.1,0.0700755/0.0824928/0.0860646/0.0707758/0,0.153035/0.152174/0.158763/0.154565/0,R_7KJVcP40lic0MLg,counterfactual,counterfactual_prototype
4,15,130304,1,blood_pressure,insulin,0/0.304348/0/0/0,0/0/0.258789/0/0,0/0.252174/0/0/0,0.22567265471934558,0.0,0.0,0.025,1.0,0,0.1,0.0765176/0.076087/0.0793945/0.0772689/0,0.153035/0.152174/0.158789/0.154538/0,R_7KJVcP40lic0MLg,counterfactual,counterfactual_prototype
0,16,130305,1,insulin,glucose,0/0/0.109296/0/0,0.342633/0/0/0/0,0/0/0.176377/0/0,0.22332035892404223,2.0,0.0,0.025,0.5,0,0.1,0.0855477/0.01823/0.0494482/0.0496183/0,0.242633/-0.028158/0.0763775/-0.140729/0,R_7KJVcP40lic0MLg,counterfactual,counterfactual_prototype
1,17,130306,1,bmi,insulin,0/0/0/0.173214/0,0/0/0.258789/0/0,0/0/0/0.254538/0,0.22861151103417782,0.0,0.0,0.025,1.0,0,0.1,0.0765176/0.076087/0.0793945/0.0772689/0,0.153035/0.152174/0.158789/0.154538/0,R_7KJVcP40lic0MLg,counterfactual,counterfactual_prototype
2,18,130307,1,bmi,glucose,0/0/0/0.22102/0,0.440727/0/0/0/0,0/0/0/0.174699/0,0.11067279724746741,2.0,0.0,0.025,0.5,0,0.1,0.124563/0.0924159/0.084974/0.0273085/0,0.340727/0.14567/0.13394/0.0746989/0,R_7KJVcP40lic0MLg,counterfactual,counterfactual_prototype
3,19,130308,1,bmi,insulin,0/0/0/0.254484/0,0/0/0.25877/0/0,0/0/0/0.25456/0,0.2161399046651731,0.5,0.0,0.025,1.0,0,0.1,0.0714962/0.0810801/0.0845946/0.0722084/0,0.153035/0.152174/0.15877/0.15456/0,R_7KJVcP40lic0MLg,counterfactual,counterfactual_prototype
4,20,130309,1,blood_pressure,insulin,0/0.173913/0/0/0,0/0/0.258789/0/0,0/0.217391/0/0/0,0.22567265471934558,0.0,0.0,0.025,1.0,0,0.1,0.0765176/0.076087/0.0793945/0.0772689/0,0.153035/0.152174/0.158789/0.154538/0,R_7KJVcP40lic0MLg,counterfactual,counterfactual_prototype
0,1,130200,-1,blood_pressure,glucose,0/-0.23913/0/0/0,-0.161234/0/0/0/0,0/-0.0681159/0/0/0,0.2940356662595022,0.0,0.0,0.025,0.0,0,0.05,0.113359/0.0652174/0/0/0,-0.111234/-0.0181159/0.221514/0.208099/-0.259009,R_7OLfrecF1gIsoj7,counterfactual,additive_exemplar
1,2,130201,-1,insulin,glucose,0/0/-0.0680525/0/0,-0.118724/0/0/0/0,0/0/0.215835/0/0,0.037890895009862785,0.0,0.0,0.1,0.0,0,0.05,0.0708496/0/0/0/0,-0.0687241/0.199275/0.165835/0.264295/-0.177928,R_7OLfrecF1gIsoj7,counterfactual,additive_exemplar
2,3,130202,-1,insulin,insulin,0/0/-0.0763012/0/0,0/0/-0.0924469/0/0,0/0/-0.0924469/0/0,0.539286577589368,0.0,0.0,0.025,0.0,0,0.05,0.0283399/0/0.147103/0/0,-0.0262144/0.112319/-0.0424469/0.102733/-0.123874,R_7OLfrecF1gIsoj7,counterfactual,additive_exemplar
3,4,130203,-1,bmi,blood_pressure,0/0/0/-0.237322/0,0/-0.194019/0/0/0,0/0/0/-0.171427/0,0.20951457196684484,4.0,6.0,0.025,0.0,0,0.1,0.118998/0.135726/0.0815426/0.0971386/0,-0.101467/-0.0940193/0.109506/-0.0714272/0.0714383,R_7OLfrecF1gIsoj7,counterfactual,additive_exemplar
4,5,130204,-1,insulin,glucose,0/0/-0.0247463/0/0,-0.161234/0/0/0/0,0/0/-0.02027/0/0,0.31597279251747323,0.0,0.0,0.025,0.0,0,0.05,0.113359/0/0.0749264/0/0,-0.111234/0.0688406/0.02973/0.264295/-0.0968468,R_7OLfrecF1gIsoj7,counterfactual,additive_exemplar
0,6,130205,-1,insulin,glucose,0/0/-0.189722/0/0,-0.390787/0/0/0/0,0/0/-0.22649/0/0,0.27954703365199984,0.0,0.0,0.025,0.0,0,0.05,0.342912/0.0652174/0.281146/0.179123/0,-0.340787/-0.0181159/-0.17649/-0.111513/0.362613,R_7OLfrecF1gIsoj7,counterfactual,additive_exemplar
1,7,130206,-1,bmi,insulin,0/0/0/-0.311079/0,0/0/-0.183183/0/0,0/0/0/-0.214196/0,0.279070632042068,0.0,0.0,0.1,0.0,0,0.05,0.0963555/0.152174/0.23784/0.231807/0,-0.09423/-0.105072/-0.133183/-0.164196/0.227477,R_7OLfrecF1gIsoj7,counterfactual,additive_exemplar
2,8,130207,-1,bmi,insulin,0/0/0/-0.177322/0,0/0/-0.529632/0/0,0/0/0/-0.14044/0,0.1828904055363686,0.0,0.0,0.025,0.0,0,0.05,0.138865/0/0.584289/0.15805/0,-0.13674/0.0688406/-0.479632/-0.0904397/0.146396,R_7OLfrecF1gIsoj7,counterfactual,additive_exemplar
3,9,130208,-1,bmi,insulin,0/0/0/-0.0965412/0,0/0/-0.118647/0/0,0/0/0/-0.0743573/0,0.13160259657854373,4.0,6.0,0.025,0.0,0,0.1,0/0/0.0945362/0.00750598/0,0.213798/0.131996/-0.0186466/0.0256427/-0.538497,R_7OLfrecF1gIsoj7,counterfactual,additive_exemplar
4,10,130209,-1,bmi,bmi,0/0/0/-0.49/0,0/0/0/-0.473117/0,0/0/0/-0.473117/0,0.4001065419332183,0.0,0.0,0.025,0.0,0,0.05,0/0.326087/0.130606/0.490728/0,0.160829/-0.278986/-0.0259493/-0.423117/0.119369,R_7OLfrecF1gIsoj7,counterfactual,additive_exemplar
0,11,130300,1,insulin,bmi,0/0/0.113421/0/0,0/0/0/0.219465/0,0/0/0.0962276/0/0,0.3098367958269401,0.0,0.0,0.025,0.0,0,0.05,0/0/0.150884/0.237075/0,-0.4003/-0.105072/0.0462276/0.169465/0.362613,R_7OLfrecF1gIsoj7,counterfactual,additive_exemplar
1,12,130301,1,bmi,bmi,0/0/0/0.306339/0,0/0/0/0.293221/0,0/0/0/0.293221/0,0.38860252393195654,0.0,0.0,0.1,0.0,0,0.05,0/0.115942/0.274616/0.310832/0,-0.238763/0.0688406/0.169959/0.243221/0.119369,R_7OLfrecF1gIsoj7,counterfactual,additive_exemplar
2,13,130302,1,insulin,blood_pressure,0/0/0.136105/0/0,0/0.466667/0/0/0,0/0/0.189026/0/0,0.21786372473779472,0.0,0.0,0.025,0.0,0,0.05,0/0.463768/0.243683/0.324881/0,-0.0262144/0.416667/0.139026/0.25727/-0.0427928,R_7OLfrecF1gIsoj7,counterfactual,additive_exemplar
3,14,130303,1,insulin,bmi,0/0/0.175287/0/0,0/0/0/0.497865/0,0/0/0.194486/0/0,0.20557396977650783,4.0,6.0,0.025,0.0,0,0.1,0/0.0928381/0.150283/0.446639/0,0.00715156/0.0703834/0.0944864/0.397865/-0.375786,R_7OLfrecF1gIsoj7,counterfactual,additive_exemplar
4,15,130304,1,bmi,bmi,0/0/0/0.0807277/0,0/0/0/0.11761/0,0/0/0/0.11761/0,0.4107119786336358,0.0,0.0,0.025,0.0,0,0.05,0/0.115942/0/0.135221/0,-0.0517202/0.0688406/-0.17649/0.0676103/0.146396,R_7OLfrecF1gIsoj7,counterfactual,additive_exemplar
0,16,130305,1,insulin,glucose,0/0/0.189722/0/0,0.202327/0/0/0/0,0/0/-0.0171932/0/0,0.1929497107240378,0.0,0.0,0.025,0.0,0,0.05,0.154452/0/0.0374632/0/0,0.152327/-0.365942/-0.0671932/-0.423117/0.362613,R_7OLfrecF1gIsoj7,counterfactual,additive_exemplar
1,17,130306,1,bmi,insulin,0/0/0/-0.266786/0,0/0/0.261203/0/0,0/0/0/-0.129903/0,0.024120074054518163,0.0,0.0,0.1,0.0,0,0.05,0.205464/0/0.31586/0/0,0.203338/-0.192029/0.211203/-0.0799031/-0.177928,R_7OLfrecF1gIsoj7,counterfactual,additive_exemplar
2,18,130307,1,bmi,glucose,0/0/0/-0.16898/0,0.397872/0/0/0/0,0/0/0/0.0579025/0,0.14775140120269625,0.0,0.0,0.025,0.0,0,0.05,0.349997/0.0289855/0.152946/0.0755128/0,0.347872/-0.0181159/0.0482898/0.0079025/-0.286036,R_7OLfrecF1gIsoj7,counterfactual,additive_exemplar
3,19,130308,1,bmi,bmi,0/0/0/0.124484/0,0/0/0/0.261002/0,0/0/0/0.261002/0,0.3940729363926631,4.0,6.0,0.025,0.0,0,0.1,0.0254789/0/0.179044/0.209979/0,0.0405421/-0.353426/0.1058/0.161002/-0.230442,R_7OLfrecF1gIsoj7,counterfactual,additive_exemplar
4,20,130309,1,insulin,bmi,0/0/0.125794/0/0,0/0/0/-0.245806/0,0/0/-0.261547/0/0,0.26650752782449927,0.0,0.0,0.025,0.0,0,0.05,0.0155869/0.101449/0.10689/0.128196/0,-0.0177124/-0.148551/-0.211547/-0.195806/0.362613,R_7OLfrecF1gIsoj7,counterfactual,additive_exemplar
0,1,130200,-1,blood_pressure,glucose,0/-0.23913/0/0/0,-0.161234/0/0/0/0,0/-0.0681159/0/0/0,0.2940356662595022,0.0,0.0,0.025,0.0,0,0.05,0.113359/0.0652174/0/0/0,-0.111234/-0.0181159/0.221514/0.208099/-0.259009,R_7OLfrecF1gIsoj7,counterfactual,additive_prototype
1,2,130201,-1,insulin,glucose,0/0/-0.0680525/0/0,-0.118724/0/0/0/0,0/0/0.215835/0/0,0.037890895009862785,0.0,0.0,0.1,0.0,0,0.05,0.0708496/0/0/0/0,-0.0687241/0.199275/0.165835/0.264295/-0.177928,R_7OLfrecF1gIsoj7,counterfactual,additive_prototype
2,3,130202,-1,insulin,insulin,0/0/-0.0763012/0/0,0/0/-0.0924469/0/0,0/0/-0.0924469/0/0,0.539286577589368,0.0,0.0,0.025,0.0,0,0.05,0.0283399/0/0.147103/0/0,-0.0262144/0.112319/-0.0424469/0.102733/-0.123874,R_7OLfrecF1gIsoj7,counterfactual,additive_prototype
3,4,130203,-1,bmi,blood_pressure,0/0/0/-0.237322/0,0/-0.198551/0/0/0,0/0/0/-0.14044/0,0.23494400399790388,0.0,0.0,0.025,0.0,0,0.05,0.147367/0.195652/0.109984/0.15805/0,-0.145242/-0.148551/-0.00532734/-0.0904397/0.173423,R_7OLfrecF1gIsoj7,counterfactual,additive_prototype
4,5,130204,-1,insulin,glucose,0/0/-0.0247463/0/0,-0.161234/0/0/0/0,0/0/-0.02027/0/0,0.31597279251747323,0.0,0.0,0.025,0.0,0,0.05,0.113359/0/0.0749264/0/0,-0.111234/0.0688406/0.02973/0.264295/-0.0968468,R_7OLfrecF1gIsoj7,counterfactual,additive_prototype
0,6,130205,-1,insulin,glucose,0/0/-0.189722/0/0,-0.390787/0/0/0/0,0/0/-0.22649/0/0,0.27954703365199984,0.0,0.0,0.025,0.0,0,0.05,0.342912/0.0652174/0.281146/0.179123/0,-0.340787/-0.0181159/-0.17649/-0.111513/0.362613,R_7OLfrecF1gIsoj7,counterfactual,additive_prototype
1,7,130206,-1,bmi,insulin,0/0/0/-0.311079/0,0/0/-0.183183/0/0,0/0/0/-0.214196/0,0.279070632042068,0.0,0.0,0.1,0.0,0,0.05,0.0963555/0.152174/0.23784/0.231807/0,-0.09423/-0.105072/-0.133183/-0.164196/0.227477,R_7OLfrecF1gIsoj7,counterfactual,additive_prototype
2,8,130207,-1,bmi,insulin,0/0/0/-0.177322/0,0/0/-0.529632/0/0,0/0/0/-0.14044/0,0.1828904055363686,0.0,0.0,0.025,0.0,0,0.05,0.138865/0/0.584289/0.15805/0,-0.13674/0.0688406/-0.479632/-0.0904397/0.146396,R_7OLfrecF1gIsoj7,counterfactual,additive_prototype
3,9,130208,-1,bmi,insulin,0/0/0/-0.0965412/0,0/0/-0.0491408/0/0,0/0/0/-0.0596586/0,0.3360347687735414,0.0,0.0,0.025,0.0,0,0.05,0/0/0.103797/0.0772689/0,0.25435/0.112319/0.000859248/-0.00965861/-0.556306,R_7OLfrecF1gIsoj7,counterfactual,additive_prototype
4,10,130209,-1,bmi,bmi,0/0/0/-0.49/0,0/0/0/-0.473117/0,0/0/0/-0.473117/0,0.4001065419332183,0.0,0.0,0.025,0.0,0,0.05,0/0.326087/0.130606/0.490728/0,0.160829/-0.278986/-0.0259493/-0.423117/0.119369,R_7OLfrecF1gIsoj7,counterfactual,additive_prototype
0,11,130300,1,insulin,bmi,0/0/0.113421/0/0,0/0/0/0.219465/0,0/0/0.0962276/0/0,0.3098367958269401,0.0,0.0,0.025,0.0,0,0.05,0/0/0.150884/0.237075/0,-0.4003/-0.105072/0.0462276/0.169465/0.362613,R_7OLfrecF1gIsoj7,counterfactual,additive_prototype
1,12,130301,1,bmi,bmi,0/0/0/0.306339/0,0/0/0/0.293221/0,0/0/0/0.293221/0,0.38860252393195654,0.0,0.0,0.1,0.0,0,0.05,0/0.115942/0.274616/0.310832/0,-0.238763/0.0688406/0.169959/0.243221/0.119369,R_7OLfrecF1gIsoj7,counterfactual,additive_prototype
2,13,130302,1,insulin,blood_pressure,0/0/0.136105/0/0,0/0.466667/0/0/0,0/0/0.189026/0/0,0.21786372473779472,0.0,0.0,0.025,0.0,0,0.05,0/0.463768/0.243683/0.324881/0,-0.0262144/0.416667/0.139026/0.25727/-0.0427928,R_7OLfrecF1gIsoj7,counterfactual,additive_prototype
3,14,130303,1,insulin,bmi,0/0/0.175287/0/0,0/0/0/0.430198/0,0/0/0.199337/0/0,0.2551880717667022,0.0,0.0,0.025,0.0,0,0.05,0.0439268/0.115942/0.253994/0.447808/0,0.0418013/0.0688406/0.149337/0.380198/-0.421171,R_7OLfrecF1gIsoj7,counterfactual,additive_prototype
4,15,130304,1,bmi,bmi,0/0/0/0.0807277/0,0/0/0/0.11761/0,0/0/0/0.11761/0,0.4107119786336358,0.0,0.0,0.025,0.0,0,0.05,0/0.115942/0/0.135221/0,-0.0517202/0.0688406/-0.17649/0.0676103/0.146396,R_7OLfrecF1gIsoj7,counterfactual,additive_prototype
0,16,130305,1,insulin,glucose,0/0/0.189722/0/0,0.202327/0/0/0/0,0/0/-0.0171932/0/0,0.1929497107240378,0.0,0.0,0.025,0.0,0,0.05,0.154452/0/0.0374632/0/0,0.152327/-0.365942/-0.0671932/-0.423117/0.362613,R_7OLfrecF1gIsoj7,counterfactual,additive_prototype
1,17,130306,1,bmi,insulin,0/0/0/-0.266786/0,0/0/0.261203/0/0,0/0/0/-0.129903/0,0.024120074054518163,0.0,0.0,0.1,0.0,0,0.05,0.205464/0/0.31586/0/0,0.203338/-0.192029/0.211203/-0.0799031/-0.177928,R_7OLfrecF1gIsoj7,counterfactual,additive_prototype
2,18,130307,1,bmi,glucose,0/0/0/-0.16898/0,0.397872/0/0/0/0,0/0/0/0.0579025/0,0.14775140120269625,0.0,0.0,0.025,0.0,0,0.05,0.349997/0.0289855/0.152946/0.0755128/0,0.347872/-0.0181159/0.0482898/0.0079025/-0.286036,R_7OLfrecF1gIsoj7,counterfactual,additive_prototype
3,19,130308,1,bmi,insulin,0/0/0/0.124484/0,0/0/0.189026/0/0,0/0/0/0.191367/0,0.3275041767891711,0.0,0.0,0.025,0.0,0,0.05,0.0694326/0/0.243683/0.208977/0,0.0673071/-0.365942/0.139026/0.141367/-0.259009,R_7OLfrecF1gIsoj7,counterfactual,additive_prototype
4,20,130309,1,insulin,bmi,0/0/0.125794/0/0,0/0/0/-0.245806/0,0/0/-0.261547/0/0,0.26650752782449927,0.0,0.0,0.025,0.0,0,0.05,0.0155869/0.101449/0.10689/0.128196/0,-0.0177124/-0.148551/-0.211547/-0.195806/0.362613,R_7OLfrecF1gIsoj7,counterfactual,additive_prototype
0,1,130200,-1,blood_pressure,bmi,0/-0.23913/0/0/0,0/0/0/0.140489/0,0/-0.0634306/0/0/0,0.20303915234895545,0.0,0.0,0.05,0.0,0,0.0,0.002896/0.0634306/0.0854704/0.140489/0,-0.002896/-0.0634306/0.0854704/0.140489/-0.0461183,R_7OLfrecF1gIsoj7,counterfactual,base_exemplar
1,2,130201,-1,insulin,bmi,0/0/-0.0680525/0/0,0/0/0/0.196684/0,0/0/0.0447463/0/0,0.12470056761956695,0.0,0.0,0.05,0.0,0,0.0,0.00181/0.148005/0.0447463/0.196684/0,-0.00181/0.148005/0.0447463/0.196684/-0.0327291,R_7OLfrecF1gIsoj7,counterfactual,base_exemplar
2,3,130202,-1,insulin,insulin,0/0/-0.0763012/0/0,0/0/-0.107592/0/0,0/0/-0.107592/0/0,0.40122883526130493,0.0,0.0,0.025,0.0,0,0.0,0.000724001/0.0634306/0.107592/0.0351222/0,-0.000724001/0.0634306/-0.107592/0.0351222/-0.023803,R_7OLfrecF1gIsoj7,counterfactual,base_exemplar
3,4,130203,-1,bmi,blood_pressure,0/0/0/-0.237322/0,0/-0.190292/0/0/0,0/0/0/-0.15805/0,0.30584179750379825,0.0,0.0,0.025,0.0,0,0.0,0.00376481/0.190292/0.0804427/0.15805/0,-0.00376481/-0.190292/-0.0804427/-0.15805/0.0252907,R_7OLfrecF1gIsoj7,counterfactual,base_exemplar
4,5,130204,-1,insulin,bmi,0/0/-0.0247463/0/0,0/0/0/0.196684/0,0/0/-0.0548016/0/0,0.1946108396096456,0.0,0.0,0.025,0.0,0,0.0,0.002896/0.0211435/0.0548016/0.196684/0,-0.002896/0.0211435/-0.0548016/0.196684/-0.0193399,R_7OLfrecF1gIsoj7,counterfactual,base_exemplar
0,6,130205,-1,insulin,insulin,0/0/-0.189722/0/0,0/0/-0.205632/0/0,0/0/-0.205632/0/0,0.3875504265422459,0.0,0.0,0.05,0.0,0,0.0,0.00876041/0.0634306/0.205632/0.179123/0,-0.00876041/-0.0634306/-0.205632/-0.179123/0.0565321,R_7OLfrecF1gIsoj7,counterfactual,base_exemplar
1,7,130206,-1,bmi,bmi,0/0/0/-0.311079/0,0/0/0/-0.231807/0,0/0/0/-0.231807/0,0.3622327420339493,0.0,0.0,0.05,0.0,0,0.0,0.0024616/0.148005/0.173957/0.231807/0,-0.0024616/-0.148005/-0.173957/-0.231807/0.0342168,R_7OLfrecF1gIsoj7,counterfactual,base_exemplar
2,8,130207,-1,bmi,insulin,0/0/0/-0.177322/0,0/0/-0.427352/0/0,0/0/0/-0.15805/0,0.22921709502776993,0.0,0.0,0.025,0.0,0,0.0,0.0035476/0.0211435/0.427352/0.15805/0,-0.0035476/0.0211435/-0.427352/-0.15805/0.0208276,R_7OLfrecF1gIsoj7,counterfactual,base_exemplar
3,9,130208,-1,bmi,bmi,0/0/0/-0.0965412/0,0/0/0/-0.0772689/0,0/0/0/-0.0772689/0,0.2982548572104607,0.0,0.0,0.025,0.0,0,0.0,0.00644361/0.0634306/0.0759178/0.0772689/0,0.00644361/0.0634306/-0.0759178/-0.0772689/-0.0952119,R_7OLfrecF1gIsoj7,counterfactual,base_exemplar
4,10,130209,-1,bmi,bmi,0/0/0/-0.49/0,0/0/0/-0.490728/0,0/0/0/-0.490728/0,0.41193297426422704,0.0,0.0,0.025,0.0,0,0.0,0.00405441/0.317153/0.0955257/0.490728/0,0.00405441/-0.317153/-0.0955257/-0.490728/0.0163646,R_7OLfrecF1gIsoj7,counterfactual,base_exemplar
0,11,130300,1,insulin,bmi,0/0/0.113421/0/0,0/0/0/0.237075/0,0/0/0.110357/0/0,0.24123204671249251,0.0,0.0,0.05,0.0,0,0.0,0.0101722/0.0563827/0.110357/0.237075/0,-0.0101722/-0.0563827/0.110357/0.237075/0.0632267,R_7OLfrecF1gIsoj7,counterfactual,base_exemplar
1,12,130301,1,bmi,bmi,0/0/0/0.306339/0,0/0/0/0.310832/0,0/0/0/0.310832/0,0.41925650764145317,0.0,0.0,0.05,0.0,0,0.0,0.00604541/0.112765/0.200855/0.310832/0,-0.00604541/0.112765/0.200855/0.310832/0.0230591,R_7OLfrecF1gIsoj7,counterfactual,base_exemplar
2,13,130302,1,insulin,blood_pressure,0/0/0.136105/0/0,0/0.451062/0/0/0,0/0/0.178231/0/0,0.1850176151815211,0.0,0.0,0.025,0.0,0,0.0,0.000615401/0.451062/0.178231/0.324881/0,-0.000615401/0.451062/0.178231/0.324881/-0.00371922,R_7OLfrecF1gIsoj7,counterfactual,base_exemplar
3,14,130303,1,insulin,bmi,0/0/0.175287/0/0,0/0/0/0.447808/0,0/0/0.185772/0/0,0.2244037513450667,0.0,0.0,0.025,0.0,0,0.0,0.0011222/0.112765/0.185772/0.447808/0,0.0011222/0.112765/0.185772/0.447808/-0.066202,R_7OLfrecF1gIsoj7,counterfactual,base_exemplar
4,15,130304,1,bmi,bmi,0/0/0/0.0807277/0,0/0/0/0.135221/0,0/0/0/0.135221/0,0.36153098635632636,0.0,0.0,0.025,0.0,0,0.0,0.001267/0.112765/0.0525392/0.135221/0,-0.001267/0.112765/-0.0525392/0.135221/0.0275222,R_7OLfrecF1gIsoj7,counterfactual,base_exemplar
0,16,130305,1,insulin,bmi,0/0/0.189722/0/0,0/0/0/-0.355507/0,0/0/0.0274008/0/0,0.06813911354279772,0.0,0.0,0.05,0.0,0,0.0,0.00394581/0.310105/0.0274008/0.355507/0,0.00394581/-0.310105/0.0274008/-0.355507/0.0632267,R_7OLfrecF1gIsoj7,counterfactual,base_exemplar
1,17,130306,1,bmi,insulin,0/0/0/-0.266786/0,0/0/0.231021/0/0,0/0/0/-0.0122928/0,0.06680997555103228,0.0,0.0,0.05,0.0,0,0.0,0.00524901/0.140957/0.231021/0.0122928/0,0.00524901/-0.140957/0.231021/-0.0122928/-0.0260345,R_7OLfrecF1gIsoj7,counterfactual,base_exemplar
2,18,130307,1,bmi,insulin,0/0/0/-0.16898/0,0/0/0.111866/0/0,0/0/0/0.0755128/0,0.2830815167089526,0.0,0.0,0.025,0.0,0,0.0,0.00894141/0.0281914/0.111866/0.0755128/0,0.00894141/0.0281914/0.111866/0.0755128/-0.0438868,R_7OLfrecF1gIsoj7,counterfactual,base_exemplar
3,19,130308,1,bmi,blood_pressure,0/0/0/0.124484/0,0/-0.310105/0/0/0,0/0/0/0.208977/0,0.2604566972042053,0.0,0.0,0.025,0.0,0,0.0,0.0017738/0.310105/0.178231/0.208977/0,0.0017738/-0.310105/0.178231/0.208977/-0.0394237,R_7OLfrecF1gIsoj7,counterfactual,base_exemplar
4,20,130309,1,insulin,bmi,0/0/0.125794/0/0,0/0/0/-0.128196/0,0/0/-0.0781803/0/0,0.23170886248241598,0.0,0.0,0.025,0.0,0,0.0,0.000398201/0.0986698/0.0781803/0.128196/0,-0.000398201/-0.0986698/-0.0781803/-0.128196/0.0632267,R_7OLfrecF1gIsoj7,counterfactual,base_exemplar
0,1,130200,-1,blood_pressure,bmi,0/-0.23913/0/0/0,0/0/0/0.140489/0,0/-0.0634306/0/0/0,0.20303915234895545,0.0,0.0,0.05,0.0,0,0.0,0.002896/0.0634306/0.0854704/0.140489/0,-0.002896/-0.0634306/0.0854704/0.140489/-0.0461183,R_7OLfrecF1gIsoj7,counterfactual,base_prototype
1,2,130201,-1,insulin,bmi,0/0/-0.0680525/0/0,0/0/0/0.196684/0,0/0/0.0447463/0/0,0.12470056761956695,0.0,0.0,0.05,0.0,0,0.0,0.00181/0.148005/0.0447463/0.196684/0,-0.00181/0.148005/0.0447463/0.196684/-0.0327291,R_7OLfrecF1gIsoj7,counterfactual,base_prototype
2,3,130202,-1,insulin,insulin,0/0/-0.0763012/0/0,0/0/-0.107592/0/0,0/0/-0.107592/0/0,0.40122883526130493,0.0,0.0,0.025,0.0,0,0.0,0.000724001/0.0634306/0.107592/0.0351222/0,-0.000724001/0.0634306/-0.107592/0.0351222/-0.023803,R_7OLfrecF1gIsoj7,counterfactual,base_prototype
3,4,130203,-1,bmi,blood_pressure,0/0/0/-0.237322/0,0/-0.190292/0/0/0,0/0/0/-0.15805/0,0.30584179750379825,0.0,0.0,0.025,0.0,0,0.0,0.00376481/0.190292/0.0804427/0.15805/0,-0.00376481/-0.190292/-0.0804427/-0.15805/0.0252907,R_7OLfrecF1gIsoj7,counterfactual,base_prototype
4,5,130204,-1,insulin,bmi,0/0/-0.0247463/0/0,0/0/0/0.196684/0,0/0/-0.0548016/0/0,0.1946108396096456,0.0,0.0,0.025,0.0,0,0.0,0.002896/0.0211435/0.0548016/0.196684/0,-0.002896/0.0211435/-0.0548016/0.196684/-0.0193399,R_7OLfrecF1gIsoj7,counterfactual,base_prototype
0,6,130205,-1,insulin,insulin,0/0/-0.189722/0/0,0/0/-0.205632/0/0,0/0/-0.205632/0/0,0.3875504265422459,0.0,0.0,0.05,0.0,0,0.0,0.00876041/0.0634306/0.205632/0.179123/0,-0.00876041/-0.0634306/-0.205632/-0.179123/0.0565321,R_7OLfrecF1gIsoj7,counterfactual,base_prototype
1,7,130206,-1,bmi,bmi,0/0/0/-0.311079/0,0/0/0/-0.231807/0,0/0/0/-0.231807/0,0.3622327420339493,0.0,0.0,0.05,0.0,0,0.0,0.0024616/0.148005/0.173957/0.231807/0,-0.0024616/-0.148005/-0.173957/-0.231807/0.0342168,R_7OLfrecF1gIsoj7,counterfactual,base_prototype
2,8,130207,-1,bmi,insulin,0/0/0/-0.177322/0,0/0/-0.427352/0/0,0/0/0/-0.15805/0,0.22921709502776993,0.0,0.0,0.025,0.0,0,0.0,0.0035476/0.0211435/0.427352/0.15805/0,-0.0035476/0.0211435/-0.427352/-0.15805/0.0208276,R_7OLfrecF1gIsoj7,counterfactual,base_prototype
3,9,130208,-1,bmi,bmi,0/0/0/-0.0965412/0,0/0/0/-0.0772689/0,0/0/0/-0.0772689/0,0.2982548572104607,0.0,0.0,0.025,0.0,0,0.0,0.00644361/0.0634306/0.0759178/0.0772689/0,0.00644361/0.0634306/-0.0759178/-0.0772689/-0.0952119,R_7OLfrecF1gIsoj7,counterfactual,base_prototype
4,10,130209,-1,bmi,bmi,0/0/0/-0.49/0,0/0/0/-0.490728/0,0/0/0/-0.490728/0,0.41193297426422704,0.0,0.0,0.025,0.0,0,0.0,0.00405441/0.317153/0.0955257/0.490728/0,0.00405441/-0.317153/-0.0955257/-0.490728/0.0163646,R_7OLfrecF1gIsoj7,counterfactual,base_prototype
0,11,130300,1,insulin,bmi,0/0/0.113421/0/0,0/0/0/0.237075/0,0/0/0.110357/0/0,0.24123204671249251,0.0,0.0,0.05,0.0,0,0.0,0.0101722/0.0563827/0.110357/0.237075/0,-0.0101722/-0.0563827/0.110357/0.237075/0.0632267,R_7OLfrecF1gIsoj7,counterfactual,base_prototype
1,12,130301,1,bmi,bmi,0/0/0/0.306339/0,0/0/0/0.310832/0,0/0/0/0.310832/0,0.41925650764145317,0.0,0.0,0.05,0.0,0,0.0,0.00604541/0.112765/0.200855/0.310832/0,-0.00604541/0.112765/0.200855/0.310832/0.0230591,R_7OLfrecF1gIsoj7,counterfactual,base_prototype
2,13,130302,1,insulin,blood_pressure,0/0/0.136105/0/0,0/0.451062/0/0/0,0/0/0.178231/0/0,0.1850176151815211,0.0,0.0,0.025,0.0,0,0.0,0.000615401/0.451062/0.178231/0.324881/0,-0.000615401/0.451062/0.178231/0.324881/-0.00371922,R_7OLfrecF1gIsoj7,counterfactual,base_prototype
3,14,130303,1,insulin,bmi,0/0/0.175287/0/0,0/0/0/0.447808/0,0/0/0.185772/0/0,0.2244037513450667,0.0,0.0,0.025,0.0,0,0.0,0.0011222/0.112765/0.185772/0.447808/0,0.0011222/0.112765/0.185772/0.447808/-0.066202,R_7OLfrecF1gIsoj7,counterfactual,base_prototype
4,15,130304,1,bmi,bmi,0/0/0/0.0807277/0,0/0/0/0.135221/0,0/0/0/0.135221/0,0.36153098635632636,0.0,0.0,0.025,0.0,0,0.0,0.001267/0.112765/0.0525392/0.135221/0,-0.001267/0.112765/-0.0525392/0.135221/0.0275222,R_7OLfrecF1gIsoj7,counterfactual,base_prototype
0,16,130305,1,insulin,bmi,0/0/0.189722/0/0,0/0/0/-0.355507/0,0/0/0.0274008/0/0,0.06813911354279772,0.0,0.0,0.05,0.0,0,0.0,0.00394581/0.310105/0.0274008/0.355507/0,0.00394581/-0.310105/0.0274008/-0.355507/0.0632267,R_7OLfrecF1gIsoj7,counterfactual,base_prototype
1,17,130306,1,bmi,insulin,0/0/0/-0.266786/0,0/0/0.231021/0/0,0/0/0/-0.0122928/0,0.06680997555103228,0.0,0.0,0.05,0.0,0,0.0,0.00524901/0.140957/0.231021/0.0122928/0,0.00524901/-0.140957/0.231021/-0.0122928/-0.0260345,R_7OLfrecF1gIsoj7,counterfactual,base_prototype
2,18,130307,1,bmi,insulin,0/0/0/-0.16898/0,0/0/0.111866/0/0,0/0/0/0.0755128/0,0.2830815167089526,0.0,0.0,0.025,0.0,0,0.0,0.00894141/0.0281914/0.111866/0.0755128/0,0.00894141/0.0281914/0.111866/0.0755128/-0.0438868,R_7OLfrecF1gIsoj7,counterfactual,base_prototype
3,19,130308,1,bmi,blood_pressure,0/0/0/0.124484/0,0/-0.310105/0/0/0,0/0/0/0.208977/0,0.2604566972042053,0.0,0.0,0.025,0.0,0,0.0,0.0017738/0.310105/0.178231/0.208977/0,0.0017738/-0.310105/0.178231/0.208977/-0.0394237,R_7OLfrecF1gIsoj7,counterfactual,base_prototype
4,20,130309,1,insulin,bmi,0/0/0.125794/0/0,0/0/0/-0.128196/0,0/0/-0.0781803/0/0,0.23170886248241598,0.0,0.0,0.025,0.0,0,0.0,0.000398201/0.0986698/0.0781803/0.128196/0,-0.000398201/-0.0986698/-0.0781803/-0.128196/0.0632267,R_7OLfrecF1gIsoj7,counterfactual,base_prototype
0,1,130200,-1,blood_pressure,bmi,0/-0.23913/0/0/0,0/0/0/-0.156879/0,0/-0.152174/0/0/0,0.22599494106282164,0.0,0.0,0.025,1.0,0,0.0,0.0765176/0.076087/0.077676/0.0784396/0,-0.153035/-0.152174/-0.155352/-0.156879/0,R_7OLfrecF1gIsoj7,counterfactual,counterfactual_exemplar
1,2,130201,-1,insulin,insulin,0/0/-0.0680525/0/0,0/0/-0.155204/0/0,0/0/-0.155204/0/0,0.29217966047411614,1.0,0.0,0.025,1.0,0,0.0,0.0505294/0.101929/0.103959/0.0517062/0,-0.153035/-0.152174/-0.155204/-0.156599/0,R_7OLfrecF1gIsoj7,counterfactual,counterfactual_exemplar
2,3,130202,-1,insulin,insulin,0/0/-0.0763012/0/0,0/0/-0.155294/0/0,0/0/-0.155294/0/0,0.2594395539665418,0.5,0.0,0.025,1.0,0,0.0,0.0646319/0.0879058/0.089708/0.0662/0,-0.153035/-0.152174/-0.155294/-0.156748/0,R_7OLfrecF1gIsoj7,counterfactual,counterfactual_exemplar
3,4,130203,-1,bmi,insulin,0/0/0/-0.237322/0,0/0/-0.155248/0/0,0/0/0/-0.156638/0,0.1801488968045576,1.0,0.0,0.025,1.0,0,0.0,0.0553975/0.0970882/0.0990493/0.0567017/0,-0.153035/-0.152174/-0.155248/-0.156638/0,R_7OLfrecF1gIsoj7,counterfactual,counterfactual_exemplar
4,5,130204,-1,insulin,insulin,0/0/-0.0247463/0/0,0/0/-0.155308/0/0,0/0/-0.155308/0/0,0.2543860752922313,0.5,0.0,0.025,1.0,0,0.0,0.0667235/0.085826/0.0875938/0.0683498/0,-0.153035/-0.152174/-0.155308/-0.156765/0,R_7OLfrecF1gIsoj7,counterfactual,counterfactual_exemplar
0,6,130205,-1,insulin,bmi,0/0/-0.189722/0/0,0/0/0/-0.156879/0,0/0/-0.155352/0/0,0.22996091770719213,0.0,0.0,0.025,1.0,0,0.0,0.0765176/0.076087/0.077676/0.0784396/0,-0.153035/-0.152174/-0.155352/-0.156879/0,R_7OLfrecF1gIsoj7,counterfactual,counterfactual_exemplar
1,7,130206,-1,bmi,insulin,0/0/0/-0.311079/0,0/0/-0.15528/0/0,0/0/0/-0.156679/0,0.19102235671704024,1.0,0.0,0.025,1.0,0,0.0,0.0600032/0.0925084/0.0943966/0.0614319/0,-0.153035/-0.152174/-0.15528/-0.156679/0,R_7OLfrecF1gIsoj7,counterfactual,counterfactual_exemplar
2,8,130207,-1,bmi,insulin,0/0/0/-0.177322/0,0/0/-0.15532/0/0,0/0/0/-0.156784/0,0.21230241019159124,0.5,0.0,0.025,1.0,0,0.0,0.068751/0.0838098/0.0855428/0.0704351/0,-0.153035/-0.152174/-0.15532/-0.156784/0,R_7OLfrecF1gIsoj7,counterfactual,counterfactual_exemplar
3,9,130208,-1,bmi,insulin,0/0/0/-0.0965412/0,0/0/-0.155292/0/0,0/0/0/-0.1567/0,0.19602884570289486,1.0,0.0,0.025,1.0,0,0.0,0.0620927/0.0904307/0.0922838/0.0635795/0,-0.153035/-0.152174/-0.155292/-0.1567/0,R_7OLfrecF1gIsoj7,counterfactual,counterfactual_exemplar
4,10,130209,-1,bmi,insulin,0/0/0/-0.49/0,0/0/-0.155325/0/0,0/0/0/-0.156793/0,0.21462672545736292,0.5,0.0,0.025,1.0,0,0.0,0.0696878/0.0828783/0.0845946/0.0713991/0,-0.153035/-0.152174/-0.155325/-0.156793/0,R_7OLfrecF1gIsoj7,counterfactual,counterfactual_exemplar
0,11,130300,1,insulin,insulin,0/0/0.113421/0/0,0/0/0.158789/0/0,0/0/0.158789/0/0,0.23389958447986817,0.0,0.0,0.025,1.0,0,0.0,0.0765176/0.076087/0.0793945/0.0772689/0,0.153035/0.152174/0.158789/0.154538/0,R_7OLfrecF1gIsoj7,counterfactual,counterfactual_exemplar
1,12,130301,1,bmi,insulin,0/0/0/0.306339/0,0/0/0.158724/0/0,0/0/0/0.154596/0,0.19350017320717194,1.0,0.0,0.025,1.0,0,0.0,0.0620927/0.0904307/0.0943231/0.062726/0,0.153035/0.152174/0.158724/0.154596/0,R_7OLfrecF1gIsoj7,counterfactual,counterfactual_exemplar
2,13,130302,1,insulin,insulin,0/0/0.136105/0/0,0/0/0.158761/0/0,0/0/0.158761/0/0,0.2510643905517361,0.5,0.0,0.025,1.0,0,0.0,0.0696878/0.0828783/0.0864655/0.0703849/0,0.153035/0.152174/0.158761/0.154566/0,R_7OLfrecF1gIsoj7,counterfactual,counterfactual_exemplar
3,14,130303,1,insulin,insulin,0/0/0.175287/0/0,0/0/0.158734/0/0,0/0/0.158734/0/0,0.2655770388053156,1.0,0.0,0.025,1.0,0,0.0,0.0637104/0.088822/0.0926511/0.0643581/0,0.153035/0.152174/0.158734/0.154591/0,R_7OLfrecF1gIsoj7,counterfactual,counterfactual_exemplar
4,15,130304,1,bmi,insulin,0/0/0/0.0807277/0,0/0/0.158765/0/0,0/0/0/0.154564/0,0.2135039181156438,0.5,0.0,0.025,1.0,0,0.0,0.0704211/0.0821492/0.0857071/0.0711243/0,0.153035/0.152174/0.158765/0.154564/0,R_7OLfrecF1gIsoj7,counterfactual,counterfactual_exemplar
0,16,130305,1,insulin,insulin,0/0/0.189722/0/0,0/0/0.158789/0/0,0/0/0.158789/0/0,0.23389958447986817,0.0,0.0,0.025,1.0,0,0.0,0.0765176/0.076087/0.0793945/0.0772689/0,0.153035/0.152174/0.158789/0.154538/0,R_7OLfrecF1gIsoj7,counterfactual,counterfactual_exemplar
1,17,130306,1,bmi,insulin,0/0/0/-0.266786/0,0/0/0.158744/0/0,0/0/0/0.154585/0,0.20172236433818502,1.0,0.0,0.025,1.0,0,0.0,0.0655527/0.0869902/0.0907462/0.0662163/0,0.153035/0.152174/0.158744/0.154585/0,R_7OLfrecF1gIsoj7,counterfactual,counterfactual_exemplar
2,18,130307,1,bmi,insulin,0/0/0/-0.16898/0,0/0/0.158769/0/0,0/0/0/0.154561/0,0.21557170066174855,0.5,0.0,0.025,1.0,0,0.0,0.0712648/0.0813102/0.084834/0.0719751/0,0.153035/0.152174/0.158769/0.154561/0,R_7OLfrecF1gIsoj7,counterfactual,counterfactual_exemplar
3,19,130308,1,bmi,insulin,0/0/0/0.124484/0,0/0/0.15875/0/0,0/0/0/0.154581/0,0.204022927529235,1.0,0.0,0.025,1.0,0,0.0,0.0665114/0.0860369/0.0897546/0.0671833/0,0.153035/0.152174/0.15875/0.154581/0,R_7OLfrecF1gIsoj7,counterfactual,counterfactual_exemplar
4,20,130309,1,insulin,insulin,0/0/0.125794/0/0,0/0/0.158771/0/0,0/0/0.158771/0/0,0.24605498964066633,0.5,0.0,0.025,1.0,0,0.0,0.0717079/0.0808696/0.0843755/0.0724218/0,0.153035/0.152174/0.158771/0.154559/0,R_7OLfrecF1gIsoj7,counterfactual,counterfactual_exemplar
0,1,130200,-1,blood_pressure,bmi,0/-0.23913/0/0/0,0/0/0/-0.156879/0,0/-0.152174/0/0/0,0.22599494106282164,0.0,0.0,0.025,1.0,0,0.0,0.0765176/0.076087/0.077676/0.0784396/0,-0.153035/-0.152174/-0.155352/-0.156879/0,R_7OLfrecF1gIsoj7,counterfactual,counterfactual_prototype
1,2,130201,-1,insulin,insulin,0/0/-0.0680525/0/0,0/0/-0.155204/0/0,0/0/-0.155204/0/0,0.29217966047411614,1.0,0.0,0.025,1.0,0,0.0,0.0505294/0.101929/0.103959/0.0517062/0,-0.153035/-0.152174/-0.155204/-0.156599/0,R_7OLfrecF1gIsoj7,counterfactual,counterfactual_prototype
2,3,130202,-1,insulin,insulin,0/0/-0.0763012/0/0,0/0/-0.155294/0/0,0/0/-0.155294/0/0,0.2594395539665418,0.5,0.0,0.025,1.0,0,0.0,0.0646319/0.0879058/0.089708/0.0662/0,-0.153035/-0.152174/-0.155294/-0.156748/0,R_7OLfrecF1gIsoj7,counterfactual,counterfactual_prototype
3,4,130203,-1,bmi,insulin,0/0/0/-0.237322/0,0/0/-0.155248/0/0,0/0/0/-0.156638/0,0.1801488968045576,1.0,0.0,0.025,1.0,0,0.0,0.0553975/0.0970882/0.0990493/0.0567017/0,-0.153035/-0.152174/-0.155248/-0.156638/0,R_7OLfrecF1gIsoj7,counterfactual,counterfactual_prototype
4,5,130204,-1,insulin,insulin,0/0/-0.0247463/0/0,0/0/-0.155308/0/0,0/0/-0.155308/0/0,0.2543860752922313,0.5,0.0,0.025,1.0,0,0.0,0.0667235/0.085826/0.0875938/0.0683498/0,-0.153035/-0.152174/-0.155308/-0.156765/0,R_7OLfrecF1gIsoj7,counterfactual,counterfactual_prototype
0,6,130205,-1,insulin,bmi,0/0/-0.189722/0/0,0/0/0/-0.156879/0,0/0/-0.155352/0/0,0.22996091770719213,0.0,0.0,0.025,1.0,0,0.0,0.0765176/0.076087/0.077676/0.0784396/0,-0.153035/-0.152174/-0.155352/-0.156879/0,R_7OLfrecF1gIsoj7,counterfactual,counterfactual_prototype
1,7,130206,-1,bmi,insulin,0/0/0/-0.311079/0,0/0/-0.15528/0/0,0/0/0/-0.156679/0,0.19102235671704024,1.0,0.0,0.025,1.0,0,0.0,0.0600032/0.0925084/0.0943966/0.0614319/0,-0.153035/-0.152174/-0.15528/-0.156679/0,R_7OLfrecF1gIsoj7,counterfactual,counterfactual_prototype
2,8,130207,-1,bmi,insulin,0/0/0/-0.177322/0,0/0/-0.15532/0/0,0/0/0/-0.156784/0,0.21230241019159124,0.5,0.0,0.025,1.0,0,0.0,0.068751/0.0838098/0.0855428/0.0704351/0,-0.153035/-0.152174/-0.15532/-0.156784/0,R_7OLfrecF1gIsoj7,counterfactual,counterfactual_prototype
3,9,130208,-1,bmi,insulin,0/0/0/-0.0965412/0,0/0/-0.155292/0/0,0/0/0/-0.1567/0,0.19602884570289486,1.0,0.0,0.025,1.0,0,0.0,0.0620927/0.0904307/0.0922838/0.0635795/0,-0.153035/-0.152174/-0.155292/-0.1567/0,R_7OLfrecF1gIsoj7,counterfactual,counterfactual_prototype
4,10,130209,-1,bmi,insulin,0/0/0/-0.49/0,0/0/-0.155325/0/0,0/0/0/-0.156793/0,0.21462672545736292,0.5,0.0,0.025,1.0,0,0.0,0.0696878/0.0828783/0.0845946/0.0713991/0,-0.153035/-0.152174/-0.155325/-0.156793/0,R_7OLfrecF1gIsoj7,counterfactual,counterfactual_prototype
0,11,130300,1,insulin,insulin,0/0/0.113421/0/0,0/0/0.158789/0/0,0/0/0.158789/0/0,0.23389958447986817,0.0,0.0,0.025,1.0,0,0.0,0.0765176/0.076087/0.0793945/0.0772689/0,0.153035/0.152174/0.158789/0.154538/0,R_7OLfrecF1gIsoj7,counterfactual,counterfactual_prototype
1,12,130301,1,bmi,insulin,0/0/0/0.306339/0,0/0/0.158724/0/0,0/0/0/0.154596/0,0.19350017320717194,1.0,0.0,0.025,1.0,0,0.0,0.0620927/0.0904307/0.0943231/0.062726/0,0.153035/0.152174/0.158724/0.154596/0,R_7OLfrecF1gIsoj7,counterfactual,counterfactual_prototype
2,13,130302,1,insulin,insulin,0/0/0.136105/0/0,0/0/0.158761/0/0,0/0/0.158761/0/0,0.2510643905517361,0.5,0.0,0.025,1.0,0,0.0,0.0696878/0.0828783/0.0864655/0.0703849/0,0.153035/0.152174/0.158761/0.154566/0,R_7OLfrecF1gIsoj7,counterfactual,counterfactual_prototype
3,14,130303,1,insulin,insulin,0/0/0.175287/0/0,0/0/0.158734/0/0,0/0/0.158734/0/0,0.2655770388053156,1.0,0.0,0.025,1.0,0,0.0,0.0637104/0.088822/0.0926511/0.0643581/0,0.153035/0.152174/0.158734/0.154591/0,R_7OLfrecF1gIsoj7,counterfactual,counterfactual_prototype
4,15,130304,1,bmi,insulin,0/0/0/0.0807277/0,0/0/0.158765/0/0,0/0/0/0.154564/0,0.2135039181156438,0.5,0.0,0.025,1.0,0,0.0,0.0704211/0.0821492/0.0857071/0.0711243/0,0.153035/0.152174/0.158765/0.154564/0,R_7OLfrecF1gIsoj7,counterfactual,counterfactual_prototype
0,16,130305,1,insulin,insulin,0/0/0.189722/0/0,0/0/0.158789/0/0,0/0/0.158789/0/0,0.23389958447986817,0.0,0.0,0.025,1.0,0,0.0,0.0765176/0.076087/0.0793945/0.0772689/0,0.153035/0.152174/0.158789/0.154538/0,R_7OLfrecF1gIsoj7,counterfactual,counterfactual_prototype
1,17,130306,1,bmi,insulin,0/0/0/-0.266786/0,0/0/0.158744/0/0,0/0/0/0.154585/0,0.20172236433818502,1.0,0.0,0.025,1.0,0,0.0,0.0655527/0.0869902/0.0907462/0.0662163/0,0.153035/0.152174/0.158744/0.154585/0,R_7OLfrecF1gIsoj7,counterfactual,counterfactual_prototype
2,18,130307,1,bmi,insulin,0/0/0/-0.16898/0,0/0/0.158769/0/0,0/0/0/0.154561/0,0.21557170066174855,0.5,0.0,0.025,1.0,0,0.0,0.0712648/0.0813102/0.084834/0.0719751/0,0.153035/0.152174/0.158769/0.154561/0,R_7OLfrecF1gIsoj7,counterfactual,counterfactual_prototype
3,19,130308,1,bmi,insulin,0/0/0/0.124484/0,0/0/0.15875/0/0,0/0/0/0.154581/0,0.204022927529235,1.0,0.0,0.025,1.0,0,0.0,0.0665114/0.0860369/0.0897546/0.0671833/0,0.153035/0.152174/0.15875/0.154581/0,R_7OLfrecF1gIsoj7,counterfactual,counterfactual_prototype
4,20,130309,1,insulin,insulin,0/0/0.125794/0/0,0/0/0.158771/0/0,0/0/0.158771/0/0,0.24605498964066633,0.5,0.0,0.025,1.0,0,0.0,0.0717079/0.0808696/0.0843755/0.0724218/0,0.153035/0.152174/0.158771/0.154559/0,R_7OLfrecF1gIsoj7,counterfactual,counterfactual_prototype
0,1,130200,-1,insulin,blood_pressure,0/0/0.0577415/0/0,0/-0.00496351/0/0/0,0/0/0.133448/0/0,0.09814066441933503,2.0,12.0,0.025,0.0,0,0.0,0/0.00992702/0/0/0,-0/-0.00496351/0.133448/0.147366/-0.306181,R_7Qh7ofV2bDyshsg,attribution,additive_exemplar
1,2,130201,-1,insulin,blood_pressure,0/0/0.202095/0/0,0/0.105655/0/0/0,0/0/0.0803254/0/0,0.24005390833832427,4.0,12.0,0.025,0.0,0,0.0,0/0.211311/0.0816212/0/0,-0/0.105655/0.0803254/0.20403/-0.230709,R_7Qh7ofV2bDyshsg,attribution,additive_exemplar
2,3,130202,-1,insulin,blood_pressure,0/0/0.094861/0/0,0/0.0623005/0/0/0,0/0/-0.122647/0/0,0.09814066441933503,4.0,12.0,0.025,0.0,0,0.0,0/0.124601/0/0/0,0/0.0623005/-0.122647/0.0683002/-0.183892,R_7Qh7ofV2bDyshsg,attribution,additive_exemplar
3,4,130203,-1,blood_pressure,blood_pressure,0/0.130435/0/0/0,0/-0.066794/0/0/0,0/-0.066794/0/0/0,0.5924694022790992,4.0,12.0,0.025,0.0,0,0.0,0/0.133588/0/0/0,-0/-0.066794/-0.0775811/-0.0967038/0.0975712,R_7Qh7ofV2bDyshsg,attribution,additive_exemplar
4,5,130204,-1,blood_pressure,blood_pressure,0/0.108696/0/0/0,0/0.0385817/0/0/0,0/0.0385817/0/0/0,0.5924694022790992,4.0,12.0,0.025,0.0,0,0.0,0/0.0771633/0/0/0,-0/0.0385817/-0.0541312/0.236763/-0.151258,R_7Qh7ofV2bDyshsg,attribution,additive_exemplar
0,6,130205,-1,bmi,blood_pressure,0/0/0/0.140489/0,0/-0.00811388/0/0/0,0/0/0/-0.114073/0,0.09814066441933503,2.0,12.0,0.025,0.0,0,0.0,0/0.0162278/0/0/0,-0/-0.00811388/-0.236778/-0.114073/0.281854,R_7Qh7ofV2bDyshsg,attribution,additive_exemplar
1,7,130206,-1,bmi,blood_pressure,0/0/0/0.048921/0,0/-0.0472157/0/0/0,0/0/0/-0.153881/0,0.09814066441933503,4.0,12.0,0.025,0.0,0,0.0,0/0.0944314/0/0/0,-0/-0.0472157/-0.199968/-0.153881/0.148863,R_7Qh7ofV2bDyshsg,attribution,additive_exemplar
2,8,130207,-1,bmi,blood_pressure,0/0/0/0.0226777/0,0/0.0370021/0/0/0,0/0/0/-0.0966354/0,0.09814066441933503,4.0,12.0,0.025,0.0,0,0.0,0/0.0740042/0/0/0,-0.117502/0.0370021/-0.547429/-0.0966354/0,R_7Qh7ofV2bDyshsg,attribution,additive_exemplar
3,9,130208,-1,bmi,blood_pressure,0/0/0/0.103459/0,0/0.0528308/0/0/0,0/0/0/-0.00223171/0,0.09814066441933503,4.0,12.0,0.025,0.0,0,0.0,0/0.105662/0/0/0,0/0.0528308/-0.0969026/-0.00223171/-0.592252,R_7Qh7ofV2bDyshsg,attribution,additive_exemplar
4,10,130209,-1,insulin,blood_pressure,0/0/0.160851/0/0,0/-0.135174/0/0/0,0/0/-0.0973664/0/0,0.09814066441933503,4.0,12.0,0.025,0.0,0,0.0,0/0.270348/0/0/0,0/-0.135174/-0.0973664/-0.349334/0.0414412,R_7Qh7ofV2bDyshsg,attribution,additive_exemplar
0,11,130300,1,blood_pressure,blood_pressure,0/-0.652174/0/0/0,0/-0.0233046/0/0/0,0/-0.0233046/0/0/0,0.5924694022790992,2.0,12.0,0.025,0.0,0,0.0,0/0.0466091/0/0/0,-0.443715/-0.0233046/0/0/0,R_7Qh7ofV2bDyshsg,attribution,additive_exemplar
1,12,130301,1,bmi,blood_pressure,0/0/0/-0.153661/0,0/0.0360583/0/0/0,0/0/0/0/0,0.09814066441933503,4.0,12.0,0.025,0.0,0,0.0,0/0.0721166/0/0/0,-0.292403/0.0360583/0/0/0,R_7Qh7ofV2bDyshsg,attribution,additive_exemplar
2,13,130302,1,blood_pressure,blood_pressure,0/-0.217391/0/0/0,0/0.194607/0/0/0,0/0.194607/0/0/0,0.5924694022790992,4.0,12.0,0.025,0.0,0,0.0,0/0.389214/0/0/0,-0.0942435/0.194607/0/0/0,R_7Qh7ofV2bDyshsg,attribution,additive_exemplar
3,14,130303,1,blood_pressure,blood_pressure,0/-0.304348/0/0/0,0/0.031604/0/0/0,0/0.031604/0/0/0,0.5924694022790992,4.0,12.0,0.025,0.0,0,0.0,0/0.063208/0/0/0,-0.0431654/0.031604/0/0/-0,R_7Qh7ofV2bDyshsg,attribution,additive_exemplar
4,15,130304,1,bmi,blood_pressure,0/0/0/-0.329272/0,0/0.0672097/0/0/0,0/0/0/0/0,0.09814066441933503,4.0,12.0,0.025,0.0,0,0.0,0/0.134419/0/0/0,-0.0434579/0.0672097/0/0/0,R_7Qh7ofV2bDyshsg,attribution,additive_exemplar
0,16,130305,1,bmi,blood_pressure,0/0/0/-0.48/0,0/-0.150816/0/0/0,0/0/0/0/0,0.09814066441933503,2.0,12.0,0.025,0.0,0,0.0,0/0.301631/0/0/0,0.0738065/-0.150816/-0.0173599/-0/0,R_7Qh7ofV2bDyshsg,attribution,additive_exemplar
1,17,130306,1,blood_pressure,blood_pressure,0/-0.456522/0/0/0,0/-0.0801905/0/0/0,0/-0.0801905/0/0/0,0.40635758128176874,4.0,12.0,0.025,0.0,0,0.0,0/0.160381/0.142266/0/0,0.103594/-0.0801905/0.000408957/-0/-0,R_7Qh7ofV2bDyshsg,attribution,additive_exemplar
2,18,130307,1,blood_pressure,blood_pressure,0/-0.304348/0/0/0,0/0.0116265/0/0/0,0/0.0116265/0/0/0,0.5924694022790992,4.0,12.0,0.025,0.0,0,0.0,0/0.023253/0/0/0,0.225641/0.0116265/-0.000124156/0/-0,R_7Qh7ofV2bDyshsg,attribution,additive_exemplar
3,19,130308,1,blood_pressure,blood_pressure,0/-0.347826/0/0/0,0/-0.165254/0/0/0,0/-0.165254/0/0/0,0.5924694022790992,4.0,12.0,0.025,0.0,0,0.0,0/0.330508/0/0/0,-0.0164684/-0.165254/0/0/-0,R_7Qh7ofV2bDyshsg,attribution,additive_exemplar
4,20,130309,1,bmi,blood_pressure,0/0/0/-0.162689/0,0/-0.0261719/0/0/0,0/0/0/0/0,0.09814066441933503,4.0,12.0,0.025,0.0,0,0.0,0/0.0523437/0/0/0,0/-0.0261719/0/-0/0,R_7Qh7ofV2bDyshsg,attribution,additive_exemplar
0,1,130200,-1,insulin,blood_pressure,0/0/0.0577415/0/0,0/-0.0326087/0/0/0,0/0/0.116858/0/0,0.09814066441933503,0.0,0.0,0.025,0.0,0,0.0,0/0.0652174/0/0/0,-0/-0.0326087/0.116858/0.140489/-0.279279,R_7Qh7ofV2bDyshsg,attribution,additive_prototype
1,2,130201,-1,insulin,blood_pressure,0/0/0.202095/0/0,0/0.076087/0/0/0,0/0/0.0611785/0/0,0.09814066441933503,0.0,0.0,0.025,0.0,0,0.0,0/0.152174/0/0/0,-0/0.076087/0.0611785/0.196684/-0.198198,R_7Qh7ofV2bDyshsg,attribution,additive_prototype
2,3,130202,-1,insulin,blood_pressure,0/0/0.094861/0/0,0/0.0326087/0/0/0,0/0/-0.147103/0/0,0.09814066441933503,0.0,0.0,0.025,0.0,0,0.0,0/0.0652174/0/0/0,-0/0.0326087/-0.147103/0.0351222/-0.144144,R_7Qh7ofV2bDyshsg,attribution,additive_prototype
3,4,130203,-1,blood_pressure,blood_pressure,0/0.130435/0/0/0,0/-0.0978261/0/0/0,0/-0.0978261/0/0/0,0.5924694022790992,0.0,0.0,0.025,0.0,0,0.0,0/0.195652/0/0/0,-0/-0.0978261/-0.109984/-0.15805/0.153153,R_7Qh7ofV2bDyshsg,attribution,additive_prototype
4,5,130204,-1,blood_pressure,blood_pressure,0/0.108696/0/0/0,0/0.0108696/0/0/0,0/0.0108696/0/0/0,0.5924694022790992,0.0,0.0,0.025,0.0,0,0.0,0/0.0217391/0/0/0,-0/0.0108696/-0.0749264/0.196684/-0.117117,R_7Qh7ofV2bDyshsg,attribution,additive_prototype
0,6,130205,-1,bmi,blood_pressure,0/0/0/0.140489/0,0/-0.0326087/0/0/0,0/0/0/-0.179123/0,0.09814066441933503,0.0,0.0,0.025,0.0,0,0.0,0/0.0652174/0/0/0,-0/-0.0326087/-0.281146/-0.179123/0.342342,R_7Qh7ofV2bDyshsg,attribution,additive_prototype
1,7,130206,-1,bmi,blood_pressure,0/0/0/0.048921/0,0/-0.076087/0/0/0,0/0/0/-0.231807/0,0.09814066441933503,0.0,0.0,0.025,0.0,0,0.0,0/0.152174/0/0/0,-0/-0.076087/-0.23784/-0.231807/0.207207,R_7Qh7ofV2bDyshsg,attribution,additive_prototype
2,8,130207,-1,bmi,blood_pressure,0/0/0/0.0226777/0,0/0.0108696/0/0/0,0/0/0/-0.15805/0,0.09814066441933503,0.0,0.0,0.025,0.0,0,0.0,0/0.0217391/0/0/0,-0/0.0108696/-0.584289/-0.15805/0.126126,R_7Qh7ofV2bDyshsg,attribution,additive_prototype
3,9,130208,-1,bmi,blood_pressure,0/0/0/0.103459/0,0/0.0326087/0/0/0,0/0/0/-0.0772689/0,0.09814066441933503,0.0,0.0,0.025,0.0,0,0.0,0/0.0652174/0/0/0,0/0.0326087/-0.103797/-0.0772689/-0.576577,R_7Qh7ofV2bDyshsg,attribution,additive_prototype
4,10,130209,-1,insulin,blood_pressure,0/0/0.160851/0/0,0/-0.163043/0/0/0,0/0/-0.130606/0/0,0.09814066441933503,0.0,0.0,0.025,0.0,0,0.0,0/0.326087/0/0/0,0/-0.163043/-0.130606/-0.490728/0.0990991,R_7Qh7ofV2bDyshsg,attribution,additive_prototype
0,11,130300,1,blood_pressure,blood_pressure,0/-0.652174/0/0/0,0/-0.0289855/0/0/0,0/-0.0289855/0/0/0,0.5924694022790992,0.0,0.0,0.025,0.0,0,0.0,0/0.057971/0/0/0,-0.398175/-0.0289855/0/0/0,R_7Qh7ofV2bDyshsg,attribution,additive_prototype
1,12,130301,1,bmi,blood_pressure,0/0/0/-0.153661/0,0/0.057971/0/0/0,0/0/0/0/0,0.09814066441933503,0.0,0.0,0.025,0.0,0,0.0,0/0.115942/0/0/0,-0.236638/0.057971/0/0/0,R_7Qh7ofV2bDyshsg,attribution,additive_prototype
2,13,130302,1,blood_pressure,blood_pressure,0/-0.217391/0/0/0,0/0.231884/0/0/0,0/0.231884/0/0/0,0.5924694022790992,0.0,0.0,0.025,0.0,0,0.0,0/0.463768/0/0/0,-0.0240889/0.231884/0/0/-0,R_7Qh7ofV2bDyshsg,attribution,additive_prototype
3,14,130303,1,blood_pressure,blood_pressure,0/-0.304348/0/0/0,0/0.057971/0/0/0,0/0.057971/0/0/0,0.5924694022790992,0.0,0.0,0.025,0.0,0,0.0,0/0.115942/0/0/0,0.0439268/0.057971/0/0/-0,R_7Qh7ofV2bDyshsg,attribution,additive_prototype
4,15,130304,1,bmi,blood_pressure,0/0/0/-0.329272/0,0/0.057971/0/0/0,0/0/0/0/0,0.09814066441933503,0.0,0.0,0.025,0.0,0,0.0,0/0.115942/0/0/0,-0.0495947/0.057971/-0/0/0,R_7Qh7ofV2bDyshsg,attribution,additive_prototype
0,16,130305,1,bmi,blood_pressure,0/0/0/-0.48/0,0/-0.15942/0/0/0,0/0/0/0/0,0.09814066441933503,0.0,0.0,0.025,0.0,0,0.0,0/0.318841/0/0/0,0.154452/-0.15942/0/-0/0,R_7Qh7ofV2bDyshsg,attribution,additive_prototype
1,17,130306,1,blood_pressure,blood_pressure,0/-0.456522/0/0/0,0/-0.0724638/0/0/0,0/-0.0724638/0/0/0,0.5924694022790992,0.0,0.0,0.025,0.0,0,0.0,0/0.144928/0/0/0,0.205464/-0.0724638/0/-0/-0,R_7Qh7ofV2bDyshsg,attribution,additive_prototype
2,18,130307,1,blood_pressure,blood_pressure,0/-0.304348/0/0/0,0/0.0144928/0/0/0,0/0.0144928/0/0/0,0.5924694022790992,0.0,0.0,0.025,0.0,0,0.0,0/0.0289855/0/0/0,0.349997/0.0144928/0/0/-0,R_7Qh7ofV2bDyshsg,attribution,additive_prototype
3,19,130308,1,blood_pressure,blood_pressure,0/-0.347826/0/0/0,0/-0.15942/0/0/0,0/-0.15942/0/0/0,0.5924694022790992,0.0,0.0,0.025,0.0,0,0.0,0/0.318841/0/0/0,0.0694326/-0.15942/0/0/-0,R_7Qh7ofV2bDyshsg,attribution,additive_prototype
4,20,130309,1,bmi,blood_pressure,0/0/0/-0.162689/0,0/-0.0507246/0/0/0,0/0/0/0/0,0.09814066441933503,0.0,0.0,0.025,0.0,0,0.0,0/0.101449/0/0/0,-0.0155869/-0.0507246/-0/-0/0,R_7Qh7ofV2bDyshsg,attribution,additive_prototype
0,1,130200,-1,insulin,bmi,0/0/0.0577415/0/0,0/0/0/0.112841/0,0/0/0.0771008/0/0,0.2617525390103696,0.0,6.0,0.05,0.0,0,0.0,0.00265768/0.0714225/0.0771008/0.112841/0,-0.00265768/-0.0714225/0.0771008/0.112841/-0.0435283,R_7Qh7ofV2bDyshsg,attribution,base_exemplar
1,2,130201,-1,insulin,bmi,0/0/0.202095/0/0,0/0/0/0.154523/0,0/0/0.0261837/0/0,0.10223697391329899,0.0,6.0,0.05,0.0,0,0.0,0.00166446/0.125936/0.0261837/0.154523/0,-0.00166446/0.125936/0.0261837/0.154523/-0.0276074,R_7Qh7ofV2bDyshsg,attribution,base_exemplar
2,3,130202,-1,insulin,insulin,0/0/0.094861/0/0,0/0/-0.108477/0/0,0/0/-0.108477/0/0,0.5058018835741579,0.0,6.0,0.05,0.0,0,0.0,0.000380131/0.0582773/0.108477/0.00828901/0,-0.000380131/0.0582773/-0.108477/0.00828901/-0.0231112,R_7Qh7ofV2bDyshsg,attribution,base_exemplar
3,4,130203,-1,blood_pressure,blood_pressure,0/0.130435/0/0/0,0/-0.146732/0/0/0,0/-0.146732/0/0/0,0.3991268278154675,1.0,12.0,0.05,0.0,0,0.0,0.032974/0.146732/0.0787679/0.0567129/0,-0.032974/-0.146732/-0.0787679/-0.0567129/0.00804975,R_7Qh7ofV2bDyshsg,attribution,base_exemplar
4,5,130204,-1,blood_pressure,bmi,0/0.108696/0/0/0,0/0/0/0.164061/0,0/0.0155623/0/0/0,0.09669461814324984,0.0,6.0,0.05,0.0,0,0.0,0.00230944/0.0155623/0.0531464/0.164061/0,-0.00230944/0.0155623/-0.0531464/0.164061/-0.0192758,R_7Qh7ofV2bDyshsg,attribution,base_exemplar
0,6,130205,-1,bmi,insulin,0/0/0/0.140489/0,0/0/-0.187772/0/0,0/0/0/-0.14731/0,0.33025490980965844,0.0,6.0,0.05,0.0,0,0.0,0.00868502/0.0440363/0.187772/0.14731/0,-0.00868502/-0.0440363/-0.187772/-0.14731/0.051617,R_7Qh7ofV2bDyshsg,attribution,base_exemplar
1,7,130206,-1,bmi,bmi,0/0/0/0.048921/0,0/0/0/-0.184879/0,0/0/0/-0.184879/0,0.3449555399926571,0.0,6.0,0.05,0.0,0,0.0,0.00255084/0.126098/0.155048/0.184879/0,-0.00255084/-0.126098/-0.155048/-0.184879/0.0286742,R_7Qh7ofV2bDyshsg,attribution,base_exemplar
2,8,130207,-1,bmi,insulin,0/0/0/0.0226777/0,0/0/-0.415214/0/0,0/0/0/-0.144192/0,0.2228103209952485,0.0,6.0,0.05,0.0,0,0.0,0.0034256/0.0322864/0.415214/0.144192/0,-0.0034256/0.0322864/-0.415214/-0.144192/0.0177464,R_7Qh7ofV2bDyshsg,attribution,base_exemplar
3,9,130208,-1,bmi,insulin,0/0/0/0.103459/0,0/0/-0.0962901/0/0,0/0/0/-0.0427226/0,0.15779763335832311,1.0,12.0,0.05,0.0,0,0.0,0.0423922/0.0805756/0.0962901/0.0427226/0,0.0423922/0.0805756/-0.0962901/-0.0427226/-0.000676019,R_7Qh7ofV2bDyshsg,attribution,base_exemplar
4,10,130209,-1,insulin,bmi,0/0/0.160851/0/0,0/0/0/-0.416558/0,0/0/-0.079161/0/0,0.11476270414830772,0.0,6.0,0.05,0.0,0,0.0,0.00358426/0.291802/0.079161/0.416558/0,0.00358426/-0.291802/-0.079161/-0.416558/0.0108023,R_7Qh7ofV2bDyshsg,attribution,base_exemplar
0,11,130300,1,blood_pressure,bmi,0/-0.652174/0/0/0,0/0/0/0.234305/0,0/-0.0541511/0/0/0,0.15052547270436833,0.0,6.0,0.05,0.0,0,0.0,0.0106015/0.0541511/0.076959/0.234305/0,-0.0106015/-0.0541511/0.076959/0.234305/0.0686014,R_7Qh7ofV2bDyshsg,attribution,base_exemplar
1,12,130301,1,bmi,bmi,0/0/0/-0.153661/0,0/0/0/0.30318/0,0/0/0/0.30318/0,0.5060354473995881,0.0,6.0,0.05,0.0,0,0.0,0.00694756/0.0796729/0.1002/0.30318/0,-0.00694756/0.0796729/0.1002/0.30318/0.0386475,R_7Qh7ofV2bDyshsg,attribution,base_exemplar
2,13,130302,1,blood_pressure,blood_pressure,0/-0.217391/0/0/0,0/0.402983/0/0/0,0/0.402983/0/0/0,0.43561202272172017,0.0,6.0,0.05,0.0,0,0.0,0.00166109/0.402983/0.0624292/0.314275/0,-0.00166109/0.402983/0.0624292/0.314275/0.014259,R_7Qh7ofV2bDyshsg,attribution,base_exemplar
3,14,130303,1,blood_pressure,bmi,0/-0.304348/0/0/0,0/0/0/0.370876/0,0/0.0570676/0/0/0,0.1399910120671676,1.0,12.0,0.05,0.0,0,0.0,0.00228979/0.0570676/0.0326895/0.370876/0,-0.00228979/0.0570676/0.0326895/0.370876/-0.00969829,R_7Qh7ofV2bDyshsg,attribution,base_exemplar
4,15,130304,1,bmi,bmi,0/0/0/-0.329272/0,0/0/0/0.125997/0,0/0/0/0.125997/0,0.3606814469888401,0.0,6.0,0.05,0.0,0,0.0,0.00136143/0.106385/0.070058/0.125997/0,-0.00136143/0.106385/-0.070058/0.125997/0.0293948,R_7Qh7ofV2bDyshsg,attribution,base_exemplar
0,16,130305,1,bmi,bmi,0/0/0/-0.48/0,0/0/0/-0.339738/0,0/0/0/-0.339738/0,0.4352794740796801,0.0,6.0,0.05,0.0,0,0.0,0.00327395/0.297181/0.0191324/0.339738/0,0.00327395/-0.297181/0.0191324/-0.339738/0.0673361,R_7Qh7ofV2bDyshsg,attribution,base_exemplar
1,17,130306,1,blood_pressure,blood_pressure,0/-0.456522/0/0/0,0/-0.152801/0/0/0,0/-0.152801/0/0/0,0.42527637624362974,0.0,6.0,0.05,0.0,0,0.0,0.00401778/0.152801/0.141783/0.00619961/0,0.00401778/-0.152801/0.141783/-0.00619961/-0.0102055,R_7Qh7ofV2bDyshsg,attribution,base_exemplar
2,18,130307,1,blood_pressure,bmi,0/-0.304348/0/0/0,0/0/0/0.0786053/0,0/0.0132119/0/0/0,0.124490600866796,0.0,6.0,0.05,0.0,0,0.0,0.00765476/0.0132119/0.0232001/0.0786053/0,0.00765476/0.0132119/0.0232001/0.0786053/-0.0281471,R_7Qh7ofV2bDyshsg,attribution,base_exemplar
3,19,130308,1,blood_pressure,blood_pressure,0/-0.347826/0/0/0,0/-0.328988/0/0/0,0/-0.328988/0/0/0,0.46668289336109686,1.0,12.0,0.05,0.0,0,0.0,0.00162611/0.328988/0.0698978/0.186786/0,0.00162611/-0.328988/0.0698978/0.186786/-0.0075269,R_7Qh7ofV2bDyshsg,attribution,base_exemplar
4,20,130309,1,bmi,bmi,0/0/0/-0.162689/0,0/0/0/-0.11654/0,0/0/0/-0.11654/0,0.4283617630337721,0.0,6.0,0.05,0.0,0,0.0,0.000310029/0.0768256/0.0368161/0.11654/0,-0.000310029/-0.0768256/-0.0368161/-0.11654/0.0578862,R_7Qh7ofV2bDyshsg,attribution,base_exemplar
0,1,130200,-1,insulin,bmi,0/0/0.0577415/0/0,0/0/0/0.140489/0,0/0/0.0854704/0/0,0.2617360410068852,0.0,0.0,0.05,0.0,0,0.0,0.002896/0.0634306/0.0854704/0.140489/0,-0.002896/-0.0634306/0.0854704/0.140489/-0.0461183,R_7Qh7ofV2bDyshsg,attribution,base_prototype
1,2,130201,-1,insulin,bmi,0/0/0.202095/0/0,0/0/0/0.196684/0,0/0/0.0447463/0/0,0.12470056761956695,0.0,0.0,0.05,0.0,0,0.0,0.00181/0.148005/0.0447463/0.196684/0,-0.00181/0.148005/0.0447463/0.196684/-0.0327291,R_7Qh7ofV2bDyshsg,attribution,base_prototype
2,3,130202,-1,insulin,insulin,0/0/0.094861/0/0,0/0/-0.107592/0/0,0/0/-0.107592/0/0,0.43869585880826756,0.0,0.0,0.05,0.0,0,0.0,0.000724001/0.0634306/0.107592/0.0351222/0,-0.000724001/0.0634306/-0.107592/0.0351222/-0.023803,R_7Qh7ofV2bDyshsg,attribution,base_prototype
3,4,130203,-1,blood_pressure,blood_pressure,0/0.130435/0/0/0,0/-0.190292/0/0/0,0/-0.190292/0/0/0,0.3799497395828067,0.0,0.0,0.05,0.0,0,0.0,0.00376481/0.190292/0.0804427/0.15805/0,-0.00376481/-0.190292/-0.0804427/-0.15805/0.0252907,R_7Qh7ofV2bDyshsg,attribution,base_prototype
4,5,130204,-1,blood_pressure,bmi,0/0.108696/0/0/0,0/0/0/0.196684/0,0/0.0211435/0/0/0,0.10479273494217829,0.0,0.0,0.05,0.0,0,0.0,0.002896/0.0211435/0.0548016/0.196684/0,-0.002896/0.0211435/-0.0548016/0.196684/-0.0193399,R_7Qh7ofV2bDyshsg,attribution,base_prototype
0,6,130205,-1,bmi,insulin,0/0/0/0.140489/0,0/0/-0.205632/0/0,0/0/0/-0.179123/0,0.3410647032563689,0.0,0.0,0.05,0.0,0,0.0,0.00876041/0.0634306/0.205632/0.179123/0,-0.00876041/-0.0634306/-0.205632/-0.179123/0.0565321,R_7Qh7ofV2bDyshsg,attribution,base_prototype
1,7,130206,-1,bmi,bmi,0/0/0/0.048921/0,0/0/0/-0.231807/0,0/0/0/-0.231807/0,0.3622327420339493,0.0,0.0,0.05,0.0,0,0.0,0.0024616/0.148005/0.173957/0.231807/0,-0.0024616/-0.148005/-0.173957/-0.231807/0.0342168,R_7Qh7ofV2bDyshsg,attribution,base_prototype
2,8,130207,-1,bmi,insulin,0/0/0/0.0226777/0,0/0/-0.427352/0/0,0/0/0/-0.15805/0,0.23488411021104189,0.0,0.0,0.05,0.0,0,0.0,0.0035476/0.0211435/0.427352/0.15805/0,-0.0035476/0.0211435/-0.427352/-0.15805/0.0208276,R_7Qh7ofV2bDyshsg,attribution,base_prototype
3,9,130208,-1,bmi,bmi,0/0/0/0.103459/0,0/0/0/-0.0772689/0,0/0/0/-0.0772689/0,0.30634661847584227,0.0,0.0,0.05,0.0,0,0.0,0.00644361/0.0634306/0.0759178/0.0772689/0,0.00644361/0.0634306/-0.0759178/-0.0772689/-0.0952119,R_7Qh7ofV2bDyshsg,attribution,base_prototype
4,10,130209,-1,insulin,bmi,0/0/0.160851/0/0,0/0/0/-0.490728/0,0/0/-0.0955257/0/0,0.11922665864260991,0.0,0.0,0.05,0.0,0,0.0,0.00405441/0.317153/0.0955257/0.490728/0,0.00405441/-0.317153/-0.0955257/-0.490728/0.0163646,R_7Qh7ofV2bDyshsg,attribution,base_prototype
0,11,130300,1,blood_pressure,bmi,0/-0.652174/0/0/0,0/0/0/0.237075/0,0/-0.0563827/0/0/0,0.14342805639527945,0.0,0.0,0.05,0.0,0,0.0,0.0101722/0.0563827/0.110357/0.237075/0,-0.0101722/-0.0563827/0.110357/0.237075/0.0632267,R_7Qh7ofV2bDyshsg,attribution,base_prototype
1,12,130301,1,bmi,bmi,0/0/0/-0.153661/0,0/0/0/0.310832/0,0/0/0/0.310832/0,0.41925650764145317,0.0,0.0,0.05,0.0,0,0.0,0.00604541/0.112765/0.200855/0.310832/0,-0.00604541/0.112765/0.200855/0.310832/0.0230591,R_7Qh7ofV2bDyshsg,attribution,base_prototype
2,13,130302,1,blood_pressure,blood_pressure,0/-0.217391/0/0/0,0/0.451062/0/0/0,0/0.451062/0/0/0,0.40421721636174396,0.0,0.0,0.05,0.0,0,0.0,0.000615401/0.451062/0.178231/0.324881/0,-0.000615401/0.451062/0.178231/0.324881/-0.00371922,R_7Qh7ofV2bDyshsg,attribution,base_prototype
3,14,130303,1,blood_pressure,bmi,0/-0.304348/0/0/0,0/0/0/0.447808/0,0/0.112765/0/0/0,0.1550068176002666,0.0,0.0,0.05,0.0,0,0.0,0.0011222/0.112765/0.185772/0.447808/0,0.0011222/0.112765/0.185772/0.447808/-0.066202,R_7Qh7ofV2bDyshsg,attribution,base_prototype
4,15,130304,1,bmi,bmi,0/0/0/-0.329272/0,0/0/0/0.135221/0,0/0/0/0.135221/0,0.3860816287978356,0.0,0.0,0.05,0.0,0,0.0,0.001267/0.112765/0.0525392/0.135221/0,-0.001267/0.112765/-0.0525392/0.135221/0.0275222,R_7Qh7ofV2bDyshsg,attribution,base_prototype
0,16,130305,1,bmi,bmi,0/0/0/-0.48/0,0/0/0/-0.355507/0,0/0/0/-0.355507/0,0.4315689224421856,0.0,0.0,0.05,0.0,0,0.0,0.00394581/0.310105/0.0274008/0.355507/0,0.00394581/-0.310105/0.0274008/-0.355507/0.0632267,R_7Qh7ofV2bDyshsg,attribution,base_prototype
1,17,130306,1,blood_pressure,insulin,0/-0.456522/0/0/0,0/0/0.231021/0/0,0/-0.140957/0/0/0,0.31277478894867244,0.0,0.0,0.05,0.0,0,0.0,0.00524901/0.140957/0.231021/0.0122928/0,0.00524901/-0.140957/0.231021/-0.0122928/-0.0260345,R_7Qh7ofV2bDyshsg,attribution,base_prototype
2,18,130307,1,blood_pressure,insulin,0/-0.304348/0/0/0,0/0/0.111866/0/0,0/0.0281914/0/0/0,0.1330825729228822,0.0,0.0,0.05,0.0,0,0.0,0.00894141/0.0281914/0.111866/0.0755128/0,0.00894141/0.0281914/0.111866/0.0755128/-0.0438868,R_7Qh7ofV2bDyshsg,attribution,base_prototype
3,19,130308,1,blood_pressure,blood_pressure,0/-0.347826/0/0/0,0/-0.310105/0/0/0,0/-0.310105/0/0/0,0.3827107832774916,0.0,0.0,0.05,0.0,0,0.0,0.0017738/0.310105/0.178231/0.208977/0,0.0017738/-0.310105/0.178231/0.208977/-0.0394237,R_7Qh7ofV2bDyshsg,attribution,base_prototype
4,20,130309,1,bmi,bmi,0/0/0/-0.162689/0,0/0/0/-0.128196/0,0/0/0/-0.128196/0,0.36451198727272466,0.0,0.0,0.05,0.0,0,0.0,0.000398201/0.0986698/0.0781803/0.128196/0,-0.000398201/-0.0986698/-0.0781803/-0.128196/0.0632267,R_7Qh7ofV2bDyshsg,attribution,base_prototype
0,1,130200,-1,blood_pressure,blood_pressure,0/0.347826/0/0/0,0/-0.417763/0/0/0,0/-0.417763/0/0/0,0.5924694022790992,1.0,24.0,0.025,0.0,0,0.4,0/0.0355267/0/0/0,-0/-0.0177634/0.106558/0.126994/-0.268044,R_7Yxs9v5sGmNaIqa,attribution,additive_exemplar
1,2,130201,-1,age,bmi,0/0/0/0/-0.567568,0/0/0/0.141724/0,0/0/0/0/-0.025,0.06738482631847506,0.5,24.0,0.025,0.0,0,0.025,0/0.102181/0.00125002/0.117001/0,-0/0.0510907/-3.72564e-05/0.116724/-0,R_7Yxs9v5sGmNaIqa,attribution,additive_exemplar
2,3,130202,-1,bmi,blood_pressure,0/0/0/0.51585/0,0/0.445512/0/0/0,0/0/0/0.406725/0,0.09814066441933503,1.0,24.0,0.025,0.0,0,0.4,0/0.0910239/0/0/0,0/0.045512/-0/0.00672505/-0.178376,R_7Yxs9v5sGmNaIqa,attribution,additive_exemplar
3,4,130203,-1,blood_pressure,blood_pressure,0/-0.586957/0/0/0,0/-0.470131/0/0/0,0/-0.470131/0/0/0,0.5924694022790992,1.0,24.0,0.025,0.0,0,0.4,0/0.140262/0/0/0,-0/-0.0701308/-0/-0.0665659/0.0910953,R_7Yxs9v5sGmNaIqa,attribution,additive_exemplar
4,5,130204,-1,insulin,blood_pressure,0/0/0.676235/0/0,0/0.419937/0/0/0,0/0/-0.323765/0/0,0.09814066441933503,1.0,24.0,0.025,0.0,0,0.4,0/0.0398738/0/0/0,-0/0.0199369/-0/0.150324/-0.148769,R_7Yxs9v5sGmNaIqa,attribution,additive_exemplar
0,6,130205,-1,age,blood_pressure,0/0/0/0/0.972973,0/-0.407584/0/0/0,0/0/0/0/0.660391,0.09814066441933503,1.0,24.0,0.025,0.0,0,0.4,0/0.0151679/0/0/0,-0/-0.00758395/-0/-0.098864/0.260391,R_7Yxs9v5sGmNaIqa,attribution,additive_exemplar
1,7,130206,-1,blood_pressure,blood_pressure,0/-0.434783/0/0/0,0/-0.0735708/0/0/0,0/-0.0735708/0/0/0,0.5924694022790992,0.5,24.0,0.025,0.0,0,0.025,0/0.0971417/0/0/0,-0/-0.0485708/-0/-0.0633912/0.122265,R_7Yxs9v5sGmNaIqa,attribution,additive_exemplar
2,8,130207,-1,blood_pressure,blood_pressure,0/0.434783/0/0/0,0/0.428781/0/0/0,0/0.428781/0/0/0,0.5924694022790992,1.0,24.0,0.025,0.0,0,0.4,0/0.0575627/0/0/0,-0.103688/0.0287814/-0/-0.134224/0,R_7Yxs9v5sGmNaIqa,attribution,additive_exemplar
3,9,130208,-1,insulin,blood_pressure,0/0/0.608348/0/0,0/0.441727/0/0/0,0/0/-0.352635/0/0,0.09814066441933503,1.0,24.0,0.025,0.0,0,0.4,0/0.0834535/0/0/0,0/0.0417268/-0/-0.0541725/-0.570607,R_7Yxs9v5sGmNaIqa,attribution,additive_exemplar
4,10,130209,-1,blood_pressure,blood_pressure,0/0.0869565/0/0/0,0/-0.53222/0/0/0,0/-0.53222/0/0/0,0.5924694022790992,1.0,24.0,0.025,0.0,0,0.4,0/0.264439/0/0/0,0/-0.13222/-0/-0.239701/0.011504,R_7Yxs9v5sGmNaIqa,attribution,additive_exemplar
0,11,130300,1,insulin,blood_pressure,0/0/0.59185/0/0,0/-0.425033/0/0/0,0/0/-0.307267/0/0,0.09814066441933503,1.0,24.0,0.025,0.0,0,0.4,0/0.050066/0/0/0,-0.487213/-0.025033/-0.0109136/0/0,R_7Yxs9v5sGmNaIqa,attribution,additive_exemplar
1,12,130301,1,insulin,bmi,0/0/0.816465/0/0,0/0/0/0.0261692/0,0/0/0.0349298/0/0,0.09405592560642219,0.5,24.0,0.025,0.0,0,0.025,0/0.0237573/0/0.279651/0,-0.274262/0.0118786/0.00992982/0.00116916/0.296489,R_7Yxs9v5sGmNaIqa,attribution,additive_exemplar
2,13,130302,1,blood_pressure,blood_pressure,0/0.782609/0/0/0,0/0.556056/0/0/0,0/0.556056/0/0/0,0.38587351155580846,1.0,24.0,0.025,0.0,0,0.4,0/0.312113/0.0417806/0.281267/0,-0.0694206/0.156056/-0.0322247/0.000106567/0.152113,R_7Yxs9v5sGmNaIqa,attribution,additive_exemplar
3,14,130303,1,bmi,bmi,0/0/0/0.803316/0,0/0/0/0.401621/0,0/0/0/0.401621/0,0.5742246548085008,1.0,24.0,0.025,0.0,0,0.4,0/0.0262956/0/0.422963/0,-0.00504181/0.0131478/-0.00722993/0.00162083/-0.236215,R_7Yxs9v5sGmNaIqa,attribution,additive_exemplar
4,15,130304,1,blood_pressure,blood_pressure,0/0.434783/0/0/0,0/0.434783/0/0/0,0/0.434783/0/0/0,0.5924694022790992,1.0,24.0,0.025,0.0,0,0.4,0/0.0978246/0/0/0,-0.0920982/0.0489123/-0.157727/0/0,R_7Yxs9v5sGmNaIqa,attribution,additive_exemplar
0,16,130305,1,bmi,blood_pressure,0/0/0/-0.32/0,0/-0.551221/0/0/0,0/0/0/-0.4/0,0.09814066441933503,1.0,24.0,0.025,0.0,0,0.4,0/0.302443/0/0/0,0.0169942/-0.151221/-0.0947703/-0/0,R_7Yxs9v5sGmNaIqa,attribution,additive_exemplar
1,17,130306,1,insulin,blood_pressure,0/0/-0.142292/0/0,0/-0.0992722/0/0/0,0/0/0.0378918/0/0,0.3220052284914398,0.5,24.0,0.025,0.0,0,0.025,0/0.148544/0.10183/0/0,0/-0.0742722/0.0128918/-0/0.000491309,R_7Yxs9v5sGmNaIqa,attribution,additive_exemplar
2,18,130307,1,insulin,blood_pressure,0/0/-0.00618659/0/0,0/0.347826/0/0/0,0/0/-0.305205/0/0,0.09814066441933503,1.0,24.0,0.025,0.0,0,0.4,0/0.0239852/0/0/0,0.236422/0.0119926/-0.0304154/0/-0,R_7Yxs9v5sGmNaIqa,attribution,additive_exemplar
3,19,130308,1,blood_pressure,blood_pressure,0/-0.217391/0/0/0,0/-0.56139/0/0/0,0/-0.56139/0/0/0,0.5924694022790992,1.0,24.0,0.025,0.0,0,0.4,0/0.32278/0/0/0,0.0132692/-0.16139/0.0278063/0/-0,R_7Yxs9v5sGmNaIqa,attribution,additive_exemplar
4,20,130309,1,blood_pressure,blood_pressure,0/0.108696/0/0/0,0/-0.431108/0/0/0,0/-0.431108/0/0/0,0.5924694022790992,1.0,24.0,0.025,0.0,0,0.4,0/0.0622165/0/0/0,-0/-0.0311083/0/-0/0,R_7Yxs9v5sGmNaIqa,attribution,additive_exemplar
0,1,130200,-1,blood_pressure,age,0/0.347826/0/0/0,0/0/0/0/-0.619663,0/-0.400297/0/0/0,0.09894028793569239,4.0,0.0,0.025,0.0,1,0.4,0/0.000594703/0/0/0.325546,-0/-0.000297351/0.146534/0.135109/-0.219663,R_7Yxs9v5sGmNaIqa,attribution,additive_prototype
1,2,130201,-1,age,blood_pressure,0/0/0/0/-0.567568,0/0.476087/0/0/0,0/0/0/0/-0.567568,0.09814066441933503,0.0,0.0,0.025,0.0,0,0.4,0/0.152174/0/0/0,-0/0.076087/0.0611785/0.196684/-0.198198,R_7Yxs9v5sGmNaIqa,attribution,additive_prototype
2,3,130202,-1,bmi,blood_pressure,0/0/0/0.51585/0,0/0.432609/0/0/0,0/0/0/0.435122/0,0.09814066441933503,0.0,0.0,0.025,0.0,0,0.4,0/0.0652174/0/0/0,-0/0.0326087/-0.147103/0.0351222/-0.144144,R_7Yxs9v5sGmNaIqa,attribution,additive_prototype
3,4,130203,-1,blood_pressure,blood_pressure,0/-0.586957/0/0/0,0/-0.497826/0/0/0,0/-0.497826/0/0/0,0.5924694022790992,0.0,0.0,0.025,0.0,0,0.4,0/0.195652/0/0/0,-0/-0.0978261/-0.109984/-0.15805/0.153153,R_7Yxs9v5sGmNaIqa,attribution,additive_prototype
4,5,130204,-1,insulin,blood_pressure,0/0/0.676235/0/0,0/0.41087/0/0/0,0/0/-0.323765/0/0,0.09814066441933503,0.0,0.0,0.025,0.0,0,0.4,0/0.0217391/0/0/0,-0/0.0108696/-0.0749264/0.196684/-0.117117,R_7Yxs9v5sGmNaIqa,attribution,additive_prototype
0,6,130205,-1,age,blood_pressure,0/0/0/0/0.972973,0/-0.407758/0/0/0,0/0/0/0/0.71305,0.09814066441933503,4.0,0.0,0.025,0.0,1,0.4,0/0.0155169/0/0/0,-0.338925/-0.00775846/-0.264531/-0.112901/0.31305,R_7Yxs9v5sGmNaIqa,attribution,additive_prototype
1,7,130206,-1,blood_pressure,blood_pressure,0/-0.434783/0/0/0,0/-0.476087/0/0/0,0/-0.476087/0/0/0,0.5924694022790992,0.0,0.0,0.025,0.0,0,0.4,0/0.152174/0/0/0,-0/-0.076087/-0.23784/-0.231807/0.207207,R_7Yxs9v5sGmNaIqa,attribution,additive_prototype
2,8,130207,-1,blood_pressure,blood_pressure,0/0.434783/0/0/0,0/0.41087/0/0/0,0/0.41087/0/0/0,0.5924694022790992,0.0,0.0,0.025,0.0,0,0.4,0/0.0217391/0/0/0,-0/0.0108696/-0.584289/-0.15805/0.126126,R_7Yxs9v5sGmNaIqa,attribution,additive_prototype
3,9,130208,-1,insulin,blood_pressure,0/0/0.608348/0/0,0/0.432609/0/0/0,0/0/-0.352635/0/0,0.09814066441933503,0.0,0.0,0.025,0.0,0,0.4,0/0.0652174/0/0/0,0/0.0326087/-0.103797/-0.0772689/-0.576577,R_7Yxs9v5sGmNaIqa,attribution,additive_prototype
4,10,130209,-1,blood_pressure,blood_pressure,0/0.0869565/0/0/0,0/-0.563043/0/0/0,0/-0.563043/0/0/0,0.5924694022790992,0.0,0.0,0.025,0.0,0,0.4,0/0.326087/0/0/0,0/-0.163043/-0.130606/-0.490728/0.0990991,R_7Yxs9v5sGmNaIqa,attribution,additive_prototype
0,11,130300,1,insulin,blood_pressure,0/0/0.59185/0/0,0/-0.410242/0/0/0,0/0/0.4/0/0,0.09814066441933503,4.0,0.0,0.025,0.0,1,0.4,0/0.0204847/0/0/0,-0/-0.0102424/0/0/0,R_7Yxs9v5sGmNaIqa,attribution,additive_prototype
1,12,130301,1,insulin,blood_pressure,0/0/0.816465/0/0,0/0.434783/0/0/0,0/0/0.4/0/0,0.09814066441933503,0.0,0.0,0.025,0.0,0,0.4,0/0.115942/0/0/0,-0.236638/0.057971/0/0/0,R_7Yxs9v5sGmNaIqa,attribution,additive_prototype
2,13,130302,1,blood_pressure,blood_pressure,0/0.782609/0/0/0,0/0.631884/0/0/0,0/0.631884/0/0/0,0.5924694022790992,0.0,0.0,0.025,0.0,0,0.4,0/0.463768/0/0/0,-0.0240889/0.231884/0/0/-0,R_7Yxs9v5sGmNaIqa,attribution,additive_prototype
3,14,130303,1,bmi,blood_pressure,0/0/0/0.803316/0,0/0.434783/0/0/0,0/0/0/0.4/0,0.09814066441933503,0.0,0.0,0.025,0.0,0,0.4,0/0.115942/0/0/0,0.0439268/0.057971/0/0/-0,R_7Yxs9v5sGmNaIqa,attribution,additive_prototype
4,15,130304,1,blood_pressure,blood_pressure,0/0.434783/0/0/0,0/0.434783/0/0/0,0/0.434783/0/0/0,0.5924694022790992,0.0,0.0,0.025,0.0,0,0.4,0/0.115942/0/0/0,-0.0495947/0.057971/-0/0/0,R_7Yxs9v5sGmNaIqa,attribution,additive_prototype
0,16,130305,1,bmi,blood_pressure,0/0/0/-0.32/0,0/-0.544732/0/0/0,0/0/0/-0.4/0,0.09814066441933503,4.0,0.0,0.025,0.0,1,0.4,0/0.289463/0/0/0,0/-0.144732/0/-0/0,R_7Yxs9v5sGmNaIqa,attribution,additive_prototype
1,17,130306,1,insulin,blood_pressure,0/0/-0.142292/0/0,0/-0.472464/0/0/0,0/0/0.4/0/0,0.09814066441933503,0.0,0.0,0.025,0.0,0,0.4,0/0.144928/0/0/0,0.205464/-0.0724638/0/-0/-0,R_7Yxs9v5sGmNaIqa,attribution,additive_prototype
2,18,130307,1,insulin,blood_pressure,0/0/-0.00618659/0/0,0/0.347826/0/0/0,0/0/0.4/0/0,0.09814066441933503,0.0,0.0,0.025,0.0,0,0.4,0/0.0289855/0/0/0,0.349997/0.0144928/0/0/-0,R_7Yxs9v5sGmNaIqa,attribution,additive_prototype
3,19,130308,1,blood_pressure,blood_pressure,0/-0.217391/0/0/0,0/-0.55942/0/0/0,0/-0.55942/0/0/0,0.5924694022790992,0.0,0.0,0.025,0.0,0,0.4,0/0.318841/0/0/0,0.0694326/-0.15942/0/0/-0,R_7Yxs9v5sGmNaIqa,attribution,additive_prototype
4,20,130309,1,blood_pressure,blood_pressure,0/0.108696/0/0/0,0/-0.450725/0/0/0,0/-0.450725/0/0/0,0.5924694022790992,0.0,0.0,0.025,0.0,0,0.4,0/0.101449/0/0/0,-0.0155869/-0.0507246/-0/-0/0,R_7Yxs9v5sGmNaIqa,attribution,additive_prototype
0,1,130200,-1,blood_pressure,insulin,0/0.347826/0/0/0,0/0/0.539664/0/0,0/-0.405928/0/0/0,0.05020932371864158,2.0,2.0,0.05,0.0,1,0.4,0.0126449/0.00592831/0.139664/0.0507919/0.0943821,-0.0126449/-0.00592831/0.139664/0.0507919/-0.0943821,R_7Yxs9v5sGmNaIqa,attribution,base_exemplar
1,2,130201,-1,age,bmi,0/0/0/0/-0.567568,0/0/0/0.107026/0,0/0/0/0/-0.0197776,0.06744397298404485,0.0,24.0,0.025,0.0,0,0.0,0.00144043/0.0855338/0.00737662/0.107026/0,-0.00144043/0.0855338/-0.00737662/0.107026/-0.0197776,R_7Yxs9v5sGmNaIqa,attribution,base_exemplar
2,3,130202,-1,bmi,insulin,0/0/0/0.51585/0,0/0/-0.395942/0/0,0/0/0/0.325518/0,0.10155316704266015,2.0,2.0,0.05,0.0,1,0.3,0.00633474/0.0863002/0.13265/0.0255185/0.0426207,-0.00633474/0.0863002/-0.13265/0.0255185/-0.0426207,R_7Yxs9v5sGmNaIqa,attribution,base_exemplar
3,4,130203,-1,blood_pressure,blood_pressure,0/-0.586957/0/0/0,0/-0.429794/0/0/0,0/-0.429794/0/0/0,0.3234508903515375,2.0,0.0,0.025,0.0,1,0.3,0.044155/0.129794/0.0988881/0.0333705/0.0308144,-0.044155/-0.129794/-0.0988881/-0.0333705/0.0308144,R_7Yxs9v5sGmNaIqa,attribution,base_exemplar
4,5,130204,-1,insulin,bmi,0/0/0.676235/0/0,0/0/0/0.491013/0,0/0/-0.323765/0/0,0.22363609901582915,2.0,2.0,0.025,0.0,1,0.4,0.0334706/0.0480725/0.0647318/0.0910129/0.0286568,-0.0334706/0.0480725/-0.0647318/0.0910129/-0.0286568,R_7Yxs9v5sGmNaIqa,attribution,base_exemplar
0,6,130205,-1,age,insulin,0/0/0/0/0.972973,0/0/-0.529984/0/0,0/0/0/0/0.461743,0.13137627477893357,2.0,2.0,0.05,0.0,1,0.4,0.100403/0.0259245/0.265925/0.0517438/0.0617426,-0.100403/-0.0259245/-0.265925/-0.0517438/0.0617426,R_7Yxs9v5sGmNaIqa,attribution,base_exemplar
1,7,130206,-1,blood_pressure,insulin,0/-0.434783/0/0/0,0/0/-0.133232/0/0,0/-0.0940294/0/0/0,0.2880111808470477,0.0,24.0,0.025,0.0,0,0.0,0.00377883/0.0940294/0.133232/0.0432073/0,-0.00377883/-0.0940294/-0.133232/-0.0432073/0.0198358,R_7Yxs9v5sGmNaIqa,attribution,base_exemplar
2,8,130207,-1,blood_pressure,insulin,0/0.434783/0/0/0,0/0/-0.833127/0/0,0/0.346368/0/0/0,0.09793560287429721,2.0,2.0,0.05,0.0,1,0.3,0.0399434/0.0463679/0.57268/0.0560288/0.0173612,-0.0399434/0.0463679/-0.57268/-0.0560288/0.0173612,R_7Yxs9v5sGmNaIqa,attribution,base_exemplar
3,9,130208,-1,insulin,insulin,0/0/0.608348/0/0,0/0/-0.352635/0/0,0/0/-0.352635/0/0,0.25152987724010334,2.0,0.0,0.025,0.0,1,0.3,0.0658665/0.0833588/0.0987314/0.0190775/0.0854819,0.0658665/0.0833588/-0.0987314/-0.0190775/-0.0854819,R_7Yxs9v5sGmNaIqa,attribution,base_exemplar
4,10,130209,-1,blood_pressure,blood_pressure,0/0.0869565/0/0/0,0/-0.683632/0/0/0,0/-0.683632/0/0/0,0.3359312390336957,2.0,2.0,0.025,0.0,1,0.4,0.0385403/0.283632/0.11994/0.247324/0.0106613,0.0385403/-0.283632/-0.11994/-0.247324/0.0106613,R_7Yxs9v5sGmNaIqa,attribution,base_exemplar
0,11,130300,1,insulin,insulin,0/0/0.59185/0/0,0/0/0.622038/0/0,0/0/0.622038/0/0,0.36030900811950717,2.0,2.0,0.05,0.0,1,0.4,0.0974219/0.0395518/0.222038/0.1381/0.0388715,-0.0974219/-0.0395518/0.222038/0.1381/0.0388715,R_7Yxs9v5sGmNaIqa,attribution,base_exemplar
1,12,130301,1,insulin,bmi,0/0/0.816465/0/0,0/0/0/0.278894/0,0/0/0.00821038/0/0,0.10497221816657683,0.0,24.0,0.025,0.0,0,0.0,0.00697665/0.0240086/0.00821038/0.278894/0,-0.00697665/0.0240086/0.00821038/0.278894/0.0486057,R_7Yxs9v5sGmNaIqa,attribution,base_exemplar
2,13,130302,1,blood_pressure,blood_pressure,0/0.782609/0/0/0,0/0.759162/0/0/0,0/0.759162/0/0/0,0.4207351587593893,2.0,2.0,0.05,0.0,1,0.3,0.00628227/0.459162/0.24948/0.2099/0.00270762,-0.00628227/0.459162/0.24948/0.2099/-0.00270762,R_7Yxs9v5sGmNaIqa,attribution,base_exemplar
3,14,130303,1,bmi,insulin,0/0/0/0.803316/0,0/0/0.638226/0/0,0/0/0/0.599571/0,0.30596126149987807,2.0,0.0,0.025,0.0,1,0.3,0.0168989/0.132094/0.338226/0.299571/0.0391705,0.0168989/0.132094/0.338226/0.299571/-0.0391705,R_7Yxs9v5sGmNaIqa,attribution,base_exemplar
4,15,130304,1,blood_pressure,blood_pressure,0/0.434783/0/0/0,0/0.434783/0/0/0,0/0.434783/0/0/0,0.41529166513441484,2.0,2.0,0.025,0.0,1,0.4,0.00655975/0.128782/0.00301931/0.0887759/0.00813567,-0.00655975/0.128782/-0.00301931/0.0887759/0.00813567,R_7Yxs9v5sGmNaIqa,attribution,base_exemplar
0,16,130305,1,bmi,blood_pressure,0/0/0/-0.32/0,0/-0.703228/0/0/0,0/0/0/-0.652415/0,0.3148092517426214,2.0,2.0,0.05,0.0,1,0.4,0.0354312/0.303228/0.0914576/0.252415/0.0215865,0.0354312/-0.303228/0.0914576/-0.252415/0.0215865,R_7Yxs9v5sGmNaIqa,attribution,base_exemplar
1,17,130306,1,insulin,blood_pressure,0/0/-0.142292/0/0,0/-0.144311/0/0/0,0/0/0.0732292/0/0,0.26748415109865775,0.0,24.0,0.025,0.0,0,0.0,0.00347829/0.144311/0.0732292/0.00717192/0,0.00347829/-0.144311/0.0732292/-0.00717192/-0.000728571,R_7Yxs9v5sGmNaIqa,attribution,base_exemplar
2,18,130307,1,insulin,insulin,0/0/-0.00618659/0/0,0/0/0.454111/0/0,0/0/0.454111/0/0,0.4064349799028834,2.0,2.0,0.05,0.0,1,0.3,0.0700137/0.0335903/0.154111/0.0542737/0.0121545,0.0700137/0.0335903/0.154111/0.0542737/-0.0121545,R_7Yxs9v5sGmNaIqa,attribution,base_exemplar
3,19,130308,1,blood_pressure,blood_pressure,0/-0.217391/0/0/0,0/-0.606013/0/0/0,0/-0.606013/0/0/0,0.3268762041282404,2.0,0.0,0.025,0.0,1,0.3,0.0180898/0.306013/0.296385/0.152125/0.0109267,0.0180898/-0.306013/0.296385/0.152125/-0.0109267,R_7Yxs9v5sGmNaIqa,attribution,base_exemplar
4,20,130309,1,blood_pressure,bmi,0/0.108696/0/0/0,0/0/0/-0.498092/0,0/-0.482666/0/0/0,0.3149561900449901,2.0,2.0,0.025,0.0,1,0.4,0.00077982/0.0826662/0.0263506/0.0980918/0.00972231,0.00077982/-0.0826662/-0.0263506/-0.0980918/0.00972231,R_7Yxs9v5sGmNaIqa,attribution,base_exemplar
0,1,130200,-1,blood_pressure,insulin,0/0.347826/0/0/0,0/0/0.541053/0/0,0/-0.405652/0/0/0,0.049227806860999854,2.0,0.0,0.05,0.0,1,0.4,0.0131344/0.00565223/0.141053/0.0525527/0.0950832,-0.0131344/-0.00565223/0.141053/0.0525527/-0.0950832,R_7Yxs9v5sGmNaIqa,attribution,base_prototype
1,2,130201,-1,age,blood_pressure,0/0/0/0/-0.567568,0/0.561425/0/0/0,0/0/0/0/-0.424413,0.05839735689221812,1.0,0.0,0.025,0.0,0,0.4,0.0173418/0.161425/0.0696909/0.124616/0,-0.0173418/0.161425/0.0696909/0.124616/-0.0244125,R_7Yxs9v5sGmNaIqa,attribution,base_prototype
2,3,130202,-1,bmi,insulin,0/0/0/0.51585/0,0/0/-0.395942/0/0,0/0/0/0.326811/0,0.10420399457878042,2.0,0.0,0.05,0.0,1,0.3,0.00737035/0.0862067/0.133209/0.0268113/0.0425399,-0.00737035/0.0862067/-0.133209/0.0268113/-0.0425399,R_7Yxs9v5sGmNaIqa,attribution,base_prototype
3,4,130203,-1,blood_pressure,blood_pressure,0/-0.586957/0/0/0,0/-0.429794/0/0/0,0/-0.429794/0/0/0,0.3234508903515375,2.0,0.0,0.025,0.0,1,0.3,0.044155/0.129794/0.0988881/0.0333705/0.0308144,-0.044155/-0.129794/-0.0988881/-0.0333705/0.0308144,R_7Yxs9v5sGmNaIqa,attribution,base_prototype
4,5,130204,-1,insulin,bmi,0/0/0.676235/0/0,0/0/0/0.49321/0,0/0/-0.323765/0/0,0.22372505296125136,2.0,0.0,0.025,0.0,1,0.4,0.0352043/0.047507/0.065803/0.0932101/0.0284632,-0.0352043/0.047507/-0.065803/0.0932101/-0.0284632,R_7Yxs9v5sGmNaIqa,attribution,base_prototype
0,6,130205,-1,age,insulin,0/0/0/0/0.972973,0/0/-0.529984/0/0,0/0/0/0/0.463605,0.13097945982778075,2.0,0.0,0.05,0.0,1,0.4,0.101965/0.0300522/0.273467/0.053636/0.0636047,-0.101965/-0.0300522/-0.273467/-0.053636/0.0636047,R_7Yxs9v5sGmNaIqa,attribution,base_prototype
1,7,130206,-1,blood_pressure,insulin,0/-0.434783/0/0/0,0/0/-0.486678/0/0,0/-0.53748/0/0/0,0.23248223278908675,1.0,0.0,0.025,0.0,0,0.4,0.0201169/0.13748/0.223655/0.153588/0,-0.0201169/-0.13748/-0.223655/-0.153588/0.00504193,R_7Yxs9v5sGmNaIqa,attribution,base_prototype
2,8,130207,-1,blood_pressure,insulin,0/0.434783/0/0/0,0/0/-0.833127/0/0,0/0.343634/0/0/0,0.0950539634839895,2.0,0.0,0.05,0.0,1,0.3,0.0412938/0.0436339/0.578549/0.0566786/0.018477,-0.0412938/0.0436339/-0.578549/-0.0566786/0.018477,R_7Yxs9v5sGmNaIqa,attribution,base_prototype
3,9,130208,-1,insulin,insulin,0/0/0.608348/0/0,0/0/-0.352635/0/0,0/0/-0.352635/0/0,0.25152987724010334,2.0,0.0,0.025,0.0,1,0.3,0.0658665/0.0833588/0.0987314/0.0190775/0.0854819,0.0658665/0.0833588/-0.0987314/-0.0190775/-0.0854819,R_7Yxs9v5sGmNaIqa,attribution,base_prototype
4,10,130209,-1,blood_pressure,blood_pressure,0/0.0869565/0/0/0,0/-0.689461/0/0/0,0/-0.689461/0/0/0,0.33264312263011503,2.0,0.0,0.025,0.0,1,0.4,0.0394114/0.289461/0.126086/0.257188/0.0118631,0.0394114/-0.289461/-0.126086/-0.257188/0.0118631,R_7Yxs9v5sGmNaIqa,attribution,base_prototype
0,11,130300,1,insulin,insulin,0/0/0.59185/0/0,0/0/0.652703/0/0,0/0/0.652703/0/0,0.3897143193170747,2.0,0.0,0.05,0.0,1,0.4,0.0938713/0.0376323/0.252703/0.13783/0.035919,-0.0938713/-0.0376323/0.252703/0.13783/0.035919,R_7Yxs9v5sGmNaIqa,attribution,base_prototype
1,12,130301,1,insulin,insulin,0/0/0.816465/0/0,0/0/0.688171/0/0,0/0/0.688171/0/0,0.33984686284819526,1.0,0.0,0.025,0.0,0,0.4,0.0332604/0.124773/0.288171/0.254037/0,-0.0332604/0.124773/0.288171/0.254037/0.002581,R_7Yxs9v5sGmNaIqa,attribution,base_prototype
2,13,130302,1,blood_pressure,blood_pressure,0/0.782609/0/0/0,0/0.7787/0/0/0,0/0.7787/0/0/0,0.3974192684027557,2.0,0.0,0.05,0.0,1,0.3,0.00130714/0.4787/0.335051/0.209387/0.00894303,0.00130714/0.4787/0.335051/0.209387/-0.00894303,R_7Yxs9v5sGmNaIqa,attribution,base_prototype
3,14,130303,1,bmi,insulin,0/0/0/0.803316/0,0/0/0.638226/0/0,0/0/0/0.599571/0,0.30596126149987807,2.0,0.0,0.025,0.0,1,0.3,0.0168989/0.132094/0.338226/0.299571/0.0391705,0.0168989/0.132094/0.338226/0.299571/-0.0391705,R_7Yxs9v5sGmNaIqa,attribution,base_prototype
4,15,130304,1,blood_pressure,blood_pressure,0/0.434783/0/0/0,0/0.434783/0/0/0,0/0.434783/0/0/0,0.4101716783489311,2.0,0.0,0.025,0.0,1,0.4,0.00525307/0.131301/0.010808/0.0896009/0.00739523,-0.00525307/0.131301/0.010808/0.0896009/0.00739523,R_7Yxs9v5sGmNaIqa,attribution,base_prototype
0,16,130305,1,bmi,blood_pressure,0/0/0/-0.32/0,0/-0.704202/0/0/0,0/0/0/-0.656455/0,0.3081022128814774,2.0,0.0,0.05,0.0,1,0.4,0.0392899/0.304202/0.113235/0.256455/0.0201361,0.0392899/-0.304202/0.113235/-0.256455/0.0201361,R_7Yxs9v5sGmNaIqa,attribution,base_prototype
1,17,130306,1,insulin,insulin,0/0/-0.142292/0/0,0/0/0.704545/0/0,0/0/0.704545/0/0,0.45546146045058394,1.0,0.0,0.025,0.0,0,0.4,0.0269136/0.138076/0.304545/0.0131059/0,0.0269136/-0.138076/0.304545/-0.0131059/-0.0102862,R_7Yxs9v5sGmNaIqa,attribution,base_prototype
2,18,130307,1,insulin,insulin,0/0/-0.00618659/0/0,0/0/0.51507/0/0,0/0/0.51507/0/0,0.451312808910073,2.0,0.0,0.05,0.0,1,0.3,0.0762394/0.0423656/0.21507/0.0515187/0.0145542,0.0762394/0.0423656/0.21507/0.0515187/-0.0145542,R_7Yxs9v5sGmNaIqa,attribution,base_prototype
3,19,130308,1,blood_pressure,blood_pressure,0/-0.217391/0/0/0,0/-0.606013/0/0/0,0/-0.606013/0/0/0,0.3268762041282404,2.0,0.0,0.025,0.0,1,0.3,0.0180898/0.306013/0.296385/0.152125/0.0109267,0.0180898/-0.306013/0.296385/0.152125/-0.0109267,R_7Yxs9v5sGmNaIqa,attribution,base_prototype
4,20,130309,1,blood_pressure,bmi,0/0.108696/0/0/0,0/0/0/-0.500827/0,0/-0.489131/0/0/0,0.31303089731389255,2.0,0.0,0.025,0.0,1,0.4,0.00104316/0.089131/0.0372752/0.100827/0.00989125,0.00104316/-0.089131/-0.0372752/-0.100827/0.00989125,R_7Yxs9v5sGmNaIqa,attribution,base_prototype
0,1,130200,-1,blood_pressure,bmi,0/-0.391304/0/0/0,0/0/0/0.540489/0,0/-0.463431/0/0/0,0.20303915234895545,0.0,0.0,0.05,0.0,0,0.4,0.002896/0.0634306/0.0854704/0.140489/0,-0.002896/-0.0634306/0.0854704/0.140489/-0.0461183,R_7dLf87GYWh7ib3L,none,base_exemplar
1,2,130201,-1,bmi,bmi,0/0/0/-0.302588/0,0/0/0/0.596684/0,0/0/0/0.596684/0,0.4262785988648806,0.0,0.0,0.05,0.0,0,0.4,0.00181/0.148005/0.0447463/0.196684/0,-0.00181/0.148005/0.0447463/0.196684/-0.0327291,R_7dLf87GYWh7ib3L,none,base_exemplar
2,3,130202,-1,bmi,insulin,0/0/0/-0.47415/0,0/0/-0.395942/0/0,0/0/0/0.424951/0,0.1366838589669794,0.0,2.0,0.05,0.0,0,0.4,0.000599158/0.0614335/0.108083/0.0249511/0,-0.000599158/0.0614335/-0.108083/0.0249511/-0.0234942,R_7dLf87GYWh7ib3L,none,base_exemplar
3,4,130203,-1,blood_pressure,blood_pressure,0/-0.782609/0/0/0,0/-0.590292/0/0/0,0/-0.590292/0/0/0,0.3799497395828067,0.0,0.0,0.05,0.0,0,0.4,0.00376481/0.190292/0.0804427/0.15805/0,-0.00376481/-0.190292/-0.0804427/-0.15805/0.0252907,R_7dLf87GYWh7ib3L,none,base_exemplar
4,5,130204,-1,blood_pressure,bmi,0/-0.565217/0/0/0,0/0/0/0.596684/0,0/0.421144/0/0/0,0.10479273494217829,0.0,0.0,0.05,0.0,0,0.4,0.002896/0.0211435/0.0548016/0.196684/0,-0.002896/0.0211435/-0.0548016/0.196684/-0.0193399,R_7dLf87GYWh7ib3L,none,base_exemplar
0,6,130205,-1,bmi,insulin,0/0/0/-0.561956/0,0/0/-0.529984/0/0,0/0/0/-0.579123/0,0.3410647032563689,0.0,0.0,0.05,0.0,0,0.4,0.00876041/0.0634306/0.205632/0.179123/0,-0.00876041/-0.0634306/-0.205632/-0.179123/0.0565321,R_7dLf87GYWh7ib3L,none,base_exemplar
1,7,130206,-1,bmi,bmi,0/0/0/-0.591079/0,0/0/0/-0.631807/0,0/0/0/-0.631807/0,0.3622327420339493,0.0,0.0,0.05,0.0,0,0.4,0.0024616/0.148005/0.173957/0.231807/0,-0.0024616/-0.148005/-0.173957/-0.231807/0.0342168,R_7dLf87GYWh7ib3L,none,base_exemplar
2,8,130207,-1,insulin,insulin,0/0/-0.812505/0/0,0/0/-0.823183/0/0,0/0/-0.823183/0/0,0.5574575367024343,0.0,2.0,0.05,0.0,0,0.4,0.00350322/0.0250796/0.423183/0.153281/0,-0.00350322/0.0250796/-0.423183/-0.153281/0.0197727,R_7dLf87GYWh7ib3L,none,base_exemplar
3,9,130208,-1,insulin,bmi,0/0/-0.352635/0/0,0/0/0/-0.477269/0,0/0/-0.352635/0/0,0.30134878125444836,0.0,0.0,0.05,0.0,0,0.4,0.00644361/0.0634306/0.0759178/0.0772689/0,0.00644361/0.0634306/-0.0759178/-0.0772689/-0.0952119,R_7dLf87GYWh7ib3L,none,base_exemplar
4,10,130209,-1,bmi,bmi,0/0/0/-0.91/0,0/0/0/-0.890728/0,0/0/0/-0.890728/0,0.4532446709195854,0.0,0.0,0.05,0.0,0,0.4,0.00405441/0.317153/0.0955257/0.490728/0,0.00405441/-0.317153/-0.0955257/-0.490728/0.0163646,R_7dLf87GYWh7ib3L,none,base_exemplar
0,11,130300,1,insulin,bmi,0/0/0.482554/0/0,0/0/0/0.592582/0,0/0/0.510357/0/0,0.24123204671249251,0.0,0.0,0.05,0.0,0,0.4,0.0101722/0.0563827/0.110357/0.237075/0,-0.0101722/-0.0563827/0.110357/0.237075/0.0632267,R_7dLf87GYWh7ib3L,none,base_exemplar
1,12,130301,1,bmi,bmi,0/0/0/0.366339/0,0/0/0/0.666339/0,0/0/0/0.666339/0,0.41925650764145317,0.0,0.0,0.05,0.0,0,0.4,0.00604541/0.112765/0.200855/0.310832/0,-0.00604541/0.112765/0.200855/0.310832/0.0230591,R_7dLf87GYWh7ib3L,none,base_exemplar
2,13,130302,1,insulin,blood_pressure,0/0/0.785532/0/0,0/0.782609/0/0/0,0/0/0.532693/0/0,0.15068598951596918,0.0,2.0,0.05,0.0,0,0.4,0.00107312/0.434991/0.132693/0.322005/0,-0.00107312/0.434991/0.132693/0.322005/0.00363482,R_7dLf87GYWh7ib3L,none,base_exemplar
3,14,130303,1,bmi,bmi,0/0/0/0.456589/0,0/0/0/0.803316/0,0/0/0/0.803316/0,0.493039892392481,0.0,0.0,0.05,0.0,0,0.4,0.0011222/0.112765/0.185772/0.447808/0,0.0011222/0.112765/0.185772/0.447808/-0.066202,R_7dLf87GYWh7ib3L,none,base_exemplar
4,15,130304,1,insulin,bmi,0/0/0.449559/0/0,0/0/0/0.490728/0,0/0/-0.452539/0/0,0.16902448434927392,0.0,0.0,0.05,0.0,0,0.4,0.001267/0.112765/0.0525392/0.135221/0,-0.001267/0.112765/-0.0525392/0.135221/0.0275222,R_7dLf87GYWh7ib3L,none,base_exemplar
0,16,130305,1,insulin,bmi,0/0/0.579312/0/0,0/0/0/-0.755507/0,0/0/0.427401/0/0,0.06813911354279772,0.0,0.0,0.05,0.0,0,0.4,0.00394581/0.310105/0.0274008/0.355507/0,0.00394581/-0.310105/0.0274008/-0.355507/0.0632267,R_7dLf87GYWh7ib3L,none,base_exemplar
1,17,130306,1,insulin,insulin,0/0/0.637219/0/0,0/0/0.631021/0/0,0/0/0.631021/0/0,0.48902785085635464,0.0,0.0,0.05,0.0,0,0.4,0.00524901/0.140957/0.231021/0.0122928/0,0.00524901/-0.140957/0.231021/-0.0122928/-0.0260345,R_7dLf87GYWh7ib3L,none,base_exemplar
2,18,130307,1,insulin,bmi,0/0/0.694795/0/0,0/0/0/0.43102/0,0/0/0.476546/0/0,0.3626281728035389,0.0,2.0,0.05,0.0,0,0.4,0.0084405/0.0217146/0.076546/0.0767273/0,0.0084405/0.0217146/0.076546/0.0767273/-0.037582,R_7dLf87GYWh7ib3L,none,base_exemplar
3,19,130308,1,bmi,blood_pressure,0/0/0/0.554484/0,0/-0.710105/0/0/0,0/0/0/0.564484/0,0.2671485150954686,0.0,0.0,0.05,0.0,0,0.4,0.0017738/0.310105/0.178231/0.208977/0,0.0017738/-0.310105/0.178231/0.208977/-0.0394237,R_7dLf87GYWh7ib3L,none,base_exemplar
4,20,130309,1,insulin,bmi,0/0/0.40419/0/0,0/0/0/-0.528196/0,0/0/-0.47818/0/0,0.23303722757165593,0.0,0.0,0.05,0.0,0,0.4,0.000398201/0.0986698/0.0781803/0.128196/0,-0.000398201/-0.0986698/-0.0781803/-0.128196/0.0632267,R_7dLf87GYWh7ib3L,none,base_exemplar
0,1,130200,-1,blood_pressure,bmi,0/-0.391304/0/0/0,0/0/0/0.540489/0,0/-0.463431/0/0/0,0.20303915234895545,0.0,0.0,0.05,0.0,0,0.4,0.002896/0.0634306/0.0854704/0.140489/0,-0.002896/-0.0634306/0.0854704/0.140489/-0.0461183,R_7dLf87GYWh7ib3L,none,base_prototype
1,2,130201,-1,bmi,bmi,0/0/0/-0.302588/0,0/0/0/0.596684/0,0/0/0/0.596684/0,0.4262785988648806,0.0,0.0,0.05,0.0,0,0.4,0.00181/0.148005/0.0447463/0.196684/0,-0.00181/0.148005/0.0447463/0.196684/-0.0327291,R_7dLf87GYWh7ib3L,none,base_prototype
2,3,130202,-1,bmi,insulin,0/0/0/-0.47415/0,0/0/-0.395942/0/0,0/0/0/0.435122/0,0.1674227320708712,0.0,0.0,0.05,0.0,0,0.4,0.000724001/0.0634306/0.107592/0.0351222/0,-0.000724001/0.0634306/-0.107592/0.0351222/-0.023803,R_7dLf87GYWh7ib3L,none,base_prototype
3,4,130203,-1,blood_pressure,blood_pressure,0/-0.782609/0/0/0,0/-0.590292/0/0/0,0/-0.590292/0/0/0,0.3799497395828067,0.0,0.0,0.05,0.0,0,0.4,0.00376481/0.190292/0.0804427/0.15805/0,-0.00376481/-0.190292/-0.0804427/-0.15805/0.0252907,R_7dLf87GYWh7ib3L,none,base_prototype
4,5,130204,-1,blood_pressure,bmi,0/-0.565217/0/0/0,0/0/0/0.596684/0,0/0.421144/0/0/0,0.10479273494217829,0.0,0.0,0.05,0.0,0,0.4,0.002896/0.0211435/0.0548016/0.196684/0,-0.002896/0.0211435/-0.0548016/0.196684/-0.0193399,R_7dLf87GYWh7ib3L,none,base_prototype
0,6,130205,-1,bmi,insulin,0/0/0/-0.561956/0,0/0/-0.529984/0/0,0/0/0/-0.579123/0,0.3410647032563689,0.0,0.0,0.05,0.0,0,0.4,0.00876041/0.0634306/0.205632/0.179123/0,-0.00876041/-0.0634306/-0.205632/-0.179123/0.0565321,R_7dLf87GYWh7ib3L,none,base_prototype
1,7,130206,-1,bmi,bmi,0/0/0/-0.591079/0,0/0/0/-0.631807/0,0/0/0/-0.631807/0,0.3622327420339493,0.0,0.0,0.05,0.0,0,0.4,0.0024616/0.148005/0.173957/0.231807/0,-0.0024616/-0.148005/-0.173957/-0.231807/0.0342168,R_7dLf87GYWh7ib3L,none,base_prototype
2,8,130207,-1,insulin,insulin,0/0/-0.812505/0/0,0/0/-0.827352/0/0,0/0/-0.827352/0/0,0.5581052109037854,0.0,0.0,0.05,0.0,0,0.4,0.0035476/0.0211435/0.427352/0.15805/0,-0.0035476/0.0211435/-0.427352/-0.15805/0.0208276,R_7dLf87GYWh7ib3L,none,base_prototype
3,9,130208,-1,insulin,bmi,0/0/-0.352635/0/0,0/0/0/-0.477269/0,0/0/-0.352635/0/0,0.30134878125444836,0.0,0.0,0.05,0.0,0,0.4,0.00644361/0.0634306/0.0759178/0.0772689/0,0.00644361/0.0634306/-0.0759178/-0.0772689/-0.0952119,R_7dLf87GYWh7ib3L,none,base_prototype
4,10,130209,-1,bmi,bmi,0/0/0/-0.91/0,0/0/0/-0.890728/0,0/0/0/-0.890728/0,0.4532446709195854,0.0,0.0,0.05,0.0,0,0.4,0.00405441/0.317153/0.0955257/0.490728/0,0.00405441/-0.317153/-0.0955257/-0.490728/0.0163646,R_7dLf87GYWh7ib3L,none,base_prototype
0,11,130300,1,insulin,bmi,0/0/0.482554/0/0,0/0/0/0.592582/0,0/0/0.510357/0/0,0.24123204671249251,0.0,0.0,0.05,0.0,0,0.4,0.0101722/0.0563827/0.110357/0.237075/0,-0.0101722/-0.0563827/0.110357/0.237075/0.0632267,R_7dLf87GYWh7ib3L,none,base_prototype
1,12,130301,1,bmi,bmi,0/0/0/0.366339/0,0/0/0/0.666339/0,0/0/0/0.666339/0,0.41925650764145317,0.0,0.0,0.05,0.0,0,0.4,0.00604541/0.112765/0.200855/0.310832/0,-0.00604541/0.112765/0.200855/0.310832/0.0230591,R_7dLf87GYWh7ib3L,none,base_prototype
2,13,130302,1,insulin,blood_pressure,0/0/0.785532/0/0,0/0.782609/0/0/0,0/0/0.578231/0/0,0.17937774358732442,0.0,0.0,0.05,0.0,0,0.4,0.000615401/0.451062/0.178231/0.324881/0,-0.000615401/0.451062/0.178231/0.324881/-0.00371922,R_7dLf87GYWh7ib3L,none,base_prototype
3,14,130303,1,bmi,bmi,0/0/0/0.456589/0,0/0/0/0.803316/0,0/0/0/0.803316/0,0.493039892392481,0.0,0.0,0.05,0.0,0,0.4,0.0011222/0.112765/0.185772/0.447808/0,0.0011222/0.112765/0.185772/0.447808/-0.066202,R_7dLf87GYWh7ib3L,none,base_prototype
4,15,130304,1,insulin,bmi,0/0/0.449559/0/0,0/0/0/0.490728/0,0/0/-0.452539/0/0,0.16902448434927392,0.0,0.0,0.05,0.0,0,0.4,0.001267/0.112765/0.0525392/0.135221/0,-0.001267/0.112765/-0.0525392/0.135221/0.0275222,R_7dLf87GYWh7ib3L,none,base_prototype
0,16,130305,1,insulin,bmi,0/0/0.579312/0/0,0/0/0/-0.755507/0,0/0/0.427401/0/0,0.06813911354279772,0.0,0.0,0.05,0.0,0,0.4,0.00394581/0.310105/0.0274008/0.355507/0,0.00394581/-0.310105/0.0274008/-0.355507/0.0632267,R_7dLf87GYWh7ib3L,none,base_prototype
1,17,130306,1,insulin,insulin,0/0/0.637219/0/0,0/0/0.631021/0/0,0/0/0.631021/0/0,0.48902785085635464,0.0,0.0,0.05,0.0,0,0.4,0.00524901/0.140957/0.231021/0.0122928/0,0.00524901/-0.140957/0.231021/-0.0122928/-0.0260345,R_7dLf87GYWh7ib3L,none,base_prototype
2,18,130307,1,insulin,insulin,0/0/0.694795/0/0,0/0/0.511866/0/0,0/0/0.511866/0/0,0.4230685753898191,0.0,0.0,0.05,0.0,0,0.4,0.00894141/0.0281914/0.111866/0.0755128/0,0.00894141/0.0281914/0.111866/0.0755128/-0.0438868,R_7dLf87GYWh7ib3L,none,base_prototype
3,19,130308,1,bmi,blood_pressure,0/0/0/0.554484/0,0/-0.710105/0/0/0,0/0/0/0.564484/0,0.2671485150954686,0.0,0.0,0.05,0.0,0,0.4,0.0017738/0.310105/0.178231/0.208977/0,0.0017738/-0.310105/0.178231/0.208977/-0.0394237,R_7dLf87GYWh7ib3L,none,base_prototype
4,20,130309,1,insulin,bmi,0/0/0.40419/0/0,0/0/0/-0.528196/0,0/0/-0.47818/0/0,0.23303722757165593,0.0,0.0,0.05,0.0,0,0.4,0.000398201/0.0986698/0.0781803/0.128196/0,-0.000398201/-0.0986698/-0.0781803/-0.128196/0.0632267,R_7dLf87GYWh7ib3L,none,base_prototype
0,1,130200,-1,bmi,insulin,0/0/0/0.231217/0,0/0/0.140923/0/0,0/0/0/0.12136/0,0.09775610617462349,4.0,24.0,0.025,0.0,0,0.0,0/0.00111153/0.144306/0/0,-0/-0.000555764/0.140923/0.12136/-0.298588,R_7g5abNEr7vFVyvi,attribution,additive_exemplar
1,2,130201,-1,insulin,bmi,0/0/0.0329951/0/0,0/0/0/0.110674/0,0/0/-0.000187864/0/0,0.08559264000081786,0.25,24.0,0.025,0.0,0,0.0,0/0.0941223/0.00622647/0.111057/0,-0/0.0470612/-0.000187864/0.110674/-0,R_7g5abNEr7vFVyvi,attribution,additive_exemplar
2,3,130202,-1,insulin,blood_pressure,0/0/0.0247463/0/0,0/0.0623849/0/0/0,0/0/0/0/0,0.09814066441933503,4.0,24.0,0.025,0.0,0,0.0,0/0.12477/0/0/0,0/0.0623849/-0/0.0556698/-0.183072,R_7g5abNEr7vFVyvi,attribution,additive_exemplar
3,4,130203,-1,insulin,blood_pressure,0/0/0.0412439/0/0,0/-0.0659043/0/0/0,0/0/-0.0740675/0/0,0.09814066441933503,4.0,24.0,0.025,0.0,0,0.0,0/0.131809/0/0/0,-0/-0.0659043/-0.0740675/-0.0978905/0.0896274,R_7g5abNEr7vFVyvi,attribution,additive_exemplar
4,5,130204,-1,insulin,blood_pressure,0/0/0.0371195/0/0,0/0.0395433/0/0/0,0/0/0/0/0,0.09814066441933503,4.0,24.0,0.025,0.0,0,0.0,0/0.0790866/0/0/0,-0/0.0395433/-0/0.216746/-0.152554,R_7g5abNEr7vFVyvi,attribution,additive_exemplar
0,6,130205,-1,insulin,blood_pressure,0/0/0.0391817/0/0,0/-0.00315778/0/0/0,0/0/-0.229492/0/0,0.09814066441933503,4.0,24.0,0.025,0.0,0,0.0,0/0.00631555/0/0/0,-0.303254/-0.00315778/-0.229492/-0.121513/0.230235,R_7g5abNEr7vFVyvi,attribution,additive_exemplar
1,7,130206,-1,insulin,blood_pressure,0/0/0.123732/0/0,0/-0.0484662/0/0/0,0/0/0/0/0,0.09814066441933503,0.25,24.0,0.025,0.0,0,0.0,0/0.0969325/0/0/0,-0/-0.0484662/-0/-0.0529442/0.121125,R_7g5abNEr7vFVyvi,attribution,additive_exemplar
2,8,130207,-1,bmi,blood_pressure,0/0/0/0.0926777/0,0/0.036956/0/0/0,0/0/0/-0.118943/0,0.09814066441933503,4.0,24.0,0.025,0.0,0,0.0,0/0.073912/0/0/0,-0.0928553/0.036956/-0.522675/-0.118943/0,R_7g5abNEr7vFVyvi,attribution,additive_exemplar
3,9,130208,-1,bmi,blood_pressure,0/0/0/0.173459/0,0/0.0521806/0/0/0,0/0/0/0.00748431/0,0.09814066441933503,4.0,24.0,0.025,0.0,0,0.0,0/0.104361/0/0/0,0/0.0521806/-0/0.00748431/-0.586609,R_7g5abNEr7vFVyvi,attribution,additive_exemplar
4,10,130209,-1,insulin,blood_pressure,0/0/0.140229/0/0,0/-0.131999/0/0/0,0/0/0/0/0,0.09814066441933503,4.0,24.0,0.025,0.0,0,0.0,0/0.263997/0/0/0,0/-0.131999/-0/-0.279916/0.01881,R_7g5abNEr7vFVyvi,attribution,additive_exemplar
0,11,130300,1,insulin,blood_pressure,0/0/-0.286645/0/0,0/-0.0185654/0/0/0,0/0/0/0/0,0.09814066441933503,4.0,24.0,0.025,0.0,0,0.0,0/0.0371307/0/0/0,-0.475889/-0.0185654/0/0/0.00863459,R_7g5abNEr7vFVyvi,attribution,additive_exemplar
1,12,130301,1,insulin,bmi,0/0/-0.183535/0/0,0/0/0/0.0010828/0,0/0/0.0105482/0/0,0.09397593973519927,0.25,24.0,0.025,0.0,0,0.0,0/0.0242087/0/0.27926/0,-0.273669/0.0121043/0.0105482/0.0010828/0.295418,R_7g5abNEr7vFVyvi,attribution,additive_exemplar
2,13,130302,1,insulin,blood_pressure,0/0/-0.175287/0/0,0/0.166756/0/0/0,0/0/-0.0286901/0/0,0.1352427716710294,4.0,24.0,0.025,0.0,0,0.0,0/0.333513/0.0294878/0/0,-0.0760834/0.166756/-0.0286901/0/0,R_7g5abNEr7vFVyvi,attribution,additive_exemplar
3,14,130303,1,insulin,blood_pressure,0/0/-0.183535/0/0,0/0.0165726/0/0/0,0/0/0.00341537/0/0,0.14400292049643557,4.0,24.0,0.025,0.0,0,0.0,0/0.0331452/0.00366057/0/0,-0.0307196/0.0165726/0.00341537/0/-0,R_7g5abNEr7vFVyvi,attribution,additive_exemplar
4,15,130304,1,insulin,blood_pressure,0/0/-0.480492/0/0,0/0.0626186/0/0/0,0/0/-0.077655/0/0,0.09814066441933503,4.0,24.0,0.025,0.0,0,0.0,0/0.125237/0/0/0,-0.0948792/0.0626186/-0.077655/0/0,R_7g5abNEr7vFVyvi,attribution,additive_exemplar
0,16,130305,1,insulin,blood_pressure,0/0/-0.340262/0/0,0/-0.150009/0/0/0,0/0/-0.0477399/0/0,0.09814066441933503,4.0,24.0,0.025,0.0,0,0.0,0/0.300018/0/0/0,0.0203298/-0.150009/-0.0477399/-0/0,R_7g5abNEr7vFVyvi,attribution,additive_exemplar
1,17,130306,1,insulin,blood_pressure,0/0/-0.10311/0/0,0/-0.0742359/0/0/0,0/0/0/0/0,0.09814066441933503,0.25,24.0,0.025,0.0,0,0.0,0/0.148472/0/0/0,0/-0.0742359/0/-0/-0.00198431,R_7g5abNEr7vFVyvi,attribution,additive_exemplar
2,18,130307,1,insulin,blood_pressure,0/0/-0.266023/0/0,0/0.0165095/0/0/0,0/0/-0.00561739/0/0,0.09814066441933503,4.0,24.0,0.025,0.0,0,0.0,0/0.033019/0/0/0,0.196286/0.0165095/-0.00561739/0/-0,R_7g5abNEr7vFVyvi,attribution,additive_exemplar
3,19,130308,1,bmi,blood_pressure,0/0/0/0.344484/0,0/-0.162323/0/0/0,0/0/0/0/0,0.09814066441933503,4.0,24.0,0.025,0.0,0,0.0,0/0.324647/0/0/0,-0.0220046/-0.162323/0.0341992/0/-0,R_7g5abNEr7vFVyvi,attribution,additive_exemplar
4,20,130309,1,insulin,blood_pressure,0/0/-0.40419/0/0,0/-0.0229263/0/0/0,0/0/0/0/0,0.09814066441933503,4.0,24.0,0.025,0.0,0,0.0,0/0.0458526/0/0/0,0/-0.0229263/0/-0/0,R_7g5abNEr7vFVyvi,attribution,additive_exemplar
0,1,130200,-1,bmi,blood_pressure,0/0/0/0.231217/0,0/-0.0326087/0/0/0,0/0/0/0.140489/0,0.09814066441933503,0.0,0.0,0.025,0.0,0,0.0,0/0.0652174/0/0/0,-0/-0.0326087/0.116858/0.140489/-0.279279,R_7g5abNEr7vFVyvi,attribution,additive_prototype
1,2,130201,-1,insulin,blood_pressure,0/0/0.0329951/0/0,0/0.076087/0/0/0,0/0/0.0611785/0/0,0.09814066441933503,0.0,0.0,0.025,0.0,0,0.0,0/0.152174/0/0/0,-0/0.076087/0.0611785/0.196684/-0.198198,R_7g5abNEr7vFVyvi,attribution,additive_prototype
2,3,130202,-1,insulin,blood_pressure,0/0/0.0247463/0/0,0/0.0326087/0/0/0,0/0/-0.147103/0/0,0.09814066441933503,0.0,0.0,0.025,0.0,0,0.0,0/0.0652174/0/0/0,-0/0.0326087/-0.147103/0.0351222/-0.144144,R_7g5abNEr7vFVyvi,attribution,additive_prototype
3,4,130203,-1,insulin,blood_pressure,0/0/0.0412439/0/0,0/-0.0978261/0/0/0,0/0/-0.109984/0/0,0.09814066441933503,0.0,0.0,0.025,0.0,0,0.0,0/0.195652/0/0/0,-0/-0.0978261/-0.109984/-0.15805/0.153153,R_7g5abNEr7vFVyvi,attribution,additive_prototype
4,5,130204,-1,insulin,blood_pressure,0/0/0.0371195/0/0,0/0.0108696/0/0/0,0/0/-0.0749264/0/0,0.09814066441933503,0.0,0.0,0.025,0.0,0,0.0,0/0.0217391/0/0/0,-0/0.0108696/-0.0749264/0.196684/-0.117117,R_7g5abNEr7vFVyvi,attribution,additive_prototype
0,6,130205,-1,insulin,blood_pressure,0/0/0.0391817/0/0,0/-0.0326087/0/0/0,0/0/-0.281146/0/0,0.09814066441933503,0.0,0.0,0.025,0.0,0,0.0,0/0.0652174/0/0/0,-0/-0.0326087/-0.281146/-0.179123/0.342342,R_7g5abNEr7vFVyvi,attribution,additive_prototype
1,7,130206,-1,insulin,blood_pressure,0/0/0.123732/0/0,0/-0.076087/0/0/0,0/0/-0.23784/0/0,0.09814066441933503,0.0,0.0,0.025,0.0,0,0.0,0/0.152174/0/0/0,-0/-0.076087/-0.23784/-0.231807/0.207207,R_7g5abNEr7vFVyvi,attribution,additive_prototype
2,8,130207,-1,bmi,blood_pressure,0/0/0/0.0926777/0,0/0.0108696/0/0/0,0/0/0/-0.15805/0,0.09814066441933503,0.0,0.0,0.025,0.0,0,0.0,0/0.0217391/0/0/0,-0/0.0108696/-0.584289/-0.15805/0.126126,R_7g5abNEr7vFVyvi,attribution,additive_prototype
3,9,130208,-1,bmi,blood_pressure,0/0/0/0.173459/0,0/0.0326087/0/0/0,0/0/0/-0.0772689/0,0.09814066441933503,0.0,0.0,0.025,0.0,0,0.0,0/0.0652174/0/0/0,0/0.0326087/-0.103797/-0.0772689/-0.576577,R_7g5abNEr7vFVyvi,attribution,additive_prototype
4,10,130209,-1,insulin,blood_pressure,0/0/0.140229/0/0,0/-0.163043/0/0/0,0/0/-0.130606/0/0,0.09814066441933503,0.0,0.0,0.025,0.0,0,0.0,0/0.326087/0/0/0,0/-0.163043/-0.130606/-0.490728/0.0990991,R_7g5abNEr7vFVyvi,attribution,additive_prototype
0,11,130300,1,insulin,blood_pressure,0/0/-0.286645/0/0,0/-0.0289855/0/0/0,0/0/0/0/0,0.09814066441933503,0.0,0.0,0.025,0.0,0,0.0,0/0.057971/0/0/0,-0.398175/-0.0289855/0/0/0,R_7g5abNEr7vFVyvi,attribution,additive_prototype
1,12,130301,1,insulin,blood_pressure,0/0/-0.183535/0/0,0/0.057971/0/0/0,0/0/0/0/0,0.09814066441933503,0.0,0.0,0.025,0.0,0,0.0,0/0.115942/0/0/0,-0.236638/0.057971/0/0/0,R_7g5abNEr7vFVyvi,attribution,additive_prototype
2,13,130302,1,insulin,blood_pressure,0/0/-0.175287/0/0,0/0.231884/0/0/0,0/0/0/0/0,0.09814066441933503,0.0,0.0,0.025,0.0,0,0.0,0/0.463768/0/0/0,-0.0240889/0.231884/0/0/-0,R_7g5abNEr7vFVyvi,attribution,additive_prototype
3,14,130303,1,insulin,blood_pressure,0/0/-0.183535/0/0,0/0.057971/0/0/0,0/0/0/0/0,0.09814066441933503,0.0,0.0,0.025,0.0,0,0.0,0/0.115942/0/0/0,0.0439268/0.057971/0/0/-0,R_7g5abNEr7vFVyvi,attribution,additive_prototype
4,15,130304,1,insulin,blood_pressure,0/0/-0.480492/0/0,0/0.057971/0/0/0,0/0/0/0/0,0.09814066441933503,0.0,0.0,0.025,0.0,0,0.0,0/0.115942/0/0/0,-0.0495947/0.057971/-0/0/0,R_7g5abNEr7vFVyvi,attribution,additive_prototype
0,16,130305,1,insulin,blood_pressure,0/0/-0.340262/0/0,0/-0.15942/0/0/0,0/0/0/0/0,0.09814066441933503,0.0,0.0,0.025,0.0,0,0.0,0/0.318841/0/0/0,0.154452/-0.15942/0/-0/0,R_7g5abNEr7vFVyvi,attribution,additive_prototype
1,17,130306,1,insulin,blood_pressure,0/0/-0.10311/0/0,0/-0.0724638/0/0/0,0/0/0/0/0,0.09814066441933503,0.0,0.0,0.025,0.0,0,0.0,0/0.144928/0/0/0,0.205464/-0.0724638/0/-0/-0,R_7g5abNEr7vFVyvi,attribution,additive_prototype
2,18,130307,1,insulin,blood_pressure,0/0/-0.266023/0/0,0/0.0144928/0/0/0,0/0/0/0/0,0.09814066441933503,0.0,0.0,0.025,0.0,0,0.0,0/0.0289855/0/0/0,0.349997/0.0144928/0/0/-0,R_7g5abNEr7vFVyvi,attribution,additive_prototype
3,19,130308,1,bmi,blood_pressure,0/0/0/0.344484/0,0/-0.15942/0/0/0,0/0/0/0/0,0.09814066441933503,0.0,0.0,0.025,0.0,0,0.0,0/0.318841/0/0/0,0.0694326/-0.15942/0/0/-0,R_7g5abNEr7vFVyvi,attribution,additive_prototype
4,20,130309,1,insulin,blood_pressure,0/0/-0.40419/0/0,0/-0.0507246/0/0/0,0/0/0/0/0,0.09814066441933503,0.0,0.0,0.025,0.0,0,0.0,0/0.101449/0/0/0,-0.0155869/-0.0507246/-0/-0/0,R_7g5abNEr7vFVyvi,attribution,additive_prototype
0,1,130200,-1,bmi,insulin,0/0/0/0.231217/0,0/0/0.146534/0/0,0/0/0/0.0391775/0,0.1972973869625656,4.0,0.0,0.025,0.0,0,0.0,0.00637937/0.00052914/0.146534/0.0391775/0,-0.00637937/-0.00052914/0.146534/0.0391775/-0.144239,R_7g5abNEr7vFVyvi,attribution,base_exemplar
1,2,130201,-1,insulin,blood_pressure,0/0/0.0329951/0/0,0/0.182181/0/0/0,0/0/0.0889769/0/0,0.24436419396731363,4.0,0.0,0.025,0.0,0,0.0,0.00382868/0.182181/0.0889769/0.0426976/0,-0.00382868/0.182181/0.0889769/0.0426976/-0.100203,R_7g5abNEr7vFVyvi,attribution,base_exemplar
2,3,130202,-1,insulin,insulin,0/0/0.0247463/0/0,0/0/-0.122468/0/0,0/0/-0.122468/0/0,0.4324354871609509,4.0,2.0,0.05,0.0,0,0.0,0.0018583/0.102372/0.122468/0.0128258/0,0.0018583/0.102372/-0.122468/0.0128258/-0.0722565,R_7g5abNEr7vFVyvi,attribution,base_exemplar
3,4,130203,-1,insulin,blood_pressure,0/0/0.0412439/0/0,0/-0.11283/0/0/0,0/0/-0.0883718/0/0,0.3072320302130094,4.0,0.0,0.05,0.0,0,0.0,0.0366511/0.11283/0.0883718/0.0150419/0,-0.0366511/-0.11283/-0.0883718/-0.0150419/0.0434531,R_7g5abNEr7vFVyvi,attribution,base_exemplar
4,5,130204,-1,insulin,blood_pressure,0/0/0.0371195/0/0,0/0.0596629/0/0/0,0/0/-0.0560219/0/0,0.26625132613261276,4.0,0.0,0.05,0.0,0,0.0,0.0312723/0.0596629/0.0560219/0.0410238/0,-0.0312723/0.0596629/-0.0560219/0.0410238/-0.0536894,R_7g5abNEr7vFVyvi,attribution,base_exemplar
0,6,130205,-1,insulin,insulin,0/0/0.0391817/0/0,0/0/-0.264531/0/0,0/0/-0.264531/0/0,0.4669753520644251,4.0,0.0,0.025,0.0,0,0.0,0.106632/0.0124141/0.264531/0.019262/0,-0.106632/-0.0124141/-0.264531/-0.019262/0.107592,R_7g5abNEr7vFVyvi,attribution,base_exemplar
1,7,130206,-1,insulin,insulin,0/0/0.123732/0/0,0/0/-0.223143/0/0,0/0/-0.223143/0/0,0.4424589171807891,4.0,0.0,0.025,0.0,0,0.0,0.031125/0.0845875/0.223143/0.0312263/0,-0.031125/-0.0845875/-0.223143/-0.0312263/0.0596586,R_7g5abNEr7vFVyvi,attribution,base_exemplar
2,8,130207,-1,bmi,insulin,0/0/0/0.0926777/0,0/0/-0.566959/0/0,0/0/0/-0.0193033/0,0.0756049134820727,4.0,2.0,0.05,0.0,0,0.0,0.044867/0.0549831/0.566959/0.0193033/0,-0.044867/0.0549831/-0.566959/-0.0193033/0.0306251,R_7g5abNEr7vFVyvi,attribution,base_exemplar
3,9,130208,-1,bmi,insulin,0/0/0/0.173459/0,0/0/-0.0920589/0/0,0/0/0/-0.00303849/0,0.0367267049280324,4.0,0.0,0.05,0.0,0,0.0,0.0803337/0.0873157/0.0920589/0.00303849/0,0.0803337/0.0873157/-0.0920589/-0.00303849/-0.18131,R_7g5abNEr7vFVyvi,attribution,base_exemplar
4,10,130209,-1,insulin,blood_pressure,0/0/0.140229/0/0,0/-0.236431/0/0/0,0/0/-0.120012/0/0,0.21494818146072386,4.0,0.0,0.05,0.0,0,0.0,0.0492336/0.236431/0.120012/0.110236/0,0.0492336/-0.236431/-0.120012/-0.110236/0.0230658,R_7g5abNEr7vFVyvi,attribution,base_exemplar
0,11,130300,1,insulin,insulin,0/0/-0.286645/0/0,0/0/0.343976/0/0,0/0/0.343976/0/0,0.46338389942093744,4.0,0.0,0.025,0.0,0,0.0,0.107127/0.0170924/0.343976/0.0621615/0,-0.107127/-0.0170924/0.343976/0.0621615/0.0638252,R_7g5abNEr7vFVyvi,attribution,base_exemplar
1,12,130301,1,insulin,insulin,0/0/-0.183535/0/0,0/0/0.458471/0/0,0/0/0.458471/0/0,0.45315837392271713,4.0,0.0,0.025,0.0,0,0.0,0.0555695/0.127897/0.458471/0.0904897/0,-0.0555695/0.127897/0.458471/0.0904897/-0.0016411,R_7g5abNEr7vFVyvi,attribution,base_exemplar
2,13,130302,1,insulin,blood_pressure,0/0/-0.175287/0/0,0/0.40789/0/0/0,0/0/0.323601/0/0,0.3355604192561408,4.0,2.0,0.05,0.0,0,0.0,0.00141577/0.40789/0.323601/0.103831/0,-0.00141577/0.40789/0.323601/0.103831/-0.0217425,R_7g5abNEr7vFVyvi,attribution,base_exemplar
3,14,130303,1,insulin,insulin,0/0/-0.183535/0/0,0/0/0.421632/0/0,0/0/0.421632/0/0,0.47560793437237175,4.0,0.0,0.05,0.0,0,0.0,0.0320134/0.128021/0.421632/0.153875/0,0.0320134/0.128021/0.421632/0.153875/-0.129873,R_7g5abNEr7vFVyvi,attribution,base_exemplar
4,15,130304,1,insulin,blood_pressure,0/0/-0.480492/0/0,0/0.128206/0/0/0,0/0/0.0886602/0/0,0.29510237452418997,4.0,0.0,0.05,0.0,0,0.0,0.00155617/0.128206/0.0886602/0.0461343/0,0.00155617/0.128206/0.0886602/0.0461343/0.00926265,R_7g5abNEr7vFVyvi,attribution,base_exemplar
0,16,130305,1,insulin,blood_pressure,0/0/-0.340262/0/0,0/-0.255848/0/0/0,0/0/0.191363/0/0,0.2566018890444092,4.0,0.0,0.025,0.0,0,0.0,0.0635562/0.255848/0.191363/0.147375/0,0.0635562/-0.255848/0.191363/-0.147375/0.0580993,R_7g5abNEr7vFVyvi,attribution,base_exemplar
1,17,130306,1,insulin,insulin,0/0/-0.10311/0/0,0/0/0.463659/0/0,0/0/0.463659/0/0,0.4886033623961518,4.0,0.0,0.025,0.0,0,0.0,0.0774598/0.104347/0.463659/0.0102111/0,0.0774598/-0.104347/0.463659/-0.0102111/-0.0582333,R_7g5abNEr7vFVyvi,attribution,base_exemplar
2,18,130307,1,insulin,insulin,0/0/-0.266023/0/0,0/0/0.210665/0/0,0/0/0.210665/0/0,0.45549041330052414,4.0,2.0,0.05,0.0,0,0.0,0.105943/0.0393633/0.210665/0.0312826/0,0.105943/0.0393633/0.210665/0.0312826/-0.0620534,R_7g5abNEr7vFVyvi,attribution,base_exemplar
3,19,130308,1,bmi,insulin,0/0/0/0.344484/0,0/0/0.380565/0/0,0/0/0/0.0919752/0,0.12776865316025915,4.0,0.0,0.05,0.0,0,0.0,0.0338852/0.26708/0.380565/0.0919752/0,0.0338852/-0.26708/0.380565/0.0919752/-0.0670399,R_7g5abNEr7vFVyvi,attribution,base_exemplar
4,20,130309,1,insulin,blood_pressure,0/0/-0.40419/0/0,0/-0.07044/0/0/0,0/0/0.0250915/0/0,0.14666652466185667,4.0,0.0,0.05,0.0,0,0.0,0.00812752/0.07044/0.0250915/0.067077/0,0.00812752/-0.07044/0.0250915/-0.067077/0.051473,R_7g5abNEr7vFVyvi,attribution,base_exemplar
0,1,130200,-1,bmi,insulin,0/0/0/0.231217/0,0/0/0.146534/0/0,0/0/0/0.0391775/0,0.1972973869625656,4.0,0.0,0.025,0.0,0,0.0,0.00637937/0.00052914/0.146534/0.0391775/0,-0.00637937/-0.00052914/0.146534/0.0391775/-0.144239,R_7g5abNEr7vFVyvi,attribution,base_prototype
1,2,130201,-1,insulin,blood_pressure,0/0/0.0329951/0/0,0/0.182181/0/0/0,0/0/0.0889769/0/0,0.24436419396731363,4.0,0.0,0.025,0.0,0,0.0,0.00382868/0.182181/0.0889769/0.0426976/0,-0.00382868/0.182181/0.0889769/0.0426976/-0.100203,R_7g5abNEr7vFVyvi,attribution,base_prototype
2,3,130202,-1,insulin,insulin,0/0/0.0247463/0/0,0/0/-0.122407/0/0,0/0/-0.122407/0/0,0.4324792244814177,4.0,0.0,0.05,0.0,0,0.0,0.0013716/0.102348/0.122407/0.0132495/0,0.0013716/0.102348/-0.122407/0.0132495/-0.0723636,R_7g5abNEr7vFVyvi,attribution,base_prototype
3,4,130203,-1,insulin,blood_pressure,0/0/0.0412439/0/0,0/-0.11283/0/0/0,0/0/-0.0883718/0/0,0.3072320302130094,4.0,0.0,0.05,0.0,0,0.0,0.0366511/0.11283/0.0883718/0.0150419/0,-0.0366511/-0.11283/-0.0883718/-0.0150419/0.0434531,R_7g5abNEr7vFVyvi,attribution,base_prototype
4,5,130204,-1,insulin,blood_pressure,0/0/0.0371195/0/0,0/0.0596629/0/0/0,0/0/-0.0560219/0/0,0.26625132613261276,4.0,0.0,0.05,0.0,0,0.0,0.0312723/0.0596629/0.0560219/0.0410238/0,-0.0312723/0.0596629/-0.0560219/0.0410238/-0.0536894,R_7g5abNEr7vFVyvi,attribution,base_prototype
0,6,130205,-1,insulin,insulin,0/0/0.0391817/0/0,0/0/-0.264531/0/0,0/0/-0.264531/0/0,0.4669753520644251,4.0,0.0,0.025,0.0,0,0.0,0.106632/0.0124141/0.264531/0.019262/0,-0.106632/-0.0124141/-0.264531/-0.019262/0.107592,R_7g5abNEr7vFVyvi,attribution,base_prototype
1,7,130206,-1,insulin,insulin,0/0/0.123732/0/0,0/0/-0.223143/0/0,0/0/-0.223143/0/0,0.4424589171807891,4.0,0.0,0.025,0.0,0,0.0,0.031125/0.0845875/0.223143/0.0312263/0,-0.031125/-0.0845875/-0.223143/-0.0312263/0.0596586,R_7g5abNEr7vFVyvi,attribution,base_prototype
2,8,130207,-1,bmi,insulin,0/0/0/0.0926777/0,0/0/-0.571198/0/0,0/0/0/-0.019418/0,0.07565405041385108,4.0,0.0,0.05,0.0,0,0.0,0.046331/0.0533236/0.571198/0.019418/0,-0.046331/0.0533236/-0.571198/-0.019418/0.0323815,R_7g5abNEr7vFVyvi,attribution,base_prototype
3,9,130208,-1,bmi,insulin,0/0/0/0.173459/0,0/0/-0.0920589/0/0,0/0/0/-0.00303849/0,0.0367267049280324,4.0,0.0,0.05,0.0,0,0.0,0.0803337/0.0873157/0.0920589/0.00303849/0,0.0803337/0.0873157/-0.0920589/-0.00303849/-0.18131,R_7g5abNEr7vFVyvi,attribution,base_prototype
4,10,130209,-1,insulin,blood_pressure,0/0/0.140229/0/0,0/-0.236431/0/0/0,0/0/-0.120012/0/0,0.21494818146072386,4.0,0.0,0.05,0.0,0,0.0,0.0492336/0.236431/0.120012/0.110236/0,0.0492336/-0.236431/-0.120012/-0.110236/0.0230658,R_7g5abNEr7vFVyvi,attribution,base_prototype
0,11,130300,1,insulin,insulin,0/0/-0.286645/0/0,0/0/0.343976/0/0,0/0/0.343976/0/0,0.46338389942093744,4.0,0.0,0.025,0.0,0,0.0,0.107127/0.0170924/0.343976/0.0621615/0,-0.107127/-0.0170924/0.343976/0.0621615/0.0638252,R_7g5abNEr7vFVyvi,attribution,base_prototype
1,12,130301,1,insulin,insulin,0/0/-0.183535/0/0,0/0/0.458471/0/0,0/0/0.458471/0/0,0.45315837392271713,4.0,0.0,0.025,0.0,0,0.0,0.0555695/0.127897/0.458471/0.0904897/0,-0.0555695/0.127897/0.458471/0.0904897/-0.0016411,R_7g5abNEr7vFVyvi,attribution,base_prototype
2,13,130302,1,insulin,blood_pressure,0/0/-0.175287/0/0,0/0.425017/0/0/0,0/0/0.419082/0/0,0.377648214387157,4.0,0.0,0.05,0.0,0,0.0,0.01167/0.425017/0.419082/0.102605/0,0.01167/0.425017/0.419082/0.102605/-0.0411003,R_7g5abNEr7vFVyvi,attribution,base_prototype
3,14,130303,1,insulin,insulin,0/0/-0.183535/0/0,0/0/0.421632/0/0,0/0/0.421632/0/0,0.47560793437237175,4.0,0.0,0.05,0.0,0,0.0,0.0320134/0.128021/0.421632/0.153875/0,0.0320134/0.128021/0.421632/0.153875/-0.129873,R_7g5abNEr7vFVyvi,attribution,base_prototype
4,15,130304,1,insulin,blood_pressure,0/0/-0.480492/0/0,0/0.128206/0/0/0,0/0/0.0886602/0/0,0.29510237452418997,4.0,0.0,0.05,0.0,0,0.0,0.00155617/0.128206/0.0886602/0.0461343/0,0.00155617/0.128206/0.0886602/0.0461343/0.00926265,R_7g5abNEr7vFVyvi,attribution,base_prototype
0,16,130305,1,insulin,blood_pressure,0/0/-0.340262/0/0,0/-0.255848/0/0/0,0/0/0.191363/0/0,0.2566018890444092,4.0,0.0,0.025,0.0,0,0.0,0.0635562/0.255848/0.191363/0.147375/0,0.0635562/-0.255848/0.191363/-0.147375/0.0580993,R_7g5abNEr7vFVyvi,attribution,base_prototype
1,17,130306,1,insulin,insulin,0/0/-0.10311/0/0,0/0/0.463659/0/0,0/0/0.463659/0/0,0.4886033623961518,4.0,0.0,0.025,0.0,0,0.0,0.0774598/0.104347/0.463659/0.0102111/0,0.0774598/-0.104347/0.463659/-0.0102111/-0.0582333,R_7g5abNEr7vFVyvi,attribution,base_prototype
2,18,130307,1,insulin,insulin,0/0/-0.266023/0/0,0/0/0.295088/0/0,0/0/0.295088/0/0,0.4926112481954408,4.0,0.0,0.05,0.0,0,0.0,0.118993/0.0505247/0.295088/0.0284736/0,0.118993/0.0505247/0.295088/0.0284736/-0.0765857,R_7g5abNEr7vFVyvi,attribution,base_prototype
3,19,130308,1,bmi,insulin,0/0/0/0.344484/0,0/0/0.380565/0/0,0/0/0/0.0919752/0,0.12776865316025915,4.0,0.0,0.05,0.0,0,0.0,0.0338852/0.26708/0.380565/0.0919752/0,0.0338852/-0.26708/0.380565/0.0919752/-0.0670399,R_7g5abNEr7vFVyvi,attribution,base_prototype
4,20,130309,1,insulin,blood_pressure,0/0/-0.40419/0/0,0/-0.07044/0/0/0,0/0/0.0250915/0/0,0.14666652466185667,4.0,0.0,0.05,0.0,0,0.0,0.00812752/0.07044/0.0250915/0.067077/0,0.00812752/-0.07044/0.0250915/-0.067077/0.051473,R_7g5abNEr7vFVyvi,attribution,base_prototype
0,1,130200,-1,insulin,insulin,0/0/0.0886744/0/0,0/0/0.196534/0/0,0/0/0.196534/0/0,0.5945179863398006,4.0,0.0,0.05,0.0,0,0.05,0.00637937/0.00052914/0.146534/0.0391775/0,-0.00637937/-0.00052914/0.146534/0.0391775/-0.144239,R_7hgRhwQwSRyqBIR,none,base_exemplar
1,2,130201,-1,blood_pressure,blood_pressure,0/0.217391/0/0/0,0/0.182181/0/0/0,0/0.182181/0/0/0,0.47577249144041617,4.0,0.0,0.05,0.0,0,0.0,0.00382868/0.182181/0.0889769/0.0426976/0,-0.00382868/0.182181/0.0889769/0.0426976/-0.100203,R_7hgRhwQwSRyqBIR,none,base_exemplar
2,3,130202,-1,insulin,insulin,0/0/-0.276334/0/0,0/0/-0.147407/0/0,0/0/-0.147407/0/0,0.4324792244814177,4.0,0.0,0.05,0.0,0,0.025,0.0013716/0.102348/0.122407/0.0132495/0,0.0013716/0.102348/-0.122407/0.0132495/-0.0723636,R_7hgRhwQwSRyqBIR,none,base_exemplar
3,4,130203,-1,insulin,blood_pressure,0/0/-0.197971/0/0,0/-0.13783/0/0/0,0/0/-0.113372/0/0,0.3072320302130094,4.0,0.0,0.05,0.0,0,0.025,0.0366511/0.11283/0.0883718/0.0150419/0,-0.0366511/-0.11283/-0.0883718/-0.0150419/0.0434531,R_7hgRhwQwSRyqBIR,none,base_exemplar
4,5,130204,-1,insulin,blood_pressure,0/0/-0.144354/0/0,0/0.0596629/0/0/0,0/0/-0.0560219/0/0,0.2567434571753941,4.0,0.0,0.1,0.0,0,0.0,0.0312723/0.0596629/0.0560219/0.0410238/0,-0.0312723/0.0596629/-0.0560219/0.0410238/-0.0536894,R_7hgRhwQwSRyqBIR,none,base_exemplar
0,6,130205,-1,insulin,insulin,0/0/-0.360884/0/0,0/0/-0.314531/0/0,0/0/-0.314531/0/0,0.5306006731672598,4.0,0.0,0.05,0.0,0,0.05,0.106632/0.0124141/0.264531/0.019262/0,-0.106632/-0.0124141/-0.264531/-0.019262/0.107592,R_7hgRhwQwSRyqBIR,none,base_exemplar
1,7,130206,-1,insulin,insulin,0/0/-0.266023/0/0,0/0/-0.223143/0/0,0/0/-0.223143/0/0,0.49560610304788044,4.0,0.0,0.05,0.0,0,0.0,0.031125/0.0845875/0.223143/0.0312263/0,-0.031125/-0.0845875/-0.223143/-0.0312263/0.0596586,R_7hgRhwQwSRyqBIR,none,base_exemplar
2,8,130207,-1,insulin,insulin,0/0/-0.643405/0/0,0/0/-0.596198/0/0,0/0/-0.596198/0/0,0.6330308169627756,4.0,0.0,0.05,0.0,0,0.025,0.046331/0.0533236/0.571198/0.019418/0,-0.046331/0.0533236/-0.571198/-0.019418/0.0323815,R_7hgRhwQwSRyqBIR,none,base_exemplar
3,9,130208,-1,insulin,insulin,0/0/-0.131981/0/0,0/0/-0.117059/0/0,0/0/-0.117059/0/0,0.3095889399305319,4.0,0.0,0.05,0.0,0,0.025,0.0803337/0.0873157/0.0920589/0.00303849/0,0.0803337/0.0873157/-0.0920589/-0.00303849/-0.18131,R_7hgRhwQwSRyqBIR,none,base_exemplar
4,10,130209,-1,insulin,blood_pressure,0/0/-0.218593/0/0,0/-0.236431/0/0/0,0/0/-0.120012/0/0,0.2083482380849477,4.0,0.0,0.1,0.0,0,0.0,0.0492336/0.236431/0.120012/0.110236/0,0.0492336/-0.236431/-0.120012/-0.110236/0.0230658,R_7hgRhwQwSRyqBIR,none,base_exemplar
0,11,130300,1,insulin,insulin,0/0/-0.18766/0/0,0/0/0.393976/0/0,0/0/0.393976/0/0,0.525418150201781,4.0,0.0,0.05,0.0,0,0.05,0.107127/0.0170924/0.343976/0.0621615/0,-0.107127/-0.0170924/0.343976/0.0621615/0.0638252,R_7hgRhwQwSRyqBIR,none,base_exemplar
1,12,130301,1,bmi,insulin,0/0/0/0.126339/0,0/0/0.458471/0/0,0/0/0/0.0904897/0,0.13560092194857817,4.0,0.0,0.05,0.0,0,0.0,0.0555695/0.127897/0.458471/0.0904897/0,-0.0555695/0.127897/0.458471/0.0904897/-0.0016411,R_7hgRhwQwSRyqBIR,none,base_exemplar
2,13,130302,1,insulin,blood_pressure,0/0/-0.105172/0/0,0/0.450017/0/0/0,0/0/0.444082/0/0,0.377648214387157,4.0,0.0,0.05,0.0,0,0.025,0.01167/0.425017/0.419082/0.102605/0,0.01167/0.425017/0.419082/0.102605/-0.0411003,R_7hgRhwQwSRyqBIR,none,base_exemplar
3,14,130303,1,insulin,insulin,0/0/-0.094861/0/0,0/0/0.446632/0/0,0/0/0.446632/0/0,0.47560793437237175,4.0,0.0,0.05,0.0,0,0.025,0.0320134/0.128021/0.421632/0.153875/0,0.0320134/0.128021/0.421632/0.153875/-0.129873,R_7hgRhwQwSRyqBIR,none,base_exemplar
4,15,130304,1,insulin,blood_pressure,0/0/-0.360884/0/0,0/0.128206/0/0/0,0/0/0.0886602/0/0,0.2957223182789363,4.0,0.0,0.1,0.0,0,0.0,0.00155617/0.128206/0.0886602/0.0461343/0,0.00155617/0.128206/0.0886602/0.0461343/0.00926265,R_7hgRhwQwSRyqBIR,none,base_exemplar
0,16,130305,1,insulin,blood_pressure,0/0/-0.410377/0/0,0/-0.305848/0/0/0,0/0/0.241363/0/0,0.2607926068260405,4.0,0.0,0.05,0.0,0,0.05,0.0635562/0.255848/0.191363/0.147375/0,0.0635562/-0.255848/0.191363/-0.147375/0.0580993,R_7hgRhwQwSRyqBIR,none,base_exemplar
1,17,130306,1,insulin,insulin,0/0/-0.142292/0/0,0/0/0.463659/0/0,0/0/0.463659/0/0,0.5622163611024652,4.0,0.0,0.05,0.0,0,0.0,0.0774598/0.104347/0.463659/0.0102111/0,0.0774598/-0.104347/0.463659/-0.0102111/-0.0582333,R_7hgRhwQwSRyqBIR,none,base_exemplar
2,18,130307,1,insulin,insulin,0/0/-0.185598/0/0,0/0/0.320088/0/0,0/0/0.320088/0/0,0.4926112481954408,4.0,0.0,0.05,0.0,0,0.025,0.118993/0.0505247/0.295088/0.0284736/0,0.118993/0.0505247/0.295088/0.0284736/-0.0765857,R_7hgRhwQwSRyqBIR,none,base_exemplar
3,19,130308,1,insulin,insulin,0/0/-0.08455/0/0,0/0/0.405565/0/0,0/0/0.405565/0/0,0.4185359390668377,4.0,0.0,0.05,0.0,0,0.025,0.0338852/0.26708/0.380565/0.0919752/0,0.0338852/-0.26708/0.380565/0.0919752/-0.0670399,R_7hgRhwQwSRyqBIR,none,base_exemplar
4,20,130309,1,age,blood_pressure,0/0/0/0/0.432432,0/-0.07044/0/0/0,0/0/0/0/0.051473,0.01647765322020499,4.0,0.0,0.1,0.0,0,0.0,0.00812752/0.07044/0.0250915/0.067077/0,0.00812752/-0.07044/0.0250915/-0.067077/0.051473,R_7hgRhwQwSRyqBIR,none,base_exemplar
0,1,130200,-1,insulin,insulin,0/0/0.0886744/0/0,0/0/0.196534/0/0,0/0/0.196534/0/0,0.5945179863398006,4.0,0.0,0.05,0.0,0,0.05,0.00637937/0.00052914/0.146534/0.0391775/0,-0.00637937/-0.00052914/0.146534/0.0391775/-0.144239,R_7hgRhwQwSRyqBIR,none,base_prototype
1,2,130201,-1,blood_pressure,blood_pressure,0/0.217391/0/0/0,0/0.182181/0/0/0,0/0.182181/0/0/0,0.47577249144041617,4.0,0.0,0.05,0.0,0,0.0,0.00382868/0.182181/0.0889769/0.0426976/0,-0.00382868/0.182181/0.0889769/0.0426976/-0.100203,R_7hgRhwQwSRyqBIR,none,base_prototype
2,3,130202,-1,insulin,insulin,0/0/-0.276334/0/0,0/0/-0.147407/0/0,0/0/-0.147407/0/0,0.4324792244814177,4.0,0.0,0.05,0.0,0,0.025,0.0013716/0.102348/0.122407/0.0132495/0,0.0013716/0.102348/-0.122407/0.0132495/-0.0723636,R_7hgRhwQwSRyqBIR,none,base_prototype
3,4,130203,-1,insulin,blood_pressure,0/0/-0.197971/0/0,0/-0.13783/0/0/0,0/0/-0.113372/0/0,0.3072320302130094,4.0,0.0,0.05,0.0,0,0.025,0.0366511/0.11283/0.0883718/0.0150419/0,-0.0366511/-0.11283/-0.0883718/-0.0150419/0.0434531,R_7hgRhwQwSRyqBIR,none,base_prototype
4,5,130204,-1,insulin,blood_pressure,0/0/-0.144354/0/0,0/0.0596629/0/0/0,0/0/-0.0560219/0/0,0.2567434571753941,4.0,0.0,0.1,0.0,0,0.0,0.0312723/0.0596629/0.0560219/0.0410238/0,-0.0312723/0.0596629/-0.0560219/0.0410238/-0.0536894,R_7hgRhwQwSRyqBIR,none,base_prototype
0,6,130205,-1,insulin,insulin,0/0/-0.360884/0/0,0/0/-0.314531/0/0,0/0/-0.314531/0/0,0.5306006731672598,4.0,0.0,0.05,0.0,0,0.05,0.106632/0.0124141/0.264531/0.019262/0,-0.106632/-0.0124141/-0.264531/-0.019262/0.107592,R_7hgRhwQwSRyqBIR,none,base_prototype
1,7,130206,-1,insulin,insulin,0/0/-0.266023/0/0,0/0/-0.223143/0/0,0/0/-0.223143/0/0,0.49560610304788044,4.0,0.0,0.05,0.0,0,0.0,0.031125/0.0845875/0.223143/0.0312263/0,-0.031125/-0.0845875/-0.223143/-0.0312263/0.0596586,R_7hgRhwQwSRyqBIR,none,base_prototype
2,8,130207,-1,insulin,insulin,0/0/-0.643405/0/0,0/0/-0.596198/0/0,0/0/-0.596198/0/0,0.6330308169627756,4.0,0.0,0.05,0.0,0,0.025,0.046331/0.0533236/0.571198/0.019418/0,-0.046331/0.0533236/-0.571198/-0.019418/0.0323815,R_7hgRhwQwSRyqBIR,none,base_prototype
3,9,130208,-1,insulin,insulin,0/0/-0.131981/0/0,0/0/-0.117059/0/0,0/0/-0.117059/0/0,0.3095889399305319,4.0,0.0,0.05,0.0,0,0.025,0.0803337/0.0873157/0.0920589/0.00303849/0,0.0803337/0.0873157/-0.0920589/-0.00303849/-0.18131,R_7hgRhwQwSRyqBIR,none,base_prototype
4,10,130209,-1,insulin,blood_pressure,0/0/-0.218593/0/0,0/-0.236431/0/0/0,0/0/-0.120012/0/0,0.2083482380849477,4.0,0.0,0.1,0.0,0,0.0,0.0492336/0.236431/0.120012/0.110236/0,0.0492336/-0.236431/-0.120012/-0.110236/0.0230658,R_7hgRhwQwSRyqBIR,none,base_prototype
0,11,130300,1,insulin,insulin,0/0/-0.18766/0/0,0/0/0.393976/0/0,0/0/0.393976/0/0,0.525418150201781,4.0,0.0,0.05,0.0,0,0.05,0.107127/0.0170924/0.343976/0.0621615/0,-0.107127/-0.0170924/0.343976/0.0621615/0.0638252,R_7hgRhwQwSRyqBIR,none,base_prototype
1,12,130301,1,bmi,insulin,0/0/0/0.126339/0,0/0/0.458471/0/0,0/0/0/0.0904897/0,0.13560092194857817,4.0,0.0,0.05,0.0,0,0.0,0.0555695/0.127897/0.458471/0.0904897/0,-0.0555695/0.127897/0.458471/0.0904897/-0.0016411,R_7hgRhwQwSRyqBIR,none,base_prototype
2,13,130302,1,insulin,blood_pressure,0/0/-0.105172/0/0,0/0.450017/0/0/0,0/0/0.444082/0/0,0.377648214387157,4.0,0.0,0.05,0.0,0,0.025,0.01167/0.425017/0.419082/0.102605/0,0.01167/0.425017/0.419082/0.102605/-0.0411003,R_7hgRhwQwSRyqBIR,none,base_prototype
3,14,130303,1,insulin,insulin,0/0/-0.094861/0/0,0/0/0.446632/0/0,0/0/0.446632/0/0,0.47560793437237175,4.0,0.0,0.05,0.0,0,0.025,0.0320134/0.128021/0.421632/0.153875/0,0.0320134/0.128021/0.421632/0.153875/-0.129873,R_7hgRhwQwSRyqBIR,none,base_prototype
4,15,130304,1,insulin,blood_pressure,0/0/-0.360884/0/0,0/0.128206/0/0/0,0/0/0.0886602/0/0,0.2957223182789363,4.0,0.0,0.1,0.0,0,0.0,0.00155617/0.128206/0.0886602/0.0461343/0,0.00155617/0.128206/0.0886602/0.0461343/0.00926265,R_7hgRhwQwSRyqBIR,none,base_prototype
0,16,130305,1,insulin,blood_pressure,0/0/-0.410377/0/0,0/-0.305848/0/0/0,0/0/0.241363/0/0,0.2607926068260405,4.0,0.0,0.05,0.0,0,0.05,0.0635562/0.255848/0.191363/0.147375/0,0.0635562/-0.255848/0.191363/-0.147375/0.0580993,R_7hgRhwQwSRyqBIR,none,base_prototype
1,17,130306,1,insulin,insulin,0/0/-0.142292/0/0,0/0/0.463659/0/0,0/0/0.463659/0/0,0.5622163611024652,4.0,0.0,0.05,0.0,0,0.0,0.0774598/0.104347/0.463659/0.0102111/0,0.0774598/-0.104347/0.463659/-0.0102111/-0.0582333,R_7hgRhwQwSRyqBIR,none,base_prototype
2,18,130307,1,insulin,insulin,0/0/-0.185598/0/0,0/0/0.320088/0/0,0/0/0.320088/0/0,0.4926112481954408,4.0,0.0,0.05,0.0,0,0.025,0.118993/0.0505247/0.295088/0.0284736/0,0.118993/0.0505247/0.295088/0.0284736/-0.0765857,R_7hgRhwQwSRyqBIR,none,base_prototype
3,19,130308,1,insulin,insulin,0/0/-0.08455/0/0,0/0/0.405565/0/0,0/0/0.405565/0/0,0.4185359390668377,4.0,0.0,0.05,0.0,0,0.025,0.0338852/0.26708/0.380565/0.0919752/0,0.0338852/-0.26708/0.380565/0.0919752/-0.0670399,R_7hgRhwQwSRyqBIR,none,base_prototype
4,20,130309,1,age,blood_pressure,0/0/0/0/0.432432,0/-0.07044/0/0/0,0/0/0/0/0.051473,0.01647765322020499,4.0,0.0,0.1,0.0,0,0.0,0.00812752/0.07044/0.0250915/0.067077/0,0.00812752/-0.07044/0.0250915/-0.067077/0.051473,R_7hgRhwQwSRyqBIR,none,base_prototype
0,1,130200,-1,bmi,bmi,0/0/0/-0.138783/0,0/0/0/0.340489/0,0/0/0/0.340489/0,0.4102661643724831,0.0,0.0,0.05,0.0,0,0.2,0.002896/0.0634306/0.0854704/0.140489/0,-0.002896/-0.0634306/0.0854704/0.140489/-0.0461183,R_7hmrIdn7RLRi2Rz,none,base_exemplar
1,2,130201,-1,age,bmi,0/0/0/0/-0.432432,0/0/0/0.296684/0,0/0/0/0/-0.132729,0.03806037661285182,0.0,0.0,0.05,0.0,0,0.1,0.00181/0.148005/0.0447463/0.196684/0,-0.00181/0.148005/0.0447463/0.196684/-0.0327291,R_7hmrIdn7RLRi2Rz,none,base_exemplar
2,3,130202,-1,bmi,insulin,0/0/0/-0.30415/0,0/0/-0.395942/0/0,0/0/0/0.335122/0,0.1748335625089688,0.0,0.0,0.025,0.0,0,0.3,0.000724001/0.0634306/0.107592/0.0351222/0,-0.000724001/0.0634306/-0.107592/0.0351222/-0.023803,R_7hmrIdn7RLRi2Rz,none,base_exemplar
3,4,130203,-1,bmi,blood_pressure,0/0/0/-0.387322/0,0/-0.490292/0/0/0,0/0/0/-0.45805/0,0.30584179750379825,0.0,0.0,0.025,0.0,0,0.3,0.00376481/0.190292/0.0804427/0.15805/0,-0.00376481/-0.190292/-0.0804427/-0.15805/0.0252907,R_7hmrIdn7RLRi2Rz,none,base_exemplar
4,5,130204,-1,insulin,bmi,0/0/-0.144354/0/0,0/0/0/0.496684/0,0/0/-0.323765/0/0,0.1946108396096456,0.0,0.0,0.025,0.0,0,0.3,0.002896/0.0211435/0.0548016/0.196684/0,-0.002896/0.0211435/-0.0548016/0.196684/-0.0193399,R_7hmrIdn7RLRi2Rz,none,base_exemplar
0,6,130205,-1,bmi,insulin,0/0/0/-0.526833/0,0/0/-0.405632/0/0,0/0/0/-0.379123/0,0.3410647032563689,0.0,0.0,0.05,0.0,0,0.2,0.00876041/0.0634306/0.205632/0.179123/0,-0.00876041/-0.0634306/-0.205632/-0.179123/0.0565321,R_7hmrIdn7RLRi2Rz,none,base_exemplar
1,7,130206,-1,bmi,bmi,0/0/0/-0.491079/0,0/0/0/-0.331807/0,0/0/0/-0.331807/0,0.3622327420339493,0.0,0.0,0.05,0.0,0,0.1,0.0024616/0.148005/0.173957/0.231807/0,-0.0024616/-0.148005/-0.173957/-0.231807/0.0342168,R_7hmrIdn7RLRi2Rz,none,base_exemplar
2,8,130207,-1,insulin,insulin,0/0/-0.74239/0/0,0/0/-0.727352/0/0,0/0/-0.727352/0/0,0.4858177303603685,0.0,0.0,0.025,0.0,0,0.3,0.0035476/0.0211435/0.427352/0.15805/0,-0.0035476/0.0211435/-0.427352/-0.15805/0.0208276,R_7hmrIdn7RLRi2Rz,none,base_exemplar
3,9,130208,-1,bmi,bmi,0/0/0/-0.316541/0,0/0/0/-0.377269/0,0/0/0/-0.377269/0,0.2982548572104607,0.0,0.0,0.025,0.0,0,0.3,0.00644361/0.0634306/0.0759178/0.0772689/0,0.00644361/0.0634306/-0.0759178/-0.0772689/-0.0952119,R_7hmrIdn7RLRi2Rz,none,base_exemplar
4,10,130209,-1,bmi,bmi,0/0/0/-0.86/0,0/0/0/-0.790728/0,0/0/0/-0.790728/0,0.41193297426422704,0.0,0.0,0.025,0.0,0,0.3,0.00405441/0.317153/0.0955257/0.490728/0,0.00405441/-0.317153/-0.0955257/-0.490728/0.0163646,R_7hmrIdn7RLRi2Rz,none,base_exemplar
0,11,130300,1,insulin,bmi,0/0/0.672276/0/0,0/0/0/0.437075/0,0/0/0.310357/0/0,0.24123204671249251,0.0,0.0,0.05,0.0,0,0.2,0.0101722/0.0563827/0.110357/0.237075/0,-0.0101722/-0.0563827/0.110357/0.237075/0.0632267,R_7hmrIdn7RLRi2Rz,none,base_exemplar
1,12,130301,1,insulin,bmi,0/0/0.707333/0/0,0/0/0/0.410832/0,0/0/0.300855/0/0,0.2819976061552096,0.0,0.0,0.05,0.0,0,0.1,0.00604541/0.112765/0.200855/0.310832/0,-0.00604541/0.112765/0.200855/0.310832/0.0230591,R_7hmrIdn7RLRi2Rz,none,base_exemplar
2,13,130302,1,bmi,blood_pressure,0/0/0/0.390388/0,0/0.751062/0/0/0,0/0/0/0.624881/0,0.28699183838664505,0.0,0.0,0.025,0.0,0,0.3,0.000615401/0.451062/0.178231/0.324881/0,-0.000615401/0.451062/0.178231/0.324881/-0.00371922,R_7hmrIdn7RLRi2Rz,none,base_exemplar
3,14,130303,1,bmi,bmi,0/0/0/0.491711/0,0/0/0/0.747808/0,0/0/0/0.747808/0,0.4406360072912437,0.0,0.0,0.025,0.0,0,0.3,0.0011222/0.112765/0.185772/0.447808/0,0.0011222/0.112765/0.185772/0.447808/-0.066202,R_7hmrIdn7RLRi2Rz,none,base_exemplar
4,15,130304,1,bmi,bmi,0/0/0/0.180728/0,0/0/0/0.435221/0,0/0/0/0.435221/0,0.36153098635632636,0.0,0.0,0.025,0.0,0,0.3,0.001267/0.112765/0.0525392/0.135221/0,-0.001267/0.112765/-0.0525392/0.135221/0.0275222,R_7hmrIdn7RLRi2Rz,none,base_exemplar
0,16,130305,1,insulin,bmi,0/0/0.519673/0/0,0/0/0/-0.555507/0,0/0/0.227401/0/0,0.06813911354279772,0.0,0.0,0.05,0.0,0,0.2,0.00394581/0.310105/0.0274008/0.355507/0,0.00394581/-0.310105/0.0274008/-0.355507/0.0632267,R_7hmrIdn7RLRi2Rz,none,base_exemplar
1,17,130306,1,insulin,insulin,0/0/0.837252/0/0,0/0/0.331021/0/0,0/0/0.331021/0/0,0.48902785085635464,0.0,0.0,0.05,0.0,0,0.1,0.00524901/0.140957/0.231021/0.0122928/0,0.00524901/-0.140957/0.231021/-0.0122928/-0.0260345,R_7hmrIdn7RLRi2Rz,none,base_exemplar
2,18,130307,1,insulin,insulin,0/0/0.40419/0/0,0/0/0.411866/0/0,0/0/0.411866/0/0,0.38960108127703114,0.0,0.0,0.025,0.0,0,0.3,0.00894141/0.0281914/0.111866/0.0755128/0,0.00894141/0.0281914/0.111866/0.0755128/-0.0438868,R_7hmrIdn7RLRi2Rz,none,base_exemplar
3,19,130308,1,bmi,blood_pressure,0/0/0/0.284484/0,0/-0.610105/0/0/0,0/0/0/0.508977/0,0.2604566972042053,0.0,0.0,0.025,0.0,0,0.3,0.0017738/0.310105/0.178231/0.208977/0,0.0017738/-0.310105/0.178231/0.208977/-0.0394237,R_7hmrIdn7RLRi2Rz,none,base_exemplar
4,20,130309,1,insulin,bmi,0/0/0.0144354/0/0,0/0/0/-0.428196/0,0/0/-0.37818/0/0,0.23170886248241598,0.0,0.0,0.025,0.0,0,0.3,0.000398201/0.0986698/0.0781803/0.128196/0,-0.000398201/-0.0986698/-0.0781803/-0.128196/0.0632267,R_7hmrIdn7RLRi2Rz,none,base_exemplar
0,1,130200,-1,bmi,bmi,0/0/0/-0.138783/0,0/0/0/0.340489/0,0/0/0/0.340489/0,0.4102661643724831,0.0,0.0,0.05,0.0,0,0.2,0.002896/0.0634306/0.0854704/0.140489/0,-0.002896/-0.0634306/0.0854704/0.140489/-0.0461183,R_7hmrIdn7RLRi2Rz,none,base_prototype
1,2,130201,-1,age,bmi,0/0/0/0/-0.432432,0/0/0/0.296684/0,0/0/0/0/-0.132729,0.03806037661285182,0.0,0.0,0.05,0.0,0,0.1,0.00181/0.148005/0.0447463/0.196684/0,-0.00181/0.148005/0.0447463/0.196684/-0.0327291,R_7hmrIdn7RLRi2Rz,none,base_prototype
2,3,130202,-1,bmi,insulin,0/0/0/-0.30415/0,0/0/-0.395942/0/0,0/0/0/0.335122/0,0.1748335625089688,0.0,0.0,0.025,0.0,0,0.3,0.000724001/0.0634306/0.107592/0.0351222/0,-0.000724001/0.0634306/-0.107592/0.0351222/-0.023803,R_7hmrIdn7RLRi2Rz,none,base_prototype
3,4,130203,-1,bmi,blood_pressure,0/0/0/-0.387322/0,0/-0.490292/0/0/0,0/0/0/-0.45805/0,0.30584179750379825,0.0,0.0,0.025,0.0,0,0.3,0.00376481/0.190292/0.0804427/0.15805/0,-0.00376481/-0.190292/-0.0804427/-0.15805/0.0252907,R_7hmrIdn7RLRi2Rz,none,base_prototype
4,5,130204,-1,insulin,bmi,0/0/-0.144354/0/0,0/0/0/0.496684/0,0/0/-0.323765/0/0,0.1946108396096456,0.0,0.0,0.025,0.0,0,0.3,0.002896/0.0211435/0.0548016/0.196684/0,-0.002896/0.0211435/-0.0548016/0.196684/-0.0193399,R_7hmrIdn7RLRi2Rz,none,base_prototype
0,6,130205,-1,bmi,insulin,0/0/0/-0.526833/0,0/0/-0.405632/0/0,0/0/0/-0.379123/0,0.3410647032563689,0.0,0.0,0.05,0.0,0,0.2,0.00876041/0.0634306/0.205632/0.179123/0,-0.00876041/-0.0634306/-0.205632/-0.179123/0.0565321,R_7hmrIdn7RLRi2Rz,none,base_prototype
1,7,130206,-1,bmi,bmi,0/0/0/-0.491079/0,0/0/0/-0.331807/0,0/0/0/-0.331807/0,0.3622327420339493,0.0,0.0,0.05,0.0,0,0.1,0.0024616/0.148005/0.173957/0.231807/0,-0.0024616/-0.148005/-0.173957/-0.231807/0.0342168,R_7hmrIdn7RLRi2Rz,none,base_prototype
2,8,130207,-1,insulin,insulin,0/0/-0.74239/0/0,0/0/-0.727352/0/0,0/0/-0.727352/0/0,0.4858177303603685,0.0,0.0,0.025,0.0,0,0.3,0.0035476/0.0211435/0.427352/0.15805/0,-0.0035476/0.0211435/-0.427352/-0.15805/0.0208276,R_7hmrIdn7RLRi2Rz,none,base_prototype
3,9,130208,-1,bmi,bmi,0/0/0/-0.316541/0,0/0/0/-0.377269/0,0/0/0/-0.377269/0,0.2982548572104607,0.0,0.0,0.025,0.0,0,0.3,0.00644361/0.0634306/0.0759178/0.0772689/0,0.00644361/0.0634306/-0.0759178/-0.0772689/-0.0952119,R_7hmrIdn7RLRi2Rz,none,base_prototype
4,10,130209,-1,bmi,bmi,0/0/0/-0.86/0,0/0/0/-0.790728/0,0/0/0/-0.790728/0,0.41193297426422704,0.0,0.0,0.025,0.0,0,0.3,0.00405441/0.317153/0.0955257/0.490728/0,0.00405441/-0.317153/-0.0955257/-0.490728/0.0163646,R_7hmrIdn7RLRi2Rz,none,base_prototype
0,11,130300,1,insulin,bmi,0/0/0.672276/0/0,0/0/0/0.437075/0,0/0/0.310357/0/0,0.24123204671249251,0.0,0.0,0.05,0.0,0,0.2,0.0101722/0.0563827/0.110357/0.237075/0,-0.0101722/-0.0563827/0.110357/0.237075/0.0632267,R_7hmrIdn7RLRi2Rz,none,base_prototype
1,12,130301,1,insulin,bmi,0/0/0.707333/0/0,0/0/0/0.410832/0,0/0/0.300855/0/0,0.2819976061552096,0.0,0.0,0.05,0.0,0,0.1,0.00604541/0.112765/0.200855/0.310832/0,-0.00604541/0.112765/0.200855/0.310832/0.0230591,R_7hmrIdn7RLRi2Rz,none,base_prototype
2,13,130302,1,bmi,blood_pressure,0/0/0/0.390388/0,0/0.751062/0/0/0,0/0/0/0.624881/0,0.28699183838664505,0.0,0.0,0.025,0.0,0,0.3,0.000615401/0.451062/0.178231/0.324881/0,-0.000615401/0.451062/0.178231/0.324881/-0.00371922,R_7hmrIdn7RLRi2Rz,none,base_prototype
3,14,130303,1,bmi,bmi,0/0/0/0.491711/0,0/0/0/0.747808/0,0/0/0/0.747808/0,0.4406360072912437,0.0,0.0,0.025,0.0,0,0.3,0.0011222/0.112765/0.185772/0.447808/0,0.0011222/0.112765/0.185772/0.447808/-0.066202,R_7hmrIdn7RLRi2Rz,none,base_prototype
4,15,130304,1,bmi,bmi,0/0/0/0.180728/0,0/0/0/0.435221/0,0/0/0/0.435221/0,0.36153098635632636,0.0,0.0,0.025,0.0,0,0.3,0.001267/0.112765/0.0525392/0.135221/0,-0.001267/0.112765/-0.0525392/0.135221/0.0275222,R_7hmrIdn7RLRi2Rz,none,base_prototype
0,16,130305,1,insulin,bmi,0/0/0.519673/0/0,0/0/0/-0.555507/0,0/0/0.227401/0/0,0.06813911354279772,0.0,0.0,0.05,0.0,0,0.2,0.00394581/0.310105/0.0274008/0.355507/0,0.00394581/-0.310105/0.0274008/-0.355507/0.0632267,R_7hmrIdn7RLRi2Rz,none,base_prototype
1,17,130306,1,insulin,insulin,0/0/0.837252/0/0,0/0/0.331021/0/0,0/0/0.331021/0/0,0.48902785085635464,0.0,0.0,0.05,0.0,0,0.1,0.00524901/0.140957/0.231021/0.0122928/0,0.00524901/-0.140957/0.231021/-0.0122928/-0.0260345,R_7hmrIdn7RLRi2Rz,none,base_prototype
2,18,130307,1,insulin,insulin,0/0/0.40419/0/0,0/0/0.411866/0/0,0/0/0.411866/0/0,0.38960108127703114,0.0,0.0,0.025,0.0,0,0.3,0.00894141/0.0281914/0.111866/0.0755128/0,0.00894141/0.0281914/0.111866/0.0755128/-0.0438868,R_7hmrIdn7RLRi2Rz,none,base_prototype
3,19,130308,1,bmi,blood_pressure,0/0/0/0.284484/0,0/-0.610105/0/0/0,0/0/0/0.508977/0,0.2604566972042053,0.0,0.0,0.025,0.0,0,0.3,0.0017738/0.310105/0.178231/0.208977/0,0.0017738/-0.310105/0.178231/0.208977/-0.0394237,R_7hmrIdn7RLRi2Rz,none,base_prototype
4,20,130309,1,insulin,bmi,0/0/0.0144354/0/0,0/0/0/-0.428196/0,0/0/-0.37818/0/0,0.23170886248241598,0.0,0.0,0.025,0.0,0,0.3,0.000398201/0.0986698/0.0781803/0.128196/0,-0.000398201/-0.0986698/-0.0781803/-0.128196/0.0632267,R_7hmrIdn7RLRi2Rz,none,base_prototype
0,1,130200,-1,blood_pressure,age,0/-0.282609/0/0/0,0/0/0/0/-0.219663,0/-0.000297351/0/0/0,0.09894028793569239,4.0,0.0,0.025,0.0,1,0.0,0/0.000594703/0/0/0.325546,-0/-0.000297351/0.146534/0.135109/-0.219663,R_7kuDqbBN7bMoK74,attribution,additive_exemplar
1,2,130201,-1,age,blood_pressure,0/0/0/0/-0.135135,0/0.260889/0/0/0,0/0/0/0/-0.336025,0.0955161390362671,1.0,24.0,0.025,0.0,0,0.2,0/0.121778/0.00654807/0/0,-0/0.0608891/7.01721e-05/0.139176/-0.136025,R_7kuDqbBN7bMoK74,attribution,additive_exemplar
2,3,130202,-1,age,blood_pressure,0/0/0/0/-0.135135,0/0.0576087/0/0/0,0/0/0/0/-0.169144,0.09814066441933503,0.0,0.0,0.025,0.0,0,0.025,0/0.0652174/0/0/0,-0/0.0326087/-0.147103/0.0351222/-0.144144,R_7kuDqbBN7bMoK74,attribution,additive_exemplar
3,4,130203,-1,blood_pressure,blood_pressure,0/-0.217391/0/0/0,0/-0.270131/0/0/0,0/-0.270131/0/0/0,0.5924694022790992,1.0,24.0,0.025,0.0,0,0.2,0/0.140262/0/0/0,-0/-0.0701308/-0/-0.0665659/0.0910953,R_7kuDqbBN7bMoK74,attribution,additive_exemplar
4,5,130204,-1,blood_pressure,blood_pressure,0/-0.152174/0/0/0,0/0.219937/0/0/0,0/0.219937/0/0/0,0.5924694022790992,1.0,24.0,0.025,0.0,0,0.2,0/0.0398738/0/0/0,-0/0.0199369/-0/0.150324/-0.148769,R_7kuDqbBN7bMoK74,attribution,additive_exemplar
0,6,130205,-1,insulin,blood_pressure,0/0/-0.239215/0/0,0/-0.00775846/0/0/0,0/0/-0.264531/0/0,0.09814066441933503,4.0,0.0,0.025,0.0,1,0.0,0/0.0155169/0/0/0,-0.338925/-0.00775846/-0.264531/-0.112901/0.31305,R_7kuDqbBN7bMoK74,attribution,additive_exemplar
1,7,130206,-1,bmi,blood_pressure,0/0/0/-0.331079/0,0/-0.248723/0/0/0,0/0/0/-0.286699/0,0.09814066441933503,1.0,24.0,0.025,0.0,0,0.2,0/0.0974451/0/0/0,-0/-0.0487226/-0/-0.0866992/0.123659,R_7kuDqbBN7bMoK74,attribution,additive_exemplar
2,8,130207,-1,insulin,blood_pressure,0/0/-0.313454/0/0,0/0.0358696/0/0/0,0/0/-0.609289/0/0,0.09814066441933503,0.0,0.0,0.025,0.0,0,0.025,0/0.0217391/0/0/0,-0/0.0108696/-0.584289/-0.15805/0.126126,R_7kuDqbBN7bMoK74,attribution,additive_exemplar
3,9,130208,-1,age,blood_pressure,0/0/0/0/-0.378378,0/0.241727/0/0/0,0/0/0/0/-0.770607,0.09814066441933503,1.0,24.0,0.025,0.0,0,0.2,0/0.0834535/0/0/0,0/0.0417268/-0/-0.0541725/-0.570607,R_7kuDqbBN7bMoK74,attribution,additive_exemplar
4,10,130209,-1,blood_pressure,blood_pressure,0/-0.304348/0/0/0,0/-0.33222/0/0/0,0/-0.33222/0/0/0,0.5924694022790992,1.0,24.0,0.025,0.0,0,0.2,0/0.264439/0/0/0,0/-0.13222/-0/-0.239701/0.011504,R_7kuDqbBN7bMoK74,attribution,additive_exemplar
0,11,130300,1,age,blood_pressure,0/0/0/0/0.621622,0/-0.0102424/0/0/0,0/0/0/0/0,0.09814066441933503,4.0,0.0,0.025,0.0,1,0.0,0/0.0204847/0/0/0,-0/-0.0102424/0/0/0,R_7kuDqbBN7bMoK74,attribution,additive_exemplar
1,12,130301,1,age,bmi,0/0/0/0/0.513514,0/0/0/0.201356/0,0/0/0/0/0.498628,0.09420555831949566,1.0,24.0,0.025,0.0,0,0.2,0/0.0229219/0/0.280511/0,-0.275516/0.0114609/0.00887711/0.00135551/0.298628,R_7kuDqbBN7bMoK74,attribution,additive_exemplar
2,13,130302,1,bmi,blood_pressure,0/0/0/0.450388/0,0/0.256884/0/0/0,0/0/0/0.025/0,0.09814066441933503,0.0,0.0,0.025,0.0,0,0.025,0/0.463768/0/0/0,-0.0240889/0.231884/0/0/-0,R_7kuDqbBN7bMoK74,attribution,additive_exemplar
3,14,130303,1,age,bmi,0/0/0/0/0.189189,0/0/0/0.201621/0,0/0/0/0/-0.436215,0.09511848026595994,1.0,24.0,0.025,0.0,0,0.2,0/0.0262956/0/0.422963/0,-0.00504181/0.0131478/-0.00722993/0.00162083/-0.236215,R_7kuDqbBN7bMoK74,attribution,additive_exemplar
4,15,130304,1,blood_pressure,blood_pressure,0/0.23913/0/0/0,0/0.248912/0/0/0,0/0.248912/0/0/0,0.5924694022790992,1.0,24.0,0.025,0.0,0,0.2,0/0.0978246/0/0/0,-0.0920982/0.0489123/-0.157727/0/0,R_7kuDqbBN7bMoK74,attribution,additive_exemplar
0,16,130305,1,age,blood_pressure,0/0/0/0/0.648649,0/-0.144732/0/0/0,0/0/0/0/0,0.09814066441933503,4.0,0.0,0.025,0.0,1,0.0,0/0.289463/0/0/0,0/-0.144732/0/-0/0,R_7kuDqbBN7bMoK74,attribution,additive_exemplar
1,17,130306,1,age,blood_pressure,0/0/0/0/0.108108,0/-0.274309/0/0/0,0/0/0/0/0.2,0.07223729980802246,1.0,24.0,0.025,0.0,0,0.2,0/0.148618/0.103461/0/0,0/-0.0743088/0.0396201/-0/0,R_7kuDqbBN7bMoK74,attribution,additive_exemplar
2,18,130307,1,age,blood_pressure,0/0/0/0/0.27027,0/0.0394928/0/0/0,0/0/0/0/-0.025,0.09814066441933503,0.0,0.0,0.025,0.0,0,0.025,0/0.0289855/0/0/0,0.349997/0.0144928/0/0/-0,R_7kuDqbBN7bMoK74,attribution,additive_exemplar
3,19,130308,1,age,blood_pressure,0/0/0/0/0.27027,0/-0.36139/0/0/0,0/0/0/0/-0.2,0.09814066441933503,1.0,24.0,0.025,0.0,0,0.2,0/0.32278/0/0/0,0.0132692/-0.16139/0.0278063/0/-0,R_7kuDqbBN7bMoK74,attribution,additive_exemplar
4,20,130309,1,blood_pressure,blood_pressure,0/0.217391/0/0/0,0/-0.231108/0/0/0,0/-0.231108/0/0/0,0.5924694022790992,1.0,24.0,0.025,0.0,0,0.2,0/0.0622165/0/0/0,-0/-0.0311083/0/-0/0,R_7kuDqbBN7bMoK74,attribution,additive_exemplar
0,1,130200,-1,blood_pressure,age,0/-0.282609/0/0/0,0/0/0/0/-0.219663,0/-0.000297351/0/0/0,0.09894028793569239,4.0,0.0,0.025,0.0,1,0.0,0/0.000594703/0/0/0.325546,-0/-0.000297351/0.146534/0.135109/-0.219663,R_7kuDqbBN7bMoK74,attribution,additive_prototype
1,2,130201,-1,age,blood_pressure,0/0/0/0/-0.135135,0/0.076087/0/0/0,0/0/0/0/-0.198198,0.09814066441933503,0.0,0.0,0.025,0.0,0,0.0,0/0.152174/0/0/0,-0/0.076087/0.0611785/0.196684/-0.198198,R_7kuDqbBN7bMoK74,attribution,additive_prototype
2,3,130202,-1,age,blood_pressure,0/0/0/0/-0.135135,0/0.0576087/0/0/0,0/0/0/0/-0.169144,0.09814066441933503,0.0,0.0,0.025,0.0,0,0.025,0/0.0652174/0/0/0,-0/0.0326087/-0.147103/0.0351222/-0.144144,R_7kuDqbBN7bMoK74,attribution,additive_prototype
3,4,130203,-1,blood_pressure,blood_pressure,0/-0.217391/0/0/0,0/-0.0978261/0/0/0,0/-0.0978261/0/0/0,0.5924694022790992,0.0,0.0,0.025,0.0,0,0.0,0/0.195652/0/0/0,-0/-0.0978261/-0.109984/-0.15805/0.153153,R_7kuDqbBN7bMoK74,attribution,additive_prototype
4,5,130204,-1,blood_pressure,blood_pressure,0/-0.152174/0/0/0,0/0.0108696/0/0/0,0/0.0108696/0/0/0,0.5924694022790992,0.0,0.0,0.025,0.0,0,0.0,0/0.0217391/0/0/0,-0/0.0108696/-0.0749264/0.196684/-0.117117,R_7kuDqbBN7bMoK74,attribution,additive_prototype
0,6,130205,-1,insulin,blood_pressure,0/0/-0.239215/0/0,0/-0.00775846/0/0/0,0/0/-0.264531/0/0,0.09814066441933503,4.0,0.0,0.025,0.0,1,0.0,0/0.0155169/0/0/0,-0.338925/-0.00775846/-0.264531/-0.112901/0.31305,R_7kuDqbBN7bMoK74,attribution,additive_prototype
1,7,130206,-1,bmi,blood_pressure,0/0/0/-0.331079/0,0/-0.076087/0/0/0,0/0/0/-0.231807/0,0.09814066441933503,0.0,0.0,0.025,0.0,0,0.0,0/0.152174/0/0/0,-0/-0.076087/-0.23784/-0.231807/0.207207,R_7kuDqbBN7bMoK74,attribution,additive_prototype
2,8,130207,-1,insulin,blood_pressure,0/0/-0.313454/0/0,0/0.0358696/0/0/0,0/0/-0.609289/0/0,0.09814066441933503,0.0,0.0,0.025,0.0,0,0.025,0/0.0217391/0/0/0,-0/0.0108696/-0.584289/-0.15805/0.126126,R_7kuDqbBN7bMoK74,attribution,additive_prototype
3,9,130208,-1,age,blood_pressure,0/0/0/0/-0.378378,0/0.0326087/0/0/0,0/0/0/0/-0.576577,0.09814066441933503,0.0,0.0,0.025,0.0,0,0.0,0/0.0652174/0/0/0,0/0.0326087/-0.103797/-0.0772689/-0.576577,R_7kuDqbBN7bMoK74,attribution,additive_prototype
4,10,130209,-1,blood_pressure,blood_pressure,0/-0.304348/0/0/0,0/-0.163043/0/0/0,0/-0.163043/0/0/0,0.5924694022790992,0.0,0.0,0.025,0.0,0,0.0,0/0.326087/0/0/0,0/-0.163043/-0.130606/-0.490728/0.0990991,R_7kuDqbBN7bMoK74,attribution,additive_prototype
0,11,130300,1,age,blood_pressure,0/0/0/0/0.621622,0/-0.0102424/0/0/0,0/0/0/0/0,0.09814066441933503,4.0,0.0,0.025,0.0,1,0.0,0/0.0204847/0/0/0,-0/-0.0102424/0/0/0,R_7kuDqbBN7bMoK74,attribution,additive_prototype
1,12,130301,1,age,blood_pressure,0/0/0/0/0.513514,0/0.057971/0/0/0,0/0/0/0/0,0.09814066441933503,0.0,0.0,0.025,0.0,0,0.0,0/0.115942/0/0/0,-0.236638/0.057971/0/0/0,R_7kuDqbBN7bMoK74,attribution,additive_prototype
2,13,130302,1,bmi,blood_pressure,0/0/0/0.450388/0,0/0.256884/0/0/0,0/0/0/0.025/0,0.09814066441933503,0.0,0.0,0.025,0.0,0,0.025,0/0.463768/0/0/0,-0.0240889/0.231884/0/0/-0,R_7kuDqbBN7bMoK74,attribution,additive_prototype
3,14,130303,1,age,blood_pressure,0/0/0/0/0.189189,0/0.057971/0/0/0,0/0/0/0/0,0.09814066441933503,0.0,0.0,0.025,0.0,0,0.0,0/0.115942/0/0/0,0.0439268/0.057971/0/0/-0,R_7kuDqbBN7bMoK74,attribution,additive_prototype
4,15,130304,1,blood_pressure,blood_pressure,0/0.23913/0/0/0,0/0.057971/0/0/0,0/0.057971/0/0/0,0.5924694022790992,0.0,0.0,0.025,0.0,0,0.0,0/0.115942/0/0/0,-0.0495947/0.057971/-0/0/0,R_7kuDqbBN7bMoK74,attribution,additive_prototype
0,16,130305,1,age,blood_pressure,0/0/0/0/0.648649,0/-0.144732/0/0/0,0/0/0/0/0,0.09814066441933503,4.0,0.0,0.025,0.0,1,0.0,0/0.289463/0/0/0,0/-0.144732/0/-0/0,R_7kuDqbBN7bMoK74,attribution,additive_prototype
1,17,130306,1,age,blood_pressure,0/0/0/0/0.108108,0/-0.0724638/0/0/0,0/0/0/0/0,0.09814066441933503,0.0,0.0,0.025,0.0,0,0.0,0/0.144928/0/0/0,0.205464/-0.0724638/0/-0/-0,R_7kuDqbBN7bMoK74,attribution,additive_prototype
2,18,130307,1,age,blood_pressure,0/0/0/0/0.27027,0/0.0394928/0/0/0,0/0/0/0/-0.025,0.09814066441933503,0.0,0.0,0.025,0.0,0,0.025,0/0.0289855/0/0/0,0.349997/0.0144928/0/0/-0,R_7kuDqbBN7bMoK74,attribution,additive_prototype
3,19,130308,1,age,blood_pressure,0/0/0/0/0.27027,0/-0.15942/0/0/0,0/0/0/0/0,0.09814066441933503,0.0,0.0,0.025,0.0,0,0.0,0/0.318841/0/0/0,0.0694326/-0.15942/0/0/-0,R_7kuDqbBN7bMoK74,attribution,additive_prototype
4,20,130309,1,blood_pressure,blood_pressure,0/0.217391/0/0/0,0/-0.0507246/0/0/0,0/-0.0507246/0/0/0,0.5924694022790992,0.0,0.0,0.025,0.0,0,0.0,0/0.101449/0/0/0,-0.0155869/-0.0507246/-0/-0/0,R_7kuDqbBN7bMoK74,attribution,additive_prototype
0,1,130200,-1,blood_pressure,insulin,0/-0.282609/0/0/0,0/0/0.244306/0/0,0/-0.100989/0/0/0,0.061153744737679594,4.0,24.0,0.025,0.0,1,0.1,0.00495634/0.000988988/0.144306/0.0351906/0.142316,-0.00495634/-0.000988988/0.144306/0.0351906/-0.142316,R_7kuDqbBN7bMoK74,attribution,base_exemplar
1,2,130201,-1,age,blood_pressure,0/0/0/0/-0.135135,0/0.274292/0/0/0,0/0/0/0/-0.188071,0.21711785079535317,4.0,24.0,0.025,0.0,1,0.1,0.0046371/0.174292/0.070816/0.036814/0.0880708,-0.0046371/0.174292/0.070816/0.036814/-0.0880708,R_7kuDqbBN7bMoK74,attribution,base_exemplar
2,3,130202,-1,age,insulin,0/0/0/0/-0.135135,0/0/-0.222602/0/0,0/0/0/0/-0.171501,0.2132858773791088,4.0,24.0,0.025,0.0,1,0.1,0.00654414/0.102636/0.122602/0.00885627/0.0715006,0.00654414/0.102636/-0.122602/0.00885627/-0.0715006,R_7kuDqbBN7bMoK74,attribution,base_exemplar
3,4,130203,-1,blood_pressure,blood_pressure,0/-0.217391/0/0/0,0/-0.206454/0/0/0,0/-0.206454/0/0/0,0.337027695506187,4.0,24.0,0.025,0.0,1,0.1,0.0309179/0.106454/0.0740675/0.0148566/0.035312,-0.0309179/-0.106454/-0.0740675/-0.0148566/0.035312,R_7kuDqbBN7bMoK74,attribution,base_exemplar
4,5,130204,-1,blood_pressure,blood_pressure,0/-0.152174/0/0/0,0/0.163346/0/0/0,0/0.163346/0/0/0,0.2536803775133077,4.0,24.0,0.025,0.0,1,0.1,0.0191382/0.0633456/0.0526385/0.0340886/0.0546368,-0.0191382/0.0633456/-0.0526385/0.0340886/-0.0546368,R_7kuDqbBN7bMoK74,attribution,base_exemplar
0,6,130205,-1,insulin,insulin,0/0/-0.239215/0/0,0/0/-0.329492/0/0,0/0/-0.329492/0/0,0.399960489714835,4.0,24.0,0.025,0.0,1,0.1,0.0954092/0.00505266/0.229492/0.0207315/0.092617,-0.0954092/-0.00505266/-0.229492/-0.0207315/0.092617,R_7kuDqbBN7bMoK74,attribution,base_exemplar
1,7,130206,-1,bmi,insulin,0/0/0/-0.331079/0,0/0/-0.286884/0/0,0/0/0/-0.129378/0,0.11907008700296899,4.0,24.0,0.025,0.0,1,0.1,0.0221293/0.0746402/0.186884/0.0293781/0.0439401,-0.0221293/-0.0746402/-0.186884/-0.0293781/0.0439401,R_7kuDqbBN7bMoK74,attribution,base_exemplar
2,8,130207,-1,insulin,insulin,0/0/-0.313454/0/0,0/0/-0.622675/0/0,0/0/-0.622675/0/0,0.5255171576747002,4.0,24.0,0.025,0.0,1,0.1,0.0301707/0.0597788/0.522675/0.0249989/0.0150467,-0.0301707/0.0597788/-0.522675/-0.0249989/0.0150467,R_7kuDqbBN7bMoK74,attribution,base_exemplar
3,9,130208,-1,age,age,0/0/0/0/-0.378378,0/0/0/0/-0.27782,0/0/0/0/-0.27782,0.33622972437130555,4.0,24.0,0.025,0.0,1,0.1,0.0723062/0.0851906/0.101327/0.00174614/0.17782,0.0723062/0.0851906/-0.101327/0.00174614/-0.17782,R_7kuDqbBN7bMoK74,attribution,base_exemplar
4,10,130209,-1,blood_pressure,blood_pressure,0/-0.304348/0/0/0,0/-0.317796/0/0/0,0/-0.317796/0/0/0,0.40481943190632674,4.0,24.0,0.025,0.0,1,0.1,0.031891/0.217796/0.0860907/0.0720561/0.00546237,0.031891/-0.217796/-0.0860907/-0.0720561/0.00546237,R_7kuDqbBN7bMoK74,attribution,base_exemplar
0,11,130300,1,age,glucose,0/0/0/0/0.621622,-0.254465/0/0/0/0,0/0/0/0/0.223659,0.24341751001196446,4.0,24.0,0.025,0.0,1,0.1,0.154465/0.0309817/0.0825801/0.0653148/0.123659,-0.154465/-0.0309817/0.0825801/0.0653148/0.123659,R_7kuDqbBN7bMoK74,attribution,base_exemplar
1,12,130301,1,age,glucose,0/0/0/0/0.513514,-0.190885/0/0/0/0,0/0/0/0/0.177879,0.22862793277083318,4.0,24.0,0.025,0.0,1,0.1,0.0908849/0.0333141/0.0224103/0.0871769/0.0778794,-0.0908849/0.0333141/0.0224103/0.0871769/0.0778794,R_7kuDqbBN7bMoK74,attribution,base_exemplar
2,13,130302,1,bmi,blood_pressure,0/0/0/0.450388/0,0/0.384881/0/0/0,0/0/0/0.19512/0,0.19581149964326575,4.0,24.0,0.025,0.0,1,0.1,0.0242873/0.284881/0.0294878/0.0951195/0.0376765,-0.0242873/0.284881/-0.0294878/0.0951195/0.0376765,R_7kuDqbBN7bMoK74,attribution,base_exemplar
3,14,130303,1,age,bmi,0/0/0/0/0.189189,0/0/0/0.25526/0,0/0/0/0/-0.153468,0.20281925976334003,4.0,24.0,0.025,0.0,1,0.1,0.00969956/0.0286437/0.00366057/0.15526/0.0534681,-0.00969956/0.0286437/0.00366057/0.15526/-0.0534681,R_7kuDqbBN7bMoK74,attribution,base_exemplar
4,15,130304,1,blood_pressure,blood_pressure,0/0.23913/0/0/0,0/0.209471/0/0/0,0/0.209471/0/0/0,0.3064853883926754,4.0,24.0,0.025,0.0,1,0.1,0.0295963/0.109471/0.077655/0.04772/0.0406502,-0.0295963/0.109471/-0.077655/0.04772/0.0406502,R_7kuDqbBN7bMoK74,attribution,base_exemplar
0,16,130305,1,age,blood_pressure,0/0/0/0/0.648649,0/-0.365177/0/0/0,0/0/0/0/0.208685,0.18915502567758455,4.0,24.0,0.025,0.0,1,0.1,0.00625951/0.265177/0.0477399/0.135398/0.108685,0.00625951/-0.265177/-0.0477399/-0.135398/0.108685,R_7kuDqbBN7bMoK74,attribution,base_exemplar
1,17,130306,1,age,blood_pressure,0/0/0/0/0.108108,0/-0.2375/0/0/0,0/0/0/0/0.103113,0.06977218208199065,4.0,24.0,0.025,0.0,1,0.1,0.028862/0.1375/0.116181/0.00193972/0.00311311,0.028862/-0.1375/0.116181/0.00193972/0.00311311,R_7kuDqbBN7bMoK74,attribution,base_exemplar
2,18,130307,1,age,glucose,0/0/0/0/0.27027,0.158775/0/0/0/0,0/0/0/0/-0.121012,0.1459614191470027,4.0,24.0,0.025,0.0,1,0.1,0.0587749/0.0298073/0.00561739/0.0420218/0.021012,0.0587749/0.0298073/-0.00561739/0.0420218/-0.021012,R_7kuDqbBN7bMoK74,attribution,base_exemplar
3,19,130308,1,age,blood_pressure,0/0/0/0/0.27027,0/-0.396006/0/0/0,0/0/0/0/-0.1136,0.09460619770766046,4.0,24.0,0.025,0.0,1,0.1,0.00649395/0.296006/0.0341992/0.103823/0.0135996,-0.00649395/-0.296006/0.0341992/0.103823/-0.0135996,R_7kuDqbBN7bMoK74,attribution,base_exemplar
4,20,130309,1,blood_pressure,insulin,0/0.217391/0/0/0,0/0/0.259399/0/0,0/-0.14221/0/0/0,0.1526574553911421,4.0,24.0,0.025,0.0,1,0.1,0.015723/0.0422097/0.159399/0.0607194/0.0332866,0.015723/-0.0422097/0.159399/-0.0607194/0.0332866,R_7kuDqbBN7bMoK74,attribution,base_exemplar
0,1,130200,-1,blood_pressure,insulin,0/-0.282609/0/0/0,0/0/0.146534/0/0,0/-0.00052914/0/0/0,0.05967689667269317,4.0,0.0,0.025,0.0,1,0.0,0.00637937/0.00052914/0.146534/0.0391775/0.144239,-0.00637937/-0.00052914/0.146534/0.0391775/-0.144239,R_7kuDqbBN7bMoK74,attribution,base_prototype
1,2,130201,-1,age,blood_pressure,0/0/0/0/-0.135135,0/0.232181/0/0/0,0/0/0/0/-0.150203,0.22047949707923536,4.0,0.0,0.025,0.0,1,0.05,0.00382868/0.182181/0.0889769/0.0426976/0.100203,-0.00382868/0.182181/0.0889769/0.0426976/-0.100203,R_7kuDqbBN7bMoK74,attribution,base_prototype
2,3,130202,-1,age,insulin,0/0/0/0/-0.135135,0/0/-0.172407/0/0,0/0/0/0/-0.122364,0.21542656996809806,4.0,0.0,0.025,0.0,1,0.05,0.0013716/0.102348/0.122407/0.0132495/0.0723636,0.0013716/0.102348/-0.122407/0.0132495/-0.0723636,R_7kuDqbBN7bMoK74,attribution,base_prototype
3,4,130203,-1,blood_pressure,blood_pressure,0/-0.217391/0/0/0,0/-0.290292/0/0/0,0/-0.290292/0/0/0,0.34233503848121655,0.0,0.0,0.025,0.0,1,0.1,0.00376481/0.190292/0.0804427/0.15805/0.0252907,-0.00376481/-0.190292/-0.0804427/-0.15805/0.0252907,R_7kuDqbBN7bMoK74,attribution,base_prototype
4,5,130204,-1,blood_pressure,bmi,0/-0.152174/0/0/0,0/0/0/0.296684/0,0/0.121144/0/0/0,0.11993281734704316,0.0,0.0,0.025,0.0,1,0.1,0.002896/0.0211435/0.0548016/0.196684/0.0193399,-0.002896/0.0211435/-0.0548016/0.196684/-0.0193399,R_7kuDqbBN7bMoK74,attribution,base_prototype
0,6,130205,-1,insulin,insulin,0/0/-0.239215/0/0,0/0/-0.264531/0/0,0/0/-0.264531/0/0,0.40025658914577394,4.0,0.0,0.025,0.0,1,0.0,0.106632/0.0124141/0.264531/0.019262/0.107592,-0.106632/-0.0124141/-0.264531/-0.019262/0.107592,R_7kuDqbBN7bMoK74,attribution,base_prototype
1,7,130206,-1,bmi,insulin,0/0/0/-0.331079/0,0/0/-0.273143/0/0,0/0/0/-0.0812263/0,0.11268640011245742,4.0,0.0,0.025,0.0,1,0.05,0.031125/0.0845875/0.223143/0.0312263/0.0596586,-0.031125/-0.0845875/-0.223143/-0.0312263/0.0596586,R_7kuDqbBN7bMoK74,attribution,base_prototype
2,8,130207,-1,insulin,insulin,0/0/-0.313454/0/0,0/0/-0.621198/0/0,0/0/-0.621198/0/0,0.5216079017537819,4.0,0.0,0.025,0.0,1,0.05,0.046331/0.0533236/0.571198/0.019418/0.0323815,-0.046331/0.0533236/-0.571198/-0.019418/0.0323815,R_7kuDqbBN7bMoK74,attribution,base_prototype
3,9,130208,-1,age,age,0/0/0/0/-0.378378,0/0/0/0/-0.195212,0/0/0/0/-0.195212,0.26545779877831366,0.0,0.0,0.025,0.0,1,0.1,0.00644361/0.0634306/0.0759178/0.0772689/0.0952119,0.00644361/0.0634306/-0.0759178/-0.0772689/-0.0952119,R_7kuDqbBN7bMoK74,attribution,base_prototype
4,10,130209,-1,blood_pressure,bmi,0/-0.304348/0/0/0,0/0/0/-0.590728/0,0/-0.417153/0/0/0,0.2859314585192792,0.0,0.0,0.025,0.0,1,0.1,0.00405441/0.317153/0.0955257/0.490728/0.0163646,0.00405441/-0.317153/-0.0955257/-0.490728/0.0163646,R_7kuDqbBN7bMoK74,attribution,base_prototype
0,11,130300,1,age,insulin,0/0/0/0/0.621622,0/0/0.343976/0/0,0/0/0/0/0.0638252,0.13742898090245828,4.0,0.0,0.025,0.0,1,0.0,0.107127/0.0170924/0.343976/0.0621615/0.0638252,-0.107127/-0.0170924/0.343976/0.0621615/0.0638252,R_7kuDqbBN7bMoK74,attribution,base_prototype
1,12,130301,1,age,insulin,0/0/0/0/0.513514,0/0/0.508471/0/0,0/0/0/0/-0.0516411,0.07629274058829552,4.0,0.0,0.025,0.0,1,0.05,0.0555695/0.127897/0.458471/0.0904897/0.0016411,-0.0555695/0.127897/0.458471/0.0904897/-0.0016411,R_7kuDqbBN7bMoK74,attribution,base_prototype
2,13,130302,1,bmi,blood_pressure,0/0/0/0.450388/0,0/0.475017/0/0/0,0/0/0/0.152605/0,0.12712682607696985,4.0,0.0,0.025,0.0,1,0.05,0.01167/0.425017/0.419082/0.102605/0.0411003,0.01167/0.425017/0.419082/0.102605/-0.0411003,R_7kuDqbBN7bMoK74,attribution,base_prototype
3,14,130303,1,age,bmi,0/0/0/0/0.189189,0/0/0/0.547808/0,0/0/0/0/-0.166202,0.11991141152194619,0.0,0.0,0.025,0.0,1,0.1,0.0011222/0.112765/0.185772/0.447808/0.066202,0.0011222/0.112765/0.185772/0.447808/-0.066202,R_7kuDqbBN7bMoK74,attribution,base_prototype
4,15,130304,1,blood_pressure,bmi,0/0.23913/0/0/0,0/0/0/0.235221/0,0/0.212765/0/0/0,0.29178997153869873,0.0,0.0,0.025,0.0,1,0.1,0.001267/0.112765/0.0525392/0.135221/0.0275222,-0.001267/0.112765/-0.0525392/0.135221/0.0275222,R_7kuDqbBN7bMoK74,attribution,base_prototype
0,16,130305,1,age,blood_pressure,0/0/0/0/0.648649,0/-0.255848/0/0/0,0/0/0/0/0.0580993,0.10791100971888631,4.0,0.0,0.025,0.0,1,0.0,0.0635562/0.255848/0.191363/0.147375/0.0580993,0.0635562/-0.255848/0.191363/-0.147375/0.0580993,R_7kuDqbBN7bMoK74,attribution,base_prototype
1,17,130306,1,age,insulin,0/0/0/0/0.108108,0/0/0.513659/0/0,0/0/0/0/-0.108233,0.1248992602310854,4.0,0.0,0.025,0.0,1,0.05,0.0774598/0.104347/0.463659/0.0102111/0.0582333,0.0774598/-0.104347/0.463659/-0.0102111/-0.0582333,R_7kuDqbBN7bMoK74,attribution,base_prototype
2,18,130307,1,age,insulin,0/0/0/0/0.27027,0/0/0.345088/0/0,0/0/0/0/-0.126586,0.1521320975501427,4.0,0.0,0.025,0.0,1,0.05,0.118993/0.0505247/0.295088/0.0284736/0.0765857,0.118993/0.0505247/0.295088/0.0284736/-0.0765857,R_7kuDqbBN7bMoK74,attribution,base_prototype
3,19,130308,1,age,blood_pressure,0/0/0/0/0.27027,0/-0.410105/0/0/0,0/0/0/0/-0.139424,0.09332615057926617,0.0,0.0,0.025,0.0,1,0.1,0.0017738/0.310105/0.178231/0.208977/0.0394237,0.0017738/-0.310105/0.178231/0.208977/-0.0394237,R_7kuDqbBN7bMoK74,attribution,base_prototype
4,20,130309,1,blood_pressure,bmi,0/0.217391/0/0/0,0/0/0/-0.228196/0,0/-0.19867/0/0/0,0.24110346439246652,0.0,0.0,0.025,0.0,1,0.1,0.000398201/0.0986698/0.0781803/0.128196/0.0632267,-0.000398201/-0.0986698/-0.0781803/-0.128196/0.0632267,R_7kuDqbBN7bMoK74,attribution,base_prototype
0,1,130200,-1,blood_pressure,bmi,0/-0.23913/0/0/0,0/0/0/0.0965851/0,0/-0.077069/0/0/0,0.27844430739577025,0.0,12.0,0.05,0.0,0,0.0,0.00250812/0.077069/0.0703667/0.0965851/0,-0.00250812/-0.077069/0.0703667/0.0965851/-0.0416342,R_7syu0dQm97V3Ah8,none,base_exemplar
1,2,130201,-1,insulin,bmi,0/0/0.10311/0/0,0/0/0/0.100794/0,0/0/-0.005277/0/0,0.05674701087487099,0.25,24.0,0.05,0.0,0,0.0,0.00515604/0.0941223/0.005277/0.100794/0,-0.00515604/0.0941223/-0.005277/0.100794/-0.0117328,R_7syu0dQm97V3Ah8,none,base_exemplar
2,3,130202,-1,blood_pressure,insulin,0/-0.130435/0/0/0,0/0/-0.157942/0/0,0/0.105261/0/0/0,0.267460189178318,0.0,12.0,0.025,0.0,0,0.05,0.000117993/0.0552614/0.107942/0.00912295/0,-0.000117993/0.0552614/-0.107942/-0.00912295/-0.0229925,R_7syu0dQm97V3Ah8,none,base_exemplar
3,4,130203,-1,blood_pressure,blood_pressure,0/-0.217391/0/0/0,0/-0.221943/0/0/0,0/-0.221943/0/0/0,0.3715209856143802,0.0,6.0,0.025,0.0,0,0.05,0.00379147/0.171943/0.0681635/0.125447/0,-0.00379147/-0.171943/-0.0681635/-0.125447/0.0217322,R_7syu0dQm97V3Ah8,none,base_exemplar
4,5,130204,-1,blood_pressure,bmi,0/-0.152174/0/0/0,0/0/0/0.189061/0,0/0.0405623/0/0/0,0.09669461814324984,0.0,6.0,0.05,0.0,0,0.025,0.00230944/0.0155623/0.0531464/0.164061/0,-0.00230944/0.0155623/-0.0531464/0.164061/-0.0192758,R_7syu0dQm97V3Ah8,none,base_exemplar
0,6,130205,-1,bmi,insulin,0/0/0/-0.175611/0,0/0/-0.175053/0/0,0/0/0/-0.11687/0,0.3080356243204088,0.0,12.0,0.05,0.0,0,0.0,0.00873566/0.0302893/0.175053/0.11687/0,-0.00873566/-0.0302893/-0.175053/-0.11687/0.0478276,R_7syu0dQm97V3Ah8,none,base_exemplar
1,7,130206,-1,bmi,insulin,0/0/0/-0.231079/0,0/0/-0.146241/0/0,0/0/0/-0.0506187/0,0.16405024746129937,0.25,24.0,0.05,0.0,0,0.0,0.0100731/0.0969325/0.146241/0.0506187/0,-0.0100731/-0.0969325/-0.146241/-0.0506187/0.0145489,R_7syu0dQm97V3Ah8,none,base_exemplar
2,8,130207,-1,bmi,insulin,0/0/0/-0.217322/0,0/0/-0.454422/0/0,0/0/0/-0.18202/0,0.21087802942405307,0.0,12.0,0.025,0.0,0,0.05,0.00333454/0.0412774/0.404422/0.13202/0,-0.00333454/0.0412774/-0.404422/-0.13202/0.0149782,R_7syu0dQm97V3Ah8,none,base_exemplar
3,9,130208,-1,bmi,bmi,0/0/0/-0.0565412/0,0/0/0/-0.131607/0,0/0/0/-0.131607/0,0.3024704028199509,0.0,6.0,0.025,0.0,0,0.05,0.0063996/0.0630266/0.0803264/0.0816069/0,0.0063996/0.0630266/-0.0803264/-0.0816069/-0.0938157,R_7syu0dQm97V3Ah8,none,base_exemplar
4,10,130209,-1,bmi,bmi,0/0/0/-0.47/0,0/0/0/-0.441558/0,0/0/0/-0.441558/0,0.443265365789699,0.0,6.0,0.05,0.0,0,0.025,0.00358426/0.291802/0.079161/0.416558/0,0.00358426/-0.291802/-0.079161/-0.416558/0.0108023,R_7syu0dQm97V3Ah8,none,base_exemplar
0,11,130300,1,blood_pressure,bmi,0/-0.23913/0/0/0,0/0/0/0.232366/0,0/-0.0513618/0/0/0,0.15572777377255864,0.0,12.0,0.05,0.0,0,0.0,0.0110057/0.0513618/0.0487819/0.232366/0,-0.0110057/-0.0513618/0.0487819/0.232366/0.0729612,R_7syu0dQm97V3Ah8,none,base_exemplar
1,12,130301,1,bmi,bmi,0/0/0/0.236339/0,0/0/0/0.272821/0,0/0/0/0.272821/0,0.6450703464657879,0.25,24.0,0.05,0.0,0,0.0,0.0159899/0.0242087/0.0083105/0.272821/0,-0.0159899/0.0242087/0.0083105/0.272821/0.0393159,R_7syu0dQm97V3Ah8,none,base_exemplar
2,13,130302,1,bmi,blood_pressure,0/0/0/0.250388/0,0/0.411173/0/0/0,0/0/0/0.350616/0,0.3532055401659136,0.0,12.0,0.025,0.0,0,0.05,0.00189355/0.361173/0.00563462/0.300616/0,-0.00189355/0.361173/0.00563462/0.300616/0.0215432,R_7syu0dQm97V3Ah8,none,base_exemplar
3,14,130303,1,bmi,bmi,0/0/0/0.421467/0,0/0/0/0.49456/0,0/0/0/0.49456/0,0.5042458175611443,0.0,6.0,0.025,0.0,0,0.05,5.55019e-05/0.0779448/0.073667/0.44456/0,-5.55019e-05/0.0779448/0.073667/0.44456/-0.0477398,R_7syu0dQm97V3Ah8,none,base_exemplar
4,15,130304,1,insulin,bmi,0/0/-0.109296/0/0,0/0/0/0.150997/0,0/0/-0.095058/0/0,0.21283805454404944,0.0,6.0,0.05,0.0,0,0.025,0.00136143/0.106385/0.070058/0.125997/0,-0.00136143/0.106385/-0.070058/0.125997/0.0293948,R_7syu0dQm97V3Ah8,none,base_exemplar
0,16,130305,1,insulin,bmi,0/0/0.140229/0/0,0/0/0/-0.326311/0,0/0/0.002736/0/0,0.04270425958330782,0.0,12.0,0.05,0.0,0,0.0,0.00255071/0.291157/0.002736/0.326311/0,0.00255071/-0.291157/0.002736/-0.326311/0.0727334,R_7syu0dQm97V3Ah8,none,base_exemplar
1,17,130306,1,blood_pressure,blood_pressure,0/-0.23913/0/0/0,0/-0.148472/0/0/0,0/-0.148472/0/0/0,0.5068406391835699,0.25,24.0,0.05,0.0,0,0.0,0.00683069/0.148472/0.0787425/0.005443/0,0.00683069/-0.148472/0.0787425/-0.005443/-0.000279199,R_7syu0dQm97V3Ah8,none,base_exemplar
2,18,130307,1,blood_pressure,bmi,0/-0.195652/0/0/0,0/0/0/0.129614/0,0/0.0597262/0/0/0,0.12900140659167697,0.0,12.0,0.025,0.0,0,0.05,0.00698808/0.00972622/0.0179948/0.0796135/0,0.00698808/0.00972622/-0.0179948/0.0796135/-0.0210756,R_7syu0dQm97V3Ah8,none,base_exemplar
3,19,130308,1,bmi,blood_pressure,0/0/0/0.204484/0,0/-0.369867/0/0/0,0/0/0/0.258983/0,0.2794989424350871,0.0,6.0,0.025,0.0,0,0.05,0.000908111/0.319867/0.100582/0.208983/0,0.000908111/-0.319867/0.100582/0.208983/-0.026315,R_7syu0dQm97V3Ah8,none,base_exemplar
4,20,130309,1,bmi,bmi,0/0/0/-0.192689/0,0/0/0/-0.14154/0,0/0/0/-0.14154/0,0.4283617630337721,0.0,6.0,0.05,0.0,0,0.025,0.000310029/0.0768256/0.0368161/0.11654/0,-0.000310029/-0.0768256/-0.0368161/-0.11654/0.0578862,R_7syu0dQm97V3Ah8,none,base_exemplar
0,1,130200,-1,blood_pressure,bmi,0/-0.23913/0/0/0,0/0/0/0.140489/0,0/-0.0634306/0/0/0,0.20303915234895545,0.0,0.0,0.05,0.0,0,0.0,0.002896/0.0634306/0.0854704/0.140489/0,-0.002896/-0.0634306/0.0854704/0.140489/-0.0461183,R_7syu0dQm97V3Ah8,none,base_prototype
1,2,130201,-1,insulin,bmi,0/0/0.10311/0/0,0/0/0/0.196684/0,0/0/0.0447463/0/0,0.13863235995877976,0.0,0.0,0.025,0.0,0,0.0,0.00181/0.148005/0.0447463/0.196684/0,-0.00181/0.148005/0.0447463/0.196684/-0.0327291,R_7syu0dQm97V3Ah8,none,base_prototype
2,3,130202,-1,blood_pressure,insulin,0/-0.130435/0/0/0,0/0/-0.107592/0/0,0/0.0634306/0/0/0,0.2628196796368992,0.0,0.0,0.025,0.0,0,0.0,0.000724001/0.0634306/0.107592/0.0351222/0,-0.000724001/0.0634306/-0.107592/0.0351222/-0.023803,R_7syu0dQm97V3Ah8,none,base_prototype
3,4,130203,-1,blood_pressure,blood_pressure,0/-0.217391/0/0/0,0/-0.190292/0/0/0,0/-0.190292/0/0/0,0.35680142931201847,0.0,0.0,0.025,0.0,0,0.0,0.00376481/0.190292/0.0804427/0.15805/0,-0.00376481/-0.190292/-0.0804427/-0.15805/0.0252907,R_7syu0dQm97V3Ah8,none,base_prototype
4,5,130204,-1,blood_pressure,bmi,0/-0.152174/0/0/0,0/0/0/0.196684/0,0/0.0211435/0/0/0,0.10479273494217829,0.0,0.0,0.05,0.0,0,0.0,0.002896/0.0211435/0.0548016/0.196684/0,-0.002896/0.0211435/-0.0548016/0.196684/-0.0193399,R_7syu0dQm97V3Ah8,none,base_prototype
0,6,130205,-1,bmi,insulin,0/0/0/-0.175611/0,0/0/-0.205632/0/0,0/0/0/-0.179123/0,0.3410647032563689,0.0,0.0,0.05,0.0,0,0.0,0.00876041/0.0634306/0.205632/0.179123/0,-0.00876041/-0.0634306/-0.205632/-0.179123/0.0565321,R_7syu0dQm97V3Ah8,none,base_prototype
1,7,130206,-1,bmi,bmi,0/0/0/-0.231079/0,0/0/0/-0.231807/0,0/0/0/-0.231807/0,0.34301119792937046,0.0,0.0,0.025,0.0,0,0.0,0.0024616/0.148005/0.173957/0.231807/0,-0.0024616/-0.148005/-0.173957/-0.231807/0.0342168,R_7syu0dQm97V3Ah8,none,base_prototype
2,8,130207,-1,bmi,insulin,0/0/0/-0.217322/0,0/0/-0.427352/0/0,0/0/0/-0.15805/0,0.22921709502776993,0.0,0.0,0.025,0.0,0,0.0,0.0035476/0.0211435/0.427352/0.15805/0,-0.0035476/0.0211435/-0.427352/-0.15805/0.0208276,R_7syu0dQm97V3Ah8,none,base_prototype
3,9,130208,-1,bmi,bmi,0/0/0/-0.0565412/0,0/0/0/-0.0772689/0,0/0/0/-0.0772689/0,0.2982548572104607,0.0,0.0,0.025,0.0,0,0.0,0.00644361/0.0634306/0.0759178/0.0772689/0,0.00644361/0.0634306/-0.0759178/-0.0772689/-0.0952119,R_7syu0dQm97V3Ah8,none,base_prototype
4,10,130209,-1,bmi,bmi,0/0/0/-0.47/0,0/0/0/-0.490728/0,0/0/0/-0.490728/0,0.4532446709195854,0.0,0.0,0.05,0.0,0,0.0,0.00405441/0.317153/0.0955257/0.490728/0,0.00405441/-0.317153/-0.0955257/-0.490728/0.0163646,R_7syu0dQm97V3Ah8,none,base_prototype
0,11,130300,1,blood_pressure,bmi,0/-0.23913/0/0/0,0/0/0/0.237075/0,0/-0.0563827/0/0/0,0.14342805639527945,0.0,0.0,0.05,0.0,0,0.0,0.0101722/0.0563827/0.110357/0.237075/0,-0.0101722/-0.0563827/0.110357/0.237075/0.0632267,R_7syu0dQm97V3Ah8,none,base_prototype
1,12,130301,1,bmi,bmi,0/0/0/0.236339/0,0/0/0/0.310832/0,0/0/0/0.310832/0,0.3867439910628751,0.0,0.0,0.025,0.0,0,0.0,0.00604541/0.112765/0.200855/0.310832/0,-0.00604541/0.112765/0.200855/0.310832/0.0230591,R_7syu0dQm97V3Ah8,none,base_prototype
2,13,130302,1,bmi,blood_pressure,0/0/0/0.250388/0,0/0.451062/0/0/0,0/0/0/0.324881/0,0.28699183838664505,0.0,0.0,0.025,0.0,0,0.0,0.000615401/0.451062/0.178231/0.324881/0,-0.000615401/0.451062/0.178231/0.324881/-0.00371922,R_7syu0dQm97V3Ah8,none,base_prototype
3,14,130303,1,bmi,bmi,0/0/0/0.421467/0,0/0/0/0.447808/0,0/0/0/0.447808/0,0.4406360072912437,0.0,0.0,0.025,0.0,0,0.0,0.0011222/0.112765/0.185772/0.447808/0,0.0011222/0.112765/0.185772/0.447808/-0.066202,R_7syu0dQm97V3Ah8,none,base_prototype
4,15,130304,1,insulin,bmi,0/0/-0.109296/0/0,0/0/0/0.135221/0,0/0/-0.0525392/0/0,0.16902448434927392,0.0,0.0,0.05,0.0,0,0.0,0.001267/0.112765/0.0525392/0.135221/0,-0.001267/0.112765/-0.0525392/0.135221/0.0275222,R_7syu0dQm97V3Ah8,none,base_prototype
0,16,130305,1,insulin,bmi,0/0/0.140229/0/0,0/0/0/-0.355507/0,0/0/0.0274008/0/0,0.06813911354279772,0.0,0.0,0.05,0.0,0,0.0,0.00394581/0.310105/0.0274008/0.355507/0,0.00394581/-0.310105/0.0274008/-0.355507/0.0632267,R_7syu0dQm97V3Ah8,none,base_prototype
1,17,130306,1,blood_pressure,insulin,0/-0.23913/0/0/0,0/0/0.231021/0/0,0/-0.140957/0/0/0,0.29430379156066006,0.0,0.0,0.025,0.0,0,0.0,0.00524901/0.140957/0.231021/0.0122928/0,0.00524901/-0.140957/0.231021/-0.0122928/-0.0260345,R_7syu0dQm97V3Ah8,none,base_prototype
2,18,130307,1,blood_pressure,insulin,0/-0.195652/0/0/0,0/0/0.111866/0/0,0/0.0281914/0/0/0,0.14569944999681336,0.0,0.0,0.025,0.0,0,0.0,0.00894141/0.0281914/0.111866/0.0755128/0,0.00894141/0.0281914/0.111866/0.0755128/-0.0438868,R_7syu0dQm97V3Ah8,none,base_prototype
3,19,130308,1,bmi,blood_pressure,0/0/0/0.204484/0,0/-0.310105/0/0/0,0/0/0/0.208977/0,0.2604566972042053,0.0,0.0,0.025,0.0,0,0.0,0.0017738/0.310105/0.178231/0.208977/0,0.0017738/-0.310105/0.178231/0.208977/-0.0394237,R_7syu0dQm97V3Ah8,none,base_prototype
4,20,130309,1,bmi,bmi,0/0/0/-0.192689/0,0/0/0/-0.128196/0,0/0/0/-0.128196/0,0.36451198727272466,0.0,0.0,0.05,0.0,0,0.0,0.000398201/0.0986698/0.0781803/0.128196/0,-0.000398201/-0.0986698/-0.0781803/-0.128196/0.0632267,R_7syu0dQm97V3Ah8,none,base_prototype
