{
  "method": "shap",
  "values": [
    -0.5511944819237826,
    -0.0649564764430145,
    0.028750557843090385,
    -0.00310219840328374,
    -0.029330021359068092,
    0.01173745973478696,
    -0.027368085561715938,
    -0.06253428089245794
  ],
  "class_values": [
    [
      0.5511944819237825,
      0.0649564764430145,
      -0.028750557843090108,
      0.003102198403283851,
      0.029330021359068204,
      -0.01173745973478696,
      0.027368085561715882,
      0.06253428089245794
    ],
    [
      -0.5511944819237826,
      -0.0649564764430145,
      0.028750557843090385,
      -0.00310219840328374,
      -0.029330021359068092,
      0.01173745973478696,
      -0.027368085561715938,
      -0.06253428089245794
    ]
  ],
  "ranking_values": [
    0.5511944819237826,
    0.0649564764430145,
    0.028750557843090385,
    0.003102198403283851,
    0.029330021359068204,
    0.01173745973478696,
    0.027368085561715938,
    0.06253428089245794
  ],
  "base_value": 0.6980167978126084,
  "max_abs_value": 0.5511944819237826
}