{
  "method": "shap",
  "values": [
    -0.03438350199065554,
    -0.1371077353642124,
    -0.10963240363076715,
    -0.24040648737773312,
    1.0390781366997892e-06,
    -0.04967067240499917,
    -0.08434994242895177,
    -0.04229065820237021
  ],
  "class_values": [
    [
      0.034383501990655485,
      0.13710773536421234,
      0.1096324036307671,
      0.2404064873777329,
      -1.039078136644278e-06,
      0.049670672404999505,
      0.08434994242895177,
      0.042290658202370324
    ],
    [
      -0.03438350199065554,
      -0.1371077353642124,
      -0.10963240363076715,
      -0.24040648737773312,
      1.0390781366997892e-06,
      -0.04967067240499917,
      -0.08434994242895177,
      -0.04229065820237021
    ]
  ],
  "ranking_values": [
    0.03438350199065554,
    0.1371077353642124,
    0.10963240363076715,
    0.24040648737773312,
    1.0390781366997892e-06,
    0.049670672404999505,
    0.08434994242895177,
    0.042290658202370324
  ],
  "base_value": 0.6980167978126084,
  "max_abs_value": 0.24040648737773312
}