{
  "method": "shap",
  "values": [
    0.20206330173302622,
    -0.18432484615206193,
    -0.007866035845514678,
    -0.07791783049570172,
    -0.003276064004269122,
    -0.011936351695962008,
    0.03638414011981742,
    0.3488556619477462
  ],
  "class_values": [
    [
      -0.20206330173302617,
      0.184324846152062,
      0.007866035845514633,
      0.0779178304957017,
      0.0032760640042690803,
      0.011936351695962015,
      -0.036384140119817436,
      -0.34885566194774614
    ],
    [
      0.20206330173302622,
      -0.18432484615206193,
      -0.007866035845514678,
      -0.07791783049570172,
      -0.003276064004269122,
      -0.011936351695962008,
      0.03638414011981742,
      0.3488556619477462
    ]
  ],
  "ranking_values": [
    0.20206330173302622,
    0.184324846152062,
    0.007866035845514678,
    0.07791783049570172,
    0.003276064004269122,
    0.011936351695962015,
    0.036384140119817436,
    0.3488556619477462
  ],
  "base_value": 0.6980167978126084,
  "max_abs_value": 0.3488556619477462
}