{
  "method": "shap",
  "values": [
    -0.05802620733181969,
    0.09844299440000727,
    0.02452519127364347,
    -0.056421462300122016,
    0.044224118765852125,
    0.1040121310234669,
    0.020520699184722616,
    0.12301316375326804
  ],
  "class_values": [
    [
      0.05802620733181961,
      -0.09844299440000727,
      -0.024525191273643485,
      0.05642146230012198,
      -0.044224118765852,
      -0.10401213102346689,
      -0.02052069918472263,
      -0.12301316375326796
    ],
    [
      -0.05802620733181969,
      0.09844299440000727,
      0.02452519127364347,
      -0.056421462300122016,
      0.044224118765852125,
      0.1040121310234669,
      0.020520699184722616,
      0.12301316375326804
    ]
  ],
  "ranking_values": [
    0.05802620733181969,
    0.09844299440000727,
    0.024525191273643485,
    0.056421462300122016,
    0.044224118765852125,
    0.1040121310234669,
    0.02052069918472263,
    0.12301316375326804
  ],
  "base_value": 0.6980167978126084,
  "max_abs_value": 0.12301316375326804
}