{
  "method": "shap",
  "values": [
    -0.1908189772881162,
    -0.008768234851466937,
    0.09840599891933358,
    0.03811588981011882,
    0.029387614802110253,
    -0.06833086476298017,
    0.12046697676686455,
    0.28352424225584283
  ],
  "class_values": [
    [
      0.190818977288116,
      0.008768234851466942,
      -0.09840599891933352,
      -0.03811588981011879,
      -0.029387614802110218,
      0.06833086476298018,
      -0.12046697676686452,
      -0.2835242422558428
    ],
    [
      -0.1908189772881162,
      -0.008768234851466937,
      0.09840599891933358,
      0.03811588981011882,
      0.029387614802110253,
      -0.06833086476298017,
      0.12046697676686455,
      0.28352424225584283
    ]
  ],
  "ranking_values": [
    0.1908189772881162,
    0.008768234851466942,
    0.09840599891933358,
    0.03811588981011882,
    0.029387614802110253,
    0.06833086476298018,
    0.12046697676686455,
    0.28352424225584283
  ],
  "base_value": 0.6980167978126084,
  "max_abs_value": 0.28352424225584283
}