{
  "method": "shap",
  "values": [
    -0.5323438258018578,
    0.019974188588672892,
    0.005566939550424893,
    0.013686319437894057,
    -0.05841244651977878,
    0.04976710486728736,
    -0.08448730847790115,
    -0.11176755871648913
  ],
  "class_values": [
    [
      0.5323438258018576,
      -0.01997418858867281,
      -0.005566939550424976,
      -0.013686319437894029,
      0.05841244651977889,
      -0.049767104867287304,
      0.08448730847790109,
      0.11176755871648947
    ],
    [
      -0.5323438258018578,
      0.019974188588672892,
      0.005566939550424893,
      0.013686319437894057,
      -0.05841244651977878,
      0.04976710486728736,
      -0.08448730847790115,
      -0.11176755871648913
    ]
  ],
  "ranking_values": [
    0.5323438258018578,
    0.019974188588672892,
    0.005566939550424976,
    0.013686319437894057,
    0.05841244651977889,
    0.04976710486728736,
    0.08448730847790115,
    0.11176755871648947
  ],
  "base_value": 0.6980167978126084,
  "max_abs_value": 0.5323438258018578
}