{
  "method": "shap",
  "values": [
    0.04709168537285449,
    -0.028670649060051415,
    -0.08147100319495414,
    0.22994899671783364,
    -0.043792906435355355,
    -0.12256184416627175,
    -0.15829568208769285,
    -0.3700628964316824
  ],
  "class_values": [
    [
      -0.047091685372854464,
      0.028670649060051387,
      0.08147100319495416,
      -0.2299489967178336,
      0.04379290643535539,
      0.12256184416627183,
      0.15829568208769285,
      0.37006289643168233
    ],
    [
      0.04709168537285449,
      -0.028670649060051415,
      -0.08147100319495414,
      0.22994899671783364,
      -0.043792906435355355,
      -0.12256184416627175,
      -0.15829568208769285,
      -0.3700628964316824
    ]
  ],
  "ranking_values": [
    0.04709168537285449,
    0.028670649060051415,
    0.08147100319495416,
    0.22994899671783364,
    0.04379290643535539,
    0.12256184416627183,
    0.15829568208769285,
    0.3700628964316824
  ],
  "base_value": 0.6980167978126084,
  "max_abs_value": 0.3700628964316824
}