{
  "method": "shap",
  "values": [
    0.1882219926785183,
    0.06267780997159961,
    -0.053715608863027724,
    -0.14375755222447661,
    0.017764508547257737,
    -0.008312304583562004,
    0.05997522699972693,
    0.17587265792341053
  ],
  "class_values": [
    [
      -0.18822199267851822,
      -0.06267780997159961,
      0.05371560886302767,
      0.1437575522244766,
      -0.017764508547257724,
      0.008312304583562073,
      -0.05997522699972692,
      -0.1758726579234106
    ],
    [
      0.1882219926785183,
      0.06267780997159961,
      -0.053715608863027724,
      -0.14375755222447661,
      0.017764508547257737,
      -0.008312304583562004,
      0.05997522699972693,
      0.17587265792341053
    ]
  ],
  "ranking_values": [
    0.1882219926785183,
    0.06267780997159961,
    0.053715608863027724,
    0.14375755222447661,
    0.017764508547257737,
    0.008312304583562073,
    0.05997522699972693,
    0.1758726579234106
  ],
  "base_value": 0.6980167978126084,
  "max_abs_value": 0.1882219926785183
}