{
  "method": "shap",
  "values": [
    0.22408181782234005,
    0.04704426186485722,
    0.1437041780185512,
    -0.027443536769935425,
    -0.05129558736718243,
    -0.006534733612693994,
    -0.041098503733302955,
    0.0030836773825559938
  ],
  "class_values": [
    [
      -0.22408181782234005,
      -0.047044261864857245,
      -0.14370417801855112,
      0.027443536769935384,
      0.05129558736718237,
      0.006534733612694049,
      0.04109850373330301,
      -0.0030836773825560493
    ],
    [
      0.22408181782234005,
      0.04704426186485722,
      0.1437041780185512,
      -0.027443536769935425,
      -0.05129558736718243,
      -0.006534733612693994,
      -0.041098503733302955,
      0.0030836773825559938
    ]
  ],
  "ranking_values": [
    0.22408181782234005,
    0.047044261864857245,
    0.1437041780185512,
    0.027443536769935425,
    0.05129558736718243,
    0.006534733612694049,
    0.04109850373330301,
    0.0030836773825560493
  ],
  "base_value": 0.6980167978126084,
  "max_abs_value": 0.22408181782234005
}