{
  "method": "shap",
  "values": [
    -0.3610901743262399,
    -0.028266304716263513,
    0.08727974274433478,
    -0.15949508641640453,
    -0.1081509931412945,
    -0.05152971243417015,
    0.02948582695388202,
    -0.10395917742882044
  ],
  "class_values": [
    [
      0.36109017432624013,
      0.028266304716263596,
      -0.08727974274433487,
      0.1594950864164046,
      0.1081509931412944,
      0.05152971243417015,
      -0.02948582695388202,
      0.10395917742882033
    ],
    [
      -0.3610901743262399,
      -0.028266304716263513,
      0.08727974274433478,
      -0.15949508641640453,
      -0.1081509931412945,
      -0.05152971243417015,
      0.02948582695388202,
      -0.10395917742882044
    ]
  ],
  "ranking_values": [
    0.36109017432624013,
    0.028266304716263596,
    0.08727974274433487,
    0.1594950864164046,
    0.1081509931412945,
    0.05152971243417015,
    0.02948582695388202,
    0.10395917742882044
  ],
  "base_value": 0.6980167978126084,
  "max_abs_value": 0.3610901743262399
}