{
  "method": "shap",
  "values": [
    -0.09761499845403568,
    0.03000678657412366,
    0.2287574798588548,
    -0.06274643469601056,
    0.002359920742134175,
    -0.022581091020644498,
    0.17609810391285385,
    0.04770343526486892
  ],
  "class_values": [
    [
      0.09761499845403555,
      -0.030006786574123673,
      -0.22875747985885472,
      0.06274643469601054,
      -0.002359920742134175,
      0.022581091020644456,
      -0.1760981039128538,
      -0.04770343526486881
    ],
    [
      -0.09761499845403568,
      0.03000678657412366,
      0.2287574798588548,
      -0.06274643469601056,
      0.002359920742134175,
      -0.022581091020644498,
      0.17609810391285385,
      0.04770343526486892
    ]
  ],
  "ranking_values": [
    0.09761499845403568,
    0.030006786574123673,
    0.2287574798588548,
    0.06274643469601056,
    0.002359920742134175,
    0.022581091020644498,
    0.17609810391285385,
    0.04770343526486892
  ],
  "base_value": 0.6980167978126084,
  "max_abs_value": 0.2287574798588548
}