{
  "method": "shap",
  "values": [
    0.13813572702930313,
    0.004948621725489627,
    0.2069379713840689,
    0.05926059435200132,
    -0.030018335386067047,
    -0.01576800364265185,
    -0.001514012757510258,
    -0.05999957960211022
  ],
  "class_values": [
    [
      -0.13813572702930324,
      -0.004948621725489627,
      -0.2069379713840689,
      -0.059260594352001345,
      0.030018335386067047,
      0.01576800364265188,
      0.001514012757510258,
      0.05999957960211039
    ],
    [
      0.13813572702930313,
      0.004948621725489627,
      0.2069379713840689,
      0.05926059435200132,
      -0.030018335386067047,
      -0.01576800364265185,
      -0.001514012757510258,
      -0.05999957960211022
    ]
  ],
  "ranking_values": [
    0.13813572702930324,
    0.004948621725489627,
    0.2069379713840689,
    0.059260594352001345,
    0.030018335386067047,
    0.01576800364265188,
    0.001514012757510258,
    0.05999957960211039
  ],
  "base_value": 0.6980167978126084,
  "max_abs_value": 0.2069379713840689
}