{
  "method": "shap",
  "values": [
    -0.5411188036644421,
    0.01015917048270673,
    -0.10048272822284543,
    0.04225591681478855,
    0.006777269651745632,
    -0.027889544640855357,
    0.022157338458328846,
    -0.10987541668277268
  ],
  "class_values": [
    [
      0.5411188036644421,
      -0.010159170482706648,
      0.10048272822284532,
      -0.04225591681478838,
      -0.006777269651745521,
      0.0278895446408553,
      -0.022157338458328735,
      0.10987541668277223
    ],
    [
      -0.5411188036644421,
      0.01015917048270673,
      -0.10048272822284543,
      0.04225591681478855,
      0.006777269651745632,
      -0.027889544640855357,
      0.022157338458328846,
      -0.10987541668277268
    ]
  ],
  "ranking_values": [
    0.5411188036644421,
    0.01015917048270673,
    0.10048272822284543,
    0.04225591681478855,
    0.006777269651745632,
    0.027889544640855357,
    0.022157338458328846,
    0.10987541668277268
  ],
  "base_value": 0.6980167978126084,
  "max_abs_value": 0.5411188036644421
}