{
  "method": "shap",
  "values": [
    -0.08358986087153414,
    -0.15989386338028105,
    -0.02580352683478626,
    -0.06252714158723294,
    -0.17171192653595502,
    -0.2056821311799949,
    0.0871814000673849,
    -0.04700410823962209
  ],
  "class_values": [
    [
      0.08358986087153408,
      0.1598938633802811,
      0.025803526834786428,
      0.06252714158723305,
      0.17171192653595502,
      0.20568213117999468,
      -0.0871814000673849,
      0.0470041082396222
    ],
    [
      -0.08358986087153414,
      -0.15989386338028105,
      -0.02580352683478626,
      -0.06252714158723294,
      -0.17171192653595502,
      -0.2056821311799949,
      0.0871814000673849,
      -0.04700410823962209
    ]
  ],
  "ranking_values": [
    0.08358986087153414,
    0.1598938633802811,
    0.025803526834786428,
    0.06252714158723305,
    0.17171192653595502,
    0.2056821311799949,
    0.0871814000673849,
    0.0470041082396222
  ],
  "base_value": 0.6980167978126084,
  "max_abs_value": 0.2056821311799949
}