{
  "method": "shap",
  "values": [
    -0.357294538120333,
    0.10740779395996652,
    -0.007120212844899748,
    -0.023659890866191025,
    -0.09952399871160666,
    0.045697320882832876,
    -0.16928612633019546,
    -0.18840036471423127
  ],
  "class_values": [
    [
      0.35729453812033307,
      -0.10740779395996641,
      0.007120212844899748,
      0.023659890866191052,
      0.09952399871160661,
      -0.04569732088283285,
      0.16928612633019557,
      0.18840036471423116
    ],
    [
      -0.357294538120333,
      0.10740779395996652,
      -0.007120212844899748,
      -0.023659890866191025,
      -0.09952399871160666,
      0.045697320882832876,
      -0.16928612633019546,
      -0.18840036471423127
    ]
  ],
  "ranking_values": [
    0.35729453812033307,
    0.10740779395996652,
    0.007120212844899748,
    0.023659890866191052,
    0.09952399871160666,
    0.045697320882832876,
    0.16928612633019557,
    0.18840036471423127
  ],
  "base_value": 0.6980167978126084,
  "max_abs_value": 0.357294538120333
}