{
  "method": "shap",
  "values": [
    0.04354186294332013,
    -0.1216821950019766,
    0.38892718321815845,
    0.0005059037086566631,
    0.07817460065532755,
    0.06454320435594724,
    -0.08178426015046866,
    -0.10703026632976231
  ],
  "class_values": [
    [
      -0.043541862943320214,
      0.12168219500197663,
      -0.3889271832181585,
      -0.0005059037086564966,
      -0.07817460065532747,
      -0.06454320435594726,
      0.08178426015046864,
      0.10703026632976231
    ],
    [
      0.04354186294332013,
      -0.1216821950019766,
      0.38892718321815845,
      0.0005059037086566631,
      0.07817460065532755,
      0.06454320435594724,
      -0.08178426015046866,
      -0.10703026632976231
    ]
  ],
  "ranking_values": [
    0.043541862943320214,
    0.12168219500197663,
    0.3889271832181585,
    0.0005059037086566631,
    0.07817460065532755,
    0.06454320435594726,
    0.08178426015046866,
    0.10703026632976231
  ],
  "base_value": 0.6980167978126084,
  "max_abs_value": 0.38892718321815845
}