{
  "method": "shap",
  "values": [
    0.15153574964741495,
    0.0314203522458981,
    -0.06630747831447378,
    -0.11592406961998039,
    0.06160628845416262,
    0.03275455290069409,
    -0.10624609990579421,
    0.245455690944256
  ],
  "class_values": [
    [
      -0.151535749647415,
      -0.031420352245898155,
      0.06630747831447369,
      0.11592406961998042,
      -0.061606288454162605,
      -0.03275455290069405,
      0.10624609990579427,
      -0.2454556909442559
    ],
    [
      0.15153574964741495,
      0.0314203522458981,
      -0.06630747831447378,
      -0.11592406961998039,
      0.06160628845416262,
      0.03275455290069409,
      -0.10624609990579421,
      0.245455690944256
    ]
  ],
  "ranking_values": [
    0.151535749647415,
    0.031420352245898155,
    0.06630747831447378,
    0.11592406961998042,
    0.06160628845416262,
    0.03275455290069409,
    0.10624609990579427,
    0.245455690944256
  ],
  "base_value": 0.6980167978126084,
  "max_abs_value": 0.245455690944256
}