{
  "method": "shap",
  "values": [
    0.025668375568693495,
    -0.12722321413326965,
    -0.025696004179548756,
    -0.05081304921655505,
    0.06174966103053006,
    0.004744130997959159,
    0.061510874963610615,
    0.3520424257678579
  ],
  "class_values": [
    [
      -0.025668375568693516,
      0.1272232141332697,
      0.025696004179548704,
      0.05081304921655498,
      -0.06174966103053005,
      -0.004744130997959103,
      -0.0615108749636106,
      -0.3520424257678578
    ],
    [
      0.025668375568693495,
      -0.12722321413326965,
      -0.025696004179548756,
      -0.05081304921655505,
      0.06174966103053006,
      0.004744130997959159,
      0.061510874963610615,
      0.3520424257678579
    ]
  ],
  "ranking_values": [
    0.025668375568693516,
    0.1272232141332697,
    0.025696004179548756,
    0.05081304921655505,
    0.06174966103053006,
    0.004744130997959159,
    0.061510874963610615,
    0.3520424257678579
  ],
  "base_value": 0.6980167978126084,
  "max_abs_value": 0.3520424257678579
}