{
  "cache_key": {
    "dataset_name": "default_credit_card",
    "model_name": "mlp",
    "feature_names": [
      "x1",
      "x2",
      "x3",
      "x4",
      "x5",
      "x6",
      "x7",
      "x8",
      "x9",
      "x10",
      "x11",
      "x12",
      "x13",
      "x14",
      "x15",
      "x16",
      "x17",
      "x18",
      "x19",
      "x20",
      "x21",
      "x22",
      "x23"
    ],
    "feature_types": [
      "numerical",
      "categorical",
      "categorical",
      "categorical",
      "numerical",
      "numerical",
      "numerical",
      "numerical",
      "numerical",
      "numerical",
      "numerical",
      "numerical",
      "numerical",
      "numerical",
      "numerical",
      "numerical",
      "numerical",
      "numerical",
      "numerical",
      "numerical",
      "numerical",
      "numerical",
      "numerical"
    ],
    "class_labels": [
      "No Default",
      "Default"
    ],
    "top_n": 6,
    "method": "permutation",
    "n_repeats": 8,
    "scoring": "accuracy",
    "random_state": 42
  },
  "selected_feature_names": [
    "x6",
    "x14",
    "x12",
    "x9",
    "x15",
    "x17"
  ],
  "importance_by_feature": {
    "x6": 0.06280555555555552,
    "x14": 0.05266666666666661,
    "x12": 0.043916666666666604,
    "x9": 0.030749999999999944,
    "x15": 0.02938888888888884,
    "x17": 0.02561111111111107,
    "x7": 0.02336111111111107,
    "x11": 0.01883333333333327,
    "x16": 0.01674999999999996,
    "x10": 0.014305555555555488,
    "x13": 0.008861111111111056,
    "x8": 0.007333333333333289,
    "x20": 0.00547222222222217,
    "x19": 0.004472222222222183,
    "x3": 0.00444444444444439,
    "x18": 0.0038333333333332997,
    "x23": 0.0021111111111110636,
    "x4": 0.0018611111111110912,
    "x22": 0.0013611111111110769,
    "x5": 0.00027777777777773793,
    "x1": 0.00016666666666660668,
    "x21": -2.7777777777834856e-05,
    "x2": -0.0019166666666667193
  }
}