{
  "method": "shap",
  "values": [
    -0.3203117631169754,
    -0.5438954020394824,
    0.055856911524888885,
    0.11493403583770978,
    -0.025070086771874556,
    -0.013750378827270593
  ],
  "class_values": [
    [
      0.3203117631169755,
      0.5438954020394824,
      -0.05585691152488884,
      -0.11493403583770974,
      0.025070086771874344,
      0.013750378827270593
    ],
    [
      -0.3203117631169754,
      -0.5438954020394824,
      0.055856911524888885,
      0.11493403583770978,
      -0.025070086771874556,
      -0.013750378827270593
    ]
  ],
  "ranking_values": [
    0.3203117631169755,
    0.5438954020394824,
    0.055856911524888885,
    0.11493403583770978,
    0.025070086771874556,
    0.013750378827270593
  ],
  "base_value": 0.7333630126321681,
  "max_abs_value": 0.5438954020394824
}