{
  "method": "shap",
  "values": [
    -0.35684525725439714,
    0.07010552539936409,
    -0.05293844827983215,
    -0.26711980238947985,
    -0.007348726667046371,
    -0.12639006808211806
  ],
  "class_values": [
    [
      0.35684525725439725,
      -0.07010552539936414,
      0.052938448279832094,
      0.2671198023894798,
      0.00734872666704626,
      0.12639006808211817
    ],
    [
      -0.35684525725439714,
      0.07010552539936409,
      -0.05293844827983215,
      -0.26711980238947985,
      -0.007348726667046371,
      -0.12639006808211806
    ]
  ],
  "ranking_values": [
    0.35684525725439725,
    0.07010552539936414,
    0.05293844827983215,
    0.26711980238947985,
    0.007348726667046371,
    0.12639006808211817
  ],
  "base_value": 0.7405368775632675,
  "max_abs_value": 0.35684525725439714
}