{
  "method": "shap",
  "values": [
    0.06418190501022754,
    0.03437672989699852,
    0.033675860827479386,
    0.08170326341138767,
    -0.011409184722502288,
    0.033074168840207335
  ],
  "class_values": [
    [
      -0.06418190501022764,
      -0.034376729896998394,
      -0.03367586082747944,
      -0.08170326341138762,
      0.011409184722502264,
      -0.03307416884020739
    ],
    [
      0.06418190501022754,
      0.03437672989699852,
      0.033675860827479386,
      0.08170326341138767,
      -0.011409184722502288,
      0.033074168840207335
    ]
  ],
  "ranking_values": [
    0.06418190501022764,
    0.03437672989699852,
    0.03367586082747944,
    0.08170326341138767,
    0.011409184722502288,
    0.03307416884020739
  ],
  "base_value": 0.7405368775632675,
  "max_abs_value": 0.08170326341138767
}