{
  "method": "shap",
  "values": [
    0.07306686786952378,
    0.08556812828196751,
    0.0224358712065837,
    0.09300899189385177,
    0.008843692715985745,
    -0.01628656473285567
  ],
  "class_values": [
    [
      -0.07306686786952384,
      -0.08556812828196751,
      -0.022435871206583687,
      -0.09300899189385183,
      -0.008843692715985717,
      0.01628656473285578
    ],
    [
      0.07306686786952378,
      0.08556812828196751,
      0.0224358712065837,
      0.09300899189385177,
      0.008843692715985745,
      -0.01628656473285567
    ]
  ],
  "ranking_values": [
    0.07306686786952384,
    0.08556812828196751,
    0.0224358712065837,
    0.09300899189385183,
    0.008843692715985745,
    0.01628656473285578
  ],
  "base_value": 0.7333630126321681,
  "max_abs_value": 0.09300899189385177
}