{
  "method": "shap",
  "values": [
    -0.051814400603621344,
    -0.18026112285343912,
    -0.13432379388689622,
    -0.020992248548588274,
    -0.03543715610008774,
    -0.019891122642344772
  ],
  "class_values": [
    [
      0.05181440060362139,
      0.18026112285343904,
      0.13432379388689625,
      0.020992248548588294,
      0.03543715610008764,
      0.019891122642344827
    ],
    [
      -0.051814400603621344,
      -0.18026112285343912,
      -0.13432379388689622,
      -0.020992248548588274,
      -0.03543715610008774,
      -0.019891122642344772
    ]
  ],
  "ranking_values": [
    0.05181440060362139,
    0.18026112285343912,
    0.13432379388689625,
    0.020992248548588294,
    0.03543715610008774,
    0.019891122642344827
  ],
  "base_value": 0.7405368775632675,
  "max_abs_value": 0.18026112285343912
}