{
  "method": "shap",
  "values": [
    0.0509969260141656,
    -0.052983047762922564,
    0.044766454952045925,
    -0.045388658032931684,
    0.11062381259657748,
    0.12781789128938975
  ],
  "class_values": [
    [
      -0.05099692601416572,
      0.05298304776292262,
      -0.0447664549520459,
      0.045388658032931635,
      -0.11062381259657741,
      -0.12781789128938972
    ],
    [
      0.0509969260141656,
      -0.052983047762922564,
      0.044766454952045925,
      -0.045388658032931684,
      0.11062381259657748,
      0.12781789128938975
    ]
  ],
  "ranking_values": [
    0.05099692601416572,
    0.05298304776292262,
    0.044766454952045925,
    0.045388658032931684,
    0.11062381259657748,
    0.12781789128938975
  ],
  "base_value": 0.7333630126321681,
  "max_abs_value": 0.12781789128938975
}