{
  "method": "shap",
  "values": [
    -0.11938881376301069,
    -0.030241440626737833,
    -0.021801191530927574,
    -0.05373523974689282,
    -0.14123505363404515,
    -0.2505874833610892
  ],
  "class_values": [
    [
      0.11938881376301068,
      0.030241440626737767,
      0.02180119153092762,
      0.05373523974689287,
      0.14123505363404518,
      0.25058748336108916
    ],
    [
      -0.11938881376301069,
      -0.030241440626737833,
      -0.021801191530927574,
      -0.05373523974689282,
      -0.14123505363404515,
      -0.2505874833610892
    ]
  ],
  "ranking_values": [
    0.11938881376301069,
    0.030241440626737833,
    0.02180119153092762,
    0.05373523974689287,
    0.14123505363404518,
    0.2505874833610892
  ],
  "base_value": 0.7360799208534508,
  "max_abs_value": 0.2505874833610892
}