{
  "method": "shap",
  "values": [
    -0.4293227239562125,
    -0.13074596826554524,
    0.007849888268695511,
    0.030952387282993973,
    -0.057458415564113546,
    -0.15659559603502937
  ],
  "class_values": [
    [
      0.4293227239562125,
      0.13074596826554527,
      -0.007849888268695461,
      -0.030952387282994175,
      0.0574584155641135,
      0.1565955960350296
    ],
    [
      -0.4293227239562125,
      -0.13074596826554524,
      0.007849888268695511,
      0.030952387282993973,
      -0.057458415564113546,
      -0.15659559603502937
    ]
  ],
  "ranking_values": [
    0.4293227239562125,
    0.13074596826554527,
    0.007849888268695511,
    0.030952387282994175,
    0.057458415564113546,
    0.1565955960350296
  ],
  "base_value": 0.7360799208534508,
  "max_abs_value": 0.4293227239562125
}