{
  "method": "shap",
  "values": [
    0.13449972958722528,
    0.05444051152942085,
    -0.001182400215559919,
    0.053305436136449724,
    -0.013230150734551626,
    0.031625984985422295
  ],
  "class_values": [
    [
      -0.13449972958722536,
      -0.05444051152942082,
      0.0011824002155599506,
      -0.05330543613644974,
      0.013230150734551496,
      -0.03162598498542221
    ],
    [
      0.13449972958722528,
      0.05444051152942085,
      -0.001182400215559919,
      0.053305436136449724,
      -0.013230150734551626,
      0.031625984985422295
    ]
  ],
  "ranking_values": [
    0.13449972958722536,
    0.05444051152942085,
    0.0011824002155599506,
    0.05330543613644974,
    0.013230150734551626,
    0.031625984985422295
  ],
  "base_value": 0.7405368775632675,
  "max_abs_value": 0.13449972958722528
}