{
  "method": "shap",
  "values": [
    0.12273901391316101,
    0.05342697879416206,
    -0.0015480226660550744,
    0.0254129487332688,
    0.06132309978874356,
    -0.006336027130838029
  ],
  "class_values": [
    [
      -0.12273901391316093,
      -0.05342697879416205,
      0.0015480226660549805,
      -0.025412948733268784,
      -0.061323099788743535,
      0.006336027130838029
    ],
    [
      0.12273901391316101,
      0.05342697879416206,
      -0.0015480226660550744,
      0.0254129487332688,
      0.06132309978874356,
      -0.006336027130838029
    ]
  ],
  "ranking_values": [
    0.12273901391316101,
    0.05342697879416206,
    0.0015480226660550744,
    0.0254129487332688,
    0.06132309978874356,
    0.006336027130838029
  ],
  "base_value": 0.7360799208534508,
  "max_abs_value": 0.12273901391316101
}