{
  "method": "shap",
  "values": [
    -0.002034474373434226,
    0.2618226295524872,
    0.03587065400501903,
    0.008211406984441064,
    -0.020349501753006465,
    -0.016883727056340392
  ],
  "class_values": [
    [
      0.0020344743734342537,
      -0.2618226295524872,
      -0.035870654005019056,
      -0.008211406984441175,
      0.020349501753006493,
      0.016883727056340503
    ],
    [
      -0.002034474373434226,
      0.2618226295524872,
      0.03587065400501903,
      0.008211406984441064,
      -0.020349501753006465,
      -0.016883727056340392
    ]
  ],
  "ranking_values": [
    0.0020344743734342537,
    0.2618226295524872,
    0.035870654005019056,
    0.008211406984441175,
    0.020349501753006493,
    0.016883727056340503
  ],
  "base_value": 0.7333630126321681,
  "max_abs_value": 0.2618226295524872
}