{
  "method": "shap",
  "values": [
    -0.05103932373328057,
    0.06592915299433237,
    -0.06598078191870795,
    0.11726526210088808,
    0.05453120767385896,
    0.005523605334909337
  ],
  "class_values": [
    [
      0.05103932373328061,
      -0.06592915299433244,
      0.06598078191870797,
      -0.117265262100888,
      -0.05453120767385901,
      -0.005523605334909434
    ],
    [
      -0.05103932373328057,
      0.06592915299433237,
      -0.06598078191870795,
      0.11726526210088808,
      0.05453120767385896,
      0.005523605334909337
    ]
  ],
  "ranking_values": [
    0.05103932373328061,
    0.06592915299433244,
    0.06598078191870797,
    0.11726526210088808,
    0.05453120767385901,
    0.005523605334909434
  ],
  "base_value": 0.7405368775632675,
  "max_abs_value": 0.11726526210088808
}