{
  "method": "shap",
  "values": [
    -0.09548196807395122,
    -0.30463821277861597,
    0.01086135289739735,
    -0.08033353167827909,
    0.034425933703274236,
    -0.28821536181224366
  ],
  "class_values": [
    [
      0.09548196807395122,
      0.30463821277861586,
      -0.01086135289739735,
      0.08033353167827909,
      -0.03442593370327418,
      0.2882153618122437
    ],
    [
      -0.09548196807395122,
      -0.30463821277861597,
      0.01086135289739735,
      -0.08033353167827909,
      0.034425933703274236,
      -0.28821536181224366
    ]
  ],
  "ranking_values": [
    0.09548196807395122,
    0.30463821277861597,
    0.01086135289739735,
    0.08033353167827909,
    0.034425933703274236,
    0.2882153618122437
  ],
  "base_value": 0.7333630126321681,
  "max_abs_value": 0.30463821277861597
}