{
  "method": "shap",
  "values": [
    -0.12133231460075285,
    0.008147321155314559,
    -0.02374688163158794,
    -0.08338612031979134,
    -0.1445785738249469,
    -0.30932209166634006
  ],
  "class_values": [
    [
      0.12133231460075279,
      -0.008147321155314404,
      0.023746881631587873,
      0.08338612031979128,
      0.14457857382494696,
      0.30932209166634006
    ],
    [
      -0.12133231460075285,
      0.008147321155314559,
      -0.02374688163158794,
      -0.08338612031979134,
      -0.1445785738249469,
      -0.30932209166634006
    ]
  ],
  "ranking_values": [
    0.12133231460075285,
    0.008147321155314559,
    0.02374688163158794,
    0.08338612031979134,
    0.14457857382494696,
    0.30932209166634006
  ],
  "base_value": 0.7360799208534508,
  "max_abs_value": 0.30932209166634006
}