{
  "method": "shap",
  "values": [
    0.09879546365561438,
    0.07193734699369231,
    -0.006769274615126918,
    -0.0007746060334299762,
    0.044816553746294695,
    0.04704760494882834
  ],
  "class_values": [
    [
      -0.09879546365561444,
      -0.0719373469936923,
      0.006769274615126969,
      0.0007746060334299168,
      -0.04481655374629459,
      -0.0470476049488284
    ],
    [
      0.09879546365561438,
      0.07193734699369231,
      -0.006769274615126918,
      -0.0007746060334299762,
      0.044816553746294695,
      0.04704760494882834
    ]
  ],
  "ranking_values": [
    0.09879546365561444,
    0.07193734699369231,
    0.006769274615126969,
    0.0007746060334299762,
    0.044816553746294695,
    0.0470476049488284
  ],
  "base_value": 0.7333630126321681,
  "max_abs_value": 0.09879546365561438
}