{
  "method": "shap",
  "values": [
    0.019592824146392053,
    -0.44009422574319107,
    -0.016160810883385356,
    -0.0982962610694592,
    0.015223841519352991,
    -0.2001102457592503
  ],
  "class_values": [
    [
      -0.01959282414639212,
      0.44009422574319107,
      0.016160810883385345,
      0.09829626106945918,
      -0.015223841519352826,
      0.2001102457592503
    ],
    [
      0.019592824146392053,
      -0.44009422574319107,
      -0.016160810883385356,
      -0.0982962610694592,
      0.015223841519352991,
      -0.2001102457592503
    ]
  ],
  "ranking_values": [
    0.01959282414639212,
    0.44009422574319107,
    0.016160810883385356,
    0.0982962610694592,
    0.015223841519352991,
    0.2001102457592503
  ],
  "base_value": 0.7333630126321681,
  "max_abs_value": 0.44009422574319107
}