{
  "method": "shap",
  "values": [
    0.07654286570064513,
    0.10265409860015787,
    0.08609157161060352,
    0.01506847553613028,
    -0.02471748371027246,
    0.0038235944283281365
  ],
  "class_values": [
    [
      -0.07654286570064509,
      -0.10265409860015784,
      -0.08609157161060355,
      -0.015068475536130227,
      0.024717483710272485,
      -0.003823594428328414
    ],
    [
      0.07654286570064513,
      0.10265409860015787,
      0.08609157161060352,
      0.01506847553613028,
      -0.02471748371027246,
      0.0038235944283281365
    ]
  ],
  "ranking_values": [
    0.07654286570064513,
    0.10265409860015787,
    0.08609157161060355,
    0.01506847553613028,
    0.024717483710272485,
    0.003823594428328414
  ],
  "base_value": 0.7405368775632675,
  "max_abs_value": 0.10265409860015787
}