{
  "method": "shap",
  "values": [
    0.07280706911249381,
    -0.1521942057380234,
    -0.05708331065359752,
    -0.1066728887896913,
    -0.21522337717146964,
    -0.2512596205212307
  ],
  "class_values": [
    [
      -0.07280706911249372,
      0.1521942057380235,
      0.05708331065359742,
      0.10667288878969129,
      0.2152233771714696,
      0.25125962052123063
    ],
    [
      0.07280706911249381,
      -0.1521942057380234,
      -0.05708331065359752,
      -0.1066728887896913,
      -0.21522337717146964,
      -0.2512596205212307
    ]
  ],
  "ranking_values": [
    0.07280706911249381,
    0.1521942057380235,
    0.05708331065359752,
    0.1066728887896913,
    0.21522337717146964,
    0.2512596205212307
  ],
  "base_value": 0.7333630126321681,
  "max_abs_value": 0.2512596205212307
}