{
  "method": "shap",
  "values": [
    0.03470340597158861,
    0.20490390571598413,
    -0.014582855062312938,
    0.01806933263981402,
    0.06288500394466941,
    -0.039344218958624444
  ],
  "class_values": [
    [
      -0.034703405971588566,
      -0.20490390571598424,
      0.014582855062312949,
      -0.018069332639813997,
      -0.06288500394466943,
      0.0393442189586245
    ],
    [
      0.03470340597158861,
      0.20490390571598413,
      -0.014582855062312938,
      0.01806933263981402,
      0.06288500394466941,
      -0.039344218958624444
    ]
  ],
  "ranking_values": [
    0.03470340597158861,
    0.20490390571598424,
    0.014582855062312949,
    0.01806933263981402,
    0.06288500394466943,
    0.0393442189586245
  ],
  "base_value": 0.7333630126321681,
  "max_abs_value": 0.20490390571598413
}