{
  "method": "shap",
  "values": [
    0.057965626678251676,
    0.05250432787486042,
    -0.0019688789912804595,
    -0.05804566804063261,
    -0.04006426938449483,
    0.04350187352152393
  ],
  "class_values": [
    [
      -0.057965626678251635,
      -0.052504327874860424,
      0.0019688789912803715,
      0.058045668040632596,
      0.0400642693844949,
      -0.04350187352152393
    ],
    [
      0.057965626678251676,
      0.05250432787486042,
      -0.0019688789912804595,
      -0.05804566804063261,
      -0.04006426938449483,
      0.04350187352152393
    ]
  ],
  "ranking_values": [
    0.057965626678251676,
    0.052504327874860424,
    0.0019688789912804595,
    0.05804566804063261,
    0.0400642693844949,
    0.04350187352152393
  ],
  "base_value": 0.7333630126321681,
  "max_abs_value": 0.05804566804063261
}