{
  "method": "shap",
  "values": [
    0.00776284785127797,
    0.1218295702317641,
    -0.0022664431111655546,
    -0.005455471187594633,
    0.005357104713049191,
    0.13940935710754607
  ],
  "class_values": [
    [
      -0.007762847851277975,
      -0.1218295702317641,
      0.0022664431111655216,
      0.005455471187594649,
      -0.005357104713049165,
      -0.13940935710754607
    ],
    [
      0.00776284785127797,
      0.1218295702317641,
      -0.0022664431111655546,
      -0.005455471187594633,
      0.005357104713049191,
      0.13940935710754607
    ]
  ],
  "ranking_values": [
    0.007762847851277975,
    0.1218295702317641,
    0.0022664431111655546,
    0.005455471187594649,
    0.005357104713049191,
    0.13940935710754607
  ],
  "base_value": 0.7333630126321681,
  "max_abs_value": 0.13940935710754607
}