{
  "method": "shap",
  "values": [
    0.06300646910608335,
    0.048836354457825665,
    0.02453576111997649,
    -0.04335838537062578,
    0.027060303129873647,
    0.08153293057769595,
    0.1090769003664811,
    -0.049704108342512154
  ],
  "class_values": [
    [
      -0.06300646910608332,
      -0.04883635445782569,
      -0.024535761119976435,
      0.043358385370625724,
      -0.027060303129873675,
      -0.08153293057769592,
      -0.10907690036648099,
      0.0497041083425121
    ],
    [
      0.06300646910608335,
      0.048836354457825665,
      0.02453576111997649,
      -0.04335838537062578,
      0.027060303129873647,
      0.08153293057769595,
      0.1090769003664811,
      -0.049704108342512154
    ]
  ],
  "ranking_values": [
    0.06300646910608335,
    0.04883635445782569,
    0.02453576111997649,
    0.04335838537062578,
    0.027060303129873675,
    0.08153293057769595,
    0.1090769003664811,
    0.049704108342512154
  ],
  "base_value": 0.7374797983912753,
  "max_abs_value": 0.1090769003664811
}