{
  "method": "shap",
  "values": [
    -0.3304794222455808,
    -0.014286701152522065,
    -0.03246346381871054,
    -0.028216721938140246,
    -0.02771132826681252,
    -0.3029195417325846
  ],
  "class_values": [
    [
      0.3304794222455808,
      0.01428670115252204,
      0.03246346381871044,
      0.028216721938140166,
      0.027711328266812472,
      0.3029195417325848
    ],
    [
      -0.3304794222455808,
      -0.014286701152522065,
      -0.03246346381871054,
      -0.028216721938140246,
      -0.02771132826681252,
      -0.3029195417325846
    ]
  ],
  "ranking_values": [
    0.3304794222455808,
    0.014286701152522065,
    0.03246346381871054,
    0.028216721938140246,
    0.02771132826681252,
    0.3029195417325848
  ],
  "base_value": 0.7360799208534508,
  "max_abs_value": 0.3304794222455808
}