{
  "method": "shap",
  "values": [
    -0.06254284779942625,
    -0.5750803163837158,
    -0.03135998479313505,
    -0.021622586272263218,
    -0.01630566499012084,
    -0.026415178031108266
  ],
  "class_values": [
    [
      0.06254284779942625,
      0.5750803163837157,
      0.03135998479313516,
      0.02162258627226333,
      0.01630566499012084,
      0.026415178031108155
    ],
    [
      -0.06254284779942625,
      -0.5750803163837158,
      -0.03135998479313505,
      -0.021622586272263218,
      -0.01630566499012084,
      -0.026415178031108266
    ]
  ],
  "ranking_values": [
    0.06254284779942625,
    0.5750803163837158,
    0.03135998479313516,
    0.02162258627226333,
    0.01630566499012084,
    0.026415178031108266
  ],
  "base_value": 0.7333630126321681,
  "max_abs_value": 0.5750803163837158
}