{
  "method": "shap",
  "values": [
    -0.1872594936578287,
    -0.0658474096320712,
    -0.12236785330893121,
    -0.10316993075576615,
    -0.10687762385083968,
    -0.011080237624598421
  ],
  "class_values": [
    [
      0.18725949365782874,
      0.06584740963207121,
      0.12236785330893123,
      0.10316993075576628,
      0.10687762385083957,
      0.011080237624598421
    ],
    [
      -0.1872594936578287,
      -0.0658474096320712,
      -0.12236785330893121,
      -0.10316993075576615,
      -0.10687762385083968,
      -0.011080237624598421
    ]
  ],
  "ranking_values": [
    0.18725949365782874,
    0.06584740963207121,
    0.12236785330893123,
    0.10316993075576628,
    0.10687762385083968,
    0.011080237624598421
  ],
  "base_value": 0.7360799208534508,
  "max_abs_value": 0.1872594936578287
}