{
  "method": "shap",
  "values": [
    -0.28310788563805656,
    -0.08510650485137164,
    -0.03602045170145107,
    -0.08189497216624148,
    -0.14893434280507653,
    0.1444803819575372
  ],
  "class_values": [
    [
      0.28310788563805633,
      0.08510650485137175,
      0.036020451701451156,
      0.08189497216624148,
      0.14893434280507653,
      -0.14448038195753726
    ],
    [
      -0.28310788563805656,
      -0.08510650485137164,
      -0.03602045170145107,
      -0.08189497216624148,
      -0.14893434280507653,
      0.1444803819575372
    ]
  ],
  "ranking_values": [
    0.28310788563805656,
    0.08510650485137175,
    0.036020451701451156,
    0.08189497216624148,
    0.14893434280507653,
    0.14448038195753726
  ],
  "base_value": 0.7405368775632675,
  "max_abs_value": 0.28310788563805656
}