{
  "method": "shap",
  "values": [
    0.012554738434400806,
    -0.05811271452183699,
    0.18062194321322897,
    -0.06052018885232264,
    0.30790653961841064,
    -0.1215859556863862
  ],
  "class_values": [
    [
      -0.012554738434400822,
      0.05811271452183698,
      -0.1806219432132289,
      0.060520188852322736,
      -0.3079065396184105,
      0.12158595568638597
    ],
    [
      0.012554738434400806,
      -0.05811271452183699,
      0.18062194321322897,
      -0.06052018885232264,
      0.30790653961841064,
      -0.1215859556863862
    ]
  ],
  "ranking_values": [
    0.012554738434400822,
    0.05811271452183699,
    0.18062194321322897,
    0.060520188852322736,
    0.30790653961841064,
    0.1215859556863862
  ],
  "base_value": 0.7360799208534508,
  "max_abs_value": 0.30790653961841064
}