{
  "method": "shap",
  "values": [
    0.20105682811686573,
    0.09367451544729416,
    -0.041820920577442244,
    -0.037209032044282296,
    0.05302703953165857,
    -0.02188103709184719
  ],
  "class_values": [
    [
      -0.2010568281168658,
      -0.09367451544729433,
      0.041820920577442286,
      0.03720903204428241,
      -0.053027039531658514,
      0.02188103709184719
    ],
    [
      0.20105682811686573,
      0.09367451544729416,
      -0.041820920577442244,
      -0.037209032044282296,
      0.05302703953165857,
      -0.02188103709184719
    ]
  ],
  "ranking_values": [
    0.2010568281168658,
    0.09367451544729433,
    0.041820920577442286,
    0.03720903204428241,
    0.05302703953165857,
    0.02188103709184719
  ],
  "base_value": 0.7333630126321681,
  "max_abs_value": 0.20105682811686573
}