{
  "method": "shap",
  "values": [
    -0.3061873494087186,
    0.06629646035488668,
    -0.04638741089418428,
    0.040221762023200894,
    0.0026103241960323156,
    -0.2343706482094751
  ],
  "class_values": [
    [
      0.30618734940871867,
      -0.06629646035488666,
      0.04638741089418434,
      -0.04022176202320094,
      -0.0026103241960323685,
      0.2343706482094751
    ],
    [
      -0.3061873494087186,
      0.06629646035488668,
      -0.04638741089418428,
      0.040221762023200894,
      0.0026103241960323156,
      -0.2343706482094751
    ]
  ],
  "ranking_values": [
    0.30618734940871867,
    0.06629646035488668,
    0.04638741089418434,
    0.04022176202320094,
    0.0026103241960323685,
    0.2343706482094751
  ],
  "base_value": 0.7360799208534508,
  "max_abs_value": 0.3061873494087186
}