{
  "method": "shap",
  "values": [
    0.123041361120209,
    0.0335438201900031,
    -0.0231016512487273,
    0.12928414253830137,
    0.016520399735331034,
    -0.012651084967417847
  ],
  "class_values": [
    [
      -0.12304136112020896,
      -0.033543820190003105,
      0.02310165124872735,
      -0.12928414253830142,
      -0.016520399735331086,
      0.012651084967417903
    ],
    [
      0.123041361120209,
      0.0335438201900031,
      -0.0231016512487273,
      0.12928414253830137,
      0.016520399735331034,
      -0.012651084967417847
    ]
  ],
  "ranking_values": [
    0.123041361120209,
    0.033543820190003105,
    0.02310165124872735,
    0.12928414253830142,
    0.016520399735331086,
    0.012651084967417903
  ],
  "base_value": 0.7333630126321681,
  "max_abs_value": 0.12928414253830137
}