{
  "method": "shap",
  "values": [
    -0.3148501374457156,
    0.22818860007953978,
    -0.02616299901174495,
    0.08595218419055704,
    0.059716333343108594,
    0.23265735964624665
  ],
  "class_values": [
    [
      0.3148501374457154,
      -0.22818860007953973,
      0.026162999011745004,
      -0.08595218419055703,
      -0.05971633334310858,
      -0.23265735964624656
    ],
    [
      -0.3148501374457156,
      0.22818860007953978,
      -0.02616299901174495,
      0.08595218419055704,
      0.059716333343108594,
      0.23265735964624665
    ]
  ],
  "ranking_values": [
    0.3148501374457156,
    0.22818860007953978,
    0.026162999011745004,
    0.08595218419055704,
    0.059716333343108594,
    0.23265735964624665
  ],
  "base_value": 0.7333630126321681,
  "max_abs_value": 0.3148501374457156
}