{
  "method": "shap",
  "values": [
    0.06262917764298624,
    -0.01815736645149701,
    -0.01299762106128033,
    0.010462592250357103,
    0.03025516715707882,
    0.09686966857438276
  ],
  "class_values": [
    [
      -0.06262917735179269,
      0.018157366534074217,
      0.01299762107928594,
      -0.010462592045466092,
      -0.03025516758362455,
      -0.09686966848373417
    ],
    [
      0.06262917764298624,
      -0.01815736645149701,
      -0.01299762106128033,
      0.010462592250357103,
      0.03025516715707882,
      0.09686966857438276
    ]
  ],
  "ranking_values": [
    0.06262917764298624,
    0.018157366534074217,
    0.01299762107928594,
    0.010462592250357103,
    0.03025516758362455,
    0.09686966857438276
  ],
  "base_value": 0.7213903496041895,
  "max_abs_value": 0.09686966857438276
}