{
  "method": "shap",
  "values": [
    -0.10639328834036577,
    -0.48989287654971997,
    0.002206665306342114,
    -0.1265611497937176,
    -0.01708518807149763,
    0.011369465441187554
  ],
  "class_values": [
    [
      0.10639328834036549,
      0.48989287654971986,
      -0.002206665306342114,
      0.12656114979371766,
      0.01708518807149763,
      -0.011369465441187332
    ],
    [
      -0.10639328834036577,
      -0.48989287654971997,
      0.002206665306342114,
      -0.1265611497937176,
      -0.01708518807149763,
      0.011369465441187554
    ]
  ],
  "ranking_values": [
    0.10639328834036577,
    0.48989287654971997,
    0.002206665306342114,
    0.12656114979371766,
    0.01708518807149763,
    0.011369465441187554
  ],
  "base_value": 0.7333630126321681,
  "max_abs_value": 0.48989287654971997
}