{
  "method": "shap",
  "values": [
    0.05361913322233851,
    0.1375683645006078,
    0.019179491084986042,
    0.022615266655954112,
    -0.029218737567723554,
    0.06286217284499426
  ],
  "class_values": [
    [
      -0.05361913322233851,
      -0.13756836450060786,
      -0.01917949108498609,
      -0.022615266655954206,
      0.02921873756772361,
      -0.06286217284499412
    ],
    [
      0.05361913322233851,
      0.1375683645006078,
      0.019179491084986042,
      0.022615266655954112,
      -0.029218737567723554,
      0.06286217284499426
    ]
  ],
  "ranking_values": [
    0.05361913322233851,
    0.13756836450060786,
    0.01917949108498609,
    0.022615266655954206,
    0.02921873756772361,
    0.06286217284499426
  ],
  "base_value": 0.7333630126321681,
  "max_abs_value": 0.1375683645006078
}