{
  "method": "shap",
  "values": [
    -0.06179116719261882,
    0.12185571994402702,
    0.012811347394956598,
    0.24128047085493842,
    -0.012244775767495239,
    -0.03933207416599488
  ],
  "class_values": [
    [
      0.0617911671926189,
      -0.12185571994402702,
      -0.012811347394956709,
      -0.24128047085493853,
      0.012244775767495239,
      0.03933207416599499
    ],
    [
      -0.06179116719261882,
      0.12185571994402702,
      0.012811347394956598,
      0.24128047085493842,
      -0.012244775767495239,
      -0.03933207416599488
    ]
  ],
  "ranking_values": [
    0.0617911671926189,
    0.12185571994402702,
    0.012811347394956709,
    0.24128047085493853,
    0.012244775767495239,
    0.03933207416599499
  ],
  "base_value": 0.7333630126321681,
  "max_abs_value": 0.24128047085493842
}