{
  "method": "shap",
  "values": [
    -0.4050278823137297,
    -0.1288663334135388,
    -0.033295048370178236,
    -0.043141938551520806,
    -0.1625981013912499,
    0.03684938331883203
  ],
  "class_values": [
    [
      0.4050278823137297,
      0.1288663334135388,
      0.033295048370178236,
      0.04314193855152064,
      0.16259810139125,
      -0.03684938331883192
    ],
    [
      -0.4050278823137297,
      -0.1288663334135388,
      -0.033295048370178236,
      -0.043141938551520806,
      -0.1625981013912499,
      0.03684938331883203
    ]
  ],
  "ranking_values": [
    0.4050278823137297,
    0.1288663334135388,
    0.033295048370178236,
    0.043141938551520806,
    0.16259810139125,
    0.03684938331883203
  ],
  "base_value": 0.7360799208534508,
  "max_abs_value": 0.4050278823137297
}