{
  "method": "shap",
  "values": [
    0.36729388817270875,
    0.04872982465390647,
    -0.011315837967596745,
    -0.014269183326335467,
    -0.057932646871468575,
    -0.08929900301189658
  ],
  "class_values": [
    [
      -0.36729388817270875,
      -0.04872982465390642,
      0.011315837967596649,
      0.014269183326335482,
      0.05793264687146855,
      0.08929900301189664
    ],
    [
      0.36729388817270875,
      0.04872982465390647,
      -0.011315837967596745,
      -0.014269183326335467,
      -0.057932646871468575,
      -0.08929900301189658
    ]
  ],
  "ranking_values": [
    0.36729388817270875,
    0.04872982465390647,
    0.011315837967596745,
    0.014269183326335482,
    0.057932646871468575,
    0.08929900301189664
  ],
  "base_value": 0.7360799208534508,
  "max_abs_value": 0.36729388817270875
}