{
  "method": "shap",
  "values": [
    0.12730303198151796,
    0.025572599641204487,
    -0.003939328670385995,
    0.005733228313757734,
    0.0379487457578745,
    0.07092879113390455
  ],
  "class_values": [
    [
      -0.12730303198151782,
      -0.02557259964120446,
      0.003939328670385939,
      -0.005733228313757651,
      -0.03794874575787458,
      -0.07092879113390466
    ],
    [
      0.12730303198151796,
      0.025572599641204487,
      -0.003939328670385995,
      0.005733228313757734,
      0.0379487457578745,
      0.07092879113390455
    ]
  ],
  "ranking_values": [
    0.12730303198151796,
    0.025572599641204487,
    0.003939328670385995,
    0.005733228313757734,
    0.03794874575787458,
    0.07092879113390466
  ],
  "base_value": 0.7360799208534508,
  "max_abs_value": 0.12730303198151796
}