{
  "method": "shap",
  "values": [
    0.028067869478889725,
    0.26209590788594755,
    0.08583822766964516,
    -0.019763252130493066,
    0.007014657079378045,
    -0.14679947158818962
  ],
  "class_values": [
    [
      -0.028067869478889798,
      -0.26209590788594755,
      -0.08583822766964512,
      0.019763252130493188,
      -0.0070146570793780975,
      0.14679947158818957
    ],
    [
      0.028067869478889725,
      0.26209590788594755,
      0.08583822766964516,
      -0.019763252130493066,
      0.007014657079378045,
      -0.14679947158818962
    ]
  ],
  "ranking_values": [
    0.028067869478889798,
    0.26209590788594755,
    0.08583822766964516,
    0.019763252130493188,
    0.0070146570793780975,
    0.14679947158818962
  ],
  "base_value": 0.7360799208534508,
  "max_abs_value": 0.26209590788594755
}