{
  "method": "shap",
  "values": [
    0.3156448931058624,
    0.06427917353746321,
    -0.02860731957597138,
    -0.02160792276634496,
    -0.02088353226211033,
    -0.054292119962420615
  ],
  "class_values": [
    [
      -0.31564489310586247,
      -0.06427917353746326,
      0.028607319575971353,
      0.021607922766344934,
      0.02088353226211044,
      0.05429211996242067
    ],
    [
      0.3156448931058624,
      0.06427917353746321,
      -0.02860731957597138,
      -0.02160792276634496,
      -0.02088353226211033,
      -0.054292119962420615
    ]
  ],
  "ranking_values": [
    0.31564489310586247,
    0.06427917353746326,
    0.02860731957597138,
    0.02160792276634496,
    0.02088353226211044,
    0.05429211996242067
  ],
  "base_value": 0.7405368775632675,
  "max_abs_value": 0.3156448931058624
}