{
  "method": "shap",
  "values": [
    0.1212880814788904,
    0.051162852084499715,
    -0.02275975045591156,
    0.11665379882061419,
    -0.0063337872634898745,
    0.00662579270322905
  ],
  "class_values": [
    [
      -0.1212880814788903,
      -0.05116285208449979,
      0.022759750455911554,
      -0.11665379882061405,
      0.006333787263489717,
      -0.00662579270322905
    ],
    [
      0.1212880814788904,
      0.051162852084499715,
      -0.02275975045591156,
      0.11665379882061419,
      -0.0063337872634898745,
      0.00662579270322905
    ]
  ],
  "ranking_values": [
    0.1212880814788904,
    0.05116285208449979,
    0.02275975045591156,
    0.11665379882061419,
    0.0063337872634898745,
    0.00662579270322905
  ],
  "base_value": 0.7333630126321681,
  "max_abs_value": 0.1212880814788904
}