{
  "method": "shap",
  "values": [
    -0.1044298211078944,
    -0.6102808613256526,
    -0.05363853244494554,
    -0.024676912001990087,
    -0.013065489534622911,
    0.07272886917381971
  ],
  "class_values": [
    [
      0.1044298211078945,
      0.6102808613256526,
      0.05363853244494565,
      0.024676912001989976,
      0.013065489534622911,
      -0.07272886917381993
    ],
    [
      -0.1044298211078944,
      -0.6102808613256526,
      -0.05363853244494554,
      -0.024676912001990087,
      -0.013065489534622911,
      0.07272886917381971
    ]
  ],
  "ranking_values": [
    0.1044298211078945,
    0.6102808613256526,
    0.05363853244494565,
    0.024676912001990087,
    0.013065489534622911,
    0.07272886917381993
  ],
  "base_value": 0.7333630126321681,
  "max_abs_value": 0.6102808613256526
}