{
  "method": "shap",
  "values": [
    -0.17119420208458253,
    -0.010549794915760535,
    0.18920769058659917,
    0.09062068485747653,
    0.028751860785015168,
    0.12973735625606692
  ],
  "class_values": [
    [
      0.17119420208458258,
      0.010549794915760522,
      -0.1892076905865992,
      -0.09062068485747644,
      -0.02875186078501522,
      -0.12973735625606697
    ],
    [
      -0.17119420208458253,
      -0.010549794915760535,
      0.18920769058659917,
      0.09062068485747653,
      0.028751860785015168,
      0.12973735625606692
    ]
  ],
  "ranking_values": [
    0.17119420208458258,
    0.010549794915760535,
    0.1892076905865992,
    0.09062068485747653,
    0.02875186078501522,
    0.12973735625606697
  ],
  "base_value": 0.7405368775632675,
  "max_abs_value": 0.18920769058659917
}