{
  "method": "shap",
  "values": [
    0.02160160123880826,
    0.027343177156064335,
    0.0009383356883923671,
    -0.004578812979981801,
    0.11910806184456374,
    0.09950762809967073
  ],
  "class_values": [
    [
      -0.021601601238808284,
      -0.027343177156064456,
      -0.0009383356883922785,
      0.004578812979981876,
      -0.1191080618445638,
      -0.09950762809967068
    ],
    [
      0.02160160123880826,
      0.027343177156064335,
      0.0009383356883923671,
      -0.004578812979981801,
      0.11910806184456374,
      0.09950762809967073
    ]
  ],
  "ranking_values": [
    0.021601601238808284,
    0.027343177156064456,
    0.0009383356883923671,
    0.004578812979981876,
    0.1191080618445638,
    0.09950762809967073
  ],
  "base_value": 0.7360799208534508,
  "max_abs_value": 0.11910806184456374
}