{
  "method": "shap",
  "values": [
    0.10820907658062548,
    -0.16346043577473904,
    0.14284453621000007,
    0.018662100951509508,
    0.05096009942213665,
    0.10697809429975152
  ],
  "class_values": [
    [
      -0.1082090765806255,
      0.16346043577473907,
      -0.14284453621000018,
      -0.018662100951509407,
      -0.05096009942213663,
      -0.10697809429975155
    ],
    [
      0.10820907658062548,
      -0.16346043577473904,
      0.14284453621000007,
      0.018662100951509508,
      0.05096009942213665,
      0.10697809429975152
    ]
  ],
  "ranking_values": [
    0.1082090765806255,
    0.16346043577473907,
    0.14284453621000018,
    0.018662100951509508,
    0.05096009942213665,
    0.10697809429975155
  ],
  "base_value": 0.7333630126321681,
  "max_abs_value": 0.16346043577473904
}