{
  "method": "shap",
  "values": [
    0.03816178878340029,
    0.05527044153598526,
    0.025204221859525266,
    0.0818101282906893,
    0.10050735898111988,
    -0.03434834276751353
  ],
  "class_values": [
    [
      -0.03816178878340027,
      -0.05527044153598527,
      -0.025204221859525342,
      -0.08181012829068936,
      -0.10050735898111977,
      0.03434834276751353
    ],
    [
      0.03816178878340029,
      0.05527044153598526,
      0.025204221859525266,
      0.0818101282906893,
      0.10050735898111988,
      -0.03434834276751353
    ]
  ],
  "ranking_values": [
    0.03816178878340029,
    0.05527044153598527,
    0.025204221859525342,
    0.08181012829068936,
    0.10050735898111988,
    0.03434834276751353
  ],
  "base_value": 0.7333630126321681,
  "max_abs_value": 0.10050735898111988
}