{
  "method": "shap",
  "values": [
    0.09641088659886765,
    0.18177640384009205,
    -0.006657763428063546,
    -0.006001312088385168,
    0.005050020596430021,
    -0.004320486969774162
  ],
  "class_values": [
    [
      -0.09641088659886768,
      -0.18177640384009203,
      0.00665776342806348,
      0.006001312088385185,
      -0.005050020596429941,
      0.004320486969774218
    ],
    [
      0.09641088659886765,
      0.18177640384009205,
      -0.006657763428063546,
      -0.006001312088385168,
      0.005050020596430021,
      -0.004320486969774162
    ]
  ],
  "ranking_values": [
    0.09641088659886768,
    0.18177640384009205,
    0.006657763428063546,
    0.006001312088385185,
    0.005050020596430021,
    0.004320486969774218
  ],
  "base_value": 0.7333630126321681,
  "max_abs_value": 0.18177640384009205
}