{
  "method": "shap",
  "values": [
    0.04382887961880749,
    0.11961017061281637,
    -0.15233960630624543,
    -0.1969280037285325,
    -0.38950256884117723,
    -0.13942757970594355
  ],
  "class_values": [
    [
      -0.04382887961880751,
      -0.1196101706128165,
      0.1523396063062454,
      0.19692800372853247,
      0.38950256884117745,
      0.13942757970594355
    ],
    [
      0.04382887961880749,
      0.11961017061281637,
      -0.15233960630624543,
      -0.1969280037285325,
      -0.38950256884117723,
      -0.13942757970594355
    ]
  ],
  "ranking_values": [
    0.04382887961880751,
    0.1196101706128165,
    0.15233960630624543,
    0.1969280037285325,
    0.38950256884117745,
    0.13942757970594355
  ],
  "base_value": 0.7333630126321681,
  "max_abs_value": 0.38950256884117723
}