{
  "method": "shap",
  "values": [
    -0.21496734534818548,
    0.08361151097679519,
    -0.08077989806037479,
    -0.20943898843747757,
    -0.0603969595044298,
    0.07442723211241553
  ],
  "class_values": [
    [
      0.21496734534818537,
      -0.08361151097679502,
      0.08077989806037485,
      0.20943898843747746,
      0.06039695950442985,
      -0.07442723211241559
    ],
    [
      -0.21496734534818548,
      0.08361151097679519,
      -0.08077989806037479,
      -0.20943898843747757,
      -0.0603969595044298,
      0.07442723211241553
    ]
  ],
  "ranking_values": [
    0.21496734534818548,
    0.08361151097679519,
    0.08077989806037485,
    0.20943898843747757,
    0.06039695950442985,
    0.07442723211241559
  ],
  "base_value": 0.7360799208534508,
  "max_abs_value": 0.21496734534818548
}