{
  "method": "shap",
  "values": [
    0.016026096736604187,
    0.04954133435635233,
    -0.12112915129219337,
    -0.19531472514125467,
    -0.22854039166527226,
    -0.15516690334666983
  ],
  "class_values": [
    [
      -0.016026096736604326,
      -0.04954133435635227,
      0.12112915129219329,
      0.19531472514125478,
      0.22854039166527232,
      0.15516690334666983
    ],
    [
      0.016026096736604187,
      0.04954133435635233,
      -0.12112915129219337,
      -0.19531472514125467,
      -0.22854039166527226,
      -0.15516690334666983
    ]
  ],
  "ranking_values": [
    0.016026096736604326,
    0.04954133435635233,
    0.12112915129219337,
    0.19531472514125478,
    0.22854039166527232,
    0.15516690334666983
  ],
  "base_value": 0.7333630126321681,
  "max_abs_value": 0.22854039166527226
}