{
  "method": "shap",
  "values": [
    0.03630604615154564,
    0.20262737945487655,
    0.05661337084775361,
    0.015006676753963253,
    0.01851224031075774,
    -0.08098791039148395
  ],
  "class_values": [
    [
      -0.036306046151545604,
      -0.2026273794548767,
      -0.056613370847753655,
      -0.015006676753963248,
      -0.018512240310757693,
      0.08098791039148395
    ],
    [
      0.03630604615154564,
      0.20262737945487655,
      0.05661337084775361,
      0.015006676753963253,
      0.01851224031075774,
      -0.08098791039148395
    ]
  ],
  "ranking_values": [
    0.03630604615154564,
    0.2026273794548767,
    0.056613370847753655,
    0.015006676753963253,
    0.01851224031075774,
    0.08098791039148395
  ],
  "base_value": 0.7333630126321681,
  "max_abs_value": 0.20262737945487655
}