{
  "method": "shap",
  "values": [
    -0.09209550188347633,
    -0.2426787204418018,
    -0.17084167147019172,
    -0.007730565746960001,
    -0.14159658588852495,
    -0.06398715707442237
  ],
  "class_values": [
    [
      0.0920955018834764,
      0.24267872044180158,
      0.1708416714701916,
      0.007730565746960125,
      0.14159658588852514,
      0.06398715707442237
    ],
    [
      -0.09209550188347633,
      -0.2426787204418018,
      -0.17084167147019172,
      -0.007730565746960001,
      -0.14159658588852495,
      -0.06398715707442237
    ]
  ],
  "ranking_values": [
    0.0920955018834764,
    0.2426787204418018,
    0.17084167147019172,
    0.007730565746960125,
    0.14159658588852514,
    0.06398715707442237
  ],
  "base_value": 0.7333630126321681,
  "max_abs_value": 0.2426787204418018
}