{
  "method": "shap",
  "values": [
    0.17467360875004806,
    -0.011650141006082469,
    -0.02164308904521188,
    0.009450190126519306,
    0.1965059144296358,
    -0.09371797573501695
  ],
  "class_values": [
    [
      -0.17467360875004828,
      0.01165014100608258,
      0.021643089045211977,
      -0.009450190126519223,
      -0.19650591442963586,
      0.09371797573501695
    ],
    [
      0.17467360875004806,
      -0.011650141006082469,
      -0.02164308904521188,
      0.009450190126519306,
      0.1965059144296358,
      -0.09371797573501695
    ]
  ],
  "ranking_values": [
    0.17467360875004828,
    0.01165014100608258,
    0.021643089045211977,
    0.009450190126519306,
    0.19650591442963586,
    0.09371797573501695
  ],
  "base_value": 0.7360799208534508,
  "max_abs_value": 0.1965059144296358
}