{
  "method": "shap",
  "values": [
    -0.04387401688979966,
    -0.01044880807249562,
    -0.2617556957178666,
    -0.06851841232294491,
    -0.18363033930529585,
    -0.09285648802431623
  ],
  "class_values": [
    [
      0.04387401688979966,
      0.010448808072495508,
      0.2617556957178666,
      0.06851841232294507,
      0.18363033930529585,
      0.09285648802431612
    ],
    [
      -0.04387401688979966,
      -0.01044880807249562,
      -0.2617556957178666,
      -0.06851841232294491,
      -0.18363033930529585,
      -0.09285648802431623
    ]
  ],
  "ranking_values": [
    0.04387401688979966,
    0.01044880807249562,
    0.2617556957178666,
    0.06851841232294507,
    0.18363033930529585,
    0.09285648802431623
  ],
  "base_value": 0.7405368775632675,
  "max_abs_value": 0.2617556957178666
}