{
  "method": "shap",
  "values": [
    -0.10681521498071488,
    -0.006191779840214254,
    -0.2289715528358238,
    -0.04703062984388373,
    -0.041959858041093416,
    -0.28787099973554914
  ],
  "class_values": [
    [
      0.10681521498071503,
      0.0061917798402142425,
      0.22897155283582385,
      0.04703062984388358,
      0.041959858041093416,
      0.28787099973554914
    ],
    [
      -0.10681521498071488,
      -0.006191779840214254,
      -0.2289715528358238,
      -0.04703062984388373,
      -0.041959858041093416,
      -0.28787099973554914
    ]
  ],
  "ranking_values": [
    0.10681521498071503,
    0.006191779840214254,
    0.22897155283582385,
    0.04703062984388373,
    0.041959858041093416,
    0.28787099973554914
  ],
  "base_value": 0.7333630126321681,
  "max_abs_value": 0.28787099973554914
}