{
  "method": "shap",
  "values": [
    0.028976723213241067,
    -0.14251520834851758,
    -0.12902719898796075,
    -0.01254192337318121,
    -0.14128298117846846,
    -0.029815789137609183
  ],
  "class_values": [
    [
      -0.02897672321324106,
      0.1425152083485175,
      0.12902719898796086,
      0.012541923373181217,
      0.14128298117846846,
      0.029815789137609183
    ],
    [
      0.028976723213241067,
      -0.14251520834851758,
      -0.12902719898796075,
      -0.01254192337318121,
      -0.14128298117846846,
      -0.029815789137609183
    ]
  ],
  "ranking_values": [
    0.028976723213241067,
    0.14251520834851758,
    0.12902719898796086,
    0.012541923373181217,
    0.14128298117846846,
    0.029815789137609183
  ],
  "base_value": 0.7333630126321681,
  "max_abs_value": 0.14251520834851758
}