{
  "method": "shap",
  "values": [
    -0.004175000121924813,
    -0.4843662391579071,
    0.042548447518322735,
    -0.18814471453563844,
    0.00502299546326106,
    -0.10424727338936213
  ],
  "class_values": [
    [
      0.0041750001219247445,
      0.48436623915790716,
      -0.04254844751832269,
      0.1881447145356385,
      -0.005022995463261271,
      0.10424727338936224
    ],
    [
      -0.004175000121924813,
      -0.4843662391579071,
      0.042548447518322735,
      -0.18814471453563844,
      0.00502299546326106,
      -0.10424727338936213
    ]
  ],
  "ranking_values": [
    0.004175000121924813,
    0.48436623915790716,
    0.042548447518322735,
    0.1881447145356385,
    0.005022995463261271,
    0.10424727338936224
  ],
  "base_value": 0.7333630126321681,
  "max_abs_value": 0.4843662391579071
}