{
  "method": "shap",
  "values": [
    -0.04454467838453905,
    -0.02244886121469446,
    -0.14638616092061255,
    -0.0031737320987299477,
    0.03786597896625153,
    -0.025292643886611288
  ],
  "class_values": [
    [
      0.04454467838453915,
      0.022448861214694422,
      0.14638616092061257,
      0.0031737320987299503,
      -0.0378659789662516,
      0.02529264388661126
    ],
    [
      -0.04454467838453905,
      -0.02244886121469446,
      -0.14638616092061255,
      -0.0031737320987299477,
      0.03786597896625153,
      -0.025292643886611288
    ]
  ],
  "ranking_values": [
    0.04454467838453915,
    0.02244886121469446,
    0.14638616092061257,
    0.0031737320987299503,
    0.0378659789662516,
    0.025292643886611288
  ],
  "base_value": 0.7333630126321681,
  "max_abs_value": 0.14638616092061255
}