{
  "method": "shap",
  "values": [
    -0.07599609341168141,
    -0.08307537461953134,
    -0.13285153937573174,
    -0.0996391662668665,
    -0.10880237074482996,
    -0.23209026064737015
  ],
  "class_values": [
    [
      0.07599609341168118,
      0.08307537461953138,
      0.1328515393757317,
      0.09963916626686671,
      0.10880237074482985,
      0.23209026064737026
    ],
    [
      -0.07599609341168141,
      -0.08307537461953134,
      -0.13285153937573174,
      -0.0996391662668665,
      -0.10880237074482996,
      -0.23209026064737015
    ]
  ],
  "ranking_values": [
    0.07599609341168141,
    0.08307537461953138,
    0.13285153937573174,
    0.09963916626686671,
    0.10880237074482996,
    0.23209026064737026
  ],
  "base_value": 0.7333630126321681,
  "max_abs_value": 0.23209026064737015
}