{
  "method": "shap",
  "values": [
    0.34724136169141756,
    0.02825886443237745,
    0.0030267437639568038,
    -0.024950371709120043,
    -0.02485248333858905,
    -0.06736039351096879
  ],
  "class_values": [
    [
      -0.34724136169141756,
      -0.02825886443237735,
      -0.0030267437639567587,
      0.024950371709119977,
      0.024852483338589103,
      0.06736039351096873
    ],
    [
      0.34724136169141756,
      0.02825886443237745,
      0.0030267437639568038,
      -0.024950371709120043,
      -0.02485248333858905,
      -0.06736039351096879
    ]
  ],
  "ranking_values": [
    0.34724136169141756,
    0.02825886443237745,
    0.0030267437639568038,
    0.024950371709120043,
    0.024852483338589103,
    0.06736039351096879
  ],
  "base_value": 0.7360799208534508,
  "max_abs_value": 0.34724136169141756
}