{
  "method": "shap",
  "values": [
    -0.17119420208458258,
    -0.010549794915760583,
    0.18920769058659917,
    0.09062068485747665,
    0.02875186078501497,
    0.1297373562560671
  ],
  "class_values": [
    [
      0.1711942020845826,
      0.010549794915760625,
      -0.18920769058659917,
      -0.09062068485747668,
      -0.028751860785014984,
      -0.1297373562560672
    ],
    [
      -0.17119420208458258,
      -0.010549794915760583,
      0.18920769058659917,
      0.09062068485747665,
      0.02875186078501497,
      0.1297373562560671
    ]
  ],
  "ranking_values": [
    0.1711942020845826,
    0.010549794915760625,
    0.18920769058659917,
    0.09062068485747668,
    0.028751860785014984,
    0.1297373562560672
  ],
  "base_value": 0.7405368775632675,
  "max_abs_value": 0.18920769058659917
}