{
  "method": "shap",
  "values": [
    -0.3049929402083421,
    0.04993739868646674,
    0.041847002690308444,
    -0.10200877175496133,
    -0.09857653812266502,
    -0.2814802900773959
  ],
  "class_values": [
    [
      0.304992940208342,
      -0.04993739868646682,
      -0.04184700269030847,
      0.10200877175496136,
      0.09857653812266508,
      0.28148029007739606
    ],
    [
      -0.3049929402083421,
      0.04993739868646674,
      0.041847002690308444,
      -0.10200877175496133,
      -0.09857653812266502,
      -0.2814802900773959
    ]
  ],
  "ranking_values": [
    0.3049929402083421,
    0.04993739868646682,
    0.04184700269030847,
    0.10200877175496136,
    0.09857653812266508,
    0.28148029007739606
  ],
  "base_value": 0.7360799208534508,
  "max_abs_value": 0.3049929402083421
}