{
  "method": "shap",
  "values": [
    0.037394870346487113,
    0.11680156245994944,
    -0.011976811546787368,
    0.1317440830399009,
    -0.0016518699672162765,
    -0.00567488959379886
  ],
  "class_values": [
    [
      -0.03739487034648709,
      -0.11680156245994947,
      0.011976811546787227,
      -0.1317440830399008,
      0.001651869967216228,
      0.005674889593798915
    ],
    [
      0.037394870346487113,
      0.11680156245994944,
      -0.011976811546787368,
      0.1317440830399009,
      -0.0016518699672162765,
      -0.00567488959379886
    ]
  ],
  "ranking_values": [
    0.037394870346487113,
    0.11680156245994947,
    0.011976811546787368,
    0.1317440830399009,
    0.0016518699672162765,
    0.005674889593798915
  ],
  "base_value": 0.7333630126321681,
  "max_abs_value": 0.1317440830399009
}