{
  "method": "shap",
  "values": [
    -0.0677840114391953,
    -0.2664832085509909,
    -0.11832647634552543,
    -0.1775519260461882,
    -0.10365663316410192,
    0.008603212698162
  ],
  "class_values": [
    [
      0.06778401143919535,
      0.266483208550991,
      0.11832647634552543,
      0.17755192604618814,
      0.10365663316410192,
      -0.008603212698162221
    ],
    [
      -0.0677840114391953,
      -0.2664832085509909,
      -0.11832647634552543,
      -0.1775519260461882,
      -0.10365663316410192,
      0.008603212698162
    ]
  ],
  "ranking_values": [
    0.06778401143919535,
    0.266483208550991,
    0.11832647634552543,
    0.1775519260461882,
    0.10365663316410192,
    0.008603212698162221
  ],
  "base_value": 0.7333630126321681,
  "max_abs_value": 0.2664832085509909
}