{
  "method": "shap",
  "values": [
    -0.00796898470767315,
    -0.6833988899397,
    -0.02031103520495364,
    -0.0003216401389789073,
    0.01873834832693478,
    -0.040024273702484625
  ],
  "class_values": [
    [
      0.007968984707673371,
      0.6833988899397,
      0.020311035204953528,
      0.0003216401389787963,
      -0.01873834832693478,
      0.040024273702484625
    ],
    [
      -0.00796898470767315,
      -0.6833988899397,
      -0.02031103520495364,
      -0.0003216401389789073,
      0.01873834832693478,
      -0.040024273702484625
    ]
  ],
  "ranking_values": [
    0.007968984707673371,
    0.6833988899397,
    0.02031103520495364,
    0.0003216401389789073,
    0.01873834832693478,
    0.040024273702484625
  ],
  "base_value": 0.7333630126321681,
  "max_abs_value": 0.6833988899397
}