{
  "method": "shap",
  "values": [
    -0.46339215018220314,
    0.047824955057336714,
    -0.008516173316224495,
    -0.16789429020418603,
    -0.07257979308265691,
    -0.00024035371570318986
  ],
  "class_values": [
    [
      0.46339215018220303,
      -0.04782495505733684,
      0.008516173316224602,
      0.16789429020418606,
      0.07257979308265693,
      0.00024035371570318986
    ],
    [
      -0.46339215018220314,
      0.047824955057336714,
      -0.008516173316224495,
      -0.16789429020418603,
      -0.07257979308265691,
      -0.00024035371570318986
    ]
  ],
  "ranking_values": [
    0.46339215018220314,
    0.04782495505733684,
    0.008516173316224602,
    0.16789429020418606,
    0.07257979308265693,
    0.00024035371570318986
  ],
  "base_value": 0.7405368775632675,
  "max_abs_value": 0.46339215018220314
}