{
  "method": "shap",
  "values": [
    0.14089102062869205,
    0.13620407470408358,
    -0.04676842260730327,
    0.14398438492308954,
    -0.007910400203049709,
    -0.12282691408541446
  ],
  "class_values": [
    [
      -0.14089102062869222,
      -0.13620407470408355,
      0.04676842260730338,
      -0.14398438492308963,
      0.007910400203049709,
      0.12282691408541452
    ],
    [
      0.14089102062869205,
      0.13620407470408358,
      -0.04676842260730327,
      0.14398438492308954,
      -0.007910400203049709,
      -0.12282691408541446
    ]
  ],
  "ranking_values": [
    0.14089102062869222,
    0.13620407470408358,
    0.04676842260730338,
    0.14398438492308963,
    0.007910400203049709,
    0.12282691408541452
  ],
  "base_value": 0.7333630126321681,
  "max_abs_value": 0.14398438492308954
}