{
  "method": "shap",
  "values": [
    0.12187575148237191,
    -0.0002638996763938694,
    0.04757087659798281,
    0.05169051381694337,
    -0.0915381661008521,
    0.09215720622140944
  ],
  "class_values": [
    [
      -0.1218757514823719,
      0.0002638996763937729,
      -0.047570876597982766,
      -0.051690513816943395,
      0.09153816610085208,
      -0.09215720622140935
    ],
    [
      0.12187575148237191,
      -0.0002638996763938694,
      0.04757087659798281,
      0.05169051381694337,
      -0.0915381661008521,
      0.09215720622140944
    ]
  ],
  "ranking_values": [
    0.12187575148237191,
    0.0002638996763938694,
    0.04757087659798281,
    0.051690513816943395,
    0.0915381661008521,
    0.09215720622140944
  ],
  "base_value": 0.7333630126321681,
  "max_abs_value": 0.12187575148237191
}