{
  "method": "shap",
  "values": [
    -0.26946227973965875,
    0.016493766212236142,
    -0.1673955242544487,
    -0.12987472705691866,
    -0.07745082502825822,
    -0.08481082669515716
  ],
  "class_values": [
    [
      0.2694622797396588,
      -0.016493766212236253,
      0.1673955242544487,
      0.12987472705691866,
      0.07745082502825833,
      0.08481082669515716
    ],
    [
      -0.26946227973965875,
      0.016493766212236142,
      -0.1673955242544487,
      -0.12987472705691866,
      -0.07745082502825822,
      -0.08481082669515716
    ]
  ],
  "ranking_values": [
    0.2694622797396588,
    0.016493766212236253,
    0.1673955242544487,
    0.12987472705691866,
    0.07745082502825833,
    0.08481082669515716
  ],
  "base_value": 0.7333630126321681,
  "max_abs_value": 0.26946227973965875
}