{
  "method": "shap",
  "values": [
    0.11024128767654974,
    0.11539942130298857,
    -0.035051878349055446,
    0.016205308421086605,
    0.005904677565564399,
    0.04323418344095273
  ],
  "class_values": [
    [
      -0.11024128767654971,
      -0.11539942130298854,
      0.0350518783490554,
      -0.016205308421086678,
      -0.005904677565564316,
      -0.043234183440952784
    ],
    [
      0.11024128767654974,
      0.11539942130298857,
      -0.035051878349055446,
      0.016205308421086605,
      0.005904677565564399,
      0.04323418344095273
    ]
  ],
  "ranking_values": [
    0.11024128767654974,
    0.11539942130298857,
    0.035051878349055446,
    0.016205308421086678,
    0.005904677565564399,
    0.043234183440952784
  ],
  "base_value": 0.7333630126321681,
  "max_abs_value": 0.11539942130298857
}