{
  "method": "shap",
  "values": [
    0.10523393300531872,
    0.10364566982657208,
    0.014636337124064338,
    0.030776908625323677,
    -0.002599496959931106,
    0.014941018668159833
  ],
  "class_values": [
    [
      -0.10523393300531866,
      -0.10364566982657211,
      -0.014636337124064315,
      -0.030776908625323708,
      0.002599496959931105,
      -0.014941018668159833
    ],
    [
      0.10523393300531872,
      0.10364566982657208,
      0.014636337124064338,
      0.030776908625323677,
      -0.002599496959931106,
      0.014941018668159833
    ]
  ],
  "ranking_values": [
    0.10523393300531872,
    0.10364566982657211,
    0.014636337124064338,
    0.030776908625323708,
    0.002599496959931106,
    0.014941018668159833
  ],
  "base_value": 0.7333630126321681,
  "max_abs_value": 0.10523393300531872
}