{
  "method": "shap",
  "values": [
    0.07654286570064538,
    0.1026540986001578,
    0.08609157161060346,
    0.015068475536130199,
    -0.024717483710272478,
    0.0038235944283281365
  ],
  "class_values": [
    [
      -0.07654286570064531,
      -0.1026540986001578,
      -0.0860915716106035,
      -0.015068475536130116,
      0.024717483710272464,
      -0.0038235944283282475
    ],
    [
      0.07654286570064538,
      0.1026540986001578,
      0.08609157161060346,
      0.015068475536130199,
      -0.024717483710272478,
      0.0038235944283281365
    ]
  ],
  "ranking_values": [
    0.07654286570064538,
    0.1026540986001578,
    0.0860915716106035,
    0.015068475536130199,
    0.024717483710272478,
    0.0038235944283282475
  ],
  "base_value": 0.7405368775632675,
  "max_abs_value": 0.1026540986001578
}