{
  "method": "shap",
  "values": [
    -0.1564921968270349,
    -0.33520682021770154,
    -0.05489814374001861,
    -0.11885444151132403,
    -0.009235310040115702,
    -0.05867510343046822
  ],
  "class_values": [
    [
      0.15649219682703477,
      0.3352068202177016,
      0.05489814374001859,
      0.11885444151132396,
      0.00923531004011592,
      0.05867510343046822
    ],
    [
      -0.1564921968270349,
      -0.33520682021770154,
      -0.05489814374001861,
      -0.11885444151132403,
      -0.009235310040115702,
      -0.05867510343046822
    ]
  ],
  "ranking_values": [
    0.1564921968270349,
    0.3352068202177016,
    0.05489814374001861,
    0.11885444151132403,
    0.00923531004011592,
    0.05867510343046822
  ],
  "base_value": 0.7333630126321681,
  "max_abs_value": 0.33520682021770154
}