{
  "method": "shap",
  "values": [
    0.05309594637881573,
    0.12786437828510805,
    0.06245903203236849,
    0.039321741110503405,
    -0.038663305009928935,
    -0.011075092593475888
  ],
  "class_values": [
    [
      -0.0530959463788158,
      -0.1278643782851079,
      -0.06245903203236851,
      -0.039321741110503496,
      0.03866330500992899,
      0.011075092593475833
    ],
    [
      0.05309594637881573,
      0.12786437828510805,
      0.06245903203236849,
      0.039321741110503405,
      -0.038663305009928935,
      -0.011075092593475888
    ]
  ],
  "ranking_values": [
    0.0530959463788158,
    0.12786437828510805,
    0.06245903203236851,
    0.039321741110503496,
    0.03866330500992899,
    0.011075092593475888
  ],
  "base_value": 0.7405368775632675,
  "max_abs_value": 0.12786437828510805
}