{
  "method": "shap",
  "values": [
    0.07810554260894571,
    -0.016220182599648733,
    0.005616529293606689,
    0.20640236763255262,
    0.028079428057471573,
    -0.035346908657897025
  ],
  "class_values": [
    [
      -0.07810554260894567,
      0.016220182599648744,
      -0.005616529293606789,
      -0.20640236763255265,
      -0.028079428057471597,
      0.03534690865789719
    ],
    [
      0.07810554260894571,
      -0.016220182599648733,
      0.005616529293606689,
      0.20640236763255262,
      0.028079428057471573,
      -0.035346908657897025
    ]
  ],
  "ranking_values": [
    0.07810554260894571,
    0.016220182599648744,
    0.005616529293606789,
    0.20640236763255265,
    0.028079428057471597,
    0.03534690865789719
  ],
  "base_value": 0.7333630126321681,
  "max_abs_value": 0.20640236763255262
}