{
  "method": "shap",
  "values": [
    -0.21343681977799092,
    -0.20534897909715913,
    -0.03860522842160539,
    -0.043561863838535386,
    -0.21848755229812,
    -0.01391819808712047
  ],
  "class_values": [
    [
      0.21343681977799106,
      0.20534897909715938,
      0.03860522842160524,
      0.04356186383853535,
      0.2184875522981198,
      0.01391819808712047
    ],
    [
      -0.21343681977799092,
      -0.20534897909715913,
      -0.03860522842160539,
      -0.043561863838535386,
      -0.21848755229812,
      -0.01391819808712047
    ]
  ],
  "ranking_values": [
    0.21343681977799106,
    0.20534897909715938,
    0.03860522842160539,
    0.043561863838535386,
    0.21848755229812,
    0.01391819808712047
  ],
  "base_value": 0.7333630126321681,
  "max_abs_value": 0.21848755229812
}