{
  "method": "shap",
  "values": [
    0.05440104890659302,
    -0.22299275943352806,
    0.15647208851907746,
    0.07905601291354353,
    0.02361651004736547,
    -0.030930763516336016
  ],
  "class_values": [
    [
      -0.05440104890659295,
      0.22299275943352795,
      -0.15647208851907743,
      -0.07905601291354353,
      -0.023616510047365483,
      0.03093076351633603
    ],
    [
      0.05440104890659302,
      -0.22299275943352806,
      0.15647208851907746,
      0.07905601291354353,
      0.02361651004736547,
      -0.030930763516336016
    ]
  ],
  "ranking_values": [
    0.05440104890659302,
    0.22299275943352806,
    0.15647208851907746,
    0.07905601291354353,
    0.023616510047365483,
    0.03093076351633603
  ],
  "base_value": 0.7333630126321681,
  "max_abs_value": 0.22299275943352806
}