{
  "method": "shap",
  "values": [
    -0.038935622091485426,
    -0.30621078154746484,
    -0.13723102724564545,
    -0.07081829244403494,
    -0.11397111260831566,
    -0.05038116848283036
  ],
  "class_values": [
    [
      0.03893562209148559,
      0.30621078154746456,
      0.1372310272456455,
      0.07081829244403494,
      0.11397111260831566,
      0.05038116848283036
    ],
    [
      -0.038935622091485426,
      -0.30621078154746484,
      -0.13723102724564545,
      -0.07081829244403494,
      -0.11397111260831566,
      -0.05038116848283036
    ]
  ],
  "ranking_values": [
    0.03893562209148559,
    0.30621078154746484,
    0.1372310272456455,
    0.07081829244403494,
    0.11397111260831566,
    0.05038116848283036
  ],
  "base_value": 0.7333630126321681,
  "max_abs_value": 0.30621078154746484
}