{
  "method": "shap",
  "values": [
    0.010260674935063737,
    0.035753340514498015,
    0.0027177234615042766,
    0.0976259620421018,
    0.19992639813489566,
    -0.10868160993811904
  ],
  "class_values": [
    [
      -0.010260674935063793,
      -0.03575334051449799,
      -0.0027177234615042766,
      -0.09762596204210167,
      -0.19992639813489566,
      0.10868160993811893
    ],
    [
      0.010260674935063737,
      0.035753340514498015,
      0.0027177234615042766,
      0.0976259620421018,
      0.19992639813489566,
      -0.10868160993811904
    ]
  ],
  "ranking_values": [
    0.010260674935063793,
    0.035753340514498015,
    0.0027177234615042766,
    0.0976259620421018,
    0.19992639813489566,
    0.10868160993811904
  ],
  "base_value": 0.7360799208534508,
  "max_abs_value": 0.19992639813489566
}