{
  "method": "shap",
  "values": [
    0.05255638832621123,
    0.20818808371368225,
    -0.007900234625485456,
    0.037748379254196884,
    0.036769752235239615,
    -0.06407713154323047
  ],
  "class_values": [
    [
      -0.052556388326211186,
      -0.20818808371368233,
      0.007900234625485383,
      -0.037748379254196794,
      -0.03676975223523967,
      0.06407713154323053
    ],
    [
      0.05255638832621123,
      0.20818808371368225,
      -0.007900234625485456,
      0.037748379254196884,
      0.036769752235239615,
      -0.06407713154323047
    ]
  ],
  "ranking_values": [
    0.05255638832621123,
    0.20818808371368233,
    0.007900234625485456,
    0.037748379254196884,
    0.03676975223523967,
    0.06407713154323053
  ],
  "base_value": 0.7333630126321681,
  "max_abs_value": 0.20818808371368225
}