{
  "method": "shap",
  "values": [
    -0.02937056142340522,
    0.3030860373578954,
    -0.030935726681323803,
    -0.021937824217358952,
    0.12030483840960321,
    -0.0855295053497066
  ],
  "class_values": [
    [
      0.02937056142340532,
      -0.30308603735789547,
      0.030935726681323737,
      0.02193782421735897,
      -0.12030483840960321,
      0.0855295053497066
    ],
    [
      -0.02937056142340522,
      0.3030860373578954,
      -0.030935726681323803,
      -0.021937824217358952,
      0.12030483840960321,
      -0.0855295053497066
    ]
  ],
  "ranking_values": [
    0.02937056142340532,
    0.30308603735789547,
    0.030935726681323803,
    0.02193782421735897,
    0.12030483840960321,
    0.0855295053497066
  ],
  "base_value": 0.7333630126321681,
  "max_abs_value": 0.3030860373578954
}