{
  "method": "shap",
  "values": [
    0.12882830445444857,
    0.05971569009832356,
    0.00802127477053391,
    0.08702121145343696,
    0.015933361938042855,
    -0.03288285570760674
  ],
  "class_values": [
    [
      -0.12882830445444862,
      -0.05971569009832353,
      -0.008021274770533937,
      -0.08702121145343701,
      -0.015933361938042827,
      0.03288285570760685
    ],
    [
      0.12882830445444857,
      0.05971569009832356,
      0.00802127477053391,
      0.08702121145343696,
      0.015933361938042855,
      -0.03288285570760674
    ]
  ],
  "ranking_values": [
    0.12882830445444862,
    0.05971569009832356,
    0.008021274770533937,
    0.08702121145343701,
    0.015933361938042855,
    0.03288285570760685
  ],
  "base_value": 0.7333630126321681,
  "max_abs_value": 0.12882830445444857
}