{
  "method": "shap",
  "values": [
    -0.02347376021575909,
    -0.06787775171696003,
    0.006128016679150575,
    0.04132658816914267,
    0.09803985696515957,
    0.21248512969779648
  ],
  "class_values": [
    [
      0.023473760215759098,
      0.06787775171696003,
      -0.006128016679150731,
      -0.041326588169142586,
      -0.09803985696515964,
      -0.21248512969779637
    ],
    [
      -0.02347376021575909,
      -0.06787775171696003,
      0.006128016679150575,
      0.04132658816914267,
      0.09803985696515957,
      0.21248512969779648
    ]
  ],
  "ranking_values": [
    0.023473760215759098,
    0.06787775171696003,
    0.006128016679150731,
    0.04132658816914267,
    0.09803985696515964,
    0.21248512969779648
  ],
  "base_value": 0.7333630126321681,
  "max_abs_value": 0.21248512969779648
}