{
  "method": "shap",
  "values": [
    -0.3963184632846889,
    -0.18583150991114183,
    -0.09503410289732948,
    0.011875031899665314,
    -0.041049053802095684,
    -0.026986485600214993
  ],
  "class_values": [
    [
      0.39631846328468895,
      0.18583150991114186,
      0.0950341028973298,
      -0.011875031899665272,
      0.041049053802095475,
      0.02698648560021466
    ],
    [
      -0.3963184632846889,
      -0.18583150991114183,
      -0.09503410289732948,
      0.011875031899665314,
      -0.041049053802095684,
      -0.026986485600214993
    ]
  ],
  "ranking_values": [
    0.39631846328468895,
    0.18583150991114186,
    0.0950341028973298,
    0.011875031899665314,
    0.041049053802095684,
    0.026986485600214993
  ],
  "base_value": 0.7405368775632675,
  "max_abs_value": 0.3963184632846889
}