{
  "method": "shap",
  "values": [
    -0.038502151454664846,
    -0.10305355738451805,
    -0.04819580549793123,
    -0.25353995502111754,
    -0.15892958010450212,
    -0.12575748171277812
  ],
  "class_values": [
    [
      0.03850215145466507,
      0.10305355738451802,
      0.04819580549793112,
      0.25353995502111754,
      0.15892958010450212,
      0.12575748171277812
    ],
    [
      -0.038502151454664846,
      -0.10305355738451805,
      -0.04819580549793123,
      -0.25353995502111754,
      -0.15892958010450212,
      -0.12575748171277812
    ]
  ],
  "ranking_values": [
    0.03850215145466507,
    0.10305355738451805,
    0.04819580549793123,
    0.25353995502111754,
    0.15892958010450212,
    0.12575748171277812
  ],
  "base_value": 0.7333630126321681,
  "max_abs_value": 0.25353995502111754
}