{
  "method": "shap",
  "values": [
    -0.43308034437508014,
    -0.09726708903795282,
    0.03190004318496471,
    -0.09452615158459032,
    0.021453466190273825,
    -0.16037099156793921
  ],
  "class_values": [
    [
      0.43308034437508014,
      0.0972670890379529,
      -0.03190004318496477,
      0.09452615158459024,
      -0.02145346619027387,
      0.16037099156793932
    ],
    [
      -0.43308034437508014,
      -0.09726708903795282,
      0.03190004318496471,
      -0.09452615158459032,
      0.021453466190273825,
      -0.16037099156793921
    ]
  ],
  "ranking_values": [
    0.43308034437508014,
    0.0972670890379529,
    0.03190004318496477,
    0.09452615158459032,
    0.02145346619027387,
    0.16037099156793932
  ],
  "base_value": 0.7333630126321681,
  "max_abs_value": 0.43308034437508014
}