{
  "method": "shap",
  "values": [
    -0.2505055460078907,
    -0.0086757035953136,
    -0.02926593778516139,
    -0.037997623593014285,
    -0.09795900430438706,
    -0.30748948522425457
  ],
  "class_values": [
    [
      0.2505055460078907,
      0.008675703595313711,
      0.0292659377851615,
      0.037997623593014285,
      0.09795900430438706,
      0.30748948522425434
    ],
    [
      -0.2505055460078907,
      -0.0086757035953136,
      -0.02926593778516139,
      -0.037997623593014285,
      -0.09795900430438706,
      -0.30748948522425457
    ]
  ],
  "ranking_values": [
    0.2505055460078907,
    0.008675703595313711,
    0.0292659377851615,
    0.037997623593014285,
    0.09795900430438706,
    0.30748948522425457
  ],
  "base_value": 0.7360799208534508,
  "max_abs_value": 0.30748948522425457
}