{
  "method": "shap",
  "values": [
    0.041800787242526935,
    0.0407104865828989,
    0.005867172849470792,
    -0.006460210012114195,
    0.15081238001104041,
    0.023097058821733796
  ],
  "class_values": [
    [
      -0.041800787242526914,
      -0.04071048658289888,
      -0.005867172849470687,
      0.006460210012114091,
      -0.1508123800110405,
      -0.02309705882173374
    ],
    [
      0.041800787242526935,
      0.0407104865828989,
      0.005867172849470792,
      -0.006460210012114195,
      0.15081238001104041,
      0.023097058821733796
    ]
  ],
  "ranking_values": [
    0.041800787242526935,
    0.0407104865828989,
    0.005867172849470792,
    0.006460210012114195,
    0.1508123800110405,
    0.023097058821733796
  ],
  "base_value": 0.7333630126321681,
  "max_abs_value": 0.15081238001104041
}