{
  "method": "shap",
  "values": [
    0.05710486732381858,
    0.01515515451359673,
    -0.009286952932248413,
    0.12453297287110965,
    0.023481346401281716,
    0.05028669685451079
  ],
  "class_values": [
    [
      -0.057104867323818684,
      -0.015155154513596794,
      0.009286952932248516,
      -0.12453297287110966,
      -0.023481346401281612,
      -0.05028669685451084
    ],
    [
      0.05710486732381858,
      0.01515515451359673,
      -0.009286952932248413,
      0.12453297287110965,
      0.023481346401281716,
      0.05028669685451079
    ]
  ],
  "ranking_values": [
    0.057104867323818684,
    0.015155154513596794,
    0.009286952932248516,
    0.12453297287110966,
    0.023481346401281716,
    0.05028669685451084
  ],
  "base_value": 0.7333630126321681,
  "max_abs_value": 0.12453297287110965
}