{
  "method": "shap",
  "values": [
    -0.5642777494310378,
    -0.08604835893291596,
    0.02720956280144485,
    -0.02850707386240249,
    -0.017770903707316144,
    -0.06668539772122317
  ],
  "class_values": [
    [
      0.5642777494310379,
      0.08604835893291612,
      -0.02720956280144499,
      0.02850707386240249,
      0.017770903707316144,
      0.06668539772122317
    ],
    [
      -0.5642777494310378,
      -0.08604835893291596,
      0.02720956280144485,
      -0.02850707386240249,
      -0.017770903707316144,
      -0.06668539772122317
    ]
  ],
  "ranking_values": [
    0.5642777494310379,
    0.08604835893291612,
    0.02720956280144499,
    0.02850707386240249,
    0.017770903707316144,
    0.06668539772122317
  ],
  "base_value": 0.7360799208534508,
  "max_abs_value": 0.5642777494310378
}