{
  "method": "shap",
  "values": [
    -0.2204325957270107,
    -0.07531061518797318,
    -0.20134974869038927,
    -0.12754999462298192,
    -0.005563846667620611,
    -0.09234712586309979
  ],
  "class_values": [
    [
      0.2204325957270107,
      0.07531061518797318,
      0.20134974869038938,
      0.12754999462298186,
      0.005563846667620611,
      0.09234712586309968
    ],
    [
      -0.2204325957270107,
      -0.07531061518797318,
      -0.20134974869038927,
      -0.12754999462298192,
      -0.005563846667620611,
      -0.09234712586309979
    ]
  ],
  "ranking_values": [
    0.2204325957270107,
    0.07531061518797318,
    0.20134974869038938,
    0.12754999462298192,
    0.005563846667620611,
    0.09234712586309979
  ],
  "base_value": 0.7333630126321681,
  "max_abs_value": 0.2204325957270107
}