{
  "method": "shap",
  "values": [
    -0.5668677039709691,
    -0.0656196150421238,
    -0.09901029135171702,
    0.03006039043275215,
    0.017543411614129128,
    -0.05662594990293568
  ],
  "class_values": [
    [
      0.566867703970969,
      0.06561961504212391,
      0.09901029135171698,
      -0.030060390432752195,
      -0.01754341161412904,
      0.05662594990293568
    ],
    [
      -0.5668677039709691,
      -0.0656196150421238,
      -0.09901029135171702,
      0.03006039043275215,
      0.017543411614129128,
      -0.05662594990293568
    ]
  ],
  "ranking_values": [
    0.5668677039709691,
    0.06561961504212391,
    0.09901029135171702,
    0.030060390432752195,
    0.017543411614129128,
    0.05662594990293568
  ],
  "base_value": 0.7405368775632675,
  "max_abs_value": 0.5668677039709691
}