{
  "method": "shap",
  "values": [
    0.1942357020698164,
    0.052301682944762,
    -0.009020616473959029,
    0.07955048256122813,
    -0.013579535043095533,
    -0.03730911091690198
  ],
  "class_values": [
    [
      -0.1942357020698164,
      -0.05230168294476208,
      0.009020616473958996,
      -0.07955048256122801,
      0.013579535043095637,
      0.03730911091690192
    ],
    [
      0.1942357020698164,
      0.052301682944762,
      -0.009020616473959029,
      0.07955048256122813,
      -0.013579535043095533,
      -0.03730911091690198
    ]
  ],
  "ranking_values": [
    0.1942357020698164,
    0.05230168294476208,
    0.009020616473959029,
    0.07955048256122813,
    0.013579535043095637,
    0.03730911091690198
  ],
  "base_value": 0.7333630126321681,
  "max_abs_value": 0.1942357020698164
}