{
  "method": "shap",
  "values": [
    -0.23913990025740417,
    -0.4633104781838164,
    0.00722144873145319,
    -0.026722026810228637,
    0.009726576849051764,
    -0.02089453790897766
  ],
  "class_values": [
    [
      0.23913990025740406,
      0.4633104781838165,
      -0.007221448731453134,
      0.026722026810228526,
      -0.009726576849051542,
      0.02089453790897755
    ],
    [
      -0.23913990025740417,
      -0.4633104781838164,
      0.00722144873145319,
      -0.026722026810228637,
      0.009726576849051764,
      -0.02089453790897766
    ]
  ],
  "ranking_values": [
    0.23913990025740417,
    0.4633104781838165,
    0.00722144873145319,
    0.026722026810228637,
    0.009726576849051764,
    0.02089453790897766
  ],
  "base_value": 0.7333630126321681,
  "max_abs_value": 0.4633104781838164
}