{
  "method": "shap",
  "values": [
    -0.027260182792340635,
    -0.20261905420799844,
    -0.05664772610699579,
    -0.08503641449234545,
    -0.22144980555275254,
    -0.13707463264683495
  ],
  "class_values": [
    [
      0.027260182792340524,
      0.20261905420799817,
      0.0566477261069959,
      0.08503641449234545,
      0.2214498055527526,
      0.13707463264683517
    ],
    [
      -0.027260182792340635,
      -0.20261905420799844,
      -0.05664772610699579,
      -0.08503641449234545,
      -0.22144980555275254,
      -0.13707463264683495
    ]
  ],
  "ranking_values": [
    0.027260182792340635,
    0.20261905420799844,
    0.0566477261069959,
    0.08503641449234545,
    0.2214498055527526,
    0.13707463264683517
  ],
  "base_value": 0.7333630126321681,
  "max_abs_value": 0.22144980555275254
}