{
  "method": "shap",
  "values": [
    -0.29336557952036696,
    -0.2550298110686106,
    -0.11731003646341097,
    -0.09015626628303552,
    0.0654032145012523,
    -0.04109465838965343
  ],
  "class_values": [
    [
      0.29336557952036696,
      0.2550298110686107,
      0.11731003646341114,
      0.09015626628303536,
      -0.0654032145012523,
      0.04109465838965343
    ],
    [
      -0.29336557952036696,
      -0.2550298110686106,
      -0.11731003646341097,
      -0.09015626628303552,
      0.0654032145012523,
      -0.04109465838965343
    ]
  ],
  "ranking_values": [
    0.29336557952036696,
    0.2550298110686107,
    0.11731003646341114,
    0.09015626628303552,
    0.0654032145012523,
    0.04109465838965343
  ],
  "base_value": 0.7333630126321681,
  "max_abs_value": 0.29336557952036696
}