{
  "method": "shap",
  "values": [
    0.17818303204149308,
    0.10589362594802705,
    0.01555638665457749,
    -0.059077979202886106,
    0.09398759503029007,
    -0.06927203271630566
  ],
  "class_values": [
    [
      -0.178183032041493,
      -0.10589362594802725,
      -0.015556386654577503,
      0.059077979202886106,
      -0.09398759503029001,
      0.06927203271630572
    ],
    [
      0.17818303204149308,
      0.10589362594802705,
      0.01555638665457749,
      -0.059077979202886106,
      0.09398759503029007,
      -0.06927203271630566
    ]
  ],
  "ranking_values": [
    0.17818303204149308,
    0.10589362594802725,
    0.015556386654577503,
    0.059077979202886106,
    0.09398759503029007,
    0.06927203271630572
  ],
  "base_value": 0.7333630126321681,
  "max_abs_value": 0.17818303204149308
}