{
  "method": "shap",
  "values": [
    0.041977910772924704,
    0.1980144621024254,
    0.06952302651238157,
    -0.03477291967351231,
    0.0035839505911766352,
    -0.018707740392491568
  ],
  "class_values": [
    [
      -0.041977910772924766,
      -0.19801446210242538,
      -0.06952302651238149,
      0.03477291967351226,
      -0.003583950591176687,
      0.01870774039249168
    ],
    [
      0.041977910772924704,
      0.1980144621024254,
      0.06952302651238157,
      -0.03477291967351231,
      0.0035839505911766352,
      -0.018707740392491568
    ]
  ],
  "ranking_values": [
    0.041977910772924766,
    0.1980144621024254,
    0.06952302651238157,
    0.03477291967351231,
    0.003583950591176687,
    0.01870774039249168
  ],
  "base_value": 0.7360799208534508,
  "max_abs_value": 0.1980144621024254
}