{
  "method": "shap",
  "values": [
    0.006028381249455163,
    0.022122440044725276,
    -0.02638765478766998,
    0.028084490387483906,
    0.012571917781772569,
    0.179007731008645
  ],
  "class_values": [
    [
      -0.006028381249455219,
      -0.022122440044725238,
      0.026387654787669988,
      -0.028084490387483896,
      -0.01257191778177258,
      -0.17900773100864498
    ],
    [
      0.006028381249455163,
      0.022122440044725276,
      -0.02638765478766998,
      0.028084490387483906,
      0.012571917781772569,
      0.179007731008645
    ]
  ],
  "ranking_values": [
    0.006028381249455219,
    0.022122440044725276,
    0.026387654787669988,
    0.028084490387483906,
    0.01257191778177258,
    0.179007731008645
  ],
  "base_value": 0.7360799208534508,
  "max_abs_value": 0.179007731008645
}