{
  "method": "shap",
  "values": [
    0.10841821535989112,
    0.04866162216833318,
    0.06180903805938122,
    0.004142948314798329,
    0.1062051658999692,
    -0.08708334371959048
  ],
  "class_values": [
    [
      -0.10841821535989123,
      -0.04866162216833321,
      -0.061809038059381274,
      -0.004142948314798218,
      -0.1062051658999692,
      0.08708334371959059
    ],
    [
      0.10841821535989112,
      0.04866162216833318,
      0.06180903805938122,
      0.004142948314798329,
      0.1062051658999692,
      -0.08708334371959048
    ]
  ],
  "ranking_values": [
    0.10841821535989123,
    0.04866162216833321,
    0.061809038059381274,
    0.004142948314798329,
    0.1062051658999692,
    0.08708334371959059
  ],
  "base_value": 0.7360799208534508,
  "max_abs_value": 0.10841821535989112
}