{
  "method": "shap",
  "values": [
    0.15464665020874702,
    0.06865958749836815,
    -0.004537156251605835,
    0.0863735472308873,
    -0.0008924540726657606,
    -0.03761318725166568
  ],
  "class_values": [
    [
      -0.15464665020874718,
      -0.06865958749836819,
      0.004537156251605845,
      -0.08637354723088725,
      0.0008924540726657633,
      0.03761318725166585
    ],
    [
      0.15464665020874702,
      0.06865958749836815,
      -0.004537156251605835,
      0.0863735472308873,
      -0.0008924540726657606,
      -0.03761318725166568
    ]
  ],
  "ranking_values": [
    0.15464665020874718,
    0.06865958749836819,
    0.004537156251605845,
    0.0863735472308873,
    0.0008924540726657633,
    0.03761318725166585
  ],
  "base_value": 0.7333630126321681,
  "max_abs_value": 0.15464665020874702
}