{
  "method": "shap",
  "values": [
    0.023145216041078633,
    -0.3917181363238677,
    -0.07634833831026891,
    -0.19047899196352175,
    -0.07604868812073554,
    -0.021681492833437788
  ],
  "class_values": [
    [
      -0.023145216041078855,
      0.3917181363238678,
      0.07634833831026902,
      0.1904789919635218,
      0.07604868812073554,
      0.021681492833437677
    ],
    [
      0.023145216041078633,
      -0.3917181363238677,
      -0.07634833831026891,
      -0.19047899196352175,
      -0.07604868812073554,
      -0.021681492833437788
    ]
  ],
  "ranking_values": [
    0.023145216041078855,
    0.3917181363238678,
    0.07634833831026902,
    0.1904789919635218,
    0.07604868812073554,
    0.021681492833437788
  ],
  "base_value": 0.7333630126321681,
  "max_abs_value": 0.3917181363238677
}