{
  "method": "shap",
  "values": [
    -0.27428498008278107,
    0.06917161955805767,
    -0.11657929280715418,
    -0.2541840445812397,
    0.007433472957772963,
    -0.1704719809164813
  ],
  "class_values": [
    [
      0.2742849800827809,
      -0.06917161955805756,
      0.11657929280715423,
      0.25418404458123955,
      -0.007433472957772852,
      0.1704719809164813
    ],
    [
      -0.27428498008278107,
      0.06917161955805767,
      -0.11657929280715418,
      -0.2541840445812397,
      0.007433472957772963,
      -0.1704719809164813
    ]
  ],
  "ranking_values": [
    0.27428498008278107,
    0.06917161955805767,
    0.11657929280715423,
    0.2541840445812397,
    0.007433472957772963,
    0.1704719809164813
  ],
  "base_value": 0.7405368775632675,
  "max_abs_value": 0.27428498008278107
}