{
  "method": "shap",
  "values": [
    0.07880029140408916,
    0.1455583979430955,
    0.006148050538854934,
    0.06905303513000909,
    0.006207068411587028,
    -0.03912985669107394
  ],
  "class_values": [
    [
      -0.07880029140408906,
      -0.14555839794309564,
      -0.0061480505388548405,
      -0.06905303513000911,
      -0.006207068411587081,
      0.03912985669107394
    ],
    [
      0.07880029140408916,
      0.1455583979430955,
      0.006148050538854934,
      0.06905303513000909,
      0.006207068411587028,
      -0.03912985669107394
    ]
  ],
  "ranking_values": [
    0.07880029140408916,
    0.14555839794309564,
    0.006148050538854934,
    0.06905303513000911,
    0.006207068411587081,
    0.03912985669107394
  ],
  "base_value": 0.7333630126321681,
  "max_abs_value": 0.1455583979430955
}