{
  "method": "shap",
  "values": [
    -0.034797762439281794,
    -0.2700530572999796,
    -0.13805989303989408,
    -0.07502877726462334,
    -0.18659766792440863,
    -0.028825802344898066
  ],
  "class_values": [
    [
      0.03479776243928185,
      0.2700530572999796,
      0.13805989303989413,
      0.0750287772646234,
      0.18659766792440863,
      0.028825802344897844
    ],
    [
      -0.034797762439281794,
      -0.2700530572999796,
      -0.13805989303989408,
      -0.07502877726462334,
      -0.18659766792440863,
      -0.028825802344898066
    ]
  ],
  "ranking_values": [
    0.03479776243928185,
    0.2700530572999796,
    0.13805989303989413,
    0.0750287772646234,
    0.18659766792440863,
    0.028825802344898066
  ],
  "base_value": 0.7333630126321681,
  "max_abs_value": 0.2700530572999796
}