{
  "method": "shap",
  "values": [
    -0.005525568237004117,
    -0.44340795744596856,
    0.026465313044126696,
    -0.26231723796793466,
    -0.13028356302371627,
    0.13202985520061872
  ],
  "class_values": [
    [
      0.005525568237004283,
      0.44340795744596834,
      -0.02646531304412675,
      0.26231723796793466,
      0.13028356302371627,
      -0.13202985520061872
    ],
    [
      -0.005525568237004117,
      -0.44340795744596856,
      0.026465313044126696,
      -0.26231723796793466,
      -0.13028356302371627,
      0.13202985520061872
    ]
  ],
  "ranking_values": [
    0.005525568237004283,
    0.44340795744596856,
    0.02646531304412675,
    0.26231723796793466,
    0.13028356302371627,
    0.13202985520061872
  ],
  "base_value": 0.7405368775632675,
  "max_abs_value": 0.44340795744596856
}