{
  "method": "shap",
  "values": [
    0.13149085354536535,
    0.021357164929655274,
    0.022988853620594364,
    0.003460090036384713,
    0.03316007511954431,
    0.0514628101510943
  ],
  "class_values": [
    [
      -0.1314908535453653,
      -0.021357164929655247,
      -0.022988853620594434,
      -0.0034600900363845593,
      -0.033160075119544524,
      -0.05146281015109422
    ],
    [
      0.13149085354536535,
      0.021357164929655274,
      0.022988853620594364,
      0.003460090036384713,
      0.03316007511954431,
      0.0514628101510943
    ]
  ],
  "ranking_values": [
    0.13149085354536535,
    0.021357164929655274,
    0.022988853620594434,
    0.003460090036384713,
    0.033160075119544524,
    0.0514628101510943
  ],
  "base_value": 0.7360799208534508,
  "max_abs_value": 0.13149085354536535
}