{
  "method": "shap",
  "values": [
    -0.1287343280067414,
    -0.05081131575904053,
    -0.150251334577215,
    -0.20183635887471116,
    -0.059770789697999746,
    -0.08216866181931703
  ],
  "class_values": [
    [
      0.12873432800674134,
      0.05081131575904062,
      0.15025133457721496,
      0.20183635887471102,
      0.05977078969799974,
      0.08216866181931715
    ],
    [
      -0.1287343280067414,
      -0.05081131575904053,
      -0.150251334577215,
      -0.20183635887471116,
      -0.059770789697999746,
      -0.08216866181931703
    ]
  ],
  "ranking_values": [
    0.1287343280067414,
    0.05081131575904062,
    0.150251334577215,
    0.20183635887471116,
    0.059770789697999746,
    0.08216866181931715
  ],
  "base_value": 0.7333630126321681,
  "max_abs_value": 0.20183635887471116
}