{
  "method": "shap",
  "values": [
    0.04875838549171363,
    0.050218998269924875,
    0.008103804963928898,
    0.031544818925729724,
    0.1586103332548737,
    -0.03332461510590767
  ],
  "class_values": [
    [
      -0.04875838549171359,
      -0.05021899826992483,
      -0.008103804963928887,
      -0.03154481892572969,
      -0.15861033325487378,
      0.03332461510590767
    ],
    [
      0.04875838549171363,
      0.050218998269924875,
      0.008103804963928898,
      0.031544818925729724,
      0.1586103332548737,
      -0.03332461510590767
    ]
  ],
  "ranking_values": [
    0.04875838549171363,
    0.050218998269924875,
    0.008103804963928898,
    0.031544818925729724,
    0.15861033325487378,
    0.03332461510590767
  ],
  "base_value": 0.7360799208534508,
  "max_abs_value": 0.1586103332548737
}