{
  "method": "shap",
  "values": [
    0.022479677095735673,
    -0.2711403070192733,
    -0.032295657932729704,
    -0.2990169880597105,
    -0.11734192507514075,
    -0.035471707311636624
  ],
  "class_values": [
    [
      -0.022479677095735673,
      0.27114030701927316,
      0.032295657932729704,
      0.2990169880597104,
      0.11734192507514087,
      0.035471707311636735
    ],
    [
      0.022479677095735673,
      -0.2711403070192733,
      -0.032295657932729704,
      -0.2990169880597105,
      -0.11734192507514075,
      -0.035471707311636624
    ]
  ],
  "ranking_values": [
    0.022479677095735673,
    0.2711403070192733,
    0.032295657932729704,
    0.2990169880597105,
    0.11734192507514087,
    0.035471707311636735
  ],
  "base_value": 0.7333630126321681,
  "max_abs_value": 0.2990169880597105
}