{
  "method": "shap",
  "values": [
    0.0444105831920852,
    0.2266500072271285,
    0.01988745941556798,
    0.011155753363876966,
    -0.03326176302939692,
    -0.0022052411866649857
  ],
  "class_values": [
    [
      -0.044410583192085185,
      -0.22665000722712847,
      -0.019887459415567965,
      -0.011155753363876982,
      0.03326176302939698,
      0.0022052411866648747
    ],
    [
      0.0444105831920852,
      0.2266500072271285,
      0.01988745941556798,
      0.011155753363876966,
      -0.03326176302939692,
      -0.0022052411866649857
    ]
  ],
  "ranking_values": [
    0.0444105831920852,
    0.2266500072271285,
    0.01988745941556798,
    0.011155753363876982,
    0.03326176302939698,
    0.0022052411866649857
  ],
  "base_value": 0.7333630126321681,
  "max_abs_value": 0.2266500072271285
}