{
  "method": "shap",
  "values": [
    0.11144838044404821,
    0.17944099955217352,
    -0.005539504642129892,
    0.03396479230777496,
    -0.009881714161618567,
    -0.0427961458440555
  ],
  "class_values": [
    [
      -0.11144838044404827,
      -0.17944099955217355,
      0.0055395046421298595,
      -0.03396479230777488,
      0.009881714161618671,
      0.0427961458440555
    ],
    [
      0.11144838044404821,
      0.17944099955217352,
      -0.005539504642129892,
      0.03396479230777496,
      -0.009881714161618567,
      -0.0427961458440555
    ]
  ],
  "ranking_values": [
    0.11144838044404827,
    0.17944099955217355,
    0.005539504642129892,
    0.03396479230777496,
    0.009881714161618671,
    0.0427961458440555
  ],
  "base_value": 0.7333630126321681,
  "max_abs_value": 0.17944099955217352
}