{
  "method": "shap",
  "values": [
    0.10641466410376367,
    -0.023225791040432927,
    0.020873665116539087,
    -0.02135949053846792,
    0.09386252000660493,
    0.04442197624748517
  ],
  "class_values": [
    [
      -0.10641466410376374,
      0.023225791040432976,
      -0.020873665116539177,
      0.02135949053846783,
      -0.0938625200066049,
      -0.04442197624748501
    ],
    [
      0.10641466410376367,
      -0.023225791040432927,
      0.020873665116539087,
      -0.02135949053846792,
      0.09386252000660493,
      0.04442197624748517
    ]
  ],
  "ranking_values": [
    0.10641466410376374,
    0.023225791040432976,
    0.020873665116539177,
    0.02135949053846792,
    0.09386252000660493,
    0.04442197624748517
  ],
  "base_value": 0.7360799208534508,
  "max_abs_value": 0.10641466410376367
}