{
  "method": "shap",
  "values": [
    -0.040409387795704986,
    -0.5528217806243909,
    -0.14439537360294177,
    0.08621415861021926,
    -0.011465270464152438,
    -0.0577209884076878
  ],
  "class_values": [
    [
      0.04040938779570493,
      0.5528217806243911,
      0.14439537360294177,
      -0.08621415861021926,
      0.011465270464152438,
      0.05772098840768769
    ],
    [
      -0.040409387795704986,
      -0.5528217806243909,
      -0.14439537360294177,
      0.08621415861021926,
      -0.011465270464152438,
      -0.0577209884076878
    ]
  ],
  "ranking_values": [
    0.040409387795704986,
    0.5528217806243911,
    0.14439537360294177,
    0.08621415861021926,
    0.011465270464152438,
    0.0577209884076878
  ],
  "base_value": 0.7333630126321681,
  "max_abs_value": 0.5528217806243909
}