{
  "method": "shap",
  "values": [
    -0.2215245382693828,
    0.04823779549623291,
    0.11046868426477925,
    -0.0023799648403933457,
    0.041778516764976736,
    0.2819304929061782
  ],
  "class_values": [
    [
      0.22152453826938276,
      -0.04823779549623289,
      -0.11046868426477921,
      0.0023799648403933847,
      -0.04177851676497675,
      -0.2819304929061783
    ],
    [
      -0.2215245382693828,
      0.04823779549623291,
      0.11046868426477925,
      -0.0023799648403933457,
      0.041778516764976736,
      0.2819304929061782
    ]
  ],
  "ranking_values": [
    0.2215245382693828,
    0.04823779549623291,
    0.11046868426477925,
    0.0023799648403933847,
    0.04177851676497675,
    0.2819304929061783
  ],
  "base_value": 0.7360799208534508,
  "max_abs_value": 0.2819304929061782
}