{
  "method": "shap",
  "values": [
    0.06394852934062893,
    0.0035891480751298523,
    0.057483984340381176,
    -0.032154094670653374,
    0.08469962115143435,
    0.08630730411277746
  ],
  "class_values": [
    [
      -0.06394852934062889,
      -0.00358914807512985,
      -0.0574839843403811,
      0.03215409467065337,
      -0.08469962115143446,
      -0.08630730411277748
    ],
    [
      0.06394852934062893,
      0.0035891480751298523,
      0.057483984340381176,
      -0.032154094670653374,
      0.08469962115143435,
      0.08630730411277746
    ]
  ],
  "ranking_values": [
    0.06394852934062893,
    0.0035891480751298523,
    0.057483984340381176,
    0.032154094670653374,
    0.08469962115143446,
    0.08630730411277748
  ],
  "base_value": 0.7360799208534508,
  "max_abs_value": 0.08630730411277746
}