{
  "method": "shap",
  "values": [
    -0.14951688975101837,
    0.1166169263467859,
    0.1497837360130126,
    0.200783231505041,
    0.032967682666880375,
    -0.12617120561019074
  ],
  "class_values": [
    [
      0.1495168897510184,
      -0.11661692634678596,
      -0.14978373601301267,
      -0.20078323150504102,
      -0.03296768266688028,
      0.1261712056101908
    ],
    [
      -0.14951688975101837,
      0.1166169263467859,
      0.1497837360130126,
      0.200783231505041,
      0.032967682666880375,
      -0.12617120561019074
    ]
  ],
  "ranking_values": [
    0.1495168897510184,
    0.11661692634678596,
    0.14978373601301267,
    0.20078323150504102,
    0.032967682666880375,
    0.1261712056101908
  ],
  "base_value": 0.7360799208534508,
  "max_abs_value": 0.200783231505041
}