{
  "method": "shap",
  "values": [
    0.024148653111161558,
    0.04810168008876477,
    0.06485917662466441,
    0.03276734731903111,
    0.13507388441799975,
    -0.03848338058187639
  ],
  "class_values": [
    [
      -0.024148653111161614,
      -0.04810168008876471,
      -0.06485917662466435,
      -0.03276734731903111,
      -0.13507388441799975,
      0.038483380581876336
    ],
    [
      0.024148653111161558,
      0.04810168008876477,
      0.06485917662466441,
      0.03276734731903111,
      0.13507388441799975,
      -0.03848338058187639
    ]
  ],
  "ranking_values": [
    0.024148653111161614,
    0.04810168008876477,
    0.06485917662466441,
    0.03276734731903111,
    0.13507388441799975,
    0.03848338058187639
  ],
  "base_value": 0.7333630126321681,
  "max_abs_value": 0.13507388441799975
}