{
  "method": "shap",
  "values": [
    0.04296453869532497,
    0.18034922139620613,
    -0.03203868799565889,
    0.052101222460906024,
    0.06337694484122686,
    -0.05203641863318259
  ],
  "class_values": [
    [
      -0.042964538695325016,
      -0.18034922139620616,
      0.03203868799565893,
      -0.05210122246090602,
      -0.06337694484122679,
      0.052036418633182535
    ],
    [
      0.04296453869532497,
      0.18034922139620613,
      -0.03203868799565889,
      0.052101222460906024,
      0.06337694484122686,
      -0.05203641863318259
    ]
  ],
  "ranking_values": [
    0.042964538695325016,
    0.18034922139620616,
    0.03203868799565893,
    0.052101222460906024,
    0.06337694484122686,
    0.05203641863318259
  ],
  "base_value": 0.7333630126321681,
  "max_abs_value": 0.18034922139620613
}