{
  "method": "shap",
  "values": [
    -0.11619951832342038,
    -0.21385969387002537,
    -0.12979074711217528,
    -0.038788194131411054,
    0.004766013695883449,
    -0.23881300814336542
  ],
  "class_values": [
    [
      0.11619951832342033,
      0.21385969387002535,
      0.12979074711217525,
      0.03878819413141108,
      -0.004766013695883291,
      0.23881300814336526
    ],
    [
      -0.11619951832342038,
      -0.21385969387002537,
      -0.12979074711217528,
      -0.038788194131411054,
      0.004766013695883449,
      -0.23881300814336542
    ]
  ],
  "ranking_values": [
    0.11619951832342038,
    0.21385969387002537,
    0.12979074711217528,
    0.03878819413141108,
    0.004766013695883449,
    0.23881300814336542
  ],
  "base_value": 0.7360799208534508,
  "max_abs_value": 0.23881300814336542
}