{
  "method": "shap",
  "values": [
    -0.17687871378125375,
    -0.014030029007947364,
    -0.21302377042289533,
    -0.12397992891387351,
    -0.07375087821708066,
    -0.13169105129218073
  ],
  "class_values": [
    [
      0.17687871378125378,
      0.014030029007947276,
      0.21302377042289536,
      0.12397992891387376,
      0.07375087821708057,
      0.13169105129218062
    ],
    [
      -0.17687871378125375,
      -0.014030029007947364,
      -0.21302377042289533,
      -0.12397992891387351,
      -0.07375087821708066,
      -0.13169105129218073
    ]
  ],
  "ranking_values": [
    0.17687871378125378,
    0.014030029007947364,
    0.21302377042289536,
    0.12397992891387376,
    0.07375087821708066,
    0.13169105129218073
  ],
  "base_value": 0.7333630126321681,
  "max_abs_value": 0.21302377042289533
}