{
  "method": "shap",
  "values": [
    0.13550677031495187,
    0.05883290996623829,
    -0.01932432723566737,
    0.07524312128763203,
    0.0030123223521716885,
    0.013366172126817177
  ],
  "class_values": [
    [
      -0.13550677031495192,
      -0.05883290996623833,
      0.019324327235667474,
      -0.07524312128763211,
      -0.003012322352171715,
      -0.013366172126817122
    ],
    [
      0.13550677031495187,
      0.05883290996623829,
      -0.01932432723566737,
      0.07524312128763203,
      0.0030123223521716885,
      0.013366172126817177
    ]
  ],
  "ranking_values": [
    0.13550677031495192,
    0.05883290996623833,
    0.019324327235667474,
    0.07524312128763211,
    0.003012322352171715,
    0.013366172126817177
  ],
  "base_value": 0.7333630126321681,
  "max_abs_value": 0.13550677031495187
}