{
  "method": "shap",
  "values": [
    0.12779163176352526,
    0.07790051471576118,
    0.0021384966736752633,
    0.02722796244421685,
    -0.0015769656545321876,
    0.033154515282185604
  ],
  "class_values": [
    [
      -0.12779163176352518,
      -0.0779005147157612,
      -0.0021384966736753136,
      -0.02722796244421679,
      0.0015769656545321614,
      -0.03315451528218566
    ],
    [
      0.12779163176352526,
      0.07790051471576118,
      0.0021384966736752633,
      0.02722796244421685,
      -0.0015769656545321876,
      0.033154515282185604
    ]
  ],
  "ranking_values": [
    0.12779163176352526,
    0.0779005147157612,
    0.0021384966736753136,
    0.02722796244421685,
    0.0015769656545321876,
    0.03315451528218566
  ],
  "base_value": 0.7333630126321681,
  "max_abs_value": 0.12779163176352526
}