{
  "method": "shap",
  "values": [
    -0.34937901665752313,
    -0.03164786996420236,
    -0.021984715426640496,
    -0.12552437891537938,
    -0.08266155955742611,
    -0.09769398065338064
  ],
  "class_values": [
    [
      0.3493790166575231,
      0.0316478699642023,
      0.021984715426640468,
      0.1255243789153795,
      0.08266155955742606,
      0.09769398065338075
    ],
    [
      -0.34937901665752313,
      -0.03164786996420236,
      -0.021984715426640496,
      -0.12552437891537938,
      -0.08266155955742611,
      -0.09769398065338064
    ]
  ],
  "ranking_values": [
    0.34937901665752313,
    0.03164786996420236,
    0.021984715426640496,
    0.1255243789153795,
    0.08266155955742611,
    0.09769398065338075
  ],
  "base_value": 0.7360799208534508,
  "max_abs_value": 0.34937901665752313
}