{
  "method": "shap",
  "values": [
    -0.0549550196364392,
    0.36370182429627285,
    0.0067791420168302734,
    -0.018787485180609485,
    0.020631342137414792,
    -0.05073309020774208
  ],
  "class_values": [
    [
      0.05495501963643914,
      -0.36370182429627274,
      -0.006779142016830284,
      0.018787485180609503,
      -0.02063134213741474,
      0.05073309020774197
    ],
    [
      -0.0549550196364392,
      0.36370182429627285,
      0.0067791420168302734,
      -0.018787485180609485,
      0.020631342137414792,
      -0.05073309020774208
    ]
  ],
  "ranking_values": [
    0.0549550196364392,
    0.36370182429627285,
    0.006779142016830284,
    0.018787485180609503,
    0.020631342137414792,
    0.05073309020774208
  ],
  "base_value": 0.7333630126321681,
  "max_abs_value": 0.36370182429627285
}