{
  "method": "shap",
  "values": [
    0.08558310986739077,
    0.13162835382406401,
    0.005449204128743509,
    0.07511169360962948,
    0.003100048890104762,
    -0.03423542295251891
  ],
  "class_values": [
    [
      -0.0855831098673908,
      -0.1316283538240641,
      -0.00544920412874352,
      -0.07511169360962944,
      -0.0031000488901047644,
      0.03423542295251908
    ],
    [
      0.08558310986739077,
      0.13162835382406401,
      0.005449204128743509,
      0.07511169360962948,
      0.003100048890104762,
      -0.03423542295251891
    ]
  ],
  "ranking_values": [
    0.0855831098673908,
    0.1316283538240641,
    0.00544920412874352,
    0.07511169360962948,
    0.0031000488901047644,
    0.03423542295251908
  ],
  "base_value": 0.7333630126321681,
  "max_abs_value": 0.13162835382406401
}