{
  "method": "shap",
  "values": [
    0.02031413755765963,
    0.05002219458416932,
    0.006944089435889262,
    0.12817376426866814,
    -0.023123963806850206,
    0.07862199195257749
  ],
  "class_values": [
    [
      -0.02031413755765963,
      -0.05002219458416928,
      -0.006944089435889222,
      -0.1281737642686682,
      0.02312396380685023,
      -0.07862199195257755
    ],
    [
      0.02031413755765963,
      0.05002219458416932,
      0.006944089435889262,
      0.12817376426866814,
      -0.023123963806850206,
      0.07862199195257749
    ]
  ],
  "ranking_values": [
    0.02031413755765963,
    0.05002219458416932,
    0.006944089435889262,
    0.1281737642686682,
    0.02312396380685023,
    0.07862199195257755
  ],
  "base_value": 0.7360799208534508,
  "max_abs_value": 0.12817376426866814
}