{
  "method": "shap",
  "values": [
    0.12594336642557255,
    -0.0010432081223421062,
    0.006885953801442127,
    -0.005841450377389866,
    0.1299495195978166,
    0.007998515477283641
  ],
  "class_values": [
    [
      -0.12594336642557252,
      0.001043208122342294,
      -0.0068859538014422175,
      0.00584145037738997,
      -0.12994951959781673,
      -0.007998515477283696
    ],
    [
      0.12594336642557255,
      -0.0010432081223421062,
      0.006885953801442127,
      -0.005841450377389866,
      0.1299495195978166,
      0.007998515477283641
    ]
  ],
  "ranking_values": [
    0.12594336642557255,
    0.001043208122342294,
    0.0068859538014422175,
    0.00584145037738997,
    0.12994951959781673,
    0.007998515477283696
  ],
  "base_value": 0.7360799208534508,
  "max_abs_value": 0.1299495195978166
}