{
  "method": "shap",
  "values": [
    0.052893723117189026,
    0.006248782088699752,
    -0.00028418296917834095,
    -0.00541480008639077,
    0.15488307040177984,
    0.05559348558048993
  ],
  "class_values": [
    [
      -0.052893723117189075,
      -0.006248782088699717,
      0.0002841829691782782,
      0.005414800086390833,
      -0.1548830704017798,
      -0.05559348558048999
    ],
    [
      0.052893723117189026,
      0.006248782088699752,
      -0.00028418296917834095,
      -0.00541480008639077,
      0.15488307040177984,
      0.05559348558048993
    ]
  ],
  "ranking_values": [
    0.052893723117189075,
    0.006248782088699752,
    0.00028418296917834095,
    0.005414800086390833,
    0.15488307040177984,
    0.05559348558048999
  ],
  "base_value": 0.7360799208534508,
  "max_abs_value": 0.15488307040177984
}