{
  "method": "shap",
  "values": [
    -0.008111636236597162,
    -0.4837980423509671,
    -0.029587695338228633,
    -0.07280080012484254,
    -0.08045582711342983,
    -0.05846965875056187
  ],
  "class_values": [
    [
      0.008111636236597294,
      0.48379804235096696,
      0.029587695338228436,
      0.07280080012484251,
      0.08045582711342983,
      0.0584696587505622
    ],
    [
      -0.008111636236597162,
      -0.4837980423509671,
      -0.029587695338228633,
      -0.07280080012484254,
      -0.08045582711342983,
      -0.05846965875056187
    ]
  ],
  "ranking_values": [
    0.008111636236597294,
    0.4837980423509671,
    0.029587695338228633,
    0.07280080012484254,
    0.08045582711342983,
    0.0584696587505622
  ],
  "base_value": 0.7333630126321681,
  "max_abs_value": 0.4837980423509671
}