{
  "method": "shap",
  "values": [
    -0.4646142856682977,
    -0.14810092948608816,
    0.014805197226764091,
    -0.009851268148222151,
    -0.05145656321900868,
    -0.07652547771990426
  ],
  "class_values": [
    [
      0.46461428566829754,
      0.14810092948608822,
      -0.014805197226763992,
      0.00985126814822225,
      0.051456563219008475,
      0.07652547771990437
    ],
    [
      -0.4646142856682977,
      -0.14810092948608816,
      0.014805197226764091,
      -0.009851268148222151,
      -0.05145656321900868,
      -0.07652547771990426
    ]
  ],
  "ranking_values": [
    0.4646142856682977,
    0.14810092948608822,
    0.014805197226764091,
    0.00985126814822225,
    0.05145656321900868,
    0.07652547771990437
  ],
  "base_value": 0.7360799208534508,
  "max_abs_value": 0.4646142856682977
}