{
  "method": "shap",
  "values": [
    -0.12144945202701415,
    -0.6083761380704098,
    -0.053996674137874866,
    -0.014266367620516739,
    -0.016088270432296,
    0.0808142920949323
  ],
  "class_values": [
    [
      0.1214494520270142,
      0.6083761380704096,
      0.053996674137875025,
      0.014266367620516782,
      0.016088270432295788,
      -0.08081429209493207
    ],
    [
      -0.12144945202701415,
      -0.6083761380704098,
      -0.053996674137874866,
      -0.014266367620516739,
      -0.016088270432296,
      0.0808142920949323
    ]
  ],
  "ranking_values": [
    0.1214494520270142,
    0.6083761380704098,
    0.053996674137875025,
    0.014266367620516782,
    0.016088270432296,
    0.0808142920949323
  ],
  "base_value": 0.7333630126321681,
  "max_abs_value": 0.6083761380704098
}