{
  "method": "shap",
  "values": [
    0.07862804148419841,
    0.061272525721282146,
    0.20547700062056043,
    -0.05392265947062151,
    0.00024960620854718775,
    -0.03258360758298434
  ],
  "class_values": [
    [
      -0.07862804148419834,
      -0.06127252572128215,
      -0.20547700062056057,
      0.05392265947062142,
      -0.000249606208547288,
      0.032583607582984564
    ],
    [
      0.07862804148419841,
      0.061272525721282146,
      0.20547700062056043,
      -0.05392265947062151,
      0.00024960620854718775,
      -0.03258360758298434
    ]
  ],
  "ranking_values": [
    0.07862804148419841,
    0.06127252572128215,
    0.20547700062056057,
    0.05392265947062151,
    0.000249606208547288,
    0.032583607582984564
  ],
  "base_value": 0.7405368775632675,
  "max_abs_value": 0.20547700062056043
}