{
  "method": "shap",
  "values": [
    -0.24982865091952366,
    -0.3467339788021662,
    0.004925944531006137,
    -0.11408189600361593,
    -0.0013705863816140728,
    -0.023289534338078344
  ],
  "class_values": [
    [
      0.2498286509195235,
      0.3467339788021663,
      -0.004925944531006137,
      0.11408189600361604,
      0.0013705863816140728,
      0.023289534338078455
    ],
    [
      -0.24982865091952366,
      -0.3467339788021662,
      0.004925944531006137,
      -0.11408189600361593,
      -0.0013705863816140728,
      -0.023289534338078344
    ]
  ],
  "ranking_values": [
    0.24982865091952366,
    0.3467339788021663,
    0.004925944531006137,
    0.11408189600361604,
    0.0013705863816140728,
    0.023289534338078455
  ],
  "base_value": 0.7333630126321681,
  "max_abs_value": 0.3467339788021662
}