{
  "method": "shap",
  "values": [
    -0.20680325869714444,
    -0.4163870149973138,
    0.02939481779199009,
    -0.04009190110860397,
    -0.07022838298593795,
    -0.03196418085643904
  ],
  "class_values": [
    [
      0.20680325869714442,
      0.41638701499731373,
      -0.029394817791990133,
      0.04009190110860393,
      0.07022838298593816,
      0.03196418085643904
    ],
    [
      -0.20680325869714444,
      -0.4163870149973138,
      0.02939481779199009,
      -0.04009190110860397,
      -0.07022838298593795,
      -0.03196418085643904
    ]
  ],
  "ranking_values": [
    0.20680325869714444,
    0.4163870149973138,
    0.029394817791990133,
    0.04009190110860397,
    0.07022838298593816,
    0.03196418085643904
  ],
  "base_value": 0.7360799208534508,
  "max_abs_value": 0.4163870149973138
}