{
  "method": "shap",
  "values": [
    -0.05372255726647512,
    0.009312829039051026,
    0.02918129270029771,
    0.13907814015555892,
    0.15625628541443354,
    -0.06949607649216238
  ],
  "class_values": [
    [
      0.053722557266475054,
      -0.00931282903905088,
      -0.029181292700297883,
      -0.13907814015555878,
      -0.15625628541443365,
      0.06949607649216244
    ],
    [
      -0.05372255726647512,
      0.009312829039051026,
      0.02918129270029771,
      0.13907814015555892,
      0.15625628541443354,
      -0.06949607649216238
    ]
  ],
  "ranking_values": [
    0.05372255726647512,
    0.009312829039051026,
    0.029181292700297883,
    0.13907814015555892,
    0.15625628541443365,
    0.06949607649216244
  ],
  "base_value": 0.7360799208534508,
  "max_abs_value": 0.15625628541443354
}