{
  "method": "shap",
  "values": [
    0.10546697820689994,
    0.06869570190034661,
    -0.0038352819547800934,
    0.11286616675439298,
    0.008519475374560105,
    -0.025076052913681757
  ],
  "class_values": [
    [
      -0.10546697820690006,
      -0.06869570190034663,
      0.003835281954780215,
      -0.11286616675439289,
      -0.00851947537456016,
      0.0250760529136817
    ],
    [
      0.10546697820689994,
      0.06869570190034661,
      -0.0038352819547800934,
      0.11286616675439298,
      0.008519475374560105,
      -0.025076052913681757
    ]
  ],
  "ranking_values": [
    0.10546697820690006,
    0.06869570190034663,
    0.003835281954780215,
    0.11286616675439298,
    0.00851947537456016,
    0.025076052913681757
  ],
  "base_value": 0.7333630126321681,
  "max_abs_value": 0.11286616675439298
}