{
  "method": "shap",
  "values": [
    -0.027362484288233357,
    -0.16924476347660414,
    -0.06730798821757611,
    0.049365002283210946,
    0.21604544359437788,
    0.16237145213963616
  ],
  "class_values": [
    [
      0.027362484288233374,
      0.1692447634766041,
      0.06730798821757608,
      -0.049365002283210904,
      -0.21604544359437783,
      -0.16237145213963622
    ],
    [
      -0.027362484288233357,
      -0.16924476347660414,
      -0.06730798821757611,
      0.049365002283210946,
      0.21604544359437788,
      0.16237145213963616
    ]
  ],
  "ranking_values": [
    0.027362484288233374,
    0.16924476347660414,
    0.06730798821757611,
    0.049365002283210946,
    0.21604544359437788,
    0.16237145213963622
  ],
  "base_value": 0.7333630126321681,
  "max_abs_value": 0.21604544359437788
}