{
  "method": "shap",
  "values": [
    -0.06924540737441161,
    -0.15908897986271292,
    -0.11990943303833075,
    -0.1462186908144897,
    -0.08751648194749537,
    -0.09307418560001035
  ],
  "class_values": [
    [
      0.06924540737441164,
      0.1590889798627127,
      0.1199094330383308,
      0.1462186908144897,
      0.08751648194749542,
      0.09307418560001046
    ],
    [
      -0.06924540737441161,
      -0.15908897986271292,
      -0.11990943303833075,
      -0.1462186908144897,
      -0.08751648194749537,
      -0.09307418560001035
    ]
  ],
  "ranking_values": [
    0.06924540737441164,
    0.15908897986271292,
    0.1199094330383308,
    0.1462186908144897,
    0.08751648194749542,
    0.09307418560001046
  ],
  "base_value": 0.7360799208534508,
  "max_abs_value": 0.15908897986271292
}