{
  "method": "shap",
  "values": [
    0.28430753488727034,
    -0.06875148714677662,
    0.0373483308306997,
    -0.005707217975100012,
    -0.02450635910767485,
    0.03676616515676448
  ],
  "class_values": [
    [
      -0.28430753488727034,
      0.06875148714677666,
      -0.037348330830699716,
      0.005707217975100038,
      0.024506359107674774,
      -0.03676616515676448
    ],
    [
      0.28430753488727034,
      -0.06875148714677662,
      0.0373483308306997,
      -0.005707217975100012,
      -0.02450635910767485,
      0.03676616515676448
    ]
  ],
  "ranking_values": [
    0.28430753488727034,
    0.06875148714677666,
    0.037348330830699716,
    0.005707217975100038,
    0.02450635910767485,
    0.03676616515676448
  ],
  "base_value": 0.7405368775632675,
  "max_abs_value": 0.28430753488727034
}