{
  "method": "shap",
  "values": [
    0.08011220550811153,
    0.06927063279627611,
    0.016919628436347933,
    0.09843418986750772,
    0.01356950979165327,
    -0.011669179036035038
  ],
  "class_values": [
    [
      -0.0801122055081115,
      -0.06927063279627611,
      -0.016919628436347863,
      -0.09843418986750772,
      -0.01356950979165327,
      0.011669179036034927
    ],
    [
      0.08011220550811153,
      0.06927063279627611,
      0.016919628436347933,
      0.09843418986750772,
      0.01356950979165327,
      -0.011669179036035038
    ]
  ],
  "ranking_values": [
    0.08011220550811153,
    0.06927063279627611,
    0.016919628436347933,
    0.09843418986750772,
    0.01356950979165327,
    0.011669179036035038
  ],
  "base_value": 0.7333630126321681,
  "max_abs_value": 0.09843418986750772
}