{
  "method": "shap",
  "values": [
    0.06918509900193823,
    -0.09835375093262733,
    0.07916046333479773,
    0.05651318502029657,
    0.08657446727846686,
    -0.07582687606206556
  ],
  "class_values": [
    [
      -0.06918509900193824,
      0.09835375093262734,
      -0.07916046333479772,
      -0.056513185020296536,
      -0.08657446727846693,
      0.07582687606206562
    ],
    [
      0.06918509900193823,
      -0.09835375093262733,
      0.07916046333479773,
      0.05651318502029657,
      0.08657446727846686,
      -0.07582687606206556
    ]
  ],
  "ranking_values": [
    0.06918509900193824,
    0.09835375093262734,
    0.07916046333479773,
    0.05651318502029657,
    0.08657446727846693,
    0.07582687606206562
  ],
  "base_value": 0.7333630126321681,
  "max_abs_value": 0.09835375093262733
}