{
  "method": "shap",
  "values": [
    0.10961993778321855,
    0.07986051313517234,
    0.07384891871085553,
    0.015176200280010375,
    -0.012914436940059794,
    -0.006136728089967791
  ],
  "class_values": [
    [
      -0.10961993778321868,
      -0.07986051313517226,
      -0.07384891871085553,
      -0.015176200280010432,
      0.012914436940059901,
      0.006136728089967736
    ],
    [
      0.10961993778321855,
      0.07986051313517234,
      0.07384891871085553,
      0.015176200280010375,
      -0.012914436940059794,
      -0.006136728089967791
    ]
  ],
  "ranking_values": [
    0.10961993778321868,
    0.07986051313517234,
    0.07384891871085553,
    0.015176200280010432,
    0.012914436940059901,
    0.006136728089967791
  ],
  "base_value": 0.7405368775632675,
  "max_abs_value": 0.10961993778321855
}