{
  "method": "shap",
  "values": [
    -0.3894252259757725,
    -0.08895176544380944,
    -0.06123943847347867,
    -0.16132816867522098,
    0.01683866327799836,
    -0.047661412443956386
  ],
  "class_values": [
    [
      0.3894252259757726,
      0.08895176544380938,
      0.06123943847347862,
      0.1613281686752212,
      -0.01683866327799847,
      0.047661412443956275
    ],
    [
      -0.3894252259757725,
      -0.08895176544380944,
      -0.06123943847347867,
      -0.16132816867522098,
      0.01683866327799836,
      -0.047661412443956386
    ]
  ],
  "ranking_values": [
    0.3894252259757726,
    0.08895176544380944,
    0.06123943847347867,
    0.1613281686752212,
    0.01683866327799847,
    0.047661412443956386
  ],
  "base_value": 0.7333630126321681,
  "max_abs_value": 0.3894252259757725
}