{
  "method": "shap",
  "values": [
    -0.08267861500192514,
    0.07454555263834911,
    -0.20905223377508997,
    -0.13696269854694323,
    -0.0995197006216435,
    -0.1474071442903353
  ],
  "class_values": [
    [
      0.08267861500192514,
      -0.07454555263834917,
      0.20905223377509002,
      0.1369626985469433,
      0.09951970062164345,
      0.14740714429033525
    ],
    [
      -0.08267861500192514,
      0.07454555263834911,
      -0.20905223377508997,
      -0.13696269854694323,
      -0.0995197006216435,
      -0.1474071442903353
    ]
  ],
  "ranking_values": [
    0.08267861500192514,
    0.07454555263834917,
    0.20905223377509002,
    0.1369626985469433,
    0.0995197006216435,
    0.1474071442903353
  ],
  "base_value": 0.7333630126321681,
  "max_abs_value": 0.20905223377508997
}