{
  "method": "shap",
  "values": [
    0.12454361065634227,
    0.012155822166194135,
    0.0810606024837766,
    0.055374456524001546,
    0.03552218773847533,
    -0.04629465804305666
  ],
  "class_values": [
    [
      -0.12454361065634233,
      -0.012155822166194163,
      -0.08106060248377657,
      -0.05537445652400141,
      -0.03552218773847539,
      0.04629465804305666
    ],
    [
      0.12454361065634227,
      0.012155822166194135,
      0.0810606024837766,
      0.055374456524001546,
      0.03552218773847533,
      -0.04629465804305666
    ]
  ],
  "ranking_values": [
    0.12454361065634233,
    0.012155822166194163,
    0.0810606024837766,
    0.055374456524001546,
    0.03552218773847539,
    0.04629465804305666
  ],
  "base_value": 0.7360799208534508,
  "max_abs_value": 0.12454361065634227
}