{
  "method": "shap",
  "values": [
    -0.033969288616102364,
    -0.006672829997941339,
    -0.063028046023797,
    -0.29339009206859135,
    -0.11127532981673359,
    -0.23112887608408583
  ],
  "class_values": [
    [
      0.033969288616102385,
      0.0066728299979411385,
      0.063028046023797,
      0.29339009206859157,
      0.11127532981673356,
      0.23112887608408583
    ],
    [
      -0.033969288616102364,
      -0.006672829997941339,
      -0.063028046023797,
      -0.29339009206859135,
      -0.11127532981673359,
      -0.23112887608408583
    ]
  ],
  "ranking_values": [
    0.033969288616102385,
    0.006672829997941339,
    0.063028046023797,
    0.29339009206859157,
    0.11127532981673359,
    0.23112887608408583
  ],
  "base_value": 0.7405368775632675,
  "max_abs_value": 0.29339009206859135
}