{
  "method": "shap",
  "values": [
    0.13026884069579026,
    -0.12652302557277226,
    0.11205365970663234,
    0.07751582373370998,
    0.058646556592195975,
    -0.08362269105021741
  ],
  "class_values": [
    [
      -0.13026884069579003,
      0.12652302557277217,
      -0.11205365970663249,
      -0.07751582373371002,
      -0.05864655659219594,
      0.08362269105021741
    ],
    [
      0.13026884069579026,
      -0.12652302557277226,
      0.11205365970663234,
      0.07751582373370998,
      0.058646556592195975,
      -0.08362269105021741
    ]
  ],
  "ranking_values": [
    0.13026884069579026,
    0.12652302557277226,
    0.11205365970663249,
    0.07751582373371002,
    0.058646556592195975,
    0.08362269105021741
  ],
  "base_value": 0.7333630126321681,
  "max_abs_value": 0.13026884069579026
}