{
  "method": "shap",
  "values": [
    -0.2196943677160134,
    0.04878405069715522,
    -0.07256231317180634,
    0.22417358906165022,
    0.08272936882689454,
    0.1984000421804467
  ],
  "class_values": [
    [
      0.21969436771601344,
      -0.04878405069715521,
      0.07256231317180621,
      -0.2241735890616502,
      -0.08272936882689458,
      -0.19840004218044666
    ],
    [
      -0.2196943677160134,
      0.04878405069715522,
      -0.07256231317180634,
      0.22417358906165022,
      0.08272936882689454,
      0.1984000421804467
    ]
  ],
  "ranking_values": [
    0.21969436771601344,
    0.04878405069715522,
    0.07256231317180634,
    0.22417358906165022,
    0.08272936882689458,
    0.1984000421804467
  ],
  "base_value": 0.7333630126321681,
  "max_abs_value": 0.22417358906165022
}