{
  "method": "shap",
  "values": [
    -0.04576004650389891,
    -0.01965893002129171,
    0.30546703837697325,
    0.11963043372929252,
    -0.06581713034926397,
    -0.03439851551262807
  ],
  "class_values": [
    [
      0.04576004650389894,
      0.019658930021291657,
      -0.3054670383769732,
      -0.11963043372929258,
      0.065817130349264,
      0.034398515512628014
    ],
    [
      -0.04576004650389891,
      -0.01965893002129171,
      0.30546703837697325,
      0.11963043372929252,
      -0.06581713034926397,
      -0.03439851551262807
    ]
  ],
  "ranking_values": [
    0.04576004650389894,
    0.01965893002129171,
    0.30546703837697325,
    0.11963043372929258,
    0.065817130349264,
    0.03439851551262807
  ],
  "base_value": 0.7405368775632675,
  "max_abs_value": 0.30546703837697325
}