{
  "method": "shap",
  "values": [
    -0.10966487226167948,
    0.2417295751907408,
    -0.034565974480987395,
    0.000673012814540971,
    0.037871257945706144,
    0.13059391117508573
  ],
  "class_values": [
    [
      0.10966487226167944,
      -0.24172957519074068,
      0.0345659744809873,
      -0.000673012814540999,
      -0.03787125794570609,
      -0.13059391117508573
    ],
    [
      -0.10966487226167948,
      0.2417295751907408,
      -0.034565974480987395,
      0.000673012814540971,
      0.037871257945706144,
      0.13059391117508573
    ]
  ],
  "ranking_values": [
    0.10966487226167948,
    0.2417295751907408,
    0.034565974480987395,
    0.000673012814540999,
    0.037871257945706144,
    0.13059391117508573
  ],
  "base_value": 0.7333630126321681,
  "max_abs_value": 0.2417295751907408
}