{
  "method": "shap",
  "values": [
    -0.15659811241985985,
    -0.1538280188577454,
    -0.16215160604706388,
    -0.008923882174345199,
    -0.06039341971042171,
    -0.19290988062670122
  ],
  "class_values": [
    [
      0.15659811241985996,
      0.1538280188577454,
      0.16215160604706383,
      0.008923882174345123,
      0.060393419710421704,
      0.19290988062670122
    ],
    [
      -0.15659811241985985,
      -0.1538280188577454,
      -0.16215160604706388,
      -0.008923882174345199,
      -0.06039341971042171,
      -0.19290988062670122
    ]
  ],
  "ranking_values": [
    0.15659811241985996,
    0.1538280188577454,
    0.16215160604706388,
    0.008923882174345199,
    0.06039341971042171,
    0.19290988062670122
  ],
  "base_value": 0.7360799208534508,
  "max_abs_value": 0.19290988062670122
}