{
  "method": "shap",
  "values": [
    0.1120147684000563,
    0.05411722316576055,
    -0.019916764019540224,
    -0.0006650268807786822,
    0.02697956986726531,
    0.08646820263966853
  ],
  "class_values": [
    [
      -0.11201476840005627,
      -0.05411722316576058,
      0.01991676401954016,
      0.0006650268807787046,
      -0.026979569867265255,
      -0.08646820263966859
    ],
    [
      0.1120147684000563,
      0.05411722316576055,
      -0.019916764019540224,
      -0.0006650268807786822,
      0.02697956986726531,
      0.08646820263966853
    ]
  ],
  "ranking_values": [
    0.1120147684000563,
    0.05411722316576058,
    0.019916764019540224,
    0.0006650268807787046,
    0.02697956986726531,
    0.08646820263966859
  ],
  "base_value": 0.7405368775632675,
  "max_abs_value": 0.1120147684000563
}