{
  "method": "shap",
  "values": [
    -0.1085347044151458,
    -0.34958567215946507,
    -0.05401976985529054,
    0.016409195344999798,
    0.013006234668066923,
    -0.25063214340609435
  ],
  "class_values": [
    [
      0.1085347044151457,
      0.3495856721594651,
      0.05401976985529063,
      -0.016409195344999874,
      -0.013006234668066819,
      0.2506321434060942
    ],
    [
      -0.1085347044151458,
      -0.34958567215946507,
      -0.05401976985529054,
      0.016409195344999798,
      0.013006234668066923,
      -0.25063214340609435
    ]
  ],
  "ranking_values": [
    0.1085347044151458,
    0.3495856721594651,
    0.05401976985529063,
    0.016409195344999874,
    0.013006234668066923,
    0.25063214340609435
  ],
  "base_value": 0.7333630126321681,
  "max_abs_value": 0.34958567215946507
}