{
  "method": "shap",
  "values": [
    0.1455605293444802,
    0.06714097786464393,
    -0.024881149488980975,
    0.14065488130756346,
    -0.06342720330637394,
    0.0015889473896102402
  ],
  "class_values": [
    [
      -0.1455605293444803,
      -0.06714097786464393,
      0.024881149488980955,
      -0.14065488130756335,
      0.06342720330637394,
      -0.0015889473896102402
    ],
    [
      0.1455605293444802,
      0.06714097786464393,
      -0.024881149488980975,
      0.14065488130756346,
      -0.06342720330637394,
      0.0015889473896102402
    ]
  ],
  "ranking_values": [
    0.1455605293444803,
    0.06714097786464393,
    0.024881149488980975,
    0.14065488130756346,
    0.06342720330637394,
    0.0015889473896102402
  ],
  "base_value": 0.7333630126321681,
  "max_abs_value": 0.1455605293444802
}