{
  "method": "shap",
  "values": [
    -0.40959589903728316,
    0.1510326454660792,
    0.09133915097026526,
    0.09054589376634692,
    0.12240332714164309,
    0.2031582859159997
  ],
  "class_values": [
    [
      0.4095958990372832,
      -0.15103264546607917,
      -0.09133915097026529,
      -0.09054589376634695,
      -0.12240332714164312,
      -0.20315828591599966
    ],
    [
      -0.40959589903728316,
      0.1510326454660792,
      0.09133915097026526,
      0.09054589376634692,
      0.12240332714164309,
      0.2031582859159997
    ]
  ],
  "ranking_values": [
    0.4095958990372832,
    0.1510326454660792,
    0.09133915097026529,
    0.09054589376634695,
    0.12240332714164312,
    0.2031582859159997
  ],
  "base_value": 0.7360799208534508,
  "max_abs_value": 0.40959589903728316
}