{
  "method": "shap",
  "values": [
    0.1408785709133801,
    0.04762450101663051,
    0.0009007963951567408,
    -0.12189562183136748,
    0.17527404771569663,
    0.0011042207627849077
  ],
  "class_values": [
    [
      -0.1408785709133802,
      -0.04762450101663048,
      -0.0009007963951567164,
      0.12189562183136753,
      -0.17527404771569666,
      -0.00110422076278488
    ],
    [
      0.1408785709133801,
      0.04762450101663051,
      0.0009007963951567408,
      -0.12189562183136748,
      0.17527404771569663,
      0.0011042207627849077
    ]
  ],
  "ranking_values": [
    0.1408785709133802,
    0.04762450101663051,
    0.0009007963951567408,
    0.12189562183136753,
    0.17527404771569666,
    0.0011042207627849077
  ],
  "base_value": 0.7333630126321681,
  "max_abs_value": 0.17527404771569663
}