{
  "method": "shap",
  "values": [
    0.15196050090019123,
    0.020658469328920046,
    0.004653012627988636,
    -0.008819647216659829,
    0.11081504776689712,
    -0.015347310984631213
  ],
  "class_values": [
    [
      -0.1519605009001912,
      -0.02065846932891996,
      -0.00465301262798866,
      0.008819647216659707,
      -0.11081504776689724,
      0.01534731098463138
    ],
    [
      0.15196050090019123,
      0.020658469328920046,
      0.004653012627988636,
      -0.008819647216659829,
      0.11081504776689712,
      -0.015347310984631213
    ]
  ],
  "ranking_values": [
    0.15196050090019123,
    0.020658469328920046,
    0.00465301262798866,
    0.008819647216659829,
    0.11081504776689724,
    0.01534731098463138
  ],
  "base_value": 0.7360799208534508,
  "max_abs_value": 0.15196050090019123
}