{
  "method": "shap",
  "values": [
    -0.22828136994123008,
    -0.1866757029086488,
    -0.08926309253334772,
    -0.051211490336407255,
    -0.11787476822700786,
    -0.06005374996273738
  ],
  "class_values": [
    [
      0.22828136994123002,
      0.18667570290864885,
      0.08926309253334755,
      0.05121149033640753,
      0.11787476822700786,
      0.06005374996273727
    ],
    [
      -0.22828136994123008,
      -0.1866757029086488,
      -0.08926309253334772,
      -0.051211490336407255,
      -0.11787476822700786,
      -0.06005374996273738
    ]
  ],
  "ranking_values": [
    0.22828136994123008,
    0.18667570290864885,
    0.08926309253334772,
    0.05121149033640753,
    0.11787476822700786,
    0.06005374996273738
  ],
  "base_value": 0.7333630126321681,
  "max_abs_value": 0.22828136994123008
}