{
  "method": "shap",
  "values": [
    0.3320639934583043,
    0.03871306955654993,
    -0.03522344725448786,
    -0.01708564065405557,
    0.031238922613039653,
    -0.08645068475299633
  ],
  "class_values": [
    [
      -0.33206399345830456,
      -0.038713069556549885,
      0.03522344725448786,
      0.01708564065405556,
      -0.03123892261303949,
      0.08645068475299644
    ],
    [
      0.3320639934583043,
      0.03871306955654993,
      -0.03522344725448786,
      -0.01708564065405557,
      0.031238922613039653,
      -0.08645068475299633
    ]
  ],
  "ranking_values": [
    0.33206399345830456,
    0.03871306955654993,
    0.03522344725448786,
    0.01708564065405557,
    0.031238922613039653,
    0.08645068475299644
  ],
  "base_value": 0.7360799208534508,
  "max_abs_value": 0.3320639934583043
}