{
  "method": "shap",
  "values": [
    0.13718148004351513,
    0.11147490392960646,
    -0.0035952382920349762,
    0.0394732305871918,
    -0.012802835876180396,
    -0.005094567190016441
  ],
  "class_values": [
    [
      -0.13718148004351507,
      -0.11147490392960639,
      0.003595238292034638,
      -0.03947323058719175,
      0.012802835876180477,
      0.005094567190016497
    ],
    [
      0.13718148004351513,
      0.11147490392960646,
      -0.0035952382920349762,
      0.0394732305871918,
      -0.012802835876180396,
      -0.005094567190016441
    ]
  ],
  "ranking_values": [
    0.13718148004351513,
    0.11147490392960646,
    0.0035952382920349762,
    0.0394732305871918,
    0.012802835876180477,
    0.005094567190016497
  ],
  "base_value": 0.7333630126321681,
  "max_abs_value": 0.13718148004351513
}