{
  "method": "shap",
  "values": [
    0.016212027173965443,
    -0.23983093160637944,
    0.06730709670830262,
    -0.009220367214555273,
    -0.5369785641821484,
    -0.03356893923034654
  ],
  "class_values": [
    [
      -0.016212027173965554,
      0.23983093160637955,
      -0.06730709670830246,
      0.009220367214555162,
      0.5369785641821484,
      0.03356893923034654
    ],
    [
      0.016212027173965443,
      -0.23983093160637944,
      0.06730709670830262,
      -0.009220367214555273,
      -0.5369785641821484,
      -0.03356893923034654
    ]
  ],
  "ranking_values": [
    0.016212027173965554,
    0.23983093160637955,
    0.06730709670830262,
    0.009220367214555273,
    0.5369785641821484,
    0.03356893923034654
  ],
  "base_value": 0.7360799208534508,
  "max_abs_value": 0.5369785641821484
}