{
  "method": "shap",
  "values": [
    0.11899817197615735,
    0.049804571065115925,
    0.04207650388382022,
    -0.11124257815980351,
    0.012223022522152351,
    0.14750468310675502
  ],
  "class_values": [
    [
      -0.1189981719761574,
      -0.049804571065115905,
      -0.0420765038838202,
      0.1112425781598035,
      -0.012223022522152363,
      -0.14750468310675505
    ],
    [
      0.11899817197615735,
      0.049804571065115925,
      0.04207650388382022,
      -0.11124257815980351,
      0.012223022522152351,
      0.14750468310675502
    ]
  ],
  "ranking_values": [
    0.1189981719761574,
    0.049804571065115925,
    0.04207650388382022,
    0.11124257815980351,
    0.012223022522152363,
    0.14750468310675505
  ],
  "base_value": 0.7405368775632675,
  "max_abs_value": 0.14750468310675502
}