{
  "method": "shap",
  "values": [
    0.09023195003069781,
    -0.12323549392184849,
    0.1564939851131641,
    -0.0012386873237228149,
    0.0480859892874131,
    0.09342813999467259
  ],
  "class_values": [
    [
      -0.09023195003069778,
      0.12323549392184846,
      -0.15649398511316415,
      0.001238687323722841,
      -0.04808598928741318,
      -0.0934281399946725
    ],
    [
      0.09023195003069781,
      -0.12323549392184849,
      0.1564939851131641,
      -0.0012386873237228149,
      0.0480859892874131,
      0.09342813999467259
    ]
  ],
  "ranking_values": [
    0.09023195003069781,
    0.12323549392184849,
    0.15649398511316415,
    0.001238687323722841,
    0.04808598928741318,
    0.09342813999467259
  ],
  "base_value": 0.7333630126321681,
  "max_abs_value": 0.1564939851131641
}