{
  "method": "shap",
  "values": [
    -0.039167927370216085,
    0.10393335649984194,
    0.021663249307385186,
    -0.04944200000772084,
    0.21527079835400476,
    -0.09133078978313375
  ],
  "class_values": [
    [
      0.03916792737021614,
      -0.10393335649984188,
      -0.021663249307385102,
      0.04944200000772064,
      -0.21527079835400476,
      0.09133078978313369
    ],
    [
      -0.039167927370216085,
      0.10393335649984194,
      0.021663249307385186,
      -0.04944200000772084,
      0.21527079835400476,
      -0.09133078978313375
    ]
  ],
  "ranking_values": [
    0.03916792737021614,
    0.10393335649984194,
    0.021663249307385186,
    0.04944200000772084,
    0.21527079835400476,
    0.09133078978313375
  ],
  "base_value": 0.7405368775632675,
  "max_abs_value": 0.21527079835400476
}