{
  "method": "shap",
  "values": [
    0.07834781057275052,
    -0.12763073036858308,
    -0.18894247483972568,
    -0.0801903992713536,
    -0.1449334914762233,
    -0.2529899246750909
  ],
  "class_values": [
    [
      -0.0783478105727504,
      0.1276307303685831,
      0.18894247483972568,
      0.08019039927135352,
      0.1449334914762233,
      0.2529899246750909
    ],
    [
      0.07834781057275052,
      -0.12763073036858308,
      -0.18894247483972568,
      -0.0801903992713536,
      -0.1449334914762233,
      -0.2529899246750909
    ]
  ],
  "ranking_values": [
    0.07834781057275052,
    0.1276307303685831,
    0.18894247483972568,
    0.0801903992713536,
    0.1449334914762233,
    0.2529899246750909
  ],
  "base_value": 0.7360799208534508,
  "max_abs_value": 0.2529899246750909
}