{
  "method": "shap",
  "values": [
    0.00704367819346316,
    -0.235660925189596,
    0.02339799008977997,
    -0.27860459912411223,
    -0.012307789130495352,
    -0.23663240940849894
  ],
  "class_values": [
    [
      -0.00704367819346308,
      0.23566092518959592,
      -0.023397990089779833,
      0.27860459912411223,
      0.012307789130495456,
      0.23663240940849867
    ],
    [
      0.00704367819346316,
      -0.235660925189596,
      0.02339799008977997,
      -0.27860459912411223,
      -0.012307789130495352,
      -0.23663240940849894
    ]
  ],
  "ranking_values": [
    0.00704367819346316,
    0.235660925189596,
    0.02339799008977997,
    0.27860459912411223,
    0.012307789130495456,
    0.23663240940849894
  ],
  "base_value": 0.7333630126321681,
  "max_abs_value": 0.27860459912411223
}