{
  "method": "shap",
  "values": [
    0.12503458275392743,
    0.13154253814549788,
    -0.0048886273889612196,
    0.035625559117459245,
    -0.010226494955860187,
    -0.010451004314263435
  ],
  "class_values": [
    [
      -0.1250345827539274,
      -0.13154253814549777,
      0.004888627388961164,
      -0.035625559117459286,
      0.01022649495586016,
      0.01045100431426349
    ],
    [
      0.12503458275392743,
      0.13154253814549788,
      -0.0048886273889612196,
      0.035625559117459245,
      -0.010226494955860187,
      -0.010451004314263435
    ]
  ],
  "ranking_values": [
    0.12503458275392743,
    0.13154253814549788,
    0.0048886273889612196,
    0.035625559117459286,
    0.010226494955860187,
    0.01045100431426349
  ],
  "base_value": 0.7333630126321681,
  "max_abs_value": 0.13154253814549788
}