{
  "method": "shap",
  "values": [
    0.06640573098897706,
    -0.03487108712377796,
    0.0536437595031783,
    0.02952163711243053,
    0.12959613822406119,
    0.02137466826238074
  ],
  "class_values": [
    [
      -0.06640573098897701,
      0.034871087123778004,
      -0.05364375950317834,
      -0.029521637112430554,
      -0.12959613822406107,
      -0.02137466826238088
    ],
    [
      0.06640573098897706,
      -0.03487108712377796,
      0.0536437595031783,
      0.02952163711243053,
      0.12959613822406119,
      0.02137466826238074
    ]
  ],
  "ranking_values": [
    0.06640573098897706,
    0.034871087123778004,
    0.05364375950317834,
    0.029521637112430554,
    0.12959613822406119,
    0.02137466826238088
  ],
  "base_value": 0.7333630126321681,
  "max_abs_value": 0.12959613822406119
}