{
  "method": "shap",
  "values": [
    -0.07438618230670227,
    0.016530228216788005,
    -0.05589300743732501,
    -0.192735178861692,
    -0.1368219727136494,
    -0.29277373205404267
  ],
  "class_values": [
    [
      0.07438618230670219,
      -0.016530228216787846,
      0.05589300743732489,
      0.19273517886169184,
      0.1368219727136494,
      0.2927737320540429
    ],
    [
      -0.07438618230670227,
      0.016530228216788005,
      -0.05589300743732501,
      -0.192735178861692,
      -0.1368219727136494,
      -0.29277373205404267
    ]
  ],
  "ranking_values": [
    0.07438618230670227,
    0.016530228216788005,
    0.05589300743732501,
    0.192735178861692,
    0.1368219727136494,
    0.2927737320540429
  ],
  "base_value": 0.7360799208534508,
  "max_abs_value": 0.29277373205404267
}