{
  "method": "shap",
  "values": [
    -0.19616087450312697,
    -0.036422268314038504,
    -0.23115450047711777,
    -0.10666045161303003,
    -0.03231230853635241,
    -0.13004655859709924
  ],
  "class_values": [
    [
      0.19616087450312708,
      0.03642226831403845,
      0.23115450047711789,
      0.10666045161302998,
      0.032312308536352356,
      0.13004655859709913
    ],
    [
      -0.19616087450312697,
      -0.036422268314038504,
      -0.23115450047711777,
      -0.10666045161303003,
      -0.03231230853635241,
      -0.13004655859709924
    ]
  ],
  "ranking_values": [
    0.19616087450312708,
    0.036422268314038504,
    0.23115450047711789,
    0.10666045161303003,
    0.03231230853635241,
    0.13004655859709924
  ],
  "base_value": 0.7333630126321681,
  "max_abs_value": 0.23115450047711777
}