{
  "method": "shap",
  "values": [
    -0.1455763836589574,
    -0.039460805093702436,
    0.12836604947155433,
    0.15690995409586148,
    -0.16925000516437644,
    0.3354393545312071
  ],
  "class_values": [
    [
      0.14557638365895745,
      0.03946080509370246,
      -0.1283660494715544,
      -0.15690995409586142,
      0.16925000516437635,
      -0.3354393545312071
    ],
    [
      -0.1455763836589574,
      -0.039460805093702436,
      0.12836604947155433,
      0.15690995409586148,
      -0.16925000516437644,
      0.3354393545312071
    ]
  ],
  "ranking_values": [
    0.14557638365895745,
    0.03946080509370246,
    0.1283660494715544,
    0.15690995409586148,
    0.16925000516437644,
    0.3354393545312071
  ],
  "base_value": 0.7333630126321681,
  "max_abs_value": 0.3354393545312071
}