{
  "method": "shap",
  "values": [
    -0.06228305255522599,
    0.22488988587439934,
    -0.014166180766014317,
    -0.025275737931075085,
    0.12196452939898082,
    0.01990707889134874
  ],
  "class_values": [
    [
      0.06228305255522592,
      -0.22488988587439934,
      0.014166180766014414,
      0.0252757379310751,
      -0.12196452939898085,
      -0.019907078891348795
    ],
    [
      -0.06228305255522599,
      0.22488988587439934,
      -0.014166180766014317,
      -0.025275737931075085,
      0.12196452939898082,
      0.01990707889134874
    ]
  ],
  "ranking_values": [
    0.06228305255522599,
    0.22488988587439934,
    0.014166180766014414,
    0.0252757379310751,
    0.12196452939898085,
    0.019907078891348795
  ],
  "base_value": 0.7333630126321681,
  "max_abs_value": 0.22488988587439934
}