{
  "method": "shap",
  "values": [
    0.12669155662936446,
    0.11051987782826742,
    -0.049284272893988415,
    0.024435133390964533,
    0.08135317504954526,
    -0.029782197402341393
  ],
  "class_values": [
    [
      -0.12669155662936452,
      -0.11051987782826746,
      0.04928427289398852,
      -0.024435133390964675,
      -0.08135317504954523,
      0.029782197402341504
    ],
    [
      0.12669155662936446,
      0.11051987782826742,
      -0.049284272893988415,
      0.024435133390964533,
      0.08135317504954526,
      -0.029782197402341393
    ]
  ],
  "ranking_values": [
    0.12669155662936452,
    0.11051987782826746,
    0.04928427289398852,
    0.024435133390964675,
    0.08135317504954526,
    0.029782197402341504
  ],
  "base_value": 0.7333630126321681,
  "max_abs_value": 0.12669155662936446
}