{
  "method": "shap",
  "values": [
    -0.003501645940119823,
    0.014475419247117791,
    -0.0429680870347967,
    0.04642208915510192,
    0.18345288724564032,
    0.03338673206824477
  ],
  "class_values": [
    [
      0.0035016459401196673,
      -0.014475419247117809,
      0.04296808703479659,
      -0.04642208915510186,
      -0.18345288724564027,
      -0.03338673206824461
    ],
    [
      -0.003501645940119823,
      0.014475419247117791,
      -0.0429680870347967,
      0.04642208915510192,
      0.18345288724564032,
      0.03338673206824477
    ]
  ],
  "ranking_values": [
    0.003501645940119823,
    0.014475419247117809,
    0.0429680870347967,
    0.04642208915510192,
    0.18345288724564032,
    0.03338673206824477
  ],
  "base_value": 0.7360799208534508,
  "max_abs_value": 0.18345288724564032
}