{
  "method": "shap",
  "values": [
    0.042577619109624876,
    0.13662622142222633,
    -0.028061464336617437,
    0.17029294139355372,
    0.04902993965348227,
    -0.10383435846500505
  ],
  "class_values": [
    [
      -0.042577619109624876,
      -0.13662622142222638,
      0.028061464336617464,
      -0.17029294139355355,
      -0.04902993965348238,
      0.103834358465005
    ],
    [
      0.042577619109624876,
      0.13662622142222633,
      -0.028061464336617437,
      0.17029294139355372,
      0.04902993965348227,
      -0.10383435846500505
    ]
  ],
  "ranking_values": [
    0.042577619109624876,
    0.13662622142222638,
    0.028061464336617464,
    0.17029294139355372,
    0.04902993965348238,
    0.10383435846500505
  ],
  "base_value": 0.7333630126321681,
  "max_abs_value": 0.17029294139355372
}