{
  "method": "shap",
  "values": [
    0.00521925932957607,
    -0.2558053768434239,
    -0.044747658458117116,
    -0.2099446646971788,
    -0.1899904369352747,
    -0.03781266321284127
  ],
  "class_values": [
    [
      -0.005219259329576181,
      0.25580537684342386,
      0.044747658458117116,
      0.2099446646971788,
      0.1899904369352747,
      0.03781266321284138
    ],
    [
      0.00521925932957607,
      -0.2558053768434239,
      -0.044747658458117116,
      -0.2099446646971788,
      -0.1899904369352747,
      -0.03781266321284127
    ]
  ],
  "ranking_values": [
    0.005219259329576181,
    0.2558053768434239,
    0.044747658458117116,
    0.2099446646971788,
    0.1899904369352747,
    0.03781266321284138
  ],
  "base_value": 0.7333630126321681,
  "max_abs_value": 0.2558053768434239
}