{
  "method": "shap",
  "values": [
    -0.14558122781944846,
    0.07920696333091701,
    0.0854188068233039,
    0.03570516669592776,
    -0.09308325599956,
    -0.2339422787872609
  ],
  "class_values": [
    [
      0.14558122781944843,
      -0.07920696333091704,
      -0.0854188068233039,
      -0.035705166695927715,
      0.09308325599955995,
      0.2339422787872609
    ],
    [
      -0.14558122781944846,
      0.07920696333091701,
      0.0854188068233039,
      0.03570516669592776,
      -0.09308325599956,
      -0.2339422787872609
    ]
  ],
  "ranking_values": [
    0.14558122781944846,
    0.07920696333091704,
    0.0854188068233039,
    0.03570516669592776,
    0.09308325599956,
    0.2339422787872609
  ],
  "base_value": 0.7360799208534508,
  "max_abs_value": 0.2339422787872609
}