{
  "method": "shap",
  "values": [
    0.31580970475123615,
    0.07629316596905791,
    -0.18362423065734193,
    0.031921850237271704,
    -0.07548113029244564,
    0.0914485119336863
  ],
  "class_values": [
    [
      -0.31580970475123615,
      -0.07629316596905796,
      0.1836242306573419,
      -0.03192185023727175,
      0.07548113029244567,
      -0.09144851193368625
    ],
    [
      0.31580970475123615,
      0.07629316596905791,
      -0.18362423065734193,
      0.031921850237271704,
      -0.07548113029244564,
      0.0914485119336863
    ]
  ],
  "ranking_values": [
    0.31580970475123615,
    0.07629316596905796,
    0.18362423065734193,
    0.03192185023727175,
    0.07548113029244567,
    0.0914485119336863
  ],
  "base_value": 0.7405368775632675,
  "max_abs_value": 0.31580970475123615
}