{
  "method": "shap",
  "values": [
    0.024700170344302417,
    -0.10797357567910279,
    -0.08708960933924945,
    -0.07555793051847388,
    -0.2740382223930198,
    -0.21232622662692846
  ],
  "class_values": [
    [
      -0.024700170344302507,
      0.10797357567910286,
      0.0870896093392494,
      0.07555793051847397,
      0.2740382223930197,
      0.21232622662692846
    ],
    [
      0.024700170344302417,
      -0.10797357567910279,
      -0.08708960933924945,
      -0.07555793051847388,
      -0.2740382223930198,
      -0.21232622662692846
    ]
  ],
  "ranking_values": [
    0.024700170344302507,
    0.10797357567910286,
    0.08708960933924945,
    0.07555793051847397,
    0.2740382223930198,
    0.21232622662692846
  ],
  "base_value": 0.7333630126321681,
  "max_abs_value": 0.2740382223930198
}