{
  "method": "shap",
  "values": [
    -0.39177875340490553,
    -0.07381615377349435,
    0.05704999064423575,
    -0.15966892018256126,
    -0.09340596242435914,
    -0.06900929586332982
  ],
  "class_values": [
    [
      0.3917787534049054,
      0.07381615377349432,
      -0.05704999064423577,
      0.15966892018256126,
      0.09340596242435924,
      0.06900929586332993
    ],
    [
      -0.39177875340490553,
      -0.07381615377349435,
      0.05704999064423575,
      -0.15966892018256126,
      -0.09340596242435914,
      -0.06900929586332982
    ]
  ],
  "ranking_values": [
    0.39177875340490553,
    0.07381615377349435,
    0.05704999064423577,
    0.15966892018256126,
    0.09340596242435924,
    0.06900929586332993
  ],
  "base_value": 0.7333630126321681,
  "max_abs_value": 0.39177875340490553
}