{
  "method": "shap",
  "values": [
    0.07307747178132515,
    -0.003686223877800871,
    -0.023969072387703926,
    0.3350984177315771,
    -0.11109601477695746,
    -0.002787591102608067
  ],
  "class_values": [
    [
      -0.07307747178132509,
      0.0036862238778008014,
      0.023969072387703787,
      -0.3350984177315769,
      0.11109601477695741,
      0.002787591102608067
    ],
    [
      0.07307747178132515,
      -0.003686223877800871,
      -0.023969072387703926,
      0.3350984177315771,
      -0.11109601477695746,
      -0.002787591102608067
    ]
  ],
  "ranking_values": [
    0.07307747178132515,
    0.003686223877800871,
    0.023969072387703926,
    0.3350984177315771,
    0.11109601477695746,
    0.002787591102608067
  ],
  "base_value": 0.7333630126321681,
  "max_abs_value": 0.3350984177315771
}