{
  "method": "shap",
  "values": [
    0.09230834862130331,
    0.026724163251902636,
    -0.008062380308596332,
    0.06605616503170826,
    0.02929006726110361,
    0.05298240683072308
  ],
  "class_values": [
    [
      -0.0923083486213033,
      -0.02672416325190268,
      0.008062380308596316,
      -0.06605616503170822,
      -0.029290067261103687,
      -0.05298240683072303
    ],
    [
      0.09230834862130331,
      0.026724163251902636,
      -0.008062380308596332,
      0.06605616503170826,
      0.02929006726110361,
      0.05298240683072308
    ]
  ],
  "ranking_values": [
    0.09230834862130331,
    0.02672416325190268,
    0.008062380308596332,
    0.06605616503170826,
    0.029290067261103687,
    0.05298240683072308
  ],
  "base_value": 0.7405368775632675,
  "max_abs_value": 0.09230834862130331
}