{
  "method": "shap",
  "values": [
    0.08955294969064036,
    0.10764436911914739,
    -0.012493932349413778,
    0.0950510356346198,
    0.0009203691290280627,
    -0.014037828432355959
  ],
  "class_values": [
    [
      -0.08955294969064037,
      -0.1076443691191474,
      0.012493932349413758,
      -0.09505103563461977,
      -0.0009203691290279571,
      0.014037828432355903
    ],
    [
      0.08955294969064036,
      0.10764436911914739,
      -0.012493932349413778,
      0.0950510356346198,
      0.0009203691290280627,
      -0.014037828432355959
    ]
  ],
  "ranking_values": [
    0.08955294969064037,
    0.1076443691191474,
    0.012493932349413778,
    0.0950510356346198,
    0.0009203691290280627,
    0.014037828432355959
  ],
  "base_value": 0.7333630126321681,
  "max_abs_value": 0.10764436911914739
}