{
  "method": "shap",
  "values": [
    -0.12964418111549386,
    -0.19284134631592648,
    -0.07019939319026652,
    -0.1030289336604883,
    -0.1269825521780379,
    -0.017699970689606825
  ],
  "class_values": [
    [
      0.1296441811154939,
      0.1928413463159265,
      0.07019939319026651,
      0.10302893366048846,
      0.12698255217803767,
      0.017699970689606825
    ],
    [
      -0.12964418111549386,
      -0.19284134631592648,
      -0.07019939319026652,
      -0.1030289336604883,
      -0.1269825521780379,
      -0.017699970689606825
    ]
  ],
  "ranking_values": [
    0.1296441811154939,
    0.1928413463159265,
    0.07019939319026652,
    0.10302893366048846,
    0.1269825521780379,
    0.017699970689606825
  ],
  "base_value": 0.7333630126321681,
  "max_abs_value": 0.19284134631592648
}