{
  "method": "shap",
  "values": [
    -0.06375268009325402,
    0.11911586741528443,
    0.033810458493988005,
    0.1632357346311415,
    0.028262598049339612,
    -0.014043006205974762
  ],
  "class_values": [
    [
      0.06375268009325397,
      -0.11911586741528446,
      -0.03381045849398795,
      -0.16323573463114135,
      -0.028262598049339695,
      0.014043006205974706
    ],
    [
      -0.06375268009325402,
      0.11911586741528443,
      0.033810458493988005,
      0.1632357346311415,
      0.028262598049339612,
      -0.014043006205974762
    ]
  ],
  "ranking_values": [
    0.06375268009325402,
    0.11911586741528446,
    0.033810458493988005,
    0.1632357346311415,
    0.028262598049339695,
    0.014043006205974762
  ],
  "base_value": 0.7333630126321681,
  "max_abs_value": 0.1632357346311415
}