{
  "method": "shap",
  "values": [
    0.004274766181068821,
    0.2562393022040265,
    0.04171410560267539,
    0.0013438922367241667,
    -0.054023628498338465,
    -0.002003762493374306
  ],
  "class_values": [
    [
      -0.004274766181068843,
      -0.2562393022040265,
      -0.04171410560267541,
      -0.0013438922367242307,
      0.0540236284983385,
      0.002003762493374389
    ],
    [
      0.004274766181068821,
      0.2562393022040265,
      0.04171410560267539,
      0.0013438922367241667,
      -0.054023628498338465,
      -0.002003762493374306
    ]
  ],
  "ranking_values": [
    0.004274766181068843,
    0.2562393022040265,
    0.04171410560267541,
    0.0013438922367242307,
    0.0540236284983385,
    0.002003762493374389
  ],
  "base_value": 0.7333630126321681,
  "max_abs_value": 0.2562393022040265
}