{
  "method": "shap",
  "values": [
    0.14933312455308032,
    0.05498611236806949,
    -0.020570412761201022,
    0.007177079172377818,
    -0.03717539784734337,
    0.1046669049712349
  ],
  "class_values": [
    [
      -0.14933312455308032,
      -0.05498611236806947,
      0.020570412761201046,
      -0.007177079172377912,
      0.03717539784734339,
      -0.10466690497123488
    ],
    [
      0.14933312455308032,
      0.05498611236806949,
      -0.020570412761201022,
      0.007177079172377818,
      -0.03717539784734337,
      0.1046669049712349
    ]
  ],
  "ranking_values": [
    0.14933312455308032,
    0.05498611236806949,
    0.020570412761201046,
    0.007177079172377912,
    0.03717539784734339,
    0.1046669049712349
  ],
  "base_value": 0.7333630126321681,
  "max_abs_value": 0.14933312455308032
}