{
  "method": "shap",
  "values": [
    -0.004387871514077334,
    0.011341271934153619,
    0.0062739957262372865,
    0.008968518315377911,
    0.17093975605291586,
    0.07078440847478074
  ],
  "class_values": [
    [
      0.00438787151407734,
      -0.011341271934153515,
      -0.006273995726237308,
      -0.008968518315378003,
      -0.1709397560529158,
      -0.07078440847478079
    ],
    [
      -0.004387871514077334,
      0.011341271934153619,
      0.0062739957262372865,
      0.008968518315377911,
      0.17093975605291586,
      0.07078440847478074
    ]
  ],
  "ranking_values": [
    0.00438787151407734,
    0.011341271934153619,
    0.006273995726237308,
    0.008968518315378003,
    0.17093975605291586,
    0.07078440847478079
  ],
  "base_value": 0.7360799208534508,
  "max_abs_value": 0.17093975605291586
}