{
  "method": "shap",
  "values": [
    0.016718469018210676,
    -0.23095848107860442,
    0.0031605083163128013,
    0.1878262257257585,
    0.004177076343178588,
    0.28569186272506464
  ],
  "class_values": [
    [
      -0.01671846901821072,
      0.23095848107860448,
      -0.003160508316312775,
      -0.18782622572575838,
      -0.00417707634317865,
      -0.2856918627250647
    ],
    [
      0.016718469018210676,
      -0.23095848107860442,
      0.0031605083163128013,
      0.1878262257257585,
      0.004177076343178588,
      0.28569186272506464
    ]
  ],
  "ranking_values": [
    0.01671846901821072,
    0.23095848107860448,
    0.0031605083163128013,
    0.1878262257257585,
    0.00417707634317865,
    0.2856918627250647
  ],
  "base_value": 0.7333630126321681,
  "max_abs_value": 0.28569186272506464
}