{
  "method": "shap",
  "values": [
    0.09567076568334235,
    0.02131727133516003,
    0.01428389101790787,
    0.006093205530325552,
    0.09250502949544741,
    0.03403485474988999
  ],
  "class_values": [
    [
      -0.09567076568334232,
      -0.02131727133515998,
      -0.014283891017907804,
      -0.006093205530325597,
      -0.09250502949544748,
      -0.034034854749890014
    ],
    [
      0.09567076568334235,
      0.02131727133516003,
      0.01428389101790787,
      0.006093205530325552,
      0.09250502949544741,
      0.03403485474988999
    ]
  ],
  "ranking_values": [
    0.09567076568334235,
    0.02131727133516003,
    0.01428389101790787,
    0.006093205530325597,
    0.09250502949544748,
    0.034034854749890014
  ],
  "base_value": 0.7360799208534508,
  "max_abs_value": 0.09567076568334235
}