{
  "method": "shap",
  "values": [
    0.04619859309046892,
    -0.3368909736326765,
    -0.010005432200419882,
    -0.07629876675312357,
    -0.18125908919562958,
    -0.17465503709840646
  ],
  "class_values": [
    [
      -0.046198593090468885,
      0.33689097363267656,
      0.01000543220041986,
      0.07629876675312358,
      0.18125908919562958,
      0.17465503709840635
    ],
    [
      0.04619859309046892,
      -0.3368909736326765,
      -0.010005432200419882,
      -0.07629876675312357,
      -0.18125908919562958,
      -0.17465503709840646
    ]
  ],
  "ranking_values": [
    0.04619859309046892,
    0.33689097363267656,
    0.010005432200419882,
    0.07629876675312358,
    0.18125908919562958,
    0.17465503709840646
  ],
  "base_value": 0.7333630126321681,
  "max_abs_value": 0.3368909736326765
}