{
  "method": "shap",
  "values": [
    -0.0026306268272121612,
    -0.0537514638051109,
    0.00847635341600172,
    0.08103258547495348,
    0.1841542755101339,
    0.03613213442653021
  ],
  "class_values": [
    [
      0.0026306268272120814,
      0.05375146380511089,
      -0.008476353416001704,
      -0.08103258547495339,
      -0.18415427551013389,
      -0.03613213442653024
    ],
    [
      -0.0026306268272121612,
      -0.0537514638051109,
      0.00847635341600172,
      0.08103258547495348,
      0.1841542755101339,
      0.03613213442653021
    ]
  ],
  "ranking_values": [
    0.0026306268272121612,
    0.0537514638051109,
    0.00847635341600172,
    0.08103258547495348,
    0.1841542755101339,
    0.03613213442653024
  ],
  "base_value": 0.7333630126321681,
  "max_abs_value": 0.1841542755101339
}