{
  "method": "shap",
  "values": [
    -0.19261305082001276,
    -0.3685238874681856,
    -0.08843397141339818,
    0.14571162428054402,
    -0.08533998165438715,
    -0.12830929787391654
  ],
  "class_values": [
    [
      0.1926130508200128,
      0.36852388746818543,
      0.08843397141339805,
      -0.14571162428054385,
      0.08533998165438732,
      0.12830929787391643
    ],
    [
      -0.19261305082001276,
      -0.3685238874681856,
      -0.08843397141339818,
      0.14571162428054402,
      -0.08533998165438715,
      -0.12830929787391654
    ]
  ],
  "ranking_values": [
    0.1926130508200128,
    0.3685238874681856,
    0.08843397141339818,
    0.14571162428054402,
    0.08533998165438732,
    0.12830929787391654
  ],
  "base_value": 0.7333630126321681,
  "max_abs_value": 0.3685238874681856
}