{
  "method": "shap",
  "values": [
    -0.20124783570385554,
    0.003285791805239545,
    -0.14525532879839753,
    -0.11399937526533209,
    -0.00035300961308756677,
    -0.28087719054229077
  ],
  "class_values": [
    [
      0.20124783570385546,
      -0.0032857918052395132,
      0.1452553287983976,
      0.11399937526533196,
      0.00035300961308757484,
      0.28087719054229077
    ],
    [
      -0.20124783570385554,
      0.003285791805239545,
      -0.14525532879839753,
      -0.11399937526533209,
      -0.00035300961308756677,
      -0.28087719054229077
    ]
  ],
  "ranking_values": [
    0.20124783570385554,
    0.003285791805239545,
    0.1452553287983976,
    0.11399937526533209,
    0.00035300961308757484,
    0.28087719054229077
  ],
  "base_value": 0.7405368775632675,
  "max_abs_value": 0.28087719054229077
}