{
  "method": "shap",
  "values": [
    -0.0214612619852225,
    0.023521253935432945,
    -0.05264408144504572,
    0.04261548139695654,
    0.06782586764507852,
    0.17229509103403673
  ],
  "class_values": [
    [
      0.021461261985222375,
      -0.023521253935432924,
      0.0526440814450458,
      -0.04261548139695641,
      -0.06782586764507854,
      -0.1722950910340368
    ],
    [
      -0.0214612619852225,
      0.023521253935432945,
      -0.05264408144504572,
      0.04261548139695654,
      0.06782586764507852,
      0.17229509103403673
    ]
  ],
  "ranking_values": [
    0.0214612619852225,
    0.023521253935432945,
    0.0526440814450458,
    0.04261548139695654,
    0.06782586764507854,
    0.1722950910340368
  ],
  "base_value": 0.7360799208534508,
  "max_abs_value": 0.17229509103403673
}