{
  "method": "shap",
  "values": [
    -0.04531652601953241,
    -0.046582324380643955,
    0.39391682898038716,
    -0.006456392206707696,
    -0.05235269523034095,
    0.014896839300129278
  ],
  "class_values": [
    [
      0.045316526019532274,
      0.04658232438064397,
      -0.39391682898038716,
      0.006456392206707706,
      0.05235269523034091,
      -0.014896839300129194
    ],
    [
      -0.04531652601953241,
      -0.046582324380643955,
      0.39391682898038716,
      -0.006456392206707696,
      -0.05235269523034095,
      0.014896839300129278
    ]
  ],
  "ranking_values": [
    0.04531652601953241,
    0.04658232438064397,
    0.39391682898038716,
    0.006456392206707706,
    0.05235269523034095,
    0.014896839300129278
  ],
  "base_value": 0.7405368775632675,
  "max_abs_value": 0.39391682898038716
}