{
  "method": "shap",
  "values": [
    -0.06806841602625527,
    0.01954165703761233,
    0.05459821533692653,
    0.12888829984165576,
    0.06283828049330707,
    0.06723845200907924
  ],
  "class_values": [
    [
      0.0680684160262553,
      -0.019541657037612174,
      -0.05459821533692651,
      -0.12888829984165584,
      -0.06283828049330716,
      -0.0672384520090793
    ],
    [
      -0.06806841602625527,
      0.01954165703761233,
      0.05459821533692653,
      0.12888829984165576,
      0.06283828049330707,
      0.06723845200907924
    ]
  ],
  "ranking_values": [
    0.0680684160262553,
    0.01954165703761233,
    0.05459821533692653,
    0.12888829984165584,
    0.06283828049330716,
    0.0672384520090793
  ],
  "base_value": 0.7333630126321681,
  "max_abs_value": 0.12888829984165576
}