{
  "method": "shap",
  "values": [
    0.06879855082228822,
    0.13251895173832404,
    -0.03326160850971363,
    0.23112659119651538,
    -0.03323909349605725,
    -0.10096591914830039
  ],
  "class_values": [
    [
      -0.06879855082228827,
      -0.13251895173832404,
      0.03326160850971365,
      -0.23112659119651527,
      0.03323909349605708,
      0.1009659191483005
    ],
    [
      0.06879855082228822,
      0.13251895173832404,
      -0.03326160850971363,
      0.23112659119651538,
      -0.03323909349605725,
      -0.10096591914830039
    ]
  ],
  "ranking_values": [
    0.06879855082228827,
    0.13251895173832404,
    0.03326160850971365,
    0.23112659119651538,
    0.03323909349605725,
    0.1009659191483005
  ],
  "base_value": 0.7333630126321681,
  "max_abs_value": 0.23112659119651538
}