{
  "method": "shap",
  "values": [
    -0.4633921501822039,
    0.047824955057336804,
    -0.00851617331622445,
    -0.1678942902041861,
    -0.0725797930826568,
    -0.00024035371570307884
  ],
  "class_values": [
    [
      0.4633921501822037,
      -0.047824955057336915,
      0.00851617331622445,
      0.16789429020418592,
      0.07257979308265691,
      0.00024035371570330089
    ],
    [
      -0.4633921501822039,
      0.047824955057336804,
      -0.00851617331622445,
      -0.1678942902041861,
      -0.0725797930826568,
      -0.00024035371570307884
    ]
  ],
  "ranking_values": [
    0.4633921501822039,
    0.047824955057336915,
    0.00851617331622445,
    0.1678942902041861,
    0.07257979308265691,
    0.00024035371570330089
  ],
  "base_value": 0.7405368775632675,
  "max_abs_value": 0.4633921501822039
}