{
  "method": "shap",
  "values": [
    -0.22361617782934956,
    -0.004721705996994688,
    0.22837079705836386,
    0.10390718593161262,
    0.11944414353981987,
    0.03012978717493056
  ],
  "class_values": [
    [
      0.22361617782934967,
      0.0047217059969946115,
      -0.22837079705836394,
      -0.10390718593161252,
      -0.11944414353981979,
      -0.0301297871749307
    ],
    [
      -0.22361617782934956,
      -0.004721705996994688,
      0.22837079705836386,
      0.10390718593161262,
      0.11944414353981987,
      0.03012978717493056
    ]
  ],
  "ranking_values": [
    0.22361617782934967,
    0.004721705996994688,
    0.22837079705836394,
    0.10390718593161262,
    0.11944414353981987,
    0.0301297871749307
  ],
  "base_value": 0.7333630126321681,
  "max_abs_value": 0.22837079705836386
}