{
  "method": "shap",
  "values": [
    0.208225282732735,
    -0.06280462114352614,
    0.16556239925305727,
    -0.004298002536009721,
    -0.02122967149157127,
    -0.03317478397329371
  ],
  "class_values": [
    [
      -0.20822528273273505,
      0.06280462114352615,
      -0.1655623992530571,
      0.004298002536009744,
      0.021229671491571293,
      0.03317478397329354
    ],
    [
      0.208225282732735,
      -0.06280462114352614,
      0.16556239925305727,
      -0.004298002536009721,
      -0.02122967149157127,
      -0.03317478397329371
    ]
  ],
  "ranking_values": [
    0.20822528273273505,
    0.06280462114352615,
    0.16556239925305727,
    0.004298002536009744,
    0.021229671491571293,
    0.03317478397329371
  ],
  "base_value": 0.7333630126321681,
  "max_abs_value": 0.208225282732735
}