{
  "method": "shap",
  "values": [
    -0.41906493089627994,
    -0.08382586226062222,
    0.04619430278890929,
    -0.02248549008774205,
    -0.15149770922652725,
    -0.10533473126751836
  ],
  "class_values": [
    [
      0.41906493089627994,
      0.08382586226062227,
      -0.046194302788909125,
      0.022485490087742106,
      0.15149770922652703,
      0.10533473126751836
    ],
    [
      -0.41906493089627994,
      -0.08382586226062222,
      0.04619430278890929,
      -0.02248549008774205,
      -0.15149770922652725,
      -0.10533473126751836
    ]
  ],
  "ranking_values": [
    0.41906493089627994,
    0.08382586226062227,
    0.04619430278890929,
    0.022485490087742106,
    0.15149770922652725,
    0.10533473126751836
  ],
  "base_value": 0.7360799208534508,
  "max_abs_value": 0.41906493089627994
}