{
  "method": "shap",
  "values": [
    -0.3430977443416073,
    -0.004936743190577817,
    -0.04681496648559421,
    -0.03147454592927378,
    -0.3661715942622148,
    0.06916733438987777
  ],
  "class_values": [
    [
      0.3430977443416073,
      0.004936743190577761,
      0.04681496648559443,
      0.03147454592927378,
      0.3661715942622148,
      -0.06916733438987788
    ],
    [
      -0.3430977443416073,
      -0.004936743190577817,
      -0.04681496648559421,
      -0.03147454592927378,
      -0.3661715942622148,
      0.06916733438987777
    ]
  ],
  "ranking_values": [
    0.3430977443416073,
    0.004936743190577817,
    0.04681496648559443,
    0.03147454592927378,
    0.3661715942622148,
    0.06916733438987788
  ],
  "base_value": 0.7360799208534508,
  "max_abs_value": 0.3661715942622148
}