{
  "method": "shap",
  "values": [
    0.1518209520664839,
    0.197910124086836,
    0.0004970352677850763,
    -0.020555762350826328,
    -0.059170242827235486,
    -0.011986878767851039
  ],
  "class_values": [
    [
      -0.15182095206648388,
      -0.19791012408683598,
      -0.0004970352677850498,
      0.020555762350826342,
      0.059170242827235354,
      0.011986878767851095
    ],
    [
      0.1518209520664839,
      0.197910124086836,
      0.0004970352677850763,
      -0.020555762350826328,
      -0.059170242827235486,
      -0.011986878767851039
    ]
  ],
  "ranking_values": [
    0.1518209520664839,
    0.197910124086836,
    0.0004970352677850763,
    0.020555762350826342,
    0.059170242827235486,
    0.011986878767851095
  ],
  "base_value": 0.7405368775632675,
  "max_abs_value": 0.197910124086836
}