{
  "method": "shap",
  "values": [
    0.1764584364664363,
    0.008585364200841439,
    -0.00745855894123966,
    0.03882440714829903,
    -0.03913072208136058,
    0.10609602755199321,
    -0.025924587604405885,
    -0.01198337862835297
  ],
  "class_values": [
    [
      -0.17645843646643622,
      -0.008585364200841467,
      0.007458558941239604,
      -0.03882440714829907,
      0.039130722081360564,
      -0.10609602755199318,
      0.025924587604405996,
      0.011983378628352914
    ],
    [
      0.1764584364664363,
      0.008585364200841439,
      -0.00745855894123966,
      0.03882440714829903,
      -0.03913072208136058,
      0.10609602755199321,
      -0.025924587604405885,
      -0.01198337862835297
    ]
  ],
  "ranking_values": [
    0.1764584364664363,
    0.008585364200841467,
    0.00745855894123966,
    0.03882440714829907,
    0.03913072208136058,
    0.10609602755199321,
    0.025924587604405996,
    0.01198337862835297
  ],
  "base_value": 0.7374797983912753,
  "max_abs_value": 0.1764584364664363
}