{
  "method": "shap",
  "values": [
    -0.3621772368899514,
    -0.06581719624538183,
    -0.20121734159853985,
    -0.07032521695228056,
    0.05861399081337253,
    -0.08755488090439822
  ],
  "class_values": [
    [
      0.3621772368899513,
      0.06581719624538183,
      0.20121734159853996,
      0.07032521695228056,
      -0.05861399081337253,
      0.08755488090439822
    ],
    [
      -0.3621772368899514,
      -0.06581719624538183,
      -0.20121734159853985,
      -0.07032521695228056,
      0.05861399081337253,
      -0.08755488090439822
    ]
  ],
  "ranking_values": [
    0.3621772368899514,
    0.06581719624538183,
    0.20121734159853996,
    0.07032521695228056,
    0.05861399081337253,
    0.08755488090439822
  ],
  "base_value": 0.7333630126321681,
  "max_abs_value": 0.3621772368899514
}