{
  "method": "shap",
  "values": [
    -0.059104767335093074,
    -0.17276999887821248,
    -0.08378372666597696,
    -0.040386569773859265,
    -0.2049522131655113,
    0.010613793647767822
  ],
  "class_values": [
    [
      0.05910476733509307,
      0.17276999887821234,
      0.08378372666597692,
      0.04038656977385923,
      0.2049522131655113,
      -0.01061379364776771
    ],
    [
      -0.059104767335093074,
      -0.17276999887821248,
      -0.08378372666597696,
      -0.040386569773859265,
      -0.2049522131655113,
      0.010613793647767822
    ]
  ],
  "ranking_values": [
    0.059104767335093074,
    0.17276999887821248,
    0.08378372666597696,
    0.040386569773859265,
    0.2049522131655113,
    0.010613793647767822
  ],
  "base_value": 0.7333630126321681,
  "max_abs_value": 0.2049522131655113
}