{
  "method": "shap",
  "values": [
    -0.000565841994491553,
    -0.09933539770777322,
    -0.01752076122025142,
    -0.2095819739072257,
    -0.3003540997548545,
    -0.10600491103496368
  ],
  "class_values": [
    [
      0.0005658419944915107,
      0.09933539770777312,
      0.017520761220251268,
      0.2095819739072258,
      0.3003540997548547,
      0.10600491103496368
    ],
    [
      -0.000565841994491553,
      -0.09933539770777322,
      -0.01752076122025142,
      -0.2095819739072257,
      -0.3003540997548545,
      -0.10600491103496368
    ]
  ],
  "ranking_values": [
    0.000565841994491553,
    0.09933539770777322,
    0.01752076122025142,
    0.2095819739072258,
    0.3003540997548547,
    0.10600491103496368
  ],
  "base_value": 0.7333630126321681,
  "max_abs_value": 0.3003540997548545
}