{
  "method": "shap",
  "values": [
    0.04928262872152328,
    0.14754467486503645,
    0.011938613714932794,
    0.033178858177070246,
    0.046683901484375165,
    -0.02200073896477206
  ],
  "class_values": [
    [
      -0.04928262872152321,
      -0.14754467486503645,
      -0.011938613714932784,
      -0.03317885817707025,
      -0.04668390148437521,
      0.02200073896477206
    ],
    [
      0.04928262872152328,
      0.14754467486503645,
      0.011938613714932794,
      0.033178858177070246,
      0.046683901484375165,
      -0.02200073896477206
    ]
  ],
  "ranking_values": [
    0.04928262872152328,
    0.14754467486503645,
    0.011938613714932794,
    0.03317885817707025,
    0.04668390148437521,
    0.02200073896477206
  ],
  "base_value": 0.7333630126321681,
  "max_abs_value": 0.14754467486503645
}