{
  "method": "shap",
  "values": [
    -0.02470437382204407,
    -0.304759397599299,
    -0.1496419229587869,
    -0.026285664204515342,
    0.051342566326314704,
    -0.27789634307335664
  ],
  "class_values": [
    [
      0.024704373822044046,
      0.30475939759929893,
      0.14964192295878692,
      0.026285664204515374,
      -0.05134256632631444,
      0.2778963430733565
    ],
    [
      -0.02470437382204407,
      -0.304759397599299,
      -0.1496419229587869,
      -0.026285664204515342,
      0.051342566326314704,
      -0.27789634307335664
    ]
  ],
  "ranking_values": [
    0.02470437382204407,
    0.304759397599299,
    0.14964192295878692,
    0.026285664204515374,
    0.051342566326314704,
    0.27789634307335664
  ],
  "base_value": 0.7333630126321681,
  "max_abs_value": 0.304759397599299
}