{
  "method": "shap",
  "values": [
    -0.4155171891587656,
    -0.21859198875728464,
    0.0493826734230849,
    -0.03931227023722856,
    -0.015947832097291757,
    -0.096093314025965
  ],
  "class_values": [
    [
      0.41551718915876584,
      0.21859198875728486,
      -0.04938267342308499,
      0.03931227023722847,
      0.015947832097291538,
      0.096093314025965
    ],
    [
      -0.4155171891587656,
      -0.21859198875728464,
      0.0493826734230849,
      -0.03931227023722856,
      -0.015947832097291757,
      -0.096093314025965
    ]
  ],
  "ranking_values": [
    0.41551718915876584,
    0.21859198875728486,
    0.04938267342308499,
    0.03931227023722856,
    0.015947832097291757,
    0.096093314025965
  ],
  "base_value": 0.7360799208534508,
  "max_abs_value": 0.4155171891587656
}