{
  "method": "shap",
  "values": [
    0.09230834862130322,
    0.026724163251902845,
    -0.00806238030859628,
    0.0660561650317082,
    0.02929006726110337,
    0.05298240683072322
  ],
  "class_values": [
    [
      -0.09230834862130326,
      -0.02672416325190286,
      0.00806238030859624,
      -0.06605616503170811,
      -0.029290067261103454,
      -0.05298240683072314
    ],
    [
      0.09230834862130322,
      0.026724163251902845,
      -0.00806238030859628,
      0.0660561650317082,
      0.02929006726110337,
      0.05298240683072322
    ]
  ],
  "ranking_values": [
    0.09230834862130326,
    0.02672416325190286,
    0.00806238030859628,
    0.0660561650317082,
    0.029290067261103454,
    0.05298240683072322
  ],
  "base_value": 0.7405368775632675,
  "max_abs_value": 0.09230834862130322
}