{
  "method": "shap",
  "values": [
    -0.013741911114853053,
    -0.3323077901209769,
    -0.079086035387724,
    -0.08449086247656154,
    -0.14434890630437938,
    -0.04742877731829309
  ],
  "class_values": [
    [
      0.013741911114853164,
      0.3323077901209768,
      0.0790860353877239,
      0.08449086247656151,
      0.14434890630437916,
      0.047428777318293425
    ],
    [
      -0.013741911114853053,
      -0.3323077901209769,
      -0.079086035387724,
      -0.08449086247656154,
      -0.14434890630437938,
      -0.04742877731829309
    ]
  ],
  "ranking_values": [
    0.013741911114853164,
    0.3323077901209769,
    0.079086035387724,
    0.08449086247656154,
    0.14434890630437938,
    0.047428777318293425
  ],
  "base_value": 0.7333630126321681,
  "max_abs_value": 0.3323077901209769
}