{
  "method": "shap",
  "values": [
    -0.048294864793348304,
    0.06601112136993682,
    0.14019641561376764,
    -0.020733559333900056,
    0.20857295670019316,
    -0.08738701047182296
  ],
  "class_values": [
    [
      0.048294864793348304,
      -0.06601112136993684,
      -0.14019641561376764,
      0.020733559333900014,
      -0.20857295670019324,
      0.08738701047182307
    ],
    [
      -0.048294864793348304,
      0.06601112136993682,
      0.14019641561376764,
      -0.020733559333900056,
      0.20857295670019316,
      -0.08738701047182296
    ]
  ],
  "ranking_values": [
    0.048294864793348304,
    0.06601112136993684,
    0.14019641561376764,
    0.020733559333900056,
    0.20857295670019324,
    0.08738701047182307
  ],
  "base_value": 0.7360799208534508,
  "max_abs_value": 0.20857295670019316
}