{
  "method": "shap",
  "values": [
    0.05887701649448015,
    0.0625872196808519,
    0.02930798414467733,
    0.11665454422272173,
    0.01261459725669157,
    -0.013404374463672875
  ],
  "class_values": [
    [
      -0.058877016494480246,
      -0.0625872196808519,
      -0.02930798414467726,
      -0.11665454422272169,
      -0.012614597256691546,
      0.013404374463672819
    ],
    [
      0.05887701649448015,
      0.0625872196808519,
      0.02930798414467733,
      0.11665454422272173,
      0.01261459725669157,
      -0.013404374463672875
    ]
  ],
  "ranking_values": [
    0.058877016494480246,
    0.0625872196808519,
    0.02930798414467733,
    0.11665454422272173,
    0.01261459725669157,
    0.013404374463672875
  ],
  "base_value": 0.7333630126321681,
  "max_abs_value": 0.11665454422272173
}