{
  "method": "shap",
  "values": [
    0.01151642863635482,
    -0.18701590031117998,
    -0.13326028346204988,
    0.006032332325449733,
    -0.14076902790003254,
    -0.2910579261743884
  ],
  "class_values": [
    [
      -0.011516428636354931,
      0.18701590031117987,
      0.13326028346204988,
      -0.006032332325449594,
      0.1407690279000326,
      0.2910579261743884
    ],
    [
      0.01151642863635482,
      -0.18701590031117998,
      -0.13326028346204988,
      0.006032332325449733,
      -0.14076902790003254,
      -0.2910579261743884
    ]
  ],
  "ranking_values": [
    0.011516428636354931,
    0.18701590031117998,
    0.13326028346204988,
    0.006032332325449733,
    0.1407690279000326,
    0.2910579261743884
  ],
  "base_value": 0.7360799208534508,
  "max_abs_value": 0.2910579261743884
}