{
  "method": "shap",
  "values": [
    -0.07891675322128322,
    0.21329744928398786,
    0.09609865790041748,
    -0.01759852326669712,
    0.02296081846095951,
    -0.035688053187555246
  ],
  "class_values": [
    [
      0.07891675322128326,
      -0.21329744928398778,
      -0.09609865790041741,
      0.01759852326669709,
      -0.02296081846095959,
      0.03568805318755516
    ],
    [
      -0.07891675322128322,
      0.21329744928398786,
      0.09609865790041748,
      -0.01759852326669712,
      0.02296081846095951,
      -0.035688053187555246
    ]
  ],
  "ranking_values": [
    0.07891675322128326,
    0.21329744928398786,
    0.09609865790041748,
    0.01759852326669712,
    0.02296081846095959,
    0.035688053187555246
  ],
  "base_value": 0.7360799208534508,
  "max_abs_value": 0.21329744928398786
}