{
  "method": "shap",
  "values": [
    -0.05738475051951794,
    0.01285187163594751,
    -0.020031830908068374,
    0.09331311942626525,
    -0.007159677993774298,
    0.24504825572690517
  ],
  "class_values": [
    [
      0.05738475051951783,
      -0.012851871635947556,
      0.020031830908068454,
      -0.09331311942626523,
      0.007159677993774297,
      -0.2450482557269051
    ],
    [
      -0.05738475051951794,
      0.01285187163594751,
      -0.020031830908068374,
      0.09331311942626525,
      -0.007159677993774298,
      0.24504825572690517
    ]
  ],
  "ranking_values": [
    0.05738475051951794,
    0.012851871635947556,
    0.020031830908068454,
    0.09331311942626525,
    0.007159677993774298,
    0.24504825572690517
  ],
  "base_value": 0.7333630126321681,
  "max_abs_value": 0.24504825572690517
}