{
  "method": "shap",
  "values": [
    -0.03396928861610227,
    -0.006672829997941085,
    -0.06302804602379763,
    -0.29339009206859185,
    -0.11127532981673305,
    -0.2311288760840856
  ],
  "class_values": [
    [
      0.03396928861610233,
      0.00667282999794109,
      0.06302804602379762,
      0.2933900920685918,
      0.11127532981673303,
      0.2311288760840856
    ],
    [
      -0.03396928861610227,
      -0.006672829997941085,
      -0.06302804602379763,
      -0.29339009206859185,
      -0.11127532981673305,
      -0.2311288760840856
    ]
  ],
  "ranking_values": [
    0.03396928861610233,
    0.00667282999794109,
    0.06302804602379763,
    0.29339009206859185,
    0.11127532981673305,
    0.2311288760840856
  ],
  "base_value": 0.7405368775632675,
  "max_abs_value": 0.29339009206859185
}