{
  "method": "shap",
  "values": [
    -0.01188892315825027,
    0.009279823490720755,
    0.06964834051089275,
    -0.008072279238532003,
    0.10336846018442325,
    0.10156755374138121
  ],
  "class_values": [
    [
      0.01188892315825034,
      -0.009279823490720774,
      -0.0696483405108928,
      0.0080722792385319,
      -0.10336846018442318,
      -0.10156755374138116
    ],
    [
      -0.01188892315825027,
      0.009279823490720755,
      0.06964834051089275,
      -0.008072279238532003,
      0.10336846018442325,
      0.10156755374138121
    ]
  ],
  "ranking_values": [
    0.01188892315825034,
    0.009279823490720774,
    0.0696483405108928,
    0.008072279238532003,
    0.10336846018442325,
    0.10156755374138121
  ],
  "base_value": 0.7360799208534508,
  "max_abs_value": 0.10336846018442325
}