{
  "method": "shap",
  "values": [
    -0.4172111279825135,
    -0.03238493729072155,
    -0.21966773406117224,
    0.029496227638053263,
    0.0045213894935013,
    -0.09760553858903243
  ],
  "class_values": [
    [
      0.4172111279825136,
      0.0323849372907216,
      0.2196677340611723,
      -0.029496227638053374,
      -0.0045213894935013,
      0.09760553858903231
    ],
    [
      -0.4172111279825135,
      -0.03238493729072155,
      -0.21966773406117224,
      0.029496227638053263,
      0.0045213894935013,
      -0.09760553858903243
    ]
  ],
  "ranking_values": [
    0.4172111279825136,
    0.0323849372907216,
    0.2196677340611723,
    0.029496227638053374,
    0.0045213894935013,
    0.09760553858903243
  ],
  "base_value": 0.7333630126321681,
  "max_abs_value": 0.4172111279825135
}