{
  "method": "shap",
  "values": [
    0.06673940921635903,
    0.05711426802886513,
    -0.019049824264966694,
    0.2832986192675503,
    -0.041011367927941994,
    -0.08049023886597961
  ],
  "class_values": [
    [
      -0.06673940921635894,
      -0.05711426802886508,
      0.01904982426496655,
      -0.2832986192675503,
      0.041011367927941945,
      0.08049023886597967
    ],
    [
      0.06673940921635903,
      0.05711426802886513,
      -0.019049824264966694,
      0.2832986192675503,
      -0.041011367927941994,
      -0.08049023886597961
    ]
  ],
  "ranking_values": [
    0.06673940921635903,
    0.05711426802886513,
    0.019049824264966694,
    0.2832986192675503,
    0.041011367927941994,
    0.08049023886597967
  ],
  "base_value": 0.7333630126321681,
  "max_abs_value": 0.2832986192675503
}