{
  "method": "shap",
  "values": [
    0.10521794744518903,
    0.027349349380781207,
    0.03310700230983396,
    0.029955328176419056,
    0.021425414803748193,
    -0.01717561728321021
  ],
  "class_values": [
    [
      -0.10521794688701636,
      -0.02734934977690379,
      -0.03310700211922326,
      -0.029955328404903458,
      -0.02142541468143463,
      0.01717561729749051
    ],
    [
      0.10521794744518903,
      0.027349349380781207,
      0.03310700230983396,
      0.029955328176419056,
      0.021425414803748193,
      -0.01717561728321021
    ]
  ],
  "ranking_values": [
    0.10521794744518903,
    0.02734934977690379,
    0.03310700230983396,
    0.029955328404903458,
    0.021425414803748193,
    0.01717561729749051
  ],
  "base_value": 0.7213903496041895,
  "max_abs_value": 0.10521794744518903
}