{
  "method": "shap",
  "values": [
    0.041099526529466815,
    0.08755866042385867,
    -0.0004186539963316624,
    -0.013078619895680942,
    0.03873171099338246,
    0.10995561884368638
  ],
  "class_values": [
    [
      -0.04109952652946684,
      -0.08755866042385871,
      0.0004186539963315772,
      0.013078619895680913,
      -0.03873171099338232,
      -0.10995561884368632
    ],
    [
      0.041099526529466815,
      0.08755866042385867,
      -0.0004186539963316624,
      -0.013078619895680942,
      0.03873171099338246,
      0.10995561884368638
    ]
  ],
  "ranking_values": [
    0.04109952652946684,
    0.08755866042385871,
    0.0004186539963316624,
    0.013078619895680942,
    0.03873171099338246,
    0.10995561884368638
  ],
  "base_value": 0.7360799208534508,
  "max_abs_value": 0.10995561884368638
}