{
  "method": "shap",
  "values": [
    0.18047803647741037,
    -0.4233072928225254,
    0.13546908235424462,
    0.1217531997069371,
    0.06894961200258859,
    0.06483702727729573
  ],
  "class_values": [
    [
      -0.18047803647741045,
      0.4233072928225254,
      -0.1354690823542447,
      -0.12175319970693706,
      -0.06894961200258867,
      -0.06483702727729553
    ],
    [
      0.18047803647741037,
      -0.4233072928225254,
      0.13546908235424462,
      0.1217531997069371,
      0.06894961200258859,
      0.06483702727729573
    ]
  ],
  "ranking_values": [
    0.18047803647741045,
    0.4233072928225254,
    0.1354690823542447,
    0.1217531997069371,
    0.06894961200258867,
    0.06483702727729573
  ],
  "base_value": 0.7333630126321681,
  "max_abs_value": 0.4233072928225254
}