{
  "method": "shap",
  "values": [
    0.18764307826495166,
    -0.10010479729374595,
    0.055732174529763936,
    0.10782597190117,
    0.06632083653769939,
    -0.07451149018092684
  ],
  "class_values": [
    [
      -0.1876430782649516,
      0.10010479729374594,
      -0.05573217452976391,
      -0.10782597190117,
      -0.06632083653769939,
      0.07451149018092673
    ],
    [
      0.18764307826495166,
      -0.10010479729374595,
      0.055732174529763936,
      0.10782597190117,
      0.06632083653769939,
      -0.07451149018092684
    ]
  ],
  "ranking_values": [
    0.18764307826495166,
    0.10010479729374595,
    0.055732174529763936,
    0.10782597190117,
    0.06632083653769939,
    0.07451149018092684
  ],
  "base_value": 0.7333630126321681,
  "max_abs_value": 0.18764307826495166
}