{
  "method": "shap",
  "values": [
    0.04333399969459223,
    0.10221779277584711,
    0.028904499342929744,
    0.08159090320322117,
    0.004514424636873241,
    0.0060753677143684515
  ],
  "class_values": [
    [
      -0.04333399969459225,
      -0.10221779277584704,
      -0.028904499342929896,
      -0.0815909032032211,
      -0.004514424636873161,
      -0.0060753677143684515
    ],
    [
      0.04333399969459223,
      0.10221779277584711,
      0.028904499342929744,
      0.08159090320322117,
      0.004514424636873241,
      0.0060753677143684515
    ]
  ],
  "ranking_values": [
    0.04333399969459225,
    0.10221779277584711,
    0.028904499342929896,
    0.08159090320322117,
    0.004514424636873241,
    0.0060753677143684515
  ],
  "base_value": 0.7333630126321681,
  "max_abs_value": 0.10221779277584711
}