{
  "method": "shap",
  "values": [
    -0.5668677039709689,
    -0.06561961504212398,
    -0.09901029135171718,
    0.03006039043275224,
    0.017543411614128958,
    -0.05662594990293546
  ],
  "class_values": [
    [
      0.5668677039709686,
      0.06561961504212392,
      0.09901029135171727,
      -0.03006039043275215,
      -0.017543411614129,
      0.05662594990293568
    ],
    [
      -0.5668677039709689,
      -0.06561961504212398,
      -0.09901029135171718,
      0.03006039043275224,
      0.017543411614128958,
      -0.05662594990293546
    ]
  ],
  "ranking_values": [
    0.5668677039709689,
    0.06561961504212398,
    0.09901029135171727,
    0.03006039043275224,
    0.017543411614129,
    0.05662594990293568
  ],
  "base_value": 0.7405368775632675,
  "max_abs_value": 0.5668677039709689
}