{
  "method": "shap",
  "values": [
    0.0530959463788157,
    0.127864378285108,
    0.06245903203236851,
    0.039321741110503426,
    -0.038663305009928886,
    -0.011075092593475888
  ],
  "class_values": [
    [
      -0.053095946378815755,
      -0.12786437828510788,
      -0.06245903203236852,
      -0.03932174111050349,
      0.0386633050099289,
      0.01107509259347586
    ],
    [
      0.0530959463788157,
      0.127864378285108,
      0.06245903203236851,
      0.039321741110503426,
      -0.038663305009928886,
      -0.011075092593475888
    ]
  ],
  "ranking_values": [
    0.053095946378815755,
    0.127864378285108,
    0.06245903203236852,
    0.03932174111050349,
    0.0386633050099289,
    0.011075092593475888
  ],
  "base_value": 0.7405368775632675,
  "max_abs_value": 0.127864378285108
}