{
  "method": "shap",
  "values": [
    0.17113943356763464,
    0.07237888746457491,
    -0.0021222134024677956,
    0.07462285870547417,
    -0.010177911904980992,
    -0.039204790292423186
  ],
  "class_values": [
    [
      -0.17113943356763475,
      -0.07237888746457495,
      0.002122213402467913,
      -0.07462285870547408,
      0.010177911904980987,
      0.039204790292423186
    ],
    [
      0.17113943356763464,
      0.07237888746457491,
      -0.0021222134024677956,
      0.07462285870547417,
      -0.010177911904980992,
      -0.039204790292423186
    ]
  ],
  "ranking_values": [
    0.17113943356763475,
    0.07237888746457495,
    0.002122213402467913,
    0.07462285870547417,
    0.010177911904980992,
    0.039204790292423186
  ],
  "base_value": 0.7333630126321681,
  "max_abs_value": 0.17113943356763464
}