{
  "method": "shap",
  "values": [
    -0.07009096935057171,
    -0.0034232159294965135,
    -0.12307256306379769,
    -0.41967443184950054,
    0.04065356966268074,
    -0.16047228705851224
  ],
  "class_values": [
    [
      0.07009096935057167,
      0.003423215929496507,
      0.12307256306379775,
      0.4196744318495003,
      -0.04065356966268073,
      0.16047228705851246
    ],
    [
      -0.07009096935057171,
      -0.0034232159294965135,
      -0.12307256306379769,
      -0.41967443184950054,
      0.04065356966268074,
      -0.16047228705851224
    ]
  ],
  "ranking_values": [
    0.07009096935057171,
    0.0034232159294965135,
    0.12307256306379775,
    0.41967443184950054,
    0.04065356966268074,
    0.16047228705851246
  ],
  "base_value": 0.7360799208534508,
  "max_abs_value": 0.41967443184950054
}