{
  "method": "shap",
  "values": [
    -0.628642964145458,
    -0.18448199791625944,
    0.044231031982533836,
    -0.014193222229220363,
    0.003035446506543157,
    0.04745251680224949
  ],
  "class_values": [
    [
      0.628642964145458,
      0.18448199791625963,
      -0.0442310319825338,
      0.014193222229220287,
      -0.0030354465065431623,
      -0.04745251680224971
    ],
    [
      -0.628642964145458,
      -0.18448199791625944,
      0.044231031982533836,
      -0.014193222229220363,
      0.003035446506543157,
      0.04745251680224949
    ]
  ],
  "ranking_values": [
    0.628642964145458,
    0.18448199791625963,
    0.044231031982533836,
    0.014193222229220363,
    0.0030354465065431623,
    0.04745251680224971
  ],
  "base_value": 0.7360799208534508,
  "max_abs_value": 0.628642964145458
}