{
  "method": "shap",
  "values": [
    -0.07001061286758051,
    -0.6649706220537868,
    -0.04350469959554301,
    0.08485869571097839,
    -0.012584241161272993,
    -0.02714129740920712
  ],
  "class_values": [
    [
      0.07001061286758051,
      0.6649706220537868,
      0.04350469959554312,
      -0.08485869571097839,
      0.012584241161272993,
      0.02714129740920701
    ],
    [
      -0.07001061286758051,
      -0.6649706220537868,
      -0.04350469959554301,
      0.08485869571097839,
      -0.012584241161272993,
      -0.02714129740920712
    ]
  ],
  "ranking_values": [
    0.07001061286758051,
    0.6649706220537868,
    0.04350469959554312,
    0.08485869571097839,
    0.012584241161272993,
    0.02714129740920712
  ],
  "base_value": 0.7333630126321681,
  "max_abs_value": 0.6649706220537868
}