{
  "method": "shap",
  "values": [
    0.33987024072581196,
    0.0025162087827686236,
    -0.009811994803530368,
    0.0002108681323401822,
    0.011465808426174859,
    -0.09817973640406658
  ],
  "class_values": [
    [
      -0.33987024072581196,
      -0.0025162087827686514,
      0.009811994803530368,
      -0.00021086813234004343,
      -0.011465808426174859,
      0.09817973640406646
    ],
    [
      0.33987024072581196,
      0.0025162087827686236,
      -0.009811994803530368,
      0.0002108681323401822,
      0.011465808426174859,
      -0.09817973640406658
    ]
  ],
  "ranking_values": [
    0.33987024072581196,
    0.0025162087827686514,
    0.009811994803530368,
    0.0002108681323401822,
    0.011465808426174859,
    0.09817973640406658
  ],
  "base_value": 0.7360799208534508,
  "max_abs_value": 0.33987024072581196
}