{
  "method": "shap",
  "values": [
    0.07732344372856498,
    0.05162626351259225,
    0.019833606680640464,
    -0.07400117390230193,
    0.06806883085948229,
    0.03923264010792049,
    0.10351454978831973,
    -0.023190888666965503
  ],
  "class_values": [
    [
      -0.07732344372856487,
      -0.05162626351259228,
      -0.019833606680640437,
      0.0740011739023019,
      -0.06806883085948245,
      -0.03923264010792049,
      -0.1035145497883197,
      0.023190888666965614
    ],
    [
      0.07732344372856498,
      0.05162626351259225,
      0.019833606680640464,
      -0.07400117390230193,
      0.06806883085948229,
      0.03923264010792049,
      0.10351454978831973,
      -0.023190888666965503
    ]
  ],
  "ranking_values": [
    0.07732344372856498,
    0.05162626351259228,
    0.019833606680640464,
    0.07400117390230193,
    0.06806883085948245,
    0.03923264010792049,
    0.10351454978831973,
    0.023190888666965614
  ],
  "base_value": 0.7374797983912753,
  "max_abs_value": 0.10351454978831973
}