{
  "method": "shap",
  "values": [
    -0.3394486405429778,
    -0.0058560045549701,
    -0.12349465404696308,
    -0.1156724924684723,
    -0.20965676278118625,
    0.06505206404075481
  ],
  "class_values": [
    [
      0.33944864054297813,
      0.0058560045549702665,
      0.12349465404696303,
      0.1156724924684722,
      0.20965676278118614,
      -0.06505206404075503
    ],
    [
      -0.3394486405429778,
      -0.0058560045549701,
      -0.12349465404696308,
      -0.1156724924684723,
      -0.20965676278118625,
      0.06505206404075481
    ]
  ],
  "ranking_values": [
    0.33944864054297813,
    0.0058560045549702665,
    0.12349465404696308,
    0.1156724924684723,
    0.20965676278118625,
    0.06505206404075503
  ],
  "base_value": 0.7333630126321681,
  "max_abs_value": 0.3394486405429778
}