{
  "method": "shap",
  "values": [
    -0.09842695636016896,
    -0.12421366238703946,
    -0.14284848280432327,
    -0.12036221244370261,
    -0.07150254758777452,
    -0.1026076106975633
  ],
  "class_values": [
    [
      0.09842695636016899,
      0.12421366238703932,
      0.1428484828043232,
      0.12036221244370245,
      0.07150254758777475,
      0.10260761069756341
    ],
    [
      -0.09842695636016896,
      -0.12421366238703946,
      -0.14284848280432327,
      -0.12036221244370261,
      -0.07150254758777452,
      -0.1026076106975633
    ]
  ],
  "ranking_values": [
    0.09842695636016899,
    0.12421366238703946,
    0.14284848280432327,
    0.12036221244370261,
    0.07150254758777475,
    0.10260761069756341
  ],
  "base_value": 0.7360799208534508,
  "max_abs_value": 0.14284848280432327
}