{
  "method": "shap",
  "values": [
    0.010947344794428897,
    -0.5614492735638914,
    -0.11877663584707492,
    -0.0017133365668927933,
    -0.01374870942570349,
    -0.027206564497000985
  ],
  "class_values": [
    [
      -0.010947344794429043,
      0.5614492735638913,
      0.11877663584707499,
      0.0017133365668928421,
      0.013748709425703495,
      0.027206564497000985
    ],
    [
      0.010947344794428897,
      -0.5614492735638914,
      -0.11877663584707492,
      -0.0017133365668927933,
      -0.01374870942570349,
      -0.027206564497000985
    ]
  ],
  "ranking_values": [
    0.010947344794429043,
    0.5614492735638914,
    0.11877663584707499,
    0.0017133365668928421,
    0.013748709425703495,
    0.027206564497000985
  ],
  "base_value": 0.7333630126321681,
  "max_abs_value": 0.5614492735638914
}