{
  "method": "shap",
  "values": [
    -0.007238091551225081,
    0.0014082654445182064,
    -0.222627993620781,
    -0.17448087219708083,
    -0.1815484968733046,
    -0.062066977293794956
  ],
  "class_values": [
    [
      0.007238091551224949,
      -0.0014082654445182275,
      0.22262799362078106,
      0.17448087219708092,
      0.1815484968733047,
      0.062066977293794956
    ],
    [
      -0.007238091551225081,
      0.0014082654445182064,
      -0.222627993620781,
      -0.17448087219708083,
      -0.1815484968733046,
      -0.062066977293794956
    ]
  ],
  "ranking_values": [
    0.007238091551225081,
    0.0014082654445182275,
    0.22262799362078106,
    0.17448087219708092,
    0.1815484968733047,
    0.062066977293794956
  ],
  "base_value": 0.7333630126321681,
  "max_abs_value": 0.222627993620781
}