{
  "method": "shap",
  "values": [
    0.0634872403762966,
    0.03180538089908496,
    0.02152657682030915,
    -0.03521673607795545,
    0.07504442717236995,
    0.10281585777953722
  ],
  "class_values": [
    [
      -0.0634872403762966,
      -0.03180538089908502,
      -0.021526576820309225,
      0.03521673607795539,
      -0.07504442717236992,
      -0.10281585777953711
    ],
    [
      0.0634872403762966,
      0.03180538089908496,
      0.02152657682030915,
      -0.03521673607795545,
      0.07504442717236995,
      0.10281585777953722
    ]
  ],
  "ranking_values": [
    0.0634872403762966,
    0.03180538089908502,
    0.021526576820309225,
    0.03521673607795545,
    0.07504442717236995,
    0.10281585777953722
  ],
  "base_value": 0.7405368775632675,
  "max_abs_value": 0.10281585777953722
}