{
  "method": "shap",
  "values": [
    -0.11283021019235513,
    0.007093236696303917,
    0.1833026997210966,
    -0.03122637070891079,
    0.10780829298902392,
    0.11215785499318129
  ],
  "class_values": [
    [
      0.11283021019235509,
      -0.007093236696303849,
      -0.1833026997210967,
      0.031226370708910805,
      -0.10780829298902384,
      -0.11215785499318132
    ],
    [
      -0.11283021019235513,
      0.007093236696303917,
      0.1833026997210966,
      -0.03122637070891079,
      0.10780829298902392,
      0.11215785499318129
    ]
  ],
  "ranking_values": [
    0.11283021019235513,
    0.007093236696303917,
    0.1833026997210967,
    0.031226370708910805,
    0.10780829298902392,
    0.11215785499318132
  ],
  "base_value": 0.7333630126321681,
  "max_abs_value": 0.1833026997210966
}