{
  "method": "shap",
  "values": [
    -0.017671183014425804,
    -0.4889916200326757,
    0.018023295276540643,
    -0.1545831687526299,
    -0.0464568831469325,
    -0.04368324644538102
  ],
  "class_values": [
    [
      0.017671183014425784,
      0.48899162003267566,
      -0.018023295276540664,
      0.15458316875262987,
      0.0464568831469326,
      0.04368324644538102
    ],
    [
      -0.017671183014425804,
      -0.4889916200326757,
      0.018023295276540643,
      -0.1545831687526299,
      -0.0464568831469325,
      -0.04368324644538102
    ]
  ],
  "ranking_values": [
    0.017671183014425804,
    0.4889916200326757,
    0.018023295276540664,
    0.1545831687526299,
    0.0464568831469326,
    0.04368324644538102
  ],
  "base_value": 0.7333630126321681,
  "max_abs_value": 0.4889916200326757
}