{
  "method": "shap",
  "values": [
    -0.3400069344255894,
    -0.1251231208285883,
    0.04357566433784724,
    -0.22154674420216938,
    -0.09292888128290919,
    -0.003477098580049076
  ],
  "class_values": [
    [
      0.34000693442558927,
      0.12512312082858837,
      -0.04357566433784719,
      0.22154674420216938,
      0.09292888128290919,
      0.003477098580049076
    ],
    [
      -0.3400069344255894,
      -0.1251231208285883,
      0.04357566433784724,
      -0.22154674420216938,
      -0.09292888128290919,
      -0.003477098580049076
    ]
  ],
  "ranking_values": [
    0.3400069344255894,
    0.12512312082858837,
    0.04357566433784724,
    0.22154674420216938,
    0.09292888128290919,
    0.003477098580049076
  ],
  "base_value": 0.7405368775632675,
  "max_abs_value": 0.3400069344255894
}