{
  "method": "shap",
  "values": [
    -0.06378679286575076,
    -0.023627770485814183,
    -0.23662897294968563,
    -0.14385344236853798,
    -0.3826506242694403,
    0.11879653510841448
  ],
  "class_values": [
    [
      0.0637867928657508,
      0.023627770485814225,
      0.23662897294968566,
      0.143853442368538,
      0.3826506242694401,
      -0.11879653510841437
    ],
    [
      -0.06378679286575076,
      -0.023627770485814183,
      -0.23662897294968563,
      -0.14385344236853798,
      -0.3826506242694403,
      0.11879653510841448
    ]
  ],
  "ranking_values": [
    0.0637867928657508,
    0.023627770485814225,
    0.23662897294968566,
    0.143853442368538,
    0.3826506242694403,
    0.11879653510841448
  ],
  "base_value": 0.7333630126321681,
  "max_abs_value": 0.3826506242694403
}