{
  "method": "shap",
  "values": [
    -0.0027094379255264882,
    -0.38415490496484406,
    -0.1633347364516218,
    -0.013564441037875115,
    -0.1691674866926781,
    0.001450733756202749
  ],
  "class_values": [
    [
      0.002709437925526676,
      0.3841549049648441,
      0.1633347364516218,
      0.013564441037875024,
      0.16916748669267798,
      -0.00145073375620286
    ],
    [
      -0.0027094379255264882,
      -0.38415490496484406,
      -0.1633347364516218,
      -0.013564441037875115,
      -0.1691674866926781,
      0.001450733756202749
    ]
  ],
  "ranking_values": [
    0.002709437925526676,
    0.3841549049648441,
    0.1633347364516218,
    0.013564441037875115,
    0.1691674866926781,
    0.00145073375620286
  ],
  "base_value": 0.7333630126321681,
  "max_abs_value": 0.38415490496484406
}