{
  "method": "shap",
  "values": [
    -0.2728927798637211,
    0.0243815628620504,
    -0.005849534862797587,
    -0.01806387777877117,
    -0.014332297564608729,
    -0.449322984675882
  ],
  "class_values": [
    [
      0.27289277986372107,
      -0.024381562862050447,
      0.005849534862797551,
      0.018063877778771262,
      0.014332297564608834,
      0.44932298467588194
    ],
    [
      -0.2728927798637211,
      0.0243815628620504,
      -0.005849534862797587,
      -0.01806387777877117,
      -0.014332297564608729,
      -0.449322984675882
    ]
  ],
  "ranking_values": [
    0.2728927798637211,
    0.024381562862050447,
    0.005849534862797587,
    0.018063877778771262,
    0.014332297564608834,
    0.449322984675882
  ],
  "base_value": 0.7360799208534508,
  "max_abs_value": 0.449322984675882
}