{
  "method": "shap",
  "values": [
    -0.055795755173854024,
    0.050843743725144615,
    -0.01732515064680627,
    -0.0003263763260060099,
    0.12094876773485674,
    0.10876438404498451
  ],
  "class_values": [
    [
      0.055795755173853975,
      -0.0508437437251446,
      0.017325150646806262,
      0.00032637632600614175,
      -0.1209487677348568,
      -0.10876438404498455
    ],
    [
      -0.055795755173854024,
      0.050843743725144615,
      -0.01732515064680627,
      -0.0003263763260060099,
      0.12094876773485674,
      0.10876438404498451
    ]
  ],
  "ranking_values": [
    0.055795755173854024,
    0.050843743725144615,
    0.01732515064680627,
    0.00032637632600614175,
    0.1209487677348568,
    0.10876438404498455
  ],
  "base_value": 0.7360799208534508,
  "max_abs_value": 0.12094876773485674
}