{
  "method": "shap",
  "values": [
    0.03184312692236844,
    -0.44079006585197084,
    -0.08479866713050846,
    -0.15396233325957842,
    -0.1176809232782643,
    0.02587832029933812
  ],
  "class_values": [
    [
      -0.03184312692236827,
      0.44079006585197084,
      0.08479866713050863,
      0.15396233325957814,
      0.1176809232782643,
      -0.02587832029933823
    ],
    [
      0.03184312692236844,
      -0.44079006585197084,
      -0.08479866713050846,
      -0.15396233325957842,
      -0.1176809232782643,
      0.02587832029933812
    ]
  ],
  "ranking_values": [
    0.03184312692236844,
    0.44079006585197084,
    0.08479866713050863,
    0.15396233325957842,
    0.1176809232782643,
    0.02587832029933823
  ],
  "base_value": 0.7405368775632675,
  "max_abs_value": 0.44079006585197084
}