{
  "method": "shap",
  "values": [
    0.04654856873625445,
    -0.2054749833965594,
    0.13974685147985788,
    0.13173060525517735,
    0.10272303928765143,
    0.035423640846957316
  ],
  "class_values": [
    [
      -0.04654856873625454,
      0.2054749833965594,
      -0.13974685147985802,
      -0.13173060525517719,
      -0.10272303928765131,
      -0.0354236408469574
    ],
    [
      0.04654856873625445,
      -0.2054749833965594,
      0.13974685147985788,
      0.13173060525517735,
      0.10272303928765143,
      0.035423640846957316
    ]
  ],
  "ranking_values": [
    0.04654856873625454,
    0.2054749833965594,
    0.13974685147985802,
    0.13173060525517735,
    0.10272303928765143,
    0.0354236408469574
  ],
  "base_value": 0.7333630126321681,
  "max_abs_value": 0.2054749833965594
}