{
  "method": "shap",
  "values": [
    -0.18522207231012483,
    -0.12372211145970069,
    -0.15943348281157166,
    -0.14312809792886755,
    0.05461995430735875,
    -0.13928123701140405
  ],
  "class_values": [
    [
      0.18522207231012494,
      0.12372211145970062,
      0.15943348281157177,
      0.14312809792886752,
      -0.05461995430735869,
      0.13928123701140382
    ],
    [
      -0.18522207231012483,
      -0.12372211145970069,
      -0.15943348281157166,
      -0.14312809792886755,
      0.05461995430735875,
      -0.13928123701140405
    ]
  ],
  "ranking_values": [
    0.18522207231012494,
    0.12372211145970069,
    0.15943348281157177,
    0.14312809792886755,
    0.05461995430735875,
    0.13928123701140405
  ],
  "base_value": 0.7333630126321681,
  "max_abs_value": 0.18522207231012483
}