{
  "method": "shap",
  "values": [
    -0.03884868629541021,
    0.16557965832520663,
    -0.018901810899150114,
    0.03189105723631924,
    0.09563684880578437,
    0.023188747283352795
  ],
  "class_values": [
    [
      0.03884868629541017,
      -0.16557965832520646,
      0.01890181089915017,
      -0.03189105723631927,
      -0.09563684880578442,
      -0.023188747283352906
    ],
    [
      -0.03884868629541021,
      0.16557965832520663,
      -0.018901810899150114,
      0.03189105723631924,
      0.09563684880578437,
      0.023188747283352795
    ]
  ],
  "ranking_values": [
    0.03884868629541021,
    0.16557965832520663,
    0.01890181089915017,
    0.03189105723631927,
    0.09563684880578442,
    0.023188747283352906
  ],
  "base_value": 0.7405368775632675,
  "max_abs_value": 0.16557965832520663
}