{
  "method": "shap",
  "values": [
    -0.13242865877606183,
    -0.053977370866893574,
    -0.16429225695803293,
    -0.09599503148424784,
    0.03218067482313858,
    -0.27666290916366654
  ],
  "class_values": [
    [
      0.1324286587760619,
      0.05397737086689347,
      0.1642922569580329,
      0.09599503148424776,
      -0.03218067482313847,
      0.27666290916366654
    ],
    [
      -0.13242865877606183,
      -0.053977370866893574,
      -0.16429225695803293,
      -0.09599503148424784,
      0.03218067482313858,
      -0.27666290916366654
    ]
  ],
  "ranking_values": [
    0.1324286587760619,
    0.053977370866893574,
    0.16429225695803293,
    0.09599503148424784,
    0.03218067482313858,
    0.27666290916366654
  ],
  "base_value": 0.7360799208534508,
  "max_abs_value": 0.27666290916366654
}