{
  "method": "shap",
  "values": [
    -0.008660273625060383,
    -0.0016737823395836743,
    0.12205546925183444,
    0.24556611399683598,
    0.009598078236349212,
    -0.1002556929312472
  ],
  "class_values": [
    [
      0.008660273625060123,
      0.0016737823395837472,
      -0.12205546925183437,
      -0.24556611399683598,
      -0.00959807823634916,
      0.10025569293124725
    ],
    [
      -0.008660273625060383,
      -0.0016737823395836743,
      0.12205546925183444,
      0.24556611399683598,
      0.009598078236349212,
      -0.1002556929312472
    ]
  ],
  "ranking_values": [
    0.008660273625060383,
    0.0016737823395837472,
    0.12205546925183444,
    0.24556611399683598,
    0.009598078236349212,
    0.10025569293124725
  ],
  "base_value": 0.7333630126321681,
  "max_abs_value": 0.24556611399683598
}