{
  "method": "shap",
  "values": [
    0.09376081122923136,
    0.10062406112622296,
    0.02529913887208071,
    0.01520668228474477,
    -0.007634754661415605,
    0.039378186132984994
  ],
  "class_values": [
    [
      -0.09376081122923131,
      -0.10062406112622292,
      -0.025299138872080705,
      -0.015206682284744723,
      0.007634754661415524,
      -0.03937818613298505
    ],
    [
      0.09376081122923136,
      0.10062406112622296,
      0.02529913887208071,
      0.01520668228474477,
      -0.007634754661415605,
      0.039378186132984994
    ]
  ],
  "ranking_values": [
    0.09376081122923136,
    0.10062406112622296,
    0.02529913887208071,
    0.01520668228474477,
    0.007634754661415605,
    0.03937818613298505
  ],
  "base_value": 0.7333630126321681,
  "max_abs_value": 0.10062406112622296
}