{
  "method": "shap",
  "values": [
    0.09469326486722217,
    -0.16832492830721668,
    -0.026362833197096074,
    -0.2959206309537252,
    -0.02833029731249554,
    -0.3098358726194775
  ],
  "class_values": [
    [
      -0.09469326486722215,
      0.16832492830721674,
      0.026362833197095842,
      0.29592063095372534,
      0.028330297312495596,
      0.3098358726194775
    ],
    [
      0.09469326486722217,
      -0.16832492830721668,
      -0.026362833197096074,
      -0.2959206309537252,
      -0.02833029731249554,
      -0.3098358726194775
    ]
  ],
  "ranking_values": [
    0.09469326486722217,
    0.16832492830721674,
    0.026362833197096074,
    0.29592063095372534,
    0.028330297312495596,
    0.3098358726194775
  ],
  "base_value": 0.7360799208534508,
  "max_abs_value": 0.3098358726194775
}