{
  "method": "shap",
  "values": [
    0.012288868552524715,
    0.10200448119759069,
    0.035873798985473764,
    -0.06965300201727836,
    0.051414716298014224,
    0.12459108459709198
  ],
  "class_values": [
    [
      -0.012288868552524616,
      -0.10200448119759074,
      -0.03587379898547385,
      0.06965300201727839,
      -0.05141471629801425,
      -0.12459108459709195
    ],
    [
      0.012288868552524715,
      0.10200448119759069,
      0.035873798985473764,
      -0.06965300201727836,
      0.051414716298014224,
      0.12459108459709198
    ]
  ],
  "ranking_values": [
    0.012288868552524715,
    0.10200448119759074,
    0.03587379898547385,
    0.06965300201727839,
    0.05141471629801425,
    0.12459108459709198
  ],
  "base_value": 0.7405368775632675,
  "max_abs_value": 0.12459108459709198
}