{
  "method": "shap",
  "values": [
    -0.022958803402125392,
    -0.06391897820492828,
    -0.22740912478819078,
    -0.3025123355681395,
    -0.03391205068895202,
    -0.07940360666255908
  ],
  "class_values": [
    [
      0.022958803402125392,
      0.06391897820492812,
      0.2274091247881909,
      0.3025123355681396,
      0.03391205068895202,
      0.07940360666255908
    ],
    [
      -0.022958803402125392,
      -0.06391897820492828,
      -0.22740912478819078,
      -0.3025123355681395,
      -0.03391205068895202,
      -0.07940360666255908
    ]
  ],
  "ranking_values": [
    0.022958803402125392,
    0.06391897820492828,
    0.2274091247881909,
    0.3025123355681396,
    0.03391205068895202,
    0.07940360666255908
  ],
  "base_value": 0.7360799208534508,
  "max_abs_value": 0.3025123355681395
}