{
  "method": "shap",
  "values": [
    0.31564489310586213,
    0.06427917353746322,
    -0.02860731957597129,
    -0.021607922766344868,
    -0.020883532262110194,
    -0.05429211996242067
  ],
  "class_values": [
    [
      -0.3156448931058622,
      -0.0642791735374633,
      0.02860731957597123,
      0.021607922766344843,
      0.0208835322621103,
      0.05429211996242078
    ],
    [
      0.31564489310586213,
      0.06427917353746322,
      -0.02860731957597129,
      -0.021607922766344868,
      -0.020883532262110194,
      -0.05429211996242067
    ]
  ],
  "ranking_values": [
    0.3156448931058622,
    0.0642791735374633,
    0.02860731957597129,
    0.021607922766344868,
    0.0208835322621103,
    0.05429211996242078
  ],
  "base_value": 0.7405368775632675,
  "max_abs_value": 0.31564489310586213
}