{
  "method": "shap",
  "values": [
    0.29603312150193883,
    0.05366946811924807,
    -0.0026714334921362085,
    -0.01929194807753113,
    0.016989731233620603,
    -0.0819190827028653
  ],
  "class_values": [
    [
      -0.2960331215019389,
      -0.05366946811924807,
      0.0026714334921360515,
      0.019291948077531155,
      -0.016989731233620443,
      0.08191908270286535
    ],
    [
      0.29603312150193883,
      0.05366946811924807,
      -0.0026714334921362085,
      -0.01929194807753113,
      0.016989731233620603,
      -0.0819190827028653
    ]
  ],
  "ranking_values": [
    0.2960331215019389,
    0.05366946811924807,
    0.0026714334921362085,
    0.019291948077531155,
    0.016989731233620603,
    0.08191908270286535
  ],
  "base_value": 0.7360799208534508,
  "max_abs_value": 0.29603312150193883
}