{
  "method": "shap",
  "values": [
    -0.5234253437665357,
    -0.0007602384669796118,
    -0.08535871383324162,
    -0.017609187484668255,
    0.027157932223293293,
    -0.13331481765983555
  ],
  "class_values": [
    [
      0.5234253437665356,
      0.0007602384669795351,
      0.0853587138332417,
      0.017609187484668234,
      -0.0271579322232933,
      0.13331481765983566
    ],
    [
      -0.5234253437665357,
      -0.0007602384669796118,
      -0.08535871383324162,
      -0.017609187484668255,
      0.027157932223293293,
      -0.13331481765983555
    ]
  ],
  "ranking_values": [
    0.5234253437665357,
    0.0007602384669796118,
    0.0853587138332417,
    0.017609187484668255,
    0.0271579322232933,
    0.13331481765983566
  ],
  "base_value": 0.7333630126321681,
  "max_abs_value": 0.5234253437665357
}