{
  "method": "shap",
  "values": [
    0.18203431776882195,
    0.03404543104749793,
    0.03247506772293122,
    -0.006836699611777894,
    0.004217733433465673,
    0.017983789651822485
  ],
  "class_values": [
    [
      -0.18203431776882206,
      -0.03404543104749786,
      -0.03247506772293115,
      0.006836699611778086,
      -0.004217733433465649,
      -0.017983789651822707
    ],
    [
      0.18203431776882195,
      0.03404543104749793,
      0.03247506772293122,
      -0.006836699611777894,
      0.004217733433465673,
      0.017983789651822485
    ]
  ],
  "ranking_values": [
    0.18203431776882206,
    0.03404543104749793,
    0.03247506772293122,
    0.006836699611778086,
    0.004217733433465673,
    0.017983789651822707
  ],
  "base_value": 0.7360799208534508,
  "max_abs_value": 0.18203431776882195
}