{
  "method": "shap",
  "values": [
    0.10003853762035891,
    0.001195252443408035,
    0.0030245117370449135,
    8.145582846558434e-05,
    0.10392741773035481,
    0.05565286199504946
  ],
  "class_values": [
    [
      -0.1000385376203588,
      -0.0011952524434080073,
      -0.003024511737044844,
      -8.145582846562597e-05,
      -0.10392741773035484,
      -0.055652861995049596
    ],
    [
      0.10003853762035891,
      0.001195252443408035,
      0.0030245117370449135,
      8.145582846558434e-05,
      0.10392741773035481,
      0.05565286199504946
    ]
  ],
  "ranking_values": [
    0.10003853762035891,
    0.001195252443408035,
    0.0030245117370449135,
    8.145582846562597e-05,
    0.10392741773035484,
    0.055652861995049596
  ],
  "base_value": 0.7360799208534508,
  "max_abs_value": 0.10392741773035481
}