{
  "method": "shap",
  "values": [
    0.08232045777692677,
    0.050710426552209795,
    0.026441774549198067,
    0.12442013694595175,
    0.012210436455654795,
    -0.029466244928915142
  ],
  "class_values": [
    [
      -0.08232045777692674,
      -0.05071042655220977,
      -0.026441774549198035,
      -0.12442013694595176,
      -0.012210436455654925,
      0.029466244928915253
    ],
    [
      0.08232045777692677,
      0.050710426552209795,
      0.026441774549198067,
      0.12442013694595175,
      0.012210436455654795,
      -0.029466244928915142
    ]
  ],
  "ranking_values": [
    0.08232045777692677,
    0.050710426552209795,
    0.026441774549198067,
    0.12442013694595176,
    0.012210436455654925,
    0.029466244928915253
  ],
  "base_value": 0.7333630126321681,
  "max_abs_value": 0.12442013694595175
}