{
  "method": "shap",
  "values": [
    0.051077456781938604,
    0.10836889252421701,
    0.06205584030545523,
    -0.007146044188908633,
    0.10293661356137032,
    -0.05066711597714546
  ],
  "class_values": [
    [
      -0.05107745678193847,
      -0.10836889252421708,
      -0.06205584030545535,
      0.007146044188908664,
      -0.10293661356137027,
      0.05066711597714546
    ],
    [
      0.051077456781938604,
      0.10836889252421701,
      0.06205584030545523,
      -0.007146044188908633,
      0.10293661356137032,
      -0.05066711597714546
    ]
  ],
  "ranking_values": [
    0.051077456781938604,
    0.10836889252421708,
    0.06205584030545535,
    0.007146044188908664,
    0.10293661356137032,
    0.05066711597714546
  ],
  "base_value": 0.7333630126321681,
  "max_abs_value": 0.10836889252421701
}