{
  "method": "shap",
  "values": [
    0.11785758594114501,
    0.06804403018855737,
    0.0849819901960413,
    0.0027599322375827487,
    -0.01488355255956673,
    0.0007031335246738823
  ],
  "class_values": [
    [
      -0.11785758594114507,
      -0.0680440301885574,
      -0.08498199019604127,
      -0.002759932237582703,
      0.014883552559566627,
      -0.0007031335246738823
    ],
    [
      0.11785758594114501,
      0.06804403018855737,
      0.0849819901960413,
      0.0027599322375827487,
      -0.01488355255956673,
      0.0007031335246738823
    ]
  ],
  "ranking_values": [
    0.11785758594114507,
    0.0680440301885574,
    0.0849819901960413,
    0.0027599322375827487,
    0.01488355255956673,
    0.0007031335246738823
  ],
  "base_value": 0.7405368775632675,
  "max_abs_value": 0.11785758594114501
}