{
  "method": "shap",
  "values": [
    0.14141175533052872,
    0.10247990346349706,
    0.03143128664293915,
    0.05666883287910611,
    0.015145437447627941,
    -0.0826980727956611
  ],
  "class_values": [
    [
      -0.14141175533052874,
      -0.10247990346349713,
      -0.03143128664293917,
      -0.05666883287910607,
      -0.015145437447627995,
      0.08269807279566121
    ],
    [
      0.14141175533052872,
      0.10247990346349706,
      0.03143128664293915,
      0.05666883287910611,
      0.015145437447627941,
      -0.0826980727956611
    ]
  ],
  "ranking_values": [
    0.14141175533052874,
    0.10247990346349713,
    0.03143128664293917,
    0.05666883287910611,
    0.015145437447627995,
    0.08269807279566121
  ],
  "base_value": 0.7333630126321681,
  "max_abs_value": 0.14141175533052872
}