{
  "method": "shap",
  "values": [
    -0.48510624087559157,
    0.05482204298678138,
    -0.12166114200246068,
    0.005407852426524891,
    -0.027094066511359562,
    -0.1618444704393105
  ],
  "class_values": [
    [
      0.48510624087559157,
      -0.05482204298678149,
      0.12166114200246066,
      -0.005407852426524669,
      0.027094066511359507,
      0.1618444704393105
    ],
    [
      -0.48510624087559157,
      0.05482204298678138,
      -0.12166114200246068,
      0.005407852426524891,
      -0.027094066511359562,
      -0.1618444704393105
    ]
  ],
  "ranking_values": [
    0.48510624087559157,
    0.05482204298678149,
    0.12166114200246068,
    0.005407852426524891,
    0.027094066511359562,
    0.1618444704393105
  ],
  "base_value": 0.7360799208534508,
  "max_abs_value": 0.48510624087559157
}