{
  "method": "shap",
  "values": [
    0.1121273196969542,
    -0.2621843456376629,
    0.08539488219814596,
    0.10260753599678157,
    -0.05163240407148912,
    0.18877239608406304
  ],
  "class_values": [
    [
      -0.11212731969695423,
      0.262184345637663,
      -0.08539488219814602,
      -0.10260753599678166,
      0.05163240407148902,
      -0.18877239608406296
    ],
    [
      0.1121273196969542,
      -0.2621843456376629,
      0.08539488219814596,
      0.10260753599678157,
      -0.05163240407148912,
      0.18877239608406304
    ]
  ],
  "ranking_values": [
    0.11212731969695423,
    0.262184345637663,
    0.08539488219814602,
    0.10260753599678166,
    0.05163240407148912,
    0.18877239608406304
  ],
  "base_value": 0.7405368775632675,
  "max_abs_value": 0.2621843456376629
}