{
  "method": "shap",
  "values": [
    -0.07326713423509983,
    -0.09319596879481155,
    -0.1340877797894848,
    -0.02630220996309276,
    -0.09944178820950687,
    -0.2992762466854892
  ],
  "class_values": [
    [
      0.07326713423509983,
      0.09319596879481142,
      0.13408777978948486,
      0.026302209963092786,
      0.09944178820950687,
      0.2992762466854892
    ],
    [
      -0.07326713423509983,
      -0.09319596879481155,
      -0.1340877797894848,
      -0.02630220996309276,
      -0.09944178820950687,
      -0.2992762466854892
    ]
  ],
  "ranking_values": [
    0.07326713423509983,
    0.09319596879481155,
    0.13408777978948486,
    0.026302209963092786,
    0.09944178820950687,
    0.2992762466854892
  ],
  "base_value": 0.7360799208534508,
  "max_abs_value": 0.2992762466854892
}