{
  "method": "shap",
  "values": [
    0.11887685970257264,
    0.08618518968721031,
    -0.009441585091643941,
    0.050732613018419824,
    0.008102605981026242,
    0.012181111968309621
  ],
  "class_values": [
    [
      -0.11887685970257268,
      -0.08618518968721033,
      0.009441585091643882,
      -0.05073261301841975,
      -0.00810260598102624,
      -0.012181111968309566
    ],
    [
      0.11887685970257264,
      0.08618518968721031,
      -0.009441585091643941,
      0.050732613018419824,
      0.008102605981026242,
      0.012181111968309621
    ]
  ],
  "ranking_values": [
    0.11887685970257268,
    0.08618518968721033,
    0.009441585091643941,
    0.050732613018419824,
    0.008102605981026242,
    0.012181111968309621
  ],
  "base_value": 0.7333630126321681,
  "max_abs_value": 0.11887685970257264
}