{
  "method": "shap",
  "values": [
    0.11033595804188709,
    0.09525068886030344,
    -0.007644458500656556,
    -0.002062918053212515,
    0.0016057768429641908,
    0.06831364193890291
  ],
  "class_values": [
    [
      -0.11033595804188709,
      -0.09525068886030347,
      0.0076444585006564866,
      0.0020629180532125845,
      -0.0016057768429642186,
      -0.06831364193890285
    ],
    [
      0.11033595804188709,
      0.09525068886030344,
      -0.007644458500656556,
      -0.002062918053212515,
      0.0016057768429641908,
      0.06831364193890291
    ]
  ],
  "ranking_values": [
    0.11033595804188709,
    0.09525068886030347,
    0.007644458500656556,
    0.0020629180532125845,
    0.0016057768429642186,
    0.06831364193890291
  ],
  "base_value": 0.7333630126321681,
  "max_abs_value": 0.11033595804188709
}