{
  "method": "shap",
  "values": [
    -0.061215474963171465,
    0.11791926407986701,
    0.030721793950230905,
    -0.013230536684836187,
    0.018401427223776818,
    0.1631894871128342
  ],
  "class_values": [
    [
      0.06121547496317145,
      -0.11791926407986697,
      -0.030721793950230954,
      0.013230536684836165,
      -0.018401427223776752,
      -0.1631894871128343
    ],
    [
      -0.061215474963171465,
      0.11791926407986701,
      0.030721793950230905,
      -0.013230536684836187,
      0.018401427223776818,
      0.1631894871128342
    ]
  ],
  "ranking_values": [
    0.061215474963171465,
    0.11791926407986701,
    0.030721793950230954,
    0.013230536684836187,
    0.018401427223776818,
    0.1631894871128343
  ],
  "base_value": 0.7405368775632675,
  "max_abs_value": 0.1631894871128342
}