{
  "method": "shap",
  "values": [
    0.11755493687442563,
    0.028153157847313183,
    0.023898514765284866,
    0.08705011086682575,
    -0.021475922729215214,
    0.024212115173358806
  ],
  "class_values": [
    [
      -0.11755493687442561,
      -0.02815315784731304,
      -0.02389851476528496,
      -0.0870501108668257,
      0.021475922729215054,
      -0.02421211517335886
    ],
    [
      0.11755493687442563,
      0.028153157847313183,
      0.023898514765284866,
      0.08705011086682575,
      -0.021475922729215214,
      0.024212115173358806
    ]
  ],
  "ranking_values": [
    0.11755493687442563,
    0.028153157847313183,
    0.02389851476528496,
    0.08705011086682575,
    0.021475922729215214,
    0.02421211517335886
  ],
  "base_value": 0.7405368775632675,
  "max_abs_value": 0.11755493687442563
}