{
  "method": "shap",
  "values": [
    -0.42590610326629497,
    -0.023647189265944016,
    -0.12730269422541787,
    -0.126729963832704,
    -0.07047922316012555,
    0.06313054473930213
  ],
  "class_values": [
    [
      0.4259061032662952,
      0.02364718926594407,
      0.12730269422541798,
      0.12672996383270388,
      0.07047922316012543,
      -0.06313054473930235
    ],
    [
      -0.42590610326629497,
      -0.023647189265944016,
      -0.12730269422541787,
      -0.126729963832704,
      -0.07047922316012555,
      0.06313054473930213
    ]
  ],
  "ranking_values": [
    0.4259061032662952,
    0.02364718926594407,
    0.12730269422541798,
    0.126729963832704,
    0.07047922316012555,
    0.06313054473930235
  ],
  "base_value": 0.7360799208534508,
  "max_abs_value": 0.42590610326629497
}