{
  "method": "shap",
  "values": [
    0.12273304015185925,
    -0.0037196933629395465,
    0.04906783141189827,
    -0.014616390454303773,
    0.04828609111257433,
    0.04282891289120211
  ],
  "class_values": [
    [
      -0.12273304015185925,
      0.003719693362939606,
      -0.04906783141189812,
      0.014616390454303638,
      -0.04828609111257443,
      -0.04282891289120211
    ],
    [
      0.12273304015185925,
      -0.0037196933629395465,
      0.04906783141189827,
      -0.014616390454303773,
      0.04828609111257433,
      0.04282891289120211
    ]
  ],
  "ranking_values": [
    0.12273304015185925,
    0.003719693362939606,
    0.04906783141189827,
    0.014616390454303773,
    0.04828609111257443,
    0.04282891289120211
  ],
  "base_value": 0.7360799208534508,
  "max_abs_value": 0.12273304015185925
}