{
  "method": "shap",
  "values": [
    0.08832492624908717,
    0.028508098233429032,
    0.06411865449267115,
    0.04918490235057585,
    0.023721812724276436,
    0.005604728386692903
  ],
  "class_values": [
    [
      -0.0883249262490873,
      -0.028508098233429122,
      -0.06411865449267101,
      -0.04918490235057576,
      -0.023721812724276484,
      -0.005604728386692903
    ],
    [
      0.08832492624908717,
      0.028508098233429032,
      0.06411865449267115,
      0.04918490235057585,
      0.023721812724276436,
      0.005604728386692903
    ]
  ],
  "ranking_values": [
    0.0883249262490873,
    0.028508098233429122,
    0.06411865449267115,
    0.04918490235057585,
    0.023721812724276484,
    0.005604728386692903
  ],
  "base_value": 0.7405368775632675,
  "max_abs_value": 0.08832492624908717
}