{
  "method": "shap",
  "values": [
    -0.11436473161735108,
    -0.0020611714225764583,
    0.0929134819824523,
    0.1272254897182064,
    0.06036529903933232,
    0.09537992166395623
  ],
  "class_values": [
    [
      0.11436473161735117,
      0.0020611714225764245,
      -0.09291348198245224,
      -0.1272254897182064,
      -0.06036529903933241,
      -0.09537992166395631
    ],
    [
      -0.11436473161735108,
      -0.0020611714225764583,
      0.0929134819824523,
      0.1272254897182064,
      0.06036529903933232,
      0.09537992166395623
    ]
  ],
  "ranking_values": [
    0.11436473161735117,
    0.0020611714225764583,
    0.0929134819824523,
    0.1272254897182064,
    0.06036529903933241,
    0.09537992166395631
  ],
  "base_value": 0.7405368775632675,
  "max_abs_value": 0.1272254897182064
}