{
  "method": "shap",
  "values": [
    0.0893470542717715,
    -0.06732265586541307,
    0.06006092004985956,
    0.036438794491972765,
    0.0344917512177602,
    0.10538241186474501
  ],
  "class_values": [
    [
      -0.0893470542717715,
      0.06732265586541313,
      -0.060060920049859474,
      -0.03643879449197273,
      -0.03449175121776018,
      -0.1053824118647452
    ],
    [
      0.0893470542717715,
      -0.06732265586541307,
      0.06006092004985956,
      0.036438794491972765,
      0.0344917512177602,
      0.10538241186474501
    ]
  ],
  "ranking_values": [
    0.0893470542717715,
    0.06732265586541313,
    0.06006092004985956,
    0.036438794491972765,
    0.0344917512177602,
    0.1053824118647452
  ],
  "base_value": 0.7333630126321681,
  "max_abs_value": 0.10538241186474501
}