{
  "method": "shap",
  "values": [
    -0.06806585000695187,
    0.007105496258381528,
    0.028505434806826963,
    0.003413867292236674,
    0.09358218486399496,
    0.19705338958955756
  ],
  "class_values": [
    [
      0.06806585000695187,
      -0.0071054962583815265,
      -0.028505434806827025,
      -0.0034138672922365966,
      -0.09358218486399489,
      -0.19705338958955765
    ],
    [
      -0.06806585000695187,
      0.007105496258381528,
      0.028505434806826963,
      0.003413867292236674,
      0.09358218486399496,
      0.19705338958955756
    ]
  ],
  "ranking_values": [
    0.06806585000695187,
    0.007105496258381528,
    0.028505434806827025,
    0.003413867292236674,
    0.09358218486399496,
    0.19705338958955765
  ],
  "base_value": 0.7360799208534508,
  "max_abs_value": 0.19705338958955756
}