{
  "method": "shap",
  "values": [
    -0.04754410445185023,
    -0.1607550820140161,
    -0.19949365599532234,
    -0.12495145468598673,
    -0.12935067972471717,
    -0.014326572899606593
  ],
  "class_values": [
    [
      0.04754410445185034,
      0.16075508201401603,
      0.19949365599532234,
      0.12495145468598673,
      0.12935067972471717,
      0.014326572899606593
    ],
    [
      -0.04754410445185023,
      -0.1607550820140161,
      -0.19949365599532234,
      -0.12495145468598673,
      -0.12935067972471717,
      -0.014326572899606593
    ]
  ],
  "ranking_values": [
    0.04754410445185034,
    0.1607550820140161,
    0.19949365599532234,
    0.12495145468598673,
    0.12935067972471717,
    0.014326572899606593
  ],
  "base_value": 0.7360799208534508,
  "max_abs_value": 0.19949365599532234
}