{
  "method": "shap",
  "values": [
    0.0528393281904161,
    0.07448964385825482,
    0.028682818137688658,
    0.10546927661421623,
    0.005603645414330742,
    -0.0004477248470748374
  ],
  "class_values": [
    [
      -0.052839328190416,
      -0.07448964385825485,
      -0.028682818137688686,
      -0.1054692766142162,
      -0.005603645414330742,
      0.0004477248470747819
    ],
    [
      0.0528393281904161,
      0.07448964385825482,
      0.028682818137688658,
      0.10546927661421623,
      0.005603645414330742,
      -0.0004477248470748374
    ]
  ],
  "ranking_values": [
    0.0528393281904161,
    0.07448964385825485,
    0.028682818137688686,
    0.10546927661421623,
    0.005603645414330742,
    0.0004477248470748374
  ],
  "base_value": 0.7333630126321681,
  "max_abs_value": 0.10546927661421623
}