{
  "method": "shap",
  "values": [
    -0.05742576300033469,
    -0.3428559450192964,
    -0.08285595405198813,
    -0.0694784800336657,
    -0.14773371214165043,
    -0.03247477912282881
  ],
  "class_values": [
    [
      0.057425763000334744,
      0.3428559450192962,
      0.08285595405198819,
      0.06947848003366565,
      0.14773371214165054,
      0.03247477912282881
    ],
    [
      -0.05742576300033469,
      -0.3428559450192964,
      -0.08285595405198813,
      -0.0694784800336657,
      -0.14773371214165043,
      -0.03247477912282881
    ]
  ],
  "ranking_values": [
    0.057425763000334744,
    0.3428559450192964,
    0.08285595405198819,
    0.0694784800336657,
    0.14773371214165054,
    0.03247477912282881
  ],
  "base_value": 0.7333630126321681,
  "max_abs_value": 0.3428559450192964
}