{
  "method": "shap",
  "values": [
    -0.24724917841687777,
    0.21057930539655312,
    0.2478996220733901,
    -0.010754412820406867,
    0.041280499587600585,
    0.02237580723793875
  ],
  "class_values": [
    [
      0.24724917841687777,
      -0.21057930539655317,
      -0.2478996220733901,
      0.010754412820406858,
      -0.04128049958760056,
      -0.022375807237938694
    ],
    [
      -0.24724917841687777,
      0.21057930539655312,
      0.2478996220733901,
      -0.010754412820406867,
      0.041280499587600585,
      0.02237580723793875
    ]
  ],
  "ranking_values": [
    0.24724917841687777,
    0.21057930539655317,
    0.2478996220733901,
    0.010754412820406867,
    0.041280499587600585,
    0.02237580723793875
  ],
  "base_value": 0.7333630126321681,
  "max_abs_value": 0.2478996220733901
}