{
  "method": "shap",
  "values": [
    0.17403319924943475,
    0.08659561038510709,
    0.0346786968519072,
    -0.08723718423184161,
    -0.0029298862510524406,
    0.054287494389998636
  ],
  "class_values": [
    [
      -0.17403319924943475,
      -0.0865956103851071,
      -0.03467869685190718,
      0.0872371842318415,
      0.002929886251052471,
      -0.054287494389998664
    ],
    [
      0.17403319924943475,
      0.08659561038510709,
      0.0346786968519072,
      -0.08723718423184161,
      -0.0029298862510524406,
      0.054287494389998636
    ]
  ],
  "ranking_values": [
    0.17403319924943475,
    0.0865956103851071,
    0.0346786968519072,
    0.08723718423184161,
    0.002929886251052471,
    0.054287494389998664
  ],
  "base_value": 0.7405368775632675,
  "max_abs_value": 0.17403319924943475
}