{
  "method": "shap",
  "values": [
    0.31564489310586225,
    0.06427917353746324,
    -0.028607319575971422,
    -0.021607922766344902,
    -0.020883532262110104,
    -0.05429211996242078
  ],
  "class_values": [
    [
      -0.31564489310586225,
      -0.06427917353746324,
      0.028607319575971363,
      0.021607922766344902,
      0.020883532262110167,
      0.05429211996242078
    ],
    [
      0.31564489310586225,
      0.06427917353746324,
      -0.028607319575971422,
      -0.021607922766344902,
      -0.020883532262110104,
      -0.05429211996242078
    ]
  ],
  "ranking_values": [
    0.31564489310586225,
    0.06427917353746324,
    0.028607319575971422,
    0.021607922766344902,
    0.020883532262110167,
    0.05429211996242078
  ],
  "base_value": 0.7405368775632675,
  "max_abs_value": 0.31564489310586225
}