{
  "method": "shap",
  "values": [
    -0.1038065230857103,
    0.009978898248702982,
    -0.17517021561521326,
    -0.15401168576976587,
    -0.05747271466204842,
    -0.007819422628701667
  ],
  "class_values": [
    [
      0.1038065230857103,
      -0.009978898248702926,
      0.17517021561521331,
      0.1540116857697657,
      0.05747271466204842,
      0.007819422628701722
    ],
    [
      -0.1038065230857103,
      0.009978898248702982,
      -0.17517021561521326,
      -0.15401168576976587,
      -0.05747271466204842,
      -0.007819422628701667
    ]
  ],
  "ranking_values": [
    0.1038065230857103,
    0.009978898248702982,
    0.17517021561521331,
    0.15401168576976587,
    0.05747271466204842,
    0.007819422628701722
  ],
  "base_value": 0.7333630126321681,
  "max_abs_value": 0.17517021561521326
}