{
  "method": "shap",
  "values": [
    -0.5244140728007021,
    -0.10734162908868793,
    -0.08310052322352028,
    0.04150914166161444,
    -0.08841748733763755,
    0.027034908548413172
  ],
  "class_values": [
    [
      0.5244140728007018,
      0.10734162908868788,
      0.0831005232235203,
      -0.04150914166161438,
      0.08841748733763766,
      -0.027034908548413172
    ],
    [
      -0.5244140728007021,
      -0.10734162908868793,
      -0.08310052322352028,
      0.04150914166161444,
      -0.08841748733763755,
      0.027034908548413172
    ]
  ],
  "ranking_values": [
    0.5244140728007021,
    0.10734162908868793,
    0.0831005232235203,
    0.04150914166161444,
    0.08841748733763766,
    0.027034908548413172
  ],
  "base_value": 0.7405368775632675,
  "max_abs_value": 0.5244140728007021
}