{
  "method": "shap",
  "values": [
    0.08740608817046178,
    0.12685531509334919,
    0.02479741701342764,
    -0.0101166882756288,
    0.02189662686372051,
    -0.02886259510778416
  ],
  "class_values": [
    [
      -0.08740608817046179,
      -0.12685531509334913,
      -0.024797417013427633,
      0.010116688275628697,
      -0.021896626863720486,
      0.028862595107784217
    ],
    [
      0.08740608817046178,
      0.12685531509334919,
      0.02479741701342764,
      -0.0101166882756288,
      0.02189662686372051,
      -0.02886259510778416
    ]
  ],
  "ranking_values": [
    0.08740608817046179,
    0.12685531509334919,
    0.02479741701342764,
    0.0101166882756288,
    0.02189662686372051,
    0.028862595107784217
  ],
  "base_value": 0.7333630126321681,
  "max_abs_value": 0.12685531509334919
}