{
  "method": "shap",
  "values": [
    -0.06764779686782428,
    -0.293355341744802,
    -0.11159054019732222,
    -0.047274736143367524,
    0.034716308519576314,
    -0.24623592165298203
  ],
  "class_values": [
    [
      0.06764779686782427,
      0.29335534174480205,
      0.1115905401973222,
      0.047274736143367614,
      -0.03471630851957632,
      0.24623592165298192
    ],
    [
      -0.06764779686782428,
      -0.293355341744802,
      -0.11159054019732222,
      -0.047274736143367524,
      0.034716308519576314,
      -0.24623592165298203
    ]
  ],
  "ranking_values": [
    0.06764779686782428,
    0.29335534174480205,
    0.11159054019732222,
    0.047274736143367614,
    0.03471630851957632,
    0.24623592165298203
  ],
  "base_value": 0.7333630126321681,
  "max_abs_value": 0.293355341744802
}