{
  "method": "shap",
  "values": [
    0.13792200109014133,
    0.04144754392406517,
    0.009504940200161372,
    0.07687371665426562,
    -0.013301146266361238,
    0.011067621685192153
  ],
  "class_values": [
    [
      -0.13792200109014127,
      -0.04144754392406506,
      -0.009504940200161382,
      -0.07687371665426564,
      0.013301146266361237,
      -0.011067621685192264
    ],
    [
      0.13792200109014133,
      0.04144754392406517,
      0.009504940200161372,
      0.07687371665426562,
      -0.013301146266361238,
      0.011067621685192153
    ]
  ],
  "ranking_values": [
    0.13792200109014133,
    0.04144754392406517,
    0.009504940200161382,
    0.07687371665426564,
    0.013301146266361238,
    0.011067621685192264
  ],
  "base_value": 0.7333630126321681,
  "max_abs_value": 0.13792200109014133
}