{
  "method": "shap",
  "values": [
    -0.021993915001617834,
    -0.20138970571214165,
    -0.16193681494615092,
    -0.07293866509869568,
    -0.15083637003205977,
    -0.07232779461287764
  ],
  "class_values": [
    [
      0.02199391500161796,
      0.20138970571214154,
      0.1619368149461511,
      0.07293866509869558,
      0.15083637003205988,
      0.07232779461287742
    ],
    [
      -0.021993915001617834,
      -0.20138970571214165,
      -0.16193681494615092,
      -0.07293866509869568,
      -0.15083637003205977,
      -0.07232779461287764
    ]
  ],
  "ranking_values": [
    0.02199391500161796,
    0.20138970571214165,
    0.1619368149461511,
    0.07293866509869568,
    0.15083637003205988,
    0.07232779461287764
  ],
  "base_value": 0.7360799208534508,
  "max_abs_value": 0.20138970571214165
}