{
  "method": "shap",
  "values": [
    -0.08740121775839856,
    0.02471990794966624,
    -0.01597922271013373,
    0.1822679184241366,
    0.019223569819375175,
    0.13638245078725936
  ],
  "class_values": [
    [
      0.08740121775839865,
      -0.024719907949666324,
      0.015979222710133696,
      -0.18226791842413645,
      -0.01922356981937528,
      -0.13638245078725938
    ],
    [
      -0.08740121775839856,
      0.02471990794966624,
      -0.01597922271013373,
      0.1822679184241366,
      0.019223569819375175,
      0.13638245078725936
    ]
  ],
  "ranking_values": [
    0.08740121775839865,
    0.024719907949666324,
    0.01597922271013373,
    0.1822679184241366,
    0.01922356981937528,
    0.13638245078725938
  ],
  "base_value": 0.7405368775632675,
  "max_abs_value": 0.1822679184241366
}