{
  "method": "shap",
  "values": [
    0.06753285679274723,
    0.05149380464113894,
    0.015510395447318387,
    0.07094166238280716,
    0.03839041722643832,
    0.022471849402720095
  ],
  "class_values": [
    [
      -0.06753285679274723,
      -0.05149380464113898,
      -0.015510395447318522,
      -0.0709416623828073,
      -0.038390417226438156,
      -0.02247184940271993
    ],
    [
      0.06753285679274723,
      0.05149380464113894,
      0.015510395447318387,
      0.07094166238280716,
      0.03839041722643832,
      0.022471849402720095
    ]
  ],
  "ranking_values": [
    0.06753285679274723,
    0.05149380464113898,
    0.015510395447318522,
    0.0709416623828073,
    0.03839041722643832,
    0.022471849402720095
  ],
  "base_value": 0.7333630126321681,
  "max_abs_value": 0.07094166238280716
}