{
  "method": "shap",
  "values": [
    -0.4892931633877433,
    0.0064105277844816394,
    -0.07970700318443352,
    -0.046887743788883184,
    0.0036956888219648646,
    -0.12757865134326085
  ],
  "class_values": [
    [
      0.48929316338774337,
      -0.006410527784481626,
      0.07970700318443337,
      0.04688774378888325,
      -0.0036956888219647644,
      0.12757865134326074
    ],
    [
      -0.4892931633877433,
      0.0064105277844816394,
      -0.07970700318443352,
      -0.046887743788883184,
      0.0036956888219648646,
      -0.12757865134326085
    ]
  ],
  "ranking_values": [
    0.48929316338774337,
    0.0064105277844816394,
    0.07970700318443352,
    0.04688774378888325,
    0.0036956888219648646,
    0.12757865134326085
  ],
  "base_value": 0.7333630126321681,
  "max_abs_value": 0.4892931633877433
}