{
  "method": "shap",
  "values": [
    -0.2311863255097853,
    -0.23394945346885082,
    -0.06223355901881284,
    -0.18503010096748815,
    0.004411271113621733,
    -0.008532894502834787
  ],
  "class_values": [
    [
      0.2311863255097853,
      0.23394945346885082,
      0.06223355901881284,
      0.18503010096748815,
      -0.004411271113621733,
      0.008532894502834787
    ],
    [
      -0.2311863255097853,
      -0.23394945346885082,
      -0.06223355901881284,
      -0.18503010096748815,
      0.004411271113621733,
      -0.008532894502834787
    ]
  ],
  "ranking_values": [
    0.2311863255097853,
    0.23394945346885082,
    0.06223355901881284,
    0.18503010096748815,
    0.004411271113621733,
    0.008532894502834787
  ],
  "base_value": 0.7333630126321681,
  "max_abs_value": 0.23394945346885082
}