{
  "method": "shap",
  "values": [
    -0.28339111697068425,
    -0.21107005258528103,
    -0.031834585931882736,
    -0.061734729324819534,
    -0.12451527757404363,
    0.08599891995300823
  ],
  "class_values": [
    [
      0.28339111697068425,
      0.21107005258528108,
      0.031834585931882625,
      0.06173472932481959,
      0.12451527757404363,
      -0.08599891995300823
    ],
    [
      -0.28339111697068425,
      -0.21107005258528103,
      -0.031834585931882736,
      -0.061734729324819534,
      -0.12451527757404363,
      0.08599891995300823
    ]
  ],
  "ranking_values": [
    0.28339111697068425,
    0.21107005258528108,
    0.031834585931882736,
    0.06173472932481959,
    0.12451527757404363,
    0.08599891995300823
  ],
  "base_value": 0.7405368775632675,
  "max_abs_value": 0.28339111697068425
}