{
  "method": "shap",
  "values": [
    0.033454680982940306,
    0.21706247684884244,
    -0.018918329227282753,
    0.06794796329947962,
    0.006808568387165814,
    -0.039820661992155726
  ],
  "class_values": [
    [
      -0.03345468098294032,
      -0.21706247684884258,
      0.018918329227282742,
      -0.06794796329947958,
      -0.006808568387165762,
      0.03982066199215584
    ],
    [
      0.033454680982940306,
      0.21706247684884244,
      -0.018918329227282753,
      0.06794796329947962,
      0.006808568387165814,
      -0.039820661992155726
    ]
  ],
  "ranking_values": [
    0.03345468098294032,
    0.21706247684884258,
    0.018918329227282753,
    0.06794796329947962,
    0.006808568387165814,
    0.03982066199215584
  ],
  "base_value": 0.7333630126321681,
  "max_abs_value": 0.21706247684884244
}