{
  "method": "shap",
  "values": [
    -0.14574478548116243,
    -0.05087833659381552,
    -0.05752856358655817,
    -0.06987759473750664,
    -0.06562212844222752,
    0.14127424647967857
  ],
  "class_values": [
    [
      0.14574478548116235,
      0.050878336593815465,
      0.05752856358655814,
      0.06987759473750675,
      0.06562212844222737,
      -0.1412742464796783
    ],
    [
      -0.14574478548116243,
      -0.05087833659381552,
      -0.05752856358655817,
      -0.06987759473750664,
      -0.06562212844222752,
      0.14127424647967857
    ]
  ],
  "ranking_values": [
    0.14574478548116243,
    0.05087833659381552,
    0.05752856358655817,
    0.06987759473750675,
    0.06562212844222752,
    0.14127424647967857
  ],
  "base_value": 0.7360799208534508,
  "max_abs_value": 0.14574478548116243
}