{
  "method": "shap",
  "values": [
    0.11990150103127789,
    0.09079742093876911,
    -0.04483193623745206,
    0.008634830977226416,
    0.05051245495355319,
    0.03519083716699961
  ],
  "class_values": [
    [
      -0.11990150103127781,
      -0.09079742093876919,
      0.044831936237452054,
      -0.00863483097722641,
      -0.05051245495355312,
      -0.035190837166999694
    ],
    [
      0.11990150103127789,
      0.09079742093876911,
      -0.04483193623745206,
      0.008634830977226416,
      0.05051245495355319,
      0.03519083716699961
    ]
  ],
  "ranking_values": [
    0.11990150103127789,
    0.09079742093876919,
    0.04483193623745206,
    0.008634830977226416,
    0.05051245495355319,
    0.035190837166999694
  ],
  "base_value": 0.7333630126321681,
  "max_abs_value": 0.11990150103127789
}