{
  "method": "shap",
  "values": [
    -0.15162457676277918,
    0.21848727554349295,
    0.15478209897526934,
    0.048416150632438,
    0.09583159496449575,
    -0.11141960857132427
  ],
  "class_values": [
    [
      0.15162457676277918,
      -0.21848727554349318,
      -0.1547820989752692,
      -0.04841615063243791,
      -0.09583159496449581,
      0.11141960857132427
    ],
    [
      -0.15162457676277918,
      0.21848727554349295,
      0.15478209897526934,
      0.048416150632438,
      0.09583159496449575,
      -0.11141960857132427
    ]
  ],
  "ranking_values": [
    0.15162457676277918,
    0.21848727554349318,
    0.15478209897526934,
    0.048416150632438,
    0.09583159496449581,
    0.11141960857132427
  ],
  "base_value": 0.7360799208534508,
  "max_abs_value": 0.21848727554349295
}