{
  "method": "shap",
  "values": [
    -0.008094682667977414,
    -0.39121272596587126,
    -0.06623257688170953,
    -0.1417869573888106,
    -0.040531328609423246,
    -0.08457840934758476
  ],
  "class_values": [
    [
      0.008094682667977414,
      0.39121272596587126,
      0.06623257688170953,
      0.1417869573888106,
      0.040531328609423246,
      0.08457840934758476
    ],
    [
      -0.008094682667977414,
      -0.39121272596587126,
      -0.06623257688170953,
      -0.1417869573888106,
      -0.040531328609423246,
      -0.08457840934758476
    ]
  ],
  "ranking_values": [
    0.008094682667977414,
    0.39121272596587126,
    0.06623257688170953,
    0.1417869573888106,
    0.040531328609423246,
    0.08457840934758476
  ],
  "base_value": 0.7333630126321681,
  "max_abs_value": 0.39121272596587126
}