{
  "method": "shap",
  "values": [
    -0.1889956884965623,
    -0.25937829639107174,
    0.008259248842432374,
    -0.06964770862547005,
    -0.07364216193815014,
    -0.11700824349622807
  ],
  "class_values": [
    [
      0.1889956884965623,
      0.2593782963910717,
      -0.008259248842432208,
      0.06964770862547,
      0.07364216193815008,
      0.11700824349622796
    ],
    [
      -0.1889956884965623,
      -0.25937829639107174,
      0.008259248842432374,
      -0.06964770862547005,
      -0.07364216193815014,
      -0.11700824349622807
    ]
  ],
  "ranking_values": [
    0.1889956884965623,
    0.25937829639107174,
    0.008259248842432374,
    0.06964770862547005,
    0.07364216193815014,
    0.11700824349622807
  ],
  "base_value": 0.7333630126321681,
  "max_abs_value": 0.25937829639107174
}