{
  "method": "shap",
  "values": [
    0.10145878095893104,
    0.07091481913801626,
    -0.014057174232119373,
    0.006284225278018922,
    0.04261098834528864,
    0.05787470517419213
  ],
  "class_values": [
    [
      -0.10145878095893107,
      -0.07091481913801644,
      0.014057174232119428,
      -0.006284225278018783,
      -0.04261098834528864,
      -0.057874705174192104
    ],
    [
      0.10145878095893104,
      0.07091481913801626,
      -0.014057174232119373,
      0.006284225278018922,
      0.04261098834528864,
      0.05787470517419213
    ]
  ],
  "ranking_values": [
    0.10145878095893107,
    0.07091481913801644,
    0.014057174232119428,
    0.006284225278018922,
    0.04261098834528864,
    0.05787470517419213
  ],
  "base_value": 0.7333630126321681,
  "max_abs_value": 0.10145878095893104
}