{
  "method": "shap",
  "values": [
    -0.3021149842639782,
    -0.298875096955477,
    -0.07302531823562829,
    -0.015802455427659293,
    -0.05922409680706258,
    0.015866300812937606
  ],
  "class_values": [
    [
      0.30211498426397815,
      0.2988750969554769,
      0.07302531823562824,
      0.01580245542765925,
      0.059224096807062795,
      -0.015866300812937495
    ],
    [
      -0.3021149842639782,
      -0.298875096955477,
      -0.07302531823562829,
      -0.015802455427659293,
      -0.05922409680706258,
      0.015866300812937606
    ]
  ],
  "ranking_values": [
    0.3021149842639782,
    0.298875096955477,
    0.07302531823562829,
    0.015802455427659293,
    0.059224096807062795,
    0.015866300812937606
  ],
  "base_value": 0.7333630126321681,
  "max_abs_value": 0.3021149842639782
}