{
  "method": "shap",
  "values": [
    -0.16594103493538115,
    0.03762438129319491,
    0.06015005710089895,
    0.24430089017800577,
    0.007672585974360135,
    0.06226276583596532
  ],
  "class_values": [
    [
      0.16594103493538104,
      -0.0376243812931949,
      -0.06015005710089892,
      -0.24430089017800577,
      -0.007672585974360107,
      -0.06226276583596524
    ],
    [
      -0.16594103493538115,
      0.03762438129319491,
      0.06015005710089895,
      0.24430089017800577,
      0.007672585974360135,
      0.06226276583596532
    ]
  ],
  "ranking_values": [
    0.16594103493538115,
    0.03762438129319491,
    0.06015005710089895,
    0.24430089017800577,
    0.007672585974360135,
    0.06226276583596532
  ],
  "base_value": 0.7333630126321681,
  "max_abs_value": 0.24430089017800577
}