{
  "method": "shap",
  "values": [
    -0.32473969904699196,
    -0.1341084671892966,
    0.07521860390076351,
    -0.15114578244863153,
    -0.041463662578566415,
    -0.15712285797440873
  ],
  "class_values": [
    [
      0.324739699046992,
      0.13410846718929637,
      -0.07521860390076346,
      0.15114578244863158,
      0.04146366257856647,
      0.15712285797440861
    ],
    [
      -0.32473969904699196,
      -0.1341084671892966,
      0.07521860390076351,
      -0.15114578244863153,
      -0.041463662578566415,
      -0.15712285797440873
    ]
  ],
  "ranking_values": [
    0.324739699046992,
    0.1341084671892966,
    0.07521860390076351,
    0.15114578244863158,
    0.04146366257856647,
    0.15712285797440873
  ],
  "base_value": 0.7333630126321681,
  "max_abs_value": 0.32473969904699196
}