{
  "method": "shap",
  "values": [
    -0.11436473161735122,
    -0.002061171422577882,
    0.09291348198245213,
    0.1272254897182074,
    0.060365299039333055,
    0.09537992166395623
  ],
  "class_values": [
    [
      0.11436473161735125,
      0.0020611714225779614,
      -0.09291348198245213,
      -0.12722548971820752,
      -0.06036529903933311,
      -0.09537992166395617
    ],
    [
      -0.11436473161735122,
      -0.002061171422577882,
      0.09291348198245213,
      0.1272254897182074,
      0.060365299039333055,
      0.09537992166395623
    ]
  ],
  "ranking_values": [
    0.11436473161735125,
    0.0020611714225779614,
    0.09291348198245213,
    0.12722548971820752,
    0.06036529903933311,
    0.09537992166395623
  ],
  "base_value": 0.7405368775632675,
  "max_abs_value": 0.1272254897182074
}