{
  "method": "shap",
  "values": [
    0.02133409280601583,
    -0.14179203354840045,
    0.007185935987079695,
    -0.12637934747267277,
    -0.2710059588055738,
    -0.2223996799790513
  ],
  "class_values": [
    [
      -0.02133409280601583,
      0.1417920335484004,
      -0.007185935987079584,
      0.12637934747267277,
      0.2710059588055738,
      0.2223996799790513
    ],
    [
      0.02133409280601583,
      -0.14179203354840045,
      0.007185935987079695,
      -0.12637934747267277,
      -0.2710059588055738,
      -0.2223996799790513
    ]
  ],
  "ranking_values": [
    0.02133409280601583,
    0.14179203354840045,
    0.007185935987079695,
    0.12637934747267277,
    0.2710059588055738,
    0.2223996799790513
  ],
  "base_value": 0.7333630126321681,
  "max_abs_value": 0.2710059588055738
}