{
  "method": "shap",
  "values": [
    -0.08314955625346719,
    0.4324237411001092,
    -0.023668463142132404,
    -0.01577153882859878,
    -0.015344715736231333,
    -0.027852484146914602
  ],
  "class_values": [
    [
      0.08314955625346719,
      -0.4324237411001092,
      0.02366846314213229,
      0.015771538828598806,
      0.015344715736231414,
      0.027852484146914547
    ],
    [
      -0.08314955625346719,
      0.4324237411001092,
      -0.023668463142132404,
      -0.01577153882859878,
      -0.015344715736231333,
      -0.027852484146914602
    ]
  ],
  "ranking_values": [
    0.08314955625346719,
    0.4324237411001092,
    0.023668463142132404,
    0.015771538828598806,
    0.015344715736231414,
    0.027852484146914602
  ],
  "base_value": 0.7333630126321681,
  "max_abs_value": 0.4324237411001092
}