{
  "method": "shap",
  "values": [
    -0.16837970276875908,
    0.08662725443586779,
    0.09403245166552106,
    0.2652436886803388,
    0.0031734096399533385,
    -0.014070937838821795
  ],
  "class_values": [
    [
      0.16837970276875894,
      -0.08662725443586783,
      -0.09403245166552107,
      -0.26524368868033876,
      -0.003173409639953336,
      0.014070937838821962
    ],
    [
      -0.16837970276875908,
      0.08662725443586779,
      0.09403245166552106,
      0.2652436886803388,
      0.0031734096399533385,
      -0.014070937838821795
    ]
  ],
  "ranking_values": [
    0.16837970276875908,
    0.08662725443586783,
    0.09403245166552107,
    0.2652436886803388,
    0.0031734096399533385,
    0.014070937838821962
  ],
  "base_value": 0.7333630126321681,
  "max_abs_value": 0.2652436886803388
}