{
  "method": "shap",
  "values": [
    0.03409177269776392,
    0.13729439792317474,
    0.004015168029160468,
    0.10271207100592834,
    -0.00905352494943043,
    -0.0024237691893926883
  ],
  "class_values": [
    [
      -0.034091772697763964,
      -0.13729439792317477,
      -0.004015168029160368,
      -0.10271207100592837,
      0.009053524949430455,
      0.0024237691893926883
    ],
    [
      0.03409177269776392,
      0.13729439792317474,
      0.004015168029160468,
      0.10271207100592834,
      -0.00905352494943043,
      -0.0024237691893926883
    ]
  ],
  "ranking_values": [
    0.034091772697763964,
    0.13729439792317477,
    0.004015168029160468,
    0.10271207100592837,
    0.009053524949430455,
    0.0024237691893926883
  ],
  "base_value": 0.7333630126321681,
  "max_abs_value": 0.13729439792317474
}