{
  "method": "shap",
  "values": [
    -0.2473362898103076,
    -0.10853688811533614,
    -0.1354590100514498,
    -0.0908967731673003,
    -0.06327951558522815,
    -0.011499034627262095
  ],
  "class_values": [
    [
      0.2473362898103074,
      0.10853688811533614,
      0.13545901005145014,
      0.09089677316730024,
      0.06327951558522815,
      0.011499034627261984
    ],
    [
      -0.2473362898103076,
      -0.10853688811533614,
      -0.1354590100514498,
      -0.0908967731673003,
      -0.06327951558522815,
      -0.011499034627262095
    ]
  ],
  "ranking_values": [
    0.2473362898103076,
    0.10853688811533614,
    0.13545901005145014,
    0.0908967731673003,
    0.06327951558522815,
    0.011499034627262095
  ],
  "base_value": 0.7360799208534508,
  "max_abs_value": 0.2473362898103076
}