{
  "method": "shap",
  "values": [
    -0.12949351721056776,
    -0.22172207637476735,
    -0.18916407474427252,
    -0.09893438071701371,
    -0.0005499646870848532,
    -0.058375343571860916
  ],
  "class_values": [
    [
      0.12949351721056784,
      0.22172207637476743,
      0.18916407474427227,
      0.09893438071701356,
      0.0005499646870850644,
      0.05837534357186103
    ],
    [
      -0.12949351721056776,
      -0.22172207637476735,
      -0.18916407474427252,
      -0.09893438071701371,
      -0.0005499646870848532,
      -0.058375343571860916
    ]
  ],
  "ranking_values": [
    0.12949351721056784,
    0.22172207637476743,
    0.18916407474427252,
    0.09893438071701371,
    0.0005499646870850644,
    0.05837534357186103
  ],
  "base_value": 0.7333630126321681,
  "max_abs_value": 0.22172207637476735
}