{
  "method": "shap",
  "values": [
    0.03416629405742047,
    -0.10506404048896137,
    0.18550963397734865,
    -0.011744974483621771,
    -0.01862249652132682,
    0.026306043788110037
  ],
  "class_values": [
    [
      -0.03416629405742048,
      0.1050640404889614,
      -0.1855096339773488,
      0.011744974483621844,
      0.01862249652132686,
      -0.026306043788110037
    ],
    [
      0.03416629405742047,
      -0.10506404048896137,
      0.18550963397734865,
      -0.011744974483621771,
      -0.01862249652132682,
      0.026306043788110037
    ]
  ],
  "ranking_values": [
    0.03416629405742048,
    0.1050640404889614,
    0.1855096339773488,
    0.011744974483621844,
    0.01862249652132686,
    0.026306043788110037
  ],
  "base_value": 0.7333630126321681,
  "max_abs_value": 0.18550963397734865
}