{
  "method": "shap",
  "values": [
    -0.40093260823526333,
    0.010035364633078268,
    0.03764305712977841,
    -0.11444726319260452,
    -0.046741174101897376,
    -0.21338521244189945
  ],
  "class_values": [
    [
      0.40093260823526317,
      -0.010035364633078142,
      -0.0376430571297784,
      0.11444726319260463,
      0.04674117410189737,
      0.21338521244189945
    ],
    [
      -0.40093260823526333,
      0.010035364633078268,
      0.03764305712977841,
      -0.11444726319260452,
      -0.046741174101897376,
      -0.21338521244189945
    ]
  ],
  "ranking_values": [
    0.40093260823526333,
    0.010035364633078268,
    0.03764305712977841,
    0.11444726319260463,
    0.046741174101897376,
    0.21338521244189945
  ],
  "base_value": 0.7360799208534508,
  "max_abs_value": 0.40093260823526333
}