{
  "method": "shap",
  "values": [
    0.20662105368610695,
    -0.29564481150597444,
    0.07857528341664932,
    0.15372178642628498,
    0.11632769800232563,
    0.006542090386045196
  ],
  "class_values": [
    [
      -0.206621053686107,
      0.2956448115059744,
      -0.07857528341664932,
      -0.1537217864262848,
      -0.11632769800232563,
      -0.006542090386045252
    ],
    [
      0.20662105368610695,
      -0.29564481150597444,
      0.07857528341664932,
      0.15372178642628498,
      0.11632769800232563,
      0.006542090386045196
    ]
  ],
  "ranking_values": [
    0.206621053686107,
    0.29564481150597444,
    0.07857528341664932,
    0.15372178642628498,
    0.11632769800232563,
    0.006542090386045252
  ],
  "base_value": 0.7333630126321681,
  "max_abs_value": 0.29564481150597444
}