{
  "method": "shap",
  "values": [
    0.11411552790061644,
    0.13256069795509903,
    0.019046150200336644,
    -0.017441521993578953,
    0.0278743439546978,
    -0.011599819402421163
  ],
  "class_values": [
    [
      -0.11411552790061646,
      -0.132560697955099,
      -0.01904615020033656,
      0.01744152199357898,
      -0.027874343954698007,
      0.011599819402421274
    ],
    [
      0.11411552790061644,
      0.13256069795509903,
      0.019046150200336644,
      -0.017441521993578953,
      0.0278743439546978,
      -0.011599819402421163
    ]
  ],
  "ranking_values": [
    0.11411552790061646,
    0.13256069795509903,
    0.019046150200336644,
    0.01744152199357898,
    0.027874343954698007,
    0.011599819402421274
  ],
  "base_value": 0.7333630126321681,
  "max_abs_value": 0.13256069795509903
}