{
  "method": "shap",
  "values": [
    -0.16799957423096482,
    0.40112220144816557,
    -0.03332573775187484,
    0.010083363005841627,
    0.025125574707587094,
    0.031268795135125815
  ],
  "class_values": [
    [
      0.1679995742309648,
      -0.40112220144816557,
      0.03332573775187485,
      -0.010083363005841643,
      -0.02512557470758709,
      -0.03126879513512579
    ],
    [
      -0.16799957423096482,
      0.40112220144816557,
      -0.03332573775187484,
      0.010083363005841627,
      0.025125574707587094,
      0.031268795135125815
    ]
  ],
  "ranking_values": [
    0.16799957423096482,
    0.40112220144816557,
    0.03332573775187485,
    0.010083363005841643,
    0.025125574707587094,
    0.031268795135125815
  ],
  "base_value": 0.7333630126321681,
  "max_abs_value": 0.40112220144816557
}