{
  "method": "shap",
  "values": [
    -0.05500882937958296,
    -0.5965336677161486,
    -0.03539246514437455,
    -0.011622020774350497,
    0.0021504385581536897,
    -0.036953021138735
  ],
  "class_values": [
    [
      0.055008829379582846,
      0.5965336677161486,
      0.03539246514437455,
      0.011622020774350553,
      -0.0021504385581536897,
      0.036953021138735
    ],
    [
      -0.05500882937958296,
      -0.5965336677161486,
      -0.03539246514437455,
      -0.011622020774350497,
      0.0021504385581536897,
      -0.036953021138735
    ]
  ],
  "ranking_values": [
    0.05500882937958296,
    0.5965336677161486,
    0.03539246514437455,
    0.011622020774350553,
    0.0021504385581536897,
    0.036953021138735
  ],
  "base_value": 0.7333630126321681,
  "max_abs_value": 0.5965336677161486
}