{
  "method": "shap",
  "values": [
    0.29451496734580834,
    -0.11920046773946538,
    0.0221203631214036,
    -0.04839819022645835,
    0.07691963146968307,
    0.032955494215685055
  ],
  "class_values": [
    [
      -0.29451496734580834,
      0.11920046773946542,
      -0.02212036312140352,
      0.048398190226458256,
      -0.07691963146968313,
      -0.032955494215685055
    ],
    [
      0.29451496734580834,
      -0.11920046773946538,
      0.0221203631214036,
      -0.04839819022645835,
      0.07691963146968307,
      0.032955494215685055
    ]
  ],
  "ranking_values": [
    0.29451496734580834,
    0.11920046773946542,
    0.0221203631214036,
    0.04839819022645835,
    0.07691963146968313,
    0.032955494215685055
  ],
  "base_value": 0.7405368775632675,
  "max_abs_value": 0.29451496734580834
}