{
  "method": "shap",
  "values": [
    0.08360945372387162,
    0.1365952551626654,
    0.000640262397666079,
    0.05276584482686737,
    -0.0018891851295423433,
    -0.005089209922531701
  ],
  "class_values": [
    [
      -0.08360945372387169,
      -0.13659525516266546,
      -0.0006402623976661796,
      -0.05276584482686735,
      0.0018891851295424014,
      0.005089209922531868
    ],
    [
      0.08360945372387162,
      0.1365952551626654,
      0.000640262397666079,
      0.05276584482686737,
      -0.0018891851295423433,
      -0.005089209922531701
    ]
  ],
  "ranking_values": [
    0.08360945372387169,
    0.13659525516266546,
    0.0006402623976661796,
    0.05276584482686737,
    0.0018891851295424014,
    0.005089209922531868
  ],
  "base_value": 0.7333630126321681,
  "max_abs_value": 0.1365952551626654
}