{
  "method": "shap",
  "values": [
    -0.32594180995920646,
    -0.015761082364193168,
    -0.07484866593826035,
    -0.08303815395164385,
    -0.2169869037563812,
    0.0066218886207241034
  ],
  "class_values": [
    [
      0.32594180995920663,
      0.01576108236419319,
      0.07484866593826031,
      0.08303815395164388,
      0.21698690375638108,
      -0.0066218886207242145
    ],
    [
      -0.32594180995920646,
      -0.015761082364193168,
      -0.07484866593826035,
      -0.08303815395164385,
      -0.2169869037563812,
      0.0066218886207241034
    ]
  ],
  "ranking_values": [
    0.32594180995920663,
    0.01576108236419319,
    0.07484866593826035,
    0.08303815395164388,
    0.2169869037563812,
    0.0066218886207242145
  ],
  "base_value": 0.7360799208534508,
  "max_abs_value": 0.32594180995920646
}