{
  "method": "shap",
  "values": [
    -0.0010871858405545622,
    0.10177368301039612,
    -0.03631127324326416,
    -0.02850895992449344,
    -0.012596287727910431,
    0.2433670107496249
  ],
  "class_values": [
    [
      0.0010871858405546832,
      -0.10177368301039608,
      0.03631127324326412,
      0.028508959924493378,
      0.012596287727910327,
      -0.24336701074962488
    ],
    [
      -0.0010871858405545622,
      0.10177368301039612,
      -0.03631127324326416,
      -0.02850895992449344,
      -0.012596287727910431,
      0.2433670107496249
    ]
  ],
  "ranking_values": [
    0.0010871858405546832,
    0.10177368301039612,
    0.03631127324326416,
    0.02850895992449344,
    0.012596287727910431,
    0.2433670107496249
  ],
  "base_value": 0.7333630126321681,
  "max_abs_value": 0.2433670107496249
}