{
  "method": "shap",
  "values": [
    0.10642309186252957,
    0.06909435974703736,
    0.02878852825136564,
    0.03671853739981996,
    0.028421484203424278,
    -0.01930112912350873
  ],
  "class_values": [
    [
      -0.10642309186252966,
      -0.06909435974703744,
      -0.028788528251365655,
      -0.03671853739982,
      -0.028421484203424222,
      0.019301129123508953
    ],
    [
      0.10642309186252957,
      0.06909435974703736,
      0.02878852825136564,
      0.03671853739981996,
      0.028421484203424278,
      -0.01930112912350873
    ]
  ],
  "ranking_values": [
    0.10642309186252966,
    0.06909435974703744,
    0.028788528251365655,
    0.03671853739982,
    0.028421484203424278,
    0.019301129123508953
  ],
  "base_value": 0.7333630126321681,
  "max_abs_value": 0.10642309186252957
}