{
  "method": "shap",
  "values": [
    -0.3605240775951282,
    0.008988595363663704,
    -0.02201363734040834,
    -0.07668805109869432,
    -0.06783991382421106,
    -0.18866108459671094
  ],
  "class_values": [
    [
      0.360524077595128,
      -0.008988595363663641,
      0.02201363734040832,
      0.07668805109869427,
      0.06783991382421121,
      0.18866108459671094
    ],
    [
      -0.3605240775951282,
      0.008988595363663704,
      -0.02201363734040834,
      -0.07668805109869432,
      -0.06783991382421106,
      -0.18866108459671094
    ]
  ],
  "ranking_values": [
    0.3605240775951282,
    0.008988595363663704,
    0.02201363734040834,
    0.07668805109869432,
    0.06783991382421121,
    0.18866108459671094
  ],
  "base_value": 0.7360799208534508,
  "max_abs_value": 0.3605240775951282
}