{
  "method": "shap",
  "values": [
    0.11115484028650044,
    -0.16506512623199582,
    0.01831629517827203,
    0.07208487055202721,
    0.08421964554590351,
    0.07058517417245978
  ],
  "class_values": [
    [
      -0.11115484028650044,
      0.1650651262319958,
      -0.018316295178272043,
      -0.07208487055202722,
      -0.08421964554590348,
      -0.07058517417245976
    ],
    [
      0.11115484028650044,
      -0.16506512623199582,
      0.01831629517827203,
      0.07208487055202721,
      0.08421964554590351,
      0.07058517417245978
    ]
  ],
  "ranking_values": [
    0.11115484028650044,
    0.16506512623199582,
    0.018316295178272043,
    0.07208487055202722,
    0.08421964554590351,
    0.07058517417245978
  ],
  "base_value": 0.7333630126321681,
  "max_abs_value": 0.16506512623199582
}