{
  "method": "shap",
  "values": [
    -0.055158624156427374,
    0.01244459298584928,
    0.07924462817972305,
    -0.03894781247227768,
    0.14968560920336815,
    0.11645174545600018
  ],
  "class_values": [
    [
      0.05515862415642738,
      -0.012444592985849304,
      -0.07924462817972304,
      0.03894781247227759,
      -0.14968560920336807,
      -0.11645174545600018
    ],
    [
      -0.055158624156427374,
      0.01244459298584928,
      0.07924462817972305,
      -0.03894781247227768,
      0.14968560920336815,
      0.11645174545600018
    ]
  ],
  "ranking_values": [
    0.05515862415642738,
    0.012444592985849304,
    0.07924462817972305,
    0.03894781247227768,
    0.14968560920336815,
    0.11645174545600018
  ],
  "base_value": 0.7360799208534508,
  "max_abs_value": 0.14968560920336815
}