{
  "method": "shap",
  "values": [
    0.1816129309019867,
    0.07280878882365738,
    0.002299369488770296,
    0.06653455499015634,
    -0.011077916660589333,
    -0.04554075150317538
  ],
  "class_values": [
    [
      -0.1816129309019867,
      -0.07280878882365742,
      -0.0022993694887702577,
      -0.06653455499015645,
      0.01107791666058928,
      0.04554075150317555
    ],
    [
      0.1816129309019867,
      0.07280878882365738,
      0.002299369488770296,
      0.06653455499015634,
      -0.011077916660589333,
      -0.04554075150317538
    ]
  ],
  "ranking_values": [
    0.1816129309019867,
    0.07280878882365742,
    0.002299369488770296,
    0.06653455499015645,
    0.011077916660589333,
    0.04554075150317555
  ],
  "base_value": 0.7333630126321681,
  "max_abs_value": 0.1816129309019867
}