{
  "method": "shap",
  "values": [
    0.14083453737592447,
    0.027435156929164282,
    0.02654366832565159,
    0.09259248429375848,
    -0.024307207724225816,
    -0.0037261072873504553
  ],
  "class_values": [
    [
      -0.1408345373759245,
      -0.02743515692916425,
      -0.026543668325651696,
      -0.09259248429375852,
      0.024307207724225923,
      0.0037261072873505108
    ],
    [
      0.14083453737592447,
      0.027435156929164282,
      0.02654366832565159,
      0.09259248429375848,
      -0.024307207724225816,
      -0.0037261072873504553
    ]
  ],
  "ranking_values": [
    0.1408345373759245,
    0.027435156929164282,
    0.026543668325651696,
    0.09259248429375852,
    0.024307207724225923,
    0.0037261072873505108
  ],
  "base_value": 0.7405368775632675,
  "max_abs_value": 0.14083453737592447
}