{
  "method": "shap",
  "values": [
    0.011098509023799883,
    -0.06853347404668844,
    -0.10092813849315346,
    -0.08453408932666247,
    -0.19914202095826672,
    -0.2726561527470929
  ],
  "class_values": [
    [
      -0.011098509023799883,
      0.06853347404668839,
      0.10092813849315352,
      0.08453408932666236,
      0.19914202095826683,
      0.2726561527470929
    ],
    [
      0.011098509023799883,
      -0.06853347404668844,
      -0.10092813849315346,
      -0.08453408932666247,
      -0.19914202095826672,
      -0.2726561527470929
    ]
  ],
  "ranking_values": [
    0.011098509023799883,
    0.06853347404668844,
    0.10092813849315352,
    0.08453408932666247,
    0.19914202095826683,
    0.2726561527470929
  ],
  "base_value": 0.7333630126321681,
  "max_abs_value": 0.2726561527470929
}