{
  "method": "shap",
  "values": [
    -0.26006139288786745,
    0.04568658824996026,
    0.25018655250038535,
    0.22517448645941981,
    -0.0005826612620740699,
    -0.0024933877200179477
  ],
  "class_values": [
    [
      0.2600613928878674,
      -0.045686588249960323,
      -0.2501865525003853,
      -0.22517448645941984,
      0.0005826612620741478,
      0.0024933877200180032
    ],
    [
      -0.26006139288786745,
      0.04568658824996026,
      0.25018655250038535,
      0.22517448645941981,
      -0.0005826612620740699,
      -0.0024933877200179477
    ]
  ],
  "ranking_values": [
    0.26006139288786745,
    0.045686588249960323,
    0.25018655250038535,
    0.22517448645941984,
    0.0005826612620741478,
    0.0024933877200180032
  ],
  "base_value": 0.7333630126321681,
  "max_abs_value": 0.26006139288786745
}