{
  "method": "shap",
  "values": [
    0.08647957567900522,
    -0.09989903764771053,
    0.053260267746727735,
    0.10942265614232953,
    -0.056671039103470704,
    0.09948929607254603
  ],
  "class_values": [
    [
      -0.08647957567900527,
      0.0998990376477105,
      -0.05326026774672767,
      -0.10942265614232953,
      0.05667103910347076,
      -0.09948929607254606
    ],
    [
      0.08647957567900522,
      -0.09989903764771053,
      0.053260267746727735,
      0.10942265614232953,
      -0.056671039103470704,
      0.09948929607254603
    ]
  ],
  "ranking_values": [
    0.08647957567900527,
    0.09989903764771053,
    0.053260267746727735,
    0.10942265614232953,
    0.05667103910347076,
    0.09948929607254606
  ],
  "base_value": 0.7333630126321681,
  "max_abs_value": 0.10942265614232953
}