{
  "method": "shap",
  "values": [
    -0.4518069665933744,
    0.009148511347778387,
    -0.12239914247760436,
    -0.023573085092793114,
    0.007894411455720536,
    -0.15251231837323442
  ],
  "class_values": [
    [
      0.4518069665933744,
      -0.009148511347778408,
      0.12239914247760457,
      0.02357308509279315,
      -0.007894411455720542,
      0.1525123183732343
    ],
    [
      -0.4518069665933744,
      0.009148511347778387,
      -0.12239914247760436,
      -0.023573085092793114,
      0.007894411455720536,
      -0.15251231837323442
    ]
  ],
  "ranking_values": [
    0.4518069665933744,
    0.009148511347778408,
    0.12239914247760457,
    0.02357308509279315,
    0.007894411455720542,
    0.15251231837323442
  ],
  "base_value": 0.7333630126321681,
  "max_abs_value": 0.4518069665933744
}