{
  "method": "shap",
  "values": [
    0.08865976107638503,
    0.1505317684531432,
    0.003440956939740822,
    0.03700229871019516,
    -0.0003113486490370624,
    -0.012686497687331821
  ],
  "class_values": [
    [
      -0.08865976107638494,
      -0.15053176845314326,
      -0.0034409569397408787,
      -0.03700229871019505,
      0.0003113486490369304,
      0.012686497687331877
    ],
    [
      0.08865976107638503,
      0.1505317684531432,
      0.003440956939740822,
      0.03700229871019516,
      -0.0003113486490370624,
      -0.012686497687331821
    ]
  ],
  "ranking_values": [
    0.08865976107638503,
    0.15053176845314326,
    0.0034409569397408787,
    0.03700229871019516,
    0.0003113486490370624,
    0.012686497687331877
  ],
  "base_value": 0.7333630126321681,
  "max_abs_value": 0.1505317684531432
}