{
  "method": "shap",
  "values": [
    0.051448877934635116,
    0.04051615739471406,
    0.00858855304305408,
    0.07335985846046689,
    0.14113415875868765,
    -0.06674483887758276
  ],
  "class_values": [
    [
      -0.05144887793463513,
      -0.04051615739471399,
      -0.008588553043054208,
      -0.07335985846046686,
      -0.14113415875868768,
      0.06674483887758287
    ],
    [
      0.051448877934635116,
      0.04051615739471406,
      0.00858855304305408,
      0.07335985846046689,
      0.14113415875868765,
      -0.06674483887758276
    ]
  ],
  "ranking_values": [
    0.05144887793463513,
    0.04051615739471406,
    0.008588553043054208,
    0.07335985846046689,
    0.14113415875868768,
    0.06674483887758287
  ],
  "base_value": 0.7333630126321681,
  "max_abs_value": 0.14113415875868765
}