{
  "method": "shap",
  "values": [
    -0.008131670812841689,
    0.0524594824762267,
    -0.2350101528843412,
    -0.1255568139952166,
    -0.18487835030597022,
    -0.1378492347543152
  ],
  "class_values": [
    [
      0.008131670812841815,
      -0.05245948247622671,
      0.23501015288434124,
      0.1255568139952166,
      0.18487835030597,
      0.13784923475431532
    ],
    [
      -0.008131670812841689,
      0.0524594824762267,
      -0.2350101528843412,
      -0.1255568139952166,
      -0.18487835030597022,
      -0.1378492347543152
    ]
  ],
  "ranking_values": [
    0.008131670812841815,
    0.05245948247622671,
    0.23501015288434124,
    0.1255568139952166,
    0.18487835030597022,
    0.13784923475431532
  ],
  "base_value": 0.7333630126321681,
  "max_abs_value": 0.2350101528843412
}