{
  "method": "shap",
  "values": [
    0.07406486140282342,
    0.16913733812882784,
    0.03837247212153305,
    0.025015528709563035,
    0.00397914871861345,
    -0.044548956052706645
  ],
  "class_values": [
    [
      -0.07406486140282338,
      -0.16913733812882795,
      -0.038372472121532955,
      -0.02501552870956297,
      -0.003979148718613503,
      0.044548956052706645
    ],
    [
      0.07406486140282342,
      0.16913733812882784,
      0.03837247212153305,
      0.025015528709563035,
      0.00397914871861345,
      -0.044548956052706645
    ]
  ],
  "ranking_values": [
    0.07406486140282342,
    0.16913733812882795,
    0.03837247212153305,
    0.025015528709563035,
    0.003979148718613503,
    0.044548956052706645
  ],
  "base_value": 0.7333630126321681,
  "max_abs_value": 0.16913733812882784
}