{
  "method": "shap",
  "values": [
    -0.5074686699781231,
    0.023172643543895203,
    -0.08301445754140685,
    0.023762608277833264,
    0.02694640266051275,
    -0.21947843356487273
  ],
  "class_values": [
    [
      0.5074686699781232,
      -0.02317264354389519,
      0.08301445754140664,
      -0.023762608277833254,
      -0.02694640266051275,
      0.21947843356487284
    ],
    [
      -0.5074686699781231,
      0.023172643543895203,
      -0.08301445754140685,
      0.023762608277833264,
      0.02694640266051275,
      -0.21947843356487273
    ]
  ],
  "ranking_values": [
    0.5074686699781232,
    0.023172643543895203,
    0.08301445754140685,
    0.023762608277833264,
    0.02694640266051275,
    0.21947843356487284
  ],
  "base_value": 0.7360799208534508,
  "max_abs_value": 0.5074686699781231
}