{
  "method": "shap",
  "values": [
    0.05117309180640474,
    0.01511022854195308,
    0.03260506541571016,
    -0.0022203752066917463,
    -0.04260712618086321,
    0.09575173385420997
  ],
  "class_values": [
    [
      -0.051173091806404766,
      -0.0151102285419531,
      -0.03260506541571013,
      0.002220375206691702,
      0.04260712618086328,
      -0.09575173385421004
    ],
    [
      0.05117309180640474,
      0.01511022854195308,
      0.03260506541571016,
      -0.0022203752066917463,
      -0.04260712618086321,
      0.09575173385420997
    ]
  ],
  "ranking_values": [
    0.051173091806404766,
    0.0151102285419531,
    0.03260506541571016,
    0.0022203752066917463,
    0.04260712618086328,
    0.09575173385421004
  ],
  "base_value": 0.7405368775632675,
  "max_abs_value": 0.09575173385420997
}