{
  "method": "shap",
  "values": [
    0.18225433846861538,
    0.03763499526108178,
    0.007990256549698404,
    0.02821728057259558,
    0.029019815537096084,
    -0.020600307543238994
  ],
  "class_values": [
    [
      -0.18225433846861547,
      -0.03763499526108176,
      -0.007990256549698439,
      -0.02821728057259561,
      -0.029019815537096132,
      0.02060030754323916
    ],
    [
      0.18225433846861538,
      0.03763499526108178,
      0.007990256549698404,
      0.02821728057259558,
      0.029019815537096084,
      -0.020600307543238994
    ]
  ],
  "ranking_values": [
    0.18225433846861547,
    0.03763499526108178,
    0.007990256549698439,
    0.02821728057259561,
    0.029019815537096132,
    0.02060030754323916
  ],
  "base_value": 0.7333630126321681,
  "max_abs_value": 0.18225433846861538
}