{
  "method": "shap",
  "values": [
    0.11253208506460859,
    0.057826996820933854,
    -0.02214619430487233,
    0.07861295652706729,
    0.015956905700733996,
    0.02385422298120718
  ],
  "class_values": [
    [
      -0.11253208506460856,
      -0.057826996820933806,
      0.02214619430487234,
      -0.07861295652706742,
      -0.01595690570073397,
      -0.02385422298120718
    ],
    [
      0.11253208506460859,
      0.057826996820933854,
      -0.02214619430487233,
      0.07861295652706729,
      0.015956905700733996,
      0.02385422298120718
    ]
  ],
  "ranking_values": [
    0.11253208506460859,
    0.057826996820933854,
    0.02214619430487234,
    0.07861295652706742,
    0.015956905700733996,
    0.02385422298120718
  ],
  "base_value": 0.7333630126321681,
  "max_abs_value": 0.11253208506460859
}