{
  "method": "shap",
  "values": [
    0.14522236647399073,
    -0.09156582642320997,
    -0.019887542935460432,
    0.21297742002188458,
    -0.006139792290807806,
    0.025706900332599203
  ],
  "class_values": [
    [
      -0.1452223664739908,
      0.09156582642321001,
      0.019887542935460377,
      -0.21297742002188455,
      0.006139792290807729,
      -0.025706900332599064
    ],
    [
      0.14522236647399073,
      -0.09156582642320997,
      -0.019887542935460432,
      0.21297742002188458,
      -0.006139792290807806,
      0.025706900332599203
    ]
  ],
  "ranking_values": [
    0.1452223664739908,
    0.09156582642321001,
    0.019887542935460432,
    0.21297742002188458,
    0.006139792290807806,
    0.025706900332599203
  ],
  "base_value": 0.7333630126321681,
  "max_abs_value": 0.21297742002188458
}