{
  "method": "shap",
  "values": [
    -0.04141768940258263,
    -0.2776206378754633,
    0.03245039464707471,
    -0.359631067868127,
    0.01628914523296843,
    -0.10342479467740096
  ],
  "class_values": [
    [
      0.041417689402582815,
      0.27762063787546354,
      -0.0324503946470748,
      0.359631067868127,
      -0.016289145232968535,
      0.10342479467740062
    ],
    [
      -0.04141768940258263,
      -0.2776206378754633,
      0.03245039464707471,
      -0.359631067868127,
      0.01628914523296843,
      -0.10342479467740096
    ]
  ],
  "ranking_values": [
    0.041417689402582815,
    0.27762063787546354,
    0.0324503946470748,
    0.359631067868127,
    0.016289145232968535,
    0.10342479467740096
  ],
  "base_value": 0.7333630126321681,
  "max_abs_value": 0.359631067868127
}