{
  "method": "shap",
  "values": [
    0.07934995771029318,
    0.03209895406661942,
    -0.05080622748854301,
    0.023502181109651417,
    0.042582727507659505,
    0.058624775524440176
  ],
  "class_values": [
    [
      -0.07934995771029324,
      -0.03209895406661944,
      0.05080622748854302,
      -0.02350218110965145,
      -0.04258272750765948,
      -0.058624775524440176
    ],
    [
      0.07934995771029318,
      0.03209895406661942,
      -0.05080622748854301,
      0.023502181109651417,
      0.042582727507659505,
      0.058624775524440176
    ]
  ],
  "ranking_values": [
    0.07934995771029324,
    0.03209895406661944,
    0.05080622748854302,
    0.02350218110965145,
    0.042582727507659505,
    0.058624775524440176
  ],
  "base_value": 0.7405368775632675,
  "max_abs_value": 0.07934995771029318
}