{
  "method": "shap",
  "values": [
    0.025301470803727476,
    0.014901371978371356,
    -0.03074400948004229,
    -0.06399984631340723,
    -0.0601958378479792,
    0.03912392313244489
  ],
  "class_values": [
    [
      -0.025301470803727577,
      -0.014901371978371351,
      0.030744009480042328,
      0.06399984631340715,
      0.060195837847979314,
      -0.039123923132444866
    ],
    [
      0.025301470803727476,
      0.014901371978371356,
      -0.03074400948004229,
      -0.06399984631340723,
      -0.0601958378479792,
      0.03912392313244489
    ]
  ],
  "ranking_values": [
    0.025301470803727577,
    0.014901371978371356,
    0.030744009480042328,
    0.06399984631340723,
    0.060195837847979314,
    0.03912392313244489
  ],
  "base_value": 0.7333630126321681,
  "max_abs_value": 0.06399984631340723
}