{
  "method": "shap",
  "values": [
    0.12035434204143718,
    0.05725815490338778,
    -0.010591361269850127,
    0.05277442105393082,
    0.01673788400426152,
    0.030103532229551228
  ],
  "class_values": [
    [
      -0.12035434204143719,
      -0.05725815490338772,
      0.01059136126985011,
      -0.0527744210539307,
      -0.0167378840042616,
      -0.030103532229551283
    ],
    [
      0.12035434204143718,
      0.05725815490338778,
      -0.010591361269850127,
      0.05277442105393082,
      0.01673788400426152,
      0.030103532229551228
    ]
  ],
  "ranking_values": [
    0.12035434204143719,
    0.05725815490338778,
    0.010591361269850127,
    0.05277442105393082,
    0.0167378840042616,
    0.030103532229551283
  ],
  "base_value": 0.7333630126321681,
  "max_abs_value": 0.12035434204143718
}