{
  "method": "shap",
  "values": [
    0.0511730918064054,
    0.015110228541953557,
    0.032605065415711044,
    -0.002220375206690612,
    -0.04260712618086231,
    0.09575173385421082
  ],
  "class_values": [
    [
      -0.051173091806405425,
      -0.0151102285419536,
      -0.03260506541571101,
      0.0022203752066905906,
      0.042607126180862306,
      -0.09575173385421075
    ],
    [
      0.0511730918064054,
      0.015110228541953557,
      0.032605065415711044,
      -0.002220375206690612,
      -0.04260712618086231,
      0.09575173385421082
    ]
  ],
  "ranking_values": [
    0.051173091806405425,
    0.0151102285419536,
    0.032605065415711044,
    0.002220375206690612,
    0.04260712618086231,
    0.09575173385421082
  ],
  "base_value": 0.7405368775632675,
  "max_abs_value": 0.09575173385421082
}