{
  "method": "shap",
  "values": [
    0.09525611335945522,
    0.012513565980183026,
    -0.026349605031598115,
    -0.019758294697141993,
    0.026249057020313035,
    -0.07743194224606213
  ],
  "class_values": [
    [
      -0.09525611335945537,
      -0.012513565980183026,
      0.026349605031598094,
      0.019758294697142006,
      -0.0262490570203129,
      0.07743194224606215
    ],
    [
      0.09525611335945522,
      0.012513565980183026,
      -0.026349605031598115,
      -0.019758294697141993,
      0.026249057020313035,
      -0.07743194224606213
    ]
  ],
  "ranking_values": [
    0.09525611335945537,
    0.012513565980183026,
    0.026349605031598115,
    0.019758294697142006,
    0.026249057020313035,
    0.07743194224606215
  ],
  "base_value": 0.7360799208534508,
  "max_abs_value": 0.09525611335945522
}