{
  "method": "shap",
  "values": [
    0.15450364963259272,
    -0.06581763563725368,
    0.014936807874865544,
    0.07259466638394134,
    0.020538146904593692,
    0.06987731947977319
  ],
  "class_values": [
    [
      -0.15450364963259272,
      0.0658176356372537,
      -0.014936807874865544,
      -0.07259466638394126,
      -0.02053814690459372,
      -0.06987731947977321
    ],
    [
      0.15450364963259272,
      -0.06581763563725368,
      0.014936807874865544,
      0.07259466638394134,
      0.020538146904593692,
      0.06987731947977319
    ]
  ],
  "ranking_values": [
    0.15450364963259272,
    0.0658176356372537,
    0.014936807874865544,
    0.07259466638394134,
    0.02053814690459372,
    0.06987731947977321
  ],
  "base_value": 0.7333630126321681,
  "max_abs_value": 0.15450364963259272
}