{
  "method": "shap",
  "values": [
    0.016506987345288226,
    -0.096217339528314,
    -0.2226543638236611,
    -0.0532217785570471,
    0.012024721397159951,
    -0.2640863984981394
  ],
  "class_values": [
    [
      -0.016506987345288316,
      0.09621733952831395,
      0.22265436382366122,
      0.05322177855704718,
      -0.01202472139716,
      0.2640863984981395
    ],
    [
      0.016506987345288226,
      -0.096217339528314,
      -0.2226543638236611,
      -0.0532217785570471,
      0.012024721397159951,
      -0.2640863984981394
    ]
  ],
  "ranking_values": [
    0.016506987345288316,
    0.096217339528314,
    0.22265436382366122,
    0.05322177855704718,
    0.01202472139716,
    0.2640863984981395
  ],
  "base_value": 0.7333630126321681,
  "max_abs_value": 0.2640863984981394
}