{
  "method": "shap",
  "values": [
    -0.5215803264226738,
    0.08235660922066647,
    -0.08298577700070585,
    -0.08288983319183975,
    -0.11469828448634702,
    0.01164154995786093
  ],
  "class_values": [
    [
      0.5215803264226739,
      -0.08235660922066644,
      0.08298577700070577,
      0.08288983319183976,
      0.11469828448634702,
      -0.011641549957861042
    ],
    [
      -0.5215803264226738,
      0.08235660922066647,
      -0.08298577700070585,
      -0.08288983319183975,
      -0.11469828448634702,
      0.01164154995786093
    ]
  ],
  "ranking_values": [
    0.5215803264226739,
    0.08235660922066647,
    0.08298577700070585,
    0.08288983319183976,
    0.11469828448634702,
    0.011641549957861042
  ],
  "base_value": 0.7405368775632675,
  "max_abs_value": 0.5215803264226738
}