{
  "method": "shap",
  "values": [
    0.16516491853578188,
    -0.17389857791752858,
    0.061276471208871405,
    0.09026719224184797,
    0.05148289130438282,
    0.06746630000800721
  ],
  "class_values": [
    [
      -0.16516491853578186,
      0.17389857791752858,
      -0.061276471208871384,
      -0.09026719224184801,
      -0.05148289130438287,
      -0.06746630000800719
    ],
    [
      0.16516491853578188,
      -0.17389857791752858,
      0.061276471208871405,
      0.09026719224184797,
      0.05148289130438282,
      0.06746630000800721
    ]
  ],
  "ranking_values": [
    0.16516491853578188,
    0.17389857791752858,
    0.061276471208871405,
    0.09026719224184801,
    0.05148289130438287,
    0.06746630000800721
  ],
  "base_value": 0.7333630126321681,
  "max_abs_value": 0.17389857791752858
}