{
  "method": "shap",
  "values": [
    0.18156393253422423,
    -0.09246202005246444,
    -0.0035654785104627267,
    0.21302828435642338,
    -0.029546807541322773,
    -0.0023834842352763452
  ],
  "class_values": [
    [
      -0.18156393253422431,
      0.09246202005246448,
      0.0035654785104626786,
      -0.2130282843564234,
      0.029546807541322752,
      0.0023834842352764563
    ],
    [
      0.18156393253422423,
      -0.09246202005246444,
      -0.0035654785104627267,
      0.21302828435642338,
      -0.029546807541322773,
      -0.0023834842352763452
    ]
  ],
  "ranking_values": [
    0.18156393253422431,
    0.09246202005246448,
    0.0035654785104627267,
    0.2130282843564234,
    0.029546807541322773,
    0.0023834842352764563
  ],
  "base_value": 0.7333630126321681,
  "max_abs_value": 0.21302828435642338
}