{
  "method": "shap",
  "values": [
    -0.08751347725286437,
    -0.06161681511895566,
    0.12906343613589744,
    0.21363872362503483,
    0.016334412811856568,
    0.04169678642007468
  ],
  "class_values": [
    [
      0.08751347725286439,
      0.06161681511895568,
      -0.12906343613589744,
      -0.2136387236250348,
      -0.01633441281185654,
      -0.041696786420074766
    ],
    [
      -0.08751347725286437,
      -0.06161681511895566,
      0.12906343613589744,
      0.21363872362503483,
      0.016334412811856568,
      0.04169678642007468
    ]
  ],
  "ranking_values": [
    0.08751347725286439,
    0.06161681511895568,
    0.12906343613589744,
    0.21363872362503483,
    0.016334412811856568,
    0.041696786420074766
  ],
  "base_value": 0.7333630126321681,
  "max_abs_value": 0.21363872362503483
}