{
  "method": "shap",
  "values": [
    0.08825913729275335,
    0.13070098956773335,
    -0.0012754301252791904,
    0.06476785758188913,
    -0.0025173182286797277,
    -0.013298263227045248
  ],
  "class_values": [
    [
      -0.08825913729275352,
      -0.13070098956773335,
      0.0012754301252791349,
      -0.06476785758188906,
      0.002517318228679783,
      0.01329826322704536
    ],
    [
      0.08825913729275335,
      0.13070098956773335,
      -0.0012754301252791904,
      0.06476785758188913,
      -0.0025173182286797277,
      -0.013298263227045248
    ]
  ],
  "ranking_values": [
    0.08825913729275352,
    0.13070098956773335,
    0.0012754301252791904,
    0.06476785758188913,
    0.002517318228679783,
    0.01329826322704536
  ],
  "base_value": 0.7333630126321681,
  "max_abs_value": 0.13070098956773335
}