{
  "method": "shap",
  "values": [
    0.10728702842497456,
    0.002220672018320323,
    0.035275410304068666,
    0.04146322273349571,
    0.03926863554878975,
    0.040639774626827274
  ],
  "class_values": [
    [
      -0.10728702842497453,
      -0.002220672018320245,
      -0.03527541030406884,
      -0.04146322273349571,
      -0.03926863554878967,
      -0.0406397746268273
    ],
    [
      0.10728702842497456,
      0.002220672018320323,
      0.035275410304068666,
      0.04146322273349571,
      0.03926863554878975,
      0.040639774626827274
    ]
  ],
  "ranking_values": [
    0.10728702842497456,
    0.002220672018320323,
    0.03527541030406884,
    0.04146322273349571,
    0.03926863554878975,
    0.0406397746268273
  ],
  "base_value": 0.7333630126321681,
  "max_abs_value": 0.10728702842497456
}