{
  "method": "shap",
  "values": [
    0.10876461542017524,
    0.02093317793270285,
    0.006567376493866759,
    -0.007296550453949862,
    0.11426975401453561,
    0.020488898774645603
  ],
  "class_values": [
    [
      -0.10876461542017529,
      -0.020933177932702766,
      -0.006567376493866787,
      0.00729655045394982,
      -0.11426975401453555,
      -0.020488898774645603
    ],
    [
      0.10876461542017524,
      0.02093317793270285,
      0.006567376493866759,
      -0.007296550453949862,
      0.11426975401453561,
      0.020488898774645603
    ]
  ],
  "ranking_values": [
    0.10876461542017529,
    0.02093317793270285,
    0.006567376493866787,
    0.007296550453949862,
    0.11426975401453561,
    0.020488898774645603
  ],
  "base_value": 0.7360799208534508,
  "max_abs_value": 0.11426975401453561
}