{
  "method": "shap",
  "values": [
    -0.15060628193294837,
    -0.009414803487879675,
    -0.13939493236738024,
    -0.1675408720603405,
    -0.16646018425972822,
    -0.036669654598618706
  ],
  "class_values": [
    [
      0.15060628193294845,
      0.009414803487879752,
      0.1393949323673802,
      0.1675408720603404,
      0.16646018425972822,
      0.036669654598618595
    ],
    [
      -0.15060628193294837,
      -0.009414803487879675,
      -0.13939493236738024,
      -0.1675408720603405,
      -0.16646018425972822,
      -0.036669654598618706
    ]
  ],
  "ranking_values": [
    0.15060628193294845,
    0.009414803487879752,
    0.13939493236738024,
    0.1675408720603405,
    0.16646018425972822,
    0.036669654598618706
  ],
  "base_value": 0.7333630126321681,
  "max_abs_value": 0.1675408720603405
}