{
  "method": "shap",
  "values": [
    -0.43812498225471036,
    -0.07899439036442137,
    -0.14042199530688088,
    -0.0015673509898656772,
    0.052113229904826926,
    -0.09928066991504347
  ],
  "class_values": [
    [
      0.43812498225471036,
      0.07899439036442137,
      0.1404219953068809,
      0.0015673509898656878,
      -0.05211322990482698,
      0.09928066991504358
    ],
    [
      -0.43812498225471036,
      -0.07899439036442137,
      -0.14042199530688088,
      -0.0015673509898656772,
      0.052113229904826926,
      -0.09928066991504347
    ]
  ],
  "ranking_values": [
    0.43812498225471036,
    0.07899439036442137,
    0.1404219953068809,
    0.0015673509898656878,
    0.05211322990482698,
    0.09928066991504358
  ],
  "base_value": 0.7333630126321681,
  "max_abs_value": 0.43812498225471036
}