{
  "method": "shap",
  "values": [
    -0.1711942020845824,
    -0.010549794915760583,
    0.18920769058659906,
    0.09062068485747654,
    0.028751860785014908,
    0.1297373562560672
  ],
  "class_values": [
    [
      0.1711942020845824,
      0.010549794915760606,
      -0.18920769058659903,
      -0.09062068485747657,
      -0.02875186078501494,
      -0.12973735625606725
    ],
    [
      -0.1711942020845824,
      -0.010549794915760583,
      0.18920769058659906,
      0.09062068485747654,
      0.028751860785014908,
      0.1297373562560672
    ]
  ],
  "ranking_values": [
    0.1711942020845824,
    0.010549794915760606,
    0.18920769058659906,
    0.09062068485747657,
    0.02875186078501494,
    0.12973735625606725
  ],
  "base_value": 0.7405368775632675,
  "max_abs_value": 0.18920769058659906
}