{
  "method": "shap",
  "values": [
    0.040963478128467394,
    -0.11026002425319176,
    -0.06916205231833772,
    -0.1538774239685677,
    -0.22673424531503283,
    -0.2093093936916307
  ],
  "class_values": [
    [
      -0.040963478128467394,
      0.11026002425319176,
      0.06916205231833772,
      0.1538774239685677,
      0.22673424531503283,
      0.2093093936916307
    ],
    [
      0.040963478128467394,
      -0.11026002425319176,
      -0.06916205231833772,
      -0.1538774239685677,
      -0.22673424531503283,
      -0.2093093936916307
    ]
  ],
  "ranking_values": [
    0.040963478128467394,
    0.11026002425319176,
    0.06916205231833772,
    0.1538774239685677,
    0.22673424531503283,
    0.2093093936916307
  ],
  "base_value": 0.7333630126321681,
  "max_abs_value": 0.22673424531503283
}