{
  "method": "shap",
  "values": [
    -0.29022771946376463,
    0.028774635513912312,
    0.18980370310054034,
    0.3339277482125267,
    -0.0973126875867076,
    0.10006113038844855
  ],
  "class_values": [
    [
      0.29022771946376474,
      -0.028774635513912364,
      -0.1898037031005403,
      -0.3339277482125267,
      0.09731268758670747,
      -0.10006113038844855
    ],
    [
      -0.29022771946376463,
      0.028774635513912312,
      0.18980370310054034,
      0.3339277482125267,
      -0.0973126875867076,
      0.10006113038844855
    ]
  ],
  "ranking_values": [
    0.29022771946376474,
    0.028774635513912364,
    0.18980370310054034,
    0.3339277482125267,
    0.0973126875867076,
    0.10006113038844855
  ],
  "base_value": 0.7333630126321681,
  "max_abs_value": 0.3339277482125267
}