{
  "method": "shap",
  "values": [
    -0.4032658450269584,
    0.01874656070523323,
    -0.08112339312734271,
    0.029038785527467234,
    -0.041192821155305454,
    -0.2496737852786668
  ],
  "class_values": [
    [
      0.4032658450269584,
      -0.018746560705233173,
      0.08112339312734274,
      -0.02903878552746729,
      0.04119282115530551,
      0.24967378527866668
    ],
    [
      -0.4032658450269584,
      0.01874656070523323,
      -0.08112339312734271,
      0.029038785527467234,
      -0.041192821155305454,
      -0.2496737852786668
    ]
  ],
  "ranking_values": [
    0.4032658450269584,
    0.01874656070523323,
    0.08112339312734274,
    0.02903878552746729,
    0.04119282115530551,
    0.2496737852786668
  ],
  "base_value": 0.7360799208534508,
  "max_abs_value": 0.4032658450269584
}