{
  "method": "shap",
  "values": [
    0.03927756365258735,
    -0.013025991612001691,
    0.007696661203624992,
    0.0027743311876694513,
    -0.005012805086658537,
    0.21001016542005357
  ],
  "class_values": [
    [
      -0.03927756365258729,
      0.013025991612001667,
      -0.007696661203624975,
      -0.0027743311876694708,
      0.005012805086658554,
      -0.21001016542005363
    ],
    [
      0.03927756365258735,
      -0.013025991612001691,
      0.007696661203624992,
      0.0027743311876694513,
      -0.005012805086658537,
      0.21001016542005357
    ]
  ],
  "ranking_values": [
    0.03927756365258735,
    0.013025991612001691,
    0.007696661203624992,
    0.0027743311876694708,
    0.005012805086658554,
    0.21001016542005363
  ],
  "base_value": 0.7360799208534508,
  "max_abs_value": 0.21001016542005357
}