{
  "method": "shap",
  "values": [
    -0.2610234365086594,
    -0.26179224005790486,
    -0.03251373027723818,
    -0.06085847486132701,
    -0.058845576792210884,
    -0.05832955393804751
  ],
  "class_values": [
    [
      0.26102343650865933,
      0.26179224005790475,
      0.0325137302772382,
      0.06085847486132709,
      0.05884557679221078,
      0.05832955393804751
    ],
    [
      -0.2610234365086594,
      -0.26179224005790486,
      -0.03251373027723818,
      -0.06085847486132701,
      -0.058845576792210884,
      -0.05832955393804751
    ]
  ],
  "ranking_values": [
    0.2610234365086594,
    0.26179224005790486,
    0.0325137302772382,
    0.06085847486132709,
    0.058845576792210884,
    0.05832955393804751
  ],
  "base_value": 0.7333630126321681,
  "max_abs_value": 0.26179224005790486
}