{
  "method": "shap",
  "values": [
    -0.0632052539476643,
    -0.001632705405641707,
    0.3447221946298097,
    0.05694891167370336,
    -0.05662784516523536,
    -0.02074218982221232
  ],
  "class_values": [
    [
      0.06320525394766423,
      0.0016327054056417003,
      -0.34472219462980963,
      -0.05694891167370331,
      0.05662784516523526,
      0.020742189822212265
    ],
    [
      -0.0632052539476643,
      -0.001632705405641707,
      0.3447221946298097,
      0.05694891167370336,
      -0.05662784516523536,
      -0.02074218982221232
    ]
  ],
  "ranking_values": [
    0.0632052539476643,
    0.001632705405641707,
    0.3447221946298097,
    0.05694891167370336,
    0.05662784516523536,
    0.02074218982221232
  ],
  "base_value": 0.7405368775632675,
  "max_abs_value": 0.3447221946298097
}