{
  "method": "shap",
  "values": [
    0.027548188831165586,
    -0.6146039857949663,
    -0.066068500138214,
    -0.07981875976855997,
    0.01764627236891118,
    -0.015399325904370764
  ],
  "class_values": [
    [
      -0.027548188831165586,
      0.6146039857949663,
      0.06606850013821394,
      0.07981875976855989,
      -0.01764627236891118,
      0.015399325904370764
    ],
    [
      0.027548188831165586,
      -0.6146039857949663,
      -0.066068500138214,
      -0.07981875976855997,
      0.01764627236891118,
      -0.015399325904370764
    ]
  ],
  "ranking_values": [
    0.027548188831165586,
    0.6146039857949663,
    0.066068500138214,
    0.07981875976855997,
    0.01764627236891118,
    0.015399325904370764
  ],
  "base_value": 0.7333630126321681,
  "max_abs_value": 0.6146039857949663
}