{
  "method": "shap",
  "values": [
    0.11766518302807619,
    0.12955547944812582,
    -0.03705644152546043,
    0.04622121254882333,
    0.011948921934934664,
    -0.025473453358288767
  ],
  "class_values": [
    [
      -0.11766518302807627,
      -0.12955547944812573,
      0.03705644152546053,
      -0.04622121254882348,
      -0.01194892193493459,
      0.02547345335828871
    ],
    [
      0.11766518302807619,
      0.12955547944812582,
      -0.03705644152546043,
      0.04622121254882333,
      0.011948921934934664,
      -0.025473453358288767
    ]
  ],
  "ranking_values": [
    0.11766518302807627,
    0.12955547944812582,
    0.03705644152546053,
    0.04622121254882348,
    0.011948921934934664,
    0.025473453358288767
  ],
  "base_value": 0.7333630126321681,
  "max_abs_value": 0.12955547944812582
}