{
  "method": "shap",
  "values": [
    -0.13877959548678045,
    -0.06556565754776313,
    -0.12215780482434581,
    -0.2164832638912941,
    -0.0038677460777600307,
    -0.19343343287782366
  ],
  "class_values": [
    [
      0.13877959548678037,
      0.06556565754776322,
      0.12215780482434585,
      0.2164832638912941,
      0.0038677460777599725,
      0.19343343287782366
    ],
    [
      -0.13877959548678045,
      -0.06556565754776313,
      -0.12215780482434581,
      -0.2164832638912941,
      -0.0038677460777600307,
      -0.19343343287782366
    ]
  ],
  "ranking_values": [
    0.13877959548678045,
    0.06556565754776322,
    0.12215780482434585,
    0.2164832638912941,
    0.0038677460777600307,
    0.19343343287782366
  ],
  "base_value": 0.7405368775632675,
  "max_abs_value": 0.2164832638912941
}