{
  "method": "shap",
  "values": [
    0.07696839946589656,
    0.17111186907071932,
    -0.049883181160519825,
    0.12277495785260367,
    -0.0015358314178417704,
    -0.0573975242948318
  ],
  "class_values": [
    [
      -0.07696839946589656,
      -0.17111186907071926,
      0.04988318116051988,
      -0.1227749578526037,
      0.001535831417841826,
      0.05739752429483169
    ],
    [
      0.07696839946589656,
      0.17111186907071932,
      -0.049883181160519825,
      0.12277495785260367,
      -0.0015358314178417704,
      -0.0573975242948318
    ]
  ],
  "ranking_values": [
    0.07696839946589656,
    0.17111186907071932,
    0.04988318116051988,
    0.1227749578526037,
    0.001535831417841826,
    0.0573975242948318
  ],
  "base_value": 0.7333630126321681,
  "max_abs_value": 0.17111186907071932
}