{
  "method": "shap",
  "values": [
    -0.12448122160782435,
    -0.4597954539009965,
    0.07676166127921932,
    -0.08717081393206054,
    -0.12379241777497957,
    -0.013920688483636146
  ],
  "class_values": [
    [
      0.12448122160782431,
      0.45979545390099635,
      -0.07676166127921936,
      0.08717081393206068,
      0.12379241777497958,
      0.013920688483636146
    ],
    [
      -0.12448122160782435,
      -0.4597954539009965,
      0.07676166127921932,
      -0.08717081393206054,
      -0.12379241777497957,
      -0.013920688483636146
    ]
  ],
  "ranking_values": [
    0.12448122160782435,
    0.4597954539009965,
    0.07676166127921936,
    0.08717081393206068,
    0.12379241777497958,
    0.013920688483636146
  ],
  "base_value": 0.7333630126321681,
  "max_abs_value": 0.4597954539009965
}