{
  "method": "shap",
  "values": [
    0.11762138377603851,
    -0.04884122388472565,
    0.014738544830576012,
    -0.0043881398628274025,
    0.14695996604314465,
    0.03782954824434312
  ],
  "class_values": [
    [
      -0.11762138377603862,
      0.04884122388472582,
      -0.014738544830576019,
      0.004388139862827367,
      -0.14695996604314446,
      -0.03782954824434334
    ],
    [
      0.11762138377603851,
      -0.04884122388472565,
      0.014738544830576012,
      -0.0043881398628274025,
      0.14695996604314465,
      0.03782954824434312
    ]
  ],
  "ranking_values": [
    0.11762138377603862,
    0.04884122388472582,
    0.014738544830576019,
    0.0043881398628274025,
    0.14695996604314465,
    0.03782954824434334
  ],
  "base_value": 0.7360799208534508,
  "max_abs_value": 0.14695996604314465
}