{
  "method": "shap",
  "values": [
    -0.23548988538193733,
    -0.1063032620567466,
    -0.08296638421281292,
    -0.16096964111525325,
    -0.05517156897839832,
    -0.08793643826870556
  ],
  "class_values": [
    [
      0.23548988538193733,
      0.1063032620567466,
      0.08296638421281292,
      0.16096964111525325,
      0.05517156897839832,
      0.08793643826870556
    ],
    [
      -0.23548988538193733,
      -0.1063032620567466,
      -0.08296638421281292,
      -0.16096964111525325,
      -0.05517156897839832,
      -0.08793643826870556
    ]
  ],
  "ranking_values": [
    0.23548988538193733,
    0.1063032620567466,
    0.08296638421281292,
    0.16096964111525325,
    0.05517156897839832,
    0.08793643826870556
  ],
  "base_value": 0.7333630126321681,
  "max_abs_value": 0.23548988538193733
}