{
  "method": "shap",
  "values": [
    -0.56686770397097,
    -0.06561961504212364,
    -0.09901029135171695,
    0.03006039043275227,
    0.01754341161412927,
    -0.05662594990293546
  ],
  "class_values": [
    [
      0.5668677039709697,
      0.06561961504212376,
      0.09901029135171695,
      -0.030060390432752326,
      -0.01754341161412927,
      0.05662594990293546
    ],
    [
      -0.56686770397097,
      -0.06561961504212364,
      -0.09901029135171695,
      0.03006039043275227,
      0.01754341161412927,
      -0.05662594990293546
    ]
  ],
  "ranking_values": [
    0.56686770397097,
    0.06561961504212376,
    0.09901029135171695,
    0.030060390432752326,
    0.01754341161412927,
    0.05662594990293546
  ],
  "base_value": 0.7405368775632675,
  "max_abs_value": 0.56686770397097
}