{
  "method": "shap",
  "values": [
    -0.3461285547448296,
    -0.018315368105027652,
    -0.1311320479907475,
    -0.15515018421689472,
    -0.053240612524294476,
    -0.03170504622904158
  ],
  "class_values": [
    [
      0.3461285547448296,
      0.01831536810502782,
      0.1311320479907475,
      0.1551501842168945,
      0.053240612524294476,
      0.03170504622904169
    ],
    [
      -0.3461285547448296,
      -0.018315368105027652,
      -0.1311320479907475,
      -0.15515018421689472,
      -0.053240612524294476,
      -0.03170504622904158
    ]
  ],
  "ranking_values": [
    0.3461285547448296,
    0.01831536810502782,
    0.1311320479907475,
    0.15515018421689472,
    0.053240612524294476,
    0.03170504622904169
  ],
  "base_value": 0.7360799208534508,
  "max_abs_value": 0.3461285547448296
}