{
  "method": "shap",
  "values": [
    -0.29927495288086886,
    -0.42298687668927754,
    0.04893674812520373,
    -0.07856558741259773,
    -0.040163902097262165,
    0.058172632877084185
  ],
  "class_values": [
    [
      0.299274952880869,
      0.42298687668927754,
      -0.04893674812520379,
      0.07856558741259745,
      0.040163902097262165,
      -0.058172632877084074
    ],
    [
      -0.29927495288086886,
      -0.42298687668927754,
      0.04893674812520373,
      -0.07856558741259773,
      -0.040163902097262165,
      0.058172632877084185
    ]
  ],
  "ranking_values": [
    0.299274952880869,
    0.42298687668927754,
    0.04893674812520379,
    0.07856558741259773,
    0.040163902097262165,
    0.058172632877084185
  ],
  "base_value": 0.7360799208534508,
  "max_abs_value": 0.42298687668927754
}