{
  "method": "shap",
  "values": [
    0.0042855756449420935,
    -0.0024311517845658974,
    -0.24815381656935628,
    -0.15967006112696822,
    -0.2274769471619437,
    -0.059058457132521
  ],
  "class_values": [
    [
      -0.0042855756449420935,
      0.002431151784565842,
      0.24815381656935617,
      0.15967006112696827,
      0.2274769471619437,
      0.059058457132521114
    ],
    [
      0.0042855756449420935,
      -0.0024311517845658974,
      -0.24815381656935628,
      -0.15967006112696822,
      -0.2274769471619437,
      -0.059058457132521
    ]
  ],
  "ranking_values": [
    0.0042855756449420935,
    0.0024311517845658974,
    0.24815381656935628,
    0.15967006112696827,
    0.2274769471619437,
    0.059058457132521114
  ],
  "base_value": 0.7333630126321681,
  "max_abs_value": 0.24815381656935628
}