{
  "method": "shap",
  "values": [
    -0.3386317767581588,
    -0.02810579447067747,
    -0.10590961997307831,
    -0.1831159469099192,
    -0.011166835288514716,
    -0.0522155725013661
  ],
  "class_values": [
    [
      0.3386317767581589,
      0.028105794470677525,
      0.10590961997307825,
      0.1831159469099192,
      0.011166835288514605,
      0.0522155725013661
    ],
    [
      -0.3386317767581588,
      -0.02810579447067747,
      -0.10590961997307831,
      -0.1831159469099192,
      -0.011166835288514716,
      -0.0522155725013661
    ]
  ],
  "ranking_values": [
    0.3386317767581589,
    0.028105794470677525,
    0.10590961997307831,
    0.1831159469099192,
    0.011166835288514716,
    0.0522155725013661
  ],
  "base_value": 0.7333630126321681,
  "max_abs_value": 0.3386317767581588
}