{
  "method": "shap",
  "values": [
    -0.028701188416397752,
    8.66970498334812e-05,
    -0.033944657338581055,
    -0.07632549644293629,
    -0.677590077222695,
    0.08039480151732759
  ],
  "class_values": [
    [
      0.028701188416397752,
      -8.66970498334812e-05,
      0.033944657338581055,
      0.0763254964429364,
      0.677590077222695,
      -0.0803948015173277
    ],
    [
      -0.028701188416397752,
      8.66970498334812e-05,
      -0.033944657338581055,
      -0.07632549644293629,
      -0.677590077222695,
      0.08039480151732759
    ]
  ],
  "ranking_values": [
    0.028701188416397752,
    8.66970498334812e-05,
    0.033944657338581055,
    0.0763254964429364,
    0.677590077222695,
    0.0803948015173277
  ],
  "base_value": 0.7360799208534508,
  "max_abs_value": 0.677590077222695
}