{
  "method": "shap",
  "values": [
    0.0978144360353172,
    0.05319970387741316,
    0.0647389936696364,
    -0.06353477306538281,
    0.06007759076391961,
    0.043594142232824706
  ],
  "class_values": [
    [
      -0.09781443603531709,
      -0.05319970387741311,
      -0.06473899366963634,
      0.06353477306538274,
      -0.060077590763919615,
      -0.04359414223282487
    ],
    [
      0.0978144360353172,
      0.05319970387741316,
      0.0647389936696364,
      -0.06353477306538281,
      0.06007759076391961,
      0.043594142232824706
    ]
  ],
  "ranking_values": [
    0.0978144360353172,
    0.05319970387741316,
    0.0647389936696364,
    0.06353477306538281,
    0.060077590763919615,
    0.04359414223282487
  ],
  "base_value": 0.7360799208534508,
  "max_abs_value": 0.0978144360353172
}