{
  "method": "shap",
  "values": [
    0.05117309180640482,
    0.01511022854195306,
    0.032605065415710205,
    -0.002220375206691732,
    -0.04260712618086323,
    0.09575173385420999
  ],
  "class_values": [
    [
      -0.051173091806404856,
      -0.015110228541953106,
      -0.03260506541571014,
      0.002220375206691693,
      0.0426071261808633,
      -0.09575173385421004
    ],
    [
      0.05117309180640482,
      0.01511022854195306,
      0.032605065415710205,
      -0.002220375206691732,
      -0.04260712618086323,
      0.09575173385420999
    ]
  ],
  "ranking_values": [
    0.051173091806404856,
    0.015110228541953106,
    0.032605065415710205,
    0.002220375206691732,
    0.0426071261808633,
    0.09575173385421004
  ],
  "base_value": 0.7405368775632675,
  "max_abs_value": 0.09575173385420999
}