{
  "method": "shap",
  "values": [
    0.029225948072102804,
    -0.236399795556989,
    -0.043276868451465965,
    -0.171095012607421,
    -0.3294961290584813,
    0.05690767962099419
  ],
  "class_values": [
    [
      -0.029225948072102693,
      0.2363997955569889,
      0.04327686845146591,
      0.17109501260742083,
      0.3294961290584814,
      -0.05690767962099419
    ],
    [
      0.029225948072102804,
      -0.236399795556989,
      -0.043276868451465965,
      -0.171095012607421,
      -0.3294961290584813,
      0.05690767962099419
    ]
  ],
  "ranking_values": [
    0.029225948072102804,
    0.236399795556989,
    0.043276868451465965,
    0.171095012607421,
    0.3294961290584814,
    0.05690767962099419
  ],
  "base_value": 0.7360799208534508,
  "max_abs_value": 0.3294961290584813
}