{
  "method": "shap",
  "values": [
    0.047426062712854246,
    0.021757620073548294,
    0.04463949447395619,
    0.019915825954186,
    0.17014748786323844,
    -0.03878398691880525
  ],
  "class_values": [
    [
      -0.04742606271285416,
      -0.021757620073548294,
      -0.044639494473956216,
      -0.019915825954185944,
      -0.1701474878632385,
      0.038783986918805136
    ],
    [
      0.047426062712854246,
      0.021757620073548294,
      0.04463949447395619,
      0.019915825954186,
      0.17014748786323844,
      -0.03878398691880525
    ]
  ],
  "ranking_values": [
    0.047426062712854246,
    0.021757620073548294,
    0.044639494473956216,
    0.019915825954186,
    0.1701474878632385,
    0.03878398691880525
  ],
  "base_value": 0.7333630126321681,
  "max_abs_value": 0.17014748786323844
}