{
  "method": "shap",
  "values": [
    -0.019740496609132928,
    0.18964683958489936,
    0.03171889350991031,
    0.0869583582412259,
    -0.005481984097888073,
    -0.01646481018799012
  ],
  "class_values": [
    [
      0.019740496609133004,
      -0.18964683958489933,
      -0.03171889350991029,
      -0.08695835824122596,
      0.005481984097888023,
      0.01646481018799012
    ],
    [
      -0.019740496609132928,
      0.18964683958489936,
      0.03171889350991031,
      0.0869583582412259,
      -0.005481984097888073,
      -0.01646481018799012
    ]
  ],
  "ranking_values": [
    0.019740496609133004,
    0.18964683958489936,
    0.03171889350991031,
    0.08695835824122596,
    0.005481984097888073,
    0.01646481018799012
  ],
  "base_value": 0.7333630126321681,
  "max_abs_value": 0.18964683958489936
}