{
  "method": "shap",
  "values": [
    -0.0018832388670905124,
    -0.05238888240022382,
    0.09831268659789959,
    0.02384148778469104,
    0.05556476047118763,
    0.09120501543281945
  ],
  "class_values": [
    [
      0.001883238867090627,
      0.05238888240022376,
      -0.09831268659789955,
      -0.02384148778469114,
      -0.05556476047118759,
      -0.09120501543281948
    ],
    [
      -0.0018832388670905124,
      -0.05238888240022382,
      0.09831268659789959,
      0.02384148778469104,
      0.05556476047118763,
      0.09120501543281945
    ]
  ],
  "ranking_values": [
    0.001883238867090627,
    0.05238888240022382,
    0.09831268659789959,
    0.02384148778469114,
    0.05556476047118763,
    0.09120501543281948
  ],
  "base_value": 0.7333630126321681,
  "max_abs_value": 0.09831268659789959
}