{
  "method": "shap",
  "values": [
    -0.03396928861610225,
    -0.00667282999794104,
    -0.06302804602379757,
    -0.293390092068592,
    -0.11127532981673309,
    -0.2311288760840856
  ],
  "class_values": [
    [
      0.03396928861610231,
      0.00667282999794104,
      0.06302804602379757,
      0.293390092068592,
      0.11127532981673303,
      0.2311288760840856
    ],
    [
      -0.03396928861610225,
      -0.00667282999794104,
      -0.06302804602379757,
      -0.293390092068592,
      -0.11127532981673309,
      -0.2311288760840856
    ]
  ],
  "ranking_values": [
    0.03396928861610231,
    0.00667282999794104,
    0.06302804602379757,
    0.293390092068592,
    0.11127532981673309,
    0.2311288760840856
  ],
  "base_value": 0.7405368775632675,
  "max_abs_value": 0.293390092068592
}