{
  "method": "shap",
  "values": [
    0.012288868552525157,
    0.10200448119759109,
    0.035873798985473784,
    -0.06965300201727882,
    0.051414716298013356,
    0.12459108459709245
  ],
  "class_values": [
    [
      -0.01228886855252502,
      -0.10200448119759117,
      -0.03587379898547384,
      0.06965300201727888,
      -0.05141471629801341,
      -0.1245910845970925
    ],
    [
      0.012288868552525157,
      0.10200448119759109,
      0.035873798985473784,
      -0.06965300201727882,
      0.051414716298013356,
      0.12459108459709245
    ]
  ],
  "ranking_values": [
    0.012288868552525157,
    0.10200448119759117,
    0.03587379898547384,
    0.06965300201727888,
    0.05141471629801341,
    0.1245910845970925
  ],
  "base_value": 0.7405368775632675,
  "max_abs_value": 0.12459108459709245
}