{
  "method": "shap",
  "values": [
    -0.04990016334549245,
    -0.3921557522158562,
    -0.059279718304573445,
    -0.07269374903825673,
    0.00702283309087298,
    -0.16635289581264778
  ],
  "class_values": [
    [
      0.04990016334549245,
      0.3921557522158563,
      0.05927971830457339,
      0.07269374903825679,
      -0.007022833090873036,
      0.16635289581264778
    ],
    [
      -0.04990016334549245,
      -0.3921557522158562,
      -0.059279718304573445,
      -0.07269374903825673,
      0.00702283309087298,
      -0.16635289581264778
    ]
  ],
  "ranking_values": [
    0.04990016334549245,
    0.3921557522158563,
    0.059279718304573445,
    0.07269374903825679,
    0.007022833090873036,
    0.16635289581264778
  ],
  "base_value": 0.7333630126321681,
  "max_abs_value": 0.3921557522158562
}