{
  "method": "shap",
  "values": [
    -0.05220676188713898,
    -0.5142332171771954,
    0.0033161352547031336,
    -0.13211976545881368,
    -0.02723032546929967,
    -0.010881195576088576
  ],
  "class_values": [
    [
      0.05220676188713896,
      0.5142332171771953,
      -0.0033161352547032103,
      0.13211976545881388,
      0.027230325469299665,
      0.010881195576088687
    ],
    [
      -0.05220676188713898,
      -0.5142332171771954,
      0.0033161352547031336,
      -0.13211976545881368,
      -0.02723032546929967,
      -0.010881195576088576
    ]
  ],
  "ranking_values": [
    0.05220676188713898,
    0.5142332171771954,
    0.0033161352547032103,
    0.13211976545881388,
    0.02723032546929967,
    0.010881195576088687
  ],
  "base_value": 0.7333630126321681,
  "max_abs_value": 0.5142332171771954
}