{
  "method": "shap",
  "values": [
    0.08712405426919587,
    0.17647721065233576,
    -0.012099903558120774,
    0.04672182771824293,
    -0.015457009856637623,
    -0.03678372728081175
  ],
  "class_values": [
    [
      -0.0871240542691959,
      -0.17647721065233565,
      0.012099903558120736,
      -0.046721827718242855,
      0.015457009856637621,
      0.03678372728081164
    ],
    [
      0.08712405426919587,
      0.17647721065233576,
      -0.012099903558120774,
      0.04672182771824293,
      -0.015457009856637623,
      -0.03678372728081175
    ]
  ],
  "ranking_values": [
    0.0871240542691959,
    0.17647721065233576,
    0.012099903558120774,
    0.04672182771824293,
    0.015457009856637623,
    0.03678372728081175
  ],
  "base_value": 0.7333630126321681,
  "max_abs_value": 0.17647721065233576
}