{
  "method": "shap",
  "values": [
    0.14719010753063258,
    0.10161440348580082,
    -0.06082423866531656,
    -0.01083865216644396,
    -0.0011692522867703446,
    -0.011650472765377395
  ],
  "class_values": [
    [
      -0.1471901075306326,
      -0.10161440348580084,
      0.060824238665316534,
      0.010838652166443943,
      0.0011692522867704238,
      0.011650472765377395
    ],
    [
      0.14719010753063258,
      0.10161440348580082,
      -0.06082423866531656,
      -0.01083865216644396,
      -0.0011692522867703446,
      -0.011650472765377395
    ]
  ],
  "ranking_values": [
    0.1471901075306326,
    0.10161440348580084,
    0.06082423866531656,
    0.01083865216644396,
    0.0011692522867704238,
    0.011650472765377395
  ],
  "base_value": 0.7333630126321681,
  "max_abs_value": 0.14719010753063258
}