{
  "method": "shap",
  "values": [
    -0.12177733762186808,
    -0.15912780911956356,
    -0.0585101638872717,
    -0.18521276061107209,
    0.012896266303346346,
    -0.22432372248413934
  ],
  "class_values": [
    [
      0.12177733762186811,
      0.15912780911956345,
      0.058510163887271725,
      0.18521276061107209,
      -0.012896266303346346,
      0.22432372248413934
    ],
    [
      -0.12177733762186808,
      -0.15912780911956356,
      -0.0585101638872717,
      -0.18521276061107209,
      0.012896266303346346,
      -0.22432372248413934
    ]
  ],
  "ranking_values": [
    0.12177733762186811,
    0.15912780911956356,
    0.058510163887271725,
    0.18521276061107209,
    0.012896266303346346,
    0.22432372248413934
  ],
  "base_value": 0.7360799208534508,
  "max_abs_value": 0.22432372248413934
}