{
  "method": "shap",
  "values": [
    0.11189337322654556,
    0.12347123689923291,
    0.0086001701849431,
    0.028567744614592536,
    -0.002417087777411891,
    -0.003504829469769266
  ],
  "class_values": [
    [
      -0.11189337322654559,
      -0.12347123689923296,
      -0.008600170184942954,
      -0.028567744614592598,
      0.0024170877774118684,
      0.0035048294697693216
    ],
    [
      0.11189337322654556,
      0.12347123689923291,
      0.0086001701849431,
      0.028567744614592536,
      -0.002417087777411891,
      -0.003504829469769266
    ]
  ],
  "ranking_values": [
    0.11189337322654559,
    0.12347123689923296,
    0.0086001701849431,
    0.028567744614592598,
    0.002417087777411891,
    0.0035048294697693216
  ],
  "base_value": 0.7333630126321681,
  "max_abs_value": 0.12347123689923291
}