{
  "method": "shap",
  "values": [
    0.02232476990783912,
    0.3043980011212792,
    -0.05239976842442138,
    0.06744223063335106,
    0.017060894448792583,
    -0.09489028298455487
  ],
  "class_values": [
    [
      -0.02232476990783914,
      -0.3043980011212793,
      0.05239976842442145,
      -0.06744223063335099,
      -0.01706089444879269,
      0.09489028298455493
    ],
    [
      0.02232476990783912,
      0.3043980011212792,
      -0.05239976842442138,
      0.06744223063335106,
      0.017060894448792583,
      -0.09489028298455487
    ]
  ],
  "ranking_values": [
    0.02232476990783914,
    0.3043980011212793,
    0.05239976842442145,
    0.06744223063335106,
    0.01706089444879269,
    0.09489028298455493
  ],
  "base_value": 0.7333630126321681,
  "max_abs_value": 0.3043980011212792
}