{
  "method": "shap",
  "values": [
    0.09292234479126579,
    0.012342186466231772,
    -0.011813156711863755,
    -0.05059258610818419,
    0.14465481889991602,
    0.06438353494588914
  ],
  "class_values": [
    [
      -0.09292234479126586,
      -0.012342186466231768,
      0.011813156711863696,
      0.050592586108184255,
      -0.14465481889991597,
      -0.06438353494588914
    ],
    [
      0.09292234479126579,
      0.012342186466231772,
      -0.011813156711863755,
      -0.05059258610818419,
      0.14465481889991602,
      0.06438353494588914
    ]
  ],
  "ranking_values": [
    0.09292234479126586,
    0.012342186466231772,
    0.011813156711863755,
    0.050592586108184255,
    0.14465481889991602,
    0.06438353494588914
  ],
  "base_value": 0.7333630126321681,
  "max_abs_value": 0.14465481889991602
}