{
  "method": "shap",
  "values": [
    0.025921872431160002,
    0.12633976901359278,
    -0.06354452310048007,
    0.02448675842479754,
    0.12509604369317187,
    0.017368246771342855
  ],
  "class_values": [
    [
      -0.025921872431159912,
      -0.12633976901359273,
      0.0635445231004801,
      -0.024486758424797507,
      -0.12509604369317204,
      -0.01736824677134291
    ],
    [
      0.025921872431160002,
      0.12633976901359278,
      -0.06354452310048007,
      0.02448675842479754,
      0.12509604369317187,
      0.017368246771342855
    ]
  ],
  "ranking_values": [
    0.025921872431160002,
    0.12633976901359278,
    0.0635445231004801,
    0.02448675842479754,
    0.12509604369317204,
    0.01736824677134291
  ],
  "base_value": 0.7333630126321681,
  "max_abs_value": 0.12633976901359278
}