{
  "method": "shap",
  "values": [
    -0.3102142476600999,
    -0.38024450896585676,
    0.03624843872177489,
    -0.029183866734255694,
    0.02368035152146493,
    -0.07636604102400912
  ],
  "class_values": [
    [
      0.31021424766009986,
      0.3802445089658569,
      -0.036248438721774946,
      0.02918386673425575,
      -0.02368035152146515,
      0.07636604102400923
    ],
    [
      -0.3102142476600999,
      -0.38024450896585676,
      0.03624843872177489,
      -0.029183866734255694,
      0.02368035152146493,
      -0.07636604102400912
    ]
  ],
  "ranking_values": [
    0.3102142476600999,
    0.3802445089658569,
    0.036248438721774946,
    0.02918386673425575,
    0.02368035152146515,
    0.07636604102400923
  ],
  "base_value": 0.7360799208534508,
  "max_abs_value": 0.38024450896585676
}