{
  "method": "shap",
  "values": [
    -0.33441488127661134,
    0.0009502697048484461,
    0.1782025273310328,
    0.00628200030770126,
    0.03182413078190904,
    0.35757671669519614
  ],
  "class_values": [
    [
      0.3344148812766114,
      -0.0009502697048484639,
      -0.17820252733103278,
      -0.00628200030770125,
      -0.03182413078190896,
      -0.3575767166951963
    ],
    [
      -0.33441488127661134,
      0.0009502697048484461,
      0.1782025273310328,
      0.00628200030770126,
      0.03182413078190904,
      0.35757671669519614
    ]
  ],
  "ranking_values": [
    0.3344148812766114,
    0.0009502697048484639,
    0.1782025273310328,
    0.00628200030770126,
    0.03182413078190904,
    0.3575767166951963
  ],
  "base_value": 0.7360799208534508,
  "max_abs_value": 0.35757671669519614
}