{
  "method": "shap",
  "values": [
    0.1818276130790083,
    0.021551361802151742,
    0.032206793266212605,
    -0.0071292492615068394,
    0.006442030960461715,
    0.028647418532724123
  ],
  "class_values": [
    [
      -0.18182761307900822,
      -0.021551361802151652,
      -0.032206793266212605,
      0.007129249261506803,
      -0.006442030960461769,
      -0.028647418532724178
    ],
    [
      0.1818276130790083,
      0.021551361802151742,
      0.032206793266212605,
      -0.0071292492615068394,
      0.006442030960461715,
      0.028647418532724123
    ]
  ],
  "ranking_values": [
    0.1818276130790083,
    0.021551361802151742,
    0.032206793266212605,
    0.0071292492615068394,
    0.006442030960461769,
    0.028647418532724178
  ],
  "base_value": 0.7360799208534508,
  "max_abs_value": 0.1818276130790083
}