{
  "method": "shap",
  "values": [
    -0.14326640110633032,
    -0.09292776342304916,
    -0.030661115378589142,
    0.1967748150889232,
    0.03092201666655613,
    0.3057860609615376
  ],
  "class_values": [
    [
      0.1432664011063303,
      0.09292776342304916,
      0.030661115378589225,
      -0.19677481508892325,
      -0.030922016666556234,
      -0.30578606096153754
    ],
    [
      -0.14326640110633032,
      -0.09292776342304916,
      -0.030661115378589142,
      0.1967748150889232,
      0.03092201666655613,
      0.3057860609615376
    ]
  ],
  "ranking_values": [
    0.14326640110633032,
    0.09292776342304916,
    0.030661115378589225,
    0.19677481508892325,
    0.030922016666556234,
    0.3057860609615376
  ],
  "base_value": 0.7333630126321681,
  "max_abs_value": 0.3057860609615376
}