{
  "method": "shap",
  "values": [
    0.12613101060670895,
    -0.045917786985545425,
    0.012579089353507083,
    -0.005049679723395434,
    0.17289582652858024,
    0.0032816193666938
  ],
  "class_values": [
    [
      -0.12613101060670906,
      0.045917786985545585,
      -0.012579089353507095,
      0.0050496797233953675,
      -0.1728958265285801,
      -0.003281619366693911
    ],
    [
      0.12613101060670895,
      -0.045917786985545425,
      0.012579089353507083,
      -0.005049679723395434,
      0.17289582652858024,
      0.0032816193666938
    ]
  ],
  "ranking_values": [
    0.12613101060670906,
    0.045917786985545585,
    0.012579089353507095,
    0.005049679723395434,
    0.17289582652858024,
    0.003281619366693911
  ],
  "base_value": 0.7360799208534508,
  "max_abs_value": 0.17289582652858024
}