{
  "method": "shap",
  "values": [
    0.07654286570064524,
    0.10265409860015785,
    0.08609157161060353,
    0.015068475536130246,
    -0.02471748371027251,
    0.003823594428328192
  ],
  "class_values": [
    [
      -0.0765428657006452,
      -0.10265409860015785,
      -0.08609157161060355,
      -0.015068475536130197,
      0.02471748371027256,
      -0.003823594428328303
    ],
    [
      0.07654286570064524,
      0.10265409860015785,
      0.08609157161060353,
      0.015068475536130246,
      -0.02471748371027251,
      0.003823594428328192
    ]
  ],
  "ranking_values": [
    0.07654286570064524,
    0.10265409860015785,
    0.08609157161060355,
    0.015068475536130246,
    0.02471748371027256,
    0.003823594428328303
  ],
  "base_value": 0.7405368775632675,
  "max_abs_value": 0.10265409860015785
}