{
  "method": "shap",
  "values": [
    -0.11436473161735122,
    -0.0020611714225764488,
    0.09291348198245235,
    0.1272254897182065,
    0.06036529903933239,
    0.09537992166395615
  ],
  "class_values": [
    [
      0.1143647316173513,
      0.002061171422576447,
      -0.09291348198245229,
      -0.12722548971820652,
      -0.060365299039332444,
      -0.09537992166395626
    ],
    [
      -0.11436473161735122,
      -0.0020611714225764488,
      0.09291348198245235,
      0.1272254897182065,
      0.06036529903933239,
      0.09537992166395615
    ]
  ],
  "ranking_values": [
    0.1143647316173513,
    0.0020611714225764488,
    0.09291348198245235,
    0.12722548971820652,
    0.060365299039332444,
    0.09537992166395626
  ],
  "base_value": 0.7405368775632675,
  "max_abs_value": 0.1272254897182065
}