{
  "method": "shap",
  "values": [
    0.16784360871331222,
    -0.1026837304624777,
    -0.032798401958632095,
    0.15511874864592648,
    0.04383857319142897,
    0.012352415217807527
  ],
  "class_values": [
    [
      -0.16784360871331214,
      0.10268373046247764,
      0.032798401958632144,
      -0.1551187486459265,
      -0.04383857319142899,
      -0.012352415217807555
    ],
    [
      0.16784360871331222,
      -0.1026837304624777,
      -0.032798401958632095,
      0.15511874864592648,
      0.04383857319142897,
      0.012352415217807527
    ]
  ],
  "ranking_values": [
    0.16784360871331222,
    0.1026837304624777,
    0.032798401958632144,
    0.1551187486459265,
    0.04383857319142899,
    0.012352415217807555
  ],
  "base_value": 0.7333630126321681,
  "max_abs_value": 0.16784360871331222
}