{
  "method": "shap",
  "values": [
    -0.18033792268195803,
    0.15653328579174683,
    0.1636518009519419,
    -0.04749844168823761,
    0.13391583016644645,
    -0.11110909645913863
  ],
  "class_values": [
    [
      0.18033792268195808,
      -0.15653328579174688,
      -0.16365180095194187,
      0.047498441688237705,
      -0.13391583016644656,
      0.11110909645913863
    ],
    [
      -0.18033792268195803,
      0.15653328579174683,
      0.1636518009519419,
      -0.04749844168823761,
      0.13391583016644645,
      -0.11110909645913863
    ]
  ],
  "ranking_values": [
    0.18033792268195808,
    0.15653328579174688,
    0.1636518009519419,
    0.047498441688237705,
    0.13391583016644656,
    0.11110909645913863
  ],
  "base_value": 0.7360799208534508,
  "max_abs_value": 0.18033792268195803
}