{
  "method": "shap",
  "values": [
    -0.06581001893750664,
    0.022738157106089174,
    0.05342777877451067,
    -0.02078340777695222,
    0.08024878252533829,
    0.19662057420460127
  ],
  "class_values": [
    [
      0.0658100189375067,
      -0.022738157106089115,
      -0.05342777877451063,
      0.02078340777695207,
      -0.08024878252533832,
      -0.19662057420460125
    ],
    [
      -0.06581001893750664,
      0.022738157106089174,
      0.05342777877451067,
      -0.02078340777695222,
      0.08024878252533829,
      0.19662057420460127
    ]
  ],
  "ranking_values": [
    0.0658100189375067,
    0.022738157106089174,
    0.05342777877451067,
    0.02078340777695222,
    0.08024878252533832,
    0.19662057420460127
  ],
  "base_value": 0.7333630126321681,
  "max_abs_value": 0.19662057420460127
}