{
  "method": "shap",
  "values": [
    -0.08407309966490413,
    -0.5807081715143877,
    0.03352353625538756,
    -0.0459863344148225,
    0.0023778888573530938,
    -0.05849661530032302
  ],
  "class_values": [
    [
      0.0840730996649041,
      0.5807081715143877,
      -0.03352353625538758,
      0.04598633441482248,
      -0.002377888857352988,
      0.05849661530032313
    ],
    [
      -0.08407309966490413,
      -0.5807081715143877,
      0.03352353625538756,
      -0.0459863344148225,
      0.0023778888573530938,
      -0.05849661530032302
    ]
  ],
  "ranking_values": [
    0.08407309966490413,
    0.5807081715143877,
    0.03352353625538758,
    0.0459863344148225,
    0.0023778888573530938,
    0.05849661530032313
  ],
  "base_value": 0.7333630126321681,
  "max_abs_value": 0.5807081715143877
}