{
  "method": "shap",
  "values": [
    -0.12891238497910962,
    -0.07285063890150656,
    -0.11390540563793616,
    -0.15353430975691357,
    -0.08870953902949312,
    -0.1693449315545158
  ],
  "class_values": [
    [
      0.1289123849791097,
      0.07285063890150667,
      0.11390540563793611,
      0.15353430975691362,
      0.08870953902949312,
      0.1693449315545157
    ],
    [
      -0.12891238497910962,
      -0.07285063890150656,
      -0.11390540563793616,
      -0.15353430975691357,
      -0.08870953902949312,
      -0.1693449315545158
    ]
  ],
  "ranking_values": [
    0.1289123849791097,
    0.07285063890150667,
    0.11390540563793616,
    0.15353430975691362,
    0.08870953902949312,
    0.1693449315545158
  ],
  "base_value": 0.7360799208534508,
  "max_abs_value": 0.1693449315545158
}