{
  "method": "shap",
  "values": [
    0.13973317204999136,
    0.014032101387695067,
    0.01243840438974402,
    0.011130917829932955,
    0.0013079772253440035,
    0.0808073152524727
  ],
  "class_values": [
    [
      -0.1397331720499914,
      -0.014032101387695083,
      -0.012438404389744022,
      -0.011130917829932915,
      -0.00130797722534398,
      -0.0808073152524727
    ],
    [
      0.13973317204999136,
      0.014032101387695067,
      0.01243840438974402,
      0.011130917829932955,
      0.0013079772253440035,
      0.0808073152524727
    ]
  ],
  "ranking_values": [
    0.1397331720499914,
    0.014032101387695083,
    0.012438404389744022,
    0.011130917829932955,
    0.0013079772253440035,
    0.0808073152524727
  ],
  "base_value": 0.7360799208534508,
  "max_abs_value": 0.13973317204999136
}