{
  "method": "shap",
  "values": [
    -0.17350424708692194,
    -0.015369015303368514,
    -0.04958793503501369,
    -0.05778613822611829,
    -0.11148006309111329,
    -0.3259016865138794
  ],
  "class_values": [
    [
      0.17350424708692194,
      0.015369015303368504,
      0.04958793503501371,
      0.05778613822611823,
      0.11148006309111338,
      0.3259016865138793
    ],
    [
      -0.17350424708692194,
      -0.015369015303368514,
      -0.04958793503501369,
      -0.05778613822611829,
      -0.11148006309111329,
      -0.3259016865138794
    ]
  ],
  "ranking_values": [
    0.17350424708692194,
    0.015369015303368514,
    0.04958793503501371,
    0.05778613822611829,
    0.11148006309111338,
    0.3259016865138794
  ],
  "base_value": 0.7360799208534508,
  "max_abs_value": 0.3259016865138794
}