{
  "method": "shap",
  "values": [
    -0.11740917928319405,
    0.028167521613212922,
    0.0909608897803077,
    0.010794338129861547,
    0.08108006011326178,
    0.16923550173577728
  ],
  "class_values": [
    [
      0.11740917928319404,
      -0.028167521613212905,
      -0.09096088978030768,
      -0.010794338129861521,
      -0.08108006011326174,
      -0.1692355017357774
    ],
    [
      -0.11740917928319405,
      0.028167521613212922,
      0.0909608897803077,
      0.010794338129861547,
      0.08108006011326178,
      0.16923550173577728
    ]
  ],
  "ranking_values": [
    0.11740917928319405,
    0.028167521613212922,
    0.0909608897803077,
    0.010794338129861547,
    0.08108006011326178,
    0.1692355017357774
  ],
  "base_value": 0.7333630126321681,
  "max_abs_value": 0.16923550173577728
}