{
  "method": "shap",
  "values": [
    -0.0003150300811767412,
    -0.05316706471183326,
    -0.14459412378304867,
    -0.1078204283197352,
    -0.2178180980448502,
    -0.14577015458270948
  ],
  "class_values": [
    [
      0.00031503008117675444,
      0.05316706471183322,
      0.14459412378304873,
      0.10782042831973514,
      0.21781809804485036,
      0.14577015458270937
    ],
    [
      -0.0003150300811767412,
      -0.05316706471183326,
      -0.14459412378304867,
      -0.1078204283197352,
      -0.2178180980448502,
      -0.14577015458270948
    ]
  ],
  "ranking_values": [
    0.00031503008117675444,
    0.05316706471183326,
    0.14459412378304873,
    0.1078204283197352,
    0.21781809804485036,
    0.14577015458270948
  ],
  "base_value": 0.7360799208534508,
  "max_abs_value": 0.2178180980448502
}