{
  "method": "shap",
  "values": [
    0.0805150609402554,
    0.009739396357385464,
    0.07654818645673328,
    0.05357064202559431,
    0.07093672230446976,
    -0.02473851362996282
  ],
  "class_values": [
    [
      -0.08051506094025541,
      -0.009739396357385377,
      -0.07654818645673335,
      -0.05357064202559432,
      -0.07093672230446973,
      0.02473851362996282
    ],
    [
      0.0805150609402554,
      0.009739396357385464,
      0.07654818645673328,
      0.05357064202559431,
      0.07093672230446976,
      -0.02473851362996282
    ]
  ],
  "ranking_values": [
    0.08051506094025541,
    0.009739396357385464,
    0.07654818645673335,
    0.05357064202559432,
    0.07093672230446976,
    0.02473851362996282
  ],
  "base_value": 0.7333630126321681,
  "max_abs_value": 0.0805150609402554
}