{
  "method": "shap",
  "values": [
    -0.2265118605967649,
    -0.14081449718537112,
    -0.07599747964114448,
    0.02641595521388655,
    -0.018257077544997145,
    -0.20412959920747514
  ],
  "class_values": [
    [
      0.22651186059676487,
      0.14081449718537098,
      0.07599747964114457,
      -0.026415955213886486,
      0.018257077544997304,
      0.2041295992074751
    ],
    [
      -0.2265118605967649,
      -0.14081449718537112,
      -0.07599747964114448,
      0.02641595521388655,
      -0.018257077544997145,
      -0.20412959920747514
    ]
  ],
  "ranking_values": [
    0.2265118605967649,
    0.14081449718537112,
    0.07599747964114457,
    0.02641595521388655,
    0.018257077544997304,
    0.20412959920747514
  ],
  "base_value": 0.7360799208534508,
  "max_abs_value": 0.2265118605967649
}