{
  "method": "shap",
  "values": [
    -0.1795691344927201,
    -0.42105089762251735,
    -0.02271337980886136,
    -0.09199460891080644,
    -0.0106767859082263,
    -0.007349548083971369
  ],
  "class_values": [
    [
      0.17956913449272013,
      0.4210508976225173,
      0.022713379808861373,
      0.09199460891080645,
      0.010676785908226512,
      0.007349548083971258
    ],
    [
      -0.1795691344927201,
      -0.42105089762251735,
      -0.02271337980886136,
      -0.09199460891080644,
      -0.0106767859082263,
      -0.007349548083971369
    ]
  ],
  "ranking_values": [
    0.17956913449272013,
    0.42105089762251735,
    0.022713379808861373,
    0.09199460891080645,
    0.010676785908226512,
    0.007349548083971369
  ],
  "base_value": 0.7333630126321681,
  "max_abs_value": 0.42105089762251735
}