{
  "method": "shap",
  "values": [
    -0.005479759715242773,
    -0.4097319428051161,
    -0.057245701481820226,
    -0.1468687417875547,
    -0.03809596496711516,
    -0.06898252477419986
  ],
  "class_values": [
    [
      0.005479759715242675,
      0.40973194280511605,
      0.057245701481820295,
      0.14686874178755463,
      0.03809596496711538,
      0.06898252477419986
    ],
    [
      -0.005479759715242773,
      -0.4097319428051161,
      -0.057245701481820226,
      -0.1468687417875547,
      -0.03809596496711516,
      -0.06898252477419986
    ]
  ],
  "ranking_values": [
    0.005479759715242773,
    0.4097319428051161,
    0.057245701481820295,
    0.1468687417875547,
    0.03809596496711538,
    0.06898252477419986
  ],
  "base_value": 0.7333630126321681,
  "max_abs_value": 0.4097319428051161
}