{
  "method": "shap",
  "values": [
    0.18037629992722193,
    -0.0014777959817731756,
    0.032502873148429166,
    0.01815584477107888,
    -0.04312802977713474,
    0.08020570193259521
  ],
  "class_values": [
    [
      -0.18037629992722187,
      0.0014777959817731201,
      -0.032502873148429194,
      -0.01815584477107888,
      0.04312802977713474,
      -0.08020570193259519
    ],
    [
      0.18037629992722193,
      -0.0014777959817731756,
      0.032502873148429166,
      0.01815584477107888,
      -0.04312802977713474,
      0.08020570193259521
    ]
  ],
  "ranking_values": [
    0.18037629992722193,
    0.0014777959817731756,
    0.032502873148429194,
    0.01815584477107888,
    0.04312802977713474,
    0.08020570193259521
  ],
  "base_value": 0.7333630126321681,
  "max_abs_value": 0.18037629992722193
}