{
  "method": "shap",
  "values": [
    -0.3212075658510755,
    -0.07180017010520941,
    0.0427821812890395,
    -0.12023223473403369,
    -0.016439683753237306,
    -0.22196245715152857
  ],
  "class_values": [
    [
      0.32120756585107546,
      0.0718001701052094,
      -0.042782181289039566,
      0.12023223473403379,
      0.016439683753237358,
      0.22196245715152857
    ],
    [
      -0.3212075658510755,
      -0.07180017010520941,
      0.0427821812890395,
      -0.12023223473403369,
      -0.016439683753237306,
      -0.22196245715152857
    ]
  ],
  "ranking_values": [
    0.3212075658510755,
    0.07180017010520941,
    0.042782181289039566,
    0.12023223473403379,
    0.016439683753237358,
    0.22196245715152857
  ],
  "base_value": 0.7360799208534508,
  "max_abs_value": 0.3212075658510755
}