{
  "method": "shap",
  "values": [
    -0.06102569745684246,
    -0.048743582821858096,
    -0.059022522879843796,
    -0.015646174638497438,
    -0.045763815998938896,
    -0.15263935029075396
  ],
  "class_values": [
    [
      0.061025697456842526,
      0.04874358282185812,
      0.059022522879843844,
      0.015646174638497386,
      0.04576381599893882,
      0.15263935029075398
    ],
    [
      -0.06102569745684246,
      -0.048743582821858096,
      -0.059022522879843796,
      -0.015646174638497438,
      -0.045763815998938896,
      -0.15263935029075396
    ]
  ],
  "ranking_values": [
    0.061025697456842526,
    0.04874358282185812,
    0.059022522879843844,
    0.015646174638497438,
    0.045763815998938896,
    0.15263935029075398
  ],
  "base_value": 0.7360799208534508,
  "max_abs_value": 0.15263935029075396
}