{
  "method": "shap",
  "values": [
    0.2079312439839104,
    0.015912337470677166,
    0.0034705727864303444,
    0.0026802731389454024,
    0.02182186393724001,
    0.007646830733323229
  ],
  "class_values": [
    [
      -0.20793124398391047,
      -0.015912337470677194,
      -0.003470572786430289,
      -0.0026802731389453747,
      -0.02182186393724001,
      -0.007646830733323284
    ],
    [
      0.2079312439839104,
      0.015912337470677166,
      0.0034705727864303444,
      0.0026802731389454024,
      0.02182186393724001,
      0.007646830733323229
    ]
  ],
  "ranking_values": [
    0.20793124398391047,
    0.015912337470677194,
    0.0034705727864303444,
    0.0026802731389454024,
    0.02182186393724001,
    0.007646830733323284
  ],
  "base_value": 0.7405368775632675,
  "max_abs_value": 0.2079312439839104
}