{
  "method": "shap",
  "values": [
    -0.07796096463816683,
    0.03069100981475776,
    -0.6188419931462311,
    0.0462418027265029,
    -0.10244020212006077,
    0.0010199044497493093
  ],
  "class_values": [
    [
      0.0779609646381669,
      -0.03069100981475789,
      0.618841993146231,
      -0.04624180272650286,
      0.10244020212006111,
      -0.0010199044497494203
    ],
    [
      -0.07796096463816683,
      0.03069100981475776,
      -0.6188419931462311,
      0.0462418027265029,
      -0.10244020212006077,
      0.0010199044497493093
    ]
  ],
  "ranking_values": [
    0.0779609646381669,
    0.03069100981475789,
    0.6188419931462311,
    0.0462418027265029,
    0.10244020212006111,
    0.0010199044497494203
  ],
  "base_value": 0.7405368775632675,
  "max_abs_value": 0.6188419931462311
}