{
  "method": "shap",
  "values": [
    0.054164871206094235,
    0.03571523766471089,
    0.06434524359001802,
    0.17222302570351314,
    -0.025994472290100153,
    -0.03381692123281527
  ],
  "class_values": [
    [
      -0.0541648712060943,
      -0.03571523766471095,
      -0.06434524359001793,
      -0.1722230257035132,
      0.02599447229010034,
      0.03381692123281521
    ],
    [
      0.054164871206094235,
      0.03571523766471089,
      0.06434524359001802,
      0.17222302570351314,
      -0.025994472290100153,
      -0.03381692123281527
    ]
  ],
  "ranking_values": [
    0.0541648712060943,
    0.03571523766471095,
    0.06434524359001802,
    0.1722230257035132,
    0.02599447229010034,
    0.03381692123281527
  ],
  "base_value": 0.7333630126321681,
  "max_abs_value": 0.17222302570351314
}