{
  "method": "shap",
  "values": [
    0.1161821190386183,
    0.1056023563295459,
    -0.0062872954659977075,
    -0.010838923470993791,
    0.003994615742555995,
    0.0006154823307599755
  ],
  "class_values": [
    [
      -0.1161821190386183,
      -0.10560235632954593,
      0.006287295465997732,
      0.01083892347099383,
      -0.003994615742555992,
      -0.0006154823307600032
    ],
    [
      0.1161821190386183,
      0.1056023563295459,
      -0.0062872954659977075,
      -0.010838923470993791,
      0.003994615742555995,
      0.0006154823307599755
    ]
  ],
  "ranking_values": [
    0.1161821190386183,
    0.10560235632954593,
    0.006287295465997732,
    0.01083892347099383,
    0.003994615742555995,
    0.0006154823307600032
  ],
  "base_value": 0.7333630126321681,
  "max_abs_value": 0.1161821190386183
}