{
  "method": "shap",
  "values": [
    0.12213885785051676,
    0.11390182423912937,
    -0.008186793002769933,
    0.05182168246161687,
    -0.002348763635762997,
    -0.01068983283503655
  ],
  "class_values": [
    [
      -0.12213885785051677,
      -0.1139018242391293,
      0.008186793002769858,
      -0.051821682461616864,
      0.0023487636357630236,
      0.010689832835036495
    ],
    [
      0.12213885785051676,
      0.11390182423912937,
      -0.008186793002769933,
      0.05182168246161687,
      -0.002348763635762997,
      -0.01068983283503655
    ]
  ],
  "ranking_values": [
    0.12213885785051677,
    0.11390182423912937,
    0.008186793002769933,
    0.05182168246161687,
    0.0023487636357630236,
    0.01068983283503655
  ],
  "base_value": 0.7333630126321681,
  "max_abs_value": 0.12213885785051676
}