{
  "method": "shap",
  "values": [
    -0.509876971662187,
    0.009613593446455553,
    0.05433431773082265,
    0.00513098892971127,
    -0.25649762076424837,
    -0.030089173738156783
  ],
  "class_values": [
    [
      0.5098769716621869,
      -0.009613593446455463,
      -0.05433431773082271,
      -0.0051309889297113465,
      0.2564976207642484,
      0.030089173738157005
    ],
    [
      -0.509876971662187,
      0.009613593446455553,
      0.05433431773082265,
      0.00513098892971127,
      -0.25649762076424837,
      -0.030089173738156783
    ]
  ],
  "ranking_values": [
    0.509876971662187,
    0.009613593446455553,
    0.05433431773082271,
    0.0051309889297113465,
    0.2564976207642484,
    0.030089173738157005
  ],
  "base_value": 0.7333630126321681,
  "max_abs_value": 0.509876971662187
}