{
  "method": "shap",
  "values": [
    0.10227811563799627,
    -0.13204449171970264,
    -0.1400025326634174,
    -0.03708273506308626,
    -0.22549527191407562,
    -0.25467108581514575
  ],
  "class_values": [
    [
      -0.10227811563799627,
      0.13204449171970262,
      0.14000253266341744,
      0.03708273506308617,
      0.22549527191407556,
      0.25467108581514586
    ],
    [
      0.10227811563799627,
      -0.13204449171970264,
      -0.1400025326634174,
      -0.03708273506308626,
      -0.22549527191407562,
      -0.25467108581514575
    ]
  ],
  "ranking_values": [
    0.10227811563799627,
    0.13204449171970264,
    0.14000253266341744,
    0.03708273506308626,
    0.22549527191407562,
    0.25467108581514586
  ],
  "base_value": 0.7360799208534508,
  "max_abs_value": 0.25467108581514575
}