{
  "method": "shap",
  "values": [
    0.14879502769915587,
    0.03405029737950983,
    0.05059339907233066,
    0.03447796599731991,
    0.059981136524493515,
    -0.06544418269607888
  ],
  "class_values": [
    [
      -0.148795027699156,
      -0.034050297379509736,
      -0.05059339907233072,
      -0.03447796599731976,
      -0.05998113652449351,
      0.06544418269607888
    ],
    [
      0.14879502769915587,
      0.03405029737950983,
      0.05059339907233066,
      0.03447796599731991,
      0.059981136524493515,
      -0.06544418269607888
    ]
  ],
  "ranking_values": [
    0.148795027699156,
    0.03405029737950983,
    0.05059339907233072,
    0.03447796599731991,
    0.059981136524493515,
    0.06544418269607888
  ],
  "base_value": 0.7360799208534508,
  "max_abs_value": 0.14879502769915587
}