{
  "method": "shap",
  "values": [
    -0.04482097664826593,
    0.02256456387561952,
    -0.023100812090396255,
    0.3857778288374701,
    0.012669412271875655,
    -0.09282493591148733
  ],
  "class_values": [
    [
      0.044820976648265926,
      -0.022564563875619476,
      0.023100812090396244,
      -0.3857778288374701,
      -0.012669412271875603,
      0.09282493591148727
    ],
    [
      -0.04482097664826593,
      0.02256456387561952,
      -0.023100812090396255,
      0.3857778288374701,
      0.012669412271875655,
      -0.09282493591148733
    ]
  ],
  "ranking_values": [
    0.04482097664826593,
    0.02256456387561952,
    0.023100812090396255,
    0.3857778288374701,
    0.012669412271875655,
    0.09282493591148733
  ],
  "base_value": 0.7333630126321681,
  "max_abs_value": 0.3857778288374701
}