{
  "method": "shap",
  "values": [
    -0.21677181687515185,
    -0.0056693709518780295,
    0.1459953680906335,
    -0.07780666168770298,
    -0.05335284285460703,
    0.06244333680559691
  ],
  "class_values": [
    [
      0.21677181687515185,
      0.0056693709518780095,
      -0.14599536809063346,
      0.077806661687703,
      0.053352842854606945,
      -0.062443336805596855
    ],
    [
      -0.21677181687515185,
      -0.0056693709518780295,
      0.1459953680906335,
      -0.07780666168770298,
      -0.05335284285460703,
      0.06244333680559691
    ]
  ],
  "ranking_values": [
    0.21677181687515185,
    0.0056693709518780295,
    0.1459953680906335,
    0.077806661687703,
    0.05335284285460703,
    0.06244333680559691
  ],
  "base_value": 0.7360799208534508,
  "max_abs_value": 0.21677181687515185
}