{
  "method": "shap",
  "values": [
    0.1259504246948064,
    0.0889965360785611,
    -0.05386992281532952,
    -0.00263736837279632,
    0.15246823159038017,
    -0.044878212354489744
  ],
  "class_values": [
    [
      -0.1259504246948063,
      -0.08899653607856114,
      0.05386992281532953,
      0.0026373683727961288,
      -0.1524682315903801,
      0.044878212354489744
    ],
    [
      0.1259504246948064,
      0.0889965360785611,
      -0.05386992281532952,
      -0.00263736837279632,
      0.15246823159038017,
      -0.044878212354489744
    ]
  ],
  "ranking_values": [
    0.1259504246948064,
    0.08899653607856114,
    0.05386992281532953,
    0.00263736837279632,
    0.15246823159038017,
    0.044878212354489744
  ],
  "base_value": 0.7333630126321681,
  "max_abs_value": 0.15246823159038017
}