{
  "method": "shap",
  "values": [
    0.03315513531714432,
    0.019288365044905175,
    0.13913212000345448,
    -0.04394769458808204,
    0.044874427192093884,
    -0.06024305582987857
  ],
  "class_values": [
    [
      -0.03315513531714433,
      -0.019288365044905276,
      -0.13913212000345446,
      0.043947694588082085,
      -0.04487442719209391,
      0.060243055829878656
    ],
    [
      0.03315513531714432,
      0.019288365044905175,
      0.13913212000345448,
      -0.04394769458808204,
      0.044874427192093884,
      -0.06024305582987857
    ]
  ],
  "ranking_values": [
    0.03315513531714433,
    0.019288365044905276,
    0.13913212000345448,
    0.043947694588082085,
    0.04487442719209391,
    0.060243055829878656
  ],
  "base_value": 0.7360799208534508,
  "max_abs_value": 0.13913212000345448
}