{
  "method": "shap",
  "values": [
    -0.0012833034114815719,
    -0.5742759475459474,
    0.015843790300297436,
    0.03301489175024594,
    0.01847202891239726,
    -0.22513173667249498
  ],
  "class_values": [
    [
      0.0012833034114815057,
      0.5742759475459471,
      -0.01584379030029739,
      -0.03301489175024587,
      -0.018472028912397263,
      0.22513173667249498
    ],
    [
      -0.0012833034114815719,
      -0.5742759475459474,
      0.015843790300297436,
      0.03301489175024594,
      0.01847202891239726,
      -0.22513173667249498
    ]
  ],
  "ranking_values": [
    0.0012833034114815719,
    0.5742759475459474,
    0.015843790300297436,
    0.03301489175024594,
    0.018472028912397263,
    0.22513173667249498
  ],
  "base_value": 0.7333630126321681,
  "max_abs_value": 0.5742759475459474
}