{
  "method": "shap",
  "values": [
    0.009592644846574974,
    -0.025294635987080746,
    0.13076819556759883,
    -0.21656634771765973,
    0.16614752773973618,
    -0.08843748421136077
  ],
  "class_values": [
    [
      -0.009592644846574995,
      0.02529463598708078,
      -0.13076819556759897,
      0.2165663477176598,
      -0.16614752773973623,
      0.08843748421136087
    ],
    [
      0.009592644846574974,
      -0.025294635987080746,
      0.13076819556759883,
      -0.21656634771765973,
      0.16614752773973618,
      -0.08843748421136077
    ]
  ],
  "ranking_values": [
    0.009592644846574995,
    0.02529463598708078,
    0.13076819556759897,
    0.2165663477176598,
    0.16614752773973623,
    0.08843748421136087
  ],
  "base_value": 0.7360799208534508,
  "max_abs_value": 0.21656634771765973
}