{
  "method": "shap",
  "values": [
    -0.20493595047967325,
    -0.19451643526437637,
    -0.08172656549938413,
    -0.12344159183296835,
    -0.029778577446106742,
    -0.0988651863862301
  ],
  "class_values": [
    [
      0.20493595047967314,
      0.19451643526437626,
      0.08172656549938427,
      0.12344159183296843,
      0.029778577446106638,
      0.09886518638623021
    ],
    [
      -0.20493595047967325,
      -0.19451643526437637,
      -0.08172656549938413,
      -0.12344159183296835,
      -0.029778577446106742,
      -0.0988651863862301
    ]
  ],
  "ranking_values": [
    0.20493595047967325,
    0.19451643526437637,
    0.08172656549938427,
    0.12344159183296843,
    0.029778577446106742,
    0.09886518638623021
  ],
  "base_value": 0.7333630126321681,
  "max_abs_value": 0.20493595047967325
}