{
  "method": "shap",
  "values": [
    0.13010470156243334,
    0.05418429086577925,
    -0.04124135794123959,
    0.13966278152578154,
    -0.0023659552234564095,
    -0.013731015468883279
  ],
  "class_values": [
    [
      -0.1301047015624333,
      -0.05418429086577922,
      0.04124135794123948,
      -0.1396627815257815,
      0.0023659552234563818,
      0.013731015468883279
    ],
    [
      0.13010470156243334,
      0.05418429086577925,
      -0.04124135794123959,
      0.13966278152578154,
      -0.0023659552234564095,
      -0.013731015468883279
    ]
  ],
  "ranking_values": [
    0.13010470156243334,
    0.05418429086577925,
    0.04124135794123959,
    0.13966278152578154,
    0.0023659552234564095,
    0.013731015468883279
  ],
  "base_value": 0.7333630126321681,
  "max_abs_value": 0.13966278152578154
}