{
  "method": "shap",
  "values": [
    0.16071838681428455,
    0.007548208994527644,
    -0.015259014144049784,
    -0.007316538070713826,
    0.05771816379495166,
    0.060324323327270335
  ],
  "class_values": [
    [
      -0.1607183868142846,
      -0.007548208994527672,
      0.015259014144049853,
      0.00731653807071384,
      -0.05771816379495166,
      -0.060324323327270335
    ],
    [
      0.16071838681428455,
      0.007548208994527644,
      -0.015259014144049784,
      -0.007316538070713826,
      0.05771816379495166,
      0.060324323327270335
    ]
  ],
  "ranking_values": [
    0.1607183868142846,
    0.007548208994527672,
    0.015259014144049853,
    0.00731653807071384,
    0.05771816379495166,
    0.060324323327270335
  ],
  "base_value": 0.7360799208534508,
  "max_abs_value": 0.16071838681428455
}