{
  "method": "shap",
  "values": [
    0.0001449740241155507,
    0.23416699582558123,
    0.04454673523400286,
    0.0023542736368962996,
    0.02661160816473131,
    -0.0412040935435215
  ],
  "class_values": [
    [
      -0.00014497402411559564,
      -0.2341669958255812,
      -0.04454673523400294,
      -0.0023542736368962055,
      -0.026611608164731307,
      0.04120409354352156
    ],
    [
      0.0001449740241155507,
      0.23416699582558123,
      0.04454673523400286,
      0.0023542736368962996,
      0.02661160816473131,
      -0.0412040935435215
    ]
  ],
  "ranking_values": [
    0.00014497402411559564,
    0.23416699582558123,
    0.04454673523400294,
    0.0023542736368962996,
    0.02661160816473131,
    0.04120409354352156
  ],
  "base_value": 0.7333630126321681,
  "max_abs_value": 0.23416699582558123
}