{
  "method": "shap",
  "values": [
    -0.45794082724923135,
    0.011626284959163704,
    -0.03661945643614548,
    -0.041545970925278446,
    -0.0643354173619263,
    -0.14724823932274023
  ],
  "class_values": [
    [
      0.45794082724923135,
      -0.011626284959163704,
      0.036619456436145593,
      0.041545970925278446,
      0.0643354173619263,
      0.14724823932274012
    ],
    [
      -0.45794082724923135,
      0.011626284959163704,
      -0.03661945643614548,
      -0.041545970925278446,
      -0.0643354173619263,
      -0.14724823932274023
    ]
  ],
  "ranking_values": [
    0.45794082724923135,
    0.011626284959163704,
    0.036619456436145593,
    0.041545970925278446,
    0.0643354173619263,
    0.14724823932274023
  ],
  "base_value": 0.7360799208534508,
  "max_abs_value": 0.45794082724923135
}