{
  "method": "shap",
  "values": [
    -0.03292457556240046,
    0.054471211089902535,
    -0.04987031580215827,
    0.0940031964544502,
    0.007219396866803512,
    0.19371963617935534
  ],
  "class_values": [
    [
      0.03292457556240052,
      -0.054471211089902535,
      0.049870315802158324,
      -0.09400319645445016,
      -0.007219396866803627,
      -0.1937196361793554
    ],
    [
      -0.03292457556240046,
      0.054471211089902535,
      -0.04987031580215827,
      0.0940031964544502,
      0.007219396866803512,
      0.19371963617935534
    ]
  ],
  "ranking_values": [
    0.03292457556240052,
    0.054471211089902535,
    0.049870315802158324,
    0.0940031964544502,
    0.007219396866803627,
    0.1937196361793554
  ],
  "base_value": 0.7333630126321681,
  "max_abs_value": 0.19371963617935534
}