{
  "method": "shap",
  "values": [
    -0.19605635154432252,
    0.28922780179136304,
    0.16406129087945798,
    0.0062865746177033196,
    0.02185753400967614,
    -0.020472001475862145
  ],
  "class_values": [
    [
      0.19605635154432266,
      -0.2892278017913631,
      -0.16406129087945798,
      -0.006286574617703302,
      -0.021857534009676088,
      0.02047200147586198
    ],
    [
      -0.19605635154432252,
      0.28922780179136304,
      0.16406129087945798,
      0.0062865746177033196,
      0.02185753400967614,
      -0.020472001475862145
    ]
  ],
  "ranking_values": [
    0.19605635154432266,
    0.2892278017913631,
    0.16406129087945798,
    0.0062865746177033196,
    0.02185753400967614,
    0.020472001475862145
  ],
  "base_value": 0.7333630126321681,
  "max_abs_value": 0.28922780179136304
}