{
  "method": "shap",
  "values": [
    0.020038419317267585,
    -0.16209635632419866,
    -0.04983253979214268,
    -0.1878958668052102,
    -0.23996953123625492,
    -0.11205008501234426
  ],
  "class_values": [
    [
      -0.020038419317267662,
      0.16209635632419858,
      0.04983253979214288,
      0.1878958668052102,
      0.23996953123625497,
      0.11205008501234426
    ],
    [
      0.020038419317267585,
      -0.16209635632419866,
      -0.04983253979214268,
      -0.1878958668052102,
      -0.23996953123625492,
      -0.11205008501234426
    ]
  ],
  "ranking_values": [
    0.020038419317267662,
    0.16209635632419866,
    0.04983253979214288,
    0.1878958668052102,
    0.23996953123625497,
    0.11205008501234426
  ],
  "base_value": 0.7333630126321681,
  "max_abs_value": 0.23996953123625492
}