{
  "method": "shap",
  "values": [
    0.09230834862130341,
    0.026724163251902612,
    -0.008062380308596356,
    0.06605616503170825,
    0.0292900672611036,
    0.05298240683072303
  ],
  "class_values": [
    [
      -0.0923083486213034,
      -0.02672416325190265,
      0.008062380308596373,
      -0.06605616503170822,
      -0.029290067261103676,
      -0.052982406830723056
    ],
    [
      0.09230834862130341,
      0.026724163251902612,
      -0.008062380308596356,
      0.06605616503170825,
      0.0292900672611036,
      0.05298240683072303
    ]
  ],
  "ranking_values": [
    0.09230834862130341,
    0.02672416325190265,
    0.008062380308596373,
    0.06605616503170825,
    0.029290067261103676,
    0.052982406830723056
  ],
  "base_value": 0.7405368775632675,
  "max_abs_value": 0.09230834862130341
}