{
  "method": "shap",
  "values": [
    0.15949520276594525,
    0.007907634020850212,
    -0.05845738886819812,
    0.09238786225017671,
    -0.013455340247382645,
    0.054992546247789376
  ],
  "class_values": [
    [
      -0.15949520276594528,
      -0.00790763402085025,
      0.058457388868198124,
      -0.09238786225017662,
      0.013455340247382642,
      -0.054992546247789376
    ],
    [
      0.15949520276594525,
      0.007907634020850212,
      -0.05845738886819812,
      0.09238786225017671,
      -0.013455340247382645,
      0.054992546247789376
    ]
  ],
  "ranking_values": [
    0.15949520276594528,
    0.00790763402085025,
    0.058457388868198124,
    0.09238786225017671,
    0.013455340247382645,
    0.054992546247789376
  ],
  "base_value": 0.7333630126321681,
  "max_abs_value": 0.15949520276594525
}