{
  "method": "shap",
  "values": [
    -0.07398379550713612,
    -0.426704545290399,
    -0.06998521769690207,
    -0.010551178045080996,
    -0.12463551024852879,
    -0.02689288418005309
  ],
  "class_values": [
    [
      0.07398379550713617,
      0.4267045452903991,
      0.06998521769690207,
      0.010551178045080885,
      0.12463551024852879,
      0.02689288418005309
    ],
    [
      -0.07398379550713612,
      -0.426704545290399,
      -0.06998521769690207,
      -0.010551178045080996,
      -0.12463551024852879,
      -0.02689288418005309
    ]
  ],
  "ranking_values": [
    0.07398379550713617,
    0.4267045452903991,
    0.06998521769690207,
    0.010551178045080996,
    0.12463551024852879,
    0.02689288418005309
  ],
  "base_value": 0.7333630126321681,
  "max_abs_value": 0.426704545290399
}