{
  "method": "shap",
  "values": [
    -0.2584646929538334,
    -0.31952548116360474,
    -0.04688421330992426,
    -0.07016398803423447,
    -0.10351367477772956,
    0.0676046317039598
  ],
  "class_values": [
    [
      0.2584646929538334,
      0.31952548116360474,
      0.04688421330992435,
      0.07016398803423435,
      0.10351367477772967,
      -0.0676046317039598
    ],
    [
      -0.2584646929538334,
      -0.31952548116360474,
      -0.04688421330992426,
      -0.07016398803423447,
      -0.10351367477772956,
      0.0676046317039598
    ]
  ],
  "ranking_values": [
    0.2584646929538334,
    0.31952548116360474,
    0.04688421330992435,
    0.07016398803423447,
    0.10351367477772967,
    0.0676046317039598
  ],
  "base_value": 0.7333630126321681,
  "max_abs_value": 0.31952548116360474
}