{
  "method": "shap",
  "values": [
    -0.10092459630538851,
    -0.5750763549259232,
    -0.03198918092385298,
    -0.030378875697981922,
    -0.015679100831053904,
    0.020685215834471693
  ],
  "class_values": [
    [
      0.10092459630538825,
      0.5750763549259235,
      0.031989180923853056,
      0.030378875697981943,
      0.015679100831053797,
      -0.020685215834471582
    ],
    [
      -0.10092459630538851,
      -0.5750763549259232,
      -0.03198918092385298,
      -0.030378875697981922,
      -0.015679100831053904,
      0.020685215834471693
    ]
  ],
  "ranking_values": [
    0.10092459630538851,
    0.5750763549259235,
    0.031989180923853056,
    0.030378875697981943,
    0.015679100831053904,
    0.020685215834471693
  ],
  "base_value": 0.7333630126321681,
  "max_abs_value": 0.5750763549259232
}