{
  "method": "shap",
  "values": [
    0.019170954819183496,
    -0.27268309996357604,
    -0.07478593917994898,
    -0.05233734218742401,
    -0.048704285095044694,
    -0.2228478853843166
  ],
  "class_values": [
    [
      -0.01917095481918342,
      0.2726830999635759,
      0.07478593917994895,
      0.05233734218742389,
      0.0487042850950447,
      0.2228478853843166
    ],
    [
      0.019170954819183496,
      -0.27268309996357604,
      -0.07478593917994898,
      -0.05233734218742401,
      -0.048704285095044694,
      -0.2228478853843166
    ]
  ],
  "ranking_values": [
    0.019170954819183496,
    0.27268309996357604,
    0.07478593917994898,
    0.05233734218742401,
    0.0487042850950447,
    0.2228478853843166
  ],
  "base_value": 0.7333630126321681,
  "max_abs_value": 0.27268309996357604
}