{
  "method": "shap",
  "values": [
    -0.1607014178069514,
    -0.0835719662195872,
    -0.10884701395023123,
    -0.05075198310449111,
    -0.09430940693745046,
    -0.22472528552222004
  ],
  "class_values": [
    [
      0.1607014178069513,
      0.08357196621958728,
      0.10884701395023132,
      0.050751983104491055,
      0.09430940693745035,
      0.22472528552222004
    ],
    [
      -0.1607014178069514,
      -0.0835719662195872,
      -0.10884701395023123,
      -0.05075198310449111,
      -0.09430940693745046,
      -0.22472528552222004
    ]
  ],
  "ranking_values": [
    0.1607014178069514,
    0.08357196621958728,
    0.10884701395023132,
    0.05075198310449111,
    0.09430940693745046,
    0.22472528552222004
  ],
  "base_value": 0.7360799208534508,
  "max_abs_value": 0.22472528552222004
}