{
  "method": "shap",
  "values": [
    0.07216093981155228,
    0.05124709185522183,
    0.047994966355907026,
    0.07354620890052992,
    -0.011492959796106917,
    0.026006556722212415
  ],
  "class_values": [
    [
      -0.0721609398115523,
      -0.051247091855221735,
      -0.04799496635590711,
      -0.07354620890052989,
      0.011492959796106914,
      -0.02600655672221247
    ],
    [
      0.07216093981155228,
      0.05124709185522183,
      0.047994966355907026,
      0.07354620890052992,
      -0.011492959796106917,
      0.026006556722212415
    ]
  ],
  "ranking_values": [
    0.0721609398115523,
    0.05124709185522183,
    0.04799496635590711,
    0.07354620890052992,
    0.011492959796106917,
    0.02600655672221247
  ],
  "base_value": 0.7405368775632675,
  "max_abs_value": 0.07354620890052992
}