{
  "method": "shap",
  "values": [
    0.0051700301452021384,
    0.1806394676324758,
    0.09545224882247626,
    -0.04026514137211056,
    -0.005791965416889664,
    0.02750447962986244
  ],
  "class_values": [
    [
      -0.0051700301452021905,
      -0.18063946763247582,
      -0.09545224882247623,
      0.04026514137211062,
      0.005791965416889561,
      -0.027504479629862327
    ],
    [
      0.0051700301452021384,
      0.1806394676324758,
      0.09545224882247626,
      -0.04026514137211056,
      -0.005791965416889664,
      0.02750447962986244
    ]
  ],
  "ranking_values": [
    0.0051700301452021905,
    0.18063946763247582,
    0.09545224882247626,
    0.04026514137211062,
    0.005791965416889664,
    0.02750447962986244
  ],
  "base_value": 0.7333630126321681,
  "max_abs_value": 0.1806394676324758
}