{
  "method": "shap",
  "values": [
    0.01228886855252515,
    0.1020044811975911,
    0.0358737989854738,
    -0.06965300201727889,
    0.0514147162980134,
    0.12459108459709245
  ],
  "class_values": [
    [
      -0.012288868552525036,
      -0.10200448119759123,
      -0.035873798985473854,
      0.06965300201727895,
      -0.051414716298013426,
      -0.12459108459709248
    ],
    [
      0.01228886855252515,
      0.1020044811975911,
      0.0358737989854738,
      -0.06965300201727889,
      0.0514147162980134,
      0.12459108459709245
    ]
  ],
  "ranking_values": [
    0.01228886855252515,
    0.10200448119759123,
    0.035873798985473854,
    0.06965300201727895,
    0.051414716298013426,
    0.12459108459709248
  ],
  "base_value": 0.7405368775632675,
  "max_abs_value": 0.12459108459709245
}