{
  "method": "shap",
  "values": [
    -0.16238037538831704,
    -0.0487240018138003,
    -0.0449558120751103,
    -0.11701887428457353,
    -0.14249237347129093,
    -0.22023416912699467
  ],
  "class_values": [
    [
      0.16238037538831687,
      0.04872400181380041,
      0.04495581207511027,
      0.11701887428457353,
      0.14249237347129093,
      0.22023416912699467
    ],
    [
      -0.16238037538831704,
      -0.0487240018138003,
      -0.0449558120751103,
      -0.11701887428457353,
      -0.14249237347129093,
      -0.22023416912699467
    ]
  ],
  "ranking_values": [
    0.16238037538831704,
    0.04872400181380041,
    0.0449558120751103,
    0.11701887428457353,
    0.14249237347129093,
    0.22023416912699467
  ],
  "base_value": 0.7360799208534508,
  "max_abs_value": 0.22023416912699467
}