{
  "method": "shap",
  "values": [
    0.1267673290476575,
    0.059601473446232595,
    -0.015076567430462814,
    0.10827686651958039,
    0.005833790427118622,
    -0.018765904642297715
  ],
  "class_values": [
    [
      -0.1267673290476576,
      -0.05960147344623256,
      0.015076567430462713,
      -0.10827686651958035,
      -0.0058337904271185915,
      0.018765904642297826
    ],
    [
      0.1267673290476575,
      0.059601473446232595,
      -0.015076567430462814,
      0.10827686651958039,
      0.005833790427118622,
      -0.018765904642297715
    ]
  ],
  "ranking_values": [
    0.1267673290476576,
    0.059601473446232595,
    0.015076567430462814,
    0.10827686651958039,
    0.005833790427118622,
    0.018765904642297826
  ],
  "base_value": 0.7333630126321681,
  "max_abs_value": 0.1267673290476575
}