{
  "method": "shap",
  "values": [
    -0.40527023118675065,
    -0.1499456223169275,
    -0.08328382186329007,
    -0.0018799166090000346,
    0.008260411721415584,
    -0.10200420643237973
  ],
  "class_values": [
    [
      0.40527023118675065,
      0.14994562231692762,
      0.08328382186328999,
      0.0018799166089999235,
      -0.008260411721415473,
      0.10200420643237973
    ],
    [
      -0.40527023118675065,
      -0.1499456223169275,
      -0.08328382186329007,
      -0.0018799166090000346,
      0.008260411721415584,
      -0.10200420643237973
    ]
  ],
  "ranking_values": [
    0.40527023118675065,
    0.14994562231692762,
    0.08328382186329007,
    0.0018799166090000346,
    0.008260411721415584,
    0.10200420643237973
  ],
  "base_value": 0.7360799208534508,
  "max_abs_value": 0.40527023118675065
}