{
  "method": "shap",
  "values": [
    0.05522010185113222,
    0.09896610042310658,
    0.02703331543043406,
    0.09983006870427975,
    -0.0046793835267437325,
    -0.009733215554962926
  ],
  "class_values": [
    [
      -0.055220101851132235,
      -0.09896610042310656,
      -0.02703331543043407,
      -0.09983006870427963,
      0.004679383526743626,
      0.009733215554962926
    ],
    [
      0.05522010185113222,
      0.09896610042310658,
      0.02703331543043406,
      0.09983006870427975,
      -0.0046793835267437325,
      -0.009733215554962926
    ]
  ],
  "ranking_values": [
    0.055220101851132235,
    0.09896610042310658,
    0.02703331543043407,
    0.09983006870427975,
    0.0046793835267437325,
    0.009733215554962926
  ],
  "base_value": 0.7333630126321681,
  "max_abs_value": 0.09983006870427975
}