{
  "method": "shap",
  "values": [
    0.008444105618304602,
    -0.5184413613297633,
    -0.07989575394726983,
    -0.022028823840112698,
    0.02242885797865008,
    0.03551654657713499
  ],
  "class_values": [
    [
      -0.008444105618304637,
      0.5184413613297634,
      0.0798957539472697,
      0.022028823840112663,
      -0.022428857978650074,
      -0.03551654657713488
    ],
    [
      0.008444105618304602,
      -0.5184413613297633,
      -0.07989575394726983,
      -0.022028823840112698,
      0.02242885797865008,
      0.03551654657713499
    ]
  ],
  "ranking_values": [
    0.008444105618304637,
    0.5184413613297634,
    0.07989575394726983,
    0.022028823840112698,
    0.02242885797865008,
    0.03551654657713499
  ],
  "base_value": 0.7333630126321681,
  "max_abs_value": 0.5184413613297633
}