{
  "method": "shap",
  "values": [
    0.08582659578374227,
    0.02694714306138498,
    0.05021967285007511,
    0.028558641420408686,
    -0.026474546780512496,
    0.09379905462813609
  ],
  "class_values": [
    [
      -0.08582659578374241,
      -0.026947143061384814,
      -0.05021967285007505,
      -0.028558641420408783,
      0.02647454678051251,
      -0.09379905462813612
    ],
    [
      0.08582659578374227,
      0.02694714306138498,
      0.05021967285007511,
      0.028558641420408686,
      -0.026474546780512496,
      0.09379905462813609
    ]
  ],
  "ranking_values": [
    0.08582659578374241,
    0.02694714306138498,
    0.05021967285007511,
    0.028558641420408783,
    0.02647454678051251,
    0.09379905462813612
  ],
  "base_value": 0.7405368775632675,
  "max_abs_value": 0.09379905462813609
}