{
  "method": "shap",
  "values": [
    -0.010041674734991854,
    0.015982122451462473,
    0.054496414639578876,
    0.16532619059607664,
    0.023625454725396608,
    0.017248278466180822
  ],
  "class_values": [
    [
      0.010041674734991901,
      -0.01598212245146255,
      -0.054496414639578716,
      -0.16532619059607673,
      -0.023625454725396632,
      -0.01724827846618085
    ],
    [
      -0.010041674734991854,
      0.015982122451462473,
      0.054496414639578876,
      0.16532619059607664,
      0.023625454725396608,
      0.017248278466180822
    ]
  ],
  "ranking_values": [
    0.010041674734991901,
    0.01598212245146255,
    0.054496414639578876,
    0.16532619059607673,
    0.023625454725396632,
    0.01724827846618085
  ],
  "base_value": 0.7333630126321681,
  "max_abs_value": 0.16532619059607664
}