{
  "method": "shap",
  "values": [
    0.13750819367436865,
    -0.1077961027781213,
    0.1752067609767665,
    0.10487291053536571,
    0.00875946292301004,
    -0.06060407644429594
  ],
  "class_values": [
    [
      -0.1375081936743686,
      0.10779610277812132,
      -0.17520676097676643,
      -0.1048729105353658,
      -0.00875946292301004,
      0.06060407644429583
    ],
    [
      0.13750819367436865,
      -0.1077961027781213,
      0.1752067609767665,
      0.10487291053536571,
      0.00875946292301004,
      -0.06060407644429594
    ]
  ],
  "ranking_values": [
    0.13750819367436865,
    0.10779610277812132,
    0.1752067609767665,
    0.1048729105353658,
    0.00875946292301004,
    0.06060407644429594
  ],
  "base_value": 0.7333630126321681,
  "max_abs_value": 0.1752067609767665
}