{
  "method": "shap",
  "values": [
    0.04101857144057043,
    0.11238248218926307,
    0.05282337535221106,
    -0.03337659339350544,
    0.19495189544164618,
    -0.10121946227716877
  ],
  "class_values": [
    [
      -0.04101857144057038,
      -0.11238248218926308,
      -0.05282337535221101,
      0.0333765933935054,
      -0.19495189544164618,
      0.10121946227716871
    ],
    [
      0.04101857144057043,
      0.11238248218926307,
      0.05282337535221106,
      -0.03337659339350544,
      0.19495189544164618,
      -0.10121946227716877
    ]
  ],
  "ranking_values": [
    0.04101857144057043,
    0.11238248218926308,
    0.05282337535221106,
    0.03337659339350544,
    0.19495189544164618,
    0.10121946227716877
  ],
  "base_value": 0.7333630126321681,
  "max_abs_value": 0.19495189544164618
}