{
  "method": "shap",
  "values": [
    0.15344510742049536,
    0.08865641545477589,
    0.1419525807158023,
    0.0833576873382805,
    -0.0996210591368541,
    -0.13443687288588907
  ],
  "class_values": [
    [
      -0.15344510742049533,
      -0.08865641545477589,
      -0.14195258071580225,
      -0.08335768733828046,
      0.09962105913685398,
      0.13443687288588907
    ],
    [
      0.15344510742049536,
      0.08865641545477589,
      0.1419525807158023,
      0.0833576873382805,
      -0.0996210591368541,
      -0.13443687288588907
    ]
  ],
  "ranking_values": [
    0.15344510742049536,
    0.08865641545477589,
    0.1419525807158023,
    0.0833576873382805,
    0.0996210591368541,
    0.13443687288588907
  ],
  "base_value": 0.7333630126321681,
  "max_abs_value": 0.15344510742049536
}