{
  "method": "shap",
  "values": [
    0.1735253067060286,
    -0.021985089546156897,
    0.05884617804313315,
    0.224523472433439,
    -0.15729227912015484,
    -0.012536721856749922
  ],
  "class_values": [
    [
      -0.1735253067060285,
      0.021985089546156918,
      -0.05884617804313327,
      -0.2245234724334389,
      0.15729227912015473,
      0.012536721856749922
    ],
    [
      0.1735253067060286,
      -0.021985089546156897,
      0.05884617804313315,
      0.224523472433439,
      -0.15729227912015484,
      -0.012536721856749922
    ]
  ],
  "ranking_values": [
    0.1735253067060286,
    0.021985089546156918,
    0.05884617804313327,
    0.224523472433439,
    0.15729227912015484,
    0.012536721856749922
  ],
  "base_value": 0.7333630126321681,
  "max_abs_value": 0.224523472433439
}