{
  "method": "shap",
  "values": [
    0.0160116615629757,
    -0.5790053669873523,
    -0.12184403684769082,
    -0.030901623031192642,
    0.013992070321926594,
    -0.030819973315041493
  ],
  "class_values": [
    [
      -0.016011661562975656,
      0.5790053669873524,
      0.12184403684769086,
      0.030901623031192683,
      -0.013992070321926805,
      0.030819973315041382
    ],
    [
      0.0160116615629757,
      -0.5790053669873523,
      -0.12184403684769082,
      -0.030901623031192642,
      0.013992070321926594,
      -0.030819973315041493
    ]
  ],
  "ranking_values": [
    0.0160116615629757,
    0.5790053669873524,
    0.12184403684769086,
    0.030901623031192683,
    0.013992070321926805,
    0.030819973315041493
  ],
  "base_value": 0.7333630126321681,
  "max_abs_value": 0.5790053669873523
}