{
  "method": "shap",
  "values": [
    -0.2563205723904399,
    -0.07299018538524477,
    -0.039060006443888295,
    0.05258247218213911,
    -0.33210876238359865,
    -0.08545081551049427
  ],
  "class_values": [
    [
      0.25632057239044,
      0.07299018538524477,
      0.03906000644388816,
      -0.052582472182138996,
      0.33210876238359854,
      0.08545081551049427
    ],
    [
      -0.2563205723904399,
      -0.07299018538524477,
      -0.039060006443888295,
      0.05258247218213911,
      -0.33210876238359865,
      -0.08545081551049427
    ]
  ],
  "ranking_values": [
    0.25632057239044,
    0.07299018538524477,
    0.039060006443888295,
    0.05258247218213911,
    0.33210876238359865,
    0.08545081551049427
  ],
  "base_value": 0.7333630126321681,
  "max_abs_value": 0.33210876238359865
}