{
  "method": "shap",
  "values": [
    0.01211212674066359,
    0.080706843205889,
    0.04099010462771488,
    0.07788786316087497,
    0.027692788900983728,
    0.02714702352791873
  ],
  "class_values": [
    [
      -0.012112126740663634,
      -0.08070684320588907,
      -0.04099010462771482,
      -0.07788786316087493,
      -0.02769278890098362,
      -0.027147023527918812
    ],
    [
      0.01211212674066359,
      0.080706843205889,
      0.04099010462771488,
      0.07788786316087497,
      0.027692788900983728,
      0.02714702352791873
    ]
  ],
  "ranking_values": [
    0.012112126740663634,
    0.08070684320588907,
    0.04099010462771488,
    0.07788786316087497,
    0.027692788900983728,
    0.027147023527918812
  ],
  "base_value": 0.7333630126321681,
  "max_abs_value": 0.080706843205889
}