{
  "method": "shap",
  "values": [
    0.007940695791603567,
    0.05010252688285533,
    0.001134587596017348,
    0.05333461300823456,
    0.12298768501978816,
    -0.06884459201859547
  ],
  "class_values": [
    [
      -0.007940695791603511,
      -0.050102526882855276,
      -0.001134587596017348,
      -0.053334613008234576,
      -0.12298768501978821,
      0.06884459201859544
    ],
    [
      0.007940695791603567,
      0.05010252688285533,
      0.001134587596017348,
      0.05333461300823456,
      0.12298768501978816,
      -0.06884459201859547
    ]
  ],
  "ranking_values": [
    0.007940695791603567,
    0.05010252688285533,
    0.001134587596017348,
    0.053334613008234576,
    0.12298768501978821,
    0.06884459201859547
  ],
  "base_value": 0.7333630126321681,
  "max_abs_value": 0.12298768501978816
}