{
  "method": "shap",
  "values": [
    0.16453199230083698,
    -0.07053838455157868,
    0.25892775479303504,
    -0.03353318993506171,
    -0.01954140351692888,
    -0.0359268569674851
  ],
  "class_values": [
    [
      -0.164531992300837,
      0.07053838455157874,
      -0.2589277547930352,
      0.03353318993506178,
      0.019541403516928908,
      0.035926856967485155
    ],
    [
      0.16453199230083698,
      -0.07053838455157868,
      0.25892775479303504,
      -0.03353318993506171,
      -0.01954140351692888,
      -0.0359268569674851
    ]
  ],
  "ranking_values": [
    0.164531992300837,
    0.07053838455157874,
    0.2589277547930352,
    0.03353318993506178,
    0.019541403516928908,
    0.035926856967485155
  ],
  "base_value": 0.7360799208534508,
  "max_abs_value": 0.25892775479303504
}