{
  "method": "shap",
  "values": [
    -0.07573421052152925,
    -0.11510717429187105,
    -0.1809419705193898,
    -0.05888651226810122,
    -0.0964464581254926,
    -0.16536972578077702
  ],
  "class_values": [
    [
      0.07573421052152923,
      0.11510717429187112,
      0.18094197051938982,
      0.05888651226810128,
      0.0964464581254926,
      0.1653697257807769
    ],
    [
      -0.07573421052152925,
      -0.11510717429187105,
      -0.1809419705193898,
      -0.05888651226810122,
      -0.0964464581254926,
      -0.16536972578077702
    ]
  ],
  "ranking_values": [
    0.07573421052152925,
    0.11510717429187112,
    0.18094197051938982,
    0.05888651226810128,
    0.0964464581254926,
    0.16536972578077702
  ],
  "base_value": 0.7333630126321681,
  "max_abs_value": 0.1809419705193898
}