{
  "method": "shap",
  "values": [
    -0.01418652325847904,
    -0.02988025914428895,
    -0.2649369103605402,
    -0.11413565993595386,
    -0.1907820099125498,
    -0.07292268185934536
  ],
  "class_values": [
    [
      0.014186523258479033,
      0.029880259144289028,
      0.2649369103605401,
      0.11413565993595376,
      0.19078200991254973,
      0.07292268185934558
    ],
    [
      -0.01418652325847904,
      -0.02988025914428895,
      -0.2649369103605402,
      -0.11413565993595386,
      -0.1907820099125498,
      -0.07292268185934536
    ]
  ],
  "ranking_values": [
    0.01418652325847904,
    0.029880259144289028,
    0.2649369103605402,
    0.11413565993595386,
    0.1907820099125498,
    0.07292268185934558
  ],
  "base_value": 0.7333630126321681,
  "max_abs_value": 0.2649369103605402
}