{
  "method": "shap",
  "values": [
    -0.15906445524237384,
    0.036667975303792955,
    -0.040920229154291,
    -0.10584342966964728,
    -0.12013675885088813,
    -0.2873802030390508
  ],
  "class_values": [
    [
      0.1590644552423738,
      -0.03666797530379286,
      0.040920229154290985,
      0.10584342966964716,
      0.12013675885088819,
      0.2873802030390508
    ],
    [
      -0.15906445524237384,
      0.036667975303792955,
      -0.040920229154291,
      -0.10584342966964728,
      -0.12013675885088813,
      -0.2873802030390508
    ]
  ],
  "ranking_values": [
    0.15906445524237384,
    0.036667975303792955,
    0.040920229154291,
    0.10584342966964728,
    0.12013675885088819,
    0.2873802030390508
  ],
  "base_value": 0.7360799208534508,
  "max_abs_value": 0.2873802030390508
}