{
  "method": "shap",
  "values": [
    0.1424414903669019,
    0.12352437685906013,
    -0.01494170657928896,
    0.01726270389300921,
    0.004099376294759324,
    -0.010395021698703655
  ],
  "class_values": [
    [
      -0.1424414903669019,
      -0.12352437685906022,
      0.014941706579288965,
      -0.017262703893009174,
      -0.004099376294759218,
      0.010395021698703544
    ],
    [
      0.1424414903669019,
      0.12352437685906013,
      -0.01494170657928896,
      0.01726270389300921,
      0.004099376294759324,
      -0.010395021698703655
    ]
  ],
  "ranking_values": [
    0.1424414903669019,
    0.12352437685906022,
    0.014941706579288965,
    0.01726270389300921,
    0.004099376294759324,
    0.010395021698703655
  ],
  "base_value": 0.7333630126321681,
  "max_abs_value": 0.1424414903669019
}