{
  "method": "shap",
  "values": [
    -0.21425654025648366,
    -0.11263883192792729,
    0.09957734372116445,
    -0.19211739995231988,
    -0.095730766559321,
    -0.21662535586128984
  ],
  "class_values": [
    [
      0.2142565402564834,
      0.11263883192792733,
      -0.09957734372116435,
      0.19211739995231986,
      0.09573076655932111,
      0.21662535586128984
    ],
    [
      -0.21425654025648366,
      -0.11263883192792729,
      0.09957734372116445,
      -0.19211739995231988,
      -0.095730766559321,
      -0.21662535586128984
    ]
  ],
  "ranking_values": [
    0.21425654025648366,
    0.11263883192792733,
    0.09957734372116445,
    0.19211739995231988,
    0.09573076655932111,
    0.21662535586128984
  ],
  "base_value": 0.7333630126321681,
  "max_abs_value": 0.21662535586128984
}