{
  "method": "shap",
  "values": [
    0.14702888681812842,
    0.06359981599183104,
    -0.002285139559010557,
    0.10113884916212373,
    -0.0031008925911658485,
    -0.03974453249631438
  ],
  "class_values": [
    [
      -0.1470288868181285,
      -0.06359981599183083,
      0.002285139559010512,
      -0.10113884916212358,
      0.00310089259116574,
      0.03974453249631427
    ],
    [
      0.14702888681812842,
      0.06359981599183104,
      -0.002285139559010557,
      0.10113884916212373,
      -0.0031008925911658485,
      -0.03974453249631438
    ]
  ],
  "ranking_values": [
    0.1470288868181285,
    0.06359981599183104,
    0.002285139559010557,
    0.10113884916212373,
    0.0031008925911658485,
    0.03974453249631438
  ],
  "base_value": 0.7333630126321681,
  "max_abs_value": 0.14702888681812842
}