{
  "method": "shap",
  "values": [
    0.053095946378815484,
    0.12786437828510808,
    0.06245903203236854,
    0.039321741110503745,
    -0.03866330500992893,
    -0.011075092593475833
  ],
  "class_values": [
    [
      -0.05309594637881561,
      -0.12786437828510808,
      -0.06245903203236849,
      -0.03932174111050374,
      0.03866330500992894,
      0.011075092593475888
    ],
    [
      0.053095946378815484,
      0.12786437828510808,
      0.06245903203236854,
      0.039321741110503745,
      -0.03866330500992893,
      -0.011075092593475833
    ]
  ],
  "ranking_values": [
    0.05309594637881561,
    0.12786437828510808,
    0.06245903203236854,
    0.039321741110503745,
    0.03866330500992894,
    0.011075092593475888
  ],
  "base_value": 0.7405368775632675,
  "max_abs_value": 0.12786437828510808
}