{
  "method": "shap",
  "values": [
    0.19110842505657963,
    0.13201300738654112,
    -0.04327710710362973,
    -0.010607274534803325,
    0.01232233205389996,
    -0.027122715911291007
  ],
  "class_values": [
    [
      -0.1911084250565797,
      -0.1320130073865411,
      0.04327710710362968,
      0.010607274534803304,
      -0.012322332053899909,
      0.027122715911291118
    ],
    [
      0.19110842505657963,
      0.13201300738654112,
      -0.04327710710362973,
      -0.010607274534803325,
      0.01232233205389996,
      -0.027122715911291007
    ]
  ],
  "ranking_values": [
    0.1911084250565797,
    0.13201300738654112,
    0.04327710710362973,
    0.010607274534803325,
    0.01232233205389996,
    0.027122715911291118
  ],
  "base_value": 0.7333630126321681,
  "max_abs_value": 0.19110842505657963
}