{
  "method": "shap",
  "values": [
    0.04854036107983852,
    0.04433961149327361,
    0.051774793679476565,
    -0.021483643621958662,
    0.023524355924641787,
    0.11648597707555836
  ],
  "class_values": [
    [
      -0.04854036107983856,
      -0.044339611493273624,
      -0.05177479367947662,
      0.02148364362195875,
      -0.023524355924641745,
      -0.11648597707555838
    ],
    [
      0.04854036107983852,
      0.04433961149327361,
      0.051774793679476565,
      -0.021483643621958662,
      0.023524355924641787,
      0.11648597707555836
    ]
  ],
  "ranking_values": [
    0.04854036107983856,
    0.044339611493273624,
    0.05177479367947662,
    0.02148364362195875,
    0.023524355924641787,
    0.11648597707555838
  ],
  "base_value": 0.7360799208534508,
  "max_abs_value": 0.11648597707555836
}