{
  "method": "shap",
  "values": [
    -0.1204978131711783,
    -0.15839465232284256,
    -0.1986692050177723,
    0.013754833942161834,
    -0.07628814350645041,
    -0.11665858466889578
  ],
  "class_values": [
    [
      0.12049781317117819,
      0.1583946523228426,
      0.1986692050177724,
      -0.013754833942161862,
      0.0762881435064503,
      0.11665858466889578
    ],
    [
      -0.1204978131711783,
      -0.15839465232284256,
      -0.1986692050177723,
      0.013754833942161834,
      -0.07628814350645041,
      -0.11665858466889578
    ]
  ],
  "ranking_values": [
    0.1204978131711783,
    0.1583946523228426,
    0.1986692050177724,
    0.013754833942161862,
    0.07628814350645041,
    0.11665858466889578
  ],
  "base_value": 0.7360799208534508,
  "max_abs_value": 0.1986692050177723
}