{
  "method": "shap",
  "values": [
    -0.0338398558384475,
    0.029789652487797434,
    0.08012599860205884,
    0.00048617193056032935,
    0.046598893583606936,
    0.13985405063714135
  ],
  "class_values": [
    [
      0.03383985583844749,
      -0.029789652487797486,
      -0.08012599860205871,
      -0.0004861719305603505,
      -0.04659889358360686,
      -0.13985405063714146
    ],
    [
      -0.0338398558384475,
      0.029789652487797434,
      0.08012599860205884,
      0.00048617193056032935,
      0.046598893583606936,
      0.13985405063714135
    ]
  ],
  "ranking_values": [
    0.0338398558384475,
    0.029789652487797486,
    0.08012599860205884,
    0.0004861719305603505,
    0.046598893583606936,
    0.13985405063714146
  ],
  "base_value": 0.7360799208534508,
  "max_abs_value": 0.13985405063714135
}