{
  "method": "shap",
  "values": [
    -0.19397117034928973,
    -0.15401502691769892,
    0.01949411670220482,
    -0.017414070077252184,
    -0.26852708137701986,
    -0.12164668881228002
  ],
  "class_values": [
    [
      0.19397117034928987,
      0.15401502691769894,
      -0.019494116702204724,
      0.017414070077252305,
      0.2685270813770199,
      0.12164668881227969
    ],
    [
      -0.19397117034928973,
      -0.15401502691769892,
      0.01949411670220482,
      -0.017414070077252184,
      -0.26852708137701986,
      -0.12164668881228002
    ]
  ],
  "ranking_values": [
    0.19397117034928987,
    0.15401502691769894,
    0.01949411670220482,
    0.017414070077252305,
    0.2685270813770199,
    0.12164668881228002
  ],
  "base_value": 0.7360799208534508,
  "max_abs_value": 0.26852708137701986
}