{
  "method": "shap",
  "values": [
    -0.13737131454022874,
    -0.08672222863584533,
    -0.08886439728580511,
    -0.04650027619781948,
    -0.13287080575839835,
    -0.24293109654617406
  ],
  "class_values": [
    [
      0.13737131454022886,
      0.08672222863584529,
      0.0888643972858051,
      0.04650027619781947,
      0.13287080575839824,
      0.24293109654617417
    ],
    [
      -0.13737131454022874,
      -0.08672222863584533,
      -0.08886439728580511,
      -0.04650027619781948,
      -0.13287080575839835,
      -0.24293109654617406
    ]
  ],
  "ranking_values": [
    0.13737131454022886,
    0.08672222863584533,
    0.08886439728580511,
    0.04650027619781948,
    0.13287080575839835,
    0.24293109654617417
  ],
  "base_value": 0.7360799208534508,
  "max_abs_value": 0.24293109654617406
}