{
  "method": "shap",
  "values": [
    0.09828471108842711,
    0.16410836504300563,
    0.02383294667972414,
    0.03223453124265714,
    -0.0037990899019587627,
    -0.0480716844472453
  ],
  "class_values": [
    [
      -0.09828471108842703,
      -0.1641083650430057,
      -0.02383294667972423,
      -0.03223453124265715,
      0.0037990899019587124,
      0.04807168444724541
    ],
    [
      0.09828471108842711,
      0.16410836504300563,
      0.02383294667972414,
      0.03223453124265714,
      -0.0037990899019587627,
      -0.0480716844472453
    ]
  ],
  "ranking_values": [
    0.09828471108842711,
    0.1641083650430057,
    0.02383294667972423,
    0.03223453124265715,
    0.0037990899019587627,
    0.04807168444724541
  ],
  "base_value": 0.7333630126321681,
  "max_abs_value": 0.16410836504300563
}