{
  "method": "shap",
  "values": [
    0.15545138361995664,
    -0.0839605955889141,
    -0.052280207916449536,
    -0.013553835383870064,
    0.12205259967926312,
    0.1372981926216328
  ],
  "class_values": [
    [
      -0.15545138361995664,
      0.083960595588914,
      0.0522802079164496,
      0.013553835383870052,
      -0.12205259967926314,
      -0.1372981926216327
    ],
    [
      0.15545138361995664,
      -0.0839605955889141,
      -0.052280207916449536,
      -0.013553835383870064,
      0.12205259967926312,
      0.1372981926216328
    ]
  ],
  "ranking_values": [
    0.15545138361995664,
    0.0839605955889141,
    0.0522802079164496,
    0.013553835383870064,
    0.12205259967926314,
    0.1372981926216328
  ],
  "base_value": 0.7333630126321681,
  "max_abs_value": 0.15545138361995664
}