{
  "method": "shap",
  "values": [
    -0.1302580937323401,
    -0.3398571231130246,
    -0.025549250354275844,
    -0.032615876285296753,
    -0.06059159527773297,
    -0.09480254034398561
  ],
  "class_values": [
    [
      0.1302580937323401,
      0.3398571231130246,
      0.02554925035427592,
      0.032615876285296636,
      0.06059159527773281,
      0.09480254034398572
    ],
    [
      -0.1302580937323401,
      -0.3398571231130246,
      -0.025549250354275844,
      -0.032615876285296753,
      -0.06059159527773297,
      -0.09480254034398561
    ]
  ],
  "ranking_values": [
    0.1302580937323401,
    0.3398571231130246,
    0.02554925035427592,
    0.032615876285296753,
    0.06059159527773297,
    0.09480254034398572
  ],
  "base_value": 0.7333630126321681,
  "max_abs_value": 0.3398571231130246
}