{
  "method": "shap",
  "values": [
    0.12805750253243717,
    0.011712745017099076,
    -0.036208105011209336,
    0.10249744436806583,
    0.02570572836315741,
    0.03487113870255962
  ],
  "class_values": [
    [
      -0.12805750253243722,
      -0.011712745017099103,
      0.03620810501120924,
      -0.10249744436806581,
      -0.025705728363157355,
      -0.03487113870255956
    ],
    [
      0.12805750253243717,
      0.011712745017099076,
      -0.036208105011209336,
      0.10249744436806583,
      0.02570572836315741,
      0.03487113870255962
    ]
  ],
  "ranking_values": [
    0.12805750253243722,
    0.011712745017099103,
    0.036208105011209336,
    0.10249744436806583,
    0.02570572836315741,
    0.03487113870255962
  ],
  "base_value": 0.7333630126321681,
  "max_abs_value": 0.12805750253243717
}