{
  "method": "shap",
  "values": [
    -0.5535779130794272,
    0.023261848826485722,
    0.01458007517794322,
    -0.06522975933418444,
    -0.13615827603080918,
    -0.018952774526621807
  ],
  "class_values": [
    [
      0.5535779130794272,
      -0.0232618488264857,
      -0.014580075177943198,
      0.06522975933418436,
      0.13615827603080907,
      0.01895277452662192
    ],
    [
      -0.5535779130794272,
      0.023261848826485722,
      0.01458007517794322,
      -0.06522975933418444,
      -0.13615827603080918,
      -0.018952774526621807
    ]
  ],
  "ranking_values": [
    0.5535779130794272,
    0.023261848826485722,
    0.01458007517794322,
    0.06522975933418444,
    0.13615827603080918,
    0.01895277452662192
  ],
  "base_value": 0.7360799208534508,
  "max_abs_value": 0.5535779130794272
}