{
  "method": "shap",
  "values": [
    0.07347357355796286,
    0.17301452274781684,
    0.004835122619116888,
    0.04299060102383076,
    0.004659638476560107,
    -0.03311979348098043
  ],
  "class_values": [
    [
      -0.07347357355796295,
      -0.17301452274781676,
      -0.004835122619116766,
      -0.04299060102383078,
      -0.00465963847656016,
      0.033119793480980486
    ],
    [
      0.07347357355796286,
      0.17301452274781684,
      0.004835122619116888,
      0.04299060102383076,
      0.004659638476560107,
      -0.03311979348098043
    ]
  ],
  "ranking_values": [
    0.07347357355796295,
    0.17301452274781684,
    0.004835122619116888,
    0.04299060102383078,
    0.00465963847656016,
    0.033119793480980486
  ],
  "base_value": 0.7333630126321681,
  "max_abs_value": 0.17301452274781684
}