{
  "method": "shap",
  "values": [
    0.02733066510313289,
    0.17305817958449965,
    0.10295342240293866,
    -0.04246593232103508,
    0.002633600784167094,
    -0.06523424868601274
  ],
  "class_values": [
    [
      -0.027330665103132836,
      -0.17305817958449962,
      -0.1029534224029385,
      0.04246593232103496,
      -0.002633600784167173,
      0.06523424868601274
    ],
    [
      0.02733066510313289,
      0.17305817958449965,
      0.10295342240293866,
      -0.04246593232103508,
      0.002633600784167094,
      -0.06523424868601274
    ]
  ],
  "ranking_values": [
    0.02733066510313289,
    0.17305817958449965,
    0.10295342240293866,
    0.04246593232103508,
    0.002633600784167173,
    0.06523424868601274
  ],
  "base_value": 0.7360799208534508,
  "max_abs_value": 0.17305817958449965
}