{
  "method": "shap",
  "values": [
    -0.19681019049139564,
    -0.013659463723625198,
    -0.21920829604017705,
    -0.048571690787371405,
    -0.058434186141256644,
    -0.19203869904720883
  ],
  "class_values": [
    [
      0.1968101904913957,
      0.013659463723625198,
      0.21920829604017716,
      0.048571690787371294,
      0.05843418614125653,
      0.19203869904720883
    ],
    [
      -0.19681019049139564,
      -0.013659463723625198,
      -0.21920829604017705,
      -0.048571690787371405,
      -0.058434186141256644,
      -0.19203869904720883
    ]
  ],
  "ranking_values": [
    0.1968101904913957,
    0.013659463723625198,
    0.21920829604017716,
    0.048571690787371405,
    0.058434186141256644,
    0.19203869904720883
  ],
  "base_value": 0.7333630126321681,
  "max_abs_value": 0.21920829604017705
}