{
  "method": "shap",
  "values": [
    0.16106515372584676,
    0.04729690408080391,
    -0.0050730402486543,
    0.10580431974600232,
    -0.005318642401414501,
    -0.03713775428632754
  ],
  "class_values": [
    [
      -0.16106515372584682,
      -0.047296904080803885,
      0.0050730402486543836,
      -0.10580431974600232,
      0.005318642401414501,
      0.03713775428632754
    ],
    [
      0.16106515372584676,
      0.04729690408080391,
      -0.0050730402486543,
      0.10580431974600232,
      -0.005318642401414501,
      -0.03713775428632754
    ]
  ],
  "ranking_values": [
    0.16106515372584682,
    0.04729690408080391,
    0.0050730402486543836,
    0.10580431974600232,
    0.005318642401414501,
    0.03713775428632754
  ],
  "base_value": 0.7333630126321681,
  "max_abs_value": 0.16106515372584676
}