{
  "method": "shap",
  "values": [
    0.09414971161665736,
    0.06497256624259909,
    0.08819365599447593,
    0.025503048709808636,
    -0.012463398335787601,
    -0.0008927889101738029
  ],
  "class_values": [
    [
      -0.09414971161665736,
      -0.06497256624259909,
      -0.0881936559944761,
      -0.025503048709808525,
      0.01246339833578763,
      0.0008927889101737474
    ],
    [
      0.09414971161665736,
      0.06497256624259909,
      0.08819365599447593,
      0.025503048709808636,
      -0.012463398335787601,
      -0.0008927889101738029
    ]
  ],
  "ranking_values": [
    0.09414971161665736,
    0.06497256624259909,
    0.0881936559944761,
    0.025503048709808636,
    0.01246339833578763,
    0.0008927889101738029
  ],
  "base_value": 0.7405368775632675,
  "max_abs_value": 0.09414971161665736
}