{
  "method": "shap",
  "values": [
    -0.22548563985700643,
    0.00669005785995556,
    -0.06959405880178492,
    -0.007912228584682048,
    -0.07537233897402587,
    -0.3614229987177964
  ],
  "class_values": [
    [
      0.22548563985700631,
      -0.006690057859955605,
      0.06959405880178504,
      0.007912228584682142,
      0.07537233897402582,
      0.3614229987177964
    ],
    [
      -0.22548563985700643,
      0.00669005785995556,
      -0.06959405880178492,
      -0.007912228584682048,
      -0.07537233897402587,
      -0.3614229987177964
    ]
  ],
  "ranking_values": [
    0.22548563985700643,
    0.006690057859955605,
    0.06959405880178504,
    0.007912228584682142,
    0.07537233897402587,
    0.3614229987177964
  ],
  "base_value": 0.7360799208534508,
  "max_abs_value": 0.3614229987177964
}