{
  "method": "shap",
  "values": [
    0.006682289750241162,
    -0.013803881349719837,
    -0.03649311614292276,
    -0.02951929692971178,
    0.03128569389443627,
    -0.032964437263003
  ],
  "class_values": [
    [
      -0.006682289750241197,
      0.013803881349719976,
      0.03649311614292274,
      0.029519296929711683,
      -0.03128569389443626,
      0.032964437263003
    ],
    [
      0.006682289750241162,
      -0.013803881349719837,
      -0.03649311614292276,
      -0.02951929692971178,
      0.03128569389443627,
      -0.032964437263003
    ]
  ],
  "ranking_values": [
    0.006682289750241197,
    0.013803881349719976,
    0.03649311614292276,
    0.02951929692971178,
    0.03128569389443627,
    0.032964437263003
  ],
  "base_value": 0.7360799208534508,
  "max_abs_value": 0.03649311614292276
}