{
  "method": "shap",
  "values": [
    0.0181807592783361,
    0.034428129232362874,
    -0.037201224867935645,
    0.014978523211256629,
    0.12931268724091236,
    0.09695339991491814
  ],
  "class_values": [
    [
      -0.018180759278336164,
      -0.03442812923236288,
      0.037201224867935645,
      -0.014978523211256539,
      -0.12931268724091233,
      -0.09695339991491819
    ],
    [
      0.0181807592783361,
      0.034428129232362874,
      -0.037201224867935645,
      0.014978523211256629,
      0.12931268724091236,
      0.09695339991491814
    ]
  ],
  "ranking_values": [
    0.018180759278336164,
    0.03442812923236288,
    0.037201224867935645,
    0.014978523211256629,
    0.12931268724091236,
    0.09695339991491819
  ],
  "base_value": 0.7360799208534508,
  "max_abs_value": 0.12931268724091236
}