{
  "method": "shap",
  "values": [
    0.0285857645728781,
    -0.026432082680410036,
    0.08117557930563762,
    0.023169782040585316,
    0.12972063674194345,
    0.029019584526566028
  ],
  "class_values": [
    [
      -0.02858576457287803,
      0.02643208268040994,
      -0.08117557930563754,
      -0.023169782040585427,
      -0.12972063674194342,
      -0.029019584526566
    ],
    [
      0.0285857645728781,
      -0.026432082680410036,
      0.08117557930563762,
      0.023169782040585316,
      0.12972063674194345,
      0.029019584526566028
    ]
  ],
  "ranking_values": [
    0.0285857645728781,
    0.026432082680410036,
    0.08117557930563762,
    0.023169782040585427,
    0.12972063674194345,
    0.029019584526566028
  ],
  "base_value": 0.7333630126321681,
  "max_abs_value": 0.12972063674194345
}